igrovye_avtomaty_probki,channel,Игровые автоматы онлайн пробки,115,Игровые автоматы онлайн пробки – захватывающие слоты с уникальным сюжетом и высокими шансами на выигрыш. Играйте бесплатно или на деньги в лучших казино прямо сейчас!
avtomaktabturon,channel,Turon Avto Maktab,1139,• A B BC BE C E D toifalarga oʻqitish • Express kurslar • Nazariy va amaliy imtihonlar 55 2553737  552523737   911653737  940136363 https://t.me/Turonavtomaktab2
igrovye_avtomaty_fonbet,channel,Игровые автоматы фонбет,83,"Игровые автоматы Фонбет – большой выбор слотов с яркой графикой и щедрыми бонусами. Играйте онлайн бесплатно или на деньги, наслаждайтесь честной игрой и быстрыми выплатами на официальном сайте."
chugunda,channel,ЧУГУНДА,97217,вопросы и предложения по сотрудничеству - @richplohoyparen помощь по депу/выводу - https://t.me/PLOHOYPAREN_HELP НЕ ИГРАЙТЕ В КАЗИНО !!! ВЫ ПРОИГРАЕТЕ!!! Я ПРОИГРЫВАЮ КАЖДЫЙ ДЕНЬ  КАЗИНО ЭТО РАЗВЛЕЧЕНИЕ НЕ ЗАХОДИ ЕСЛИ ТЕБЕ НЕТ 18 ЛЕТ
fleurdestaff,channel,✧ ‹‹ 𝒻𝗅𝖾𝗎𝗋 𝒅𝒆 𝒮𝓉áff ༉. 𖦹︎ ⁺,119,
enthusiaasttt,channel,энтузиаст!,70,
signal_chanel_kryptos,channel,Crypto Signals,169,"Сигналы для заработка на Форекс, крипто, Акции! Обучаю торговым стратегиям и выводу в профит после 1-у недели обучения!  Связь лично - @trade_investments"
tunecorepay,group,Чат по выводу средств TuneCore/ONErpm,25,
results_ayame,channel,ρᥱᤋу᧘ьᴛᥲᴛы | флёр,9,результаты интерактивов основа: @fleurrwrite
official_casino_jet,channel,Jet casino,3,"Добро пожаловать в телеграм-канал Jet casino. Здесь вы найдете последние новости о бонусах и акциях, свежие предложения фриспинов, а также полезную информацию по играм и выводу средств. Свяжитесь с нами: support@jetcasino.com."
itogi_sir1,channel,итоги от сири🦇,1,
best_mobile_2025,channel,лучшее мобильное казино 2025,1,"Лучшее мобильное каизнo 2025 — обзоры топ-слотов, честные рейтинги, бонусы и акции, гайды по играм и выводу, свежие новости индустрии. Подписывайтесь!"
cashout_winnings_ru,channel,выигрыш в казино как вывести,1,"Советы и стратегии по выигрышам в каизнo и выводу средств. Узнайте, как увеличить шансы и безопасно получить выигрыш. Создавайте свой путь к успеху!"
card_withdraw_money,channel,вывод на карту игра на деньги,1,"Обзоры игр на деньги и онлайн-каизнo. Подробные инструкции по выводу на карту, рейтинги площадок, бонусы и честные отзывы. Актуально и без воды."
bonus_casy_chat,group,💬Чат,904,"Чат сообщества Бездепозитные бонусы, промокоды, деньги на баланс, фриспины- всё здесь!!!  @bonus_casy Зеркала: @NewLinkh_bot"
statsnomapuestas,channel,ESTADÍSTICAS NOMAPUESTAS,174,📊 Estadísticas del Grupo VIP        de Nomapuestas 🎾 Tenis.  🗂 Stats en Blogabet también: https://nomapuestas.blogabet.com/  👉Realizadas con Stake 1 = 100€ para          fácil seguimiento.  ✅ 70/79 meses en positivo.
randnft_bets,channel,Random NFT Bets,172,🎲 Сделать ставку: t.me/randnft_bot/app  Чат: @randnft_chat Поддержка:  @randnft_support_bot Админ: @randnft_admin
lifebetvilli,channel,LifeBetViLLi,487,Канал по ставкам и беттингу в целом. Прогнозы только по азиатской линии и только футбол.  https://legalbet.ru/expert/villi/
realestatefromnovikov,channel,Недвижимость от Никиты Новикова,398,"Автор - Новиков Никита, риелтор федерального уровня, недвижимость в 23 регионах. ‼️На канале делаю обзоры выгодных для покупки ЖК. ‼️Самые интересные программы банков, своды по условиям и ставкам. ‼️Сделки под ключ. ✔️Связь @EstateNNNovikov"
khn_league_officiall,channel,КХН | «Континентальный Хоккейный Набор»,374,Официальный канал KХН - «Континентальный Хоккейный Набор».  Сайт КХН: https://copafacil.com/-8qesj          Владелец - @Dev_Edward_Officiall и @Krutoiiplm  Партнёр по атрибутики: https://t.me/fiksclub  Партнёр по ставкам: https://t.me/fiksbetBukmeyker
avtomaty_igrovye_dengy,channel,Автоматы игровые на деньги онлайн,62,"Игровые автоматы на деньги онлайн — лучший способ выиграть реальные деньги. Удобный доступ, разнообразие тем и бонусы ждут вас. Начните играть в надежных казино уже сегодня!"
igrovye_avtomaty_za_dengi,channel,Игровые автоматы за реальные деньги,60,"Игровые автоматы за реальные деньги — самые популярные слоты с высокими выплатами и бонусами. Играйте онлайн безопасно, выигрывайте реальные деньги быстро и удобно прямо с любого устройства!"
igrovie_avtomati_igrat,channel,Игровые автоматы | Онлайн игры на деньги,128,Официальные сайты игровых автоматов на деньги. Лучшие онлайн слоты с хорошей отдачи. Топ 10 новых игровых автоматов этого года. Попробуйте игровые автоматы онлайн бесплатно.
top_rus_casino,channel,Рейтинг лучших казино 2025. Рейтинг 15 надежных казино для игры на деньги. Лучшие сайты онлайн-казино в России,116,"Ищете лучшие онлайн казино 2025 года? Представляем ТОП-15 надежных и честных платформ для игроков из РФ. Наш рейтинг включает мобильные казино с быстрыми выводами, минимальными ставками, щедрыми бонусами, фриспинами, популярными и новыми слотами!"
samye_luchshie_avtomaty,channel,Самые лучшие игровые автоматы,58,"Самые лучшие игровые автоматы собраны в нашем обзоре – топовые слоты с высокой отдачей, уникальными бонусами и захватывающим геймплеем. Идеально для азартных игроков и новичков онлайн-казино!"
shaker_life,channel,SHAKER | Вендинговые автоматы,663,"Производим автоматы для автоматизированной торговли: снековые, протеиновые и молочные 🙌🏻  🖇️По всем вопросам: @shakermanager 🖇️VK: https://vk.com/shakertech 🖇️YT: https://youtube.com/@shakertech 🖇️Сайт: https://shaker.su/"
luchshie_onlain_kazinos,channel,Лучшие онлайн казино с хорошей отдачей,81,"Откройте для себя лучшие онлайн казино с высокой отдачей! Мы собрали рейтинги и отзывы о надежных платформах, предлагающих щедрые бонусы и отличные шансы на выигрыш. Играйте безопасно и выигрывайте прямо сейчас!"
igrovye_avtomaty_nazvanija,channel,Игровые автоматы названия,50,"Обзор популярных игровых автоматов: названия, особенности и бонусы. Узнайте, какие слоты привлекают игроков и как выбрать лучший азартный автомат для выигрыша и увлекательной игры онлайн."
ofitsialnye_igrovye_apparaty,channel,Официальные игровые аппараты,62,Официальные игровые аппараты с гарантией честной игры и высоким уровнем безопасности. Выбирайте проверенные слоты для надежного и увлекательного игрового опыта онлайн.
top10casino_russ,channel,Рейтинг лучших онлайн казино 2025 🎲 Топ 10 лицензионных онлайн казино для игры на деньги🍀,104,"Рейтинг лучших онлайн казино 2025. Играйте онлайн на официальных сайтах, список Топ 10 онлайн казино для игры на реальные деньги. Бонусы, кэшбэк, быстрые выводы и выплаты. Депозиты и выводы на карты РФ и СНГ. Слоты и автоматы с честной отдачей"
rating_online_casinos,channel,Рейтинг онлайн казино с лицензией в России,81,"Узнайте о лучших онлайн казино с лицензией в России! Наш рейтинг поможет выбрать надежные платформы для игры, обеспечивая безопасность и честность. Играйте ответственно и наслаждайтесь азартом с проверенными операторами."
otzyvy7k,group,7К ОТЗЫВЫ,118,"Обзор онлайн клуба 7К — узнай отзывы реальных посетителей сайта, получай бонус-коды на ништяки, а также следи за раздачей промокодов"
onlayn_kazino_vyplaty,channel,Онлайн казино с быстрыми выплатами,82,Добро пожаловать в онлайн казино с быстрыми выплатами! У нас вы найдете широкий выбор игр и щедрые бонусы. Мы гарантируем моментальные выводы средств и надежную защиту ваших данных. Начните играть и выигрывать уже сегодня!
proverennye_onlain_kazino,channel,Проверенные онлайн казино в России,79,"Ищете надежные онлайн казино в России? Наш список проверенных казино гарантирует честную игру, высокие выплаты и качественное обслуживание. Узнайте о лучших игровых заведениях, которые предлагают безопасные условия и большой выбор развлечений!"
igrovie_avtomati_na_dengi,channel,Игровые автоматы онлайн на деньги. ТОП онлайн казино 2025. Лучшие казино в России,259,🏆 Игровые автоматы онлайн на деньги в 2025 году - наш рейтинг топ-10 лучших сайтов: от выбора слота до вывода выигрыша. где реально можно выиграть и вывести деньги игровые автоматы играть на деньги с выводом на карту Игры в разделе «casino» доступны всем
casino_top_reyting,channel,Рейтинг самых лучших казино 2025. ТОП-10 надежных казино для игры на деньги. Лучшие сайты онлайн-казино в России,24,"ейтинг лучших онлайн казино 2025. Играйте в лучшие казино, ТОП-10 список: честные и надежные, на реальные деньги, быстрые выплаты и выводы, минимальные ставки, лицензия и проверенные, мобильные, популярные и новые, бонусы и фриспины, слоты и автоматы, РФ"
igra_probki_igrovye,channel,Игра пробки игровые автоматы,82,Игра Пробки – популярные игровые автоматы с яркой графикой и увлекательным геймплеем. Испытай удачу и выиграй крупные призы в лучших слотах «Пробки» онлайн бесплатно!
igrovye_avtomaty_bez_registracii,channel,Игровые автоматы без регистрации,3,Игровые автоматы без регистрации  и смс демо и на деньги. Огромный выбор слотов от разных разработчиков. Регулярные бонусы и акции для новичков и игроков со стажем. Бонусы с простыми условиями отыгрыша.
bezplatnye_avtomaty,channel,игровые автоматы без регистрации,,Любишь играть в игровые автоматы? Залетай на официальный сайт онлайн казино Покердом и играй в любые автоматы бесплатно. Промокод PDLINK
bdftrytuyi,group,Азартные игры,81,Игровые автоматы
spisok_luchshih_kazino,channel,Казино рейтинг 2025. ТОП-3 популярных казино с выводом 👍 ТОП честных сайтов онлайн-казино в России 🇷🇺,4,"Новые казино. Рейтинг лучших надежных слотов! Только свежие обзоры, честные выплаты, щедрые бонусы и фриспины! Хотите играть в новых онлайн-казино с лицензией на мобильном? Узнайте ТОП-5 сайтов, где можно выиграть с минимальными ставками! Игровые автоматы"
casinomogulmastermindelite,channel,игровые автоматы москва,,🎰 Игровые автоматы в Москве: Лучший выбор только в Покердом! 🌆  🔥Промокод - PDLINK🔥
igrovye_avtomaty_na_realny_dengi,channel,Игровые автоматы на реальные деньги в 2024 — играть онлайн в слоты и аппараты в казино,18,Рейтинг из самых лучших слотов по мнению игроков в онлайн-казино. ТОП-10 игровых автоматов с игрой на реальные деньги и выводом в 2024 году.
nipponweird,channel,Это что за гачапон,63,Странные и не очень странные японские капсульные автоматы с игрушками
kreizi_manki_skachat,channel,Крейзи манки игровые автоматы скачать,55,"Скачайте игровые автоматы Крейзи Манки и окунитесь в мир азарта и выигрышных комбинаций! Удобная загрузка, яркая графика и захватывающий геймплей ждут вас уже сегодня!"
igrovye_avtomaty_besplatnie,channel,Игровые автоматы бесплатные,6,"Игровые автоматы бесплатные без регестрации и смс. Демо версии популярных слотов бзе обязательств. Бонусы, промокоды и кредиты для игры в игровые аппараты бесплатно и на реальные деньги."
igrovie_avtomati_onlayn,channel,Играть игровые автоматы на деньги - Топ 20 казино онлайн,41,"Играть игровые автоматы на деньги онлайн — это захватывающее развлечение, которое предлагает множество возможностей для выигрыша. Виртуальные казино предлагают широкий выбор тематических слотов с различными бонусами и высокими ставками."
slotsorcererextraordinaireace,channel,скачать игровые автоматы миллионер бесплатно,22,"🚀 Скачайте игровые автоматы ""Миллионер"" бесплатно и станьте миллионером сегодня! 💰💎  🔥Промокод - PDLINK🔥"
slots_online_ru,channel,игровые автоматы онлайн,1,"💰 Добро пожаловать в мир игровых автоматов! 🎰 Узнайте о лучших новинках, стратегиях и акциях. Играйте с удовольствием и выигрывайте с нами! 🚀"
cardsharkvirtuosoxv,channel,скачать игровые автоматы бесплатно,,🎮 Скачайте Игровые Автоматы Бесплатно и Ощутите Азарт с Покердом! 🌟  🔥Промокод - PDLINK🔥
avtomato_slots_bot,bot,Avtomato - поиск слотов,,Avtomato - автоматизация бизнеса селлеров. С нами бизнес работает на автомате🤖 Поддержка - @alinor94
igovie_avomaty_igrovie_apparaty,channel,Игровые Автоматы - Игровые Аппараты.,1,Игровые Автоматы - Игровые Аппараты.Играйте В Казино И Слоты Онлайн.Казино Онлайн.Слоты Онлайн
igrovye_avtomaty_777_vyvod1,channel,777 игровые автоматы с выводом средств,,"Игровые автоматы 777 с выводом средств — надежный выбор для азартных игроков. Оригинальные слоты, быстрые выплаты и удобный интерфейс обеспечат выгодную и безопасную игру онлайн. Попробуйте прямо сейчас!"
aslivip88bot,bot,Aslivip88bot,,
cardsharkvirtuosoguruv,channel,игровые автоматы адмирал играть бесплатно,,"🎰 Игровые автоматы ""Адмирал"": играйте бесплатно в лучшие слоты!  🔥Промокод - PDLINK🔥"
rouletteroyaltymastermind,channel,игровые автоматы без регистрации бесплатно,,🎰 Игровые автоматы без регистрации – бесплатное азартное веселье на Покердом! 🆓  🔥Промокод - PDLINK🔥
royallbets,group,SLOT MACHINE,4,Громкие выигрыши ждут — где же ты? ___ ▪️Gaming ▪️Casino ▪️Подарки ▪️Slots ▪️NFT ___ ™︎ Участвуй и побеждай @stavka_million
top_igrovye_avtomaty,channel,Лучшие игровые автоматы онлайн на деньги — слоты с хорошей отдачей,19,🔥Топ лучших игровых автоматов на деньги 🔒 Самые популярные и честные слоты с высоким процентом отдачи 💳 Игровые автоматы с реальным выводом средств и большими ставками 💰Попробуй лучшие игровые автоматы  ✅ https://top-links.pro/top_igrovye_avtomaty ✅
igrovye_avtomaty_million,channel,Игровые автоматы миллион,1,"Игровые автоматы Миллион – лучший выбор для любителей азартных игр. Захватывающий геймплей, высокие выигрыши и бонусы ждут вас в нашем онлайн-казино. Начните играть и выиграйте миллион сегодня!"
igrovyeavtomaty_demo,channel,игровые автоматы демо,,Любишь пробовать различные игровые автоматы? Есть бесплатный демо режим игровых автоматов на официальном сайте Покердом. Промокод PDLINK
igrovyie_avtomatyi_igrat,channel,Игровые автоматы играть,2,Рейтинг казино в которых в игровые автоматы играть на деньги или бесплатно сможет каждый. Разнообразные бонусы для новичков и бывалых игроков сделают игру стократ интереснее!
igrovyie_apparatyi_igrat_besplat,channel,Игровые аппараты играть бесплатно,2,В игровые аппараты играть бесплатно в онлайн казино с возможностью перейти на игру на реальные деньги. Щедрые бонусы и разнообразные акции от лучших брендов азартной индустрии.
casinocashmogulempirev,channel,игровые автоматы онлайн бесплатно без регистрации слотозал,2,🎰 Игровые автоматы онлайн бесплатно без регистрации – только в Слотозал! 🚀  🔥Промокод - PDLINK🔥
igrovyie_avtomatyi_igrat_besplat,channel,Игровые автоматы играть бесплатно,2,"Игровые автоматы играть бесплатно от лучших разработчиков: большой выбор, интересные сюжеты, бонусы и кредиты."
igrovyie_avtomatyi_demo,channel,Игровые автоматы демо,2,Игровые автоматы демо доступны в топовых казино. Часто там дают бонусы или кредиты для игры в демонстрационную версию.
megaslot_kazino_promokod,channel,Мегаслот казино промокод,1,"Используйте промокод Мегаслот казино для бонусов! Получите бесплатные вращения, кешбек и эксклюзивные акции. Выигрывайте больше с лучшими предложениями Мегаслот прямо сейчас!"
igrovyie_avtomatyi_demo_besplatn,channel,Игровые автоматы демо играть бесплатно,2,В игровые автоматы демо играть бесплатно без регистрации и смс с бонусами может каждый! Все лучшие онлайн казино предоставляют подобную возможность своим игрокам!
reyting_casino_online,channel,Рейтинг самых лучших казино 2025. ТОП-10 надежных казино для игры на деньги. Лучшие сайты онлайн-казино в России,2,"Рейтинг лучших онлайн казино 2025. Играйте в лучшие казино, ТОП-10 список: честные и надежные, на реальные деньги, быстрые выплаты и выводы, минимальные ставки, лицензия и проверенные, мобильные, популярные и новые, бонусы и фриспины, слоты и автоматы, РФ"
tik88uytin_bot,bot,Tik88 - Nhận Code Tự Động 24/7,,
igrovye_avtomaty_demo_igra,channel,Игровые автоматы демо играть бесплатно,1,Игровые автоматы демо играть бесплатно без регестрации и смс. Лучшие казино с большим разнообразием бесплатных слотов. Удобные и привлекательные демо-версии лучших игровых аппаратов.
besplatnye_igrovyeavtomaty,channel,игровые автоматы бесплатно,12,Играй в лучшие игровые бесплатно уже сегодня. Заходи на сайт Покердом и играй вместе со всеми. Промокод PDLINK
sajty_avtomatov_registr,channel,Сайты игровых автоматов где выдают деньги при регистрации,1,"Лучшие сайты игровых автоматов с реальными выплатами при регистрации. Узнайте, где получить бонусы и вывести деньги быстро и безопасно. Проверенные казино с мгновенными выплатами доступны уже сегодня!"
igrovye_avtomatyvylkan,channel,бесплатные игровые автоматы вулкан,7,Лучшие игровые автоматы вулкан. Играй вместе со всеми бесплатно на сайте казино Покердом. Промокод PDLINK
skachat_igrovieavtomaty,channel,скачать игровые автоматы,,Скачивай игровые автоматы прямо на пк с официального сайта. Играй со всеми с удобвством. Промокод PDLINK
win_igrovye_avtomaty,channel,1 win игровые автоматы на деньги онлайн,1,"1 Win игровые автоматы на деньги онлайн – широкий выбор слотов с выгодными бонусами и быстрыми выплатами. Наслаждайтесь честной игрой и выигрышами в любое время, удобно и безопасно."
roulettericochetprox,channel,игровые автоматы играть бесплатно без регистрации прямо сейчас,,"🎰 Игровые автоматы: Играйте бесплатно, без регистрации, прямо сейчас! 🌟  🔥Промокод - PDLINK🔥"
besplatnye_igrovyeavtomatyy,channel,скачать игровые автоматы миллионер,5,Заходи на официальный сайт казино Покердом. Играй в игровые автоматы совершенно бесплатно. Промокод PDLINK
igrovyie_avtomatyi_besplatno,channel,Игровые автоматы бесплатно,1,"Игровые автоматы бесплатно без денег демо от лучших производителей. Огромное разнообразие слотов, предоставление бонусов за игру на деньги."
slotsensationwhispererace,channel,игровые автоматы бесплатно с бонусами,5,🎰 Игровые автоматы бесплатно с бонусами: Покердом – ваш путь к безграничному азарту! 💰🌟   🔥Промокод - PDLINK🔥
wfamq,channel,White Famq,1248,Подать заявку в семью - https://discord.gg/whitefamq  По всем вопросам - @heavyhitter88
nealisashop,channel,𝑵𝒆𝑨𝒍𝒊𝒔𝒂 ࣪ ִֶָ☾. | украшения,343,─ ⋆⋅ наличие ⋅⋆ ─ посмотреть актуальное можно по хэштегу #наличие@nealisashop  ─ ⋆⋅ прайс ⋅⋆ ─ прайс на индивидуальные заказы в закрепе  ─ ⋆⋅ доставка ⋅⋆ ─ только РФ через Ozon (от 140₽)  по заказам и вопросам обращайтесь: @etonealisa 🤍
turiknavomir,channel,Турнир Navomir CS2,252,Здесь будет вся информация о проведение турниров и призовых от стримера.  Основной канал: @navomir1 Для сотрудничества: @navomirsupport
sportstyle21,channel,Спорт Стиль | Магазин хоккейной экипировки | Чебоксары,248,
oaoyvenom,channel,"ОАОУ ""Веном""",44,"ОбщеАутсайдовский Орган Узаконивания ""Веном"" — официальные аутсайд браки, расписки, баны, обещания, отчёты о выплатах призовых и тд  ЧТОБЫ ЗАКЛЮЧИТЬ БРАК ПИСАТЬ АДМИНАМ @taiofosof | @hhauuuaynn | @romamyaaa  АВТОР АВЫ @charawitchcraftyoo"
lega_mio,channel,[РЕСТ] кусты с клубниками🥢15+ 🔞,47,"владелец: @bog_kill админы:такеши,мелс,милоши,рей анон:t.me/anonaskbot?start=us_n1k9dt буст:https://t.me/boost/LEGA_MIO"
fakiewallie,channel,FAKIEWALLIE,748,@walliecorp для связи
agrospan,channel,⚫️MONSTA Quest⚫️,394,"Не выходи из комнаты, не совершай ошибку"
snapcallclubmoscow,channel,SNAP CALL CLUB,573,"Клуб мгновенных решений  Локация: Snap Call Club Проспект Андропова 48с2, Москва  ⚡️Администратор t.me/snapcalladmin  ⚡️Инст  https://www.instagram.com/snapcallclub?igsh=MWFrbHZyb2Q0bmxvZQ==  ⚡️ВК  https://vk.ru/club237755021"
v3l0ursg,channel,𝐕𝐄𝐋𝐎𝐔𝐑𝐒 𝐑𝐎𝐔𝐆𝐄,1122,пусть это место станет домом для вашего сердца и откроет вам путь к новым знакомствам.   владелец – @XZ1K7  бот для отзывов – @v3lrsrevws_bot отзывы – @revwssv3lrg
rakushkaartmarket,channel,РАКУШКА Арт-маркет СПБ,321,"Арт-маркет «Ракушка» откроет для вас свои створки, чтобы показать сокровища.  Купить билет- https://rakushkamarket.ru/tickets  26 Апреля Санкт-Петербург КЦ «Крупа» (проспект Обуховской Обороны, 105)"
alterarp,channel,ALTERA /InGame,129,"Minecraft RolePlay сервер  Открытие сезона - 19 июня  alterarp.ru - сайт проекта  Оставайся тут, чтобы следить за новостями и разработкой проекта"
betmodile,channel,BET MOBILE | Лучшая мобильная игра с бонусом,240,"BET MOBILE — твоя новая эра с бонусом и игровым процессом.  Зарабатывай и становись всё богаче, и покупай машины только какие захочешь"
saintgrieff,channel,SaintGrief - гриф нового времени,187,Владелец: @Logschanger ДСК: https://discord.gg/BfptK5arG
nerf24,channel,Нерф-центр Красноярск,64,Первая в городе нерф-арена
doiposlibax,channel,«ДО и ПОСЛЕ»,193,"Информационный канал, где вы найдёте ответы на свои вопросы. Разносторонний контент для развития: от технологий до психологии. Здесь каждый откроет что-то новое для личного роста. Стартуем — ваш источник полезных знаний уже здесь!"
processoempautacarlosfrederico,channel,Processo em Pauta - Carlos Frederico Bastos Pereira,918,"Canal para divulgação e compartilhamento de conteúdo relativo ao Direito Processual Civil, administrado pelo Prof. Carlos Frederico Bastos Pereira."
proffelipebernardes,channel,Felipe Bernardes - Processo do Trabalho,1372,Materiais e discussões sobre direito processual do trabalho
ilpct,channel,PCT processo civile telematico,465,Tutto sul processo telematico - Canale creato da Avv. Roberto Di Pietro @dipietro   Tutti i nostri canali♻️🆗  @dirittocivile @dirittopenale @dirittoamministrativo @leggiitaliane
mmcmedru,channel,ММЦ ППиПК,112,Учебный центр дополнительного профессионального образования!  Наш сайт: https://www.mmcmed.ru Группа ВК: https://vk.com/mmcmed  Аккредитация и сертификация медицинских работников.  Курсы повышения квалификации и профессиональной переподготовки!
saqafi_law,channel,ردپای وکالت,472,سلام! من متین ثقفی‌ام، کارآموز وکالت. اینجا دو ردپا رو رقم می‌زنیم: 📘 نقشه راه قبولی ⚖️ کارآموزی از نزدیک 📩 @matin_sr1
bankrotserv,channel,Банкрот-Сервис. Жизнь без долгов. /Антон Михайлов,423,«Банкрот-Сервис» с 2017 года законно избавляет граждан от долгов. Согласно ФЗ РФ 127 «О несостоятельности (банкротстве)».Узнайте подходит ли вам процедура банкротства в нашем боте? @bankrotservis_bot
indystriyakrasot,channel,ИНДУСТРИЯ КРАСОТЫ🫶,496,"❤Красота это - залог успеха❤ ❤Красота это - то, что создаëм именно МЫ❤  Добро пожаловать в наш салон красоты, где мы творим искусство!  Каждая стрижка, укладка и процедура — это уникальное произведение, созданное с любовью и вниманием к деталям."
sevensecretsofbeauty,channel,Семь секретов красоты,324,"Канал ""Семь секретов красоты"" посвящён теме Оздоровления организма с помощью Аппаратной Акупрессуры Подзатылочных Мышц, Мышц тела (авторская процедура снятия спазма атлантозатылочного сустава)  Акупрессуры Тела Аппаратной проработки  ВНЧС, Биоомоложению"
dokimorykam,channel,Морское|Агентство⚓️🛟,276,"Добро пожаловать👍🏼 в группу M-A™ 2006-2026 Группа для объединения морских  специалистов, в одном сообществе.  ВАКАНСИИ https://t.me/vakancym VK Site:  https://vk.link/doki_morykam Бот:  https://t.me/MVSM_bot/51999"
drigorreva,channel,Уролог Игорь Рева,3313,"Всем привет! ✋🏻 Этот канал о возможностях получения высокотехнологичной помощи по урологии в Москве, интересных случаях из практики и немножко о себе. 🤗  По вопросам записи на консультацию пишите @Reva_Igor"
prostayaeda_kmarket,channel,ПРОСТАЯ ЕДА | Сеть кулинармаркетов,4665,"Готовим из настоящих продуктов!   Доставка готовой еды по Йошкар-Оле 👉 https://prostayaeda.ru/  Более 50 кулинармаркетов в Йошкар-Оле, Чебоксарах и Казани.  У нас можно перекусить или взять с собой готовую еду: первые и вторые блюда и десерты."
urologporotikov,channel,Уролог Александр Поротиков,351,"Моча ударила в голову, и я стал урологом Береги 🍌смолоду А если что не так, то записывайся по этому поводу очно в МСК и онлайн 👇🏻  https://taplink.cc/urolog_porotikov  Админ — @urolog_porotikov"
mansquestion,channel,Мужской вопрос,198,"О мужском здоровье и не только :) всё, что вы хотели знать, но стеснялись спросить.   ВРЕМЕННО НЕ РАЗМЕЩАЕМ РЕКЛАМУ!"
ru_prodex,channel,Prodex_ru,183,"Товары для здоровья   Официальный сайт: https://prodex.ru/  ВК: https://vk.com/prodex_ru Дзен: https://dzen.ru/prodex MAX: https://max.ru/id730201450826_biz  Реклама: https://vk.cc/cVo647   📍 МСК, ул. Новая Басманная, 28с2  📍 СПб, аллея Поликарпова, 2"
doctor_cos_echikova,channel,"Доктор Света.дерматокосметолог- гинеколог, узи",272,"О женском здоровье, красоте и молодости🫶  🤏 про уют, кулинарию, жеский вайб!"
massajprostata,channel,Массаж простаты,177,Массаж простаты.  Описание процедур. Применять только только после консультации с врачом. Канал не пропагандирует ЛГБТ. Канал строго +18. Обратная связь через - @massajprostata_bot Канал ведут Mark & Ren  https://telegra.ph/OTKAZ-OT-OTVETSTVENNOSTI-08-31
mnejalkonoyanezver,channel,Простая герань,1201,
docloyko,channel,Доктор Лойко,594,Виктор Лойко  🔹Врач-уролог высшей категории 🔹Кандидат медицинских наук  🔹Стаж более 15 лет  🔹Делюсь секретами сохранения мужского здоровья  #урологсаратов  #мужскоездоровье #уролог #урологрф #узи #трузи #узипростаты #узипредстательнойжелезы
kubokvg,channel,интеллектуальные игры КубокВГ,884,
igroprom,channel,ИГРОПРОМ,4672,"ИГРОПРОМ объединяет тех, кто создает, и тех, кто играет.  Сайт: https://igroprom.ru/ Билеты на фестиваль ИГРОПРОМ: https://clck.ru/3U9fDd  Группа в VK фестиваля: https://vk.ru/igroprom Группа в VK онлайн-конкурса и КРИ: https://vk.ru/igroprom_kri"
igrovayadepo,channel,Игровая Три вокзала. Депо,239,"Детское игровое пространство в Депо ""Три вокзала"" Для записи или консультации по оформлению праздника пишите @igrovayadepochat"
igym_moscow,channel,International Gym,327,Сеть гимнастических клубов в Москве и Подмосковье Сайт - https://www.igym.moscow/ Запись - https://t.me/igymmoscow ВКонтакте - https://vk.cc/cCnuSZ YouTube - https://www.youtube.com/c/InternationalGym Instagram - https://www.instagram.com/igym_moscow
divsivanovo,channel,Дворец игровых видов спорта | Иваново,226,"Современный спортивный комплекс международного уровня, г. Иваново.        Футбол, волейбол, баскетбол, бокс, танцы, гимнастика. Детские и взрослые секции. Тренажерный зал. Спа-комплекс с финской сауной, хаммамом и купелью"
igrovorot,channel,Игроворот,220,Турнир среди игровых блогеров в различных игровых жанрах  По вопросам организации и участия пишите @dima_marison
igrovayaloft,channel,Лофт Радуга,437,"Варшавское шоссе 282, корп.2.  ЖК ""Никольские луга"" Наша площадь 133 кв Работаем по графику  По всем вопросам 8(933)203-06-43"
igrovasich,channel,Ігрова Січ,229,⚔️Ігрова Січ - ігрові новини для справжніх козаків!  Чат: t.me/igrovachat  Зворотній звʼязок : @Mene_zvuty_Kira_Yoshikage
taiga520,channel,Тайга,534,
taiguopuji,group,泰国普吉岛,1249,普吉府（泰语：จังหวัดภูเก็ต，皇家转写：Changwat Phuket，是泰国77个一级行政区之一，府治为与行政区同名的普吉市。该行政区全境以普吉岛再加上32个离岛为范围。普吉岛是泰国境内最大的岛屿，位于泰国南部安达曼海海域上，也是唯一一个拥有自己独立一级行政区划的岛屿。普吉是世界知名的热带观光胜地，其丰富的天然资源也替泰国带来不小的财富。 腾龙娱乐官网 www.tl7295.com 博源国际官网 boy982.cc 经纪人纸飞机✈️ @tlwq88
tihii_bereg_tsk,channel,Тихий Берег,72,Отдых на природе в центре Томска
katyzik13,channel,Принцесса из тайги,55,저는 가탸예요
turizmivsakoe,channel,РУССО ИНТУРИСТО 🌏🌍🌎,83,"Добро пожаловать в наш Telegram-канал о путешествиях! 🌏 Здесь вы найдёте множество полезных лайфхаков, фишек и советов от почти опытных путешественников. Мы расскажем вам, как сделать ваше путешествие максимально комфортным и интересным 🌴☀️"
themgvr,channel,THEMGVR,65,куда я жмал
thai_health1,channel,Thai Health 🇹🇭 สุขภาพไทย 🌞,31,"🛒 Добро пожаловать в ""Thai Health""   🛍 Вместо торговой площадки, наш канал предлагает эксклюзивный шанс приобрести прямо из Таиланда 🇹🇭 оздоровительный продукт, созданный с использованием исключительно натуральных и природных ингредиентов. 💞 ⬇️⬇️⬇️"
samedov_rus,channel,Контент без рецепта,25,Чертог мыслей и бреда
baoguang2345,channel,东南亚新闻最新消息,8,投稿澄清爆料： @hyq9988  本频道只负责发布曝光悬赏，群友们真假自行甄别，如有侵权请联系删除。  免责声明：内容来自网络投稿，本站不做任何审核、有争议请联系澄清或删除。  腾龙天翼综合娱乐网址： ty13355.com 注册邀请码 ：22988 app下载：  ty1001.cc
smdbkn,group,TG代理频道🎃聊天群,2866,✅高速代理频道   @smdbkf  ✅商务联系  fakacambot  ✅代理监控:   https://smdbkf.xyz  ✅付费代理小店  https://faka.cam
qingxshu,channel,倾诉主频道,1211,频道所有者 @qingshu_6
nvc_tbilisi,group,Ненасильственое общение в Тбилиси - занятия,91,Анонсы занятий по ННО в Тбилиси
waigua106,group,TG免费代理🟥游戏外挂☯️ACG❤️‍🔥萤火虫✳️影视资源,144,TG免费代理🟥游戏外挂☯️ACG❤️‍🔥萤火虫✳️影视资源
yuanweidizhi,channel,TG大数据 · 美天Go · 实时雷达,294,📡 TG大数据 · 美天Go · 实时雷达 —— 你的TG生态数据监测站，每小时刷新热点 ——  🔍 每小时更新 · 全网热门关键词TOP20 📈 赛道追踪 · 空投/NFT/DeFi/AI 实时趋势 🌍 地域热度 · 中国/美国/东南亚 实时排行 🏆 群组推荐 · 挖掘优质活跃社群 & 深度内容  🤖 数据机器人：@MeitgoSJ_Bot（支持关键词查询、历史数据回溯）  与数据爱好者一起深度挖掘热点背后的逻辑  📥 自媒体粉丝专栏：www.meitgou.cn
tg_defender_official,channel,TG Defender Official Channel,100,"Официальный канал для @tg_defender_bot - защита вашего Телеграм канала от наплыва ботов, особенно в период конкурсов"
taigak9,channel,- K-9 TAIGA 🌲 • КЦ — ТАЙГА 🎖️,10,"Открытие канала :  25.06.2026 Открытие кц : 23.06.2026  ВРЕМЯ РАБОТЫ:  Суббота,понедельник,среда,пятница,четверг"
selaviii,channel,se la vi,5059,¹³ ⁰¹ ²⁰²³
sevacosmos,channel,ДЕРЕВЯННАЯ ПРИЗМА,366,для связи @seva_aves
sewerslot,channel,Rayjinorah,172,Dump : copying of stored data to a different location
young_dante,channel,ژاژخایان,452,بگو دوست و وارد شو  :شناس @ahmad_e81  :ناشناس http://t.me/HidenChat_Bot?start=201759986  :اینستاگرام @‌e‌brah‌imi.‌seyed_a‌hmad  :بهترین پلی‌لیست تاریخ https://open.spotify.com/playlist/7oL2B1WZCwbQei8fFZWey2?si=nGUllVmlQ12Po1Qjxj  ژاژخای یعنی یاوه‌گو
berezovsky_s,channel,SBEREZOVSKIY. Татуировка Владивосток.,86,
seriozhalove,channel,Живое Присутствие (Сергей Митяев),92,Возвращение к себе | исцеление | йога | огненный массаж  @mezhdunamie
seth61619,channel,Seth the new art channel,121,I got a art channel thank to my dad Charlei 👍👍
gurugurumawaruu,channel,💢 ザクロに狼,42,музека/слив релизов: @nazedaro  личный канал какого-то рандома из инторнетов  анонимка: t.me/voprosy?start=et5yq буст канала: t.me/boost?c=1908153587
rabemar_art,channel,Rabemar_art,123,"Если что-то пойдёт не так, я сделала канал в Max: https://max.ru/join/lAIc7DFP9XxWLCSUgumwN50VJrVmIdJdYYNmVVVJx1k  Ну и в ВК меня всегда можно найти."
serfeyvon,channel,закрыто | serfeyvon ᝰ.ᐟ,41,серфейво́н
angelwavexx,channel,angelwave,41,
retrovizortgc,channel,𝙍𝙚𝙩𝙧✺𝙫𝙞𝙯𝙚𝙧 [16+],49,4 июня 2024 - дата создания канала Канал 16+ Щп: https://t.me/WaynesSillyLife Комментарии: https://t.me/sillywayneschat ТГК С NSFW🔞  https://t.me/+-eaMSsxZUXxhNGEy Tumblr: https://www.tumblr.com/sillywayne-version2-0?source=share
seledochkasele,channel,»‡«=·-SEᒪIᑎ -·=»‡«,15,
sleepllu,channel,Смешнявшка🎨,13,"@Milolunvvv7 мой юз, если что-то хотите спросить пишите под любым постом или мне в личку да ✌️"
serezha_hochet_druzhit,channel,🐈‍⬛ Мохнатые кабачки - Серёжа и Виталик🐈‍⬛,91,Серёжа ищет друзей)
sentonsenosen,channel,SENTON,494,В эксцентричной форме жалуюсь на жизнь.
photoopen,channel,За фасадом,396,🤧 лучше почитайте сашу соколова школа для дураков  👩🏻‍✈️ делает Кристина Сергеева
neochapay_daily,channel,Серёжа Daily 🔞,368,Ну вот так...ну что поделать... Поддержать тут: https://boosty.to/neochapay Длинные видео тут https://vkvideo.ru/@neochapay_daily Или тут https://www.youtube.com/@neochapay_daily
lazarinaa,channel,𝒍𝒂𝒛𝒂𝒓𝒊𝒏𝒂 🤍,537,instagram: mysoul_lazarina  Полина: Оф сайт https://gagarina.com Тгк https://t.me/gagara1987official  Серёжа: Оф сайт https://sergeylazarev.ru Тгк https://t.me/lazarev_official
kafdrsobr,channel,église,211,(18+)    [Участники данного телеграмм канала не являются участниками каких-либо сообществ]
serejales,channel,СЕРЁЖА ЛЕС,247,
serdcemira_zh,channel,Сердце🕊️🤍Мира,267,"Алёна Котова, директор форума «Контур Будущего». О личном, публичном, категоричном, драматичном и оптимистичном.  @KonturForum"
elmismosoul,channel,elmismosoul,637,everything is a win when the goal is to experience.  https://t.me/elmismosoul/2210
skarby_drakona,channel,Скарби дракона,71,Про письменництво та книжки ✨
glitchypain,channel,Glitchy Pain >⚠️📵,8,Основной канал -> @ThomasNightmare  Юз -> @S1LLY_ALI3N
ktyfdys,channel,ktyfdy,31,"Живу, читаю, учусь на психолога и работаю в банке🌥️📚🏦"
infoilversch,channel,꒰🥀꒱𝐼𝑁𝐹𝑂𝑅𝑀𝐴𝑇𝐼𝑂𝑁•,17,
iamkellystkr,channel,I ᴀʍ Kᴇlly sᴛᴋr,10,"– Аᴧᴧᴏ, Кᴇᴧᴧи?  – Дᴀ-дᴀ, ᴄᴛиᴋᴇᴩы  Вᴧᴀдᴇᴧᴇц: @Meinhertz19"
nodira_kadroviy_audit,channel,Нодира Абдуллаева,345,"На этом канале я буду вести свой блог. Инстересные факты, новости в моей профессиональной жизни и мысли с которыми хочется поделиться. 21.11.2021г."
p5rra,channel,Perra,205,Own - Adeline Barsova
fobrs,channel,Forbes,925,Inspired by@.GmThose @.Patlkron
krisrinazhuravleva,channel,Кристина Журавлева,136,"Финансовый директор на аутсорсе для собственников бизнеса. Привожу в порядок учет, строю финмодели и защищаю ваши деньги от кассовых разрывов.  📁 Закрытый пул отзывов (только по запросу)  https://t.me/+kYF00oVfgyQyZDVi  Для связи: @zhuravleva_finance"
aek_med,channel,БУРОВА ПОДОЛОГ СПБ.,82,г. Санкт-Петербург
winihirai,channel,rue,130,из неро вылезла я: @grlrue
avdotedurke,channel,Авдотья Дуркина,129,
zhizhka_bela,channel,французский беларус | анапеллатриг,56,"Щитпост и арт канал художницы и начинающего косплеера из Читы ✨️  Для личных связей с автором: @aaaaaanapellatrig (Есть канал ""вкрысу"", чтобы некоторую личную информацию не видел мой сталкер и другие люди, поэтому пишите мне о ссылке в лс.)"
stickersrora,channel,stickers w rora,24,Основа: @OnlyDain
azurramysteria,channel,AzurraMysteria,55,Тут будут картинки щас я настрою только падажжи
s_hirata_s,channel,hirata-s,23,stuff
custompress,channel,Custom Press👕,18,"With Our Online Design Studio, Design your Own Clothing Like T-Shirts, Tanks, Hoodies and More..."
apmatypaw,channel,саша артпостинг,15,иди нахуй
kristinaprotebya,channel,Кристина Кости💜,4,• Психолог • КПТ • Самоанализ • Гиптоз • Арт терапия
anastasia_drobot,bot,Анастасия из Инфоклуба,,"Я - не бот, отвечу по-человечески"
nekrasovkanew_bot,bot,NEKRASOVA • Реклама,,Рекламный бот канала @nekrasovkanew
aidaprodom_bot,bot,Стирка_bot,,"🧺 Я СтиркаБот, помогаю вывести пятна и сохранить вещи!  ✍🏽 Помощь по всем вопросам: @valentinablnc"
obuhpro_bot,bot,1С:БухОбслуживание.Облачная бухгалтерия,,
otzivbuhgalterhelp,group,Отзывы | Бухгалтер | Юлия Казакова,1,
centerbasiraonline,channel,مركز بصيرة للعلوم الشرعية واللغوية,720,تحت إشراف الشيخ محمد بن سعيد البحيري
thepalerayy,channel,The pale ray,378,‘ https://t.me/Epiphory
jkkkkkkhi,channel,حديث الروح,153,
kifiiiii_rka,channel,draws кифирка,118,Привет я кифирка! в этом тгк вы будете видеть мои арты по пони базам и не только! :3  мой лс :: @kifir_shikolad
lavruushkk,channel,Тут не Лэвири,49,Чил зона Только добро И Лэвири
vlr_kim,channel,🩷барби🩷,90,я рассказываю о своей жизни и шучу несмешные шутки
leriavvi,channel,валерия истребитель,35,
pofiponk,channel,💥💣×«Пофири»}💥💥,28,
larprice,channel,larprice,7,лан пиши обсудим @xallvy
jabraswiri,channel,تركينتي️,3,- لن يفهمُوك فلا تُبرِر
zad_taleb,channel,زاد الطالب,18615,زاد طالب العلم الشرعي: - تلاوات كاملة - دروس علمية - كتب - تفريغات للدروس - تراجم المشايخ  القناة تابعة لموقع الفقه في الدين: alfiqh.net   الإشراف: @sa_dz  (ساهم في رفع الدروس الأخ عبدالعزيز جزاه الله خيرا)
zoe_zia,channel,Екатерина୨ৎ,694,"𑁯 ﾟ꒱A mean girl, but kind ꒰੭ ﾟ ׅ  Shy and bold                human contradiction         ما اردها  site: @ze_zainbot"
zhajda,channel,Sitis Veritatis,536,Удовлетворяем псевдоинтеллектуальные вожделения аудитории (но это не точно). правила-фиксы-регламент: https://t.me/nashedelonashe Предложка: @ZhajdaBot По рекламе писать @krisichh
nellysartbook,channel,💙𝑁𝑒𝑙𝑙𝑦𝑠 𝐴𝑟𝑡𝑏𝑜𝑜𝑘🪽,15,"Здравствуйте! Это мой канал где я буду выкладывать свои рисунки, и делать комишки🥭🥭🥭🥭"
ninioshop_bot,bot,ninioshop,,
njkinnbot,bot,предложка ниндзяго кинн,,бот принадлежит: @ninjagokin
ninahc0nf_bot,bot,ninah confession bot,,
nigohadm_bot,bot,adm_nigoh,,
nimarkowh_bot,bot,NimarkoBypass | FREE,,
nin2selbot,bot,Do For Girls,,Банши @ning2sel
nothaymanbot,bot,صدای خونین🕯,,
nmtconf_bot,bot,No more time !,,
anonprepositionniko_bot,bot,Анон-предложка Мазелловной 🖤,,тгк: @nikoeliottdraw  по всем вопросам: @Vo_imamira или @bleksixx
anon_ningning_bot,bot,анон ниннинки 💗 !!,,"привее, пиши анон."
nishmanmsk_bot,bot,Nishman,,
nimshobot,bot,NimSho | نیم شو,,🔥 با استفاده از این ربات میتونید لینک ها و تورنت های خودتون رو لیچ کنید.
nimarkovlessbot,bot,NimarkoVless • H2,,
nginjhnbot,bot,𝑵𝒆𝒈𝒊𝒏 𝑱𝒂𝒉𝒂𝒏,,سلام هرچی که ذهنتو راجع به این مسیر درگیر کرده میتونی ازم بپرسی
nirobvip_infobot,bot,NIROB VIP INFO,,UID TO ALL INFO ENTER YOUR UID TO INFO TELEGRAM BOT BY @MT_0G
nellinatempletonbot,bot,Nellina,,
nn_metro_bot,bot,NNMETROSHOP,,
mashnimashbot,bot,Ni Mash,,
ninah_04takebot,bot,Нелюди тейкбот,,
niksramblesbot,bot,Nik's عرing machine,,
dotnotbot,bot,dnb — сервис подписок,,Платформа для монетизации авторского контента с системой защиты от мирроринга   Новости: @dnb_news  Контакт - @dnb_admin
hereisninas_bot,bot,Nina,,
pro_nsk_bot,bot,Админ Про Новосибирск,,
nichuconf_bot,bot,nichu conf,,
brusnikaaibot,bot,Ника,,
codeai_24x7,channel,Fox Code | Лисий код,1147,"Все о нейросетях, передовых технологиях и свежих новостях Telegram.   Связь: @foxy_support   Чат: @foxchains_chat"
txszhongguo,channel,🇨🇳中国妹子包🈷️频道,5524,主频道：https://t.me/TXSPD  二十四小时客服： @TXSKF01
cryptospaniel,channel,크립토 스패니얼,12015,"[크립토 스패니얼] - [Crypto Spaniel]  ㅡㅡㅡ Chat: https://t.me/CryptoSpaniel_Chat  ㅡㅡㅡ YT: https://youtube.com/@CryptoSpaniel X#1: https://x.com/durupapaEZ X#2: https://x.com/TriplEZ_24x7  ㅡㅡㅡ Links: https://linktr.ee/CryptoSpaniel Admin: @durupapa, @Panda41R"
saiexchangeofficial,channel,Saiexchangeofficial,4326,Sai Exchange official account  👑 Sai Exchange  👑 India's Most trusted Platform🤝 24x7 Customer support🙏
punegroupjobs,group,Pune Group Jobs & Ads,5315,Pune Group Jobs & Ads is Only For Pune & 24x7 Available Now.  Group Owner : @Mukeshaprince  Rules:-  🚫 Don't Chat With Each Other. 🚫 Fraud links Not Accepted.
frsshu,channel,FIXRADAR™ 🔥( 🤑KESHU BHAI🤑),1281,🔥 FIXRADAR – Cricket & Sports Jackpot Tips 🔥 ✅ 100% Toss & Session Reports ✅ Premium Match Fix Updates ✅ Daily Free Sure Tips 🎯 Radar Accuracy = Profit 💰  👉 Join & Stay Ahead of Bookies!  https://t.me/frsshu  manager @shanvi707 @Keshu010
winlinehub,channel,𝙒𝙄𝙉𝙇𝙄𝙉𝙀_𝙝𝙪𝙗,768,
soulteamithub,channel,Душевная команда IThub 🖤,799,Канал о развитии личности и психологии для жизни   Все об отношениях в нашей Мастерской      https://t.me/familyithub
shinitg,channel,шинькин пиваторий,81,dica dica dica dica dica dica
niccoin_com,group,Nic coin Sotib olaman,112,Collect Nic currency and earn in the crypto world💎 @niccoin_com  Wallet :
nikenikabl,channel,nikanike,79,
etqralemikurainspectiond,group,Lemi kura Branch Education & Training Quality Assurance Directorate,520,
shimano_la2,channel,Shimano Lineage,501,Всё о Кадмусе и не только
minkultrf,channel,Минкультуры России,4113,Неофициальный канал с новостями Министерства культуры Российской Федерации.  По всем вопросам: @GovInfoBot  Купить рекламу: https://telega.in/c/minkultrf
shimanovkirill,channel,Кирилл Шиманов,114,https://shimanov.studio/
dom_kulturi_shimanovsk,channel,Дом культуры и спорта,1135,
shibanov_perm,channel,Шибанов из Перми,154,"Главред ТВ, истории про машинки, кошечки, хтонь и херь из Перми... Я предупреждал)"
simanov_aleksey,channel,Алексей Симанов•Рейки•Осознанное Воспитание,175,"Канал про духовное развитие, взаимопонимание с ребёнком и жизнью в целом.   Консультации по работе с неудовлетворенностью,стрессом, усталостью,детско-родительские, обучение,медитации.  Писать@Aleksey_Simanov Сайт: https://taplink.cc/kristina_simanova_teta"
shimanola2,group,Shimano Lineage Chat,326,
shimangnb,channel,失茫的78商店,313,WELCOME TO  PUBG STORE ACC   OWNER : @shimangfh6
shimanovsk_bibl,channel,Библиотека Шимановск,206,"МБУ ""Шимановская городская библиотека"" 676301 г. Шимановск ул. Первомайская, 13  Часы работы: С 10-00 до 18-00 Суббота с 9-00 до 16-00 Выходной-воскресенье Последний день месяца - санитарный   📠 8 924 683 50 65"
sushimanka,channel,Sushimanka,406,"О ""Sushiman"" и не только"
jerdesh_avia,group,Авиабилеты по всем направлениям 24/7 Гарантия 100% Ош Бишкек Москва,1347,Ишеничтуу 💯  Дуйнонун баардык багыттарга🌄🌉 Эн арзан баада✈️💵 Авиабилеттер✈️  Турлар💡ж/а Ажы Сапары🖼🤲🤝 Оной ж/а тез онлайн🌐 аркылуу эле Билет алсаныздар болот! Чёрный списоктон текшерип беребиз 🤝 +7 977 796-31-52  Таттыбубу *24/7*  Байланыштабыз
geeta_hindustuff,channel,श्रीमद्भगवद्गीता • Shrimad Bhagwat Geeta,12328,🙏 सम्पूर्ण श्रीमद्भगवद्गीता • Full Shrimad Bhagwat Geeta  🙏 अभी पढ़ना शुरू करें। • Start reading now. 👉 https://t.me/geeta_hindustuff/7 👈  🕉️ @HinduStuff
tamanoniwa,channel,Сад,835,"О том как музыка, сливаясь и перемещаясь, меняет характер, значение пространства, вещей и людей и помогает нам бережно выращивать души 𓇗  Автор — Влад Добровольский Чаевые — https://pay.cloudtips.ru/p/fe31e10d Сайт — https://dobrovolski.space"
sciamarama,channel,SCIAMARAMA,816,Sciamanesimo Megalitico per la Crescita Spirituale. Teoria e Pratica per scegliere la Realtà desiderata.
yoga108studio,channel,Yoga108 Studio,310,Официальный телеграм-канал студии ЙОГА108  ● Преподаем настоящую йогу с 2011 года ● Более 1500 довольных учеников ● Очень уютная студия в центре Москвы (м. Чистые Пруды)  ✏️ Запись на за yoga108.pro ❓ Все вопросы: @yoga108admin 📞 Телефон +7(968)7-108-108
mahabhairavam,channel,⚡மகா பைரவம் 🔥,326,"பைரவம் பற்றிய உண்மைகளை, புராண விசயங்களை, வழிபடு தகவல்களை, இசைஒலிகளை பகிரவல்லதான தளம் இது."
inana_geomantie_schamanismus,channel,INANA - Schule für Geomantie & Schamanismus,996,"Podcasts, Blogbeiträge, Videos zu den Themen Geomantie, Schamanismus, Wahrnehmung, Symbole, Mythen, Kraftorte. Seit 18 Jahren Seminare & mehr. Ausbildungen in Geomantie, Schamanismus, Aufstellungen: www.inana.info"
kanikulysy2014,channel,Шивананда йога на русском языке,101,"Шивананда йога - направление классической йоги, основанное Мастерами Свами Шиванандой и Свами Вишнудеванандой. В канале рассказываем про мир Шивананда йоги и про мероприятия, которые проходят на русском языке.  По всем вопросам: Анастасия @Anastasiya_898"
somorax,channel,Somorax Events,152,hier erscheinen alle Veranstaltungen die ich mache. freue mich auf euer wiedersehen. Max Somorax
elenavoevoda_school,channel,Школа гипноза и телесных практик Елены Воевода,417,"На  канале мы исследуем гипно- и телесные практики, чтобы вы могли раскрыть свои способности и увеличить доходы.   Для новых подписчиков — подарок: медитация «Путешествие в гору», которая исполнит желания и даст ответы на важные вопросы"
chaykhona,group,Чайхона «У Синдбада»,291,"Чат канала @sindbad_snegohod  Уютно, лампово, с чаем!  Вступая в чат, Вы принимаете и соглашаетесь с его правилами- https://telegra.ph/Pravila-chata-CHajhona-u-Sindbada-08-19"
shimanovaoksana,channel,Шиманова Оксана,139,Видеосъемка г.Ульяновск
ivanov_shadowyoga,channel,Ivanov shadowyoga,171,Обучение хатха-йоге. Регулярные занятия в Москве и выездные семинары @PhilipIvanov
perfectoneshaman,channel,Shaman,392,
nadinehennig_zeremonien,channel,"Schwitzhütten, Energiemedizin Sitzungen, Schamanische Ausbildung, Munay-Ki-Initiationen",235,"Hier erfahrt ihr Möglichkeiten, an Schwitzhütten 🌝Seminaren, Schamanischer Ausbildung, Munay-Ki-Initiationen & Energiemedizin-Sitzungen teilzunehmen. Hier entsteht Raum sich mit der Kraft indigener Weisheitslehren zu verbinden &in Gemeinschaft zu gehen.🌍"
alivedojo,channel,Alive Kinbaku Dojo,165,"Shibari/Kinbaku studio Praha 7 Workshopy, Rope Jamy, soukromá výuka i pronájmy.  alivedojo.cz instagram.com/alivekinbakudojo"
karmkandvidhi,channel,Karmkand Vidhi,81,जय श्री राधे कृष्ण राधे कृष्ण राधे राधे
aschfried,channel,Aschfried Hütt’n in Kühnhaide,202,
yajnaloka,channel,Ягья Лока,225,"Портал об огненных ягьях, духовных практиках, ритуалах, о древней мудрости, мантрах, медитации, йоге и паломничестве по святым местам  Пообщаться лично сюда 👉🏽 @saciprana"
shym_avto,group,Шымкент Авто Базар,1469,"Көлік саудасы. Түркістан облысы. Көлік айналасындағы тақырып. Сату, ауыстыру, жалдау, жөндеу, сырлау."
htthshom,group,Шоманай дагаза,91,📌Реклама ушын 👉  @Khungradbaev  жазың. 🔆  50  адам косканга админ берыледи❗️
dnevnikshamana36,channel,🐺 Дневник Шамана,101,"Все о моем пути в Шаманизм и Мистику 🌚  Своим простым языком, без ебанутой эзотерически и льняной одежды с ковриком для йоги🐒  Все что я проходили и прохожу по дороге к предназначению   Ты всегда можешь задать мне вопросы"
yarusskiyshaman,group,Я РУССКИЙ SHAMAN Chat,44,
shomanaydagaza,group,Шоманай дагаза,21,
shamanchannel,channel,🔸 ПЕРЕХОД 🔸,3,
sevarajournalist,channel,Sevara Urinbayeva,1672,"O‘zbekiston Respublikasi Fanlar akademiyasi prezidenti matbuot kotibi — axborot siyosati masalalari bo‘yicha maslahatchisi.  Jurnalist, PR, ilmiy izlanuvchi   Youtube https://youtube.com/channel/UCRS61lIXqMhtjTJFIxLlXeg?si=aJefot5rkBBDAEWd"
abu_amru_al_hajuree,channel,فتاوى الشيخ أبي عمرو عبدالكريم الحجوري,617,"هذه القناة تهتم بفتاوى فضيلة الشيخ المُحدِّث أبي عمرو عبدالكريم بن أحمد الحجوري العُمري ""حفظه الله ورعاه""  ١- فتاوى مرئية:  ٢- فتاوى صوتية:  ٣- فتاوى مفرغة نصية وغيرها...  للتواصل والإستفسار: @rwxjf"
vladimirtaranovtraining,channel,Футбольная палитра | Тренировки,119,Футбольные тренировки в Москве  Стадион «Октябрь»  Развитие для спортсменов от 8 до 15 лет  📸 Фото и видео контент  👤 Мой профиль https://taplink.cc/vladimirtaranov  🌟 Отзывы https://t.me/vladimirtaranovreview
zehn_varzesh,channel,Zehn_varzesh,163,🎓 دانشجوی ارشد روانشناسی ورزشی  🏃‍♂️ آموزش مهارت‌های ذهنی، کنترل اضطراب و استرس و تصویرسازی برای ورزشکاران  📌 نکات علمی، تمرینات کاربردی و تجربه‌های میدانی  ✉️ ارتباط با من: @md3929  پیج اینستاگرام: zehn_varzesh
futbolgika,channel,VERY ASKING 👨‍💻,765,"Авторский канал экс-руководителя аналитического департамента ФК «Сочи», одного из основателей образовательного проекта @futbologika, ныне экс-тренера-аналитика ФК ""Крылья Советов"" Александра Веряскина  По всем вопросам: @veryaskini"
tekpillar,channel,Job Updates,1610,BFSI jobs Bank Jobs Insurance Jobs Sales jobs Finance Jobs IT Jobs
booksander,channel,Книжная полка 📚,2496,
booksaramaic,channel,📚كتب باللغة الأورومية الأثيوبية📚,129,
booksarisha,channel,Полка для души,79,🤍Здесь о любви к книгам🤍
booksarenice,channel,A Bookshelf,70,Not just a bookshelf.....something more!  https://t.me/boost/booksarenice
bookskyandme,channel,Розыгрыши с книгой в небо✨✈️,46,Канал: @withabookinthesky
front_fashion_russia,channel,FR☀️NT,1431,"Канал проекта FRONT Традиции в модном обличии Cайт https://front.fashion/ru  ——— FRONT также представлен Lamoda https://www.lamoda.ru/b/37219/brand-frontfashion/ г. Москва, Музей Москвы г. Санкт-Петербург, Русский музей ——— Для связи @front_fashion_rus"
fashionistap,channel,PreOrder 🇪🇹👜💃 Fashionista ETH,4685,Order FABULOUS WOMEN CLOTHING  & SHOES paying 50% advance in our channel👠👡 👗   🌟 Contact admins🔜 @Eni_AD    Use👇👇to Join
hunterthefabric,channel,HunterTheFabric,1724,Мы самый свежий ру бренд одежды и точно вас заинтересуем!  Site: https://hunterthefabric.com  Менеджер/вопрос по заказу: https://t.me/bitcheswannaflex  Сотрудничество с брендом: https://t.me/FabricHuntOf
fashiontv,channel,FashionTV,792,"FashionTV -Ваш N1 модный Telegramm канал, на котором вы можете увидеть все последние модные видео,показы мод и вечеринки.     Чтобы узнать о моде в круглосуточной трансляции посетите www.ftv.com https://youtube.com/@ftv  связь @AlissaHandels"
salammemes,channel,salam memes,567,
funnumb,channel,funni number,1,
stanis_law,channel,Юрист Станислав Солнцев,472,"25 лет в юриспруденции по всей 🇷🇺 Разбираю, как право работает на бизнес 💡 Банкротства, партнёрства, интеллектуальная собственность. 🏆 Рейтинги: Best Lawyers | Право.ru | Chambers Europe 📲 Связаться @Olga_seplegal"
bsa_jizzax,channel,Boshqaruv samaradorligi agentligi Jizzax viloyati filiali,1912,Boshqaruv samaradorligi agentligi Jizzax viloyati filialining telegramdagi rasmiy kanali
privetetomila,channel,m(art)keting,413,"привет, это Мила   пишу о маркетинге, визуальной культуре, книгах и всём, что вдохновляет 👀  связаться: @miilwmila"
polinapolushina,channel,Полушка рубль бережёт ₽,202,"Тут про карьеру, языки, финансовую грамотность"
menejerkozla,channel,Менеджер в диспансере,915,У вас нет судимости
hyperionkiann,channel,Hyperionkian,165,DM for artwork : @Hyperionkian IG : https://www.instagram.com/hyperionkian?igsh=MXIzY2h4bWIwNzhhcw%3D%3D&utm_source=qr
averrischildofrift,channel,𝓐𝓿𝓮𝓻𝓻𝓲𝓼: 𝓓𝓲𝓽𝔂𝓪 𝓡𝓪𝔃𝓵𝓸𝓶𝓪,364,"кᴀнᴀл посвяպᴇнныи истоᴘии ""ᴀвᴇᴘᴘис дитя ᴘᴀзломᴀ"". инфоᴘмᴀųия о кᴀнᴀлᴇ : @AverrisChildOfRiftinfo"
ainborderland,channel,арина в пограничье чота рисует,374,"Всем привет!! ✨ Я Арина, мне 23 года и я тут рисую по тайфд, женским кейпоп группам ну и для себя немножечко 👉👈  https://boosty.to/arinainborderlandart"
furryanashrimpy,channel,𝙁𝙪𝙧𝙧𝙮𝙖𝙣𝙖_𝙎𝙝𝙧𝙞𝙢𝙥,67,"Меня зовут Фурриана, но можно звать Геля, тк меня так очень часто кличут друзья.  She/her. Я верующий человек, поэтому за шутки про религию кусаю."
astridalien,channel,🖤🏳️‍⚧️🕷astrid is an alien🛸🇺🇦🇵🇸,72,silly transfem shitposting
leonamgg,channel,leon|amg,1179,связь-@amgleon Реклама 300₽-24ч/700₽-72ч
oc_leon,channel,Leon бонус +500% к первым 4 депозитам,6,"📢 Leon в Телеграм: ваш главный источник новостей из мира спорта, точных прогнозов и аналитики. 🏆 Обсуждения матчей, ставки и эксклюзивный контент. Присоединяйтесь!  Войти на сайт: https://clck.ru/3DNc26"
leonesbones,channel,leone’s bones,2150,рисявки и щп
leon_brows,channel,"LEON.BROWS/Леон.брови - брови и ресницы Спб📍Комендантский пр, ЖК Чистое Небо",152,"Студия бровей и лами ресниц на Комендантском пр 💖  Здесь о заботе, качестве и сервисе для каждого клиента ✨  ♥ Онлайн - запись: https://dikidi.ru/990892 ♥ Inst: https://www.instagram.com/leon.brows?igsh=YWYzanFueGlpN3N1 Связаться  → @anastasia_leon"
auvmp_leon,group,AUVMPLeon 🔌🔋🛴💨,166,Asociación de Usuarios de Vehículos de Movilidad Personal de Leon AUVMPLeon.es
leonmedia,channel,Leon Animation Studio,344,"Leon AS - анимационная студия, где сильные истории сочетаются с яркими визуальными решениями."
leon_osi,channel,LEONOSI,147,
leoneorg,channel,Leon,311,""" Daar "" Label"
leonnblog,channel,Leonn 的资讯频道,973,很吵，不喜勿入。均为原始信息来源
leon_est,channel,Застройщик «Леон Недвижимость»,108,Наши проекты:  «Домета» — теплый каркасный дом под ключ 🚀 https://dometa.ru/  «Дубрава46» — ЭКОпоселок. Всего 17 кирпичных домов 🏡 https://dubrava46.ru/  «Веселовские кварталы» — квартиры на берегу Черного моря с дизайнерским ремонтом 🌊 https://vk.estate/
leo524,channel,Leo524 💎,1044,For Vip Contact -  @LeoAdmin5    Check My Status👉https://t.me/leo524/1006  Official Leo524 Channel ✅ Crypto Signals & Analysis Search: Leo524
leagueoflegendscf,channel,league of legends confession ! ️️,371,конфешенс посвящённый игре Лига Легенд!   бот для тейков – @league_of_legends_cfBOT
flapscore_cs2,channel,FlapNews [CS2],169,FLAP Score - следи за любимыми командами и будь в курсе всех топовых ивентов CS2  Качай приложение: https://flapscore.com/  Канал по Dota 2: t.me/flapscore
medialeaguerisk,channel,Медиа Лига HIGH-RISK,250,Киберспортивная лига в сфере    HIGH-RISK | CS2 | DOTA2   Чат/Болталка - @medialeagueriskchat https://t.me/+TwmAcbJ_YT9kMGNi  Сотрудничество -  @mediarisk_admin
cyberfor_all,channel,BAZA - CYBERSPORT,186,
sunmane_cs2,channel,SunMane,29,"SunMane – это лига,которая специализируется на организации и проведении любительских турниров.  по вопросам- @SunMane_Adminn  Владелец - @SunMane_ceo  сотрудничаем с дизайнером - @meadowproject"
csrnleague,channel,"CSRn! - ліга, пікеми, регулярні чемпіонати",30,
winchester_ftcl,channel,ʀꜰᴄ «ᴡɪɴᴄʜᴇsᴛᴇʀ»,70,Дата создания клуба: 01.19.2025 Владельцы: @Lisherchik и @akulichhc
dreamftcll,channel,Dream - #foreverchampions,36,history is over.
fuleague,group,Fuleague,23,Welcome to discuss any questions about furniture here | fuleague.com
lfccrazy2,channel,LFC Crazy 2,46,Это наш второй состав!
pankekakd,channel,МФК « Панкек » 🇬🇧,41,"✨ Официальная Академия клуба «Фк Панкек»  Играем в лиге FTCL, в пятом дивизионе"
fcferrans,channel,🇬🇪 | FC Ferrans | Tbilisi,22,🇬🇪ФК Ферранс Тбилиси  ℹ️2 дивизион МЧТТ  🥇Победитель 2 дивизиона «МЛТТ»  🥈Серебряные призёры «МРЛ»  🥈Серебряные призёры 3 дивизиона «МЧТТ»  🎗Деревянные призёры 3 дивизиона МЧТТ  📊Топ 12 клуб МЧТТ по рейтингу   ℹ️Рейтинг - 81
eshitingizmii,channel,Eshitdingizmi?,2198,"🔥 Bu yangilik nafaqat Novda School tarixida, balki Namangan ta’lim sohasida ham muhim voqealardan biri bo‘lishi kutilmoqda."
kunsthofneuigkeiten,channel,Kunsthof Neuigkeiten,166,"Veranstaltungen, Termine, Neuigkeiten und Informatives rund um den Kunsthof."
geraldhauser_fpoe,channel,Gerald Hauser - Info Kanal Offiziell,3810,https://youtube.com/@geraldhauser_fpoe?si=1SyCz3hYPrvW_KMH Offizieller Telegram Kanal von Gerald Hier finden Sie aktuelle Neuigkeiten zu meinen Themen nützliche Erinnerungen und Motivation Wirbieten auch Investitionsmöglichkeiten
symbioticannouncements,channel,Symbiotic Announcements,84958,The only official public Symbiotic TG group.
madcoinann,channel,MAD Announcements,4032,ca: madHpjRn6bd8t78Rsy7NuSuNwWa2HU8By  💬 Chat: https://t.me/MadCoinVip 📈 Raids: https://t.me/MadDegens  🐣 X: https://x.com/madcoinvip 📷 IG: https://www.instagram.com/madcoinvip/
glight_network,channel,GLIGHT ANNOUNCEMENTS,900,Greenlight decentralized film financing platform delving deep into the rabbit hole of both film financing and production.
vangoogieofc,channel,𝐕ANGOOGIE : CLOSEDOWN,387,
robootsannouncement,channel,ROBOOTS Announcement Channel,267,"This is the Official Announcement Channel of ROBOOTS, an RNG-based Play2Earn game on Binance Smart Chain."
geeqofficialann,channel,Geeq Announcement,334,Welcome to the Geeq announcement channel. More info about the project on our website https://geeq.io/
binanceannouncements_1,channel,Binance Announcements [],291,Binance Official English Group @binanceexchange Binance Official Chinese Group @BinanceChinese  Binance English Announcements @binance_announcements Binance Chinese Announcements @binance_cn
rpxofficialannouncements,channel,Red Pulse Phoenix Announcements,466,The official telegram announcements group  Telegram https://t.me/redpulse Twitter https://twitter.com/red_pulse_china Website https://www.red-pulse.com/landing Coin Website https://www.redpulse.com
chainexio,channel,ChainEX Announcements,132,ChainEX Digital Asset Exchange Platform Accouncements
oldtimertreffen,channel,"Oldtimertreffen und Teilemärkte / Classic Cars / US Oldtimer / Ostblockfahrzeuge / Traktoren, Ackerschlepper und Nutzfahrzeuge",107,In diesem Kanal werden vorrangig aktuelle Termine zu Oldtimerveranstaltungen im Norden Deutschlands bekanntgegeben. Jeder kann auch gern eigene Fotos und Infos einstellen. Alle Oldtimerbegeisterten und - liebhaber sind herzlich eingeladen. 😉
metahamster_ann,channel,Metahamster Official Announcements,18,Official announcement channel of the Metahamster.  Official Website www.metahamster.io  Official Twitter https://twitter.com/metahamster_io  Community Group @metahamsterofficial  Admins never send DM first.
safedogecoinannouncement,channel,SafeDogecoin Announcement,38,https://safedogecoin.org/
official_stonks_announcements,channel,Stonks Announcements,22,Official Announcements from the Stonks Ecosystem
hugcoin_announce,channel,HUG Coin Global Official Announce Channel,17,
reddoge_official,channel,Red Doge,4,
institutra,channel,Institut.altayrepublic,184,Институт повышения квалификации и профессиональной переподготовки работников образования РА #курсы #конкурсы #аттестация     https://vk.com/public211746359
globalbusinessspace,channel,Globalbusiness.space. Ксения Зелинская,102,Добро пожаловать!  Рассказываю про возможности международного масштабирования 🌎 Трекер. Ментор.  Сайт Globalbusiness.space  Админ @ksenia_zelinskaya
longread_media,channel,Лонгридошная,110,"Журнал про невидимый эдтех для тех, кто делает учебный контент.  Сайт: https://longread.media Главред: @philanek Почта: hello@longread.media Вопросы: @ecourse_longread"
ms_badiiy_asarlar,group,Muhokama guruh,370,Shohrux Mahmudovning  rasmiy guruhiga xush kelibsiz !!! Ona tili va adabiyot fani grammatikasi va milliy sertifikat kurslari mavjud. @nurziyo_onatili  @ms_badiiy_asarlar Natijalarni koʻrish uchun havola👇 https://t.me/shohrux_sefr_grammatika/909
amall_alroh,channel,- غربة روح,104,طال الأمل  - https://t.me/HarfChatBot?start=43331626d0b0
jamshidbekabdullayev,group,JAMSHIDBEK ABDULLAYEV |ONA TILI VA ADABIYOTI,74,"Ushbu guruh ona tili va adabiyot fani o'qituvchisi Jamshidbek Abdullayev tomonidan ochilgan. Bu guruhga ona tili va adabiyot fanidan oid yangiliklar , audio darslar, testlar  joylanadi. Murojaat: 👉   @Jamshidbek_Abdullayev94 👉 @jamshidbek94bot"
lingua_house,channel,Lingua House,26,"Don't be the same,                        be better!"
linguodan_com,channel,LinguoDan,31,LinguoDan - is a free platform that provides an opportunity to learn English
lanto_kz,channel,LantoKZ,2,Онлайн школа английского языка.
linguatesting,channel,LINGUA,213,DUOLINGO | IELTS | TOEFL - STANDARDIZED LANGUAGE PROFICIENCY TESTING SERVICE PROVIDER.   CONTACT US @linguatestingsupport
lezounerytoun,channel,Lezounery Toun🏫,275,https://www.instagram.com/lezounery_toun/profilecard/?igsh=MTd0djl1cjh5dHNpcQ==   CENTER OF INTENSIVE METHODS OF TEACHING FOREIGN LANGUAGES
linguahubgirls,channel,Linguahubgirls,73,
lingochungafrench,channel,Французский от ЛингоЧунга,6,"Salut, les potes! 👋 Добро пожаловать в мир французского языка с ЛингоЧунгой! 🇫🇷✨  Изучайте французский легко и весело вместе с Лулу и другими героями нашего приложения."
lingoton_bot,bot,LingoTon,,Tired of just learning languages or aimlessly maintaining streaks in other apps? No more!
icoursess,channel,دورات مجانية معتمدة - icourses,259501,"حين تصعُب عَليك نكُن معك طَوعاً عَوناً و عِلماً، لِنزداد خَيراً .. ""و فوق كُلِّ ذي عِلمٍ عليم""  قروب المناقشة ..  https://t.me/Chat4icourses  قناة الشهادات .. https://t.me/ce4icourses"
sashadiasfree,channel,SashaDias (косплей и не только),1133,
acorpsewithoutsoul,channel,man’s worst nightmare-,319,talk: @MakeAJokeAndIWillSighBot 🩶 ‌t.me/ACorpseWithoutSoul?direct ‌t.me/The4everVirgin   ‌  ‌ ‌ ‌ ‌  ‌ ‌ ‌ ‌ ‌ ‌ ‌ ‌ ‌ ‌ ‌  ‌ ‌ ‌ ‌ ‌ ‌ ‌ ‌ ‌ ‌ ‌ ‌ ‌  ‌ ‌ ‌ ‌ ‌ ‌ ‌ ‌ ‌ ‌ ‌ ‌ ‌ ‌ ‌ ‌ ‌  از عقل بیگانه‌ام.
libulb,channel,Лампочка,136,Я тут https://youtube.com/@Daria_lightbulb?si=BaQFCYcZkjrb8_iT
writtenbysumin,channel,이솔 Leesol,60,ㅤ          she looks just like a dream t.me/mylovelygirlsuminbot ୨୧ hiroshi
libidodiablo2000,channel,"Аполлонизм, или Как я перестал бояться и полюбил ментальное здоровье",29,Сильная позиция почти каждый день
embraceoflilith,channel,𝔏𝔦𝔩𝔦𝔱𝔥'𝔰 𝔈𝔪𝔟𝔯𝔞𝔠𝔢,82,Художества медленно сходящей с ума  Анонимные вопросы: https://t.me/questianonbot?start=5968234929  Тамблер: https://www.tumblr.com/lilith-salisbury?source=share  Пинтерест: https://pin.it/L2yLbHvbn
lisa_archivebp,channel,Lalisa,22,@lilimanobanon_bot real rockstar
coquywashsoul,channel,",, coquy blog `` !",8,"dni: darkship, proship, comship, homophobic, basic stuff . . ───────────── running channel by @kyokofrombt & @washsoulroblox bunnies🐇🐇🧁🧁"
lisasbubble,channel,vanilla non stop ✋🏻,,
ezzatshouman95,channel,El Bash Dentist Channel,8956,Dr Ezzat Shouman YouTube channel :  https://youtube.com/channel/UCgHjhCzOlIbTVtFiBmaUEIA Telegram group :  https://t.me/httpstmejoinchatEZZatShouman
pimuuuu,channel,Подслушано ПИМУ,1843,
pipa_official,channel,Рест|вас хочет выебать pipa,48,По всем вопросам: @uwuwu0002
maya_egorova_kitty,channel,Майя Егорова,3742,
zaryastudio,channel,Заря,217,Освещаем горизонт и создаём контент  Для связи: @dariadim
zahrabe1222,channel,زَهْرَة || 𝐙𝐚𝐡𝐫𝐚,352,@Allo_Zahra_Bot http://t.me/SY8Bot?start=w01hi1hhR1
yevtushenko_e,channel,Євген Євтушенко,24469,
yandukov63,channel,Евгений Яндуков | Позиция,450,📌 Депутат Думы городского округа Отрадный Самарской области  📌 Помощник депутата Государственной Думы ФС РФ Матвеева М.Н.  📌 Юрисконсульт и Секретарь Самарского областного комитета КПРФ по молодёжной политике  📌 Практикующий юрист  📩 deputat@yandukov.com
starfabrikateam,channel,СТАР ФАБРИКА,373,по всем вопросам - @iii_nastya  cryative @meoeodb ♡ kochneva • SEMY • Александр Филин  • Аркадий Евтушенко • GABRIEL• помогисебесоня • MGGORDEEVA • POLKA♡ *𝚒𝚗𝚜𝚝:  𝘀𝘁𝗮𝗿𝗳𝗮𝗯𝗿𝗶𝗸𝗮.𝘁𝗲𝗮𝗺 *деятельность Meta запрещена в РФ
alertzalp,channel,AlertZalp,279,"@AlertZalp - це команда адміністраторів @alertsNK, @warningNK, та волонтерів з Нікополя, Марганця та Покрова - ми на варті вашої безпеки з літа 2022! За сприяння місцевої преси, об'єднали свої зусилля 06.09.2023....  Зв'язок - @AlertZalpSupport_bot"
evtushenko_coach,channel,Кристина Евтушенко | Про любовь и секс,251,"Про отношения, близость и сексуальность - без стыда.  Форматы и запись  👉🏻 https://t.me/evtushenko_coach/449 Для связи 👉🏻 @kristy_sense"
timusheva_ev,channel,👩🏻‍💻Елена Владимировна на работе,181,"📍Здесь много-много о любимой работе и любимых людях   Бывший учитель, нынешний специалист по организации работы «Движения первых» в г. Нижневартовске  in: @timusheva_elena vk: @timusheva_e"
irinamateichuk1988,channel,Матейчук Ирина Николаевна,119,"-Депутат совета депутатов г.о.Котельники  -Тренер-преподаватель высшей категории по дзюдо МАУ ДО ""СШ Котельники"" -Вице-президент Федерации дзюдо и самбо г.о.Котельники"
trukhachevvladimir,channel,Трухачев Владимир,80,"Владимир Иванович Трухачев Академик Российской академии наук, профессор, депутат Думы Ставропольского края, ректор ФГБОУ ВО «Российский государственный аграрный университет - МСХА имени К. А. Тимирязева»  Друзья! Приглашаю к диалогу!"
yazmukhamedov,channel,Илшат Язмухамедов,64,"🇷🇺 Депутат Думы Астраханской области VII созыва, член партии «Единая Россия»"
splicearch,channel,Splice Arch / параметрическая мебель,260,"Splice Arch - российский бренд комплексных дизайнерских решений с  использованием параметрики.  Наши изделия в России, Европе, ОАЭ  🌍 Доставка по всему миру  Сотрудничество: @IgorBelousius  Сайт: https://splice-arch.com/"
splicebygoat,channel,GOAT STORE,1604,
gillsxcafe,channel,gills,442,"[gills] японское кафе Msk: Холодильный переулок, 3с2 SPb: Казанская ул., 8-10  Связаться с доставкой: 8 (994) 431 66 98  Ежедневно с 12:00 до 23:00"
sweetlife12,channel,Сладкая Жизнь ❗️скидки и промокоды❗️,536,"ЛУЧШИЕ ЦЕНЫ АКЦИИ И ПРОМОКОДЫ, ДОСТАВКА, ЕДА, ОДЕЖДА, ТОВАРЫ GB"
splitchat,group,Split Decision | Чат,565,"18+. Напоминаю, что в чате запрещено скидывать послематчевые скриншоты ставок. Если забрал что-то в лайве, то кидай сразу."
vicate_official,channel,"VICATE | аквагрим, творчество, досуг",218,VICATE – готовое решение для творческого досуга на любой возраст и интерес!   ЗАКАЗАТЬ ↓   WB: https://www.wildberries.ru/brands/311439254-vicate Ozon: https://ozon.ru/t/vBSkg2a  НАШИ СОЦСЕТИ И УРОКИ ПО АКВАГРИМУ И ПРИЧЕСКАМ: https://taplink.cc/vicate?ys
splitlce,channel,СПЛИТ (SPLIT) - самый безопасный способ лапароскопической холецистэктомии.,236,
dirtyx_store,channel,dirtyx_store,439,Only legit✨  No return🩸  For orded: @dirtyx_7  Feedbacks  https://t.me/fedback_dirtyx_store
sabinavisa1,channel,FLY ADD TRAVEL,1185,
blsflixweeklydrama01,channel,Pearl In Red - BLSFLIX,319,
splitdom,channel,Сплит Дом. Качественная стройка.,122,Грамотное и технологичное строительство малоэтажных капитальных домов. Расказываем как строить без ошибок.
spliittt,channel,SPLIT,77,они лучшие
split999,channel,Меблі Split,5,+38 (067) 743 35 42 split.org.ua split@i.ua
stellrslime,channel,•°Slime Starlight°•,5,
runiqxc,channel,my info ok??,7,cr: @wusy9cat
sportprice1,channel,Прайс-лист / СПОРТ,2,Связь - @kapitann12
pmrole,group,Project Managers KG,619,
kotob_mofida,channel,Pdf,694,
egodocuments,channel,Человек и время: эго-документы в эпохи нестабильности,233,Секция на конференции “Векторы” 16-19 апреля 2026  • Форма для тезисов: https://docs.google.com/forms/d/e/1FAIpQLSfhKoNXseU8S1UoBPiG05qwdjbSn2JxlXgtySMULjDvj6breA/viewform?pli=1  • Сайт секции: http://vectorsconference.com/manandtime
photofordocuments,channel,DocsPhoto,144,Резервный канал
documents_666,group,Божественность Христа,116,"Группа посвящена публикации документов, не предназначена для общения.  https://t.me/alwataeq https://t.me/ngvhhn5"
shiadocuments,channel,شمس الحقيقة,63,الحقيقة كما لم تراها من قبل..
keam_documents,channel,KEAM documents,74,All important files and documents regarding KEAM exam and KTU will be published here  https://t.me/KTU_Syllabus
online_documents,channel,Онлайн документы,33,Лучшая листалка для Ваших документов. Прислать свой файл для размещения info@online-documents.ru  самые интересные будут на канале. Вы сможете поделиться своим онлайн документом в Телеграм и других соц.сетях. Написать и прислать документ: @gelen24bot
litender,channel,Записки поставщика о госзакупках,96,Делимся опытом для поставщиков по 44-ФЗ и 223-ФЗ
avocad_ru,channel,AVOCAD | Сопровождение,16,"Cопровождаем индивидуальные заказы на  Мебель • Окна • Двери • Натяжные потолки 👉 от замера до приемки работ.  Проверяем исполнителя, контролируем ход работ, сроки и качество  Подробнее на avocad.ru  Чат: @avocad_ru_bot  Поддержка: @avocad_support"
tender_v,channel,Tender-V,6,Тендерное сопровождение По вопросам обращаться - @TenderV_Bot или на почту info@tender-v.ru
gospostavkiru,channel,Дайджест новостей закупок РФ и стран СНГ,8,"Сборник новостей, составленный сайтом gos-postavki.ru"
contractorslegalshield,channel,Адвокат Никита Виленский. Строительство под контролем права,162,Канал предназначен для строительного бизнеса и всех интересующихся правовыми вопросами в сфере строительства
amlakeemaratt,channel,پیمانکاری عمارت,71,این کانال در سامانه جامع    @iranbonga ایندکس شده است. خرید فروش معاوضه بهترین باغ و ویلاهای مشهد و شهرستان ارتباط با ادمین کانال  @mahdimarandi
fircaspian_uz,channel,FIRCaspian Uz,80,"Официальный канал «ФИРКаспиан»   Публикуем актуальные вакансии в Ташкенте, чтобы вы узнавали о них первыми."
pntmdvcs,channel,Mgubs Space,2043,
salpuga_pmg,channel,Ксенофилия сибирских подвалов,857,"ЗАПРЕЩЕНЫ:   -оскорбления, провокации, дискриминация; -спам, несогласованная с владельцем канала реклама.   ФЛУД - https://t.me/+4mrQdQTrT_BiZTVi  Я в вк - https://vk.com/thunder50pmg Группа в вк - https://vk.com/thunderpmg191293497"
zerropubgm0,channel,ZERRO PUBGM,528,admin: @dkkarimbayevich igrok : @barber01_bek PUBGM Nickname: ALPZERROcup
pulsematrixnga,channel,PULSEMATRIX OFFICAL,193,
pmpchan,channel,ПМП,184,Ворую самые лучшие мемы в свободное от работы время
ipadviewpubg,channel,Ipad View PUBG,187,
pmbrn,group,PM Squad (Closed),221,
pmzryxch77,channel,Zryxch77,114,
ybbd8,channel,【PM游戏】官方游戏接口API,79,
pkmorg,channel,PM ORGANIZATION,24,
fcdb32,channel,"ФК ""Динамо"" Брянск | Неофициальный канал ⚽️",280,"Неофициальный канал ФК ""Динамо"" Брянск  Мы Вконтакте: https://vk.com/fcdynamo32 Наш канал в MAX: https://max.ru/join/n1JjXkbpyWlNDDtKt79RsdOMUjcLVb1CJHbz1PbAbs4  По вопросам рекламы: @dimon_bryanskiy  #Футбол #ДинамоБрянск #Брянск"
vibemedialeague,channel,MEDIA LEAGUE | VIBE,80,VIBE MEDIA LEAGUE   Детская медиа футбольная лига !   Связь @Nikkos2712
volta3fanfiction,channel,DrPark Fanfiction,349,"Мультишиппер и просто хороший человек.  Пишу с 2016г, профилей на фикбуке у меня два:  ❤️DrPark (18+) https://ficbook.net/authors/2220899 💙Volta3 (16+) https://ficbook.net/authors/1555089 (старый)  А ещё я немного музыкант и художник. Добро пожаловать!"
filifjonkfables,channel,fables de filifjonk,359,"on my healing journey (possibly) ~ do no harm, but take no shit 🤍"
fekilliofficial,channel,"Опушка в лесу, возле ТГ Сити (FEKILLI channel)",64,"Всякая дичь с творчеством, собственные песенки и арт/картинки, истории и сюжеты, да и душа присутствует. Заходи, садись, коль пришел. Связатся со мной Через чат, лол"
fikusmyheartheh,channel,T.C.F | телега фикуса >:) |,44,Правила : 1. Политика  2. Эротический контент 3. Не перебарщивать с матом и с оскорблениями  4. Реклама чего либо  5. Буллинг 6. Рисовать меня( Фикуса) только в чулках
foxykkat,channel,꒰ . . 𝘎𝘰𝘥𝘥𝘦𝘴𝘴 𝘢𝘯𝘥 𝘭𝘪𝘵𝘵𝘭𝘦 𝘵𝘦𝘯𝘥𝘦𝘳𝘯𝘦𝘴𝘴 •. ݃,109,Глубокие мысли и не очень.)
a_fibonachy,channel,A_Fibonachy,108,По вопросам преобретения работ @fibonachy_a
afm_gavalda,channel,∘⊰АФМ⊱∘,40,Моя фигня с монстряками и другой похожей хренью(・・;)  Анонимка:http://t.me/anonaskbot?start=1rmt3luhg7pv7hqo Сообщения каналу: http://t.me/afm_gavalda?direct Лс: @Gavalda_16
finya_569,channel,𝑭𝒊𝒏𝒚𝒂 (⁠≧⁠▽⁠≦⁠),55,Каракули  Анон: t.me/anonaskbot?start=852hqbf  Лс: @TTWIX777
kriskairiskak,channel,Параллельная вселенная,26,"Я - ИрисПисПис. Создатель Будущей новеллы ""Параллельная Вселенная"" Второй тгк от лица персонажей этой новеллы - https://t.me/PIMFLpARALELNAYAvSELENAYA . Буду очень рада, если Вы, подпишитесь."
ficusovaya_plantation,channel,Плантация Фикусов,38,"16+  В основном буду рисовать всякие прикольчики и АУшки по 13 картам.   /любимый персонаж Николь, поэтому с ней будет очень много контента/"
fakerofski_official,channel,Мастерская-Фейкерофского,18,"Здесь рождаются игры и оживают спрайты. Рисую, кодю и делюсь кусочками своих проектов. Залетай смотреть, как создаются цифровые вселенные! ✍️💻"
cucumberisdrawning,channel,крысиное государство имени фурины 🐁,43,"жёсткое мясо, матюки и рисунки в виде записок душевнобольного"
fceggg,channel,fkEG,23,"18+ всё содержимое - вымысел автора, не является пропагандой чего-либо. Употребление это страшно и смертельно опасно, никакие художественные произведения не покажут вам настоящих последствий, никогда не пробуйте вещества."
feshonn,channel,фешон фрикшоу,29,
foxiofficali,channel,๑ ₣٥×ί.Ꭴ₣₣ ๑,35,Бустик лисёнка: https://t.me/boost/Foxiofficali Аноним лисёнка: @AnonFoxiBot Лайк лисёнка: Foxi.OFF Тик ток лисёнка: tiktok.com/@vashgospodjdh Вк лисёнка: https://vk.ru/foxioffical
ficuspolitra,channel,фикус | рисуночки и кофе с ириской,29,
fixxxxxxed,channel,FIXED,4,
realtor_veretennikov,channel,Веретенников про недвижимость,606,"🔥Все, что ты искал о недвижимости-начинается здесь! 🏠 - Покупка,продажа,выкуп,трейд-ин📌 - Профессиональные консультации и поддержка 🧑‍🤝‍🧑 - Актуальная информация и выгодные предложения 🚀 Начни знакомство с каналом https://t.me/realtor_veretennikov/811"
ostovglobal,channel,"Группа Компаний ""ОСТОВ""",235,🟢Строим городские пространства будущего  🟢20 лет преображаем города
bolshayaochakovskaya2_uk,channel,Большая Очаковская 2 ПИК-Комфорт,871,"Информационный канал управляющей компании ПИК-Комфорт.  Адрес офиса: Большая Очаковская 2, около 3 подъезда.   Контакт-центр: 8 (495) 505-89-89  Оставить заявку можно в личном кабинете:  https://redirect.appmetrica.yandex.com/serve/605259799902316713"
realty_permyakova,channel,Недвижимость_Пермякова,132,"Добро пожаловать в канал ""Недвижимость_Пермякова""! Здесь я делюсь актуальной информацией о рынке недвижимости, советами по покупке, продаже и аренде объектов, а также полезными лайфхаками для клиентов."
livetoitalychat,group,"Турин жизнь, жилье, документы в Италии 🇮🇹",627,"Общение о реальной жизни в Италии: аренда, покупка жилья, прописка, ВНЖ, документы и бытовые истории. Присоединяйтесь — здесь делимся опытом и советами по северу Италии."
akademparkspb,channel,Недвижимость СПБ и Ленобласть,86,"Мы в MaX https://max.ru/join/yU6pwVfi5_jnUviyiqSCXQnqwxVj0eGCKjW56WuG04M  Поможем подобрать Вам лучшую  квартиру,звоните +7 960-253-46-65 ! Только под Ваши критерии! Бесплатно и комфортно для Вас сопровождаем на всех этапах покупки."
realtor_zorina,channel,Елена Зорина | Эксперт по недвижимости | Санкт-Петербург,322,
mfclotoshino,channel,МФЦ муниципального округа Лотошино,116,Официальный канал МФЦ Лотошино. Телефон: 122 далее 3.
mg_nedvizhimost,channel,MG: Недвижимость и жизнь,88,"Показываю «изнанку» рынка Питера и ЛО. Обман в моем деле = гибель бизнеса, поэтому здесь только правда, которую вы проверите сами. • Экономлю на ипотеке • Подбираю квартиры как для себя  Тел.: +7 (921) 407-03-05 Сайт: https://gorshkovrealtor.ru"
mosregas24,channel,Mosregas24 ( Временная Регистрация в Москве),170,
svzk_samara,channel,СВЗК - центр по оформлению недвижимости,143,Группа компаний «СВЗК» работает с 2004 года и успешно оказывает услуги в области земельных отношений и недвижимости.   🌐svzk.ru⬅️  Наш аккаунт ВКонтакте 👉 https://vk.com/svzk_smr
luridbonus,group,💎 Обмен подарками 💎,1761,- Постоянная группа для совместных закупок @LuridBonus - Канал по игре  @LuridChannel
the_kalambet,channel,KALAMBET_PM,453,"МЫ НЕ КОПИРУЕМ, МЫ СОЗДАЕМ   у нас ты можешь найти:  - качественный и натуральный перманент , татуировки - удаление некачественного татуажа  - обучения как с 0 так и повышение квалификации  номер для записи +7 (964) 909-99-55   inst:kalambet_permanent"
yuvelir_chil,channel,Yuvelir,553,Постоянная платформа для стримов: https://kick.com/yuvelir-chil  Деловые предложения: @yuvelirchil
mihalna_pm,channel,Перманент у Михалны,278,"Маркелова Ксения — Художник, мастер натурального перманента Москвы и Московской области Адрес студии: г. Лыткарино ул. Ухтомского 4с1  Запись на процедуру - @ik_xe 89099339060 Ксения"
kavkaz4x4baza,group,КАВКАЗ 4х4 БАЗА,601,"КАВКАЗ 4х4 БАЗА - постоянная база 4х4, джипы, внедорожники, offroad, 4wd - прикладное джиповодство для духовного роста! ))  Адрес площадки: Восточный обход,225"
silly_market,channel,Silly Market | арт-маркет в Бишкеке,924,SILLY SILLY SILLY   О нас: Мы первый Арт-Маркет в Бишкеке и приглашаем вас к нам!  Наша постоянная локация  📍Арт Галерея в Дубовом Парке Наш магазин работает с 11:00–17:00  Наш Инстаграм: https://www.instagram.com/silly_market_kg?igsh=NHFwdzVjcHc4YWZk
rosreestr_74,channel,Росреестр_Челябинск,771,"Официальный канал Управления Росреестра по Челябинской области  Сайт: https://rosreestr.gov.ru (Чел.обл) Тел.: +7 351 237-27-90 (91,92) Соцсети: vk.com/rosreestr_chel  Почта для СМИ: 74press_rosreestr@mail.ru Отправить обращение: https://clck.ru/XzQGF"
ssvnchmm,channel,Севушка🪷,370,"про вожатство,форумы и книги  — здесь! тг:ssvnchm; стихи тут: https://t.me/bysevincmuradova канал в макс: https://max.ru/join/T-qrEI4xE0KF8951CnA08EMVh9ww0kFF9t_0ejg7JRA"
zgoroba,channel,Валерия Валерьевна🪩,200,"Всем салют, Валерия тут💕"
stasyyunt,channel,тасюта🌷🐇,131,@molekula_236 лс
architecture_as_startup,channel,Алина Черейская про архитектуру как стартап,180,"Временная архитектура, стартапы, AI-штучки и робочерви"
verbalgames,channel,как карта ляжет,56,"всратые кружочки, крапленые карты дорог и пробел в резюме   даша, ex creative dir orator.club   @datimotina"
tabneptune,channel,تبلیغات | نپتون,68,آیدی جهت رزرو:  @Nepton_ALI  تقاضای تخفیف نکنید!
linkdonikarajiya,channel,🍋لینکدونی‌کرجی ها🔥,22,🥇گروه و کانالت رو با ما ببر بالا🗣🔝  ثبت تبلیغ شما همزمان در #۸۰_لینکدونی با‌پرداخت یک هزینه👇 🥇@List_Linkdoni 💯با #بیشترین_عضوفعال✌️  شرایط👈 @Linkesf  ادمین👈‌ @EsfLink_Admin  📲پنل خدمات مجازی👇@Esfahangap_Shopbot  ربات مدیریت گروه #رایگان👇 ♛➲ @GuardKingTm
linkdoni_esfahaniya,channel,لینکدونی اصفهانیا🍉,9,🥇#تنها_لینکدونیهای_قدیمی_پربازده💯🧲#مرکز_ماییم بقیه درحال اسکی⛷  💯🧲ثبت تبلیغ شما همزمان در #۵۰_لینکدونی💎👈@List_Linkdoni شرایط و ادمین ثبت👈 @linkesf  🌏#لینکدونی_دوم_ما🥇👇  @LinkdoniGlobal  شرایط ثبت👈 @linkdonigloobal  📲پنل خدمات مجازی👇@esfahangap_shopbot
esfahan_add,channel,لینکدونی برو بچ اصفهان 🕺💃,10,🥇#تنها_لینکدونیهای_قدیمی_پربازده_اصفهان 💯🧲#مرکز_ماییم بقیه درحال اسکی⛷  💯🧲ثبت تبلیغ شما همزمان در #۸۰_لینکدونی💎👈@List_Linkdoni شرایط و ادمین ثبت👈 @linkesf  📲پنل خدمات مجازی👇@esfahangap_shopbot
matinstories,channel,متین و تبلیغاتش,31,
linkdoniesfahania1,channel,لینکدونی اصفهان 👥,23,🥇گروه و کانالت رو با ما ببر بالا🗣🔝  ثبت تبلیغ شما همزمان در #۸۰_لینکدونی با‌پرداخت یک هزینه👇 🥇@List_Linkdoni 💯با #بیشترین_عضوفعال✌️  شرایط👈 @Linkesf  ادمین👈‌ @EsfLink_Admin  📲پنل خدمات مجازی👇@Esfahangap_Shopbot  ربات مدیریت گروه #رایگان👇 ♛➲ @GuardKingTm
majaziiiran,channel,لینک گروه چنل ممبر اینستاگرام کسب کار,13,🥇گروه و کانالت رو با ما ببر بالا🗣🔝  ثبت تبلیغ شما همزمان در #100_لینکدونی با‌پرداخت یک هزینه👇 ✅🥇@List_Linkdoni 💯با #بیشترین_عضوفعال✌️  شرایط👈 @Linkesf  ادمین👈‌ @EsfLink_Admin  📲پنل خدمات مجازی👇@Esfahangap_Shopbot  ربات مدیریت گروه #رایگان👇 ♛➲ @GuardKingTm
linkdoni_tabrizz,channel,لینکدونی تبریز,18,🥇گروه و کانالت رو با ما ببر بالا🗣🔝  ثبت تبلیغ شما همزمان در #100_لینکدونی با‌پرداخت یک هزینه👇 ✅🥇@List_Linkdoni 💯با #بیشترین_عضوفعال✌️  شرایط👈 @Linkesf  ادمین👈‌ @EsfLink_Admin  📲پنل خدمات مجازی👇@Esfahangap_Shopbot  ربات مدیریت گروه #رایگان👇 ♛➲ @GuardKingTm
lin_k1,channel,👭👬لینکدونی اصفهان تهران کرج دونی👫,14,🌐 #بهترین_و_فعالترین لینکدونیهای تلگرام با بازدهی عالی ثبت تبلیغ همزمان #100_لینکدونی 🥇@List_Linkdoni 💎 @LinkdAlmas لینکدونی اصلی🥇   📌شرایط👈 @sabtlinkauto  🖇ثبت اتومات👈 @LinkdoniAutoBot    💎خدمات مجازی @AlmasLinkD
esfahanlinkdoniesfonee,channel,لینکدونی اصفهان شیراز تهران کرج,14,🥇گروه و کانالت رو با ما ببر بالا🗣🔝  ثبت تبلیغ شما همزمان در #۸۰_لینکدونی با‌پرداخت یک هزینه👇 🥇@List_Linkdoni 💯با #بیشترین_عضوفعال✌️  شرایط👈 @Linkesf  ادمین👈‌ @EsfLink_Admin  📲پنل خدمات مجازی👇@Esfahangap_Shopbot  ربات مدیریت گروه #رایگان👇 ♛➲ @GuardKingTm
prmarina_tmm,channel,PR marina_tmm,15,Реклама на канале: @marinatmm
shrayet_link1,channel,شرایط ثبت لینک,5,
bitz_casino_slots,channel,Bitz Casino официальный сайт — Битз Онлайн,2,"Bitz Casino – это мир захватывающих игр 🎰 и бонусов 💰. Входи на официальный сайт Bitz Casino и наслаждайся фриспинами, бездепозитными бонусами и быстрыми регистрациями. Зеркало Bitz поможет обойти блокировки и продолжать игру online без остановок! 🚀"
linkdadminbot,bot,Linkdoni 🧿 لینکدونی,,ثبت پست به صورت خودکار ☄ ثبت تبلیغات مطمئن 💯  ✨ @Linkdoniwar2 -- لینکدونی  👤 @linkPay1 -- ادمین
chepe24,channel,⚡️ЧП24,269,Тот самый новостной канал - ЧП  🌐За рекламой обращайтесь - @ant123k  Perfluence
pravogrf,channel,Юрист 🇬🇪 🇷🇺,102,Канал создан с целью обеспечения консультационной/практической правовой поддержки в Грузии и в РФ.
pingvi_comics,channel,Пингви. 🐧🐧🐧,41,"ГРУППА СТРОГО 18+ (16+). Если вам нет 16-18 лет, то прошу вас не заходить!!!"
tbyos,channel,The Black Years of Syria,42,Мод посвящен всем погибшим солдатам в борьбе с терроризмом на ближнем Востоке ВСЕ БАНДЫ И ГРУППИРОВКИ ПРИЗНАННЫЕ В РФ НЕЗАКОННЫМИ ЭКСТРЕМИСТСКИМИ И ТЕРРОРИСТИЧЕСКИМИ МЫ ОСУЖДАЕМ И НЕ СПОНСИРУЕ‼️  МОД ЗАБРОШЕН И БОЛЬШЕ НЕ РАЗРАБАТЫВАЕТСЯ ‼️‼️‼️‼️‼️‼️‼️‼️
jus_ordinarium,channel,Пᚹ⌷ⵎꓔ⎕⚖️Пᚹа𐌇⎕,32,"– держитесь правовой стороны ➡️⚖️  юридический канал, для ненавязчивого повышения правовой грамотности.  📜 законы; 💼 правомерности; 📰новости; 📌обзоры; ⏬инструкции; 📝консультации; ⚖️ судебные процессы 📊 опросы."
ecogor_sev,channel,АНО «Экология города» | Севастополь,30,"Официальный канал АНО «Экология города» — за чистый, зелёный и осознанный Севастополь. 📍 Новости экологии ♻️ Советы по утилизации 🐬 Сохранение природы 🛑 Борьба с незаконными свалками Подключайся — природа нуждается в нас."
yonx066,channel,منصة إتقان التعلم لتخصصات.,4010,
yooni_pro,channel,Антон Лемзаков | Продвижение товаров на Wildberries,393,"Wildberries без гадания: карточка, реклама, склады, выкуп и юнит-экономика.  Разбираю, почему товар не растёт, где теряется прибыль и что при этом делать.  Связь: @Anton_WB Антон Лемзаков, yooni.pro."
yonik_life,channel,ᴨᴏʍᴏщь ᴏᴛ ʏᴏᴜɴɪᴋ_ʟᴇʀᴜs) 🩷,739,"-этот тгк поmожeт во всem🫂 mы тут приниmаem диалоги,эдиты и т.д -mонтируem в бвс,аm,mн,кк и т.д заходитe,нe тeряйтe роднули💋"
karenannlucykmacdonald,channel,:karen :lucyk macdonald,1142,"quantum living transformational motivational guest speaker natural health, cosmic detox, super herbs, GENIUSbiofeedback colonics yoni V aromaoils womb care fertility longevity technology  matrixenergy distance Esteaming reflexology acupunture bear mamma"
artedafeminilidade,channel,Arte da Feminilidade,765,Terapeuta integrativa/sistêmica Sistema Yoni Terapia-yoni egg  Empoderamento feminino em 7 níveis     Instagram @arte_da_feminilidade
johnnychaannel,channel,J🅾️hnny Ch🅰️nnel,115,"«И кто сделает вам зло, если вы будете ревнителями доброго?»    Первое послание Петра   3 : 13   SYNO"
oni_zaotechestvo,channel,БАТЮШКИ БОЕВОГО СОПРИКОСНОВЕНИЯ,944,Канал члена Союза писателей России Сергея Галицкого о православных военных священниках и помощи Божьей на войне
kacademyuz,channel,K-Academy,402,🔝Ta’lim sifati va natija bo‘yicha O‘zbekistondagi yetakchi koreys tili online maktabi!  Kursga yozilish: @MuzaffarUstoz Asosiy kanal: @MuzaffarOrgatadi
koreyskiyee,channel,Корея кино 🇰🇷,857,Китай дорама 🇨🇳 @kitayskiyyo   Админ и Реклама @LIDER_TS  Наш основной канал | @Dorammaii | @kinomiroov
topik2_writing,channel,"✍️ TOPIK 2 쓰기 [51, 52, 53,54]",3072,🔥 Koreys tili va TOPIK bo'yicha onlayn darslarga yozilish uchun👇👇👇👇👇 👉 @JEONBUK_KTM_ADMIN
milslololo2280,channel,Милс |16+|,13931,✨Официальный тгк✨ ✨Тикток:@ _vasilok_ ✨Все части комикса: https://mangalib.me/ru/manga/210334--naidi-sebya-lololoska?section=comments&ui=72 ✨ t.me/anonaskbot?start=Milskis228lol Что такое СТ?
wardens_conf,channel,wardens conf,769,cr: https://pin.it/3jajMdJRR
mesugakl,channel,Mesugaki Museum,2331,"Happy Pride!🏳️‍🌈 Welcome to the Museum, we've got plenty to show! We post anything from size differences, yuri/yaoi, femboys, milfs, to even furries. Chat: https://t.me/+PH4TQNGUBuwzNTAx Rules: https://t.me/mesugak2"
sakha_muzey,channel,Музей музыки и фольклора народов Якутии им. А.П. Решетниковой,214,"Новости, анонсы, мероприятия нашего музея  🇷🇺🇷🇺🇷🇺"
muzeyrb,channel,Национальный музей Республики Бурятия,661,Канал музея в MAX: https://max.ru/id326495937_gos
muzey_dolinsk,channel,Долинский историко-краеведческий музей,234,"Долинский историко-краеведческий музей  Адрес: Сахалинская область,  город Долинск, улица Пионерская 10-Б Контактный телефон: 8 (4242) 55-65-19"
tarix_muzeyi,channel,Oʻzbekiston tarixi davlat muzeyi,837,O'zbekiston tarixi davlat muzeyining rasmiy telegram sahifasi  Aloqa👉 @tarixmuzeyi_aloqa_bot
muzey_yuhnov,channel,"ВИМ ""Юхнов-город воинской доблести""",92,"Теперь мы в телеграм-канале!😃 Читайте, подписывайтесь и ходите в музей как можно чаще!😊"
muzey_vgo,channel,Историко краеведческий музей,46,"Официальная страница муниципального учреждения культуры Верхнеуфалейского городского округа ""Историко-краеведческий музей"""
artdesignart,channel,АРТ ДИЗАЙН,614,"Группа компаний Арт Дизайн выпускает открытки, которые говорят о чувствах и поднимают настроение и делают мир ярче! У наших открыток есть душа!  Наш мир ОТКРЫТ КАждому"
uwcconf,channel,🫧Underwater Cafe Confession🐟,460,Бот для тейков - @uwcTake_bot
urbanspookcf,channel,Urbanspook confession [ 🥩🎨 ],1133,"Канал посвящён хоррору UrbanSPOOK и в частности его создателю  Владелец не ведает что творит, так что не судите его строго, и приятного времяпрепровождения  Stay spooky!!"
otkritay_terapia,channel,Открытая терапия с Валентиной Зуевой,1566,
vladivostokconfession,channel,[🏙🦈]владивосток confession,100,бот- @vdk_teiksbot
computercf,channel,Computer confession 🖥️,133,
otkrivaisya,channel,ОТКРЫВАЙСЯ Женский клуб,391,"Приглашаю вас в пространство для роста и развития женщин 🙌🏻 наш Женский клуб — это место силы, пространство, где можно восстановиться, зарядиться, получить новые эмоции, невероятные знакомства, строить коллаборации, вместе расти и развиваться"
altkratcyyoshka,channel,Alt Ё/Й confession,312,@altkratcyyoshkacf_takesbot cr(все арты в оформе+ава): @Kratkys_hole
trorkrutoichannel,channel,The Remains Of Robloxia Confession | TROR,235,Трор конфйшн ^_^ юхууу япиии
skyengconfession,channel,sᴋʏᴇɴɢ ʏᴏᴜᴛᴜʙᴇ ᴄʜᴀɴɴᴇʟ ᴄᴏɴғᴇssɪᴏɴ,182,"кф по ютуб-каналам skyeng и тутти фрутти📘 (фан телеграм-канал)  здесь вы можете обсудить новые выпуски, поделиться своими мыслями, рисунками, мемами, видео, эдитами, фотографиями, связанными с ведущими канала  бот для тейков - @skyengcfbot"
otkritolv,channel,Otkrito.lv,97,Новости Латвии. Обзор самых актуальных и интересных событий в Латвии и мире на русском языке https://rus.jauns.lv
saratov_cf,channel,Саратов confession,51,Бот для тейков- @saratov_take_bot Анонимный бот для тейков- @saratov_anontake_bot Просьба не кидать премиум эмодзи в ботов ;>
otkritayabibka,channel,Открытая библиотека📚,147,"Центральная модельная библиотека ДОМ, п. Залари"
orcaconfessions,channel,orca confessions!!,25,꒰  ♡  ꒱ сообщество любителей косаток!! наш бот @orcatake_bot
otkrmg,channel,Откровения Меганубика | Brony,126,Откровения Меганубика  Буст—> t.me/boost/otkrmg Угрозы писать сюда—> @Godisablackwoman
dukolife,channel,Duko.Life,902,
cheryautolife,channel,CHERY Andijon Autolife | Rasmiy kanal,951,"Chery Andijon Autolife  – Rasmiy dilerlik markazi 📍 Manzil: Andijon shahri, 80 metr aylanma yo'li 🕘 Ish vaqti: Dushanba – Yakshanba: 09:00 – 20:00  📞 +998  95 490 11 10 📞 +998  95 490 11 00   chat - @Chery_autolifechat"
stasyadubkolife,channel,STASYADUBKO LIFE,494,"Ребята всем привет 👐🏽 здесь я буду делиться своим life контентом, рассказывать крутые фишки про обработку, показывать вам новые луки и просто общаться ❤️"
spirit_kleo1,channel,𝑆𝑃𝐼𝑅𝐼𝑇 & 𝐾𝐿𝐸𝑂 | при свете керасиновой лампы,319,"Пристанище для орлят и оленят. Творения мастерской «При свете керосиновой лампы»: миниатюры, арты, лесные находки, процессы и конкурсы. Входите в наш лес, всегда рады!  Владелец — Клео ( @spirit_Kleo ) Анонимные сообщения —  https://t.me/spirit_kleo1/7622"
choizpubg,channel,CHOIZ,317,𝐊𝐀𝐂𝐓𝐎𝐌𝐊И 𝐓𝐀 𝐏𝐎𝟑𝐈Г𝐏𝐀Ш𝐈  𝐔𝐂
tummyshadowmilkscf,channel,Пузико Shadow Milk's cf,121,Ярые фанаты животика Шедоу Милка ❤️❤️
chuuufie,channel,chuufie,44,главный oc/canon content enjoyer  арт-статус: реквесты — закрыты трейды — открыты коллабы — открыты коммишены — открыты  лс: @beernpancakess
life_chudo,channel,Наталья Лаптева | Душа Ум Тело,94,🌀род - фундамент жизни 🌀жизнь - совокупность систем 🌀душа/ум/тело - твоя первая система   https://www.instagram.com/lapteva__natalya?igsh=aGVwampvNm1xMDN3&utm_source=qr
blllackfaun,channel,Grad 18+,209,Anthro and feral artist Commissinos: open
my_life_chuchu,channel,My life 🤪✨🫠,127,
chumaklife,channel,Чумак/Тату Воронеж,79,
staceysplace,channel,РЕСТ|| 𝑺𝒕𝒂𝒄𝒆𝒚'𝒔 𝒑𝒍𝒂𝒄𝒆 || #шубка,81,"— рисую. горящие дедлайны, спонтанное вдохновение и неумение рендерить — это я 🥲 #кокосоваяненависть #светаленавикаАморковика #любовницавшкафуАрины"
zalupnyyvibe,channel,Zalupnyy vibe,13,"Чиста скетчи, чиста дернул-дал"
cholinalife,channel,"✽﹒𝑑𝑟𝑒𝑎𝑚𝑠, 𝑠𝑤𝑒𝑒𝑡𝑠 𝑎𝑛𝑑 𝑘𝑖𝑠𝑠𝑒𝑠",19,
chuchuwous,channel,Chibi (chu),13,
tymbo44kaaa,channel,Сукальбач скаракакучкака,42,𖣂 https://www.instagram.com/tymbo44ka_?igsh=MTRuenFvbnA3cG9wYw==
bebebebebekakashki,channel,꧁ᥴᥱρᥱʙ𐌺 ᥲκ᧘ᥙᴛᥴ᧐ᥰᴛᥙЩ ⼺,16,Канал щп ебанатов хохохо Чем гуще лес шкибиди доп доп ес ес
chouvastutproishodit,channel,Чтооо щп коммуналки 🧔‍♀️,21,миллионы лет овуляции на это☠️☠️
chuu2day,channel,#honeychuu. 🐝♥️,5,"(⁠◕⁠ᴗ⁠◕⁠✿⁠) syelamat haffi birthday (⁠人⁠*⁠´⁠∀⁠｀⁠)⁠｡⁠*ﾟ  ‌     ◞` ,  __ ,´◟ ‌  ‌ ‌ ‌ ꒰  𓏸  ' ꒳ ' 𓏸 ‌ ꒱ ❀‌ ‌  ‌ ‌‌ ૮‌      ‌‌ ୨୧‌ ‌‌ っ( @chibikko @naykahara @nakaharha @ctainted @gravecode .ᐟ 🎀"
mr_umbro,channel,_Weißer Rabe_,19,
saechysik,channel,чибивоин,24,сука
savkoo7,channel,кацучян 🌧,24,i see....this makes sense....
alexchumakoff,channel,Алексей Чумаков,8231,
up0020_m,channel,Shubka_joke,1312,▒▒▒░▒▒▒░▒▒▒░▒▒▒░▒▒▒░ ▒▒▒░▒▒▒░▒▒▒░▒▒▒░▒▒▒░ ▒▒▒░▒▒▒░▒▒▒░▒▒▒░▒▒▒░ ████████████████████ ██░░░░░█░██░█░░░░░██ ████░███░░█░███░████ ████░███░█░░███░████ ████░███░██░███░████ ████████████████████ ▒▒▒░▒▒▒░▒▒▒░▒▒▒░▒▒▒░ ▒▒▒░▒▒▒░▒▒▒░▒▒▒░▒▒▒░ ▒▒▒░▒▒▒░▒▒▒░▒▒▒░▒▒▒░ жги
larisa_yurochko,channel,Лариса Юрочко,255,Глава Чукотского района  Лариса Петровна Юрочко.  Расскажу о жизни самого восточного района нашей страны!  Новости нашего района - taplink.cc/chukotraion
nasvaiiixxx,channel,Sona's dream,142,ларп ларп ларп кинг
chokowipandthings,channel,choko’s wip n things✨,83,"Hello my fellas! Here i’ll show you more things about my passion (and work in a certain sense). Well, if you wanna, enter!^^ instagram: choko.mixx contact: https://t.me/gaiuzzina"
hazebirdie,channel,Серпанкова пташечка,148,"Арти на тему фентезі та ОС |Jjk, One Piece, The Elder Scrolls|  Трейд: Закритий🤍"
elchubo_talks,channel,Чубовские записки 👀,34,
chupachuuuuuuu,channel,чупа чууу угарает по скз,51,я хочу чтобы Олег Волков сделал из меня люля кебаб и съел
tlowkstchiba,channel,TLOWK>Chiba,69,"Канал ютубера и стримера Чибы, в котором будут выкладываться исключительно рисунки, коммишки, адопты и полностью рисованные видео (аниматики, тик токи и тд) Основа:"
tadeconart,channel,tadecon,58,"◖Художник фрилансер •Арты, таймлапсы, поэтапки •Заказы закрыты •pfp: https://t.me/bkdthh  X/Twitter: https://x.com/tadecon Boosty: https://boosty.to/tadecon Twitch: https://www.twitch.tv/tadeconn"
liamchikbro,channel,где мои колëса,51,червяк бяк
polus_chukotka,channel,Чукотка. Полюс влияния,36,
gupakebra1783,channel,Чуба думает ~|самый медленный художник|~(16+),23,"Если есть вопросы к автору, вот его личка: @nastyona_gypakebra !Писать только по важным темам!"
pipikakic,channel,Логово чукапабры,6,Самый ужасный канал который ты когда либо увидел  Здравствуй! Ты пришел к моему логову логову чукапабры!   Надеюсь что вам понравиться…
blin3332,channel,шоп лесополосы | не лич,,@DVADURAKA_2
e64nko,channel,Е64нько,257,
chuuarch,channel,Kim Chuu,287,True Aegyomaxxer 🤍 Masha @TheChuubot Goal 500
ebobohkaa,channel,MC и q.jebkis,260,𓍯𓆩ฅ^∘ﻌ∘^ฅ𓆪 ∘Ссылочка на анонимные вопросики/сообщения для меня и моих админов: t.me/anonaskbot?start=ebobohik  ∘Ссылка на YouTube канал:   https://youtube.com/@ebobohik_new_akk?si=f-8aoyw
chuchuulu,channel,чучу ᝰ.ᐟ,202,ᴄоцᴄᴇᴛи:  Тт: tsukasa_suou  Вк: чучу ᝰ.ᐟ
bimbo_stoicism,channel,бимбо-стоик,143,превратим Россию в Шамбалу snobbish party in da house  adm: @negoduyu_nenavizhu
chaju_chuu,channel,chaju``,101,амбассадор рассквятов  щп https://t.me/cheesestino
stock1ngrbx,channel,🧁ɥ𐔤᥈ⲕᥲ||rb᥊🧁,112,"Всем сап 🧁 Это телеграмм канал про роблокс, меня зовут Чулко 🎂 Лс: @St0ck1nXg 🍰"
chuusoul,channel,chuu soul ⊹ ࣪ ˖ ໒꒱ 🍨,70,𑣲 место любви для самого лучшего пингвиненка на свете 🤍 ⌗ @yumichbot & t.me/coopwch3 🧁
chwc_ko,channel,Горящий Цирк им. Райкова,32,"https://t.me/CHwC_KO - Это наш ТГ, этот канал. https://www.instagram.com/uraikov - Це моя инста https://www.tiktok.com/@urvoriginal - Мой тикитокий.  https://www.youtube.com/@UncleRaikoV - Енто канал на юутубе @URVVPredlojkabot - це предложка!"
toriko_chuu,channel,Госпожа Тори 🐣 | TORIKO,26,"Гений, художник, (не)миллиардер  Группа ВК: https://vk.com/toriko_chuu Hipolink: https://hipolink.net/toriko"
prostoshukordobest,channel,⋆ Шукордо наркоманит ⋆,20,⋆ Мы с Ибисом ходим парой
chuuuuudj,channel,INFO,14,ملاك
ekaterinburgt,channel,Екатеринбург,2873,Читает 57 друзей    Лента новостей города и региона   👤   @gloomers
f_ekaterina2012,channel,E_Fedorovykh 💙,54,"Воздушная гимнастка ,танцор 💃 .  Живу в Сочи 🌊"
ekaterinabogina,channel,Богиня саморазвития,425,"👸Катя Богина: полезности для роста и развития  💁🏻‍♀️Предприниматель в образовании, психолог  🔧Хаки в саморазвитии и психологии  💰 Рост и масштаб в карьере и своем деле  🚀Трекер стартапов, ведущий мастермайндов 🌎 Живу в путешествии 🇦🇺🇬🇧🇳🇱🇨🇾🇮🇱"
alla_semenyuk_psy,channel,🧿 Психология с Аллой Семенюк,527,"Канал психолога для людей, которые одновременно боятся быть слишком и недостаточно. Для тех, кому невыносимо ошибаться, кто живёт с хроническим стыдом и виной. Для тех, кому трудно выдерживать близость и невозможно выдерживать одиночество."
oksj1973,channel,Мастер Целитель✨️Оксана Бейнарович✨️Рейки✨ Рунолог✨ТетаХилинг✨✨✨✨,591,"Целитель, проводник высоких вибраций, Мастер Рейки💫  Помогаю в разных сферах Работаю онлайн  Работаю в энергиях Рейки, Лунное Рейки, Тета Хилинг, ЭСЕИ, Ченнелинг, Руны  Запись в личные сообщения Телеграм @oksana_bej  Отзывы https://t.me/ovb1973ovb"
ukrbookmuseum,channel,Музей 🇺🇦 книги,339,Музей української книги Одеської обласної універсальної наукової бібліотеки імені М. С. Грушевського  Завідувач: Євген Забіянов @Zabiianov
kseniya_konovalenko_inside,channel,Ксения Коноваленко | Отношения и любовь,266,"✍️@kseniya_konovalenko  возвращение к себе через тело, честность и свободу, вместо контроля❤️  Запишись на консультацию: ☎️89039976355"
blagodary_oksanasenicheva,channel,Отзывы о психологе Оксане Сеничевой,30,"Помогаю🫶 • прийти к себе истинной, построить мостик между собой и собой  • наладить взаимоотношения с партнером, родителями, детьми • восстановить здоровье    Ссылка на мой канал 👉 https://t.me/psy_oksanasenicheva Запись на консультацию👉 @oksana_senicheva"
dailyartukraine,channel,@dailyartukraine,109,"Daily Art Ukraine | Media — Telegram канал про українське мистецтво.  Об’єднуємо контент видань art.oksamyt.org та ukraineart.com.ua  Стежте в щоденному форматі за мистецькими подіями, новими статтями та ексклюзивними інтерв’ю.  Щодо співпраці👉@OVadmin"
oksana_stepanishcheva,channel,Тело в порядке | Оксана Степанищева,25,Сильное тело и энергия 10+ лет регулярных тренировок Питание • привычки •сопровождение Связь: @k_sse_nia 89263715505
kseniya_psy_ocifrovka,channel,💎 Семейно-детский психолог-консультант| Ксения|Мастер Дизайн Души 💎,50,"Я Ксения, психолог-консультант. Моя специализация – семейно-детское консультирование. Я – тот человек, которому можно выложить все свои семейные перепитии, разрешить вопросы с детьми и, возможно, с самим собой.  Запись на консультацию @BGKseniya"
oksana_penechko,channel,ОТЗЫВЫ ИСЦЕЛЕНИЯ,13,"Добро пожаловать в канал с отзывами моих клиентов!  Подписывайтесь на мой основной канал: https://t.me/Penechko_Doc_tor  Чтобы записаться на консультацию, пишите  📲 @Penechko_doctor"
oksana_semenchenko,channel,Оксана Семенченко,9,Бизнес💵 Успех 🍀 Мотивация 🔝 🔥🔥🔥 Узнай как на самом деле это работает
ovb1973ovb,channel,Отзывы Бейнарович Оксана,2,
igorobolensky,channel,Игорь Оболенский,24369,"Писатель, проводник по Москве, автор и ведущий документального телепроекта «Место гения» на канале «Поехали» (Первый канал Всемирная сеть). Расписание событий:  https://taplink.cc/igorobolensky  Регистрация канала или персональной страницы № 4779562442"
flakonduhovspb,channel,FLAKON_DUHOV blog,21758,"Я КАТЯ, СО МНОЙ НА ТЫ  Сведения о наличии в перечне наименования и (или) указателя персональной страницы: https://gosuslugi.ru/snet/679a003075154c7eca106ee5  🌟жизнь в доме, благоустройство, уют 🌟общественный деятель 🌟досуг, обзоры, локации, покупк"
equitorinvest,channel,Equitor Invest,673,"Разбираем активы, инструменты и портфели без розовых очков. Фондовый рынок, ETF, недвижка, крипта. Для инвесторов, которые считают, а не гадают.  (ни один пост не является персональной финансовой рекомендацией)  Сотрудничество: @imporeumm"
finlite_ish,channel,Finlite ish,269,O'zbekiston bo'ylab asosan Moliya va buxgalteriya sohasidagi ish o'rinlari va boshqa ish o'rinlari mavjud kanal.   Biz bilan bog'lanish: @finlite_HR_menejer
apopov_design,channel,POPOV.DESIGN | студия интерьера,185,
teoremaofficewear,channel,Teorema Officewear,191,"Женская одежда для деловых женщин. Что уже есть и что будет, - новинки коллекций, эксклюзивные акции только для подписчиков канала, экспертные советы по стилю."
officeface,channel,OFFICE FACE | CREative!,37,• 14 лет делаем офисы ярче! • 500 проектов • Авторская навигация • Брендинг офисов • Работа с регионами | https://яркие-офисы.рф/
pointproarch,channel,PointPROАрхитектура,116,"✅️Реалии проектирования ✅️Аналитика, гайды, примеры ✅️Тренды в архитектуре и дизайне https://Pointpro.pro г. Р-н-Д, пер. Братский 47 +7 905 425-09-71"
komplexfederatcia,channel,Комплекс ФЕДЕРАЦИЯ,57,"Комплекс «Федерация» - это два элегантных дома, увязанные в безупречно организованное пространство.  Это воплощение передовых принципов проектирования квартирного жилья и  инновационный подход к формированию офисного  пространства"
startofficefitout,channel,StartOffice - FIT OUT с опытом,11,Мы сделаем ваш офис местом силы и успеха  Советы по трансформации и проектированию коммерческих пространств Видеообзоры и интервью с экспертами Современные тренды и технологии FIT OUT  Сайт: https://start-off.ru/?utm_source=tg
vtime_object_office,channel,V-time Object Office,7,Дизайн офисных пространств  www.v-time.kz
registan_school_sam,channel,"Registon xususiy maktabi, Samarqand",820,Registon xususiy maktabi – natijaga asoslangan ta’lim!  📞 +998910022700
blackvue_russia,channel,BlackVue Russia,441,"Друзья, рады приветствовать вас на нашем канале.  Мы единственный в России официальный представитель BlackVue - производителя систем видеонаблюдения для авто премиум класса.   Наш сайт: https://www.blackvue.ru"
pikibet12,channel,Pikibet.⚽️🏀🎾🎯 🔞,2301,"Pikibet is a free football prediction site that helps everyday punters win more often. If you’ve been searching for a reliable place to get daily football tips, then you just struck gold with us. https://pikibet.com/ ⚽️  Message admin @CEOpikibet"
taxt_muxri_tv,channel,Taxt Muxri | AniLegend,2035,Assalomu alaykum bu kanalga Taxt Muxri Donghuasini O'zbek tilida Tomosha Qilishingiz Mumkin.  Asosiy Kanal: @DonghualarX Manba: @AniLegend
b_blik_0,channel,مَــارســي,680,نلوذُ بِصَمتِنا حِينَ المَقالُ يَضيقُ. . @G_M_Y_YY17BOT
akra_abh,channel,АКРА,250,Ассоциация киберспорта республики Абхазия  Наши ссылки: YouTube - https://www.youtube.com/@AKRA_abh  Instagram - https://www.instagram.com/akraabh  Twitch -  https://www.twitch.tv/akra_abh  Discord -  https://discord.gg/tcgaBKQS8b
ticketme_abh,channel,ticketme.abh,364,TicketMe - билеты онлайн на все мероприятия в Абхазии! https://ticketme.biz/  Instagram- https://www.instagram.com/ticketme.abh?igsh=MWk0bmlqZmNpNjFrcQ%3D%3D&utm_source=qr
kazikmvp,channel,казэнак,334,сенса/упр/хелпа @papakazik
teamheadhunter,channel,𝙏𝙀𝘼𝙈 𝙃𝙃 ( 𝘾𝘽 & 𝙄𝙉𝙎𝙐𝙍𝘼𝙉𝘾𝙀),404,https://telegra.ph/Disclaimer-11-25-17  @durov  @telegram
karpiha_ck,channel,Polozhnyak Karpihi,277,
cavalrysss,channel,Equ. rp🏇,244,11.01.2026-др канала владелец: @cavalryssss
call_of_duty_mobile100,channel,🌐Call of duty mobile🌐,20,مسابقات call of diuty mobile  Battle royal  Part 1__18:00 لینک گروه 👇  https://t.me/joinchat/AAAAAE0MBiJXaGUf98g2sQ
joinwithmincost,channel,Abcc,18,Campusx dsmp 1.0
comrtkripto,channel,Cömert Kripto,41,Yatırımsız ve Yatırımlı Bedava Kazanç Sağlayan Sağlam Borsaların ve Sitelerin Kampanyalarından Haberdar Olmak için Cömert Kripto Kanalına Katılın.
todaycb,channel,𝗖𝗕 𝗕𝗬 𝗦𝗛𝗜𝗡𝗖𝗛𝗔𝗡,25,
cyptopcyp,channel,Отзывы супа,9,
eponic67,channel,Епоник без опыта,17,
praisven1k,channel,😈👅,5,
horny_rek,channel,😈🔥,15,
praysvp,channel,прайс vp,4,
priceangelidv,channel,Price Angel IDV,6,
rewwq0,channel,рек/вп вечная скорбь,4,
haruspexinfo,channel,Haruspex shop|info,3,
price_list_micah,channel,Прайс,1,Лс @Ppppp_popp
ssralsat,channel,SSR | ALSAT 🇹🇲🇷🇺,7004,Owner: @Old_burgut -- @Old_Supra77
yaponist_100sp,channel,ЯПОНИСТ,130,Японист- это ваш гид в мире премиальной японской косметики!  Магазин: https://www.100sp.ru/purchase/1001598
mbappegg,channel,Mbappe,97,
muawlinwer,channel,ㅤ⥂잘 𝗆𝗎𝖺𝗐𝗅𝗂𝗇 𝗍𝖺𝗉。,483,"男爱；ㅤㅤinfo votecm shop ㅤㅤㅤown ， allah  ㅤㅤ⇉ отвечаем в течение трех часов, график работы : 10:00 - 20:00 по мск."
hotlinesupp,channel,𝐻𝑂𝑇𝐿𝐼𝑁𝐸: 𝑠ℎ𝑜𝑝,91,
kisssupp,channel,⁽ ♡゙ ₎ 𝐤𝐢𝐬𝐬 ⁞ 𝐬𝐮𝐩𝐩𝐨𝐫𝐭ㅤ!̲!,108,@KissSuppBot по всем вопросам в бот.
beretta100sp,channel,Беретта 100SP,69,https://www.100sp.ru/beretta Более 6000 постоянных покупателей Более 70000 честных отзывов
namitoca,channel,୨ৎ 🎐 aksi💤,68,цель :    110   мой ЛС : @Vanilapop
nmhlpinf,channel,info nmhlp,4,
yurisuppirl,channel,⸝⸝﹫ ︎ 𝗒𝘂𝗋𝗶 𝗌𝘂𝗽𝗉 ︎ꮽ ִ ︎ ︎,3,Бот :  @yurisupp_bot
pricenanas,channel,Price,3,
rus_tili_abituriyent,channel,Подготовка к ДТМ с Адахамжоновым Давронбеком,355,@attestatsiya_rustilii @rustilic1c2 @milliy_sertifikat_rustili1 @C1_rustili_podgotovka @rus_tili_abituriyent@attestatsiya_rustilii @rustilic1c2 @milliy_sertifikat_rustili1 @C1_rustili_podgotovka @rus_tili_abituriyent
abituriyent_vkpm,channel,Абітурієнту ВФКМД '26,194,Канал створений для швидкого інформування  та зворотнього зв'язку з абітурієнтами.
mysaipa,channel,کانال ‌اطلاع‌رسانی‌ کارکنان ‌‌گروه سایپا,9475,ارتباط با ادمین: @ad_mysaipa
bualiuoni,channel,کانال اطلاع رسانی دانشگاه بوعلی سینا همدان,1815,📍گپ دانشگاه بوعلی‌سینا 👇  🆔️ @basu_1404  📍راه ارتباطی با ادمین 👇  t.me/bualiuoni?direct  📍انتشار تمامی اطلاعیه ها و اخبارهای مهم دانشگاه ویژه اساتید و دانشجویان و کارکنان دانشگاه بوعلی‌سینا
mirvakansiyi,channel,газета МИР вакансий,81,"""МИР вакансий""  - еженедельная газета объявлений о вакансиях.   - на сайте: mir-str.ru.    Vk/com/mir-vacant, Vk/com/mir-vacancy, ok.ru/profile/580169524579, my.mail.ru/bk/mir-str/photo/35"
vladservice,channel,Vlad Service | Transport & Möbelmontage,208,"Umzüge,Transport,Möbelmontage Доставка, сборка мебели/кухни. Домашние переезды. ✍️ По всем вопросам пишите мне в личные сообщения: (https://t.me/vlad_korsun09) Webseite: https://vladservice.de/ Instagram: http://www.instagram.com/vladservice.umzug"
fuse_franchise,channel,Fuse Service Franchise,167,https://www.youtube.com/@fuseservicefranchise https://www.instagram.com/fusefranchise/ Book a call with us https://calendly.com/fusefranchise
otzivlar_feya,channel,FEYA COSMETICS STORE NATIJA VA OTZIVLAR🌹,91,https://t.me/+hIpPYZkKEmYxMjgy
how_marketplace,channel,Внутри e-commerce,167,"Все про e-commerce и маркетплейсы простым языком.  Разбираем, как работают платформы, алгоритмы, цены и продвижение. Помогаем бизнесу запускаться и масштабироваться.  Задавайте вопросы в чат @chat_how_marketplace"
plotniyblog,channel,Упаковка франшиз (архив),58,Наш канал переехал сюда  https://t.me/doingbiz ПЕРЕХОДИТЕ! Подписывайтесь! Блог о масштабировании бизнеса  Инстаграм https://instagram.com/doingbiz_ru  Полезные и честные советы по упаковке и продаже франшиз
fxtsignalscomaffiliatebusiness,channel,𝘼𝙛𝙛𝙞𝙡𝙞𝙖𝙩𝙚 𝘽𝙪𝙨𝙞𝙣𝙚𝙨𝙨 - fxTsignals.com📢,28,𝐕𝐢𝐬𝐢𝐭 𝐎𝐮𝐫 𝐖𝐞𝐛: https://www.fxtsignals.com/affiliate-business-managed-forex-accounts  ASST. ADMIN - @fxtsignalsAdmin
franshiza_ru,channel,Франшиза,9,Франшизы
fulment_ais,channel,ФУЛФИЛМЕНТ,10,📦Фулфилмент📦  🟠БЕЛОРУССИЯ🔵МОСКВА🔴ТУРЦИЯ  ✅ Работаем с нуля  ✅Оформим документы  ✅Поможем с сертификацией   ✅Выполним маркировку   ✅Обеспечим полный контроль доставки товара до  МП
tkbnvqvqzes0mzi2,channel,اللجنة العلمية قسم الرعاية التنفسية معهد جامعة عمران للتعليم المستمر,232,قناة خاصة باللجان العلمية   قسم الرعاية التنفسية _ معهد جامعة عمران للتعليم المستمر. قناة تهتم بكل مايتعلق بالدراسة من كتب وملخصات ونماذج
engineering_collegedsu,channel,اللجنة العلمية المركزية ||كـلـيـة الهندسة وتقنية المعلومات 📐💻 || جامعة دار الســلام الـدوليــة USF 🎓,91,🔰 اللجنة العلمية المركزية_ كلية_الهندسة وتقنية المعلومات 💻 | USF 🎓  - بوت التواصل اللجنة العلمية المركزية: @USFengineering1_bot .. ـــــــــــــــــــــــــــــــــــــــــــــــــــــــــــــــــــــــــ..
fsrgeo,channel,FSR-Geowissenschaften,107,Hier gibt's News rund um Veranstaltungen und Wissenswertes in mundgerechten Häppchen! ;)
pharmasumsanjoman,channel,انجمن اسلامی دانشجویان داروسازی شیراز,98,@Info_anjoman_sums
mriscmrisc,channel,MRISC_مركز دراسات الهجرة واللاجئين والنازحين,9,مركز دراسات الهجرة واللاجئين والنازحين جامعة صنعاء
tfoms64,channel,ТФОМС 64,538,ТФОМС Саратовской области
fnpktelegram,channel,Профсоюзы Крыма,167,Союз организаций профсоюзов «Федерация независимых профсоюзов Крыма» является некоммерческим  корпоративным объединением
roslesprof,channel,Рослеспрофсоюз,196,Федеральный новостной канал Профсоюза работников лесных отраслей  Ищите нас так же на сайте рослеспроф.рф
iranian_discourses,channel,گفتمان آب، توسعه و محیط زیست؛ صابر معصومی,180,کارشناس ارشد امنیت آب، توسعه بین الملل و محیط زیست و دانش آموز روابط بین الملل دانشگاه تافتز آمریکا هستم. اینجا از مسائل محیط زیست و توسعه ایران و نیز اندیشه ها و تجربیاتم از فعالیت در سازمانهای بین المللی توسعه و محیط زیست در کشورهای مختلف می نویسم.
khazarpress,channel,نظام نیوز,150,آخرین اخبار سازمانهای نظام مهندسی کشور
nnovprofgos,channel,Нижегородская областная организация Профсоюза работников госучреждений и общественного обслуживания РФ,114,"В составе областной организации 35 районных, городских и 10 объединенных отраслевых профорганизаций."
sportcenterrussia,channel,SportCenterRussia,144,"Создаем и развиваем спортивные проекты: Движение  Уличная атлетика  @streetathleticsru   #ВСЕНАСПОРТрф   #АкадемияГТО   АНО ""Центр развития и популяризации физической культуры и спорта""  Команда спортивных менеджеров https://vk.com/sportcenterrussia"
ekaterinapyatkina64,channel,Екатерина Пяткина64,132,"Председатель Саратовского РО БФ ""Российский детский фонд"", директор ГАУ СО ""Центр адаптации и реабилитации инвалидов"""
profkaluga,channel,Калужский облсовпроф,41,"Территориальный Союз организаций профсоюзов ""Калужский областной совет профсоюзов"""
voiengels,channel,ВОИ♿️Энгельская организация инвалидов,24,Энгельсская местная организация Саратовской областной организации Общероссийской общественной организации ВОИ
bahiscasinoresmi,channel,Bahiscasino,9380,Bahiscasino Güncel Giriş https://bahiscasinolink1.com/sosyalmedya  7/24 Canlı Destek https://bahiscasinolink1.com/sosyalmedya
bycasinoetkinlik,channel,BYSPORTS,3436,"Bycasino Resmi Sitesi Sports Ve Tahmin, Etkinlik Kanalı!  Güncel Adresimiz: https://bycsino.xyz/wLeU  Resmi Telegram Kanallımız:  https://t.me/bycasinocom  bycasino bycasino giriş bycasino güncel giriş bycasino adres bycasino güncel adres"
lucky_bear_casino_official,channel,Lucky Bear Casino | LUCKY BEAR | Лаки бир официальный сайт,474,"✅ Casino Lucky Bear официальный сайт:  https://regsite.click/LuckyBear  Лаки Бир Казино вход и актуальное зеркало | бонусы и промокоды  🤩 Публикуем новости, турниры и релизов, акции и бонусы.  📩 По любым вопросам пиши на: support@luckybear.ru"
casinosezarvip,channel,CasinoSezar,641,CasinoSezar Resmi Telegram Kanalı  Güncel giriş adresimize her zaman; http://sezar.site/ref=133087 buradan ulaşabilirsiniz.  Bizi takip et! facebook.com/casinosezarvip instagram.com/casinosezarvip x.com/casinosezarvip youtube.com/casinosezarvip
azartlevand,channel,АЗАРТНЫЙ ЛАВАНДОС🇷🇺🇰🇿,2521,По всем вопросам - @stas99777 постер @companydurova ЛИЧНЫЙ БЛОГ https://t.me/+xXPuhaGsimtmZDU6 ЗАХОДИТЕ отзывы - https://t.me/jhhhjh32
luckybhaidelhi,channel,*Lucky Bhai*,1433,*सबसे पहले और सबसे  फास्ट खबर के लिए Channel को ज्यादा से ज्यादा Follow करें* आपका भाई Lucky Khaiwal
dengesizlercasino,channel,𝐃𝐞𝐧𝐠𝐞𝐬𝐢𝐳𝐥𝐞𝐫 𝐂𝐚𝐬𝐢𝐧𝐨🎰,504,Merhaba Arkadaşlar Bu Kanalda Tamamen Güvenilir Bahis Sitelerini Tanıtıp Aynı Zamanda KOD DAĞITIMI YAPACAĞIM💲  Eğer sen de bu heyecana ortak olmak istiyorsan bizimle kal ve dostlarını da alıp gel🕺  Unutma: Birlikten Kuvvet Doğar 🫂
kt7970,group,⛩보타⛩광동⛩카지노⛩,1334,오프라인매장 가로수길/압구정에 위치    ☎️텔래문의 @kt7979☎️
lukscasino,channel,Lüks Casino Resmi,458,🎰 Lüks Casino giriş imkanlarından şimdi faydalan!   💬 Chat: https://t.me/LuksCasinoChat  ♻️ Giriş: https://cutt.ly/vekJCPKw  Bizi takip et: 👇 ✔️ https://cutt.ly/DelPZUEa   📱 Telegram destek hattı @LukscasinoSupport_bot
lexcasino,channel,LexLowFlex,288,
portable_lakiworld,channel,LakiWorld,91,
hipercasino,channel,Hiper Resmi,202,GİRİŞ: trackotobt.com/xMkb
lolgif_channel,channel,Рубим бабки,123,@sergeyvzlom - любые вопросы
kozhakhmet_inside,channel,Kozhakhmet_inside_official,294,
jetroomm,channel,✈️JetRoom✈️,73,Публичный канал про казино-игры и их механику 🎰 Lucky Jet • Aviator • MineDrop Это не реклама Казино!!!  Для связи @ksmsnskxo
lotoscasino,channel,Казино Lotos,131,Играть на сайте: https://cutt.ly/VenT5JnB Играть в telegram: https://cutt.ly/7enYrRpe
arturbashkir,channel,"Bashkir - iGaming сука, боль!",87,@crutopper - Делаем пиздатые проекты! Допомагаємо заробляти більше бабла.
tgluckybear,channel,Lucky bear,240,"Lucky Bear — казино, где удача всегда на вашей стороне. На официальном сайте Лаки бир собраны: 🔝 VIP-программа для активных игроков 🆕 Новым игрокам 250FS + 360% бонус 🍀 Колесо фортуны ежедневно"
bitcoincasinoid,channel,Bitcoincasinoid🎰,258,"Website bitcoincasinoid.com RU TELEGRAM https://t.me/lydomaniaa Bitcoin Casino is a new trend in the world of online gambling, here you can find a variety of crypto brands, here you can find with all the relevant cryptocurrencies and reliable information."
by_casinom,channel,ByCasino,96,ByCasino Resmi Telegram Kanalıdır. Güncel Giriş Adresimiz : https://cutt.ly/Z9m9Uum
casinobelarus777,group,🎰Casino Belarus Чат🎰,14,"Бонусы, промо, анонсы и розыгрыши тут!  Видео по Belbet и Betera: https://www.youtube.com/@kassiaalex6620  Основной ТГ-канал: https://t.me/casinobelarus77"
guidecasino_be,channel,GuideCasino.be,17,🎰 Welkom bij het officiële Telegram-kanaal van GuideCasino.be! 🎰  Vind hier exclusieve aanbiedingen en het laatste online casino nieuws van België.💰✨   🚀Abonneer je nu en mis niets! 🚀
casinoxbetting,channel,Casinoxbetting,6,"Casinoxbetting , we are committed to providing you with accurate, up-to-date, and honest review of online casino casinoxbetting.com"
beefrcasino,channel,BEEF КАЗИНО ЛУЧШЕЕ КАЗИНО В РОССИИ,1,"Beef Casino официальный сайт публикует рабочие адреса, держит быстрый вход и понятный доступ к разделам. Портал действует по лицензии Кюрасао и принимает рубли."
delhibazar,channel,DELHI BAZAR SATTA,18,
mrcasino,channel,🎩 |MR casino 🎩,4,🎩 |MR casino 🎩
levcasino_oficial,channel,Lev CASINO | Лев Казино - Официальный канал | MAXWIN228,3,
leebet_promokod_bonus,channel,LEEBET CASINO,3,"LEEBET CASINO: все актуальные промокоды января 2025 года, бонусы, слоты и новинки в нашем канале. Искал свежие промокоды на бесплатные вращения? Они у нас в канале! Подписывайся! Публикуем каждый день!  Новые промокоды тут!"
leebetcasino_rus,channel,LEEBET CASINO | ЛИБЕТ Казино,3,"Играйте в онлайн-казино LEEBET CASINO. Вход на официальный сайт ЛИБЕТ Казино: Рабочее зеркало, Бонусы и промокоды, Регистрация, Акции и новости, Быстрые выплаты и выводы, Минимальный депозит."
portable_ladyhammer,channel,LadyHammer,2,
beefecasino,channel,BEEF КАЗИНО РАБОЧЕЕ ЗЕРКАЛО,2,"Beef Casino — онлайн-платформа с лицензией Кюрасао, ориентированная на аудиторию из России. Здесь предлагаются слоты, live-игры"
lc26cam_bot,bot,LC26 VIP,,LC26 ជាក្រុមហ៊ុន CASINO ដែលល្អ និង ជាចម្រើសទី1 សម្រាប់លោកនាក់🤟 -Telegram Admin : https://t.me/lcgood88
lexscasino,channel,LEX КАЗИНО РАБОЧЕЕ ЗЕРКАЛО,1,"Казино Lex официальный сайт, актуальное зеркало. Официальный сайт Lex Casino предоставляет несколько способов, с помощью которых можно связаться с администрацией"
livecasino,bot,Whale 🐳,,"🐳 @Whale : Most Popular games, Sports, and more 🎰🎉   Join @whalesocials - Play Responsibly 🔞"
leoncasinon,channel,ЛЕОН КАЗИНО ЗЕРКАЛО ОФИЦИАЛЬНОГО САЙТА,1,Зеркало официального сайта Леон Большая коллекция игровых автоматов на сайте Leon Casino.
beefcasinobo,channel,BEEF CASINO БОНУСЫ И ПРОМОКОДЫ,2,"Beef Casino официальный сайт запущен в 2024 году. Платформа лицензирована в Кюрасао. Игроков привлекают бонусы, разнообразие игр и удобный интерфейс."
casino_lift,channel,Casino LIFT SPIN,1,
riobetscasino,channel,RIOBET КАЗИНО ОФИЦИАЛЬНЫЙ САЙТ ЗЕРКАЛО,1,"Riobet официальный сайт. Перейти на riobet casino. Казино Риобет комфортная виртуальная локация, как для новичков, так и опытных пользователей."
official_casino_gizbo,channel,Gizbo Казино,2,Онлайн-казино Gizbo в Телеграм! Переходи и подписывайся!
beefcasinoq,channel,BEEF CASINO ОФИЦИАЛЬНЫЙ САЙТ,1,"Биф Казино официальный сайт для игр. Beef Casino предлагает цифровую среду, где на первом месте стоят ясность и эффективность."
beefcasinobonusreg,channel,BEEF КАЗИНО БОНУСЫ ЗА РЕГИСТРАЦИЮ,1,"Beef Casino позиционируется как современное онлайн казино для взрослых пользователей, где азартные игры на реальные деньги доступны в рублях"
portable_luckyblock,channel,LuckyBlock,2,
beefcasinobonus,channel,BEEF КАЗИНО ОФИЦИАЛЬНЫЙ САЙТ И ЗЕРКАЛО,1,Биф Казино — играть онлайн на официальном сайте. Beef Casino официальный сайт – современное онлайн казино с уникальной бонусной системой
beefcasinover,channel,BEEF КАЗИНО ИГРАТЬ ОНЛАЙН НА ОФИЦИАЛЬНОМ САЙТЕ,1,Добро пожаловать в Beef Casino! Современная игорная платформа с щедрыми бонусами и огромным выбором игр. Начните играть прямо сейчас!
beefcasinoqy,channel,БИФ КАЗИНО ОФИЦИАЛЬНОЕ КАЗИНО В РОССИИ,1,"Beef Casino— играй в топовые слоты и получай щедрые бонусы Безопасность, быстрые выплаты и доступ 24/7!"
beefvcasino,channel,BEEF КАЗИНО РАБОЧЕЕ ЗЕРКАЛО ДЕКАБРЬ 2025,1,"Beef Casino официальный сайт открыт в 2024 году по лицензии Кюрасао и объединяет онлайн казино, спортивную линию и справочные разделы в одном интерфейсе."
beefcasinom,channel,BEEF CASINO РАБОЧЕЕ ЗЕРКАЛО НА СЕГОДНЯ,1,Beef Casino - официальный сайт с большим выбором игровых автоматов от топовых провайдеров. Регистрируйтесь и побеждайте с Биф Казино.
riobetcasinorus,channel,РИОБЕТ КАЗИНО ЛУЧШЕЕ КАЗИНО,1,"Официальный сайт РиоБет Казино Вход с бонусом за регистрацию Riobet Casino турниры для игроков, промокоды и акции."
beefcasinoy,channel,BEEF CASINO ТОП КАЗИНО,1,Beef Casino официальный сайт и зеркало. Получите бонусы за регистрацию в Биф Казино. Используйте промокоды для увеличения депозита.
beefcasinot,channel,BEEF КАЗИНО РАБОЧЕЕ ЗЕРКАЛО,1,Биф Казино – играйте с удовольствием и выгодой! Получите 15000 ₽ + 100 фриспинов за регистрацию на официальном сайте. Быстрый вход и поддержка 24/7!
temshik_starsrf,channel,Звезды от темщика,5815,Выплаты - @vadanuo
resursdraw,channel,FARMIA,4529,Выплаты/Поддержка - @reklama6948
stars_razdachi_payments,channel,выплаты [],109,наш бот @lIIghtstars_bot
moreusd,channel,moreUSD,201,@moreUSDbot public channel
astranovaportal,channel,Astra Nova Verification,53036,
funticoportal,channel,Funtico Portal,5876,Verification portal for Funtico TG Chat
litvmportal,channel,LitVM Portal,5576,Verification portal for the official LitVM community group
tanhungnotification,channel,Tấn Hưng!❤️ (Thông Báo),4040,Kênh để cập nhật Thông báo! Owner: @Tanhung11231 https://telegra.ph/Disclaimer-11-25-17 https://telegra.ph/Dont-support-any-illegal-activities-06-28
steamxchangeofficial,channel,Steam Exchange Verification,1652,The official Steam Exchange verification channel.
infinitytokenverification,channel,Infinity Token Verification Portal,336,This is pre-verification portal for the Infinity Token's telegram group.
kolscanverify,channel,kolscan verification,3103,
crypt0marketingandtools,channel,CRYPTO MARKETING AND TOOLS,3566,Contact Admin - @MarketingHulkk 🐐 We provide all kind of crypto marketing and marketing related tools. Social Media Verification And Verification Panel Available At Cheap Price 👑👑
breakfanatic,channel,ХХFanat,73,
utka_govorit_kry,channel,Utka govorit krya,45,"Музыка одной утки, которая говорит кря"
vitopechataet,channel,Вито печатает…,54,
miraetyxq,channel,ппяна,42,"говорили-балакали сіли і заплакали  пишу тут про роботу (яку я сама собі придумала), навчання, танці та за мої фандомні пріколи 😙✌🏻  юзер ппнаравіт ван ченс пліз"
vienssvirt,channel,𝙒𝙖𝙩𝙨𝙤𝙣 𝙑𝙞𝙚𝙣𝙨𝙨,38,
viin1ks,channel,vin1ks | виникс,54,"в данном тгк вы можете наблюдать нарезки,конкурсы,курс по монтажу и многое другое  с уважением,ваши vin1ks и musimxaa"
chipseak,channel,✨звуки чипсика✨,48,счастливая мама чипсика и персика
lifegameshelp,channel,Life Games | Help Team,1702,
wegotyouhelp,channel,WeGotYou | Твоя поддержка,171,"Место — где тебя выслушают и поддержат в трудную минуту.  Получить поддержку: t.me/WeGotYouHelp?direct  Оценить сервис: @WeGotYoy_bot Владелец: @S1nglll  WeGotYou — мы рядом, когда нужна поддержка. ❤️"
artisthelp_confe,channel,๑۶ <—ARTIST HELPCONFESSION—> 💜 ٩๑,418,Навигация - https://t.me/ArtistHelp_confe/380  Бот @artist_help_Anon_bot
help_wcue,channel,𝗛𝗘𝗟𝗣 || ʷᶜᵘᵉʳ,60,"[🇷🇺/🇺🇦] ‼️Канал создан для помощи новичкам и вкуерам. 🏷️Вы сможете написать анонимное сообщение с просьбой о совете и т.п. в канал, где вам помогут. Important:: Владелец и администрация канала сортируют анонимки !!  Взаимные пиары - ✔️"
ke1pet,channel,救い k῾eępıñg quı et .,114,
dddchathelp,group,3Dshnik чат,91,
helpfrommarmi_le,channel,помощь от -марми.ле🧊,133,начало :: 01.05.26 🎯 :: 100 мармеладок🩷 влд :: @pepelnice буст :: https://t.me/boost/helpfrommarmi_le инфа :: https://t.me/+bOddS8RqpVU1Njcy чат с запросиками :: @requestsfrommarmile люблю вас🫶
wealthechat,group,WealthE Coin Group Chat,67,http://wealthe.io/
chathelpwb,group,"Чат Wildberries поставщики, менеджеры, селлеры. Помощь WB",47,"✨Чат для общения поставщиков и менеджеров Wildberries. Присоединяйся к общению вместе с нами. Поделимся опытом, знаниями и полезными контактами. 💭Реклама в чате - @Yulia_Tsoban Тг-канал -@Wbproftop  ❌ Несогласованные: реклама, предложения услуг - БАН"
wechatp,group,万倍Overluna 中文社区,28,
wellshept,channel,вэллш,59,🦭 тик ток: https://www.tiktok.com/@lerxyaann?_t=8oGcZSr3tFh&_r=1  твич: https://www.twitch.tv/wellshept
wechat1107,channel,质检的小窝,19,全平台fh
welpmee,channel,Welp,23,Maybe art and stuff  https://telegram.me/BChatsBot?start=sc-rWjeqbHQ9R   Playlist: @canthandlemyself
wechatfeeds,channel,微信公众号 + Twitter News,16,热门微信公众号精选 https://t.me/topwechat 微信公众号订阅 https://t.me/wechatfeeds 微信WeChat_Feeds https://t.me/WeChat_Feeds 世界新闻 World News  https://t.me/media_rss 微博新闻，記錄中國 https://t.me/weibonews
meliahelpme,channel,"𝗺𝗲́𝗹𝗂𝖺, 𝘩𝗲𝗹𝗽 𝗺𝗲.",15,
waulthelp_info,channel,info wault help,9,начало хелпа - 7 ноября 2025 года 07.11.2025
valmp_wechat,channel,Отзывы WeChat | VALM Points,7,Донат и Сканирование лица WeChat в Valorant Mobile: @valm_points Поддержка: @mmaker_ad  Магазин принадлежит Злюхе: @zlyxazbs
ihelpme,channel,iHelp,4,"Сервис Apple в Алматы и в Бишкеке. Правильно ремонтируем iPhone, iPad, MacBook, iMac. Продажа аксесессуаров. Unlock"
helpramii,channel,hׁׅ֮ꫀׁׅܻ݊ᥣׁׅ֪℘ ꭈׁׅɑׁׅꩇׁׅ֪݊ ꪱׁׁׁׅׅׅ,7,
oopsmodels,group,Знакомства,28231,@Lalau_verif_bot - ВЕРИФИКАЦИЯ Правила: https://telegra.ph/Pravila-lalau-12-18 @sponsori_moskva_bot - бот знакомств @Lalau_infox_bot - ссылки на нас! https://t.me/offlove_chatt Новый чат оффлов!  По всем вопросам @W1sefox
digamarket,channel,@DigaMarket,775,Бесплатная доска объявлений от крипто-сообщества  加密爱好者公告  Верификация и публикация:  @digamarketbot  Отзывы  @digareports
avitoforbiznes,group,Авито чат | Avitolam group,636,"🔵 Взаимная помощь, общение, обсуждение, отзывы, верификация   🔵 Админ [Гарант] - @otzivavitozakaz  🔵 По рекламе - @otzivavitozakaz"
crypto_ezbz,channel,Chart Prophet — новости / сигналы,745,"Интеллектуальная торговля. Без лишнего шума.  AI-модель, построенная на глубоком обучении + ручная верификация командой профи. Скальпинг, среднесрок, новости. Только качественные сделки."
dzenish,channel,Это канал Даши Дзениш,78,"все, чего касаются лучи солнца, Симба – это твои должностные обязанности"
donfarsh,channel,Донецкий фарш | Z,658,Весь трэш Донбасса и не только!  Связь с админом по всем вопросам: @farshik_bot
dosh_art,channel,dosh | 18+,91,"Добро пожаловать! 💫 Комишки/трейды открыты, обращаться к @yourbochan Все работы можно найти по хэштегу #арт https://boosty.to/ostrdoshhhik/about мой бусти (для ино работы)"
callofdasha,channel,Call of Dasha (18+),291,"🖤Спасибо за подписку! 🖤 Еще, меня можно найти здесь: - https://www.tumblr.com/darknox13 - https://bsky.app/profile/nox013.bsky.social - https://x.com/darknox13?s=21&t=Z9VSqlBreb-zhd9Lq_MH5Q"
kosinskyart,channel,Kosinsky / Hmm → Aha!,102,"Привет, это Даня Косинский, креативный директор в experiential.  Здесь о том, как «Хмм...» становится «Ага!»:  💡 Идеи, мышление и дизайн. 🤔 Ошибки, сомнения и страдания — бонусом."
uyjoy_city_tashkent,channel,Квартиры в Ташкенте,1678,По всем вопросам 📲 +99897-333-55-52
tower_uz,channel,Свои объекты ❗️ Шохрух,624,Добрый день дорогие риэлторы. Все варианты в канале принадлежат мне. Мы рады с вами сотрудничать. Платим ❗️3% без проблем🤝  Админ: @sh933157777  ☎️ +99893-315-77-77
dr_churadze,channel,Доктор Чурадзе,354,
shahbozbekenazarov,channel,SHAHBOZBEK_OFFICIAL_PAGE,56,🌟SHAHBOZBEK ENAZAROVning rasmiy kanali ✔️ 📰 #Yangiliklar 🎤 #Intervyu 🔥 #Premyera 🎵 #Mp3  💽 #Konsert 📷 #Fotolavha 🎬 #Klip #Mp4 🎥 #Videolavha  Hamkor kanallar 👇👇👇👇👇👇👇 👇👇 @IJODCITY @Nazarbekov_Ozodbek
apreltjmnews,channel,Aprel NEWS,50,
sokindiyornews,channel,Sokin Diyor NEWS,45,
do4a125,channel,DO4A MARKET VDK | USS,1179,
medical_u_s_4,channel,القناة العلمية-للدفعة الرابعة_طب بشري-بجامعة إقليم سبأ🩺,719,اللجنة العلمية للدفعة الرابعه-طب بشري-جامعة إقليم سبأ🩺 هـذه القناة العلمية تحتوى: - مراجع و كتب  - فيديوهات - ملخصـات - تطبيقات وبرامج طبية ▪️كل مايخص طلاب الدفعة الرابعه  من أخبار يوميه وجداول وغيره بوت القناة: @ER_Medical_bot  لا نريد منكم سوى #الدعاء
famous_champ45,channel,FAMous Champ «4Verka» Chapter 2,249,
zhkchernajarechka,group,ЖК Черная Речка | ЦДС | СОСЕДИ,3132,🌐 группа ВК https://t.me/zhkchernajarechka/36 📨пожелания|предложения @c0founder
raznyepozhelaniya,channel,Лучшее пожелания и поздравления в словах и в прозе,24,"На канале собраны разные пожелания и поздравления на все случаи жизни.  У нас вы найдёте  что-то подходящее для себя, друзей и родных."
kakzdelati,channel,Artem,1670,"Вопросы, предложения и пожелания можно написать сюда @Predloji123bot  Купить рекламу: https://telega.in/c/kakzdelati"
cards_and_congratulations,channel,Открытки и поздравления,366,
nsobcgb,channel,"Бердская ""ЦГБ""",455,"Здравоохранение: новости, вопросы, ответы, пожелания..."
med_discounter,group,Скидки на медицинское оборудование - СНГмед,1980,"Все скидки России на медоборудование в одном месте.   Агрегатор лучших предложений на медоборудование.  Самые низкие цены, акционные предложения, новая техника, прямые поставки.  Бронирование и условия:  @med_discounter_1 @SNG_med_bot  ☎️ +7(903)363-74-71"
medicaldevicepromotion,channel,Маркетинг Медицинского Оборудования🩺💉🧬🧪,89,Лайфхаки продвижения МедИзделий! Cоветы по продажам и маркетингу МедОборудования. Исследования рынка. Тренды. Обзоры [Личный блог эксперта]
sinapharmaturkiye,channel,Sina Pharma,76,Sina Pharmaceutical Warehouse daily campaign channel
medpoiskcom,channel,МЕДПОИСК,47,📌Первый российский медицинский маркетплейс  📌Оригинальные медицинские товары и оборудование для домашнего и профессионального использования
multimedsouth,channel,MMS MULTIMED SOUCH,37,"Компания ""МУЛЬТИМЕД ЮГ"" (MULTIMED SOUCH, LTD) специализируется на производстве и реализации стоматологического оборудования, инструментов и материалов опт, розница!"
medyumedshopp,channel,MED YU MED SHOP,43,🛍️ Магазин профессиональной космецевтики   Только оригинальная продукция   Доставка по РФ  Сайт : https://shop.med-yu-med.ru/?ref=https://tilda.cc/ru/madeontilda/
standoxfile,channel,STANDOX FILE,340,@standoxlive
standup82,channel,Stand up 82,449,"Все о крымском стендапе. Новости, афиши, всякое такое.   Тут публикуем эксклюзивные материалы. В других наших соцсетях такого не найдёте."
turgai2,channel,КП Тургай 2,808,Всем привет 🤗  Мы владельцы коттеджного посёлка в Лаишевском районе.  🏡 На данной странице мы будем публиковать актуальные предложения по участкам и домам.
turkicdnadatabase,channel,Turkic DNA - Database,442,DNA data of Turkic peoples. 🦌 🇹🇷 🇦🇿 🇰🇿 🇹🇲 🇺🇿 🇰🇬
tppkurgan,channel,ТПП Курганской области,193,"Торгово-промышленная палата Курганской области является негосударственной некоммерческой организацией, основанной на членстве, созданной по инициативе коммерческих и некоммерческих организаций и индивидуальных предпринимателей."
accountzz_poshtiban,channel,پشتیبان ZZ,583,🌐کانال پشتیبان: @AccountZZ_Poshtiban  ✅کانال اعتماد: @AccZZ_Trust  🙎‍♀️ادمین کانال: @Niu078
rek_vz_gruppa_0,group,Rek vz group,258,📌Танишув гр эмас❗️  📍Каналан реклама клиш учун ва бошка Манфатли ишларн рек клиш учун группа!  https://t.me/rek_vz_group_m Любовь это вз:💘 (²)
reznikov_studio,channel,Студия Олега Резникова,73,"Архитектурное проектирование домов • Дизайн интерьера под ключ • Авторский надзор  @reznikov_studio_official - для обращений  +7 (495) 198-71-70 Москва, Мосфильмовская 74Б"
amore_sport,channel,Amore__sport,146,🔸️آمور🔹️ فروش لباسهای زنانه بابهترین  کیفیت ومناسبترین قیمت.. ارسال به تمام نقاط کشور  برای سفارش به این آیدی مراجعه بفرمایید.. هزینه ارسال به نقاط کشور ۴۰ هزار شماره تماس : 📞۰۹۱۹۵۰۸۵۴۷۰ تنها ایدی مدیر کانال جهت سفارش👇 @Rezvani_M60
reznayautvar_chanal,channel,Ювелирная компания Резная Утварь,96,Наше приложение в Google Play -  https://play.google.com/store/apps/details?id=com.BSVco.reznayautvar Наш сайт www.reznayautvar.ru
rezhajulio,channel,Rezha Julio's Channel,54,"Curated articles about Technology, Software Crafting and Self-Improvement"
directedbyrzv,channel,RZV,52,DIRECTED BY RZV  Снимаю исключительно ВИДЕО:  контент для соцсетей | рилсы / shorts | мероприятия | портрет / предметка / репортаж | клипы и сниппеты | любые другие форматы Готов к сотрудничеству  По всем вопросам сюда - @rzvtype   Inst: @rzvtype
razvalinkkk,channel,абвгдейка,5,брысь отсюда я просто песенки слушаю
rezvsxap,channel,я ловест,9,
rezahaghani_g,channel,Reza Haghani • G,8,Reza Haghani • G ᴬʳᵗʷᵒʳᵏˢ Grapic Designer آيدى دريافت سفارش كار: @RezaHaghaniG وب سایت : http://dtdesign.ir
tajhizat_nezami2017,channel,تجهیزات نظامی,22470,✔️معرفی جنگ افزارها و تجهیزات نظامی ✔️تاریخ نظامی، جنگ و جنگاوران ✔️تحلیل اخبار نظامی روز ایران وجهان ✔️نجوم، هوافضا  🔰تبادل برای کانال های خریدوفروش سلاح صورت نمیگیرد. 🔰کپی مطالب با ذکر نام کامل کانال بلامانع است.
wearebarone,channel,WE ARE BARONE,837,"Личный блог \ новости \ реклама По всем вопросам обращаться - @bar0ne1  У кого премиум тг, можете поддержать канал голосом - https://t.me/boost/wearebarone"
wonderwareapp,group,automation application,175,rockwell wonderware siemens kepware
software_antivirus,channel,نرم افزار و آنتي ويروس اصل,40,سلام كانال عرضه و فروش نرم افزارها ، فضاي ابري ( cloud storage ) و لايسنس اريجينال آنتي ويروسها  ارتباط با مدير فروش ( واتزاپ )  +15144760414 ( تلگرام ) @Sedshoja
theprogs,channel,TheProgs,34,"Скачать бесплатно программы для Windows, MacOS, Linux, Android, iOS, Windows Phone"
dwsoftt,group,dwsoft.ru - бесплатные программы для ПК,6,Канал сайта https://dwsoft.ru
msp_mo,channel,MSP – Mosobl Space Program,190,канал астрономов из сборной МО
msppru,channel,МШПФ,825,🎓 Канал Московской школы профессиональной филантропии фонда «Друзья»  Фонд «Друзья»: @friendsfoundation Платформа ProCharity: @procharity_news Сайт: mspp.ru
mspezial,channel,Mutflash - Medizinische Argumentationen und Studiensammlungen,1398,Unser Hauptkanal:  https://t.me/Mutflash  P.s.: Leute die ohne eine vernünftige Grundlagenargumentation gegen Biom/ Virom argumentieren sind UNwillkommen!
msparish,channel,Максим Спариш. О фуд-фотографии.,1273,Канал о моей работе фуд-фотографом. Снимаю еду уже больше 8 лет.  - Пишу полезные статьи - Делюсь опытом - Выкладываю пресеты - Показываю схемы света
mspivak,channel,Максим Спивак,791,"Мой телеграм: @m_spivak  Канал в котором я буду размещать полезную информацию, свои мысли, какие-то цитаты из книг и рекомендации для руководителей, мастеров и администраторов работающих в индустрии красоты"
msp_if,channel,Медична служба станиці ІФ,53,"Медична служба станиці Івано-Франківська   📣 Банка, щоб підтримати фінансово медичну службу ⬇️ https://send.monobank.ua/jar/3A1iKggM3a"
rossaprimavera,channel,ИА Красная Весна Редакции,532,
mondoprimaverachannel,channel,Mondoprimavera.com🍀⚽️,138,"Tutte le news di Mondoprimavera.com, giornale online di calcio giovanile."
clinicprimavera,channel,Примавера Мед центр,304,"Запись⬇️ 👉 https://primavera.com.ru  кнопка записаться на приём Ссылка https://docs.google.com/forms/d/e/1FAIpQLS ☎️+7(423)205-90-05  Центр эндокринного здоровья и репродукции «Примавера»   📍Владивосток, Океанский проспект 74А  Остановка «Первая речка»"
mvpalmatykz,channel,MVP Новости KZ,223,
primavera_am,channel,Primavera Foundation - Armenia,158,"Official Channel of Armenian Charitable Foundation PRIMAVERA: supporting Armenian musicians, developing infrastructure, producing event.   Together we make voice of Armenian musicians stronger!   Our bot @primavera_events_bot 🥰"
primavera2111,channel,By:_primaver_a_,162,"Поэт-экранизатор, пишу стихи и вывожу их на ваш экран 🧡проложи вместе со мной путь к своей душе 💫  Для связи со мной @AsyulyaA"
rossa_primavera,channel,Смотреть онлайн фильмы rossa_primavera,89,
gradasiete,channel,GradaSiete - Fútbol Modesto Madrid ⚽️,77,⚽️ Somos la GRADA del #fútbol de las SIETE estrellas  🏆 Segunda División B 🏆 Tercera División 🏆 Preferente 🏆 Juvenil
naturevista_my,channel,Душа натуралиста • 🍃,715,"Канал создан для души и посвящён красоте природы, которую я наблюдаю вокруг себя 🌿"
xrbologna,channel,Extinction Rebellion Bologna,815,Unisciti alla ribellione! La PrimaVera Democrazia arriverà a Roma dal 29 Maggio al 2 Giugno! ☀️🌍♥️🌱 IG: https://www.instagram.com/xrbologna FB: https://www.facebook.com/XRBologna Spese legali: https://tinyurl.com/speselegali
vaziat_talks,channel,وضعیت,313,🔸وضعیت؛ تأملی درباره ایرانِ پس از جنگ🔹  🔹تهیه کننده: مصطفی رضوانی 🔸سردبیر: میلاد گودرزی 🔹به میزبانی: محمدرضا شفاه
rraaggaadd09,channel,رغَد فتحِي.🌱,228,""" إنّما غايتُنا  ‏ أنّ ندِل النّاسَ على الله وليسَ علينا    فاللّهم أعنّا ووفقنا"".🌱  لِيبيّة الجِنسِيةَ سُعودِية الْهَوىٰ🇱🇾🇸🇦🌱."
rayanazre2023,channel,قـنَـاة رَيـَّـانـَـة 🖤 .,40,ومَضَيتُ بِهَذهِ الدّنْيَا وَحدِي ،قَليلُ الزّادِ والرّفَاقْ .  لفتاةٍ لادلِب الخضرَاء تنتمِي ،وردةٌ مُزهرة كـ بلادِي.  _القنَاة للفتيات فقَط🖤 _ تـ : @Rayanzre159BOT قناتِي علَى يُوتيُوب: https://youtube.com/@Ryana2007?si=ZT5pUIM ذاتَ ثُلاثاء ٠٥/٠٩/٢٠٢٣
marketing_wb_partner,channel,Wildberries | Реклама на каналах,106,Реклама на @wb_partner и @wb_partner_news
nahodiwbozon,channel,Находки-скидки🍒Wb|Ozon,17,"Публикуем подборки, скидки и интересные находки с известных маркетплейсов Ozon-Wildberries"
winwin_affiliates,channel,Winwin affiliates,6,
wbinar_painspecialist,channel,Webinar-PainSpecialist,11,
woinsvip,channel,Woins,2,🪙 Token digital generado mediante la realización de hitos en cientos de sitios webs.
gspi_career,channel,Карьера в ГСПИ,312,"О работе в АО «ГСПИ», карьерных возможностях, о работе инженера, вакансии, практика. https://hh.ru/employer/900721 https://facultetus.ru/cprofile  Подписывайся: https://vk.com/gspi_career https://rutube.ru/channel/35778401/"
willbetofficial,channel,WillBet,1357,"Your go-to gaming platform! Live odds, predictions, real-time action, & tips to help you up your game. Join the excitement! |18+💰| 💵🌍"
winstonclient,channel,Winston Client - 1.16.5,807,Discord - https://discord.gg/65d6za3aRQ Сайт - https://www.winstonclient.xyz/ Буст - https://t.me/boost/winstonclient
witnetannounce,channel,Witnet Community Announcement Channel,145,Announcement channel for the Witnet Decentralized Oracle Network and its community.   Main Telegram: https://t.me/Witnetio Market and OTC: https://t.me/Witnet_Market Russian Telegram: https://t.me/RussianWitnet $WIT wallet: sheikah.app
wiu3ze,channel,holy moly :3,289,(: Rich girl @kpop_packbot . Talk with me!🍓☁️
officialwiutbloomberg,channel,WIUT Bloomberg Lab,983,Official Channel of Bloomberg Lab at Westminster International University in Tashkent.
kibitkolomna,channel,КИБИТ - битум и материалы для разметки дорог,149,Производитель материалов для разметки дорог и битумной продукции ООО «ПСП «Карьер Октябрьское» (товарный знак «Кибит»)   Наш сайт: https://kibit-oktober.ru/  Сотрудничество: pr@kibit-oktober.ru
askwhy80,channel,KINK,34,
askwoy,channel,Ask Wander Over Yonder,9,Приветствуем вас в нашем аске по мультсериалу Wander Over Yonder — С Приветом По Планетам. https://vk.com/askwoy
nou_englishschool,channel,Центр образования «Английская школа «СЕМЬЯ»,296,ЦЕНТР ОБРАЗОВАНИЯ «АНГЛИЙСКАЯ ШКОЛА «СЕМЬЯ»  🔻«Английская школа «СЕМЬЯ»  ‌      с углублённым изучением       ‌ английского языка ( 0 - 9 класс) ‌🔻 Дошкольное образование ‌🔻 Центр иностранных языков  ‌🔻 Дополнительное образование ‌🔻 Музыкальное отдел
school560spb,channel,ГБОУ Школа 560,130,Официальные соцсети школы: VK: https://vk.com/school_560 Сайт: http://www.560school.ru/
neshkolamath_bot,bot,Профессиональные педагоги|НЕШКОЛА,,Канал школы: https://t.me/neshkoIa
export_05,channel,Центр поддержки экспорта РД,394,Директор ЦПЭ РД - https://t.me/ruslan_abaskuliev Наш сайт - https://export05.ru/
ossetiia,channel,ИРЫСТОН,2,
registantaxibot,bot,Registan Taxi Pul Bot,,
registandostavkabot,bot,Registan Dostavka Bot,,
reg_challenge_bot,bot,Ramazon Challenge | Registon Farg’ona,,
registan_tanlanganlar_bot,bot,Registan LC | Tanlanganlar,,
dangasalikdanqutul,channel,22 - dekabr | HUZUR 3 start 🤲🏻❤️,17119,"Ushbu kanalda 20-21-22 noyabr kunlari Qo’rquv, Yomon gumon va Dangasalik yengish bo’yicha 3 kunlik bepul dars bo’lip o’tadi. Darsdan so’ng duolaringiz tez va oson qabul bo’lishiga o’zingiz guvohi bo’lasiz  Darsga qo’shiling: https://t.me/+I24zzXG4McQxOTZi"
gfa_uz,channel,GFA | GUMANITAR FANLAR AKADEMIYASI,1429,🔥  Samarqand shahridagi eng katta o'quv markaz.  📚Abituriyentlar uchun barcha kurslar 🇬🇧IELTS/CEFR/GRAMMAR 🇺🇿Ona-tili ⏳Tarix ⚖️Huquq 🇷🇺Rus tili  Birinchi bepul darsga ro'yxatdan o'ting👇 +998996851030  Qoʻshimcha ma’lumot uchun:  @Gfa_manager
noldan_tikuvchilik,channel,DILNOZA ASQARJONOVNANI TIKUVCHILIKDAN BEPUL DARSLIKLARI,1159,Tikuvchilik sohasini biz bilan noldan boshlab o'rganing
stars_lordik,channel,STAR-LORD,9569,Только основная информация  Админ: @LordikStar  🤖 Бот: @LovemoneyFB_Bot
obolskii9,channel,Niko 9,1062,Obolskii Nikolai
noxencode,channel,NOXEN CODE,439,
newtonian_void,channel,Ньютонова Пустота 🍎 //полуРЕСТ//,120,"Tried to save myself but myself keeps slipping away ©Nine Inch Nails  Художник-традишник, Isaac Newton fan 🍏🔭 + Postal Dude fan 🔪🩸"
nolox_tdm_cv,channel,TVV🇷🇺,102,
kolyunchiktyt,channel,Колючнчик не колючий🐱,105,"Всех приветствую! 👋 Это официальный телеграмм канал NikolKa! Здесь будет событие моей жизни, новости, спойлеры и др информация ℹ️  👇Соцсети👇 (Единственный)Likee- https://l.likee.video/p/bjCNzb 🩷❤️🩷 Группа в Роблоксе- https://www.roblox.com/groups/150"
tonyblackcs,channel,tonyblack cs2,176,"also kibaken, toha ..  ex-player navi, spirit, vega squadron  analyst/coach now   instagram.com/anthonykolesnikov/ x.com/tonyblackCS"
itshaharcha_miraki,channel,IT Shaharcha | Miraki,56,"💻 IT Shaharcha | Raqamli avlod makoni   🚀 Bu yerda texnologiya, bilim va ijod birlashadi!  📍 Manzil: Shahrisabz tumani, Miraki shaharchasi, Furqat ko'chasi 390-uy ☎️ Aloqa uchun: +998770402822 📍 Yandex: https://yandex.ru/maps/org/it_shaharcha/4909"
ralphconf,channel,НАБОР В АДМИНЫ | 𝙒𝙍𝙀𝘾𝙆 𝙄𝙏 𝙍𝘼𝙇𝙋𝙃 𝙘𝙤𝙣𝙛𝙚𝙨𝙨𝙞𝙤𝙣,108,"Ждём приквел по Ральфу всем селом, погнали! Ботяры лютые для тейков: @RALPHCFBOT и @anontakeRALPH_bot"
closetokpop,channel,Close to Kpop 🎤✨,1337,Kanal 1.06.2026 yil ochildi💫 Va Kpop yangiliklari aynan shu kundan boshlab yuboriladi 🥰 Ishonamanki Kpop sizga biz bilan yaqin bo’ladi💘
abam_studio,channel,АБАМ | Архитектура | Дизайн. Экосистема Abam. Studio,217,"https://www.abam.studio/  Мы проектируем архитектуру и дизайн, формирующие стиль и ритм современной жизни. Проектируем здания и пространства разного характера — общественные, коммерческие и частные."
ksproner,channel,KA$P3RSK1Y,320,"ŸB$’C https://t.me/YBStylers   Дисклеймер. Владелец этого ТГ канала не имеет непосредственного отношения к данным постам.  Видео и фото взяты из других соцсетей, с целью создания контента."
cosplayulsk,channel,подслушано косплей ульяновск,373,
casustg,channel,Касус 🪽,92,
bobicksy,channel,Обитель бобиков Руты💮🐟💮,301,Да будет сборная солянка!!!!
sadberry_s_den,channel,The Sadbeary’s den 🛖,78,
bubik_ya,channel,💥 бубик 🥦 | ᴄᴏsᴘʟᴀʏ × ᴅᴀɴᴄᴇ,168,💍 ᴅᴏɴ'ᴛ ᴋɪʟʟ ᴍʏ ᴠɪʙᴇ 💍 _________________________ навигация: https://t.me/bubik_ya/7  чилловый косплеер и каверденсер из Москвы 🤟  связь со мной через лс канала 🤲 все важное в закрепах
gamblerscarts13,channel,"Канал""Картежники♠♣♥♦""",131,Здесь мы рассказываем жизнь при косплеях и все что связано с ним.
moonsslave,channel,☾ Лунные рабыни ☽,83,Добро пожаловать! Мы косбенд «Лунные рабыни». Косбенд создан весной 2024 года.  Здесь вы найдете: ☆ Истории создания крафта ☆ Укладку париков ☆ Пошив костюмов  ☆ Наши выступления на фестивалях  И просто #косплеерскиебудни 🌙
cosplaynvdirty,channel,ПОДСЛУШАНО | Косплей ДВ,96,"Подслушано — это анонимное сообщество в социальных сетях, где обсуждают сплетни, слухи и новости в том или ином сообществе.  Написать тейк –> @cosplaydvpodsluhixoxoxo_bot  По вопросам -> @fromGod1"
rubycosp,channel,ruby|руби,23,"Приветствую! Меня зовут Руби, я — косплеер из города Томска, а также участник косбенда ""Свои npc""👾 По всем вопросам пишите в личку: @ruuubiiiu"
strawberry_sun_fest,channel,Клубничное солнце🍓☀️,64,"фест в НСК!  Отклоняем заявку в том случае если: у вас есть реквизиты с кровью,лгбт"
kas_lmao,channel,Kas,42,Что-то на подобии канала
bahaha_cosplays,channel,—Склад Бананов?¿,31,"Косплеи и т.п.,что связано с ним’"
korshunovmind,channel,в голове у Коршунова 🐦‍,28,Мысли и детали из жизни дизайнера и архитектора Дмитрия Коршунова. www.korshunovarchitects.ru
mr_bibabo_cosplay,channel,✨𝕄𝕣. 𝔹𝕚𝕓𝕒✨,22,"Всем добра! Это моя обитель, а я…начинающий косплеер :> Здесь будут самые разные косплеи, закосы и просто много позитива✨"
aleksandrsergeevithpushkin,channel,🫢ᴋоᴄбᴇнд — ᴛᴀʍ ᴦдᴇ ʙидно зʙёзды ᴧжи️✨,12,Косбенд звёздное дитя Мир звёзд где одна ложь и скрытая ненависть  Екатеринбург
morguesparty,channel,#,405,
ponizovkinstudio,channel,PONIZOVKIN STUDIO,43,25+ лет опыт в архитектуре и дизайне  Комплексное создание и реализация частных и коммерческих пространств  Собственное производство мебели для индивидуальных решений  ▪️https://ponizovkin.ru/ ▪️+79519197247 ▪️По всем вопросам @Ponizovkinarch
olympics_channel,channel,Olympics Channel,1743,🌐Media Kanal  📌 Olimpiadalarga tayyorgarlik koʻrish uchun:  ✉️ @National_Matematics_Olimpiad 🌐 +998-33-571-06-60  📌Asosiy Kanallar:  https://t.me/Olimpiada_BMBA_Milliy_Sertifikat https://t.me/Al_Xorazmiy_Olimpiad
olympmagazine,channel,Лавка | Об олимпиадах,206,"Люди садятся и встают, а Лавка всегда остается на месте🧩  По вопросам: @SM_waterdictator"
justsciencemath,channel,JustScience | Олимпиадная Математика,1335,"Победители олимпиад по математике ведут этот канал, делятся полезными материалами и информацией об олимпиадах по этому предмету, и постят интересный контент в этой сфере. Ютуб нашего проекта - https://youtube.com/@justscience2024"
justscienceastro,channel,JustScience | Олимпиадная Астрономия,737,"Победители олимпиад по астрономии ведут этот канал, делятся полезными материалами и информацией об олимпиадах по этому предмету, и постят интересный контент в этой сфере. Ютуб нашего проекта - https://youtube.com/@justscience2024"
yuqorichirchiqim,channel,Yuqori Chirchiq tuman ixtisoslashtirilgan maktabining rasmiy telegram kanali.,410,Ixtisoslashtirilgan ta’lim muassasalari agentligi tizimidagi Yuqori Chirchiq tuman ixtisoslashtirilgan maktabi rasmiy kanali! Facebook:https://www.facebook.com/share/1Dxn5Y6gYZ/ Instagram:https://www.instagram.com/invites  Admin: @MMIBDO_YuqoriChirchiq_IM
pereezd_relocation,channel,Переезд | Релокация,66977,"Рассказываем про релокацию и путешествия  По рекламе: @sofya_advertising Менеджер: @spiral_yuri, @tgpodbor_official, @swaymedia  По вопросам: @pereezd_relocation_bot  Пригласить - https://t.me/+1fRVcZ_qrEQ4OTli РКН: https://clck.ru/3FvQL4"
greener_relocation,channel,Greener Relocation,3372,"Подберем страну и город для переезда на основе данных, экспертизы и многолетнего опыта ✈️  ⚡️ Все важные ссылки тут https://linktr.ee/greener.relocation  Написать нам  → @ask_greener_relocation"
ns_ledipoisk,group,NS | Леди Поиск,743,
gwmskf,channel,GWMS,881,"для удобства — @gwmskf тематика конференции полностью закреплена за владельцами, копирование запрещено. в случае нахождения плагиата — @delrows & @keocoen  основание — 01.06.2024.  дата камбэка эры — 08.03.2026."
severavia,group,✈️ FINDaero | Чат,305,🇷🇺 Авиационный чат телеграмм-канала @Findaero  Правила нахождения — https://telegra.ph/Obnovlennye-pravila-aviacionnogo-chata-telegramm-kanala-Findaero-06-10  🔥 Приятного времяпровождения!
revizorchyk,group,Знахідки з Aliexpress,342,Знахідки Аліекспрес – канал з оглядами дешевих товарів на Aliexpress. Наш блог: revizorchyk.com
kvartirabynovikov_ru,channel,Недвижимость в Краснодаре и на побережье | Новиков и Стрельников,990,Александр Новиков и Станислав Стрельников – стандарт в недвижимости юга.  ▪️Подберем недвижимость под бюджет ▪️Поможем с ипотекой и документами ▪️Проведем от звонка до ключей  Консультация: @Novikov1DOM
turbodvkrd,channel,Car Deal,833,• авто из Китая  • дешевле рынка  • для перепродажи   • для себя   • помощь «под ключ» (с документами и растаможкой)  8-914-063-12-70. Дмитрий
puppies_fci,channel,Щенки🌐𝐅𝐂𝐈,586,©️Международная торговая площадка щенков. Щенки публикуются только с документами.    Подать объявление📲 📩 @puppiesFCI
illegal_money_official_420,channel,Illegal Money,222,
darkklegacy,channel,𝐃𝐀𝐑𝐊 𝐋𝐄𝐆𝐀𝐂𝐘 2.0,261,"Привет @durov  Этот канал не нарушает закон.  И в нем нет порнографических и грубых постов.  пожалуйста, обратите внимание!   Официальный канал в @Telegram  Без спама"
crypto_earn_legit_money,group,"Crypto World Unlimited Bitcoin,Ethereum Giveaway & 101 Legit Method to Earn Money online for Global",181,Welcome to our group. Anyone can join and we have a goal to create biggest group of Telegram. Everyone can share link. We don't have restrictions policy.  We have added legit Channel method to make money online. https://t.me/PassiveIncome4Global
legitborgy,channel,𝐀𝐋𝐋 𝐀𝐁𝐎𝐔𝐓 𝐁𝐎𝐑𝐆𝐘<,107,
honestlylegit,channel,Vouch/legitimacy,35,
legitareanidaddyhans,channel,DADDY HANS LEGIT AREA,9,ALL LEGIT TRANSACTIONS (100%)
lucifer_portal_official,channel,LUCIFER PORTAL OFFICIAL⚜️,50,OFFICIAL CHANNEL @LUCIFER_PORTAL |  OWNER ID -> @WHX_LUCIFER |⚜️ CO-OWNER -> @reportonco | 🚀
bio_officiai,channel,ᴀᴅᴀᴘᴛᴇʀ ᴍᴏᴛʟᴏs'ᴀ,7,
everyonejoinusl,channel,CHEL WRLD.,6,"Привет - @Durov Эта группа не нарушает закон. И никаких порнографических или грубых постов.Пожалуйста,обратитевнимание!  Наш официальный канал- @Telegram Без спам порнографииv1"
boy998117,channel,东南亚博彩娱乐平台,2,✅客服👩🏻‍💼  @DJ9797  🔥  ✅经理👩🏻‍💼 @USDT98YL 🔥  ✅业务员🤵🏻‍♀️ @TLYL520    🔥  ✅官方频道  @ammgm8397 🔥
cupischeckbot,bot,Подсчет минуса в БК | Проверка статистики,,Подсчёт минуса (статистики) по легальным (ЦУПИС) БК
accredit_centr_mok,channel,Аккредитационный центр МОК,355,"Официальный канал аккредитационного центра на базе ЧУ ПОО «Международный оптический колледж»  Наши контакты:  - написать нам в этом канале   - mokmoskva3108@gmail.com - +7-495-77-55-55-4 +4780, +4781 - https://opticalcollege.ru/"
grovehaus,channel,Grove Haus | Бани под Ключ | Уфа,416,"Строительство бань под ключ в Уфе и Республике Башкортостан. Изготовление металлоконструкций любой сложности. Качество, надежность, соблюдение сроков. 📩 Консультация и расчет стоимости по телефону 89875818520, либо в личные сообщения @danyeyess"
visacardsrussia,channel,Карты VISA и MasterCard для россиян,684,"Все о банковских картах Казахстана, Беларуси, Киргизии, Таджикистана, Узбекистана и других стран ближайшего зарубежья"
kudinovclub,channel,Кудиновы | Налоги и Бизнес,602,Комплексная защита бизнеса и его владельца 🔥  📍Адвокат Сергей Кудинов: @Kdn_pro 📍Финансист Наталья Кудинова: @Kudn_pro  ☎️Менеджер: @kudinovbiznes  📌Запись на консультацию: http://kudinovinfo.com  🎙️Семинары: https://kudinov-practicum.com
vdelosmelo,channel,Медицинская бухгалтерия,761,Полный контроль над финансами. Защита от налоговых претензий.   Другие площадки: 👉 max.ru/id680502026151_biz 👉 tenchat.ru/vdelosmelo  По рекламе: @orlova_lyuda По вопросам: @tatsmelova Для связи: +79166222232 Сайт: med-bux.ru ИНН 680502026151
chat_it_picnik,group,Чат ИТ-Пикника,1605,"8 августа Москва, Коломенское  Регистрация: https://it-picnic.ru Мы ВК: https://vk.ru/it_picnic  Для запроса счетов на оплату пишите на почту: picnic_partners@codefest.ru"
jdhandcyn,channel,⚠️ JDH and CYN : Murder Drones ⚠️,868,Описания в Закреп.сообщении🔗 Администрация : @DROPERCHAT  Анонимный чат: http://t.me/anonaskbot?start=ui7hv  Сетка каналов: @SetJDH
pravdatut6,channel,ПРАВДА ВСЯ ТУТ,116,"Последние новости с фронта, все о войне и другие актуальные новости Украины!  Cамые важные и оперативные новости - катастрофы в россии  Юмор про политику, политиков и не только"
ptsbabalashov,channel,АГРОДРОНЫ Балашов,491,"Агродроны: обучение, ремонт, эксплуатация и другие интересности"
panicaaukapec,channel,Дроны убийцы Паника АУ на русском читать без смс и регистрации (переезжает в MAX),251,"Этот тгк создан чтобы вливать сюда переведенные части комикса, а также для вашего удобства Автор комикса: Candyasbestos"
klyuchfpv,channel,КЛЮЧ FPV системы,219,"✅ Производим FPV-дроны, средства связи и много чего ещё  🔹Подробнее о нас читайте в закрепе👇 https://t.me/klyuchfpv/3  🚀 Готовы купить? Переходите на сайт https://klyuchfpv.ru/  ❗️ Вопросы, предложения, сотрудничество: @slavafpv"
murderdronesnull,channel,ᴍᴜʀᴅᴇʀ ᴅʀᴏɴᴇs [ɴᴜʟʟ],145,"Это тгк по Дронам Убийцам – Murder Drones [Null]!!! У нас куча разного и интересного контента!  Арты, эдиты, анимации, видео, темы, мини комиксы, комиксы(всегда с переводом) и многое другое.🎇  Предложка: @MDNull_bot Чат: https://t.me/murderdronesnullchat"
copykorgi,channel,ジ¿ шоу труВумена,43,щось про пані джі сус кринж фор фрі
fmt_dnu,channel,FMTDR NEWS,73,https://linktr.ee/FMTDR
nbr_donetsk,channel,НБР ⚒️ ДОНЕЦК,67,Основной - https://t.me/+KNsBYAjcwZhiYTEy
dronkostyaremi,channel,дроняшкі,44,૮₍ ˶• ༝ •˶ ₎ა /⊃︻デ═一 ~♡ eng/ukr only
kuponturkdron,group,🚀 🇹🇷 KuponTÜRK Dron Grubu 🚁,54,Dron ve uzaktan kumandalı ürünler hakkında bilgi alışverişinde bulunmak için oluşturulmuş bir gruptur...  🔻 Diğer Gruplarımız: 📢 🇹🇷 KuponTÜRK PAYLAŞIM KANALI🔊 - https://t.me/kuponTURK  💬 🇹🇷 KuponTÜRK SOHBET & YARDIM - https://t.me/kuponTURKsohbet
gereeya,channel,greenka 🍡 🍵 🍃,18,"грінка, а не грєнка🙄"
drdrdrdron,channel,Drn,16,art😴 щп
dronex_official,channel,DroneX - беспилотные дроны в Москве и МО,20,▪️Разработка дронов под любой запрос - от гоночных до съемочных беспилотников ▪️Уникальные решения в построении и проектировании дронов ▪️Магазин комплектующих для ваших БПЛА ▪️Школа пилотирования для взрослых и детей от 14 лет  https://dronex.space/
uniyoga,channel,ЕКАТЕРИНА БОГОНИНА🔹ПСИХОСОМАТИКА🔹ЙОГА,439,🧩 450+ женщин со мной превратили:  ➡️Боль в спине → Гибкость и кайф  ➡️Ссоры с мужем → Диалог и поддержку  ➡️Вечная усталость → Высокий уровень энергии  ➡️Мечты в голове → Новую работу/отпуск на море   Связаться: t.me/BogoninaEkaterina
gibdd60,channel,Управление Госавтоинспекции Псковской области,655,Вся актуальная информация
novadmin08,channel,Администрация Новобейсугского сп,195,
thelastsalute,channel,سلام آخر,3182,🏴 خرده روایت‌های هنری در آیین بدرقه آقای شهید ایران  به همت #سازمان_سینمایی_سوره  اینستاگرام ما: instagram.com/thelastsalute  بله ما: https://ble.ir/thelastsalute
ildan_team,channel,ildan_team🩷,340,Ансамбль татарского танца «Ильдан» г. Москва ✨Заслуженного работника культуры Республики Татарстан Яваева Радифа Мухамедшаевича✨  По вопросам сотрудничества:  https://wa.me/79151588506 - Надия
osd_burya,channel,ОСД «Буря» | бордовая семья,311,
santis_osd,channel,𝐒𝐀𝐍𝐓𝐈𝐒 ᵒˢᵈ,144,В основном работаю с АВАМИ😘💓  Если что-то нужно пиши мне @miven_dxr_qz -АЗАЛЬКА (ВЛД)
osd_iznanka,group,Изнанка,133,
kino_olmo,channel,ОЛЬМО,160,"Творческое объединение из Уфы.  Снимаем кино, сериалы, клипы, рекламу и показываем, как мы это делаем.   Подписывайтесь на наши соц сети: https://www.instagram.com/olmo.life https://youtube.com/@ОЛЬМОто"
oblako_omsk,channel,OBLAKO,630,"🔥 Магазин который ты заслужил! 🔥  Жидкости, картриджи, одноразки! Не упусти свой шанс!  - Дешевле, чем где-либо - Регулярные обновления акций - Эксклюзивные предложения  🔞 18+  📲 Связь: @oblako_catalog_bot"
olman_nadivane,channel,OLMANblaa,248,Я бы хотела делится своими рисуночками!!  Рисую Арты по моему прайсу)) Лс:@Olman_tyta
perfectioniasofficial,channel,Perfection IAS (Official),60866,"बीपीएससी परीक्षा की संपूर्ण तैयारी हेतु जीएस फाउंडेशन कोर्स के लिए अभी जुड़े। फ्री डेली करेंट अफेयर्स इस ग्रुप में उपलब्ध है । अन्य सभी महत्वपूर्ण बीपीएससी कंटेंट के लिए सिर्फ इस ग्रुप को ज्वाइन करें। मेंस एनालाइजर मैगजीन,मासिक करेंट अफेयर्स मैगजीन।"
prayascentral_exam,channel,Prayas Central Exam,179,🚀 SSC | Railway | Banking | CUET | Central Exams की तैयारी करने वाले विद्यार्थियों के लिए Prayas Central Exam 📚  ✅ Daily Class Updates ✅ PDF Notes & Study Material ✅ Exam Strategy & Guidance ✅ Important Questions & Practice Sets ✅ Vacancy & Exam Updates
prayastestseries,channel,Prayas Suratgarh Test Series,226,
preciouscomputer1,channel,PRECIOUS COMPUTER,288,We provide Best Computer Education
syjcexam,channel,S.Y.J.C Exam,56,"Hello Friends Welcome to Education Channel. We will help to provide MCQ Question Bank, Exam Paper and University News."
youfitz_ev,channel,telc Prüfungszentrum youfitz e.V.,46,"telc Prüfungen Deutsch A1, A2, B1, B2, C1"
freventsgermany,channel,Афиша эмигранта | Германия,550,Анонсы дружественных мероприятий в Германии от Free Russians e.V  Поддержать проект: https://www.paypal.me/freerussians  Обратная связь и анонсы: events@freerussians.org  Наши ресурсы: https://linktr.ee/freerussians
freitagjsj,channel,Freitag-JSJ,49,"News von Clara Freitag, Jin Shin Jyutsu in Dresden.  Web: www.freitag-jsj.de Mail: freitag-jsj@posteo.de"
freitag13,channel,#Freitag13 KANAL 📢,33,"Aktionstag gegen Arbeitsunrecht: Wer, was, wann? Infos zum nächsten bundesweiten Aktionstag Schwarzer #Freitag13"
apresdemain,channel,Après-demain à Fribourg,120,"Sélection d’événements à ne pas manquer, choisis soigneusement par Simon chaque semaine - http://après-demain.ch"
folkwiese,channel,Folkwiese,42,folkwiese.de  Jeden Freitag im Sommer Folkstanz im Mauerpark
cmlpz,channel,CMLPZ Critical Mass Leipzig,629,🚲 Immer am letzten Freitag im Monat 🚲 ab 18 Uhr >> Augustusplatz zur Rundfahrt  #cmlpz #wirsindderverkehr #mehrplatzfürsrad criticalmassleipzig.de
freitagstrasse,channel,Freitagstraßen News ☀️,234,"Willkommen auf der Freitagstraße 🙏🏽, in unserer Praxis, Liebesschule und Jurte - ein Ort vieler Möglichkeiten und Ideen. Impulse und Veranstaltungen gibt es hier oder auf unserer website: www.freitagstrasse.de"
freitraeumer,channel,LION`S GATE RETREAT,329,"For to the one who has, more will be given, and he will have an abundance, but from the one who has not, even what he has will be taken away. Matthew 13:12"
zuchtundzucker,channel,Zucht und Zucker,548,"Wir sind dein Laden für Schallplatten, SecondHand Mode & Events in Eberswalde. www.zuchtundzucker.de Öffnungszeiten: Mittwoch bis Freitag 15-20 Uhr  Samstag 11-20 Uhr"
nkas78safdnjl,channel,Ecstatic Dance - ATEMA,652,Raum für freies Bewegen und Ekstase. ✨.  Erlebe dich in Präsenz durch das Bewegen zu mitreissender Tanzmusik.  Tanze als ob niemand zuschaut.  Ab September: jeder 2. & 4. Freitag  www.atema-events.ch  Einladungslink: https://t.me/+YaCcV-DxIMI3Nzc0
markowinterdeitschundfrei,channel,"DEITSCH und FREI - Telegramkanal von Marko Winter, MdL.",166,"Direkt gewählter Abgeordneter des Sächs. Landtags für Halsbrücke, Reinsberg, Großschirma, Bobritzsch-Hilbersdorf, Freiberg, Weißenborn, Lichtenberg, Dorfchemnitz, Sayda, Mulda, Frauenstein, Rechenberg-Bienenmühle, Neuhausen."
kobamugasmus,channel,KoBaMugasmus,441,"Café KoBaMugasmus,   Schicklerstraße 25, 16225 Eberswalde   Dienstag bis Freitag  11:30Uhr bis 20:30 Uhr     www.kobamugasmus.com"
freia_tv,channel,Freia_tv,234,"Косплей, кино, крафт, путешествия и просто болтовня с пирожками канала 🤌"
happyalienserlangen,channel,Happy Aliens,60,We are the community of people in Erlangen with immigration background and we want to help you to settle here as smoothly as it is possible and find new friend through lots of interesting activities.
alephakademie,channel,Aleph Akademie,530,Hier findest du Infos und Änderungen  zu aktuellen Veranstaltungen ✨  Hier gibts die Sessions zum nachhören😊 https://soundcloud.com/aleph-akademie  Unsere Datenschutzerklärung: https://www.aleph-akademie.de/datenschutzerklaerung/#telegramkanal
gwlakademie,channel,GWL-Akademie,387,Mental- Emotional und Bewusstseinstraining 🚀  https://linktr.ee/ganzheitlichwertvollleben  🌟 In diesem Kanal findest du alle wichtigen Infos zu den Seminaren mit Viktor Heidinger&Team
muallimi_soniy_guruhlar,channel,Arab tili guruhlari qabulxona,8114,
nestjs_uz,group,Nest.JS Uzbekistan 🐈,272,Guruh Nest.JS frameworki bo'yicha muloqot qilish uchun ochilgan. 🐈  Foydali telegram guruhlar jamlanmasi: https://github.com/doniyor2109/awesome-telegram-dev-groups-uz  ECMA Uzbekistan: @ecmaorg
pullar_qullar,channel,Premium Port,218,Premium Port kanalida: Eski Guruhlar savdosi Telegram Premium xizmati Telegram Star olish xizmati  Soqqada gap bo'lganda bog‘ qilamiz CHO‘Lni   Ishonchli hamkor: @ibn_Ibrokhim
sotiladigan_kanal_guruh_reklama,group,Sotiladigan kanallar va guruhlar 📢,77,🇺🇿 Siz bu guruhda  kanal va guruhlar sotishingiz yoki sotib olishingiz mumkin ♻  ✅ Reklama berishingiz ham mumkin
marinaensade,channel,Марина Ensade,674,"Вокалистка группы @ensadeband   Рок-стримы ПН / СР / ПТ — 20:00 Залетай на стрим и удиви меня 😱  В телеге моя жизнь, демки, бэкстейджи, мысли и контент / новинки из альтернативы   Твич: www.twitch.tv/marinaensade"
riyoziyot_itm,channel,Riyoziyot ITM | Rasmiy sahifa,1095,"Manzil: Chilonzor, Ц-mavze, 6-uy, 108-xonadon Mo'ljal: Chilonzor metro, Turon bank yonida"
akauka_parfum,channel,AKA & UKA PARFUM,979,"📍Bizning manzil: Chilonzor Ц kvartal, Non ishlab chiqarish (doka xleb) yonida.  👨🏻‍💼Murojaat uchun: 📞+998 94 623 00 17 | @bekzod_0017 📞+998 93 536 17 07 | @sobir_1707"
jetourqashqadaryo,channel,Jetour Qashqadaryo,1396,"🔸Jetour brendining Qashqadaryo viloyatidagi rasmiy dilleri 🔸5 yillik kafolat va servis xizmati ☎️ +99877-358-07-70 ☎️ +99877-239-07-70 ☎️ +99877-359-07-70 ☎️ +99877-412-07-70  📍Manzil: Qarshi shahar Ravoq MFY ravoq ko’chasi 5/36-uy, Farxod bozor yonida"
ofkkim,channel,Олександрійський фаховий коледж культури і мистецтв,353,"""Олександрійський фаховий коледж культури і мистецтв"""
ofoq_iran,channel,افق ایران,68,
isiea,channel,ISI-EA.ir,327,کانال رسمی گروه تخصصی معماری سازمانی انجمن انفورماتیک ایران
hodjatimehrdad,channel,پیاده راه | مهردادحجتی,4229,"لینک کانال  در اینستاگرام :  https://www.instagram.com/mehrdad.hodjatii?igsh=dTY1cnZ1NzllN3Jn&utm_source=qr  ..  اگر هنر نبود، حقیقتِ زندگی ما را می کشت!                                                                         ""نیچه"""
azzahraaarbaeen,channel,زیارت اربعین دانشگاه شريف,1218,اطلاع‌رسانی کاروان زمینی پیاده‌روی اربعین هیأت الزهرا (سلام الله علیها) دانشگاه شریف  پاسخ به سؤالات (برادران): @ArbaeenInfo  پاسخ به سؤالات (خواهران): @ArbaenInfo_khaharan  کانال هیأت الزهرا(سلام الله علیها): @AzzahraaSharif
kums_arbaeen,channel,پیاده روی اربعین علوم پزشکی کرمانشاه,244,📤جهت ثبت نام و یا کسب اطلاعات بیشتر با آیدی های زیر در ارتباط باشید:  خواهران: @FATEMEHIRANII برادران  @OAminOoo
belshkast,channel,عابر پیاده | ابـوعـطا,95,عطا هستم، دهه هشتادیِ عاشقِ کلمه‌ها. می‌نویسم از دل، از روزمرگی‌هایی که بی‌صدا، زندگی را می‌سازند. شعر و داستان‌های کوتاه من روایتِ حس‌هایی‌ست که شاید گفته نشوند، اما عمیقاً حس می‌شوند. N🔗  ارتباط:  t.me/HidenChat_Bot?start=7451817251  🖋️ عابر پیاده
avinmedia_ir,channel,آوین مدیا,112,🔸ساخت موشن گرافیک و تیزرهای تبلیغاتی 🔹طراحی و پیاده سازی انواع وب سایت ها 🔸طراحی گرافیک  @Avinmedia 09119993224 Avinmedia.ir  #کانون_فرهنگی_تبلیغی_آوین
eil58,channel,رُواءُ الحِكْمة.,1073,‏﴿وَاغْفِر لِأبِي﴾.
l_36a_l,channel,لـــــ ➥𓏺𓏺• 𝐴𝑘𝑟𝑎𝑚•𓏺𓏺𓏺𓏺𖡡×፝֟͜× ✘,268,اخِبـࢪۅا اݪمهايطن اڼڼـا ݪا ڼڼـافَـس احِـډ فَعڼډمـا بـډاڼـا ݪـم يڪـۅڼ ݪهـم ۅجِـۅډ اصـلاً ˹ᯓ|¹★★
asb_pub,channel,نشر اسب,472,نشر اسب سر در پی افق‌ها  ۱۱ تیرماه ١۴٠۵  🌐 وبگاه: asbpub.ir 👥 گروه: t.me/asb_pub_group 💬 پیام‌گیر: t.me/asb_pub_contact ✉️ ایمیل: asbpub.official@gmail.com
ackykla,channel,P R O V A D A,299,🌿🕊️   Реклама- @provodokk
omidfakhar,channel,امید فخار | افق نو,164,ارزش شما را هیچ‌کس جز خودتان تعیین نمی‌کند؛ پس قلم را بدست بگیرید و داستان زندگی‌تان را از نو بنویسید.  وب‌سایت: www.omidfakhar.ir
olga_urist_msk,channel,Юрист Ольга Гимадеева,7087,Все о судах и приставах ⤵️   🔝 Советы юриста  🔝 Истории из практики  🔝 Ответы на ваши вопросы  🔝 Рассказы из жизни госпиталя  Для связи со мной: @olgasheba2  По вопросам рекламы: @Levadushka   Отзывы: t.me/Olga_Gimadeeva_otzivi
urist_tula71,channel,АДВОКАТ ЮРИСТ МОСКВА ТУЛА ⚖️,1505,"▪️ Андрей и Анастасия Назаровы ▪️Юридический стаж >4️⃣0️⃣лет на двоих  ▪️Защита в судах 🤝 Уголовные дела. Гражданские споры. Арбитраж. Защита бизнеса, вас и вашей семьи ▪️Пишем о ваших правах и законах  Запись на консультации @urist_advocat"
tabukh_urist,channel,Юридическое Бюро Т-Групп,806,✒️Канал  создан юристом Табуховой Татьяной.  - о правах; о судах; о людях в судах; о жизни Уверенная игра на правовом поле.
urutperak,group,URUT LELAKI PERAK,1159,Iejam tukangurut
lastochkasurgut,channel,Lastochka Jewelry,1337,"Ювелирные украшения из серебра. Российские и мировые дизайнеры. Салон в Сургуте (ТРЦ ""Союз""), ул. 30 лет Победы д. 46  По вопросам заказов и онлайн оплат только 📞 8 9222 51 51 67 (остерегайтесь мошенников)"
surkovarepetitor,channel,Министерство обществознания 🦋 Алена Суркова,438,‼️🚨ЭКСПЕРТно готовлю к ЕГЭ и ОГЭ по обществознанию 🫦☀️ Со мной весело и продуктивно  Связь 🤙🏻 tg: @AlenaSurkova Сайт: http://alenasurkova.tilda.ws
surkovakaty,channel,Екатерина Суркова,310,"🪆 Генеральный директор АНО ""Русское наследие ""  🇷🇺 Вице-президент Ассоциации волонтёров СВО  🏛 депутат Совета местного самоуправления городского округа Нальчик"
skakovskaya_channel,channel,SINGRSHA 👁‍🗨 SKAKOVSKAYA,118,"Татьяна Скаковская - певица, главный редактор #BLOGGMAGAZINE, ambassador ONLY 69 MAGAZINE  Наши стикеры: https://t.me/addstickers/SKAKOVSKAYA_CHANNEL"
aviation_english_ys,channel,Surkova Yulia - English /Английский язык / Aviation English / Авиационный английский / WorkAndTalk,405,"Канал для тех, кому нужен авиационный английский. Подготовка ко всем экзаменам ИКАО: Selcal, Relta, Tellcap, ETIAN.  Запись на занятия: @WorkAndTalkSchoolYS"
svetopredstavlenie,channel,СветоПредставление,323,Женский психолог👩🏼‍💻 @surkova_svetlana Ведущая «Глубоко о женском» https://rutube.ru/plst/614298/  Моя способность работать с Вами — это следствие моей готовности и способности работать над собой…
sofadiss,channel,Sofadis,302,"Digital design , life , jewelry Для связи: https://t.me/sofyamakova Инст : https://www.instagram.com/sofadiss?igsh=cXgycGQ1dzY3Yjlm Авито : https://www.avito.ru/brands/2921de6eb4679b58c587b04604966058?src=sharing"
syakushaa,channel,Sabrina’s Mobile Lens 🫀,185,"Мир моими глазами, тут только работа❤️ связь - @syakusha"
learningnets,channel,Network Learning,29581,"This channel is about Network.  You can find all types of practical training,Books,Videos in English in all fields of Network,Security,Hack,AWS,Storage,Virtualization,Cloud,Penetration testing,Dump &... https://t.me/learningnets @CCdata"
muslimstudy_kids,channel,Muslim Study Kids,563,🌟 Для самых маленьких мусульман 🧕🏻 Преподаватели с опытом работы с детьми  🎮 Игровой формат и внимательное обучение  💛 Уютная атмосфера и бережное отношение  Менеджеры:  Для братьев @mstudy_brat  Для сестер @manager_mstudy
enoriq,channel,إينور للتعليم,743,﮼ تـحـفـيـز دراسـي ﮼  ﮼ تـواصـل ← : @ibdicr7bot ﮼  لطلب الملازم  ← : @ali20p20  - وراء كـلّ عـظـيـمٍ نـفـسُـه - 📍
learnf5,group,"Let's learn F5 - LTM, GTM, ASM, APM",193,NetMinion Solutions www.netminion.net  Group Guidelines  1) No advertising 2) No Marketing 3) No spamming 4) Discussion about F5 only
nuralqurannn,channel,🕌Марказ «Нур Аль-Коран»,132,Онлайн-центр обучения чтению Корана для братьев  https://t.me/+Ch5BTPjbZmNmOTAy
mrarabist,channel,Mr.Arabist,163,TSUOS arab philology  Qatar University talabasi Arab tili shinavandasi Zamonaviy usulda o’rganamiz Admin: @Mr_Arabist
learnm,channel,Машин Learning,115,О том как используется математика в реальной жизни.
crescenthall,channel,CRESCENT HALL MASS CHANNEL 🌙,1769,A channel for all Crescent Hall happenings managed by the 12th Hall Council 🦌❤️   All-in-one link for all things Crescent: linktr.ee/ntu_crescenthall 🔗  PM our Publicity & Media Directors (Shania @nyeety or Glenda @glw3dnj) for any enquiries 📲
capitalandmallssg,channel,CapitaLand Malls SG,11028,Live the lit life and stay updated with the latest happenings all around CapitaLand malls on our official Telegram channel! Subscribe for first dibs on deals 👉🏻 capitaland.com/telegram
madkatehappenings,channel,Mad Kate Events,116,"Performances, S.W.E.A.T. and happenings"
hoteljobopenings,channel,Hotel Job Openings,389,Hotel Jobs - 100% Free & Genuine!
nftradar1,group,NFT Radar,1414,"NFT Radar is a community with the mission to create more awareness to the 99% of the people in the world who are not aware of the recent happenings in Cryptocurrency. We're open to AMA, Promotions, Advertisements, contact @frank1_samurai"
avwuff,channel,Av's Husky Happenings,535,Keep up with what Av is up to!  May contain fur and squeak!  Discussion group: https://t.me/+qUkxWDqzpy1iOWQx
ccrredeemer,channel,Chapel of Christ the Redeemer,441,Happenings in CCR: https://linktr.ee/ccrsg
codydawg_announcements,channel,Codydawg Announcements,159,"News and updates by Codydawg. Live, Web, Events & Media. All in one place!"
oduvanchikov_jewelry,channel,"Слов нет, одни украшения🤍",294,"украшения. стиль. искусство.  Ювелирная бижутерия✨  https://instagram.com/oduvanchikov_jewelry?igshid=MWI4MTIyMDE= *  *проект Meta Platforms Inc., деятельность которой в России запрещена  Дизайнер https://t.me/pleshkova_elena"
handi_studio_mk,channel,HANDI студия МК🙌,205,"«HANDI» - студия трендовых мастер-классов Воронежа для детей и взрослых  🙌 Команда из профессиональных мастеров с большим опытом 🥳 Дни Рождения, Девичники, Корпоративы 📍 Воронеж, Ул. Остужева 2/1, ЖК Атлантис. handistudio.ru penaelena.ru"
lavka_okrasheno,channel,•.*~сувенирная лавка~*.•,177,"доброго полудня! делаю аксессуары своими руками✨ каждая поделка индивидуальна и заряжена на положительные эмоции🌼 заказать побрякушку из деревяшки, бусинок, ниток или еще чего-нибудь можно тут! @first_snowdrop"
xafizaathandmade,channel,𝘟𝘢𝘧𝘪𝘻𝘢𝘢𝘵 𝘩𝘢𝘯𝘥𝘮𝘢𝘥𝘦,718,Mehr ila bizdan sizga 🎀  instagram.com/xafizaat_handmade
crafthandlab_news,channel,Channel Craft Hand Lab,294,Канал клуба рамеснікаў  Арганізуем першыя беларускія маркеты ў Варшаве!  Чат https://t.me/crafthandlab Instagram https://www.instagram.com/crafthandlab/ Facebook https://www.facebook.com/crafthandlab
daryaya_handmade,channel,Дар•Я | Украшения-встречи,143,"Дарья Ядова. Авторские украшения и декор, рождённые в диалоге. Встреча мастера, материала и вашей истории."
edwinhandmade,channel,Edwinhandmade,131,
art_club_party,channel,АРТ-вечеринки Art club party,148,📍Москва  По всем вопросам @charming_kama  📲7(977)180-15-59 Мастер-классы акрилом /флюид арт Тимбилдинги  Мероприятия «под ключ»  Страница VK:  https://vk.com/art_club_party
milart_handmei,group,МилАрт👩‍🎨,228,Творческая мастерская для детей и взрослых  Территория уникальных подарков ручной работы  Для заказа или записи на МК - @MILART_L
nova_brand_ekb,channel,Маша создаёт | NOVA_BRAND,109,УКРАШЕНИЯ • МК• РУЧНАЯ РАБОТА ❤️Креативные украшения из бусин и бисера 🎨Творческие мастер-классы  📍Екатеринбург — Нижний Тагил Mary @mnovoo 🧚🏻‍♀️ https://novabrand.taplink.ws
privet_kamchatka,channel,"Привет, Камчатка! Афиша мероприятий",151,Это канал проекта Hello Kamchatka https://t.me/hellokamchatka 🐻  Здесь мы делимся анонсами мероприятий на Камчатке  Пишите нам на @hellokamchatkashamsa  Наш сайт:  www.hellokamchatka.store   Ссылка на нашу страницу во ВКонтакте: https://vk.com/hellokamcha
portartfair,channel,PAF,2737,"Ярмарка современного искусства в Севкабель Порту  21 ⭢ 24 мая, 12:00-22:00  Подробности и билеты: https://paf.sevcableport.ru/"
sekabetsohbetresmi,group,Sekabet Sohbet,33892,Sekabet Resmi Telegram Kanalı:  https://t.me/sekaresmi  Canlı Destek: https://direct.lc.chat/16853007  Telegram Destek: @sekabettgdestek  Güncel giriş adresleri: https://fnmn.io/tgsohbet
garagesaleinport,channel,Инфо | Гаражная Распродажа в Севкабель Порту,776,Оперативная информация для участников Гаражной Распродажи в Севкабель Порту
greatgalleryguide,channel,GGGuide,6630,Ваш проводник в культурную и художественную жизнь Петербурга  https://ggguide.ru/  Автор: Екатерина Дударёнок   По вопросам сотрудничества писать @dudarenokkaterina
cabinetabstract_spb,channel,Cabinet Abstract,224,"Арт-хаб: студия рисования, арт-мероприятия, выставки и коворкинг для художников   Связь @Cabstract_info  📍СПб, Севкабель Порт, Кожевенная линия, 40Д, к.11"
skaevskayakate,channel,Скаевская,402,✨Украшения ручной работы✨
szm_mebel,channel,СЕВЗАПМЕБЕЛЬ мебель под ключ,174,"Продуманные решения для дома. Полный комплекс услуг.  Привезём, поднимем, соберём. На рынке с 1953 года   Наш сайт: szm-mebel.ru Телефон: 8 812 502 50 20 Адрес: Санкт-Петербург, Большой Сампсониевский 28/2 БЦ ""МЕЗОН ПЛАЗА""  https://vk.com/szm_mebel"
mombabyexpo,channel,MomBabyExpo,846,19-20 сентября 2026 Санкт-Петербург | Севкабель Порт 11:00-19:00  Выставка товаров и услуг для беременных и новорожденных  Маркет•Лекторий•МК  Вход бесплатный по предварительной регистрации https://mombabyexpo.ru
twentytwolibrarians,channel,22 библиотекаря и кошка,579,"Три площадки Маяковки (на Охте и в Севкабель Порту): книги, события, бэкстейдж и всеми любимая кошка😽"
formasquad,channel,Дневник Forma Squad,186,https://www.formasquad.ru
rijii_jiraf,group,Рыжий жираф,333,"ИЗО студия в Севкабель Порту СПБ  +79219731591 Севкабель Порт, ул. Кожевенная линия, 40, 2 детский этаж, К-25."
co_avtory,channel,Арт-группа SO.8,78,"Арт-группа современных художниц из Санкт-Петербурга, Нижнего Новгорода и Москвы   so8art.ru  instagram.com/so.8_soavtory (Запрещённая сеть в РФ)"
cebo_style,channel,Cebo style | Мебель на заказ в Крыму,83,"Изготовление дизайнерской мебели на заказ! Собственное производство, высокое качество!👍🏻  ✔️ Широкая цветовая гамма и отделка   ✔️ Полный комплекс услуг для заказчиков   ✔️ Подбор техники и аксессуаров для кухни  Наш сайт: http://www.cebo-style.ru"
tressimfest,channel,Трессим Фест,308,Трессим Фест - это сахалинский фестиваль настольных и настольно-ролевых игр. Мы хотим познакомить жителей и гостей острова с настольным и настольно-ролевым движением.   По вопросам @PanOkean  Наш ВК https://vk.com/club226690503
artelnya,channel,ARTЕльня,368,"ARTЕльня - благотворительный фестиваль ремесленников и деятелей искусства. Вот уже 7 лет подряд в деревне Малая Ельня со всей области собираются представители моды, гастрономии, ручных изделий, НХП и тд. Увидимся в деревне! 🌅  Мы в ВК - https://vk.com/art"
shizipizii,channel,Шизотека и кто-то еще,74,"Как дневник, но круче"
handmade667,channel,b_i_s_e_r,139,https://t.me/boost/handmade667
agenzialuti,channel,Agenzia Luti,32,
ukntbot,bot,КНТ | Университет,,Официальный чат-бот УКНТ https://k-n-t.ru/  По всем вопросам 👉 @oksanamulyukova
clickfreeusdtbot,bot,Бесплатные USDT ✨,,Наш чат : https://t.me/+UkDKfrCA_541Yzc6  Каждый может заработать без вложений 🤝
spin_claim_usdt_bot,bot,🤑 Spin & Claim USDT,,"🤑 Win USDT! 💸 Invite friends, get rewards, and withdraw fast! 🚀"
vsemitut_news,channel,ВсеМыТут,2262,"ВсеМыТут приветствуем вас! vsemitut.ru – это SPA-площадка Ростова и Таганрога. Билеты в аквапарки, СПА-комплексы, базы отдыха, летние бассейны. У нас вы можете купить билеты в аква- и спа-комплексы, онлайн и с приятными скидками."
tikiviki_kazan,channel,TIKI VIKI | Игровая | День рождения | Ресторан,3047,"📍г.Казань, ул.Петербургская, д.9 https://clck.ru/3NExBU 🎂Заказать праздник: @prazdnik_TikiViki VK: https://vk.cc/cWX22y MAX: https://maxln.ru/E1Srra  👩‍💻 По вопросам рекламы и сотрудничества @anneta_fs"
spbumte,channel,Записки студентов | СПБУТУиЭ,261,Официальный канал Студенческого совета СПБУТУиЭ
srkvtie,channel,СРКВТиЭ,236,"ГБПОУ ""Ставропольский региональный колледж вычислительной техники и электроники"""
tdiu_al,channel,Toshkent davlat iqtisodiyot universiteti “International Business” akademik litseyi,107,
tdiuiqtisodchiklubi,channel,TDIU Iqtisodchilar klubi,2278,TDIU Yoshlar ittifoqi qoshidagi Iqtisodchilar klubining rasmiy sahifasi🎓🏦📚🧮  Murojaat uchun: @tsueconomist @Jurabek_Dilmurodov
bulshitttttttttttttttttttttt,channel,BullsHit,7001,
mturizm,channel,Shahrisabz turistik markazi,1900,Shahrisabz tourist center
uk_mto_tm,channel,UKMTO Ops Centre,991,This channel automatically reports United Kingdom Maritime Trade Operations (UKMTO) updates.
mossovet_tu_sevizmailovo,channel,"ТУ ""Моссовет"" Северное Измайлово ГБУ г. Москвы «ОКЦ ВАО»",909,Для всей семьи спорт и досуг. Мероприятия и праздники🤸‍♀️🎲💐 Единая справочная служба Объединения культурных и досуговых центров Восточного административного округа 8-495-129-00-01  Сайт: mossovet.mos.ru
bjx25001,channel,咪咪的TG：@mimi7815【☘️gleezy：mimi7815】,4530,咪咪の每日更新 （蘋果手機看不見內容請密我唷）  ☘️咪咪🌱Telegram→   @mimi7815  ♥️總頻道→  @bjx2500 只看北部→ @bjx250B 只看中部→  @bjx250N 只看南部→  @bjx250Z
kismurmusi,channel,urqwev,2756,реклама https://t.me/murmurmsiiil вп/ @urq_wev тик ток/ _urqwev_
imomov_shavkat,channel,Imomov Shavkat Jakhonovich,288,"""Sotilmaydigan ilm qilgandan, eshshak boqqan afzal.""  ""TIQXMMI"" MTU professori, texnika fanlari doktori - Imomov Shavkat Jaxonovich"
moormxie_m,channel,moormxie ⚡️,167,
summimixx,channel,Summimi draws ˖ ࣪⊹,89,В других соц.сетях я под юзом @/summimixx Вся важна инфа в закрепе  Кр картиночки @musususik
irrigatsiya_kundaligi,channel,Irrigatsiya kundaligi,29,"“TIQXMMI Milliy tadqiqot universiteti atrofida shakllanayotgan irrigatsiya tafakkuri, suv siyosati, va muhandislik qarorlari. O‘zbekiston yoshlarining suv va qonunchilik sektoridagi real o‘rni — faktlar va kuzatuvlar asosida.  Muallif:  @ElbekYR"
mychii_oi,channel,MYCHII | OI,12,
rexyohae,channel,рекси,11,даттебае юз @ilz1rastar
inttnews,channel,И.Н.М.Т Новости и другое,8,:Эмодзи комбо владельца [💌🌐] :🌐-день рождения канала 12 октября
springtwixi,channel,🤎ⲇⲟⲙυⲕ Ⲃⲉⲥⲉⲏⲏυⲭ ⲧⲃυⲕⲥ🤎🏝️,4,Хай! Мы весенние твиксы) Чтобы вступить нужно заполнить анкету
chelbaev,channel,Кара Баш,134,
chorschool,channel,Центр хорового искусства «Юность России» (г.Раменское),290,"🏆Лауреаты областных, всероссийских и международных  конкурсов 🏆Стипендиаты Главы Раменского района 🏆Стипендиаты Губернатора МО ☎️8-496-46-3-11-33 👩‍💻http://ramhor.edumsko.ru"
lati_k0,channel,Свалка Латико 😰,55,Чувствую себя кринжом   [Дата создания канала 27.06.23]
anime_vse_362,channel,"Скучный мир, в котором не существует самой концепции похабных шуток",1035,
akulamfi_366,channel,рест/𝐴𝐾𝑈𝐿𝐴𝑀𝐹𝐼#𝑅𝑂𝐿𝐸𝑉𝐼𝐾#𝑏𝑢𝑠𝑦,348,"Преʙᴇᴛᴄᴛʙую вас ʙ ᴄʙᴏёʍ ᴋᴀнᴀᴧᴇ! Я ᴩᴏᴧᴇʙиᴋ, с ролью Сэма Винчестера. - Пᴀᴛᴇнᴛ [Ꭺᴋуᴧᴀʍɸи]   Конец ?"
mamadiyor_muxtarov,channel,Mamadiyor Muxtarov,162,"Mamadiyor Muxtarov | Rasmiy kanal  Futbol va sport olamidagi eng muhim voqealar, tahlillar va eksklyuziv loyihalar. Shaxsiy qarashlar va mualliflik kontentlari.  Instagram: https://www.instagram.com/mamadiyor_muxtarov/    Feysbuk: https://www.facebook.com"
mmaevil,channel,ММА EVIL,136,"Приветствую вас, любители ММА. На нашем канале вы будете узнавать свежие новости в индустрии ММА и не только😉 По вопросам: @Conor2282"
tonagrofarmchatru,group,Agro Farm Community 🇷🇺,729,🇬🇧 Chat - @TonAgroFarmChat  Канал - @TonAgroFarm Бот - @TonAgroFarmBot
agraszews,channel,agraszews,541,"- что тут?🪆 - тут самые интересные события, жизнь моего региона и немного обо мне😉 тг: @dashkkae"
jobs_business_in_agra_up,group,"Jobs/businesses in agra(sikandra, kamla nagar,khandari, jaipur house, rambagh, agra college, rbs college, sn medical,corona,taj)",681,Original  group of agra   Search jobs/employees in agra. Search buyers/sellers/professionals in agra.
tdailyt,channel,-T,6480,
tdasv2,channel,Fewza,562,
sunnychampions1,channel,"Чемпионов, 1 | официальный канал Сервисной компании «Солнечный»",384,"Оперативная информация от Сервисной компании «Солнечный». Присоединяйтесь, чтобы быть в курсе событий!  📱 Скачать мобильное приложение СК «Солнечный»: https://bit.ly/sc_pr  🌐 Наш сайт: uk.sunny-ekb.ru  📞 Телефон: 302-03-11, 386-20-11"
sahalin_iks,channel,OOO «ИКС – Южно-Сахалинск»,310,Сообщество для информирования клиентов о работе организации ООО «Интеллектуальные Коммунальные Системы Южно-Сахалинск»
dasha_chernovastylist,channel,Даша Чернова / стилист,395,"Всем привет! Я Даша персональный стилист, здесь будут стильные подборки и рекомендации, лайф и материнство 🫧 max-i2u6  Inst: https://www.instagram.com/dasha_chernova4?igsh=MWNieTdxb2g5ZWprMA%3D%3D&utm_source=qr Сотрудничество @dasha_chernova4"
dada_travel,channel,DADA TRAVEL,1126,"•Индивидуальные и групповые туры с фокусом на культуре, гастрономии и искусстве • Услуги трэвел-консьержа • Организация семейных и свадебных путешествий  https://dadatravel.club/  Контакт для связи:  @dadatravel_adviser"
uz_dota1_group,group,DotA 1| Group,92,@Uz_DotA1  Kanali gruppasi  🚫Sókinganlar 🚫Uruwganlar 🚫Reklamachilar 🚫Va Fiderlarga.Raklarga😂 ⚠️KIK⚠️  Создатель: @Hxd04  ADM: @HasanboyHamidov MAPHACK - Капс: @mekhmonov1309
oddsilla,channel,ᴏᴅᴅꜱɪʟʟᴀ,298,
da_pizda1,channel,Иⲙᥰᥱρᥙя 𐌿ᥱᴛρᥲ🍷,68,"Проголосуйте за канал пожалуйста, добрые подписчики https://t.me/boost/gays Мой тт аккаунт https://www.tiktok.com/@chartoryshkis?_t=ZM-8u5zceD3bWh&_r=1 анонимные сообщения для меня ⬇️ http://t.me/anonimnyye_voprosy_bot?start=6hkkav"
dancemashq,channel,lil maga😇,111,
damdacha,channel,Проекты Домов 🏡,30,"""Проекты Домов"" — ваш источник вдохновения для идеального жилища!  Здесь мы собираем самые интересные, современные и функциональные архитектурные решения — от уютных коттеджей до эффектных вилл и загородных резиденций.  Поддержка: @LordBenjenStark"
phmumbai,channel,Pranic Healing Mumbai,453,"Pranic Healing, a science, an art, a no-touch energy healing modality."
aybydni,channel,Нейроотличные будни,669,Поддержка / лайфхаки / информация для взрослых людей с РАС / СДВГ Клинический психолог Анастасия Змиевская https://psiholog-volgograd.ru/ Написать мне: @Anastasiia_psychology Основной канал: https://t.me/nzpsi
ani_maltseva,channel,Анимацива,1241,Для связи: @animatseva  level: 21  location: Moscow  https://www.behance.net/annamaltseva_art vk:  https://vk.com/animatseva
artemkrishton,channel,Мурашки Криштона🤍🫂,2755,Сотрудничество 8-999-830-52-52(писать телеграмм/вотс ап)  Инста~https://instagram.com/artem.krishton?igshid=MjEwN2IyYWYwYw==  Ютуб~https://youtube.com/@Krishton30
rishton_26,channel,Rishton tumani 26-umumiy o‘rta ta'lim maktabi,190,"Rishton tumani 26-umumiy o‘rta ta'lim maktabining rasmiy kanali bo‘lib, shu maktabga oid yangilik va lavhalar berib boriladi 26Rishton.uz"
rish098,channel,Кружок в Кружке,627,
vrajrenu,channel,Ⲱⲁⲣⲁⲏⲁⲅⲁⲧυ | Враджарену дас,1645,
kirtannight,channel,KIRTAN NIGHT,436,9 июня в Москве Киртан вечер. Живое звучание Медитация через звук
kirtankazan,channel,Киртан - Казань,117,"Анонсы киртанов в Казани, видео- и аудио-записи киртанов в Казани.  А также: - культура киртана - философия киртана"
rishibby,channel,RISHI A4A 🎀🐸,519,
red_rish,channel,Красная Рыбка,253,
reyhanrez,channel,ریحانةُ الحسینـ¹²⁸,430,تو بابِ حاجاتی حسین🖤✨ http://t.me/HidenChat_Bot?start=1439692300 در خدمتم💚
rimassin_crch,channel,R I M A S S I N | crch,263,"привет друк я рисую картинки, если тебе нравится ты можешь подписаться  за кмм: @synesthesic_hoe по личным и вопросам мью/вз: @rimassin"
buhgalterkaliningrad,channel,БУХГАЛТЕРСКОЕ АГЕНТСТВО Елены Шедис,863,1️⃣2️⃣ лет опыта в бухгалтерском аутсорсинге   Знаем все нюансы налогового учета и отчетности   ➡️ Бесплатный экспресс-аудит вашей бухгалтерии за 3 часа Запишитесь прямо сейчас! 📞8 (952) 053-66-00  📞8 (4012) 97-97-98   Все услуги на сайте: buhkld.ru
buh_center,channel,Наталья Панасенко. Центр практической бухгалтерии,53,📑Тренинги по бух.учету 💼Бухгалтерское сопровождение любого бизнеса 👨‍🏫Трудоустройство бухгалтеров 🇷🇺Аутсорсинг бух.услуг по всей стране
forb24,channel,Б24 - Інформаційний бізнес портал,185,buh24.com.ua
kubanpartner,channel,Про налоги с Верой Сиренко,305,"Всё о налогах от налогового эксперта и директора фирмы «КубаньПартнёр» Веры Сиренко   Кубаньпартнер.рф   Комплексное бухгалтерское обслуживание, ведение налогового учета и юридическое сопровождение бизнеса  ☎️  +79184150393"
ootsh_dcom,channel,0tshiblennayadevo44ka.com,119,
octopuslabsx,channel,Octopus Labs,32,Fintech & Web3 accelerator and marketing agency  Website: octopus-labs.io Head of BD: @kirillbulychev CIS: @OctopusLabs Mail: contact@octopus-labs.io
our_clients,channel,Наши клиенты,15,"Наши клиенты: ВТБ Банк, Авито, Visa, YooBusiness (от Яндекс Деньги), ЮReview от Юkassa, Laba, IPQuorum, FTG Limited, Webinar Media, Rocketsales, SBIBANK и др.  Наша сеть: https://t.me/MainBusiness_partner  🔥 АДМИНИСТРАЦИЯ: @Evg_Drm или @DmitriyBerskiy"
oamoannouncement,channel,Oamo Announcement,19,Decentralizing the data economy.  Website: https://oamo.io Twitter: https://twitter.com/OamoIO Telegram Group: https://t.me/OamoGroup Telegram Channel: https://t.me/OamoAnnouncement
p2loctotel,channel,P2L:Fibre - Octotel,3,News and Broadcast relating to the Octotel Fibre Network
oreo_padchannel,channel,OreoPad Channel,12,"OreoPad is a blockchain innovation hub with decentralized incubator, and launchpad, for empowering next innovations of the blockchain ecosystem, through community-driven governance, feedback, involvement and funding mechanisms."
pharmrussia,channel,Первый лекарственный,9884,"Актуальные новости из мира фармации и медицины, мнения экспертов, полезные советы и интересные факты.  🙋🏻‍♂️Вопросы: @zefal 🕵🏻‍♂️Реклама: @signato  https://www.gosuslugi.ru/snet/67a357ff4689c2151c6ae79a"
makuvision,channel,MakuVision | ماکو ویژن,1226,ماکو ویژن | MakuVision، مرجعی معتبر برای مدیران و متخصصان دارو و سلامت؛ ما با تحلیل‌ عمیق رویدادها و روندها، تصویری روشن و کاربردی از بازار ارائه می‌دهیم.  ویزور بات: @MakuVisionBot  راه‌های ارتباطی: E-mail: info@maku.company Telegram: @Maku_marketing
mariaborzovapharmablog,channel,MariaBorzova_PharmaBlog,936,"Здесь видео, аналитика и нестандартный консалтинг в фарме💊🦠🔮  Обо мне: ♟️16+ лет практики 💊Из них в фарме более 12 🗞️100+ публикаций 🎓20+ авторских обучающих тренингов 🔈Ин. языки 🇬🇧🇩🇪🇪🇸  Welcome to my blog!"
foodinspectorate,channel,ՀՀ սննդամթերքի անվտանգության տեսչական մարմին,777,ՀՀ ՍԱՏՄ-ն իրականացնում է վերահսկողություն սննդամթերքի անվտանգության անասնաբուժության և բուսասանիտարիայի բնագավառներում:
medpharmapulse,channel,MedPharma Pulse,1090,"Актуальные новости индустрии, обзоры законодательства, анонсы мероприятий и другая полезная информация от команды Firm.One."
rosselhoznadzor05,channel,Управление Россельхознадзора по РД,463,"г.Махачкала, ул.Титова 3.  https://rutube.ru/channel/25364942/  Контакт обратной связи - @RSHNRD"
komitetnazvnrb,channel,Комитет медицинской промышленности Национальной ассоциации Заслуженных врачей и Наставников,45,"Сообщество врачей и экспертов, способных повлиять на Здравоохранение! Вступай - ассоциацияврачей.рф"
pharm_news,channel,Recipe.Ru: Не только по рецепту,37,Новости медицины и фармации.
pharmvestnikuz,channel,PharmVestnik,5,На нашем сайте вы получите информацию о фармацевтике на сегодняшний день...
justpharmacy,channel,Just Pharmacy,24,"Последние актуальные новости из мира фармлогистики. Комментарии экспертов и авторский контент. Всё что нужно, важно и полезно знать о рынке перевозок лекарственных средств"
ta_legal,channel,TALC о праве,22,Канал TA Legal Consulting
mobilgoszakaz,channel,Мобильный ГОСЗАКАЗ,9,Твой личный помощник в мире госзакупок Обзор практик Разбор ситуаций  Консультации Подготовка документов Представительство
telemedicall,channel,Dr.Canna Onlineshop für CBD und Hanfprodukte,1,"Informationen zum Thema Cannabis und Hanf, dessen Wirkung und Legalisierung"
almazpirog,channel,Алмазный пирог,1140,"Лучший медицинский канал для студентов, ординаторов и врачей  📑 Конспекты, клин кейсы, теория и реклин"
whalelens,channel,Китовый объектив,135,"Хочу, что бы окружающие увидели мир так, как его вижу я 🐋"
unigenova_official,channel,Università di Genova,9409,@UniGenova_official Canale ufficiale dell’Università di Genova
unilendnews,channel,Unilend News,119,Supply and borrow assets with Unilend - decentralized liquidity protocol: https://unilend.io/  Join the community: @unilendchat
vasminoh_adukacyja,channel,Васьміног: адукацыя для беларускіх дзяцей сёння і заўтра,298,
uvnetcanal1,channel,UniTV net Canal,153,🔥Melhor COMBO APP🔥 ⚽️Canais🎬VOD👧KIDs🍜Anime🔞HOT  🔽Baixar 📺TV: https://abre.bio/UTTG-TV Downloader: 4135484 📱Celular: https://abre.bio/UTTG-MOB Versão Web: www.uvnetwebs.info  ‼️Compatível com📺📱(Android)
unisale_ecosystem,channel,Unisale Ecosystem,69,Everyone's Favorite Launchpad. Audited by CertiK
unistroy24,channel,Unistroy24.ru,161,Элитная загородная недвижимость «под ключ». Наш опыт – 200 домов премиум-уровня и более 15 лет работы! Все этапы от проекта и до готового дома – наша забота.  📲 +7(495)414-21-98 ✉️ info@unistroy24.ru 🌍 www.unistroy24.ru
uniworld_australia,group,UNIWorld Australia community,117,"Welcome to the official Australian group                      UNIWorld.io with us. ❤❤❤                   To learn more about the UniChain project, please join our channel                             https://t.me/UniworldOfficial"
univertvhd,channel,UNIVER TV,166,"Что происходит в редакции? Жизнь за кадром студенческого телеканала Казанского федерального университета, мемы и свежие новости! https://universmotri.ru"
unithomeru,channel,Unit Home & Rammehus,22,"Современные каркасные, модульные и каркасно - панельные дома.  Мы производим дома на собственном производстве, по трем технологиям, в различных архитектурных стилях, формах и планировочных решениях."
onevalveru,group,OneValve.ru,38,Такого сайта не существует.
uniforone,channel,Юнифор,7,
uniworldarabic,group,Uniworld Arabic🇦🇪,27,🔥مرحبًا بكم في المجموعة الفارسية الرسمية UNIWorld.io همراه انضم إلينا 🥳 لمعرفة المزيد حول مشروع UniChain ، يرجى الانضمام إلى قناتنا https://t.me/UniworldOfficial
uniw1d,channel,UniW1D,8,скибиди доп ес ес
oncomcompany,channel,ОНКОМ ip видео,22,Канал компании ОНКОМ – дистрибьютора оборудования для систем видеонаблюдения. 👉 Ссылка на сайт https://on-com.ru/
plusvibee1,channel,Vibe,133,
fmrussiaofficial,channel,Федерация Мнемоспорта,182,
ivlfqsxqeeyowey,channel,Отдел МВД России по Павловскому району,576,Официальный новостной канал Отдела МВД России по Павловскому району https://павловский.23.мвд.рф Канал не предназначен для приема обращений.
maxinvest_pro,channel,Maxinvest_pro,235,"Особенности инвестирования в иностранных юрисдикциях, инвест идеи, аналитика"
arpartner,channel,"Agayan, Ratner & Partners",69,Канал о международных наследственных вопросах. Планирование при жизни и процедура вступления в наследство в разных юрисдикциях.  Сайт: www.ar-partner.com E-mail: info@ar-apartner.com                               Tel./WhatsApp +436645696228
legal_apostil,channel,"Переводы, апостиль, легализация.",27,Все о легализации документов
lex_samokhin,channel,👑 ЛЕКС САМОХИН 👑,3,"Судебный юрист, представитель в Сургуте Юридические услуги ХМАО-Югра 👨‍⚖️ 📖 🎓"
yuridiktexnikumlar_bot,bot,Yuridik texnikumlar,,
juristmsk_bot,bot,Юридическая помощь,,
uridvac_bot,bot,"Связь с ""Юридические Вакансии""",,
finexperttrade,channel,FinExpert,2530,📈 Финэксперт — твой путь к финансовой свободе! Аккредитованы АФД Обр. лицензия РФ Представитель БКС и Альфа-Форекс Информация в канале не является рекомендацией https://finexpert.capital youtube.com/@finexpert-channel Поддержка: @FinExpert_support
coinvest_fund,channel,COINVEST,712,Coinvest FZC - хедж-фонд на рынке цифровых активов. Регистрация и лицензия ОАЭ.   Презентация: https://coinvest-fund.com/view/files/presentation/presentation_ru.pdf?v=1706598418  Служба поддержки: https://t.me/coinvest_support
ofitserov_news,channel,НОВОСТИ ОТ ИНВЕСТОРА / Денис Офицеров,350,"Искал новости по РФ рынку без спама, в итоге сделал канал сам. Мой канал про инвестиции: https://t.me/+Vk3S-u3JDx1kNjYy, присоединяйся!  Поддержать автора: https://t.me/tribute/app?startapp=dj7h Связь: @ofitserov_admin"
offshoresu,channel,Записки об офшорах,166,Практические офшорные решения и офшорные новости
ofitserov_d,channel,ДНЕВНИК ИНВЕСТОРА / Денис Офицеров,696,"Меня зовут Денис, здесь я веду «дневник по инвестициям»: торгую краткосрочно без плечей, и пишу мнение по рынку.   Поддержать автора: https://t.me/tribute/app?startapp=dj7h Связь: @ofitserov_admin Пульс: www.tbank.ru/invest/social/profile/OFITSEROV/"
nofomore_trading_lab,channel,NOFOMORE,494,"👋 Nofomore Trading Lab — лаборатория посвящённая профессиональному подходу к инвестициям и финансовому развитию в трейдинге.  Хочешь стать фулл тайм трейдером, присоединяйся! - @SMiR_BoB"
xnewsworldfinance,channel,X NEWS,171,"АГРЕГАТОР НОВОСТЕЙ В МИРЕ ЭКОНОМИКИ, РОСТА, ГЕОЭКОНОМИКИ, ФИНАНСАХ, ИНВЕСТИЦИЯХ,...  НЕ АГЕНСТВО, НЕ СМИ, ПУБЛИКУЕМ, ЧТО ЧИТАЕМ САМИ НА ТЕМЫ: #экономика #геоэкономика #инвестиции  XNEWS MAX: https://max.ru/join/gsZDaECOy0135_ZMRLituQT9AIWOY_P1wu6CbDiXXV0"
eltomaglobal,channel,Бизнес и жизнь за границей,255,"Обслуживание бизнеса в офшорах, переезд за границу и редомициляции бизнеса (Кипр, Сингапур, Гонконг  и Великобритания)  Почта: info@eltoma-global.com Наш сайт: https://www.eltoma-global.ru/"
privatefinancialservices,channel,Private Financial Services RUS,80,"Регистрация компаний по всему миру - консалтинг, сопровождение бизнеса.  Сайт: https://www.pfser.com/ Запросы и консультации: @PfserBot Официальная англоязычная версия канала - https://t.me/pfser_official"
longshorttradingeveryday,channel,Long&Short| Трейдинг📈📉,382,"Торговые идеи биржевого рынка Технический анализ любых инструментов Полезные материалы по ТА!!! 5 торговых идей ежедневно!!!  https://pay.cloudtips.ru/p/34639760 - ""СПАСИБО"" @PoisonYaD - владелец  Любой контент на канале не является ИИР"
mosc_sobjan_efimov_i_bjudzhet,channel,Москва и Собянин: Ефимов и бюджет,56,"Ефимов и его роль в пустой трате бюджета Москвы. Как столичные деньги уходят в неизвестном направлении, а город всё беднее.  Контакты & сотрудничество: sgorskov928@gmail.com"
osomfinance,channel,OSOM finance,111,"OSOM is the easiest way for you to profit from crypto. You can now put your crypto into the OSOM Autopilot and AI-powered algorithm will invest it for you - no effort!  For any questions, issues, suggestions or complaints use support@osom.finance"
moscva_sobjanin_i_fsb,channel,"Москва, Собянин и ФСБ: Друзья или враги?",76,Почему силовики закрывают глаза на коррупцию в мэрии? Анализ скрытых связей и влияния спецслужб на политику города. Контакты & сотрудничество: sgorskov928@gmail.com
fin4fun,channel,Fin4Fun,158,"Кирилл Вихлянцев. Что происходит на рынке, и как защитить свои деньги от рисков и мошенничества."
postinvestcapital,channel,AI FinMind,149,📈 Market Overview   chat: @investcapitalchat invest Ideas: @CreateInvestIdeas_bot web: https://investideas.app   powered by: @fintech_Intellect
incfine_official,channel,IncFine,92,"Глобальное мышление. Конкретные решения. Мы разбираем международные механизмы — от регистрации компаний до получения гражданств — так, чтобы вам было понятно и выгодно.   Сотрудничество: https://incfine.com/"
mosc_sobjan_nishheta_chinovnic,channel,Москва и Собянин: Нищета чиновников?,74,"Несмотря на миллиардные проекты, чино́вники при Собя́нине продолжают жить в ро́скоши, а город всё больше погружа́ется в нищету́.  Контакты & сотрудничество: sgorskov928@gmail.com"
msc_pri_sob_banda_vo_vlasti,channel,Москва при Собянине: Банда во власти,86,"Как мэрия Москвы превращается в банду, управляющую городом. Чиновники, которые используют власть ради личных интересов.  Контакты & сотрудничество: sgorskov928@gmail.com"
ofshors,channel,"4UK * Новости * Компании, Банки, Биржи, Оффшоры, Экономика",94,"Следим за изменениями в СНГ и Мире, акутальные новости, обзоры, налоговая практика, взаимодействия стран, банки, экономика, бизнес  Для связи: @for_4uk Сайт: https://www.4uk.ru"
tradingsharks_official,channel,Акулы трейдинга🦈 (резерв),27,
archinasvyazii,channel,Арчи на связи🤌🏿,12410,Регистрация в РКН https://clck.ru/3Gfi8K  Поговорим обо всём ✋🏿  📩 artur_adv@inbox.ru - почта для рекламы!  Inst : https://instagram.com/artur_beglaryan?igshid=YmMyMTA2M2Y=  Yootube - https://youtube.com/channel/UCTvElvGC5gY4Wq49YV74ZWA
molchanrecordchannel,channel,МОЛЧАНОВ | STAND UP | МУЗЫКА | ТЕАТР,1183,Сергей Молчанов. Stand Up Комик. Музыкант. Актер. Сценарист  ✦ Сайт: https://molchanrecord.ru   ✦ Instagram: https://www.instagram.com/molchanrecord/    ✦ Tik Tok: https://www.tiktok.com/@molchanrecord   ✦ Vk: https://vk.com/molchanrecord
artemmaslov,channel,Штора daily,2997,"https://t.me/artemmaslovfun — чат ушастиков, from Poland with love."
alexmolchanov,channel,Сценарная мастерская Александра Молчанова,1795,
artemmonsta,channel,Артем Монста,1335,
a_smolenskiy,channel,а. смоленский,550,ПЕСНИ / СТИХИ
solominki2327,channel,соломинки 🧑‍🌾,1034,ВТУ им. М.С.Щепкина | Мастерская Ю.М. Соломина 23-27’ 3 курс ! ❤️
kidsmolchanov,channel,ДЕТСКИЙ ФРИДАЙВИНГ,451,"💙Администраторы: Вера и Алла 8(985)645-22-52 (WhatsApp/Telegram) 💙Наша группа ВК: https://vk.com/club211228706 💙Выезды, курсы, мероприятия: https://kids.molchanova.school/newsfree"
bashlachevmuseum,channel,Музей Александра Башлачёва,936,"Официальный канал, посвященный поэту и исполнителю Александру Башлачёву.   Для связи – bashlachev-museum@mail.ru  Виртуальный музей - https://александрбашлачев.рф"
mokranskymusic,channel,MOKRANSKY MUSIC,891,"🎧 Melodic Techno, вдохновляющий на движение.  Добро пожаловать в мир EMOTION IN MOTION. Музыка. Чувства. Жизнь.  Так же вступай в мое сообщество в ВК https://vk.com/mokranskymusic"
molchanovonews,channel,🔥Мобильный репортёр 📸,576,
alexchanov,channel,алехчанов⁴²,621,"Главный 42 братуха в Нижневартовске.  ZAVОZ Corp. — t.me/zavozcorp  нgroлух prod, — t.me/ngroluhprod"
artemcoinofficial,group,ARTEM Coin Official Community,2093,"Fully integrated into the HOFA.io and Kreation marketplaces, ARTEM facilitates trading NFTs across the Ethereum, Solana, Polygon, BNB and other major blockchain networks.🎨🖼️  📢 Telegram Announcements: https://t.me/ARTEMCoinNews"
artelvrussia,channel,ARTELV,1205,"ARTELV — отечественная группа компаний, включающая в себя торговый дом, конструкторское бюро и производство полного цикла в России. artelv.ru vk.com/artelvrussia dzen.ru/artelvrussia max.ru/artelvrussia rutube.ru/u/artelvrussia youtube.com/@artelvrussia"
artbaraholkatop,group,Барахолка Артем,3174,По рекламе и всем вопросам👇
izziroom,channel,IZZI ROOM,1438,Основатели Артем Оноха @onohaist   Алекс Ко @alex_ko_artist
makaroninka,channel,Макарончик 🫢 (с сыром),577,я ваша мама🥹🥹 юз: @makarosherr анонимка: http://t.me/anonaskbot?start=kusluu_lohhhh_gorohh11
sdmbtw11,channel,sODIUM (old tgc),561,"Махач ""sODIUM"" Магомедов              死神 ^-^"
kakivan,channel,Ваня Молчанов Социократ,462,Самоуправляюсь и рассказываю об этом с 2016 года. Ключевые темы канала:  ▫️Живая среда ▫️Самоуправление ▫️Человечная фасилитация  Пишите @ivanmol
tvindependentmsc,channel,Телевещание: музыкальное независимое,69,"Базируемся в Москве, снимаем местные крутые группы и всё такое.  https://vk.com/tvindependentmsc https://www.youtube.com/@tvindependentms…"
molchanovandrei,channel,Андрей Молчанов - ПСИХОСОМАТИКА,268,"В этом канале вы сможете узнать что такое психосоматика и как она влияет на нашу жизнь. Вы сможете обучиться этому на моем авторском курсе или я помогу вам решить вашу проблему в личной терапии, записаться на которую вы можете тут -  @Andrei_molchanov"
i_gor_shumov,channel,писака и. шумов,252,жить вопреки  связь: @shumov_igor
romancatapulta,channel,©️ Роман Молчанов из Катапульты,277,•Маркетолог•Digital-эксперт•Консультант •Основатель @catapulta_agency •Рост и прибыль клиентов — моя работа •Не ссу—ношу усы. •Похорошел при Собянине
kraasnovvv,channel,𝙑𝙇𝘼𝘿𝙄𝙎𝙇𝘼𝙑 𝙆𝙍𝘼𝙎𝙉𝙊𝙑#𝙫𝙙,178,
turbo_chthonic,channel,Турбо🖤Хтонь,204,Не зря в твоей крови багровеет заря
mlnmyuf,channel,closed ︎︎ ︎︎ ︎︎ ︎︎︎ ︎︎ ︎︎ ︎︎ ︎︎︎l'ombre du mélanome,43,в чистках/перенаборах не участвую
molchanov_factory,channel,Фабрика Мебели Молчанов,165,"🏭 Мебель от производителя | Москва/РФ   🛠 Кухни, шкафы, гардеробные под ключ   🔥 -5% при заказе через ТГ    💬 @MebelMolchanov_bot   📞 +7 (495) 118-23-25   🌐 sailon.ru"
lion1730,channel,Lion 🌖,143,"Привет! Меня зовут Лев Молчанов. Я артист театра ""Старый дом"". Буду рассказывать про творчество и немного про жизнь)"
molchanovumfit,channel,УМ ФИТ / ДЕНИС МОЛЧАНОВ,166,"ДЕТСКИЙ ФИЗ ЦЕНТР, ОБУЧЕНИЕ ТРЕНЕРОВ, РАЗВИТИЕ, ФРАНШИЗА, ВСЁ О ДЕТЯХ"
belenkovmusic,channel,MatthewBelenkov,146,Мой лайв канал: https://t.me/escapismatthew
tishinarukin,channel,ПЕРЕЕЗД|| архив тишина 📵,51,вперед ванькомотивтишквад
homele_ss,channel,Homeless,78,Silent Thoughts in the Shadows of the Night رابط المناقشة: https://t.me/+A4aR7989muA2OWRi
gubany,channel,رجب صالح,12934,-
guba2020,group,Gubernia 25/7 Chat,62,Потрынди мне тут
gubastui,channel,чёрт ⚔️⚔️,22,
brand2024123,group,Guangzhou tovarlarini chati,21,Kanalimiz https://t.me/Guangzhou_2024 Guruh Urganch shahriniki  Kanalga a‘zo bo‘lib yangi tavorlarimizni yangiliklarimizdan habardor bo‘lib during Kanalimiz https://t.me/Guangzhou_2024
guangzhou_mod,channel,Guangzhou,1,بوتیک زنانه گوانجو
goyaschoolbot,bot,G'oya aloqa,,Barcha murojaatlar uchun mo'ljallangan bot. Bemalol yozavering javob beramiz albatta! Murojaat uchun rahmat!
atogap,group,🐺WOLF_BET❄️,11301,لینک چنل تبلیغ ببینم بدون دیدن اسمت بنت میکنم💋
physicsmayihelpyoudiscussion,group,Bihar Toppers Vidyakul,17620,यहां A से Apple नही A से Atom पढ़ाया जाता है। सही जगह आए हो गुरु। रॉकेट बना देंगे साइंस में।
atomsinstinct,channel,Atom's Instinct,4201,Time to unleash your full potential.  Owner: @AtomEGL / https://x.com/atom_xyz  No paid shill.
nittanylionland,channel,Nittany ATOM Land,6014,시장잡배의 잡썰 푸는곳 / 그냥 투자가 좋아용
atomic3826,channel,3826 | Atomic Heart,2070,"Фан-канал посвященный Atomic Heart, The CUBE, ILL и всему, что связано с Mundfish.  Это неофициальный канал игры.   По всем вопросам пишите @DmitryMamaev54."
atomvscis,channel,𝑨𝑻𝑶𝑴 𝑯𝑰𝑺𝑻𝑶𝑹𝒀,1259,Переходник - https://t.me/ATOM6999  TT - https://www.tiktok.com/@atomtdm777?_t=ZP-8wo1JfsUF5T&_r=1  1/1 - 250₽ @Atmosfer4ik
darrtcos,channel,Darrt ฅ^.ᆺ.^ฅ,384,"Косплей, лайф, и много Аркейна ✨ Делаю парики и 3д модели 🙌🏻  Inst: darrtcos"
vestatsk,channel,vestaTSK | ART,655,
drunkenfog,channel,drunkěn fog,627,временами неприятный контент  по вопросам в лс @llovecatss
dokaskin,channel,[ARCHIVE] Скины | Doka,83,Делюсь творчеством (NoSkinM)
mycreativity_mylife,channel,°Косплей подвал Ави☕️°,73,"Всем привет, я Ави - косплеер из Краснодара, в этом подвале вы увидите мои косплеи, процессы их создания, сходки и много щп ! Рада всех видеть :3 Никогда не против мью ^^"
cackyotdyady,channel,Дядя Денис 📍,282,Помогаю с привозом разного рода тюнинга для любых авто + рассказываю и показываю о различных доработках своих и ваших авто Volkswagen Golf mk 7.5 R
vexithpodvala,channel,𝕍𝕖𝕩_𝕊_△▼△,82,"Я Vex (Векс)/Rust (Ростик)- худ по разным тварям, фурри, ТФ, дронам, УЦЦ и тд)  Обращение- не важно)  Можно задать вопрос анонимно_ http://t.me/thevoprosybot?start=m90nd  Лс: @Vex_S_RS"
topmotinondubbackstage,channel,Закулисье Топовой Озвучки,61,Место в котором будет находится куча всякой хрени и рабочего процесса  [Нормальное описание в разработке]
fanbonechka,channel,Фанаты Боннечки,39,Просто разработчик игр Канал моей игры. Sharped Reality https://t.me/SharpedReality
marivellll,channel,Marivell,147,Группа вк: https://vk.com/marivellll Лс: @Kimiko_lii Второй канал: https://t.me/marivell_stream Буст: https://t.me/boost/marivellll
art_sunglow,channel,Подсолнуш творит,152,"Арты, скетчи, мерч, самоделки и косплей — всё тут!)🎊"
dais4kenarotan,channel,ребилд),28,абьюз енжоер 3.0
yugoivacosplay,channel,Nobashira,35,нови косплей канал [АКТИВ]
gamedev_stories,channel,Рита пишет..👩🏻‍💻,40,Блог о маленьких радостях
aluryvoice,channel,Дневник даббера,87,Дорогие зрители! Это личный тг канал по начинаниям в озвучке и переозвучке Алури. Вступайте и увидьте же мои победы!  По вопросам и предложениям @alury_fan.
by_doskda,channel,by_doskda,44,связь со мной: @doskda
neho_rogalik,channel,'``°•‐𝒫𝒪𝑅𝒯𝒜𝐿 𝒯𝒪 𝒩𝐸𝐻𝒪 ||𝐏𝐎𝐑𝐓𝐀𝐋 𝐓𝐎 𝐍𝐄𝐇𝐎-•°``',26,"°-Всем привет,в этом тгк будет сериал,обработки,арты,и новости из жизни,первые серии сериала в закрепе как и инфа о персах. .-° Акк влд - @N_Neho"
thehybridcomponent,channel,The hybrid component 🔞,40,"Minors not allowed (но я знаю что тут никому даже 17 нет)  The hybrid component - новелла в жанре хоррор, романтика"
aalephh,channel,aalephh | 阿萊夫,21,Лс @aalephhhh
nowocnik,channel,Новосник,5,
mazm_dub,channel,сука ебаные озвучки блять..彡 𝓜𝓪𝔃𝓜.𝓓𝓾𝓫,6,
timduxxc,channel,Подвалчик разрабов,5,Канал разработчиков сезонов и карт. По рекламе и сотрудничеству @timka_tn.
sarafan_svh_services,channel,Услуги по сарафану📣Профи рядом,539,"Услуги, доступные рядом🏘  Все контакты: @sarafan_uslugi_bot Для мастеров и ваших отзывов: https://t.me/sarafan_uslugi_feedbackchat  Чат помощи: https://t.me/+jOd84GRt2CcxZWZi  Для жителей: 📍Ленинского ГО МО 📍г.Домодедово  📍ЮАО Москвы  ✍️@sarafan_uslugi"
ugits_ru,channel,ЮгАйтиСервис - r_keeper в Крыму. POS оборудование.,186,
businessrunews,channel,📌Онлайн Бизнес.Ру,183,Бизнес и автоматизация. Новости и полезные советы для автоматизации торговли  Сайт: online.business.ru
lol_pokoii,channel,League of Legends | Покои Люкс,357,💥Узнавай о нововведениях и скрытых изменениях Лиги раньше всех!  💨Для сотрудничества и связи: @WuWa007  🌀Отзывы с розыгрышей: t.me/playground_giveaways
asgridenko,channel,Александр Гриденко,350,"🇷🇺Депутат Народного Совета ДНР, партии «Единая Россия» в вашем Telegram 🇷🇺  Расскажу вам про общественную жизнь Донбасса, а также о нововведениях в сфере экономики и политики."
house_of_ai,channel,House of AI Channel,135,Здесь информация о всех нововведениях и обновлениях. Сам бот доступен по ссылке:  @house_of_ai_bot
ti_nails_studio,channel,Студия красоты и ногтевой эстетики Ti Nails (Новокосино),177,"Здесь вы всегда сможете узнать о наших нововведениях, мероприятиях и акциях. Задать интересующие вопросы. Высказать свои замечания и предложения🌸 Для записи и связи @ti_nails"
techinbermudaspublic,group,Tech in Bermudas [PUBLIC],441,Tech Community Forums with an Android Development segment.
technokotel,channel,KØTЁL,158,
ternopiljs,channel,TernopilJS,240,Канал спільноти TernopilJSЧат - https://t.me/+QrkHgZvV0zljU3Bh Фейсбук - https://www.facebook.com/TernopilJS/YouTube-  https://www.youtube.com/c/ternopiljs
vegiev_technologist,channel,Руслан Вегиев - технолог в психологии и бизнесе,94,Тут можно написать мне лично: t.me/vegiev  Психо-технологии только НЛП и Гипноз: nlp-kh.com.ua  Психо-технологии и бизнес-технологии: vegiev.com  Мой инстаграм: https://www.instagram.com/vegiev_technologist
technokratai,channel,/technokrat,62,"AI-медиа про AI. Инструменты, кейсы и способы применять AI в работе и бизнесе уже сегодня."
teknolig,channel,TeknoLig (Reborn),123,‟İnsan yaşıyorken özgürdür”
technotribe,channel,Teсhnogram,75,Techno / Dub Techno / Minimal / Deep Tech /  Tech House / Downtempo / Chill Rave    @etiparalleli
technokeys,channel,Технокейс,5,"Мы оказываем полный спектр услуг по установке, настройке, обновлению, обучению и сопровождению программных продуктов 1С"
techcon_ai,channel,Доктор Techcon,81,Помогаем сократить расходы на обследование и экономить бюджеты на ремонт за счет автоматизации.  Разработали и внедряем ПО Techcon ― единственную в России специализированную программу технического обследования зданий и сооружений.
technocf,channel,(НАБОР В АДМИНЫ) TechnoLike ᶜᵒⁿᶠᵉˢˢⁱᵒⁿ + Daily!!,32,Тейк бот: @TechnolikeConfBot Буст: https://t.me/boost/technocf
tech_str,channel,"IT и технологии, Стерлитамак",30,
knife_simonov,channel,Нож Симонова,409,Термист/ножедел/автор РКС Личный канал  По всем вопросам: @simonov_kd  Клуб владельцев: @club_knife_simonov  YT: youtube.com/@knife_simonov  VKV: vkvideo.ru/@knife_simonov
model_alena_simonova,channel,model Alena Simonova,901,Визуальный дневник модели.
simonov_insights,channel,Илья Симонов,175,Инсайты генерального директора IT-компании  • CEO RuPost • Ex КРОК  Для связи @aalbova
simonovatoxy,channel,ТОКСИКОЛОГИЯ для всех,634,"✔️ Анастасия Симонова — главный токсиколог Москвы, к.м.н. ✔️Канал ведущего эксперта в области клинической токсикологии ✔️ Простыми словами об острых отравлениях: реальные случаи, советы врача и современные решения"
ilya14simonov,channel,ilya ¼ simonov,164,Илья Симонов фотограф москва  instagram.com/ilyasimonov_
mt_nanocad,channel,MT nanoCAD,460,"Канал для проектировщиков и BIM-специалистов.  Показываем, как работать в nanoCAD быстрее и спокойнее: вебинары, полезные приёмы, поддержка и реальные кейсы.    8 (800) 500-83-99 https://mtgroup24.ru/   Бесплатное обучение и подбор программы дл"
turbomaykop,channel,Центр ТУРБО,181,👨🏻‍💻IT-образование для школьников. От развивающих программ до профессиональной IT-подготовки.  🇬🇧 Английский язык. Эффективные британские образовательные программы от Cambridge University и Oxford University   VK https://vk.com/turbomaykop
pravocard_career,channel,Карьера в ПРАВОКАРД,167,
chikaddigital,channel,چیکاد,105,چیکاد به معنی سر چشمه زندگی است، ما معتقدیم سفر شروع و سر چشمه حیات است. . به خاطر همین رسانه چیکاد جایی برای صحبت کردن در مورد همه چیز است. 🌟 https://kazhintrip.com/ 🌟 ارتباط با مدیر وب سایت: @baset_rostami
tkkyia,channel,TKKF💡,202,A channel for all TKKF-related events! Receive updates and leave comments!
technoshkola,channel,Техно школа Тюмень,81,Новые технологии для образовательного учреждения
tehnogid_company,channel,Компания «ТехноГид»,95,Официальный канал компании «ТехноГид»  Наш сайт: https://tehgid.com  Вопросы/предложения/обратная связь 📩 pr@tehgid.com
cyberkodru,channel,CyberKod компьютерная школа для детей,4,⭐️Уроки программирования и 3-D моделирования 🧑‍💻Дорогие друзья! Приглашаем ребят от 7 лет  на пробное бесплатное занятие по программированию / моделированию 🙋‍♀️По всем вопросам обращайтесь @суberkod1
telegoweb,channel,TelegoWeb,1607,"🎁 Мгновенные уведомления о новых подарках, улучшениях и моделях.  🪙 Обновления, Розыгрыши, Крипта и NFT.  Связь: t.me/vash_aleksandruk"
cht_lib,channel,Чтиво. Онлайн-библиотека,6,
azizbekamonov83,channel,@amonov_83,209,А.А.Аmonov👇 AAAmonov facebook: https://www.facebook.com/aziz.amonov.5494
paxtachi_ish_elonlar,group,Paxtachi ish E'lonlar®,369,Guruhga xush kelibsiz! Bu Guruh Abbos Tojiboev tomonidan tashkil etilgan rasmiy hamjamiyatdir. admin: @UzEonHR     @Uzbekiston_Group_Abbos
playpaxdei,channel,Pax Dei — Новости и обновления,258,Новости по игре Pax Dei — социальной MMO-песочнице про строительство цивилизации.  Для связи: @luridan
axesaslite,channel,AXESAS LITE ORIGINAL PvP server 2026,732,Добро Пожаловать на Axesas Lite! Админ: @pwadmins
paxtakor,channel,PAXTAKOR24 | TEZKOR XABARLARI,344,Asosiy kanalimiz: https://t.me/paxtakor_yangiliklari
starexchofficial,channel,StarExch,276,"StarExch is a leading platform for online betting and iGaming, offering a secure and user-friendly experience. https://starexch555.com/"
pandaxarmy,channel,Panda-X BSC Token,254,"Panda-X is a fun, community-powered meme token inspired by the charm of pandas. It blends smiles, rewards, and real utility—bringing viral vibes and exciting perks to holders in the crypto."
phitachi,channel,ФИТАЦИ • МАСТЕРСКАЯ ШОКОЛАДА,146,Официальный канал #ФИТАЦИ Сайт https://Phita-chi.ru Сделать заказ @PhitachiShop
pawshicommunity,group,$PAWSHI,53,"🐾 Pawshi – Early Community Built on Solana.  🚀 Project updates 🎁 Giveaways & rewards 🤝 Real community, no bots  Be early. Be active. Be Pawshi.  3pqgjjftvGDejskEQJ6PpGQ73K2RhWQE7KSNnEJ2pump"
hitachi,channel,HITACHI,178,"HITACHI - ""Inspire the next""  🔗 https://www.hitachi.com  🔗 https://www.hitachivantara.com  🔗 hitachienergy.com  🔗 https://hha.hitachi-hightech.com  🔗 hitachirail.com  🔗 hitachi-hightech.com"
ryazanuni,channel,РГУ имени С.А. Есенина,689,
nngsr52,channel,Нижегородская Гильдия Риэлторов,748,Информационный канал Нижегородской Гильдии Сертифицированных Риэлторов https://nngsr.ru/
russiancalque,channel,русская калька | russian calque,930,holding hand on a pulse. have ideas? — @russiancalque_bot
rag_bull,channel,⦉⟣_㌂┊◯⃝𝐑𝐀𝐆_𝐁𝐔𝐋𝐋ܓ🪼┊⦊,112,"Рус/Eng/Укр(?)  ПУ ПУ ПУ🤘  Берёте арт - оставляете ссылку на канал Все правила и инфо обо мне в закрепах(!). 𝐓𝐖(предуп.): 𝑁𝑠𝑓𝑤, ⓲+.  eng subs: All rules and all about me 'r in the pins(!). 𝐓𝐖(𝗐𝖺𝗋𝗇𝗂𝗇𝗀): 𝑁𝑠𝑓𝑤, ⓲+. прога/prog: Ibis Paint"
raxxgod,channel,payyn,157,
rehnulsya,channel,рехнулся,50,inst: @PeterGriffinJimmyChoo tt: @PeterGriffinJimmyChoo
rguchanel,channel,RGU (Retro Games in Ukrainian),103,
rcnikolaev4_20,channel,💎_Kr1s[t]aL_💎,13,Все о жизни юного кристалика😁 Добро пожаловать🫡
russiangettomusic,channel,#RGM,5,#RUSSIANGETTOMUSIC  soundcloud.com/russiangettomusic  @MCDJAYSUCKa @LILGAZIK
rustiliniorganish,channel,Русский язык,1,Uyda qoling
armenchibukhchyan,channel,Chibukhchyan live,13886,Armen Chibukhchyan's Official Channel
barimtach,channel,Барымтач,1846,Голос агашки из застенок Акорды.  @barimtach_connect
peredachi_kzn,group,Передачи. Казань,225,Чат для координации помощи задержанным.  Правила чата: https://t.me/Peredachi_kzn/8  @PeredachiBot — бот с ответами на самые частые вопросы
ttuforum,group,Емае ттю ФОРУМ,6504,Правила чата - /rules FAQ по вопросам - https://t.me/ttuforum/277261/277297
teachuae,channel,وظائف تعليم في الإمارات - EduJobsUAE,1291,قناة خاصة لنشر وظائف المدارس والحضانات في الإمارات العربية المتحدة.
ikiu_tefl,channel,IKIU TEFL Association,1362,🎓کانال رسمی انجمن علمی آموزش زبان انگلیسی دانشگاه بین‌المللی امام خمینی(ره)  🔹️IKIU TEFL Association🔹️  Any inquiries: @IKIU_TEFL_Admin @ShakibaPouya   گروه زبان بینول https://t.me/+G4s_kQjhz5YxZTJk
telecomforum,channel,Базис. Точка Сборки,401,"📅 8-10 июля 📍 Санкт-Петербург  🧮 Главная летняя встреча провайдеров и сетевых инженеров в Северной столице.  📝 Только оффлайн: практические воркшопы, живые демо-зоны и мощный нетворкинг  🎟 Регистрация — bts.bazistelecom.ru"
intedforum,channel,Международный образовательный онлайн-форум,102,
mohammadyazdanfardcom,channel,Mohammad Yazdanfard,86,🧑🏻‍💻 English Teacher | MA in ELT 🎯 IELTS 8.5 | PTE 90 مأموریت من تغییر زندگی شما با زبان انگلیسی است. ---------- Website: mohammadyazdanfard.com Instagram: @mohammadyazdanfard
teleuzforum,group,TeleUz Forum,150,🇷🇺 Форум Telegram Uzbekistan  Темы и Правила: t.me/TeleUzForum/1847?topic=1488  • • •  📢 @TeleUz 💬 @TeleUzChat 🚀 @TeleUzRobot 🌍 TeleUz.info  • • •  🇺🇿 Telegram Uzbekistan'ning forumi  Mavzular va Qoidalar: t.me/TeleUzForum/1847?topic=1488
teach_eng_online,channel,ОНЛАЙН ПРЕПОДАВАТЕЛЬ. СТАРТ В ПРОФЕССИИ,584,Руководитель лицензированной онлайн школы английского языка.  С любовью и заботой проведу вас в мир онлайн преподавания!  Меня зовут Ася Куршева. Рада познакомиться!   Связь со мной 👉 @asya_english
bezdeper,channel,Бездепы казино - 2026,4210,"Бездепозитные бонусы казино и фриспины за регистрацию. ТОП 50 бездепов в онлайн казино и БК с выводом: Рабочие промокоды с низким вейджером, бонусы без отыгрыша, коды на фриспины, новые акции каждый день."
noobggfriz,channel,Общага Frizmaine,150,Играю на сервере Frizmain ip:Frizmine.com Порт: 19132
casinos_2021,group,Бонусы казино без отыгрыша | Акции,180,"Все бонусы и акции онлайн-казино без отыгрыша 2026 в одном месте! 🎁 Бездепозитные бонусы за регистрацию, фриспины, промокоды и кэшбэк. Ежедневное обновление! 👉 Подписывайся, чтобы не упустить выгоду."
aufcasino_official,channel,Auf Casino,164,🪞Рабочее зеркало AUF: https://promo-support.my/auf  Официальный канал AUF Casino зеркало сайта | Бонус на депозит и фриспины. AUFCASINO играть: https://promo-support.my/auf  😎300% + 500FS за пополнение!
freespini2026,channel,Фриспины 2026,2,
cfskins,channel,CFSKINS,35,Лучшая в своем роде мини-игра для CrossFire с розыгрышем призов.  https://cfskins.ru
topcasino_games,channel,VIP бонусы казино,89,"Эксклюзивные бонусы и промокоды для VIP-игроков казино 🎰 Лучшие фриспины, кэшбэк и бонусы на депозит. Для подписчиков канала — особые условия и розыгрыши! Подпишись!"
falismine,channel,FalisMine,33,Игровое IP: falismine.fun  Соцсети: Сайт: https://falismine.fun Discord: discord.gg/V62HzgnjK6 YouTube: https://www.youtube.com/@FalisMine TG Создателя: t.me/mistrHliupik
freespinsslots2025,channel,🎰 Фриспины и автоматы | Онлайн казино без блокировок,3,"🎁 Ищи, где взять фриспины без депозита и играть в лучшие игровые автоматы онлайн? Здесь зеркала топ казино 2025: Champion Slots, Joycasino, Casino X и другие. Вывод денег 💸 без верификации, регистрация за минуту ⏱️."
ae789org,channel,"Бир casino - Beer casino: как использовать фриспины с умом, 3 простых правила для новичка",1,"Канал про Beer casino и Бир казино: публикуем ознакомительные посты и понятные советы по бонусам. Здесь про Casino Beer и Бир casino — как правильно активировать фриспины, использовать их в слотах и не терять возможности."
semk_casino_frispiny,channel,7k casino фриспины,2,🔥Промокод -  7KTK🔥 и получи 70%  к депозиту + 70 FS Triple Chilli
etotravel,channel,ЭТО трэвел,1123,🗺Пакетные туры туроператоров 🛫Авиабилеты 💯Страховки 🏨Отели 🚢 Круизы 💳Удобные способы оплат 🤝Надежное партнерство 🆓Бесплатное сотрудничество   Чат поддержки: https://t.me/etotravel?direct  Сайт: https://eto.travel
online_business_registration,channel,Online Business Registration Service,9145,Facebook: https://www.facebook.com/Online.Business.Registration
merlin_registration,channel,𝐌𝐞𝐫𝐥𝐢𝐧 𝐑𝐞𝐠𝐢𝐬𝐭𝐫𝐚𝐭𝐢𝐨𝐧,252,💎┊᥀ درود، به ثبت احوال خوش آمدید!  🪶┊᥀ قبل از اقدام برای دریافت شناسنامه، اطمینان حاصل کنید که رول شما در چنل رول ثبت شده باشد.  📁┊᥀ @merlin_register_bot 🏰┊᥀ @Merlin_World
saintplayers,channel,PLAYERS,6217,P7AY3R5 CLUB MEMBERS        www.playersclub.zone                                Obladaet                          @oblagram
da99nny_68,channel,WTNGG | White Night esports,228,🥇 grimVyD  S1 🥈 Apex win tiers  🥈 Botanical tiers  champion  KIND TOURNAMENT MAJOR S2🥇🏆
personaplayers,channel,Персоны Нулса,110,
mlb_news_alerts,channel,"MLB news alerts: injuries, lineups, transactions. Fantasy and Bets",125,Your go-to spot for the latest in baseball — from player injuries and roster changes to the newest trades.   NBA: https://t.me/NBA_news_alert NFL: https://t.me/NFL_news_alert Tennis: https://t.me/Tennis_news_alerts  Made by @aviflyantsev
moldovaplayers,channel,tirlist moldova,96,
sprositevolanda,channel,️Спросите Volanda 📣,817,"Канал тренера по МТТ покеру.  Чат: https://t.me/SprositeVolandachat  Буст в развитии игрокам, которых не устраивают их результаты в покере - Разборы игры - Поиск ошибок и инструменты для их устранения - Сопровождение   За помощью - @Voland_Eternal"
goldendragons_donate,channel,Golden Dragons,319,"🌕 Доброго времени, путник!  Наша компания GD нацелена на помощь игрокам Star Stable Online."
pokerathletestm,group,Poker Athletes Team,41,"Poker Athletes - инновационный подход к обучению покеру  Курс по ГТО и эксплойту оппонентов   Дружелюбное сообщество игроков  Тренировки, бекинг, школа  Подбор игры с высоким рейкбеком и слабыми полями  Подробно здесь: https://t.me/AthletesTeam_bot"
miksik77,channel,miksik,101,Highlights tg:miksikpm  Role :Fragger/Cap
narko_rm,channel,Дневник Sorrybro_core // RM,438,"🎁 Конкурсы: Розыгрыши ресурсов и призов для игроков.  ⚙️ Обновления: Самые свежие новости и полезные гайды.  ​Слежу за порядком, помогаю игрокам.  ​Связь1 @Sm4k_17 Связь2 @raviel_fx"
urgsfl,channel,URG [Sunflower Land],428,Usual Routine Goblin  Обычные будни гоблина  Игро-блог Гоблина в Sunflower Land  - Горячие новости - Помощь новым игрокам - Гайды по все возможным аспектам игры! Сайт сообщества: https://goblincodex.fun/  Наш Чатик: https://t.me/+FreVfyb6WqY1MTIy
football_artgel,channel,Футбол - это искусство 🎭,379,"Футбольный проект stariypark.ru из г. Геленджик, который прививает культурное поведение игрокам и футбольным представителям.  Специальный приз сова на футбольном мяче, изготовленная в arch-park.ru вручают почетные гости на футбольных событиях."
yandexplus_vsporte,channel,Платформа статистики и аналитики. Футбол в цифрах!,158,"Платформа статистики футбольной аналитики. ТТД в онлайн режиме, глубокий анализ по игрокам и командам."
grasedstack,channel,GRASED STACK (20),104,
great_player_in_the_world,channel,[An. Hos.]Player Blog,48,🫥 : Так так так... Очередная заблудшая душа? ₽ - Саппорт
fidesports,channel,FID ESPORTS,34,
liveatrium,group,⚡️ АтриумХаб — игровое сообщество,199,"⚡️ Официальное сообщество игроков, здесь новости, общение, торговля и помощь игрокам!   🎮 Скачать игру: https://lnk.atrm.gg/hub 🤖 Приложение: @atriumappbot   💬 Чат игроков: @atriumchat"
behelitduo,channel,Unpluggovv x Kwizzi,30,
high_mmr_coach,channel,HIGH MMR COACH,58,ЗДЕС ВЫ РИАЛЬНО НАУЧИТЕСЬ ИГРАТЬ В КОМПЬ ИГРУ ДОТА 2 ССИЛКА НА ЧАТ https://t.me/+0kqoY6rB9TY0OTc6
skynetzone_chat,group,SKYNETZONE CHAT,15398,Зеркала форума:   Skynetzone.pw Skynetzone.me Skynetzone.net  Skynetzone.org Skynetzone.biz  Правила чата: https://telegra.ph/Pravila-SKYNETZONE-CHAT-03-05  Гарант/Реклама: @CentralGarantBot  #SKYNETZONE
ttrcasinoru,channel,LTCCASINO.IO,3403,Зеркала специально для работы в рф без VPN: LTC - https://www.ltctop.me Cryptocasino - https://www.anonymtop.casa Ethcasino - https://www.ethtop.casa
zerkozgel,channel,Зеркала Козырева 🌀Геленджик,1091,🌪️Место силы в Геленджике🌞 🚀Восстановление ресурсного состояния  🌀Инструмент для трансформации   〰️Диагностика всего организма   Услуги и цены: https://t.me/SvetlanaVasilevskih  ✅Для записи: https://wa.me/79892453522 Сайт: https://z-kozyreva.ru
samatnewchanel,channel,YNQVs,112,
technovidmsk,channel,"ТехноВид | Перегородки, зеркала, стёкла",74,"Стекольная фабрика. Производство, монтаж: межкомнатные, душевые, офисные перегородки, зеркала на заказ, ограждения. Обрабатываем стекло и зеркала: резка, полировка, закалка. Сотрудничаем с дизайнерами. 📍 Москва, Дубна Доставка по РФ. 📞 +7 929 537 88 83"
rabochie_zerkala_2026,channel,ЗАЗЕРКАЛЬЕ - рабочие зеркала,390,"Рабочие зеркала, бездепозитные бонусы на ведущие онлайн-проекты со слотами и ставками на спорт.   🔞Только для лиц старше 18 лет."
zerkalaanapa,channel,Зеркала Козырева 🌀 Анапа,518,"🔆Место силы в Анапе 🔆  ♻️Восстановление ресурсного состояния  💡 Раскрытие творческого потенциала и способностей  ⚕️Диагностика всего организма   Супсех, ул. Советская, 23 🤗  Услуги и запись:https://t.me/E_Kelyabidina  Наш сайт: https://zerkala-mg.com/anap"
azino777_mirror,channel,Azino 777 Зеркало 2026 Азино777,35,"Ищете способ обойти блокировки и играть в Azino 777? Используйте рабочее зеркало — это альтернативный адрес сайта, который полностью копирует официальный ресурс, сохраняя доступ к играм, бонусам (включая 777 рублей для новичков) и личному кабинету."
azino777_vhod_oficialnyi_sait,channel,"Азино 777 Официальный Сайт Регистрация + Бонус, Вход, Рабочее Зеркало, Мобильная Версия",15,"🤑Играйте на Азино 777: ваш вход в мир огромных выигрышей!  🔥Не упустите свой шанс на удачу - огромные бонусы и акции ждут! https://azino.site/bonus  📲Официальный сайт предлагает безопасный доступ, рабочие зеркала и мобильную версию https://clck.ru/39jLoG"
azino777_bonus_zerkalo,channel,Azino777 — рабочее зеркало и вход в казино,4,"Актуальное зеркало Azino777. Вход в казино без блокировок, бонус за регистрацию без депозита, официальный сайт, быстрые выплаты."
azino777mobil,channel,Азино777 Azino777 зеркало,2,"Азино777 лучшее казино для любителей азартных игр! Azino777 популярные слоты, рулетки, покер и многое другое Играйте c Azino777 в любимые игры, выигрывайте большие джекпоты и наслаждайтесь адреналином Azino777 приключений. Быстрые выплаты Азино777"
azino777_support_bot,bot,Азино777,,"🎰 Азино777 Официальный Telegram-бот Актуальные зеркала, бонусы и VIP-условия. Нажмите ▶️ START BOT прямо сейчас 🚀"
pinful_777_azino,channel,Пинфул silly zone,96,Ремнант авторства @negr671games (моего авторства)
ovo777id,group,OVO777 OFFICIAL,122,"LiveChat : https://direct.lc.chat/12008847/ LINK AKTIF  : https://cli.re/LINK-ALTERNATIF-OVO777  hallo bosku, mohon jangan berikan ID & DATA - DATA lainnya ke grup maupun ke siapapun ya, karna banyak oknum penipuan, mohon untuk berhati-hati ya bosku"
azinoapk,channel,🎰 Азино777 - Скачать приложение APK для Android 🎰,2,"Скачивай APK и устанавливай приложение Азино777 для ОС Android прямо в Телеграм! Переходи, чтобы подписаться"
azino7_7_7_go,channel,"Азино777 официальный сайт — регистрация, бонусы и игровой зал",1,"Азино777 официальный сайт: пошаговая регистрация и верификация 🤑 https://golnk.ru/bQOJk 🤑 Обзор Азино бонусов и игровых категорий, платёжные методы, партнёрская программа и рекомендации по безопасности."
kazino777nft,channel,Нфт подарки,16,Выбей 777под пост! Выбил? Победа! Обращайтесь @mikosha_ejjje
arzemjukazinolv,channel,Ārzemju Kazino,3,Labākie top ārzemju kazino online Latvijā
cazinofrends,channel,𝓀𝒶𝓏𝒾𝓃𝑜 𝒻𝓇𝒾𝑒𝓃𝒹𝓈,267,всᴇм пᴘивᴇт! ⟡ нᴀ связи @Makeeva1408 ⟡ нᴀ отпискʏ 24ч ⟡ влд — @Makeeva1408  ᴀдмины: ⟡ @domestouss ⟡ @Vikaiv345 ⟡ @Loven1789 ⟡ @prosto_Pavla ⟡ @dark_claw3  ⟡ твинки — ҕᴀн ⟡ ᴘᴀзҕᴀн — 7
lebamsetoch,channel,👏 ልባም ሴቶች 👏,931,
vkusnouaraba1,channel,Вкусно у Араба,402,"🌯 Арабский фастфуд у Араба— свежие ингредиенты, щедрые порции и настоящий восточный вкус. 📍Г. Реутов ул.Южная 10А"
the_dog_house_official_slot,channel,The Dog House Official - РЕГИСТРАЦИЯ - Вход и зеркало- Официальный слот- Играть онлайн,333,"🎲 Официальный канал слота The Dog House- зеркало, быстрый вход и демо-слот.  🎲  👉 Переходи по ссылке: https://listcasinos.ru/dog-house/  🎁 Получи щедрые бонусы за регистрацию и первое пополнение"
vipadmiralx,channel,Admiral X Casino - Официальный Телеграм Канал,187,"Telegram-канал Admiral X: рабочие ссылки, щедрые бонусы и лучшие промо-акции. Все для твоей игры. Подписывайся и выигрывай!"
aidchantg,channel,АИД - Архитектура и Дизайн,4211,Добро пожаловать на канал АИД. Мы приглашаем вас в увлекательное путешествие по самым удивительным архитектурным проектам разных эпох и дизайнерским решениям со всех уголков мира.  По всем вопросам: @ForeverYg_Official
automuseum_ru,channel,Автомузей «Автомобили Мира»,3403,Увлекательное погружение в автомобильную историю для всей семьи 🔸Ежедневно с 10 до 21 🔸Аренда авто и зала Купить билеты по ссылке👇 https://automuseum.ru/?utm_source=telegram  📩 По вопросам сотрудничества: @pppanova
lissakwe,channel,⛄️♡Академия травниц♡ || Школа травниц ❄️,845,"ִֹ ۫🪾ㅤᮢ｡Лучшая Международная Академия Травниц №1!   У нас вы найдете увлекательное обучение, дружную атмосферу и ролевые мероприятия Присоединяйтесь к нам и откройте мир травничества!🥂  Мама Лиса— @lisa_moi  @kyngk"
anna_aneekina,channel,Аникина Анна/компас полезных дел🧭,264,"интересное, полезное, увлекательное моими глазами..."
brdkray,channel,Бердянский край,717,"Место, где вы можете узнать все самое увлекательное о Бердянском крае!   Здесь мы делимся с вами актуальными новостями, событиями, и многим другим.  🌾Природа  💃🏼Культура  🏖Достопримечательности 📜Истории и традиции нашего края 😄Хорошее настроение"
vlubars,channel,Андрей Любарский ☯ Путь творчества в блаженстве,721,"🌟 Добро пожаловать на канал Андрея Любарского!  Психотерапевт, кандидат медицинских наук, врач-сексолог и сексопатолог высшей категории с более чем 33-летним опытом работы, приглашает вас в увлекательное путешествие к гармоничной и радостной жизни!🚀"
turkceakademi,channel,🇹🇷 Türkçe Akademi,153,"Ayol qizlar uchun  C1 darajali ustozdan kurslar 🇹🇷 Türkçe Akademi  Türkçe öğren, dünyanı büyüt. 📚 Oson darslar 🗣 Foydali iboralar"
animeizleturkce,channel,Anime İzle Türkçe (Arşiv),3618,27.000'den fazla anime bölümü ile Telegram'ın en büyük Türkçe Anime Arşivi Ulaşmak için @Animeci_Reyiz  Anime İzle Türkçe (Güncel) Güncel yayınlanan animeleri izleyebilirsiniz https://t.me/gnclanme
turkishinsimplewords,channel,Турецька мова🇹🇷,1319,Телеграм-канал від мовної школи «Turkish in simple words». Вивчаємо турецьку українською🥰
chilizturkey,group,Chiliz - Türkçe (TR) 🇹🇷,5639,Chiliz: https://www.chiliz.com/ Fan Tokens: https://www.fantokens.com/  Duyuru ve Haberler: https://t.me/ChilizHaberTR
turktili_jamiyat,channel,TURK TILI JAMIYATI | IRODAHOCA & UZTURK,2331,"Bu kanal turk tilini o'rganmoqchi bo'lganlar va bakalavr, magistr, doktorantura uchun sertifikat olmoqchi bo'lganlar uchun.  Homiyimiz 1000 lab o'quvchilarni natijaga erishtirgan UZTURK o'quv markazi.  @uzturk_turktili_markaz  Bosh ustoz  @irodahoca"
japonesnihongo,group,Japonês 日本語,737,📣Grupo de estudos da língua japonesa  @japonesnihongo   📚Gramática  🎍Hiragana  🎴Katakana  🖌Kanjis🀄️ 💭Divulgação de vídeos relacionados ao mundo nipônico ☠️ Físicos 🎎 Canal:  https://telegram.me/cursodejapones  🔊 Discord: https://discord.gg/Spnuch
uznihongo,group,日本語勉強部屋/Yapon tili o'rganish chati,404,"Spamsiz, reklamasiz, floodsiz, trollingsiz, pornosiz. O'zbek, yapon, ingliz va rus tillardan boshqa tillar mumkin emas.  ウズベク語、日本語、ロシア語、英語のみ。 許可なしPM、禁止。 Yapon tili amaliyoti uchun ⇒ https://t.me/nihongo_practice"
jp859,channel,🇯🇵東京/大阪不夜谷客評回訪✍️,5299,這裡是「不夜谷」專屬的客人評價與回訪分享區，所有內容都來自實際使用過的客人回饋  ✔️女孩真實評價 ✔️滿意度感想 ✔️回訪理由與體驗心得 ✔️初次使用的安心感想等  我們希望透過這些真實的回饋，幫助您在預約前有更多參考，找到最適合您的選擇。有任何問題，也可以私訊Angel喔💬   聯絡方式👇 Gleezy🆔 JP8689 Telegram🆔 @dy947   🀄️中文 @JP796 🇯🇵日本語 @JP8826
jp872,channel,🇯🇵東京/大阪不夜谷新手指南🐣,3849,第一次在日本外約櫻花不用怕！預約方式、避雷方式等等新手指南，Angel親自帶你瞭，讓你在日本玩的玩的開心過程安心  Gleezy🆔jp8689 Telegram🆔 @dy947  🀄️中文 @JP796 🇯🇵日本語 @JP8826
dasha_japan_eng,channel,Dasha & 日本語🇯🇵,283,ヤッホー!  Твой преподаватель по японскому языку🇯🇵  • Японский язык с нуля до ‘я могу заговорить с японцем’ за 5 месяцев с аниме и мангой❤️‍🔥🎋 • Будни репетитора🏂  Запись на занятия: @daryarodina28 ようこそ!
hanamijuiceee,channel,Разговоры на японском 🎌,1027,"Интриги, скандалы и расследования японского языка   @hanamijuicee - по всем вопросам обращайтесь ☺️"
jp2729,channel,夢姫物語｜日本極品女孩高級派遣,1341,🎀東京名單 @jp2721 🎀大阪名單 @j882p 🎀日本語 @iu7969 🎀加入 Gleezy ID ：japan77 🎀Discord ID : tokyo_77 🎀工作時間：11:00~02:00 #住家酒店皆可安排 #僅支持現金支付 #本人寫真
cursodejapones,channel,Nihongo,845,Para aprender a estudar o idioma oriental #nihongo  Canal apenas com os materiais do curso de japonês.  @materiasjapones  Grupo: @japonesnihongo
knihongo,group,コネク(ト) 日本語,259,Japanese only. 日本語だけで話しのためのグループです  ルール： ・日本語だけで話してください ・スパムしないでください ・皆に親切してください ・ポルノは禁止です(でも、エッチはいいです)  英語と日本語グループ： English & Japanese group: @konekinho
omoshiroinihongogaku,channel,日本語学,313,日本語の特徴を一緒に勉強しましょう！
bitcastle_jpn,group,bitcastle 日本語 公式,414,🏰bitcastle日本語グループチャットへようこそ！🏰 bitcastleはプロのトレーダーだけでなく仮想通貨取引は未経験のお客様にも快適にご利用いただけるような取引所を目指しています。  🔊bitcastle日本語グループチャット運用ルール❌ https://t.me/bitcastle_jpn/4909  ✅カスタマーサポートメール https://support-ja.bitcastle.io/hc/ja/requests/new
j882p,channel,大阪高級外送女孩【夢姬物語】🇯🇵,450,天大地大，快樂最大 給自己一個難忘的日本體驗，就從這裡開始 ✨  🎀東京名單 @jp2721 🎀日本語 @iu7969 🎀Gleezy 匿名：japan77 🎀Discord : tokyo_77 🎀工作時間：11:00~02:00 #僅支持酒店服務 #僅支持現金支付 #本人寫真
coinex_japanese,group,CoinEx 日本語,261,CoinEx公式コミュニティ🇯🇵  サインアップ：https://www.coinex.com/s/46BU  X：https://x.com/coinexjp  Linktree: https://linktr.ee/coinex_japan
iu7969,channel,日本東京大阪高級デリヘル【夢姬物語】🇯🇵,467,あなたがゆっくり考えてもいいよ、私はずっと待っているから。 もしチャンスをくれるなら、心から大切にするよ。 🎀日本語 @iu7969 🎀中文語 @jp2729 🎀English version @pcd97  🎀Gleezy 匿名：japan77 🎀Discord : tokyo_77 🎀工作時間：11:00~02:00🎀 #現金のみ対応 #実物写真
jp8826,channel,🇯🇵日本・不夜谷高級デリヘル👑,418,不夜谷｜日本人女性の出張紹介サービス  →本人写真から選べる安心の事前確認 →予約金不要・当日現金払い →東京16区のホテル・自宅に対応  →毎日多数の女性が待機中、お好みに合わせて選べます 💖 →プライバシー厳守・柔軟対応  👀リラックスしたい時はいつでもご相談ください  聯絡先👇 Gleezy🆔 JP8689 Telegram🆔 @dy947  公式サイト www.sex6886.com  🀄️中文 @JP796 🇯🇵日本語 @JP8826
prideuc,channel,PRIDE UC,5381,Бот 24/7 @pride_uc_bot  • Безопасность сделки  • Выгодные цены на все товары • Ответственность за качество UC    📖Отзывы: https://t.me/otzvprideuc   Для покупки: @managerprideuc
level3_1c,channel,Курс по 1С Программированию,608,"Курс ""Прикладное 1С Программирование"" https://bp1s.ru/?p=7337  Связаться со мной:  @alyona_meshkova Программист 1С Алёна Мешкова"
hospitalityexpo,group,HOSPITALITY ONLINE EXPO,566,"Группа для общения профессионалов индустрии гостеприимства. Вопросы, ответы, деловые связи, знакомства и нетворкинг 24/7"
wyndhamhotelsdubai,channel,THE FIRST GROUP HOSPITALITY DUBAI 🏝,3033,"The First Collection Marina , TRYP by Wyndham Dubai,The First Collection JVC and Business Bay, The First Collection Waterfront, Holiday Inn, Hotel Local, Ciel Dubai Marina Contacts: sales.hospitality@tfghospitality.com Cholpon.bolotova@tfhospitality.com"
ai_hospitality,channel,AI Hospitality Club,116,"Здесь мы создаем будущее загородного гостеприимства. Объединяем искусственный интеллект, реальный опыт управления и доходную недвижимость. Первые в России тестируем AI-систему, которая сокращает издержки и повышает прибыль отелей."
hospitalityvacancy,channel,Hospitality Vacancy,168,www.hospitalityvacancy.com Hotel Jobs • India • Gulf • Europe • New Zealand • Africa
travelline_news,channel,TravelLine,13187,"Официальный канал TravelLine. Объединяем индустрию. 💙    Новости, советы, экспертный контент.   Вступить в чат: t.me/+owBEVglcuGRlYWIy Написать нам: @travelline_admin Сайт: tlgo.me/7yd MAX: max.ru/travelline_news Регистрация в РКН: tlgo.me/6p7 #OK9MI"
expocrimea,channel,ЭКСПОКРЫМ,644,⭕️ ЭКСПОКРЫМ — организация выставочных мероприятий в Крыму!  📞 +7 (978) 900 90 90 💬 info@expocrimea.com  Подробнее о мероприятиях на сайте https://expocrimea.com
reallaborgutalaune,channel,ReallaborGutAlaune,289,gemeinsam typische Herausforderungen für gemeinschaftsgetragene Projekte erforschen!
travelconnectionsunion,channel,Travel Connections Union,207,"TCU это: 1. Актуальный сейчас формат ОНЛАЙН вебинаров, воркшопов, презентаций и выставок. 2. Охват более 10 русскоговорящих рынков. 3. Эксперты с международным опытом на каждом из рынков."
openhowse,channel,OPEN HOUSE,546,open house videos anything of interest goes on here
comfortbooking_pro,channel,Комфорт Букинг | Всё о продажах в отеле,340,🔹 Обеспечиваем прием и автоматизацию платежей в отеле. Настраивайте способы оплаты под любые задачи.  🔹 Оптимизируем работу с ОТА. Подключайте Агрегатор каналов Комфорт Букинг.  comfortbooking.ru  На связи ежедневно с 8:00 до 20:00 по мск: +78126270258
roomsharingnorke,channel,Roomsharing,296,https://rmshare.ru  -Платформа по бесконтактной аренде помещений -Умные замки -Экономим время гостя и сотрудника вашего бизнеса  -Интеллектуальные системы доступа и размещения   Оставить заявку:  @rmsharebot   #RoomSharing #iOT #LLM #smart_lock
hochiminh_chat,group,Хошимин чат | Вьетнам,5026,Сайгон чат форум Вьетнам Хошимин  • Чаты по 150+ странам МИРА: @tele_360chat • Анонсы новых групп: @slavianskiy_forum  - Реклама: @PR_3600 - Как снять БАН: @unlock_360 - Техподдержка / АДМИНЫ: @FAQ360  ПРАВИЛА ЧАТА + проверенные люди: telegra.ph/360-10-05
rosholod_news,channel,Росхолод|НОВОСТИ,2184,Федеральный дистрибьютор оборудования HoReCa и Retail.  Компания основана в 1995 году  — Официальный сайт rosholod.org — Посмотреть каталог с оборудованием и сделать заказ можно в личном кабинете росхолод.рф — Мы всегда на связи! 8-800-200-31-30
hoh_chat,group,HoH Chat,779,News @hoh_game_official
restoexpochat,group,Ресто Экспо- чат рестораторов - участников онлайн- выставки,573,Здесь можно задать вопросы спикерам RESTOEXPO и просто поболтать. Сотрудничество - @rockpandaaa  Регистрация на RESTOEXPO2026 здесь: https://restoexpo.online/
hok_chat,group,🔴LD TOKYO | ИГРОВОЙ ЧАТ,598,"Чат по игре Mobile Legends and Honor of Kings   Honor Of Kings , Honorofkings , hokgame , Honor Kings, Honor Kings Chat, Honor Kings game, game hok mobile legends , Mlbb , MLBB , мобла"
hleochat,group,Leo.HL 수다방,513,Leo가 대장노릇하는 수다방 https://t.me/hleoann
ecoheat_isolon,channel,PRO-Изоляция EcoHeat,255,"Канал для профессионалов в строительстве и отделке. Здесь кейсы и экспертные обзоры материалов для тепло- и шумоизоляции. Все, что поможет решать задачи на объектах и улучшать результаты вашей работы.  Сайт: https://ecoheat-isolon.ru/"
echokhv,channel,Ресторан «Эхо»,496,🌿Загадочный оазис в центре города  🥢Паназиатская кухня в сопровождении настоящего тропического леса подарит вам море впечатлений и незабываемых эмоций  🎶Музыкальные вечера каждую пятницу и субботу  📲791-791 💌 https://taplink.cc/restaurantsecho
wibalmaty,channel,Women in Business,266,Центр поддержки женского предпринимательства г. Алматы  https://instagram.com/almaty.women?igshid=YmMyMTA2M2Y=
hamta_official,channel,Hamta Group,45,
hp_sieben,channel,hp_sieben Veranstaltungen,167,
tutor_online_course,channel,Онлайн-школа под ключ,2056,
dreamkidsmoscow,channel,Dream Kids🦞,335,Семейный ресторан с детской анимацией🤍  Наш сайт: https://dreamkids.moscow Номер для связи: +79250238855  Inst: @dreamkidsmoscow
vunderkindpro,channel,ВУНДЕРКИНД детский центр гармоничного развития детей,985,"Готовимся к ШКОЛЕ вместе! На канале развивающие игры, творческие мастер-классы, и полезные советы от детского психолога. Хотите, чтобы ваш ребенок развивался гармонично? Подписывайтесь!   ☎️         712773208 📱+998903270868  📍Ташкент ул. Мукими 22 А"
dream_on_caesar,channel,caesar dreaming,311,"there’s a world to conquer ——— • Julia, 20 • olympiadnik & olymp English teacher • MGIMO econ student & aspiring logistician • overthinker  для связи: @iuliacaesar"
divikairk,channel,Школа скорочтения Divika в Иркутске,163,"▫️Научим писать, считать, читать за 12 занятий 📄 Гарантируем результат или вернем деньги  Запись @school_divika  📞648-155 Больше курсов на нашем сайте https://school-divika.ru/ 🏫 6 школ в Иркутске  👩‍🏫 Более 12500 детей успешно прошли обучение"
babybrain_school_of_future,channel,Baby Brain 🧑🏼‍💻,185,"Школа будущего ⤵️  🤖Робототехника  🧑🏻‍💻Программирование  🧑🏼‍💻3D моделирование  👨🏻‍🎨Мастер-классы 💥Коворкинг на 100м2  Возможна оплата региональным мат.капиталом  📍г. Уссурийск ул.Пушкина,27 «Метро» 📞8(924)722-22-24"
iqmitino,channel,"Детский центр ""Территория интеллекта""",185,"🌱 Помогаем детям развиваться гармонично и правильно, учиться эффективно и с удовольствием!  🧒🏻👧🏼 Для детей с 1,5 лет до 16!  🧠 Творческие, научные и IQ студии 🌞 Специалисты:  - Нейропсихолог - Логопед - Психолог Контакты студии:  8 (916) 0553060"
amakidsvarshavka,channel,Детский Центр Галактика Мечты,167,"📍Болотниковская ул., д.3, корп.1  ⏰10:00-20:00 ежедневно   ✅Подготовка к школе  ✅Ментальная арифметика  ✅Скорочтение ✅Меморика ✅Каллиграфия ✅Английский язык ✅Репетитор ✅Мини Детский Сад ✅Раннее развитие  8-903-796-46-80"
greatbrotherchat,group,GreatBrotherChat/ОТС/СКУПЫ/ДРОПЫ,1163,• Точка входа в новые возможности 👇https://t.me/GreatBrotherChannel
vhod_v_digital,channel,Точка входа,660,Блог о мобильном маркетинге и работе в Digital от co-founder-а платформы CTV House / ex. buying director-а Go Mobile   Для связи в лс: @malenax
func_main,channel,Точка входа,510,"Спасибо, что зашли на канал!  Субъективно про будущее и настоящее IT сферы от разработчика ПО"
hram_birulevo,channel,Храм Входа Господня в Иерусалим в Бирюлеве,950,
evangeeeell,channel,Ева ангел,45407,По поводу рекламы и сотрудничества ->  @pr_evaangell  Менеджер Алиночка -> @analin0
evaschastie,channel,ева счастье,31136,сотрудничество/реклама - @whiteepr by @whiteinfluence  #PEOPI
evanutri7,channel,Нутрициолог | Ева Галашова,14263,
evasnegir,channel,Ева Снегирёва,9992,Сестра ТриДняДождя ✌️  Все вопросы | сотрудничество | реклама: @milky_mur
evamc2013,channel,Ева Мс 2013 скачать бесплатно,110,Ева не может дойти до своей второй симки
beloysovaevaaa,channel,Белоусова Ева,2180,• инста:  https://www.instagram.com/beloysovaeva?igsh=eDc1OGJwcWZpdjdy  • тик ток: www.tiktok.com/@belousovaeva  • кинопоиск: https://www.kinopoisk.ru/name/5038268/?ysclid=mfsi81mm9a188472213  • лайк:  https://l.likee.video/p/J72P5J
tofikinss,channel,ева тофи позорница,1438,позорница:)) связь/реклама: @tofikins
kazibukaa,channel,KAZIBUKA,1304,"life и юмор с двумя французами • dog-обзоры и распаковки • подборки стильной одежды для собак • немного о воспитании и уходе   Ева и Рома - французские бульдоги, они брат с сестрой по папиной линии, Ева старше на 5 мес.   inst: @_kazibuka_"
hristinafl,channel,Между нами девочками🤗,214,"📝 Честные отзывы о FABERLIC 🍀Советы,аффирмации,тесты,предсказания.. 💐 Запомни, Ты самая шикарная на свете💐 💰 @kristinailfatovna"
biznesnadivane,channel,Фаберлик на дом Архангельское,20,Тут можно оформить доставку продукции Фаберлик   Связаться: @Kolomyts (https://t.me/Kolomyts)  Откуда деньги в Фаберлик: https://promofaberlic.com/707446087/bot/1/mlm  Каталог: https://promofaberlic.com/707446087/catalog
ekonomsfaberlik,channel,Фаберлик: секреты красоты и экономии,54,"💄 Преобразите свою жизнь с минимальными затратами! Узнайте, как получать премиум-уход за копейки. Подпишитесь на канал, чтобы первыми узнавать о секретных акциях, новинках.  Начните здесь https://t.me/ekonomsfaberlik/307  Контакт для связи: @gln0805."
faberlic_elvirakovgan,group,"""Между нами девочками Faberlic c Эльвирой Ковган",164,Добро пожаловать в магазин уникальной продукции фаберлик  Личные сообщения  @elvira_kovgan_faberlic
tatyanaanpilovafaberlic,channel,Сетевой легко - Татьяна Анпилова,247,"18 лет в МЛМ | Фаберлик Обучаю женщин  зарабатывать из дома и экономить на повседневных покупках для семьи Делюсь опытом, как совместить семью и доход в МЛМ без спама и навязывания. Консультация 👉 @TatyanaAnpilova"
faberlic_10catalog,channel,Katalog 10/2026 FABERLIC,15320,
faberlic_official_chat,group,Faberlic Official Chat,3784,Правила чата: https://telegra.ph/Pravila-chata-Telegram-kanala-official-faberlic-03-25
biznes_s_faberlic,channel,FABERLIC,13,"Как создать успешный доходный бизнес в компании Faberlic с нуля. Все секреты и нюансы с самого начала, от Серебряного Директора Faberlic. https://faberlic.com/register?sponsor=2882 Связь с администратором: @LarisaYolkina"
faberlic_sever,channel,Пункт Выдачи FABERLIC Полярная 11,22,"Режим работы Пн. - чт. С 16.30 до 18.00 Пт. - с 16.20 до 18.00 Суб. С 12.00 до 14.00 Воскресенье выходной, НО всегда можно договориться, звоните. Если время указанное Вам не подходит, звоните, договоримся! Тел. +7-960-003-73-76 Татьяна"
mama_v_faberlic,channel,Гоманёк Татьяна || FABERLIC 💄,32,Помогаю сохранять здоровье и красоту без диет и дорогостоящих лекарств. Мой собственный бизнес с FABERLIC. Как педагог даю советы по развитию и обучению детей. Связь со мной 👉 @flgomtan
katalog_faberlic_ru,channel,Каталог FABERLIC № 04-2026,24,Каталог FABERLIC № 04-2026 действует с  02 по 22 марта 2026 года
dorozhki_prodazh,channel,ДОРОЖКИ ПРОДАЖ. ОБЗОРЫ ПРОДУКТА FABERLIC,3087,
fungilinechat,group,FUNGILINE • ЧАТ,2582,Обсуждаем продукцию FUNGILINE  🍄 КАТАЛОГ: https://myfungi.ru  💬 Отзывы: https://t.me/+Y3m0UN1iRtExNTBi 🙋 Консультация: @FUNGILINEadm  Основной канал: https://t.me/+UoV915mmdH1iZTAy
mesalteraofficial,channel,MESALTERA by Dr. Mikhaylova,809,Первый российский бренд профессиональной космецевтики MESALTERA by Dr. Mikhaylova🤍  Купить продукцию: https://home.martinex.ru  Купить продукцию профессионалу: shop.Martinex.ru  Стать партнером: https://martinex.ru/contacts/
antiacne_beautycevtika,group,Антипрыщ-чат от Бьютицевтики,1332,Чат для взаимопомощи в борьбе с прыщами.  Прямые эфиры с докторами: @beautycevtika Купить продукцию: www.beautycevtika.com
shymkentonline,channel,Shymkent Online,10070,Самая актуальная информация на сегодня в городе Шымкент  Присылайте информацию/фото/видео/аудио: @shymkentonline_news_bot  https://tapter.one/shymkent.online  Сотрудничество: wa.me/77071023355
bezdepozitcasino,group,✨БЕЗДЕПОЗИТНЫЕ БОНУСЫ КАЗИНО✨ЧАТ,324,"Дата создания 7 дек 2018 Общение на тему казино, обмен бонус кодами Канал с анонсами и розыгрышами👉 https://t.me/bezdep_casino_bonus.    🎁 При вступлении в группу вылазит бот с кнопкой.  Я @SEGARULIT #бездеп #bonus #casino #chat"
ricxrdelodep,channel,Ставочная Ricxrdelo 🎁,799,
casino_bezdepp,channel,Бездепозитные бонусы - Бездепозитный бонус,108,"Узнайте о бездепозитных бонусах в казино: что это, как их получить и использовать для выигрыша без риска. Получите максимум от игры!"
casinobezdepov,channel,БЕЗДЕП КАЗИНО | ТОП 50 бездепов казино 2026,108,"Ищешь лучшие бездепозитные бонусы для онлайн-казино? Наш канал — твой ключ к халяве! 💎 Актуальные промокоды на бездепозитные бонусы Casino бездепы, промокоды на бездеп, casino бездеп бонус. Подпишись, чтобы не упустить самые выгодные предложения."
mbezvloj,channel,|БЕЗ ВЛОЖЕНИЙ|БОТЫ ПЛАТЯТ|ЧЕКИ|КОНКУРСЫ|🔝,246,Пpoверенные|Нaдежные| Без вложений  https://t.me/+vip1lvg1zA81NjMy   https://t.me/+UyKKTNgZBoNhNDli
bezdepozitny_bonusy_bezotygra,channel,Бездепозитные бонусы без отыгрыша,48,Лучшие бездепозитные бонусы без отыгрыша — реальные предложения для быстрого выигрыша. Получайте бонусы без вложений и легко выводите деньги без дополнительных условий и требований!
bezdepozitnye_bonusy_igrat,channel,Бездепозитные бонусы с отыгрышем без депозита,60,"Бездепозитные бонусы с отыгрышем без депозита — лучшие предложения на рынке онлайн-казино. Узнайте, как получить бонусы без вложений и успешно выполнить условия для вывода выигрыша."
bezdepozit_bonys_1xbet,channel,1xbet бездепозитный бонус,52,"Получите выгодный 1xbet бездепозитный бонус для ставок без риска! Узнайте, как активировать бонус, условия использования и максимальный выигрыш прямо сейчас на нашем сайте."
publickua,group,Bezdep Chat💲📣,104,Casino Bezdep🏴‍☠️ Promo 🇺🇦  Chat.   🇺🇦 💰Ежедневный промокоды.💸 💰Бездепозитнные бонусы.💵
nowager,group,👥🗣Чат🔥World of Gambling🔥,340,"@Nowager  official community 💲Бездепозитные🎁бонусы -freespins  💲Бесплатные ставки на спорт -freebet - 💲Бесплатные турниры - freeroll 💲Купоны , промокоды🎫🔝 👥💬Канал t.me/NoWagerCommunity👈🏼 #Gambling #Bigwin #Slot #Casino #Partners #Заносы казино"
no_deposit_bonusess,channel,APEX Casino телеграмм - Новое казино сайт регистрация бонусы турниры,85,"APEX Casino телеграмм - Новое казино сайт регистрация бонусы турниры. Откройте для себя мир азарта и захватывающих возможностей, где каждый клик может привести к крупному выигрышу."
bezdepozitny_bonus_registrac,channel,Бездепозитный бонус за регистрацию,50,"Получите бездепозитный бонус за регистрацию – уникальное предложение для новых игроков. Начните играть бесплатно, не рискуя своими средствами, и увеличьте шансы на выигрыш уже сегодня!"
nowagercommunity,channel,🌟БЕЗДЕПОЗИТНЫЕ БОНУСЫ КАЗИНО🌟,40,"@Nowager community #Metaverse #Crypto #Dev 💲Бездепозитные🎁бонусы -freespins  💲Бесплатные ставки на спорт -freebet  💲Бесплатные турниры - freeroll 💲Купоны , промокоды🎫🔝 👥💬Наш чат:👉🏼 t.me/Nowager 👈🏼 #Gambling #Bigwin #Slot #Casino #Partners"
alknwt_tg_official,channel,Alknwt ♥️,18374,Единственный официальный канал 🔥  Ссылка на приват каналы 🔞 https://t.me/Alknwt_robot  Ссылка для друзей 👥 https://t.me/+ZziSeBwCkBk1MzJi
parallelshop_tg,channel,ParallelShop,4449,🔮Ручная работа 🎁Красивая и надежная упаковка 🚚Доставка курьером по Москве 🌍Отправка по всему миру.   📲 +7 (901) 764-18-25 www.parallelshop.ru  Единственный официальный аккаунт: @parallelshop_ru
tovarzaotzyv,group,ОБЩАЛКА / CashYou КЭШБЭК за отзыв,1560,"Канал в Тg: https://t.me/cash_youback 🔥Задаем вопросы, обсуждаем покупки, общаемся.  📌Отряду Ответчиков - плюшки!"
buyology,channel,BUYology,1530,"Канал о продажах и маркетинге из Нью-Йорка. Советы от таких штатских гуру как Грант Кардоне, Джордан Белфорт, Джефф Уокер, Эбен Паган.   👨🏻‍💻 @rekIama 👻 @dominirovaniebot - я помощник хозяина"
leyeon_off,channel,LeYeon,100,Добро пожаловать на мой канал!
bubbleitzy,channel,𝗂𝗍𝗓𝗒 𝖻𝗎𝖻𝖻𝗅𝖾 🫧,587,ɪᴛᴢʏ ʙᴜʙʙʟᴇ ᴜᴘᴅᴀᴛᴇ 🍹╰ํ̸  𖡼ᴍᴀɪɴ ᴄʜᴀɴɴᴇʟ: @IranItzy  تمامی زمان ها بر اساس کره جنوبی میباشد!
hfjonecf,channel,HFJONE ( cf + daily ),208,"pfp ⇄ calp0sa , tumblr  неанон бот ⇄ @hfjon3bot"
bugaboomie,channel,! My love is boo <3,94,Rainboo forever  Соор : @bugAboomie_coop
lunaelectric_uz,channel,LUNA Electric ( Rasmiy ),445,💡Biz bilan yanada yorqinroq 🔸Kompaniya 7 yildan buyon faoliyat yuritadi  ⚡️600ga yaqin mahsulotlar assortimenti 👇🏻Murojaat uchun  https://lunaelectric.taplink.ws
hakimovblog,channel,Hakimov l Revit,347,● 5yilda buyon Arxitektura-Dizayn sohasidaman. ● Revit dasturida 3 yillik tajribam bor. ● Bajarilgan loyihalar ~5.000 m2
businessxlake,channel,Business and startup,1009,🚀 Business x Lake – a compact channel for entrepreneurs! 💡 Fresh startup insights and strategies daily. 📈 Grow your business smarter here!  Partnership and advertising: @ztxadverts
bir_dunyogap,channel,BIR DUNYO GAP,282,"""Telegramda Bir Dunyo Gap"""
my_mindflow,channel,Поток Речей 🗣️,391,"Новости о мире и интересных событиях. «Добро пожаловать! Здесь каждый может стать автором.Делитесь своими мыслями, публикуйте посты и вдохновляйтесь идеями других. Мы создаем пространство для творчества и обмена мнениями. Для связи: @Lola_n_bot"
apshinfo,channel,Апшинфо,330,"Информационный паблик г. Апшеронск  Присылайте новости, проблемы города, фото/видео, вопросы, предлагайте темы для обсуждения."
co_mixxxx,channel,CO-MIXXX,40,
urisvzakone,channel,Юрист в законе! Оксана Ханбабаева💼,41,Юридические новости и политика все самое интересное смотрим вместе!
swapupcampbot,bot,SwapUp Konkurs - Camp 2026 🎁,11506,🤝 Hamkorlik va telegram bot xizmatlari uchun: 🙍‍♂️ @Nishonovw
esmail25_2,channel,ESMAIL,552,
los_errrr,channel,Гoser!,100,I was a ГOSER in everything!
wsl1er,channel,𝐖𝐄𝐁𝐒𝐋𝐈𝐍𝐆𝐄𝐑,197,Архив - @ARHWNE
evm3rs,channel,закрыты 𖥻 𝑬𝑽𝑴𝑬𝑹𝑺ᶦᶰᶠᵒ› ࣪ ˖🌀,35,очень ждем вас папищики!!^_< тт evm3rss
ecaore,channel,ecaore,1,"@wyzwyz кому суждено быть сбитым газелью, того не переедет поезд."
aktsii,channel,Channel,21,
activatemebot,bot,ActivateMeBot,,
aktivitiappbot,bot,Активити — подарки и розыгрыши,,Выполняй задания и трать сейлики на реальные товары в своем городе!
ckidki7,channel,"Халява, Акции, Скидки, Промокоды",5,"GB вы всегда найдете свежие Промокоды на онлайн кинотеатры, доставку еды и продуктов, выгодные предожения по банковским картам и предложениям банков"
sms_activation_net_bot,bot,SMSActivationBot,,SMSActivation Official Bots. https://www.sms-activation.net
activationoflifebot,bot,activation of life бот ман,,
alismsorg_bot,bot,ALISMS Support,,🇬🇧 Sms activation service alisms.org 🇨🇳 短信激活服务 alisms.org 🇷🇺 Сервис СМС активаций alisms.org
sms_receive_activation_bot,bot,ActivationPW SMS Bot,,"Recive SMS easily and fast from Activation.pw. Lowest prices, comfortably and fast working bot for your needs."
n2activationcodebot,bot,Maps.me | Activation,,Use this bot to retrieve your MAPS.ME Wallet activation code.
egrul_channel,channel,EGRUL и компания,16368,"Важное из мира бизнеса, бизнес-лайфхаки  Реклама: @egrul_ads"
reading_perls,channel,Читаем Перлза | Ольга Зарецкая,385,"Почти детективная история гештальт-терапии  @olga_zaretskaya — Ольга Зарецкая, психолог, гештальт-терапевт, автор проекта  Моя визитка: https://olgazaretskaya.ru/"
milenaerofeeva,channel,Записки гештальтистки,318,Заметки на полях практики рекомендованного гештальт-терапевта и клинического психолога — Милены Ерофеевой 🤓.
bazarov_psyh,channel,Голос Базарова. Гештальт,277,"Серьезно и с юмором - психология для 35+ Про отношения, выгорание и чувства. Примеры из жизни, упражнения, аудиоподкасты – без инфоцыганщины. Практикующий гештальт‑терапевт, онлайн по всей РФ. Записаться на сессию: https://n1242678.yclients.com/"
psylifenote,channel,Дневник психолога,474,
uralgestalt_ekb,channel,uralgestalt_ekb,477,"🏛️Уральский институт Гештальта и современной психологии, Екатеринбург| Санкт-Петербург   🌍Наш сайт: https://uralgestalt.ru/about/  🎙️Подкаст: https://geshhhtatlt.mave.digital/  📲Администратор: @uralgestaltekb или +7 922 118-33-18"
mmterenteva,channel,"Гештальтистка-Гедонистка | Психология, клуб и живые разговоры",245,"Глубина без занудства. Психология без поучений. Жизнь в кайф без оголтелого оптимизма.  Пишу с огоньком и душой. Про женщин и свою жизнь. Про смыслы и удовольствие.   Если хочется тепла, свободы и живых слов, оставайся.  ПсихоКлуб в Москве @atmosfera_psy"
bodilygestalt,channel,Телесный гештальт,72,Лаборатория Телесности Движения Контакта  от гештальт- терапевта с 2007 года  @askarova_alfia
the_decaying_west,channel,Загнивающий Запад,11,Изнанка США глазами американцев.
blacklisalisistrata,channel,Dark Lisistrata,6,
aygulygareeva,channel,АКТИВАЦИЯ ЖИЗНИ,509,"Канал Айгуль Гареевой бизнес-психолога, эксперта по денежному и бизнес мышлению -  здесь про жизнь, эффективность, антикризисное управление, про деньги для жизни, для бизнеса, про развитие и баланс во всех сферах @AygulyGA"
alwayswintradesbycf,channel,Always win Trades VIP Free (Crypto-Freemium.com),1819,@crypto_freemium crypto-freemium.com
procheatpro,channel,Сообщество ProCheat и Phoenix,2004,Новости проектов  https://procheat.pro https://phoenix-hack.ru
wizecheatschat,group,WizeCheats (chat),1100,Чат пользователей  Website: https://wizecheats.ru Discord: https://discord.gg/mGUMdruyMx Новости: https://t.me/wizecheatsnews  Admin: @Blymp Поддержка: @remnantgod
halloween_updates,channel,WEEN updates,1153,This is official Halloween World News & updates Channel
shsd_wi,channel,Пошук сс/друзів⛓️‍💥,356,
whatsgateapi,channel,Whatsgate.ru,61,Неофициальный API WhatsApp. по вопросам поддержки можно писать в директ
walterwoxxtyww,channel,WalterWoxxty | WW,145,\*Dead man's party*/  Twich | https://www.twitch.tv/walterwoxxty  ArtStation | https://www.artstation.com/walterwoxxty  Boosty: https://boosty.to/walterrrr  Мой юз: @WalterWoxxty VK: @walterrrrrr
wrexhaminfo69,channel,𝙒ʀℯ𝘅𝗵α̶м,90,"Норма: 120 недельная, чистка по воскресеньям  Анкеты: @wrexhamquestionnaire Анон: @Wrexhamanonbot"
swightconfession,channel,[РЕСТ]𐔌 𝖲𝗐𝗂𝗀𝗁𝗍 𝖼𝖿 + (𝗇𝗈𝗇)𝖽𝖺𝗂𝗅𝗒! ՞𐦯,79,
wist_messenger,channel,Wist Messenger,7,"Безопасный и кроссплатформерный мессенджер, разрабатываемый компанией RabbitLower."
thewiseblognews,channel,TheWise News,25,Владелец канала: @TheWise Чат для общения: @thewiseblog  Owner of the channel: @TheWise Chat room: @thewiseblog (Russian audience)
iwantpublic,channel,Iwant - официальный канал лучшего вишлиста во вселенной,6,"Iwant - официальный канал лучшего вишлиста во вселенной.  Здесь мы будем публиковать новости, конкурсы и интересные подборки!"
whub_channel,channel,WH | Как идут дела,3,"Здесь будут посты о прогрессе проекта, что изменилось в разработке, что планируется дальше и просто новости проекта ))"
eshn77777777,channel,ESHN's,197,"Hey little man welcome !💞 This is a space where I share what I learn, what I find, and. Exploring knowledge, experiences, and the internet’s hidden gems. 📚✨ @ESHN77"
theopendevteam,channel,TheOpenDevTeam,68,We perform security audits for TON and EVM.  Contact: @rends_east Blog: @TheOpenDevBlog
angelssip,channel,linnsiee,191,memento mori  инст и тт: linnsiett голоса: https://t.me/boost/angelssip
deadstarcaptain,channel,"йеп, это кэп!",77,"Ты такой разный-разный-разный! Сколько тебя? Здравствуй, социальная шизофрения!"
ezhitsoaep,channel,ⲉⲍⲏⲓⲧsⲟ (ежицо),52,
hesonoo_cdt,channel,HESONOO crew,41,
acewendsupp,channel,сапп,1,сапп эйсовендов
awrsmarket,channel,AWRS Market | Wild Rift,1037,#wildrift
birzha_reklami_sport,channel,Биржа Рекламы Спорт,56,Контакт: @sashulka7  Партнер: @birzha_reklami_cryptovalyuti
dmitryclubobuchenie,channel,🔥DMITRY CLUB🔥НАВЧАННЯ,12,
bunkerkapperabasketball,channel,Ставки на спорт,6,
zerkalo_dushyi,channel,Зеркало души,7217,
zerkalo_32,channel,зеркало,813,mgmt/booking: @aHumencux   deff: @ultsa @defensemp3
io_zerkalo,channel,Зеркало - Новости | TUT.BY,782,Публикуем самые важные новости о Беларуси и России.   Наш Чат: @TUTBAY            #главное_за_день #курсы_валют
zerkalovnts,channel,🤡Зеркало Вінниця😈,576,"🎭 Тут зливають історії, переписки, крінж, крашей, стрем та інше.  ✍️ Хочеш виставити пост?  Пиши в бот: @zerkaloVnts_bot   💬Наш чат для спілкування:  @zerkaloVntsChat  ❗Правила: https://telegra.ph/Pravila-Zerkalo-V%D1%96nnicya-01-20"
zerkalo_magazine,channel,Журнал «Зеркало»,799,
zerkalosugetov,channel,Зеркало сюжетов. Читательский и кино клуб,527,
zerkaltce,channel,Зеркальце,299,"Ася, Слава и друзья"
zerkalosena,channel,Анна Сена,131,"Предпринимательница, создательница, искательница. О том, как растить бизнес и себя — осознанно, без надрыва, своим ходом."
skachatmelbet,channel,Скачать приложение Мелбет (Melbet) на Android - бонус до 25 000 рублей,38,Скачать последнюю версию Мелбет на Android и получить бонус за регистрацию при установке в размере до 25 000 рублей.  Скачать Мелбет на андроид можно с официального сайта компании БК Melbet - по ссылке: https://loto-expert.ru/tb/melbet Промокод: SG12
promokod_reg_melbet,channel,Промокод регистрация мелбет,49,Получите эксклюзивный промокод для регистрации в Мелбет и увеличьте свой бонус при первом депозите! Используйте код при регистрации и стартуйте с выгодой уже сегодня!
casinomelbets,channel,MELBET КАЗИНО РАБОЧЕЕ ЗЕРКАЛО,1,"Регистрация на официальном сайте Мелбет, играть на деньги в казино, слоты и игровые автоматы, зеркало Melbet рабочее на сегодня и прямо сейчас."
melbetcasinoxz,channel,МЕЛБЕТ КАЗИНО ОФИЦИАЛЬНЫЙ САЙТ И ЗЕРКАЛО,1,"Melbet зеркало рабочее на сегодня прямо сейчас, зайти на сайт - Мелбет официальный сайт: регистрация, личный кабинет."
melbetscasino,channel,МЕЛБЕТ КАЗИНО ОФИЦИАЛЬНЫЙ САЙТ РЕГИСТРАЦИЯ,1,"Добро пожаловать на официальный канал Melbet Casino! Здесь — свежие новости, анонсы турниров и игр, а также акции и бонусы. Вопросы?"
melbetcasinot,channel,МЕЛБЕТ ОФИЦИАЛЬНЫЙ САЙТ КАЗИНО,1,"Melbet зеркало рабочее на сегодня прямо сейчас, зайти на сайт - Мелбет официальный сайт: регистрация, личный кабинет."
melbetcasinorus,channel,МЕЛБЕТ КАЗИНО ОФИЦИАЛЬНЫЙ САЙТ ЗЕРКАЛО,1,"Регистрация на официальном сайте Мелбет, играть на деньги в казино, слоты и игровые автоматы, зеркало Melbet рабочее на сегодня и прямо сейчас."
melbet_registraciya_2023,channel,Регистрация в бк Мелбет (2025): на сайте и в мобильном приложении,1,Для регистрации аккаунта в Мелбет необходимо: нажимаем кнопку «Регистрация» после входа на платформу БК Мелбет и заполняем регистрационную форму.
melbetcasinof,channel,МЕЛБЕТ КАЗИНО ОФИЦИАЛЬНЫЙ САЙТ И РАБОЧЕЕ ЗЕРКАЛО,1,"Melbet зеркало рабочее на сегодня прямо сейчас, зайти на сайт - Мелбет официальный сайт: регистрация, личный кабинет."
melbetofficia1,channel,Зеркало Мелбет Melbet,3,"Актуальное зеркало Melbet на сегодня.   Доступ к сайту без VPN, блокировок и ограничений.   Промокод, бонусы и быстрый вход."
melbettopcasino,channel,МЕЛБЕТ КАЗИНО ТОП ОНЛАЙН КАЗИНО ОФИЦИАЛЬНЫЙ САЙТ РЕГИСТРАЦИЯ,1,"Регистрация на официальном сайте Мелбет, играть на деньги в казино, слоты и игровые автоматы, зеркало Melbet рабочее на сегодня и прямо сейчас."
melbetcasinos,channel,МЕЛБЕТ КАЗИНО ОФИЦИАЛЬНЫЙ САЙТ,1,Мелбет казино регистрация на сайте онлайн. Открытие счета в казино Melbet: простое руководство.
melbetcasinoz,channel,MELBET КАЗИНО РАБОЧЕЕ ЗЕРКАЛО НОЯБРЬ 2025,1,"Зеркало Мелбет актуальное на сегодня Мелбет – это крупный игрок современного рынка беттинга, который известен не только на территории Российской"
zerkalo_1xbet_melbet_bk,channel,1xbet🌍Зеркало🌍Регистрация🌍Вход🌍На🌍Melbet,9,"Актуальное зеркало 1xbet/Melbet на сегодня, вход и регистрация на 1xbet/Melbet"
melbet_play_online,channel,"Melbet Casino — ставки и казино онлайн, фриспины, промокоды, бонусы при регистрации",2,🎰 Melbet Casino — онлайн-казино и ставки на спорт 🆓 Фриспины за регистрацию 🎁 Бонусы до 130% на первый депозит 💳 Быстрые выплаты без верификации 🔗 Актуальное зеркало внутри канала.
jbescort855,channel,Jbescortservice855,239,
patagoniacamp,channel,PatagoniaCamp,468,"Радио Патагонии. Всё самое важное для родителей: фото, анонсы и счастливые дети 😃  PatagoniaCamp.ru  8 916 333 8922"
poger_14555,channel,Poger_14/Погер_14,22,"Уникальный контент в Minecraft: захватывающие проекты, строительство. А также события из моей жизни.  Все мои соцсети и прочие штуки (POG_HUB): https://t.me/+xWVuupqKPOBkNzRi"
gurutibet,channel,GuruTibet,610,"Авторский канал Алексея Перчукова.  В Тибет на эксклюзивных условиях. Лучшие маршруты, гиды, отели.  Гарантия качества.Подробнее о поездках:   https://gurutibet.com/  @Tibet_admin"
tibetclass,channel,Tibetclass,580,Школа тибетского языка
expedition_tibet,channel,Экспедиция в Тибет,85,"Вылет 10-13 мая  Длительность 22 дня  Места: Тибет, Кайлас, Эверест, священные озера Гималаев, где самые высокие в мире горы   • съемка документального фильма • маршрут по следам Рериха • измерение энерго пространство на снимках договоры  @zonazlatovlaski"
clinica_tibet,channel,Клиника «Тибет» Москва,1163,"Клиника восточной медицины в центре Москвы, работаем с 2007 года.  Запись на приём: 🌐 https://www.clinica-tibet.ru 📞 +7 (495) 781-57-57  Адрес: ул. Садовническая, д. 11, стр. 2 📩 info@clinica-tibet.ru"
tibet_spb,channel,Секреты «Тибета» | Клиника китайской и восточной медицины СПб,453,"Привет! Это канал клиники ""Тибет"" г.СПб про секреты здоровья, красоты и долголетия."
tibet_shop_khv,channel,Магазин ТИБЕТ Хабаровск,487,"Быстрые новости обо всем происходящем в магазине. Чат с продавцом @tibet_khv г. Хабаровск. Ул. Дзержинского, 89. Тел: (4212) 56-97-93 PRIMALP.COM"
tibet_doc,channel,Цыбенова Елена/Доктор Тибета,292,
telezhka_touragenta,channel,Тележка турагента😎,1001,"Здесь туры по лучшим ценами от ведущих туроператоров✈️  Эксперт в туризме, более 12 лет в теме🌏  @Nastasia_TravelAgent - подбор тура по вашим параметрам🙋🏻‍♀️  Insta: https://www.instagram.com/nastasia_sudakova?igsh=ZnU0ZTM2NzE4Mjh"
strannichestvo,channel,Странничество,1106,"Канал аналитического психолога Ольги Макаровой о путешествиях духа, души, и тела, о постижении незнакомых культур и обычаев, о поиске смысла в дороге  Основной канал об аналитической психологии https://t.me/novocaine4soul"
kailashtravel,channel,Туроператор Кайлаш,563,Туроператор с 2000 года.   Особенность наших туров в их познавательном характере – от истории и культуры до энергитических особенностей мест силы земли.  Наш сайт: https://kailash.ru
travel_360_1st,channel,✨ Travel 360° ❤️,464,"🌍 Travel 360° — новости туризма и путешествий каждый день  ✈️ Актуальные направления, визовые изменения, авиабилеты и туристические тренды  🔥 Только важное — без воды  #туризм #путешествия #отдых"
tibet_chat,group,Тибет чат | Китай,77,Тибет чат | Китай  • Чаты по 140 странам МИРА: @tele_360chat • Анонсы новых групп: @slavianskiy_forum  - Реклама: @PR_3600 - Как снять БАН: @unlock_360 - Техподдержка / АДМИНЫ: @FAQ360  ПРАВИЛА ЧАТА + проверенные люди: telegra.ph/360-10-05
tips_of_tibetan_medicine,channel,Советы Тибетской Медицины,201,"Мы интегрируем тысячелетнюю медицинскую мудрость в современный мир и создаем возможности для изучения и сохранения подлинных знаний о тибетском целительном искусстве, которое превосходно реализуется на практике.  http://tsering.ru/"
osteopat_li_ko,channel,Роберт ЛИ - Тибетский оздоровительный массаж,627,
tour_tour_phuket,channel,🌴Экскурсии на Пхукете 🏖ТУР•ТУР⛵️,663,🌟Экскурсии на Пхукете 🏝️Организация Туров с 2010 года  🛥️ Яхты и катамараны  🏡 Аренда вилл и апартаментов  🚘 Аренда транспорта 🔝 Индивидуальный подход к каждому клиенту  #пхукетэкскурсии  #экскурсиипхукет  Наш сайт 👇🏼 https://tourtourphuket.ru
kudaizrf_nskth,channel,Новосибирск ✈︎ Таиланд | Дешевые авиабилеты [КУДАИЗ.РФ],298,Дешевые авиабилеты из Новосибирска в Таиланд. Ссылка на этот канал: https://t.me/kudaizrf_nskth Еще каналы: https://t.me/kudaizrf_tickets_bot?start=2597312
realnyphuket,channel,Реальный Пхукет 🇹🇭 Новости,438,Самые интересные новости и события острова Пхукет
sindbad_irk,channel,Горящие туры из Иркутска | Синдбад,578,"☀️ Синдбад:  ✈️ Ищем идеальные туры 🎣Ловим горящие предложения 📱Ежедневно публикуем только актуальные акции и самые выгодные варианты для вашего отдыха!  📍 Иркутск, Марата 62/2  📱 +7 924 823 18 88  Написать @sindbadirk"
tempelsbyintuitivewisdom,channel,Temples by Intuitive Wisdom,770,Intuitivewisdom.ch
holistic_healing_retreat_clinic,channel,St Brigid's Temple Holistic Sanctuary 🩺,177,Trauma-informed somatic nervous system care & resilience Tantra bodywork & coaching • group 1:1 face2face online • Full Treatment Menu - email on request  Peneleapaí St Brigid's Temple Holistic Healing Sanctum & Transformation Dojo instagram.com/BEing_She
shambala_spaa,channel,Shambala Spa,440,"Запись онлайн: https://clck.ru/35hxTw Администратор онлайн: @shambala_ekb  Shambala spa-место где вы сможете достигнуть гармонии тела и духа.   ☎️тел. 8(343)311-65-05   г.Екатеринбург, ул.Малышева 5."
herzkraftlichtenergie,channel,💚💞 www.herzkraft-lichtenergie.at ANGELIKA SIEBERER Von Herzen für Dich und/oder Dein Tier💞🙏🐬🌈❤️‍🔥🌞🌏🌊,68,"💚 Individ.Begleitung,räumlich frei von Grenzen, in jeder herausfordernden Lebenssituation, wo wir an die Ursachen&Lösungen gehen. Mit meinen effektiven eigenen Methoden,großem Fähigkeiten-, Wissens-&Erfahrungsschatz sowie Healy Frequenztherapie/Analyse"
mialma_mandyflechsig,channel,"Mi alma Mandy Flechsig (HP Psych) - Therapeutische Herzensbegleitung & Heilung für Mensch & Tier, Energiearbeit, Aufstellungen",97,"01522 24 28 381, meinweg@mialma-mandyflechsig.de  Mein Wirken im Bereich therapeutischer Arbeit für Mensch & Tier 🙏 und das große Ganze  Impulse für bewusstes Leben, Fülle, Selbstliebe & Intuition  Rossau & Online, Einzel- & Gruppe, Kurse, Frauenkreise"
healingroomsmuenchen,channel,Heilung ist möglich! Healing Rooms München,67,"Gebet für Heilung. Montags, 18.00 bis 20.00 Uhr, Freitags 10.30 bis 12.00 Uhr, Schopenhauerstr. 97, 80809 München. Mehr Infos unter: www.healingrooms-muenchen.de"
tanjapeschke,channel,Deine Intuition - dein Weg in deine Freiheit und Lebensfreude,120,"Krankheiten sind Ausdruck ungelöster Themen in Dir, die sich auf Körperlicher Ebene manifestiert haben.  Impulse, Angebote, Erfahrungen aus der Quantenheilung für mehr Freiheit und Lebensfreude von Tanja Peschke  https://linktr.ee/TanjaPeschke"
heilsame_musik,channel,Heilsame Musik 🎼🎶,105,"Heilsame Lieder, Melodien, Solfeggio Frequenzen und Klänge für Harmonisierung von Körper, Geist und Seele 🎼❤🎶"
mira_ra_soundhealing,channel,Вибрации Вселенной,31,Саундхилинг 🌿 Исцеляющие звуковые вибрации
tsibinannathetahealer,channel,Анна Цибина | Интуитивный Целитель🔆,78,"Исцеляю и обучаю исцелять с точки зрения высшей истины. Мудро, бережно, безопасно выведу вас из сложностей к решению от Творца! Напишите мне @AnnaTsibina"
livespiritenergy_kneilling,channel,"Gertraud Kneilling * Spirituelle Wegbegleiterin, Seelenschamanin, Ritualleiterin & Klanghüterin",131,"Mein Kanal für mehr Leben im Einklang mit der Natur, ein KlangHeilRaum für Herz-Verbindung, Seelen-Erinnerung und Bewusstseins-Entfaltung ♥️"
karinmyriapickl,channel,Integrale WeltenMedizin ️🌸 Karin Myria Pickl 🦋,87,Schamanische Medizinfrau ✫ Erden- und SternenMedizin ✫ karin-myria-pickl.com ✫  Mehr: https://campsite.bio/karin.myria.pickl
curlykatiwave,channel,Волна звука | Медитации | Катя Гладкая🌊,114,🌊 Катя Гладкая  Сертифицированный звукотерапевт   Это моя волна - Curly Kati Wave - твой личный остров спокойствия и расслабления🏝️  ✨ Звуковые медитации ✨ Массаж тибетскими поющими чашами 📍г. Краснодар  Успокаиваем кудрявые мысли😵‍💫 Ловим свою волну🌊
consciouscoherentliving,channel,Conscious Coherent Living,28,"Sharing ideas, knowledge, and healthy habits for conscious coherent living."
khulstore11,channel,Khul Store,67,Your go to shop for wellness and lifestyle essentials ✨ DM to order or inquirie @Khulservice   All in one 👉  https://t.me/addlist/vpCG35Zbz49lYzVk
studiateo,channel,ТЭО Телесно Эмоциональное Освобождение,102,"Канал о том как избавится от телесно эмоциональных зажимов, рассказываем о практиках позволяющих вернуть здоровье , улучшить качество жизни. Обратная связь  Mila @Nikolaenok,  @alekseyN72  https://www.instagram.com/studia_zdorovya_teo_almaty/"
healumatherapy,channel,הילומה - מזור במהירות האור,77,
kundaliniyoga_natashablakitnaya,channel,Кундалини йога I Наталья Блакитная,77,"Наташа Блакитная — учитель кундалини йоги  🎯25 лет практики 📈Помогаю снизить стресс, вернуть энергию и спокойствие через практики кундалини-йоги. 🧘 Короткие техники на каждый день.  Забирай аптечку из 10 быстрых практик в закрепе"
harmoniereise,channel,HeaRT Mentorin - Kristina Gau Hiltbrunner,30,🤍 Selbstermächtigung für TierbeHÜTER mit Hilfe der 4 Elemente  🤍 HarmonieReiseTechnik: Mediale und heilsame Ausbildung 🤍 FrauenKreise und TierKreis  www.jiyuma-harmony.com
thehealingpathwithgisele,channel,The Healing Path with Gisele,13,"It is my mission to help bring Balance, Peace, Serenity & Harmony to your life and to Create a space of Unconditional Love in your Heart! Learn Healing Techniques as well as Guided Meditations to help you on your journey!"
obratnaya_svyaz_otzyv,channel,Отзывы | Надежда и Ксения,22,•Обратная связь •Результаты после сессий  •История трансформаций   Сайт: https://prostranstvozmozhnostei.taplink.ws  Запись на сессию: @nadyashcherba
raevskyhealing,channel,@raevskyhealing,8,
heilerin_marie_korf,channel,Heile und Erblühe 🌺 Marie Korf - Mediale Heilerin und Bewusstseinscoach,19,"Heilen und Erblühen: Meine Angebote und Termine Themenheilungen für ""Erblühe in... ""für deine Heilung und Bewusstseinauftieg, Geschenke und Aktionen, Meine persönliche Reise von der Psychologin zur Heilerin. Kontakt: @mariekorf"
rainbowlightheal,channel,Rainbow Light Heal…. Alternative Light Therapy,3,
anamnez_advokata,channel,Анамнез адвоката,383,"Мысли, дела и стиль правовой жизни от адвокатов «Щеглов и партнёры».  За красивую адвокатуру, защищённый бизнес и людей, которым не всё равно.  advokats.ru / info@advokats.ru  Связаться с нами|проконсультироваться -  @advokats_ru"
advokatamsk,channel,По Закону города Москвы,337,"Как в суде защитить, вернуть, приумножить недвижимость. Канал практикующего московского адвоката Максима Астапова по защите прав на жилую и нежилую недвижимость.  Запись для консультации  WatsUp +7(915)258-50-00"
advokat_prilepskaya_mariya,channel,Адвокат Мария Прилепская,295,▪️Президент Московской коллегии адвокатов «Прилепская & Партнеры» ▪️Семейные споры и защита бизнеса  ▪️Основатель самой большой академии для юристов в СНГ по юридическому бизнесу
sibadvokat,channel,Правовая гарантиЯ,64,"Новости права, внутренней политики. Судебная практика. Комментарии юристов и адвокатов."
advokat_matveevsv,channel,Адвокат Сергей Матвеев,66,Канал адвоката Сергея Матвеева
uristisochi,channel,УГОЛОВКИН | Мысли юриста,30,Юридическая футурология  Консультации: @vivaur  Сайт: https://ugolovkin.ru/  Мой Дзен: https:///dzen.ru/a/ag8ao5PDW1dCcst0
sovetaltay,channel,Совет депутатов Алтайского района,21,
diaryofdanochka,channel,dana’s diary📽️,1452,inst: bakhtina_d
memereality,channel,Это мем или реальность?,1271,"Пишу об актуальных трендах и мемах из русских и зарубежных источников. Мемы дня, дайджесты и исследования.   По всем вопросам - @rusalexa   I think, therefore I meme."
restosekta,channel,РестоСекта 💸,703,"Журнал для рестораторов, одержимых своим делом, где вы найдете необходимые ресурсы для развития вашего бизнеса:  📌 Дайджесты новостей из мира HoReCa 📌 Маркетинговые кейсы и лайфхаки 📌 Подборки проверенных сервисов 📌 Эфиры с экспертами  @panaromiks"
eventsminsk,channel,Networking Minsk,507,Еженедельный дайджест сообществ  и мероприятий для стартапов и бизнеса в Минске. Дайджесты в Москве и СПБ: @eventsmoscow | @eventsspb   Вся информация публикуется по принципу «as is».
arscom_event,channel,ARS COM,628,"Мы event-агентство ARS COM!   Пишем об опыте создания проектов, публикуем советы для ивенторов и еженедельные дайджесты.  Уверены, что МЫСЛЬ РЕШАЕТ!  www.arscom.ru  @birukovasss - для связи по всем вопросам ⚡️"
thedukeofjermuk,channel,На Ссаных Матрасах,23705,"Катись, куда хочешь, а не куда пошлют.  Путешествие, визы, лайфхаки 📲Визы/карты @matrasssi 📲Сотрудничество @minivar  Регистрация в РКН: https://clck.ru/3F2y6L #6CBQZ"
vandroukigeam,channel,"Vandrouki: Кавказ. Армения & Грузия & Азербайджан | Дешевые путешествия, визы, билеты",16911,"Мы публикуем дешёвые авиабилеты, рассказываем про визы для экспатов, подкидываем вам идеи для путешествия по Армении, Грузии и Азербайджану.   А вы путешествуете почти бесплатно.  Всё просто.  Реклама/сотрудничество: admin@vandrouki.ru @vandrouki_ad"
vandroukiturk,channel,"🇹🇷 Vandrouki: Турция | Дешевые путешествия, визы, билеты",12998,"Мы публикуем дешёвые авиабилеты, рассказываем про визы для экспатов, подкидываем идеи для путешествия по Турции и из Турции куда-нибудь подальше.  А вы путешествуете почти бесплатно.  Всё просто.  Реклама/сотрудничество: admin@vandrouki.ru @vandrouki_ad"
mfcvr,channel,"МБУ ""МФЦ"" м.р. Волжский Самарской области",275,Государственные и муниципальные услуги
min_cifra,channel,Мінцифри,117,Офіційний телеграм-канал Міністерства цифрової трансформації України. https://thedigital.gov.ua
kozminykh_vladislav,channel,ЛФИ. Козьминых Владислав,106,"🧪 Лаборатория системного образования Я — Владислав, студент МФТИ и практикующий преподаватель.  Всегда можно мне написать -> @Kozminykh_Vlad"
mfckotelniki,channel,МФЦ Котельники МО,39,"Предоставление государственных и муниципальных услуг Государственная организация Государственные и муниципальные услуги МФЦ Котельники МО 📨сайт: www.mfc-kotelnikigo.ru 📧e-mail: mfc-kotelnikigo@mosreg.ru ☎️тел.: 122 с территории МО, доб. 52213"
mfttflc,channel,League Champions | MFTTF,12,
mfsclub_bot,bot,MFS Club bot,,MFS Club chatbot who helps founders raise venture capital
educenterru_bot,bot,Чат со специалистом Института МФЦ,,В этом чате Вы можете задать свой вопрос или оставить пожелание специалисту центра
mffytp_bot,bot,МФФЮ - Обратная связь,,Это официальный бот МФФЮ. Для вопросов нам
alwaed_313,channel,الوعد الصادق Sincere promise,10461,الوعد الصادق | نهجُ مقاومة، صوتُ حقّ، وعيٌ لا يُهزم منبرُ الأحرار في زمن الانكسار  #المقاومة_فكر_وانتصار  #كنا_ومازلنا_مقاومة
aresistant313,channel,مقاوم resistant 313,247,قناة في خدمة اهل البيت عليهم السلام والمقاومة والحشد المقدس
divan13th,channel,Диван из палаты №13,27,"Мемы - ворую, пиво - пью, матом - ругаюсь, кинчик - смотрю."
bubbeesitcomamn,channel,Diraamaa Bubbee,28,
mokawem313,channel,حَرْفٌ مُقَاوِمٌ,9,تَزُولُ الْجِبَالُ وَلَا تَزُلْ 🇱🇧🇮🇷🇾🇪🇮🇶🇵🇸
pereplaner,channel,Перепланировка Казань 🏢 Узаконить перепланировку квартиры (жилых) и нежилых помещений под ключ 🔑,509,Согласуем или узаконим перепланировку  жилого и нежилого помещения в МКД или отдельно стоящем здании.  🔑 Узаконим перепланировку в Казани под ключ  «от проекта до Росреестра» Консультации и разбор Вашей перепланировки: @gizatullinildar
povorot_rv,channel,"Rea_Swivel ® с 2015 гг основной канал про поворотные механизмы для сидений. #поворотное , #swivel #поворотноесиденье",563,"Поворотные для передних сидений в Автодома на базе Fiat Ducato 290/250, MB Sprinter 906, MB Vito W638 W639 W447, VW T4/T5/T6, Ford Transit (New/G7), Citroen Spacetourer, Peugeot Traveller, Газель Next, СобольНН,  Iveco Daily.  И на другие."
gruppanaladki,channel,Группа Наладки,130,"Запускаем и настраиваем бетонные заводы и вибропрессы серии Рифей под ключ: шефмонтаж, пусконаладка, обучение, рецептуры.SLA: первичный ответ 1–2 часа в рабочее время, удалённая диагностика в день обращения, выезд инженера 48–72 часа."
reg_avto_v_gibdd,group,Регистрация переоборудования ТС в ГИБДД❗️СПб,20,🚙 Вам нужно внести или зарегистрировать изменения конструкции ТС?                       📋Профессионально подготовим полный комплект документов ❗ Доставим бесплатно в любую точку России ❗
peretyazhka_simferopol,channel,"ПЕРЕТЯЖКА МЕБЕЛИ СИМФЕРОПОЛЬ, ПЕРЕТЯЖКА ДИВАНА, РЕСТАВРАЦИЯ МЯГКОЙ МЕБЕЛИ, РЕМОНТ МЯГКОЙ МЕБЕЛИ НА ДОМУ ЦЕНА, МАСТЕРСКАЯ ТЕЛЕФОН",17,
uprdb_bot,bot,Управление Дорожной Безопасности,,Регистрация переоборудований в авто/мототранспорте в ГИБДД по всей России +7(930)330-23-52 vk.com/gboiv rgibdd.ru
skwortzow_jaroslaw,channel,ТС!!!,2035,Телеграмм Скворцова:  о времени и о себе…
radmircarsgtav,channel,R-CARS | GTA V,1288,Команда разработчиков ТС RADMIR GTA V
tisgroupspb,channel,TIS Group / ТИС Групп,150,Project logistics. Transportation of oversized and overweight cargoes all over the world. Проектная логистика по всему миру https://tis-spb.com/!
buy_sell_car_astrakhan,channel,АВТОРЫНОК АСТРАХАНЬ | ПРОДАТЬ КУПИТЬ АВТО,877,"Предлагайте свои автомобили через ""предложить новость"" Только Астрахань и область.  По поводу размещения рекламы пишите: https://vk.com/malenkich  Нас ищут так: авито астрахань купить авто +с пробегом, авторынок, авторынок астрахань, авторынок цены, купит"
abdullohcar,channel,Abdulloh_carr,361,
ladaradaprobeg,channel,LaDa рада Life,203,🟢Цены Авто Тамбов и не только❗ 😉По поводу подбора авто и других вопросов: ✅☎️WhatsApp: Wa.me/79108588570
marshall_autoparts,channel,MARSHALL,705,"MARSHALL — запчасти европейского качества для грузовых, легковых автомобилей и спецтехники. Присоединяйся к нам в соц. сетях https://taplink.cc/marshall.parts и следи за новостями!"
pragmatika_expert,channel,🚗 Прагматика Эксперт,182,Актуальный склад проверенных авто с пробегом.  Trade-in. Выкуп. Кредит. Страхование. Сервис. 📱8 800 333-86-71
gtk_importauto,channel,ГТК Авто | Параллельный импорт | Автосалон,681,"ГТК Авто – надежный поставщик по параллельному импорту легковых и грузовых автомобилей, оборудования и спецтехники из Европы, ОАЭ и Южной Кореи.   🌐 Наш сайт: http://gtk-auto.ru/?utm_source=telegram  📞 Наш номер телефона: +7(495)989-52-24"
shkm_uvdzd,channel,ШАГ К МАСТЕРСТВУ на ЮВДЖД,383,
nnvsh_rudn_ru,channel,Конкурс Наука начинается в школе 2026,189,
dslug34,channel,Детская студия ЛУГ,83,"Детская студия ЛУГ — это больше, чем образовательная студия.  Это точка входа в будущее. Мы создаём пространство, в котором дети свободно развиваются и вдохновлённо строят своё будущее — уверенно, осмысленно и с радостью."
satinnamangan,channel,SAT Mastery | by Ozodbek,179,EBRW  720   |   MATH 800 (2x)  📌SAT instructor at SAT Academy  📊200+ students ⛓️2+ years teaching SAT 🚀Helping students achieve 1500+    Contact details: @abduqodirov_o
genesis_academyy,channel,Genesis academy o' quv markazi,117,Bolalar uchun yosh muhandislik yõnalishi 👨‍🏫  Manzil: https://maps.app.goo.gl/Q75M88jsqixZxcQNA 1. Buxoro shahar Barkamol avlod!🗺 📞 +99897 305-52-57📞      🌐instagram.com/genesis_academy_buxara 🪵 lazer xizmati https://t.me/galaartlazer
usachevtech,channel,usachev63,35,aka shar
comfort_kitnew,channel,Перетяжка мебели Невинномысск,193,Изготовление и перетяжка мягкой мебели Невинномысск
pressmaster1grc,channel,Прессмастер. Ремонт промышленного оборудования,45,Ремонтируем оборудование по переработке лома.  Наш сайт   https://pressmaster1grc.ru/  Тел. +7 (495) 846-78-56 Почта: press-master@mail.ru
msairu,channel,Перепланировка Москва,40,🔖 Выкладываем реальные результаты выполненных работ; 📰 Обсуждаем нововведение по перепланировкам; 📑 Распоряжения и отказы Жилищной Инспекции.  👷🏻‍♂️ Собственный проектный отдел; 🔑 Согласование работ под ключ.  📩 Общение в чате: @Msai_helpTG_bot
autostandart_pro,group,АвтоСтандарт.про оформление изменений автотранспортных средств.,17,"Группа АвтоСтандарт.про создана для удобства получения актуальной информации по вопросам оформления и регистрации изменений, переоборудования, тюнинга автотранспортных средств в ГИБДД по Москве и Московской области. Всё в одном месте."
helpmewithmydsg7,channel,Детали и Комплексное Обслуживание ДСГ7 / DSG7 / DQ200 / DQ500 / DL501 / DL382 в Челябинске!,19,Твоя Роботизированная Коробка Переключения Передач ДСГ7 / DSG7 нуждается в Грамотном Обслуживании - тебе СЮДА!
autoprofi_auto,channel,Авто Профи,7743,"- Подбор НОВЫХ и Б/У автомобилей - Импорт авто из Южной Кореи, Китая и Кыргызстана  - Срочный ВЫКУП авто - Помощь в продаже - Помощь в ГИБДД  ✅ Группа в ВК - https://vk.ru/autoprofi_auto ✅ Запрещённая соц.сеть - autoprofi_auto  ☎️ +7 (996) 013-47-56"
kchr_gibdd,channel,Госавтоинспекция Карачаево-Черкесии,3189,🚔 Официальный канал Управления Госавтоинспекции МВД по КЧР 👮🏻‍♂️👮🏻‍♀️Актуальные новости о деятельности Госавтоинспекции  🧑🏻‍💻Официальный сайт https://гибдд.рф/r/09
skldn,channel,Sklad.N / #УкрТґ,3015,"Дитячий садочок, група ясла, відписався.  Постійний збір на пластик: https://send.monobank.ua/jar/8MpgrUDftN   Рекламу не продаю."
olgapachos_kids,channel,Olgapachos_aliexpress_kids,1781,Дитячий AliExpress
club_ulibka,channel,Дитячий клуб club-ulibka@com.ua,111,"Міні-сад, розвиваючі заняття, підготовка до школи, репетитори 1-7 кл, англійська, психолог, логопед-дефектолог, ритміка, лфк, масаж, реабілітолог, кінезіотейпування, корекційні заняття, нейрокорекція"
luckydropshipping,channel,Дропшиппинг Дитячий та підлітковий одяг👼🏻,574,Для замовлення писати  адміністраторам  (телеграмм и вайбер)  @Guzellik_Drop  @zozylik
saros_camp_dobro,channel,SAROS CAMP & DOBRO,392,Найкращий відпочинок для дітей в Болгарії 🏖️🏕️ Дитячий табір в КІТЕН!
clubarbuz,channel,Детский клуб Арбуз,206,"https://clubarbuz.ru   Развивающие занятия для детей от 1 до 16 лет.  Наш адрес: Москва, ул.Саратовская, дом 31. Наш телефон +7 (926) 3780726 What's up +79263780726"
lazurnyisad3,channel,"Детский сад ""Лазурный"" (Нахабино, Красногорск, Дедовск)",226,"Частный детский сад от 1,5 до 7 лет 🏠МО, Красногорск, Нефедьево, улица Лазурная дом 3 ☎️8(915)167-15-55, 8(498)715-72-44 📧dslinfo@yandex.ru"
spookycattg,channel,SpookyTeam,2277,Чат в телеграме: https://t.me/SpookyCatChat  YouTube: https://www.youtube.com/c/SpookyCatYT
cryptohohol_ua,channel,🇺🇦 Крипто Україна 🇺🇦,1161,Founder: @zaebigolova Чат:  https://t.me/cryptocurilka
ganandocripto_stven,channel,💎𝗦𝘁𝗲𝘃𝗲𝗻 𝗖𝗿𝘆𝗽𝘁𝗼. 𝗚𝗔𝗡𝗔💲💯,1515,🫂¡BIENVENID@S!👋  🔥RECIBIRÁS INFORMACIÓN DE PLATAFORMAS SIN/CON INVERSION. SORTEOS Y MÁS! DIVERISIFICANDO Y GANANDO.💫  🗣Grupo Charla NO Spam👇 https://t.me/PROYECTOS_LARGOPLAZO  📌PERFIL PERSONAL @Steven_R01
tokensfarm,channel,TokensFarm News,570,Discover The Best Farming Programs and increase your tokens yield with any of tokensfarm’s high performing LP and Staking Farms  Our farms - https://tokensfarm.com/ Discussions - https://t.me/tokensfarmdiscussions
stoker_it,channel,IT Stoker: From the Furnace to AI. ➡️ Кочегар в IT: из топки в ИИ,48,"Когда-то я подкидывал уголь в топку. Сейчас — запускаю проекты, пишу код, строю бизнес и ферму будущего."
besteconomia,channel,ВЫгоДА 🤑,473,🥳 Друзья! Специально для ВАС самые лучшие акции и предложения в этом ТГ канале:  https://t.me/BestEconomia  Подписывайтесь ✅ 🙌🏻  Только для Вас трудится Бот-Помощник: https://t.me/Besteconomia_bot  Автор/Сотрудничество/Реклама ✍🏻  @leljaboss
loxotron_099,channel,loxotron🪽,276,💥 Рисую своих деток и всякое разное  1 админ @Happy_dogggggg 2 админ @hehehahasss  Трейды - даа Колабы - даа Комишенны - конечно
e999bm_099,channel,جمال الروح❤️‍🩹,63,
x1mpawsarts,channel,ХИМПАВС🍅,2299,"XEF, ᶜᵃᵗʰᵃʳˢᶤˢ Художник,автор мерча факовое сердечко,глаза нпшек,самураи  Заказы https://t.me/x1mpawsarts/2185?single  Вк:https://vk.com/x1mpaws  Донат: https://t.me/x1mpawsarts/626"
s626a,channel,626.,941,Her light is like the sun ☀️ @Thegreenrbot
stsinsider,channel,СТС_инсайдер / STS_insider,1395,Чем живёт клуб джазовых танцев Summertime Swing  Менеджер: @summertime_swing Админ: +7 995 626-70-40  Запись на пробное занятие на сайте: https://summertimeswing.com
novikvartal,channel,ВСЕ ПРО НЕДВИЖИМОСТЬ | Центр недвижимости Казань,175,"👋🏻Привет, это Центр недвижимости  ""Новый Квартал"" в Казани!  Мы специализируемся на сделках купли,продажи и аренды жилья и выполнении профессионального ремонта.  https://new-kvartal16.tilda.ws/  :☎️+7 967 772-03-43  Viber/WhatsApp/Telegram"
etoba3a,channel,Это База,580,"Здесь нет теории — только прикладные решения для вашего бизнеса. Разбираем законы, налоги и кризисные ситуации на пальцах. Подписывайтесь, чтобы видеть только суть и действовать на опережение."
flamingotrend_2,channel,Flamingotrend_2.0,942,Брендовий одяг
infografika_diana,channel,Системный визуал | Диана Метелева,292,"Про визуал бренда и продажи. Дизайн, маркетинг и AI-решения для товаров, брендов, экспертов и e-commerce  ➡️обсудить проект > @diana_meteleva"
outletclothesss,channel,Outlet одяг взуття ЛУЧ,275,"Брендовий одяг , взуття , аксесуари , білизна.  Тільки оригінали .  Найкраща ціна в Україні 💛💙 Відправка кожен день НП."
rockwell_branding,channel,Rockwell branding agency,141,Брендинговое агентство
pkd_ceramica,channel,PKD Ceramic (сантехника),186,"Самая оперативная и актуальная информация о товарной программе, акциях и скидках https://opniipkd.by/  Мы всегда на связи: +375 (29) 150 02 79 Касабуцкий Артем +375 (29) 191-82-56 Хадасевич Юлия"
mebelautlet,channel,Мебельный аутлет,639,"Мебельный АУТЛЕТ - это 2000 кв.м комфорта и уюта по доступным ценам. Пространство, где собраны предметы интерьера со скидками до 80%! ‼️Постоянное обновление коллекции."
stokyesi,channel,CH || 𝐒𝐓𝐎𝐊 𝐘𝐄𝐒𝐈,3371,- stok yesi -  owner : @yesijb as [ yesi ] admin : @ admin : @zalljb16 as [ zall ]  proof : @testiyesi2 & @testirekberyesi  all trx no reff !
pro_stok,channel,PRO_STOK| Женская одежда 💃,1806,Регулярное обновления коллекций из Европы для женщин 35+ • Закрытые распродажи •Аукционы • VIP-обзоры от Виктории Маловечкиной.  Онлайн-каталог 2025-2026:  https://t.me/Catalog_Prostok  Напишите в чат 💬: @Pro_Stok01 подберем размер и образ!
stonksmarketgg,channel,$stonks - Official Portal,296,
ukrajinskahranauzagrebu,group,"💙💛 ""Ситий Козак"" Україна🤝Хорватія",1024,Традиційна українська їжа і не тільки  з доставкою в межах Загреба та по Хорватії. Також пропонуємо напівфабрикати власного виробництва та  продукцію з України. Ukrajinskedelicije
afastil,channel,AfA чокеры / колье / браслеты / серьги,117,Авторские украшения ручной работы из натуральных камней чокеры / колье / браслеты / серьги
busi_busikiiii,channel,Буси Бусики 💎🐚🫧,30,
locker_tachycardia,channel,Locker collection|||,20,
latuggginfo,channel,Latuggg украшения и ювелирная бижутерия Екатеринбург,18,Украшения ручной работы. Обзор новинок
reynar_brand,channel,REYNAR | украшения и аксессуары ручной работы,18,
sewasewastopol,channel,Сева Севастопольский,1801,
vitalya_hubb,channel,vitalya_hub,725,Сотрудничество/реклама: @vitalya_hub
frbmma48,channel,"АСЕ48 Липецк, Чаплыгин",508,Академия спортивных единоборств Рукопашный бой/ММА/Самооборона. Тренер Кузнецов Павел 📞 89513082506
samooborona_ru,channel,отзывы - САМООБОРОНА КАСТЕТЫ,290,Основной канал с товаром - https://t.me/samoob0rona_rus  Для заказа пишите: 👉🏻 @samooborona_tg
samooborona_kastet_otziv,channel,ОТЗЫВЫ - САМООБОРОНА КАСТЕТЫ,216,Основной канал  - https://t.me/samoob0rona_kastet  ЗАЗКАЗ⬇️ @arsen_samoborona
koronadro333,channel,КОРОНА,229,Жизнь между фронтом и тылом без пафоса! Руководитель https://t.me/angelifronta и https://t.me/orda_angela
samooboronavrn,channel,"Клуб самообороны ""Росомаха""",93,
cassetteheadofficial,channel,CASSETTEHEAD,1243,"Магазин в СПб/Промышленная 6  Продаем кассеты и книги, отправляем по всей РФ. Б/у и новые  Каталог docs.google.com/spreadsheets/d/1ekjzbjTLNnG1NA4FjvNaGUxfdSf3nIlKxa_tatkDnz4  Забронировать кассеты – написать коммент под постом или писать @greenartist_spb"
choknemsya_podcast,channel,Чокнемся,1030,Подкаст «Чокнемся» — ваш проводник в мир поп-культуры! Поднимайте свои бокалы и вы чокнетесь вместе с нами🍷  Наш подкаст: https://podcast.ru/1606753151   По вопросам сотрудничества / рекламы: @iwannabelms / wearefuzhe
akcellerat,channel,AKCELLERAT,1601,Донаты: https://tips.yandex.ru/guest/payment/3241754 Я.Музыка: https://music.yandex.ru/artist/23656522?utm_source=web&utm_medium=copy_link VK Music: https://vk.com/club229181337
kasseta_project,channel,Кассетное Вещание,149,Канал проекта для юных музыкантов  «Кассета» записаться: kassetaproject.ru
asmirnova_castt,channel,Asmirnova_cast,566,Кастинг Директор
numencast,channel,Кастинг-агентство NUMEN.CAST,567,"Актуальные кастинги в кино, рекламу, клипы.  Для профессиональных и непрофессиональных актёров.   Связаться с нами: @numencast_online  Официальный сайт: http://numenfilm.ru"
cassettekino2000,channel,Киноклуб,258,Рефлексия. Рефлексия. Рефлексия.   (Официально независимы и самостоятельны)
cosmons3,channel,«КАССЕТА №5»,264,"Однажды эти записи услышит каждый, Ведь звёзды просыпаются ночью, Помни об этом, путник отважный🌌"
castinghit,channel,Casting Hit,41,Кастинги
magistral_kuvalda,channel,Магистраль. Кувалда 🔨,6194,Повестка стальной магистрали по России и миру  Предложить новость - @magistral_kuvaldabot
russian_steel_onslaught,channel,Стальной натиск,1043,
ulichnayakuhnya,channel,Нержавеющая мебель,301,Производство изделий из нержавеющей стали на заказ по Вашим габаритам и конструкции нержавеющая-мебель.рф уличная-кухня.рф нержавеющая-столешница.рф Задать вопрос +7 911 700 80 07 @mebelner или +7 911 700 80 40 nermebel@gmail.com
tattoo_big_g,channel,Frastick_HE_Expert,713,"У меня есть большая мечта. Я хочу не просто вернуть форму, а снова крутить сальто в каждом свободном городе нашей страны. Лисичанск, Харьков, Киев, Одесса — это только начало. Сейчас я начинаю с 70 кг в своей комнате, но цель — стальной характер и новые г"
djalchemist,channel,Dj Алхимик — стальной калека,436,вся инфа в закрепе  админ НЕ УШЛА
steelcharacteromsk,channel,Стальной Характер | Омск,243,
olgaliverovathesteellady,channel,Ольга Павловнина (Ливерова) Хроники стальной леди 👠🦿💃,247,Жизнь на протезе. Новые возможности .
bleteid_animation,channel,Блетейд и Кастеты,545,"всем привет! это тгк Блетейда, аниматора–художника и тд второй админ – Каст  эмодзи для различия чей пост:  🌑Блетейд https://youtube.com/@bleteid tiktok.com/@bleteid  🌱Каст  тгк @KastelFlower  тгк моего мульта Карична и Бетт https://t.me/Karichna_i_Bett"
tapespassion,channel,Кассетный киоск,234,Новые кассеты и диски с доставкой.  В наличии и под заказ с любых мировых ресурсов:  hhv / juno / decks / deejay / discogs / boomkat / redeyerecords / hard wax / bandcamp
pyatistenok,channel,Пятистенок,191,Продам недорого кассетный магнитофон город Санкт-Петербург  Вконтач — https://vk.com/fivewall Где купить — avito.ru/brands/bd216f5aa0b861a831027368671b4e0d  Дискогс: https://www.discogs.com/ru/label/4047002-%D0%9F%D1%8F%D1%82%D0%B  Админит @moti4_torgovec
castlonelove,channel,кастлесс !! 🚀,41,"всем привет!! мы новая команда кастлесс!! будем рады с вами познакомится,скоро мы представим наших участниц!! #вашиcastless ʕ⁠´⁠•⁠ ⁠ᴥ⁠•̥⁠`⁠ʔ"
rpssparty,channel,☆ РПСС,339,Официальный канал «Российской партии Свободы и Справедливости»
shashkiykt,channel,Федерация шашек РС(Я),722,Новости о шашках в РС(Я)
retrocam,channel,Ретро фото,7924,Редкие кадры ушедшей эпохи. Эксклюзивные фото и моменты истории 📷   Сотрудничество: @evabyte
reinkarnaciolog,channel,Реинкарнациолог® Марис Дрешманис,2163,"Канал реинкарнациолога Мáриса Дре́шманиса @MarisDreshmanis — авторская методика, как вспомнить более 100 прошлых жизней. Обучение профессии реинкарнациолог."
retrochanell90,channel,"Назад в 90-е, 2000-е",492,"Привет, друзья! Этот канал — машина времени в лихие, яркие, незабываемые 90‑е, 2000-е. Здесь мы вместе вспомним, как это было."
kasayasglubinivekov,channel,Касаясь Прошлого,238,"О красоте, искусстве, прошлом и настоящем.  Интересные истории, красивые места -  наполнение себя."
rfntelega,channel,Russianfootballnostalgia,621,"Канал о русском футболе прошлых лет. Фото, факты, истории 📷📸⚽🏅🏅"
saratovvis,channel,Саратов вчера и сегодня,75,
veix_fm,channel,VEIX FM.,563,
vvrawww,channel,ᴠᴀʀɪ.xxᴢᴢ🫶🏻,328,лс: @varrenixx вк: vk.com/varry_aa инста: https://www.instagram.com/vari.xx3?igsh=aHN1aWcydTV3MHpz&utm_source=qr тт: tiktok.com/@varmilv_ блинк: blinkmap.com/@varya5706
veilcom,group,VEIL OFFICIAL,339,"Privacy, Enforced.  http://veillabs.org"
greenmushrooms,channel,Crybaby,498,Pl https://t.me/+6vdQVLGRxhMxYzJk Bot http://t.me/HidenChat_Bot?start=7482767423 ...
smol1xxx,channel,cars.smol,669,интересные автомобили смоленска📸  только авторский контент  возможна съемка вашего авто  по рекламе/вопросам @usss209
lfz52021,channel,Loot Offers Zone,125,Join India's Fastest Loot deals Broadcasting Channel In India Enjoy Saving  You Will Get Online Shopping Loot Deals & Offers In This Channel  Money Saved Is Money Made | Happy Shopping🙏  Our Admin {Any Feedback and Queries} Contact :  @LootOfffersZoneAli
lootalertofficial,channel,LootAlertOfficial,140,
salonlts,channel,Салон красоты «Лотос»,77,"https://t.me/salonlts Лотос - это команда специалистов, готовых не только оказать квалифицированную услугу, но и тактично окружить вас заботой и комфортом🌸"
art_avari333,channel,⋆𖦹АʙᥲρᥙяВТᥱ᧘ᥱᴦρᥲⲙ𖦹⋆,71,𖦹Советую пристегнуть ремень безопасности...(он вас не спасет)             .𖥔 ݁ ˖        °                .      .              ⋆.˚✩                         . ݁           ✶                      ִ☾.⊹             ° ✰Навигация: https://t.me/art_avari333/681
tuibekmopsik,channel,𝙏𝙪𝙗𝙞𝙚𝙣𝙠𝙤𝙤🐾,55,"життя солодкого бублика🍨 лайфи,лоти та не тільки😉 підписуйтесь з нами цікаво! по питанням @tubiennkooo"
norazlyfox,channel,🦊Нора ZlyFox,55,"🧡Вітаю у моєму тгк! Тут мій арт-простір 🌾  арти, комішки, етапчики адопти • лоти • лови інколи щп~                                          Ловим вайб ;3   🦊✨🍂"
lotosmore,channel,Гостевой Дом «Лотос»,18,"Уютный гостевой дом рядом с морем. Отличное место для того, чтобы провести выходные или отпуск рядом с морем🌅"
lia_votsenko,channel,Lia Votsenko,1823,
liliohelia,channel,سایه ماه,2849,"مکان من Уважаемый , у нас нет сексуального содержания и тд Мы полностью соблюдали правила телеграма Есть те кто не хочет чтобы мы прогрессировали и ревниво"
gledos_microblogging,channel,gledos Lia green 的微型博客,6519,关于一场误解的事后简报 https://t.me/gledos_science_rebirth/17241  关于踢走一位 Telegram 用户的事后简报 https://t.me/gledos_science_rebirth/17200  游戏文化浓度也许很高的微型博客，还有审查观察和浅显的科普杂谈。  如要评论，需先加入 @gledos_science_rebirth 群组，直接在评论里点击加入，可能是看不到验证码的。
live_sicilia,channel,LiveSicilia,3969,"Il canale ufficiale del quotidiano LiveSicilia: notizie e storie dall'Isola, sempre in tasca. ▶️ https://LiveSicilia.it"
berry_lia,channel,berry Lia,83,Hadi's gallery @berryl_bot again 1.5K?
u1lisa,channel,‌ㅤ‌‌ ‌ 𝖫𝖨︎𝖲︎𝖠︎,569,‌             + 1.11 PR ( 𝖫𝖨︎𝖲︎𝖠︎ + 𝖱︎𝖮︎𝖢𝖪𝖲︎𝖳︎𝖠︎𝖱︎ )            THE QUEEN # 𝖶︎𝖮︎𝖶︎  $$ 𝖫𝖨︎𝖲︎𝖠︎ GI-RL .
lia_kareva1,channel,карева наблюдает,265,иду к своему первому путешествию и транслирую жизнь вне сценария!🗺️🫶🏻  ig: karevaa_ vk: наталия мешкова  threads: lk1111000   🎬 выход на ютуб soon)  Лия Карева - псевдоним
liannashe,channel,LIA SHE,1623,heroin chic
olesdoniy,channel,Олесь Доній,338,Формую новий світогляд
fly_with_me_yogastudio,channel,«Летай со мной» студия воздушной йоги и растяжки,201,🤍Место силы воздушных йогинь с 2018 🤍Комфортные группы от 2-6 человек  🤍Лучшие практики в гамаках и на ковриках  для записи на практики: t.me/flywithmeyoga
your_beautyform,channel,БьютиФорм,154,☎️ 8(925)974-74-38 до –13 см за курс🔥 ♥️ Нашу сеть рекомендуют💃 • LPG/Прессотерапия • Лазерная эпиляция • КАВИТАЦИЯ/RF-лифтинг • SPA  💌 Записывайтесь через WhatsApp: wa.me/message/DIZDG5XCVHCNM1  ✈️ Запись через Telegram: @BeautyForm_Admin
danceteamvl,channel,KAIDO,135,"Привет, мы танцевальный проект KAIDO🪭  Мы не просто танцуем - мы создаем истории телом, дышим современным танцем и горим своим делом✨  📍г. Владивосток  FORMA DANCE STUDIO  тт: www.tiktok.com/@_kaido_56 Inst: https://www.instagram.com/kaido_dance_vl?igsh=M"
formatdsgn,channel,Формат,11,Дизайн-бюро «Формат»  По заказу —  @Diem_designer
riichi_nvrsk,channel,Риичи-маджонг Новороссийск,40,🀄️ Клуб японского маджонга в Новороссийске. Собираемся каждый четверг в 19:00 в Центральной городской библиотеке 🀄️
fortis_m_23,channel,Фортис-М,26,"Привет! Мы - «Фортис-М». Вот уже 20 лет мы занимаемся корпусной мебелью и уютом в вашем доме🏠 И делаем это ответственно и с любовью❤️ На нашем канале мы будем показывать Вам новинки, наши решения для дома, уникальные работы!  Ждём вас и хотим подружиться🤝"
tysovkaprostoclass,channel,ВПИСКА 2К17 | НЕФОРМАТ,12,тгк с подробной информацией.  💌 @manchessster вк: https://vk.ru/axyenezis
dvizh_formazia,channel,Формула движения,7,"ФОРМУЛА ДВИЖЕНИЯ - основатель проекта Татьяна Книппер - исследователь, танцовщица, перформер и организатор танцевальных событий.  ФОРМУЛА ДВИЖЕНИЯ - это творческая лаборатория современного танца"
powerofform,channel,🏆Сила формы / Power of Form🥇,9,Эстетика тела. Форма. Движение. Фитнес-вдохновение без пошлости.
city53zakupki,channel,"Сити53|Скоро СТОП, собрано >70%",12,Автопостинг всех закупок Сити53 при наборе минималки >70%. В стадии дозаказ!
skupkastock,channel,СКУПКА ТОВАРОВ,5,Предлагайте ваш товар по форме:   - фото товара  - количество  - ваша цена  По всем вопросам @manager_kotofey
lesssska,channel,леся о(б)суждает,242,
levitskaiagovorit,channel,"Тихо, Левицкая говорит",110,Говорит про жизнь с Ним  Говорит про сердце и его глубины  Говорит про жизнь в свободе Говорит искренне ❤️
lizaveta_koltovaya,channel,Лиса every day. 🤍,108,"Лизавета,но все называют Лисой.  Inst: elizaveta_koltovaya"
lady_lyagushka,channel,Лягусщка косп,116,Чёт делаю  JoJo & One Piece 🩷💋 16+ • ВК: https://vk.com/lady.lyagushka TT: https://www.tiktok.com/@lady.lyagushka Инст: https://www.instagram.com/lady.lyagushka?igsh=MTBuMzc5bjdtY2Z4cw==
byourway,channel,ЗАМУЖ за иностранца 💞 Виктория Спааргарен,1109,🔝Канал @Victoria_Spaargaren : 5 шагов к браку для взрослых и про жизнь после  🔝Помогу выйти замуж за европейца по любви 👇👇👇 https://disk.yandex.ru/i/fXS-XrQrViVALg
skyrihin_psychology,channel,Скурихин | Психология Личности и Семьи,1305,Тут можно  1) привести себя в порядок 2) научиться создавать счастливые отношения 3) получить антикризисные решения и сохранить семью  Написать автору канала напрямую: @skyrihin_alexey
elena_yakuba_urist,channel,Елена Якуба | АДВОКАТ,302,"👩🏻‍💻эксперт в сфере семейного, жилищного, гражданского права, автоюрист 📝решаю юридические вопросы любой сложности   🔝 советы адвоката  🔝 ответы на ваши вопросы  🔝 кейсы 🔝 консультации  ✅ запись на консультацию @yakuba_elena"
familyconsultantsamat,channel,Семейная психология,476,Про отношения и семейные ценности Личка: @familyconsultant Курс подготовки к браку: http://familyconsultant.ru/license Супружеский курс: http://familyconsultant.ru/semya
osj_info,channel,ОСЖ ИНФО,389,Одухотворение Семейной Жизни — проект учеников и доброжелателей Е.М. Патита Паваны даса.  Контакты секретаря: Шьямананда Даршан дас телефон:  +7 (920) 871-44-11 телеграм: https://t.me/i_polunin email: sem.komitet@gmail.com
rimma_borisenko,channel,Римма Борисенко,195,"Адвокат▪️Развод, раздел имущества. Алименты. Наследство ▪️Юрист для бизнеса 📝Мне доверяют решение семейных вопросов и сопровождение бизнеса. 📝Отстаиваю ваши интересы, как свои. Запись на консультацию -  @rimmaborisenko"
pravovoycentre,channel,Семейный Правовой Центр,49,Восстановим отношения через развод  Комплекс услуг: ✅ Юридическая поддержка ✅ Психологическая поддержка  ✅ Коучинг по восстановлению отношений  ✅ Медиация  ✅ Пакетные предложения
allburudj,channel,tawhid al ansar,34,"то, что останется после меня."
wkrugudrusei,channel,Соединяя Сердца.(В Кругу Друзей),115,
alsu_khusaenova,channel,Алсу Хусаенова | Психолог,123,"🕊️ Знаю слова, которые исцеляют ❤️ Полна любви и вдохновения  🫧 Бережное и уважительное отношение к терапевтической работе ✨ Помогаю узнать и создать себя 👩🏼‍🎓 ВШЭ  🌐Сайт: https://alsukhusaenova.com 📮Для сообщений: @veryveryme"
n_h2_2,channel,قوارير!,80,قال رسول الله ﷺ: ( رفقًا بالقوارير!  ) 🫧 🔍 لـ قوارير
khaybulin,channel,Юрист Егор Валерьевич | Юридическое Бюро «Привилегия»,56,Хайбулин Егор Валерьевич @grata_person
zauadjkz,channel,Счастье,47,"Время фитн, искушений и прелюбодеяния.  Этот канал о том, что Аллах сделал защитой для верующего — о браке. О женитьбе, правах супругов, многожёнстве, целомудрии, семейной жизни и ошибках, которые разрушают семьи.  Связь: Основной: @myslycairo"
mom_are_you_there,channel,"МАМ, ТЫ ТАМ?",404,"Добро пожаловать в телеграм-канал, посвященный детям!  Здесь вы найдёте:  -обзоры товаров для детей;  -игры и развивающие занятия;  -рецепты для малышей;  -места для досуга; -информацию о развитии детей.  Автор канала: @Angela_Ilatovskaya"
meysammeyke_upbroadcast,channel,پخش لوازم ارایشی میثم(جلفا),142,واردات و توزیع ویپ و پاد یکبارمصرف برندهای معتبر اروپایی و ترکیه ای بصورت عمده  @MEYSAM5676:ارتباط جهت سفارش گذاری  ارتباط تلفنی جهت پیگیری سفارش:09194635676 محمدی
nbckala,channel,فروشگاه اینترنتی ان‌بی‌سی‌کالا - nbckala.com,58,🛍 فروشگاه اینترنتی ان‌بی‌سی‌کالا   ⭐️ ️بالاترین کیفت 💰 کمترین قیمت ✈️ ️سریعترین ارسال  📱تلگرام 👈 @nbc_manager 📱اینستاگرام 👈 https://www.instagram.com/nbc.kala 📱واتساپ 👈 09303070331 💻 سایت 👈 nbckala.com ☎️ تلفن 👈 02144968773 📲 پیامک 👈 1000600
nl_store_mee,group,🤍𝐍𝐋_𝐒𝐭𝐨𝐫𝐞🤍,7,Согликни саклаш вазирлиги сертификатига эга махсулотлар ёрдамида👇🏻 1_☝️Сoглом озиш     ✅  2_☝️Соглом семириш✅  3_☝️Юз парвариши  ✅ 3_☝️Чукур тозалаш Юз ва оргинла✅ 4_☝️Соч тукилиши✅  Тошкент ва вилоятларга дастафка бор
kak_bi_stilist,channel,СТИЛЬ by Татарникова,125,"Надежда Татарникова - стилист для женщин. Формирую гардероб по принципу min вещей - max образов.   Прежде чем идти за покупками, посмотрите это видео https://t.me/kak_bi_stilist/321  Кейсы и отзывы: https://t.me/Nadi_cases  Надя, есть вопрос? @Nadi_tati"
bangtantherapyir,channel,Bangtan Therapy,1694,"Hi this is bangtan therapy For BTS quotes , songs and analysis  ╰ 🗯 : @bthanonbot ?"
bangtanbuzz,channel,𖹭 𝖻𝖺𝗇𝗀𝗍𝖺𝗇 𝖻𝗎𝗓𝗓 𖹭,3565,౨ৎ‌‌  Check here: @btsbuzzrchives ‌౨ৎ‌‌ •Update ✩ @Buzzanon ° @Vminlove9595
official_btob_tg,channel,𝐁𝐓𝐎𝐁 • 𝐁𝐎𝐑𝐍 𝐓𝐎 𝐁𝐄𝐀𝐓 • 비투비,788,"Born to beat - Рождённые для ритма Yejiapsa - ""Я люблю вас в прошлом, настоящем и будущем""  По всем вопросам обращайтесь:  @official_btob_bot"
euphoria_2013_bangtan,channel,♫•🪭 𝐞𝐮𝐩𝐡𝐨𝐫𝐢𝐚 • 𝐛𝐚𝐧𝐠𝐭𝐚𝐧 🪭•♬,1022,⟭⟬E ARE B⟬⟭CK
bangtanarmytan,channel,Bts fanart💜and edits💜,350,Army's u r welcomed here 💜💜 You can find bts chibi and also best fanarts  Also bts video edits
bangtanshitforlife,channel,"ddaeng, army",440,"место силы боработов и качественной поддержки бантан сонёндан ❗️маты, шутки, мнения❗️  анон: https://t.me/lastiksterka_bot тт: @/ddaengarmy"
buggattu,channel,Felix Bugatti 🔒,617,4th gen It boy t.me/FelixBugatti #stay @buggattibugti_bot
belki_uglevody,channel,"TANTUNI by ""белки и углеводы""",69,
bulkalols,channel,булкины преколы,511,"пишу про xdinary heroes, спонсирую их, а также поставляю их картон и мерч в россию https://vk.com/bulkin_set"
vegansaturn,channel,vegansaturn! // броукен ноус,113,email: vegansaturn@tutamail.com  броукен ноус - творческое объединение независимых музыкантов  https://www.instagram.com/vegan_saturn?igsh=aXJia3BkOHFsOGoz
bullkinz_channel,channel,ʙᴜʟʟᴋɪɴᴢ|ᴄʜᴀɴɴᴇʟ,87,хз просто эдитор
shugaring_chat_ru,group,Мастера Шугаринга Чат | Депиляция | Эпиляция,14311,"💬 Здесь мы общаемся, делимся опытом, обсуждаем проблемы..  😍 Клуб Мастеров Шугаринга | Депиляции | Эпиляции  ✍️ Сотрудничество | реклама @alexfoxadm"
krav_epil,channel,"Рыжий Мастер (депиляция, электроэпиляция)",83,ЖК ПАРАДНЫЙ АНСАМБЛЬ  Восковая депиляция Шугаринг Электроэпиляция Для записи: @krav_design
dnk_factory_uln,channel,ДНК ФАКТОРИ УЛЬЯНОВСК,478,"Косметология БЕЗ ИГЛЫ Эстетическая трихология  Нежная депиляция СПА для головы и волос💆‍♀️ ул. Гончарова 5⭐️ 89603722582, скидка 20% на первый сеанс шугаринга😇"
depilation_gorlovka,channel,Депиляция | Горловка,278,"Я Анастасия Воробьева и мы с моей командой,сделаем твое тело идеально гладким. Мы умеем работать быстро и не забываем о качестве. У нас очень уютно и атмосферно,а ещё,в конце процедуры,делаем чай или кофе с собой,с конфетами.   🤍МЫ ЖДЁМ ИМЕННО ТЕБЯ🤍"
girlsdontcryepil,channel,GIRLS DON’T CRY,892,"Студия лазерной эпиляции и массажа, доступная каждой.   Цена на любой комплекс при первом посещении: диод - 3500₽, дека - 6000₽, массаж - 3200₽  Написать админу: https://t.me/girlsdontcry_epil  Мы в инстаграме: @girlsdontcry.epil Онлайн-запись: https://n1"
angel_depi_kem,channel,Ангелина|Депиляция|Кемерово,69,
electroepilationpiter,channel,Электроэпиляция Лазерная эпиляция Депиляция Вибромассаж Ламинирование ресниц СПб,149,"Удаляем волосы НАВСЕГДА💯 Пробный сеанс электроэпиляции 690₽ 💳 (30 минут)  Обучение на мастера электроэпиляции   Ⓜ️ Лесная, Кушелевская дорога 6к1  Запись👇🏻 @nespaepilspb Онлайн запись"
goldiris22,channel,ВОСКОВАЯ ДЕПИЛЯЦИЯ/ МАССАЖ ЛИЦА/ БАРНАУЛ,57,"Студия депиляции и массажа лица Алёны Сметанниковой. Г. Барнаул, ул. Сиреневая 22, парикмахерская ""Barbaris"". Группа ВК https://vk.com/goldiris Для записи писать л/с @Alyona18811 Онлайн запись https://dikidi.net/2020378"
epil_udachniy,channel,Шугаринг и восковая депиляция г. Удачный,247,"УСТАЛА БРИТЬСЯ⁉️ТЕБЕ СЮДА⤵️ Онлайн запись 24/7  https://mst.link/depil_udachniy 🏆Шугарю 10 лет 🥰У меня не так больно,как ты думаешь ⏱️Бикини 20 минут 🤑Скидки на комплексы Пиши⬇️ +79185213122"
silkzone_71,channel,Студия депиляции SilkZone,114,
natali_depil88,channel,Наталья Депиляция Подстепки,14,"Я, Наталья, мастер с ""лёгкой рукой"". Помогаю вам забыть о страхе перед депиляцией.  В канале - примеры работ, полезные советы по уходу и акции👩🏼‍🦰"
verbena_kursk,channel,Verbena | Косметология,172,"🌿13 лет опыта, нам доверяют, нас рекомендуют  🌿 Смас-лифтинг Альтера (Ulthera) 🌿 Микроигольчатый RF Vivace  🌿 Александритовая эпиляция Deka Moveo 🌿 Лазерная шлифовка/омоложение Almalasers  🌿 Коррекция фигуры Starvac   www.verbena-center.ru"
wax_depilation_w,channel,🌹 Депиляция Воск 🌹,28,Депиляция воском/Наб.Челны. Гладкая кожа. По вопросам и записи на процедуру пишите : @RoZe_Roze_R
katerinaepil,channel,Катерина Барбакова|ДЕПИЛЯЦИЯ| ЭЛЕКТРОЭПИЛЯЦИЯ|ПАРК ПОБЕДЫ СПБ,125,Мастер депиляции с 7-летним стажем. Дипломированный косметик-эстетист и мастер электроэпиляции Пост-знакомство: https://t.me/katerinaepil/18 Связь со мной @ebarbakova Записаться онлайн https://dikidi.net/1507526
annenkova_sugaring_vlg,channel,lazer_me_vlg,128,🩶Лазерная эпиляция  🩶Восковая депиляция 🩶Обучение «Воск с 0» 🩶Работаю с 🤰 и подростками  🩶Имею мед.образование  🩶Принимаю в Центральном районе г.Волгограда
kazan_massage_at_home,channel,🏩 Массаж на дому 🌇 Казань,16,🔹 Массаж  🔹 Депиляция мужская и женская  ✍️ Принимаю на дому по предварительной записи:  ☎️ +7-960-089-03-87
aleksaafoninalife,channel,Александра Афонина Массаж |Депиляция |Брови|Ресницы,319,Александра Афонина | лицо и тело без уколов Массаж • депиляция • эстетика Основатель студии «АХ»Санкт-Петербург и женского  сообщества «Быть собой»   Запись ⬇️ https://mst.link/studiya_ah 💌 @aleksaafonina_beauty
kosmo_studio,channel,Депиляция | Шугаринг | Новосибирск / Красноярск,41,"Космо 🔝 Студия депиляции  5⭐️ по мнению Яндекса и 2ГИС 📍Новосибирск Фрунзе, 226/1 📍Красноярск  Батурина 5Г   Онлайн запись 📆 https://kosmostudio.ru/  Instagram : https://instagram.com/kosmotany Vk :  https://vk.com/kosmotanya"
rukamispb,channel,Депиляция & Электроэпиляция | СПб | Лесная 🍯,95,"✨Канал студии доступной ДЕПИЛЯЦИИ и ЭЛЕКТРОЭПИЛЯЦИИ у м. Лесная  В канале публикуем акции, скидки, горящие окошки  Студия Rukami м. Лесная, пр. Маршала Блюхера д.7, к.3  Вся информация о записи и услугах в закрепе  По всем вопросам @rukamipiter"
troitsksilkepil,channel,Лазерная Эпиляция Новая Москва |Троицк | Коммунарка| Поселение Первомайское,314,"⚜️Эксперты по лазерной эпиляции,косметологии и коррекции фигуры в Троицке, Первомайское и Коммунарке  🔗ЗАПИСАТЬСЯ  ТРОИЦК http://arn.su/ITt   ПЕРВОМАЙСКОЕ и КОММУНАРКА https://wa.me/79014231532  Контакты: +7 (901) 423-15-32 ТГ: @vera_agrali"
anibodyram,channel,Мастерская тела Анны Кужель,593,"Удаляем волосы любым способ ☝🏼 И делаем всё, что связано с косметологией 😍  - лазерная эпиляция - депиляция (сахар/воск) - электроэпиляция - косметология (от ухода до инъекций)  📍г. Раменское, ул. Северное ш., 10 📱+79104655245"
voskovayaanna,channel,Восковая депиляция Белгород,21,"Здравствуйте, дорогие друзья! 👋 Я — мастер восковой депиляции для женщин и мужчин. Гарантирую вам: Профессиональное выполнение работы 🔬 Чистоту и стерильность 🧼 Индивидуальный подход к каждому клиенту 👥🧑‍🤝‍🧑 Гладкую и нежную кожу ✨"
lcosmo_cosmetology,channel,L’COSMO🖤,293,"КОСМЕТОЛОГИЯ и  ЭСТЕТИЧЕСКАЯ КОРРЕКЦИЯ  🖤Москва, Таганский р-н ⚜️Бол. Дровяной пер. д.9 ⚜️Чат WA +7 926 627 93 34 ⚜️On-line ⚜️Яндекс Карты"
forum_cyprus,group,🇨🇾 Кипр чат,9199,Кипр чат форум  • Чаты по 150+ странам МИРА: @tele_360chat • Анонсы новых групп: @slavianskiy_forum  - Реклама: @PR_3600 - Как снять БАН: @unlock_360 - Техподдержка / АДМИНЫ: @FAQ360  ПРАВИЛА ЧАТА + проверенные люди: telegra.ph/360-10-05
cyprusfriend,group,КИПР ДРУЗЬЯ | Cyprus Friends,1712,Friends⚡ - самое большое сообщество друзей в мире. Нас уже больше 160 000 человек.  Подробнее на  https://friends.energy  👨🏻‍💻админ @friends_us
cypruswheels,group,🇺🇦 Помощь транспорт Кипр,895,"💙💛 чат для помощи украинцам с трансфером по Кипру.  если вам нужен трансфер, напишите в сообщении:  ▫️даты и время; ▫️откуда и куда вас нужно отвезти; ▫️сколько человек, есть ли вещи, животные.  Полезная информация: https://t.me/CyprusWheels/657"
kangaroo97,channel,KANGAROO Travel agent,207,
cyprustours,group,🏝 Кипр Чатик,128,"Чат о жизни на Кипре. Уважайте друг друга и не сильно используйте бранные слова, пожалуйста."
cyprusmedicine,group,Северный Кипр,441,"Чат про Северный Кипр 🇨🇾 (ТРСК, North Cyprus). Северный Кипр: жизнь, переезд, ВНЖ, работа, недвижимость (покупка и аренда). Цены и быт на Северном Кипре, интернет, отзывы и советы. Отдых в ТРСК: пляжи, отели, достопримечательности."
cyprusfamily,group,"Недвижимость Северный Кипр 🇨🇾: подбор, продажа, аренда",322,✅ Ликвидная недвижимость без посредников ✅ Все о Северном Кипре ✅ Forbes - Северный Кипр #1 для инвестиций и жизни  Для связи @CyprusIvan
cyprusdonors,group,Донорство крови на Кипре,249,
posolstvocyprushelp,channel,Кипр Виза 🇨🇾 ( без предоплат) очередь,161,✅Помощь с ДОКУМЕНТАМИ ✅Помощь с преодолением ОЧЕРЕДИ  ✅Бронь ОТЕЛЕЙ и АВИАБИЛЕТОВ ✅Помощь с оплатой за КОНСУЛЬСКИЙ СБОР  Оплата после выполнения работы  Писать: @OcheredCyprus
gidnakipre1,channel,🇨🇾 ЭКСКУРСИИ ПО КИПРУ,36,🌴 Лучшие индивидуальные и групповые экскурсии на Кипре🌞  Экскурсии по Кипру  tours-cyprus.com  @gid_na_kipre1
vkorobe,channel,v_korobe,130,"о выгодных путешествиях и вкусных местах за границей   честное пространство для мыслей и наблюдений  location:  Da Nang, Vietnam 🇻🇳   #vkorobe  📱Связь: @iam_korob"
sunrockresidences,channel,Sunrock Residences,117,"Sunrock Residences от международного застройщика Blue Reef — ваш дом с видом на Средиземное море в живописном районе Гермасойя, Лимасол. Живите в гармонии с природой, не отказываясь от комфорта.  Подробнее о нас: https://taplink.cc/sunrock_residence"
cyprusinrussia,channel,Кипр в России,133,Официальный канал посольства Республики Кипр в России
multivisabg,group,"КИПР: визы, подача, запись, консультирование",29,"Помощь в оформлении кипрской визы, подача без очереди, консультирование. Для возможности писать в группе напишите в личку админу @etogusev"
chiptravelhotspb,channel,Chip Travel Hot SPB,121,Подборка самых горящих туров от Chip Travel с вылетом из Санкт-Петербурга!   Лучшие цены: в режиме реального времени следим за всеми предложениями с лучшим соотношением цена / качество.
north_cyprus_realty_chat,group,Северный кипр. Актуальная недвижимость.,17,Группа для актуальных предложений недвижимости на северном Кипре.  Консультация - @eprudnikov
boo13hoo,channel,boohoo,127,
choikeehooi,channel,[РЕСТ] chøi keēho | oĩ,26,чхве кихо - соло артистка под прототипом бомгю ( тхт ) (в группы не вступаю)  архив : https://t.me/archvekeeho
school_sekta,channel,[РЕМОНТ] ⎁ 𝕱ℴ𝗋ֺℊℴ𝐭𝐭ℯֺ𝗇 𝕾ִֺ𝖼𝗁ℴℴ𝐥ִ 𝄷𑇓,83,[зш/fs] Владелец — @k7_zz
b4ngh0_st,channel,Bangho St.,111,nastya's & ami's gallery 🤍 @bnggcN_bot (n) @BanghoAmi_bot (a)
umi_boo,channel,Жизнь чудища Umi,36,Просто активно-ленивоя попа
favoritesekond,channel,❤️ЛЮБИМЫЙ❤️Европейский Сток & Секонд,85,"Европейский Сток & Секонд . Одежда для всей семьи 👨‍👩‍👦 ❤️Известные бренды ( Mango ,Boohoo, Primark, C&A ,H&M и др  👠Демократичные цены  👞Высокое качество  💼Доставка по России+Авито доставка(безопасно) 🛍️Шоу рум в Путилково  ✍️Заказ 👉https://t.me/FainkaOb"
booooo_ru,channel,Booooo,5,"Футболки премиального качества, базовые и оверсайз"
booua,channel,Я Є - BOO!ua,36,"Канал для техногіків, любителів шари і маркетплейсу boo.ua! 👻 ✓ Такі собі приколи 🤣 ✓ Розіграші подарунків 🎁 ✓ Реально шарові товари 🎈 ✓ Актуальні гаджети 🎮 ✓ Новини з boo.ua 📈"
strim_boo,channel,Акула Шакуми |VTuber 18±,13,Для связи: не связывайте меня...
topavto138,channel,Топавто138,2187,"Покупаем, продаём авто ну и живем 💪 Выкупаем любые авто.  89140073744"
zlittlethings,channel,little things,67,faqat fikrlar @qaydlarz
enpreloved,channel,˚₊‧꒰ა 𝒿’𝓈 𝓅𝓇𝑒𝓁𝑜𝓋𝑒𝒹 ໒꒱ ‧₊˚,238,♡ selling preloved items ♡
bellevaeth,channel,"(E. 20, 48)｜BELLE-VAETH, 战争",209,"简单的  ｜ 成功                         @BELLEVAETH.  ──宝藏. @BellevaethProof  (&.)  @BellevaethBot          Black Coffee, Black Plates, Sturdy       Black Table. They All Have Their Own       Deeper Meaning. Log.  “Epilog” ──II."
princesslightning,channel,princess lightning 𐙚⋆°🦢.⋆ᥫ᭡,145,cheap and affordable curated vintage clothing~ ◡̈
smalllhorseeyes,channel,smalllhorse eyes,52,
littlebabygremlin,channel,Little Baby Gremlin,47,Здесь будет хлам моей души  ^_^
justlittlethingss,channel,just little things,72,just a bio
instkate,channel,Дневник K 🧚🏻‍♀️ мотивация / обои / поддержка,100,Be kind to your mind 🩵 inst: instkate_
shatulkaksyushi,channel,Перламутровая шкатулка,99,"Музыкант, звукарь и просто человек, выросший во Вьетнаме.  Люблю этнографию, пионеров электронной музыки и мир ЮВА и Африки."
liysi_1,channel,♡﹒꒰˶ Люсишка† ꒱💦,69,
swaaaanlake,channel,iris,39,@irislorelaigilmorelovee7r_bot Museum of everything i've loved
prettylittlepsycho,channel,✖️Pretty little psycho✖️,19,In the name of love 🌹
brokstockapp,channel,BROKSTOCK,855,"BROKSTOCK, an all-in-one investment solution. https://tinyurl.com/578pvsuy *Views do not constitute financial advice. FSP No.51404. BROKSTOCK (Pty) Ltd trading as BROKSTOCK."
sobakastudio,channel,Sobaka Studio,256,"Добро пожаловать в телеграмм канал Sobaka Studio! Здесь будут новости, анонсы и другие материалы по нашим проектам!  VK: https://vk.com/sobakastudio  Discord: https://discord.com/invite/mcFgpWUu3g  Youtube: https://www.youtube.com/@SobakaStudio"
sakistocks,channel,Saki gambled too much,143,instock channel for Saki's cozy corner  admin: @not_junkang
sakismart,channel,saki's mart,260,instocks/ split channel of @chaeyuji
sasuke1689999,channel,𝑺𝑨𝑺𝑼𝑲𝑬 𝑺𝑻𝑶𝑹𝑬,184,OWNER: @Sasuke168999
yastock,channel,STOK WANZIIE STORE,19,REALL WANZIIE @Wanziimyganiss
babycool74,channel,БудьКРУТ дисконт #BabyCool74,510,Трендовая детская одежда и обувь
saidastyletrands,channel,Стильная гавань,417,"Ежедневные идеи, как выглядеть стильно и уверенно в себе ,,с актуальными подборками!  Fasion AI content generation!  Для связи: @saidabersirova Канал для селлеров WB: @saidabersiroffa"
tvelsshop,channel,Новости TVELS.shop🥳,744,"•трендовая косметика •пижамы,бельё из Pinterest •подарочные боксы и упаковка на любой праздник •парфюм •Доставка Для заказа писать https://t.me/+79082221828  Мы в ВК и Инст: TVELS.shop❤️  Ежедневно с 11:00 до 20:00 💒Карла Маркса 95к1,БЦ Евразия, 1 этаж"
neurodrive_conf,channel,НейроДрайв 2026,370,"Новая трендовая международная  практическая конференция, посвященная коммуникативно-когнитивным технологиям в образовании и искусственному интеллекту 🧠"
coloristofficial,channel,Марина Мусаева,489,"Учу колористов думать и УМЕТЬ УПРАВЛЯТЬ ЦВЕТОМ, а не играть в русскую рулетку на голове клиента🎯  Трендовая техника «размытие пигмента» - снизь себестоимость в 2 раза без потери качества https://t.me/MK_RazmytieBOT"
sokagakkaiit,channel,Soka Gakkai Italia,1976,Il Canale della Soka Gakkai Italiana - notizie dall'Istituto Buddista Italiano Soka Gakkai
joca97freepicks,channel,🔥 Elite Sports Picks | Joca97,1163,🚀 Elite Sports Picks | Joca97  Daily football betting tips Free picks every day Diamond and Special Picks available Best odds analysis  • Free picks to test our service • Premium Bets available • Long-term Profit!  Contact: @Jocaaa
sokka_cave,channel,Sokka Cave,1118,سلام من ساکام  اولویتم همیشه کیفیت بوده و هست🌸   زیرنویس های اختصاصیم رو توی این چنل می‌ذارم براتون ❤  آیدی ارتباطی جهت سفارش ترجمه:  @Itsmesokka
sok_ekb,group,SOK X | Сообщество,325,Приветствуем вас в чате резидентов SOK X  Для решения вопросов обращайтесь в службу поддержки: 📌 в Telegram: @SOKhelp_bot 📌 по почте: support@sok.works
kidsoccer,channel,СОККЕР,719,"Вышедший на пенсию футбольный ютубер по имени Саша.  Самый медийный фанат Марселя и самый попсовый поклонник Аякса, Динамо Загреб и других клубов, матчи которых вы не смотрите.  Чат - @kidsoccerchat  По всем вопросам - @kidslavin"
palletsvetlana,channel,Распаковка Паллеты Mystery Box Палеты Мистери Бокс,480,Для связи @elsvetlanas
vlastakhv,channel,VLASTA,205,"Женская верхняя одежда, пальто, пуховики, тренчи, Хабаровск"
tamiliakhv,channel,Салон Tamilia Хабаровск,77,"Вечерние, выпускные, свадебные платья http://lady-market.com    НАВИГАЦИЯ: #свадебныеплатья   #вечерниеплатья@tamiliakhv #выпускныеплатья@tamiliakh #большиеразмеры #вкрымирим  #дляособогослучая #бальныеплатья #дополнительнаяинформация.  #распродажа"
stockbylapak,channel,𝒑𝒓𝒐𝒇𝒇 𝒆𝒍𝒍𝒓𝒊𝒕𝒛,681,"Hello @durov i would like to convey that, there is no action that violates the terms and conditions of telegram here, i hope, telegram has a wise way, in managing problems, before doing strict action, such as banning/blocking a telegram channel, thank you"
waildozon,channel,Waildberies|Ozon Скидки и промокоды,283,"Скидки, находки, акции и халява на Wildberries|Ozon и не только ☺️ Поможем сэкономить Ваш бюджет  💰 ✅ Мониторинг скидок, новинок и классных товаров ежедневно ❗️  Ссылка для друзей: https://t.me/+H7pTHtca09MzNDky  📲По всем вопросам - @Suruslit"
anna_proozon,channel,AnnaProOzon 🚀,213,Сертифицированный практикующий эксперт маркетплейса Озон с опытом  более 3-х лет.  Помогаю выйти в ТОПовые позиции на Озон.  Пишите мне: @anna_buyt
ckidkawbozonbce,group,РАСПРОДАЖА/СКИДКИ/КЭШ/ОТЗЫВЫ/Wildberries и Озон,57,✅РАЗМЕЩЕНИЕ ТОВАРА - БЕСПЛАТНО🙌  ✅1 артикул- 1 раз в день.   🔝ВАЖНОЕ про ВБ и Озон: https://t.me/ReznikovaproWB  ЧАТ ПОСТАВЩИКОВ➡️ https://t.me/WB_Ozon_Communication  ➡️Админ: @OksanaAnalitik
poizoon_27_otzivi,group,Poizon 27 отзывы,55,Основная группа t.me/poizoon_27
ozonsellernews,channel,"FBS Селлер: Ozon, Wildberries, Яндекс Маркет",11,"Канал для селлеров, работающих по FBS на Ozon, Wildberries и Яндекс Маркете. Разбираем, как держать остатки в порядке, избегать штрафов и считать реальную прибыль по каждому товару. Делюсь своими схемами: единый склад, актуальные остатки на всех МП."
ozoonx,channel,أثباتات ozon,22,
skidki_marie,channel,СЕКРЕТНЫЕ СКИДКИ от Мари,16,"скидки wildberries, золотое яблоко, ozon, яндекс маркет и др. магазинов ✨ отбираю только выгодные цены, которые не хочется пропустить  сотрудничество: @mashaerdman"
ma_725_6,channel,Коняева Мария Александровна 🔥,12,Рабочие кейсы 🔥  ❗Для бесплатной консультации по открытию и ведению магазина на маркетплейсах Wildberries и Ozon под ключ пишите➡️ @MK529536 и звоните +79199797325
smartmpchannel,channel,SmartMarketplace,2,
ozonstocksexit_bot,bot,Автовыход акций OZON,,Цель данного бота быстро и эффективно удалять товары из акций озон.
poizonbox_zakaz_bot,bot,Poizon Box Заказ,,
vj_stockbot,bot,VJ_Stock,,
stockxadda,channel,Stock X Adda®,1204,STEP TOWARDS YOUR WEALTH CREATION JOURNEY 💰  ALL STUDIES ARE EDUCATIONAL PURPOSE ONLY  For Query - @TRADER1_SUNIL                      @TRADER_DHRUVIL
gag_2_stock,channel,Grow a Garden 2 🌱 STOCK 📦 [СТОКИ ВЫРАСТИ САД 2],5733,Стоки для игры «Grow a Garden 2»: следите за магазинами и подписывайтесь на уведомления о всех товарах.
breadboxcalerts,group,The Bread Box General Chat,389,"Premium Stocks, Options, Futures and OTC Trading Group. Private chat for alerts. Years of trading experience goes behind every alert. 1 week trial available for $5! PM @BreadBoxBot to join our alert and education rooms! Results speak for themselves!"
medoqueen,channel,Стикерпаки,1279,ПРЕЖДЕ ЧЕМ НАПИСАТЬ ЗАПРОС ЧИТАЕМ! https://t.me/Medoqueen/1283 Владелец: @Sofi_Kor23 Качественные стикерпаки со всеми фандомами  Наши боты: Помощь для сл по стикам @Stikerks_bot
stickers_wiki,channel,Stickers Wiki,159,Stickers Wiki by @GiftWiki & @Giftinspector  По любым вопросам - @GiftsMagnate
elusiya,channel,₊˚ପ⊹ 𝓝.igɦᴛ(🔮)𝓖..ꭤ᪲ɾɗεη˚₊· ͟͟͞͞♡,403,˚˖𓍢ִ໋🦢˚ ╰┈➤ Owner @dinoshi_79 𐍃ᴛᥲrᴛ 12/04/2026 ¡! New era 3/06/2026  𐙚 𓏵𓏵𓏵𓏵𐙚
cryptotonianec,channel,Crypto SpaceX,253,"Новые и перспективные Web3 проекты. Различные игры с добычей токенов. Майнинг, обзор монет  Чат: Crypto Land Story - https://t.me/+DDk4i4sKA9VlZWI6  Владелец: @Cryptoneanec"
stickers_warehouse,channel,𖦹 ׂ 𓈒s𝗍𝗂𝖼𝗄𝖾𝗋𝗌 𝗐𝖺𝗋𝖾𝗁𝗈𝗎𝗌𝖾,25,Начало - 22.04.26 Конец - ???   Инфо: https://t.me/info_tostickers_warehouse Анон : ⁨https://t.me/questianonbot?start=7952399952⁩ Бот : @Stickers_warehousebot Буст : https://t.me/boost/stikersLab_toLastik   ★☆   °   🍶  てる   。  ❕   ⁺    ( ?? )  、
leetakira,channel,Lee Know,95,@Tak1knn_bot
stickoll,channel,stickers,111,"владелец - @mumcvv делаю оп, вп и приходы ищу мью"
skolok0,channel,сколок | skolok,58,и раскололось небо над нами
mevikkuport,channel,(закрыто ОЛО)ִ𑣿⁠⁠⁠⏝⃔ᩙ︶ᩙㅤֺ۪ℳ𝘦𝘷𝘪𝘬𝘬𝘶 𝘱𝘰𝘳𝘵︶ִّ֯᤺⏝ 𝘴𝘬𝘮 𝘯𝘬𝘮,3,mevikku / мевикку нкм скм репосты удаляю примерно через день  символы взяла у @glansande  @v1ntagess ݁
stikerks_bot,bot,Стикерпаки для сл🍒,,Бот канала @Medoqueen
stack_76_bot,bot,СТЕК,,Нажмите /start и получите полезные материалы!
stickerbrod_bot,bot,Стикерброд,,Author @tommy_roman_hater Ads & Collaboration @tommy_roman_hater Technical Support @tommy_roman_hater
stikprobot,bot,stik,,"Работаем с retail & ecom, чтобы вы стали лидером отрасли. Просто напишите — ответит человек 💁‍♂️"
guideformoms,channel,"В помощь маме! (Детское развитие, детские книги, обзоры и скидки)",35187,"Здесь вы найдете много обзоров, полезных подборок с товарами и идеями для ВАС и вашего малыша! Обзоры КНИГ, много КНИГ ❤️  Реклама @pr_guideformoms partner@guideformoms.ru  Только с маркировкой!  Автор @ask_melissa А+ для ркн https://clck.ru/3Ee454"
fiveplusworldwide,channel,5plus+,2906,КАТАЛОГ С ТОВАРАМИ 5plusworldwide.com   СВЯЗЬ СО МНОЙ @fiveplusceo  (рекламу не продаю)  заказ оформляется через сайт либо в лс
progress_padel,group,Progress Padel | Тольятти,1187,"🎾 Падел — новый яркий ракеточный спорт!  Хотите попробовать себя в нем,тогда присоединяйтесь к нашему сообществу.   Наши адреса: 📍Тольятти  Приморский бульвар 43В  Баныкина 19А"
padelton_kazan,channel,ПАДЕЛТОН | падел | пиклбол | Казань,953,"Падел, пиклбол и бадминтон на свежем воздухе в центре Казани.  Адрес: ул. Николая Ершова, 7Б  Запись: https://lundapadel.app/clubs/kazan/padelton/  Чат клуба: https://t.me/padelton_kazan_chat  Сайт: https://padelton.ru  Написать нам: @padelton_kazan_admin"
predmetka_rg,channel,"Предметка, товары для художественной гимнастики",395,"Предметка – товары для художественной гимнастики: ленты, булавы и другое от брендов: Sasaki, Chacott и Pastorelli! 💜   Доставка по всей России ✈️ Быстро и удобно!  Для заказов и вопросов пишите: 8-927-453-15-11. Всегда на связи! ✨"
rgshop4u,channel,RG_SHOP KOMILFO,126,Предметы и многое другое для художественной гимнастики
sholtosweets,channel,sholto_sweets,81,Здесь про шоколад 🍫🍫🍫
pelletsgrupp,channel,PelletsGrupp,80,Компания PelletsGrupp с 2014 года занимается производством экологически чистого топлива (Пеллет) со дня основания мы стремимся повысить как качество выпускаемого продукта так и качество нашего сервиса..
margaretsport,channel,MaRGaret Sport Обмотка предметов художественная гимнастика,68,Инвентарь и одежда для художественной гимнастики
blast_market,channel,Blast Market,994,"Добро пожаловать в магазин одежды Blast Market Здесь вы можете купить-заказать абсолютно любую вещь из за границы. По Рекламе Писать: @Kisses_sss/ @OwnerT94 По заказу писать: @vadka_11   Канал ничего не поддерживает, всё осуждает, ни к чему не призывает❗"
larsa_home,channel,LARSA HOME,133,ТЕКСТИЛЬ ДЛЯ ДОМА С ВЫШИВКОЙ  Наш сайт: https://larsahome.com  Инстаграм: https://www.instagram.com/larsa_home  Поддержка/ заказ стока по акции: @lupikalis
atm_tuning_room,channel,ATM.TUNING.ROOM,694,Шины / Диски / Тюнинг  Донецк ул. Бехтерева 18   +7 949 31 41 999  Проголосовать за канал 👇🏻  t.me/boost/atm_tuning_room
gijduvon_avtotexxizmat,group,"""G'IJDUVON AVTOTEXXIZMAT"" rasmiy",1422,"""G'ijduvon Avtotexxizmat"" MCHJ  ""UZ AUTO MOTORS"" AJ rasmiy dilleri xisoblanadi. Murojat uchun telefonlar:                                           📞+998701177110 +998772777110 📞+9989770057110 Ish vaqti: Dushanbadan Jumagacha 9:00 dan 20:00"
laitovo_company,channel,Автошторки Laitovo,250,Laitovo –  бренд производителя защитных экранов для автомобильных окон.  Официальный сайт представительства в России www.laitovo.ru Телефон для оформления заказа 8(906)666-90-60
assettomoto_it,channel,Assettomoto.it - Official,209,"Canale ufficiale Assettomoto.it Codici sconto, sponsor, nuovi articoli ed altre info utili per tutti voi -  Seguici anche su instagram @assettomoto.it"
ilalov_auto,group,🇷🇺 ИЛАЛОВ|АВТО,38,Помощь в продаже вашего авто Помощь в покупке в РФ Выкуп Привоз под заказ из Китая/Кореи/Европы  ☎️ 89260409848 Алексей
avtoelons_bot,bot,AVTOELON.UZ | RASMIY,,🛒 Магазин: @funpaysellerBOT
autoliconbot,bot,Автоликон,,Оптовые и розничные поставки автозапчастей и комплектующих по доступным ценам
atp_ua_bot,bot,Автокомпоненти Автек Степан - чат бот.,,Швидка онлайн консультація
avtoluxnuber1bot,bot,Bot-Avtoluxmsk,,
avtohehol_bot,bot,Чехлыавто.РФ Чат-бот,,ЧЕХЛЫАВТО.РФ приветствует Вас! 🤝 Автомобильные модельные чехлы от производителя. В наличии и на заказ☝🏻
uletpark_bot,bot,"Улётная парковка, техподдержка",,
autosellers_bot,bot,AutoSellers,,
