mcs_atu,channel,انجمن علمی مطالعات فرهنگی و رسانه,928,انجمن علمی مطالعات فرهنگی و رسانه دانشگاه علامه طباطبایی ‌ ارتباط با ادمین: @Mcs_atu_admin ‌ 📲 صفحه اینستاگرام انجمن:  www.instagram.com/mcs_atu
atu_s_a,channel,بایگانی شبکه جامعه‌شناسی,417,بایگانی فایل‌های صوتی، کتاب‌ها، فایل‌های چندرسانه‌ای و ... که در شبکه جامعه‌شناسی منتشر می‌شود.  آدرس کانال اصلی ⬇️: @SocioNet
ecopia_atu,channel,نشریه اکوپیا,266,نشریه انجمن علمی اقتصاد دانشگاه علامه طباطبایی   🔸️کانال تلگرام انجمن:  @economicsth  🔸️ اینستاگرام نشریه: https://instagram.com/ecopia_atu  🔸️ایمیل: ecopia.sth.atu@gmail.com
xtripreviews,channel,XTRIP: отзывы,412,Сделать путешествие — @xtripp_bot Xtrip — @xtripxtrip
feeriamandriv_bs,channel,Тури по Європі від Феєрії Мандрів💛💙,1342,"Вітаємо Вас на каналі туристичного агентства. м.Київ, вул.Басейна 5А,  098-662-00-70,  063-745-00-70,  095-144-83-33 https://feeriatour.com.ua"
seninaturizm,channel,Туры по всему миру,138,"Подбираю и бронирую туры по всему миру с вылетом из любого города (можно в рассрочку и в кредит). С радостью организую ваш королевский отдых! 🌏Не впариваю, а помогаю!"
lifetour_pl,channel,LifeTour,282,"Автобусные туры по всей Европе 🇪🇺  ▫️ Туры выходного дня, двухдневные туры. ▫️ Оптимальные тарифы и цены. ▫️ Выезды из городов Польши. ▫️ Бонусы и скидки.  tel:+48536456906 https://mssg.me/lifetour  Belwederska 14, 00-762 Warszawa"
centertourismm,channel,ЦЕНТР ТУРИЗМА И ОТДЫХА,164,"Путешествия, актуальные предложения, лайфхаки, новости  Реклама, фото и видео материалы - @lusi_travel3"
wandergirllife,channel,Wandergirl Travel Blog ✈️,173,"Канал от Светы-путешественницы.🧳  ✈️🌍 Вдохновляю на отпуск мечты, рассказываю о полезном и интересном в трэвел-мире  Администратор: @wandergirl_sveta"
nettunospb,channel,Travel Agency Неттуно / туры🌍 круизы⛴/авиабилеты/отели Спб Московский пр 166,226,"+79213237026, +79315868603 , info@nettuno.spb.ru  @AlenaPushkareva 📁выгодно и надежно 📁пакетные  и индивид. туры 📁тематические туры  📁круизы                                                                           📁визы 📁бронь отелей и авиабилетов"
travelisthebestidea,channel,Мышка-путешественница,148,"Мечты - хорошо продуманные планы!   Путешествовать может каждый, а я помогу с выбором!"
zolotie_oblaka,channel,Золотые Облака_туризм,71,"Свежая инфо, фото, видео и цены на туры по России и заграницу"
forumpg23,channel,ПРОДАЖИ.ГЛАВНОЕ. БИЗНЕС-ФОРУМ,1149,"9-10 октября 2025 г. Москва, ЦДП  Игорь Манн, Дмитрий Норка, Евгений Колотилов и еще 50+ экспертов о продажах, маркетинге и масштабировании бизнеса.   Никакой воды — только самый сок!  pg2025.ru  По вопросам покупки билетов https://t.me/forumpg2025"
faktura_cx,channel,Бюро промышленного маркетинга,340,"Выстроим системную работу по привлечению и удержанию покупателей, связав в единое целое видение собственника, цели компании и задачи службы маркетинга  Наш сайт: faktura.su"
smart_commerce_forum,channel,Smart Commerce Forum,286,"Перший в Україні бізнес-форум, який об’єднає весь товарний ринок 🏆  Для звʼязку: @PM_SmartCommerceForum +380 97 691 47 73"
orgazmiator,channel,Правда начинающего организатора,97,"Житуха бандюгана, нецензурная брань, дипломатия и путешествия. (И шутки про говно)  Написать мне: @ayvenaswulff"
astarlyakikat,channel,"""Астарлы ақиқат"" ақпарат агенттігі",88,
iacarabic,channel,مركز الامام علي (ع) الاسلامي في السويد,577,www.imamalicenter.se/ar
islamdb524560,group,بطاقة الدعوة الإسلامية,266,
imam_almuntadhar_center,channel,مركز الامام المنتظر (عج) الاسلامي,253,
persianpaintings,channel,PersianPainting,4268,https://www.facebook.com/PersiansPainting/ https://www.flickr.com/photos/125761528@N06/? https://www.pinterest.com/persianpainting/ https://www.instagram.com/persian_painting/ https://twitter.com/PersianPainting
iranian_modernists,channel,مدرنیست‌های ايران (آرشیو),1321,تلاشی برای جستجوی ریشه‌های مدرنیسم در ایران، و شناسایی جریان‌های آن
ipsawomenstudies,channel,IPSAWOMENSTUDIES,139,این کانال به منظور اطلاع‌رسانی در مورد فعالیت‌های کمیته مطالعات زنان راه‌اندازی شده است.
iranbano20,channel,˒˒ ایـران‌بانو ˓˓,108,◝به‌ رسم‌ِ ادب‌ خرسندیم‌‌ از‌ حضور‌ِ فرخنده‌ی‌ِ‌ شما! 🪴◜ روییدن‌ما‌؛در‌حوالی‌بهارهزاروچهارصدوپنج🤎𝂅ׄ𝇃𝇂 𝅄 چنل روبیکا : @vatanm_iran3
reyhanehmahdi313,channel,Saved Messages,31,لینک ناشناس‌ http://t.me/HidenChat_Bot?start=8252355365
vivienne1993112,channel,Vivienne🫧,23,https://t.me/XBCHATBot?start=sec-fgjfeiedci
irantvnet,channel,IRANTV,20,شبکه ایران
irandeadend,channel,بن‌بست ایران,11,Persian Music 🇮🇷 Other Side : @Escucha_me
aryamehr261919,channel,AryaMehr | Iran ShahanShahi,9,ایران شاهنشاهی
iranpostar,channel,إيران بوست بالعربي,4577,‏🌐 صوت الجمهورية الإسلامية الإيرانية في العالم العربي. 📌 تغطية مستمرة، أخبار عاجلة، وتقارير حصرية. ✉️ للتواصل ومتابعة حساباتنا الرسمية:
khataam313,channel,مركز خاتم الأنبياء للإعلام المقاوم,21866,: مركز خبري ثقافي اعلامي مقاوم يعنى بشؤون المقاومة بالمحور  ..مع الحدث لحظة بالحظة للتواصل @khataam313_bot
radiosanaa,channel,إذاعة صنعاء – البرنامج العام,2096,إذاعة صنعاء الصوت العالي في زمن الخنوع والذلة  موقعنا الالكتروني - والبث المباشر https://Www.sanaaradio.ye  صفحتنا على اليوتيوب https://m.youtube.com/@sanaaradio1  صفحتنا على الفيسبوك https://www.facebook.com/sanaaradio1
darul_athar,channel,كناشة أبي عبد الرحمن حسن,71,በዚህ ቻነል የተለያዩ የዑለማዖች ኪታቦች ፣ጠቃሚ ጥቅሶች የቀደምት ዑለማዖች ንግግር በዘመናችን ላይ በቀደምት ዑለማዖች አቋም የተከተሉ ሰዎች ንግግር እንዲሁም አንዳንድ ተንቢሃቶች ይተላለፉበታል።
saamt_64bookstore,channel,مَكْتَبَةُ الصَّمْت,23,بۆ داواکردن یاخود زانینی نرخ نامە بنێرن نۆ دایرێکت چاتی چەناڵ یاخود ئەم ئەکاونتە « https://t.me/almajhul64 »
putkznaniy1,channel,Putkznaniy,7,
iraninsnews,channel,اخبار بیمه,2299,📢اخبار و اطلاعات صنعت بیمه کشور  @iraninsnews ارتباط با ادمین @iraninspr
iransepid,channel,ایران سپید,725,اولین روزنامه به خط بریل در جهان  اخبار حوزه نابینایان و معلولان  ارتباط با ادمین @iransepid1  Iransepid@icpi.ir
irantobaccopublic,channel,Iran tobacco,175,
lisanarabic,channel,"Арабский язык! Школа ""ЛИСАН""",364,Обратная связь →  @dila5er Инстаграм: https://www.instagram.com/dila5er.arabist?igsh=Zzk1dGxrbWdjNjMy Ютуб: https://www.youtube.com/@lisan_school
albasraalhabeba,channel,البصرة الحبيبة,61355,البصرة كما هي.. بلا تزييف أخبار عاجلة، تغطية مستمرة، ومصداقية في النقل. مستقلة سياسيًا، ونشر الخبر لا يعني تبني مضمونه.
dafnewstv,channel,داف نیوز|DafNewsTv,14767,
llyl2l,channel,﮼شُودِي،الوَرفلِي .,376,- مسّاحة للحرُوف التِي تشبهنِي .
al_badel,channel,البديل نيوز,409,📡 قناة إعلامية تهدف إلى نقل الأخبار والأحداث بشكل فوري وموثوق، مع تغطية مستمرة للأخبار المحلية والدولية.  📌 نحرص على تقديم محتوى مختصر، وواضح، وبدون انحياز، ليصلك الخبر كما هو. - للتواصُل: @ansar_wbot
iranmtafbi,channel,Federal Bureau of Investigation,595,کانال فکشن F.B.I سرور ( IRANMTA ) 🔹 فعالیت های کانال: اخبار فکشن میتینگ ها قوانین داخلی و ...  👤 ارتباط با لیدر فکشن: @zeytx 👤 ارتباط با فکشن اوپراتور: 🆔  ---------------------- 🆑 @iranmta 🆑 @iranmtaFBI
iransocialproblems,channel,تحلیل مسائل اجتماعی ایران,307,✅یادداشت های علی میرزامحمدی دانش آموخته دکترای جامعه‌شناسی
je_bp,channel,شوگرمامی مامی ددی دوستیابی,644082,
tsypkin,channel,tsypkin,1200,Пишу/читаю. Подробнее на сайте tsypkin.com По всем вопросам pr@tsypkin.com
shimhilkaaa,channel,Шимшилка,158,
pickminami,channel,it’s mina’🦄 米娜 ‘,49,🍮ฅ(•˕ •マ⟆ tiktok: @miiinamiiiii лс: @miiinamiii
shalmanizm,channel,Шалманизм - лайфстайл гипнолога,44,"Здесь выкладываю про жизнь, питание, спорт, «магию» и практики, вообщем все то, что не влезает в канал @sergeyshalman"
pelmench11k693,channel,Пельменьч1к не съедобный,22,Вся нужная инфа в закрепе 😛
pshcrmdrepins,channel,·︎✧︎𝓹𝓼𝓱𝓬𝓻𝓶°︎┆︎[𝓬𝓻𝓮𝓪𝓶•･︎],48,отдельный тгк по дрепинсам и другим чувакам твич cr3am167
pvchkblinblinskiy,channel,Не чмо(?),44,
xpiocosm,channel,xpiocosm 🌘,53,Сегодня не делай ничего правильного. Сделай что-то живое ✨
mehnymer,channel,𓂅,29,
shchmemy,channel,Шмемы,2,Шмотри Шмемы и Шмейся
itablighati,channel,تعرفه پشمام نیوز,13,
shmiliya16,channel,Шмилия,6,
chumagorik,channel,очуметь,5,
planeteactu,channel,Planète Actu,2034,
iranipainter,channel,نقاش خوزستانی,106,چو بیشه تهی ماند از نره شیر شغالان درآیند در آنجا دلیر چو بیشه ز شیران تهی یافتند سگان فرصت روبهی یافتند آغاز کانال: t.me/IRANiPainter/29
ticktext,channel,𝐓𝐢𝐂𝐤 𝐓𝐞𝐱𝐓 | تیک تکست,8214,تیک تکست ، رسانه مردمی  بدون وابستگی به هیچ ارگانی
bioorganicx,channel,Bio-organicx,64,⚜️پادکست بایو-ارگانیکس 🎯هدف این پادکست رسوندن اطلاعات معتبر و بروز سلامت به شماست  تا با مصرف کمترین دارو، سلامت باشید می‌تونید منابع معتبر هر اپیزود رو در لینک پست ببینید  📍هر دو هفته «شنبه‌ها» منتظر پادکست ما باشید
sportyoungnews,channel,اخبار ورزش و جوانان خراسان رضوی,3177,روابط عمومی اداره کل ورزش و جوانان خراسان رضوی  ارتباط و ارسال اخبار:  @n_publicrelations  🌐 نشانی سایت: https://khorasanrazavi.msy.gov.ir/  آدرس ما در اینستاگرام:  https://www.instagram.com/varzeshjavanan.khr?igsh=ejdvemtrcjhjaGJv
javanan_baluchestan,channel,جوانان بلوچستان,370,صدای مردم بلوچستان هستیم و از بلوچستان بگیم  اینتساگرام جوانان بلوچستان   javanan_baluchtan   تماس با ادمین  @saeedAshena
casadokame10,channel,Casa do Kame,129,
miserypishet,channel,МИЗЕРИЛЕНД ТЕЛЕГРАФИРУЕТ,10,ШЁЛ ЁЖ ПО СТЕНЕ ЧТО НАСЕРЕТ ТО ТЕБЕ
saidahallid_bot,bot,Saida_Halid,,
trueved_advisory_bot,bot,@ВЭД на чистоту | поддержка,,"Вопросы по импорту, логистике и платежам"
botredditbot,bot,Boteco do Reddit Bot,,Bot oficial do @botecodoreddit para enviar seu vídeo ou falar com a moderação!  Envie seu vídeo!
quickideabot,bot,"Адель, подкинь идею!",,Быстро готовим уроки с самыми действенными методическими заданиями.   Создатель: @adeleamilo
pered00zzz_bot,bot,peredoozzZ,,Бон мут ворн как весела быть одмином с 8:00 до 21:00
tavhid_bot,channel,.,4,
milad006_bot,bot,"لـ - ميلاد ""👷‍♂️🛢️",,
methed_bot,bot,Онлайн-школа METHED,,BOTSTAT_4QNP1J
fludbsd123_bot,bot,Флуд бэсэдэ вступление,,
bruton_lloyd_bot,bot,Bruton Lloyd,,
saidiworksbot,bot,SAIDI works,,"Если ты про системность, глубокую экспертизу и предпринимательскую свободу – этот бот тебе поможет"
xadadbot,bot,Хадад,,
somhowav_bot,bot,Владимир Александрович,,
bothub_en_bot,bot,@bothub_en_bot,,
claudeai_bot,bot,my_ai_bot,,
sadoisux_bot,bot,Sadoi Sux (Inoyatulloh masjidi),,"Бу ""@Sadoisux_bot""-админстраторининг алоқа боти"
hadia_say_bot,bot,هـاديـة سـايـت 💜,,"""عِش ضَاحِكًا مَهمَا شَقِيت إنَّ ‏الجُروحَ بصَوتِ الضَّحِكِ تَلتَئِمُ"" 🥰🌸"
viendesu_bot,bot,VienDesu! Maid,,Официальный бот проекта VienDesu! @viendesu_official
edwardskim_bot,bot,тина эдвардс,,
youexxtra_bot,bot,aud for . . EXXTRA !,,"double 机会 , extra 影响"
soaraudi_bot,bot,[ aud ] by SOAR,,
philadyouth_bot,bot,philadbot,,Philadyouth - це рух віруючої молоді✌️ Чекаємо на тебе кожну суботу о 17:00 за адресом вул. Голосіївська 57а
admida_bot,bot,Admida Pro,,Поддержка: @midaplus
bjoernheede_bot,bot,BjoernHeede,,
bnd2nightbot,bot,bronekdo tonight,,расскажи анекдот
moamxbot,bot,بوت تواصل,,My account -> @DaaaD 🤍
abood1010_bot,bot,𓆩𓆩𝑫𝑹: 𝑨𝑩𝑶𝑶𝑫𓆪𓆪,,╔════════ঔৣ‌➳══════════╗             『『『『ڝڷﻲ عـًٌٍّ̨̥̬̩ـلَي ٱڷـحٻيـًٌٍّ‌ـب』』』』  『═══➳═══➳═ঔৣ‌═➳═══➳═══』
visardbot,bot,Visard,,
morflood_bot,bot,𝘽𝙊𝙏 ˖. *𝕸𝘰𝘯𝘥𝘴𝘵𝘦𝘪𝘯 𝓡𝘦𝘷𝘪𝘷𝘢𝘭⋆౨ৎ₊˚,,
beautiledibot,bot,"бьютилед я, пишите",,всё анонимно.
licotiicbot,bot,ارسال عکس و نقاشی | هنر,,راه ارتباطی برای فرستادن عکس، نقاشی و آثار هنری شما. بات ارتباطی کانال @licotiic .
myid_bot,bot,My ID,,
lidoed_bot,bot,Официальный чат в Telegram «Лидоед»,,Официальный чат в Telegram Digital-агентства полного цикла «Лидоед» (lidoed.ru)
doukazik,channel,doukazik,182,"Арт статус:  Коммишки - открыты Трейды - открыты, но могу отказать Реквесты - всегда рада новым идеям для мерча или артиков  Лс - @miumiumiwi 🦌🦌🦌🍉🍉🍉🍉🪽🪽🪽🪽"
thelastgenius,channel,˗ˏˋ 𝒁𝒉𝒆𝒏𝒚𝒂'𝒔 𝒂𝒓𝒕𝒔 ˎˊ˗,131,обратная связь - @thelastgeniuss щп канал - @thelastgeniusoftheworld
monooff228,channel,⤷ 𑣲 ოono ˎˊ˗,91,"𐔌˙.  🐈‍⬛𖦹⋆. ݁˖.ᐟ🐾   ˗ˏˋ лс:@xtrppe  ╱|、                           (˚ˎ 。7                              |、˜〵                                     じしˍ,)ノ"
pentiumlll,channel,pentium,230,к-pop подкаст и арты инфопост: https://t.me/pentiumlll/85
dystopiangodmother,channel,godmother,108,♰  dm: @g0dmotherr  boost: https://t.me/boost/dystopiangodmother
agniesart,channel,𝓖𝐚η𝐲𝐚﹝agnies﹞art,71,мой юз - @zlayachiterka  тут мои каракули
dailyredvelvet,channel,#𝒟aily ℛedvel𝓋et ໒ྀི།་,20,⸜(｡˃ ᵕ ˂ )⸝♡ 𐔌 Enjoying Kpop gg RedVelvet ᣟ݂ᣟ𓏼✿ ꉂ`♯. 𝐂𝒐𝒐𝐊𝐢𝐞 𝒿𝒶𝓻 .ᐟ ˖ ݁𖥔 ݁˖   𐙚   ˖ ݁𖥔 ݁˖ 🩷💛💚🩵💜 ೀ
sodisan,channel,･⁠｡ﾟ ꜱₒ𝑑ₐԼᵢ𝑡ₑ ･⁠｡ﾟ,24,Кр @sugouu
porisovki,channel,Кедра,29,
reinzvp,channel,прайс,4,
somewhereibellong,channel,𝑷𝒏𝒆𝒖𝒎𝒐𝒏𝒊𝒂,97,★در حریم سینه ام هر جا نفس پا می نهد کاروان زخم افتاده است بر بالای زخم
p4yforme,channel,PayForMe,25,#viberflow2
sarmayegozarionline,channel,پایگاه خبری سرمایه گذاری آنلاين,153,پايگاه خبرى سرمايه گذارى انلاين www.sarmayegozarionline.com ارائه كننده جديدترين تحليلها و مقالات و خبرهاى اقتصادى ايران و جهان با ما به روز باشيد در حال و اينده @sarmayegozarionline
nikrunews,channel,پایگاه خبری تحلیلی نیک رو,61,پايگاه خبري تحليلي «نيک رو»  https://www.nikru.ir/
thenorthpolr,channel,⋮ 𐌽ᖘ ⋮ 🌨️ 𐍄H𐌴 𐌽𐌏𐍂𐍄H ᖘ𐌏𐍰𐌴,14,"[ 🐻‍❄️ ] ━━ ⟡ 🍵 . ⏜ 🥣  ✦ 🏷️  Дᴏбᴩᴏᴦᴏ уᴛᴩᴀ ᴨуᴛниᴋ, ʍы ᴛᴇбя ɜᴀждᴀᴧиᴄь ɜᴀхᴏди [ тебя отвели в юрту согреться ] 𖦹˙— ❄️  //  Дᴏбᴩᴏ ᴨᴏжᴀᴧᴏʙᴀᴛь, Пуᴛниᴋ❕   ⟡ . ⏜ 🐬 dir :: @maflew2"
nasher_salam,channel,پایگاه خبری ناشر سلام (اختصاصي حوزه كتاب),14,تولید محتوای علمی، مقالات و همایش ها- ادمین@mahvareh_press پايگاه خبري اخبار و مصاحبه با هنرمندان- معرفي كتاب ها و كارآفريني
robloxfluxnews,channel,flux | Roblox новости,1876,Добро пожаловать в канал по самым актуальным новостям игры Roblox !  Каждая информация проверяется через официальные источники.  Предложка: @Fluxpostingbot  По сотрудничеству/рекламе писать: @Snarecore
rezzxofficials,channel,#RezzX,366,Ch seconds https://t.me/rzxlogbot Ch Third https://t.me/rzxoffc
worldwide8877,channel,Worldwide VC,422,• Support @Worldwidesupport888 • CHAT @WorldwideChat888 • Game https://www.roblox.com/games/118622746659387/VC  • Group https://www.roblox.com/share/g/643395199  • DC server https://discord.gg/agcjtq8ERR  • Price list @Worldwideprices
aboutreoclintoffc,channel,𝚒𝚗𝚏𝚘𝚛𝚖𝚊𝚝!𝚘𝚗 𝚁𝚎𝚢𝚢𝚣𝚟,436,Owner : reyyzvstecu.t.me Product : ProductReyyzv.t.me Testimoni  : testimonireyyzv.t.me
ygzplus,channel,YGZ,144,
rojin_beautyy,channel,فروشگاه آنلاین روژین بیوتی💄🪄,77,💄لوازم آرایشی|بهداشتی|مراقبتی|روژین بیوتی💄  درجریانی که اینجا از کفِ قیمت تا سقفِ کیفیت رو تجربه میکنی توت فرنگیِ من؟😍🌸🍓  از راه‌های زیر با من درارتباط باش🌱👇🏼 👩🏻‍💻 @rojin_beautyyy 📱09361947124 📱09910607623 📍#Mashhad
holidaysmarket,channel,Legit Roblox Aknerio,96,
roozarz,channel,روز ارز - نقد و بررسی ارزهای دیجیتال,77,کانال روز ارز معرفی و بررسی پروژه های کریپتوکارنسی کانال اعلام لحظه ای قیمت ها: @roozarz_prices  وبسایت : https://roozarz.com
testirapagntng,channel,𝑹𝑨𝑷𝒁𝒀 𝑫𝑬 𝑳𝑨𝑽𝑰𝑬//𝟗𝟗//🇦🇱🇦🇱,45,
rooz7aa,channel,اراء المعلنين باعلانات روز 😍,39,
nkcuj,channel,مـتجر روزيrose,52,💕 هلا وسهلاً بمتجرنا  َ 💕 كل ما تحتاجينه بمكان واحد َ   💕 مكياج |  عطور |  ملابس |  إكسسوارات َ 💕 جودة تليق بذوقك وأسعار تناسبك  َ 🚖 توصيل لجميع المحافظات َ 📩 للطلب راسلونا خاص // @ilb_2000
modplusnewsen,channel,ModPlus®. News,29,"We remove routine from Revit, AutoCAD, and Renga so you can focus on what matters most  ⚡ releases and new features ⚡ tips and life hacks ⚡ real project case studies  Subscribe — with ModPlus plugin, you work faster and make fewer mistakes  🌐 modplus.org"
rusline_rbx,channel,канал ржд,47,
tooflyrb,channel,TOOfly Airlines | Roblox,22,
roseateress,channel,♡. roseate archive,4,
beskone4n_ve4n,channel,Немыслимая всратость бытия,241,"если заболит,я спрошу у доктора стал бы он налимом или окунем вашими молитвами над иконами греется кадило и дымок идёт в каждой секунде счастье заложено просто и сложно,хотеть невозможного я был и вот-вот ничего не останется, но в эту секунду,ты улыбайся"
dstrnsdhnt,channel,дизастер не сдохнет,450,мельтешение жизни
vbagnet,channel,vBagnet,43,Анонси стрімів та всякого неподобства 😈 За співпрацю пишіть @v_Bagnet
timiryazevkaa,channel,Тимирязевка,67,Декрет Бешеного
deeplearning_biothermo,channel,سمپوزیوم یادگیری عمیق و ترمودینامیک در پزشکی پیش‌بینانه,37,اولین سمپوزیوم مدل‌های یادگیری عمیق و ترمودینامیک زیستی در پزشکی پیش‌بینانه   ۲۹ بهمن ۱۴۰۴ دانشکدگان علوم و فناوریهای میان رشته‌ای؛ دانشگاه تهران  ارتباط با ادمین @mfy1978
portfolioriskbot,bot,Portfolio Risk Analysis,,📊 ربات هوشمند سنجش اهداف و شخصیت مالی سرمایه گذار
carel3ssness_bot,bot,unend1ng lov3¿,,
setademodiran,channel,کانال ستاد مشترک مدیران پادشاهی خواه,1683,کانال رسمی #شاهزاده_رضا_پهلوی  https://t.me/OfficialRezaPahlavi  اخبار ستاد؛  @akhbaresetad
oiubvcxxbh,channel,تاریخ پهلوی به روایت اسناد,357,این کانال متعلق به گروه جمهوری سکولار ایرانی می‌باشد لینک‌ چت و‌‌گفتمان گروه‌ https://t.me/cvgfdsi
new_pahlavi_nameh,channel,پهلوی‌نامه,18,سوابق؛ معجزات؛ افتخارات؛ و دستاوردهای قدرنادیده‌ی خاندان ایران‌ساز پحلوی
shuohuaxia,channel,Китай — Вавилов,145922,📕 закрытый канал https://boosty.to/shuohuaxia 🤝 реклама и сотрудничество @alkostyukova  🤝 для связи @vavilov_assistant 📕 по вопросам книг @vavilovbook  🔺YouTube https://www.youtube.com/@nnvavilov  https://clck.ru/3RrjYA
srabazpahlavi,channel,🤴 سربازان گارد جاویدان شاهنشاهی ایران 🤴,410,👑 سربازان گارد جاویدان شاهنشاهی ایران 👑 ( اخبار لحظه ای ) جان فدای خاندان پهلوی ✌️❤️👉
navidwahraman,channel,Navid Wahraman,134,✍🏻 Daily Updates on the Iran War and imperialism  👨🏻‍🎓 PhD in Middle East History  📍 Tehran
isargaran_pahlavi,channel,جبهه رزمندگان ایران آزاد,220,حفظ تمامیت ایران، احیای آزادی، و بازگرداندن شأن ملت.
carlidtos,channel,B—all—in.,122,I am a sudden burst of energy on the sunlit courts: @uAlcaraz.
asriran_magen,channel,Asr Iran magazine |asriran international,50,Official Channel of Asr Iran English Magazine  Patriotic Iranian Magazine  First Established: 1937 Rebuilt: 2023  Director-in-Charge: Matiar Dadkhah| Editor-in-Chief: Shahin Khatibi  Contact: @its_ne9  Sub-group of the National Party of Asr Iran
russiaempirehis,channel,поместье истории,522,инфо: https://t.me/infmanorofhistory предложка канала: @manorhistory_bot https://t.me/boost/russiaempirehis
tarikhaneh_ir,channel,تاریخانه | Tarikhaneh,169,تاریخانه؛ روایتگر تاریخِ فراموش‌شده 📚 ناگفته‌هایی از تاریخ ایران 📖   https://www.instagram.com/tarikhaneh_ir
lektorij2024,channel,РДС. Лекторий,497,Ресурс в составе РДС предназначен для проведения лекций по различным направлениям и их обсуждения. Чат Лектория РДС: https://t.me/Lektorij2023
info_shahyar,channel,انجمن شهیار,150,وبسایت :  shahyar.fi اینستاگرام:  https://www.instagram.com/shahyar_info/ صفحه X: https://x.com/shahyar_info
cross_and_sword_antizog,channel,Крест и Меч,421,"Монархо-фашистский канал (всё, что выкладывается в канале - постирония).  Бог! Царь! Нация!"
gogamagoga88,channel,Консервативная революция в России,547,авторский канал Владимира Можегова
monarchistai,channel,Lietuvos Monarchistai,245,"„Lietuva, Tėvyne mano! Tu esi lyg sveikata – tik tas supranta, kiek esi brangi, kas tavęs neteko.“ — Adomas Mickevičius"
alibookworld,channel,ALI BOOK WORLD,61,
arshivpikaniranshahr,channel,🏹آرشیو پیکان ایرانشهر🏹,42,
togethereco,channel,Together Association جمعية معاً,1939,قناة جمعية معا لحماية الانسان والبيئة الرسمية  Together to protect the human and the environment association’s official channel  عضوية الجمعية 👇Together membership https://togethereco.org/members.php?lang=ar
vestykaytaga,channel,Вести Кайтага,807,НеОфициальный канал администрации Кайтагского района (резервный)
anamcara_events,channel,🌅Holistic Culture & Conscious Events in Heidelberg,503,
altaishaman,channel,Алтайский шаман,407,"Предсказываем политическое будущее, живя в настоящем. Алтайский край и Республика Алтай."
volkovandsych,channel,Волков и Сыч,256,
komunisthareket,channel,TKH'nin Sesi,224,www.tkh.org.tr
mikalich333,channel,Микалич «НА СВЯЗИ»,158,Показываю жизнь артиллериста на СВО🤙
download_farsii,channel,دانلود فارسی,522,⬇️دانلود فارسی بهترین سایت برای دانلود نرم‌افزار، بازی، فیلم و آموزش در ایران  ✅لینک مستقیم ✅ رایگان ✅سرعت بالا  ✅ترافیک نیم‌بها   🕸 https://lru.ir/dtelbio
iran_news_market,channel,"""Iran_news"" ایران نیوز",129275,مهمترین اخبار سیاسی و اقتصادی روز ایران و جهان را اینجا با ما دنبال کنید 🌎📡  سیاست به زبان ساده✔️ هر آنچه که ارزش خواندن دارد✔️  ارتباط با ادمین و ارسال گزارشهای مردمی👇   @admiin_Inm
turkmedia_iran,channel,-• 𝗧𝘂𝗥𝗸𝗠𝗲𝗗𝗶𝗔 •-,15044,"[This Channel is not intended to violate any condition of use. Copyright Disclaimer Under Section 107 of Copyright Act 1976, allowance is made for ""fair use"" for purposes such as criticism,comment,news reporting,] ارتباط : @MmReZa_or"
thehivetoken,group,The Hive,411,The Hive Token
mahakslittleroom,channel,ماهکی که ماه نبود.,405,“زن زندگی آزادی”  حس کردم اگر ننویسم می‌میرم. تنها و با دیگران. مشتاق و مهجور. سلفون چسبیده به کیک. سرباز کف خیابون. هنوز سبز.  صرفا جهت یک طرفه نبودن ارتباط. https://t.me/BiChatBot?start=sc-e4069fb991
ahyetskz,channel,ахуеть скизы || this & that,213,skz manager⁰⁵⁰⁶ #straykids  анон – @rumaworld_bot  ★ начало: 13.O5.2O24
arshiaobito,channel,Arshia Obito,181,سلام خوشتیپ  http://t.me/HidenChat_Bot?start=8155118455
aga30bil,channel,. . .🫐🏳‍⚧🏳‍🌈,129,@AGASIBILOSBot  ناشناس دیگه که واقعاً آیدی معلوم نیست: http://t.me/HidenChat_Bot?start=6673986825
amin_raw,channel,AMN_RAW,68,محمد امین صدای خیابون، روایت بی‌سانسور🫡 تو میکروفون هیچکس امن نیست😉
kmoonbow,channel,花咲く,58,𖠌 : http://t.me/HidenChat_Bot?start=5423575281   @ijkami Ი𐑼
mak3emsuffer,channel,زوال عقل داری بنظرم هرچه سریع تر خودکشی کن تا قبل از اینکه یکی مثل من با اره برقی وسط خیابون بیوفته دنبال کون چاقت خوک تپل مپلی,73,پسرم اقا بقران پسرم چرا نمیفهمید دیوونه خونهٔ کودی آی گس۲ شاید سلف هارم هم اپلود کردم حالا تو در نظر بگیر که میکنم تا بعدا به کس و کونت برنخوره @kysformebot
hiveboardgame,group,Hive: the boardless game,44,
higabanas,channel,‍‍‍ ‍‍‌ 𝘏𝘪𝘨𝘢𝘣𝘢𝘯𝘢,19,"𝘌𝘷𝘦𝘯 𝘥𝘦𝘷𝘪𝘭𝘴 𝘥𝘰𝘯’𝘵 𝘯𝘦𝘦𝘥 𝘤𝘰𝘳𝘯𝘦𝘳𝘴 𝘰𝘧 𝘥𝘢𝘳𝘬𝘯𝘦𝘴𝘴 — 𝘴𝘰𝘮𝘦 𝘸𝘢𝘭𝘬 𝘵𝘩𝘦 𝘴𝘵𝘳𝘦𝘦𝘵𝘴 𝘪𝘯 𝘴𝘶𝘪𝘵𝘴, 𝘸𝘪𝘵𝘩 𝘣𝘭𝘰𝘰𝘥 𝘴𝘵𝘪𝘭𝘭 𝘤𝘭𝘪𝘯𝘨𝘪𝘯𝘨 𝘵𝘰 𝘵𝘩𝘦𝘪𝘳 𝘴𝘮𝘪𝘭𝘦.🎭🩸"
samsyria0,channel,🇮🇷خیابون انقلاب|En St🇵🇸,42,اینجا به تصرف خیابون انقلاب در اومد لینک کانال ما: @enghelab_st
iwaaane,channel,إيوان الخَبايا,13,A neurodivergent CS aspiring oneirologist
fieshhoghoghi,channel,🇮🇷خیابون انقلاب|En St🇵🇸,21,ادامه ی فعالیت: @enghelab_st
hlabasbot,bot,HAbas,,
haitangine_bot,bot,پیروان مکتب شیزون,,╭∩╮( •̀_•́ )╭∩╮
yumichbot,bot,yumi :3,,
makaka67_bot,bot,heirianon,,
ro1hbot,bot,‌‌ ‌rohaberry ༢·͙,,
hereticsurfacebot,bot,Nakano,,
hugthelittledemonbot,bot,𝘏𝘶𝘨𝘛𝘩𝘦 𝘓𝘪𝘵𝘵𝘭𝘦 𝘋𝘦𝘮𝘰𝘯.,,𝘙𝘰𝘴𝘦𝘴 𝘢𝘳𝘦 𝘳𝘦𝘥 𝘝𝘪𝘰𝘭𝘦𝘵𝘴 𝘢𝘳𝘦 𝘣𝘭𝘶𝘦  𝘔𝘳. 𝘕𝘢𝘬𝘢𝘮𝘰𝘵𝘰 𝘠𝘶𝘵𝘢 𝘐𝘴 𝘩𝘰𝘵𝘵𝘦𝘳 𝘵𝘩𝘢𝘯 𝘺𝘰𝘶.
karinacupidone_bot,bot,Мейби,,
hasibaaabot,bot,میخوانم🦢,,حتی پیام های کوچیک اماااا مثبت:)
ewti9,channel,ذِكر,2313,لا حَول ولا قوة إلا بالله
l_hir,channel,𝑵,57,
izlagatelnaya,channel,Излагательная,152,Тут я буду излагать пока опять в порыве ярости не удалю канал
sadobistohaftband,channel,127 Band,5524,127Band که ما یک مشت فریب خورده ایم، از سرنوشت چه باک!؟
rl2l6l,channel,ـ لُبنىٰ،بن،نَاصر .,455,ـ قليلٌ من النثر وكثيرٌ من المعنىٰ .
liwedanseww,channel,Лиданс (Невралгия),26,Смертельно
daneyzhelietochance_sh,channel,「 rest 」𝐂𝐡𝐚𝐧𝐜𝐞'𝐬,29,"!! Шанс бывает разным: циничным, рассеянным, даже романтичным. Если сегодня он не в образе — возможно, день у него не задался. Или у меня. Улыбнёмся и забудем.  cr: пинтерест сапп: секрет🤫 (нет, это не псевдо, а тайна. Просто люблю чеховские ружья)"
looniiprivetstvyet,channel,~Eho~,16,
alw_7,channel,دواهـّي,810,لقيت الشعر مجلاسّي
zhinanevis,channel,پنجره‌‌,424,پنجره‌ای  به اونچه که من هستم؛ یک داستان‌نویس که روان‌شناسی میخونه و عاشق بابونه، درخت ، جزئیات و قصه است... با من اگه کاری داشتی: @jinahameveysi
maj_noon315,channel,"""مجنون|majnoon""",42,‌حُر ریاحی با تو شد حُر حسینی ¹²⁸  . . . https://t.me/HarfChatBot?start=edf78dce63bc
xiaovenc_ch,channel,My dai Hell in other people,68,Оселя думок пані Сяовенк. Контейнер для її любимих мемів Вмістилище замальовок та писанин. Й купа всілякої всячини @xiaovenc
hangiver17000,channel,HanGovEr,113,🕷️🪫
helinor7,channel,•ʜᴇʟɪɴᴏʀ•,36,"🌚Helinor🌝 born from two minds, shaped by endless ideas."
doranejavaniii,channel,"""دورانِ جوانی""",4,دانشجویی در جست‌وجوی علم، ادبیات، هنر و زندگی...
archivehumanaugly,channel,humanaugly #unsound #getbloodpills,510,"ww/ baby cute, huzzy b, mapt0v, n01r, heymylan, crocodiller, vampviolence, молодой рубль, eternalshape, ixybxy.999  sc/vk free (must credit me) mp3 - 1000₽ or 15$ wav - 1500₽ or 20$ track out - 3000₽ or 40$  exclusive from 7000₽ or 90$ @swa4g"
yurik_sss,channel,юрик,208,связь @m1qkuut
juwaly,channel,"juwaly, what's next? #OXY_GEN",65,i will always love you
uak1ilan,channel,uak1ilan // glass saints,31,Мой рабочий ак- @uak1ilann
owulw,channel,0wu music,19,#zombie  zombie gang: t.me/z0mbiegang  sc: engpeople  реклама/сотрудничество: @projectncuxa
yuwon_solo,channel,{🎏}𝓨𝗨𝗪𝗢𝗡,7,
pravpsyanastasiadulova,channel,Психолог Дулова Анастасия,524,"Православный ЖЕНСКИЙ психолог.  📖 АВТОР психотерапевтических сказок и марафонов.  О сложном — просто, о главном — ясно.  Превращаю сложные понятия психологии и веры в простые инструкции для жизни.  Связаться со мной: @Dulova_Anastasiya"
allahomasalealamohamadvaalehi,channel,نُورٌ عَلیٰ نُور,2076,يٰا صاحِبَ كُلِّ وَحيد وَ يٰا مونِسَ كُلِّ فَريد
noah07070707,channel,نُوح | 🌊,313,بِسمِ اللَّهِ مَجراها وَمُرساها  | 🌊 من أحبَّ ألّا ينقطعَ عملهُ بعدَ موتِه فلينشر العِلم.
kesherrussia23,channel,Киннор Россия,698,
drcabdicasiis,channel,قناة د. عبد العزيز محمد نوح,1163,https://www.facebook.com/Drabdicasiis
templonuevavida,channel,Templo Nueva Vida,165,Canal de Templo Nueva Vida https://www.templonuevavida.ca/  ➡️  Aquí encontrarás:  🔴 Enseñanzas y prédicas de Templo Nueva Vida. 🟠 Resumen del mensaje dominical. 🟡 Activiades de la iglesia. 🟢 Anuncios oficiales.
qdnpactu,channel,Quoi d'neuf Pasteur ? - l'actualité,75,Toute l'actualité de Quoi d'neuf Pasteur ?
niikpricelist,channel,لیست قیمت لوازم تحریر | نیک استور,426,آرشیو لیست قیمت محصولات نیک استور @Niikstore  ✨ اطلاعات بیشتر :  @Niik_support
whereisnik1,channel,NIKI IS HERE!!!/D$B,215,"Rap, eat, work, repeat"
tangerine_sbfm,channel,Tangerine 🍊,580,Тематический канал Тангерины - маскота сообщества Smug Bitches From Mars 🛐
gingertheraccooon,channel,Pedro Raccoon Ginger | $GINGER,238,
cryptamc,channel,CryptaMC,592,🎁РОЗЫГРЫШИ ПОДАРКОВ 🎁 ⭐️Про криптовалюту и заработок⭐️ ⭐️Новости и обзоры игр ⭐️  Contact: @Ton88not
vgowintele,group,VGOWIN - VIRAL GAMING ONLINE,209,
snoogenss,channel,snork🪕,249,"(!) в канале может присутствовать нецензурная лексика насчёт трейдов, мью, можно написать в соо канала или мне в директ, я всегда за!!! (почти)"
fischrin,channel,❤️‍🔥𝕿𝖎𝖒𝖊𝖑𝖞 𝕯𝖚𝖗𝖎𝖓&𝕱𝖎𝖘𝖈𝖍𝖑🦇,28,Cr art: hooooockkki
giperchudovisko,channel,Щоденник Пінгвіна,65,
matwinbeat,channel,matwin,73,биты  тгк с треками-@matwin11  лс-@matwin1
cosmopenguin,channel,Пингвин из космоса,68,"Собираю и крашу миниатюры Warhammer 40000, обмазываюсь Nintendo, иногда стримлю: https://twitch.tv/cosmopenguin"
pinguin_view,channel,Зарисовки пингвина,20,"Просто мысли, в одном потоке.   То, что меня окружает. Фото, сообщения, мысли, привязанные к  окружающему и нет."
ezhkinshop_info,group,Ежкин шоп ИНФО,9,
raminpoormand,channel,رامین پورمند|فلسفه|تاریخ|هنر,109,
shamshyraqbol,channel,sham-shyraq,2357,• shyğarmashylyq • suraq-zhauap • tuigenderim
haghighttalabanerasekh,channel,حقیقت طلبان راسخ,860,اخبار سیاسی، اجتماعی، اقتصادی، فرهنگی و دینی با فوروارد کردن این خبر دیگران را مطلع فرمائید
maia_academy,channel,Maia Academy,495,با مایا آموزش ببین، از آخرین مطالب مطلع باش و حس فناوری و نوآوری رو تجربه کن.   Website: coming soon Founder: @rezaentez Admin: @maia_admin
qazvinnews_ir,channel,قزوین‌ نیوز,8456,قزوین‌نیوز صدای مردم #قزوین است  🇮🇷 Qazvinnews.ir   ارتباط با ادمین👇 @qazvin_admin .  .  سایر شبکه‌های اجتماعی👇  https://zil.ink/qazvinnews_ir .  .  .  ❗️مسئولیت کامنت‌ها با منتشرکنندگان است
madaniy_antropologiya,channel,Anthro,57,"Madaniy antropologiya – insonlarning turli dunyolarini oʻrganuvchi fan. Qabilalardan shaharlarga, sehrdan TikTok trendlarigacha boʻlgan sayohat! 🌍✨"
semurgh01,channel,موسسه فرهنگی سیمرغ,97,♦️ سیمرغ، یک نهاد غیر انتفاعی است که با اشتراک جمع کثیری از اندیشمندان و فرهنگیان در حوزه تمدنی فارسی اساس گذاری شده است. 🌐 semurgh.com
isqsconf,channel,همایش محیط زیست و فرهنگ و تمدن اسلامی,112,ارتباط با ادمین @isqs_admin سایت همایش http://www.isqsconf.ir
ravyaneeshgh633,channel,ستارگان پرفروغ,43,وقایع انقلاب ،دوران دفاع مقدس و جبهه مقاومت، زندگی نامه ، خاطرات ، وصیت نامه ، عکسهای یادگاری شهدا و همچنین خاطرات رزمندگان شهرستان دامغان. موسسه فرهنگی هنری ستارگان پرفروغ  و ستاد کنگره شهدای شهرستان دامغان.
ignou_pune,group,IGNOU RC Pune,394,"1st Floor, MSFC Building, 270, Senapati Bapat Road Pune, 411016 Maharastra  Ph:- +91-020-25671867 Regional Director Mobile 9441929218 Fax:- +91-020-25671864 Email Id:- rcpune@ignou.ac.in"
ignou_kohima,group,IGNOU RC Kohima,175,"Near Mt. Hermon School, DBHSS Road Kenuozou, Kohima – 797001, Nagaland, Contact No.: 0370 – 2260366 / 167, Tele Fax: 0370 – 2260216, E-mail: rckohima@ignou.ac.in, Website: www.rckohima.ignou.ac.in"
cityopenru,channel,Стерлитамак | Новости | События | Люди,6721,Официальный канал медиапроекта Ситиопен.рф  web: cityopen.ru vk: vk.com/cityopenru max: max.ru/cityopenru  Реклама в канале - https://cityopen.ru/nhux По рекламе писать в сообщения канала
cityornft,channel,City of NFT,539,Добро пожаловать в только начавший свой путь Telegram-канал „City of NFT” в котором вы можете выиграть крутой NFT подарок и узнавать все о мире подарков и Telegram  Связь-@PaveIDurov52
sun_city_tai,channel,SUN CITY | Консьерж-сервис в Таиланде,237,Проект @Moss_Group_official  Сервисы в Таиланде:  📍 Фаст-трек и зеленый коридор  📍 Страхование жизни и имущества 📍 Визы и документы  📍 Обмен валюты   Поддержка 24/7
sunnynyasity,channel,В Ня-сити всегда солнечно🌅,86,"Город котяток  Место обитания артов, мемов, возможно музыки и бреда админа.  Чатик (тут гладят падпищеков) - @catcafenyasity"
sgnchat,group,Солнечный город Чат 🔥,340,Чат соседей. Обсуждаем новости.  Новости солнечного города https://t.me/sgnevs
cityofstars777,channel,𝒮𝒜ℳ𝒜 彡,100,"In here, I was invisible. I could be whomever I wanted.  In here, I wasn’t hiding."
cityofmymind,channel,⊰ La La Land,96,•̀.𝐖𝐞𝐥𝐜𝐨𝐦𝐞 𝐭𝐨 “ 𝑳𝒂𝑳𝒂 𝑳𝒂𝒏𝒅 🪻  𝐈𝐍𝐓𝐏  ‌｡.ﾟ𝐔𝐧𝐤𝐧𝐨𝐰𝐧 : @LaLa_Tell_Bot   ♫︎ 𝐏𝐥𝐚𝐲𝐥𝐢𝐬𝐭 : https://t.me/+KH7hkb7KLV1kN2I8
sunshinesentmy,channel,☘️ Sunshine 🍀,48,"Приветули мои вампирята! Я тут буду выкладывать всякое, так что не строго!  Мой юз: @Asi_figj_as Мои книги (если вы любители читать): https://t.me/Asifigjasuma_09112010 Щп: https://t.me/sunshine_Asi_fifj_ok"
number8life,channel,Son.of.Sun,16,
summer_kids_msk,group,Летний клуб на Молодёжной 🪁,43,
cityofsevenhills,channel,семь холмов город,58,вымышленная роль
cityopen,channel,Ситиопен.рф,42,
gelendzik_2024,group,Геленджик ЧАТ-Туризм-Вакансия-Новости,80,
kashiecityoflight,group,Kashie City of Light,8,
sunpridetoken,group,SunPrideToken,14,"* Total Supply : 1,000,000,000,000  * TXFEE : 4%  * BURNFEE : 2%  * CHARITYFEE 1%  * www.sunpride.org"
anton_x_fujifun,channel,bitsofvisualnoise,10,
cee_fusion_feedback_bot,bot,CEE Fusion Feedback,,Бот зворотнього зв'язку із адміністрацією «Ф'южена»
weather24rubot,bot,Weather Bot,,Покажет погоду в твоем городе
cityofscience,channel,暗之城 - 至日之城,1,
sarkam_jovanroo,group,گروه سمساری شاره که م جوانرو,7460,✅✅تنها گروه رسمی سمساری جوانرود  گذاشتن لینک ❌  چت ممنوع❌  اجناس خود را با شماره همراه یا قیمت درج کنید حتما ✍️  ✅گروه به صورت خودکار (از 9صبح الی 12 شب فعال می باشد)   ✅حق عضویت ۲۰ نفر ادد کردن   https://t.me/joinchat/AAAAAFcwZE0AgPbj3fIiPQ
plywood_market,group,Plywood Market,185,Связаться с нами 📞+79091349009 📞+79315179724  Строим модульные сооружения: дом|сауна|геокупол|глемпинг
persiiian_news,channel,PERSIAN NEWS پرشین نیوز,770,هدف این کانال بازنشر اخبار های مهم و حقیقی برای آگاه شدن مردم است «اندیشه،اندیشه را اصلاح میکند!» 💠کانال های اصلی اپوزیسیون ری استارت💠 @pastonews @semohos1 @radiorestart 📣کانال یوتیوب لیدر ری استارت📣 http://www.youtube.com/HosseiniTV
aipersian,channel,AI Persian,28,
f_resaneh,channel,اخبارفرهنگ،هنر و رسانه,298,
persian_mlp,channel,PersianMLP | پونی کوچولوفارسی,560,🦄Persian MLP  🌱Growing together  🛩 @Persian_MLP_Bot   🏘Group:https://t.me/+xEyhNhoXQ2hkM2M5
divinepersian,channel,dead but pretty,170,just a teenage dirtbag <2 ͙͘͡★: t.me/wtpoa
persbookevent,channel,Persbookart,286,◾️Contemporary Iranian Art ◾️ wwwpersbookart.com/
capersian,group,California Persians Group ایرانیان کالیفرنیا,166,گروه ایرانیان کالیفرنیا از سال ۲۰۱۶ فعال است و بیش از ۷۵۰۰ عضو دارد. می‌توانید با عضویت در هر دو گروه تبلیغات خود را از طریق هر دو درگاه منتشر نمایید. آدرس فیس‌بوک و اینستاگرام *www.facebook.com/groups/capersians *www.instagram.com/californiapersians
dan_myas8,channel,dan_myas,11757,Сотрудничество 📩 myasnikov@didenokteam.com  РНК: https://gosuslugi.ru/snet/67dac541d0f339346a9e1432
my5fans,group,MY5 📺 FANS,1129,"✅ ""MENING YURTIM"" TELEKANALINING RASMIY SAHIFASI  ☎️ +99855 500-05-95 🌐 www.my5.media 📱 instagram.com/my5tv 💻 facebook.com/my5tv 🎬 youtube.com/@MeningYurtim"
golshaneviran,channel,گلشنِ ویران.,136,*تنها مجله رسمی منتشرکننده نشخوارها، تجارب و نظرات شخصی فردی قشنگ تر از پَری‌آ. *همه‌چی‌ از اون شب شروع شد که به حرف شهرام شب‌پره گوش نکردم و تنها رفتم تو کوچه. *صاحبِ قلمی از جنس اشک. *مسافرکش قدیمی خط بهشت-جهنم. *امیرالموئمنین‌(ع) فَن. *آنتی‌عرزشی.
mahiresancom,channel,ماهی رسان,11,
helmo_best10,channel,𝑯𝑬𝑳𝑴𝑶x𝑹𝑶𝑳𝑬𝑿 𝑪𝑶𝑵𝑻𝑰𝑵𝑬𝑵𝑻 🇮🇷/🇪🇺,1017,HELMO N3 IR ROLEX N2 IR GAP: https://t.me/HELMO_GAP1 PV: @Skyprim1 PV: @sahand_9i9ii
barcelona10fati,channel,BARCELONA_PHOTO AND VIDEOS🔵🔴,230,
ebrahim_1364,channel,«ابراهیم»,77,مجموعه فرهنگی مذهبی ابراهیم
pashabest10,channel,𝐋𝐀𝐒𝐓𝐄𝐑 𝐄𝐌𝐏𝐈𝐑𝐄🇪🇺,163,OWNER @PashaBest_Pm1  MANAGER @armybest77
ww8567,channel,🔞T·W鹹濕爆漿|成人俱樂部,158,
wishessmops,channel,wиша doлл r6🌪,20,
wiosuebot,bot,анон ви 💗,,Отправь что угодно анонимно!
neptune4madrid,channel,NEPTUNE مذكرات ~,146,حتى لا يؤتى الإسلام من ثغرٍ اؤتمنّا عليه وأوكلَ إلينا..🖤💫
n3vreidd,channel,спим NEVREID,155,owner - @H1R0SM
xwnesss,channel,Ness,330,TCT Project Wanna see u split   Анонка: t.me/askifybot?start=bp5ua  Inst: xwness Tiktok: xwness
deceasnd,channel,nemesis.,31,"but what if it's you, and it wasn't me?"
nontide,channel,харве алебингус🌭,67,"меня зовут Нонтайд и это мой арт-канал, всем привет(๑•ૅㅁ•๑) Я могу появляться редко по разным причинам, я извиняюсь за доставленные неудобства!!  @uhohthisisfreakynontide — личка админа🖍️"
nasteeza,channel,nestea☕️,49,
niro_ai,channel,НИРОСЕТЬ,14,= БЫЛО И БЫЛО =
dokhtani_update,channel,اطلاعیه بروزرسانی ها,143,در این کانال اطلاعاتی در مورد پکیج ها(دوره های آموزشی) و تایخ بروزرسانی اعلام خواهد شد.
arcanisresources,group,.·:*𝙍𝙚𝙨𝙤𝙪𝙧𝙘𝙚𝙨,69,منبع اطلاعاتی دنیای آرکانیس (رونترا) . کانال اصلی: @ArcanisRP نیوز و توییت: @Arcanistweets
nowruz_media,channel,Nowruz Media | رسانه‌ی نوروز,22,نوروز؛ رسانه‌ای برای مهاجران افغانستان در آمریکا  📢 رسانه‌ی نوروز یک پلتفرم خبری و اطلاعاتی دیجیتال است که با هدف ارتقای آگاهی، توانمندسازی و تقویت مشارکت مهاجران افغانستان در ایالات متحده آمریکا تاسیس شده است.  📱 @NowruzMedia 🌐 www.nowruzmedia.com
seday_teh,channel,صدای تهران | خبر فوری 🔖,131356,اخبار فوری تهران   با بیش از ۸ سال سابقه  تبلیغات : @almas_tablig  ارتباطات : @mar_1377
sedasarkisyan,channel,Seda Sarkisyan,192,🖤 Welcome to my world🖤
sedaye_nahnjar,channel,صدایِ ناهنجار,388,پادکست صدایِ ناهنجار  #صدایی_که_باید_شنید 🪑
tstreserve2,channel,Чтобы помнили! (ТСТ 2.0 Резерв),260,"Какая же будет ломка у этих людей, когда они увидят истинную суть вещей. Основной канал https://t.me/tuzemniysovet"
akira_listens,channel,Void theory,35,if ya understand this channel u’re already too far gone
molodezhkanf_respadygeya,channel,Молодёжка Народного Фронта - Республика Адыгея,85,"«Молодёжка Народного Фронта» - это народная команда, которая творит перемены уже сегодня! Мы делаем добрые дела по всей стране, и с каждым днем наша команда становится все больше."
sallah_mobiie,channel,Sallah Online Mobile,11440,کانال رسمی صلاح آنلاین مبایل در تلگرام  Admin: @Sallah_PV  Telegram: @Sallah_MobiIe
tasmim6017,channel,تصاميم الحرمين,5224,التطبيق : tilawatalharamain.com
neyro_school,channel,НЕЙРОсети ИИ курсы ШКОЛА уроки,643,"Научись использовать ИИ и НЕЙРОСЕТИ!  Узнавай как сэкономить  деньги и время, подпишись на наш канал и получи доступ к эксклюзивной информации. Связаться с нами  📨 @verarubanova"
neonizee,channel,•°○NEONIZE○°•,142,Добро пожаловать в жизнь неонайз!
neuchihoroshemu,channel,Нюхи обнюхались,12,Нищенская команда которая создаëт видеокомиксы Че
annadineeva_tcway,channel,Анна Динеева: трансформация творчеством,15,"Сертифицированный Специалист НейроГрафики Сопровождение проектов: личных и командных, творческих и профессиональных"
mitboyart,channel,MitBoy arts,6,
h1roside,channel,hiroside,2,
tomokoborea,channel,ТОМОКОБОРЕЯ,343,
ajam_1924,channel,عِتَاب,114,"""وخوالك يام وقبل يام عجمان"""
strogo,channel,Строго по-пацански,130,
radarkhabar_ir,channel,رادارخبر,36883,رادارخبر، سریع‌ترین و دقیق‌ترین اخبار از سراسر دنیا  اگر اخبار، گزارش‌ها، تصاویر یا ویدئوهای جالب و مهم دارید، می‌توانید از طریق آیدی زیر برای ما ارسال کنید: @Radarkhabar_Admin   تبلیغات👇 @RadarKhabarAds
newsskhabar,group,🇮🇷اخبار جنگ🇮🇷,821,🇮🇷ایران قوی🇮🇷
chamedankhabar,channel,چمدان خبر,828,پایگاه خبری گردشگری ایران _ چمدان خبر 📰  مصاحبه، تحلیل و گزارش‌‌های ویژه 🎤 به‌روزترین اخبار حوزه گردشگری را این‌جا دنبال کنید   جهت کسب اطلاعات بیش‌تر، به سایت مراجعه کنید: chamedankhabar.ir  شماره مجوز پایگاه خبری ۹۶۵۹۰
markusmingers,channel,Mingers.,4523,https://linktr.ee/markusmingers
theothereurope,channel,Другая Европа,625,Бот для связи @TheOtherEuropa_bot Канал о Другой Европе и мире в котором сохранилась нормальность
oneworldclick,channel,"Визы, гражданство ЕС, США, Карибов | OneWorldClick",187,Сервис по международной интеграции🌍 По всем вопросам писать сюда👇🏼 @OWC_help_bot
nomaddiary,channel,Тот еще писака,53,"Личный блог одного кочевника, который в данный момент обитает в Дании 🇩🇰"
lospollosblog,channel,LosPollos,178,LosPollos is an affiliate program powered by smartlink technology for traffic monetization. Our ad platform matches every click to the best-performing campaign across all GEOs.  RU - https://t.me/lospolloscom
snikers2171,channel,АЕК[AEK Athens F.C.],51,Канал главного тренера Сникерса
snushanerne,channel,Snushanerne 🇩🇰 Danmark 🐺 (SusLightWorker),50,🇩🇰 DANMARK. Sandheder. Løgne. Det hele kommer op til overfladen. Både inde i dig og ude i den store verden. Fra mørke til LYSET.  #TheGreatAwakening #savethechildren #servicekanal
unitedbymrarrtist,channel,United by mr.arrtist,34,"Моя честная реакция на всё, что связано с Евровидением.  Моя основа: https://t.me/misterarrtist"
infarsims,channel,"STSL 🇫🇮🇪🇪 | TUSC, SVSC, Xeno",27,инфаролэнд дебютирует на евровидении
summervisiondenmark,channel,[🇩🇰] 𝐒𝐀𝐄𝐑𝐈𝐍 | 𝐃𝐄𝐍𝐌𝐀𝐑𝐊,6,
durakstammtisch,channel,Durak Stammtisch,539,offener Durak Stammtisch
parstodayindonesian,channel,ParsToday Indonesian,1297,Parstoday menyajikan narasi berbeda berdasarkan fakta.
shahrfarshofficial,channel,کانال رسمی شهر فرش,1590,‌شهرفرش 🔶نخستین هایپرمارکت تخصصی فرش و تابلو فرش🔶 www.ShahrFarsh.com ۰۲۱۴۸۰۶۲ ارتباط با ما:  @ShahrFarshPR1
cnbooks,channel,cnbooks |کتابخانه مدرسه طبیعت,592,طبیعت؛ نخستین مدرسه
ikazemiom,channel,گارد جاویدان شاهنشاهی ایران🤴🏻,37396,✅Insta : Kazemiom ✅Insta : ikazemiom ✅TikTok : Kazemiom ✅Youtube : Kazemiom ✅Twitter(X) : kazemiom
iranimmortalguard,channel,🛡گارد جاویدان ایران🛡,52,تاریخ شروع فعالیت : 12 بهمن 2583
iran_i_1819dey,channel,¹⁸|¹⁹,137,18 و 19 دی خونین ایران #به‌یاد36000جاویدنام  https://t.me/iRoChatRobot?start=sec-ihicjfigdb
aryamehr_iraan1,channel,سࢪزمیݩ ݩجیب زادگاטּ شݼا؏,75,جایے بࢪاےڪسانےڪہ قلبشان  بࢪاے هـم‌ۅطـݩشـاטּمیتپہ🤎   @iran_Azad1bot
javidnamanshirokhorshid2584,channel,جاویدنامان شیروخورشید ۲۵۸۴,17,
mrtahlilgar1400,channel,آقای تحلیلگر,644,برای ایران و به حرمت مسیری که به برکت خون سربازان🇮🇷 وطن طی شد....  دعا کنید تلاش ما برای رضای خدا باشد....  آقای تحلیلگر🇮🇷✌️
iustsoldiers,channel,اطلاع رسانی سربازان دانشگاه علم و صنعت ایران,375,ارتباط با ما: 🔹️آدرس:  دانشگاه علم و صنعت ایران، ساختمان پژوهشکده خودرو، معاونت پژوهشی،طبقه اول، دفتر امور پژوهش.  🔹️ایمیل: Sarbaz@iust.ac.ir
yaran_imamzaman_313_313,channel,سربازان امام زمان (عج),21,‌‌‌‌‌‌‌‌‌‌‌‌‌‌‌‌‌‌‌‌‌‌‌‌‌‌‌‌‌‌‌‌‌‌‌‌‌‌‌‌‌‌‌‌‌‌‌‌‌‌‌‌‌‌‌‌‌‌‌‌‌‌‌‌‌‌‌‌‌‌ اَللّهُمَّ رَبَّ شَهْرِ رَمَضانَ...
baqaayaaa,channel,بقايا || 𝑩𝒂𝒒𝒂𝒚𝒂,342,مجࢪد صدى لنداءٍ قديم مات صاحبه .
this_limboo,channel,Limbo ›,79,Somewhere between staying and leaving .
gouorbaa,channel,تنها صداست که می ماند🧣,45,واقعيت اينه كه زندگي گربه ها از زندگي ما آدما شيرين تره اينجا از روزمرگى خودم ميگم و چيزايى كه دوستشون دارم رو با شما به اشتراك ميذارم t.me/HidenChat_Bot?start=2098931203
anare_bifasl,channel,انار؛,39,هزار تکه‌ست و یه چیزه؛ انار.
dear_sunlight,channel,_خاطرات یک آفتابگردون,147,✍️🏻کاف.شین(🌻) بی‌تکلفِ بی‌توقعِ بی‌ادعایِ بی‌استعداد  کوثر https://t.me/HarfChatBot?start=bd636435cf69  میم https://t.me/HarfChatBot?start=d0eac1c56962
kafilo_zeinab,channel,-کَفیلُ‌زِینَب؛🇮🇷,814,‹سلام بر آنان که . . برای همه تکیه‌گاه بودند اما؛ وقت تنهایی شانه‌ای برای تکیه کردن نیافتند!›🫀☁️ ناشناس مون؛ http://t.me/HidenChat_Bot?start=1347572999  [Instagram:y_zeinab_a]🌱
ryry_sb,channel,🤍,172,
zhopeparkim,channel,|𝖅𝖍𝖔𝖕𝖊*˚🎧,560,در دنیای تاریک، ساکت و آغشته به بوی باروتی که با هم ساخته بودند، بارها و بارها احساسات صادقانه‌شان را با هم رد و بدل کردند 𝅄 𐚁̸ ࣪ㅤ𓈒    ˖ㅤㅤ۫ㅤㅤ ꕮ ㅤ۫ㅤ  ˖ㅤㅤ۫ㅤᘞ ˚ ۪
dejavuennk,channel,𝐷𝑒𝑗𝑎 𝑣𝑢,121,در گورستان تاریک با تو خوانده ام زیباترین سرودها را زیرا که مردگان این سال عاشقترین زندگان بودند...  @cherryyy288_bot
abo_abdullah74,channel,أبو عبدالله,133,در دنیایی که همه به فکر اثبات حقیقت اند، یافتن سرچشمه حقیقی بسی مشبه می‌نماید. در اینجا سعی میکنیم مطالباتی را از سلف صالح این امت که همانا حقیقت این دین را دریافته بودند و همچنین سعی میکنیم که بعضی از مطیبات اندیشمندان معاصر را نیز نقل کنیم.
ghavisisters,group,خیریه خواهران قوی | Ghavi Sisters Charity,108,👭 گروه خیریه خواهران قوی 🥀 گلهای پرپرشده هواپیمای مسافربری ساقط شده PS752 این گروه به منظور امور خیریه و با هدف کمک به کسانیکه قبلا تحت حمایت مالی این دو خواهر بودند و اکنون نیز منتظر کمک های ما هستند، ایجاد گردیده است. مجوز: ۱۱۱۹۲۵۲ @ghavisisters_admin
alm8yme,channel,Sanctuary,21,به سکوت خو می‌گرفت و آنقدر بی حضور شده بود که همه فراموشش کرده بودند.
kotenky,channel,Переходник,138,
mvrder4svtvn88888,channel,Переходник Музыка Егора Краснова М. К. У,77,
nlww2cf,channel,Переходник,7,
delvazheh_ha,channel,دلواژه ها,1471,در نام من برای تو چیست ای رفیق؟ در روزگار غصه اما در خاموشی ات غمناک نجوا کن نامم را و بدان که از تو یادی هست و بدان که در دنیا قلبی هست قلبی که تو در آن زنده ای...  @Maryamakbari11
dkchalt,channel,"МКУ""ДК Чалтырского сельского поселения""",157,"Муниципальное казенное учреждение ""Дом Культуры Чалтырского сельского поселения"""
shakhehaye_bisaheb,channel,شاخه های بی صاحب,1358,ریشه های در خاک، ساقه های شکسته، شاخه های بی صاحب🌙 اینجا بلند بلند فکر میکنم🏠🏦📊🗽✈️🌍 به کانال من خوش اومدین
pasargadaeguard,channel,گارد پارسارگاد ایران ( واحد سایبری),5857,
garudalounge,group,Garuda Lounge,270,"Official Garuda Lounge group. We Discuss about Early Shitcoin and potential Coin on BSC Network and other Crypto News  🔴 Disclaimer On, Not Financial Advice   Channel @GarudaLoungeAnn  For business enquiry please contact @TrustKong"
thearchangelsquad,channel,The Archangel Squad,246,Edits are purely for entertainment purposes!⚡️
garuda404resmi,group,GARUDA404 RESMI,89,TELEGRAM RESMI GARUDA404  https://dub.link/garuda404
dimbandera,group,✙∆ Гвардія УНТ ➔ 🇺🇦 Смерть ворогам! ☠️,98,"✅ Тільки Українська ✅ Засуджуємо все кацапське  У вогні перетоплюється залізо у сталь, у боротьбі перетворюється Народ у Націю   Правила та інше: https://telegra.ph/Pravila-chat%D1%96v-Gvard%D1%96ya-UNT-ta-Z%D1%96brannya-Nac%D1%96onal%D1%96st%D1%96v-11-28"
globalpirates,group,Global Pirates | globalpirates.net | Fediverse: social.globalpirates.net | Mattermost: is.gd/globalpirates,173,
kyivguberniya,group,GEDmatch ⚪️ Киевская губерния ⚪️ Kyiv province ⚪️ Генеалогия ⚪️ Genealogy,83,
chat_narguard,group,"Чат движения ""Народная Гвардия""",70,"Обсуждение Народной Гвардии, Народного государства и всего, что с ними связано."
starlexoff23,channel,STARLEX | XML🦅,333,"Меня взломали, новый тгк Здесь будут xml паки и туторы Владелец @Starlexits"
hdonlinehd,group,AniFox | Аниме | Сериалы,160,@aniflux - новый канал.
indeepview,channel,DeepView,40,دیپ‌ویو - نگاهی به عمق فناوری  اینجا زمانی رسانه بود، الآن یه یادگاریه  ردّپای ما: @podnegar | نوشتن @CypressGame | سرگرمی @deepview_team | افتخار همکاری
starlinkiran_net,channel,starlinkiran_net,14,
ariomovix_film,channel,Ariomovix Film,11,
oksanabesa1,channel,oksanabesa,1043,
s1mpampulka,channel,ꜱɪᴍᴘᴀᴍᴘᴜʟɪᴄʜᴋʏ,278,Вітаю на своєму каналі 👋
yarask_gmd_community,channel,YaraSK,114,"ТГК крайне тяжёлого, но интересного человека."
tochamurk,channel,тₒ𝑐ⲏⲕₐ𝑧𝑧𝑧 мур,53,ᵔᴗᵔ ㅤㅤ ㅤ ㅤ ㅤ ㅤ ࣪𓏲ּмой анон  http://t.me/anonvopsosikbot
siteamnerab,channel,Siteam.art,40,Ресунке  ТТ:issu9813 Личка тг: @siteamrab Всем рады!:∆
soikaaaale,channel,Пивная Дримурра(Соечка}),92,"Каннибал сойка ждет вас в своём подвале. Как долго вы тут продержитесь?  Мечта- 90 подписчиков! (На 1 июля, мое др) мой анон http://t.me/anonaskbot?start=user_urevijemxk"
soyaa7,channel,Сойка,55,копец я сойка ееемАнтон чпокнул его 🤣 @milanaqwex
cityhumansask,channel,CityHumans|ASK,58,"Доброго времени суток, наши дорогие гости!   Мы CityAsk  — место, где вы можете поучаствовать в интервью от лица города, деревни, региона и штата. В общем, отвечать здесь за любой субъект НЕ являющимся страной."
azart1133,channel,💥·ᶜʰᵉʳ𝖬𝖤𝖳𝖪𝖠·💥,31,⋆ᵀᶦᵏᵀᵒᵏ– @_az_art_  Лс – @Love_a9 [4.02.25.]
siamakshiraziofficial,channel,Siamak shirazi / سیامک شیرازی,46,Siamak Shirazi Official Telegram Channel  🔹️Instagram: https://instagram.com/Siamakshiraziofficia l 🌐Website: https://siamakshirazi.com
tll9mmno0,channel,عَدَنْ,19,.
at_tauhid_sss,channel,ᴍᴜ'ᴀᴡɪʏᴀ,44,"Фитна и тому подобное нечестие , не приветствуется !"
saudiadvisor,channel,Saudiadvisor مستشار,1392,
khaneamn_to,channel,خانه امن تو🤍,70,
urheartknowstheway,channel,"""حِکایَت🫀""",53,من زهرام، یه پشت کنکوریِ ۱۹ ساله.💁🏻‍♀️  به قدم های کوچولوت ایمان داشته باش.
homelessyellow,channel,𑊑Violet Black Holes,49,در پالت رنگ، بنفشی از آن خود ساختم زیر چشمانم کشیدمَش و بعد به حفره توخالی و بی وزن نگاهم خیره شدم شبیه سیاهچاله بود، سیاهچاله‌ای با هاله‌ای ارغوانی
nyutune,channel,Phoenix,34,"Миру — мир, звёздам — звёзды."
asiayem,channel,بَـــحــرٌ آســـْ,86,يَا أيّها الصُّبحُ قل للشَّمسِ معذِرةً فمَا ضياؤكِ أبهَى من مُحيَّـاهَا♥️.
filn7,channel,Gelassenheit.,8,Was wir im Innersten unserer Seele hüten.
passi00n,channel,حسيننيشن,70,The sky is the limit
madabress,channel,مدى برس - لكم الرأي.. ولنا الحدث,26,صحيفة إلكترونية مستقلة شاملة
yaebalgskm,channel,THE BEST FAN,270,
colt_ru,channel,не для плакатов,30,"ᅠ Начальство гоню отсюда плетью(!)  Supp :: Cass/Кэсс, @sourhuh ᅠ ᅠ ᅠnet: : @Rustarssetka   . cr: evilissues on tt"
deterpari,channel,raison d'être,177,~پرےسا~ - متعلق به سرزمین شمال🌧️ -در شرف گذر۲۱ سالگی  -برای ثبت احساس و زندگی✨    ناشناس:  t.me/HidenChat_Bot?start=1359647723
arti_is_here,channel,For2Reasons,174,http://t.me/HidenChat_Bot?start=1537900650
krakenkirill,channel,&:)-&!,46,
mooonashiajle,channel,"Мунаши, але",45,
amaagliboi,channel,амаагли,17,что не так
jasonbacon2k14,channel,[not found] Sl a shER,16,Принадлежит сетке @FORSAKEN2k16_net
defsakorrr,channel,༒︎⤿Dₑfₛₐₖₒᵣᵣᵣ,7,Жизнь это вечный автодром
iecmd_kids,channel,IEC Children's Programs,222,"Islamic Education Center  7917 Montrose Road Potomac, MD 20854 USA www.iec-md.com   جهت تماس با admin و یا ارائه نظرات خود به آدرس: @IECMDadmin"
farzan_nb,channel,Farzan NB,102,Youtube channel: https://youtube.com/@farzannb?si=tJZq-htj1_lFX-ID  Spotify:  Check out Farzan NB on #Spotify https://open.spotify.com/artist/0ECI6OCLSx0c4A55pZhLVV?si=L5WTlQLqSY-PoGmv7DqMVA
fork1ds,group,Imran Kid's,38,Bismillah✨ Имран Кидс Детский одежды  🏛️ Новый Детский мир (0- 15 лет) 📌 Самое лучшее для ваших деток Брендовые одежды/ приемлимые цени 💸 Радуем качествам мамочек 💞 Доставка всем Узбекистан 🇺🇿 @xayatii96 @Halol_Admin1  для информации   +998902040013
urokimonoteizma,channel,Уроки по монотеизму (таухиду),631,Уроки по разъяснению исламского монотеизма (таухида) доступным языком.  Автор: Рамин Муталлим
possiblekiller,channel,Possible Killer(Nia's Version)🇩🇪🇪🇸,299,Hi I'm Nia Society of Mourners for German Blondes Visca el Barça/Forza Ferrari http://t.me/HidenChat_Bot?start=5578791427
injanebiat,channel,🎶اینـــجانـِــــب📸,410,𝓡𝓔𝓕𝓜𝓐𝓚𝓢🍻  ممتنع از هرگونه امتناع
notwavebad,channel,wavebad,123,
zvukbasket,channel,звук БАСКЕТБОЛА,25,
sjjsjssjkqk,channel,Моя геройская академия / Моя геройская академия: Вне закона,1700,По рекламе @Artes_20
moviehub_chatgroup,group,Movie Hub 🎬 | Chat,467,"හායි යාළුවනේ.! 👋 Films, TV Series ගැන ඕන දෙයක් අහන්න, කතා කරන්න ගෲප් එක පාවිච්චි කරන්න. හැබැයි අනවශ්‍ය දේවල් කතා කරන්න එපා! ❌ ෆිල්ම් ඉල්ලන්න එපා! ❌  අපේ @MovieHub_MainChannel එකට ජොයින් වෙලා අපේ අනෙක් චැනල්, ගෘෘප් ගැන දැනගන්න.! ✌️"
movie_special203,channel,مسلسلات نتفليكس | نتفلكس,475,
aarayashree,channel,Super Heros movie And cartoon movie,224,
goofyahhartist,channel,.thebloodymassacre,57,автор ахуевшей аватарки — https://t.me/VSCHS0
outersanscoded,channel,𝐛𝕖Şⓣ s𝔬Ữⓛ 𝑔𝐮𝓐ｒ𝕕Ɨαη | смешарики,39,
borisych_lacrosse,channel,Лакросс Борисыча,84,"Мы посмотрели больше 800 матчей НХЛ, но не пошли тренировать СКА. Мы выбрали вести свой телеграм-канал про хоккей."
lion_el_jonson_i,channel,Гордый 1-ый,24,Покайся! Ибо завтра ты умрёшь!
sovereignhero,group,GROUP MOVED TO https://t.me/officialhero,8,
poweradaofficial,group,PowerADA,10,
pokajan,channel,Великая Покаяния,26,Цитаты великих неполживцев. Личный зал.  https://t.me/pokajanrisoval - Рисовашки
heroesmemes,channel,Герои. Мемчики (Можно копать),21,Все мемы по героям буду кидать сюда @smakealpha
uzb_blok,group,Tarjima kinolar,12,
heroesland_p2e,group,Heroes Land,11,Heroes Land - The New Era of Play to Earn NFT Game
tiy1a,channel,Т/и и 1А,7,Фанфик с участием подписчиков
hots_robot,bot,Heroes of the Storm,,Channel: @Heroes_of_the_Storm Group: @HotSGP  #heroesofthestorm #hots #iran #persian #farsi
movies_provide_bot,bot,Avengers Movie HUB 🎭,,🌹𝐈 𝐀𝐦 𝐀𝐧 📀 𝐀𝐝𝐯𝐚𝐧𝐜𝐞𝐝 🎭 𝐀𝐧𝐝 🌱 𝐒𝐮𝐩𝐞𝐫𝐟𝐚𝐬𝐭 🌼 𝐌𝐚𝐧𝐚𝐠𝐞𝐦𝐞𝐧𝐭 ♨️ 𝐀𝐧𝐝 🍒 Movie 🍄 Provide 📣 𝐖𝐢𝐭𝐡 🕙 24𝐱7 🌀 𝐀𝐜𝐭𝐢𝐯𝐞 » 𝐅𝐨𝐫 ♨️ 𝐆𝐫𝐨𝐮𝐩𝐬  🎸
heroestd_supportbot,bot,HeroesTD Support,,
marvel_movies_hind,group,Marvel Hindi Movies,2,
heroeslifebot,bot,Heroes Life,,Альфа тестирование. Текстовая RPG с большим открытым миром. Обратная связь @HeroesLifes
coolcomicsart,channel,Cool Comics Art,1,
cellsiishop,channel,Cellsii.com,115,Buy Quality Products at Best Prices. Trusted e-Commerce Website in Bangladesh.
amalekakamalya,channel,Амалёк🐼,68,Автор и почитатель мемов🫡
shovotshop,channel,Shovot SHOP 🛍,6,Lichka: @feruziddin
aviaefir,channel,AviaEfir,90,🔥 Оперативна інформація про повітряні загрози. Будьте в курсі подій та отримуйте своєчасні сповіщення для захисту себе та близьких.
tacnet_tomcat,channel,Tac-Net TOMCAT,110,Bot: @TOMCAT_383_communication_bot
etatmajorfr,channel,Armée Française - Opération militaires,13,
razmandegan_org,channel,رزمندگان,5,
astrallger_lash,channel,astrallger_lash \\ НАРАЩИВАНИЕ РЕСНИЦ ПЕРМЬ,1391,пермь запись: @astrallger_lash_bot dm:@astrallger led-наращивание
kgmn_len,channel,"Алиса удалит канал ,когда перестанет рисовать レンレン",76,Я люблю ленцест Мне стыдно
lespogcenter,group,ОСАУ Лесопожарный центр,124,
ce11enn,channel,𝑐𝑒𝑙𝑒𝑛 [16+],51,[16+]  𝓒𝓮𝓵𝓮𝓷 — [селен]
elengoran,channel,ElenGorAn,45,"Я ElenGorAn - а здесь моё творчество и новости касательно него и того, что ему способствует или мешает.  Коммишки открыты!"
baran97_bel,group,Барань,32,Барань 97%
katalogprintov,channel,Принты,3,Каталог принтов для пошива изделий мастерской ЛËН @linendressstore
pavlopalisa,channel,Павло Паліса,3018,Заступник керівника Офісу Президента України
armycorps17,channel,17-й армійський корпус/17 Army Corps,554,Для звернень 🤝 a5150@post.mil.gov.ua  Facebook -  https://www.facebook.com/17armycorps  Instagram - https://instagram.com/17armycorps
realhumanmeme,channel,Петардобудівний завод | #УкрСігнал,576,Funniest shit I've ever seen.
nebosukhogo,channel,Небо Сухого,178,"Всё из жизни человека, мечтающего о железных крыльях.  По рекламе и сотрудничеству: @supisyatsem Предложка:  @sukhoipisyatsem"
ukrreporter_ua,channel,Український репортер,46,"Редакція суспільно-політичного видання, а також веб-порталу «Український репортер»"
natonewsvideo,channel,North Atlantic Treaty Organization Armed Forces News as videos on Telegram - NATO OTAN HATO,122,A project by @DefenceTelegram @ArmyFreaks @PlanetFreaks @CountriesFreaks @GenRevolutionOfficial @RoadToPetabyte - Other channels @EuropeanTelegram @HumanRightsChannels @SafetyTelegramChannels @ClimateChannels  @UnitedNationsVideos
kultshturmovika_ukraine,channel,Ґонт,43,Не забувайте допомагати ЗСУ 🇺🇦  Задонать свою чашку кави Стерненку на русоріз‼️ - t.me/ssternenko
radar_truvoga_info,channel,radar_truvoga_info,3,
chat2miners_chinese,group,2Miners - 中文聊天,1905,@pool2minersbot 监控机器人  - 禁止推广其它矿池，这里只讨论和回答2miners相关的问题 - 禁止发送广告
vlogadmin_2,channel,Рест//𝐀𝐝𝐞𝐥𝐨𝐧𝐬𝐭𝐯𝐞𝐫𝐬𝐞 𝟏𝟖+ 🥩,267,Комишка - читать закреп Владелец/художник: @EmoHugs   (тут присутствует 18+ контент)  Буст: https://t.me/boost/Vlogadmin_2 Аноним: http://t.me/anonaskbot?start=5jle4hlcca3pp Чат канала🍕🤝 https://t.me/+QXRBGva0tts5MzMy Мой щп: @Vlogadmin_52
c_r_bb,channel,حساايف,506,ليل هادئ برفقة لا أحد.
havedyslogistic,channel,روز بخیر؛ کیتز!🌾,253,http://t.me/HidenChat_Bot?start=573959795
sobhbekheyrtv1,channel,صبح بخیر ایران,217,🗓️شنبـه تــا پنجشنبه ⏰ساعت ۶ تا ۸ صبح 🔸#شبکه_یک_سیما  ارتباط با ادمین 👤👇 @sobhbekheyriran_admin  سامانه پیامکی برنامه ✉️  👇 ۳۰۰۰۰۱۵💬
smmhubam,channel,SMMHub,91,Your Trusted IT Solutions Partner  www.smmhub.am
seohamer,channel,SeoHammer,13,Официальный канал сервиса SeoHammer
modulesp1,channel,Module P1,56,Updates & Information  @lmaowtf17 — contact
ai1cpro,channel,1С: помощь и доработки,24,Помогаем с 1С — от задач на 30–60 минут до сложных интеграций и автоматизации бизнеса. Опыт 1С с 1999 года.  Небольшие задачи — от 3000 ₽. Договор + чек.
comigogames,channel,Comigo Games,39,"News on my dev stuff: WIPs, releases, important announcements, etc.  comigo.itch.io https://ctjs.rocks https://whimsy.rocks  Contact: @Comigo"
mediahubnews,channel,MediaHub.am,9003,News and Media https://mediahub.am  Tik Tok https://www.tiktok.com/@mediahubtv  You Tube https://youtube.com/@mediahubtvchannel
ifdanews,channel,IFDAna رسانه رسمی غذا و دارو,8503,🔴تنها مرجع رسمی اخبار سازمان غذا و دارو   ارتباط با ادمین: @IFDA_bot  💢 شبکه اطلاع رسانی سازمان غذا و دارو (IFDANA)  🌍 سایت سازمان؛  http://fda.gov.ir  🌍 پایگاه خبری ایفدانا:  http://ifdana.fda.gov.ir
khastevleh,channel,خَســـتهــ وُ لِـــهــ,137,
vga_berislav,channel,ВГА Бериславского муниципального округа,70,Военно-гражданская администрация Берислава. Официальная страница.
tamilrockers_media,channel,TamilRockers,2810,
irananimeland,channel,ایران انیمه لند | ترجمه فارسی لایت ناول,1147,ترجمه لایت ناول های مورد علاقتون رو اینجا پیدا کنید  ارتباط با ادمین: @IranAnimeLand_ad کانال فروشگاه ما: @IranAnimeLandShop  لینک بوست https://t.me/boost/IranAnimeLand
inf00l0l,channel,Ⲥ౿ม྾ഠ 𝑰𝓷𝓯𝓸,54,
infobraina,channel,ɪɴꜰᴏ || ʙʀᴀɪɴ ᴄʜᴇʀᴇᴘᴏᴠᴇᴛs,186,ᴏᴡɴᴇʀ @BrainEbanator
kristofer_eee,channel,🦭творчество крис,44,he/she/any pronouns Крис/Филя  Лужа разноцветного пятна сурового кинокритика  admin: @hiptothejavabean0_0 Основа: https://t.me/+pui-SkX-OdQ2NmVi tt: hiptothejavabean0_0
vmireiri,channel,ВмиреИры,27,
istinakiki,channel,истина🤍,23,
infochrissss,channel,°;¦ [Chris info]🎹🎼°°,5,Info channel
i_love_white_roses,channel,Informational🦋,4,Некоторым новым знакомым довольно тяжело сразу все запомнить обо мне поэтому создаю его для того что бы было проще! (ну и просто что бы постить здесь всякую чушь) если не подписаны на канал не строчите мне в комментах....
panzybooks,channel,انتشارات پانزی هلند,554,فروش و انتشار کتاب های متنوع از جمله آموزش زبان هلندی
isqld,channel,ISQLD,409,Iranian Society of Queensland
newsworld_23,channel,Israel🇮🇱🤝🇺🇦 Palestine🇵🇸 World news 24/7,14384,World news 24/7 We publish only true news from all over the world!🌐
iran_hist,channel,🎬 فیلم و مستند روز دنیا,29916,🎬 فیلم و مستند روز دنیا 🍿 دوبله فارسی + زیرنویس ✨ بدون سانسور • کیفیت بالا • 4K 📥 @iran_hist
iknowmore,group,Stay hungry stay foolish,308,本群组为频道“你知道的太多了”订阅用户讨论和交流群。(t.me/uknow2much) 希望各位朋友友善交流，避免人身攻击。
wucuoym,group,无错源码,111,无错源码群主要交流各种源码，小说电影漫画以及其它类。tg通知频道：https://t.me/wucuoym_channel
go_faster_dev,group,go faster,37,news: @go_faster_news flood: @go_faster_rnd
trid1acna,channel,trid@cna,457,
mafibaykkcf,channel,Хейтеры Нагибайки кф,141,Йоу! Это конфа посвящена Мафиневу и Нагибайке!!  Бот для тейков; @Mafibaykicf_bot
trixter_trope,channel,Трикстер Троп: будни в поиске пути 🐴,103,Искатель искомого. Моя жизнь день за днем + размышления и статьи на разные темы.  Только статьи: https://t.me/tt_shots  Поговорить: @TrixterTrope
whatistobeannounced,channel,TBA,340,What is to be done?
ticcitobybeloved,channel,Ი𐑼 ⤷ׁ ふわふわのウサギ,83,пустые акки не принимаю / блокаю лс : : @bunnyc0rn | | анон : : @ch3dan0n_bot переходник : : t.me/ticcitobybeloved щитпост : : https://t.me/+lTylhznhm5MzODgy
ksyyy505,channel,- ksiu 18+++,58,"тгк чисто 18+, содержание порнухи/чернухи/щитпоста присутствует.   тумблр: https://www.tumblr.com/ksyyy505?source=share"
bubbleslegenda,channel,Bubbles cf + non daily (🫧💲),60,Тейкбот: @Bubblestakes_bot  Dni: база + @tommyatta
triggermm12,channel,୨୧ Mm12 𓂂 Trigger !,42,сr : : Xine on tt
treefantreefantreefan,channel,Бох ТриФэнов,2,
kapibans,channel,ᴋᴀᴘɪʙᴀɴs ʙʟᴏɢ,5,Канал Капибанов
sazemansanjesh,channel,اخبار سازمان سنجش,30381,🔴🔴 اخبار سازمان سنجش  ✅️ سنجش   پیج اینستاگرام👇👇  https://www.instagram.com/sazemansanjesh/  کنکور - کارشناسی - ارشد - دکتری - استخدامی آزمون سنجش  دریافت تعرفه تبلیغات👇👇 https://t.me/Admiin_tabliighatt
chineselearn_jalali,channel,Chineselearn_Jalali,7618,🇨🇳 آموزش زبان چینی 🇨🇳   ✨ زیرمجموعه زبان های خارجه استاد جلالی نسب 📚  مدرس: استاد اسپید 👩🏻‍🏫  💎 جهت تهیه پکیج : 🆔 @Admiin_Jalali 💿 ♥️ادمین ثبت نام @admiin_chinese 🦋 اینستاگرام : https://instagram.com/Chineselearn_Jalali
aladdinfilmtv,channel,Алладин,1223,История о джинне и волшебной лампе
r_admiinss,channel,𝐀𝐝𝐦𝐢𝐧¹,794,~ 𝐖𝐄𝐋𝐂𝐎𝐌𝐄 𝐓𝐎 𝐎𝐔𝐑 𝐏𝐘𝐓𝐇𝐎𝐍 𝐓𝐎𝐎𝐋𝐒 𝐌𝐄𝐓𝐇𝐎𝐃 𝐂𝐇𝐀𝐍𝐍𝐄𝐋 🕊️
liiiiur,channel,رُبما 𖤓,37,"امرأةٌ مُتبلِّدةُ المشاعر لا تُستثار ، ولا تُستمال ، ولا تُهزم كتاباتي""         سَ :"
malro1997,channel,«مالروهایِ سکوت»,142,گَر زِ حالِ دل خبر داری ، بگو وَر نشانی مختصر داری ، بگو مرگ را دانَم ولی تا کویِ دوست  راه اَگر نزدیک‌تر داری ، بگو..؛  مالروهایِ سکوت،برگرفته از کتابِ اُستاد سراج‌الدین بناگر.
bitchmacow,channel,KLIM🐮MILK,278,
vytorparty,channel,Вайтор,188,#КосплейПатиСамара
kamenka_airsoftclub,channel,KAMENKA,284,Страйкбольный клуб  Наш адрес : ул. Олега Кошевого 94 По всем вопросам : @fromramaz
life_kov8,channel,꧁༺ 𝓚𝓸𝓿 ༻꧂,74,"Косплеер из Новосибирска.  Занимаюсь танцами, которые вы могли видеть раньше. Анонимка - https://t.me/hate16pers_anon_bot?start=XGQrjgJsakh2X1mO"
kyzcosplay,channel,krakenyearzero cosplay,162,"・НОВЫЙ КАНАЛ・ косплей, немного будней и кошка Василиса Павличенко  ・ СТРИМЫ ПО ВТМ И ДНД・ https://t.me/botchivnochi"
kakamishka,channel,ка ка мышка,42,цитаты максима лаврова
makaaabr,channel,Makabr,57,magic wizard dj
kkaaiissee,channel,солянка кайзера,32,занимаюсь косплеем 4 года🤫 для связи- @kkkaaiisseer для поддержки- 4149499085906376
symburniy00,channel,сумбурные 💥🫁🌾,14,"звонит маме мальчик с плохим произношением английского: — Мам, я в хоре!   лс:: @rendalcore00"
biueraydraws,channel,BIueRay (18+),22,Возможно - и весьма вероятно - наличие пашлятены.  Чат канала - https://t.me/+PIPBUTd8IuxlNmEy Я сам - @BIueRayRGB
diosixxxx,channel,Инфо канал Diosix,4,
zemli78,channel,ZEMLi78.RU | ЗЕМЛИ78.РУ,231,Дома Wi-KiNG (ВИКИНГ)  и участки в коттеджных поселках СПб и ЛО от собственника   телеграмм-канал: https://t.me/zemli78  сайт: zemli78.ru
sourcesbezdushnii,group,𝘽𝙀𝙕𝘿𝙐𝙎𝙃𝙉𝙄𝙄 𝙈𝘼𝙏𝙀𝙍𝙄𝘼𝙇𝙎 🤍,61,
zabivniesvai,channel,Ударник ⚒ Забивные сваи,30,☎️ +7 (4852) 33-22-52 🌍 Http://svai-udarnik.ru/sale ✅ wa.me/79807401050
izberg_z,group,Заказы Избербаш сверление резка стен,,Мах Касп @makhachkala_z  @Buinaksk_z Буйн  @Karabudakhkent  Караб  @Izberg_z  Избг  @Derbent_z Дерб   @Khasavyurt_z Хас
roshaetomi,channel,Мы Марьина Роща,110,Хочешь быть в курсе событий нашего района?  Тогда тебе точно к нам😉 Здесь мы публикуем самые актуальные и интересные новости!!!  Делитесь своими историями про Марьину Рощу через чат-бота: 📲@my_mariina_roshcha_bot
moyrayon_orehovo_borisovo_yuzhn,channel,Мой район Орехово-Борисово Южное,60,Самый зеленый район в южной части столицы!
moyrayon_orehovo_borisovo_svrnoe,channel,Мой район Орехово-Борисово Северное,69,Наш район даст вам повод расслабиться
moyrayon_biryulyovo_vostochnoe,channel,Мой район Бирюлёво Восточное,47,Наш район самый лучший🌞
moyrayon_chertanovo_yuzhnoe,channel,Мой район Чертаново Южное,70,В нашем районе самые чудесные парки столицы!
moyrayon_chertanovo_centralnoe,channel,Мой район Чертаново Центральное,68,Наш район - лучший район для жизни!
moyrayon_lefortovo,channel,Мой район Лефортово,51,Один из старейших исторических районов Москвы
soffiaatgk,channel,София Грищук🎬💤,60,Я — София Грищук. Юнкор Академии «Медиаконтент Ульяны Жиулло» 🐌 - медиаточки Лиги юных журналистов Приморья в Уссурийске. Обладатель пресс-карты корреспондента. Связь со мной - @Soniaaani💤🌸
mohandestsm,channel,mohandestTSM,208,استودیو هوش مصنوعی و تکنولوژی 🌱 آموزش کاربردی AI، پرامپت، ابزارهای روز، تولید محتوا و اتوماسیون  خدمات: طراحی لوگو | تولید محتوا | طراحی سایت | تحلیل داده و آمار | ساخت بات و ایجنت هوشمند  ارتباط و سفارش: @mohandestsm
makeprompt_ai_school,channel,«Делай Промпт»,89,Официальный канал школы «Делай Промпт» — курсы/ материалы/информация по нейросетям и визуалу от Элины Alt
languageplanner,channel,Языковые планеры (Language Planner),597,Товары для изучения и преподавания иностранных языков - languageplanner.ru
thedarksideoftherealm,channel,Дерево и Дракон ψ,80,"You should take my life, you should take my soul"
kuklina_ai,channel,АкадемIQ: ИИ для преподавателей,215,"Как создавать онлайн-курсы которые покупают, используя нейросети.    2️⃣0️⃣0️⃣ кейсов в разных нишах  Методолог онлайн-обучения и ПрофИИ в мире нейросетей   Знакомство с каналом👇  https://t.me/kuklina_AI/157  Для связи @elena_kuklina"
scormdriver,channel,Скормите это LMS,96,"Сообщество, где мы помогаем друг другу и обмениваемся практическим опытом создания и упаковки учебного контента."
indiiivyyyyiif,channel,🦖 Творческая мастерская,13,"Информационный канал! @sisikaya - Дарёна, преподавательница рисования и анимации для подростков и взрослых."
teachdzen,channel,Учительский дзэн 🍿,21,Про Тичинг с нотками душевности 🧘🏼‍♀️По всем вопросам @engkristin
mirraliist,channel,میرالیست ؛,39927,
wkhrazavi,channel,هیات وزنه برداری خراسان رضوی,404,تنها کانال رسمی هیات وزنه برداری و کمیته کراسفیت استان خراسان  رضوی  تلفن هیات : 05138484802 آدرس : مشهد - میدان تختی - هیات وزنه‌برداری. https://instagram.com/khr.weightlifting?igshid=MmU2YjMzNjRlOQ==
sadegh_hedayat30,channel,کتابخانه صداقت هدایت∆,229,ای مرگ ..تو مانند مادر مهربانی هستی که بچۀ خود را پس از یک روز توفانی در آغوش کشیده، نوازش می‌کند و می‌خواباند، تو زندگانی تلخ، زندگانی درنده نیستی که آدمیان را به سوی گمراهی کشانیده در گرداب سهمناک پرتاب می‌کند. تولد-۲۸ بهمن ۱۲۸۱ فوت-۱۹ فروردین۱۳۳۰ ۴۸سال
yaremeehraban,channel,کتابفروشی یار مهربان در اروپا,718,یار مهربان اولین فروشگاه بزرگ اینترنتی کتاب در اروپا    😍😍😍😍😍😍😍😍😍😍  ارسال رایگان به تمام اروپا   🌹🌹🌹🌹🌹🌹🌹🌹🌹  ☎️📲 ارتباط با ما  00436604968064  @yaremeehrabany  https://instagram.com/yaremehrabany  https://t.me/yaremeehraban
shodiyv,group,PARFYUMERIYA. PAXTAOBOD. KIYIM KECHAK ONLINE SAVDO👗👡👠👚🧥🥼👜💼👒,1,
hogwarts,channel,Hogwarts 🪄,359,All news about Hogwarts 🪄  Admin: @Northern8Group // @BrandonMimms
quidditchchampions,channel,Hogwarts 🪄,359,All news about Hogwarts 🪄  Admin: @Northern8Group // @BrandonMimms
hogwartslegacy,channel,Hogwarts 🪄,359,All news about Hogwarts 🪄  Admin: @Northern8Group // @BrandonMimms
hogwats_magic_chat,group,Гостевая Магистра Хогвартса,90,Официальный чат Магистра Хогвартса Дерзкий и бесцеремонный. Присоединяйся.  Правила: https://telegra.ph/Pravila-i-poleznye-ssylki-11-02 Связь: @hogwats_magic_offer_bot Паблик: https://t.me/hogwats_magic По поводу жалоб писать: @noxxsiss
hoghar,channel,𝖲𝖼𝗁𝗈𝗈𝗅 𝖢𝗅𝗂𝗌𝗍𝗈𝗅𝖺𝗂𝗌𝖺𝗆 | инфо,24,лайф канал школы -  @hogharcl
big_huggg,channel,big hug,188,неочевидные истории. 18+   анонимка — https://t.me/askbighugbot личный канал — https://t.me/woostershchre
hogwarts_centr,channel,хогвартс|…,301,центр поддержки людей с РАС «хогвартс|…»  http://hogwarts.center/
hphogvarts,channel,♡✨𝙷𝚊𝚛𝚛𝚢 𝙿𝚘𝚝𝚝𝚎𝚛✨♡,264,"Здравствуйте, дорогие волшебники! 𖹭 Вы трансгрессировали на канал про волшебный мир Гарри Поттера! Поттероманы, все сюда! 𖤐⭒๋࣭ ⭑  ✨𝕎𝕖𝕝𝕔𝕠𝕞𝕖 𝕥𝕠 ℍ𝕠𝕘𝕨𝕒𝕣𝕥𝕤✨  По всем вопросам обращаться: @Evagulyako"
ughughugh,channel,Ugh everything,132,
hugshugh,channel,Hugh,108,"cosplay, michael sheen obsession and welsh lover."
hogwartsschoolbitch,channel,Ꭺнᴀᴩхия. Ᏼᴏᴧɯᴇбный ʍиᴩ,43,
hoghellish,channel,°˖✧𝓗𝓸𝓰𝔀𝓪𝓻𝓽𝓼 𝓱𝓮𝓵𝓵𝓲𝓼𝓱✧˖°,134,
hoggwarts_cows,channel,🪄𝐇𝐨𝐠𝐠𝐰𝐚𝐫𝐭𝐬 𝐜𝐨𝐰𝐬,53,💎 Наш чатик - @hoggwartscows ⚡ Буст канала - https://t.me/boost/hoggwarts_cows
khial128,channel,‹ خیال ›,3728,گاهی سری بزن به خیالِ شکسته‌ام؛ برای حسین علیه‌السلام‌‌‌
roznamekhorasan,channel,خراسان قدیم,1499,"کانال تلگرامی ""خراسان آنلاین"":  https://t.me/khorasanonlinenews ‌ ‌ اینستاگرام روزنامه خراسان: https://www.instagram.com/khorasannewspaper ‌ اینستاگرام خراسان آنلاین: https://www.instagram.com/khorasanonlinenews"
hicham_ir,channel,زهوا‌؛,613,-زیر‌بیرق‌ابوفاضل؛ • [وعرف‌فوروارد‌؛]
harimmmeshgh,channel,•حریـــم عشـــــق•,341,هر کار میکنم فقط برایِ ظهورِ توست تنها مرا به خاطرِ کم کاری اَم ببخش :)  #العجل - ¹³³.³³³🫀🇾🇪 - بَر عُمَـــر لَعنَـــت
khastee_del,channel,خسته‌دل:),112,اینجا فوق دلیِ..! یه نیمچه عکاس و تدوینگر📸🎞 t.me/HidenChat_Bot?start=5403413380
tabasom128,channel,تَبَسُم,90,❀﷽❀ https://t.me/harfmanrobot?start=7154436212 گفتگوِ امنِ ناشناس  دلتنگِ‌لبخندِآقایِ‌شهیدم
mag_17dey,channel,مجله هفده دی,235,💠فصلنامه هفده دی   📚روایت روزگار انسان مؤنث مسلمان  🔸کاری از دفتر مطالعات جنسیت و جامعه  لینک سفارش:  Gesostu.ir/mag_17dey/
hojreh128,channel,''خانم‌شین,55,کمی از من، بدونِ هیچ توصیف و توضیحِ اضافه ایی..
khalvatghaham,channel,معلمِ کوچک هایِ بزرگ,79,
ettefaghtv,channel,تماشاخانه اتفاق,54,
mewithooutoww,channel,"𐙚 𝖢𝗂𝗇𝗇𝖺𝗆𝗈𝗇 ,",47,ولکام تو د کلاب.  |https://t.me/HarfChatBot?start=fa989b7fb537
gharar128,channel,•| قرار 128 |•,43,أَلَا بِذِكْرِ اللَّهِ تَطْمَئِنُّ الْقُلُوبُ
masoudmusix,channel,Echos Of Masoud,15,مسعود فردینی 📍 Tehran | متولد ۱۳۸۰  خواننده | شاعر | آهنگساز | تنظیم‌کننده  چنل آثار من.....با من همراه باشید.
research_yab,channel,Research Yab📚📑,1290,🌐 ریسرچ یاب | ResearchYab  🔬 پل ارتباطی میان پژوهشگران، ایده‌ها و پروژه‌های علمی معتبر🔬📚   👨‍⚕️ مدیریت: مهدی کریمی  🆔 @Dr_Mehdi_Karimi
conf_charity,channel,همایش دانشگاه و نیکوکاری,58,
todayw0man,channel,🌺 زن امروزی 🌺,19704,همه آنچه که یک زن را معنا کندو به او نیرو دهد   📺محتوی پیامهای تبلیغاتی نه تایید و نه رد میشود. 📺
ir_rasmi,channel,کانال اخبار رسمی🔖,4924,﷽   🌐 مهم ترین و بروزترین اخبار ایران و جهان  از منابع معتبر داخلی و خارجی  📣 رسانه ای آزاد و مستقل  🤝 با همکاری جمعی از دانشجویان و خبرنگاران آزاد  ✅ #با_حضور_شخصیت‌های_برجسته_ایران  ⚠️ محتوای پیامهای تبلیغاتی نه تایید و نه رد می‌شود
engelab_slami,channel,انقلاب‌اسلامی🇮🇷انقلاب جهانی 🌍,211,هدف از تشکیل کانال:  1⃣ نشر پیامهای روشنگرانه  2️⃣ زمینه سازی انقلاب اسلامی ایران برای ظهور
lrsto,channel,Nrsesssssssss,216,هيچ علىٰ  الماشي @llittribot
backofmoonn,channel,پشتِ ماه,204,تلاش برای بقا، حقیقت به دور از مغلطه  @Backofmoon_bot :برای صبحت
faina_iiw,channel,FAINA,485,
mnlara,channel,FTM0HN🥥,35,Just My thoughts ?!!
senavi_okeana_feedback,channel,"Отзывы | Ченнелинг, Целительство, снять порчу, снять сглаз, снять приворот",5,Отзывы о нашей работе
wellkaandmilska_bot,bot,Wellka and Milska анон,,Анон
anonm4id3n_bot,bot,анон майден,,
akhbare_yaman,channel,یمن الاسلام,4471,💠موسسه فرهنگی و تحقیقاتی یمن الاسلام 🔷️مرجع تخصصی مطالعات یمن و خلیج فارس 🔸️رصد، پایش و انعکاس اخبار و تحلیل ها از منابع اختصاصی فارسی و عربی 🇾🇪🇰🇼🇶🇦🇮🇷🇸🇦🇧🇭🇴🇲  ارتباط با ادمین: @Mojahed_ansar @Mojahed_ansar
iranfilmplus_chat,group,گروه ایران فیلم پلاس,386,پخش آنلاین و دانلود رایگان فیلم های دوبله فارسی و بدون سانسور https://IranFilmPlus.net
nyxgreekgoddess,channel,Ariamehr 𐎠,241,AriamehrChannel
iranvietnamfa,channel,IRAN VIETNAM FRIENDSHIP ASSOCIATION انجمن دوستی ایران و ویتنام,191,"🇮🇷🇻🇳انجمن دوستي ايران و ويتنام Iran-Vietnam Friendship Association🇮🇷🇻🇳 (Since 2002)  "" Promoting Friendship, Culture and Trade between the People of Iran and Vietnam ""  Admin: @iranvietnam  Email: info@iranvietnam.org روابط عمومی: 989382120715+"
didiplustv,channel,DiDiPlusTV,73,https://www.instagram.com/didiplustv?igsh=dXhvaGwxMW0weHJn&utm_source=qr https://youtube.com/@DiDiPlusTV?si=uWN6T71rw3fwAc0n
dialuxevoiranchat,group,DIALux evo IRAN Chat,207,
iranvibes,channel,Iran_Vibes,9,Iran Vibes By Sarah
iranclassicalvibes,channel,Classical vibes🌙,25,Enjoy!🙂‍↔️
irntours,channel,irntours,4,"Introducing the country and cities Introducing the culture, history and architecture Introducing Iranian food and more"
irandefense1,channel,Iran Defense Channel,14,Iran Defense Channel: t.me/IranDefense1 Iran Defense Chat: https://t.me/joinchat/IHmMAkzldXd3n13sO8Hx0g  @AxisDefense @IranDefense1 @TurkeyDefense @GeoPoliticalEndTimes @GeoPoliticsChat @Death2Americunt @Antizios @GeneralIslam @ImamAlMahdiUmmahChat @AQnHZ
tegerandnevnik,channel,Тегеранский дневник,1377,"Канал о тонкостях жизни в Иране, путешествиях по Ирану, а также об истории, культуре и искусстве страны. Делюсь 17-летним опытом изучения Ирана. #иран"
tegeran16,channel,Тегеран-16,1688,Адлан Маргоев об Иране  https://mgimo.ru/people/margoev/
counterterrorismkz,channel,Контртеррористический комитет -аналитический портал,286,Обратная связь counterterrorizm.kz@gmail.com
hurraskurdish,channel,پارێزەرە کوردەکانی ئەقسا,502,
hacknazararnasy,channel,Haqnazar Arnasy,1048,"Мы собираем для вас все актуальные новости Казахстана и не только, проверенные инсайды и эксклюзивные аналитические материалы на нашем канале."
corridorru,channel,Торговля с Ираном,323,Заказывайте товары и услуги из Ирана без посредников  - Админ: @Infocorridor - Чат: @russiairantrade - WhatsApp: +98 99 1234 1303
persianyard,channel,Персидский Сад / Persian Yard,222,"Личные заметки про Иран. Основные темы: Культура. История. Лингвистика. Места. Жизнь зороастрийцев, факты. Минимально остальных религий, политики.  Правила сообщества типичные (без флуда, оскорблений)."
anafaezhova,channel,Анастасия Фатима Ежова,44,
novistimirairf,channel,О мире политическом,65,"Новости из мира политики, экономики, культуры, общественной жизни и военных конфликтов. Всего понемногу, просто и понятно о сложном и далеком вокруг нас"
rossotrudnichestvoabkhazia,channel,Русский дом в Абхазии,846,"Представительство Россотрудничества в Республике Абхазия.  Наш адрес: г. Сухум, бизнес- центр «Гудоу-Плаза», ул. Пушкина, д. 16, 5 этаж, каб. № 5, 6.  Работаем с пн-чт с 9:00 до 18:00, по пятницам – до 16:45.  Телефон для справок: +7(840)223-33-54."
belaruskabel_mozyr,channel,Беларускабель,189,https://www.instagram.com/belaruskabel/
ms_rosgranstroy,channel,Молодежный совет ФГКУ Росгранстрой,310,"Официальный телеграм-канал Молодежного совета ФГКУ Росгранстрой. Присоединяйтесь к нам, чтобы следить за последними событиями. Интересующие вас вопросы можно задать в комментариях, либо @a1ina_ap Фотоотчеты с мероприятий https://t.me/molsovetrosgranstroy"
importstanki,channel,Дровоколы. Рубилки. Косилки.,151,"www.importstanki.ru  8 (800) 101-56-47  Поставка импортного лесопильного, дровокольного оборудования и запасных частей."
ppominskmetrostroy,channel,Профсоюз МИНСКМЕТРОСТРОЙ,392,
rprof_minsk,channel,rprof_minsk,75,"Официальный канал Объединенной районной профсоюзной организации УП ""Минское отделение Белопусской железной дороги"""
russianhousekolkata,channel,"Russian House in Kolkata, Gorky Sadan",236,Official channel of Rossotrudnichestvo Federal Agency representative office in Kolkata   Website: https://india-kolkata.rs.gov.ru  Email: india_kolkata@rs.gov.ru  https://instagram.com/russianhouse_kolkata https://www.facebook.com/RussianHouseKolkata
zzalyosv,channel,هان الود🧟‍♂💔,387,١/ابريل/٢٠٢٢م  - ‏لم أتصنع أيًا من الكلمات التي كُنت أسردها لك بشكل عفوي، كُل شيء خرج من فمي كما شعرت به في صدري .
theboywhowaited,channel,The Boy Who Waited,52,متنفر از آخوند و بدون امیدی به زندگی و هیچ چیز دیگه‌ای.  Rasool was here.
bookloverdiary,channel,Дневник книголюбителя,131,"Отзывы о прочитанных книгах 📕(классика, нон-фикшн, современные романы), фильмах, сериалах 🍿   А еще раскрываю свои творческие таланты, немного рисую 🎨, вышиваю 🪡 , готовлю 🧑‍🍳 , иногда рассказываю о личном ☺️  Welcome 🤗"
womanface_today,channel,от женского лица,40,"Это канал для уравновешенных женщин без границ  Здесь мои мысли о смыслах,о жизни по жизни,увлечениях, редких путешествиях.О роли женщины в современных обстоятельствах,в истории,в искусстве.Здесь можно свободно поговорить о сложностях бытия в лёгкой форме"
annakavratka,channel,ПРОЯВКА,143,"Канал Анны Кавратка - о работе с проявлением себя в кадре, жизни и отношениях Мысли фотографа с психодинамическим взглядом (ВШЭ)  иг: https://www.instagram.com/anna.kavratka связь со мной: @kavratka"
readerz_diary,channel,🏖️ДНЕВНИК ЧИТАТЕЛЯ,44,"Всем привет. 👋Меня зовут Андрей, и это  личный блог о книгах и литературе. 📚 18+  🤗Добро пожаловать!  Since: 20.02.2023"
forkitchen20,channel,4kitchen,32,مشهد یونیک   👈فروش لوازم آشپزخانه  👈 ارتباط با ما :   مشهد- خیابان دانش غربی ۱۱- پاساژ المهدی - طبقه همکف - پلاک ۱۷   🆔 telegram:@MashhadUnique_4kitch   🆔 Instagram:@4kitchen.ir  سایت: www.4kichen.com  ☎️ ۰۵۱-۳۸۵۵۵۸۳
typingchai,channel,..Rtg.,4,
ashenkruel_sharp,channel,Острый не только на язык *更なる光が照らすまで I go*,4,
dreadlocksinufa,channel,ИЗБА Уфа,156,Для записи пишите в личные сообщения @dreadsinufa  Наличие  https://t.me/dreadlocksufa1complect
prostodarusha,channel,DARUSHA🪆,561,inst: prostodarusha  tiktok: prostodarusha  связь: @ddariaegorova
bydove,channel,ா ॥ Do‘Ve 🪽 ு,73,Aisha
alitarighatmusicacademy,channel,AliTarighatMusicAcademy,146,آموزشگاه موسیقی - علی طریقت تلفن تماس: 02122750643 02122750683 09351084477  آدرس: تهران، تجریش، دربند، اسدالهی، حسینی، پلاک 34  https://AliTarighatAcademy.ir/  https://instagram.com/AliTarighatMusicAcademy  شوروم و فروشگاه ساز: https://sazShemroon.com
darimett,channel,DarimeTT,47,
imnigamen,channel,Рисовалка дарка,9,
vvpsw,channel,В. В. Поляков,176,Всеволод Владимирович Поляков и его будни в футуристичном формате
seday_e_garmeh,group,| صداى گرمه |,191,🔴 آنچه از دل برآيد لاجرم بر دل نشيند و اينك  تنها صداست كه مى ماند  ‼️ احترام به ديگران ، احترام به خويش  ⛔️( توهين ، تهمت مطلقا ممنوع ) 🙏 سپاس از دعوت ساير دوستان  ⚠️ لطفا براى تبليغات از گروه | رونق نگار | استفاده بفرماييد .  https://t.me/ronagh_negar
seday_e_maneh,group,| صداى مانه |,177,🔴 آنچه از دل برآيد لاجرم بر دل نشيند و اينك  تنها صداست كه مى ماند  ‼️ احترام به ديگران ، احترام به خويش  ⛔️( توهين ، تهمت مطلقا ممنوع ) 🙏 سپاس از دعوت ساير دوستان  ⚠️ لطفا براى تبليغات از گروه | رونق نگار | استفاده بفرماييد .  https://t.me/ronagh_negar
kotadub,channel,кσтα.,41,Озвучкер.
podsluskastudii,channel,ᴨодᴄᴧуɯᴀно ᴄᴛудий,30,
ozvychka_tadc,channel,Озвучка уцц!!,30,Здесь вы можете озвучить любимого персонажа уцц
dephud18,channel,Дипхад🤢,128,Анон: t.me/anonaskbot?start=0c6i4yanoqtmu  Тт: .dephud
dg4tin,channel,Delĕgat |AFK|,144,
ad_d1k,channel,아딕🍀,66,продам душу за чизкейк @adikik
daditif,channel,DaDiTi - Ларец бреда.,70,"Всем привет! Это мой тгк, здесь я ною и в игрушки играю. Ну а также здесь оповещения, вооот...  По всем вопросам о сотрудничестве писать: @gastambivalency  Но мои подписчики тоже хотят ныть, поэтому я создала для них чатик:  https://t.me/+blKN5nLKz6VjNmI0"
rezomemonjazeb,channel,رزومه دکتر منجذب,243,
mrzist_konkor,channel,برایِ آیندهِ ایران,586,
flaanerr,channel,Rock 'n' Roll Suicide,134,
hkuvdbc,channel,• 𓆩🇦🇬ᥫTEAM~RAGIN§🇦🇬⃟⃤𓆪,23,Khrushchev
immadomyown,channel,𝙍𝙚𝙯 🍒,53,| Personal gallery 🖼️
mahdirezaie_ir,channel,Rezaie ...,29,
bax_zalim,channel,𝐁𝐎𝐗 𝐙𝐀𝐋𝐈𝐌,2,
gard_zalim,group,گارد ظالم,2,
ravan_psychology2,channel,تبادل علم و روانشناسی,1209,منبع دانش و آگاهی منبع خرافه زدایی و نزدیکی به علم و روشنگری. لینک گروه :  @ravan_psychology1 @ravan_psychology1
mirludey_doc,channel,Мир Людей,101,Меня зовут Павел Алёшин. Фотограф и видеограф. Для связи: vk.com/pavel_az
blinmtkmalik,channel,Ⓜ️,55,
bg_osvedomitel,channel,Български освѣдомитель,50,Посѣтѣте ни на https://osvedomitel.bg за вѣсти и коментари на случващото се въ България.
pecsignalementsspectacles,group,"PEC Alertes Signalements spectacles, événements",52,Canal éphémère P.E.C afin de signaler les différents événements et spectacles proposés aux enfants alors qu'inadaptés
maximalinov,channel,Максим Чекан,3,
docmalko,channel,Здоровье и долголетие с Александр Малко,136,
nazokat_salam,channel,Nazokat Salam,151,MASSAJ | HIJOMA ZULUK | KORREKSIYA FIGURA | OSTEOPATIYA | LFK | FITNESS | ZINDA TERAPIYA  Ayollar va bolalar sog’lomlashtirish markazi – Individual yondashuv – Tabiiy davolash usullari – Professional xizmat ☎️ +998 70 011 05 00 💬 @nazokatsalam_admin
about_the_skin,channel,Про кожу бережно🤍,138,Про уход за кожей по показаниям. Взгляд врача- косметолога.  t.me/@elenabogatischeva
trendwibes,channel,Оно нам надо. Берём 🤭,134,"Находки, Обзоры, скидки и честные отзывы из интернет-магазинов (Wildberries Вб WB, Ozon Озон,  Яндекс Маркет)  Сотрудничество 👉🏻 https://vk.com/otzyvi_wb_ozon_yam - в сообщения (большая белая кнопка)"
hundredacrewoodlibrarian,channel,کتابدارِ جنگلِ هاندرد اِکِر وود,115,"A library, a sky album, and sometimes a museum of history’s oddities -and random musings.- Welcome.  ❄-https://t.me/XBCHATBot?start=sec-bdacabfci"
sokotshabanehh,channel,دلنامه 💛,33,
masterpublic_channel,channel,Master Public Channel,5,
obsnewspaper,channel,Observer News,1617,Observer News — твой главный наблюдатель в мире Майнкрафта!  По рекламе: @wersheee
jansattaenewspaper,channel,JANSATTA LUCKNOW E-NEWS PAPER📰,448,DAILY #E-NEWSPAPER#
ptnewspaper,channel,Сплетница Бонбон,168,По всем вопросам - @bonbonrep
etolinii,channel,многолинейность,1855,https://linii.moscow
alihosseiniekhamenei,channel,"فتاوى الإمام الخامنئي "" دام ظله "" برنامج | ISTEFTAAT",1201,"الإقتباسات الشرعية من مكتب ممثلية قائد الثورة الإسلامية آية الله العظمى السيد علي الحسيني الخامنئي "" دام ظله "" في النجف الأشرف المنصة غير رسمية بل تقتبس من برنامج ISTEFTAAT"
azshia,channel,ƏLƏVİYYUN AZƏRBAYCAN,508,"وَأَعِدُّواْ لَهُم مَّا اسْتَطَعْتُم مِّن قُوَّةٍ  İmam Xamenei: Kiberməkan sahəsi, İslam İnqilabı qədər vacibdir.     📡 Müqavimət davam edir."
kalb_333_a,channel,′ اکبـرِ‌کربُبـلا🕯️/ .,684,یاهـوالهـو 𝟑ـ𝟑ـ𝟑ـ ﷻ  لا‌حـول‌ولا‌قـوة‌اِلا‌بـه‌‌علـی‌أکــبرء/   ″پـیـج‌ایـنـسـتـا؛  .ho_333_
karbaskovda,channel,Путешествия карбаса «Ковда»,1164,
ran0_01,channel,{وَبَشَّرْنَاهُ},498,@Rnommbot
karbala5_kuoshki,channel,آگاهی,147,
karbala_31,channel,مُناقَشة.,42,قناة مُناقَشة؛  لمُناقشة المواضيع العامه بصياغة دينية على وفَق  حدود الشَريعة الإسلامية..
karbas_float,channel,Карбас бежит ходко,734,"Портал в третий мир поморов.  https://karbas-tour.ru/ Бронирование: @dahamaosa  Парусные походы, практическое судостроение, культура Русского Севера.  Проект «Пора топора» реализуется при поддержке ПФКИ совместно с Кенозерским национальным парком."
mud_kabbala,channel,Мудрость Каббалы | Амитай Люлис,139,"Каббала-означает «получение»   это мудрость, раскрывающая секреты реальности Творца, сотворения мира,законы мироздания, понимание Торы, тайны внутренней работы.  По всем вопросам Амитай Люлис @amitai_l  https://youtube.com/@liulys.amitai?si=B4plclOYOh746e"
karbalaplaylist,channel,پلى ليستِ مشايه👂🏻🍃,350,
studyiqpremiumusers,channel,Dr Gaurav Garg OFFICIAL,157316,
uobcom99ads,channel,UOBCOM | 99 | الاعلانات,1067,قناة الاعلانات لكلية الطب | جامعة بغداد المرحلة الأولى (دفعة 99)  القناة خاصة بنشر اعلانات خطوط النقل للطلبة والسكن والمفقودات واستمارات البحوث وغيرها.  للتواصل: @UOBCOM99BOT ممثل الدفعة: سجاد حازم @sd_hm5
edgarrgevorgyan,channel,Edgar Gevorgyan,156,
andreybrodvey,channel,Андрей Бродвей,72,Мои работы и события
gopatj_portfolio,channel,Портфолио,18,Визитки и проф страницы
dakkon_music,channel,Dakkon,37,Писать и плакать - это мои вредные привычеи
tjiugigu,channel,Mike Michaels/ Salongespräch,2983,Salongespräch
mnogopropk,group,"Много Говорим, КБ За Победу,",231,Обсуждение
musyamoraai,channel,msmr ai,49,
maxileroidubbing,channel,Логово переводчика,17,Контакты - @MaxiLeroi
ashfadecov,channel,@. . ᗣႽዘፑađE¡ soon,14,txt
nmaktraher,channel,𝗶𝙍𝙋𝙏𝙄𝗼𝗲𝗱?¿,23,Own  @Tarcexo
ruigateway,channel,—› 𝓡𝓾𝓲 𝓚𝓪𝓶𝓲𝓼𝓱𝓲𝓻𝓸 .,23,• 𝘯𝘦𝘵𝘸𝘰𝘳𝘬: @Sekai_Gateway
sayxway,channel,sayway,4,
filatovmeta,channel,@filatovmeta,5,
yekrang,channel,Yekrang,4,
bahsegelresmi,channel,Bahsegel,3,
opsumsaero,channel,@opsumsaero,4,@opsumsaero
psihiatr,channel,музыка,3,
lphacrypto,channel,@lphaCrypto,1,
aoyagid,channel,@.Aoyagi(-),1,
spoutingwhale,channel,🐳,1,
psixoterorist,channel,@psixoterorist,,
mashiyosakamoto,channel,@ Mashiro Sakamoto,1,
bunyaanofficial,channel,Bunyaan,866,"Jamiyyathul Bunyaan Official Channel Donate Bunyaan Waqf Fund, which supports educational and social projects, ensuring long-term impact and sustainability. Account Name: Jamiyyathul Bunyaan MVR Account: 7770000154796 Annual Report: http://tiny.cc/YearlyR"
sheikh_al_fawzan_books,channel,كتب ومؤلفات العلامة صالح الفوزان,1017,🚨 تنبيه: لم نستأذن من الشيخ حفظه الله في إنشاء هذه القناة وهو غير مسؤل عنها أو عن ما ينشر فيها.  📡 رابط الموقع الرسمي لفضيلة الشيخ: www.alfawzan.af.org.sa
mfainspb,channel,Представительство МИД России в Санкт-Петербурге,410,Добро пожаловать на официальный канал Представительства Министерства иностранных дел Российской Федерации в Санкт-Петербурге.  Сайт: https://sankt-peterburg.mid.ru ВК: https://vk.com/mid.spb.office
mafqavatafak,channel,mafqa🙉🦔,47,мафкўа
penyuar_love_tapochki,channel,"Тапочки ""PENYUAR_LOVE""",57,📍Манзил:  1.Юнусобод мега планет  2.Сергели 8кв 3.Чилонзор 13кв  Иш вактимиз: 9:00 дан 22:00 гача  🚚 Доставка бепул.  Буюртма бериш учун👇  @Love_admin_3  ☎️ +998950353439  Каталог 👇 https://t.me/penyuar_love/44561  *** https://taplink.cc/penyuar_love
talitsaincident,channel,Инцидент ТАЛИЦА,1362,Главный новостной в Талице
tvp_world,channel,TVP World,169,The leading news channel covering Poland and Central Europe.
iran_georgiaculturalrelation,channel,رایزنی فرهنگی سفارت جمهوری اسلامی ایران در گرجستان,450,در این صفحه اخبار،اطلاعات و برنامه های رایزنی فرهنگی سفارت جمهوری اسلامی ایران در تفلیس و خبرهای مرتبط با ایرانیان مقیم و روابط فرهنگی ایران و گرجستان اطلاع رسانی می شود  http://tbilisi.icro.ir/
pp_rassvet_tula,channel,Рассвет | Тула,177,Наша Команда переехала: https://t.me/tulateam
killuminatirivoluzione,channel,KILLuminati Revolution ⚔️,90,
srpskamisaoo,channel,Српска мисао - Инфо,69,Добродошли на канал Српска Мисао.  Све вести на једном месту.
mineconom_ri,channel,Минэкономразвития Ингушетии,176,📜 Информация о деятельности Министерства экономического развития Республики Ингушетия.   👤 Министр - Гиреев Исрапил Мусаевич   ☎️ Приемная: 55-12-25
embaveneziran,channel,Embajada de Venezuela en la República Islámica de Irán,73,Página informativa de la Embajada de la República Bolivariana de Venezuela en Teherán 🇻🇪🇮🇷
ishskshsbsms,channel,Hiva,179,https://t.me/hivaaaaaaa
questsruesselsheim,channel,Quests - Rüsselsheim,59,Quest Kanal: @QuestsRuesselsheim  RAID Kanal (Raid-Liste) @raidsram  RAID Chat für die Planung @ruesselraid  FAQ/Gremium: @pogo_ruesselsheim_faq
tahayasseri,channel,Taha Yasseri,2,
taleshiai,channel,TaleshiAI,3,
dailyrasaku,channel,OI,1,"tolong, hidup dengan lebih baik ya sayangku <33"
it_jobs_georgia,group,🇬🇪IT-Jobs Georgia | IT вакансии в Грузии,810,"Обсуждение вакансий, резюме, компаний, процессов релокации и решение проблем в новой для айтишников среде.   People Tech Camp @people_tech_official ИТ со смыслом @it_sense  Сотрудничество: @sense_admin sense-it.ru"
russianamericanconnect,channel,Russian-American Connection,119,"We left behind the familiarity of our American home, but found a new sense of community and faith in Russia.  The purpose of our channel is to help others with similar values interested in moving to Russia. Слава Богу! ☦️"
kcssla,channel,Координационный центр СГЮА,486,"Официальный tg-канал Координационного центра Саратовской государственной юридической академии. Свежие и интересные новости, важная и актуальная информация, полезный контент. Подписывайтесь!"
andersengeorgia,group,AndersenPeople GE/AZ,502,"Этот чат IT-компании Andersen, в котором вы можете:  🔹общаться с единомышленниками,  🔹получать советы экспертов, 🔹задавать свои вопросы по релокейту в Грузию и Азербайджан  Наш канал про европейское направление: https://t.me/andersenpoland"
culturalnavigation,channel,Культурная Навигация,184,Путшествия по России https://cult-nav.ru/
ocmediaorg,channel,Open Caucasus Media,346,English language reporting from the North and South Caucasus by OC Media. oc-media.org. Support us: https://oc-media.org/support_us/ Patreon: https://bit.ly/36FCTH7
eventsingeorgia,channel,Events in Georgia,141,"The slide project of @EventsAndTexts channel in Tbilisi, Georgia"
georgia_talks,group,Грузия общение,170,
georgiantouristservice,channel,Georgian Tourist Service,67,"Грузинская туристическая компания Georgian Tourist Service. Отдых в Грузии, групповые туры по Грузии, экскурсии из Тбилиси. Georgian travel company, guided tours in Georgia, day excursions from Tbilisi, wine tours in Kakheti region."
awakeningspacegeorgia,channel,"Пространство Пробуждения, Грузия/ Awakening Space, Georgia",54,"ГДЕ ВНИМАНИЕ- ТАМ ЭНЕРГИЯ! Ты- Творец Своей Реальности! *** Ты тут, чтобы вспомнить себя и обрести свое Предназначение и Уникальность!  Сотрудничество: @AnnaVartanova  Донейшн/энергообмен по отлику:  https://taplink.cc/annavartanova"
sbclubpro,channel,Business Club Georgia - Бизнес-клуб Грузия,37,💼 Новости и аналитика 👨🏻‍🏫 Образовательные лекции  🤝 Сопровождение бизнесов 📚 База знаний и библиотека 🫂 Онлайн сообщество По всем вопросам @ipnik
relocation_georgia,channel,Релокация Грузия 🇬🇪,32,"Мы публикуем информацию, предоставленную владельцами или агентами. Администрация канала не несёт ответственности за достоверность информации и надёжность объектов. Пожалуйста, проверяйте всё лично перед принятием решений.  Связь: @relocation_georgiabot"
georgiafurs,group,GeorgiaFurs Waiting Room,40,"This is the first stop before getting into the official GeorgiaFurs Telegram Community.  If this link does NOT work for you, reach out to us at georgiafurs@furryweekend.com or georgiafursevents@gmail.com with your issue. We'll take a look at it asap."
consultanzaniaspb,channel,Consul Tanzania SPb,46,"🇷🇺🤝🇹🇿 Россия — Танзания  Новости, культура, туризм, образование и бизнес между Россией и Танзанией.  Здесь вы найдёте официальную информацию, анонсы мероприятий, полезные материалы о Танзании и возможности для сотрудничества.  Контакт: @OlgaVaer"
relocation_georgia_chat,group,Georgia,11,
georgia_is_love_chat,group,🇬🇪 Chat: Georgia is Love,25,
sikhafoundation,channel,SIKHA foundation,10,SIKHA Foundation is a Tbilisi-based (Republic of Georgia) commercial research institute
otdelamga,channel,Оэу,4,
sportmng_association,channel,انجمن مدیریت ورزشی,405,🔶️ انجمن علمی مدیریت ورزشی شبکه نخبگان ایران  🔺️ مرجع فعالیت‌های آموزشی و پژوهشی در حوزه مدیریت ورزشی  💬 ارتباط با ادمین | @IEN_Admin |  وابسته به شبکه نخبگان ایران | @IranElitesNet |
thesportsnewsin,channel,The Sports News,238,"All the latest Sports News, Cricket News, IPL 2025, Live Score, Dream11 prediction, match prediction, Football News."
ttpu_sport,channel,TTPU sport department,128,Powered by roi student  @Roi_student
sportsisrael,channel,Спорт в Израиле,41,"Новости и обсуждение спорта в Израиле на русском языке.  Сотрудничество, реклама, пресс-релизы - пишите на @sportsisrael_bot"
sportsiraqi,channel,Sports iraqi,27,"كل ما يخص الكره العراقيه و العالمية ستجدونه هنا All about Iraqi and international football, you will find it here"
thesportsgrail,channel,The SportsGrail,28,"Latest sports news, articles, live scores, videos from the global arena. Everything sports for the aficionado."
klatv_ir,channel,KlaTV_IR,12,Kla.TV - فارسی
irfltv,channel,IRFL TV,49,
ibicuspress,channel,Ibicus Press,277,http://ibicuspress.com/  независимое издательство
irspr,channel,Лучшие проекты. Проверено! ⭐️,352,✔️Лучшие проекты здесь https://t.me/irspr По рекламе @ixafza Денежный робот: @botmegarobot Биржа https://t.me/joinchat/RCj9-TSuSGTVXzuk Подборки https://t.me/joinchat/S8JOSDL6uZSyhttp
c2h5ohyourcns,channel,Этанолы и неврозы,61,Обзорные лекции про вот это
iqbeautyrus,channel,IQ BEAUTY RUSSIA,104,"Косметология | HYDRAFACIAL | Эпиляция | Маникюр | Педикюр | Брови | Перманент | Массаж | Стрижка | Окрашивание  Одинцово, ул. Северная 5, к4 +7 (967) 160-00-60"
inorenoid,channel,inoreno.id,38,E-Commerce & Digital Marketing
offcroad,channel,iPhone duRove 🎠,8,"Лондон, Прага, Ницца Новый паспорт, новый штамп (Давай-давай-давай!) Гонка по границам Моя жизнь — мой чемодан (Давай-давай, ещё!) Лондон, Прага, Ницца Я летаю над землёй (Давай-давай-давай!) Вольный, будто птица Только птицы возвращаются домой"
ivanninstituto,channel,👨‍⚕️IVANN 👩‍⚕️,5,Instituto Valenciano Neurociencias
vpnpic,channel,VPNpic,137,@Vpnpicsub خرید و پشتیبانی
vpnsky_bot,bot,ربات فیلترشکن | Sky Vpn,,🌌  اSKY VPN، پرسرعت‌ترین سرویس فیلترشکن با امنیت و پایداری بالا نیم بها اپلیکیشن اختصاصی  Channel 👉  @vpnskyy
stavvpnbot,bot,STAVVPN bot,,Частный VPN сервис!  ◾️от 83 ₽/мес при годовой подписке!  ◾️дружелюбная поддержка - @stavvpn
boardvitals_q,channel,BoardVitals Qbank,154,12 Month Accounts ..FUll premum acces with all speicalities  FROM @MEDICUSMLE  Discounted Price Just for few days   Cardiology  Pediatric cardiology Gastro Radiology Psychiatry Family Medicine  And all other Specialty Questions banks   Limited acounts  ht
ymbatka_gomel_chat,group,"#ямыбатька ГОМЕЛЬ ""чат""",85,Для постов и связи - @SM_Koekoacho Правила  - @ymbpr Поддержка канала - https://t.me/ymb_finanse Вконтакте - https://vk.com/liftador Гомельский канал: https://t.me/ymbatka_gomel Районные каналы: @ymbatka_mozyr Основной канал:  @ymbatka
ellie_band,channel,Ellie,40,~Let's make this last forever~  P.S: мы не несем ответственности за кровотечение из ушей!!
bankomat_24,channel,BANKOMAT24,100,"Кассовое и банковское оборудование, а также запчасти для банкоматов и платежных терминалов в Узбекистане: https://bankomat24.uz/   ⚡Наш Инстаграм https://www.instagram.com/bankomat24/   Админ: @bankomat24uz"
tabligh_bankeketabesouti,channel,تبلیغات کانال کتاب صوتی,60,
bloombergterminal,channel,Bloomberg Terminal,18,"Инфографики, все свежие и горячие графики найдёте тут: https://ton.place/bloomberg"
marshall,channel,@Marshall's Cashouts,55,"owner - @hackerman338, @basketballfan123  Cashing coinbase logs — verizon, att, tmo, metro (must be a disable)  All cash outs i do are 50/50!"
bankgoroh_tel,channel,[ بانک گروه تلگرام ] بانک لینکدونی,24,به بانک گروه تلگرام،مجمع لینک های تلگرام خوش امدید اینجا مکانی است برای دوستداران تلگرام بانک لینکدونی اطلاع از شرایط تبلیغ @sharayetyek
bgmi_esp_files,channel,BGMI,10,
ongietorrierrefuxiatuak,channel,🗞ONGI ETORRI ERREFUXIATUAK Bizkaia,528,"Ongi Etorri Errefuxiatuak Avisos, agenda, comunicados, noticias, etc."
max_romano_info_oso,channel,Max Romano Info Oso,248,
shaahnaame_baastaan,channel,کانال : شاهنامه پژوهى استادسپنتامهر,725,خردنامه فردوسی  نخوانند بر   ما    کسی   آفرین چو ویران بود بوم ایران  زمین ...
weltfrei,channel,بسوی ایران آزاد,885,
bolasepako,channel,BoLASEPaKO.com 🇸🇬⚽,195,The revival of the Telegram Channel of BoLASEPaKO.com - a blog on Singapore football since December 1996
cstmmade,channel,CustomMade,734,"Канал игровой и кастомной периферии в России. Честные обзоры и подробная аналитика, помощь при выборе девайсов 👌  Для заказа писать сюда @custommadeofficial VK: https://vk.com/cstmmade Youtube: https://youtube.com/c/CustomMade1"
shternproductuon,channel,Сбитые с толку,375,"Почему наши интуитивные представления о мире не ошибочны Привет, я Софи Штерн Обо мне 👇🏻 https://sofistern.art"
funberry_toys,channel,Funberry Toys | Производство 3D игрушек,153,Группа вк vk.com/funberry_toys  Instagram instagram.com/funberrytoys
thekidcreator,channel,thekidcreator,162,
matosha_studia,channel,MATOIIIA креативные штуки из натуральной кожи,113,"Ты - личность. MATOIIIA - это кожаная сумка, ремень, кошелек и любой другой аксессуар с твоим характером!  Сделаю вещь по индивидуальному проекту, в уникальном дизайне и с нужными именно тебе опциями. По любым вопросам писать сюда:  @Matosharu"
velvet_cosmetic_bags,group,Авторские косметички ручной работы,72,"Velvet Cosmetic Bags - это авторские косметички из итальянского бархата ручной работы, созданные в единственном индивидуальном дизайне заказчика. Уникальный подарок для себя и близких ❤️"
creativeglamour,channel,🕎Скульптурные гипсовые изделия🕎,38,Добро пожаловать на канал «Скульптурные  гипсовые изделия» (hand made)! Мы изготавливаем уникальные гипсовые изделия 💫 Каждое изделие выполнено вручную с любовью и вниманием к деталям!👌 Для заказа: https://t.me/CreativeGlamour @Tonya_LeTo
paw_made_bags,channel,Сделано лапками ✨Paw Made ✨Наличие,31,"В этом канале будут размещаться сумки, которые есть в наличии. Самовывоз: г. Ярославль По всем вопросам: @vladlena_sl"
bulcraft,channel,Шорная артель Булгаковых,9,Кожевенная мастерская. Ручное изготовление вещей из натуральной кожи
kontrast3d,channel,КОНТРАСТ - Фигурки на заказ,17,
naturalnaya_kozha,channel,Изделия из натуральной кожи,7,
adreviewli,channel,"Рекламный отзовик ""ЛИ""",2,
rwbuffet,channel,Tatoshiki,4,
krealizado,channel,Krealizados,2,Productos y Servicios
igrushkikumi,channel,Игрушки Kumi,3,"Ответвление от главного канала Kumi, которое посвящено её игрушкам в смешанной технике и их продаже. Вопросы: @kurkkumik"
selfshipcmbot,bot,тейки сшкм подслушка,,
horomisbot,bot,with love,,
sewedhearts,channel,♡,1,
misstibiebot,bot,tibbbie,,
craftlyforbusiness,channel,Craftly for Business,1,
saaall8,channel,مِحراب.,5950,(وَاصبِر نَفسَكَ مَعَ الذِینَ یَدعُونَ رَبَّهُم بِالغَدَوٰةِ وَالعَشِیِّ یُرِیدُونَ وَجهَهُ)
quran_hadith_athar,channel,مُهَاجِرَة,83,"""مَن كَبُرت هِمّتُهُ لم يَرْضَ بِطَلبِ شَيْءٍ سِوَىٰ اللهِ سُبحَانَهُ وتَعَالى"" ابْنُ رَجَبٍ - رَحمَهُ الله -   غفَرَ الله لصاحِبَة القناة ولوالِدَيْها.  {إنّ معَ العُسرِ يُسرَا}"
henedi22,channel,ℌ𝔢𝔫𝔢𝔡𝔦 ᡴꪫ,97,"""مَلِيئَةٌ بِأَجْمَلِ الْعِبَارَاتِ، الْاقْتِبَاسَاتِ، وَعِبَارَاتٍ دِينِيَّةٍ تَرْفَعُ الْمَعْنَوِيَّاتِ""(🪷🤍"
imreallyminji,channel,민지 Kim Minji 💭,12,Nastya @reallyminjibot
school31rostov,channel,"МБОУ "" Школа N 31""",248,"МБОУ ""Школа N31"" г. Ростов-на-Дону"
wh1tgoth,channel,gothpl@net,3431,
gruz800,channel,СЕТЕВУХА 🤞,1604,
diazpam1,channel,دیازپام,1689,-از شهریور ۱۳۹۵
arqxn,channel,ARQON,214,
anc6r33,channel,Ancór3,279,FPL owner
tsybenzhabont,channel,tuyanaa💕,129,👋👋
junyoungmylove,channel,my love，junyoung,468,place of love for lee junyoung 𑇛 t.me/mysarangjunie_bot start 𝟣𝟤𝟢𝟩𝟤𝟧 °｡⋆ ♡
motogryazi48,channel,MotoGryazi48,269,у каждого свой путь - своя история. по всем вопросам 👉🏻 @sqweeaak  все соц-сети канала 👉🏻 https://motogryazi48.taplink.ws
kafshyouseff,channel,تولیدی کفش یوسف مشهد,795,تولید کننده انواع کفشها ارسال به تمام نقاط کشور آدرس:مشهد مقدس میدان 17 شهریور سرای 3(پاساژ امام حسین)طبقه سوم پلاک. 89 تلفن سفارشات  09159143094                  دفتر فروش.     05133669448 آیدی سفارشات  @yuseffshoes کانال ارسالیها https://t.me/Bijakyusef
bratz2001,channel,Bratz.collector.Crimea,340,"Тут proBratz Про мою коллекцию, покупки 🛍️и просто новинки в мире Bratz"
untitled0320,channel,"Die in June, Dio",64,
w_wxstr_rs,channel,⋆ w_wxstr ⋆,68,Анон: http://t.me/voprosy?start=78455
exrvtgwzex,channel,или всё-таки я,51,щитпост
asydag,channel,яасяя🧟‍♀️,255,Герли/хопчик/хорео  нск ко мне флексить💃🏼
snwos92,channel,шветц🤍🫰🏿,134,
eternal_summer_in_the_soul,channel,꧁🪷༺🌱 𝓔𝓽𝓮𝓻𝓷𝓪𝓵 𝓢𝓾𝓶𝓶𝓮𝓻 🌱༻🪷꧂,159,"Вечное лето - это состояние души, которое я стараюсь передать через песни и сохранить солнечное тепло даже сквозь холод"
ooeesc,channel,гайд как спастись от суицида,228,https://pin.it/1fT67f6dO
avgustovskyy,channel,"вспомни, август!/РЕСТ",101,"кот, белый, ?  щитпост https://t.me/+nTWaJOKD8PM0Mjcy"
akhbartarikhi,channel,اخبار تاریخی,144,اخبار تاریخی فرمانروایی ایران   تببین مقاومت و جهاد هزاران ساله مردم فلات ایران ( عراق سوریه لبنان فلسطین بحرین یمن افغانستان پاکستان آذربایجان تاجیکستان ازبکستان و .‌‌ . . )   تبیین تمدن معنوی مشاهیر بزرگ ایرانی و اسلامی
clickut_market,channel,Клик ЮТ | Маркетплейс отделочных материалов,26,Маркетплейс сантехники и отделочных материалов для дома и офиса.  Навигация https://t.me/clickut_market/3  👉 Click-ut.ru 📞 +7 (495) 085-57-85 🙋‍♂️: https://t.me/clickutru
mebel_nikolas,channel,Мебель на заказ Николас|Камчатка,44,Мебель вашей мечты от «НИКОЛАС ГРУПП» с гарантией! 🌐 НИКОЛАС: https://2gis.ru/p_kamchatskiy/geo/70000001024240599 📲 Запись на замер и консультации дизайнеры: +7 (924) 894 42 20 (Мах/Telegram) +7 (963) 831 01 41 (Мах/Telegram)
goltsev_proparket,channel,PARQUET STORE,22,"Жизнь магазина напольных покрытий. Находимся в Г.Тюмень ул.Федюнинского 43, ТК «Орион»"
implantationdot,channel,ПроРепродукцию | Точка имплантации,491,
amnestylook,channel,Amnesty Channel,21,Сборник новостей Изменений Проекта / Информация для игроков Сервера Magenta(13)
amnesiacwave,channel,707\.,128,i love here more than i love myself
amnistiapropaganda,channel,No propaganda di Amnesty sulla pena di morte - Geen doodstraf Международная амнистия International Death Penalty Propaganda,2,By @WomenRightsTelegram @DefenceTelegram @GenRevolutionOfficial @FactsTelegramChannels - @DeathSentenceBullshit  @BreivikDeathSentence @RecidivismFacts @LearnWithNorway @DeathSentenceNOW @DeathExecutionMethod @ShittyDeathSentences @DeathSentenceFAQ
clubhousesb,group,@Sportsbet.io Official,54688,"Your community for everything sports. Chat about football, tennis, cricket, F1, and more. Share your bets from @Sportsbet and comment on others."
thecrypto_clubhouse,group,The crypto clubhouse (TCCH),557,Welcome to the crypto clubhouse.... A place where we create safe atmosphere for lovers of crypto. Join AMAs for WHITELIST &BNB GIVEAWAY 💰💰 AMA INQUIRY&PROMO DM👉 @slowdice / @elizick https://t.me/fabclubhouse_callz  https://twitter.com/tcchclubhouse
busr_clubhouse,channel,BUSR Club House,340,Get access to the most exclusive promos and action in the BUSR Club House
kaufhouse,channel,KAUFHOUSE,2826,только для девушек только Москва  клуб. движение. свои.  крупнейшее женское комьюнити Москвы единственный московский чат  вход ↓  @KAUFHOUSE_bot  https://www.instagram.com/kaufhousemsk https://www.tiktok.com/@kaufhouse.msk
applause_club,channel,АПЛОДИСМЕНТЫ 👏🏼,1309,Творческая студия для детей и взрослых в Алтуфьево и Фили 💜 https://applause-studio.ru/ Записаться на занятие - @Applausee_Studio  Творческий НЕ лагерь для детей от 5 до 18 лет  ⭐️  https://applause-pc.ru/ Забронировать путёвку - @applausecampmanager
clubhrc,group,R&C Бизнес-Клуб открытый чат участников,908,Чат Бизнес-Клуба R&C
floodrpcf,channel,⌗ flood . rp ⋮ conf,19,0/100
ariinfolo,channel,Инфа крутой Ари чан,2,
ilismcf,channel,Tullele ⊹ ࣪ ˖,1,Вкусно и не грустно (⁠*⁠´⁠ω⁠｀⁠*⁠)
nikfeo,channel,ИнтересНО😳👍😜,133,"История,наука,культура....(минимум политики)"
nikkonorasart,channel,Nikkonora's art 🔞,92,Drawing sometimes
niklar_olami_prchatlar,channel,NIKLAR OLAMI,189,𝗞𝗶𝗺𝗱𝗮 𝘇𝗮𝗸𝗮𝘀 𝗯𝘂𝗹𝘀𝗮 𝗹𝗲𝗰𝗵  @NEMATOV_NORMUROD  @NORMUROD_NEMATOV
nifana9k,channel,нифана90Оо,170,Трейды и коллабы да🙏  Щп - https://t.me/+19R88Qyvm5xkYzJi  https://t.me/boost/nifana9k  Вк - https://vk.com/nifana9k Твитр - https://x.com/nifana9k Инст - https://www.instagram.com/nifana9k/ Тикток - https://www.tiktok.com/@nifana9000
niluoofar,channel,نیلوفر آبی,68,https://t.me/HarfBeManBOT?start=HBM11574477
niki_star,channel,◇Крайморіл◇,53,"Привіт! Я Вероніка Вогнецвіт 🫶 Тут я малюю, розповідаю про своє життя, показую етапи робіт та інше 🤝 ♡Буду рада всім!♡"
nikkicquellcom,channel,Nikki👅,63,Niᕤcquu:*:
nocap_official,channel,NoCap,1881,"Аниматор, и ютубер по Skibidi Toilet"
mngnpnk,channel,minigunpunk // the.gif,116,"Музыка, сведение, мастеринг, болтовня  agent: @fuck_off_sweetheart"
netesovbeer,channel,netyos,407,lifestyle  Inst:netesovstyle
kayrat_nurtas_kanali_2022,channel,Kairat Nurtas,369,Қайрат Нұртас музыкалар және оригинал минустар  Әндер Видео Фотолар Жане басқа Админ: Kairat Nurtas 📲 +77001020104➡️@KN_《оригинал минустар Текст》https://t.me/knfanchat
mzlffstint_cf,channel,👾✨ / 𝙈𝙕𝙇𝙁𝙁 𝙖𝙣𝙙 𝙎𝙏𝙄𝙉𝙏𝙄𝙆 cf,31,
tgk_snickers,channel,детдом серафима 🕶️☀️,30,"δудущᥙᥔ ρᥲᤋρᥲδ н᧐ʙᥱ᧘᧘ы, нᥱд᧐-᥊уд᧐жнᥙκ, ᥰᥙᥴᥲᴛᥱ᧘ь ɸɸ   второй художник — ⟩ @KanniPass"
chernovar_kzn,channel,Черновар,113,"Мемы, кошки, косплей"
nickanbeats,channel,NICKAN,88,♱♱♱  MIXING ENGINEER | PRODUCER | MUSICIAN @MIXBYNICKAN @NICKANSTORE  ♱♱♱  IG NICKANONE  WORK W// MENTAY+LUVDAKASH+GYKKEEEN+CODEK$+REXIGNER+KARTER DARK+etc
beyondclownworld,channel,Beyond Clown 🌎,887,
krishikranti07,channel,Krishi Kranti - All Agriculture Notes & Pdf 📘🗂,22702,Official Telegram channel of Krishi Kranti IG YouTube  Agriculture channel since 2018  Group - @Krishikrantigroup  Backup - @Krishi_kranti @imsachit
ich2es,channel,Ich2es,188,Telegram: https://t.me/ich2es —[ Twitter ]—     Gesperrt —[ Ersatz ]— https://gab.com/Zimbi  https://gettr.com/user/ich2es —[ Odysee ]— https://odysee.com/$/invite/@Zimbi:f —[ BitChute ]— bitchute.com/Mahdi
sarkariresultiti,channel,SarkariResultITI,353,"SarkariResultITI द्वारा आपको निम्नलिखित platform provide किया जाता है: 1. Sarkari Result ITI YouTube Channel: यहां video के माध्यम से ITI छात्रों को Jobs, Apprentice, Exam की जानकारी दी जाती है 2. Visit the official website » sarkariresultiti.com"
razoblachenie_vragov_chri,channel,РВЧ,198,"РазоблачаниеВраговЧРИ (рвч) - БОРОТЬСЯ С ЛОЖЬЮ, МОЖНО ТОЛЬКО ПРАВДОЙ!  Вы можете прислать анонимно фото, видео, аудио об этих врагах на бот @razvrag_bot"
profstal_irk,channel,Профсталь | Иркутский завод,303,"💪 “АО Профсталь” | Более 25 лет производим надежную кровлю и фасады в Иркутске. 📐 Замеры, расчет.  📞 8 (3952) 500-770 , наш сайт: izpn.ru"
keshavarzepishro,channel,کشاورز پیشرو 🌾🚜,576,🌾کانال ویژه موارد فنی و زراعی کشاورزی/وحیدامرودی   ☘ افزایش آگاهی زراعی و ترویجی کشاورزان، دامداران و کارشناسان عزیز 🔶 لطفاً پیامها را ارسال کنید ↩شماره برای ارسال سوالات و تصاویر شما همراهان گرامی  🌾  👇 09119475458  @vahid_58 amroudivahid58@gmail.com
mtrgamewithdrawalproof,group,MTR WITHDRAWAL PROOF,289,
jahan_herattimes,channel,جهان بین‌الملل | هرات تایمز🌍,3482,🌍 جهان بین‌الملل | هرات تایمز از مهم‌ترین تحولات جهان، لحظه‌به‌لحظه باخبر باشید.  تحلیل، خبر و گزارش‌های معتبر از سیاست، اقتصاد و امنیت بین‌الملل. www.herattimes.net  @Herat
lexicolazero,channel,𝗟𝗘𝗫𝗜,1259,
thekhorasantimes,channel,The Khorasan Times | خراسان تایمز,507,خراسان‌تایمز:  خبر و تحولات خراسان/افغانستان، منطقه و جهان را سریع، دقیق و بی‌طرف ازین پایگاه دنبال کنید.  https://t.me/thekhorasantimes
rr3den,channel,rest 𝗥𝗘𝗜𝗗𝗘𝗡 𝗕𝗢𝗧𝗦.,82,
koreatimesshop,channel,Korea times shop,299,آرشیو شاپ کریا تایمز  آدرس پیج: https://instagram.com/koreatimesshop?igshid=YTQwZjQ0NmI0OA==   🛍 برای سفارش به @koreatimesVIP یا دایرکت اینستاگرام پیام بدید.
eshkereuno,channel,Mambysya//bot's🕸,80,"Тт(автора): @mambysechka Юз(автора): @qw0tgw Каи(автора): @mambysa Анон: @Mambysyabot Архив: https://t.me/+Cm_gMC02gbQ3Yjli  15рк - бот Мамбусяточки-мамбуся , любым из этих названий можно называть тгк"
alimohammadihossein,channel,کانال چیرگی در رهبری و مدیریت بحران|حسین علی‌ محمدی,280,استراتژیست و پژوهشگر رهبری | مولف کتب چیرگی در رهبری |  تحلیل مقالات جهانی (اکونومیست، فایننشال تایمز و ...) | کوچینگ و منتورینگ عملی برای مدیران و رهبران اجرایی |   www.Hosseinalimohammadi.com  castbox.fm/vh/6458877  admin:@Hosseinalimohammadi1
sindiasss,channel,𝗟𝗶𝘀𝗲𝗻𝗮 𝗞𝗮𝘂𝗹𝗶𝘁𝘇,140,Боты по братьям каулитц
vearth_7,channel,͡ ЗЕМЛЕРЫ КФ 𖥔 🕶️🔥 ͡,132,🦶:: @Verearthbot бот
renvth,channel,𝙍Ξ𝙉𝙑 | 𝙏𝙃,61,tt: tkaulitzfav
takiakhana,channel,تکیه خانه,211,تکیه خانه تلویزیون تمدن
poksertv,channel,Pokser TV channel,531,Donatlar uchun: https://tirikchilik.uz/poksertv
afranewstime,channel,Afra times,249,تنها منبع موثق خبری از افرا با پوشش لحظه‌ای، گزارش‌های تحقیقی و تحلیلی با تکیه بر منابع معتبر و آرشیو کامل و قابل جستجو از اخبار.
tasian0202,channel,تآسـیـان,57,هِلوو کوچولووو محتوای کانال،روزمرگی،حرفای دلی اگرم چیزی درخواست بدین درخدمتیم🫶✨️ لینک ناشناسمون: https://abzarek.ir/service-p/msg/4809556 ربات ناشناسمون جهت شنیدن حرفات🌱👀: @nashenastasian2026bot
priangarie,channel,Приангарье,562,
studyduoo,channel,𝐒𝐓𝐔𝐃𝐘 𝐃𝐔𝐎⚔️,354,اینجا آینده‌مونو با هم می‌سازیم⛓️(دو نفریم)                                     @Studyduoo_bot بفرمایید🫴🏼
ekipproject,channel,Ekip,135,اکیپ | تجربه ای که باهم می‌سازیم  • 🎧پشتیبانی: @Ekipsupport • 🏅اینستاگرام: Instagram.com/ekipproject
diabet_iran,channel,من دیابتی هستم,11902,
aliardavanmusic,channel,Aliardavan,20777,hajali
navaoww,channel,نَوآ و لحظه‌های کوچک🍒,336,"جمع کردن لحظه‌های کوچیک و دوست‌داشتنی🥹🤏 روزها، همون‌طور که می‌گذرن.""نیمچه هنرمند""🎨 @Navaowwbotbot"
cinnamon_rollls,channel,رول دارچینی,329,هر چیز رندومِ دوست داشتنی ⭐️  لطفا از عکس هام استفاده نکنید… (همون رول دارچینی قدیمی)  t.me/BluChtBot?start=6eaeae09beddaf8f8a48
lovllyttle,channel,•𝕊𝕜𝕪𝔽𝕒𝕝𝕝• 𝑳𝒂𝒏𝒅𝒍𝒐𝒓𝒅 𝑹𝒂𝒏 𝑨𝒘𝒂𝒚 !!,79,دوست داشتنی کوچک🫠🤏🏻 IG | @Carat997  آرشیو صحبتامون^^ @lovllyttle_archive  📬 @lovllyttle_bot
fujiland1,channel,Fujiland music,28,
uniiran,channel,‎دانشگاه سنگر آزادی و برابری,577,ما دانشجویان خواهان و مدافع برابری، عدالت و رفاه همگانی، سکولاریزم و آزادی هستیم.   آیدی پیامگیر تلگرام:   @SJKTAMAS  تلگرام:  https://t.me/uniiran اینستاگرام:  https://www.instagram.com/uni.azadi.barabari توئیتر: https://twitter.com/UNI_Barabari
lighteveningscouting,channel,Легкий вечерний скаутинг,367,О скаутинге простым языком.  Обратная связь: @Timofey_Tipikin
pablogavi12,channel,עולמו של פאבלו גאבי,35,
achraf_hakimi12,channel,Achraf Hakimi🇸🇦,49,أشرف حكيمي هو مدافع مغربي، أحد أكثر لاعبي كرة القدم الواعدين والموهوبين فنيا في مركزه. ويلعب مع باريس سان جيرمان منذ عام 2021، بعد أن لعب سابقًا مع بوروسيا دورتموند وإنتر. معروف بسرعته ومراوغته وقدرته على التواصل مع الهجمات.  https://achraf-hakimi-ar.com/
nyxbroker,channel,NYX BROKER | Official Channel,117,کانال رسمی دپارتمان فارسی زبانان بروکر نیکس  📰اطلاع رسانی از اخبار داخلی بروکر نیکس، اخبار فاندامنتال و بازارهای مالی جهان به همراه تقویم اقتصادی اطلاع از خدمات بروکر نیکس ⬇️  https://nyxbroker.com/fa/ 🆔 @nyxsupport
unionbroker,channel,ЮнионПарк | Недвижимость Челябинска,336,
besarabskifront,channel,Бесарабски фронт – новини за войната в Украйна,1621,"Това е официален Telegram канал на проекта Бесарбски фронт  Екип по проекта: Геннадий Воробьов – автор на идеята, инвеститор Александър Барон – съосновател и главен редактор Екип от преводачи  Фейсбук страница: https://www.facebook.com/BesarabskiFront2.0/"
nsshop1945,channel,NS.Guard and WWII diorama,807,⚜️صحنه ها و نبرد های مهم جنگ جهانی دوم  همراه با تولید ماکت و دیورامای جنگ جهانی دوم   💬گپ:   @nssth1960  🎖چنل ماکت و کیت :  @modelmilitary
veterans_of_ww2,channel,"Ветераны Второй Мировой (Великой Отечественной) войны - Фергана, Наманган, Андижан, Ташкентская область, город Ташкент.",25,"Ветераны Великой Отечественной войны Ферганы, Намангана, Андижана.  Улуғ Ватан уруши қатнашчилари - Фарғона, Наманган, Андижон. Veterans of Great Patriotic war (World War 2) - Ferghana, Namangan, Andijan - Uzbekistan."
warxmusic,channel,War Music,25,"Музыка комбатантов и некомбатантов, тронувшая сердце человека, проживающего опыт войны. Саундтреки боевых действий, вплетенные в грохот снарядов, шум двигателей БПЛА и треск вертолетных лопастей."
frontshow,channel,ФРОНТ,50,
mortebiancafanstakes,channel,Mortebianca fan's takes,105,@mortebiancafanstakes_bot
festivaldnevitezstvi,channel,FESTIVAL DNE VÍTĚZSTVÍ,124,
orehov_ivan_95,channel,ОРЕХОВ | Литература и журналистика,86,авторский канал журналиста РИА Новости [не только] о профессии и писательстве https://max.ru/join/l6hgTry21lfUrhiBwA9OBvS8Sf-f1RP6j7uGaP7lzgI 📸 orehov_ivan
hotline_agony,channel,𝖉𝖊𝖆𝖙𝖍 𝖎𝖓 𝖆𝖌𝖔𝖓𝖞,6,"Какая разница, что думают о войне люди. Война есть и будет. С таким же успехом можно спросить, что люди думают о камне. Война была всегда. Она была еще до человека, война поджидала его. Основное ремесло поджидало своего основного исполнителя"
russiantelegramfreaks,channel,"RussianTelegramFreaks: Russian Telegram Freaks from Russia, Ukraine, Belarus, Kazakhstan (Україна, Россия, тик-ток)",45,RussianTelegramFreaks by TelegramFreaks @TgmeFreaks  🇮🇹 @tgmeFreaksItalia 🇩🇪@tgmeFreaksDeutsch 🇫🇷 @FrenchTelegramFreaks 🇪🇸 @LatinTelegramFreaks 🇺🇦 @UkrainianTelegramFreaks 💃TikTok @TTokFreaks 🤖Discord: @DiscordFreaks
russiexpress,channel,RussiЭxpress,5,Tout sur la Russie
jobdiscrimination,channel,It's time to stop job type discrimination - Women / Students / Black / Latinos have the right to get same wages,51,By @FinanceFactsTelegram @AnimalFreaks @ClimateChangeTelegram @MeteoTelegram @GenRevolutionOfficial @PollutionFacts @MissionWillowProject @ArcticAbuse @BetterPlanetTelegram @MissionPlaneta @ClimateChannels @MisionEurope @MissionEuropaTelegram
spiralsquared,channel,© SPIRAKA,92,"👹 Spiral Squared 👽 Spiraka  💎 DJ Squared  Тут я делюсь всяким, как дневник.  Links:  All - https://linktr.ee/spiralsquared  soundcloud.com/spiralsquared www.instagram.com/spiralsquared"
bekzodhimmatov,channel,Bekzod Himmatov (vizitka),9,
skull_hnd,channel,SKULL IS ON A BOARD/H&D/,13,
books_vibess,channel,books_vibess,1,
al_a1m_n0r,channel,العلمُ نور,265,علمٌ ونورٌ 🌟 ننشر ما ينفع من القرآن والسنة وكلام العلماء.   القبة – ليبيا
qiilrer,channel,officer สกาย ‘s boyfie,231,‌ ‌ ‌ ‌ ‌ ‌ ‌‌ ‌ ‌  anon 💭  @officersanon_Bot ‌ ‌ ‌ ‌ ‌ ‌ ‌
neforrhome,channel,NeforHome,99,Написать пост --->  dm — @plagon_fame
tyuningpk,channel,𝗌𝗈𝗎𝗅𝗆𝖺𝗍𝖾𝗌 دیـلي پك تهکـاي,181,@matezzbot 🔛🔝
forumnaukabg,channel,Форум Наука,121,"""Форум Наука"" е онлайн и поддържа научни, исторически и любопитни дискусии с учени, експерти, любители, учители и ученици.  За своята близо двайсет годишна история ""Форум Наука"" се утвърди като мост между тези, които знаят и тези, които искат да знаят."
givinggirlscoc4ine,channel,агенствонасилия,25,
hi_metadon,channel,𝑴𝒆𝒕𝒂𝒅𝒐𝒏,66,Кс2/со2
samueljexxtra,channel,Semi’on,56,
girlbymartinpark,channel,求 _ 𝓜ᥲɾ𝘁ıᥒ ㋽,23,Hiyori/Hinata 404 ( she / her ) ㋧ t.me/GirlByNishimura не будете следить - не подписывайтесь
naujoji_pasaulio_tvarka,channel,Naujoji pasaulio tvarka,725,"Tiesos beieškant. Pasaulis, kuriame gyvename yra visiškai ne toks, kokį mums bando pateikti mokyklose ir vadovėliuose. Mums meluojama apie mūsų kilmę, mūsų istoriją, apie tai kas vyksta aplink mus. Kyla klausimas- koks pasaulis yra iš tiesų?"
notrealupdates,channel,REAL - MALIKA,506,"Jai shree madhav  - Har Har Mahadev Real - Malika: Astrology + global news channel. Managed by: @NotRealMalika & Admins Dear Pavel Durov, This channel is only for educational purposes and it doesn't promote any kind of illegal activities or something."
falsopervero,channel,🇮🇹 IL FALSO PER VERO E IL VERO PER FALSO.🛸,215,"Tutto si sta realizzando. La falsità spacciata è accolta come verità senza porsi domande. Comportamento da IDIOTI, da EBETI."
rw_news_channel,channel,Real World News,134,Not the Mainstream Media #News #Breakingnews #Politics #Geopolitics
realspad_official,channel,Realspad_Reals official🏢,46,"Building a best Future for your invests.., https://Realspad.com"
realitywall,channel,Реальность и Откровение / Библия 3.0 / Куфдшен,24,Реальность и Откровение / Библия 3.0 / Знакомство с реальностью - мучительный процесс - это просветление!
reaperactualdps,channel,Reaper Actual DPS,22,the official Telegram channel for Reaper Actual
webmaster1776,channel,RealNewsChannel.com,7,"Fighting For The 1st Amendment In a age when censorship is on the rise. And a Corporate Bias Media Lies Constantly it has never been more important to have Independent News media. We are a Hub for such media, giving you the stories others won’t tell."
ange1s_homee,channel,𝑺𝒂𝒚 𝒚𝒆𝒔 𝒕𝒐 𝒉𝒆𝒂𝒗𝒆𝒏,238,"Уют, комфорт и теплые разговоры за чашечкой зелёного чая"
pocco_ru,channel,Рест - Павло 🎶 Эскобар,43,"¡Buenas noches!  Не забудьте подписаться на восходящую звезду до того, как она станет сгоревшей кометой 💫 @Rustarssetka"
blesscherry,channel,¡ bless me !,39,второй тгк для творчества. постараюсь не пропадать и примерно стабильно по времени радовать вас своими работами!💕
starfanfic,channel,🌸Свой сюжет фанфика!🌸,11,
aidfhin,channel,aidphin,6,"думаю, пишу, думаю не ошибки, а творческие эксперименты  обитаю на ао3 !вне тг не репостить!"
journal_we_96,channel,"Журнал ""Мы""",411,
zovsochisvoihnebrosaem,channel,ZOVСОЧИ | Фронтовая маскировка,596,Помощь военным в зоне СВО. Маскировочные сети.    СБП +79189091717  Екатерина Игоревна П.   #Сочи #своихнебросаем #zovсочи #сво
nash_dom_life,channel,ЦССВ «Наш дом»,289,🏡Центр содействия семейному воспитанию «Наш дом»(Детский дом-интернат 8) 🔵 Помогаем детям обрести семью  🔵 Поддержка волонтерства и наставничества
mprimula,channel,БОЛЬШЕ чем ЕГЭ. Русский язык и литература для всех,183,"Мария Вадимовна Михенькова Репетитор по русскому языку (ОГЭ, ЕГЭ) и литературе (ЕГЭ) с 2000 г. Опыт  - с 1990 г. Образование - МГУ, филологический факультет. Работа один на один с учеником. Развитие системного мышления👩‍🏫 Пишите в вотсап: +7 916 4397332"
ldpr_nash_pytb,channel,НАШ ПУТЬ,104,Наш Путь — организационный проект активистов из числа партийцев и сторонников партии ЛДПР.   Работаем на мероприятиях. Развиваемся. Помогаем. Защищаем.  Telegram bot для связи: @NawPutbot
www_bnsw_org,channel,Б. Н. С. | Пуᴛь ᴋ Пᴏбᴇдᴇ!,40,"⚡ Бᴏᴇʙᴀя ᴧᴇᴛᴏᴨиᴄь дᴏбᴩᴏʙᴏᴧьных ɯᴛуᴩʍᴏʙых ᴏᴛᴩядᴏʙ. Пᴏʙᴛᴏᴩяй, дᴇᴧᴀй ᴧучɯᴇ нᴀᴄ! ⌖  Бᴏᴛ дᴧя ᴄʙяɜи ᴄ ᴀдʍиниᴄᴛᴩᴀциᴇй ᴨᴩᴏᴇᴋᴛᴀ: @TheKorpys_bot"
qaaaaaaaaaaf,channel,"وَ ""قاف"" حَرفِ آخَرِ ""عِشق"" اَست...",97,باشد که این سیاهه، ردپایی هرچند کوچک از ما در جهان ماده باشد...
family_thicket,channel,Родовой Лес | 263 Наших,14,
gigovnya,channel,ГИГовня | Афиша,489,Москва и МО  Предлога: https://t.me/gigovnya?direct  Чат: https://t.me/+v--tFpKG9ktlMTM6  Кладбище: https://t.me/gig_grave
tyumen_5_11_vorov_na_kol,group,Наше будущее Тюмень,129,
wo1ntcf,channel,Wo1nt | Counter Flame,84,
shturmovakut,channel,Щурмовакът,42,"Електронно издание, борещо се за историческата истина и срещу световното еврейство и масонство.  der-stuermer.org"
antikidalovorf,group,АНТИ КИДАЛОВО РФ,6,Кидаем швыров с доказательствами скрины переписки https://t.me/AntiKidalovoRF
yeezycafe,channel,Yeezy Cafe,1630,
brotherfathergang,channel,БРАТОБАТЯ GANG,92,ДОНЕЙШН: https://clck.ru/3PWKQp МЕРЧ: clck.ru/3Jqzbw Группа ВК: vk.com/brotherfather Яндекс Музыка: clck.ru/3Jr24E Чат тг: t.me/brotherfatherchat Ютуб: youtube.com/@bratobatya Скачать музло: https://disk.yandex.ru/d/qMCXjVrDNR4HRQ
forseongtak,channel,seongtak,86,
exson7717,channel,Exson,4,@shifokorim_uz
saxovat6161,channel,Saxovat,2,@shifokorim_uz
baraka_savdo_quqon,channel,baraka_savdo_quqon,2,@shifokorim_uz 💕
muhammadsolikh_1505,channel,Mmm,3,@shifokorim_uz
sia_inform,channel,(( ♠️ )),3,
mboyscoinbot,channel,Yangi kanallarga qushiling,1,@Shifokorim_uz
consultant_beeline_admin,channel,@consultant_beeline_admin,1,@shifokorim_uz
modernsomerianslates,channel,Modern Somerian Slates MSS,10,
nak0pi,channel,накопu ?7:00,124,передознитесь канал для ваших мам  лс: @dmle0700
idhaf67,channel,IDHAF to lose anymore,87,"актуальный прайс: mp3 - 500р wav - 1500p (lab 2000р) trackout - 3000p (lab 4000р) exclusive - 6000р (lab 12000р)   биты бесплатны для некоммерческого пользования (sc, tg, vk) mp3  связь @percgod2007COCK1080XPY4EBOurpok  *возможны скидки"
eskizynikaplufil,channel,eskizy nika plufil,115,"это канал с эскизами для тату от ники плюфил. -> https://t.me/p1ufil  -все эскизы могут быть использованы исключительно никой плюфил. набивать, печатать, продавать и тд. другими лицами, кроме ники плюфил запрещено."
nobody77amir,channel,NOBODY,14,
kniginik,channel,о книгах с никой и не только,13,"залетай, тут весело"
chumnooii,channel,𝗖𝗛𝗨𝗠𝗡𝗢𝗜-𝙋𝙍𝘼𝙉𝙆𝙀𝙍 || #𝖻𝗎𝗌𝗒,107,анон: @anonnmesssbot                                    статус:занят #𝗯𝘁𝘃
kallmedi,channel,do you know who you are?,41,
luniora_blog,channel,ִּ. ⬪ׄ Ɩꭎƞɪᨵrɑ ɓ꠸0ꬶ ᩙ ׁ ׅˑ ׅ,62,
darc3lrz,channel,'𝓔ؗ⃩⃛ܺ𐍸𝗟𝕲ۣܱۗ𝗘ؚ࡙⃬ࣧ⃩ؗࠫ𝕶 | ✱,1,
reezyyshs,channel,резы + архив я и кто,3,
infopersonshuzi,channel,персы шузи,8,Здесь инфо про всех наших персонажей!!
lmaoohaii,channel,резы архив,4,
bonuskodove,channel,BonusKodove,3,"🎰 BonusKodove.com — Казино бонуси  🥊 Прогнози за ММА и бокс 🎯 Анализи, статистики и всичко важно преди битката 🔥 Само за фенове, които играят умно"
rottenres,channel,результаты аа,2,
kuttalig3,channel,🔥স্বাধীন বাংলাদেশ 🔥,27858,
the_balkan_confederation,channel,𝑇𝒉𝑒 𝐵𝑎𝑙𝑘𝑎𝑛 𝐶𝑜𝑛𝑓𝑒𝑑𝑒𝑟𝑎𝑡𝑖𝑜𝑛,421,Канал о истории и картографии!  Предложка тгк: @thebalkanball_bot  Забустить тгк: https://t.me/boost?c=2875050249
barsam_division,channel,BARSAM Division,181,گروه فعالیت ملی و مبارزه ایرانیان برای رهایی ایران .  برای شاه، ملت و میهن  پاینده ایران  راه ارتباطی: دایرکت
brigada_bec,channel,Бригада Беч,149,Србска група родољуба базирана у Бечу
smrtkomuni,channel,Уједињење Срба,34,Светосавска држава Исус Христос Побеђује Званичан телеграм канал
volksfrontbulgarien,channel,Volksfront Bulgarien,40,
bulgarian_music,channel,Българска музика🇧🇬🎶,633,С България в сърцето
pallant_invest_bulgaria,group,🇧🇬 REAL ESTATE BULGARIA🇪🇺 Pallant Invest,163,Pallant Invest 🇧🇬 | Investment Property Русский | English | Български | עברית Апартаменты от застройщика • Без комиссии Bansko projects • Spring offers Investment property Bulgaria Townhouses in Sofia  Связь -  wa.me/359882166951
revolut_bulgaria,group,"Revolut, monese, iCard, phyre .... etc",208,Всичко за електронните портфейли и как да ги използваме! Предлагането на схеми за печелене на пари и спам води до ban!  Полезни връзки: https://telegra.ph/Revolut-iCard-phyre--i-tn-06-11
jobo_bulgaria,group,Робота в Болгарії | Работа в Болгарии | Jobo,95,
bulgariaonair,channel,Bulgaria ON AIR,44,Национална политематична телевизия
fianitovna,channel,FIANITOVNA,1076,ВК https://vk.com/tvoyfianit
sweetmua,channel,Вот такие дела,117,
the_xperts,channel,𖤍 J4CK KI FILESS 𖤍,262,
razshirena_realnost_chat,group,Разширена реалност чат,139,Това е чат групата на канала РАЗШИРЕНА РЕАЛНОСТ
illy4evv3r,channel,⋆˚࿔ sun3sh1ne/g0d 𝜗𝜚˚⋆,72,the life of a producer and an artist
sh_tevetkova,channel,шурымуры🫦,126,it’s my life
krasivasiliatra,channel,КРАСИВА СИЛИСТРА,90,Това е официалният Телеграм канал на Красива Силистра.
olegdudkakozi,channel,I.NO.RI,119,服を脱ぎ横たわる姿に祈りを捧げて
towatakamura,channel,Това Такамура: Адвокат,82,Поддержать деньгами Сбер: https://messenger.online.sberbank.ru/sl/mSb3tsIYOffCNbbLu
ragebaitcreator,channel,това фанпейдж,61,꒰ა ☆ ໒꒱
evoootedd,channel,TED,64,
bdsmizuki,channel,Това товусик 😁,41,https://t.me/hibisuperkrutoy СЛИВЫ ПЕНИСА ДАНИ кашина  https://t.me/mizukichehe СЛИВЫ ОРЕХОВ ЦМХ
towawhines,channel,това's хныканья,23,
russian_hard,group,РУССКАЯ ЖЕСТЬ 18+ | ЧАТ,232,Чат канала Русская Жесть https://t.me/+IOA0JzCr3ZxhMmIy
moyarossiyachatbot,bot,Moya Rossiya Chat,,
rus_realty,channel,Rus,1,
kaldata,channel,Kaldata.com,1183,"Kaldata.com е една от най-старите онлайн медии в България и най-популярният български сайт за софтуерни, хардуерни, технологични и геймърски новини."
rtvis,channel,"Радио и Телевизия ""Истина и Свобода""",570,"Мястото на свободното слово. Издател - ""Български Саракт"", София, България.🇧🇬"
capricorn_travel_spb,channel,"Каприкон Тревел | Визы, туры и новости",236,
aletheia_5,channel,آلثیا,289,«درین سرما، گرسنه، زخم خورده، دویم آسیمه سر بر برف چون باد ولیکن عزت آزادگی را نگهبانیم، آزادیم، آزاد.»  زن زندگی آزادی
mariam_alatar,channel,مريم العطّار,777,شاعرة ومترجمة عراقية
freefire_friends,channel,Free fire friends 🤍,2,
freechargersbot,bot,FreeChargers Help Bot,,Join FreeChargers Telegram Channel For best Loot deals & Offers.  Join Link : https://t.me/+S3ZuT32kt5kEPlkF
marina_petuxova_bot,bot,Марина про удалёнку с нуля,,
rivoj_yuksalish_bot,bot,Rivoj va yuksalish boti,,Bu Sevgi bilan rivojlanish va yuksalish kanali boti
meowmeowmeow8_bot,bot,убежище,,
freeproxymakerbot,bot,پشتیبانی FreeProxyMaker,,برای داشتن اینترنتی آزاد برای همگان✌️
iera_trader_ne_bot,bot,Лера Профитова 👋,,"Из-за большого количества обращений, я была вынуждена использовать бота, в обход спам-блока ❗️ОТВЕЧАТЬ БУДУ ЛИЧНО Я ❗️"
traditionalistic_bot,bot,Высоконравственная леди,,Обратная связь с Нравственницей.   Одна я не справлюсь. Поможете?  t.me/moralistess
koncheniygolokellinbot,bot,anon koncheniygolokelli,,
free_polina_bot,bot,Связь с группой поддержки Полины Евтушенко,,
moneystretch_bot,bot,Денежная растяжка,,
anon_zhanel_bot,bot,Анон жанель,,Все сообщения отправляются анонимно❗ Анон жанельки @XLL_ass
afrodita_gs_bot,bot,Афродита. Курс по восстановлению женского здоровья,,
artpenzabot,bot,Art-Penza,,
freechargers_business_bot,bot,FreeChargers Business,,
motherslibrary_bot,bot,Not,,
larisa_energi_bot,bot,Лариса Варфоломеева/ Духовный наставник,,
borisovafrilance_bot,bot,Наталия 🌺 про ФРИЛАНС,,
dashulya_questionbot,bot,Вопросик Дашуле 💅,,
oppopart_fnbaza_bot,bot,Бесплатные лекции от Академии OP-POP-ART,,
owaritth,channel,كاتِب,276,أَغْمِضْ أَجْفَانَكَ المُتْعَبَةَ   وَادْخُلْ عَالَمَ الكِتَابَةِ  العَالَمُ الَّذِي يَضِجُّ بِالشُّعُورِ.     كَاتِبٌ يَنْوِي أَنْ يُصْبِحَ أَعْظَمَ الكُتَّابِ فِي عَصْرِهِ،  خَادِمٌ لِآلِ النَّبِيِّ وَالشُّهَدَاءِ،  عَبْدًا لِلَّهِ.
wa3y2026,channel,🪻وَعْيُ مُؤْمِنٌ🪻,105,طُويلِبَةُ عِلمْ، أَعرُجُ فِي طَريقِ أَهلِ العِلمْ،سَلَفيَّةُ   المَنهَج،شَافِعيَّةُ المَذهَبْ،تَيميَّةُ الهَوى💜🤍
tatsnotits,channel,37,41,ТАТс не уполномочен
formy19,channel,"التائبون🩶 """,10,"ɪғ ʏᴏᴜ ᴛʜɪɴᴋ ʏᴏᴜ ʜᴀᴠᴇ ɢᴜᴀʀᴀɴᴛᴇᴇᴅ ᴍʏ   ᴘʀᴇsᴇɴᴄᴇ, ɪ ᴡɪʟʟ ᴄᴇʀᴛᴀɪɴʟʏ ʟᴇᴛ ʏᴏᴜ ᴅᴏᴡɴ ​◤​  @UC_7W  ◤"
fromabisu,channel,Abisu | в бездне,235,Рисую
ironduuude,channel,irondude,402,скетчи мб и всякое twitter.com/ironduuude www.instagram.com/ironduuude
sernholic,channel,rinsae 𖥔 daily,34,
imprevuchannel,channel,𝐈𝐌𝐏𝐑É𝐕𝐔 info,43,
paydasearch,channel,Ищу тебя — Ингушетия,3,"PayDa. Ищешь человека? Или может услугу, товар и т.д. в Ингушетии? Задать вопрос или поделиться мыслями?  Анонимно или с указанием ваших контактов.  @paydanews — Новости РИ @paydajobs — Работа в РИ @paydaboard — Объявления в РИ  @paydachat - Чат Ингушетии"
interaktivrs,channel,.,1,
infokaplsnixx,channel,ĨNFØ,2,
management_iauqom,channel,Management2025,166,دبیرانجمن  حنیف قلی زاده  09121536880 @HanifGholizade
dr_m_stt,channel,دکتر مازیار ستاری,456,عضو هیات مدیره نظام پزشکی اصفهان عضو مرکز وکلای دادگستری
farshidbastami,channel,دکتر فرشید بسطامی,471,متخصص جراحی دهان فک وصورت  استادیار دانشکده دندانپزشکی دانشگاه علوم پزشکی تهران عضو هیات مدیره نظام پزشکی تهران بزرگ معاون فنی و نظارت تهران بزرگ  دارای بیش از ۵۰ مقاله ISI و ۷ عنوان کتاب ارتباط: @farshid_bastami
khaneye_omid,channel,خانه‌ی امید,93,«خانه‌ی امید» فضایی است برای انتشار آگاهی‌های رهایی‌بخش درباره‌ی پرسش‌ها و نیازهای فراموش‌شده  در زمینه‌ی اجتماع، فرهنگ، روابط انسانی، سیاست، هنر و ادبیات، ادیان، فعالیت‌های انسان‌دوستانه، روانشناسی و...  ارتباط با من: @sajjad_hasheminejad
yiddishlechchat,group,אידישליך שמועסן,361,"איבערצושמועסן אידישליך  פאר אלעס בנוגע די טשעננעל קומט צום ספעציעלן ""אידישליך קאמענטארן"" באט.  טשעננעל: @Yiddishlech  פאליטיק טשעננעל: @YiddishlechPolitics  נייעס טשעננעל: @YiddishlechNews  באט: @ShmoozeBot"
ibnhussan,channel,Ibn hussen,211,
ahmadzainuddinalbanjary,channel,HALAMAN RESMI AHMAD ZAINUDDIN Banjar,3157,
orthodox_thought,channel,Православная мысль,92,
englishwithkateonline,channel,English with Kate🇬🇧,2423,Записаться на занятия или задать вопросы Вы можете здесь @EnglishwithKate_bot
gossip_bllknetsandblogs,channel,GOSSIP: BLLK NETS AND BLOGS,231,дата начала ведения канала: 11.10.2025 баннера и аватарка by: @itoshiprincess щп админов: @ulybaki_non_daily бот для тейков: @podslyshkateyki3_bot
ive_oclock_with_lugovaya,channel,Английский с усами,377,"Английский без когтей и зубрёжки 🐾  💛 Учим слова 💛 Разбираем песни 💛 Смеёмся над мемами  🌍 Для жизни, переезда и собеседований  📩 Запишись на пробный: @Pratensisanna"
berrystrawberr,channel,🐱Что-то с чем-то🐰,196,"Место, где повествуется обо всем и ни о чем  Навигация по каналу: https://t.me/berrystrawberr/94611 https://t.me/berrystrawberr/94612 анонимка: @Chudo_cb_bot лс: @Chocoff_ee Вк: https://vk.ru/berry_strawberr Тви: https://x.com/choco_ffe"
shpeem_barabim,channel,"SummerAum (студия ""Шпим-Барабим"")",144,творческий канал Сергеева Романа
pinaieva,channel,Пинаем ИИ,124,🎬 AI-креатор  Анимация/Реализм Портфолио vk.cc/cWCrrF  По вопросам сотрудничества @pin_ai_eva
bookishbohemia,channel,bookish bohemia,55,
cherry_cream_cafe,channel,( ЗАКРЫТО ) CRK CF in Cherry Cream Cafe!🍒🧁,,"Для тех, кто живёт ради Кукирана!"
pidsluhanouacosplay,channel,Підслухано : UA Косплей,3057,
groomeru_ru,channel,GROOMERU.RU,606,"✅ 17 лет работаем для грумеров, заводчиков, владельцев питомцев  MAX https://max.ru/id7743345209_biz  Консультируем бесплатно +7-965-437-00-55 или @Groomerubot  в раб.дни 9-18 (Мск) Общение @groomeru_ru_chat"
cosmetolog_maletova,channel,Мария М 💖 | лайф,355,Про косметологию и не только 😉
emarmur,channel,заметки мурмур,155,"Меня зовут Ира Мармур  Вы в канале с моими мыслями и вдохновением, обзорами и распаковками, красивыми картинками и жизнью🫀 @imarmur"
guruspom,channel,Школа воспитанных шпицев,139,Померанский шпиц: все о породе
onlygreeen,channel,☘️|Only green|☘️,95,Основной канал:  https://t.me/green_liam
after30withdog,channel,Даша и Шерсть🐶,55,"🧡Про собак, удаленку, проблемы за 30, лайф"
prismhideout,channel,ПРІЗМА!,10,"Все що живе та встигло втекти з голови - малюнки, думки, писанина, фото та улюбленна музика з мріями. Вітаю в Призмі!"
aidsposting,channel,spidik posting,150,
rin_rayn,channel,rin_rayn,134,Визажист Пенза | Макияж | Косплей
nilakufan,channel,Где-то в глубинах нила🧛‍♀️🪼,32,"Щитпост резни  @nilyrimriver Админ Нил @nilyrim 18+ #резня контент с основными персами Всем желательно ознакомится с закрепом Здесь много инфы и вбросов по персам и лично мне Тут будут скетчи и випы,мои ПЕРСИКИ+++мой флуд"
rishas_b,channel,— 𝑅𝑖𝑠ℎ𝑎'𝑠 𝑝𝑖𝑔𝑔𝑦 𝑏𝑎𝑛𝑘⸝⸝˚🫧꒱ ‧₊˚,38,"⊹₊˚‧ — вітаю на каналі! / 𝒔𝒕𝒂𝒓𝒕 - 𝟷𝟾.𝟶𝟾 𝒎𝒆 — @purryrisha      𝒊𝒏𝒇𝒐 — @InfoRiShasD канал інколи може бути неактивим, прошу вибачення за це 🙏🏻"
missanot7,channel,·ℳ𝒾𝓈𝓈𝒶𝓃ℴ𝓉,40,"Тгк какой-то там миссанот Делаю контент по All for the Game, здесь вы увидите большее рикоааронов чем что либо..(⁠っ⁠.⁠❛⁠ ⁠ᴗ⁠ ⁠❛⁠.⁠)⁠っ"
maygamenyan,channel,MayGameNyan^2,57,"Мы - небольшая команда единомышленников, начавших с перевода спин-офф проектов по Steins;Gate и двигающихся в разных направлениях: вплоть до создания своих игр! Мы стараемся делать игры, опираясь на качество, а не на количество!"
rinonninqueonchannel,channel,Rínon Nínqueon,26,"Гитары, железки, аниме, щитпостинг"
fynepodpisavaise,channel,Ре́н вещает~🪢,27,"Я не знаю, кто ты. Но я уже хочу видеть тебя в своих снах, мы снова связанны узлами. (У меня пубертат прост, забейте)"
nenidnenni,channel,Таверна Рицана @-,32,"Юз влд - @Gehdboo  Буст-https://t.me/boost/dnenni Чат-https://t.me/+3pvM3hzB-gk4ZTcy Вл, вп - ❌ Лор, параметры - https://t.me/dnenni1"
n1prakmenu,channel,Резы fallcons team,18,
darbatan,channel,{Ruko studio},8,"Це мій другий канал, перший трохи зник чи ні бо проблеми з моїм старим аккаунтом і це мій новий. Я @NGyoto."
resss_19,channel,резы от Tiki,5,
rezusilveria,channel,Сильверы #резы,6,
cornelisart,channel,🎨 کورنلیس / Cornelis,2175,⋆༺طرح لبخند تو پایان پریشانی هاست༻⋆  جایی برای هنر و آرامش☕🖼️
signalcryptovip24,channel,سیگنال رایگان کریپتو²⁴,903,کانال تحلیل بازار و مخصوص ترید📈📊📉  این کانال دقیقا یک کانال (VIP) است.💫  هزینه کانال⇚هر لحظه لبخند بزنید😍  📝تحلیلگر استاد کاردان با بیش از 10سال سابقه در بازارهای مالی✓ $فارکس♡ $ارزدیجیتال♡ @SignalCryptoVIP24  #ترید💲 #خرید_فروش💰 #کسب_درآمد_دلاری💯
sbhansultan,channel,[يكاد يضيء] شعر: سلطان السبهان,306,قصائد وتصاميم وفيديوهات مهداة من الأصدقاء
mozzna,channel,مُزْن | اذكروا الله ☁️,59,المُزْن: الغيم المثقل بالخير 🌧 .
m0salaheldeen,channel,محمد صلاح الدين,51,على عجلٍ تمرُ عليّ الحياةُ، كأنها حلمٌ عابر، وبخفةٍ أمرُ على الحياة، كأنني فراشةٌ تدون خاطرةً على خاصرة الماء.
zhannatimsy_n,channel,zhannatimsyn☘️,236,Бүгінгі күніңе шүкіршілік ет❤️  t.me/anonaskbot?start=fqeA6n9OSjeMsNn
farhamism,channel,Farhamism🧠🍃,121,🧠مانیفست یک روانی برای ارتباط با خدا👇🏻 @Godfarhambot
myelinkonkor,channel,میلین | مشاوره کنکور📚,128,در کنار مسیر پرپیچ وخم پزشکی👩🏻‍⚕️🩺  از اولین گامت برای کنکور  تا آخرین لحظات کنارتیم🙂‍↕️ 🤝 با میلین، مسیر موفقیتت رو هوشمند بساز 🚀  برای رزرو مشاوره👇 @Myelinkonkor_bot
gallacancellation,channel,"ГАЛЯ, У НАС ОТМЕНА!",119,"ВСЕ СОБЫТИЯ ВЫМЫШЛЕННЫЕ И СОВПАДЕНИЯ СЛУЧАЙНЫ. Никому не здрасьте! #доброеутродочь Здесь живая история, иногда грустная, но чаще веселая.   Отменяем грусть, проблемы и депрессию. Какие у вас проблемы? Это вы еще проблем не видели!"
katta_ariq,channel,Katta Ariq,80,"Statistik ma'lumotlarga qaraganda, @katta_ariq kanalini kuzatib borish inson dunyoqarashini o'stirarkan))  Bizning ariqda faqat yaxshi kayfiyat oqadi.   Aloqa uchun: @Xush_kepsilar_bot"
plankton_2003,channel,خانوم پلانکتون🪼,21,میخوام زندگی کنم🪸
danyttoo_wh,channel,danyttoo | тату Кемерово,264,• делаю красивые татуировки и обучаю. • создательница @warmtattoo. • здесь много личного и прикольного.  @danyttooo
haruru_to,channel,харуто🌾,41,"хелло, я хару, и я рисую картинки  ✨ мои соцсети https://vk.com/haruuto https://www.tumblr.com/haruruto https://x.com/haruruto_6v6  автор поддерживает доброе общение в интернете."
m_haruto,channel,m.haruto | 5:49,113,описание будет попозже  кредиты: MHARUTOGLOBAL
kaito_kai75,channel,𝑲𝒂𝒊𝒕𝒐 🍾,65,
sato_chann,channel,sato-em|･ω･),34,"я в кляре, мои рисунки, песенки  :: @satoeem ::"
negahfarda_consult,channel,نگاه فردا|مشاوره تحصیلی,67,آینده از همینجا شروع میشه ؛ با نگاه تو ، با نگاه فردا🌱  @Negah_farda_admin ارتباط با پشتیبانی  https://t.me/HarfinoBot?start=cee2ea3d5377cf1 دغدغه هاتو میشنوم🫂
nkaitogateway,channel,Ꮚ niigo | Kaito .,19,cr for avatar; https://pin.it/2VUSnce4c  https://t.me/boost/nKaitoGateway   -   поддержать канал.  канал принадлежит сети  каналов - @Sekai_Gateway  вопросы к владельцу блога нииго кайто задаются в личку — @yourangelNull
hataiki,channel,𖥸Хата Лео ⏤͟͟͞͞,11,"https://t.me/boost/hataiki -Буст Канал на этапе проработки, просьба подождать @Anonikiiibot-бот для анонок"
noraharuto,channel,Нора Харуто,9,
canfigmlishkn,channel,مرده هاتو,2,
bellasystech_korea,channel,BellaSystech_Korea,88,"Эксклюзивный дистрибьютор косметологического оборудования, профессиональной косметики и пробирок для PRP терапии из Ю.Кореи в РФ и СНГ  LUTRONIC 🔺Genius 🔺PicoPlus 🔺LaseMD 🔺Healite II 🔺Spectra 🔺Clarity 🔺eCO2  CLASSYS  🔹Ultraformer 🔹 Clatuu 🔹Ulfit"
legacychel,channel,НАСЛЕДИЕ | Legacy,254,"Молодёжная команда религиозной группы Христиан Веры Евангельской (Пятидесятников) ""Свет Миру"", г. Челябинск.  Молодёжный пастор - Валиуллин Александр Розалинович"
junko_legacy,channel,~Legacy of Pure Evil 🌙,160,
annionkorea,channel,"Аннён, Корея | Авторские туры в Корею",98,Мы занимаемся полным планированием путешествий в Корею😊🇰🇷  ВК: https://vk.ru/annionkorea Тг: @Lika_pr1
scors_cdt,channel,SCORS,134,комфортная кавер-дэнс команда из Пензы  our score is never zero  анонимка: http://t.me/scors_anon_bot ᥫ᭡.
legacydraft,channel,Legacy Draft,97,Every story begins with a draft. This one writes legacy.
blueblueliqueur,channel,𝙄𝙩'𝙨... 𝑩𝒍𝒖𝑬 𝑳𝒊𝒒𝒖eu𝒓!,80,"оhhh, really??"
ya_v_shoke_rebyat,channel,туда-сюда миллионер,128,"seoul my soul ❤️‍🩹 одержимость Кореей и просто уют😼 теги для поиска инфы: #dominATE - мировой тур скз #fanmeet - фанмитинг скз, март #AteezTour - мировой тур эйтиз #корея - КОРЕЯ💔 #думает - откровения, мысли, моменты in$t: lee.st_8"
legacyzex,channel,Legacy,36,"Рисую арты на заказ или просто для себя,также  слушаем музыку, прайс лист тут - https://hipolink.net/legacy42"
apps_legacy,channel,DANIK LEGACY HUB,52,Все каналы пользователя @otval4ek
r3alyah0o,channel,yahoo,35,sc: https://on.soundcloud.com/3Z9pNRK6RuFBSKYB1c insta: srghdtt фиты: @CMOKEP
its_lovely6,channel,Yona🐺🪐,72,⋆ я: @Bw_Mg анон: @al_Yona_bot  https://t.me/e1ev1ne_cdt
daily21news,channel,Kachin Daily News,3659,နေ့စဥ်ဖြစ်ပျက်နေသော သတင်းများကို ပြန်လည်မျှဝေပေးခြင်း ဖြစ်သည်။
daily240j,channel,⎯ ㅤㅤ𝟐𝟒𝟎𝐣. 𝑐𝑓 𝑑𝑎𝑖𝑙𝑦,166,ᅠ  ⤿  𝟏𝟎.  𝟏𝟔.  𝟐𝟐 ￴￴￴￴￴ ￴ ￴ ￴￴￴￴ ￴￴￴￴￴ ￴￴ ￴￴￴￴￴ ￴￴ ￴￴ ￴￴￴￴ ￴￴￴￴￴  ￴￴￴𝐩𝐨𝐬𝐭 𝐭𝐢𝐦𝐞   𝐛𝐨𝐭  @take240j_bot ⥂тейки   @suggested240j_bot ⥂ предложка ᅠᅠ ᅠᅠ ᅠᅠ𝐜𝐫 : official
daily_thot,channel,dailythot,262,
daily_at,channel,🧪⋆ ༘ 𐌃𐌀𐌉𐌋𐌙 Agnes Tachyon​ 🔬₊ ⌬,271,Ежедневный контент с Агнес Тахион🧪
dailyso5,channel,5.15.6.3.15.9.12 so5 | diary,141,∵ ∶ ∷ ∴
dailyspc,channel,СПк Daily,74,Обратная связь - @Feedback_Account Дисклеймер - clck.ru/3EqCPM
sza_daily,channel,𝐷𝑖𝑣𝑎,107,Born to Die Stargirl 🐈‍⬛🪩 Woman Life Freedom http://t.me/HidenChat_Bot?start=5418291399🎱
dailymos,channel,Хухь,59,"Расскажи друзьям, как здесь смешно Для связи: @prmuztv"
hafidatbaghdad,channel,قناة حافظات بغداد,2677,@Mosawia
halakatel,channel,حلقات حفظ القرآن,4274,قناة تقوم بنشر فوائد و رسائل تحفيزية لحفظ القرآن
sportpanoramaby,channel,SPORTPANORAMA BY,919,"🔸Телеграм-канал газеты     «Спортивная панорама»     Быстрее, выше, сильнее!  🔸Оперативная и достоверная информация о событиях белорусского и мирового спорта  🔸Сайт газеты: sportpanorama.by 🔸Наш Инстаграм: www.instagram.com/sportpanorama_by_"
valsoteam,channel,Valso Endurance,600,Outdoor активности просто и в кайф!  По всем вопросам: @vasilysolovev95
khorulainfo,channel,Хорулинский наслег,384,"Информационный канал МО ""Хорулинского наслег"" МР ""Нюрбинский район"" РС(Я)"
yuliablagaya,channel,Юлия Благая актриса театра и кино,354,"Канал актрисы Юлии Благой, звезды «Интернов» https://www.kino-teatr.ru/kino/acter/w/ros/10066/bio/ агент Катя +7 905 590-31-06"
ystkylom11,channel,Записки из Усть-Кулома,85,
jobchjob_official,channel,Jobchjob (अधिकृत टेलिग्राम चॅनेल),2326,अस्सल मराठी नौकरी वेब साईट
englishgram_anja,channel,hygge / english & books☁️☕️,2075,owner’s instagram: goncharenko.english materials: hygge.materials  telegram contact: @anja_goncharenko
anjieco,channel,AnjiEco Entry Portal,354,AnjiEco Entry Portal  Linktr.ee/anjieco  @AnjiAnn
shirokhorshid_mazums,channel,انجمن شیر‌ و خورشید دانشگاه علوم پزشکی مازندران,179,https://t.me/shir_khorshid_anjm
shirokhorshid_azad,channel,انجمن شیروخورشید دانشگاه علوم و تحقیقات,127,انجمن ملی شیروخورشید دانشگاه آزاد  تمرکز بر روی واحد های علوم تحقیقات و کرج دانشجویان در تمام کشور تحت حمایت انجمن شیروخورشید می‌باشند ، مراجعه به دایرکت چنل تنها راه ارتباطی. @shir_khorshid_anjm انجمن مرکزی شیروخورشید
sepehrkhorshidii,channel,SEPEHR,1019,هرچی تو مخمه رو میریزم اینجا   ربات ناشناس واسه پیامای جنجالی : @Cepehhrbot
shirokhorshid_hsu,channel,شیر و خورشید دانشگاه حکیم سبزواری,43,لینک‌ کانال انجمن مرکزی  https://t.me/shir_khorshid_anjm 🦁☀️
helppetlove,channel,Хочу домой,160,"Место, где любой маленький друг найдёт свой дом 🫶"
klich_ru,channel,КЛиЧ Красноярск / Помощь животным / Потеряшки,388,- Помощь бездомным животным - Потеряшки Красноярск  - Пристрой бездомных животных
myanimalorg,channel,My Animal 🐕🐈,432,Группа помощи бездомным животным Как нам помочь: 📌 Сделайте перевод по номеру 89112618094 (Елена К.) с пометкой «Помощь животным» Всегда ищем передержки для 🐕🐈 ➡️ ВК https://vk.com/myanimalorg ➡️ Max https://max.ru/join/M7Naf7MZNYVDqu_BLZ3X0ZpvqzGDrOJU1yM
pilehchanel,channel,بچه آهو,551,گذشتن و رفتن پیوسته؛ آزاد،رها،بودن،زندگی.  https://t.me/harfmanbot?start=6647061288
lunallife,channel,رها میانِ زمان,349,"She, her interests and thoughts… . _ https://t.me/BiChatBot?start=sc-10cc80f330"
yaale1,channel,یَلِ؛,208,{یَلِ به معنای آزاده و رها}
logovokarasikov,channel,Логово карасиков,191,"Хейоо! Кто, кто? А к вам прибыл карась в пальто (⁠~⁠￣⁠³⁠￣⁠)⁠~ художница, певица, волшебник-недоучка, ну и просто карась :D"
valdivian,channel,آوار - آیدا سیدی,6372,اینجا؟  متن‌هایی که خودم می‌نویسم،معرفی کتاب، و موزیک.  ☁️‌اینستاگرام من: aida.seyedii   بدون تگ اسمم، متن‌هام رو کپی نکنید.  #سیده_آیدا_سیدی ʕ⁠っ⁠•⁠ᴥ⁠•⁠ʔ⁠っ⁩
isherlii,channel,آیی شرلی,706,آیدا🦢 دریا شود آن رود که پیوسته روان است✨  @Isherlii_bot
ada0v00,channel,Ада,94,|Cospleers spb| t.me/voprosy?start=tx2my -анонимк! Ada0v0 -тик ток^^ Щитпост -https://t.me/+eyrQhO0dbKMxZGZi
slonum_parents,channel,СлонУм | Сообщество инициативных родителей,105,
luisatreccani,channel,LuisaTreccani.it | Essere Professionisti a Scuola,168,Rifletto sul mondo della scuola non per creare problemi ma per trovare soluzioni
balashover,channel,Балашовер,5738,Официальный телеграм-канал Балашовера
fardayebehrooz,channel,فردای بهروز,1388,این‌جا شرح چندانی ندارد ... از هر دری سخنی است و خواندن پسندها و دغدغه‌های روزانه من  باشد که بپسندید.  🔵 ادمین                                Bahram1963@
behrouzsamanidotca,channel,بهروز سامانی - بازار املاک تورنتو,522,اطلاعات بازار مسکن تورنتو اگر سوالی دارید می‌توانید تماس بگیرید @behrouz_samani
ayamichan,channel,𐙚Ayami,944,@DrawVibeBot ناشناس  http://t.me/AnyChtBot?start=Lwp09o2Dli
ladyaisart,channel,Aiså,340,по поводу коммишек писать в личку - @eiidoc x: @ajsaart tiktok- @ladyaisart
mech9ne,channel,mach9ne,69,Let not thy tongue betray the craft of thine intent.   net: https://mach9ne.xyz  mail: sudo@mach9ne.xyz
papynews,channel,Papy Club,232,یه یاد جاوید‌نامان میهن🕊️  Helping farmers Grow Beyond Limit 🌟 Airdrop Season is HERE! 🪂  فقط خرسا بیان 🔹 What we offer:  💻 Testnet Airdrops 🔒 Staking Airdrops 📝 Whitelist & Early Access 🌽 Daily Check-ins 🎨 NFT Minting 🪂 Top Tier Airdrops
al_hadson,channel,𝚑𝚊𝚍𝚜𝚘𝚗,72,lieu sûr du créateur.  16+
neonic19,channel,аня неон,36,приветик всем кто случайно нажал сюда^^
planethomemakingnews,channel,News: Planet 🌎 Homemaking,222,Planet Homemaking News Channel: The most relevant World News as we move through this transition.
tsuukiland,channel,تسوکی (مسک دموکرات),119,ماهیتاپه غیر دودویی Entp Tsu- I'm trying to create  @abababapa_bot
cdafreedomwatch,channel,Coeur d'Alene Freedom Watch,84,
repfine,channel,Congressman Randy Fine,11,Husband and father proudly serving Florida's 6th Congressional District. Pronouns: Hebrew/Hammer
dark2lightknight,channel,Dark2LightKnight,17,"Citizen of the Constitutional Republic of the USA. Oathkeeper, Truthseeker, and Redpiller. Bringing light to the darkness. #WWG1WGA #PATRIOTSUNITED #MAGA #AmericaFirst #freedom4all #TruthWins #ImBatman"
mahdijamshidifans,channel,نوشته‌های مهدی جمشیدی,578,این کانال از سوی جمعی از علاقه‌مندان به نوشته‌های مهدی جمشیدی و به منظور بازنشر مطالب ایتایی ایشان، راه‌اندازی شده است. نشانی کانال ایتا: https://eitaa.com/mahdi_jamshidi60  https://t.me/MahdiJamshidiFans
paivandisaeed,channel,کانال سعید پیوندی Paivandi,1000,کانال شخصی سعید پیوندی از پاریس
tr_kaj,channel,دفتر ترجمه رسمی سعادت آباد میدان کاج,30,
mandarinsaratovbot,bot,Ресторан Мандарин,,"Приложение для заказа Ресторан Мандарин 📍Саратов, Яблочкова, 1/35 📱+ 7 (8452) 76 38 38"
farhangesarmayegozari,channel,فرهنگ سرمایه‌گذاری,3196,🔱حامد موسوی، فعال بازار آپشن، سرمایه گذار بازار سرمایه بر اساس تحلیل بنیادی.   📈 اهداف و قوانین کانال: 🔱 تحلیل های کانال پیشنهاد خرید یا فروش نیست 🔱 مطالب جذاب و آموزشی بازار آپشن 🔱 اخبار مهم و تاثیرگذار بر بازار سرمایه
qajarstudies,channel,وقايع اتفاقيه,2427,"اين كانال به «تاريخ ايران» در عصر قاجاريه اختصاص دارد و نتايج پژوهش‌هاى اصيل و همچنين اسناد و تصاوير ناب و منحصربه‌فرد را از اين دورهٔ تاريخى به اشتراك مى‌گذارد.  بنيان‌گذار: رضا كسروى  (DVM, DVSc [PhD])"
pafdao,group,PAF DAO,395,
spassvaroga,group,Ветер Перемен,261,
aradbranding_investment,channel,پروژه جذب سرمایه گذار تجارت و تولید,381,سر تیم @Saeidzare_bardiasanaat
jaryanzendegiii,channel,جریانـ‌زندگیـ‌...,179,سیو مسیج یک تصویربردار مشهدی 📍📸💻  https://t.me/HarfChatBot?start=68d7c12a6f4c
zagroslionandsunassociation,channel,انجمن شیر و خورشید زاگرس,32,در «انجمن شیروخورشید زاگرس» گرد هم آمده‌ایم با یک باور مشترک آن هم حفظ تمامیت ارضی و باور بر اینکه ایران یک ملت ،یک پرچم و یک رهبر دارد. باور داریم شاهزاده رضا پهلوی رهبر انقلاب شیرو خورشید و دوران گذار تا رسیدن به صندوق رای می‌باشد .
virlight2,channel,𝐕𝐈𝐑𝐋𝐈𝐆𝐇𝐓 [ CH ],25,
raphaelsdreams,channel,Сны Рафаила✨,15,"«Сны Рафаила» —тихое место, где Рафаил делится тем, что живёт в нем. Стихи, арты, размышления.  Оставайся. Здесь душевно"
star_zizi,channel,زهرای ستاره‌ای⋆,28,⭐ در پی ثبات و تعلق شاید هم نیل‌پری. پر از رویاهای دفن شده. https://t.me/HarfChatBot?start=aebbd5e24d96
iran620com,channel,iran jewish tv - iran620.com تلویزیون یهودیان ایران,144,
moavenposhtibani,channel,معاونت پشتیبانی آ پ تنکابن,84,tonekabon.mazand.medu.ir
komalacpirantv,channel,Komala/CPI TV,234,صفحە رسمی تلویزیون کۆمەلە و حزب کمونیست ایران پەیجی فەرمی تەلەویزیۆنی کۆمەڵە و حیزبی کۆمۆنیستی ئێران  وب‌سایت حزب کمونیست ایران www.cpiran.org  وب‌سایت کومه‌له www.komala.co  امیل: tvkomalacpi@gmail.com
brandestan_bridemanto,channel,brandestan_Formal clothes,12,آخرین محصولات لباس مجلسی، مانتو عروس برندستان سفارش محصول @brandestanadmin واتس آپ و تلگرام  09198910195 اینستاگرام  brandestan_com کانال ست لباس https://t.me/brandestan_DressSet کانال مانتو https://t.me/brandestan_mantous کانال روسری https://t.me/brand
brandestan_mantous,channel,brandestan_manto,5,آخرین محصولات مانتو اسپرت، مجلسی، بافت برندستان سفارش محصول @brandestanadmin واتس آپ و تلگرام  09198910195 اینستاگرام  brandestan_com آدرس سایت  https://brandestan.com کانال روسری https://t.me/brandestan_scar کانال ست لباس https://t.me/brandestan_DressSet
jarqinov_4,group,4-sinf. Yangi guruh,328,
jahadgaran_gilan,channel,جهادگران گیلان,166,📢جهادگران گیلان کانال به منظور اطلاع رسانی اخبار،برنامه ها و محصولات گروههای جهادی بسیج دانشجویی استان و همچنین بمنظور ترویج فرهنگ جهادی و محرومیت زدایی طراحی شده است  جهت پوشش فعالیت‌های جهادی با ادمین زیر ارتباط بگیرید؛  @Moeinj213
amerbadran,channel,Нейрохирург Амер Бадран,86,Канал про нашу нейрохирургию Областной травматологической больницы Донецкой области
armfootballfans,channel,Armenian Football Fans AFF,1254,Armenian Football
arteriyamsan_gr,channel,ᴀʀᴛᴇʀɪʏᴀᴍsᴀɴ🫀,481,"U mening jonimga jon kabi keldi, meni arteriyam)  ➧Владелец:  @Jamshid_Karriyev ❤︎♫︎"
areg_lawarchitectur,channel,Areg Akopyan (Hakobyan) | Law Architectur,136,
heritageandprogress,channel,Фонд «Наследие и Прогресс»,112,"Друзья, по вопросам сотрудничества пишите на почту: info@russia-armenia.org  Наш сайт: https://russia-armenia.org/  Телеграм канал закрыт"
aggrigoryan,channel,Артур Григорян-официально,233,Официальный аккаунт депутата Совета депутатов Ленинского городского округа Артура Григоряна  Страница «ВКонтакте» https://vk.com/grigoryan_a_g  Запись на приём по 📲8-915-201-09-48 email: agpriem@gmail.com
bagramyan25,channel,Баграмян 25 | Гарик Акопян,14,Баграмян 25 — это адрес моего детства. Авторский канал об армянской культуре и кое чем еще 🇦🇲
ronpashipcf,channel,Danganronpa Ship confession & Daily! 𖹭,277,Cr авы: 4163672523 on Rednote
mirangap,channel,ᥒ᧐ᥕ ᧐r ᥒᥱ᥎ᥱr♥️,64,ᥒ᧐ᥕ ᧐r ᥒᥱ᥎ᥱr♥️
kartaziarp3_official,channel,Картазия РП: Железом и Кровью | Виртуальные страны | Kartazia RP,28,"Онлайн карта мира, Стратегия.  😎ВПИ по странам с онлайн картой😎 🔥¿¡` Картазия РП #3 .!?🔥  🧐Сложность РП: ниже-среднего❗  😀Год в рп: 1900  Приятной игры❤️  Владелец РП: @GURINDUCK Спонсирован @KartaziaRP_official"
hopelessdreams_floodrp,channel,𝐻𝑜𝑝𝑒𝑙𝑒𝑠𝑠 𝐷𝑟𝑒𝑎𝑚𝑠. || INFO,73,писать: @Kiibamonia Инфо канал с сюжетом ролевой: @HDreamsKillingGameINFO
sellerozoncm,channel,Селлер Ozon в Цифровом Мире,489,
iran_republic_persia,channel,🇮🇷جمهوری اسلامی ایران🇮🇷,132,🇮🇷کانال رسمی جمهوری اسلامی ایران🇮🇷 ﷽🙏🙏
dantedantee,channel,Dante🦂,2102,@terter1an
xfereydounfarokhzad,channel,استادفریدون فرخزاد ما,1552,کانال فریدون فرخزاد  وقتی میخواهید به گنجشکی غذا دهید، فرار میکند؛ چرا که می داند آزادی با ارزش تر از نان است ...  👤 فریدون فرخزاد
protagoras1998,channel,پروتاگوراس | نرگس عمادرویانی,57,آری مسافر همیشه در راه خلقت است. نتیجه‌ی این سفر تاتاری چیست؟ خدا می‌داند. آدمی در طلب کمال است.
hichnemidanamman,channel,نمیدانم...,25,به راستی که نام هر چیزی را چگونه می نهند؟ با اوصافش؟ نمیدانم... همچو والدی که اوصاف فرزندش را نمی داند و حیران نام است.  @Hichnemidanamman_bot  https://t.me/BChatBot?start=sc-73fc0eef4e
peakkkyblinders,channel,Peaky blinders,665,رسالت بازمانده، به یاد آوردن است. جا مانده در دی خونین ۴۰۴.
pchann11,channel,пчан одиннадцать,156,суп из семьи залуп
picnicnagoingmary,channel,пикми на гоинг мэри,104,идентифицирую себя как набор стикеров фруктовощи вконтакте  рисую здесь https://t.me/keittss
spokken1337,channel,СпокенЛева04,107,топ 5 моих прохождениййййй 1 пцкубед 2 севвенд клабсетп 3 ординари 4 сви 5 аноун
xtdm77x9stup,channel,9ST PubgM👑.,211,Dm: @x99au
de11e10,channel,11e10,180,здесь рисую я и шитпостю.  x.com/_11e10
tsukasatenmasheart,channel,ㅤ𐑺‌ֺ‌ ִ‌ᤳֺ ִ ྀི ֺ𝓴i͟͟𝒘ⅈst͟͟𝓪r (❪🥝✨❫)𝅄 ॒१,44,🥝🌟
pokemoninini,channel,Рисовальня покемана ☃️,99,"1 правило , админы всегда правы  2 правило , а их кто-то вообще читает"
natali17koc,channel,Пук🐢,45,
kvetachnicagain,channel,kvetachnica,63,Бублик с картинками и котинками
covenen,channel,ꜱᴀʙʙᴀᴛʜ,85,
softsunflare,channel,POYOYOI - DIDIPNYA HIATUS,90,tempat yepink si didip bjir
peyk12,channel,@EEAUT,4,@EEAUT  @EEAUT  @EEAUT  @EEAUT  @EEAUT  @EEAUT  @EEAUT  @EEAUT  @EEAUT  @EEAUT  @EEAUT  @EEAUT  @EEAUT  @EEAUT  @EEAUT  @EEAUT @EEAUT  @EEAUT  @EEAUT  @EEAUT  @EEAUT  @EEAUT  @EEAUT  @EEAUT  @EEAUT  @EEAUT  @EEAUT  @EEAUT  @EEAUT  @EEAUT  @EEAUT  @EEAUT
packrihyan,channel,백리향,2,Щитпосты
player_679,channel,Pᥣᥲyᥱr,5,
sona_7777,channel,👻🎃Хеловінчик🎃👻,2,
binesh_o_negaresh,channel,بینش و نگرش,292,یادداشت های قاسم مرادی دانش‌آموخته علوم سیاسی و روابط بین‌الملل
mahfel_haghighaat,channel,محفل حقیقت,528,جایی برای یافتن حقیقت با مشارکت و همیاری جمعی!   بحث و تبادل نظر در علم،فلسفه،تاریخ،ادبیات،هنر
democracy_market,channel,Democracy_Market,14,کانالی برای هم‌اندیشی در مورد گذار ایران به دموکراسی و اقتصاد بازار-بنیاد
idemocracynet,channel,شبکه‌ دموکراسی,214,- برای برخی پادشاهی مهمه، ،  چه دیکتاتوری چه دموکراسی  - برای بعضی جمهوری مهمه، چه دموکراسی چه دیکتاتوری    - برای ما دموکراسی مهمه، چه پادشاهی چه جمهوری   آدرس ما در تلگرام، اینستاگرام‌و X یکی است :  @idemocracynet
barayiranman,channel,برای ایران من,274,مجموعه ای از ایران دوستان و پیروی از💗امام خامنه ای💗 💟ایران آرمان دارد 💟 ای دی مدیر: @Tehranmi🧔 ای دی گروه: @barayiraneman 🏛 کتابخانه: @ketabkhanirani👩‍🏫👨‍🏫 اخبارایرانمان: @akhbariraneman 🌍 آدرس کانال: @barayiranman 🏢 موسیقی: @playirani
hgeojx,channel,العُرْوَةُ الوُثْقَـى,13,{وَالَّذِينَ جَاهَدُوا فِينَا لَنَهْدِيَنَّهُمْ سُبُلَنَا وَإِنَّ اللَّهَ لَمَعَ الْمُحْسِنِينَ}
peyoko1,channel,° пэёко 🐶,172,мои рисуночки с обычным стилем💭💭🤏 мой бусти! - @kuzzikor обратная связь! - @shadwlog
pomoikaalin,channel,алина некнекнек лиля постинг,239,
icebluepumpkine,channel,!Синий хюй News!🇷🇺,122,𝚆𝚎𝚕𝚌𝚘𝚖𝚎 𝚝𝚘 𝚝𝚑𝚎 𝙱𝚕𝚞𝚎 𝙿𝚞𝚖𝚙𝚔𝚒𝚗 𝚃𝚎𝚕𝚎𝚐𝚛𝚊𝚖 𝙲𝚑𝚊𝚗𝚗𝚎𝚕 !💙  Пасхалко ат лапшi - 🍜 And мандарин крч🍊🌚 Пасхалка от Блю хюя-💙 Пасхалка от лепкича - бь И от игромульта - 📸 (танчика нет просто)
el_yesquero,channel,Какапокистан,180,Автор на разных площадках: Ютуб - https://www.youtube.com/@YesQuero Бусти - https://boosty.to/yesquero ВК - https://vk.com/yesquero Группа Стим - https://steamcommunity.com/groups/yesquero  Подкинуть на Хугарден - https://dalink.to/yesquero
pepukinpepuchkins,channel,Пепука,80,Рисую и радуюся жизни
pekochannal,channel,peko random brain !!!,62,Канал посвященный самой милой военной приступнице!!!! Cr Aka twt  . . . связь - https://t.me/askrubot?start=8234940607
veyperban,channel,Veyper добаловался,53,я в тени :)
pshenkartist,channel,_.pshenka._,34,ого художница? меня нарисуешь?
yaptvoyum,channel,Пикмиград,15,https://t.me/kwasochek
snezhikchan,channel,Порисульки снежика ❄️🧊,8,
shayk1dnn,channel,ПЕРЕХОДНИК В КАНАЛ ШЕЙКИДН,3,
suharikiinfo,channel,Suharik info,7,"Инфо канал Сухарика Флинт, почти вся информация обо мне будет здесь! Юз: @ToiletSharky Резы: @FeliciaVargasIrl"
egchat,group,Егорьевск | Чат,849,ТГ канал: @egorievsk Вопросы по чату: @maxbender
balazejkinegor,channel,Дело Егора Балазейкина,1861,"Канал создан для публикации новостей об уголовном деле Балазейкина Егора*, осужденного за попытку поджога военкомата и внесенного в реестр Росфинмониторинга  💬 Связаться с нами @Balazejkin_mailbot"
ebelyan,channel,Егор Белянин,196,Модель | педагог по дефиле Основатель модельной НЕШКОЛЫ «ШАГ» Жюри соревнований по дефиле Провожу мастер-классы в городах Сибири
ereinart,channel,>>EreinArt,127,Любимый жбан творчества
egopkatq,channel,𝐄𝐠𝐨𝐫 𝐬𝐡𝐢𝐩❤️,61,#фан #ориги #фото #видео
egkrateia,channel,Egkrateia,105,Задать анонимный вопрос: t.me/Egkrateia_bot
elysian06,channel,Eᥣy᥉ian𝂀,91,"𝇃 𝇂     ˙˙˙   🪔                     𝗍ᥲ𝗅k 𝗍ᦅ 𝗆ᥱ ﹝http://t.me/HidenChat_Bot?start=440394779 , @Suny0_bot ﹞"
egorlivekreed,channel,#Kʀᴇᴇᴅɪx🛐,25,"EK TEAM EK FAMILY FOREVER  ♾️ Начала вести канал с 2025г. 1 июня.  Начала вести этот тгк с 2 подписчиков (считая меня).  •Мечта увидеть Егора и обнять его, без фотографий.  •Хочу побывать на концерте Егора Крида."
gentarrbot,bot,أذكار,,للمشاكل او الاقتراحات   https://n8n.gentar.cloud/form/d0ab7df0-4bad-4122-bb83-1c103337ddc6
jgfbok,channel,ظلي,44,
iranhony,channel,🍯 عسل درمانی 🍯,393,مشاوره رایگان عسل درمانی توسط حکیم #رضامقسمی ، #عسل_درمانگر نویسنده کتابهای *قطره طلا* و *عسل،طلای مایع* 📖📚 لینک  ارتباط:👇🏻 @rezamoghasemi 09366695558 کانال تاثیرات و نتایج:  https://t.me/asarhoney
iiransakht,channel,Iran sakht,285,@barbonyann ارتباط با ادمین:
arshivmehestan,channel,Mehestan,25,ارشیو نشست مهستان
aminikhaah_en,channel,Aminikhaah | English,115,The Official English Channel of Mostafa @Aminikhaah   Instagram.com/aminikhaah_en  @amini_admin
persianliteratureawards,channel,Persian Literature Awards,25,
cemibratovo,channel,Подслушано Семибратово,1217,Обратная связь: @Yongers3  Наш чат: https://t.me/+9FWzILXKjIphYjNi
dou7kurg,channel,МАДОУ ЦРР №7,41,Детский сад №7
mbou_sosh_15_1915,channel,МБОУ СОШ№15 им. В. М. Голева,5,В данном сообществе содержатся фотографии и информация о проводимых в МБОУ СОШ №15 имени В.М.Голева различных мероприяти
samsungs21fe,group,Galaxy S21/+/Ultra/FE | Community,1346,"Rules to follow: - No flooding. - Respect Everyone. - Spamming, Selling, Piracy & Promotion = BAN. - English only. - No offtopic - ETA/NSFW/HATE SPEECH = BAN. - No drama"
samsunggears2,group,Samsung Gear S2,87,Para invitar amigos  https://t.me/SamsungGearS2
kitaapclub,channel,KitaapClub,485,Реклама баҳасы: https://t.me/KitaapClub/1488  🧔🏻‍♂️Еркеклер топары: https://t.me/+BUMaI_6UrKk4NDcy  🧕🏻Ҳаяллар топары: https://t.me/+0AnsWXZR3eNjMGE6  @KitaapClubBot қа неше бет оқығаныңызды жазың ҳәм саўғалар утың!
zangakbookstore,channel,«Զանգակ» գրատուն,373,«Զանգակ» գրատների ցանց 📖  Կայք՝ https://zangakbookstore.am Ֆեյսբուք՝ https://www.facebook.com/Zangakbookstore/ Ինստագրամ՝ https://instagram.com/zangakbookstore?r=nametag  ☎️ 011 223366
nuqta_books,channel,Nuqta Books kitoblari,46,Ilm olishni shu nuqtadan boshlang!  Istalgan yoʻnalishdagi kitoblarni butun Oʻzbekiston boʻylab yetkazib beramiz!  Admin: @Sirojbek_Hayitboyev
hasanboyrasul,channel,@hasanboyrasul,190,
jostojoo_roya,channel,در جستجوے رویا...,175,📚کنکوریِ تجربی 406 | در مسیر رسیدن به رویاهام🌱 ✨ اینجا قراره تلاش‌هام، ساعت‌های مطالعه و قدم‌هایی که برای موفقیت برمی‌دارم رو ثبت کنم. @Elaheh_Botbot
edinokratiya,channel,Книжный магазин «ЕДИНОКРАТИЯ»,34,"Книжный магазин ""Единократия"" - это источник мудрости и глубоких мыслей"
kitobmuxlisi,channel,Mutolaa,7,O'zim o'qigan kitoblar haqida shaxsiy fikrim @RustamMannonov Kitoblarni @asaxiybooks @mutolaaxona
aqsobooks,channel,AL_AQSO books,23,✨Kitoblar olamida Biz bilan boʻling...  Biz ijtimoiy tarmoqlarda 👇  📲 Guruh: https://t.me/Aqso_books  📲 Instagram: https://instagram.com/_shohruh_070?utm_medium=copy_link   📲 Facebook: https://www.facebook.com/groups/330372014667346  @Aqso_comment_bot
dilibedor,channel,Kitob,2,
travelingiran,channel,Traveling Iran 🇮🇷,209,"Traveling Iran, this channel is describing tourism attractions of Iran 🇮🇷"
qolos_istiny,channel,Голос истины,473,
oh_iwwa,channel,تاریخ شفاهی صنعت آب و فاضلاب ایران,119,برای مشاهده تمامی قسمت‌های مستند تاریخ شفاهی صنعت آب و فاضلاب ایران که توسط انجمن آب و فاضلاب ایران تهیه شده است می توانید در کانال تاریخ شفاهی صنعت آب و فاضلاب ایران عضو شوید و از مصاحبه های جدید به سرعت مطلع شوید.
iranvoicesnowar,channel,Iranian Voices Against War 🎒,267,"Sharing stories of life under bombardment in Iran and the human cost of conflict since the Feb 28, 2026 US-Israel attacks. Real stories. Real voices. From inside Iran. Help us amplify these stories, by sending them to @IranVoicesNoWarBot"
rauinstituteoforientalstudies,channel,Институт Востоковедения РАУ / RAU Institute of Oriental Studies,227,"Арабистика, иранистика, индология и тюркология.  Arabic, Iranian, Indian and Turkic Studies."
sartoryproject,channel,Sartory,128,Стилист имеет мнение  sartory.ru
koiras_iran,channel,Koiras from Iran,39,Currently only covering my health issues and fundraising for treatment   Previous bio: Koiras's channel about the events in Iran. Spread the word. Be the voice of the innocent.
oral_his,channel,تاریخ شفاهی دانشگاه اصفهان,55,Admin: @majidgholamee
iranhealthagency,channel,IranHealthAgency,14,"One of the best medical tourism facilitators in Iran with 6 years experience in cosmetic surgery and medical treatment in Tehran, Mashhad and shiraz cities  WhatsApp: +989030549050 Www.iranhealthagency.com"
typicalpotterhead,channel,Типичный Поттероман — Typical Potterhead,440,Главный источник волшебства в Телеграме!  Реклама и прочие вопросы russian.potterhead@gmail.com
cubanpotterhead,channel,Cuban Potterhead ⚡️🇨🇺,673,Primer canal cubano 🇨🇺 dedicado al Wizarding World = #HarryPotter y #FantasticBeasts. Todas las noticias de la franquicia en un solo canal
harrypotterarcana,channel,HarryPotter's fans,185,Фан-сообщество по вселенной Гарри Поттера
harrydeerdiary,channel,"𝐻𝑎𝑟𝑟𝑦, 𝑗𝑢𝑠𝑡 𝐻𝑎𝑟𝑟𝑦. #ᴩᴏᴦᴀᴛый",45,"Мальчик, который наконец-то поспал четыре часа. Wife — @ginnyy_weasly Малфой, отпишись. Анон: @up_owlbot Инфо: @hpdiary_archive"
hanahyir,channel,هناحیر²⁷⁴🪻🇮🇷,172,عاشقِ ثبت کردنِ لحظات خاص🫐 از دلباختگان رنگِ بنفش💜و یه دختر که پدرش رو از دست داده💔 ناشناس: https://t.me/HarfChatBot?start=bc53e73672e3
hphp_lov,channel,𝙷𝚘𝚐𝚠𝚊𝚛𝚝𝚜 𝙴𝚡𝚙𝚛𝚎𝚜𝚜 ⚡️,86,Мир не делиться на плохих и хороших.. Гарри
hogvartsbookstore_setka,channel,𝄞 𝓗ogwarts 𝓑ookstore ``,47,бот для жалоб и предложений - @sbsbsvxnsbot
deviredd,channel,𝑫𝑬𝑽𝑰𝑹𝑬𝑫,16,
shodiya_yakhyadjanova,channel,Journey to Harvard,17,"Name: Shodiya Yakyadjanova Age: 17 years old Founder of #ECONOMICAL_SCHOOL, #CAVEDRONE, #GARDEN_AI, #GREVIA and so on. Graduator of Presidential School of Kuvasai. In this channel i share about the helpfull information and knowladges. Follow mee🎖️"
st1veh,channel,﹫ . 𝗦𝗧𝗘𝗩𝗘 ⏝ི,38,-    ˋ   ˏ    ✎ 𝑆𝑢𝑝𝑝 :: ℛ𝔦𝔰𝔲 !!      𖦹                ₊     ֹ                    𖥻 art cr :: @.satttur on x
billyhargrovetruekisser,channel,Daily Billy Hargrove,23,Pfp cr : @QUANMINGWU on X
ohsolonglondon,channel,"so long, london • marauders era",22,"проба самых важных выборов, разве можно что-то изменить?   шелест мантий и аромат лимонных долек, сливочное пиво и порох уже расставленных прощаний.   1977–1978 учебный год."
harleysawyerfafa,channel,𝐷octor 𝐻arley 𝑆awyer,15,"Здесь нет теней, которые были бы полезны для тебя . Даже земля под твоими ногами не твоя. Нет мест, где ты можешь спрятаться. Не от меня."
harrypotterlive,channel,❤️Harry Potter live💚,4,"I like film «Harry Potter» In this canal l’ll tell you about my favourite people, faculty.  There will be interesting facts.  Subscribe if I interested you 🙏🏻❣️😉"
usacolleges,channel,Hah,5,
harryporttinfo,channel,𝐇. 𝐉. 𝐏.,3,
faezeh_mousavi_notruphil,channel,فائزه موسوی|مشاور ارشد و مسئول مصاحبه نوتروفیل,1139,🎙 کانال مصاحبه نوتروفیل 📚 بیش از ۶۵۰ گفت‌وگوی واقعی با رتبه‌های برتر کنکور 🚀 از چالش‌ها و سختی‌هاشون تا مسیر رسیدن به موفقیت 💡 هر روز یک مصاحبه جدید برای انگیزه، تجربه و راه‌حل‌های واقعی 🎯 الگو بگیر، یاد بگیر، و مسیر خودتو پیدا کن
saleswaterfall,channel,Sales Waterfall💰,203,"Thank you for being curious and checking on this channel. I am coming here from time to time to share some random thoughts about sales & leadership.   current role: Manager, Corporate EMEA at HubSpot"
jomhor14,channel,جمهور,11516,جمهور (۱۴)   ارتباط با ادمین: @iraniprpr
ghahve_khora,group,گپ قهوه خورا,43,تجمیع سران وزارت نیچرلرن
politikyxc,channel,Политикус,35,"Политика во всех гранях - разбор новостей, литературы, исследований. Канал молодого политолога. Аспирант. Для связи: dimon-m98@mail.ru"
alianvarardabil,channel,Ali Anvar Ardabil,3,
vidurneeti,channel,VidurNeeti 🇮🇳,10540,"So we fix our eyes not on what is seen, but on what is unseen"
wiederfreileben,channel,FREI LEBEN ~ Ohne Maske und ungeimpft,425,😍M🅰️sken- und Nadel🅵🆁🅴🅸 LEBEN🍎🥦🍞 🇩🇪🇦🇹🇨🇭  Menschen müssen ohne Diskriminierung leben und einkaufen können. Wir wollen diskriminierungsFREIen Unternehmen helfen zu überleben und von Mensch zu Mensch Erfahrungen teilen.
donyayirane,channel,🍃🌼 دنیای ایرانی🌼🍃,519,همه جای 💗ایران 💗 سرای من است .  🩵جانم فدای ایرانم🩵
tomareh_man,channel,"""طومارِ‌من""",13334,"[می‌نویسم، تا بعد از من، نوشته‌هایم سخن بگویند🌱.]   [لطفا فوروارد کنید؛ کپی با اسم ""آرام"".]  @digeh_nemigam :چنلِ دوممون🌱 @tomar_Ads :تبلیغات @Arii8401_bot :جانم @gap_tomar9 :جایی برای موسیقی و نوشته ها"
jeonjiminlv,channel,𝐉𝐄𝐎𝐍 𝐉𝐈𝐌𝐈𝐍 ִֶָ,797,"ִֶָ   Ｃ᭄‌ 𝑴𝒓 𝒑𝒂𝒓𝒌 𝒂𝒏𝒅 𝒉𝒊𝒔 𝒃𝒖𝒏𝒏𝒚 ִֶָ   ""𝐑𝐞𝐚𝐥"" 𝐥𝐨𝐯𝐞   ناشناس مـن: http://t.me/HidenChat_Bot?start=604298293"
jamachinsk,channel,ДЖЕМ • Ачинск • JAM,252,
jenekmaksim_pt,channel,привет женек максим,405,привет это крутой канал я клянуьс  ❗ отписка – бан❗  по вопросам писать – @spheeria   наш анон – http://t.me/voprosy?start=jqjrt
arinvibee,channel,Arin’ a,190,Moon Child 💌 جانم ؟! @Arinvibe_bot
pek_fin,channel,ⲡⲉⲕⲁⲣⲏя φυⲏⲕυ,136,こんにちは！ 私の日本に関するチャンネルへようこそ。コラボレーションや広告掲載のご依頼もお待ちしております。– @em_lit
baharmh82,channel,رقصِ رنگ,193,t.me/HidenChat_Bot?start=7864333308 جانم ؟
reyhoon122,channel,ریحونِ🍀,223,روزمرگی های یک همه کاره و هیچ کاره چنل بله: https://ble.ir/reyhoon_122 جانم؟ https://t.me/SendHarfBot?start=1f9252c57bd1
iranisubir_ir,channel,iranisub,1987,
moliiism,channel,◾Moliism◾,124,The Fucking Moliism ناشناسِ مربوطه https://t.me/BiChatBot?start=sc-7ca58314f1  #Music  #Quotes #Aestheticia #Nature  #ideas
kr_mtr,channel,Красная Митрофановка,71,"«Кᴩᴀᴄнᴀя Миᴛᴩᴏɸᴀнᴏʙᴋᴀ» – ᴏбъᴇдинᴇниᴇ ᴋᴏʍʍуниᴄᴛᴏʙ Миᴛᴩᴏɸᴀнᴏʙᴋи Кᴀнᴛᴇʍиᴩᴏʙᴄᴋᴏᴦᴏ ᴩᴀйᴏнᴀ Вᴏᴩᴏнᴇжᴄᴋᴏй ᴏбᴧᴀᴄᴛи, ʙᴏɜниᴋɯᴇᴇ 6.09.2025ᴦ. Аᴋᴛиʙный ᴋᴏᴧᴧᴇᴋᴛиʙ и ᴛᴏʙᴀᴩищ нᴀᴩᴏдᴀ. Гᴏʙᴏᴩиʍ ᴨᴩᴀʙду и ᴛᴏᴧьᴋᴏ ᴨᴩᴀʙду! Нᴀɯ чᴀᴛ – @pravda_mtr Нᴀɯ ВК — vk.com//kr_mtr"
irishrepublican2,channel,Fenian Brotherhood,60,⚫ X: https://x.com/SS_SeanSouth
irvsav,channel,🦢,31,{يَا أَيُّهَا الَّذِينَ آمَنُوا اذْكُرُوا اللَّهَ ذِكْرًا كَثِيرًا}💙.
parvaz_bein_bargha,channel,پرواز بین برگ‌ها🕊🍂,103,پرواز ذهن و خیال و شاید روزی دوباره قوی‌تر بازگردم. 🖤🍂
realreporter_tg,channel,Real Reporter,5225,Real Reporter’s official Telegram page
liveirannews24,channel,Live Iran News,3198,Iranian freedom voice
pugliareporter,channel,"Puglia News e Segnalazioni notizie da Bari, Foggia, Barletta, Andria, Trani, Brindisi, Lecce, Taranto e dintorni",4085,Puglia news
iranactual,channel,Irán Actual,155,Noticias y textos de actualidad
iranology_dgu,channel,Центр иранистики ДГУ,145,Центр иранистики - Факультет востоковедения - ДГУ
iranagencyforiran,channel,Iran agency,51,آژانس ایران. برای آبادی و آزادی ایران پیج اینستاگرام ایمان فرهادپور:https://www.instagram.com/mr_farhadpour_?igsh=cHY1bXh5OXBlN2dq پیج اینستاگرام آژانس ایران: https://www.instagram.com/iranagency_? بخشی از مطالب این کانال با کمک هوش مصنوعی Gemini تهیه شده
pakistaniranfriendshipandnews,group,Pakistan - Iran Business And News,87,
mashahirgasht,group,Iran Inbound Tour and Travel agency,14,
svyataya_tsarskaya_semya,channel,Святой Царь Николай II и Царская Семья,112,"Добро пожаловать в канал, где будет публиковаться информация о Царской семье, в том числе не самая распространенная."
kingbeanofficial,group,King Bean,147,
javanane_e,channel,آزادی خواهان فولادشهر,172,آی دی جهت ارتباط با ادمین  @Javanane_ebot
ladakhtrip,channel,Ладакх - Малый Тибет с Хотэем,185,"Ладакх, Нубра и Занскар в авторском путешествии с Хотэем. Монастыри, история, культура, природа Гималаев: https://hotay.ru/ladakh1.php"
villashomes,channel,Пхукет Аренда Продажа Недвижимость 🪸,395,"🏡 Компания VillasHomes Phuket  Работаем на Пхукете с 2014 года  Канал посвящен аренде, покупке, продаже и инвестированию в недвижимость на Пхукете 🇹🇭+66644046677  Официальный сайт https://villashomes.net"
yogaturyru,channel,Yoga Journey | Retreats & Reflections 🧘‍♀️,166,Авторский проект по йоге в формате ретритов и йога-туров.   🌟 100+ проведённых мероприятий с 2016г.     Йога-путешествие в Кералу 1-10 февраля 2026 🔗 https://yoga-tury.ru/yoga-tour-kerala-2026   По всем вопросам 📩 t.me/yogaturyru?direct
snimimask,channel,Дмитрий Ляхов || Алхимия сердца💖,76,Я возвращаю женщин из ада отношений к нормальной жизни и себе настоящей🌿
amyxantina,channel,Дело было вечером,33,"Всех приветствую, всем хорошего настроения! Тут можно почитать про мои поездочки👀"
lux_tours,channel,❤️Luxury-отдых - Лекс тур,27,"❤️Здесь мы будем публиковать самые интересные и уникальные варианты туров для взыскательных туристов, а также акционные предложения от отелей класса люкс и премиум.  🌎Наш сайт - lex.by   ✅Наш основной канал со всеми вариантами лучших туров - t.me/lex_tur"
scholarshipwallah,channel,NSP SCHOLARSHIP Portal 2026-27,1783,Help
nielitindia,channel,NIELIT India,215,Welcome to National Institute of Electronics & Information Technology student group.  राष्ट्रीय इलेक्ट्रॉनिकी एवं सूचना प्रौद्योगिकी संस्थान के विद्यार्थी ग्रुप में आपका स्वागत है!  CCC BCC ECC CCC+     O / A / B / C level  Project work 👉 @NIELITproject
neet_2024,channel,NEET 2026,42,
niec2023,channel,Х Невский международный экологический конгресс,101,Телеграм-канал Х Невского международного экологического конгресса для представителей СМИ
majl2023,channel,مبادرة مجالس الفكرية - مشروع نُقُول للترجمة الفكرية,74,
neelamcomputervacancy,channel,Neelam Comuter Vacancy,69,"सरकारी नौकरी, रिजल्ट, प्रवेश पत्र एवम ऑनलाइन संबंधी जानकारी के लिए Neelam Computer Vacancy चैनल बनाया है"
runpolustrovo,channel,Бег и лыжи в Полюстровском парке,150,"Это канал о любви к спорту и здоровому образу жизни. Самое лучшее что есть в спорте - это кайф от самого процесса. Как круто когда ты с удовольствием одеваешь свою любимую форму, удобные кроссовки и отправляешься в ближайший парк, чтобы потренироваться."
nullsbrawlchampionship2026,channel,Null's Brawl Championship: 2026,87,Официальный бот Null's Brawl Championship - @NullsBrawlChampionship_Bot Поддержка - @NBCSupport_Bot Новостной канал - @NullsBrawlChampionship2026 Правила - https://telegra.ph/NBC-2026-Oficialnye-pravila-04-09
frontnl2023,channel,Front Narodowo-Liberalny,39,https://fnl.org.pl Polski narodowy liberalizm i jedyny ogólnokrajowy ruch narodowo-wolnościowy ⬜️⬛️
uttgncursa,channel,UTTGN 200 millas Canal Carrera,58,"Actualizaciones , novedades de carrera y seguridad pre y durante carrera. directas de direccion de carrera"
alchemy_netherlands,group,Alchemy Pay_Netherlands,294,
nethery2004,channel,디파이 망한 네더의 생존일지,2756,Dm: @nethery04
competitionpoint_ise,group,Competition Point,196,"www.competitionpoint.in : NTPC, SSC, Bihar Police, Railway, UPSC, BPSC, and All States Exam - Gk Questions.   @job_infosarkariexam  We Provide You All Types Of Sarkari Jobs, Sarkari Result, Sarkari Exam (Railway Jobs, UPSC, SSC, Defense) & More Info.."
talanguorwsfe2020,channel,@w.s.f.e.2020 ،تلنگر رسانه زنان برای آزادی و برابری پایدار,448,تلنگر رسانه ی زنان برای  آزادی و برابری پایدار  تماس با ما. Whatsapp & telegram 0046706128868 @Mahnazghezellu   آدرس اینستاگرام:  w.s.f.e_2020
iranaketo,channel,жИраНаКето,328,История похудения одной мадамы которая наконец-то нашла своё
mypla3e,channel,‌ ᨰׁhׁׅ֮𝗂tׁׅꫀ‌ ♱𝆬 ᥣׁׅ֪𝗂𝗅ᨮ꫶ׁׅ֮‌‌ ‌,402,࣪‌         ᥉‌ִ࣪hᥱ/hᥱ𐑩       𒂭۪۪۪۪᳝۟       𝗂ꪀ𝖿𝗃        ࣪ ‌ ‌ ‌  @Zaynesimpbot     ୨୧   @idksmsh
kapycta999,channel,Овощной склад | Мытищи,191,🥬 Тг канал креатора kapycta999 🥬  🥬 Discord: kapycta999 🥬  🥬 По поводу партов пишите в дискорд. 🥬   Youtube: https://youtube.com/@kapycta999?si=EspvjflpPHaWQ_sH
janana111,channel,جانان خپࢪ ندیه اداࢪه 𝕛𝕒𝕟𝕒𝕟,5185,د ذڪری ترانو ستر مرڪز     @Janan3737
senior27i,channel,𝐆𝟏𝟐 𝐅𝐨𝐜𝐮𝐬 °. 𐙚˚࿔,854,𝟏𝟐 𝐆 °.  𝐁𝐫𝐢𝐝𝐠𝐞 𐙚 𝐏𝐥𝐚𝐧 𝟏 ˚࿔ ⋆🦢 ݁𖥔 ݁˖ 𐙚⋆°🎓｡⋆♡
tehran_zaban,channel,تهران زبان | آموزش انگلیسی,2074,تهران زبان | 2026 آموزش زبان انگلیسی با تاکتیک های ناشناخته
exercises_12,channel,Арабские танцы,365,
heat_transfer_2025,channel,Heat transfer (PE312),425,
iranazad,channel,🔚IRAN AZAD🔝,82,ارتباط با مدیر کانال : @manighahremani
nabard4azadi,channel,@nabard4azadi نبرد برای آزادی👇,197,تصاویر با کیفت از خانم مریم رجوی👇 https://t.me/maryamradjavy آموزش رزمی  دفاع شخصی👇 https://t.me/TAHAJOM97                 امداد ونجات 👇 https://t.me/emdadghiam/6                                 خبر👇 https://t.me/mediazady  ادمین  @studiomaxon
israelpollution,channel,Facts behind Israel and the war no one is sharing you : Renewable Energy / Climate Change Pollution / Natural Disasters,109,@IsraelWarBullshit @PollutionFacts @MissionWillowProject @NorgeTelegramFreaks @AnimalFreaks @MissionPlaneta @NatureFreaksDeutsch @MeteoTelegram @FactsTelegramFreaks @ClimateChangeTelegram @EnergyFactsTelegram @FactsTelegramChannels @ScienceFactsChannels
rechtshilfefuereltern,channel,Für unsere Kinder – Gegen Masernimpfung,2482,Kostenlose Rechtshilfe für Eltern die ihre Kinder vor der Masernimpfung schützen möchten.  Kontakt:  rechtshilfe@mailfence.com
