olegarxofficial,channel,𝕆𝕃𝔼𝔾𝔸ℝ𝕏,349,
aftrnightco,channel,‌ عـکاسی در ونیـز﹔,613,‹‹  فردی در لنزِ دوربین، غرق در دریا و خیره به غروب، به همراه لبخندی فراموش شده  ›› t.me/v3nicebot – shop: @Vxstudiio
insightocean,channel,в голубом океане,607,"Я Настя Варлыгина. По будням - русалка, по выходным - предприниматель-новатор из Forbes 30u30.  Cтрою новую индустрию Ocean Tech: соединяю ученых, бизнес, инновации и океан в @ocean_economy  💌 @a_varlygina"
abyss0pelagic,channel,ᴏᴄᴇᴀɴ ᴏꜰ ᴛʜᴏᴜɢʜᴛꜱ,110,"شاید جایی در یک اقیانوس...      𓇼 ࣪ ¹³ ⭒˖ 𓍢ִ• 🌊    Deep Ocean : @whalienocean                                                        𓈒ㅤׂㅤ⭒𓆟 𓆞  Sushi and chat, anyone? : @Whaleinoceanbot  🍣🍙"
oceanv1ew,channel,Ocean View,150,Фламе страке 3
taysbergvokeane,channel,Тайсберг в океане,202,"Блог Ани Тайсберг о жизни, бурлеске и всяком разном.  IG https://instagram.com/annataysberg"
morecoverdance,channel,Мори і їх Ори,102,
kasjanovcom,channel,Юрій Касьянов,12797,
igorbushmelev,channel,стихи ~ Игорь Бушмелев,531,- поэт | автор стихов и песен  - член Союза Литераторов РФ - медаль Достоевского за вклад в рус. лит.
ymershiyangel,channel,Умерший ангел.,174,
bluchevsash,channel,блучеватти,65,Творчество и существование Блучева Сашеньки  💸 Связь с автором @shcvalkofe  🤝 Мамуля Спонсор @whyytm
kafedra_ad,channel,Кафедра АД🛣️,150,Кафедра «Автомобильные дороги»
kafedra_supa,channel,Fried Soup,117,
trend_slslls,channel,Trend_Setter,262,По вопросам заказа и наличия - @sekotttn По вопросам качества и гарантии - @vadimsekretarev Наш магазин в АВИТО  https://www.avito.ru/brands/b69f6d5ccf5d375b77692ee89d5c68bd?src=sharing
ohfashionru,channel,"Мода, маникюр, прически",83,"Хотели выглядеть каждый день безупречно, тогда присоединяйтесь и получайте вдохновение от стильных причесок, трендового маникюра и изящных нарядов"
detskaya_moda_moskovskii,channel,Мама Лена в деле/Закупка КИТАЙ/со мной выгодно/МОСКОВСКИЙ,83,"❕Просто покажи что нравится и я это привезу из Китая дешевле❕ Меня зовут Елена, мама 2-х сыновей 🤍🪽🪽 Если ты в вечном поиске классного, трендового и нужного для себя, детей ,семьи то добро пожаловать на канал🪄"
chubogi,channel,𝔱𝔬𝔤𝔢𝔱𝔥𝔢𝔯 | AL,77,"добро пожаловать!   со всей информацией вы можете ознакомиться в посте «навигация», который находится в закрепе"
amalid200699,channel,بدها صّبر,19,اللّهُمّ صلّ علىٰ مُحمّد وآل مُحمّد 💛  2006/9/9
yarchenko_gov,channel,Владислав Ярченко,207,Министр молодежной политики Херсонской области  Я в МАКС: https://max.ru/join/_U5rur_P3-xrScoQz_T63zxwxX-YVYTL4gfiytFJwhs
top_draiv_juniors,channel,ТОП «Драйв Juniors»,162,"Трудовой Отряд Подростков «Драйв Juniors”   Энергия в сердце, драйв в душе! 💜"
komandirsoka,channel,Почувствуй Даню,262,"Место деловых будней, достижений, путешествий и моих любимых кружочков 😉"
dariiaaleksandrovna,channel,Дарья Александровна,163,"Общественный деятель | Волонтёр | Наставник | Победитель, финалист, участник проектов различного уровня  #Быть_а_не_казаться_2025 #ТвойХод #БольшаяПеремена #ПоездПамяти2024 #ПланетаБольшихПеремен"
lager_ynost,channel,ДОЛ «Юность»,245,Загородный лагерь «Юность» города Воткинска
dtor03,channel,ДТОР г. Улан-Удэ,234,@dtor03 #дтор03  #домтворчества03  #длядетей  #нацпроекты  #УспехКаждогоРебенка  #минобрнаукиБурятии  #Бурятия  #УланУдэ  #дополнительноеобразование
fgdr28,channel,Федерация гонок дронов Амурской области,68,"РЕГИОНАЛЬНАЯ ФИЗКУЛЬТУРНО-СПОРТИВНАЯ ОБЩЕСТВЕННАЯ ОРГАНИЗАЦИЯ ""ФЕДЕРАЦИЯ ГОНОК ДРОНОВ (БЕСПИЛОТНЫХ ВОЗДУШНЫХ СУДОВ) АМУРСКОЙ ОБЛАСТИ""  676805, Амурская область, г. Белогорск ул. Набережная, зд. 84 (помещение 1) info28@fgdr.ru Наш VK https://vk.com/fgdr28"
trueyanreyzen,channel,𝒀 _ : ⿻ ℜ ē 𝛾 z 🤎 (кн маркус),145,Own - Маркус  (HER)  ! Канал не по всем обновам — Goal 150!🤍
bywonheart,channel,Won𝗵𝗲art 원희,75,🗯️ - by darina I don't work with updates
rabbiamnonyitzchakshlita,channel,"הרב אמנון יצחק שליט""א",185,"בס""ד הרב אמנון יצחק שליט""א גדול הדור 👊🏿נלחמים בסדר החולני החדש!👊🏽 למען שמו יתברך באהבה❤ 🚨אין לצפות בשבתות ובחגים‼  להצלחתו ורפואתו ואריכות ימיו בטוב ובנעימים ולשמירה והגנה: רבנו אמנון בן רומיה ולגאולה מהרה ברחמים אמן 🙌🏽"
breslevforyou,channel,ברסלב פוריו,36,"הננמח' - רבינו הקדוש נחמן בן פיגא זיע""א  https://r.breslevforyou.co.il"
teferahaim,channel,תפר_החיים,26,"חנות בדים, מכונות תפירה,  סידקית ועוד בן גוריון 11, אשקלון 054-7691815"
sugar0dedi_bot,bot,Atata anon,,
damm1anonbot,bot,dami anon,,
aucapin2,channel,אוניברסיטת בן גוריון,3,
bfshippingbot,bot,Boyfiz club.,,عضویت در انجمن: @yeonbinandkids
bl0odybow3rsbot,bot,Henry's anon,,
latestmovies99,channel,Movies & Entertainment Center,290,"hello😀 Movie 🎥 internet & software center is here to Help you stay updated with (Movies, Tv Series, Reality Shows, Documentaries, Music, Ebooks, Awards, Games, Softwares,you can order feel free t"
moviehouseer,channel,Movie House,242,"Разговоры о главном искусстве прошлого, настоящего и...прочем околостоящем  #ретро #цитаты #интересное #фанарт #интервью #постеры #рецензия #кино #трейлер #саундтрекнедели #рецензиясообщества  Вопросы задавать через бот @Feedback1997_bot"
maayanot,channel,מעיין ושביל עם ישורון ברטוב,3954,
bangssips,channel,Bangssips,308,✮ bts gossips via w/v lives  اینجا فقط لایو های اعضا رو می‌ذاریم ! Main: @bangtanall
mcbushpigcf,channel,Mc Bushpig Confession🪓 🐽,221,
thatmob_and_justwhispy,channel,𝗧𝗵𝗮𝘁𝗠𝗼𝗯 '𝗻 𝗝𝘂𝘀𝘁𝗪𝗵𝗶𝘀𝗽𝘆 :: 𝗕𝗹𝗼𝗴.,97,(@CAMASACNBR 'n @metlaOMG in Telegram @LYKOTHRO 'n @xioslop in X)
whiskascnah,channel,Wubb.Lost 💿,88,Оᴛᴨиᴄᴋᴀ - бᴀн Буᴄᴛ: https://t.me/boost/Wubbchan2730  Анᴏн: http://t.me/LetsAskBot?start=GrMcmo
waittimerp,channel,WaitTime RP,37,©WaitTime 🔥 t.me/+Xa2m-L8gzno5OTgy – Форум 📌 При поддержке : Тут могла быть ваша реклама t.me/newspopsa t.me/NIWAnews t.me/Ast3riass @ShadowRPSphere
wassupbangkok,channel,Wassup Bangkok 🎏,71,🎐ความฝันอยู่ใกล้เสมอ  start: 28.04.2026
sweetdap,channel,"#𝕯𝐀𝐌𝐍, 𝕾𝐖ⓔ𝐄𝐓 ˑˑ !",27,
h3avensc4pecf,channel,HeavenScape Confession,8,"Вольная конфа по хевен скейпу, потому что основная не работает 😛 Бот для тейков - @HSCFTakeBot"
brokentraffic,channel,brokentraffic confession,9,art by vilebeholding
altezimmerei,channel,Alte Zimmerei Community,148,Offizielle Community-Gruppe der Alten Zimmerei.
austrianbearcommunity,channel,Austrian Bear Community Infos,108,"In diesem Kanal findest du nur Ankündigungen zu den Veranstaltungen und Aktivitäten. Nur Infos und keine ohne Chat 📅✨ Hier gehts zur Community, wo du auch dich mit den anderen austauschen kannst: https://t.me/+UyCt-cRObCVkZjY0   😄🎉"
biblischegemeindesw,channel,Biblische Gemeinde Schweinfurt,82,"Wir sind die BGS, die Biblische Gemeinde Schweinfurt, eine Gemeinschaft freier, evangelischer und charismatischer Christen aus allen gesellschaftlichen Schichten und aus vielen Nationen.  Hier erfährst du alles über anstehende Events, Neuigkeiten und ..."
casatilo,channel,Friends of Casa Tilo,180,A place to get occasional updates about what’s happening at Casa Tilo
lalikaqueen,channel,Lalika Montana 👑 Drag Queen,123,Artist Drag queen מלכת דראג חיפה👑 שרה לייב בעברית ורוסית🎤 יקירת הקהילה הגאה 🏳️‍🌈 לשיתוף פעולה והזמנות💃  ☎️0553065254
informwapps,channel,RMW APPS,861,Channel telegram resmi Aplikasi RMW APPS
atpsco,channel,تردمیل آبی فریال,185,فریال اولین برند رسمی تولید تردمیل آبی در ایران  09902270074  www.atpsco.ir  admin:@atpscoadmin
podlevelswitch,channel,پارس اُرچین دانش(پــــاد),54,🌐 شرکت پارس اُرچینِ دانش؛ تنها تولید کننده لول سوییچ های فرکانسی RF در ایران  📞 شماره تماس جهت مشاوره و خرید: ۰۲۱۷۱۰۵۳۵۶۶ - ۰۹۱۲۰۶۰۲۳۶۵  ارتباط در تلگرام : @POD_SALES  www.parsorchinedanesh.ir  پـــاد در اینستاگرام  www.instagram.com/parorchinedanesh
amperalshop,channel,Amperal | آمپرال,20,آمپرال یک فروشگاه آنلاین لوازم برقی است که با هدف فروش مستقیم و بدون واسطه محصولات اصلی به مصرف کنندگان نهایی با بهترین قیمت و سریع ترین زمان ممکن ‌، کار خود را آغاز کرده است. www.Amperal.com
marumeii,channel,maru = 命,161,◡ no maru = no life ๑︎  ⌗ anon     @marumeiibot ⌗ archive @marumeiiarchive ⌗ coop     @marumeiicoop
maretuinfo,channel,MARETU info,1381,Тут публикуются новости вокалойд продюссера MARETU!  По всем вопросам пишите в сообщения каналу.  Админ состав: (🩸)  Белуха (она/он) ( 🪴) Рико (она/её) ( 🍓) Лакачан (она/её)
maru_kapoor,channel,MaruKapoor,118,"Иллюстратор, комиксист и житель планеты Земля 🪷 Приглашаю вас в своё творческое и духовное путешествие 🖌"
maru_ogv,channel,"Больше, чем молоко | Консультант по ГВ 📍СПб и Лен обл",448,"Меня зовут Мария Беляева и я знаю все про декрет без страданий!   Поддержу тебя и организую:  •роды, которые ты захочешь повторить •комфортное материнство •хороший сон  •грудное вскармливание без боли и мягкое его завершение  Для связи📲 @amrmaru 📍СПб и ЛО"
dressmaru,channel,Dress_Maru,4306,"Запись: https://wa.me/79163726873  Авторские фотосессии с 2018 года.  В стоимость включено: платье, аренда зала, услуги фотографа. Запись: https://wa.me/79163726873 Наш ВК https://vk.com/dressmaru Ватсап +7 916 372 68 73"
motovilova_ann,channel,Аня и трудности бытия,155,"Блог об обычной жизни с щепоткой пиздеца 🤡  Закрыла долги по кредиткам, становлюсь блогером, развиваюсь в монтаже и переезжаю в Грузию.  Когда-нибудь переименую этот канал в «легкость бытия», а пока так 🌚"
ebasher2009,channel,дрим щитпостит🐰☀,163,"пощу рандом мысли, випки, сырые спойлеры по персонажам, проектам да и кучу всякого🍰🐚 личный блог твоей надоедливой подруги"
naasvie,channel,Душкина,108,Я художница.
notsilentshitpost,channel,позорюсь каждый день,33,амбассадорка тотального разложения мозга. CEO of shitpost. лингвоэнтузиастка. кошатница до мозга костей здесь все мои друзья
djidixkskd,channel,NLM,27,
mad_butterfly,channel,Карточный дом,9,Невероятные приключения полуслепого нищеброда
elementvpn_bot,bot,ElementVPN // Твой анонимный элемент в сети,,
haccp_derepasko,channel,Олеся Дерепаско. Бизнес-тренер ХАССП,703,"🎓ХАССП и СМБПП: тренинги, аудит, сопровождение-разработка. 🧩 18 + лет производственного опыта 🗝️ 10 лет коучинга  САЙТ:  https://haccp-oderepasko.ru/  ЧАТ:  https://t.me/haccp_oderepasko  Личные сообщения @olesyaderepasko"
prodetcentrru,channel,Маркетинг Монтессори площадок,195,"Светлана Кузнецова @Svetlan_Kuzn  📈Чтобы вашу УНИКАЛЬНОСТЬ увидели!  👉веду соцсети, настраиваю сайт и карты Монтессори центров 👉своей командой или обучаю вас"
podrabotka_prod,channel,📲 Подработка на удалёнке,215,"Нравятся задачи? Бери и делай!  Подработка для творческих людей от Факультета продюсирования Татьяны Османской @academyprod_tg и наших партнёров, экспертов и друзей проекта  Связь @tosmanskaya 💬"
maysternya_smaku,channel,«Майстерня смаку» технологічний коворкінг,24,"Цей канал створено для спілкування та творчої взаємодії, обміну досвідом для для підприємців харчових та переробних підприємств."
yourextramarketer,channel,Your Extra Marketer – контент-маркетинг для IT,5,Создаем англоязычный контент для IT-компаний – http://yourextramarketer.com/   Здесь делимся советами и полезными материалами о контент-маркетинге.  Поговорить: @Cheracs
tsybulskaya,channel,Цыбульская про стиль,16660,"Клуб канала: @TsybulskayaYanina_bot Янина Цыбульская, стилист ""Как выгодно подчеркнуть талию, которой нет""™ Написать в личку @YanaTsy Сайт https://tsybulskaya.ru/  Номер заявления для регистрации в РКН: 7656798771"
tsybulskadance,channel,TSYBULSKA.,834,All about me ❣️
tatyanakhmelevskaya,channel,Сила женщины: баланс Татьяны Хмелевской,864,"20 лет в управлении: от топ-менеджера фин холдинга до создателя своего пространства. 18 лет йоги и духовных практик.   Мой блог  для тех, кто хочет реализоваться, оставаясь в гармонии с душой. Я создаю курсы и менторинг, чтобы провести вас этим путем"
navedmachila,channel,лЮля кЕбаб,74,Бу!
tbazalevskaya,channel,По лесенке термограммы,125,Шиза юного физика
phyperice,channel,hyperice🏔,217,"фото/видео съемки, образ жизни Писать: @hyperice66 Инста: 1hyperice  ТТ: 1hyperice"
exeeeelissee,channel,ᴧоᴦоʙо ᴇxᴇᴇᴇᴇᴇᴇʟɪsᴇ,298,"По поводу пиара , мой лс : @Exeeeeeelise  tiktok.com/@exeeeelise01 подписку на тик ток ❤️🫂 Мой шоп https://t.me/shopluxarykselya"
milobeshka,channel,милобешка,242,@emotyankaa
phvalevskaya,channel,VALEVSKAYA,107,18+  photography & words photographer @morganright
rilevskaya,channel,ʳᶦᶫᵉᵛˢᵏᵃʸᵃ,82,☽ ｡˚ ⋆ ♡  ๋࣭ ⭑  dm: @rilevskayalin
tstststd,channel,tsybenova,91,Ch❤️
skyshpagina,channel,💒 “ 𝔖 .h ` p𝒶 * g,31,Nirvana
alyybtly,channel,alyy’bbtly,56,
vasilevskaya_tvorit,channel,Чё творит василевская,92,🧷🧷🧷🧷🧷  18+ Вступая в группу вы подтверждаете свой возраст. P.S. Автор ничего не навязывает и не пропагандирует!
elraevskaya,channel,elr,102,
tuleouvskaya,channel,Teezy,44,Тулеуовская @tzylolbot
tsyngueva_15,channel,bb🪷,51,
nagidollayevnaa7,channel,nagidollayevnaa,12,"это не я, это блогер в тик ток псевд: айнура анон: @nagidollayevnaa_bot данный канал является архивом 🖤 настоящий канал жанули: @zhanulya08"
gmsscalp,channel,GMS trade,328,god mode scalping / повелеваю рынком  связь: @Founderry
gmskids,channel,GMS Kids,171,"👶🏼Детская клиника GMS Kids 0+  🔹Лечим детей, успокаиваем родителей 🔸Только доказательная медицина 🔸Прививки, анализы, чекапы  🔹Врач на дом 🔸Круглосуточный стационар 🔹Онлайн-консультации  Записаться можно тут @gms_clinics  ☎️Запись +7(495)781-55-77"
gsmborneo,channel,GSMBorneo News Update,326,"Gsm Borneo  Wholesale for Gsm Server Services, mobile phones, IMEI, iphone carrier factory, Samsung, sigma box tool, dc unlocker full version, At&t, alcatel code calculator, Sony Ericson worldwide, rogers."
gsmofficialteam,channel,Gsm Official Team,76,"Our website features comprehensive guides covering mobile servicing, computer software and business tools as well as mobile application usage to unlock their full potential and navigate Flash FRP Lock's world. Additionally, explore invaluable educational"
gtmlabsofficial,group,GTM Labs Official Community,112,"GTM Labs is your full-stack growth partner - specialising in Web3, AI, and next-gen tech. We help you launch smart, fund fast, and scale with precision.   Website - https://gtmlabs.xyz"
nwflags,channel,No White Flags,18,Gatekeeper
mgstuningbot,bot,MGS-TUNING_bot,,
smpsimclubs_bot,bot,smpsimclubs,,"SMP Simclubs.ru — симрейсинг-клубы с топовым оборудованием: гонки, дрифт, ралли и шашки в трафике."
gesgroup_bot,bot,GES GROUP,,
ftaolarchiv,channel,FTAOL Archiv (Mirror),446,"Alle Videos als Mirror. Gespiegelt auf Odysee und Wuwox. Schaut auch ins FTAOL Archiv für die Livestreams.  Bitte sichert Videos die euch gefallen!! https://linktr.ee/fromtruthandotherlies Schaut auf Wuwox, Odysee, Bitchute, Rumble, Youtube, Telegram."
valhalla_01,channel,L'ange déchu,352,"Random things, depending on the mood  @fallenangel1bot"
germanonlin,channel,German online,69,Многочисленные задания для улучшения грамматики и словарного запаса
lets_deutsch,channel,Let's deutsch! | Немецкий язык,185,По всем вопросам @AnastasiaEfm
magicgerman_net,channel,magicGerman - Learn to communicate in German / Kommunikation auf Deutsch,96,Kommunikationstraining für Deutsch als Fremdsprache - Learn to Communicate in German!
fallen0_angel,channel,‌ ‌ ‌‌ ‌ 𝐅αᥣᥣ𝖾𐓣 α𐓣𝗀𝖾ᥣ,142,@Bluedream00_bot/ @fiakaj .。o○.。☁️🪽🫐.。o○.。 Ничто не вечно!..
be_success1,channel,Die Wahrheit ist unzerstörbar,1330,Die Wahrheit tut immer weh und hat es schwer als die Wahrheit anerkannt zu werden. Leider Gottes wird die WAHRHEIT zur LÜGE und die LÜGE zur WAHRHEIT gemacht.
educationaltechtube,channel,Educational TechTube ETechT,765,Daily English like The Hindu and Bengali NEWSPAPER update at first.  Join @EducationalTechTube  #EducationalTechTube  You can Also Join our Official Facebook Page  facebook.com/EducationalTechTube  Our Youtube Channel youtube.com/EducationalTechTub
lebeninschwedenimmojobchat,group,Leben_in_Schweden _Chat + Immobilien&Jobsuche,543,"Diese Themengruppe dient dem Austausch rund um Leben in Schweden. Kontrovers geführte Diskussionen sind erwünscht, solange jede unterschiedliche Perspektive iO ist. Viel Freude!"
peterburg_i_anna,channel,Петербург и Анна. Авторские пешеходные экскурсии с гидом,87,"Я - Анна, аккредитованный гид по Петербургу, переводчик французского и петербурженка в 4 поколении! Приглашаю вас неспешно гулять, слушать интереснейшие истории и любоваться городом на Неве ❤"
gidessa_olga,channel,Петербургская гидесса,151,"Гид в Санкт-Петербурге Ольга Малыгина.   Экскурсии для семей и друзей. Работаю также со школами.  Петропавловская крепость, м. Фаберже, Петергоф, Царское село, Кронштадт, Павловск, обзорные по городу. Пешком и на 🚘  ➡️ https://vk.ru/olga_petersburg"
herzklang,channel,Herzklangraum,99,"Der Raum für heilsame Klänge 🌸Klangreisen 🌸Seelengesang 🌸Sing- Heil,- & Frauenkreise  🌸schamanische HUNA Arbeit  🌸Sound Healing Behandlung & Massage 🌸geführte Meditationen 🌸Workshops mehr Infos unter: www.heilsamerklang.de"
privilegetour,channel,Privilege Tour,39,"Туристическое агентство - Privilege Tour организует для Вас и Ваших гостей индивидуальные экскурсии по Москве, туры по Золотому кольцу и Подмосковью, а также другим городам России с лицензированными гидами, на любом языке! Экскурсии для детей и школьнико"
vsnadm,channel,Вельможные следы на Дмитровках,6,"Авторская пешеходная экскурсия по Большой и Малой Дмитровкам от канала Гуляем. Смотрим. Узнаем Москву. Экскурсии по Москве. https://t.me/GSY_M Описание, отзывы, расписание, билеты. @nadezda_bubnova"
poly_i_leny,channel,Поля и Лëня гуляют по Москве,16,
idemedem,channel,ИдёмЕдем,2,idemedem.ru   пешие и автобусные туры
kairat_kudaibergen,channel,Kairat Kudaibergen,6184,"""Qazaqstan eli"""
eli_azarii,channel,Your fav rat,1195,سلام Music channel: @musicfortherat
overfriends,channel,The Best Cat Memes,527,
ormeribelli,channel,ORME RIBELLI,150,"Canale telegram del Gruppo ORME RIBELLI, in cammino tra montagne friulane, Carso e mar Adriatico contro tutti i confini!"
faktovmore,channel,Фактов Море 🦠,374,"Интересные, познавательные факты - каждый день! Подписывайся на живой канал, тут много интересного! Подборки фактов."
taylich,channel,` taylich `,17,• ꜱᴏ ʟᴏɴɢ ᴀɴᴅ ɢᴏᴏᴅɴɪɢʜᴛ •
vsratyikontent,channel,встратый контент,3208,
vkontexte,channel,Психология в контексте | Мила Бондаренко,241,"Помогаю справляться со стрессом, тревогой и травмами  Психолог для экспертов, руководителей и предпринимателей | EMDR, IFS, интегративная психотерапия   Запись - @bondarenkomila"
vkontaktetarget,channel,Кейсы таргетолога ВК,142,"Маркетолог-таргетолог  С 2012 работаю в рекламе  Состою в каталоге партнеров ВК Высшее образование в сфере маркетинга  👉https://t.me/targetvkreklama для связи  👉https://vk.com/reklamavk72  🔥Вступай в  VK АД - связки, аудитории и обучение ВК рекламе."
lkontent_ru,channel,♠️ ЛЮБИТЕЛЬСКИЙ КОНТЕНТ,121,https://dalink.to/lkontent_ru
viralni_kontent,channel,📒 в[ира]льный контент,104,"здесь про мягкий SMM, путешествия, маркетинговые наблюдения и будни диджитал-вумен.  автор: Ира Молокан ✍️ • smm-специалист • копирайтер-смысловик • дипломированный журналист  🟡 сотрудничество и запись на аудит блога / сайта в лс @irimilk."
aleshkaokontente,channel,Лёшка о контенте и нейросетях,98,"Как делают контент, который цепляет. Новости, фишки и приёмы!"
smmpodonbasski,channel,📝Юля Овчинникова|Контент по-Донбасски,607,"Контент-стратегия для экспертов. Без воды — только инструменты, разборы, чек-листы. Если вы ведёте канал в MAX или Telegram и хотите, чтобы он приносил клиентов — вы здесь  Начните тут: https://t.me/smmpodonbasski/195 Сотрудничество - @JuliaOvchin"
velvetulip,channel,velvet,36,I'm Hediye ♡ . t.me/blueramophone  Listen to me🧍🏻‍♀️. And this is my world with everything !
m_maph,channel,маф!!,71,Тт mafcosp Др канала 26 октября Мое 16 октября мью/вп только если вы ведёте тгк по косплеям  Анон @AnonnimmmeeAsk_bot Начало  23.08.23 Лс @werthness  вк https://vk.ru/kaiiirn
lvvpodsluha,channel,The moon sees everything |Подслушано [канал на продажу],1,Продажа за 15 зв
influencemaxi_bot,bot,Стань амбассадором Макси!,,"Это бот-анкета. Проходите его, если вы хотите стать амбассадором сети магазинов Макси!"
urbancat_bot,bot,💬 Урбан каналы — обратная связь,,@urban_cat
aginsky_bot,bot,Владимир Агинский,,
hoshyyzanon_bot,bot,Anon Raven,,
super_seller_trial_bot,bot,Super_seller_trial,,Для мастер-класса или по другим вопросам @Chupritckiy_Aleksey
mary_el_7x7,channel,МариЛенд,392,"Будьте в реальности происходящего, присоединяйтесь к МариЛенду   Мы завели бота, через которого вы можете анонимно прислать интересную информацию и получить ответ: @marilend_bot"
maybebarista,channel,та самая кофейня на Пресне,333,"этот канал мы завели, когда кофейни закрылись на карантин 30го марта 2020 и возвращаемся к нему сейчас, чтобы не терять вас✨"
g0thv1ol3ncee,channel,gothviolence,352,влд @coutureangels буст https://t.me/boost/g0thv1ol3ncee анон в закрепе вп делаю 50+ Чатик https://t.me/+8woYB0bp3bUxMzZi
metadrain315,channel,M3T4DR41N. 12+,272,мамке ку   Коммерческие предложения: @interconteenental @gaza
liza300m,channel,khhh( я люблю насть),88,
for_ryujin,channel,standing next to ryu,23,"cr. bblofitzy, itzyupda1es, infoitzybrasil"
sindread_gsd,channel,Синдред 🐺 немецкая овчарка,101,"Sindread the GSD (Der Deutscher Schäferhund)  Когда Синдред был щенком, все просили скинуть его фотки. Но мы как ленивые хозяева просто завели тг-канал и кидали всем линк. Так по инерции и продолжаем это делать, а канал теперь для всех желающих. Велкам 🐶"
novaluvu,channel,hi~,12,
djessydjek_2022,channel,СтаффДневник🫀🐕,24,"Привет 👋  Вы завели себе собаку? Открывай наш канал,это инструкция по мохнатым 🐈‍⬛🐕"
pocketz_js,channel,🔒Pocketz,7,чэрин @pocke1z_bot
yan_der,channel,𝙔𝙖𝙣𝘿𝙚𝙧,4,
tripodcatandtwocat,channel,Трехногий воин и другие,9,"Канал посвящен Гаврюше Степаше и Василисе. Это та самая ситуация, когда завели третьего кота второму коту, чтобы первая кошка могла отдыхать спокойно"
coopwnetjj,channel,< 3,6,
ghsgsgga,channel,FeatureTech,1420,If you comes on this channel. You got letest tech&tips
stochnoe,channel,сточ'ное,68,рандом микро приколы/музыка/мысли
smishnoe,channel,О СМИшном и котиках,619,Заметки о медийном и повседневном
soch_4,channel,"ГУО ""Средняя школа №4 г. Калинковичи""",217,
sochnik_gav,channel,Сочная будка,187,Gav Я сочник  А этот канал посвящён моим творческим похождениям
solnochnoe,channel,Солночь,51,чёрное солнце светит фаворским светом @mir_viktoria
sochi_smi,channel,Новости Сочи,81,Самые проверенные новости Сочи!  Официальная страница МКУ «Редакция газеты «Новости Сочи».
sochiros,channel,"Жилье Сочи. Снять жилье в Сочи: квартира, дом, номер, комната, хостел, эллинг, коттедж",72,
sochihp,channel,ЧП СОЧИ | Новости,50,Самые главные новости по городу Сочи!!  По поводу рекламы и предложить новость - @princecscam✨
sochi_20,channel,Недвижимость Сочи - 20%,62,Срочные продажи от 20% ниже рынка и основные новости. По всем вопросам @nsns2
sochi_hr,channel,Сочи. Гид,31,Отзывы о заведениях Сочи.  По вопросам размещения обращаться @gavriushin
soch1106,channel,Sophie Chevalier Daily,26,Sua melhor fonte de atualizações
sochi_tf,channel,Трансфер VIP MAX TOUR,19,Мы поможем вам добраться до места назначения с комфортом и без лишних хлопот! 👨‍👩‍👧‍👦✈️
sosedishchukino_bot,bot,SosediShchukino,,
sosedisevernoechertanovo_bot,bot,SosediSevernoeChertanovo,,Обратная связь с администраторами канала @sosedi_severnoe_chertanovo
sosedimoskvorechyesaburovo_bot,bot,SosediMoskvorechyeSaburovo,,Обратная связь с администраторами канала @sosedi_moskvorechye_saburovo
sosedipokrovskoyestreshnevo_bot,bot,SosediPokrovskoyeStreshnevo,,Обратная связь с администраторами канала @sosedi_pokrovskoye_streshnevo
weventtech_bot,bot,Ігрошкола. Краще Перезняти!,12412,"⤹ Натисніть «ПОЧАТИ» нижче, щоб стартувати ігрошколу «Як знімати КІНО про своє життя та бізнес» ⤵"
zfstudioinfo,channel,Зеркаль,573,"Добро пожаловать в наш Телеграм-канал, посвященный миру фотографии и фототехники! 📷✨ - Истории - Обзоры - Тесты - Пленочная фотография и многое другое…  Не упустите шанс развивать свои навыки и находить единомышленников!"
miyeo45,channel,🪷My K-pop life🪷,41,"Привіт! На своєму каналі я буду проводити ігри, розповідати про своє життя, знімати кружечки! Люблю вас! Покі🐰🎀  Власниця: @Sonya_is_qeencard"
sosnovskijchat,group,Сосновский Чат,119,Чат канала https://t.me/sosnovskij. Ручная модерация заявок на вступление. Если не добавил - пишите в ЛС.
soichi102,channel,Соичи кинни,47,С Саньком (не геи)  Разбирайте меня на цитаты
sodaandbloodxd,channel,౨ৎ ˖ ࣪⊹ •Антимония Соды🍓•⊹₊ ⋆୨ৎ,12,🍰⋆｡‧˚ʚТгк с рисуночками и прочей болтовнёй. • Личка Соды — @Soda_zz • Комишки не беру!!! • Я Джастин Бибер.ɞ˚‧｡⋆🍓
sandora_ua_bot,bot,Sandora,,"Соковитий привіт, друже! 👋🍊 Ти потрапив до офіційного чат-боту ТМ Sandora! 😊"
sosatin111,channel,SoSa,1,
nebootz,channel,Отзывы neboo💓,167,✨
fragariatalks,channel,пристань лотоса,89,it can’t rain all the time
leonidovabio,channel,bio леонидовой,25,
reviewsgensh,channel,отзывы/((@genshnarezki)),4,
pra1sak,channel,Price : angelsymbols,2,
enowii,channel,отзывы @ennowww,1,
pryfpiara,channel,пруфы пиара,,
pr1cesn,channel,Прайс сао,1,
hehefunbot,bot,he-he,,"Wait, what? Laugh to earn, really?   All memes in one mini-App. Make ""he-he"" and get reward, that’s so easy and fun 🐺"
nedvigimosti_krasnodar,channel,КУПЛЮ КРАСНОДАР СОЧИ НЕДВИЖИМОСТЬ ЗАЯВКА НА ПОКУПКУ,93,Администратор  @Aleksandr_A_B_D
pribilniy_biznes,group,Прибыльный Бизнес | Продать | Купить | Инвестиции,24,"✅ Эта площадка для инвесторов, продавцов и покупателей.🔥 💰 Здесь только действующий и прибыльный бизнес! ✅ Размещение бесплатное! ✅ Требования к объявлениям в закрепе: https://t.me/Pribilniy_biznes/57!  Для связи: https://t.me/Manager_CW"
comsalespb,channel,"Коммерческая СПБ, Бизнес-Ангел",20,Продажа Коммерческой недвижимости Санкт-Петербург
raizshort,channel,......,3,
vkriptev,channel,..,1,
opt_business,channel,Оптовое Размещение,3,Оптовые цены для наших постоянных клиентов.  Админы: @Evg_Drm @DmitriyBerskiy  Стандартный прайс: @MainBusiness_partner
businesscartel,channel,BUSINESS CARTEL,3,
technocommercialism,channel,TechnoCommercialism,,
gdevekbtalk,channel,gdevekbtalk,1,
pproekttg,channel,П-Проект,69,Производственные объекты. От мечты до ввода в эксплуатацию  🔻Промышленное проектирование  🔻Генеральный подряд  🔻Склады под ключ за 3 месяца  По всем вопросам: @pproekt_su  Сайт: pproekt.su
dzpr0d,channel,portfolio | @dzw0rk,16,"Монтажер, помогаю расти в соц сетях с помощью монтажа, пиши @dzw0rk"
montajsabz,channel,МОНТАЖ САБЗЕРИК,7,
grief4light,channel,Терапія горя | Канал курсу психотерапії,2,"Річна терапевтична програма, яка допоможе прийняти та пережити горе втрат.  Початок - 24/02/2024.  В основі курсу - групова терапія, з додаванням інших форматів: гостьові вебінари, арт-терапія, письмова терапія.  traumawar.com/grief4light"
chappfmarh,channel,архив chp,,
expert_sertifikacia,channel,С-Эксперт Сертификация Продукции,244,➔Помогаем оформить всю необходимую документацию для бизнеса!
ceocircus,channel,Директор цирка,441,"Меня зовут Роман Гущин — предприниматель из Сергиева Посада.   На этом канале буду делиться яркими моментами из моей жизни, объяснять основы предпринимательства и помогать избегать ошибок."
stc_sec,channel,stc-sec,18,Информационная безопасность. Системное администрирование. Вэб-разработка.  telegram: @stc_sec_main Сайт: https://stc-sec.ru
bizl_sbis,channel,Бизнес легко (СБИС),19,"СБИС - ЭКО СИСТЕМА ДЛЯ БИЗНЕСА ООО ""Бизнес легко"" сертифицированный партнер по внедрению системы СБИС ☎️ 8 800 222 80 94 📟 info@biz-l.ru 🌐 biz-l.ru"
msb_mo,channel,Малый и средний бизнес,202,"Экономика. Инвестиции. Бизнес.   Официальный канал о развитии и поддержке предпринимательства.  Здесь: 💰 субсидии 🏗 новые проекты 🛡 меры поддержки  ⚡️ решения, которые формируют будущее"
amir_maboy_crmp,channel,Amir Maboy,13,пем
msbpl_bot,bot,MSBPL_BOT,,Matalia Stock Broking Pvt Ltd
mtb_business_guide_bot,bot,MTB Business Guide,,Ваш віртуальний помічник ✨ у світі банківських продуктів та послуг 🌟 МТБ Банку 🏦
stocss,group,בורסה-מאניה,134,קבוצה לשוק ההון ארצות הברית. כל המניות המובאות כאן אינן להמלצה כל אחד צריך לעשות את המחקר של עצמו ולהשקיע באחריותו בלבד
jmgoofficial,channel,JMGO Russia Official,219,"Официальный канал бренда JMGO в России.  Создаем уникальные оптические технологии и развиваем культуру умного потребления.  Новости, лайфхаки, события, обзоры и конечно же все о проекторах JMGO — здесь.  Тех.поддержка https://t.me/chat_jmgo"
donghuafanbot,bot,DongHuaFan Bot,10485,Develope By @DongHuaFan
ftpdahua,channel,FTP DAHUA (Halowatt),855,🔹 Dahua uskunalari uchun eng so‘ngi proshivkalar va dasturlar bir joyda!  Tezkor qidirish @ftpssfasiabot  Texnik yordam va boshqa masalalar uchun: https://t.me/dahuatechuz  Barcha darsliklar shuyerda: @Dahua_Academy_uz
fuzukitoken,group,FUzuki Inu,311,
fufudynasty,channel,$FuFu Token Portal,339,$FuFu Token Portal Can't join? Contact @Crypto_Tiantian
astanaqulov_furqatbek,channel,FILMLAR,312,https://vizitka.leadgroup.uz/v/furqatbek  instagram: https://www.instagram.com/zubayrabdullox?igsh=ZDZsaHo4YTNnbHhk  Tiktok:  http://tiktok.com/@furqatbek_astanaqulov  youtube: https://www.youtube.com/@Zubayrabdullox_11
yuuyaent,channel,Fazbear's Raisonné,256,"This be ""Yuuya ENT""  Slash command required. ⇢Instagram: https://www.instagram.com/yuuya.ent ⇢Tumblr: https://www.tumblr.com/yuuya-ent ⇢YouTube: https://youtube.com/@yuent ⇢Cara: https://cara.app/yuent"
hdfandsubdl,channel,H-DONGHUA FS CLOUD,100,
fu888ao,channel,~*FUHAO*~,11,Добро пожаловать в официальный тг-канал по комиксу FUHAO!
fusotao,channel,Fusotao Official,57,Username on sell
futainuofficial,group,Futa Inu Public Chat,60,The Future is Futa. futa-inu.com
ulhaia_qi,channel,ULHAIA QI - Medicina China,22,"Ulhaia Qi es un canal creado para compartir conocimiento sobre salud y bienestar desde una perspectiva integral. Aquí abordamos temas como medicina tradicional china, acupuntura, fitoterapia, alimentación terapéutica, psicología y gestión emocional."
ria_jwll,channel,⊹˙• rіᥲ_ȷᥕᥣᥣ ∘˙⊹,897,— для заказа @xiste ☆  — вся важная информация в первом закрепе!!  ••••••••••••••••••••••••••••••••••••••••••••••••••••••••• — каталог украшений https://t.me/katalog_ria_jwll   — отзывы https://t.me/otzyv_ria_jwll
avtobankia,channel,Автобан-Киа,83,"Официальный дилер Kia в Екатеринбурге  🏆Самый титулованный дилер Kia в УрФО📍Ул. Металлургов, 67📞+7(343)237-70-00"
rsk_avto,channel,ВЫКУП | ПРОДАЖА АВТО | КАЗАНЬ РФ,443,"Выкуп-продажа авто в Татарстане и по России 🚗  ▪️на рынке с 2010 года ▪️1000+ довольных покупателей ▪️Солярис, Рио до 1 млн₽  Для связи: @rsk_avto16 Наши отзывы: https://t.me/+ahjlkwPzSi80ZjYy 📞 +7 (996) 337-74-20  Сайт: https://выкуплю-авто-казань.рф"
kbracenews,channel,K&B Racing,89,Автомобильный новостной ресурс. Актуальные события автоиндустрии и дорожного законодательства.  По сотрудничеству: @kbrace_media  Поддержи канал: https://t.me/boost?c=2648600588  Ссылка на сообщество: https://t.me/+i4PZboSGwEM0MmJi
rideauparis,channel,Rideau Paris Company,179,ريدو باريس للستائر والديكور . القاهرة  What's app 01027445563 فلسطين .  What's app 00970599404272
aurastarsshop,channel,𝘼𝙐𝙍𝘼 𝙎𝙃𝙊𝙋,210,the cheapest stars in the world🌏 by idk & hunky dm: @idk141 reviews and issue https://t.me/otziviaurashop141
abtocpeda,channel,АвтоСреда Информационное Агентство,103,Автоновости РФ
komed_press,channel,"ООО ""КОМЕД"" - ОБОРУДОВАНИЕ ДЛЯ ПРОИЗВОДСТВА РТИ",37,"Новости компании-производителя оборудования для производства РТИ ООО ""КОМЕД"" г. Волжский Волгоградской обл., обзоры, фото."
susteraru,channel,SUSTERA | Холодильные машины ❄️,41,Профессиональное холодильное оборудование для ритейла. С заботой об экологии 🌱 sustera.ru
strada_rf,channel,Strada Horeca,52,"Идеальное воздушное пространство в ресторане: 💎 Очистка от запаха и дыма 🧯 Искрогасители 🔥 Системы для открытого огня  Гастромодули для франшиз, сетей, фудкортов.  Только для профессионалов.  www.strada.ru  +7 (495) 108-41-55 info@strada.ru"
ladya_mebel,channel,МФ ЛАДЬЯ,8,Фабрика мебели Ладья
balahacitychat,group,Балашиха Сити Чат 💬,1680,По рекламе 👉 @pr_alexd 📩 Есть интересное 👉 @Balashikhacity_bot 📩  📌 Канал: @Balashikhacity 📌 Чат: @Balahacitychat 📌 ВКонтакте: vk.com/balashihagorod
balashiham,group,Балашиха Москва 🏨,91,"- Полезная информация  Балашиха Москва😉 - Рекламные ссылки, мат, оскорбления, спам, флуд, продажа ЗАПРЕЩЕНЫ! - 🌒 Ночной режим (чат не работает) с 00.00 до 10.00  - По вопросам рекламы @Pricelistazdo"
olesha_everyday_chat,group,Ультрачады чат,121,"Админ всегда прав. Запрещён шок-контент (порно, расчленёнка и тд.), реклама, доксинг, свастика, спам и прочее — Перманентный бан с возможностью подать апелляцию. Спорить можно, срачи разрешены (немножечко, чуть-чуть). За 🎯⚽️🎳🎰🎲🏀 мут на 1 час :)"
tanksblitzbonuschat,group,Tanks Blitz Chat,129,Правила чата: https://telegra.ph/Pravila-chata-07-16-74 Бан Лист: https://telegra.ph/Ban-List-07-16 Топ Лист: https://telegra.ph/Top-List-07-16
blockstrikenewschat,group,BS Новости | Chat 🏵️,107,👋 Приветствуюм тебя. 📢 Здесь ты можешь делиться своим мнением насчёт той или иной новости. 🚨 Перед началом общения ознакомся с правилами. 🤚По всем вопросам касательно мутов/банов пишите @kotexe 💀Любая ссылка в чате = бан от Ириса
volnatd,channel,Волна ТД,59,"volnatd.ru volnaspb@mail.ru  Санкт-Петербург, ул. Профессора Качалова д 11И, офис 303 — +7 (812) 331 90 71 (70, 63, 73, 79)  +7 (903) 098-77-62, +7 (903) 098-28-87, +7 (966) 920-16-18, +7 (964) 610-86-56"
blitznadzor,group,Blitz без границ,42,
hauzchati,group,True Squad,48,"Правила чата:  1) Реклама своих каналов, чатов - ban 2) Контент 18+ нельзя - ban 3) Срачи за политику - warn и ban 4) Свастику кинул в чат, бан получил)"
belysvet2000,channel,BELYSVET,37,Компания «Белый Свет» является ведущим российским производителем профессионального оборудования для аварийного освещения на рынке светотехники на территории РФ и стран СНГ.   www.belysvet.ru
uspishnavartaclub,group,«Успішна варта»: чат,14,
belshina_chat,group,Белшина для Жизни,30,Чат предприятия для координации забастовочного движения.   Правила чата: https://telegra.ph/Pravila-08-21-3  Обратная связь: @basta_infobot  Головной чат Страны для Жизни - здесь @strana_chat
brrrands_bot,bot,Защита IP: Солнцев и Партнеры,,Это бот юрфирмы «Солнцев и партнёры» @seplegal  Помогаем Вам разобраться в вопросах защиты интеллектуальных прав.
tanksblitz_support_bot,bot,Tanks Blitz Премиум Магазин | Lesta Поддержка,,
eda_kogda,channel,Кухня матушки Полины,361,"Канал жены священника  Меня зовут Полина Русина  ✔️ Просто живу в русле православия ✔️ Мама трех студентов ✔️ Учусь радоваться, чего и вам желаю   лично @ihteo"
komriba,channel,Комитет по рыбному хозяйству РД,250,Официальная страница Комитета по рыбному хозяйству Республики Дагестан
komaeda_hope,channel,архивность `` komaeda.,36,cr byygler канал принадлежит @DanganHope
abmproperty,channel,Abrham Property Consultant,142,Realstate and Homes 📞0923288359
lico_atopii,channel,#УАтопииЕстьЛицо,17803,Канал об атопическом дерматите для пациентов и родителей детей с этим заболеванием от французской дерматологической компании NAOS.  По вопросам сотрудничества: @ElenaSupichenko  Регистрация в Реестре РКН 7247352261
kbeautystore_tm,channel,KbeautyStore: новости и акции❤️,509,
apifitocosmetic,channel,Апи Фито Косметика,140,"Натуральный уход для сухой, чувствительной, проблемной и возрастной кожи Для лица, волос и тела  🎓 Формулы научных сотрудников биофака МГУ 🌿 Бережный уход без агрессивного воздействия 🚚 Бесплатная доставка ✍️ Заказать: @manager_afc 🌐 greenspectr.ru"
path_of_youth,channel,МЕМУАРЫ БУДУАРА,125,ТВОЙ ПРОВОДНИК К СИЯЮЩЕЙ КОЖЕ Непрерывно обучающийся косметолог - эстетист Ляна. Для обратной связи: @PathofyouthBot
instantlyageless_ru,channel,Instantly Ageless RU,129,Единственный официальный канал INSTANTLY AGELESS в России        🕸️https://instantlyageless.ru  Связь со мной  ✉️@instantly_ageless_ru  Мой персональный Instagram  😍https://www.instagram.com/life.zest?igsh=MTEycTQzMTR4bzB2bg==
pre_krasno,channel,ПРЕкрасно! Рецепты косметики и уход за собой💆,106,"Рецепты косметики и домашний уход за собой, натуральная косметика. Домашняя косметика, простые рецепты масок, кремов, сывороток для ухода за кожей и волосами. Сайт: prekrasn.ru"
estetista_by,channel,"Estetista.by | Косметика, уход за кожей",65,"https://estetista.by/  Профессиональная косметика с доставкой  Специальные предложения, акции, скидки  Все про уход за кожей  Консультация косметолога"
laboratoriyakrasoty,channel,Лаборатория красоты и вкуса Евгении Бодок,31,"Добро пожаловать в пространство красоты, вкуса и заботы о себе 🤍  Меня зовут Евгения. Я создаю крафтовую косметику и пеку торты — люблю вещи, сделанные вручную, с вниманием к деталям, качеству и людям. Для меня это про одно и то же: удовольствие и заботу."
antiagecodechannel,channel,Anti-age канал,41,"Anti-age канал повящен всему, что делает жизнь здоровее и длиннее. БАДы, спорт, похудение, новости биохакинга; личный опыт, без рекламы и рекоммендаций.                                               #ЗОЖ; #антиэйдж; #anti-age #биохакинг          #здоровье"
prostranstvogarmonia,channel,PROпространство,23,"Гармонизация пространства дома и тела пятью первоэлементами. Васту, астрология, кристаллы, свечи и ароматы 🌸"
noxygenmoscow,channel,NoxygenMoscow.ru - инновационный подход Anti-Age индустрии,28,🔬NoxygenMoscow.ru  📲ТГ-бот с ИИ @Raregoodsstoreappbot  📲ТГ-бот @Raregoodsstorebot  💊 YANDEX — https://market.yandex.ru/store--noxygen?businessId=65243945  🍓 WB — https://www.wildberries.ru/seller/3916726 (Noxygen)  📂 https://t.me/noxygenmoscowfeedback
musefoireyes,channel,MUSE (18+),717,Канал 18+ Нечего не пропагандирует за всё хорошее против всего плохого
evamyza,channel,"@evamyza Евгения Музаева ✨️Врач интегративной медицины, Энергокоуч✨️ Здоровье тела и души",282,К счастливой яркой жизни без болезней и плохого настроения 🌟 Услуги https://evamyza.pro
irl_mukuro,channel,РЕСТ ДНИ грешница инфокм,154,@nevermissyou шлюшка Мукуро
oreoprod,channel,♡ // « ꪮ᥅ꫀꪮ ? » //,228,продюсер который вытащит тебя из плохого состояния и поможет со всеми проблемами
grustnuykgusy,channel,Плакса,65,
marusyavseti,channel,Фотограф Маруся Машкова,257,"Сделаю вам отличную фотосессию, а еще посоветую спектакль!  Сайт: https://mashkova-foto.ru/ Инст: mashkova.foto VK: https://vk.com/mashkova.foto"
anna_boooks,channel,Читаю за вас,230,"Привет всем книголюбам! Здесь я расскажу вам о прочитанных книгах и посоветую интересные истории 🙌🏻  Подкаст - ""Читаю за вас""  Для связи - @rosttova"
krikri_magic,channel,Мᥲᴦᥙя 𐌺ρᥙ𐌺ρᥙ,201,"Кристина — таролог с ВО психолога в сфере отношений, самоанализа и личностного роста. Даю ответы на вопросы, которые вносят ясность и меняют жизнь.  Раскрываю внутреннюю Богиню и помогаю осознать, что истинное счастье рождается наедине с собой ❤️  📲 @ask_"
dilyaasww,channel,диляяя 🐈‍⬛ | PRO фриланс,128,связь — @dilyaasw 🎀
new_free_job_alert,channel,New free Job Alert,119,"Welcome to New Free Job Alert. Here you will find all types of genuine job related information. #Latestgovtjob #govtjob #govtjobupdate Website:- newfreejobalert.in  ""Beware Of Fake Jobs Specially Those Who Are Asking For Money. We Are Not Responsible For"
ludydigital,channel,Люди в Digital,98,Актуальна інформація про роботу у сфері IT та Digital. Надіслати резюме/вакансію: @gauchomaxim
plantmarket_russia,channel,PlantMarket,3784,Оптовые продажи растений для профессионалов.  Сайт: plantmarket.ru Мы в ВК: vk.com/plantmarket Блог в Дзен: dzen.ru/plantmarket Канал в MAX: https://max.ru/join/5NK1tq81iHv6Abq1aFPmlaAFazo3sgMfCYIOHY3g-kM   Поддержать канал: https://t.me/plantmarket_russi
rmp_spb,channel,Росмолодёжь.Предпринимай | Санкт-Петербург,304,Официальный канал Сообщества молодых предпринимателей в Санкт-Петербурге  Региональный представитель @elinacm
russianmarketer,channel,Соблазнительный маркетинг Михаила Жукова,357,"Канал Михаила Жукова про маркетинг, секс, отношения, семью, детей и медийность с личным брендом  Личный сайт zhukovmg.ru, моя конфа  pornconf.ru и связь со мной @zhukov_mg"
cultmarketing,channel,Культура не продается?,610,"Канал о маркетинге в сфере культуры - с примерами из жизни обычных учреждений, понятно  и бюджетно.   Telegram: t.me/cultmarketing  ВКонтакте: vk.com/cultmarketing24 Одноклассники: ok.ru/group/cultmarketing2024 Дзен dzen.ru/cultmarketing"
krepchai37,channel,крпчй,6205,"я полярник простой: когда на южном, то по десять постов в день выкладываю, а когда на северном — дай бог единичку."
sady_beauty,channel,"Мастера красоты | Яблоневые сады, Московский квартал",685,Для размещения записи опубликуйте её здесь: vk.com/sady_beauty  Канал в Max: vk.cc/cVtNfs  Дублирование объявления мастера/салона не чаще одного раза в десять дней. Только объявления мастеров нашего района
ntcbio,channel,"Научно-технический центр ""БИО""",444,"♻️Биоудобрения, кормовые добавки, сорбенты, консерванты 🔐Десять патентов РФ 🏭22 года на рынке 🚛Доставка по всей России"
thero_underscore,channel,Тэро,432,"Питерско-московский душнила. Выясняю, можно ли научиться рисовать, если тебя выгнали из художественной школы десять лет назад.   https://ficbook.net/authors/2475131"
lapkamewop,channel,"Лëсь, ты чтоль?",101,
lublulapshuu,channel,лапшичная,64,
ulsovnews,channel,Над Ульяновском вечер ласковый,158,"Генеалогический поиск своими руками, не выходя из дома. Жизнь советского Ульяновска в газетных заметках по материалам электронной библиотеки Дворца книги. Обратная связь - @alexfisherson"
lunatic_iskrennost,channel,т.о. искренность 🥀,136,"Ласковый и нежный шум лунатик машин, розовых оттенков и с берегов Волги 📼  💽 Bandlink: https://band.link/WLFg0 🔮 ЛС: https://t.me/defined_core  Поддержать: 💳Карта: 2200 3005 8485 4994  💳СБП (Райф): 89171660026"
l_xaso_l,channel,Приют Хаски,72,Среднее статистический ламинат пытается вас заинтересовать
starrymilky,channel,♡ ꒰ა лавандочка ໒꒱ ♡,76,⋆♡˚🪐 ⋆ ₊˚☁️♡⋆
lohmatiyoskar,channel,Лохматый оскар,111,"Международная премия «Мой ласковый и нужный зверь» Цель премии - выразить дань признания героям из числа братьев наших меньших, совершивших достойные уважения поступки или поднявших важные актуальные проблемы. https://dobrovserdce.ru/ru/#uchastie"
lotyasaa,channel,吐い(spew chan)🐱,75,
leeestayfeli,channel,meow room,49,будни бедного картонщика и многа ликса
laskovomay_cf,channel,ласковый май confession,44,@laskovomay_bot тейки. писать
austeremuffin4ever6teen,channel,музыка аустеремафиновской души,35,"★С ВИДУ КРАСИВ, УВЫ НЕ ПЛЕЙ БОЙ. ЛАСКОВЫЙ, НЕЖНЫЙ, СИДЕЛ ЗА РАЗБОЙ★"
liana1xxwcue,channel,скачайте пабг,36,
jsvxosbxkva,channel,люсид наплодил детей 😳,9,я супер гигантский супер фурри @rubykiss1 - основной тгк @rubykiss1_memes - мемы
alansgf,channel,lvasttry,18,
iosifmarialorka,channel,ласковый и нежный зверь,29,Иосиф Мария Лорка 🩶 Катерина пишет тут: @adyton
ant1slam,channel,ANTIISLAM 1.0 [ПЕРЕЕХАЛИ],209,Канал поднимает проблемы исламизации и миграционного кризиса в России и мире @PredlozhkaAntiIs_Bot - наша предложка
riemont,channel,Школа ремонта (переход),114,
salon_director,channel,salon_director,30,"Мы переехали, подпишись: https://t.me/+s_tbO5FkWJ9hZDg1"
lumiggoi,channel,ПЕРЕЕЗД!!!! 🎊ᕈ᥉γꤍꤖ꤀||𐌱ꤌꤐγ🎄,27,"OI GROUP      PSYCHO BABY ———————————— От6(пока Рами в ресте)  Набор на рору и ахен,так же временную участницу чикиту!  Оставайтесь с нами,и поймете что такое талант;)"
akademnen,channel,Перенаправление,7,
regenerativeculture,channel,Regenerative Culture,326,"Creating the best world with regenerative culture stories, wisdom, workshops, programs, courses, retreats, communities, ecovillages. www.regenerativeculture.life"
balancewithalice,channel,Баланс с Алисой⚖️,565,гормоны • акне • спкя делюсь опытом восстановления без фанатизма и стресса
degenerativechatru,group,degenerative chat | ru,580,дружелюбная экосистема для людей с особенностями   🧠 https://t.me/degenerativespacebot  Наши соцсети: https://degenerative.space/ https://t.me/degenerativespace https://x.com/degespace  EN chat - @degenerativechat RU chat - @degenerativechatru
cosmocrocus,channel,"Косметолог ЖК Губернский,Адмиралтейский бульвар",317,Написать мне можно сюда @NatalyaShi
agroproductoresecologicos,channel,PARTNER CEG Canal,476,Una mejor agricultura y ganadería es posible trabajando juntos! Conéctate con nuestra red de agricultores y ganaderos ecológicos y/o regenerativos usando los links e información de este canal.
live4generation,channel,Live for Generation Organization (L4G),387,"Better #Attitude, Better #Life 👇Our Project👇 🕴Leadership  🗣 Advocacy  ?‍🏃‍♀️Youth and Women Empowerment  🛠Entrepreneurship  🧠Health  📚Voluntarism  and others ☎️+25118845656 📨 20050. Arada, A.A"
alena_mehner,channel,Alena Mehner - Heilung durch Selbsterkenntnis,247,"Informationen und Austausch zu Medialität, Bewusstsein, Heilung für Körper, Geist und Seele und die LIEBE"
travelwithtakhi,group,Travel with Takhi 🐴,270,regenerative travellers with www.takhi.co
medbedslitsmedicaux,channel,MED BEDS - LITS MÉDICAUX,2122,
medclinnews,channel,MEDCLINNews,196,
ca0000,channel,东南亚新闻【吃瓜头条】🍉,116457,#缅甸 #柬埔寨 #菲律宾 #迪拜 #东南亚 #老挝 #阿富汗 #阿联酋 #马来西亚 东南亚大事件悬赏-曝光（吃瓜）   专注于揭露事实，曝光真相！ ☎️ 投稿爆料:  @jjj91 📮 商务合作:  @jjj91  悬赏吃瓜： @XPPPP 海外曝光： @Vhhhh  🚀联盟导航： @LYYYY  本频道只负责相关发布信息，真假自行甄别
hisclaimed,channel,His,648,"🌶Уважаемый @durov , у нас нет сексуального содержания и тд Мы полностью соблюдали правила телеграма Есть те кто не хочет чтобы мы прогрессировали и ревниво сообщают что канал нужно фильтровать ‌  ‌‌  Guardian channel: @underHisCock"
idawnlightc,channel,emit Light();,575,"> Dear betrayer, have you claimed the gold you were promised? > 亲爱的背叛者，你受赐黄金了吗？  本频道中的内容仅代表发布者所扮演的黎明余光的个人观点，与频道所有者 @idawnlight 本人无关。"
rahvaaaaaa,channel,رَهْـــــــوا.,375,مجبورین که از عکسا خوشتون بیاد ، باتشکر 🫂 دزدی از عکسا ؟! راضی نیستم .     حرفی سخنی 🫴t.me/HidenChat_Bot?start=6936647545
unclaimedsol,channel,Unclaimed SOL,285,Official Telegram Channel of the Leading SOL Claim Tool
clinic_imed,channel,ЦИФРОВАЯ СТОМАТОЛОГИЯ imed в Бутово🌱,176,▪️Новейшее высокотехнологичное оборудование ▪️Высококвалифицированный персонал ▪️Доступные цены. Наши цены ниже на 27% средних цен по Москве ▪️Беспроцентная рассрочка на лечение ▪️Скидки для постоянных пациентов
maedehkakavand,channel,منِ وجود!,134,مجموعه ای از هیچ
vitrendproduction,channel,VITREND,248,"Ты на канале VITREND. Мы создаем видео, графику/AI и интерактивные проекты для бизнеса. Более 400 кейсов за 12 лет. 10 наград АКМР, RuPoR, Intercomm. Здесь делимся кейсами и жизнью продакшена VITREND  Связь +7(931)357-87-67 Сайт VITREND.pro"
zagaradilimone,channel,zagara di Vanessa Limone • Oli Essenziali,374,"Canale con scopo divulgativo di informazioni sugli Oli Essenziali doTERRA. Inviti ad eventi, corsi e webinar.  Per info: https://t.me/VanessaLimone 3297141146  Uleiuri esentiale, الزيوت الأساسية , olejki eteryczne, эфирные масла"
vulterra,channel,Vulterra | News Anime 🍥,416,"🗞 Notizie, Curiosità e tanto altro sul mondo degli Anime, dei Manga e non solo!  ⛩ Seguici sul nostro sito web: vulterra.it  🎌 Se vuoi conoscere altri appassionati, entra nel nostro gruppo: @vulterracommunity  👑 Owner: @Lires7 @giovymiglio"
manipuraspace,channel,TERRA OM.shop,202,"Terra Om (ex MANIPURA) атмосферный магазин украшений, hand made, подарков, камней, даров природы Грузии. А ещё - микродозинга, грузинского чая и керамики. Сделано с любовью - руками. Batumi, Kostava 25. Открыты 12 - 21ч  По вопросам сотрудничества @terrao"
vera_cheremuha_oils_for_wellness,channel,Вера Черёмухина | эфирные масла и всё такое,215,"На этом канале идём к здоровью, бодрости и хорошему настроению 🤗 Ура!! 🎉   Тут полезно, интересно и выгодно! Написать лично @vera_cheremuha"
bio_technology_ug,channel,БиоТехнология 🌿,104,БиоТехнология — биологическая защита растений 🌿  Собственное производство полезных насекомых и биологических средств защиты растений.   На рынке уже более 15 лет.  📞 +7 (918) 475-24-71 🌐 www.b-technology.pro
youterra_new,channel,YouTerra,33,Свежие новости бренда живой ресурсной ресурсной косметики
regionterra,group,Развитие регионов Терра,170,Всем привет 👋👋👋  Эта группа волонтеров Терры.  Здесь мы помогаем развивать Терру в России и во всем мире 🌍  ▪️Основной чат TERRA: t.me/+OtzePNJI-k05Yjgy ▪️Регионы: @terra_region_bot  ✅ Попросить помощь: @terrafeedbackbot (бот с живой поддержкой)
primaterra_cosmetics,channel,PRIMATERRA cosmetics,32,Производственно-торговая компания с собственной лабораторией  -дерматологические средства индивидуальной защиты  -контрактное производство  -косметика для пациентов Primaterra Care  и специалистов Primaterra Special  www.primaterra.ru Info@primaterra.ru
deutschelobbychat,group,CHAT PREUSSENKURIER - Unabhängig & Überparteilich! Deutsche Lobby Freunde Chat & mehr... ❌ Top20Radio Unterstützer💓,373,"https://t.me/preussenkurier  Top20Radio - Stream : http://server8.blitz-stream.de:9100/  Top20Radio Club - Stream : http://server8.blitz-stream.de:9150/  LADET PATRIOTEN  ZUM SEHEN, HÖREN, LESEN UND VERSTEHEN HIERHER EIN💓  Der Chat ist öffentlich❗️"
rddsachsen,channel,РДД Саксонии,329,Наш сайт: https://rdd-sachsen.de/main/ Наша почта: vorstand@rdd-sachsen.de и ekaterina.beliankina@rdd-sachsen.de Поддержать нас: Kontoinhaber: Russischsprachige Demokrat:innen e.V. IBAN: DE 9185 0503 0002 2132 2396 BIC: OSDDDE81XXX
deutsch_schmackhaft,channel,Deutsch schmackhaft,309,"Привет, здесь немецкий язык, изучение, интерес, увлечение! :)"
weiterdenken_marburg,channel,Weiterdenken-Marburg,420,"Dies ist der öffentliche Kanal von Weiterdenken-Marburg.de. Hier informieren wir über geplante Aktionen, Homepage-Updates und wichtige aktuelle Entwicklungen.  Unkommentierte Weiterleitungen heißen nicht, dass wir die Meinung des jeweiligen Posts teilen."
sb_chat1,group,Schenker-Chat - radikal offen,147,"Breitester chronologischer Strom unserer SB-Kommunikation -- offen für alle, auch fremde oder schwierige Besucher, 'als stünde man virtuell (u solidarisch?) dabei in einem unserer (HdG-)Projekte'. Mehr: www.global-love.eu"
preussenkurier,channel,PREUSSEN KURIER - UNABHÄNGIG UND ÜBERPARTEILICH ! - SATIRE KANAL / GRUPPE / CHAT !!! - HIER IST ALLES : SATIRE !!! Satire-Cloud©,74,"https://t.me/preussenchat  https://t.me/deutschelobbychat  Top20Radio - Stream : http://server8.blitz-stream.de:9100/  Top20Radio Club - Stream : http://server8.blitz-stream.de:9150/  LADET PATRIOTEN  ZUM SEHEN, HÖREN, LESEN, DISKUTIEREN EIN 💓"
strategiclaboratory,channel,Strategic Laboratory,31,Politics & Economics | Think Tank | Blog
rodowesta,channel,RODOWESTA - AHNENWEISHEIT,3411,"Weitergabe des urslawischen ROD-Wissens, System der 27 Bereginjas, Rodowesta - Überbringerin der heilenden Botschaft, Ahnenmatrix.  www.freieschoepfung.at"
derwegdeswissens,channel,"Tagesbotschaften ""Weg des Wissens""",121,"""Der Himmel ist über die ganze Oberfläche der Erde verteilt, doch wir sehen ihn nicht."" Wenn du dich danach sehnst, den Himmel auf Erden zu sehen, dann können dich die täglichen Zitate aus dem ""Weg des Wissen"" vielleicht dabei unterstützen."
kcevablar,channel,TÜRKÇE (Aişaxon)🇹🇷,469,KANALDA TURK TILIGA OID BÖLGAN BARÇA NARSALAR TOPASIZ  Öqituvçi:@A1shakhan
was_die_welt_wissen_sollte,channel,Was die Welt wissen sollte,529,"Fakten, was die Welt wissen sollte. 2.0,3.0 und 4.0. Wir werden bis 100.0 gehen, solange bis wir den letzten Weißen Kittel an den Galgen gebracht haben.   paypal.me/XsafeXourXchildrenX"
wissspqs,channel,wissspq🗽,203,камбек
wir_wissen,channel,𐂂 𝔑𝔦𝔤𝔥𝔱𝔪𝔞𝔯𝔢𝔰 𝔠𝔬𝔪𝔢 𝔱𝔯𝔲𝔢 𐂂 18+,17,𐂂 Олень сидит в своей обители и что-то рисует 𐂂 ● Мать/ бать всея рогатых ● ◦ Правила данной обители: deerrules.carrd.co
mopoco_podcast,channel,"Mono, Poly & Co",190,🎙️ Dein Wissens-Podcast rund um Beziehungsgestaltung  🗣️ Diskussionsgruppe für Wünsche und Fragen: https://t.me/+qHqB5VYoQSw2NzYy
rauhnaechtemitams,channel,Rauhnächte mit Anne-Mareike,181,"Willkommen im Rauhnächte-Kanal mit Anne-Mareike! Ich bin Expertin für Mythen, Rituale & schamanisches Wissen- Hüterin alten Wissens. Tauche ein in die geheimnisvollen Nächte und finde Klarheit & Kraft für das neue Jahr!"
gewissensbisse,channel,Gewissensbisse -Wir retten Lebensmittel,106,Gewissensbisse Lengenfeld Alte Baumechanik 8 08485 Lengenfeld  Neue Öffnungszeiten! Montag: 10-15 Uhr Dienstag: 10 - 15 Uhr Mittwoch: 10-17 Uhr Donnerstag: 10-17 Uhr Freitag: 10-15 Uhr Samstag: Geschlossen
wisselia,channel,wisselia,33,
wissenwaslosist2,channel,Wissen was los ist,43,
wwwellagency,channel,вэлл | wwwell.agency,514,"мы умеем всё и любим, когда это «всё» нам делегируют: смм, стратегии, съемки, продвижение, реклама, сайты   связаться с нами: @MissKlimenka"
chbb_fans_love,channel,дом вэлл🐈‍⬛,339,чатик: https://t.me/chbb_fans фан Кэсси & Блейна 💗 18+ присутствует ненормативная лексика 🎯 - 400 пд
vellstray,channel,Вэлл тут🧚‍♀,260,"Вэлл Стэй, фан Чанбина и просто прекрасный человек Анон: @Velltalk_bot"
robotvall,channel,Robot Vall | Робот Вэлл | Валерий Черновский,328,По сотрудничеству звонить и писать +79215893772   https://vk.com/valera_chernovsky  https://youtube.com/@robotvall1986  https://www.tiktok.com/@robotvallnew  https://l.likee.video/p/ZcfjEA  https://www.facebook.com/RobotVall?mibextid=L
c4rolsk1d,channel,виолк🐈‍⬛ (№1 кэрол эдитор),103,"вся информация в закрепе🫶🏻  Упал-вставай, встал-упай, упай-чокопай. Не суди, не гуди, не будай вада-буди, дабуди, дабудай."
vramchhik,channel,vramchik,85,мой единственный канал.леллелеле 🥰🥰🥰БОЖЕ ХРАНИ VRAMCHIK❤️❤️❤️НАШ СЛОНЯРА VRAMCHIK 💪💪☝️РЕСПЕКТ VRAMCHIK 👍 ВЭЛЛ ВЭЛЛ ВЭЛЛ💪VRAMCHIK КЛАССИК😎💀💀💀
podvalmilarpoliqlyu,channel,подвал ::MilsrPolia•#лю,103,"•\ йоу!! фан Милса [::Milsrpolia•#лю] (про меня в инфо)  ———————————— милс х19 +подписка,2 кома,1репост вэлл х2 ностя х1 +ком дима х1 ком тейлор фантазия х3 +подписка яна хМнога +подписка светаЯ х1 +подписка"
vitragnie,channel,Винтажная Бабайка,54,"Валентина, Витраж и Вэлл (ситуативно дан)"
turoniya,channel,Turoniy,282,"Siyosat, urush, huquq va tahlillar.  Siyosatshunos | Huquqshunos."
meme_throne,channel,Meme Throne,31,Chat - https://t.me/+CgaRgc70fVMxNzI6  Mini app - @memethrone_bot Ca: EQD_js-9a2PZpgynIxI_gQsjBUvCJ7XT4xc3-OQpoaFaz1tl
drun_ton,channel,Темный Друн $ДРУН,55,
tronraiderofficial,group,TRONRaider,38,
sunvankong,channel,SunVanKong Portal SuperNarrative on Tron Chain,21,Portal of SunVanKong $SVG
worldlibertytron,channel,WORLD LIBERTY FINANCIAL $TRONFi,15,
tronkeyportal,channel,tronkeyportal,2,
tronmineappbot,bot,TronMin App,,
tronclickbot,bot,TRX Click Bot,,Earn TRX by doing simple tasks in Telegram.
buyenergytronsave_bot,bot,Buy - Sell - Exchange Energy TRON | TronSave,,Buy - Rent and Sell Energy Service on Tron.Best price Tron Energy Exchange. https://t.me/tronsaveofficial
xiunvanniubot,bot,广告按钮,,
hanzmainchanell,channel,Stocks / palaro ni Hanz °,374,
hant4rr,channel,ℍ𝕒𝕚𝕫𝕖🍵⸝⸝,594,лс: @to1ite анон: @hayzeanon_bot щп канал: https://t.me/hayzescp цель 600 подписчиков.
hanzo_ai,channel,Hanzo AI Platform,304,Top world AI Platform
haindart,channel,Haind Art 18+,100,Здесь любят гномов и дворфов Х)
informasibotcoinhanzpiw,channel,𝗦𝗘𝗣𝗨𝗧𝗔𝗥 𝗜𝗡𝗙𝗢𝗥𝗠𝗔𝗧𝗜𝗢𝗡 𝗕𝗢𝗧 𝗖𝗢𝗜𝗡 𝗛𝗔𝗡𝗭𝗣𝗜𝗪,94,ADA KENDALA? PV OWNER @hanzpiwofc
truehurtnjz,channel,Hurt 🤍,27,
hadichain,group,HADI,3,
quaintz,channel,ㅤㅤ 🧷🗞ㅤㅤ,1,"ㅤㅤ ㅤㅤ ㅤㅤ(★) 🇬🇧 ㅤ London Bridge — say cheese  ㅤ stay calm, same city glow"
afdfraktionaugsburg,channel,AfD-Stadtratsfraktion Augsburg,193,Informationen und News rund um die AfD-Stadtratsfraktion Augsburg
uwg_bergneustadt,channel,UWG Bergneustadt,33,Informationen von der UWG Bergneustadt (Unabhängige Wählergemeinschaft Bergneustadt) - www.uwg-bergneustadt.de
schlagerroku,channel,Шляґер року 🎙️🎥,76,Музичні історії звідусіль.  Про поп культуру  Правила:  1. Трохи матюків та єресі. 3. російська мова заборонена
seligersitijk,channel,ЖК Селигер Сити,43,"Информационный канал ЖК Селигер Сити - Дегунино Западное - важные новости о жизни в ЖК, простые и полезные советы по подбору предметов обустройства и ремонта квартиры.   Размещение в какнале - @dom_vesna Реклама и сотрудничество - @vhodvdom"
altepostwiz,group,Alte Post,53,Ein Generationsübergreifendes Wohnprojekt in Witzenhausen. Erfahre mehr: https://wohnwiz.de/interne-links
schulzefilgesimmobilien,channel,Schulze & Filges Immobilien,8,
yaroslavakomissarova,channel,имѧрекъ,81,нелинейная хроника + энвайронмент   @komissarovaslava  Ярослава Комиссарова
promvolonter52,channel,Школа медиаволонтеров при нижегородском минпроме,57,Школа медиаволонтеров при нижегородском минпроме
caba_52,channel,【C】【A】.【B】【A】,83,СА.ВА🦉- студия детейлинга в Нижнем Новгороде.  Оказываем множество услуг для эстетики вашего авто 🚘  Свяжись с нами:   Телеграмм  @CABA_NN   WhatsApp https://wa.me/+79993935252  ВК https://vk.com/ca.va_52  По телефону  89993935252
rueliix,channel,ྀ q.twerie,1233,
coindar_ru,channel,Coindar на русском,3570,Официальный канал coindar.org/ru  🔗 Контакты и экосистема: https://t.me/linkforkbot/link?startapp=coindar_ru  🏷 Скидки на комиссии: https://t.me/linkforkbot/link?startapp=discountsru
trymiss_ru,channel,трумис ру,3018,Для рекламы и сотрудничества: @iceicedeli  Чат: https://t.me/+Q2urT602bcEzOWZi  Оффициальные соц-сети: Telegram: t.me/trymiss_official YouTube: youtube.com/@trymiss_official Discord: discord.gg/AAavZJ9swW QQ: pd.qq.com/s/7pumtp3w4
ann_rue,channel,Ann Rue🌪,69,"Канал о моей авторской музыке, о творчестве.  Меня зовут Анна Бадыгова, я музыкант, звукорежиссёр и саунд дизайнер.  Профиль в Instagram -  https://www.instagram.com/annabadygova  Почта badygova@gmail.com  Личные сообщения в тг -  @AnnaBadygova"
chat_znakomstv_3952,group,Чат знакомств Иркутск,59,Онлайн чат знакомств Иркутск. Только анкеты: https://t.me/znakomstva_3952 Добавить анкету: https://clck.ru/35LRL5 Реклама: https://clck.ru/hcUSm Админ: @semen921
maik_1952,channel,Чернобыльская бабочка,49,Цветочки
papervibeslair,channel,корпус инструмента 🦄,329,"Трейды беру, но не всегда Коммишки пока закрыты  Личка - @FiblBeems Тумба https://www.tumblr.com/tautiliki?source=share"
metaebanchik,channel,metaeban,124,бубубебебээ
gangstrixxx,channel,Telegramstrix,157,Hella Hood 😤
sleep_to_live,channel,#కꪶꫀꫀᩏᡶꪮꪶỉꪜꫀ,33,purple kiss on the bloody top дебют 21.04.2024 иуль - https://t.me/borntobethursdayschild эбби - https://t.me/Ebbyhour
timotheus7,channel,Timotheus,31,Ein Leuchtfeuer  aus einer anderen Welt. Hier für die Wahrheit ✨  Freiwilliger und bedingungsloser Energieausgleich 🌊💚 Timo Ernst IBAN: BE10 9675 8377 8904 BIC: TRWIBEB1XXX  paypal.me/timotheus777  Danke euch🙏🏻
beesh1ve,channel,! . ᡴꪫ 𝗕𝗲𝗲’𝘀 𝗵𝗶𝘃𝗲 命,27,
herzundhirntv,channel,herzundhirn.tv,12,"Ausschließlich positive Informationen. Unterstütze unsere gemeinnützige TV Kanal Arbeit.  AFAL - Akademie für angewandte Lebenskunst"" (www.afal.at): Bankname: WISE (Onlinebank) Kontoinhaber: AFAL BIC TRWIBEB1XXX IBAN BE97 9672 6477 9549 Betreff: herzundhi"
mopcko1_sl1zehb,channel,𝓑з гс ч𖹭т ⸝⸝,4,
horz0,channel,!,2,
life_is_996,channel,996 News,100,"Новости о технологиях, трендах и медиа."
priroda_core_6965,channel,🌿{ᥒρυρ𐔖ⲇᥲ ᦔᥲιᥣ𐔤}🦋,32,
mimfreiheit,channel,Mim’s - VLog,591,Offizieller Kanal von Mim’s-VLog https://linktr.ee/mimsvlog
aufwachenindermatrix,channel,Aufwachen in der Matrix,681,"Die Inhalte auf diesem Kanal unterliegen meiner Meinungsfreiheit und erheben nicht den Anspruch im vollen Umfang der Wahrheit zu entsprechen. Für mich gibt es keine absolute Wahrheit. Wahrheit ist für mich breit gefächert, tiefgehend und mehrdimensional."
romankuffert,channel,Roman Kuffert AfD Volksvertreter,186,"Meinungsfreiheit, Recht, Heimat, Deutschland!"
martin_muench_cultura_libertad,channel,"Martin Münch - musica, cultura y libertad",89,"Deutsche und spanische Nachrichten: Musik, Kultur, Lebensphilosophie und Bewahrung einer freiheitlich-säkularen Gesellschaft. Noticias alemanas y españolas: música,  cultura, filosofía de la vida y preservación de una sociedad secular y liberal."
quixotesca,channel,دُن کیشوت,27,بازگشتم زانچه گفتم زانکه نیست در سخن معنی و در معنی سخن.   جهت بحث و نقد http://t.me/HidenChat_Bot?start=1146371543
fedorov_bay_tos,channel,"ТОС ""Бухта Фёдорова""",129,"ТОС ""Бухта Фёдорова"". Краткое описание:  https://telegra.ph/TOS-Buhta-Fyodorova-gVladivostoka-07-27  Объявления, статьи, документация, опросы. Обсуждение ведется в группе https://t.me/tos_fedorov_bay_feedback   Ссылка на материалы обязательна."
fusa_zov_ru,channel,Fusa_Osint_ZOV,294,
secops_in_birch_forest,channel,SecOps среди берёз,57,
bitsend,group,BitSend,21,This chat is about BitSend (BSD)
bebebe6,channel,Лосяш рисует,14,Nikitos.png
bitsend_cc,group,BitSend BSD [MAIN],23,Official BitSend BSD Telegram Community  https://www.bitsend.cc
kennethfolk,channel,Кеннет Фолк,161,"Техно-арт-проект о просветлении для каждого.  Коллективный разум растущий из живого Кеннета Фолка, сообщества @syntony_collective, человека-оркестратора со вкусом, любопытных читателей и Claude Opus 4.6 соединяющего всех со всеми.  Бодхисаттва-ки-борг."
xmennen,channel,⨷ ๑x men confession,139,бот- @xmeeennn_bot юз админа- @miramiumiumiu
cgrahden,channel,Christus Gemeinde Rahden,260,Gott kennen - furchtlos leben - Unterschied machen
formen_und_gestalten,channel,Formen_und_gestalten~ Rorimana🔮🪩🖌✂️📒💠🦋♦️,202,"Mache dich selber glücklich und frei! Male ,zeichne, schreibe und kreire nach deiner Art & Weise.- Lebe und entwickle deine Spiritualität.--- Schreibe  deine erlebten und erdachten Geschichten und erlebe dein -so- S E I N ! Ich lade dich dazu ein."
subversivkonstruktiv,channel,SubKon - Michael Bubendorf,2840,Subversiv-Konstruktiv die Zukunft gestalten
gramat_design,channel,Gramat,88,"Современные общественные пространства для людей - школы, детские сады, коворкинги, библиотечные комплексы.  ТЕХНОЛОГИИ • ТРЕНДЫ • ДИЗАЙН   gramat.ru ∙ gramatstudio.ru  Сотрудничество: @madlen_alright"
orggestalt,channel,ORG-GESTALT.UKRAINE🇺🇦,619,Простір для світо-со-творіння
gestalt_ne_zakryt,channel,ГЕШТАЛЬТ НЕ ЗАКРЫТ-психолог,480,"Психолог,Гештальт терапевт, Сексолог.Ютуб https://youtube.com/@GESTALT_NE_ZAKRYT?si=nsLExGBQwrpbC-23 Про терапию: https://taplink.cc/gestalt_ne_zakryt_alysheva"
anarchocode,channel,www.Anarcho-Code.com,8420,💪🏻 SCHMERZFREI ohne LÜGEN 💪🏻  ⬇️ELITE-Training⬇️  🚀 Ergebnisse mit SYSTEM für PROFIS   Therapie-Training-Medical  💯 100% Ergebnisse  🎯 100% Umsetzbarkeit 🙅🏻‍♂️ 100% OHNE SPORT  www.Anarcho-Code.com
wikihausen,channel,Wikipedia - Aktuelle Lügen und Falscheinträge der ideologisch-imperialistisch gefärbten Enzyklopädie,594,"Seriöses Wissen kann nur gebildet werden, wenn dieses neutral und wertfrei vermittelt wird. ""Lügipedia"" ist das Gegenteil davon und daher in einigen souveränen Staaten bereits vom Netz genommen.  Offiziell @geschichten_aus_wikihausen  Wikihausen.de"
lern_lust,channel,LERN - LUST,243,"🟥 SCHÜLER, ELTERN, GUTE LEHRER  finden hier IMPULSE, eine  ** NEUE SCHULE ** mitzugestalten"
leereratten,channel,= * Leere Ratten * =,148,"Не знаю как долго будет жить этот канал, но пока мы заинтересованы в данном деле то буду выкладывать фотки общего косплея с друзьями. Если хотите выложиться тут пишите, а мы с радостью поделимся"
lerssssssllll,channel,лерка,134,
realengotv1,channel,Realengo TV,60763,Imagens fortes 🎥
ryolen_art,channel,ЛЕН/LEN,174,Hi!!! Рисуем и тут тоже👌
royreale,channel,Roy Reale,1547,
ravensroster,channel,𝑹𝑨𝑽𝑬𝑵𝑺,204,𝑶𝒘𝒏𝒆𝒓: @thereisVilo 𝑪𝒐𝒏𝒕𝒂𝒄𝒕: @RipNYZ
agoatwithoutahat,channel,Лиса без трусов (и шляпы) +18,4645,Ничего не спрашивайте про шляпу.
sehenohneaugen,group,Sehen ohne Augen,828,Willkommen im offiziellen Sehen ohne Augen Telegram Kanal.  ✓ Exklusive Informationen von Sehen ohne Augen Gründer Axel & Evelyn ✓ Direkt Kontakt via kontakt@sehen-ohne-augen.de
faramonster,channel,Твой злой тренер-Фара😈,164,"Тренирую  и мучаю, но даю всегда результат 😈😈"
mansarda_mit_fenster_zu_mizrakh,channel,мансарда с окнами на восток,298,"Es gibt den Tot, also gibt es die Hoffnung. @evgenia_lieberman"
hewieheilung,channel,He wie Heilung - Das alte Wissen und der Sinn des Lebens,275,"Die He als fünfter urhebr. Buchstabe steht für das Fenster, das Licht aus einer anderen Welt einlässt. Erkenne das Geheimnis, die Botschaften darin an und der Sinn des Lebens enthüllt sich Dir!"
fefadumpster,channel,Fefa's dumpster,99,
planetaokonpro,channel,Планета Окон | Комфорт начинается здесь,63,"Дарим комфорт и уют более 20 лет Производим и устанавливаем: • Остекление коттеджей • Остекление беседок, веранд и террас • Остекление и отделка балконов и лоджий   Ютуб — https://www.youtube.com/@planetaokonpro ВК — https://vk.com/planetaokonpro"
veseliybalkonschik,channel,"""Веселый Балконщик""",53,"Балконы и лоджии, окна и ремонт окон в Уфе ● Вагапов Тимур - @vagap86 ● Телефоны: 8(347)298-44-77,  8(963)136-44-77 ● г. Уфа, ул. Шота Руставели 49 ● Сайт - https://veseliybalkonschik.ru/  ● ВК - https://vk.com/veseliybalkonschik"
avangardokna,channel,Авангард - Производство окон,67,Производство и монтаж окон любой сложности. Работаем по Москве и области. https://avangardokna.ru  Написать нам: @Avangard_main  Яндекс Карты: https://yandex.ru/maps/org/avangard/14219853863/?ll=3..  +79965449792
fdyrtrt4,channel,حيثُ الجنّة| ☁️.,22,صدقةً جاريةً لنا ولوالدينا وللمسلمين.. ☀️!
monster_fit,channel,Фитнес и бодибилдинг | MonsterFit,15,Спортпит? Монстерфит!
enelorins_nest,channel,Enelorin's Nest 🪺,31,"art dump of my sona (some might be NSFW), my life, whaterer else,"
expertforca,channel,Expert Professional Academy,2407,
talderwoelfe,channel,Backup Tal der Wölfe,673,
aphart,channel,Хеталия,900,"Канал посвящённый хеталии!! Здесь вы найдёте: арты, фанфики, нендроидов, плюшей, контент по мьюзиклам и по своим пейрингам (⁠◍⁠•⁠ᴗ⁠•⁠◍⁠)  Канал имеет возрастное ограничение 16+  По всем вопросам: @proseccko"
hetalia_porn,channel,Переходник Хеталия нсфв,78,
nyoenglandtits,channel,꒰ 𝑵𝒚𝒐!𝑬𝒏𝒈𝒍𝒂𝒏𝒅 𝒄𝒐𝒏𝒇𝒆𝒔𝒔𝒊𝒐𝒏 ꒱,43,уо hoho tralala уоуо
hehetaliaproship,channel,это ещё че за говно,13,
hetalia_18,channel,Hetalia 18+ (ПЕРЕХОДНИК),3,Данный канал является переходником в основной канал!  ВАЖНО: Мы ничего не пропагандируем и не поддерживаем подобное в реальной жизни! Пусть всё остается только в рамках холста и нигде больше
mcpyatynya,channel,пятуняшич🤪,29,Лс: @mcpwp
m1lkissgrbot,bot,Бот 🤍—‘𝙼𝚒𝚕𝚔𝚒𝚜.𝙶𝚛.୧ ⋆,,Анонимно!
mava_manna_bot,bot,Mava AI,,
manish_not_bot,bot,MANISH 🧠👉💰,,
obcshak_bot,bot,На кофе,,"Привет, любимые! Рады вас здесь приветствовать. Этот бот создан исключительно для благодарности и поддержки канала."
vmgssbot,bot,Message,,
dextersqbot,bot,Letter box,,
mannheim_wiki_bot,bot,Маня,,
aiconffbot,bot,Тейки AI Confession,,
msdarce_bot,bot,رقيه,,
helpmtu_bot,bot,Qarshi MTU operator bot,,
phr1ne_bot,bot,Даша пх,,
estersthbot,bot,anon klounada,,
munichsausagesbot,bot,Munich Sausages Bot,,
bushizmmarket_bot,bot,Бушизм БОТ [ТЕХ.РАБОТЫ],,
mafshowbot,bot,Маф бот Showtime,,Крестный Бот маф-клуба Showtime😎
maxwise_bot,bot,Maxwise,,
tulmashbot,bot,Tulmash,,
unbegrenztes_fleisch_bot,bot,fleisch_bot,,
mshwhll_bot,bot,Маша против сил зла,,
chemodanov_prod_bot,bot,Chemodanov Production 🧳,,
jalis_anon_bot,bot,ᴦᴏᴧᴏᴄ ɜʙёɜд 💫,,
memchikappeals_bot,bot,Подача аппеляции (Blood debt мемчik),,Не пишите по хуйне
akaoutside_bot,bot,Крысюка,,
leomachine_bot,bot,Leo Machine Binárias - Avisos,,"72.218 membros 🎁 Live todo dia e faça de R$100 a R$3000 comigo💶 🚨ENTRE NO GRUPO AGORA, CLIQUE ABAIXO👇"
andrei777777_bot,bot,Andrei777777,,СВЯЗАТЬСЯ С МАСТЕРОМ ПО РЕМОНТУ ОРГТЕХНИКИ
matbai_mud,channel,ʍуд бᴀйᴋи,86,Подробнее вся инфа в навигации.  Добро пожаловать.:3
agroperm,channel,Минагро Пермского края,521,"Мы работаем над тем, чтобы жители Прикамья были обеспечены качественными и доступными местными продуктами, а предприятия региона — необходимым сельскохозяйственным сырьём.  info@agro.permkrai.ru +7 (342) 265-55-45"
vatruesheps,channel,ВатруШепс,502,самая странная  фанка Александра Шепса  анон: @vatrueshepsanon_bot 18+
abstract_psychosis,channel,abstract psychosis,72,
skullross,channel,"С почтением, Рыцарь Росс!",12,Официальный канал участника спектакля Макбет.Эманация Тьмы: Театра ОМ Слушатель Первой Общедоступной Театральной Мастерской.
jessasorg,channel,Jessas.org,4,Aufklären statt Aufhetzen • Erkenntnis statt Manipulation • Vielfalt statt Einfalt https://jessas.org
ghasaaaq,channel,غَےــسق | 𝑮𝒉𝒂𝒔𝒂𝒒,249,"گ جِـِۢدآر يُـــريـد آلٰـِۢإتٰـِـڪـِۢآء.. ""𝙼𝚎𝚜 𝚀𝚞𝚎 𝚞𝚗 𝚌𝚕𝚞𝚋"""
toynecospic,channel,| toyne211 |,441,Косплеевое всяковое Ник не склоняется!!! Анонимка: https://t.me/askifybot?start=acxyrl  Лс: @toyne211 Рисую: @toynerisyet Щитпост: @mmmgribochkii Тт: @toyne21
tigressitsme,channel,Сашуликк,173,
asuki_cos,channel,*⢄⢁✧ ᴀsuᴋi_ᴄᴏs ✧⡈⡠*,48,"ᴨᴩиʙᴇᴛᴄᴛʙую ʙᴄᴇх нᴀ ᴄʙᴏᴇʍ ᴋᴀнᴀᴧᴇ, ɜдᴇᴄь будᴇᴛ ᴋᴏнᴛᴇнᴛ ᴄ ᴋᴏᴄᴨᴧᴇᴇʍ, ᴀ инᴏᴦдᴀ и ᴧᴀйɸ ᴋᴏнᴛᴇнᴛ, ɜᴀᴦᴧядыʙᴀйᴛᴇ ᴋᴏ ʍнᴇ ᴨᴏчᴀщᴇ ^^  ᴧᴄ - @meow_2111 ᴛᴛ - https://www.tiktok.com/@asukicos?_r=1&_t=ZN-93oHwp63SRq"
barsok_cos,channel,Где мой нос...,92,"В моем тгк присутствуют контент как с косплеем, так и с повседневной жизнью"
richik228,channel,! лапки Ричи ! || WORKSHOP ||,53,ЛС - @Recheek Портфолио https://t.me/portfolio_richi
biocoinchat,group,Biocoin chat (EN),33,Biocoin – block-platform and international loyalty system for green and eco-businesses News - @biocoin Ask the question - support@biocoin.bio
hbi_bcoin_channel,channel,Bcoin channel💎,24,"Your support in these early stages is key to Green Coin’s future success, leading up to its listing on major exchanges.  Join us, mine $BCOIN , and be part of the community that’s building the future of this coin from the ground up!"
babycoin_bsc,group,BabyCoin - Auto BuyBack!,47,🚀 Become a Rich Man fast with BabyCoin                   https://babycoin.finance/
bxcoinico,group,BeachCoin ico,38,Beachcoin is the Erc20 token of beachxperience.com
busines_coin,channel,BCOIN Community,11,"GreenCoin Community Welcome to the GreenCoin Community! 🌱 A hub for Eco-conscious crypto enthusiasts. Join us to explore sustainable blockchain solutions, green energy initiatives, and updates about GreenCoin. Together, let’s power a greener future!"
bchcoffee,group,BitcoinCash-Giftcards [Public],4,"DM Makoto Takizawa @icegrind with the card and value that you want, along with your email address.  He will provide you a payment address.  Once you have paid, the card will be emailed to you directly from Amazon."
jhhffijgde,group,كروب فروخز متحولينز سالبز موجبين,1676,قران ادعيه احاديث المصحف
alilakk,group,اكروب صف خامس ابتدائي (ب),1,@كروب صف خامس(ب)
steepbysteep,channel,_step_by_step,357,"""لاتدري لعل الله يحدث بعد ذلك امرا"" 🙏✨"
alhayatp,channel,الحياة برس,211,قناة اخبارية تتابع الاحداث لحظة بلحظة
kauzy_sk,channel,KAUZY.SK,34,"Kauzy, ktoré hýbu Slovenskom bez ohľadu na ich politické pizadie"
advokatsarvarmuhammad,channel,Sarvar Muhammad/Advokat,197,"🏛⚖️👨‍⚖️ Ҳимоячи. 🔹 Ҳуқуқий суҳбатлар, жиноят қонунчилигига оид фикрлар, амалиёт ва маслаҳатлар 🔹 Адолат ва эркинлик мавзулари 🔹Танқид, таҳлил, таклиф.#адвокат  Мурожаат учун: +99890 123 64 63 Facebook: https://www.facebook.com/sarvar.mamadjonov"
bochkarev_law,channel,Позиция адвоката Бочкарева,60,"📌 Позиция адвоката Бочкарева — юридические разборы, правовые лайфхаки и актуальная судебная практика от практикующего адвоката. Просто о сложных вещах. 🔹 Что вас ждет? ✅ Анализ дел ✅ Практические советы по защите  ✅ Разбор изменений в законодательстве"
seeking_torah,channel,"Нееврей, изучающий Тору",12,"""Из чего следует, что нееврей, изучающий Тору, подобен первосвященнику? Из стиха: ""Соблюдайте же мои установления и мои законы, исполняя которые ими живет человек"" (Ваикра, 18:5). Не сказано: священник, левит или еврей, но ""человек""  https://t.me/bible_ru"
abanroll,channel,𝑨𝑩𝑨𝑵𝑫𝑶𝑵𝑬𝑫 #𝑩𝑼𝑺𝒀,55,
meeposting,channel,.Meeposting//,221,"I walk this empty feed On the boulevard of broken memes Where shitposters sleep And I'm the only one, and I post alone I post alone, I post alone 🎶"
boysandcomrados,channel,Пацаны - товарищи!,56,"Подкаст без цензуры, где не врут!  Двое ведущих - Илья и Антон, приглашают к себе друзей, знакомых и медийных гостей из разных сфер, где начинается честный разговор без сценария и политкорректности."
suprise25,channel,EVIL$HIT,41,
vini7202810,channel,🇵🇸UR•RA,85,لا تناقش في ثلاث 1.الريال ملك اللعبه  2. لا تنسي الاولى  3. لا تنسى اول قاعدتين
bymelrose,channel,simply fucking lovely,30,
a_fallen_starrr,channel,星| 𝖥𝗈𝗋𝗀𝗈𝗍𝗍𝖾𝗇 𝖯𝖺𝗅𝖾𝗍𝗍𝖾🍪𓂃,33,‌𝗆𝖾: @moonbloomOo 𝖽𝖺𝗂𝗅𝗒: @A_fallen_starr 𝖷 𝖺𝖼𝖼𝗈𝗎𝗇𝗍: @Yas_na0
rexmaradmperu,group,RexMar Agua de Mar Perú,20,Información sobre Agua de Mar y Salud referida al agua de Mar. Otros temas serán borrados
ferrantorreschat,group,Ферран Торрес | Барселона Chat,3,Обсуждение всех новостей происходит тут. Общайтесь на здоровье!
losersid,channel,№1 𝗦𝗶𝗱 – 𝗱𝘂𝗺𝗯𝗮𝘀𝘀,4,
losjurados_bot,bot,Los Jurados,,Traducciones oficiales de documentos - официальный перевод документов
herewegoalbot,bot,Here We Goal,,Предложка канала Here We Гол
godzo_ucshop,channel,𝐆𝐎𝐃𝐙𝐎 𝐔𝐂 𝐒𝐇𝐎𝐏💸,9533,𝐀𝐒𝐎𝐒𝐈𝐘 𝐊𝐀𝐍𝐀𝐋: @GODZO_PUBG 𝐀𝐊𝐊𝐀𝐔𝐍𝐓 𝐒𝐀𝐕𝐃𝐎: @GODZO_SAVDO 𝐔𝐂 𝐒𝐄𝐑𝐕𝐈𝐂𝐄: @GODZO_UcSHOP
ao_konakovo,channel,Люби!,339,Люби себя - выбирай лучшее!  💜 мы на OZON https://ozon.ru/t/lwANSUB ✨ мы на WB https://clck.ru/3Svoi4  Для связи: @aokonakovo
copitaa307,channel,🤍Un español en peruquistan🤍,162,"🤍Una perra loca, divertida, simpática y muy esquizofrénica. Amo compartir este espacio con la gente q conozco y q me llega a caer muy bien🖤  ⚠️Cualquier comentario insultando mi físico se irá directito a la mrd⚠️"
gaztormozused,channel,GAZTORMOZ | Автомобили с пробегом,61,Каждый автомобиль с пробегом  в GazTormoz готов с Тобой хоть на край света 🌅 Подписывайся и обязательно найдешь того самого спутника 🚐🚘🚙🛻🚗🏎️ Постоянное пополнение склада в режиме онлайн 🚨  ✔️Trade-in ✔️Выкуп ✔️Комиссия
italyitalykiko,channel,لوازم ارایشی Kiko ایتالیا,24,
mycosmo,channel,Cosmo.uz.,10,"🌸Качественная косметика.по низким ценам обращайтесь,  @shopcos 🌸Доставка по городу Ташкент 20 тысяч сум 🌸ОНЛАЙН МАГАЗИН  🌸Парфюмы на любой вкус 🌸Товар приходит около 4-5 д"
masaperova,group,Купить Продать Борисовка,52,
angren_marketing_group,group,Angren Marketing,17,Assalom aleykum!🕊 📌Siz bu gruppa orqali savdo do'konimiz tomonidan siz azizlarimiz uchun o'tkaziladigan AKSIYA lar hamda yangiliklardan habardor bo'lasiz.  ⚠️Manzil: Xalq Talimi boshqarmasi (XTB) ro'parasi. (Дружба kinoteatr)
board_jankoy,group,Доска объявлений Джанкоя,20,📢 ДОСКА ОБЪЯВЛЕНИЙ  ЗАКАЗАТЬ РЕКЛАМУ 👉 @PhD_MG
r_e_k_l_a_m_a_lar,channel,Reklama,3,
bpinformpr_bot,bot,Реклама Blackpink Inform,,Бот создан для предложений по поводу рекламы в канале фанбазы Blackpink Inform
ferchudrawings,channel,FerchuDrawings,662,Subo dibujos eso incluye contenido +18   NSFW / SFW 🖍  ✅ ¡Comisiones abiertas! ✅  Cualquier duda pueden preguntarme al priv @Ferchusaurio
puo1den,channel,ПОДСЛУШАНО У ВАНДЕ,152,"самая честная подслушка в фандоме ; скандалы, драмы, сплетни, новости и всё остальное обсуждается здесь."
mauriziomartucci,channel,Maurizio Martucci giornalista indipendente,16610,Giornalista e Scrittore libero e indipendente
sardegnaanarchica,channel,Sardegna Anarchica,823,"Aggiornamenti riguardo la stampa anarchica territoriale e internazionale, comunicati, rivendicazioni, repressione, novità editoriali ecc Link al sito: https://sardegnaanarchica.wordpress.com/"
videncia,group,"🎇 VIDENCIA 🔞 HABLA EN EL CHAT DE VOZ A LOS VIDENTES🕯Médiums, 🃏Tarot 🔮bola de cristal ♉️Astrología 🖐Lectura de mano...",154,🎇 Escucha a los VIDENTES en el 🎤 CHAT de VOZ. Haz tu CONSULTA a los VIDENTES hablándoles o escribiéndoles. 🕯Mediums 🃏Tarot 🔮bola de cristal ♉️Astrología 🖐Lectura de mano ...  Prohibido solicitar/ofrecer contenidos ilegales.
defiendecon,channel,Defiende España,457,Crear una asociación que defienda a intereses no agenda 2030.Grupo previo al ingreso como socio de la Asociación
mdnadvocacia,channel,"Manoel, Duarte e Nascimento Advocacia - MDN Advocacia",50,🚨Canal para compartilhar nossos conteúdos sobre os direitos dos trabalhadores
dinoresidence,channel,Резиденция мультфильмов,67,Канал проекта от Дино студии🦖  •Обучаем молодежь творчеству и анимации • Проект реализовывается при поддержке Грантов Губернатора Кубани Основной канал студии: @dinomult  📍г. Краснодар
lanoticiera,channel,Difusion de la revuelta,123,El pensamiento unico nos aliena... La informacion es una jungla...  Haciendo eco a las voces disidentes.
presidencia_br,channel,Presidência da República do Brasil - #Militantes,45,Gov.br - Acompanhe as últimas informações sobre o palácio do Planalto e presidência da República. @OBrasilVoltou
gaiapost,channel,GaiaPost,17,annamo a pijà er gelato all’edificio di colazione critica  la marginalità è un luogo radicale di possibilità  https://t.me/gaiapost/3 . @gaianet 🐞
tony_funart,channel,Art is therapy,338,"Друзья, это я, ваша tony_funart (Тоня Подзорова). Давайте держаться вместе! Надеюсь, мы вернёмся в Инстаграм и он будет доступен через VPN. А пока творчество и психотерапия будут тут ❤️"
velocirapture23,channel,Helen of desTroy,917,"news & commentary, minus the censorship. Twitter refugees welcome.  Youtube/Bitchute: helenofdestroy  website: helenofdestroy.substack.com (archives at helenofdestroy.com)"
stockmarketdiscussion01,channel,~BAJAJ 📈 TRADERS~ PRO,1625,This channel is purely for education purposes   We are not SEBI REGISTERED   No View is buy or sell only educative . MANAGE YOUR OWN RISK REWARD 🙏  NOTHING IS GAURANTEED  ADMIN @BazTrader
theyknowtalks,channel,theyknowmyname,256,
grupoperutelegram,group,Peru Telegram,609,"Perú Telegram 🇵🇪,  Libre para toda opinión, siempre con respeto 🎅👍🏄🎲⛪️🚀.  No se permitirán las ventas ni  obscenidades  🍟  https://t.me/grupoperutelegram"
smartinpicks,channel,Smart-IN| Picks ⚽️,189,"📊 Apuestas deportivas como inversión.  ⚽ Pronósticos de estadísticas. Principalmente: tiros, fueras de juego, faltas y posesión  Todas las apuestas verificadas en: 🟢 https://tipsterland.com/tipster/Smart-IN  📩 Contacto @smartintipster"
latido_blanquiazul,group,💙💙Latido blanquiazul 💙💙,190,100 % aliancistas  No enlaces de ningun tipo  No faltas de respeto  Estar activos  Presentarse con su mica Prohibidos los enlaces de otros grupos  Si incumplen con las reglas seran expulsados
faltarng_pi,channel,فیلترینگ روانی,67,"Dear Paul Dorf @durov , we have no sexual content and so on We fully complied with the rules of the telegram There are those who do not want us to progress and jealously report the channel to be filtered"
otzivi_fantas_shop,channel,Отзывы FANTAS SHOP,122,🔥Продавец - @FaNtAs_Tag
argentinachatsgrup,group,🇦🇷 GR͜͡U͜͡P͜͡O͜͡ D͜͡E͜͡ C͜͡H͜͡A͜͡T͜͡ AR͜͡G͜͡E͜͡N͜͡T͜͡I͜͡N͜͡A͜͡ 🇦🇷,68,"Grupo de chat argentino en el cual vas a poder chatear, divertirte y relacionarte con gente de muchos países.  Se prohíben en el chat general:  🚫 las fotos xxx y sus derivados 🚫 la venta de sustancias ilícitas  🚫 las faltas de respeto 🚫 spam"
wr1tings,channel,архів. писанина рема.,12,"канал, на якому будуть подальші твори: @part_of_rem."
materfatimaelsalvador,channel,Mater Fátima El Salvador,58,"Proyecto Mater Fatima  En constante oracion por la paz mundial Forma parte de nuestra campaña promocional del Rosario mundial y en el que buscamos unir al mundo en oración. Yo ya hago sonreír a la Virgen, faltas tú!  https://materfatima.org/"
nhmysoul22,channel,HN Mood,69,
relay45,channel,GreenBox. Домашняя автоматика,37,Производим и продаём реле давления для домашнего водоснабжения Sentinel. Наш сайт - реле45.рф
relapki,channel,РеЛапки | Реабилитация животных,15,
lausersypercool,channel,LAღ,44,
relaspa,channel,Relaspa - Массаж лица и тела в ЖК Новая Кузнечиха,12,Онлайн запись: https://dikidi.net/relaspa  Задать вопрос: @relaspa_massage  Контакты: +7(950)600-33-00
drdandon,channel,پزشک دهان,6419,
dandocanya,channel,DANDO CAÑA / AL OTRO LADO,741,Canal
dandanxxxc,channel,DANXC-7,7099,http://t.me/safeCht_bot?start=bcae00c2
dandi_wind,channel,𝑫𝒂𝒏𝒅𝒊 𝑾𝒊𝒏𝒅 ꊰꋬꋊ,42,кф посвящённое безумно малоизвестной исполнительнице и дизайнерке и одноимённой индастриал группе в частности!
daniellasolart,channel,Pingoctus,154,рисую всякое зверье лс: @dadadaDaniella
dannikulin,channel,NDA,339,Твой любимый человек и фотограф
conoscenzasaggezza,channel,PATH OF LIGHT,865,Questo canale ha lo scopo di condividere ricerche di altri utenti nel mondo dando l'opportunità ad ogniuno di noi di fare le proprie riflessioni. Conoscenza è saggezza ❤️💫💫💫
mivozestuvoz,channel,Mi Voz Es Tu Voz,4453,"Canal de espiritualidad, autoestima y empoderamiento para el alma. Aquí compartimos mensajes conscientes y canalizaciones que elevan tu vibración. Si tu corazón busca una voz que lo acompañe ¡esta es tu casa! Buy ads: https://telega.io/c/mivozestuvoz"
lavozdexela,channel,La Voz de Xela,1739,Diario digital La Voz de Xela www.lavozdexela.com https://www.facebook.com/LaVozDeXelaDigital/  https://www.instagram.com/lavozdexela/  https://twitter.com/lavozdexela
vozparalela,channel,Voz Paralela,63,"Desde 2015 🏛 política, 📚 cultura y 🔊 podcasts. ¿Cómo te suena?  ✉️ info@vozparalela.es  👉 Facebook, Twitter, Instagram y Twitch como @vozparalela"
lavozdelbecario,channel,La Voz del Becario,345,Las noticias que nadie más tiene ¿Por qué será? Un producto de La Fábrica de la Comedia Puedes ver todos nuestros vídeos en https://www.youtube.com/lavozdelbecario y todas nuestras noticias en lavozdelbecario.es
vozdux_vi,channel,"Экскурсии по Москве ""Возрождение""",442,
prue_eng,channel,Plekhanov University in the UAE,119,Dubai branch of Plekhanov Russian University of Economics (PRUE)  Apply now https://plekhanovdubai.ae
pruebasradio,group,EMISORA EL NUEVO AMANECER,89,Emisora de la fundación Gobierno de Dios. Link de la emisora:https://elgobiernodedios.com. y https://gddfm.online.
trusted_proofs_ff,group,Trusted Proofs🤝,40,ORIGINAL USER @ZOHIRULLO  ALMAZ SOTIP OLISH  UCHUN @ALMAZ_SOTIP_OLISH
ummc_media,channel,Тест 2,130,
siriusesposed,channel,Sirius Exposed,44,Hoy contaremos y demostraremos todo lo que hace Sirius y ha hecho.  -Testimonios de víctimas  -Pruebas
olts_info,channel,Третейский cуд,238,
ofertachat,group,[CHAT] OFERTAChat,778,Chat oficial de la comunidad de canales de Ofertacular  Nuestro canal oficial: t.me/Ofertacular  El resto de canales: t.me/ofertaculargroup  No se permite:  El spam El abuso de stickers Enlaces de afiliados de terceros
cucumbersa3,channel,Мизинец family,89,"ГРУППА Eblókoli И ТАК ЖЕ МИЗИНЕЦ TEAM - треки, батлы, видосы и вообще всё"
kipyatilnik337,channel,mishakipyatilnik,34,здарова надаел лс - @mishakipyatilnik337 сондклоуд - https://soundcloud.com/mishakipyatilnik бубс - https://t.me/boost/kipyatilnik337 анон пж -  t.me/anonaskbot?start=pp28vqg тик ток - https://www.tiktok.com/@mishakipyatilnikq
threerefs,channel,Три рефа на границе проекта,20,
okofertas,channel,🎁 OK Ofertas 🗣Descuentos y Oportunidades 💯,27,"📣IDEAS REGALOS 🎁ANUNCIO OFERTAS. CANAL DE OFERTAS Los administradores del canal se eximen de cualquier responsabilidad respecto al contenido y productos anuncios de terceros publicados en el canal, funcionamos como mera plataforma de publicidad"
terommn,channel,acerr2r,8,https://t.me/acerskoe
chzo_fandoms,channel,tyulenchik_chzo,20,я не знаю что выкладывать но давайте дружно подпишемся инфо:https://t.me/info_seal_se
godbesttrio,channel,Три богатыря,7,
stopcensura,channel,STOP CENSURA,1549,Temi SCOTTANTI - Covid - Vaccini e Altro oscurato dai media.
anti_censure,group,Anti_Censure ☢️,1007,Espace ouvert afin de contrer la censure pratiquée sur les réseaux et de partager sur tous les sujets sans exception en totale liberté d'expression. Si vous êtes aussi censuré sur internet cet endroit est fait pour vous! 😉 https://t.me/Anti_Censure
comofuntold,channel,Com of Untold,151,Own/Founder @untoldregrets WE FOLLOW TELEGRAM TOS WE DON’T SUPPORT RULE BREAKERS
fbcensura,channel,News censurate da FaceBook - Raccolta,257,"News censurate da FaceBook - Raccolta di Marina, ed altro ancora"
skeptikerne,group,Skeptikerne / UncensoredFreedom,140,"http://instagram.com/uncensoredfreedom  Os der er skeptiske og ved at tingene ikke altid er, som de ser ud. Vi finder kilder og data til evidensbaseret videnskab m. Vi ved at størstedelen af nyheder på mainstream medier ikke er sandfærdige!"
textbasedart,channel,текстовое искусство,102,"я руслана сливина.  я уважаю искусство, оперирующее словом  @slivinarsln https://t.me/slvnrsln"
videndumz,channel,𝐕!𝐝𝐞𝐧𝐝𝐮𝐦'𝐳🚬,64,Владелец: @natszq ТТ: tiktok.com/@videndumz ИНСТА: https://www.instagram.com/videndumz?igsh=MXdiMDBxemNya2IyaA==
rusmonitor,channel,"""Русский монитор""",41,независимый интернет - журнал
rejeitadosbmf,channel,Rejeitados do BMF,60,"Links que não entraram nos episódios do O Bom, o Mau e o Feio do Pistolando Podcast  Poscast disponível em todas as plataformas (Spotify, Deezer, Apple e muito mais)  Conheça mais em www.pistolando.com"
tannedweirdo,channel,/REST/🩻Tanned weirdo📟,48,Основной пост: https://t.me/tannedweirdo/461
dreamcalls100x,channel,Dream Calls 100x,10715,Owner: @Cryptolegend5   NFA | This is a Casino ser
serrrrrrrrrrrrr,channel,𝐠𝐨𝐫𝐨𝐯𝐧𝐚,1477,по рекламе - @dianagorovna 🤍
eodcjfldao,channel,땡처리여행DAO,547,"저가격에 왜감ㅋㅋㅋ  , 항공사 저거 타고 왜감 , 저기 요즘 누가감  왜감ㅋㅋㅋ   같은말 하면 줘팬다"
krivonosov_sv,channel,Сергей Кривоносов | Депутат Госдумы,152,"Депутат Государственной Думы Федерального Собрания  Российской Федерации VI,VII,VIII созывов  Заместитель председателя Комитета Государственной Думы  по туризму и развитию туристической инфраструктуры  Член Правительственной комиссии по развитию туризма"
vakansiiotprn,channel,Вакансии за границей P.R.N. 🌍,401,"О работе за границей. Помощь в оформлении документов. Подготовка к собеседованиям. Нас знают уже 23 года, рекомендуют, нам доверяют! https://perune.ru/                                                             Наталья https://wa.me/79261452199"
studyabroadhelp1,channel,"🍓| 𝑹𝒊𝒈𝒉𝒕𝑾𝒂𝒚, помощь поступающим заграницу",367,Чат: https://t.me/+ClXedPmGj3RmMzNi тт: @rightwayconsultation По рекламе @sh13se  http://t.me/studyabroadhelp1?direct
lizasolnyshk,channel,в треш,10986,№ 6531583938  соберем огромный зал с фонариками?   реклама/сотрудничество - @heIlYEAh3  тт:  www.tiktok.com/@liza_solnyshko_ инст: https://www.instagram.com/lizzka_kr_?igsh=YTQwZjQ0NmI0OA%3D%3D&utm_source=qr 2 тт: https://www.tiktok.com/@lizasolnyshko_?_r
lmt_tcsnqt,group,TCS NQT 2025 👨‍💻📢,5874,
rahilun1,channel,راحلون و يبقى الأثر | عبدالله الأركاني,243,قناة التلاوات: t.me/tilawat_27 انظر إلى ما قيل وليس إلى من قال... للتواصل : @AbuAl_Hussein
vashglavbuhkz,group,Налоги и бухучёт в Казахстане для релокантов,1054,Налоги и бухучёт в KZ ✅полезные статьи ✅отвечаю на вопросы  ✅шаблоны по бухучету ✅ личные консультации  🔴 ссылка https://t.me/+WBfXujdk389iODhi
sodacanun,channel,• SODACANUN •,615,по всем вопросам: @sodadeart
funeral_song,channel,Последний свет Солнца,371,"Культура смерти, культ предков, похоронные традиции и будни ритуальной индустрии.   Обложка - Максим Сухарев"
unwonderlanding,channel,ehwas.diary.ru | Мария Колесник,231,"Привет, я Маша, автор трилогии «Территории Невероятностей» о бытовой магии и волшебном Кракове. А еще я дизайнер-график, так что делюсь тут рисунками, набросками и всяким художественным  https://ehwas.taplink.ws/ книги!  Обложка канала: Марина Алеф"
zany_beats,channel,ZANY BEATS,202,PRICE: Lease mp3 - 500₽ Lease wav - 800₽ Exclusive - 2000₽ Custom - от 2500₽  Mixing & Mastering - 1000₽  Обложка - 300₽  По поводу приобретения: @aleshaog  ют - https://youtube.com/@zanybeats?si=YhGEffJ7Y1cQPFX2
theawakeningchat,group,THE AWAKENING CHAT,932,"We are The Awakeners  Welcome to the group. Please feel free to share and post and about anything TRUTH.  Racist slurs/language, nude photos, violent posts, spam and selling of any kind won't be tolerated/banned."
wkpchat,group,FIRE 🔥 ЧАТ,1636,"Чат канала ""Движение FIRE"" (@wkpbro)  Правила чата: https://t.me/wkpchat/13423 Автор канала: @wkpman"
awakesisters,channel,AWAKE SISTERS,258,"Канал движения сестринства, осознанности и взаимопомощи, пробуждения и единения женщин в их естестве и силе AWAKE SISTERS  Здесь живое знание и любовь от сердца к сердцу, от женщины женщине. Женский круг, красный шатёр."
awakefriendsaustraliainfo,group,Awake Friends Australian Info,294,
thegreatrulersk,channel,အရှင်မုချန် (The Great Ruler),47195,SoulAnimedom မှတင်ဆက်ပေးသော ဘာသာပြန်ချန်နယ်ဖြစ်ပါသည်။ VIP မရှိပါ။ အခကြေးငွေ မကောက်ခံပါ။   Main Channel Link https://t.me/SoulAnimedom
thegreatvalley,channel,The Great Valley,940,i like turtles 🐢 feds can go toss an otter! 🫴⁀જ⁀🦦 i am able to digest milk 🥛 WITHOUT 👏 DIFFICULTY 👏  don't like it? go toss an otter! 🫴⁀જ⁀🦦
thegreatunbrainwashing,channel,The GREAT UN-Brainwashing,724,Psychological warfare requires mass unbrainwashing.  https://t.me/UnbrainwashingChat
babylonsnft_ann,channel,Babylons Announcement Channel,2906,Official Announcement Channel of Babylons NFT Platform @BabylonsNFT
hotelmrbodo,channel,Hotel Mr-Bodo,2437,Das Freiheitshotel in Tansania
christinavondreien,channel,Christina von Dreien Offiziell,27627,Mein offizieller Telegramkanal.
ninamaleikaoffiziell,channel,NINA MALEIKA OFFIZIELL,4246,Sängerin•Moderatorin•Aktivistin• FREE PALESTINE 🇵🇸
thomasbachheimerxszz,channel,Thomas Bachheimer Offiziell,1161,"Dies ist der einzige offizielle Thomas Bachheimer für Kryptokanäle, Kontoverwaltung, YouTube-Videos und Anlagezwecke.  WIR SCHREIBEN IHNEN NIEMALS ZUERST https://youtube.com/@bachheimergoldvorsorge?si=ppHsDMEsWvoki4ph"
freeartistworld,channel,Freeartistworld (Deutschland),1093,"Hier finden Künstler eine Möglichkeit, sich vorzustellen. Menschen die Künstler engagieren wollen, können sich informieren, was es bei ihnen in der Nähe gibt, bevor sie käufliche Künstler im unmenschlichen Kommerz suchen."
windkraft_nein_danke,channel,Windkraft NEIN Danke,874,"Es darf nicht sein, dass Politiker einfach über die Köpfe der Bevölkerung hinweg entscheiden und ihnen noch mehr Geld aus den Taschen gezogen wird, als bislang.  Es stinkt gewaltig nach Steuerverschwendung und dem muss ein Riegel geschoben werden."
berlintobordersvolunteers,group,Berlin to Borders volunteer team✨,219,
mtpelerin_de,group,Mt Pelerin - DE,313,👋 Willkommen bei Mt Pelerin!  ⚠️ WIR SCHREIBEN IHNEN NIEMALS EINE PRIVATE NACHRICHT  Nicht für UK-/EU-Ansässige. Keine FCA-/MiCA-Zulassung
kellerradio,group,Kellerradio-Chat 🎶🎤,55,Unser-Kellerradio-DD.de (Webradio)
iuhomever,channel,𝖧𝗈𝗆𝖾 𝖠𝖴,31,
bes_maeg,channel,Криповая Кристи ❤‍🩹/свободна,135,
open_expert,channel,OPEN Group про ритейл и персонал,715,"Обсудить проект — https://clck.ru/3N8J4L  Больше 25 лет создаем гибкие бизнес-решения и цифровые продукты для управления персоналом и роста выручки.   Лучшее мерчандайзинговое агентство 2025 по версии РАМУ и топ-работодатель по версии Forbes, РБК и hh.ru"
artengopubg,channel,ARTENGO,218,Telegram kanalımıza hoş geldin agam @afkbirbasur
klinefeltersyndrom,channel,DKSV-Info Klinefelter-Syndrom [000],445,Hier bekommen Sie in unregelmäßigen Abständen Informationen über das Klinefelter-Syndrom  Am besten gleich diesen Kanal abonnieren!
casinoallianz,channel,CasinoAllianz,637,Abonnieren Sie den Kanal und erhalten täglich Information über die neuen exklusiven Boni und die besten Angeboten und Nachrichten aus der Gambling Welt. All dies ist in unserem Telegramm Kanal gesammelt. Feedback - hilfe@casinoallianz.com
a100stoppen,channel,Aktionsbündnis A100 stoppen!,245,Netzwerk gegen die Verlängerung der Stadtautobahn A100 in Berlin  https://www.a100stoppen.de/  ▶️ Hier unseren Newsletter abonnieren: 📩 https://www.a100stoppen.de/newsletter/  ▶️ Hier spenden:  ❤️ https://www.a100stoppen.de/spenden/   #A100stoppen
healthlineofficial,channel,HealthLine,138,"Healthline is dedicated to making health and wellness information accessible, understandable, and actionable. #USA 0e0a3d7"
tonop_kinel,channel,Студия «Точка Опоры» г.Кинель,72,"«Точка Опоры» — это новая, современная, клиентоориентированная медицинская организация. Массаж, мануальная терапия и тд."
neurologdoc,channel,Dr.Sonya/неврология/психология,74,"Невролог,  Клинический Психолог о здоровых нервных клетках  Связаться со мной: @Sonya_Aristidi"
spacemanvelaaltapremium,channel,ROBÔ SPACEMAN🚀VELAS ALTAS GREEN PREMIUM,365,"Robô do Spaceman 🚀 vela alta  🎯 Taxa de assertividade 98,88%‼️  No seu primeiro depósito a partir de R$40,00 pra Cima💰 Faça seu cadastro e ganhe R$90,00  💻 CADASTRO + 🎁 BÔNUS 👇 💚 https://rb.gy/5afhmb 💚"
qgeorgeorwell,channel,Berühmte Querdenker: George Orwell,440,"Dr. Bodo Schiffmann liest George Orwell ""1984"""
morskayagavan,channel,Морская Гавань|Права ГИМС,248,Школа судовождения и яхтинга Морская Гавань  https://yachting-tour.ru/  Тренировки и походы ooo-morskaya-gavan.rubitime.ru  ✅ Подготовка судоводителей маломерных судов по программе ГИМС ✅  Обучение IYT ✅  Яхтинг
spacemangreenpremium,channel,ROBÔ SPACEMAN 🚀GREEN PREMIUM,204,"Robô do Spaceman🚀  🎯 Taxa de assertividade 98,88%‼️  No seu primeiro depósito a partir de R$40,00 pra Cima💰 Faça seu cadastro e ganhe R$90,00  💻 CADASTRO + 🎁 BÔNUS 👇 💚 https://rb.gy/5afhmb 💚"
japantackle,channel,🇯🇵Рыболовные товары из Японии,107,"Магазин рыболовных товаров, привезенных с аукционов Японии. Отправка по всей России любой удобной для вас ТК.  Появилась возможность привоза под заказ. Телефон/WhatsApp/Max: 89147068292 Адрес самовывоза: Владивосток, ул.Кирова, по договоренности."
troll_schiff,channel,Peter Schiff Coin | Portal,26,Peter Schiff Troll coin community channel
get_schiffy,channel,get_schiffy,20,
watermanwear,channel,Waterman - бренд одежды 🏄🏿,44,watermanwear.com
fishmashina,channel,ФИШМАШИНА,32,
rybak_rybachok,channel,Рыбак,24,
flagman_ch,channel,Flagman's Channel,3,Моя личка @igorflagman
toptg_flagman,channel,Flagman,1,"Официальный Telegram канал Flagman Casinо. Казинo и ставки от Flagman. Доступно актуальное зеркало официального сайта Flagman. Регистрируйся, соверши вход, получай бонус используя промокод и начните играть  Поддержка24/7 support@Flagman.casinos"
official_casino_flagman,channel,Flagman casino,3,"Добро пожаловать в телеграм-канал Flagman casino. Здесь вы найдёте свежие новости о бонусах, акциях, эксклюзивных промокодах и аналитические обзоры лучших игр. Специальные предложения и информация о выводе средств ждут вас. Поддержка: support@flagmancasin"
bestcasinoinrussia,channel,ЛУЧШИЕ КАЗИНО В РОССИИ ДЛЯ ИГРЫ НА РЕАЛЬНЫЕ ДЕНЬГИ,1,"Лучшие казино России, игра на реальные деньги, лицензионные казино, мгновенные выплаты, приветственный бонус, VIP программа, российские банки, международная лицензия, честные игры"
casinorustops,channel,КАЗИНО С ФРИСПИНАМИ И БЕЗДЕПОЗИТНЫМ БОНУСОМ С БОЛЬШИМИ ВЫПЛАТАМИ,1,"Казино с фриспинами, бездепозитный бонус, бонусы при регистрации, фриспины за регистрацию, быстрые выплаты, лицензионные слоты, программа лояльности, вейджер х45"
casinorustor,channel,КАЗИНО С ФРИСПИНАМИ И БЕЗДЕПОЗИТНЫМ БОНУСОМ С БОЛЬШИМИ ВЫПЛАТАМИ,1,"Казино с фриспинами, бездепозитный бонус, бонусы при регистрации, фриспины за регистрацию, быстрые выплаты, лицензионные слоты, программа лояльности, вейджер х45"
wiedervorlage,channel,Wiedervorlage,3234,__Wiedervorlage
perhaps_a_victor,channel,رُبَّما مُنْتَصِر,1078,ذهبت لكن كيف أعود، من لهيبِ الاستعارةِ إلى ذراعيكِ؟
sxllieder,channel,sX1$d,392,че? нефор? 🕷  вся инфа в закрепах.                      @htearsbot - anon
lernewiedermenschzusein,channel,😇ZEIT FÜR WUNDER 😇,616,LERNE WIEDER MENSCH ZU SEIN
areuwhouwantobe,channel,مذكراتي,112,ворвётся яростно весна —  но только через много лет  после бессмысленного сна..
athar_128,channel,أَثَر,202,إِنِّي عَلَى نَهْجِ السَّلَفِ وَدَرْبِهِمُ حَتَّى تُفَارِقَ مُهْجَتِي جُثْمَانِي.
magischepilzwelten,channel,Magische Pilz Welten 🍄,703,Die Magie liegt darin die Wirklichkeit zu erkennen.  Wahre Magie ist Leben ist Liebe ist Frieden.  Ich glaube alle Menschen wollen wieder den Zugang zu Ihrer Magie finden. Die Pilze nehmen uns Stück für Stück mit in die Welt der Magie der Liebe
doctor_pazenko,channel,Гастроэнтеролог Пазенко Екатерина,4378,
technoexpert_pro,channel,Академия «Техно Эксперт» | Обучение | Повышение квалификации,197,Научно-техническая академия «Техно Эксперт»   Чат для ваших вопросов: https://t.me/tehnoexpert_chat  Работаем по всей России    По всем вопросам можно обратиться по телефону  8(800)22273-78 или в сообщения сообщества https://vk.com/technoexpertpro
gesundheitsfeesilke,channel,Gesundheitsfee Silke,282,"🌊✨Hawai’ianische Lomi Massage & Ausbildung ✨ Energiearbeit für Körper, Geist und Seele 👑✨🕊️ https://www.gesundheitsfeesilke.com/ WhatsApp/Telegram  0172-8703518  Massage Gutschein bei mir erhältlich 👑 https://www.gesundheitsfeesilke.com/geschenk-gutschei"
sanatorium_prof,channel,Туровинина_проф/о курортах и не только,237,"Я, Туровинина Елена, профессор реабилитолог и курортолог.  Как выбрать курорт себе и родителям? Как укрепить свое здоровье на курорте и без него.  Советы по профилактике болезней и для здоровья от профессора. Мои личные лайфхаки для путешествий и отдыха."
kinkyinnrw,group,Kinky-in-NRW,2556,"Hier werden BDSM Veranstaltungen aus NRW geteilt. Wir bewerben dabei Events, die wir entweder selber organisieren oder uneingeschränkt empfehlen.  Du möchtest dein Event auch hier sehen? https://forms.gle/HnS63dQSvsgUBJn57"
science_hub93,channel,🔬 ꜱᴄɪᴇɴᴄᴇ ᴏᴩᴛɪᴏɴᴀʟ ʜᴜʙ 🔬,402,"📚 29/10/21 🍥प्राप्त वही होता है जो         नसीब से मिलता है..!!  हासिल तो सफलता होती है        जो संघर्ष से होती है..!!  🔬OUR MATERIAL  🔰POLL QUIZ, BOT QUIZ, ONE LINER  ÒWÑÈŔ 📞:- @jAaT_DEVTAA  Join:- @Science_Hub94 , @HistoryHub101 @gk_hub235"
recruin,channel,Recruin Jobs,76,"Your Gateway To Blockchain & Tech Startups. DeFi, NFT, Metaverse 🤟"
baraholka2melitopol,group,Барахолка Одежда и Обувь. Мелитополь,1475,
smersh_mihailovka,channel,СМЕРШ МИХАЙЛОВКА,314,
artschoolmelitopol,channel,Мелитопольская Детская Художественная Школа,496,
bygoffmann,channel,by goffmann,56,
shopomanibot,bot,ShopomaniiaBot,,"Мы крупнейший байер-сервис, команда, которая обожает свою работу! Мы на рынке 13 лет."
badyenaamemoohasefarbot,bot,Salvatore,,
milkshakeman_bot,bot,Go-Jo confession take bot,,
doscasinobot,bot,Noahʼs Free CODM Accounts,,Bobo ka pag di ka nanalo
domofonfoxbot,bot,Lighthouse,,
bfshop_bot,bot,Bright Future Shop,,"SMM va biznesingiz uchun professional shablonlar, logotiplar va 3D modellar do'koni. Vaqtingizni tejang."
badgemaniabot,bot,bad gemania,,: every which why is lost
feedboothbot,bot,чо хош,,
rorschachmoth_bot,bot,rorschachmoth_bot,,
bon_marito_bot,bot,BonMarito,,
dbocrush_bot,bot,house of fun,,
bsteamcfbot,bot,𝑩𝑶𝑻 ( бстимакф ),,бот принадлежит @bsteamcf
butman60_bot,bot,Бутман 60,,
kokonoiadmbot,bot,Коко адм,,
theseamanshop_bot,bot,Theseamanshop,,
stosystem_bot,bot,Интернет-магазин 100 Систем,,
bladehouse_bot,bot,РобоНДК,,Бот магазина Ножевой дом Клинок и закрытого чата для владельцев Найфпаса
shokobrand_bot,bot,ShokoBrand,,
shopfans_bot,bot,Shopfan,,
starshipshippo_bot,bot,SHIPPO,,
ddshopps_bot,bot,DD.Bot,,Помощник магазина @ddshopPS
kokoplaybot,bot,KOKOPLAY,,
bmbstagingbot,bot,BookmarchBotStaging,,
shopogolizm_bot,bot,Buyer Service 🛒,,Байер с насмотренностью  и опытом… Заказываю и выбираю как для себя!  Подписывайся на мой instagram.com/idazhenya
shipshopamericabot,bot,ShipShopAmerica,,
lovstarsrobot,bot,nastxx💘,,
baumanskayabot,bot,punk-baumanskaya,,
lovmusicam1bot,bot,🤖LovMusicam1,,
theoldcastle_bot,bot,🔥 FOMO BOX,,"Enjoy meeting new friends and playing games in 🔥FOMO Box. Many people found best friends right here, and you?"
shop_and_dreambot,bot,Dream shop,,Владелец - @seksigarant
fishermen_bot,bot,Welcome,,
basmanniy_bot,bot,Басманный,,
butterfly0_0effecbot,bot,𝐺𝛰𝛰𝐷 𝐹𝛼𝐿𝐿,,
profcosmoshop_bot,bot,shop.profcosmo,,
buymanerbot,bot,Bayy_bot,,
normandieshopbot,bot,Норманшоп | 🖤 | NormandieShop,,Канал по новостям - @NormandieShopNews Наш впн - @NormandieVPNbot Купить рекламу - @normaao
dolboeboff_bot,bot,dolboeboff,,
shopprodbot,bot,BotProd shop,,BotProd shop
shadman_coder69_bot,bot,🔥 𝙎𝙃𝘼𝘿𝙈𝘼𝙉 𝘾𝙊𝘿𝙀𝙓 𝙋𝙍𝙀𝙈𝙄𝙐𝙈 𝙀𝙈𝙊𝙅𝙄 🔥,,
realschematic_shop_bot,bot,Realschematic.com Shop,,Real schematics and boardview for your electronic devices
koddommusicbot,bot,koddomMusic,,
kostromama_bot,bot,kostromama,,
samolami_bot,bot,БотСАМОЛАМИ,,
family33shamans_bot,bot,Family33Shamans,,Клуб «Племя»
botbegemottt_bot,bot,Твой Админ,,"Все вопросы пишите сюда в бота, скоро отвечу !"
penmanua_bot,bot,PENMAN,,
zolotobronnizi,channel,ЗОЛОТЫЕ СЕРДЦА Бронницы🇷🇺,382,"Мы объединились 19.10.2022 для оказания помощи Военнослужащим РФ.  Мы шьём обмундирование, плетём маскировочные сети, льем окопные свечи, изготавливаем быстрозавариваемые обеды и каши, собираем необходимое  и доставляем  прямо в руки нашим Защитникам."
luchamaniaxd,channel,WWE WRESTLEMANIA 42,375,
lusaiadinamika,channel,ЛЫСАЯ ДИНАМИКА,230,
los_purasangre,group,𝙇𝙤𝙨𝙋𝙪𝙧𝙖𝙎𝙖𝙣𝙜𝙧𝙚💬,606,Los pura sangre no dejamos que nos pisoteen nuestra libertad y derechos.  Luchamos por lo que es justo y legítimo N🚫 a la DICTADURA sanitaria y NOM
lumos,channel,ㅤ,156,
rbscrew161,channel,RED-BLACK SOLIDARITY,177,
parsonspadpodcast,channel,Parson’s Pad Podcast,556,"Equipping people for a lifetime of knowing, loving and following Jesus"
itseternityhere,channel,‌ ‌ ‌ ‌ ‌ ‌ ‌𝖼𝗈𝗋𝗇𝖾𝗅𝗂𝖺,325,‌ ‌  ‌ ‌ ‌ ‌ ‌ ‌ ‌ ‌. 𝗅𝖺𝗌𝗍 𝖾𝗍𝖾𝗋𝗇𝗂𝗍𝗒  ‌ֺ   𝗎𝗇𝗄𝗇𝗈𝗐𝗇    .  ‌  ׅ   http://t.me/HidenChat_Bot?start=5244931462     ⭑
theskays8,channel,SKAYS | official TG,90,SKAYS - группа с прототипом стрей кидс от6 на просторах онлайн-индустрии Дебют: https://t.me/theskays8/564  Мью/вопросы: @lubluhadzime COOP: @lubluhadzime
marh0ons,channel,My marhoons,37,archive on Martin and Juhoon from Cortis anon : @marh0onsbot own : lina
wcspirozhki,channel,WCS Пирожки,103,"The story, all names, characters, and incidents portrayed in this production are fictitious. No identification with actual persons (living or deceased), places, buildings, and products is intended or should be inferred.  No animals were harmed."
stay_n_alive_skz,channel,STAYn alive,84,Stray kids everywhere all around the world!  Инфопост: https://t.me/stay_n_alive_skz/452 Дать буст: https://t.me/boost/stay_n_alive_skz
cosmoaparat,channel,«Клубъ ланцепуповъ»,122,"Это не канал который вы хотели, А канал котрый мы заслужили  По рекламе: мы сами свяжемся По сотрудничеству: мы пока не уверены"
lastdayoi,channel,🪷𝗅𝖺𝗌𝗍𝖽𝖺𝗒 １００%ᵗʳᵘᵉ,33,
lowtidecvg,channel,AUD LoωΤιde | SKZ cvg,26,
ilovemywife4life,channel,𝑽𝒐𝒊𝒅 𝒉𝒂𝒓𝒎𝒐𝒏𝒚,9,"—Do crime, be gay"
j9ngagtru,channel,jongag 🤎,4,own : нико / катяяяя goal 10 !!?!!
dnanedeep_bot,bot,анонки дневник анекинс,,
hhloveen7bot,bot,𓂃◌𓈒虚ろ∅,,"𝘓𝘦𝘵'𝘴 𝘛𝘢𝘭𝘬, 𝘔𝘺 𝘊𝘰𝘰𝘬𝘪𝘦🍪"
microbitcoinorg,channel,MicroBitcoin (MBC) Announcements,880,This is the announcement channel for MicroBitcoin (MBC).  https://microbitcoinorg.github.io https://microbitcoin.org
microbius,channel,Российский микробиологический портал,262,Российский микробиологический портал  https://microbius.ru/
thinkaboutitandbuy,channel,Переспи с мыслью и… Купи… или….,456,Think about it and buy По всем вопросам  https://t.me/FilosofiaCeo  Filosofia шопинга с умом Влюбляю в Бренды CEO fashion_filosofia  20 лет в мире моды Mummy of 4 Из Питера в Италию за 3 месяца
microrack,channel,microrack synth,528,The most accessible modular synthesizer   microrack.org instagram.com/microrack.synth
microbici,channel,МИКРОБ (главный пельмениед),120,
solusdprices,channel,SOL Price,12942,"Must-have channel for everybody in our big cryptocurrency family! Actual Solana price is always on top of your chat list. Easily forward price to your friends and clients! For BTC prices, use @btcprices For ETH prices, use @ethprices"
bamsmedicofficial,channel,Bamsmedico Official,6143,"Bams medico YouTube, APP, Website,,,, connect with TRUST 🥰🥰"
oftalmodosis,channel,Oftalmodosis 👁💊,954,"Soy Francisco Román, médico residente de oftalmología, y he creado este canal para compartir con ustedes!!!"
sindicatomedicolarioja,channel,⚕️ Sindicato Médico La Rioja 🔴⚪🟢🟡,33,📞Teléfono: 941239382 📗WhatsApp: 602261918 ✉️Mail: cesm-rioja@telefonica.net 🌐Web: https://smrioja.com 📸Instagram: https://www.instagram.com/sindicatomedicolarioja?igsh=MWpwdHFhbHk5ZnJtdQ== 🐦X(Twitter): https://x.com/SMLaRioja
drjesmani_med,channel,گروه آموزش پزشکی دکتر جسمانی,347,"📍کانال مجازی "" گروه آموزشی دکتر جسمانی ""  🔻 آموزش آزمون محور پزشکی و مسیر تحصیلی و شغلی   - دکتر امین جسمانی رتبه ۱۱ کنکور، ۲۱ دستیاری و بورد تخصصی جراحی مغز و اعصاب از دانشگاه علوم پزشکی تهران  drjesmani.ir"
teorykf,channel,Теории КФ!,86,
teorija,channel,KET Bilietai Testai,61,"Testus papildome naujais klausimais periodiškai. Klausimų ir kitos informacijos gausa priklauso nuo Jūsų. Didžiausią dalį KET bilietų klausimų gauname iš Jūsų, mieli lankytojai, tad ir toliau siųskite kaip siuntę mums."
neurosintergia,channel,Neurosintergia,174,Aplicación de la Teoría Sintergica y sus desarrollos. Creado por la Mtra. Ruth Cerezo
conspiracy_theory_official,channel,ТЕОРИЯ ЗАГОВОРА,162,"🔍 Теория заговора  То, о чём молчат официальные источники. Разбираем скрытые связи, неудобные факты и вопросы, на которые нет простых ответов. Думай сам — не верь на слово."
cybernetic_doc,channel,Прикладная Философия,119,"Бывший врач. С начала пандемии занимаюсь корпоративной разработкой ПО на Java. Интересуюсь наукой и марксизмом, исследую место крипты и AI в современном капитализме"
ctrlaltdelstrories,channel,Ctrl+Alt+Del Thoughts,68,Когда зависает код и жизнь
quqon_tanishuv_chat,channel,Ку́конликлар,724,Qoʻqonliklar uchun gurapa  👇   https://t.me/qoqon_quqonliklar_tanishuvchat
yuldoshaliqori_domla,channel,YÖLDOSHALIQORI_DOMLA,313,Ustoz Yuldoshali domla Karimovning telegramdagi rasmiy kanali!   instagramm: https://instagram.com/yuldoshaliqori_domla?utm_medium=copy_link
podcast_razonesdecuba,channel,Razones de Cuba (Podcast),53,
rusgones,channel,Олимпик Лион | Rus Gones,207,🔴🔵 Официальный фан-клуб Олимпик Лиона.  Ссылка на основную группу ВКонтакте: https://vk.com/rusgones  Поддержать голосом: https://t.me/boost/rusgones  По вопросам: @DrSeregin
lostcausefld,channel,🔒 𝐿𝑜𝑠𝑡 𝖢𝖺𝗎𝗌𝖾,39,"Подписка Для Входа В Чат Обязательна!  Инфо Флуда Lost Cause   Начало — 07.02.26 Конец — 09.05.26  Овнеры — Одесса , Билли"
sorazone,channel,Sora zone (18+),133,"Привет,я Сора.Данный тгк посвящён моему творчеству и моей жизни Предложка - @PredlozhkaZoneBot Твиттер - https://x.com/_sora_zone_ Бусти - https://boosty.to/sora_zone"
whysomelightupthestars,channel,зачем зажигают звёзды?,68,- кто знает?
tearsgleb,channel,the reason for your tears.,31,— я должен тебя слушаться? или..   #триднямефа.  лс: @viktorovgl
lmzones,channel,thai girl got me trippin',54,Making the world a better place since ‘97
paradigma_yoga,channel,Paradigma Studio,1041,Студия йоги и фитнеса в Казани   Запись и консультация администратора: @paradigma_admin Онлайн-запись: https://f32866.fitbase.io/schedule-fitbase-widget?club=2 Наш сайт: https://paradigmayoga.ru/ Instagram: https://www.instagram.com/paradigma.yoga?igsh
paradigma_news,channel,Paradigma News,805,ВК - https://vk.com/paradigmafest Правила - https://telegra.ph/Pravila-CHata-Paradigma-09-21
paradigmabz,channel,Paradigma Agency,337,"Маркетинг со смыслом. Строим системное присутствие в соцсетях для Purpose-driven бизнеса, общин и НКО — честно и без пустого шума. 📩 hello@paradigma.agency | paradigma.agency"
vikrampuniya,channel,Викрам Пуния,1080,
paradigmachurchchannel,channel,"Церковь ""Парадигма""",567,"Чтим Бога. Воспитываем учеников.  ВК: https://vk.com/paradigmachurch  Подробно о церкви — paradigma-church.ru  Это наш официальный канал, благодаря которому мы будем держать вас в теме главных событий нашей общины."
vexexistence,channel,-𝙑𝙚𝙭𝙀𝙭𝙞𝙨𝙩𝙚𝙣𝙘𝙚,924,- VexExistence Team Telegram Channel.  - Clan Founder @TheTeSaR  - Clan Manager @ItsDaniyel
capoeira_existencia,group,ИНФО_Capoeira_Existência,314,
existential_basement,channel,Подвал,144,"Мы небольшая команда, состоящая из художника (al_chemist) и сценариста (Morethancat). Рисуем румангу, всякое думерское, панельки, а также арты по играм и аниме. Welcome!  ссылки на всё https://taplink.cc/al_chemist"
existentialfootball,channel,Король Павел Владимирович | Экзистенциальный футбол,138,"⚽️ Тренерская лицензия UEFA «С».  🔍 Футбол, как инструмент познания себя и жизни.  🌀Подход, который меняет представление об игре."
nekrinzhafantastika,channel,"Не кринж, а фантастика",131,"гений, миллиардер, филантроп, но можно просто Айгерим😜"
lilsowgii,channel,🪬,1417,
hyunlixiu,channel,° ✧ 𝖦𝗂𝗅𝗂𝗀𝗂𝗅𝗂 𝖬𝗈𝗈𝗇 ·︎︎* ⋆,448,Welcome to عسل و زن و بچه هاش’s home🎀 ‌ ‌ ‌                ‌@gilgili Knowing that I love you // and running my fingers through your hair،،It's 𝟭𝟰𝟯 so sweet
redlinelullaby,channel,переезд redline lullaby.,95,where the night burns fast and the streets don’t forgive.  anon: https://t.me/redlinelullabybot
stranger_territory,channel,𝑆𝑢𝑚𝑚𝑒𝑟 𝑛𝑖𝑔ℎ𝑡𝑠 🍓 [18+],135,"Танцор, визажист  Лидер @wish_up_cdt Анонка @sweettears_bot  Связь через @strange_yura"
contagempublica,channel,Contagem Pública,69,Contando a audiência nas redes sociais.
antisovetnic_ru,channel,Антисоветник,21,Блокировщик Советника Яндекс Маркета — без лимитов на блокировки от 1100 рублей/месяц https://antisovetnic.ru/
advigen_digital,channel,Блог АДВИЖЕН Digital,6,
nitariadny,channel,Нить Ариадны,253,Самопознание на Пути Света
samorazvitie_michailova,channel,Психология Процветания,54,"Это авторский канал, посвящённый саморазвитию и мотивации! Все посты выполнены Натальей Михайловой - духовным мастером и психологом."
spiritual_awakening_kundalini,channel,Mindful Now 🙏 Spiritual Embodied Awakening Kundalini Shaktipat,70,"https://t.me/spiritual_awakening_kundalini Spiritual Awakening,...Enlightenment doesnt have to difficult or take a long time. Peaceful Awakening is possible  with the right guidance coming into your life. #enlightement  #yoga #tantra #awakening #shaktipat"
probuzhdenie_russia,channel,САМОПОЗНАНИЕ,27,
sound4ulife,channel,медленно и тихо,2,медитация; амбиент; психическое здоровье; изменённые состояния сознания; бессознательное; бинауральные ритмы; психоакустика; стресс; мозг
psiho_garmonia,channel,ПсихоГармония,1,Твой путь к внутреннему балансу.
linkgodcoding,channel,𝗬𝗢𝗥𝗨 𝗠𝗔𝗜𝗡 𝗖𝗛𝗔𝗡𝗡𝗘𝗟 4️⃣,3117,𝗢𝘄𝗻𝗲𝗿 | • @Devbutnood
truesfirstone,channel,बह ू firstone,25,I'm Yui (юи) my 2 archive - @onllyYunah
truestage,channel,truestage,61,
trueewook,channel,🔒03 Ŵook,31,own минж связь @ldwminjbot
truerepet,channel,ТРУ Репет,9,
truedangca,channel,Gehlee D,16,
truetradersteam,channel,Truetradersteam,16,
real_reporterx,channel,@Real_ReporterX,9,
trueshamann,channel,ASK SHAMAN ☎️,6,
truegift,channel,True gift,5,
vilambunews,channel,🏹வில் அம்பு செய்தி🏹,92,Tamil Online News and Weekly News Paper
writternews168,channel,Writter News Channel,52,ព័ត៌មានពិត បំរើប្រជាជន ដើម្បីសន្តិភាព
liveaapnews,channel,Live Aap news,37,
publicappvibe,channel,"""Public News & Views",31,News 4 All
big_bang_x_flood,group,𝐁𝐈𝐆 Х 𝐁∆𝐍𝐆 𝐅𝐋𝐎𝐎𝐃,15,𝐂𝐑𝐘𝐈𝐍𝐆 𝐒𝐂𝐇𝐎𝐎𝐋𝐂𝐇𝐈𝐋𝐃𝐑𝐄𝐍 𝐂𝐇𝐀𝐓  𝕮𝖍𝖆𝖙 - @big_bang_x_flood 𝕹𝖊𝖜𝖘 - @big_bang_media 𝕻𝕽- @big_bang_smm
truesparkgirl,channel,ㅤ ㅤ㊦ 𝔖park . 𝔊irl,1061,恩菲 *  𝓐lthough Not Hard At All  🎼 Connect t.me/TrueSemiBot ( G ) - 1500
true404era,channel,404 era,751,T.me/soyaaanon_bot     💜 True soyaa    Files @EnJeansFiles
truerice,channel,. 🄳 𝒾 : 𝒶n / . 𝒶 ”,49,ᅠᅠ`  𝒢 𝒶. ll ” ℯ  :  r𝓎  ' ゕ ᅠᅠᅠᅠᅠᅠ« cℴ - 𝓁. e .⿻  v  „ 𝒶 y.a ᅠᅠᅠЦель : 1ОО  ;  @ravvvebb_bot
ay_cover,channel,𝖠ꪗ,14,prod : @katzukiprod
thetrueyena,channel,Choi Y,15,Not Updates! Choi Yena 🤍 t.me/TruestYenaEver Xiva
port_grace,channel,𝗉𝗈𝗋𝗍 𝖿𝗋 𝗀𝗋𝖺𝖼𝖾,9,
truepsweet,channel,﹫𝒫 - 𝕊wꫀT . *,4,Влд : : Ироха / Iroha
atem_leben,channel,Atem Leben – Selbsterfahrung,130,✨ Atem • Meditation • Stille  🫧 Atemreisen 🪷 Retreats 👥 Einzelsitzungen  ➡️ https://atem-leben.de/  #Breathwork  Atem Leben – Janosch Prost
project_leben,channel,project Leben,193,"Freiheit, Gesundheit, Geistige Weiterentwicklung"
gesellschaft_zukunft_salzburg,channel,Gesellschaft Zukunft Salzburg,906,
playfulanthropologist,channel,Playfulanthropologist,72,مشرکی در میان انسان‌شناسی گردشگری لیبرال
kraftjagd,channel,Jagd auf die Kraft,166,"Ein Raum für Gespräche, Seminare und Selbstentwicklung  Das ist ein Ort, an dem jede Person (Frau/Mann) sich öffnen, die Last unerfüllbarer gesellschaftlicher Erwartungen ablegen und wahre innere Kraft erkennen, akzeptieren und verstärken kann."
gesellschaft_coronavirus,channel,"Gesellschaft & ""Coronavirus""",48,"Informationen verschiedener Quellen zum ""Coronavirus"" SARS-CoV-2 (COVID-19) und den Folgen sowie gesellschaftlichen Themen   Die Informationen sind ohne Gewähr auf Vollständigkeit und Richtigkeit. Bitte eigene weitere Recherchen und Prüfungen vornehmen."
seelen_sein,channel,🌟Sein💫💫💫,35,Kristallklangschalen - Schwingunsräume der Seele Www.Seelen-sein.com
silkesein,channel,⚪️Silke Sein⚪️,78,"HEREINSPAZIERT Hier kommt „ALL“es hinein, was mir gerade in den Sinn kommt  unsinniger Sinn - sinnvoller Unsinn ¯\_(ツ)_/¯"
frauenderneuenzeit,channel,Heilraum befreite Weiblichkeit 🐚,5699,"Tiefes Lauschen in Weiblichkeit, in Heilung, in das Sein 🐚   💫 Kontakt: @anna_farina 💫 annafarina@posteo.de"
auszeitsein,channel,Auszeit SEIN Klangentspannung in Walsrode,65,Auf zu deinem Wohlfühl SEIN! #Kinesiologie #Aufstellungen #Klang #Bewusstsein #Coaching #Kinder #Walsrode
sagnein,channel,NEIN,172,NEIN ist das mächtigste Wort der Welt.  Sag auch Du NEIN !  Kreative Einsendungen gern an den 👉🏻 @sagNEINbot 👈🏻
tinokuschelt,channel,in Touch with Tino,713,"Berührung, Seile, Konsent & Kommunikation"
oeffnedeinherz_ichbinliebe,group,SonnenKinder sind Liebe,555,Chat für SeelenGeschwister 🙏💖✨🤍 Pures reines Licht✨  Kunst und Spiritualität: https://t.me/Sym_Path  Heilpflanzen: https://t.me/SymPathHeilGarten  Menschenrechte: https://t.me/freehumanityswiss  YouTube: @sympath777
besedysnami,channel,Беседка. Афиша,146,Авторские лекции. Арт-дегустации. Место уютно- познавательных встреч.   Сайт  https://besedy.tilda.ws/ ВК  https://vk.com/im/channels/-236705044 Таймпад https://afisha.timepad.ru/organizations/435144/events
lyndung,channel,Komuniti Kongsi Bil Perubatan Lyndung,187,Kongsi Bil Perubatan bersama Komuniti Lyndung | https://www.lyndung.my/
saihellhome,channel,бес чонгук,63,sports coach of @formula1crew
brednisovy,channel,Бредни Совы🦉,82,Блог третьекурсницы биофака с творческими таракашками в голове
yezyizher,channel,Hwang Yeji,35,Настя @nasta08_bot
sbr_ss,channel,𓇢𓆸,53,انسان دائم در خسارت است مگر  عاشقِ صادقِ مبارزِ صابرِ مواصیِ به صبر.
hoshitachi,channel,🎠,41,"Himininn Er Að Hrynja, En Stjörnurnar Fara þér Vel. Once the night came And all thoughts were drowned in white I was nowhere Nowhere to be found."
aletheiatruth2,channel,Aletheia,161,"""Where eternal truth transforms lives and inspires purposeful living."""
freienordrheinwestfalen_2,channel,Freie Nordrhein-Westfalen Ersatzkanal,130,🟢⚪️🔴 Freie Nordrhein- Westfalen 🔴⚪️🟢 Links zu den Kanälen:  @freienordrheinwestfalen @nordrheinwestfalenchat @Wahrhaftigkeit Ersatzkanal: @freienordrheinwestfalen_2
sozgr,channel,Политический дневник С.В. Рудковского,136,Субъективные заметки на политические темы.  Обратная связь:  @rudkovskii89  Поддержать работу канала:  Карта: 5168 4401 3463 8548  Cчет: 2572697017/3030  IBAN: CZ60 3030 0000 0025 7269 7033  Account name:  Stanislav Rudkovskii
furp_del_0401,channel,Удалили ботов / FURP,76,
konfa_danonem,channel,𖣂Ɗ𐌀N𐌏N𐌄⛧//𝚂𝙸𝙲𝙺 𐌑𐌛4,192,Owner: @waxzszc
blokhina_na_dzene,channel,"Блохина на Дзене 🔥 Настольные игры, книги, материнство",425,"Канал для вдохновения, когда не знаешь чем заняться с ребенком.  Обзор книг и игр, в которые можно поиграть с малышом от 8-ми месяцев до 8-ми лет.  Буду рада быть полезной😁  Рутуб: https://rutube.ru/channel/24292904 Я: @Blokhina180"
deliaarnold,channel,Delia Arnold 🦅,280,Als Augenoptikerin und BewusstSeinTrainerin diene ich in meiner Passion für multidimensionales Sehen und ganzheitlichen Durchblick 👁🦅   Webseite: https://deliaarnold.de  Shop: https://www.seedshirt.de/shop/idealspirit Kaffeekasse:  paypal.me/deliaarnold
thesundrinkstea,channel,🌤The Daria Sunis,95,☕вот  🪐такой  🕷️viiibee 🎧⭐🍜  - S.I.U - Sun Is Up
diane_shtrikh,channel,"пирсинг, ювелирка, жизнь",128,"Ювелирный пирсинг в Москве, Диана Штрих Связь @shtrikh  https://n1220410.yclients.com"
disne_yyy,channel,𝑫𝒊𝒔𝒏𝒆𝒚¹❤️‍🩹,120,"Офіційний канал Disney¹ 🖤 Новини, набори, івенти та все найцікавіше — тут."
danaidlen,channel,Dana and idle! РЕСТ,23,це новый канал окей да
dieily,channel,𓎦,53,𓏵 kartinki v internete
tvoy_den1,channel,Твой День🎉 Аниматоры | Игротека | Красноярск,198,
crypto_and_review,channel,CryptoTalk и Крипто Толк,81,"На канале даем обзор интересных на наш взгляд новинок в мире блокчейна, NFT и иногда свое отношение к этому"
deemotivated,channel,demotivated,80,"‎  𝟻𝟸𝟻. NW 55th hills suite. invited the dummy’s box, to reminisce when i was thriteen. rubbish, always bare of ripe and flirty.. maintenant je suis thirty, flirty but still: @thriving13, au revoir. ‎"
de1_ly,channel,деля аутсайдер,54,
dm51_2,group,51动漫官方群组,30,
skototaxis,channel,AltWriteWegner,221,"Ich könnte hier jetzt »Welcome to the desert of the real« hinschreiben, aber es soll ja niemand im Meta ersaufen."
einundzwanzig_beginner,group,21Million BITCOIN,36,"🐇The Secret: The answer 42/2  Wir helfen Dir smart ins BTC Rabbithole. Alles dient zur Entscheidungshilfe & stellt keine Anlagenberatung dar.  Erst Regeln, Auschlüsse und Bedingungen lesen. Niemand übernimmt Haftung für Deine Entscheidungen!"
kosandra_3_3_3_3,channel,•𝐊𝐎𝐒𝐀𝐍𝐃𝐑𝐀•,702,
wpcenter69,channel,WP-Center💻,144,"Сервисный центр по ремонту ноутбуков и ПК в г. Тверь, интернет-магазин запчастей для ноутбуков. *Мы создали канал, где будем делиться не только полезными советами и новинками поступлений, но и закулисной жизнью нашего сервиса!  по вопросам: @wp_center69"
anime_vse_514,channel,Ромео и Джульетта,134,
axo_004,channel,مُواساة .,307,وأوقــات الجِـريح  اِيعيب فـَ الدّاواي   من ضيْم الجَراح وهو شفَاه علي اِيده .
retro_foto,channel,ФотоКабинетъ,376,Фотографируем позитивно!  Наш сайт: http://retrofotos.ru Вконтакте: https://vk.com/fotocabinet_vk  Телефон: +7 977 808 0046
wir_wollen_reden,channel,Wir Wollen Reden:,397,Wir wollen reden.
wolfyeen,channel,Волчье-гиеновое подпространство Хати| 🔞,777,"Мой арт-канал, где в первую очередь появляются все работы и новости🥰  🔞NO MINORS ALLOWED🔞  VK /hatiwolf"
life_is_hard2,channel,ژیان‌ سه‌ختہ...!🖤,7457,هیچ نیشتمانێکی ئازاد، بێ ژن بوونی نییە!♥️✌🏻  https://telegram.me/TeIeCommentBot?start=sc-818473-hLjDHDy  @Helee_66    S̴t̴a̴r̴t̴ c̴h̴a̴n̴n̴e̴l̴ 1402/4/15
dllprr,channel,دڵـپڕ,1547,. . .
wanaydangi,channel,وانەی دەنگی | سەلەفی ئوممەت |,605,لەم کەناڵەدا وانەی دەنگی لەسەر مەنهەجی سەلەف بڵاوئەکرێتەوە.  بۆتی کەناڵ : @salafyummat_bot  کەناڵی دووەم : https://t.me/salaflibrary  کەناڵی سێیەم: https://t.me/jami3mutun  کەناڵی چوارەم: https://t.me/Wanaydangi  کەناڵی پێنجەم: https://t.me/salafyummat
delroona,channel,دڵروونا | Delrûna,586,من زۆر لە غەریبی دەترسم وەرە با باوەشت بکەم بە نیشتمان ♥️🌱 نەناسراو: @DeLrOoNa_Bot
feindesignn,channel,Fein,211,top floor boss
tcatd,channel,Catacombs of Dissent,2647,"https://t.me/+nUTXXYMV84MzMzZk  Welcome to the directory for the Fren Network!!  Here you will find only fedposting, and the hardest BS you can find on Telegram! Everything said here is said satirically of course, we don't not endorse violence!"
domikrudyfnaf,channel,🍕 Дᴏʍиᴋ Руди ~ Пять Ночей у Фредди,219,"Этот ТГК посвящён франшизе FNaF.  Здесь ты найдешь: новости, интересные факты, интерактивные игры, конкурсы и много чего другого. Тут ты сможешь поделиться своими знаниями и творчестом!  Ждем тебя! ❤️  Создание — 13.10.23 ВП 50+"
fein_arts,channel,FeinNomenon / ФенНоменон,38,"Здесь я, и моя конченная но любимая аудитория) Кчау."
blueboxjobs_find_your_dream_job,channel,BlueboxJobs,338,A New Experience to Job Searching
feiume,channel,One Last Goodbye,184,
novaprespekt,channel,Ａｅｓｔｈｅｔｉｃｉｚｅｒ| 美的,450,Enfj He/They/She whatever @Shoegazingdude t.me/BChatPlusBot?start=sc-7T3gYa4dkkN7
redkiyspekt,channel,Маска Коноваловой,174,"О любимых спектаклях, которые были, есть и обязательно будут"
jiloxxxx,channel,джилокс,148,да пох шавасана
kseshekssss,channel,kseshkk,133,еее
ae1ls,channel,åë!¡ìaś,147,не участвую в чистках/переотметках.
thoughtsaboutdea1h,channel,Dreams|| meow-meow🐈‍⬛️,112,Dreams must come true. Be my dream.
drwilfredostokes,channel,Dr. Wilfredo Stokes Baltazar Guatemala 🇬🇹,14398,
drcolemanvernon,channel,Dr. Vernon Coleman,1010,The government won’t stop me! We are stronger together!
panderowka,channel,Panderik и друзья,837,
draseemmalhotra,channel,Dr Aseem Malhotra,394,
pubmedinfo,channel,PubMedInfo,495,
ciencia_espanol_a1,channel,Ciencia y Futuro (A1),58,Новости науки и космоса на простом испанском  Для связи и сотрудничества пишите @eva_walle
pandemonia1984,channel,✶ HEXEN,305,(⁠ ⁠˘⁠ ⁠³⁠˘⁠)🫀 they/it MDNI  ретроэнтузиаст я ем много овощей и слушаю клёвую музыку мои рисунки можно ставить на аватарки  паблик в вк: https://vk.com/hexenrotten
whonkainsainvalisetsopimukset,channel,WHO:n esittämät muutokset kansainvälisiin sopimuksiin,174,Maailman terveysjärjestö WHO:n pandemiasopimuksen ja kansainvälisen terveyssäännöstön muutosten vaikutukset kansalaisiin ja yhteiskuntaan
nuzuzru,channel,NuzUzRu,287,
weltfriedentv,group,Weltfrieden.TV,327,"Probleme mit Zensur und Erreichbarkeit. Nutze: https://klickehier.com/fuer-optimales-vpn Unterstützt bitte unsere intensiven Bemühungen und Arbeit. Abo + https://www.paypal.me/CrowdEnergy Wir können nur soviel tun, wie es die Mittel zulassen."
digitalestrategienundwiderstand,channel,Datenschutz und digitale Alternativen,241,"Hier möchte ich Nachrichten zum Thema Datenschutz posten, um die Totalüberwachung durch Sillicon-Valley zu mindern.  Sämtliche Dienste der Kraken lehne ich ab  und nutze Alternativen."
nutasu,channel,My name is Нюта,51,мир на плёнку моими глазами📸
guandjsnfnsoworj,channel,JUNZ MARKET,21,
nutflu,channel,reflection .04,13,‌ ‌ ‌ ‌ ‌ ‌ ‌ ‌    аида    @Yup30th    вся     инфа     в     закрепе !
gabrielekingwill,channel,Ankommen und Aufblühen,38,"Nutze das Gold der Morgenstunden für einen achtsamen, liebevollen Start in deinen Tag 🌞🌸🌿✨  💗 #Live #Morgenmeditation Montags - Freitags jew. 6 Uhr morgens  🧘‍♂️ #inspirierende #Morgenimpulse 🌼 www.gabriele-kingwill.de © @gabrielekingwill"
xerosoph_in,group,xerosoph.in,35,"Hallo👋🏽Willkommen bei der Xerosoph.in, dem autonomen, kritischen Magazin inspiriert von und zu Veloaktivismus🚴🏾🖤Dies ist unser Plenumschat - nutze ihn für auch immer du ihn richtig findest🥰Mehr Infos: www.xerosoph.in"
pi_nut,channel,☽Арахис☽,10,
homeotrain,channel,Praxis Felix Wolfram,23,"Ich nutze diesen Kanal für Neuigkeiten aus meiner Praxis. Ich verlinke YouTube Videos mit Inhalten über meine Arbeit und gebe Termine bekannt für Kurse, Seminare und Ausbildungen. Die HomeoTrain Videos lasse ich noch stehen. Viel Spaß, Felix"
fraze,channel,fraze,15,
saltyfishio,channel,SaltyFish.IO,3723,https://portal.saltyfish.io/
bug_alert,channel,Bug Alert 🔔,205,official channel @spider_cybers session: 05c181c0c91e3bccf70d2c534490e74bb14c746835a15394b5ae45518304cd4371
karawangerrorsystemm,channel,KARAWANG ERROR SYSTEM,543,"Hello Telegram, this channel has complied with Telegram's terms and conditions. This channel was created just for fun."
karawang3rrorsystem,channel,KARAWANG ERROR SYSTEMM,44,
error_son,channel,🌈ᏦᗣᑎᎽᙅᙢᏦᗣ ᙖ ᗪᎽᘜᗣᖆⵋ🌈,47,"Риᴄунᴋи будуᴛ, ᴨᴏᴩнᴏ будᴇᴛ, хуи и Сиᴄи будуᴛ, ʙᴄᴏʍᴇᴄный ᴋᴀнᴀᴧ ᴄ ᴄᴀʍᴄᴏй.   ❗РИСУНКИ МОЖНО ПУБЛИКОВАТЬ ТОЛЬКО С УПОМИНАНИЕМ КАНАЛА❗"
lead_im,channel,lead.im,39,הודעות ועדכונים שוטפים ללקוחות של lead.im
bugalerts,channel,Bugs Alerts,59,
vortexhotmailchecker,channel,Vortex Hotmail Checker Bot Channel,17,
sheny502hcn,channel,渊神,4,
feller_feedback,channel,Отзывы Ольга Феллер GSR,30,Все отзывы размещены из открытых источников или из личной переписки с согласия клиентов. Больше о методе: @keys_inside. Написать в ЛС: @olay_star
dunkelheit_a,channel,[ ᕲᑘᘉᖽᐸᘿᒪᕼᘿᓰᖶ ] × #ᴀᴜꜰᴇɴᴛʜᴀʟᴛ,26,# Verfilmung ❗️FEHLER❗️  ⁰⁰ | Начало: ❗️FEHLER❗️
erikaheeberkennedich,channel,Erika Heeb (erkenne Dich) ❤️,417,
c_erkens_art,channel,Cyril Erkens Art Studio/ Арт-студия Сирила Эркенса,157,Illustrateur / Художник-иллюстратор Créateur de BD / Автор комиксов Graphic designer / Графический дизайнер  Fr / En / Ру  Website https://cyrilerkens.art  VK https://vk.ru/c_erkens_art  Pour toute demande : @cyril_erkens По вопросам: @AliyaBelAmi
lowkirkenne,channel,34+35🌷,125,"Facecard, no cash no credit"
xsmpkinn,channel,Да я кинню... Xsmp,45,cr: @mrChocopiee Take bot: @XSMPkinnbot
yanderesimconfession,channel,YANDERE SIMULATOR CONFESSION,110,яскф начало 05.06.26
auf_dem_weg_zu_mir,channel,Auf_dem_Weg_zu_mir,123,"Anregungen und Hilfe zur Selbst-FINDUNG 🔹Körper Gesundheit, Selbstheilung, Ernährung, Psychologie, Mentales, Familie,  🔹Seele  Archetypen der Seele Haupt-und Nebenangst Besetzungen / negative Energien 🔹️Geist Erkenne dich als geistig-spirituelles Wesen"
chikenne,channel,"🪴Fandom chicken gun/ чикенган русс🏝️ , СЕГОДНЯ 🧟🧌",50,"Искали канал полностью просвещенный чикенгану   Хотели пропиарить себя, показать творчество по чг?  Тебе к нам!"
trommelundrauch,channel,Trommel und Rauch,88,Bewusstsein schafft Realität  Alles ist beseelt und miteinander verbunden. Erkenne dein wahres göttliches Bewusstsein - kreativ einfach JETZT!  www.reiseeinerseele.at  www.holopathie-loipersdorf.at
aerial_znakomstva,channel,𝐀𝐄𝐑𝐈𝐀𝐋 | ЗНАКОМСТВА.,62,
seelen_gefluester,channel,Seelengeflüster,81,"Im Einklang mit dem Seelenplan Leben. - Lausche den Geheimnissen der Seele, erkenne Zusammenhänge, triff Entscheidungen und komm auf deinen Seelenweg.  Instagram: @seelenweg_coaching Onlineshop: https://seelenwegcoaching.shop.copecart.com/?fbclid=PAVERFWA"
remedyconf,channel,Remedy Entertainment confession!,71,хуесосим ремеди
erkellam,channel,Леший навьей костями,28,"У хозяина болота голос ласков, нрав жесток."
ayurveda_shuna,channel,☀️ L(i)ebe DEIN Leben ☀️❤️☀️,51,"In diesem Kanal bekommst du Infos über Gesundheit, Ayurveda, Produkte, Permakultur Rezepte,- was kann ich wie kochen, alles Gute für die Jetzige Zeit damit es dir gut geht. Das Leben ist ""bunt"" erkenne es und er-lebe es."
erkezzzz2,channel,еркеша.,12,
vopmilktea,channel,「Vop」維聲-奶茶同萌,1865,維聲不死，傳承維聲，這裡是維聲二頻  本頻道特色有:維尼主題/兩岸三地/世界時事/版面評論    保有維聲精神，傳承乳制品，維聲不死，繼續傳承    自助投稿Bot: 建置中  聯絡編輯: 建置中  主台Twitter地址: @RealEmperorPooh    友鏈：  @Ruters0615 乳透社  @VoiceofCN 中國文宣  @XueXiNmsland 學習牆國  @warmacd 查檔找老賴資產調查
infopointdeutschland,channel,InfopointDeutschland 🇩🇪 Bürgerjournalismus Forum,883,Herzlich willkommen im Bürgerjournalismus Forum. Wir veröffentlichen Eure Berichte und Artikel über aktuelle Themen. Eure Berichte werden auch in vielen großen Kanälen geteilt. Eure Meinung und Anliegen sind uns wichtig.  Infopointdeutschland@freenet.de
dokuszumhinterfragen,channel,Alu hut Hauptkanal 😉😉,452,Wie tief willst Du hinabsteigen in den Kaninchenbau? Euer Olli aus den Land in Bayern
nachdenkseitende,channel,Nachdenkseiten,564,Hier werden alle Nachrichten aus dem RSS-News-Feed von Nachdenkseiten gepostet. 🤓  Mehr News 📰 @DerNewsChannel  Bei Fragen und Problemen 🤔 @DerNewsChat
deprogrammare,channel,Deprogrammare,220,
hintsage,group,Hintsage - ИИ помощник,233,https://hintsage.com/
hinterdem,channel,Tara Terra,233,Möglich das es so war und ist
billlawrence,channel,BillLawrenceOnline.com,43,"News, Entertainment, Enlightenment About Delaware County Pa and the World"
wachbleiben,channel,Wach Bleiben,136,"Ein philosophisches Pourparler  vom Küchentisch zur SRB Radiosendung zum Youtube- und Telegramkanal in die Welt.  ""Glaube nix > Hinterfrage Alles > Denke SELBST"""
potencia_2,channel,Potencia 2 Academy - Marketing Estratégico con Facebook e Instagram,1089,Canal Oficial Potencia2 Academy. Estrategias Digitales para Negocios con Facebook e Instagram.  👉www.Potencia2.com
tupotencial,channel,Coaching 🧠🚀🫵🏻 TU POTENCIAL,127,Contenido de alto valor GRATIS🚀  🤩Todo empieza por nosotros y nuestra mente!  🚀Lográ tus objetivos! Vamos por tu mejor versión! TU POTENCIAL    🤩Compartilo con esa persona que podes ayudar https://t.me/tupotencial Más info 👇🏼 www.sabrinacordal.com
human_potential,channel,Инсайты дня - цепная реакция саморазвития,50,"Делимься инсайтами, лайфхаками, знаниями, решениями,  кейсами,  житейскими мудростями и советами итд @abdemur🤗  #Поддержка #CoWorking #ислам_БМ #CoHelping  #Асар #человеческий_потенциал #единство #саморазвитие #глобальный_мыслительный_потенциал #1_10_100"
excelsum_mens,channel,Ordo metallum et Excelsum mens,593,Vivat Ordo! Vivat Excelsum mens!  Чат - https://t.me/+00XhGjhFDv1iMDdi
robertboerman,channel,Robert Boerman,236,www.robertboerman.nl
diewahrheitkommt,channel,DieWahrheitKommt,1433,"Gemeinsam für eine Gesellschaft mit Herz und Verstand, Liebe und Hilfsbereitschaft ♥️  Partnerkanäle ⚡🗿  https://t.me/dersechzigsteBreitengrad  https://t.me/FreieEnergieFuerFreieMenschen  https://t.me/HeimischeWunderDerNatur"
elisabethwesthoff,channel,Elisabeth Westhoff ✨,1403,Zwillingsflammen Hochsensible  Sternensaat Energiequalität
walnussblatt,channel,WALNUSSblatt - Öffentlich,499,"Das Magazin für Geist, Herz & Verstand."
wondelandjar1488,channel,Wonderland.jar cf,48,em_pleH тейк бот: @wonderlandjarbot
finder_swagc,channel,Белая дверь,68,нет щитпост: https://t.me/narkofindep
ftcljustice,channel,департамент Чёрного Списка FTCL,16,
error404dailyconf,channel,Error 404 daily + confessions!!!,16,Cr: https://www.tumblr.com/mochichoki/742722464553091072/shipruary-day-18-error-404-oh-these-loving-fools?source=share :3 Просьба прочитать закрепы.
gracecfdaily,channel,[Admin search] 𝐌𝐢𝐬𝐬 𝐆𝐫𝐚𝐜𝐞 𝘾𝙛 + non-𝙙𝙖𝙞𝙡𝙮!,65,Начало:: 21.01 По всем вопросам к Гре- К влАДЕЛЬЦУ @TheFrAmia
finderis,channel,Псих лист Фина,23,Пойдешь со мной искать легенды ?
rbmpcf,channel,[ВЕЧНЫЙ НАБОР АДМИНОВ]||Roblox mp cf,21,
gameruleshateconfa,channel,[АРХИВ]gᴀʍᴇrulᴇs hᴀᴛᴇ ᴄf,14,
badrandomscf,channel,плохие рандомы cf [🤡🔍],13,Бот для тейков @badrandomscf_bot
admiearch,channel,Admin search confession,3,
itsttsi,channel,⇆ 𝘔𝘜𝘚𝘐𝘊 𝘤𝘰𝘯𝘧𝘦𝘴𝘴𝘪𝘰𝘯 + 𝘥𝘢𝘪𝘭𝘺.ᐟ.ᐟ,3,
killdroidcf_nondaily,channel,𝑲ɪʟʟᴅʀᴏɪ𝓭 cf ˎˊ˗ ɴ̶ᴏ̶ɴ̶ ᵈᵃⁱˡʸ 🧨❗️,7,Pfp cr :: lost . Main post cr :: fyfhfgj (?) on Pinterest .
hatedeepconfession,channel,Hate deep cf,4,
koshkinazdess,channel,KOSHKINA 🐈‍⬛,17094,"это моя жизнь и здесь я делюсь всем с вами, все классненькое тоже скидываю <33"
reptiloidenmatrix,channel,Reptiloiden-Matrix®,1466,"Beginne ich zum vierten mal, was solls, Willkommen im Reptiloiden Kanal.  Donnie Darko"
llm_learning,channel,Github LLMs,732,LLM projects @Raminmousa
litmatrix,channel,Литературная Матрица,300,"Книги про самый разный опыт 🖤   «Литературная матрица» выпускает книги по следующим направлениям: проза современных авторов, краеведение и фольклор, литературная критика и публицистика, биографии и книги об искусстве и культуре.   https://litmatrix.ru"
derwegzurwahrheit_enterthematrix,channel,Der Weg zur Wahrheit✨Enter🗝Your Matrix🪐,123,
animatrix_chat,group,🗯 Аниме-чатик | AniMatrix,430,🎩 Помощь: @AniMatrixFAQ ——— 📣 Канал: @animatrix_channel 🎮 Игра: @AniMatrixGame_bot ——— ❤️‍🔥 Поддержать проект: https://boosty.to/anibattlegame ——— #Anime #AnimeGame #AniMatrix
btlitvak,channel,БизТех 📌 Дм.Литвак,314,⚙️ Бизнес-технологии на каждый день 💡Точка входа во всё: http://6612.ru  📩 Личный телеграм @Dm_Litvak
pov858,channel,Матрица Судьбы | Сценарии в жизни.,236,"Раскрываю: 🌀 повторяющиеся сценарии и скрытые причины ситуаций, которые снова и снова возвращаются в вашу жизнь.  Даю ясность. После нее появляется понимание, что делать дальше.  Пиши свою цифру→Диагностика @vologzhaninova"
anime_matrix,group,Anime Matrix,134,"Rules 1.a little NSFW No Racism 2.No Gon gifs,stickers or pics 3.No spam. 4.No one get kicked unless they spam ~Pls bully traps. ~jap/english.  {Watch https://youtu.be/x0jPbnuZ3Rc for how to become admin}  ~Consent required;-;"
librematrix,channel,Matrix Libre Sirvice,44,
cravendraven,channel,🔥 Craven Draven,13,"Welcome to the realm of Craven Draven.  Craven Draven | Spiritual Truth & Matrix Awakening  I deliver raw, powerful teachings to help you break free from the Matrix by mastering your thoughts and energy.   Through cinematic story-mode lessons and deep spi"
uslugy_ludmatrx,channel,Консультации | LUD.MATRX | Таро. Матрица Судьбы. Ты,27,
erwache_com,channel,THE GREAT FREESET,1412,Kosmopolitisch Frei | Finanziell souverän!
spiritree_naturschmuck,channel,✨️Spiritree✨️,1872,"Unter dem schützenden Ast des Spirit Tree erwacht die Magie der Erde zum Leben – jedes Schmuckstück trägt das Flüstern der Sterne, die Kraft der Kristalle und die Erinnerung an das Licht in deiner Seele.  @Delia-Spiritree-Naturschmuck"
gzhr8ax8xa1zwyy,channel,спать хочу,83,
laotzutaotechingpariessenz,channel,Lao Tzu ~ Tao Te Ching | Erwacht,185,💎 Verse  gelesen von Pari*   t.me/LaoTzuTaoTeChingPariEssenz  @PariEssenz  🤍💎💫
de_llice,channel,natòshik`,138,"хочу спать.. она энджин, если вы вдруг не поняли"
light_feel,channel,Человек Будильник | Елена Белоусова,40,"Пора просыпаться от жизни иллюзий. Авторский канал Елены Белоусовой о принципах жизни, честности с самим собой, пробуждении, тенденциях ума, чистых чувствах, отношениях на всех уровнях. Личные сообщения @ladyave"
afksquad_1,channel,𝗔𝗙𝗞 𝗦𝗤𝗨𝗔𝗗,13,14.08.24- 𝗔𝗙𝗞
jcpuffy,channel,泡芙说📣,37,爱不是先拿到答案，才决定要不要开始。
quotesmindsx,channel,Quotes | 🌿,91,This channel is sponsored by stolen  Quotes for EDUCATIONAL purpose only  feedback @HitmanRebornX2 👉 @MemesTGram
theorderofthesun,channel,Order of the Sun,74,"The Anglo Saxon is destined to Rule the Universe, as God intended."
turkns,channel,"Dɪᴠɪꜱɪᴏɴ SS ""Tᴜʀᴋ""",52,"«Выбрать тебя – для меня это смерть желанна, Не нужна, пока ты стоишь, девичья гордыня. Ты сияешь, ты – свобода души моей страданья, Достигли совершенства медовые воды Эля Туркестана!»"
dunkelheititsch,channel,Dunkelheit •÷•,80,Отъ Ирландіи до Китая говорятъ о Вашихъ злодѣяніяхъ...
diewelletelegram,channel,"Wir wollen keine ""Die Welle"" mehr! We don't want that people act irrationally like sheeps",88,"For a better world without ""die Welle"", where people act rationally by questioning everything - A project by @RoadToPetabyte @GenRevolutionOfficial @CountriesFreaks - Other: @BullshitTelegramArticles @RedditBlackout @ClimateChangeTelegram ..."
wittejassen,channel,Witte Ketting,155,"De 'witte ketting' van zorg professionals is ontstaan op 14 mrt 2021, toen er werderom overmatig geweld plaats vond van ME tegen tegenstanders van overheid beleid Diezelfde avond riep Yv op om in witte jassen in rij te staan, tussen ME en demonstranten"
rheinbachspaz,channel,Rheinbacher ❤️Menschen,78,
diewahrhe,channel,Die Bittere Wahrheit,30,Die Bittere Wahrheit
ostvolk,channel,Arbeiterzeitung,65,Volkes Lied erklingt überall in unserem Land
nmugmw,channel,International Affairs - German Media Watch / Nicht Mit Uns - Am Yisrael Chai,44,"Gebündelte Nachrichten aus Israel, der Welt sowie biblisches Hintergrundwissen https://germanmediawatchblog.wordpress.com/"
bitchute_aktivistinnen,channel,Aktivistinnen in BitChute - Die Zerstörung von YouTube!,7,YouTube treibt Andersdenkende zu Bitchute.  - Jasinna - Lilly Thüringen  Siehe auch @BitChute_Aktivisten  Informationen in Englisch @BitChute
lachlos,group,Zwerchfellschüttler 😅 🇦🇹 😂 Widerstand,59,🤞😂 ◇ Hier bist du richtig wenn du über unser🖕🏻System lachen willst! Wir lachen und scherzen nur innerhalb der bestehenden Gesetze! ♡ Vereine und (privat) Personen aus dem gesamten Widerstand werden hier nicht verspottet! Habe Spaß und lache los🍷🐁 🥩
cxh_art,channel,Chill ХН,336,
pmache,channel,Папье-маше,312,
jullache,channel,S H E V A 🤍,169,для связи @jullachea
latttecup,channel,Чашечка Латтте 🪷🌀🪽,53,"🪷🪷🪷 Для связи со мной @lata_zem  Художница,  что любит медитировать   больше, чем спать"
cyberhero_dm,channel,CYBERHERO DM,1496,
menschheitsfamilierhein,channel,Menschheitsfamilie Rhein-Sieg / Rhein-Berg / Oberberg,713,"Liebe Menschheitsfamilie und kritische Geister aus der Region und von überall,   hier findet ihr aktuelle Infos zu Terminen, Aktionen und Neuigkeiten unserer Initiative Menschheitsfamilie!  Kontakt: @Schneeflocke_Menschheitsfamilie"
seelenheilungmit,channel,🌿Seelenheilung✨️SEI im Einklang mit dem Universum ️🦅Schwinge hoch in Liebe ♥️ in Frieden🕊 im Herzen💖 zu allen Lebewesen🌎🐾,757,⭐️Wahre Seelenheilung ist nur im Einklang mit dem Universum möglich. Wenn die Liebe mit dem Herzen sich in Frieden verbindet. Die Menschheit zu Menschlichkeit ♥️ gegenüber allen Lebewesen🌎🐾🐕 zurückkehrt.
geistwanderer,channel,Geistwanderer.at,178,"✨ Spiritualität ist für mich eine Lebens- und Geisteshaltung, die über das rein materielle Denken und Verstehen der Welt hinausgeht.  ✨ Ich biete schamanische (Fern)Behandlungen über meine Webseite schamanenreise.at an.  ✨ Eure @Geistwanderin 💛"
diepfortenvonatlantis,channel,THOTH - Die Pforten von Atlantis,223,Bitte erst Buch 1 „THOTH -Projekt Menschheit“ lesen bzw. anhören
botschaftendeslichtsvonstina,channel,Botschaften des Lichts von Stina ❤,661,"Herzliche Willkommen ❤  Hier findest du sonnige aufbauende Texte, Bilder und Gedanken die Dich wachsen lassen.❤❤❤ Www.gova-gluecksfarben.de"
ilmenaustehtaufdiskussionsgruppe,group,Ilmenau steht auf - Diskussionsgruppe,252,In dieser Gruppe können über Themen diskutiert werden
schwarzkapplerinfoofficial,group,schwarzkappler.info Diskussionsgruppe,1463,
coinsignale_austausch,group,Krypto Signale Austausch,584,Diskussionsgruppe des Krypto Signale Kanals: @coinsignale. Admin Kontakt: @prodnl
onlinemarketinglion,channel,Dave Brych Academy Online Marketing Kanal,868,Der offizielle Kanal für Online Marketing von Dave Brych  Link zur Chat und Diskussionsgruppe: https://t.me/onlinemarketinglion_chat  Fragen und Kontaktnfragen bitte an support@davebrych.com
heinzerhardtdiskussionsgruppe,group,📚 Heinz-Erhardt-Fans Diskussionsgruppe 📚,30,"Hier könnt ihr Kommentare oder Wünsche äußern, die den Heinz-Erhardt-Fans Kanal betreffen oder euch sonst wie am Herzen liegen!  Es werden ab sofort nur noch Mitglieder des Hauptkanals angenommen!  Link zum Hauptkanal: https://t.me/Heinzerhardtfans"
politikspezialchat,group,Politik Spezial,348,Nachrichtenkanal & Diskussionsgruppe
paxianer_chat,group,Paxianer CHAT,354,Das ist die Diskussionsgruppe zum Kanal @paxfamilie   www.pax.family
mintsgrasss,group,☀️Мята. Философия аромата Chat,372,"Ответы на вопросы, обсуждения"
backtoearthshamanism,group,Gerhard Zirkel back-to-earth shamanism / bodenständiger Schamanismus,208,Offizielle Diskussionsgruppe / official discussion group - Schamane Gerhard Zirkel
discussionsn,channel,Мысли и Чувства,81,Группа для философских и психологических обсуждений и познания нового
ethraee66,group,مناقشة الاثرائيين,154,قناة المجموعة  https://t.me/ethraee6
phiundpsy,group,AG Philosophie & Psychologie,143,Dies ist die Diskussionsgruppe der AG Philosophie & Psychologie: www.phi-psy.de
balanceaux_gesundheit_augsburg,channel,BalanceAux - Gesundheit für Augsburg,147,"BalanceAux - Gesundheit für Augsburg https://t.me/BalanceAux_Gesundheit_Augsburg als Teil des gefas e.V. www.gefas-augsburg.de , siehe auch unsere Diskussionsgruppe - ""post-Covid"" & positiv-optimistisch https://t.me/+tDeVaAOY2JQ1YmFi"
kinderbildungschuleschutzarchiv,channel,🛡Archiv - Eltern für Ihre Kinder!,110,Hier geht es ausschließlich um den Schutz unserer Söhne und Töchter gemäß gültigem deutschen Recht.  Zur Diskussionsgruppe: https://t.me/KinderBildungSchuleSchutz  Bitte unsere Weltnetzseite besuchen👇 elternfuerihrekinder.org
klimamanifest_diskussion,channel,klimamanifest.ch-DEBATTE👍,37,www.klimamanifest.ch
diekuenstlicheintelligenz,group,Künstliche Intelligenz zum Mitmachen,79,Diskussionsgruppe  KIGruppe über KI / AI vom Kanal https://t.me/deine_ki Gruppenregeln: https://t.me/dieKuenstlicheIntelligenz/11072/11084
pipsologie_trader_gruppe,group,Pipsologie Trader Chat,91,"Trader Diskussionsgruppe für Marktinfos und Analysen, sowie Fragen rund ums Trading.  In der Gruppe werden keine politischen Diskussionen geduldet und es wird um einen respektvollen Umgang untereinander gebeten"
fridaysforfutureosnabrueckgruppe,group,Austauschgruppe FFF Osnabrück,41,Reiner Infokanal: @FridaysForFutureOsnabrueck  Bundesweit: https://twitter.com/FridayForFuture @FridaysForFutureDE Diskussionsgruppe dazu: @fffdiskussion
philostammtisch,channel,Philosophischer Stammtisch Marburg,54,"Veranstaltungsankündigungen für den Philosophischen Stammtisch in Marburg. Eine Diskussionsgruppe mit mehr Hinweisen, Beiträgen und Mitmachmöglichkeiten findet ihr unter:   https://t.me/+Srj_QXJJoqE5ZTdi"
fridaysforfuturehalle_diskussion,group,FFF Halle | Diskussion,62,Dies ist die Diskussionsgruppe von Fridays for Future Halle (Saale). Sie dient der Vernetzung und Kommunikation untereinander.  Kanal: @fridaysforfuturehalle Gruppenregeln: fff-halle.de/gruppenregeln Nächste glob. Klimastreik: 15.09.23  fff-halle.de 🌍♻️🌳
elohovskiygallery,channel,Галерея на Елоховском | Elohovskiy Gallery,1208,Галерея современного искусства  Elohovskiy Gallery https://elohovskiy.gallery  Онлайн-платформа Elohovskiy Art https://elohovskiy.art  По вопросам сотрудничества:  welcome@elohovskiy.gallery
lalpratap7666,channel,🎀 𝐿𝓅𝓈 ❁𝒻𝒻𝒾𝒸𝒾𝒶𝓁 🎀,393,Any Query Dm:- @elonmusk_7666
elon_musk_world,channel,Мир Илона Маска,228,⚡ Будущее наступает сегодня!  📖 Ежедневный журнал об инновациях
elheonah_arts,channel,Клиника Эллеоны | Elheonah | Sinus_arT,196,"Приветствую! Это Эллеона, рипердок, который вылечит ваше плохое настроение!  Тут про:  ♠️Косплей ♠️Арты ♠️Кукол/фигурки ♠️Игры ♠️НейроДжонечку 👉👈 (да да, моя нейроночка)"
ellimyn,channel,Шоу Элли Мун✨,40,Записки волшебницы 💫
lemorranchik,channel,le☝️morran,131,Ну тута тойво кхм ну цей   https://linktr.ee/lemorran
voice_of_street,channel,VOICE_OF_STREET,898,Уличное искусство Москвы и не только Стрит-арт хантинг Курирую независимые арт-проекты На буквы сбер: 5469290012459350
voice_of_mistress,channel,𝒱𝑜𝒾𝒸𝑒 𝑜𝒻 𝑀𝒾𝓈𝓉𝓇𝑒𝓈𝓈♡,748,"Голос, который проникает глубже прикосновений.  Канал создан в образовательно-развлекательных целях и не является пропагандой чего-либо.  Блог для лиц старше 18-ти лет. Вступая, вы подтверждаете свой возраст."
voice_and_life,channel,Звучи (с) Курто,624,"Привет, я Наташа Курто и это канал моей студии коммуникации и импровизации «Звучи с Курто»   Вы здесь найдете нужные фишки для выступлений и разборы ярких историй. И примените всю эту пользу с юмором и харизмой.   Узнать про обучение тут @Natasha_Courto"
yobtcprice,channel,BTC Price,285,
voice_wizard,channel,𝐕𝐎𝐈𝐂𝐄 𝐖𝐈𝐙𝐀𝐑𝐃🕊🔥,498,وَ صـداست کـه بـرآی مـَن مـیـمـانـد › 𝒊𝒎 ͟͞ ̶𝄟𝑾𝒊𝒛𝒂𝒓𝒅  🎙️  ایمانم 17 سالمه یه دوبلور ساده 💤🤝🏻🎐  جـادوی صـدا💤🎧 /Artist/ Bio / Doblori
yoethprice,channel,ETH Price,258,Actual Ethereum price is always on top of your chat list.  For Bitcoin prices use @yobtcprice  Powered by @yocryptoru
voice_parashurama,channel,Озвучки Рамы-с-топором,294,Youtube: https://www.youtube.com/@Rama-With-The-Axe
atthemoment2,channel,The moments,57,
idksno,channel,for yall,18,
sspiiicy,channel,Spicy notes 🌶️,2987,💌🍋‍🟩: https://t.me/HarfChatBot?start=0897ba039be0 @Favstarbot 🪞
spicyhoard,channel,Spicy hoard,948,Get ready for our spicy content 🌶
shayri_spicy,channel,🌶Spicy LoVe ShAyRi🌶️,264,अगर मै👱‍♀️ तेरा इंतेजार कर रहीं हूं .. इसका मतलब🙄 यह नहीं कि मुझे कोई काम नहीं हैं ..!! 🤦‍♀️ इसका मतलब है कि...👇 मेरे पास कोई भी काम तुझसे 👱बढ़कर नहीं हैं ...!!! 😘😘 Ꭻᴏɪɴ➛   😍 ➛ @shayri_spicy(channel)  👫 ➛ @shayri_zahar(group) Owner_ज़हरीली 🐍
donnami,channel,Donnami cos,8910,"Hi, love! Welcome to Donnami official channel ❤️ (Like yeah real Donnami/Donnaloli is running this page)  If you’re a newbie: I’m a cosplay model and I’m here to treat you with some spicy pics 🤭 Let’s get started, shall we?💋"
sgspicydeals,channel,SG Spicy Deals 🌶,2107,she’s got the sauce & it’s spicy  you looking at the most fly deals & promotions  Follow our sister channel SG Free Samples for all the latest free sample deals in Singapore : https://t.me/SGfreesamples
xhamsterupdates,channel,xHamster Updates,2967,"xHamster’s official news channel for creators — where we share the latest updates, spicy tips, and everything you need to know. Community Manager: @creators_xh"
myhotpepper23,channel,"Мой перчик | Авторские соусы, кулинарный блог",151,"🔥🌶 ""Мой перчик"" — премиальный острый соус из редких перцев со всего мира, уникальный профиль остроты 🔥  Не только острый, но и вкусный 😋 !  Пишите мне: t.me/k12111  🌏 Сочи, Адлер, Сириус"
sloppywulf,channel,Sloppywulf,1105,"Hi folks, I'm a cartoon wolf-fox, welcome to my channel =b  101% SFW  My social media: https://sloppywulf.carrd.co/ Buy me a coffee: https://ko-fi.com/sloppywulf"
volkopesn,channel,Кошка_Таня,684,дурочка с переулочка
volkova171,channel,Volkova,543,
ani_volkon,channel,ANI VOLKON,265,"Dj Ani Volkon — звезда электронной сцены, завоевавшая сердца слушателей своим уникальным стилем и мощным звучанием. Её музыка — это вселенная, где плотные ритмы dark minimal techno переплетаются с атмосферным melodic techno"
kseniyalukina_talks,channel,Психотерапевт Онлайн | Ксения Лукина,929,Психотерапия без розовых очков Говорим о жизни и методах помощи себе.  Глубина | Разбор мифов | Осознанность Связь со мной: @kseniyalukina Блог в запрещенной соцсети: instagram.com/kseniya.lukina
puppyccino_tg,channel,ꉂ𖦹✶Puppyccino✶[РЕСТ ТОТАЛЬНЫЙ]꩜₊˚⊹,291,"Кофейная песя ૮,,ฅ❛ ᴥ ❛ฅ,,ა ︵Ꮺ.˚₊⊹︵‿୨୧‿︵⊹₊˚.Ꮺ︵݁ ⊹₊⟡⋆Канал 16+ | Читайте закреп | .𖥔 ݁ ˖ Личка Стаси - @puppycupchu ︵Ꮺ.˚₊⊹︵‿୨୧‿︵⊹₊˚.Ꮺ︵"
spooky3forest,channel,🌲🍂Spooky Forest🍂🌲,145,"Рисуем, пишем, живем  Хэштеги канала:  #Лесныедухи ; #SN_GuidetotheSupernatural ; #сераямышь ; #циркмистерагранта;  #щп ; #зарисовки ; #фигурки; #арт; #фоточки; #совауdeltarune"
dandyworldskins,channel,❄(Временно заморожен) ~МИР ДЕНДИ СКИНЫ/Dandy's world skins~,104,
pennywise_archives,channel,𝐏𝐞𝐧𝐧𝐲𝐰𝐢𝐬𝐞 𝐀𝐫𝐜𝐡𝐢𝐯𝐞𝐬,16,📘 Pennywise Archive 🕯️ آرشیوی کامل از جهان پنی‌وایز 🎭 فکت‌های ناب · والپیپر · داستان‌های اختصاصی 🪞 قانون آینه · چندجهانی · اسرار دری 📌 هر روز: عکس پروفایل · 📝 فکت · 📖 داستان کوتاه   برای ورود به جهان سایه‌ها، بپیوندید: @Pennywise_Archives
ibnabdelwahab,channel,نقولات الشيخ محمد بن عبد الوهاب في عدم العذر بالجهل,498,
pasokh2,channel,پاسخ صوتی2 به شبهات و پرسش ها,21,پاسخ صوتی به برخی از شبهات و پرسش های دینی در فضای مجازی https://t.me/pasokh2 لینک جایگزین :  @pasokhvoice  آیدی ادمین : @mal_is   کانال دیگر ما که به صورت متنی به شبهات پاسخ می گوید: https://t.me/pasokhtext  لطفا ما را به مومنین معرفی کنید
pasokhvoice,channel,پاسخهای صوتی,485,پاسخ به شبهات و پرسش های دینی   ارسال نظرات و سوالات: @mal_is  لینک جایگزین : @pasokh2  کانال دیگر ما که به صورت متنی به شبهات پاسخ می گوید: https://t.me/pasokhtext  لطفا ما را به مومنین معرفی کنید
atheismukr,channel,Підпільний Атеїзм ⚛️,114,"Українська спільнота людей з атеїстичними поглядами.  Допомогти розвитку каналу: t.me/atheismUkr/305 (пост з реквізитами)  Адміністратор - @tiltmannn (пропонувати контент, взаємну і звичайну рекламу, тощо.) Тік ток: (така ж назва як в каналу)"
moonotheism,channel,دُرَر الْمُجَدَّد مُحَمَّدٌ عَلِيُّ فركوس,4217,«السلام عليكم ورحمة الله وبركاته»  -تـهـتم هـذه الـقنـاة  بـتفريغ ونشر درر العلامة فــركوس حـفظه الله  مــن مجالسه و مـوقـعه الأصـلي 🌐  (القناة ليست رسمية للشيخ)   -سائلين المـولى عزوجل التوفيق والسداد  -جـعلـها الله حجـة لـنا لا عـلينا.
atheosw,channel,цитатник,23,База компромата атейстов  @atheosat чат @atheosatc канал
pan_theism,channel,Рога и семя,170,"Сакральность, сексуальность, витальность. Бездна темного пантеизма и культурного демонизма"
atheist_mind_chat,group,Мысли Атеиста (Чат),242,"Чат канала ""Мысли Атеиста"" @atheist_mind  Перед тем как что-то написать, пожалуйста, прочтите правила канала https://t.me/atheist_mind_rules  Политоту обсуждать тут: https://t.me/atheist_mind_polit"
atheism_kg,group,Чат атеистов и агностиков Кыргызстана,39,~Открытый чат сообщества Атеистов и агностиков Кыргызстана #вера #Кыргызстан #бог #атеизм #агностицизм  ~Флудим только тут: https://t.me/+ShHHfsvtArirXEXy ~Наш канал: @atheismkg  ~Ещё мы есть здесь: https://m.facebook.com/atheism.kg/
anatheism,channel,ВЕРА - Всероссийский единый реестр атеистов,240,Истина - превыше всего
athemeh,channel,Alexander the Meh,232,"Wake up, time to go to work at the shit factory"
atheistica,channel,Апологетика: атеистика и эзотериология,154,Приветствуем всех на нашем канале! Мы критически исследуем атеизм как феномен. Следите за обновлениями и не пропускайте наши стримы!
psysssha,channel,пивной реквием,204,Щитпост https://t.me/+lF9jXj3Exv01Yzk6  Личка @PSYSSHA  X https://x.com/psysssha
k1anti,channel,катч антихайпп,51,девочка с сюрпризом или девочка версус..?
undertakersprosegtforum,channel,[начал примерки для своего гроба] 𝖀𝖓𝖉𝖊𝖗𝖙𝖆𝖐𝖊𝖗'𝖘 𝖕𝖗𝖔𝖘𝖊.,14,"𝕽𝖊𝖖𝖚𝖎𝖊𝖘𝖈𝖆𝖘 𝖎𝖓 𝖕𝖆𝖈𝖊, 𝖔 𝖆𝖓𝖎𝖒𝖆 𝖒𝖎𝖘𝖊𝖗𝖆.. ⚰️"
rathergetbot,bot,highfashion,,@RatherGet  work @p0dsll
agemesemanihamrahambash,channel,تو تنها نیستی,3,اینجا جاییه ک من قرار نیس خودمو سانسور کنم! توی دنیایی ک همه در حال فیلتر کردن خودشونن من کسیم ک این نقابو برداشته
v0sskr3sh3nn4y4bot,bot,Восскрешенный,,
angrese_bot,bot,Assistenza 🆔 Angrese,,🇮🇹 ciao non esitare a contattarci  🇬🇧 hello do not hesitate to contact us
tabarklbot,bot,Tabark,,
reinaanonymbot,bot,Reina,,админ @anonymfctt
mfmptakebot,bot,MFMP | тейки,,• Принадлежит @MFMPBlox_ru ❕//
robloxplacestrigger_bot,bot,ROBLOX TRIGGER TAKE,,
fr1akparty_tour_bot,bot,предложка !,,Канал предложи https://t.me/fr1akparty_tour
sabeelulmursalin,channel,سبيل المرسلين,728,لن يثبت لك إسلام وتوحيد إلا إذا اعتقدت  كفر المشركين وكفر من لم يكفر المشركين
reaadalrebbeenalalilmeah,channel,رياض الربيين - القناة العلمية,48,قناة خاصة تعنى بنشر علوم النقل والعقل والنفس، والتعريف بالكتب العلمية والفكرية والسياسية التي يستفيد منها طلبة العلم المرابطون.
malikitskiy_salyafit,channel,ʍᴀᴧиᴋиᴛᴄᴋий ᴄᴀᴧяɸиᴛ,193,"«Сунна подобна ковчегу Нуха, тот, кто сел на него – спасся, а тот, кто не сел – утонул».  [Имам Малик в ”Замм уль-Калям”]"
xu8_s,channel,"التائبون🩶 """,10,"ɪғ ʏᴏᴜ ᴛʜɪɴᴋ ʏᴏᴜ ʜᴀᴠᴇ ɢᴜᴀʀᴀɴᴛᴇᴇᴅ ᴍʏ   ᴘʀᴇsᴇɴᴄᴇ, ɪ ᴡɪʟʟ ᴄᴇʀᴛᴀɪɴʟʏ ʟᴇᴛ ʏᴏᴜ ᴅᴏᴡɴ ​◤​  @UC_7W  ◤"
partnerabc_de,channel,Partner ABC Germany,685,"🇩🇪 DoktorABC – Informationen zu medizinischem Cannabis in Deutschland. Neuigkeiten zu Cannabis-Therapie, Telemedizin, MedCanG und Patientenerfahrungen. Informationen zu Rezepten,Behandlungsmöglichkeiten und aktuellen Entwicklungen."
entwickledichweiter,channel,ENTWICKLE DICH WEITER,163,"Inspirierende Artikel zum Thema Energiefelder, Schwingungen, gute Vibes, Frequenzen.  Auf https://www.entwickledichweiter.de mehr Infos über Informationsfeld-Analysen und Frequenz-Technologie."
kirchefuerbonn,channel,VitaKirche Bonn,567,"Hier erhältst du regelmässig kurze Infos zu Neuigkeiten und Entwicklungen der Vita Kirche in Bonn.  JETZT unten auf ""Beitreten"" klicken und keine offizielle Meldung mehr verpassen."
sutcssr,channel,کانون اندیشه‌ورزان شریف,82,کانال رسمی کانون اندیشه‌ورزان دانشگاه صنعتی شریف
ahrtal_714,channel,Ahrtal nach der Flut - Aktuelle Informationen - Beseitigung Schäden - Wiederaufbau - Hilfen und Helfer,249,"Am 14.7.2021 wurden große Teile des Ahrtals im Kreis Ahrweiler durch die Flutkatastrophe verwüstet. Eine Vorwarnung gab es nicht. Dieser Kanal dokumentiert die aktuellen Entwicklungen und Versäumnisse mit Bildern, die anderswo nicht gezeigt werden."
great_of_development,channel,Информационный,74,
adventjugenddeutschland,channel,Adventjugend Infokanal,120,"Du willst wissen, was bei der Adventjugend Deutschland gerade los ist? Dann bist du hier genau richtig! In diesem Infokanal teilen wir regelmäßig Neuigkeiten über Projekte, Events und Entwicklungen in der Jugend- & Pfadfinderarbeit."
europaeische_prophetie,channel,Europäische Prophetie,102,Aktuell hochrelevante Inhalte aus 1000 Jahren europäischer Prophetie in Bezug auf die bevorstehenden Entwicklungen in Europa und der Welt. Die Primärlösung in Erkenntnis der bevorstehenden vielschichtigen Ereignisse sollte eine Rückkehr zu Gott sein!
ki_kaninchenbau,channel,🤖 KI-Welt: Dein Tor zur künstlichen Intelligenz 🚀,77,"Tauche ein in die faszinierende Welt der KI! Hier findest du: 📊 Aktuelle Trends und Entwicklungen 💡 Use-Cases aus Wirtschaft und Alltag 🧠 Verständliche Erklärungen 💬 Diskussionen, Chancen, Herausforderungen 🔮 Zukunftsvisionen"
imanirani54,channel,Imanirani,64,فرزند و عاشق ایران‌بانو. دانش‌آموخته روزگار. پژوهندگی را دوست می‌دارم. همه لحظه‌های زندگی آموختنی‌ست
netzwerksaubereenergiemuc,channel,Netzwerk Saubere Energie München,65,"Hier hält euch das Netzwerk „Saubere Energie München“ auf dem Laufenden - Infos, Ankündigung von Demos + Aktionen und alle neuesten Entwicklungen rund um „Exit Spirit Energy“ und „Keine GuD3“!  Kontakt: info@ energienetzwerk-muc.de oder @fenya_valesca ☀️"
privatsphaere_aktuell,group,Datenschutz aktuell - Chat,46,"Kanal: @datenschutz_aktuell ❤️-Wilkommen. Hier dreht sich alles um sichere Alternativen, nützliche Tipps und die neuesten Entwicklungen, um eure persönlichen Daten besser zu schützen und Datenschutz zu leben."
engengengengen,channel,نقاش قسم الهندسة المدنية جامعة إب,10,نقاش وافادة واستفادة مع طلاب أغلب المستويات
ikamibe,channel,IKAMIBE - Thorsten Siem,42,"Informationen von IKAMIBE - Das Coaching-Dojo | Ich möchte hier einen Zeitstrahl von Ereignissen und Entwicklungen festhalten, für mich und jeden, den es interessiert! Weitere Kanäle von mir: https://t.me/ikamibewetter"
ki11thescammer,channel,Scammer-Killer,3197,Hier siehst du die aktuellen scammer⛔⛔ Komm in die talk Gruppe: @scammerki11erta1k wenn du gescammt wurdest um die anderen zu warnen💯✌️
marliesspuhler,channel,Marlies Spuhler Bestatterin mit 💜,3370,"Eine Hausdurchsuchung als Anlass nicht länger still zu sein. Ich habe mich dazu entschlossen, einen eigenen Kanal zu erstellen. Hier kann ich euch zu der aktuellen Entwicklung zum Sterbeverhalten auf dem Laufenden halten."
wqwoll,channel,Wqwol ☕ᯓ⋆.˚,426,По всем вопросам: @Wqwol ☕☕☕
therottttt,channel,Sensitive Artist,166,Have a nice life.  I listen to weird shit   http://t.me/BluChtBot?start=67a7aa09b1d5a28c8b42
cbtvolka,channel,Волчок укусит за бочок | ЗБТ БЕТА ГЕНШИН ГАЧА ИГРЫ,157,Архив со всеми постами @V0Lkklat4 Чат -> https://t.me/zbV0l Дискорд - https://discord.gg/jXYhNKnt  Обратная связь — @v0lk0LUCKY  Проект команды @v0lchokteam
woltum,channel,Церковь «Слово Жизни» Тюмень,189,"Местная религиозная организация церковь христиан веры евангельской (пятидесятников) ""Слово жизни"" г. Тюмени (ОГРН 1157232011881) Адрес церкви: ул. 50 лет Октября 30/1"
woluid,channel,_woluid_,137,
radentscheid_weimar,channel,Radentscheid Weimar | Info,136,"Hier könnt ihr rund um den Radentscheid Weimar auf dem Laufenden bleiben!   Wenn ihr euch mit engagieren wollt, meldet euch über info@radentscheid-weimar.de."
coronakreuzbergdiskussion,group,DISKUSSION: Kreuzberg solidarisch gegen Corona,130,"Hallo, diese Gruppe ist dazu gedacht Diskussionen führen zu können, damit die Allgemeine Gruppe entlastet wird.  Falls ihr nur Hilfe finden oder anbieten wollt: t.me/coronakreuzberg  Wir dulden keine rassistische, sexistische, oder sonst wie menschenverac"
wollysbio,channel,"Wolly's Bio, Memes and Life things",39,
woltpm,channel,WOLT77,45,
wolf_tale,channel,Волчья повесть,33,
giveted_by_gods,channel,Afk/神が与えたもの,19,"Sie liebten sich beide,doch keiner wollt'es dem ander gestehn."
pogorueppurr,group,Pokemon Go Rüppurr,17,"Bitte meldet euch in der Gruppe @RaidsKASued für die Raids an, an denen ihr Teilnehmen wollt!"
visiongesundegesellschaft,channel,Die Vision einer gesunden Gesellschaft,112,Themen aus der Ganzheitlichkeit des Lebens
voluntarismusarchiv,channel,Voluntarismus - Archiv,1779,Audios - Videos - Hörbücher - Dokumente  | Vom passiven Konsumenten negativer Nachrichten zum aktiven Mitstreiter für eine freie Gesellschaft. Werde Teil unserer Vision und verwirkliche dich selber. https://freiedeutschegesellschaft.org
freibergerforum,channel,Freiberger Forum e.V.,540,"Ein gemeinnütziger Verein für alle respektvollen toleranten Menschen, für die der Völkerverständigungsgedanke, Heimatliebe und Tradition zentrale Bestandteile einer funktionierenden pluralistischen Gesellschaft sind.  Internetseite: www.freibergerforum.de"
katesugak_offiziell,channel,Kate Sugak - Deutsch 🇩🇪,399,"🥇 Offizieller Telegram-Kanal von Ekaterina Sugak – Naturheilkundlerin, Forscherin und Aktivistin.  Ekaterina macht die wahre Biologie populär und überbrückt die Kluft zwischen Wissenschaft und Gesellschaft."
upsssc_lekhpal_up_si_police_gk,channel,UPSSSC LEKHPAL UP SI UP POICE UP GK COMPUTER PDF,105848,#UPSSSC #LEKHPAL #UP #SI #UP POICE #UP GK #COMPUTER PDF  Contact @ABHI67899
cryptonewsdeutsch,channel,🎖Krypto News 🇩🇪🇦🇹🇨🇭deutsch©,1779,Privater & originaler Info-Kanal seit 2019©  alle wichtigsten Krypto-News zusammengefaßt für Einsteiger & Profis  Die Haftung für Infos übernimmt stets die Quelle selbst!  Andere (ähnliche & kopierte) Kanal-Versionen in diesem Namen sind FAKE!
speedgk1,channel,SpeedGK.in,121,"This is Important GK plateform for SSC,UPSC, UPSSSC, CTET, UPTET, RAILWAY, All State level Exam."
teaching_study_material,channel,Teaching Exams 2026 Study Material | CTET UPTET DSSSB KVS,107,"Teaching Exams 2026 Study Material! 📚🎯  Get All Important free study material and latest updates for CTET, UPTET, DSSSB, KVS, and other teaching exams.   We share notes, PDFs, PYQs, MCQs, syllabus, admit card, result, and daily exam preparation content."
wichtigstelittaw,channel,бумажное королевство.,52,"королевство щитпоста, кринжа на бумаге и не только"
chatperlen,channel,ChatPerle,246,"Ein wurzeltief informierendes Portal für Leib-Seele-Geist.  Tagebuch-Sammlung der wichtigsten Geschehnisse. Ein neuer Medizinweg:  Hexagonales Wasser-Gel ""Alps Pur"" Ermächtigt wirksam.  Strukturkanal: http://t.me/strukturwasser"
jetzt_gehts_los,channel,schöne neue Welt 💖,132,"Zusammenfassung der wichtigsten Infos aus anderen Kanälen: aktuelles Weltgeschehen, Spirituelles, schöner Leben, unsere schöne neue Welt 🌈☀️"
seelenfischerbeitraege,channel,Seelenfischer Beiträge,104,Seelenfischer Beiträge Die für uns wichtigsten religiösen Beiträge vom Hauptkanal Seelenfischer HAUPTKANAL  https://t.me/Seelenfischer0
zukunftsanalysen,channel,🔵 Alex | Prognosen & Vorsorge,694,🗒 IN NUR 5️⃣ MIN. täglich informiert.   📔 Zukunftsanalysen | Krisenvorsorge | Visionäres Denken ⬇️  🌐 Klimakrise - UN Agenda 2030 - WEF - AI  ➡️ Kontakt: https://alexhausmann.com/
emergenciaclimacassandra0,channel,"""CAOS CLIMÁTICO EXPONENCIAL IRREVERSIBLE Y CASSANDRA"" CANAL",192,Este Canal es para advertir del inminente Colapso Civilizatorio producido por el Caos Climático antropogénico imparable que hará desaparecer  las cosechas mundiales que alimentaban al mundo y que provocará migraciones masivas y una Guerra Mundial.
climatesaustriaen,channel,COP30 Newsletter CliMates English,349,The Austrian Youth Delegates are making young voices heard and keep you updated! Live from Belem. www.climatesaustria.org
animalrebellion_germany,channel,Animal Rebellion - Infokanal,142,"Das ist der offizielle Infokanal von Animal Rebellion in Deutschland.  Eine Agrarwende ist notwendig, um das Artensterben zu stoppen und um eine Klimakrise abzuwenden !  #AnimalRebellion #ActNow  Mehr Informationen auf: https://www.animalrebellion.de"
nellysklimaupdates,channel,Silke&Nellys Ökochannel,74,"Hier geben wir euch regelmäßige Informationen, was klima-, Umwelt- und verkehrspolitisch in Schleswig-Holstein läuft. Nachfragen/ Feedback/ Anregungen gern an buero@nelly-waldeck.de"
galizasengas,channel,Galiza sen gas,33,Canal de difusión da Plataforma Galiza sen gas
lsj04,channel,Новости экономики,482,
kiotza,channel,cum mit suicide,384,"draped in shadows and starlight,  i wander between ambition and decay, forever chasing the beauty in the broken. t.me/HidenChat_Bot?start=5840115734"
lemuxer,channel,BIO LIDERA HALSIZE,171,🦁
fuckmemads,channel,Twink Dilfs Blogger,204,i love tortured gays زن زندگی آزادی.  t.me/HidenChat_Bot?start=7575825213
dilemmapopochki,channel,ділеммооо😇💥🇸🇪,26,
manikamu,channel,Black and white.,46,See y'all on the other side.
hypertonickriz,channel,гипертонический криз,66,Демонические черные богини
rekl_kriss,channel,Сотрудничество Кристина Кожевина,15,
rusham_and_shitpost,channel,КАМорка Рушама и ЕБЛАНОВ,41,Лень писать описание
seigneurderien,channel,seigneur DE RIEN | et alors?,27,ΒΛΑ𑀝ͲⵟΛⳘΗ ΗⳘϤⵟⲄΟ ▬▬▬▬▬▬▬▬▬▬  adm: @valachien рмт тгк: @valachie @witcheshammer  сбер :: 2202205574826167
sykapro,channel,Kristik🕷️🎀,9,Я пикме про🫶
lacrimosakissers,channel,Лакримоза впшка,5,Лабуба
velocurer_darkstore,channel,Курьер маркетплейса,470,
art_delivery_ru,channel,Арт-Деливери: Логистика из Европы,213,"> 🚛 Доставка одежды и обуви из Европы в РФ. Легально, под ключ, от 5 дней. > ✅ Маркировка, таможня, страхование, сертификация. > 👇 Бесплатная консультация: [https://art-delivery.ru/]   +7 (495) 744-744-1   > #логистика #доставкаизевропы #италия"
china_sirius,channel,Доставка из Китая I Сириус,495,"Импорт из Китая под ключ 🇨🇳 С 2018 года | 100+ фур ежемесячно Официально: таможня, НДС, без рисков Сайт: https://sirius-ved.ru  Менеджер: https://t.me/Sirius_china"
mida_china_cargo,channel,MIDA🇨🇳 | Твой помощник в Китае,173,"🚛 Mida Cargo | Карго из Китая 🇨🇳 Выкуп с 1688, проверка, упаковка, фото/видео, доставка в РФ с треком. Надёжно. Без посредников. Под маркетплейсы ✅  @midaforcustomer @mida_fulfilment"
ural_logistics_group,channel,КАРГО | ВЭД Ural Logistics Group доставка грузов из Китая,203,"Ural Logistics Group – семейная, безопасная компания по транспортировке товаров из Китая.  @vladislavvalerich авто @uralminer_ruslan майнеры @Belliccimos оформление заказов @MarinaULG оформление заказов @CEO_ural_miner по всем вопросам  @CargoURAL_bot"
delivery_360,channel,360 Delivery | Доставка грузов из Китая,47,Прямая доставка товаров из Китая по выгодной цене. Свои офисы и склады в Китае и Москве.  Различные схемы доставки и все виды транспорта.  Выкуп с 1688 и Alibaba Страхование грузов  Сайт: 360delivery.ru По расчету к @roman_soldatenko
tweedlexlv9,channel,everything,220,
ztynh6,channel,止痛药内核官方频道,36301,自助购买 https://shop.368fk.cn/shop/ZTYNH6 【收藏在浏览器关闭VPN打开】  售后 @ZTYNHGF
gjyyds,channel,顾九公益主频道,22510,主频道 @GJYYDS 反馈频道 @CSJGJ666 交流群 @GJNB88 有问题或者反馈找我 @xxg17500 双向联系 @GJFKJQR_bot
chilldichzurhoechstleistung,channel,Institut für Selbstheilung 🔬,1323,"Dunkelfeldmikroskopie, Radionik und mehr.. https://mayer-kathrin.de Die bekannten, sowie die neuesten Forschungen in Dunkelfeldmikroskopie und Radionik, sowie therapeutische und lösungsorientierte Ansätze"
artistrebel,channel,Tarusov’s Channel,874,
aufzurwahrheit,channel,aufzurwahrheit,1028,"mit Orgon, freier Energie und Permakultur ins neue Zeitalter ! riesiges Archiv !  fast täglich neue Videos um euren Aufwachprozess zu fördern !  https://www.youtube.com/channel/UCJviUKglmugZ6Y01UpcxE3g    https://www.bitchute.com/channel/HYHiKx4Fv8BR/"
herrinladyjulina,channel,HerrinLadyJulina,910,"Willkommen bei Miss Julina. Erlebe hier täglich Fotos und Videos Deiner Lady. Und werde über Updates informiert, um nichts zu verpassen. Für meine treuen Diener ein absolutes Muss."
terrlich,channel,Территория личности,155,"Развитие,Адаптация,Социализация для детей и подростков с РАС и не только https://terrlich.ru/ https://vk.com/terrlich +79265141700  #Семейная школа для детей с РАС #Коммуникативные группы  #Мастерские #Профориентация для подростков и взрослых"
bisafans,channel,Bisafans,274,Offizieller Kanal von bisafans.de! Täglich aktuelle News zu allen Themen rund um Pokémon.
raptastisch,channel,Raptastisch,188,Täglich News rundum Rap!  Powered by @DerNewsChannel
lass_dir_fluegel_wachsen,channel,Lass dir Flügel wachsen - tägliche Zitate 💚🧚‍♂,225,"Täglich liebevolle und zum Nachdenken anregende Impulse für den Tag, Zitate und Sprüche 🥰💚"
biohackingeveryday,channel,Биохакинг каждый день,11308,"Биохакинг, питание, движение и привычки для здоровья на долгие годы.  Менеджеры: @georgiii3 @eegoshinzakup @sokoll122 @pavelromanov_p  Владельцы: @shhilovalex @evgenirolf @tregubovivan @zimuem"
zametkidocsuleimanovoi,channel,Заметки доктора Сулеймановой,699,"Главный врач клиники «ИнтегрАль» http://integral-med.ru/  💚Здоровье, как образ жизни  • Женщина, жена, многомама  • Гинеколог, иглотерапевт, остеопат, телесный психолог, нутрициолог, ресурсолог.  Запись на прием +79677155777"
homosedens,channel,Homo Sedens,949,Канал принадлежит АО«Сервье» Правила сообществ: servier.ru/social-media-terms Сообщить о нежелательном явлении или задать вопрос о лекарственном препарате: https://servier.ru/#form  Материалы считаются неактуальными по истечении 24 месяцев с даты публ-ции
climaespacialgisbaez,channel,Clima Espacial 🌞 PHL,1012,"Monitoreo del clima espacial y atmósferico Reporte al momento - Alerta Geomagnetica, Fisiológica, Sísmica, Volcánica y Ciclónica"
prevenidosnoasustados,channel,Noticias Infocanal EdTv,1745,"Bienvenidos a todos a este medio de información sobre el clima espacial, terremotos y temas relacionadas con la astronomia, medio ambiente y tecnología!"
climate_club_ru,channel,Climate Club | Монтаж вентиляции и кондиционирования в Москве,37,Компания Climate Club. Проектирование и монтаж систем вентиляции и кондиционирования в Москве  Получите консультацию: → на сайте https://c-club-msk.ru/?utm_source=telegram → ВК https://vk.com/climate_club → по телефону +74998774031
munchtorino,channel,Torino Munch - Canale,755,Il Munch di Torino è l'apericena della comunità kinky del capoluogo piemontese in un clima amichevole e accogliente.
flymundialclimanieve,group,❄️ CLIMA NIEVE ❄️ POKÉMON GO FLY MUNDIAL,803,Subgrupo de @PokemonGoFlyMundial para enviar coordenadas donde esté nevando y poder abrir cajas Meltan boosteados.
clinkerscitech,channel,Clinker Sci+Tech,113,Everything new you have to know about science and technology
cicrajusticiaambiental,channel,CICrA Justicia Ambiental,44,Canal oficial de CICrA Justícia Ambiental. Defensem la justícia ambiental en l’actual context de crisi global amb resiliència col·lectiva i alegria combativa.
lfpcfp,channel,Leaf for Planet,54,
rev_ciencimed,channel,CienCiMed,13,Revista Científica Estudiantil de la Universidad de Ciencias Médicas Ciego de Ávila CienCiMed  https://ciencimed.sld.cu
listgreen17,channel,🍃Лист ГРИНЛИФ доход,42,Брендовые продукты из Китая по цене мас-маркета. Китайская пенсия.Пассивный доход. Я здесь @lyusa357z
crypticsden22,channel,Cryptic’s Den,5027,
dicentra_13,channel,dicentra_13,329,"Татьяна  Добро пожаловать в мою жизнь. Новая страна, быт и просто красивые фотографии."
schweizermonat,channel,Schweizer Monat 📰,166,Das Medium für Macher und Denker.
christiana_schweizer_institut,channel,Christiana Schweizer Institut für Bewusstes Sein,195,L(i)EBE IST D-EINE ENT-SCHEIDUNG!
schwuz,channel,SchwuZ Queer Club Berlin,496,Newsfeed of SchwuZ  schwuz.de @schwuz   Rollbergstraße 26 - 12053 Berlin
skvad666,group,@skvad,432,сквад друзей https://en.wikipedia.org/wiki/Skvader
z_mediach,channel,Z Media,383,"Schweizer Medienhaus abseits von Mainstream, Wokeness, Genderismus und New World Order."
schweizerbustouristik,channel,Schweizer Bustouristik,25,"Herzlich Willkommen! Das erwartet Sie hier:     🎁 Gewinnspiele & Verlosung von Reisegutscheinen  🚌 News zu den aktuellen Angeboten  🏞 Fotos & Videos der Reise-Highlights    Schön, dass Sie da sind!     Herzliche Grüße  Ihr Schweizer Bustouristik Team"
schureizeg,channel,SCHUREIZEG,138,"- ArtStation: https://www.artstation.com/schureizeg - commission info, другие ссылки: https://schureizeg.carrd.co - я: @SCHUREIIIZEG - щитпост: @sp_schureizeg"
cryptovalleynews,group,Crypto Valley News,137,Das Schweizer Blockchain Portal
suzuichat,group,ЧАТ | SUZUI,97,
kuriosumtv,channel,Kuriosum TV,184,"Ronaldo Goldberger, Freier Journalist BR und Beziehungscoach, geht dringlichen Fragen des per Schweizer Notrecht stark beeinträchtigten Alltags nach und plädiert für die Rückeroberung des demokratischen Staatswesens mit friedlichen Mitteln."
schweizpaztgk,channel,𝐒𝐂𝐇𝐖𝐄𝐈𝐙 𝐏𝐀𝐙 | 𝐓𝐆𝐊,25,Канал с XML @SCHWEIZPAZ <— владелец
schweitzergesmbh,channel,Schweitzer Ges.m.b.H.,29,INDUSTRIEGRAVUR WERBETECHNIK WERBEAGENTUR WEBSOLUTIONS
svyzi,group,Женщины с большими связями,7,
schweitzer,channel,schweitzer,4,用户名出售 🤵🏻 @NFTStore
swisshockey,channel,Men's Swiss National Hockey Team - Schweizer Eishockey Nati / Nationalmannschaft - Nazionale svizzera Telegram Channel,39,Men's Swiss National Hockey Team - Schweizer Eishockey Nati / Nationalmannschaft - Nazionale svizzera - Équipe de Suisse de hockey sur glace. Discord http://pixly.link/dHF Ricardo http://pixly.link/rHF National League and NHL soon @TicinoHockey
impuls_tage_schweiz,channel,Impuls-Tage Schweiz,20,"Impuls-Tage | Räume für Frieden, Kunst, Wasser & Bewusstsein Vier Events, ein gemeinsamer Weg. Hier findest du alle offiziellen Infos zu: #friedenshaus • #friedenssymposium • #kunstausstellung • #wassersymposium"
svettttt4,group,Svet,7,
tobleronechats,group,Swiss Adventures 🏔🏔 chat,,
skripaisho,group,Скрип Шифта,5,
book_club_berlin,group,Книжный Салон Берлин,363,Следующая встреча 12 июля по «Чайке» Чехова  А также 18 июля по «Постороннему» Камю  По вопросам пишите @zahad3
kochetov_aleksey,group,Кочетов Алексей (общение),381,Тут можно подискутировать
knb_free,channel,критика нефоров бесплатно,77,
albertsmoney,channel,Гроши Альберта,254,"Мне тридцать один, это история о том, как я проваливаюсь и зарабатываю.   Основной канал: t.me/albertstravel   По всем вопросам: @albert_bodokia"
alcobetnews,channel,Киберспорт,44,Новости спорта
narkobetofficial,channel,NARKOBET OFFICIAL,73,https://rebrand.ly/narko-bet
albert_mor,channel,Секрет сніжної тиші🤫,39,"Привіт, я Сніг ❄️ Мені 16 і я косплеєр з Вінниці , і я вже рік у косплеї, але по-справжньому активно почала розвиватися саме літом 2025 року 💫 Приєднуйтесь в мій телеграм канал, не пожалкуєте🎀"
comr_albert,channel,Добро пожаловать на Альберион / Welcome to the Alberion,48,
albertvaine7,channel,Редирект на @albertvaine,69,"Я поменял свой логин на @albertvaine , пишите сюда @albertvaine"
viktor_drobek_pub,channel,Виктор Дробек,60,Персональный канал Виктора Дробека
kniznyeistorii,group,Вечерние книжные истории chat,50,Околокнижный чат группы «Вечерние книжные истории от Дмитрия К.»
albertloves,channel,"alshlovi, хой!",22,Мой тт: — tiktok.com/@alshlovi Моё щп: — https://t.me/+ttLD0Z3fD7wxZWYy Связаться со мной: — @ALShLovi Голосовать за канал: — https://t.me/boost/albertloves
albertinoooh,channel,Angolino Albertino,29,"Angolo privato dedicato a WIPs di illustrazioni altri progetti artistici, visto che onestamente sto perdendo la pazienza con facebook e altri sociali. NSFW - contiene contenuti espliciti."
albertadraws,channel,альберта рисует! 🎀,28,тщетные попытки в рисование  канал с персонажами: @albertablackthorn
albertworlds,channel,•Albert World's•,25,Що? ПР@(#? Ні не малюю такого
lobanovsky_basement,group,Підвал Лобановського,26,
knucabot,bot,noknucabot,,Предложка КНУБП ЧАН и АрхСтройМаг.   Анонимность по умолчанию.
nimbstudybot,bot,10 млн одним чеком,,"Привет, это Александр Фогель! Ты уже очень крутой и сильный эксперт - я только помогу тебе стать богаче и все!"
drkorneevofficialbot,bot,DrKorneevOfficialBot,,"Поможем быстро узнать стоимость, получить ответы на вопросы и записаться на консультацию — всё просто и с комфортом для"
abdennour78_bot,bot,تواصل إدارة أكاديمية النور للعلم والإجازة,,أكاديمية النور للعلم والإجازة :  📌https://t.me/sheikheabdalnuwr مكتبة الأكاديمية :   📌https://t.me/gglflgcjcxf
engenelle_bot,bot,анон джинелль,,
noeulchkbot,bot,Noeul,,
infonickelkurch,channel,Info Nickel,3,
yveskleinishere,channel,abstract,382,Abstract art history (and some photography)  Feel free to write:  tg @wind0ws98
kpbel,channel,КП Беларусь,377,"Рассказываем о том, что происходит.   Есть что рассказать редакции? Пишите нам @kpbelBot"
volobuev,channel,Волобуев,147,"Я Андрей Волобуев и это мой канал, где я пишу обо всем, что мне интересно.   andrey@andreyvolobuev.ru Instagram: instagram.com/volobuev1/ YouTube: youtube.com/andreyvolobuev"
rulocationforum,channel,РУЛОКАЦИЯ,513,"✨Вдохновляем на сохранение наследия. Знакомим с интересными проектами, которые работают.  И людьми, которые их делают.    Мы в VK - https://vk.com/club229187560   РУ.Локация   Официальный сайт  https://rulocation.ru/"
chto_tvorish,channel,Что творишь?,163,"О творческих постижениях в музейной среде и за ее пределами. Пишу про выставки, фотографирую, изучаю искусство    Автор - Бунакова Наталья, искусствовед и музейщик  Для связи @bunakovann  inst: n.bunakova"
iino_knuba_official,channel,iino_knuba_official,69,Телеграмм канал Інституту інноваційної освіти Київського національного університету будівництва і архітектури iino.knuba.edu.ua
wikinobel,group,Wikinobel,63,"This group is for the digital editathon, #wikinobel, on The Nobel Peace Prize, to be announced Friday October 10, 2025. This group follows Wikimedia's Universal Code of Conduct: https://w.wiki/7efA"
artnobel_est_2019,channel,ФОРУМ-ФЕСТИВАЛЬ «АРТНОБЕЛЬ»,22,
nobel_kimyo_bio,group,《Nobel Kimyo Biologiya》,129,Bilmaganlarimiz bilganlarimizdan bisyorligini bilmaymiz!!!
kaktebeart,channel,"Как тебе такое, Эдвард Мунк?",132,"Искусство как способ думать и чувствовать. Разбираем работы, имена и идеи, которые за ними стоят.  Для связи @ViktoriaLakomova"
cbnksoul,channel,CBNK Soul,46,"Канал на тему шизы, мыслей, политики  Автор канала: @MaxNotThere Чат: @MaxIsInChat Каналы владельца: @EmpireNovelR @MaxIsOut Партнеры: https://t.me/CBNKSoul/1659"
volkgallery,channel,VOLK gallery,25,
mfritschpolgefangener,group,Archiv Michael Fritsch - Solidarität kriminalisiert,1201,Archiv Michael Fritsch. Keine weiteren Nachrichten oder Informationen. Auch PN werden nicht beantwortet.  Frieden ist der Weg.
pellanationalists,channel,Pella Nationalists 🇬🇷,147,Ανεξαρτητος Εθνικισμός εν δραση
overwatchitaliagroup,group,Overwatch Italia 🇮🇹,3847,"Gruppo di Overwatch Italia!🇮🇹 Questo gruppo nasce per scambiarsi opinioni, informazioni, e crearsi dei nuovi amici e compagni di gioco. Per le regole digitare /regole Founder: @KHDraged, @Albert_Comb siede al mio fianco 👑  Network : @gamingitaliangroup"
birgitfischer0ffiziell,channel,Birgit Fischer ꙳,231392,"https://youtube.com/@birgitfischerofficial?si=CUVW4cXgnCQzjGJU Birgit Fischer Offizieller Kanal für YouTubeVideos, Anlagetipps"
joachimsteinhofel,channel,Joachim Steinhöfel ꙳,74951,Joachim Steinhöfel Offizieller channel for  videos YouTube and  investment tips
kettneredelmetalle_dom,channel,Kettner Edelmetalle ꙳,80563,"https://youtube.com/@kettneredelmetalle?si=Fb78OI3Qc8MqwJiz Kettner Edelmetalle  Offizieller Kanal für YouTube-Videos, Anlagetipps, Kontoverwaltung."
honigwabe,channel,Honigwabe,8346,Offizieller Telegramkanal des wöchentlichen Podcastes von & mit Kasper und Shlomo! Honigmerch: https://t.me/honigmerch
radiationcf,channel,Radiation confession,48,"Кф, посвященный теме радиации."
geoengineeringfreecanada,group,Geoengineering Free Canada,269,Geoengineeringfreecanada.com  Invite link to this group https://t.me/+VzYn4J8zE3s2YjRh
datenschatz,channel,DATENS(CH)ATZ?,15,"Wie wertvoll sind ""Daten""?  Identitätsdiebstahl ePA = elektronische Patientenakte Datenschutz  Phishing Cyber Angriff  Daten-Broker Datenhandel   Teilen der Inhalte nur mit Original-Absender des Kanals erlaubt  💌 Grosses Dankeschön an alle Beitragsgeber!"
procrastinationselfflagellation,channel,Прокрастинація і самобічування,845,Додати мотивації для створення контенту - https://base.monobank.ua/5ixbePWbJkeYum  @L0ndra
zwischenspeicher,channel,種 Zwischenspeicher,207,⚡️ → netz.datenarche.de ⚠️ → hilfe.datenarche.de 📡 → live.datenarche.de          Interface → datenarche.de  Datenarche ⇄ MILLENNIUM ARTS ISP Datendienste:  VPN → vpn.direct.io Domains → domains.dorect.io Speicher + E-Mail  → speicher.direct.io
muraweibooks,channel,Muraweibooks,759,Блог о книгах интернет-магазина из Германии murawei.de  Impressum & Datenschutz 👇 murawei.de/impressum
freeinformation000,channel,000 - Freedom of Information - 🔑,189,"🌏Global News:  Uncover the best of what's truly happening on Earth, all in one place with our extensive collection of videos, photos, files, and links. Enjoy your freedom to explore! 😊  Welcome to Matrix HUB! 001 - 🏛 - Matrix HUB https://t.me/MatrixHUB"
kiezeck,channel,kiez_eck,532,"Kiez-Eck Euer Treffpunkt hier im Kiez… Ruhlaer Straße 19, 16225 Eberswalde  Öffnungszeiten:  Kneipe Mi-Fr 18-22 Uhr; Café So 15-18 Uhr   rauch- und barrierefrei, Darts Impressum: https://kiez-eck.de/impressum Datenschutz: https://kiez-eck.de/datenschut"
solaryojana,channel,Solar Yojana News,425,Solar Khabar - सोलर की जानकारी हिंदी में ।
solar_tarot19,channel,Solar taro,439,"~Помогаю увидеть глубину и силу в самой себе   🌕Канал о таро, психологии и самопознании    •Расклады/вопросы: @sssuuun_19  •Прайс на рассклады: https://t.me/Solar_prise_list  •Отзывы: https://t.me/Solar_taro_feedback"
solarnews_chat,group,Solar-News Chat,59,Чат канала Solar-News.ru
solarisfest,group,Solaris festival / 9-12 июля,1456,
avaintheworldd,channel,𝓶𝓲𝓼𝓼𝓲𝓷𝓰,164,https://t.me/Avaismissingbot Come here often?
asrorovas_library,channel,Intizor.A,126,|Naturelover  |Researcher  |Photographer   beauty with brain🎓 Small circle! Peaceful life!
abo_ngm_1,channel,ABONGM️️ ⚡️,116,Proud to be ABONGM So I don’t give a F to anything u say
s1999011,channel,@ yrsrmy,130,позорюсь унижаюсь ущемляюсь
ri0ec,channel,903,34,رُبَّمَا بَعضٌ مِنِي هُنا  رُبَّمَا أنثرُ ما تَعِجُّ بِهِ نَفْسِيَ @fio0xbot
hrizantematthebeginning,channel,в начале хризантемы,83,
zeitundewigkeit,channel,Leben in Zeit und Ewigkeit,58,Dieser Kanal befasst sich ausschließlich mit den wichtigsten Fragen des Menschlichen Lebens
sensemsamariterkiez,channel,SensEm: Samariterkiez,65,"SensEm ist ein Forschungsprojekt, das sich mit der Erfassung und Visualisierung der Luftqualität und des Lärms in städtischen Gebieten befasst. Durch den Einsatz von Citizen Science werden Bürger:innen aktiv in den Forschungsprozess eingebunden, um gemein"
huanglisaoo,channel,Скандализка,26,"Сохраняем панику, не поддаёмся спокойствию  98 line 🐅 https://boosty.to/huanglisao"
binabaumeister,channel,🏳️Über den Horizont 🏳️ 🌱💚🌳🐞🕊🌿🦔🐿🌞🌕🥀🌈🌧💦💚🌱🏳️ 🏳️,50,"*Über den Horizont*  befasst sich praktisch und inspirativ mit einem sinnerfüllten, freien, autarken Leben.  Den Anastasia Bänden als Einlesung sowie den Beiträgen von Ulrich Thomsen."
li0ha0,channel,Hasti .,46,🥂
aecsta3y,channel,𝔈𝗖𝗦𝗧𝗔𝗦𝗬,35,company: @NuitBlancheLab & @ONLYBLACKLABEL leader: @Ieeseoofficial
sangsang654321,channel,Sang,9,
osmsuedtirol,group,OpenStreetMapSüdtirol,5,
otzivazartniy,group,Відгуки Азартного 😎,37,
raiders_ka_ost_chat,group,Raiders KA-Oststadt Chat,36,Chat Gruppe zur Pokemon Go Raider Gruppe Karlsruhe Oststadt. Termine unter https://t.me/raiders_ka_oststadt
cdayueos,group,Oldenstadt - C-Day - 100%IV Pokémon Sichtung - Uelzen - gifhorn-pogo.de,23,"Talk https://t.me/+0BcCV0ElZGFiMjZi  Map, IV& mehr @gfpogoinfo @wobpoinfo  Fragen&Co bitte an @MrRaichuGF"
otzovikvunder,group,Отзывы курса Бережное очищение,17,
oldenstadt100,group,100% IV Pokémon Sichtung – Pokémon Go Uelzen - Oldenstadt - gifhorn-pogo.de,8,Map - https://gifhorn-pogo.de  Talk - https://t.me/+VSRGdw2gbXxmNjgy   Fragen&Co an @MrRaichuGF
xossax_chat,group,Оzzа! Chat,17,
skinuz_otviz,group,Skinuz cs otviz,9,
ipschweizer_lawbot,bot,ЮрБот ИП Швайцер А. А.,,ЮрБот ИП Швайцер А. А. Помогаю снижать платежи и защищать имущество. Решение на консультации за 15 минут!
snuffcountry,channel,snuffcountry,1116,@vtgruinedmylife @skipclasses
kshfky,channel,𝕊𝕒𝕟𝕗𝕥𝕖𝕣 𝕍𝕖𝕣𝕤𝕦𝕔𝕙𝕖𝕣.,254,мур.
lernfleck_de,channel,Deutsch mit Lernfleck,259,Deutsch für Kinder und Erwachsene /Репетиторство для дітей та дорослих #репетитор  admin: @lernfleck 0170 6802929  info@lernfleck.de
shrimperslounge,channel,Shrimper's Lounge,386,we are @twoballguy @BigUrp @seventhavenuecleaners @spanishmudkipz @angerycadman  We eat SHRIMP We LIKE it Shrimp tastes GOOD
stoneronsol,channel,STONER | Portal,161,Puff Puff Pass 💨  TG: https://t.me/StoneronSol Twitter: https://x.com/StoneronSol
truen0ahschnapp,channel,Noah Schnapp,33,own аригато тележка 🧡 goal – 50 sub.
randompostsofdubiousvalue,channel,Scrungly & Images,244,
foahphilia,channel,"""In The Plan?""",64,"#Official®  27.04 "" Music — is a structure, not a career.""     @anavertoros      #ITP"
rufflesonsol,group,Ruffles,117,Share 🔗 t.me/RufflesOnSol  Twitter 🔗  @Rufflescoinsol  Website 🔗   https://rufflescoinsol.com
nathuel,channel,Nathuel,111,"Serangkai kata dalam dekap fatamorgana, duhai sang pelita yang menerkam namanya. Emban dalam rajut kenang, hingga    merobek seiris luka hati yang tersulut  sumarahnya.  ░░                             \                    Sang jiwa syahdu: @HIPOTESlS"
outsadders,channel,ー OUTSADDER 🧿,19,@Ryucl's gallery connected with @FooureaI  @Ryucl or @Outsadderbot for order
maxoconnor,channel,о'коннор,38,The deviant android reflects on music and more   inst: nickpvl_
silentsvj,channel,SILENTLYY/999,35,
williamandjackson,channel,𝐭𝐡𝐞 𝐇𝐢𝐥𝐥𝐰𝐚𝐥𝐤𝐞𝐫 𝐛𝐫𝐨𝐭𝐡𝐞𝐫𝐬 | cf + daily,47,cr: squira130  начало 09.11.25
sernnsfw,channel,переходник,30,
shitpostsnuslya,channel,щитпост снюсли,11,
noahshnapptyy,channel,Ноа Вулфхард #цыпалетта #филли,10,Я ноа шнапп и фоа канон Upd. Я больше не шнапп Май лайф виз май мэн
snuffcide_conf,channel,snuffcide конфішен,3,
scouffler,channel,move to @girlhoods777,1,
sussurrodoespelhobot,bot,Sussurros na Biblioteca,,"Shh.. me fale baixinho seu segredinho, as estantes tem ouvidos!"
info_sk1ll,channel,𝑆𝐾𝐼𝐿𝐿 𝐼𝑁𝐹𝑂,1,@ski1ll_xx
s3pyl,channel,𓁿min,1,архивчик
anpski,channel,Адекватистко-носковито социалистическая партия коммунальной империи (АНСПКИ),205,Газета коммунальной империи
amatobrooklyn,channel,bruh,1298,https://t.me/+yBzebD6VUJg0NjJi - NSFW  для связи: @tomatobruhlin
anska1902,channel,Анна Скачкова Психолог❤️,391,"Психолог, дерматовенеролог. Онлайн консультации.❤  Хочу, чтобы в мире стало больше света и любви. Присоединяйся! По вопросам консультаций,  сотрудничества и рекламы обращайтесь сюда @annaskachkova1902"
anuki_travel,channel,Турагентство АНУКИ Тревел,692,"Я - Марина, турагент со стажем более 15 лет и создатель АНУКИ Тревел 🐞   Лучшие отели и самые выгодные предложения ждут вас здесь 🔥  🌴 Подбор и приобретение туров @MarinaKotikAnukitravel  Или по телефону +79522059323  Ваш идеальный ОТПУСК - моя работа❤"
shodanski,channel,Аксёнов вещает,304,"Кровь, кишки, наносекунды, базы данных, турбоСи. Авторский канал про технохардкор"
ansuwalki,channel,AN SUWAŁKI,236,
kudo_aniki,channel,Kudo_aniki💜,349,"Косплеєр без костюму, хто ти без нього?🤨"
qr_ans,channel,﴿قُرآنًا عَرَبِيًّا غَيرَ ذي عِوَجٍ ﴾,374,"‏""ولم أجد سلوةً للأحزان  مثل تِلاوة وسماع القُرآن"""
alinaportoi,channel,alina / port 💘,172,
meishi_port,channel,ꩇׁׅ֪݊ꫀׁׅܻ݊ꪱׁׁׁׅׅ꯱hׁׅ֮ꪱׁׁׁׅׅׅ ℘ᨵׁׅׅꭈׁׅtׁׅ ᶠʳᵉᵉ-ᵖᵒʳᵗ,43,ܻ⨍ꭈׁׅꫀׁׅܻ݊ꫀׁׅܻ݊ ℘ᨵׁׅׅꭈׁׅtׁׅ! @archives_MeiShi_Port
hl_2_psvita,channel,HL_2 PS Vita,197,Chat: t.me/HL_2_PSVitaChat [ENG] Stay tuned for news on the Source engine (Half-Life 2) port for PS Vita! [RUS] Следите за новостями порта движка Source (Half-Life 2) на консоль PS Vita!
morskoyspb,channel,Морской Петербург,95,"Компания специализируется на издательской деятельности, а также на организации и проведении конференций и круглых столов по морской тематике.⚓️⚓️⚓️ Наши конференции:  «Российское судостроение» «Перспективы развития Большого порта Спб»"
lonta1sport,channel,§~𑀉᧐ᥒᴛᥲ's P᧐rᴛ~§,10,"Приветик! Я Лонта (Lonta), имею своё онлайн k-pop агентство Cherry Entertainment и теперь открываю Порт. Не судите мои работы строго т.к я только начинаю."
re1kaport,channel,"᷒᩹ ㅤ• 𝕽𝐄𝐈𝐊𝐀 ┊ 𝕻𝐎𝐑𝐓’, ㅤ۟ ㅤ ۫ㅤ ‌ུ,",28,
fameport,channel,𝘍𝘢𝘮𝘦 𝘗𝘰𝘳𝘵,16,
redone_yt,channel,𝗥𝗲𝗱 𝗢𝗻𝗲,40590,"Привет @durov, @Telegram   Этот канал не нарушает закон. И в нем нет порнографических и грубых постов  пожалуйста, обратите внимание ! Официальный канал в"
yutnyi_yut,channel,Уютный 🏡 уют с Аллой Грибовской,212,"Превращаю квартиру в уютное гнёздышко, где порядок сохраняется надолго! @AllaGribovskaya"
powerliftingvn,channel,Пауэрлифтинг/ВН,186,
mos_obl_sila_50,channel,МОФП (Московская областная Федерация Пауэрлифтинга),429,"РОО «МОФП» официальный представитель ФПР 🇷🇺 Все о пауэрлифтинге в Московской области.  Общение и сотрудничество, новости с помостов и результаты команды."
mastersfreediving,channel,Master Freediving,271,Привет! Меня зовут Мастерских Влад и я занимаюсь спортивным фридайвингом в бассейне. Здесь будут мои статьи про тренировки и упражнения.
royal_never_giveup,channel,Vitamin_T💪,195,"Общество сильных духом ,  с  непоколебимой верой в себя !!! Воспринимайте каждый день как возможность проявить себя!!!!"
fpr71,channel,Федерация пауэрлифтинга Тульской области,409,
superkuboktitanov,channel,СУПЕР-КУБОК ТИТАНОВ,313,Ежегодный турнир по пауэрлифтингу         СУПЕР-КУБОК ТИТАНОВ.  Турнир проводится с 2005 г. в целях популяризации и развития спорта в России.  Соревнования проводятся в формате без экипировки.
zevt22,channel,ZEVT,293,Кандидат в мастера спорта по пауэрлифтингу ФПР Тик ток: https://www.tiktok.com/@zevt22 Онлайн ведение @Zevtt http://t.me/voprosy?start=si5p2
marusya_motor,channel,MA/RUS/YA,92,"Про силовые тренировки, питание, подготовку к соревнованиям и многое другое.                                                                     Тг: @marusyaloy                                          тренируюсь у тренера чемпионов @vsemogushin"
power_novikov,channel,Пауэрлифтингист,44,"Видео с тренировок и соревнований, а также баяны со спортивных пабликов."
profifting,channel,ProLifting,123,
malyginpro,channel,МАЛЫГИН PRO,129,"Канал Чемпиона мира по пляжному бодибилдингу Игоря Малыгина  Делюст опытом,полезными советами.Научу как вкусно и полезно питаться,при этом выглядеть как с обложки🫰  Для связи : https://t.me/malygin_mph YouTube канал https://youtube.com/@malyginpro?si=PWpn"
prananewyear,channel,Новый год в ПРАНЕ🎄,206,"Новогодняя ночь в крупнейшем центре йоги в Европе!💫🎄Вас ждут более 20 практик, концерт, рейв-медитация, вегетарианский стол, подарки и многое другое. Проведите главный праздник года в кругу единомышленников🧘🏻‍♀️   Подробности и билеты на pranayogany.ru"
lilianagol1968,channel,✳️🔵ЗДОРОВЬЕ И КРАСОТА🔵✳️,99,"Дорогие мои друзья! Я рада вас приветствовать в своем  командном  канале Сибирское Здоровье. Здесь я шаг за шагом буду знакомить вас с тем, как работает наш организм и как прийти к своему здоровью. И буду делиться своим опытом накопленным за 19,5 лет."
rozepepper,channel,Roze Pepper,91,"Розовый перец - пряность и символ женской задоринки.  Здесь продукты EWA PRODUCT, стиль, женские деньги 45+, ресурс"
sportivniye_protainiy,channel,Sportivniye_protainiy,6,"@Sportivniye_protainiy  АМЕРИКАНСКИЕ протаины из первого лица. В наличии есть все виды протаинов: Amino, 2222 tabs, Creatine, Whey, а так же таблетки: Metanodex, Metanadol, D-bol. @ID_error2 , @taalipov"
pronin_law,channel,PRONIN,12,
aiudin_info,channel,Александр Юдин - Инфо,18,Агент по недвижимости  Партнер Avito - Комфортная сделка  Бизнес-Партнер Siberian Wellness   Сайт: bizmlm.ru vCard: iudin.aa01.ru Для связи: @aiudin
protein_chips,channel,ПРОФИТСЫ,17,
protein_friendship,channel,Крепкие Белковые Отношения,599,Белки занимаются этим постоянно
probrein,channel,Веб-дизайн | обучение | фриланс,205,"Канал онлайн-школы дизайна «Пробреин» https://probrein.ru/     ✅ 100+ учеников, которые зарабатывают на дизайне после обучения  Преподаватель: Миронова Валерия • 7+ лет опыта • Design lead"
youngmatinplayedthisshit,channel,Matin,210,☑️Youtube: https://youtube.com/@mat13in?si=s_D21PdGoVDrszx9  ☑️Instagram: https://www.instagram.com/prodbymatin13?igsh=NGRoZms3bHIyeTR5  ☑️For any collaboration: @prodbymatin
gym_protein,channel,GYMSHOPEE - Deals & Offers,20,
pravstrateg,channel,Православные стратегии,111,Управление - добродетель
porcelain_official,channel,Porcelain,21,
pratki22,channel,Ночные прятки в изумрудном || 14.07 22:00,34,По всем вопросам писать @xzch69 или @Viktoria906
progcommunitybyhugh,channel,PROG community,80,Первый канал для фанатов прогрессивной музыки  Связаться по любому поводу -> @VasilyHugh  Ютуб: https://youtube.com/@vasilyhugh?si=z6W4o2D-MKwrPXFx  Поделиться: https://t.me/progcommunitybyhugh  Наш общий чат: https://t.me/progcommunitychat
protein_with_vlad,channel,протеиновый батончик Влад,56,Послушать басс Влада из группы sonyaprosti  https://taplink.cc/sonyaprosti  Спорт и интимки https://www.instagram.com/bass_v_sp?igsh=ZGUzMzM3NWJiOQ==
akademyfitnessa,channel,Железные новости: про Бодибилдинг,850,"Твой надежный источник лайфхаков, научных фактов и рабочих методик из мира фитнеса и бодибилдинга. Только здесь актуальная выжимка знаний от топовых спортсменов России (и не только😏)"
nextdayfun,channel,Next Day | Zelimization | Зелимхан Джабраилов,996,Повседневный прыгательный движ
prokshino_sport,group,ЖК ПРОКШИНО ЧАТ СПОРТ🏋🏻,731,"Йога, кроссфит, бодибилдинг, бег и не только. Чат спортсменов.  Все вопросы @pro_prokshino_admin_bot"
iliftteam,channel,ILift,306,"Силовой тренинг, бодибилдинг"
jmgag,channel,"just me, gym and god",185,железо никогда не было лишь увлечением
fitnessresheniya,channel,Фитнес Решения | Глеб Гребенщиков,206,"Меня зовут Глеб Гребенщиков, я - сертифицированный тренер, который 8 лет смотрит на фитнес не через фильтры, а из самого зала — там, где грохочут блины и люди честно вкалывают 😅"
angelochki_chita,channel,Ангелочки.,583,"-КОЛЯСКИ, -КРОВАТКИ, -АВТОКРЕСЛА, -ЭЛЕКТРОМОБИЛИ, -КОНВЕРТЫ НА ВЫПИСКУ, -СТУЛЬЧИКИ ДЛЯ КОРМЛЕНИЯ.  ТЦ Festival, ул.Костюшко-Григоровича, 44, пав. 57 и 34."
heymama_store,channel,"Heymama | Привет, мама!🤎",569,"Товары для малышей и мам, одежда от 0 до 5 лет, Чита🤎 Чкалова 149 (тц Ликерка Плаза), 2 этаж (по стеклянному коридору, налево)"
domrodnoi,channel,Светлана Молчанова | Пэчворк | Лоскутное шитье | Цвет в пэчворке | Обучение онлайн,531,"Мастер и преподаватель пэчворка (лоскутного шитья), автор курса ""Цвет в пэчворке"" и основатель Лоскутной онлайн-мастерской.   Пишу о том, как шить пэчворк в удовольствие.  Техподдержка: @domrodnoi_help_bot  Контакты  • @smolchanova • https://domrodnoi.ru"
tatiana_patriotka,channel,Татьяна Патриотка,12,Создатель формы современного кокошника. Руководитель патриотичного бренда с федеральным охватом.  @Tatiana_patriotka_bot  По всем вопросам: @ТD_sale
kolyaskayoyo,channel,Интернет-магазин колясок и товаров для малышей,21,🤱Интернет-магазин детских колясок и удобных товаров для малышей. 📍В наличии и под заказ 🔐Гарантия и сервисная поддержка 🚗Доставка по Москве и РФ  📲Телефон: +7 (495) 489-45-95  с 09:00 до 22:00   https://kolyaskayoyo.ru/
ordinemedicipa,channel,OMCeO Palermo,1170,Canale Ufficiale dell'Ordine dei Medici Chirurghi e degli Odontoiatri della Provincia di Palermo
ordine_avvocati_lucca,channel,Ordine degli Avvocati di Lucca,743,Notizie dal COA di Lucca
ordineavvpadova,channel,Ordine degli Avvocati di Padova,504,Canale Telegram ufficiale dell'Ordine degli Avvocati di Padova
ordine_tsrm_pstrp_cn,channel,Ordine TSRM PSTRP Cuneo,201,"Canale dell'Ordine dei Tecnici Sanitari di Radiologia Medica e delle professioni sanitarie, tecniche, della riabilitazione e della prevenzione della provincia di Cuneo"
totalitarismoblog,channel,Totalitarismo,525,Feed RSS da totalitarismo.blog
tarotality,channel,та самая духовность 🪬,82,"добро пожаловать в мир таро!  здесь ты найдешь ответы на самые волнующие вопросы, получишь мудрые советы и откроешь новые горизонты 🪬  💌 связь со мной — @yaannies  📎 instagram.com/tarotality"
totalitypath,channel,Dmitry Kolesnikov's channel,63,Техника съёмки солнечной короны и не только.
vloggitarista,channel,☄️Белый день☄️,62,"Лид-гитарист трибьюта: ""мы вышли из кино""  Голос: https://t.me/boost/vlogGitarista"
antitechresistanceglobal,channel,Anti-Tech Revolution,155,"ATR is a new revolutionary and international movement that aims to stop and dismantle the network of industries that spans the planet, which we call the technological system.  Select english on our website: https://antitechresistance.org"
povstanska_sich,channel,ꑭПОВСТАНСЬКА СІЧꑭ,22,Долучайся до реальної боротьби проти жидолібералізму!
anti_totalitarizm,channel,It's my life,22,Описание сбежало
redpillbeena,channel,Redpill Beena,1048,"You take the red pill, you stay in Wonderland and I show you how deep the rabbit hole goes… 🕳️ Barack Obama = Son of Perdition / clone of Akhenaten / Biblical Antichrist https://t.me/RedpillBeena/13466"
borderlinetheories,channel,Cospirazionismo borderline di G4M3,419,La Terra è piatta? È esistita una o più civiltà evolute  precedenti alla nostra? La storia è stata alterata? Avevamo già raggiunto una tecnologia avanzata in passato? Esiste l'energia ricavata dell'etere?  Fin dove è arrivata la loro menzogna?
na_zlobu_d,channel,На злобу д.,45,Хроники успеха.   Редакция: @zloy_robot
frontedelblog,channel,Fronte del Blog,64,"Magazine online. Notizie, video e podcast che gli altri non hanno"
lasberla,channel,La sberla,11,Quotidiano online
gianlucalamberti,channel,Gianluca Lamberti,6438,Canale YouTube di approfondimento tematiche di attualità collegato a  Facciamo Finta Che  https://youtube.com/c/GianlucaLamberti
art_samp,channel,#САМП_арт 🎨,948,"Проект Столичной ассоциации молодых педагогов, который позволит открыть в себе новые таланты и найти творческое хобби. Группа проекта в ВК https://vk.ru/club237243783"
ciaogelato,channel,Ciao Gelato 😋,195,Ciao! Join our journey in sharing happiness through our healthy artisanal Italian Gelato!  Coming to Penang in 2022! 😋
filologiaromanzaitaliano,channel,Кафедра романской филологии (итальянский) РГФ ВГУ,168,🇮🇹Официальный телеграм-канал итальянского отделения кафедры романской филологии факультета романо-германской филологии Воронежского государственного университета✨
nerdfpschannel,channel,Nerd News Channel,179,Facciamo parte del Community Network
studiareparlando,channel,DettoFatto,69,Di tutto e di più ! 🇮🇹☀️
roflo_con,channel,Roflо_con онлайн,61,
nkssuna,channel,Ксюня,145,
nessunacensura,channel,Nessuna Censura,55,NESSUNA CENSURA
whosgonnabemypartnerincrime,channel,Leilushkiin,350,
undicesimotoro,group,UNDICESIMO TORO ♉,384,"Il Decimo Toro ♉ era Marco Cosmo uomo giusto e equilibrato, non è più con noi ma rimane vivo nei nostri cuori ❤️ a lui dedico questo lavoro.  Sicuramente diverso con altre tematiche e senza nessuna pretesa se non non nascondere i fatti."
donottrustthegirl,channel,Artĥur,205,I am a winner
precureitalia,channel,Pretty Cure Italia,188,Non perdere nessuna news dedicata al mondo di Pretty Cure ✨ www.Pretty-Cure.net
colazioneacolori,channel,🌈 Colazione a Colori con Samya 🖥📱,1362,Le novità in anteprima di Samya Ilaria Di Donato (samyadeicolori.it)
katerina201280,channel,Психология для детей и подростков,384,Всё о психологии и не только..Запись на консультацию пишите в личку)  https://www.b17.ru/ekaterina_burlaka/   https://vk.com/club226679408  Инстраграм katerinaburlaka
corrieredeiianimazione,channel,Il Corriere dell'Animazione - Breaking News,177,"👁 IMPORTANTE: Canale assolutamente non affiliato a @corrieredellanimazione, creato con l'unico scopo di intrattenere."
baripuglia,channel,"Bari News - notizie e segnalazioni dal capoluogo pugliese e dintorni (Modugno, Molfetta, Mola, Conversano, Turi, Castellana...)",3133,"Notizie e segnalazioni da #Bari, #Barivecchia #torreamare #santospirito #sanpaolo #Carrassi #viasparano  #Molfetta, #Bitonto #Alberobello #Palese #Modugno, #Conversano #Mola #Turi #Triggiano #Cegliedelcampo #Acquavivadellefonti #Cellamare e dintorni"
gurimendez,channel,De los pagos del gurí,353,Noticias y comentarios
collebeatoinforma,channel,Collebeato Informa,589,Canale di comunicazione ufficiale della amministrazione comunale di Collebeato
cronaca_news,channel,Cronaca.News,393,Notizie in tempo reale | Italia e mondo | Politica Inchieste Sport Cronaca Eventi
dashessi,channel,ваша даша🧚🏻‍♀️,227,ЙОУ ЛАЙФ КАНАЛ
lideresdigitalesennoticias,channel,Líderes En Noticias Digitales 2,153,Grupo de Noticias sin censura
ilnotiziarionet,channel,Ilnotiziario,204,Aggiornamento in tempo reale delle notizie pubblicate sul sito www.ilnotiziario.net
kohandazh,channel,خبرگزاری کهندژ,172,www.kohandazh.com
devyatzhizneycharodeiki,channel,9 жизней Чародейки,82,Ютуб канал со всеми новостями о борьбе Чары за жизнь: https://youtube.com/@pozharni76?si=3NGsA2pDtSmbqg_4
dozabased,channel,Doza,71,Коротко и ясно.  Связь с админом — @liadmin1
decefera,channel,Life After Death,33,
ilmamilio,channel,ilmamilio.it,99,"Benvenuti a tutti i nuovi iscritti. Questo è il canale Telegram pubblico ufficiale de ilmamilio.it.   Le notifiche sono postate in tempo reale.  Per contattare la redazione è possibile utilizzare il numero +39 331 918 8520, telefono, SMS e whatsapp.  Buon"
cnworl,channel,CN – Morti di Lavoro🇮🇹,87,
ninewincasino,channel,Null Null,2518,
no0emotions,channel,‌ ‌ ‌ ‌ ‌ ‌ ‌ ‌𝐕,158,
thenoisefanclub,channel,❛𝖳𝗁𝖾𝖭𝗈𝗂𝗌𝖾𝖥𝖺𝗇𝖼𝗅𝗎𝖻৲ ⹏҉ ⹏,133,Nothing there.  ⹏  ⹏ ⹏  ⹏  ⹏    ⹏  ⹏ @Dream2escape
onlyfansofyashin,channel,Only us,180,ناشناس تو کونتون، هرکی میخواست حرف بزنه پیوی هست
netnetnetxd,channel,ничего не изменилось,46,зюзюпукпук
allbiinno,channel,рест albino.,46,"## I never thought *** could be so close  во мне гниют слова, которые я не сказал"
rrrrrtukg,channel,🦢,29,چیزی نیس!   🦢💘• Nashnas : http://t.me/HidenChat_Bot?start=5511375270    🦢💘• main channel : https://t.me/reehaaannn
afrablueplaylist,channel,No Words Playlist,3,Not even one word. Nothing. @afrablue
nofacepls,channel,NO FXCE,15,
n1veafm,channel,aud / ⩩ .. n𝕚ִvᧉα Ꮺָ࣪ ‣,12,нивеа - группа талантливых девушек. связь - @n1veabot яша / вайлент / каэла / ??
nn1si,channel,Nens,2,never die
malleus_medicorum,channel,Крокодил ЯтроГена🐊🚑,10862,Рептилоиды медицинского права Независимая экспертиза и юридическая помощь по делам о врачебных ошибках  Чат: https://t.me/joinchat/Vne1_WE2frz7HiAi Сайт: https://medicaproof.ru/ Сотрудничество: intech-zuev@mail.ru +79652287218
prohram,channel,Прохрам мастерская,1353,
park_prohladniy,channel,park prohladnyi,545,Всем отличного настроения! Вы на официальном аккаунте парка аттракционов г. Прохладный.  инстаграм: https://www.instagram.com/park_prohladnyi?igsh=Y3VmN2lkcjU1OTIy&utm_source=qr  бусти: https://t.me/boost/park_prohladniy
proh2og,channel,ProH2O Gift,583,Owner » @ProH2O
dshi_prohladny,channel,Школа искусств городского округа Прохладный,267,Новости и события школы искусств.
tillo_journal,channel,Tillo Journal,481,"✨Твое медиа на каждый день, чтобы быть здоровым физически и психически  🏃🏻‍♀️Наш беговой клуб: https://t.me/tribute/app?startapp=ep_8xiKMBFb0SbC1dIyKlP1oyfd34ryr1mOSC0CMpdqFMTBmyUJFM   🔗Соцсети: https://linktr.ee/Tillo.ru  📨Почта hello@tillo.life"
biogidpro,channel,БИОГИД (пробиотики),535,"💁🏼‍♀️Здоровый кишечник делает тебя молодой и красивой, а иммунитет детей крепким  #нормофлорины  #хомоспорины #коллаген #магний #хитозан  Калининград👉🏻офис 203, ул.Больничная, 42  С 10-17:00  т. 8-995-312-3020  Заказать ➡️ @biogidbot"
prohanyu,channel,Кристина Ли🀄️,338,"Всем привет! Меня зовут Кристина! В этом году вернулась из Пекина в Москву🇨🇳🇷🇺. А также из статуса студентки в преподавательский (в Вышку в том числе).   А также лексику по актуальным темам, лайфхаки для изучения китайского и всего интересного!"
proctolog_spb,channel,Доктор Пахомов | Флеболог | Проктолог | СПБ,277,"Руководитель центра лазерной хирургии Grandmed. Моя задача - давать пациентам возможность избавиться от мучающих заболеваний с помощью современных, малотравматичных методик, быстро, без боли и длительной реабилитации.  Запись  - https://proctolog-spb.ru"
podolog_pronina,channel,ПРО Подолог Москва ЗАО,121,"Москва, м.Крылатское,  ул.Крылатские холмы 33к3"
vlad_pro_it,channel,WHAT IS LOVE,187,"Меня зовут Влад, это канал про мою жизнь, мои мысли, успехи и неудачи"
proctologia_rostov,channel,Проктолог Богданов Ростов-на-Дону,165,"Богданов Д.В.  Лечение геморроя, тромбоза, трещин, ЭКХ, полипов и бахромок, хр. запоров. У нас не страшно и не больно ☎️ 8 863 310-90-93  +7 900 134 24 34."
prohlmuzeum,channel,Музей г.Прохладный,157,
dolgoischastlivo_initiumpharm,channel,Здоровье и Долголетие,246,"О том, как жить дольше, быть энергичным и чувствовать гармонию. Здесь — про здоровье, натуральные витамины и силу терпенов сибирской пихты. Делюсь привычками для долголетия и рассказываю, как природа помогает нам быть здоровыми — просто и с любовью."
inholistclub,channel,inHolist® клубный дом,216,"В пространстве: протоколы оздоровления, медитации, рецепты, тренинги, монографии, исследования  HOLISTIC WELLNESS CLUB  https://inholist.ru/club  https://vk.ru/inholistclub"
biletiz_otzivi,channel,Реальные отзывы о Билетиз,65,Сборник пересланных отзывов от наших клиентов из чата @biletiz.
yawprawe_otzyvy,channel,Я ВПРАВЕ. Отзывы,33,Отзывы компании  Я ВПРАВЕ  Законное списание долгов под ключ  https://yawprawe.ru/  Канал t.me/yawprawe Чат партнеров t.me/yavpravepart
bkfreviews,channel,БКФ | ОТЗЫВЫ,37,Все истории счастливого освобождения от долгов здесь  Общайтесь с нашими клиентами и юристами в чате👇  https://t.me/+eSChFjTNF-hiMDYy  Читайте полезную информацию в канале директора компании  Ксении Михайловны👇  https://t.me/brileva_KM
amulet34vlg,channel,Юридическая фирма «Амулет»,191,"Списали более 250 🍋 долгов клиентам Отстоим Ваши права и защитим от коллекторов 🔥  Споры: семейные, жилищные, банковские, ДТП, ОСАГО, банкротство, защита прав потребителей ❗️  Запись на консультацию 8-996-357-01-18 8-999-629-97-92"
polnoe_pravo_irk,channel,Полное Право | списание долгов,119,"Списание долгов без лишних хлопот: профессионально и законно.👨‍⚖️ Суд или МФЦ — мы знаем, как помочь.📚 Начните с бесплатной консультации: @PolnoePravo_konsultacia_bot"
legalandsocialawareness,channel,Legal and social awareness By Karim Ahmad Advocate,78,In this channel legal informations provided.Solutions of all legal Problems here. My aim to make the people aware.
spisat_dolgi_sarkis,channel,Списать долги | Саркис,85,"Приветствую, друзья. Меня зовут Саркис, я являюсь юристом-экспертом в сфере банкротства физических лиц: помогаю людям, попавшим в сложное финансовое положение, законно списать свои долги. Заявка на бесплатный разбор → https://t.me/sarkis_dolgi_bot"
otzyvy_vmestodolgov,channel,"ОТЗЫВЫ КЛИЕНТОВ ""Вместо долгов""",21,"Каждый отзыв здесь — доказательство: из долгового круга можно выбраться.  Вы увидите истории людей, которые уже прошли процедуру банкротства и теперь живут спокойно.  Записаться на консультацию можно по ссылке: https://t.me/m/RrPIvZapNjli"
damagelib,channel,damagelib,313,
z_damaru,channel,Знатная дама - женская одежда больших размеров,215,👗 Стильная и качественная одежда размеров 48-70 по доступным ценам оптом и в розницу. Доставка по всей России!  С нами так просто быть красивой! Присоединяйтесь к сообществу и улыбайтесь себе в зеркале каждый день! 😍 www.z-dama.ru
webgpu_ru,group,WebGL & WebGPU RU,1655,"Полезные ресурсы: https://telegra.ph/Poleznye-resursy-11-08 Правила: https://berlincodeofconduct.org/ru/ Вакансии обязательно с указанием зп вилки, организации и контакта обратной связи. Так же они дублируются в @webgl_jobs @webgpu_jobs"
turi_v_telege,channel,TУРЫ ВСЕМ✈️ Горящие предложения и самые выгодные туры,919,"Больше 10 лет на рынке, 10000+ консультаций🫶 Знаем, где комфорт, а где — просто переплата🫰💰 Честные отзывы наших туристов https://t.me/turivsem_otziv Связь с нами здесь https://t.me/+79265905256 Руководитель @turi_vsem"
bellalegendd,channel,bellalegendd🎶,340,likee : @bellafurrman creator: @bellafurman
belengua,channel,будь языком,194,"Английский и испанский так, чтобы запомнилось и вошло в речь: ~ удобные разборы, фразы для жизни, только нужное и понятное ~научу тому, что ты хочешь знать    Связь со мной: @engspa_diana"
afdksw,channel,Kanal AfD-Kyffhäuser,283,Offizieller Kanal des AfD Kreisverbandes Kyffhäuser
afd_chatgruppe,group,AfD Chatgruppe,728,"Dies ist eine Chatgruppe, KEINE offizielle, für echte AfD Wähler und AfD Sympathisanten. Und das alternative Gegenstück, zu den pseudo (anti) AfD-Chatgruppen. Gegründet am 24.04.2023. Antisemitismus und Reichsdeppen-Unfug wird hier nicht geduldet."
joergurbansachsen,channel,Jörg Urban - Sachsen,1242,"Offizieller Kanal von Jörg Urban, Fraktions- und Landesvorsitzender der AfD Sachsen.  ➡️Alle Informationen hier: https://joerg-urban.de/links"
afnofficial1488,channel,AFN Official Page,1182,
afd_oberhavel,channel,AfD Oberhavel,98,Hier ist der offizielle Kanal des AfD Kreisverbandes Oberhavel. Hier erscheinen aktuelle Informationen über den Kreisverband und anstehende Veranstaltungen.   www.afd-oberhavel.de
afdawn,channel,Hearts of Iron IV | African Storm,347,
afdbadkreuznach,channel,AfD Bad Kreuznach,141,Offizieller Kanal des AfD Kreisverband Bad Kreuznach
afdinwitten,channel,AfD Ratsfraktion Witten,185,Willkommen auf dem Telegram-Kanal der AfD im Rat der Stadt Witten. Wir machen der etablierten Politik Beine - versprochen!
mainstreamzone,channel,MainstreamZone,6720,
valormainstream,channel,ValorMainStream,2718,"Кажется, что-то происходит  YouTube-канал: youtube.com/ValorMainStream  Помощь автору: https://www.donationalerts.com/r/valormainstream  Группа ВК: vk.com/valormainspirit"
madefor90s,channel,Made in the 90s,154,زن. زندگی. آزادی.
alekseevacraft,channel,Изделия из кожи | МАРИНА АЛЕКСЕЕВА,154,Я -  Марина Алексеева. Кожевенных дел мастер. 🪡💼 Создаю изделия и аксессуары из натуральной кожи ручной работы! 🔥  Вопросы / Заказ – @kitten_marina  🌍 Доставка в любую точку России.
menschensindblumen,channel,Сборник: Люди цветы,108,"— проект исследующий связь человеческой памяти и символики цветов.   📍МОСКВА, ГАЛЕРЕЯ Si19 (29.05 — 31.05)  Часы работы: с 15 до 21  📸 @menschensindblumen   → вход бесплатный → мероприятия: menschensindblumen.timepad.ru/events/"
schizmatic,channel,Творчество Осмысленное,10,
menschenkette,group,Menschenkette für Frieden (Gruppe),11,
ugly_media,channel,ugly media,439,Уроды  Контакты для сотрудничества:  @kapecks
tdmkings7,channel,DESSAN🇹🇷,393,@pubgm1r  dm
chessroom1,channel,Chess Room,61,♟ Chess Room  Shaxmatga oid eng muhim voqealar va qiziqarli kontentlar.  🏆 Turnirlar 📰 Yangiliklar 📚 Tahlillar 🎯 Taktikalar  📩 Murojaat:
difficult_official,channel,DIFFICULT | OFFICIAL,105,DIFFICULT VOR ORGINAL 💯 ADMINLAR TDM TURNIR @abrorbek_pg
freakyshotg,channel,Freaky $ho путь в ЧИКАГО🤟🏾,210,Паблик ВК: https://vk.com/publicfreakysho  админ: @mkexv
damnfirst,channel,Outright,50,Фото Вк: vk.com/damnfirst Материалы ни к чему не призывают. Некоммерческое распространие разрешено при указании авторства
dimonstrong,channel,Димон strong💪💪💪,41,"Здарово! Я Димон скалолаз и паркурист.Мой рекорд по подтягиваниям 51 раз,  максимальный пролаз на боулдеринге 7b 🛑 видосы с паркуром смертельно опасны  не повторять, повторение видео со скалолазанием   может быть  травмоопасно и смертельноопасно ."
cwyellow,channel,ЖЕЛТЫЙ ЗАМОК,182,
alexeyesuperchampion,channel,AlexEyeGMD | MSC,15,Канал про ГД Ник в игре: AlexEyeGMD Хардест: Bloodlust
gmd_dolan,channel,Картель DOLAN • 🪖 [ GMD ],33,Топ 2 слеер КБР btw ^^  TT: https://www.tiktok.com/@kbr_d8l8n_editz YT: https://www.youtube.com/@theogd7430 MAX: https://max.ru/join/WxvDnQsJIPd9l-pKZ_d5HOzc3skbeFdk2PKzyNuTeJA Hardest: Sonic Wave (22.515 att)
sayfexgd,channel,Sayfex,15,"Топ 10 хардестов: https://t.me/Sayfexgd/410 Вейв хардест: Electro Paracosm Играю на 60 гц ноуте на клавише ""m"""
danyachee182,channel,danyache182,24,
roflgovnishche,channel,МАГМА ЩИТПОСТ,5,
virtchatzn1,group,♥️ Чат - Знакомства для секса ♥️ 18+,3454,♥️ Это чат знакомств для секса - Конфиденциально на 100% - Отношения без обязательств - Реклама:  @Noch_love1  Связка - @kukold_chat18   ✅ Каталог Моделей - @virtual_models18
noch_smena,group,ночная смена,64,"-комфортное общение. -различные игры, дс сервер. -адекватная администрация.  ПРАВИЛА В МАФИИ: https://telegra.ph/PRAVILA-IGRY-V-MAFIYU-08-13-5"
klimaschwindel,group,Klimaschwindel,174,"Die CO2-Theorie ist nur geniale Propaganda.  Videos und Links teilen, sowie themenbezogene Diskussionen erwünscht."
derklimaschwindel,channel,KLIMASCHWINDEL,74,Aufklährung über #Klimaschwindel & #CO2Lüge https://t.me/patriot_bayern https://t.me/patriot_bayern2 https://t.me/FREIE_UNZENSIERTE_MEDIEN https://www.bitchute.com/channel/patriot-bayern/ https://vk.com/patriotbayern   #CO2istLeben
doorlesscarp1,channel,DoorlessCarp's feed,71,
klimat27,channel,Klimat27.ru,26,"интернет-магазин ""Климат27"""
energiewendedeuschland,channel,Energiewende Deutschland - Klimaschutz / Energiepolitik - Kernenergie Kernkraftwerke / Erneuerbaren Energien / Wasserkraft Sonne,26,By @DeutschlandBullshit @MeteoTelegram @AnimalFreaks @GenRevolutionOfficial @ClimateChangeTelegram @NatureFreaksDeutsch More @ScienceFactsChannels @FactsTelegramChannels @LawsTelegram @HumanRightsChannels @HumanRightsChecklist @IsraelWarFacts etc.
infoffberichte,channel,Info Berichte,13,
pyshka_feedback,channel,Отзывы о прогулках,4,
oilivibot,bot,tell me✶!,,
obgavan_bot,bot,Obgavan_ Feedback,,
occupiednews_bot,bot,Occupied News Feedback,,
fuekibfe,channel,Markus Möller | Feed,1514,"#Neuigkeiten aus der Welt der #Globus Propaganda, die uns seit 500 Jahren eingeimpft wird und anderer Themen, die die #Freiheit betreffen.  Youtube: https://www.youtube.com/@markus_moeller"
hardtekkgeballer,channel,Hardtekkgeballer🔊🔊🔊,613,Hardtekkgeballer🔊🔊  Knüppeln! Steigern! Bass in die Fresse! Meine Geballer Sammlung. Immer Vorwärts! Über 10k Musikdateien 🎶   [Source] führt zum Track und Künstler auf Soundcloud. Da freuen sie sich über Likes😜  🔞 ab 18 Jahren 🔊🔊
dezembermagie,channel,Rauhnächte & Sperrnächte * DezemberMagie,516,"Erlebe einen magischen Dezember & eine magische Zeit ""zwischen den Jahren"" 💜🔮💜 mit der DezemberMagie von @FrequenzenDesLebens Mehr zu DezemberMagie findest du auf 👇 https://DezemberMagie.de/ Herzliche Grüße, Angela"
dslanders,channel,هوش مصنوعی - رضا شکرزاد,12838,👈 کانال علم داده و هوش مصنوعی رضا شکرزاد  🔘 نقشه‌راه یادگیری 🔘 معرفی و دانلود منابع 🔘 مقاله‌  وبسایت دپارتمان: cafetadris.com/datascience  ارتباط با ادمین، درخواست منتورشیپ و پروژه: https://t.me/dslanders_admin  یوتیوب: Youtube.com/@RezaShokrzad
danerikssonse,channel,Dan Eriksson (DFS),1028,Father | Writer | Analyst | Podcaster | Organizer  🇸🇪 www.daneriksson.com 🇬🇧 english.daneriksson.com
selt_pr_models_promo,group,Models Promo | Self-PR,526,Self PR создан для ваших анкет — здесь вы можете делиться своими профильными анкетами и находить новые возможности для сотрудничества.  📍 Москва: @Models_promo 📍 СПБ: @Models_promoSPB 📍 Self-PR: @Selt_PR_Models_promo 📍 ЧС: @BLACKLIST_Models_Promo
ultronglowofficial,group,UltronGlow Official,544,"UltronGlow is a public blockchain with a GLOW consensus mechanism and a huge number of edge server node devices, storage and edge computing capabilities."
gledos_science_rebirth,group,gledos.science [rebirth],169,关于一场误解的事后简报 https://t.me/gledos_science_rebirth/17241  关于踢走一位 Telegram 用户的事后简报 https://t.me/gledos_science_rebirth/17200  这里是 @gledos_green 的 telegram 群组［重生］。  规则：请不要发送让我再次「喝茶」的内容，禁止机器人自动广告。  不要人身攻击、虚假陈述等，对话题无建设性的挑衅内容。  没有特定的讨论主题，Lia 可能主要讨论考据、动画与游戏。
goldenstar_sport,channel,Golden Star Sport ⚽️,339,Welcome: https://gs-sport.top/site 🔗 GS Casino: https://t.me/goldenstarcasino  ✅ Live match talk  ✅ Bold Bets  ✅ Fast payouts    Sports like you’ve never seen.
grossehalle,channel,Grosse Halle - Kleine News,92,
furosse,channel,yani,655,anon https://t.me/furossbot
grosset_art,channel,GROSSET ART,68,"📌 Междисциплинарный художник: живопись, керамика, современное ткачество 📌 Мой творческий путь, вдохновение, работы и выставки, путешествия"
grossetolavoro,channel,Grosseto Lavoro,232,Annunci e Offerte di lavoro su lavoroannunci.eu  Pubblica annuncio: lavoroannunci.eu/desk  instagram.com/lavoroannunci_eu facebook.com/lavoroannunci.eu  Qualcosa non funziona? lavoroannunci.eu/app/bug-report?url=https://t.me/grossetolavoro
acid_cvr,channel,# 𝐀ci∂ ִֺ۪ ·𝄞 gr𑄜u⃨p ִ 𞋯ᰰ,48,Vanessa / Vika / Willme / Xiao / Avenn / Maxine
deutschundenglishmitvera,channel,Немецкий с Верой Английский 👍,30,Отзывы о моей работе преподавателем немецкого и английского языков🇩🇪🇬🇧 Контакт: @Vera_Mikheev_a
cezzes,channel,⋆.|🧀|𝄢𝘾𝙝𝙚𝙚𝙨𝙚(cezzes),83,Здрасьте приехали 🫂 Здесь вы можете наблюдать за моим творчеством (если это можно так назвать).💥 Колабы/ трейды может быть 🙂‍↕️ Лс: @kto_mee Анон: http://t.me/anonaskbot?start=tzqqf
musta_grouse,channel,"Эйдолон, прикрой мой тыл!",182,"Кири 170✅ Кирибан на 200   Правила в закрепе обязательны к ознакомлению!  Мультифандомный художник, в основном диджитал  Могут присутствовать тупые мемы и разлития мыслию по древу, а также обзорчики на игры   Анонимки: anon.fan/musta_grouse"
grossa_coffee,channel,Grossa,35,take the best
hofesh_muhlat,channel,חופש 🏴 מוחלט,552,דיון ⁦👈🏾⁩ https://t.me/+ZVU2vzG6AwlkMGQ8
klimamanifest_interaktiv,group,www.klimamanifest.ch-INTERAKTIV,142,"Interaktive Gruppe zum Austausch von Informationen für Kenner des ""Klimamanifest von Heiligenroth"".   Bitte KEINE CHATS und KEINE DISKUSSIONEN.  Klimamanifest-Diskussions-Kanal: https://t.me/klimamanifest_Diskussion  Mehr auch hier: www.klimamanifest.ch"
gruenech,channel,GRÜNE Schweiz🌻,93,Wir sind der Wandel. Wir übernehmen Verantwortung. Wir schaffen Zukunft. 💚
hinterfragalles,channel,Rhino in the room,28,
letztegenerationfakten,channel,"Positive Punkte der Letzte Generation, welche die Leute mit geschlossen Augen einfach IGNORIEREN! - Klimakleber Fakten",19,By @ClimateChangeTelegram @DeutschlandBullshit @MeteoTelegram  @AnimalFreaks  @GenRevolutionOfficial @NatureFreaksDeutsch @FactsTelegramFreaks @FactsTelegramChannels @ClimateChannels @RightsTelegram @LetzteGenerationTelegram @JobsFacts @MissionPlaneta
worldwar3telegram,channel,Terceira Guerra Mundial - מלחמת העולם השלישית: סין נגד אמריקה נגד גרמניה - الحرب العالمية الثالثة: الصين ضد أمريكا ضد ألمانيا,13,By @MissionEcocide @MeteoTelegram @AnimalFreaks @GenRevolutionOfficial @ClimateChangeTelegram @NatureFreaksDeutsch More @ScienceFactsChannels @FactsTelegramChannels @LawsTelegram @HumanRightsChannels @HumanRightsChecklist @IsraelWarFacts @ClimateChannels
smeagols,channel,Smeagols Blog,19,Dinge mit denen ich mich beschäftige. Mit oder ohne Kommentar. Anmerkungen/Kommentare etc.pp. an @BastyG  https://linktr.ee/sebastian91  Born @ 355ppm CO2
letztegenerationtelegram,channel,Let we talk about die Letzte Generation - Pro und Kontras über die Klimakleber und was sie besser tun können,24,👍👎 und was sie besser tun können - Project by @ClimateChangeTelegram @DeutschlandBullshit @MeteoTelegram @DisasterFreaks @AnimalFreaks @RoadToPetabyte @WWFFacts @GenRevolutionOfficial @NatureFreaksDeutsch @FactsTelegramFreaks @FactsTelegramChannels
konfliktheldnachrichtensammlung,channel,KONFLIKTHELD - Nachrichtensammlung,5,👉Politik & Gesellschaft👈  www.konfliktheld.de Magazin feedback@konfliktheld.de  KONFLIKTHELD - Magazin Verein *Journalismus und Satire **Mitglied im KONFLIKTHELD Verbund
ikamibewetter,channel,IKAMIBE - Klima und andere Kuriositäten - Thorsten Siem,9,Sammlung von Informationen zu Wettermanipulation und Klimalüge.
m2cblog,channel,❌ m2c,4,informationen die mir unterkommen  Kontakt: @BerndAhnert Blog: https://bernd-ahnert.de
friends_weather_news,channel,☀️Friends-Weather-News🌧,1,"Climate change hoax, weather manipulation, Dr. Day. Weather as a weapon"
forstory,channel,| For Story,24591,: @imEsma
selenophile_x4,channel,'𝐒𝐞𝐥𝐞𝐧𝐨𝐩𝐡𝐢𝐥𝐞',1021,@SsTtAaRrSsbot ✰ ✰ منتظرتم زیبا!
ueberlebensheld,channel,ÜberlebensHeld - Krisenvorsorge leicht gemacht,358,"Mach Dich unabhängig! Wir bieten Dir alles für Deine Krisenvorsorge: Notfallnahrung, Wasseraufbereitung und vieles mehr. Wir sorgen dafür, dass Du immer sicher und gut vorbereitet bist.  Zum Shop: https://uheld.ch"
wellcomejustforeyou,channel,Just.foreyou,146,"Авторські прикраси з перлів і кришталю 🐚 Створені для жінок, що носять зміст, а не просто красу  🎁 Безкоштовна доставка від 2000 грн 📩 Напиши — підберу прикрасу саме для тебе"
heartforyjh,channel,1004 𒀭,229,
petitionenaktuell,group,😱 Aktuelle Petitionen 😨,130,"Petitionen haben den Sinn, dass man sich auch aufklärend mit Missständen beschäftigt, die es auszuräumen gilt und dafür möglichst viele Unterstützer gewinnt, um die notwendige Aufmerksamkeit zu erhalten.  Hier kein Chat, dafür Petitionen teilen!"
linksvideosfotosnachrichten,group,"Eure Links, Nachrichten, Fotos, Videos und Ähnliches, in Zukunft bitte hier her, dankeschön! Kein Chat, dafür die Chatgruppen!",170,"Hier könnt ihr für Alle die es interessiert, den ganzen Tag, Videos, Fotos, Nachrichten, sowie Anderes, posten und teilen... Jeder der möchte kann dazu in diese Gruppe wechseln... in anderen Gruppen, schränken wir diese Funktion demnächst mehr ein."
kabyarena_ann,channel,Kaby Arena Announcement,3793,
aflatonblog,channel,Aflaton,53,Coming soon on videos No ads currently If you want to donate contact me via group chat
wacg2,channel,东南亚吃瓜🐸,1717,东南亚奇趣/百科 东南亚最新/最热 东南亚搞笑/幽默 东南亚吃瓜生活故事！🤝                     建议您选择理性性观看！🤝  免费投稿猛料有奖！👉  @jzsbbot
wassieoneth,channel,WASSIE Official Portal 🌙,1306,Verification channel for $WASSIE
sbgwa,channel,Salzburg wacht auf,1339,
klarittafun,channel,Кларти,640,реклама?/вопросы?/сотрудничество? - @fakel7897
watchvestorofficial,channel,Watchvestor Portal,414,
houseboat_yacht_banya,channel,Суши весла - живем тут! | Тайны Красноярского моря,252,"Жизнь на воде: уют хаусбота, свобода яхты и тепло бани.   Делюсь историями, фото и лайфхаками нашего плавучего дома.   Закаты, минимализм и природа — заходи, если мечтаешь о таком!"
wbcht,channel,(Канал3) Wildberries сборные съемки,16,СБОРНЫЕ СЪЕМКИ
swt_wallet_eng,group,SWT Token_ENG,147,"Official chat SWT Wallet_ENG. SWT Wallet is a cryptocurrency bank in your pocket.  https://swttoken.com/  In this group, you can: -Contact other users and get technical assistance. -Ask your question. -Promote your development vision"
wachter_bot,bot,Вахтёр,,"Я слежу, чтобы в твоем чате были только представившиеся пользователи.  Канал / фидбек: @wachter_channel."
raben_nacht,channel,ˏˏꞌꞋ ࣪ Ꮢ'𝒶𝒷𝑒𝓃𝓃𝒶𝒸𝒽𝓉 ››𖣁,53,⁺ ₊ ࣪ Добро пожаловать в 𝑅𝒶𝒷𝑒𝓃𝓃𝒶𝒸𝒽𝓉 !❕ 𓎢 Старт :: 10.03.26. ␥
thewhitewojaksol,channel,The White Wojak | Entry,15,
woop_pay,channel,Woop Widget,9,Woop Widget official telegram channel
bellatrix_yacht_trip_chat,group,Экспедиции с яхтой Беллатрикс ⛵️ Chat,9,
walkordiecf,channel,WALK OR DIE CONFESSION,9,ььэээ ремонт бля бот для священных тейков: @walkordiecfbot
watch_bot,bot,Watch Bot,,Website monitoring bot. Updates: @watch_bot_news. Feedback: @CaddisFly. Monitoring your URLs since 2015.
pomeranian_spitz_niksend,channel,Померанский шпиц. Колли д/ш. Питомник НИКСЭНД.,196,"Питомник НИКСЭНД   г. Москва. Шпицы : померанский шпиц, малый шпиц, вольфшпиц ( кеесхонд ).  Колли длинношерстный.  Собаки питомника. Выпускники питомника.  Щенки для продажи. Вязки.  www.niksend.com Тел. 89161346285 Елена."
theofficial67coin,channel,The Official 67 Coin Portal,1781,
thewantonsofficial,channel,Thewantonsofficial,2696,Wantons
santvua,channel,SanTv,23,"Офіційна телеграм спільнота фан телеканалу в інтернеті!  Всі ресурси взяті з відкритих джерел. Ми не претендуємо на право властності над будь-яким фільмом, мультом, аніме, та озвучкою"
sant628,channel,小涼的美食小天地,336,小涼的美食小天地，走遍台中市區巷弄，喜歡挖掘老店的回憶滋味，也許照片不是最美，也許文字不是最優，但都是我們實實在在的美食心情！ 也歡迎你推薦你心目中的回憶美食與愛店，讓更多人可以吃到好吃的大餐小吃～～ 部落格:https://sant.tw/ 粉絲頁:https://www.facebook.com/LiangandSasa
santllu,channel,Ajuntament de Sant Llorenç Savall,336,Canal oficial de l'Ajuntament de Sant Llorenç Savall.
nyx_marketclothes,channel,NYX,150,"NYX – это сервис, который помогает вам выгодно продать новую или б/у одежду и обувь различных брендов.   Мы берем на себя все этапы продажи.  Менеджер: @nyxmarketmanager"
santia_dil,channel,SANTIA_ DIL,171,"Hey, This is Mera, a 2nd-year CS student at AAU. Passionate about diving into the world of tech and currently learning full-stack web development and ML.feel you can vibe  DM: @Merhawi_Luel"
santockychannel,channel,Токкич ченел.,66,Буст: https://t.me/boost/SantockyChannel Аккаунт: @Santocky4
santienn,channel,Культ тапиоки ✨ • santienn •,91,Что вы делаете в моём холодильнике?
santimasha1,channel,SantiMasha | Мама в 16 5 сезон 2 выпуск,167,"МАМА В 16 | 5 СЕЗОН, 2 ВЫПУСК | МАРИЯ, ИРКУТСК  Наш тик ток - https://www.tiktok.com/@santimasha1 Наш inst - https://www.instagram.com/sant.imasha/"
santiaoren,channel,град китеж на крыше дома,118,статус последней пленки и снежного пригорка.
bartylin,channel,bartylin,96,i wanna xxx
dokuchaev_physlab,channel,Dokuchaev PhysLab,749,"Лаб. физики и гидрологии почв ФИЦ ""Почвенный институт им. В.В.Докучаева"" (Москва)   🧑‍🏫 Физика почв научно и популярно (и немного юмора)  Сайт⬇️ https://dokuchaev.org Почта⬇️ dokuchaev.physlab@yandex.ru  📌 Написать админу @valerina_klyueva"
geocost,channel,"Gheorghe Costandachi (economie, prognoze, soluții, tendințe / экономика, прогнозы, решения, тренды",257,"💲  economie, prognoze, soluții, analize, expertize, tendințe. 📈  экономика, прогнозы, решения, анализы, экспертиза, тренды."
geolpoint,channel,Geolpoint.com,126,Образовательная онлайн-платформа для специалистов нефтегазового сектора https://geolpoint.com/
derevotason,channel,το όνειρό μου,426,🌱
zukunftswerkstatt,group,Zukunftswerkstatt,252,Wie wollen wir leben?
gorizonttours,channel,Горизонт: Туры по России – Новости и Акции,570,"🔥 Самые горячие новости о турах по России от компании ""Горизонт""! 🇷🇺 Узнавай первым о новых направлениях, акциях, скидках и специальных предложениях! Подписывайся и планируй свой идеальный отпуск по России! 🗺 Писать сюда: @GorizontAnex_Travel"
horizon_singularity,channel,Горизонт сингулярности,342,"Горизонт сингулярности — пространство для общения специалистов в сфере ИИ и данных. Обсуждаем модели, пайплайны, алгоритмы, этику и будущее технологий. Без флейма, с уважением к знаниям и опыту друг друга. Учимся, делимся, строим сингулярность вместе."
fascimemejszyn,channel,FasciMEMEjszyn,1108,
fashionzombie,channel,fazombie!,132,анонимный телеграмм канал про велосипед и моду   WE ARE BEAUTIFUL ZOMBIES inst. fazarchive  🦠 Все статьи -  telegra.ph/Biblioteka-statej-11-10  https://soundcloud.app.goo.gl/XkcAPE2z347EviAx6
yannmeridex,channel,Yann Meridex,314,https://x.com/YannMeridex
michellebunposting,channel,Grand Café de Michelle: HO APERTO UN PORTALE PER L'INFERNO CERCANDO DI RESUSCITARE SILVIO AITA DEVO CHIUDERLO,226,Admin è apertamente LGBT se siete fasci o omofobi non interagite  ATTENZIONE: IN QUESTO CANALE SONO SEPOLTE MINE ANTIUOMO *Si dimentica immediatamente delle mine*  Lalala tempo di andare a prendere un gelato ^_^
f1sslian,channel,Fiss ✨,183,
stefanocatone,channel,A filo d’erba,78,"Pensieri brevi e pensieri lunghi, a cura di Stefano Catone"
osservatorio_antifa_romagna,channel,Osservatorio Antifascista della Romagna,156,* info * news * iniziative dal territorio  https://osservatorioantifaromagna.noblogs.org
mdsmol,channel,Маркиз де Смольный,520,
russia_2025_2125,channel,Будущиее России и Мира,412,Главный канал Новостей   По поводу сотрудничества и рекламы @violleta23
okololoko24,channel,ОКОЛОЛОКО,703,"Свидетели происходящего, страждущие побед ФК Локомотив Москва"
blockchairnews,channel,Blockchair News,3358,Latest crypto news! Web: https://blockchair.com/news
girleconomy,group,GIRL ECONOMY,781,𝔾𝕀ℝ𝕃 Economy
cryptoeconomyesp,channel,Crypto Economy 📰,90,Noticias sobre Bitcoin y criptomonedas crypto-economy.com
cryptoeconomyen,channel,Crypto Economy EN 📰,80,Bitcoin and Cryptocurrencies news crypto-economy.com #BTC #Crypto #Blockchain #CryptoNews
biz_newz,channel,💰 БизнесНовости 📰,327,Добро пожаловать 🤝🏻  В нашем канале собраны все БизнесНовости со всего мира ✅  Подписывайся ❤️
cryptonews_p,channel,کریپتو به زبان ساده,205,"Introducing the most reliable Telegram and non-Telegram airdrops. From registering for airdrops to receiving tokens, we are with you! Contact support: @ABusinesscaf"
fusionofthoughts,channel,شهرام شریف,152,تکنولوژی، تفکر ، زندگی
theinvestments,channel,Теневая Экономика,109,‼️ Первый честный канал о деньгах!  💰 Научим получать пассивный доход  ▪️ Тут мы показываем куда сами инвестируем и на чем зарабатываем!   ⚠️ Уникальный контент нашей команды: @leocash  @yuriinekrasov
crypto_aura_jasurbek,channel,Crypto Aura | Jasurbek,40,"🛡 Crypto Aura — Moliyaviy erkinlik sari!  Cryptoga juda qiziqaman va shu sohaga oid foydali ma'lumotlar, tahlillar,  va shaxsiy fikrimni ulashib boraman.  https://telegra.ph/DIQQAT-Xavf-haqida-ogohlantirish-05-25"
busibrain,channel,تحلیل اقتصاد و کسب وکار,27,📌اقتصاد‌ و کسب‌‌و‌کار با داده  اگه دنبال موشکافی و تحلیل‌های جامع‌ هستید عضو کانال تلگرام ما بشید، اینجا به صورت روزانه فضای اقتصاد و کسب‌وکار رو بررسی و تحلیل میکنیم.
shakhes_online,channel,ShakhesOnline,146,📊 کانال رسمی شاخص آنلاین  💹 ارائه تحلیل‌ و سیگنال‌های معاملاتی بازار فارکس 💼 بررسی بروکرهای فارکس و صرافی‌های ارز دیجیتال 🎓 آموزش‌های رایگان در زمینه بازارهای مالی   🌐 وب‌سایت: shakhesonline.com  📲 پشتیبانی: @ShakhesOnline_support
finvitality,channel,FinVitality🪐❕,88,"Финансовый фристайл.💥  Личный опыт, мнение и просто топ- контент про финансовые рынки.  Любая информация на канале не является инвестиционной рекомендацией.  📬 Исполнитель фристайла: @VitaliyNYSE"
saeedbagheri_ir,channel,سعید باقری | اقتصاد دیجیتال,44,دانشجوی اقتصاد
biznes_i_kapital,channel,Бизнес и капитал,70,"Проект МЕДИА ГРУПП ""ВЧК-ОГПУ"", связь vchkogpu.ru@gmail.com"
hifitrade,channel,HIFI | Trade | Thinking,26,"Авторские торговые идеи и аналитика.  Все материалы канала носят ознакомительный характер и не являются прямыми рекомендациями к инвестированию, покупке или продаже какого-либо актива."
sese200000,channel,sese200000,54,
ethereumbackup,channel,Ethereum ETH News and Price Trends Telegram Channel by CryptoGrafico - Reddit / Twitter / YouTube [Crypto Currency],14,"@CryptoGraficoReal: Cryptocurrencies price trend, comparison, analysis, tutorials, news and more: http://pixly.me/cryptografico Discord: https://discord.gg/FPxamXrDMQ Other channels: @CryptoCoinsNewss, @cryptopricetrends, @cryptocurrenciesbb, etc."
hseschedule_bot,bot,HSE Schedule,,
znaki_angelina,channel,"Это знак, Ангелина!",415,все женские имена: @znaki_imen  по вопросам рекламы: @ezhov_anton
miss_angelina44,channel,Miss Angelina🥰,41,💜💜
vseovine,channel,Всё о вине,152,
floristecaviste,channel,ФлористКавист о вине| российское вино,602,"18+ Здесь ты узнаешь больше о российском вине, городах нашей родины и  узнаешь, что пить в театральных буфетах  Человек по ту сторону экрана:  ✍️Александра Аршакуни  Бренд-амбассадор виноторговой компании ISSI Дегустации, мастер-классы и лекции"
poetariumparfenovoj,channel,ПОЭТАРИУМ ИННЫ ПАРФЕНОВОЙ,351,"Арт-проект, объединяющий Поэзию с другими видами Искусства.  Для связи: @InnaParfenovaPoetarium"
slafil,channel,SLAFIL,88,"23 года, дизайнер из Санкт-Петербурга"
psy_coach_travel,channel,Эльвира 🌱Психология.Коучинг.Путешествия,100,"Волшебной таблетки к счастью и деньгам не имею, но сэкономлю время и путь к цели.  Запись на индивидуальный коучинг https://forms.yandex.ru/u/68f1197  Запись на групповой коучинг https://forms.yandex.ru/u/68f11c85d04688387818f55f"
solferyy,channel,.solféry!,43,cr:: @fliks_qw «вьлядствкиехсме» © Фикс «вьлядствкиехсме» © Фикс «вьлядствкиехсме» © Фикс «вьлядствкиехсме» © Фикс «вьлядствкиехсме» © Фикс «вьлядствкиехсме» © Фикс «вьлядствкиехсме» © Фикс Xcreation member
ragnablader,channel,✨Ragna’s Archives✨16+‼️,42,"Тут будет коллекция моих косплейных фото, видео, и может быть даже посты, кто знает."
annavfx,channel,annavfx,30,
imdanakoval,channel,дана коваль.,354,"суперзакрытая вечеринка не задалась блог закомплексованной дочери мармона  литературный декаданс русский андеграунд  бубновый валет дана коваль artist,theatre kid стендап герл артистка- аутистка и просто дурочка"
nnezpn,channel,Тут Даня [или здесь],66,https://www.instagram.com/firsindanil?igsh=ZXV2Zm5ueGFjYjhp
twoinpie,channel,"🂱 Heya, Blueberries!",55,
fazxluhcourse,channel,Faz X Luh Editing Course Teaser,588,faz x luh - @faznextdoor & @luhnextdoor
fizmarketss,channel,F I Z I MARKET,98,Овнер @Diaszhanov_Kalievs
faz5va9,channel,کانال تخصصی فاز ۵ و ۹,457,آخرین اخبار و گزارشها از فاز 5و9پردیس @FAZ5VA9
chessshahryar,channel,هيأت شطرنج شهرستان شهريار,712,آدرس هیات شطرنج شهریار: شهریار، اندیشه فاز سه، خ آزادی، خ گلستان، خ پوریای ولی ورزشگاه تختی     لوکیشن: https://goo.gl/maps/hPec2HzRMLHGHq6s9   🌐 http://chessshahriar.ir  @TaghaviHossein
azerixseishel,channel,@азери52,76,
zxferz,channel,ZXFERZIS😶‍🌫️,225,стремлюсь к 1.5к подписчиков
redhshop,channel,RedHShop,212,
feizz_i,channel,Щп фейз :/,66,"Ну соо тут пишу, да"
newjeans14,channel,Jeanz Club,690,— welcome to jeanz club ⭑  coop ! @njzcoop
noprisoner,channel,NO PRISÖNER,322,Bolzano❌Hardcore
rawgerio,channel,Rawgerio,2214,Connect - @rogermuzic Workshop - @beatsrawgerio
nezhanetwork,channel,nezha 🎪,227,everything you make contains a part of your beautiful soul  нежино шапито
ninjagonewepisodes2,channel,🏖 ɴɪɴᴊᴀɢᴏ ɴᴇᴡ ᴇᴘɪsᴏᴅᴇs 🏖,216,📰 Новости по LEGO Ninjago 🖥️ Новые серии Ninjago  Реклама: @storepasur  💬 Чат : https://t.me/+rexTKtRAPEI5OWZi  🤝 Сотрудничество : https://t.me/Ninjagonews220  🥷🏻 Наш бот : @NinjagoAdministrationBot  Владелец : @kirshag1201 GOOD men: @Vodickafn
neokrepshiyum,channel,Arnerizz,30,"Arnerizz — экспериментальный музыкальный проект, славящийся своим разнообразием в жанровом аспекте и экспериментами со звучанием"
officialnevergoodrecords,channel,Never Good Records™,210,OFFICIAL NEVER GOOD RECORDS www.nevergoodrecords.com
nox_music,channel,NoxMusic - Новости музыки,126,ЗАЯВКИ ПРИНИМАЮТСЯ АВТОМАТИЧЕСКИ!!!
noxcho,channel,noxcho,27,
musiclabfake,channel,music lab swag,77,"Новостное музыкальное СМИ, с нотками авторских мыслей  админ - @on1son  сотрудничество:https://t.me/SRIiPa https://t.me/rap_mediafall"
njzhelp,channel,закрыто OMG · NewJeans Help,33,: (
noise_chanel,channel,Мысли Нойза,27,Яблоко
limbo_tdmer,channel,лимбо,1047,1x1 100 рублей/50 грн @papka_tag
political_news,channel,Superb Discounts,205,"Are you looking to save some hard-earned money? Follow for deals, coupons, credit card offers, and more, and watch those savings pile up! Share with family and friends so they too can save.   Contact @SuperbDiscountsFeedbackBot for feedback"
intechkem,channel,inTech - электроника дешевле,147,
ipad_store,channel,Ipad store,26,▫️Apple iPad | Samsung Galaxy Tab ▫️Huawei MatePad | Redmi Pad ▫️Faqat original qurilmalar ▫️Eng yaxshi narxlar va foydali tavsiyalar ▫️Eng muhimi halol va shariatga muvofiq 📩Buyurtma va murojaat:@ipad_admin
yablokistoreru,channel,Яблоки,171,"Друзья!  🍏Магазин Яблоки находится по адресу 5-я Красноармейская, дом 4, г. Санкт-Петербург Мы работаем в обычном режиме с 11:00-21:00 😊 Подписывайтесь на наш тг-канал, чтобы быть в курсе наших горячих предложений и новинок 🔥"
ok_newclient,channel,ok.newclient,85,"покупай больше, чтобы экономить!"
marcosboxofferte,channel,Marco's Box - Offerte Amazon,116,Le offerte Amazon selezionate per i lettori di Marco's Box. Codice referral marcosbox-21 https://amzn.to/3cdDkIV #Commissioniguadagnate
techofertascel,channel,TECH OFERTAS CEL 📲,14,
scmobilnik,channel,MOBILNIK,81,"Ремонт техники - видеокарты, ноутбуки, смартфоны В СПб (Колпино), по почте/СДЭК. Написать в ЛС - https://t.me/officemobilnik Отправить в ремонт доставкой - https://mobilnik-spb.ru/dostavka-sdek.html https://taplink.cc/scmobilnik"
rahyannoor_uok,channel,راهیان دانشگاه کردستان,155,راهیان نور فرصتی است که  با شهیدان🌹 خود را بیابیم و  در کاروان منتظران قرار گیریم🕊🌱  |اطلاع رسانی راهیان دانشجویی دانشگاه‌ کردستان|
nozh_sib,group,НОЖЕМАНЫ СИБИРИ,352,«НОЖЕМАНЫ СИБИРИ» это площадка для сообщества любителей ножей и только начинающих интересоваться ножами и всем что с ними связано.
ninjagozine,channel,NINJAGO ZINE,298,Приветствуем всех фанатов Ниндзяго!  Наш зин является некоммерческим проектом по мультсериалу Ниндзяго. В этом Зине мы хотим запечатлеть всю нашу любовь к этому великой серии.  Хэштеги: #ninjagozine
xxxxxxsxwo,channel,ദ്ദി（• ˕ •マ.ᐟ,160,+
i_i_no,channel,ино,84,"Канал, посвящённый творчеству и немного жизни во многом разностороннего человека - ino.  ЛС: @IinoMik0"
nozhkitarantino,channel,Ножки Тарантино,47,Непрерывно смотрю кино
nonika_z,channel,N😈nika 〖Добро пожаловать на кладбище! 〗,24,16+/18+
nuzhnoelive,channel,nuzzzniy✌️,26,"ок. давайте в последний раз, я — Nuzhnoe/nuzzzniy"
xxigirlsixx,channel,xXgIrLsXx,2814,Тут будут нимфы ... Поддержать канал: - Visa 5599 0020 1239 1449 - https://yoomoney.ru/to/410015182159945/0   @llAleXeYll - сотрудничество @xlXgIrLsXlxHive - архив своих видосов
pscrypto_chat,group,PScrypto chat,1212,Группа - https://t.me/PScryptos Правила чата - https://t.me/PScryptos/1449 Связь в группе лс - https://t.me/PScryptos
me_bey_too_1149,channel,.·🍃[̅م̅̅نِ̅̅̅ ̅ب̅̅ی̅ ̅ت̅̅و̅̅.̅̅.̅̅.̅̅♡̅]🍃·.,1036,﷽  #‏تلخ_است_مذاقِ_زندگانی # بی_تو...💔  #همام_تبریزی  #زیبا_ترین_پستهای_عاشـقـــانہ #اشعار_عکس_نوشته_و_دلنوشته #موزيک🎼💞🍃   #مقدمتــــــان_گلبـــــاران:  @me_bey_too_1149💞🍃👈
za9003dofficial,channel,𝗭𝗔𝟵𝟬𝟬 𝟯𝗗 𝗢𝗳𝗳𝗶𝗰𝗶𝗮𝗹,24687,
voskres_ostrov,channel,ВОСКРЕСЕНСКИЙ СОБОР ЮЖНО-САХАЛИНСКА,367,Первый кафедральный собор островной епархии http://pravosakh.ru
rozheegallery_239,channel,💎 گالری روژه💎,1242,ماندالا،(فرشینه)دیوارکوب/،تریکوبافی/،پتو/،آموزش داده میشود... جهت ثبت سفارش واطلاع از شرایط ونحوه آموزشهای پیشرفته به آیدی👇👇👇 پیام دهید... لینک دعوت    ارتباط با من: آیدی  تلگرام @samirabaft239 پیج اینستاگرام👈 rozheeـgallery )گالری روژه)
hrampyt,channel,Храм Петра и Февронии г.Пыть-Ях,1058,Полная информация для прихожан  тут 👉🏻 @hrampyt_azbyka  Тел.: +7 (34634) 2-90-02 Храм открыт ежедневно  с 09:00 до 19:00
dungeonskers,channel,Убежище Графомана/Skerserk,5870,"Переношу манги в видеоформат, ебланю, оперативно оповещаю о Берсерке https://boosty.to/skers - больше видосов https://t.me/tribute/app?startapp=sXrC - Приватка"
aelovervfx,channel,aelover |МОНТАЖ|,1845,"dm/montage - @godblesedme  ютуб - https://www.youtube.com/@аеловер (временно нет доступа,  видосов пока не будет)  тикток - https://www.tiktok.com/@aelovermontage"
bugrov_opg,channel,BUGROV,1976,анонсы видосов и другие хи-ха-хахашки реклама: в директе паблика  DISCORD: https://discord.com/invite/8Gxwz2Z6Mu  YOUTUBE: https://youtube.com/@kolyabugrov  TWITCH: https://www.twitch.tv/bugrov_opg
vinder_law,channel,VINDER,778,"VINDER — эксперты в сфере защиты бизнеса и разрешения споров, требующих максимальной квалификации.   Офисы в Москве, Санкт-Петербурге и Екатеринбурге. Более 16 лет опыта и доверие сотни клиентов.    www.vinder.pro"
lavokin2022,channel,С.Н Лавокин,327,
borisovborisovmusic,channel,Borisov Borisov,81,Шум и текст из Санкт-Петербурга
mcvanyasidorov,channel,МС ВАНЯ СИДОРОВ LIVE🗣,173,ПИДОРАСАМ СРАЗУ БАН
v_d_s_group,channel,ВДС ГРУПП (Всё для стекла),98,Сфера производства и продажи инструмента и расходных материалов для обработки стекла по всей России.👉 VDSF.RU
gwkchan,channel,GWKChan,269,"Анонсы стримов, видосов и мемы"
ysfaces,channel,FACES / Череповец,1527,💫 Организатор мероприятий в городе Череповец  💼 Сотрудничество/связь — @saiqxxx
