savewithcd,channel,CouponDunia Official - Cashback & Deals,1190,"India’s #1 Cashback & Coupons Hub!   Get Exclusive Offers, Sale Alerts, Loot Deals, Online Shopping Hacks & More.   Earn Real Cashback and Withdraw Anytime—Your Savings, Your Way!  Signup: https://bit.ly/SignupCD Contact us: https://bit.ly/CDcontact"
snnkvvvv,channel,БОГДАН ЛАРИН,304,"ано автор | индустрия  ◖ шефред в @cinema_screen_media ◖ редактор в @kinoscenario ◖ тьютор в @industryfilmschool  «ты приходишь в мой дом и жалуешься, что я слишком шумлю?»"
drevogorr,channel,Мир Древогорья | Вячеслав Ларин,391,По поводу заказа книг: @Bodvar  🎙 YouTube: https://www.youtube.com/@drevogor ⭐️ VK: https://vk.com/drevogor ⭐️ Instagram: https://www.instagram.com/drevogor 📖 Литрес: https://www.litres.ru/author/vyacheslav-larin 📖 Проза: https://proza.ru/avtor/larinvn
twitch_confession,channel,ПЕРЕЕЗД twitсh сf 𐙚 [👾💻],527,@twitcchconf_bot
tg_numbersconf,channel,переходник / TG Numbers CONF,138,
fpe_cf_adapter,channel,🌹Переходник оушен геймс🐟,6,
obsession_cf,channel,переходник зависимость/одержимость,2,
exposedcatdev,channel,ExposedCat's blog,68,"Jack of all trades, master of none, though oftentimes better than master of one  @ExposedCat | @LevelNine | exposedcat.github.io  🇪🇺🇺🇦🏳️‍🌈"
swatheshop,channel,swathe,9488,🙎🏻🧑🏽‍💻Shop by PostWaveS X Bengard 🕸Сайт swathe.ru 🏋🏽Отзывы: https://t.me/swatheotziv 📩 По поводу заказов писать support@swathe.ru 🛡️Сотрудничество colab@swathe.ru  #swathe #real
zipsko,channel,Ассортимент,574,Для заказа писать в лс @Shop_blog
mokaposhnayazip,channel,Мокапашная.zip,8209,Ссылка на канал: https://t.me/mokaposhnaya
ziphouse,channel,Zip House,1546,
chchndra_tattoo,channel,чучундра,6512,"✶ тату Москва, Санкт-Петербург, Ростов-на-Дону. Информация о записи в закрепе   ✶ лс @cchhndra  ✶ эскизы и вся информация о записи — @chchndra_zip  pro team @mustangtattoobrand"
jsoo666,channel,吃瓜前线,2752,随手发布，如有不妥联系删除。
jsonscraper,channel,jsonscraper,58,"Access web and social platform data through unified JSON APIs. Simple, developer-friendly APIs for automation, integrations, analytics, and AI tools. Let’s talk: @jsonscraperchat jsonscraper.com"
nemis_tili_oson,channel,Deutsch mit Marjona🇩🇪,1234,Assalomu alaykum! 🇩🇪 Deutsch mit Marjona 👩‍🏫 Deutschlehrerin 📩 Für Anfragen: @Marjona_Sattorova1
jsolsom,channel,JustSolSom,170,Депрессивный ХУДОжник Придумываю штуки ʅฺ(・ω・。)ʃฺ  ✧Погиблое место обитания🥲: https://vk.com/solsom
son_of_spacee,channel,SOS,434,🆘
detskii_son,channel,Некоротко о детском сне,413,"Здесь: 🔸сон и психология детей 0-7 лет 🔸теория и примеры - бери и применяй 🔸отвечаю на вопросы по пятницам  ➡️Обо мне: Мария Сабирова, консультант по детскому сну, психолог, мама двоих мальчишек. Опыт консультирования 8 лет   ➡️Для связи: @sabirova_ms"
jsoniikkk,channel,°𝑐ℎ𝑎𝑛'𝑠 𝑟𝑜𝑜𝑚°,72,team: https://t.me/cursedFG
joon_stories,channel,JOON | Джуночка пишет,344,
son_razuma,group,Сон Разума ЧАТ,330,"Друзья, предлагаю вам здесь обсуждать и делиться своими мыслями, теориями, историями, которые касаются нашей тематики.  ❗Обязательно прочитайте правила чата в закрепленном сообщении❗"
sjxnj6,channel,三玖主频道,11537,以前24k频道已出 本群主要分享虚拟机教程以及虚拟机版本更新无任何其他行为 交流群 https://t.me/sanjiunb66
doubanchannel,channel,影视推荐&PT资讯频道【豆瓣资源下载大师官方】,4439,豆瓣资源下载大师官方出品的影视推荐&PT资讯分享频道
time_update_log,channel,时间更新日志频道,203,
nmriji,channel,糯米日记,340,nuomi's update log or something else
byxynb6,channel,逍遥和平/PUBG改文件频道,19,逍遥牛逼
ybgwj886,channel,语宝改文件,10,永久公益
sharehackfreeminh,channel,sʜᴀʀᴇ ʜᴀᴄᴋ ム sʜᴏᴘ ɢᴇɴᴘʟᴀʏ,14,🅂🄷🄰🅁🄴 🄷🄰🄲🄺 🅂🄷🄾🄿 🄶🄴🄽🄿🄻🄰🅈 🄶🄸á 🅁ẻ
xxtouch_chat,group,XXT 技术交流,347,
techpremiumm,group,TechPremium,128,"📌 Bu qrupda İT-nin bütün sahələrinə aid qarşılaşdığınız problemlər haqqında müzakirə apara, digərlərinə dəstək üçün material paylaşımları edə bilərsiniz.  Bilik, paylaşdıqca artar!"
prizmcoin_tech,group,⚙️ PRIZM Community TECH RU\EN,191,Официальный технический чат  *API и работа с ним *Вопросы по Prizm Core *Установка PRIZM Core Win/Mac  **Для разработчиков и энтузиастов.  Чат на добровольных началах.  Офф канал: @prizmcoin_rus
pc_discussion_forum,group,PC_Discussion_Forum,143,"#Pc Discussion forum 🔴Channel: Tech Guide 🔶Linux, Windows, Computer related Tips,  Tricks, softwares, Guide & News🔶 Discuss anything related with PC"
shuidian_huodian,group,水电火电核电玄学群,29,水电低音浑厚，火电声音温暖，核电三频均衡。  本群主聊高保真音乐相关的科学、玄学、设备。Hifi 是为音乐服务的，所以也聊音乐。也可以聊其他可以烧的东西（类似摄影、钢笔、刀具、EDC 之流），当然聊发电技术也行~~ 但是不聊键盘。聊键盘请左转去 https://t.me/keyboard_cn。
sophiatx_technical,group,SophiaTX_Technical,18,SophiaTX_Technical group
alldesktop,group,多平台技术交流,19,这是一个用以配合QQ群“多平台技术交流群”（1037429382）的Telegram群。在这里没有群规的限制，但是聊天必须有底线，且不允许聊黄色内容。 资源频道：https://t.me/ProjectSharingAndHiding
pariyachaneli,channel,بویِ گندم‌زار نمناك,1513,"""زندگی چیزی‌ست که در ذهن من رُخ می‌دهد."" ناشناس: https://t.me/pariyachaneli/179"
mosjour,channel,Московский журнал,455,"Ежемесячное историко-краеведческое издание  ""Московский журнал"" ВК: https://vk.com/mosjour  Статьи присылайте сюда: mosmag@mosjour.ru  По поводу сотрудничества: @Kirill_Troekurov"
ldperfect888,channel,Estate_agentt_,217,+998908227601  Недвижимость_Ташкента
coordination_center,channel,"Координационный центр по оказанию помощи медикам ""Бирге""",50,Объединяем и координируем усилия волонтёров и государства для борьбы в COVID-19.
buildgram,channel,Buildgram,276,{ Powered by @Projectoid }
botgpt_bot,bot,BotGPT,,
bicom_bot,bot,bicom.net.ua,,
geon_bot,bot,GEON_bot,,Официальный промо бот компании GEON!  Официальный канал @geonlab
botohubbot,bot,Botohub - реклама в Телеграм,,Покупай и продавай обязательные подписки без коммисий и ограничений!
bkgm_bot,bot,backgammon_bot,,
notmemeappbot,bot,NOTMEME app,,Mine ⛏️$NOTMEME now and take 💎 NOTMEME tokens in the upcoming airdrop!
truegem_bot,bot,Testing mode,,"Match cards to earn gem coins, secure your leaderboard rank, and level up to unlock new digital cards."
catgram_play_bot,bot,CatGram,,
teohimbot,bot,Teohim.Market,,
kocim_bot,bot,Бот Боб Марли,,Бот обратной связи канала https://t.me/kosim_ukrop
learnbg_bot,bot,LearnBG,,
geology_nuuz_channel,channel,GEOLOGY,498,"Geology  ⛰🏕🌋🔨⚒🛠⛏                                                                 Admin 👉 @geol5555,                                                  CHAT👉 @geol_nuuz"
reggeomsu,channel,Кафедра региональной геологии и истории Земли,110,"Канал для абитуриентов, студентов, аспирантов, сотрудников и выпускников кафедры, а также для всех влюбленных в геологию людей.  📌Наша группа vk: https://vk.com/msu_regionalgeology 📌Наш сайт: https://regional-geology.ru/"
geology_for_everyone,channel,#ГеологиядляВсех,130,"🌏 о геологии, науке и туризме.  📚 для вас - просветительские, творческие и научно-исследовательские мероприятия, а также авторские выезды выходного дня и экспедиции по объектам природного наследия Оренбургской области."
moonbardsongs,channel,лунный бард | музыка,880,"ОСНОВНОЙ КАНАЛ: https://t.me/lunny_bard  здесь будут появляться демки новых песен без профессиональной записи, а также можно послушать старые демки :)"
sirotafrosik,channel,~♥️Frosik♥️~,270,"Hello , здесь я буду появляться редко"
jerusalemmuni,channel,Мэрия Иерусалима 🦁,868,Это официальный канал Муниципалитета Иерусалима🦁 ☑️В закрепленных сообщениях мы будем оставлять для вас ссылки на полезные статьи на нашем сайте ☑️В этом канале будут появляться анонсы крупных городских мероприятий и важные распоряжения мэрии
zemlyanoyn,channel,Земляной из ETALON team,349,"Отчеты, подкасты. Откровенно о моем пути в любительском велоспорте. Контент будет появляться при наличии вдохновения."
shalbonitaposipaka,channel,Под диваном у шалбониты,382,"Привет, я Алина, Здесь будут появляться арты, скетчи и контентик по хоумстаку  тт: @sha.lbo.ni.ta"
skiorh_art,channel,skiorh_art_log,568,привет!  это канал с моими рисунками.  анонсы рисовательных стримов тоже будут появляться здесь. твиттер: https://twitter.com/skiorh_art блюскай: https://bsky.app/profile/skiorh.bsky.social
optipupecf,channel,НАБОР АДМ. 𑄝ptipupe confession ♡,72,. cr @emi8444 . bot @optipupecfbot
hotelruzafamily_msk,channel,Эко-отель «Руза Фэмили Парк» (отели подмосковья),230,"Здесь будут появляться акции, спецпредложения и интересные новости от нашего отеля"
lfuhist,channel,История в Лицее Финуниверситета,264,Канал исторического направления олимпиадных классов ЛФУ и ЦПМ  Есть вопрос? Напишите сообщение каналу!
rabotaemapp,channel,Работаем!,79,"Канал о контент-маркетинге в децентрализованной сети: взаимные публикации, общие метрики и аудитория из разных уголков интернета.    Показываем, как это работает на примере платформы «Работаем!»: https://rabotaem.app/"
chatformaevents,channel,Events,430,"4 минуты о возможностях построить новый бизнес, или увеличить свой доход https://youtu.be/1zkSbTlW9f8"
mathsprima,channel,Прима математики,273,Ботаем… Снова ботаем… И снова…
botaudis,channel,диса ботает,57,"готовлюсь к ЕГЭ-2026  вместе с НОО🫶🏻  блонды тоже умеют думать, прикиньте!  (на самом деле я олицетворение мема ""я такая тупая блин класс"")"
saturndays_team,channel,SATURNDAYS⚡️team,95,"📍MOSCOW coverdance team ""ботаем по субботам""  ⚡️Q&A: @saturndaysteam_bot   ⚡️SOCIALS  тг - @saturndays_team ют - https://youtube.com/@saturndaysteam тт - https://www.tiktok.com/@saturndays_team"
botaem_na_bmw,channel,Ботаю в бункере,4,Мой тгк с мемами: @hihanki_da_hahaniki Пишите в директ под тгк.
envybox,channel,Комментарии из групп ВК,8,
buketnaya,channel,📩комментарии,3,
znaem_igraem_bot,bot,Знаем Играем | Бонусы и акции,,"Бонусная программа магазина настольных игр ""Знаем Играем"" Наш сайт: znaemigraem.ru Чат магазина: @ZnaemIgraem_official"
catizmbot,bot,Котизмъ. Бот,,С помощью меня можно предложить пост в канал @catizm. Для связи пишите в @CatizmSupportBot
klim_dev,channel,Боты от Клима,4,"Портфолио с ботами, которых я сделал 📂 Заказать бота 👉 https://t.me/briefinbot?start=klimdev"
chetamnovostibot,bot,Че там новости (бот),,"Подкаст, где Катя и Таня обсуждают актуальные и позитивные новости с разных точек зрения."
contenteambot,bot,Contenteam.com,,"This bot is a link to Contenteam Editorial Crew. By writing to this bot, you will create a task in our CRM System."
sdelaem_chatbot,bot,Курсы Сделаем — поддержка,,"Отвечаем на вопросы по курсам Сделаем. Вам ответит живой человек, никаких тупых чатботов."
contenteam_hrbot,bot,"Добро пожаловать в ""Контентим""",,
intensive_sdelaem_bot,bot,Софт-скиллы копирайтера,,Демоуроки курса о софт-скиллах для авторов и редакторов от @sdelaem_education По вопросам: @sdelaem_chatbot
kskm_sdelaem_bot,bot,Из копирайтинга в КМ,,"Бесплатный курс, чтобы начать осваивать контент-маркетинг. Полный курс с разбором КМ от и до: https://clck.ru/3P9EX6"
flowersandleaves,channel,Цветы и Листья🍃,518,"ЦВЕТЫ ДОСТАВКА НОВОКУЗНЕЦК  Кирова, 77 Цветочная мастерская  «Цветы и листья»  8 (996) 037-73-06 @flowersandleavesnvkz"
lineikaomsk55,channel,"Линейка, сеть магазинов канцтоваров в Омске",83,"Будь в курсе всех акций, новостей, розыгрышей и новинок!"
flowersandleavesmsk,channel,Цветы и листья,28,Цветочная мастерская с сибирскими корнями. Каждый букет и композиция соответствуют вашим ожиданиям и превосходят их. Внимание к деталям и высокое качество сервиса.
cardboard_meniary,channel,𝄁 🥐𝄄∙𝐂𝐚𝐫𝐝𝐛𝐨𝐚𝐫𝐝 𝐌𝐞𝐧𝐢𝐚𝐫𝐲 [☕] 𝐒𝐡𝐨𝐩∙𝄄 🥐𝄁,54,•° Кпоп шоп\картонщица Мэнияри °• 🧁Владелец- @wLILPEEPw 🧁 Tik toke ➜ cardboard_meniary  Доставка по всей Беларуси !  Ава от: https://t.me/miki_port
some_leaveswtf,channel,Какие-то листья,19,Добро пожаловать на нереальный ультра модный новостной канал для самых маленьких (18+)
variegata_ykt,channel,Северная коллекция алоказий❤️‍🔥,70,Здесь фото моих красочных листиков от коллекционных растений🍃  - Продажа излишков🏷️ - И розыгрыши🎊  г.Якутск📍
listik_lee,channel,Листик 🌿,35,
liratrys2,channel,архив лисы/тессланд,6,Я супа
rogovmobil,channel,РоговМобиль,21202,"+79261925892  с 9 до 19 по Москве (все дни, кроме воскресенья)  Автомобили для вас под заказ из Кореи, Европы и Китая.  Актуальные цены на автомобили из Кореи и Китая смотрите на нашем сайте rogovmobil.ru"
autohod_koreya,channel,АВТОХОД🌏АВТО из Кореи,50,
drixauto,channel,"Авто из Кореи, Китая, Японии - DrixAuto",1190,"Автомобили под заказ и в наличии из Японии, Китая и Южной Кореи  Привезем авто под заказ с выгодой до 2.000.000 ₽ за 15-45 дней  Оставить заявку можно - https://t.me/Drix_Auto  +7 (995) 866-73-21 Менеджер по продажам"
koreaxtrade,channel,Korea X Trade Авто из Кореи🇰🇷,827,Отзывы: @koreaxtradefeedback Автомобили из Южной Кореи  и Китая под заказ🔑 Для уточнения деталей можете обращаться по номеру телефона или в телеграме  Вячеслав  8-952-777-27-90 @kholinslava152
koreaprava24,channel,🇰🇷KOREA PRAVA24🇺🇿🇰🇬🇹🇯🇹🇲🇰🇿🇷🇺,688,🇰🇷KOREA  HAYDOVCHILIK GUVOHNOMASI...   TEZ VA QULAY ONLINE TAYYORLOV O'QUV KURSI!   🇺🇿🇰🇬🇹🇯🇹🇲🇰🇿🇷🇺 📞010-6569-4476    @KOREAPRAVA
keysitauto,channel,"KEYSIT AUTO | Авто из Кореи, Китая и Японии",102,"Экспорт автомобилей напрямую из Южной Кореи 🇰🇷  Подбор, проверка, покупка и доставка в Россию и СНГ.  Работаем с 2007 года — надёжно, прозрачно, под ключ.  🤖 Наш бот: @keysitautobot 📲 Менеджеры: @manager_keysit | @Keysitavto 🌐 Сайт: keysitauto.ru"
koreadagi_yurtdoshlarimiz,group,KOREA VISA 2021 😇,242,ASSALOMU ALEYKUM ☕ BU GRUPPA  TALABALAR UCHUN👨‍🎓 KOREA YURIDIK YORDAM BERAMIZ🤵‍♂️ TEKIN SIM CARTALAR 📦 @zarinashi 🧸 VA BOSHQA MUAMMOLARGA YORDAM BERAMIZ ADMIN VISA BOYICHA @aziakor 📲
nfs_korean,channel,𝐤𝐝𝐫𝐚𝐦𝐚 𝐧𝐞𝐰𝐬 | اخبار کیدراما و کیپاپ,5893,🔸️به روزترین اخبار کی دراما  شرایط تبلیغات به صرفه👈: @NFS_Korean_tab  🚫 کپی بدون ذکر منبع ممنوع‼  💯 کانال اصلی پیج اینستاگرام⬇️: 🆔️ @ newsfilmserial_korean
fscccooindice,channel,FSC-CCOO CLM INDICE,92,
bereg_nv,channel,Берег,51,"Центр разливных напитков. Интересные и забавные истории о нас, о любимых напитках и закусках к ним"
mediaif,channel,ИФ - БарГУ⚙️💙,200,
uborevicha20,channel,"Общежитие №1| Уборевича, 20| БарГУ",88,Всё начинается здесь!  Хочешь быть в курсе последних событий? Тогда тебе к нам💙
isharetg,channel,iShare中转站,79,
ernaiapi,channel,API中转站,149,这是一个中转频道
xfounders,channel,XFounders CIS,223,"Практико-ориентированная образовательная среда, где амбициозные фаундеры и крипто-энтузиасты учатся, обмениваются опытом и помогают друг другу реализовывать web3 проекты.  Больше о нас: https://x-founders.com/ Support Chat: https://t.me/+-qpJs0Jp9XthNDM0"
pandanb6,channel,Panda项目中转站,42,欢迎你的加入！
jb_sese,channel,🇲🇾 中转站,27,
zvezdnyprichal67,channel,"РП лагерь : "" Звёздный Причал """,18,"Добро пожаловать на РП проект: лагерь под названием: "" Звёздный причал"". Здесь будут смены и спойлеры."
umbracorp_rp,channel,𝚄𝚖𝚋𝚛𝚊 𝙲𝚘𝚛𝚙. 𝚁𝙿,6,Информационный канал корпорации Умбра. По всем вопросам просьба обращаться в личные сообещния паблика.
tgdailigg,channel,網絡•安全•資源平台,943,關注網絡安全 關注科學上網  科學上網資源自動蒐集請關注子頻道 @kxsw_auto
zapzooo,channel,zapzo!,56,"dm: @zapzonax (писать по делу, спам - в блок, не отвечаю - дублируйте) sc: https://on.soundcloud.com/XW5gKO5aZ5LqTjUy1e tt: tiktok.com/@zap_zo  пишу музыку вроде"
zzzzzzzzzzzzzz_lol,channel,🪭 S i b u ٩(˘-˘)۶,3,. . . z Z z Z
infovizautae,channel,Portfolio & Info,2,Owner : @avazj0n
zuzuzuzzonazazzaziz,channel,Spost Bckp,1,
tscd007,group,伪娘TSCD（ios中转）,27724,全球伪娘TSCD🔞资源分享，喜欢什么样的视频可以给我留言
rongyaopd1,channel,荣耀🇨🇳资源分享,809,技术与资源分享 凌晨禁广    本频道持有者:小鲨 @xiaosha8888 徒弟:小浪
pxdwnb6,channel,相亲相爱-资源分享 【浦西大王】,899,频道代理人一切商务找他： @lianyuNB 此频道为官方资源分享频道 有调解别动号跟频道
itheikeji_share,channel,黑科技-资源分享,437,破解软件，影视资源分享。 主频道：@itheikeji 防走丢：@itheikeji_channel
xgtop0,channel,XG 资源分享,433,万般皆是命，半点不由人 主负责人: @XGTOP8
ddos_mengxin,group,ddos韭菜聚集地,318,资源分享 @DDoS_DataStation
luhuzq,channel,路鸿的心窝（资源分享）,59,你们好，我是路鸿，这是我的资源频道，欢迎你们进来观看，有时候我会时不时地发送旁路，以及我们的自写源码，想玩项目的话，可以去@LUHUYYDSNB，同时，我也希望你们的项目天天稳定，天天有人气🧡🧡🧡
mwew1bot,bot,TU(Tech Universe),24622,Owner ~ @Palash_292
kiara_advani1,channel,Kiara Advani,3003,"Alia Advani, known professionally as Kiara Advani, is an Indian actress who appears predominantly in Hindi films. After making her film debut with the 2014 poorly received comedy Fugly, Advani had her first commercial success with a brief role in the 2016"
recep_ivedik2,channel,Recep İvedik,370,
zyriaarts,channel,⚡️ Zyria Artworks (SFW) ⚡️,617,"⚡️ Welcome! this is my SFW channel, I'll post my SFW arts that I made and received here ❤️⚡️  ⚡️My links https://linktr.ee/ZyriaTheDragon ⚡️ ❌ COMMISSIONS CLOSED ❌ ⚡️ DM me for questions @ZyriaDerg ⚡️ ⚡️Ask me for the NSFW channel~ ;3 ⚡️"
witchgirllara,channel,𝑳𝒂𝒅𝒚𝑳𝒂𝒓𝒂🖤,391,Welcome to Lara's art gallery ✨️ A self-taught artist 🧿 anon: http://t.me/HidenChat_Bot?start=124200120 Everything i received : @forLarame
framelessn,channel,Frameless,65,Визуал с внутренним стержнем
framez_346,channel,𝐅𝐑𝐀𝐌𝐄𝐙,321,𝘖𝘞𝘕𝘌𝘙 @Datka56 𝘗𝘙𝘐𝘚𝘌 https://t.me/prise_framez 𝘐𝘕𝘍𝘖 https://t.me/info_framez Bust: https://t.me/boost/FRAMEZ_346
flames_stories_official,channel,Flames Stories,1564,Google Play - https://bit.ly/3Yv6Tyl App Store - https://apple.co/3LV6620  VK - https://gog.su/SkuG TikTok - https://gog.su/cmuQ Гайды - t.me/gflamestor  Купить валюту: https://flames-stories.ru/  По сотрудничеству: @agatha_flames
khomsi007,channel,خـمـســي | 🇵🇸,347,
sataframes,channel,س.,453,https://www.instagram.com/sataframes?igsh=MTU0N3FuOGw5ZDBoOA==  http://t.me/BluChtBot?start=Sataframes
toonskhool,channel,toonskhool,236,#sknyfrks 614
tinyscope,channel,Tinyscope,474,Daily scam detector
tinyvtaly,channel,تینی و تالی,459,ما که بدون هم میمیرم، شما چی؟ اینستاگراممون https://www.instagram.com/tinyvtaly?igsh=MTZjd3Fuem90dHcxeg==  ناشناسمون https://t.me/XBCHATBot?start=sec-hegjfbfcdd
tinymal,channel,🎀 wording ⠻ tinymal 𓂋,193,laporan & mutual : @tinymalhelp_bot bot order : @tinymalbot result & testie : @tinybukti
se9ner1,channel,Kirisstomys ꪔ̤̮,36,
tinymaix,group,TinyMaix,75,TinyMaix and all TinyML things
tinybnb,group,Fail Project,42,FailProject393993
thickdropsinmybath,channel,‘ฮนรtץﻉ ᛕคᎮใì ง ๓໐ﻉץ ɼคᛕ໐งìຖﻉ’,73,ⲧⲧ https://www.tiktok.com/@thickdropsinmysink?_r=1&_t=ZG-97rg3wIPzcX
tinygirl,channel,0-0,27,
nilkisflood,channel,🔒 || ˚⊹ 𝓝𝐢𝐥𝐤𝐢𝐬 || 𝓘𝐧𝐟𝐨. 🏖️ ! !,33,брачный союз: 𝑺𝐭𝐚𝐫𝐭 - 16.05.2026. 𝑬𝐧𝐝 - 20.06.2026. — влд: @Ar1en09 со-влд: @KTAKKA
sonyuqiarh,channel,`愛 - 𝑺òɴg͟͟ 𝒀ǔq͟͟í 𝇃𝇂𝇄ִ۫ ✣ ִׁ𝅄,37,
voysigmas,channel,Ꮠɳ σⅈ ʂⅈℊɱɑ🌞,29,"Мы новый проект в сфере ОИ ""в ои сигмы"". Создатели— Шини и Лилу  Бот– @Voisigmibot"
tinyhkzn,channel,tiny Hokazono,20,силли >_<
telemetr_chat,group,Чат Телеметра - Telemetr Chat,10317,Наш основной канал: @telemetr_me  Техподдержка сервиса telemetr.me: @TelemetrSupport  Правила чата: https://t.me/telemetr_chat/78403
telemetryapp,channel,Telemetry Telegram News,95,"Telemetry Telegram News is your first source for information on Telegram, Telemetryapp.io, the use of Telegram, messaging applications and more.  This channel is not officially affiliated with Telegram.  Sponsored by Telemetryapp.io"
zemleustr,channel,Быт простых землеустроителей,367,"Частные беседы о будущем землеустройства, и не только, на новой технологической основе в кругу профессионалов"
qptelemetry,channel,Quick Pit Telemetry,26,Канал с телеметрией с сессий по ф1  Основной канал @qprace
telemed_pravda,channel,Телемед Правда,280,"Новости и всё, что происходит в телемедицине и около нее. Запросы, инфо, реклама — telemedpravda@gmail.com  Анонимность гарантируем! 😎"
chemistryrosbiotech,channel,СНК «Занимательная Химия» РОСБИОТЕХа,591,"Официальный канал студенческого научного кружка «Занимательная химия""  ФГБОУ ВО «РОСБИОТЕХ»  Здесь вы сможете регулярно видеть проведение интересных химических опытов Частые опросы по химии Научные статьи и интересные факты о мире Химии"
vasilievpodelu,channel,Васильев по Делу,269,Занимательная юриспруденция.  Юридический разбор правовых ситуаций в медиа
giootrades,channel,G🦞,3092,thoughts and some trades  Dtrade: https://t.me/dtrade?start=giooton  nfa!
groypergallery,channel,𝕊𝕋𝕌𝔻𝕀𝕆 𝔾ℝ𝕆𝕐ℙ𝕃𝕀 🐸📝,1736,Hub for all the groypers to be creative and share their artwork 🐸📝  Pfp by @emerson_artwork
gotouchgrassss,channel,TOUCHGRASS,40,"We’re not just holders — we’re healers. A degen recovery group, one grass blade at a time. CA- 9hyAtN6Q5MtoULzb3zNUgJTTSc3gRsNQkcLq5atv5TJ6 X-https://x.com/TOUCHGRASSHQ WEBSITE- https://logofftouchgrass.com/"
kogd4skychno,channel,"from 2002, with gaon",48,
goldfoundinsand,channel,GFIS,4,"Комплексное исследование и альтернативное видение криптосферы. Расследования, фундаментальный и семантический  анализ.  Наши проекты: BTCparser.com note4ever.com"
pakarhrchannel,channel,PakarHR Channel,2219,PakarHR Info Centre
lepokerchannel,channel,LePoker Official Channel,2001,"Welcome to LePoker Free Online Poker for Communities Web3 Social, competition (non-betting) poker protocol  Telegram Bot: https://t.me/lepokerbot Discussion Group: https://t.me/lepokergame/3  https://www.lepoker.io"
bworkerchannel,channel,bWorker Announcements,1786,
npngnr,channel,N,727,
plpv_channel,channel,Публичное Пространство,242,канал Кати @kaatyzol и Аланы @alkula69 психология психотерапия  жизнь наш подкаст https://youtube.com/@pp_podcast
plyumchannel,channel,Братья Барсуки,201,Чат https://t.me/ne_kolhoz  Инста - @julia__osina  https://juliaosina.ru/   По всем вопросам @OsinaQuestion_bot
planethunter,channel,PLANET HUNTER,76,"PLANET HUNTER — проект, музыка которого переносит во вселенную научной фантастики!  planethunter.ru"
guokerplanet,group,Guoker Planet,895,https://zhangxiangqian.me/files/
apescreener,group,ApeScreener Official,1398,Website: https://apescreener.xyz Linktree: https://linktr.ee/apescreener Tg: https://t.me/apescreener News: @apescreenernews dApp: https://apescreener.app/
galatrening,channel,GALA TRENING,280,"GALA TRENING 🏆Ta’lim, ta’til, networking 🗓14-21 mart Istanbul  ✈️GALA TRENING 2.0 Ro’yxatdan o’ting⤵️ https://galatrening.uz/"
solnecn2023,channel,ДООЦ «Солнечный»,1564,
samarkandcpdhub,channel,Samarkand CPD Hub,149,
kreativkapital,channel,Креативный,111,"Общественное движение. Пишем о себе, НКО, образовании и о том, что будет полезным для тебя. Оставайся!"
mahdikafar,channel,بث الظافر سبورت 2,5287,
o_vlg,channel,О-спорт Волгоградская область спортивное ориентирование,327,Информационная рассылка о событиях и соревнованиях по спортивному ориентированию в Волгоградской области
orienteday,channel,"Oriente Day Festival di mente, corpo e spirito 🕉☯💜",164,"FESTIVAL itinerante di arte e benessere orientale😀  Umanità. Fratellanza e sorellanza. Energia universale. Gioia. Aggregazione. Divertimento. Consapevolezza. Nuove prospettive🔥  Danza, musica, artigianato, oriental street food, discipline olistiche🙏"
bmstuo,channel,BMSTUO,262,Bauman Moscow State Technical University orienteering team ⚡
orientear,channel,Ориентир,137,Настоящий китайский чай и алтайские сборы www.orientea.ru
cyprus_property1,channel,CypRus Property - Недвижимость,231,🏘Real Estate Agency in Cyprus.   🏘PROPERTY FOR SALE and RENT IN CYPRUS.   📲+357 99892224 (Viber& WhatsApp) ;   💻 https://cyppro.com  📩 cyppro@mail.ru    Facebook:  facebook.com/L.ConstantinouCo  instagram.com/cyprus_property
cyprusforum,group,СЕВЕРНЫЙ КИПР | ЧАТ,13494,by Cyprus-FAQ.com Реклама: @cyprusfaq_ads ADMIN для связи: @admcyprusfaq
cyvisaorg,group,Все про полеты на Кипр или с Кипра,12712,"Инструкции как лететь НА Кипр и С Кипра. Туризм, возможные маршруты, документы, варианты виз для прилета на Кипр FAQ: https://cyvisa.org/QA.html ЗАКРЕП: https://t.me/cyvisaorg/152595   — Список чатов и ресурсов CypRus_iT: https://t.me/badcyprus/72203"
obiimy_cyprus,channel,Obiimy | cultural center,1249,"Український культурний центр на Кіпрі  📍Larnaca, 6016, Grigori Afxentiou, 12 📞 +357 96 381 081 📧 mail@obiimy.me"
org_orcks,channel,"""ОРГ-ОРКИ"" АНОНСЫ",153,"Афиша мероприятий Организаторской группы ""ОРГ-ОРКИ"". Мы группа страйкболистов желающих организовывать мероприятия в своем регионе и объединять людей в дружное сообщество ведь страйкбол - это игра друзей ..."
anosha_jr,channel,𝑨𝒏𝒐𝒔𝒉𝒆𝒏𝒌𝒐𝒗 𝑮𝒓𝒆𝒈𝒐𝒓𝒚,315,Apocalypse
geostudy_nate,channel,ГеоНат (Geostudy_nate) | Репетитор по географии 🌍,76,"🌍 Готовлю к ОГЭ и ЕГЭ по географии 10й год. На своих занятиях я даю: 📌 всю теорию и практику, 📌 ежемесячные пробники, 📌 лайфхаки и алгоритмы.  📲 Мой сайт http://geostudy-nate.tilda.ws/ 👇🏻Для связи со мной 🙋🏻‍♀️ @nathanwinterman"
lunariss3c,channel,LunarisSec #Banned,594,
louisatchklar,channel,лоуиза точка лар😋,212,
luezuus_albtraum,channel,Рест | ℒ𝓊ℯ𝓏𝓊𝓊𝓈 𝒜𝓁𝒷𝓉𝓇𝒶𝓊𝓂 | Ꮧуᴇɜи.⚝,57,
loisirfeeds,channel,Loisirfeeds,30,"Loisirfeeds -Art, Culture, Anime, Entertainment and leisure"
lonelyrouse,channel,Rouse¿,100,По любым вопросам пишите суда: @loneIyrouse  https://tapy.me/lonelyrouse
abbatttisart,channel,🤍A𝔟𝔟𝔞𝔱𝔱𝔱𝔦𝔰A🤍,12,
lotusartdecor,channel,"Семейная мастерская ""Лотос Арт Декор""",14,
otmetrakyardy,channel,📐 от метра к ярду 🏈,128,По призванию своему - отец. Геодезист - по будням. Атлет - по выходным.
kadastrgrupp,channel,КАДАСТРГРУПП,61,"Технические планы, Все виды геодезических работ, Проектирование, Межевание, Технические паспорта, Техническое заключение, Согласование перепланировок, Оценка, Юридическое сопровождение.  vk.com/club117634597"
geo_cod,channel,ГЕОКОД кадастровое бюро,40,"• Оформление недвижимости • Геодезические работы • Оформление земли • Юридические услуги • Заключения эксперта • Документы, справки  🌐 https://geo-cod.ru ✉️ info@geo-cod.ru"
plansby,channel,Plansby,1,Землеустроительные и геодезические услуги
kadastrkirzhach,channel,Кадастровый инженер Киржач,2,Кадастровый инженер Киржач Киржачский район. Тел. +7(904)255-77-88 Подготовлю межевой план в короткие сроки.  Срочный выезд. Вам не нужно посещать офис. Опыт в кадастровой сфере более 12 лет. https://zemdelo33.ru
ooogssspb_bot,bot,ООО ГСС,,"Компания ""Геодезическое Сопровождение Строительства"".  Геодезия и кадастр.  На рынке услуг с 2011 года - нам доверяют!"
geodezist_saratov_tut,channel,Геодезический патриот из Саратова,107,"Геодезические темы, кадастровые наблюдения, позитивное развитие страны и все то, что меня удивляет и вдохновляет"
degysta,channel,Журнал «Дегуста»,89,Независимый электронный литературно-критический журнал
stopka_jagermeistera,channel,Affforism** konkretno zaebalsya,65,* — Был признан иноагентом на территории РФ указом от 18.09.2024 года  И еще раз от 4 марта 2026
tekosknooppuntdelta,channel,TeKoS,56,"TeKoS is een Vlaams (Zuid-Nederlands) conservatief cultureel tijdschrift, uitgegeven door Knooppunt Delta vzw (voorheen Deltastichting vzw) sinds 1979."
verundistika,channel,гжелчный пузырь,50,профессиональная аналитика от веры гжель
alt_geo,channel,Алтай Геодезия,52,"Геодезические работы на Алтае. Топосъёмка, вынос границ, строительная геодезия, аэрофото, лазерное сканирование. Договор, гарантия.  Телефон для связи 8-918-611-67-99 https://t.me/Vlasov_Anton"
geodetika,channel,Геодетика-Юг,10,Геодезическое оборудование
viuviusukablyamorduvpolpedyky,channel,КПСО,742,Полиция -- инструкция по применению
geokont,channel,Развивающие игры Воскобовича,1599,"Здесь вы всегда найдете актуальные новости компании, приглашения на наши мероприятия и курсы, информацию о новинках. Будьте в курсе наших событий!"
geokraty,channel,Геократия,538,"Минерально-сырьевой комплекс: новости, интервью, аналитика, иносми."
geomaster_uz,channel,GeoMaster UZ,166,"🗺 Geografiyani mukammal o‘rganmoqchi bo‘lganlar uchun foydali kanal✅  • Attestatsiya, Milliy sertifikat va amaliy mashg‘ulotlar bo‘yicha to‘liq yordam!  • Ommaviy guruh: @geomasteruz_chat  • Murojaat uchun: @egamberdi_botirov"
s_setsunai,channel,.𖥔 ݁ ˖setsunai. .𖥔 ݁ ˖,48,мяукалка
learn_rust,channel,Learn Rust Together,23,Welcome to the Rust 🦀 enthusiasts channel! Here you will find ineresting information about Rust language. Chat: https://t.me/rustlang_ua Channel in Ukrainian: https://t.me/learn_rust_ukr Suggest news: @wandalen_me
rayluvspiders,channel,spiral mind 🌀,37,I talk about anything I find interesting(⁎⁍̴̛ ₃ ⁍̴̛⁎)!!         @Utsuro707bot     ✦꒷꒦✧*｡˚₊‧♡◌ ｡˚✩
rysslism13,channel,киса русслисм,12,залупаа###          пишите в LS зацелую
coinmasterspeederupdate,channel,Co̾i̾n̾ Ma̾s̾t̾e̾r̾ Sp̾e̾e̾d̾e̾r̾ Up̾d̾a̾t̾e̾,64567,This Channel Is For Speeder Updates Only.
king012345678,channel,Speeder (king and Queen of coin master) clone Kailash Tailor,8524,Coin master's all new version speeder are uploaded here @kailashtailor @ktspeeder
hm7to11,channel,Hindi Medium Foundation Batch 7to11Am,3157,
speedfyckus,channel,огород спидмена,845,💥💥  мой лс: @spdmng
speedcam,channel,Speedcam,227,"https://speedcam.online - один из первых ресурсов о камерах и радарах ГИБДД. Все данные о радарах и камерах доступны бесплатно для пользователей навигационных систем Навител, СитиГИД, iGo, Radardroid, MySpeed"
speedrunbnb,channel,Speedrun BNB - Portal,537,
uppmockcutra,channel,The Speed Upp Constable Mock Test,496,
speeshspeesh,channel,Sergey Golovchan,814,rbdclan.moscow/speesh                                                               Co-CEO of Лашаз speesh.ru / nampohui.ru/sergeygolovchan
speedtrader2,channel,SPEED TRADER,173,"DISCLAIMER: I am not SEBI Registered. All the views shared at our channel are only for the educational purposes. Before entering, please consult your financial advisor. We will not be liable for any direct/indirect loss.  Contact Us -  @speedtradersupport"
aftermotionex,channel,Toji Motion,25269,
proxydominates,channel,Proxy Dominates !,598,
dominanta_vl,channel,Доминанта 🥁,122,"…они же «По наитию», они же единственный и неповторимый ансамбль барабанщиков из Владивостока 🐾"
dominantamedia,channel,Dominanta Media,67,Официальный медиа-центр альянса DOMINANTA. Музыка • Мемы • PvP-хроники • Диссы Фирменный звук войны на сервере.
dominusu,channel,Sierra Madre,672,Ni
dominantsab,channel,Доминантная нижняя,499,Вместо фоточек и ню Постим всякую хуйню :)
dominant_agro,channel,Доминант 🌾,667,"Здесь новости о НАШИХ людях и предприятиях, которыми мы гордимся!  Мы в VK https://vk.com/gk_dominant  Чат-бот ""Анкета соискателя"" @Hh_dominant_bot Группа студентов https://t.me/DominantForStudent"
axiomascent,channel,Axiom Ascent,1057,"🔥 Solve questions against the clock and improve pressure handling. 🏆 Earn points(Ascends) for speed & accuracy. 🔝 Climb the leaderboard & dominate. 🤝 Challenge your friends and compete with best. 📚 Access exclusive, high-quality notes. Dm: @yuki_1024"
paceshop,channel,PACE,953,https://t.me/pacetelegram админ https://pacemoscow.com сайт
pacehunters,channel,PA:CE HUNTERS,273,Анонси активностей спільноти PA:CE HUNTERS Kyiv
coinavatar_official,channel,CoinAvatar Announcements,9349,"Welcome to the official CoinAvatar Telegram channel!   Join Now 👉 https://coinavatar.com  Keep pace with the latest updates, news, and announcements from CoinAvatar 💚  Let's redefine crypto together! 🚀  Join our chat! https://t.me/coinavatar_community"
pace_community,channel,PACE [пэйс],398,"здесь мы пэйсим кухня, бар на районе, образ жизни 12:00-24:00  бронирование: + 7 (985) 005-59-69 Шаболовка, 19"
pacedelmela,channel,COMUNE PACE DEL MELA,494,Canale ufficiale del Comune di Pace del Mela (ME)
recamiar,channel,ꫂ ၴႅၴ,383,ㅤㅤㅤ ㅤㅤㅤ ㅤㅤㅤㅤ  ㅤㅤ  @raccoIta ㅤㅤㅤ
ann0yingteenager,channel,𝓡 𝗂𝗇𝗀 𝓡 𝗂𝗇𝗀 . 🌀,19,🩵   「           𝖨 𝗐𝗈𝗇𝖽𝖾𝗋 𝗐𝗁𝗈'𝗌 𝖼𝖺𝗅𝗅𝗂𝗇𝗀  ..   」
liraoisolo,channel,#₊˚⊹ℒⅈrꪋ ꪱꪀ ᥆ꪱ🐞,11,"Сᴏᴧᴏ ᴀᴩᴛиᴄᴛᴋᴀ нᴀ ᴨᴩᴏᴄᴛᴏᴩᴀх ᴏи! Пᴩᴏᴛᴏᴛиᴨ Жиɜᴇᴧь иɜ ϶ᴄᴨᴀ, ᴨᴏ ʙᴏᴨᴩᴏᴄᴀʍ: @liranon_bot Тᴛ:lirasolooi"
crystalirlprincess,channel,﹫crystal ˒,1,
dictatorcryptonear,channel,DictatorCryptoNear,5880,OKX РАЗДАСТ🔥 https://www.okx.com/join/DICTATOR
kolo_hub,channel,КолоHub,144,"Коло Hub — молодіжний хаб у Києві 💛  Спільнота. Нетворкінг. Розвиток.  Твоє середовище для росту: де думки стають розмовами, а розмови — своїми людьми 🫂  Instagram — https://www.instagram.com/kolo_hub_ua?igsh=Y2poaGh3MmFuZWZs"
wedhub,channel,Wedhub,124,"Свадебный онлайн планировщик вашей идеальной свадьбы ❤️   Переходи на Wedhub.ru и начинай готовится к свадьбе с нашими бесплатными сервисами: мои задачи, мои гости, бюджет свадьбы, рассадка гостей, пригласительные, мои подрядчики, свадебный сайт и другие💍"
velosamara_63,group,Bike Samara,456,"Велосипедный клуб. Анонсы и обсуждения велосипедных и других мероприятий, а также общение на свободные темы.  г.Самара.  Модерация - разрешено всё - что не запрещено законодательством РФ ."
velonorth,group,ВелоСевер,330,"Обсуждение маршрутов, спотов, поиск компании, тех. помощь, катаем чилл райды по городу, XC, Trail, Mini-Dh, pumptrack,  имеются и другие активности! Север Москвы и области. https://vk.com/velonorth"
openroad39,group,OpenRoad39,444,"Анонсы поездок по асфальту и грунтам  Формат анонса: Дата, время старта/финиша, маршрут, средняя скорость  БЕЗ ФЛУДА, любой текст кроме объявлений запрещён  Обсуждение в соседнем чате https://t.me/joinchat/AkfIeUbKATyTAXp5fnrVkA  Барахолка @velo39barahlo"
xcmmgr,channel,xcmmgr,373,"Веломногодневка ""МГР"", г.Хвалынск"
velo_dream,channel,ВелоМечта,102,"Live-канал о жизни, работе, новостях и мероприятиях мастерской ВелоМечта.  А велосипед всегда можно приобрести, написав в ЛС-  https://t.me/Danila_24  Наши байки на Авито: https://www.avito.ru/brands/ce4281b227dcd19af77d5d6f1eeb5ea4?src=sharing"
velomgtu,channel,Велошкола ТК МГТУ,175,Школа велотуризма при ТК МГТУ им. Н.Э.Баумана
veloprovelo,channel,Асфальтовые истории,173,"🌏Это не гонка, а скорее крутое путешествие  Катаюсь на велосипеде, бегаю, пишу о лайфхаках и историях в пути  Обратная связь @zoolaxx"
cyclingbelarus,channel,Велосипедная Беларусь,182,Новости велосипедной жизни Беларуси  👉 @pokatushkinbot - Telegram бот для организации совместных покатушек в Вашем городе  💬 Наш чат: @susedzi
mikkimaus16,channel,русик,395,🚁
rutrail_official,channel,RUTRAIL - маркированные маршруты России,309,"Социальный проект во имя туризма России.  Мы маркируем тропы для пеших, вело и лыжных походов по всей стране!  Каждый сможет отправиться на выходные по размеченной тропе - очищать разум и наслаждаться природой.  Наш сайт: rutrail.org"
mamyumr_bot,bot,MAMY_Bot,,Бот для запросов канала МАМЫ ЮМР.  присылайте ваш вопрос - мы свяжемся с вами в течение дня.  Воскресенье выходной.
graphikdesigner_ms,channel,Sardor|Portfolio,23,Graphic designer @Bettercallsardor
ustozlik_saboqlari,channel,Ustozlik saboqlari,23,
auratalks_uz,channel,AURA Talks,24,Biznes AURA’dagilar bilan suhbatlashamiz:)  To’liq videolar: https://youtube.com/@auratalksuz
muhbir24uz,channel,Muhbir 24 Uz.,5,"Inson o‘ladi, yahshilik qoladi."
capybarakibara,channel,kibara the SVIN,1632,YouTube: https://www.youtube.com/@kibaraCAPYBARA Twitch:  https://www.twitch.tv/kibaracapybara Канал с нарезками: https://www.youtube.com/@KibaraHighlights
mapmagiccommunityru,group,MapMagic | Сообщество,1422,"Предложения, сообщения об ошибках, критика — всё сюда 😊  🔥 Новости и маршруты: @MapMagic 📱 Скачать iOS и Android: https://t.me/MapMagic/241  Написать основателю Саше: @shirokolobovalex"
mapmagicapp,channel,MapMagic,153,MapMagic.app. Create. Keep. Share your routes.  Built by explorers for explorers.  Join our community in Discord: https://discord.gg/FwtPvYwuZ7
mpgamez,channel,Мульти Пульти Геймз🦆,535,https://t.me/mpgchatz -  чат канала https://discord.gg/AkE4pawXZV
casual_magic_club,channel,MTG - Клуб адептов кухонной Магии,395,"Коллекционная Карточная Игра Magic: the Gathering и все, что с ней связано. На доступном для новичков уровне!"
opko43,channel,Общественная палата Кировской области,377,Официальный телеграмм канал  Общественной палаты Кировской области. Наш сайт http://opko43.ru/
kaprisdance32,channel,Образцовый ансамбль танца «Каприз»,339,"Детский👧🏼, многочисленный😉, танцевальный коллектив с 26-летней историей!🤩 Многократный обладатель кубков ГРАН-ПРИ, лауреат Всероссийских и Международных конкурсов и фестивалей.🎉🎉🎉"
doonsoru,channel,Дом общественных организаций | Сфера Действий,604,Информационный ресурс Дома общественных организаций Новосибирской области
evgeniysidorov_62,channel,Евгений Владимирович Сидоров,200,Глава администрации МО -  Михайловский муниципальный район Рязанской области
nkoresurs,channel,НКО-Ресурс,72,Помощь для НКО
anopolden,channel,ПОЛДЕНЬ,79,
marions_spirituelle_ecke,channel,Marions spirituelle Ecke,311,
devani_spirituelle_impulsgeberin,channel,Melitta-spirituelle Impulsgeberin,576,"spirituelle Reisen, Meditation,  Yoga..."
skandaalgo,group,Skanda Algo,244,Telegram: https://t.me/SkandaAlgo  YouTube: https://www.youtube.com/@skandaalgo Insta: https://shorturl.at/cvHLN Facebook: shorturl.at/dkyQX Twitter: https://twitter.com/SkandaAlgo  TradeTron Strategies
skalarby,channel,Škalar,59,"Пераклады ўсяго, што блага ляжыць.  Зьвязацца з мною - @skalarbybot"
skale_vn,group,SKALE Vietnam,71,"Mạng lưới blockchain modular gốc Ethereum duy nhất, với KHÔNG gas fee cho hơn 20+ SKALE chain có thể tương tác! Chào mừng đến với #SKALEverse  Twitter: https://twitter.com/SkaleVietnamese"
skale_id,group,SKALE Indonesian,61,Satu-satunya jaringan blockchain modular asli Ethereum dengan ZERO gas fee untuk SKALE chain interoperable dalam jumlah tak terbatas!  Selamat datang di #SKALEverse.
skale_fi,group,SKALE Finnish,28,
sharehackgame1,channel,ZenAUTH-MTP,1454,Join box chat     https://t.me/zenvanachat
mzaq520,channel,梦醉主频道🇨🇳,1224,梦醉独家耳机分享 耳机赞助链接 售后赞助 @XKL878 http://aoa.222bx.cn/shop/KWUUQQET 本项目只适用于学习交流以及测试实验，没有任何商用目的，如果违反请联系 @xkl878 进行删除，对您的侵权产品以及不从事任何违法犯罪活动 如果有任何违法犯罪侵害活动，请联系 @xkl878 进行删除注销任何内容
vinhhyeucacban,channel,HACK IOS-ADR VN🇻🇳,677,Cần Hỗ Trợ Cứ Nhắn Qua @vanvinhdzvailoz   BẢN CAM KẾT HOẠT ĐỘNG KINH DOANH TRÊN NỀN TẢNG TELEGRAM: https://telegra.ph/CAM-KẾT-VẬN-HÀNH-KINH-DOANH--TUÂN-THỦ-PHÁP-LUẬT-2026-05-07-9-05-07-2
magicpanle,channel,PROXY ZENTRAX,170,
wishthiensu,channel,TOOL GAME GIAO LƯU 2026,156,Tool Game Ib @sg205rika
rurndnsfree,channel,𝙃𝙀𝙉𝙂 𝙈𝙊𝘿 🇻🇳👑,222,
quantenwunder,channel,QUANTEN|YOGA,69,Sunna Ramona von Hoffmeister Human Energetik & QuantenYoga  Quantenyoga@gmx.de
enhawishh,channel,enhypen wishlist ⁷ 🧡,147,на этом канале вы сможете найти разблюры/заблюры карт энха
thongbaophanmemvip,channel,Thông Báo Tool PhamMemVip,66,Tool Uy Tín By @CSKH_PhanMemVip Tool Web: https://phanmemvip.fun/ bot @phanmemvipbot
futurolenta,channel,Secure Way 🔐,35,"FuturoLenta — новости будущего и технологий. Всё самое интересное из науки, технологий и открытий со всего мира."
erleuchtungsstuebchen,channel,Erleuchtungsstübchen🌞,459,• Bewusste & Liebevolle Partnerschaften • Evolutionäres Bewusstseinswachstum • Innenarbeit • Spirituelle Erfahrungen & Mystik • Erwachen  www.phönixgemeinschaft.de
humandesignundtagesenergien,channel,Human Design & Energetik by Stefanie Fahrner,406,"Raum für Human Design, intuitive Selbstheilung & energetisches Bewusstsein.  🌿 Impulse für Selbstverbindung, innere Balance & weibliche Energie.  Stabilität im Zeitenwandel. Dein Lichtanker ⚓️✨️"
freyasfreiheit,channel,Freyas 🌹 Freiheit,186,Göttliche Schöpferkraft👑 Ehre ⚜️ Mut💪 Liebe 💗 Glück🍀und ein Leben im Einklang mit der Natur🌍 in der Übergangszeit.🌌
jeromerey33,channel,Jérôme Rey News,112,"Hier findest du Events, Videos, Bilder, Meditationen, zu den Themen: Traumaheilung, Spiritualität, Hypnosetherapie, Integrativer Schamanismus. https://www.jeromerey.ch/de"
noospheric_development,channel,Школа ноосферного развития,133,"💜 Как управлять здоровьем, успехом, жизнью в эпоху Великих Перемен🌎"
vivianejacob,channel,Alles ist ☀️ Energie | 🌱 BewusstSein im 🦋 Wandel & im Einklang mit unserer 🌻 Natur,130,"«Wenn die Seele bereit ist, sind es die Dinge auch.» ~ William Shakespeare ~ 🌹 https://t.me/Eine_Seelenverbindung 💖 https://t.me/Anastasia_RaumDerLiebe 🍀 www.viviane-jacob.de ☀️ https://www.instagram.com/viv22ja"
shambalaacademy,channel,DIVINE ORCHESTRA: Shambala Village - Academy - New Earth,40,* www.recreating-shambala.org/divine-orchestra/ * www.recreating-shambala.org/new-earth/ * www.recreating-shambala.org/new-multidimensional-human/ * www.recreating-shambala.org/architect-of-shambala/
entfaltungsbegleitung,channel,Selbst-Entfaltung - Michael Karjalainen-Dräger,11,"Infos und Angebote (Vorträge, Workshops, Gruppen- und EinzelbegLeitung) zu SelbstEntfaltung, SelbstStärkung & SelbstHeilung http://entfaltungsbegleitung.net"
obshestvo_mindalya,channel,Общество Миндаля,42,
zentrumfueryogaundentfaltung,channel,🪷Zentrum für Yoga und Entfaltung🪷,18,Praktische und ganzheitliche Inspirationen für den Alltag. Einfache Yoga Einheiten zum Energetisieren/ Zur-Ruhekommen.
sotvoreniyenovogomira,channel,Сотворение Нового Мира,24,🌐 Геополитика: Аналитические обзоры. 🧘‍♂️ Духовное светское образование: … и обретение духовной грамотности. 🌌 Путь от личности к Душе: Советы и рекомендации. 🌟 Новая элита для нового мира. 🌍 Глобальный Планетарный Проект: Новая Парадигма Жизни.
sowerdenunserevisionenwahr,channel,Forschung für mehr Leichtigkeit,5,"Kontaktkanal für Menschen, die unsere Vision nachhaltiger Gesundheit für sich wahr machen wollen"
leskin_av,channel,Алексей Лескин,330,Заместитель председателя Самарской Губернской Думы Первый секретарь Самарского обкома КПРФ  📩 leskinav@samgd.ru  В соцсетях: taplink.cc/a.v.leskin ВК: vk.com/a.v.leskin
moshlisselburg,channel,Администрация Шлиссельбургского ГП,119,"Официальный телеграм-канал администрации Шлиссельбургского ГП, Кировский район, Ленинградская область."
kerchenskiyproliv,channel,Керченский пролив,73,
coord43,channel,43°,89,"МЕЖДУ МОРЕМ И ГОРАМИ. МУЗЫКА, ЛЮДИ, ЖИВОЙ ЗВУК. 43° — НОВАЯ КООРДИНАТА КУЛЬТУРЫ  Регистрация на мероприятие https://sochi.qtickets.events/241705-430-uroven-morya-001  Чат: https://t.me/cooord43"
tarix_orbitasi,channel,Tarix Orbitasi,69,Tarixni o‘rganamiz!   Aloqa: +998996490666
koordinata54,channel,ООО Координата,27,"Среди наших постоянных клиентов компании фармацевтической, косметической и химической промышленности - как известные мировые игроки, так и предприятия малого и среднего бизнеса. Таким образом, наши решения удовлетворяют все потребности."
molnieotvod,channel,Инженерные системы,14,"Инженерные системы для Вашего дома  По всем вопросам - +7 (495) 760-63-53, domiant@mail.ru  Местоположение - Москва, 23 км. Калужского шоссе, д. 15, с.1"
locationcore,group,LocationCore,9,Notifications from LocationCore
arabiccompass,channel,Arabic Compass,4,
efgis_bot,bot,Координаты по кадастровому номеру,,"Получите координаты земельных участков, зданий и сооружений в режиме онлайн в нашем боте ✅ Бесплатно"
whereiambot,bot,Где Я ?,,"Поделись своей геопозицией и я покажу твой адрес, географические координаты и местоположение на карте в виде изображения"
krymarecbot,bot,Путеводитель по городам в Крыму 🧭,,✅ @Krymarec – канал про удивительный Крым и его города ❤
nouvellescosmiquesparcoachmnm,channel,Nouvelles Cosmiques par coach MNM,3,Exploration-Transformation-Evolution
mestopolozhenie_sbot,bot,Местоположение Бот,,"📍Узнайте местоположение своих друзей, девушки, парня! Найдите их на карте!"
isslivebot,bot,ISS Tracker,,"Привет, здесь ты сможешь узнать в реальном времени местоположение Международной космической станции(МКС)."
ride2mapbot,bot,ВЕЛОАККЕРМАН RIDE,,⭐  Доступ к трансляциям участников ⭐ Авторизоваться на сайте ВЕЛОАККЕРМАН ⭐ Трансляция собственной геопозиции
locplacebot,bot,"Finder of places, attacher of locations",,Inline bot to attach a location based on its coordinates or name | @kozaloru | github.com/kozalosev/LocPlaceBot
lab21vek,channel,Медицинский центр «Лаборатория 21 ВЕК»,142,"21 ВЕК - это 15 медицинских направлений, более 2500 видов лабораторных исследований, экспертное УЗИ, косметология и врачи высшей квалификации  г.Воскресенск, ул. Хрипунова, д.1 г.Воскресенск, ул. Зелинского, 10а  🕑пн-пт: 7.30-20.00, сб-вс: 8.00-19.00"
mar_21vek,channel,АН «21 Век» г. Мариуполь,325,"@vek21_donetsk_bot  - телеграмм бот для заявок.   🌐 Сайт: 21vek-dnr.ru  г. Мариуполь, Бизнес центр «Галакс»ул. Архитектора Нильсена (бывш. ул. Энгельса) д. 60, офис 118.  🔹Сделки в кратчайшие сроки; 🔹Подготовка документов; 🔹Выгодные цены;"
woodhelikopter,channel,The Вуд Хеликоптер,306,"Музыкальный блог самого популярного панк-коллектива Центральной Азии. Афиши концертов, эксклюзивные каверы, внутряк и альтернативное мнение на все, что попало в наше поле зрения."
vncran,channel,ВНЦ РАН,315,
nko21vek,channel,АНО ДПО XXI ВЕК,238,Автономная некоммерческая организация дополнительного профессионального образования «XXI ВЕК»  Сайт: https://21vek09.ru ВКонтакте: https://vk.com/nko21vek
malinavictoriya,channel,На связи Вика🐣,205,"Студентка медицинского с прошлым модели🤍   👩‍⚕️Меня зовут Вика, мне 21 год и я учусь в ЧувГУ на 3 курсе лечебного дела   Веду лайф блог, выкладываю крутые подборки, юмор и откровенно высказываю свое мнение   Сотрудничество @MallinaVictoriya 🤍"
stomatolog_21vek_krd,channel,Стоматология 21Век • Краснодар,24,"✅квалифицированное стоматологическое обслуживание  ✅современное оборудование   ✅дружелюбный персонал  🔼Скидка 10 % при записи на сайте: https://21век-краснодар.рф   🔼Скидка 10 % для пенсионеров  📲+7 (918)168-56-61 Краснодар, ул. 40-летия Победы, 43"
bekbandofficial,channel,BEK official,141,BIZ BEKMIZ! Milliy Metal Guruhi.
unesco_travel,channel,UNESCO-TRAVEL,174,
nashaplaneta_chat,group,Наша 🌎 Планета чат,1578,Общий туристический чат канала @nashaplaneta_net  🔥 Все наши чаты (навигация) - https://t.me/+4NJZyIEfQ71jZTUy  ✉️ Контакт - @nashaplaneta_connect_bot
waldndorf,channel,Wald&Dorf,700,Туристический клуб и молодёжное сообщество Wald&Dorf 🏕️
olesyapolunina,channel,Олеся Полунина. О работе и немного о себе,810,"Канал министра культуры Иркутской области  Правила для участников Канала Разрешается: обсуждать темы, связанные с тематикой сообщений; делиться полезными ресурсами.  Запрещается: Троллинг, ненормативная лексика, выражения оскорбительного характера."
medtech_blog,channel,MED-TECH blog 🧬,6268,"О поступлении в ВУЗы, учебе на медицине в НУ, IT стартапах и многом другом ⚗️🤖  Делюсь образовательными и исследовательскими возможностями зарубежом через свой опыт 💙  Чат канала: https://t.me/+BJJ37JJ7hMljYjMy"
you4learning,channel,4learning,359,"Канал для педагогов, которые интересуются образовательными инновациями и цифровой трансформацией."
mboysosh1stepnoe,channel,МБОУ-СОШ №1 р.п. Степное,669,"Наша школа была открыта 1 сентября 1961 года. И вот уже 60 лет ведет образовательную деятельность в области начального, основного и среднего образования."
annacrazyseal,channel,Плавание с Anna CrazySeal🦦,326,"Путь любителя плавания, от начального до продвинутого уровня, пройденный мной и моими друзьями. Для ЛС @AnnaCrazySealllll"
msklos,channel,Лосиноостровский,1664,Предложить новость или рекламу: @TgMSKBot  Здесь все районные каналы Москвы 👇 @TgMsk_bot  📰 Новости 🎈 Мероприятия района ⚡️ Актуальные события  Сайт проекта: https://tgmsk.ru/
krm49_ru,channel,Фонд капремонта Магаданской области,183,"📍Магадан, Якутская ул., 55  Режим работы: Пн-Чт: 9.00 - 17.45 Пт: 9.00 - 17.30  Кассово-расчетная группа: 7 (413 2) 203-753 доб. 142, 143 Горячая линия: 7 (413 2) 203-753 доб. 151, 155 Приёмная: 7 (413 2) 203-753 доб. 100  E-mail: office@krm49.ru"
krg_beobax,channel,Карагандинский Обозреватель,99,О городе в центре Казахстана. О природе и немного о себе. Авторский канал Руслана Телегина.
pankovboris,channel,Борис Панков,210,
kondakovapigagino,channel,Кондаков П.И.,39,Глава местного самоуправления Гагинского муниципального района Нижегородской области.
ustlugaprojivanie,channel,"""Кургала"". Усть-Луга. Коттеджи, гостиница, баня, ресторанный комплекс.",55,"Коттеджи, гостиница, баня и ресторанный комплекс в Косколово.  По приемлемым ценам. Мы в ВК https://vk.com/kurgala_etno  Недалеко от нас, Кургальский заказник, порт и завод Бизнес ланчи нашего кафе и завтраки: https://t.me/pitanieKurgala"
omagnitufa,channel,О-Магнит,113,Информация о стартах клуба ориентирования в Республике Башкортостан.
o_kuray,channel,Соцветие Курая,40,Информация о эстафетных соревнованиях между клубами ориентирования в Республике Башкортостан
moscowskiing,channel,Москва Лыжная,267,Анонсы лыжных мероприятий в Москве и Московской области  Промики @promovetrov Ультра @leavemealong Москва Беговая @moscowrunning Связь @i_am_vetrov
safeswimming,channel,Вода - твой друг,170,"Первая в России модульная программа обучения детей навыкам безопасного плавания.  Формирует уверенность в воде и жизненно важные навыки плавания, самоспасения, ориентирования и помощи другим.  Сайт - https://water-friend.ru Сотрудничество @Alexey_SafeSwim"
lesnoe_fitness,channel,Фитнес студия | Пригород Лесное,876,"Фитнес студия «На спорте» в жк Пригород Лесное | ул. Современников, 5  10+ направлений для взрослых и детей Йога, пилатес, фитнес, аэро стретчинг, Гравити кидс, здоровая спина, МАССАЖ и много других занятий 💜   Для записи: @Nasporte_fitness_pl"
sportitolka,channel,Спорт и только,2065,Самые свежие новости Российского и мирового спорта  Реклама - @gClark  Контакт для связи: @Wini_M
stayozhnikom,channel,С Таёжником 🏕️,1048,"Привет 👋  Я, Андрей Таёжник Занимаюсь организацией походов, сплавов и восхождений        ☝️Сертифицированный инструктор по туризму  🏕️ Организовал более 150 походов разного формата  🧗Третий разряд по альпинизму 📌Можно писать в личку @tayozhnik"
cdo_orientir,channel,МАОУ ЦДО «Ориентир»,293,
orientir_med,channel,ОРИЕНТИР,157,Медицинское сообщество в Республике Башкортостан
orientirsweet,channel,ОРИЕНТИР,190,"Создаём атмосферные корпоративные подарки с 2010 года.  Наше основное направление, то, что у нас получается лучше всего и больше всего нравится нам самим — поиск нестандартных решений и воплощение ваших оригинальных идей в жизнь.  Любые вопросы @gift_good"
orientirpro,channel,Ориентир. Недвижимость | Екатеринбург,87,"Помогаем покупать, продавать и сдавать недвижимость в Екатеринбурге и РФ. Честные сделки, сильная команда и фокус на людях, а не обещаниях.  Здесь — рынок недвижимости без воды: кейсы, полезные советы и внутренняя кухня 💙"
pliazhlandiia,channel,ПЛЯЖЛАНДИЯ Оренбург,1454,"🏝️Туры по всему миру и по России! Горящие туры🔥 😎Ребрендинг (ранее - Виста) ВК: https://vk.ru/tur_orenburg МAX: https://max.ru/id561112351201_biz ⭐Оренбург, ул.70 лет ВЛСМ 16/1 (ТЦ ТЕРРИТОРИЯ) вход Пятерочки.  Тел. 93-55-66"
mamahelp2025,channel,🖇️Даша про стиль с 3мя🧒🏼👧🏼🧒🏼,609,все для детей и стильных мам
babar_life,channel,Babar_life,557,Подберу тур на любой бюджет♥ Индивидуальные туры по цене пакетов🤘 Обожаю путешествовать сам и отправлять других🤣 Я есть в инсте babar_life и W/App +79851374288 Туры https://landings-onlinetours.ru/vadim_lapparov%23rec
olhaufarb,channel,Ольха | Аренда дома,144,"Аренда дома Ольха в 15 минутах от Уфы.  📍д. Суровка, ул. Соколиная 22/1  📞 +7 (927) 937-88-89  Добро пожаловать 🤍"
orlow_prod178,channel,BaltIor l Omsi 2,663,
quizplease_nt,group,"Квиз, плиз! в Нячанге",349,"Официальное комьюнити Квиз, плиз! в Нячанге в телеге.  Регистрация на игры: nt.quizplease.com  Для связи: @quizplease_nhatrang"
quizplussamara,channel,Квиз Плюс | Самара,551,Большая футбольная викторина в Самаре 🚀  Флагманский канал – @quizplusonline 💫  📲 На связи – @amigomarkov & @whyantoin
kkyatatsu,channel,курсы повышения квирофикации,89,"учоный, косплеер, альтушка, etc."
kuchisabisshii,channel,звезды,148,I have two sides   ‌ ‌ ‌ ‌ ˖  ⭒‌‌ ݁      ‧       ˖     ⋆     ִ     ݁     ‧     ⭒‌‌  ˖     ִ    ⋆  ㅤׅㅤㅤׄ ⋆   ‌// @Bluefiishbot  ‧      ˖ ⋆ ‌ㅤׅㅤㅤׄ ‌  ‌ ‌ ‌ ‌ ‌
wasabyarts,channel,🌿Хвойна Луска🪶,211,
ashilport,channel,(new era.)𝅄 ꒱꯭ 𖧁ִ୧ ִ꒰⁠ ֺ𝑨𝘴𝘩𝘪𝘭 𝙋𝘰𝘳𝘵𝘧𝘰𝘭𝘪𝘰,178,"ᅠᅠ  ִֺ۪   ᷼ 𓈒 ︵𝆋ࣳ︵ ֺ࡙꒰𐇽  ִ۫ ♡ུུ ꒱ ֺ࡙︵𝆋ࣳ︵ 𓈒 ᷼   ִ۫ ᅠᅠᅠ|| связь: @AsH1L0 and @Ash1lbot  Мой ник:Ашиль/Эйшил, никак по другому( Лиямишяшалялялеле тоже можно.)  #𝑨𝘴𝘩 ᅠᅠ𝅄 ⎯ֺ⎯ᮬ͜⎯ִ⎯⎯ֺ⎯ᮬ͜⎯ִ⎯ֺֺ   ⸼ ᅠᅠᅠ ||сборник: @ASHILmiller"
quizplease_de,channel,"Quiz, please! in Berlin",116,📌 The Best English Pub Quiz in Berlin 📌 Trivia & Music Quiz Games 📌 Team Building & Company Events  📆 Schedule → quizplease.de/schedule  Contact → @quizplease_berlin_admin or +49 1522 6194786
emichbl,channel,Emich,114,"Всем привет!  Это мой уголочек косплея, игр и моих песелей❤️  Если вдруг кто-то хочет поддержать мои коспланы 👉👈 Сбер: 2202206349695390 😘"
sgplanet,channel,𔓕﹎ сиджи ^_^ маотрон,73,Не использовать мое творчество без кредитов и в коммерческих целяхㅤㅤㅤ ☆
mullucocomco,channel,🪽🌸ミリコ (mulluCOcom),23,
mgplanet,group,Amici di MGPlanet (I've got something in my lore),58,Gruppo ufficiale di Metal Gear Planet http://metalgearplanet.it/ Per discutere di Metal Gear e non solo Le regole qui sono semplici. Ma vanno rispettate.  - No Flame - No Insulti - No Flood - No Gore/Porno - Sì MGS - Sì Death Stranding - Sì videogame
velyur_khv,channel,velyur_khv,445,▪️ВЕЛЮР▪️ Все размеры от 38 до 66 •Хабаровск  Доставка в любой город  🏙️  возможна доставка до подъезда 📦 #+79098754383 - по любому вопросу
venzpage,channel,Page | Venzex,18,Мои резы
vodiy1live,channel,Vodiy Live,9,"📰 Tezkor yangiliklar 😂 Kulgi va trend videolar 🎶 Yangi musiqalar & kliplar shou-biznes yangiliklari ☆ 🔥 Internetda yurgan ENG qiziq kontentlar 👉 Zerikma, kuzatib bor — hammasi bir joyda! 📲 @Vodiy1live— kayfiyat va xabarning manbai!"
siladanavsem,channel,СилаДанаВсем,540,"Мы создаём живое пространство отдухатворённого единения, где каждый может вспомнить силу, данную нам по праву рождения. Это не секта, не система, не идеология - это естественный путь пробуждения через землю, огонь, дыхание, общение и древнюю мудрость.💚🌞"
qimendao,channel,Три чистоты | Даосские талисманы Фучжоу,159,"Пишу даосские талисманы Фучжоу древней линии мастеров Маошань. Изучаю древнюю китайскую систему анализа ситуаций Ци Мень Дун Дзя.  Медитирую, пишу о тибетском буддизме, святых местах и пути к истинному в себе.  Заказать талисман @omahumhri"
bookslegend157,channel,"Книги, легенди та 157!",50,"Проспект Голосіївський, 89. Книгарня-кав'ярня ""Space books"""
demeter_wheatfield,channel,Пшеничное поле | Σῖτος ἀγρός,38,Про богиню плодородия и урожая Деметру и в целом про Древнюю Грецию 🌾
vovansapoganddenchigo,channel,Яичная тухля💋,33,Грязь
vintagechatik,group,винтажный чат,24,
crystalmorfa,channel,Кристальная Морфа,20,"Брат с сестрой переезжают в другой дом, где им придётся начать новую жизнь.  Они находят древнюю библиотеку на чердаке и попадают в мир полный историй и магии, но смогут ли вернуться из него?...  12+  Основной канал: https://t.me/vayallliinn"
mo3arab,channel,العرفان الأصيل Genuine Gnosis,379,
kinezis73,channel,Елена Носова | Терапия Души (группы),762,Помогаю решить ваш запрос за одну сессию. Мы находим истинную причину и устраняем её влияние. • Кинезиолог • Терапевт Души Для записи: @valerie_kot
geografia_online,channel,Турагентство География🏝,316,https://wa.me/message/LSP6VJQ56X4NP1
geografia_zhe,channel,Турагентство География | г. Железногорск,219,"🔥Самые актуальные туры и новости мира туризма ✅Подберем и забронируем тур https://www.geograftour.com/office/154/ г.Железногорск, ул. Октябрьская, 39 оф 1 📲+79135712073  📍Мы в МАХ https://max.ru/join/8F-CQ6yF0HdUKuqYJyll1GdCGXpdccK5YA0XiiW1yYA"
kakosiiaboo,channel,°_𝐾𝑎𝑘𝑜𝑠𝑖𝑖_𝑓𝐴𝑛𝑓𝑖𝑐🎀_°,211,"Өз өміріңнің кілті,өзгенің қолында емес, сенің қолыңда 🗝 𝑨𝒓𝒏𝒂 𝒃𝒂𝒔𝒒𝒂𝒓𝒖𝒔𝒉𝒚: @kakosii_k Ашылды: 18.02.2025"
nuvaaaaaa,channel,"Ну, Вааааа!",114,"Не курю, не пью."
mfc_gergebil,channel,𝙢𝙛𝙘_𝙜𝙚𝙧𝙜𝙚𝙗𝙞𝙡,144,
license_crimea,channel,📗Юрист | Лицензии | Крым,82,"Привет 👋 Здесь — ваш надежный гид по лицензированию в Крыму (медицина, образование, бизнес и не только).   ⚖️ Экспертные советы, свежие новости законодательства. Есть вопросы пишите сюда :@licenzirovanie82"
kcsonprg,channel,ГКУ «РКЦСОН» МТиСЗ КБР по Прохладненскому району и г.о. Прохладный,89,
mfckayakent,channel,МФЦ «Мои документы» по Каякентскому району,23,"Официальный канал Многофункционального центра по Каякентскому району Наш адрес: с.Новокаякент, ул.У.Джабраиловой 3 Наш call-центр: +7 (938) 777-82-77. Добро пожаловать!"
docflow_studrada_nau,channel,Документи СР КАІ,23,💾 Канал документообігу СР КАІ (від 21.06.2024) - - - - - - - - - - - - - - - - - - - - - - - - - - - - - - -   📣 Канал СР КАІ  @studrada_kai  📂 Документи (Google Drive) https://cutt.ly/7WMv9K5
kazakhstan_shop_sellers,channel,sʜᴏᴘ ᴇxᴀɪᴠ !!,772,Ассалаумағалейкум қалайсыздар ? Бұл канал сіздерге тезірек АКК сатуға немесе сатып алуға көмек ретінде ашылған ! Пост салғызу бойынша Админдерге жазамыз. Гарант бойынша : @exaivTag !!
sellersabu02,channel,Sellers @TheGoldAbu !! 🇰🇿,551,Ассалаумағалейкум қалайсыздар ? Бұл канал сіздерге тезірек АКК сатуға немесе сатып алуға көмек ретінде ашылған ! Пост салғызу бойынша Админдерге жазамыз. Гарант бойынша : @TheGoldAbu !!
aqshi_nmu,channel,⚜️𝐀𝐐𝐒𝐇𝐈_𝐍𝐌𝐔⚜️,198,"• Сұᴧуᴧықᴛы ᴋөᴩу үɯін дᴇ ᴋөз ᴋᴇᴩᴇᴋ…😍 • Сᴇндᴇᴦі әᴩбіᴩ нығʍᴇᴛᴛі ᴋөᴩᴇ біᴧ… • Сурет,видео мен жазбаларды Авторлық атаумен алуға рұқсат…📌"
rabotavalfe2025,channel,Алёна партнёр Альфа Банка,102,Рада видеть тебя на моем канале 🤗 Здесь мой путь от нуля к первому доходу 🔥 и дальше…  Связь со мной @Alena_Saln
udalenkafinansy,channel,💰Удаленка и финансы с Алиной Гусаровой💰,185,"Канал про удаленную работу и финансовую грамотность, практикую сама и делюсь с вами 😉"
mortalkonkur,group,مورتال کنکور,1021,رقابت درسی رفع اشکال درسی درخواست درسی صحبت آزاد
showmaestro,channel,"Шоу ""Маэстро""❤️",34,
kotcuba,channel,Вещаем за жизнь,42,Хихикаем! Учим жизни!
grupocortexpublicidadabierto,group,PUBLICIDAD LIBRE DE SERVICIOS E INSUMOS TEXTILES - MENSAJES ABIERTOS,6,"Lo que puedes hacer:  ✔️ Publicidad de insumos textiles (telas, avíos, etc.).  ✔️ Servicios relacionados (corte, costura, producto terminado, estampado, etc.).  Lo que debes evitar:  ✔️Anuncios de ropa.  ✔️ Temas de religión, fútbol o política."
kazaviales,channel,Ормандарды авиациялық қорғау /Авиационная охрана лесов,12,"""Қазақ ормандарды авиациялық қорғау және орман шаруашылығына қызмет көрсету базасы"" РМҚК   /                                                          РГКП «Казахская база авиационной охраны лесов и обслуживания лесного хозяйства»"
mgelkassas,channel,علم ينتفع به. قناة د. محمد جلال القصاص,4944,دكتوراة في العلوم السياسية. جامعة القاهرة.
wofsub,channel,WOFSub | Қазақша субтитрлер | Лакорндар,18,18+ Топ ойын-сауық мақсатында құрылған. Лакорндар қазақша субтитрмен. НАЗАР АУДАРЫҢЫЗ! Аударма жасанды интеллект көмегімен жасалған. Барлық материал танысу үшін жарияланған және коммерциялық мақсатта пайдаланылмайды
stultioigroup,channel,S̵̥͍̱͚̱̾̋T҈͎͔̘̠̠̈̄̀͋̀U̵̪͈̞̙͒͊̃͆͂L̵̯̪͖̦͊̃T̶̀̈ ̟̗̞͔̈́ͅI̷̬̪͉͍̋͆͌̐,8,
eskortskie_chnl,channel,𝑬𝑺𝑪𝑶𝑹𝑻𝑺𝑲𝑰𝑬 ᶜʰᶰᶫ16+,512,
kkonline2021,channel,Көшпенділер Көкжиегі 2026,496,Көшпенділер Көкжиегіне қош келдіңіздер!  Сұрақтар бойынша: @aminoshkamm @zadrotemes @agirlwithcurles
iriss978ix,channel,My cherries and wine,305,بيها الخير @Iris978514_bot
frvqtiw,channel,𝐬𝐚𝐧𝐳𝐡𝐢𝐭𝐚'𝐬 𝐝𝐢𝐚𝐫𝐲,180,
ingress_mission,channel,Ingress Missions Notes (廣佛 Ver.2.0),23,
resistancebelarus,channel,Belarus Resistance News,187,"Ingress - больше чем просто игра. О том, чем живет и как играет Сопротивление в Беларуси - читайте в нашем канале.  Поделиться рассказом или новостью о каком-то событии, в котором поучаствовали белорусские резисты: @BRN_feedback_bot"
lawcongress,channel,Европейско-Азиатский правовой конгресс,1118,
gold_portals,channel,GoLD-Zirex Portals,1835,
remittix_portal,channel,Remittix Portal,10048,
papaportals,channel,Papa Portal,1093,This is a portal to the Official $PAPA group
giftwhaledeposits,channel,GiftWhaleDeposits,2510,"10.000+ TON Deposits Monitor on MRKT, Tonnel and Portals  GiftWhaleFeed - @giftwhalefeed GiftWhaleFeed200 - @giftwhalefeed200 GiftWhaleFeed500 - @giftwhalefeed500 Official Sponsor - @GIFTSDouble"
newmoon_portal,channel,New Moon Portal,66,
theneweraportal,channel,New Era Portal,626,
veeportal,channel,Veeportal,45,"News, deals, business ideas, deals and discounts  Website - veeportal.com  WhatsApp channel - https://whatsapp.com/channel/0029VauHpo8JUM2VNC2Nzk27"
newmofficial,group,NEWM [Official],411,Official NEWM channel More info: newm.io For stakepool: https://t.me/NEWMPool Whitepaper: newm.io/whitepaper
zenlesszonensfw,channel,ZZZ nsfw [18+] Zenless zone zero,18199,"ZZZ nsfw [18+] Zenless zone zero.  Заявки принимаются автоматически! При вступлении вы подтверждаете, что вам есть 18 лет.   *Все героини данном канале совершеннолетние. *Мы никак не присваиваем авторство"
glavniga_rasmlar_fotol_statuslar,channel,GLAVNIGA RASMLAR,2366,Multik rasmlar yasab beruvchi bot: @MultikRasmlarimBot  Reklama uchun: @Creat_admin  Ishoning siz eng zo'r kanaldasiz..!  Sizlar uchun✊  Ma'noli so'zlar📖  Rasmlar...🖼  Statuslar..✍  Eng saralari unutmang faqat bizda ✔
acsitalia,channel,ACS Italia-Aiuto alla Chiesa che Soffre,246,"Fondazione pontificia: sosteniamo i cristiani perseguitati tramite informazione, preghiera e azione concreta."
wechoselife,channel,«Выбери Жизнь» - центр социальной реабилитации,209,"«Выбери Жизнь» - это бесплатная помощь в избавлении от алкогольной и наркотической зависимости.  Мы рады каждому 🤝 Пол, возраст, национальность, этническая принадлежность, статус, религия или конфессии для нас не важны.  По всем вопросам - @drumyancev"
religions_of_petersburg,channel,Конфессии Санкт-Петербурга,191,О деятельности религиозных объединений нашего города 📃📷🎥  Официальная страница Отдела по связям с религиозными объединениями Администрации Губернатора Санкт-Петербурга
centellaespanola,channel,✨ Centella ✨,52,Por la salvación de España y por la Verdad. Escribo en varios idiomas.
ageumagalhaes,channel,Ageu Magalhães,76,Pastor Presbiteriano
sorkheh_online,channel,سرخه آنلاین,798,سرخه آنلاین📣  جامع ترین پایگاه خبری و تحلیلی شهرستان سرخه  کانال ما در👇: https://eitaa.com/sorkheh_online https://rubika.ir/sorkheh_online https://ble.ir/sorkheh_online  🌐آدرس سایت ما: sorkhehonline.ir  ارسال نظرات و درج آگهی👇🏻 @iman822
ddeenah,channel,deenah,491,"читать как [ Дина ]  Малик ибн Динар сказал означающее:   «Передай тому, кто не искренен: не утруждайся»."
lmodfm,channel,灵眸三角洲解密通知频道,2624,
c147890,channel,Cc公益端口 通知频道,8889,官方唯一电报，未创建其他任何群聊请勿被骗 菜才电报通知群： @c147890 菜才电报交流群： @cc147890 Cc端口官方卡网：https://new.zmfaka.cn/shop/TV78MZNJ 对接码：cc2016 菜才作者： @cai2016 菜才双向联系 @cai2016bot
sjzmobei,channel,青烟三角洲白号,3463,
zhhy666,channel,菠菜三角洲-低价货源,3497,售后/批卡/联系@bckwnb
kotopizza_rf,channel,Котопицца | Саранск | Доставка еды,521,"Пицца, роллы, закуски — всё для тёплого вечера. Новый бренд в формате даркитчен.  https://котопицца.рф/tg"
aq118nb,channel,118全防通知频道,287,
antilutheran,channel,𝓐𝓷𝓽𝓲 𝓛𝓾𝓽𝓱𝓮𝓻𝓪𝓷𝓲𝓼𝓶,332,Exposing the Lutheran cult and their unbiblical teachings
youth_samariankirche,channel,У Святого Георга,125,Молодёжная группа Евангелическо-лютеранской Церкви Св. Георга в Самаре (#СамарскаяКирха)
lutheraug,channel,Просто о лютеранстве,281,Сайт: www.luther.ru   https://t.me/M_Lutherus
laicismo,channel,laicismo.org,192,Observatorio del Laicismo laicismo.org  Un proyecto de Europa Laica para el seguimiento del estado de la libertad de conciencia y la laicidad de los Estados con foco en el mundo hispanohablante.  Dona: laicismo.org/donaciones
komilutherans,channel,Сыктывкарский евангелическо-лютеранский приход Святого Иоанна Крестителя,37,https://vk.com/komilutherans
lutheransar,channel,Лютеранская часовня Св. Иоанна г. Саратов,99,"Местная религиозная организация "" Евангелическо-Лютеранский приход Святого Иоанна города Саратова"".  Божественная литургия - по воскресеньям в 10:00. Библейский час - по средам в 18:30.  Группа вконтакте: https://m.vk.com/lutheransar"
lutherancat,channel,🐾Лютеранський кіт🐾,9,Твій затишний путівник світом протестантизму✝️  Мурчимо про теологію✨️  95 тез про лютеранство на лапках🐾  Sola Fide. Sola Gratia. І трохи котячої благодаті📚  Підтримати канал: https://send.monobank.ua/jar/8Siozkibyz
defendrerome,channel,Habemus Papam,10,Pour la défense de la papauté
parresiacatolica,channel,parresiacatolica,3,
spbteamprokino,group,Съёмочный центр Санкт-Петербурга,4760,"Работники кино, кинопроизводство, работа в кино, киноиндустрия Санкт-Петербурга. Администрация группы @MrTsofnas Мы тут дружим и работаем на любимой работе✌️ https://t.me/SPbTeamProKino"
sabrinacrpnt,channel,sabrina carpenter news,1576,★ твой любимый новостной фан-паблик по любимой сабрине карпентер. 💋 start: 25.01.25  вп/реклама и т.д :: @infobrina  по рекламе/сотрудничество: @monblazex архив медиа :: @scnmusic буст :: https://t.me/boost/sabrinacrpnt
kalpanirbita,channel,kalpa.nirbita! 🌸,483,"ㅤㅤㅤㅤㅤㅤㅤㅤㅤㅤㅤㅤㅤ ㅤㅤtempat di mana 𝒌𝒂𝒓𝒚𝒂 ㅤㅤ𝒃𝒆𝒓𝒎𝒆𝒌𝒂𝒓𝒂𝒏 dan pertemuan  ㅤㅤbermula. singgah di ㅤ   @nirbittabot untuk pemesanan,  ㅤㅤatau @ocheriebot untuk ㅤㅤbertukar mutual. hadir ㅤㅤsetiap hari, 06.00–22.00 WIB. 🌸💧 ㅤㅤㅤㅤㅤㅤㅤㅤㅤㅤㅤㅤㅤ"
caleb244_conf,channel,▷ Caleb244 DAILY&CF,298,Cr: @ Zxny_43
hi_lanix,channel,🍺✨🥞Приключения Бамблби🥞✨🍺,88,"Речь не о трансформерах, просто кликуха такая"
ladsua,channel,Love and deepspace | UA,82,
kera_kommishki_heh,channel,🌱Художники арт-клуба🌱,76,База исполнителей-учеников Керы @Kerashishka
hehebebra,channel,Кухня,50,Пока без описания((
heleboire,channel,: HELEBOIRE ⠻,44,"CW // TW :    ࣭࣭࣭࣭࣭࣭ ㅤ𓉳ु.. goodness doesn’t vanish—it fades slowly, like the last light in ⏜᷼.⚰️ a room where love used to live. ᛝ 🪮 @SaintHearthBot, results at : @verreinsamt       ╚════◄░░░░░░►════╝ •"
keimbi,channel,кеймби,36,"мяу мяууу мяу мяу рисую по разным фд!!! в одно время могу зациклиться на каком-то одном, а потом вернуться к другому!!!"
calestiaress,channel,‧₊ ᵎᵎ 🍒 𝓐rchive 𝓒alestia ‧₊ 𐙚,18,
nyam_niam,channel,Кухня16+,36,☆ Предупреждение: [ЛГБТ][OCxCANON][Всякая хрень] За мью и колабой обращаться в лс: @KarT0r
calebsirlpartner,channel,⋮⋮ ׁ 𝑨𝒅𝒂𝒑𝒕𝒆𝒓 . ۫ ꣑ৎ .,6,малебы канон
wins94_pb,channel,ׁ 𔔁 ꪝꪱꪀઽ⁹⁴ 𝂅ׄ . ۫‌,11,Кᴀнᴀᴧ ᴨᴩинᴀдᴧᴇжиᴛ ᴄᴇᴛᴋᴇ: @PerfectBranchNET Cr ᴀʙы: @VITIGA_14
milkandlemon,channel,Money game,2,
taazexpress,channel,Taaz Express,4,"Taaz Express is a digital news platform delivering trustworthy stories in business, entertenment, automobiles, and more."
mira_1203,channel,shopeela_uz 🎌,3,
koleksiyongrup,group,Trendyol Koleksiyon Grubu,3,"Trendyol, #SüperİndirimGünleri kampanyasına özel paylaş kazan kampanya kapsamında 8-11 Kasım 2021 tarihleri arasında koleksiyon oluşturup 25 arkadaşıyla paylaşıp kaydettirenlere 25 TL Trendyol cüzdan kuponu hediye verecek."
onebtc_one_3,group,ONEBTC_ONE3,69,
rdpsector,channel,#𝘈𝘚𝘛𝘙𝘖𝘕>3,95,.
conf3oh3,channel,3OH!3 CONFESSION!!,24,
flamingoartschooluz,group,FLAMINGO ART SCHOOL,762,Школа музыки и искусств для взрослых и детей    ☎️+998930085088 ☎️+998932169979
biogeravand,channel,بیوگراوند,14742,گروه آموزشی بیوگراوند  ⭕️ مدیر و موسس : امیررضا گراوند   ➕ دانشجوی پزشکی کرمانشاه  ➕ حائز درصد 94 زیست کنکور ➕️ طراح سابق سوالات زیست شناسی قلم چی ➕ طراح و گزینشگر انحصاری آزمون‌های زیست بیوگراوند  فاقد هرگونه تبلیغ و تبادل 🎭  وب‌سایت:  BioGeravand.ir
tivarxonline,channel,تیوارکسTIVARX🇫🇷,581,نماینده انحصاری تیوارکس در ایران ✅ضمانت تیوارکس سرویس لوازم خانگی‌و‌برقی  سایت: Www.Tivarx.co Www.Tivarx.ir سایت خدمات: Tivarxservice.com پیج اینستاگرام👇🏼 https://instagram.com/tivarxonlin‌e
shabihpardazan,channel,Shabihpardazan,273,https://www.shabihpardazan.com شرکت شبیه پردازان-نمایندگی انحصاری نرم افزار AnyLogic در   ایران
iric_tajhiz,channel,irictajhiz.com,23,
rahpooyan_bihoshi,channel,رشته بیهوشی_رهپویان شریف,341,"✅""مجری تخصصی مجری طرح های نوین آمادگی آزمون های ارتقا و بورد تخصصی""  ☎️ 021 - 66908000  🌐 www.drsharif.org  🏢 تهران - خیابان فاطمی غربی - نبش جمالزاده - روبروی دژبان مرکز ارتش - پلاک ۲۷۴  ارتباط با ما👇 🆔 @rahpouyansharif"
alizadetabatabaei,channel,دکتر سید محمود علیزاده طباطبایی,187,کانال رسمی دکتر سید محمود علیزاده طباطبایی
am1rbekshops,channel,Murodov shop kanal 🇺🇿,4035,— eFootball olamiga xush kelibsiz! Bu yerda • ak reklama berish tekin  . Bermoqchi bolganla lic yozin   OWNER'S 👇🏼  @EF_AM1RBEK     Donat: @EF_AM1RBEK Shop: @murodov_shop_kanal
undergroudunit1,channel,Unity88,270,"Ми - за сильну націю, за здорову мораль! Зустріч у Львові обо відправка по НП"
sliishu_zov,channel,Слышу ZOV🇷🇺,248,"Добровольная гуманитарная помощь военнослужащим РФ и участникам СВО🇷🇺 Помощь тактическими аптечками, медициной🚑 И не только😉  5469980471644019 💳Сбербанк  Евгения Андреевна Ж.  Ссылка на канал: https://t.me/+b4bCgq1kz8ZiZTIy"
fritz_morgen,channel,fritzmorgen,299,
zenithwaver,channel,Zenith Wave.,36,
vzenite_chat,group,#вЗените_чат,1776,
jngku,channel,Zenith,660,
etocarton,channel,это же просто картон | настольный клуб Gateway,468,"тг про настолки, анонсы игротек / by @kiririlll  «зря вы считаете игры глупыми, в них возможно что угодно»"
ihatetesera,channel,Французский картон,265,"Ah shit, here we go again."
crumpledcardboard,channel,Т А Н Я,268,"Привет! Я Таня, и сначала я тут мяла картон, а теперь вообще готова смять всё-что угодно!  На этом канале вы найдёте мои 3D-модели, проекты и эксперименты.  Обязательно напиши сюда @Horseshake,  если у тебя есть идеи!"
kartonrias,channel,картонки рии🐰,128,hello 🙌🏻 вся информация в закрепе ! личные сообщения - @KAARIIKS начало : 14.08.2025
kartonmili,channel,ᰍ⊹ картонки мили ᡣ𐭩 ๑,97,
kartonvivi,channel,vivi,85,
intellect_oquvmarkazi,channel,Intellect LC | Bekobod o'quv markazi,526,🎓 Intellect O‘quv Markazi 📚 Kelajak sari ilk qadam!  Impossible is I'm possible  📞 Telefon: (+99890) 926-96-46 https://t.me/+Wq_NCrgFbK4yMGM6  📲 𝗔𝗹𝗼𝗾𝗮: @intellectadmin
jewsha,channel,йёша,40,qq
cheshobe,channel,чешо,21,
ellichkadashka,channel,блог дашуши🍙🧋,37,всьо шо побажаю
serayshna,channel,Ⲕⲉⲕⲁ |,10,
monikishao,channel,.. 🪷Mơŉïƙíṣ̌ĥå . 𐙚 ˚,10,
shodiya_husenovnaaa,group,Чат SHODIYA HUSENOVNA it,415,
demagogmagazine,channel,Демагог,916,"Демагог — независимый журнал о культуре.   С 2020 года мы пишем на самые сложные темы, отражающие наше время.   Наш сайт: https://demagog.me/ Бот для связи: @demagog_mag_bot Поддержать журнал: https://demagog.me/about/donate"
ukrainerussianow,channel,NEWSウクライナ現地から,184,ウクライナのニュースをウクライナ・ロシア語から日本語訳して流しています。あくまでウクライナ側のみの目線ですのでご了承ください。私のロシア語は完璧ではなく、ボランティアですので間違いがあった場合はごめんなさい。
d3athcertific4te,channel,𝙄n𝑓𝒪.,167,𑁭ᰍ     ៸៸   ᜔ ᤐ૭rk ྀི૭ᥙꞎ ֹ ᭡        仇      @Nevv3r лс для моих снежков.  https://t.me/Rezultatiii резы с интер.
isyoig,channel,𝙄𝙎𝙔,31,
velvetgamess,channel,"Интерактивы "" velvet flood""",9,
ugarni_kaban,channel,несмешные мемы,27,
archxtko,channel,arch,2,
bugungibolalar,channel,"Bolalar, bolalar...🙇‍♂",11,"Bolalik – bu katta bo‘lishga tayyorgarlik emas, bu hayotning eng go‘zal davri. Bu kanalda biz bolaning ko‘zi bilan dunyoga qarashni va ularni baxtli qilishni o‘rganamiz"
geografiyadanonlinetest1,group,GEOGRAFIYADAN ONLINE OLIMPIADALAR | RASMIY GURUH,26,Geografiyadan Online Olimpiadalar kanali rasmiy muhokama guruhi  O'zaro bir-birimizni hurmat qilish.  Chat mumkin emas❌
jahongir_abdullayev,channel,Mulohaza 🧠,587,Psixolog Jahongir Abdullayev blogi.
jahongir_mamatqodirov,channel,Jahongir Mamatqodirov,291,"Ushbu blogni faoliyatim davomida olgan tajribalarim va oz bo'lsada to'plagan bilimlarimni ulashish uchun ochdim.  Zero, foydali va manfaatli bo'ladi degan umiddaman."
jahongirmahmudov2,channel,Jahongir Mahmudov | Live Cover,91,🗣️Biz qayttdik: 🎸 Gitarada jonli coverlar 🔥 Trend qo‘shiqlarning yangi versiyalari 😂 Zamonaviy kulgili ijrolarni ko‘rasiz  Obuna bo‘lib qo‘llab-quvvatlang! Eng zo‘r coverlar hali oldinda 😉
jahongir_juraqulov,channel,Jahongir Juraqulov | BLOG,135,Bog'lanish uchun: @jahongirjuraqulov
jahongir_atajanovs,channel,Jahongir Otajonov | Расмий Конал,23,
jahongir_math_olympiad,channel,Jahongir Tursunboyev's Math Olympiad,192,Har xil yosh toifasidagi O'quvchi va O'qituvchilar uchun ochilgan kanal.Faqat matematika savollarini muhokama qilamiz.
hakim77701,channel,ХАКИМ 777 МИНИ,2953,
hakim_centre,channel,"Центр исцеления ""ХАКИМ""",328,"🔥Поможем, когда по-старому уже не можешь, а новое еще не пришло.  Программы выхода из кризиса, гармонизации отношений и обретения опоры для женщин   ❤️‍🔥Ваши Аврора и Артём Захаровы"
hakiscalp,channel,Haki,1902,
protcivcomunefi,channel,ProtCivComuneFi,437,Canale Telegram della Protezione Civile del Comune di Firenze
kanteventkp,channel,Кант Лекторий КП,427,"Проект по офлайн встречам, показам кино и просто общению с известными ребятами. Место проведения - амфитеатр 960 на курорте Красная Поляна. Вход бесплатный, необходима регистрация."
pcbassavaldicecina,channel,Protezione Civile Bassavaldicecina,376,"Notizie dalla P.C. Intercomunale ""Bassavaldicecina""  - www.pcbassavaldicecina.it - TWITTER @cesipcrosignano FB Centro Intercomunale Bassa Val di Cecina - https://www.facebook.com/procivBassavaldiCecina"
juntapenyes_santjoan,channel,Junta Penyes Cristo de la Paz,45,
ustazprocentre,channel,UstazPRO,196,USTAZ PRO Білім беру орталығы  Қазақстанда мұғалімдерге дамытуға арналған ең жақсы мүмкіндіктер 🇰🇿👩‍🏫🧑🏻‍🏫  Лучшие возможности для роста учителей в Казахстане📚🇰🇿
developmental,channel,مسیر توسعه,33,
fastitupdates,channel,Fast IT Updates,24,"Біз бағдарламалау, киберқауіпсіздік және технологияның басқа салаларында дағдыларыңызды дамытуға көмектесетін жаңалықтар, пайдалы кеңестер мен ресурстарды, соның ішінде кітаптарды бөлісеміз. IT әлемінде бірге үйреніп, бірге өсу үшін қосылыңыз!"
games_from_pin,channel,Games from PIN,836,
oiyn1,channel,#1 ТЕГІН қазақша ойындар сторис/лента,544,Сториске арналған  ТЕГІН ДАЙЫН ҚАЗАҚША  ОЙЫНДАР ШАБЛОНДАР АНИМАЦИЯ
oranget_events,channel,OrangeT афиша мероприятий,233,Ссылка на чатик для общения: https://t.me/+gfQd-XdMtqAxNWYy  ВК: https://vk.ru/oranget_events
igraton_news,channel,ИГРАТОН,163,Соревнование-хакатон по разработке игр за 24 часа.  Регистрация в понедельник! Для участия каждому в команде нужен QR код.  QR код на Игратон можно добыть в боте @DMM2024_bot
igrhod_itmm,channel,Игротека «ХОД»,177,"Настольные игры любого жанра, сладкие перерывы, захватывающие турниры и ценные призы — это и многое другое ждёт тебя на Игротеке «ХОД»!"
semeynydom,channel,Семейный дом. Уличные игры,43,"Семейный дом - это жизненное пространство для семьи, для общения с  единомышленниками, для развития практических  задач https://vk.com/semeynydom  Организуем тематические  встречи в вашем городе.  Возрождение уличных и дворовых игр https://vk.com/igrauliz"
alsu_kurbanova_zoopsyholog,channel,Зоожиза глазами зоопсихолога для собак из Казани,106,"Изучаю собак 🦮,чтобы говорить на одном языке  @ALSU_KURBANOVA85"
obraz_games,channel,ОБРАЗ - образовательные игры,19,"ОБРАЗ — игры в образовании. Мы придумываем, тестируем и обсуждаем игровые подходы к обучению - как взрослых, так и детей. Мы рады всем, кто хочет доносить смыслы через игру."
f4alphaloveandpeace,channel,mensiz🤍/FANFIK POV 🫶🏻,22,"🤍 Әртүрлі жанрдағы фанфиктер, POV-тар және қызықты ойындар осы арнада! ✨ POV • Фанфик • Ойындар • Интерактив 💌 Күн сайын жаңа POV-тар, әсерлі фанфиктер және қызықты ойындар! 🫦 POV-тар мен фанфиктер әлеміне қош келдіңіз! 🤍 Түрлі ойындар мен қызықты кон"
mykolaivskaoblrada,channel,PIN UP KZ 🇰🇿 ПИН АП казино Казахстан,17,"PIN UP Казахстан 🇰🇿 - 4 мыңнан астам автоматтар мен басқа да құмар ойындар, адал Алгоритмдер, шотты толтыру және ақшаны алу жеңілдігі! Күн сайын бонустар мен джекпоттар!"
games_dk_blog,channel,Games-DK,8,
atgamegames,channel,Atgame,2,https://atgame.games/login
strklu,channel,Клубничка🍓,24,Порисульки
y3bk111,channel,Мейбибой,22,"Биты, хуйня,хуйнты,йоууу"
fankshiarthouse,channel,♡ fankshi Art house ♡,18,"ХУДОЖНИК МИЛЫХ И ПРИКОЛЬНЫХ ФУРРЕЙ[редко появляются]  -Пр тут может быть очень много щп чем рисунков да -так же скидываю ирл творчество или же поделки     НЕ РИСУЮ; запрещенную лексику  пдф,инцесты и тд  [12+]"
ree_paper,channel,Портной и чуть-чуть художник,8,"Ну, типа, рисую, но развиваюсь в этом крайне медленно. И вот почему…"
anmax03,channel,An-Max 💕 🎧️,508,
jnkski,channel,Ali Janak,599,
zz1p666,channel,Архивы Пу,120,"Группа лучшего стримера и музыканта, а также самого честного и неподкупного эрекционера!"
holginykarakyli,channel,🪄Хольгин альбом ｡⁠*ﾟ SHINES *⁠.⁠✧,106,"Альбом рисунков, фотоальбом и альбом песен (в основном чужих, просто переведённых мной). ДВИЖЕМСЯ  ССЫЛКА НА ВСЕ ССЫЛКИ: https://t.me/HolgaHub"
horomi4646,channel,ксюха | хапни вялого джунджурика,77,я поссал на обе стороны
julillsolo,channel,👙kaerin,69,мой архив https://t.me/+ls5t7ukig2YyYmJi
rchattae,channel,Chattae Review,55,Seu melhor canal de Review de Músicas aqui no Telegram.   ☆ Suporte: @CRSac_Bot ☆ Chat: @ChattaeR
taxidermyclub,channel,taxidermy,15,лс по всем вопросам - @malllwhore
divan_already,channel,Диван чай,28,
aktionpedagogprof,channel,Актион. Педагог PROF,607,"Академия Ресурсы образования теперь в мобильном формате! Делимся новостями в сфере дошкольного образования, советами экспертов, полезными ресурсами для воспитателей. Обсуждаем сложные ситуации, ищем решения, общаемся с коллегами. Присоединяйтесь!"
infoshitkrd,channel,Краснодар и Край. Новости,1886,➡️Пригласительные ссылка для своих https://t.me/+DfGXxivSvTw3MjQy  Статистика канала здесь  ➡️ https://t.me/+lzNFyOeXzM9jNzFi  Купить рекламу➡️ : @gasanoff_vugar https://telega.in/channels/infoshitkrd/card
rsdbns,channel,МОСКВА ТЕАТР АКЦИИ КОНЦЕРТЫ СКИДКИ,1835,МОСКВА  ✔️Бесплатные пригласительные  ✔️Скидки до 90%  ✔️Акции и розыгрыши    ✔️Экскурсии   Горячая линия: 88005119727 Реклама: https://t.me/PRTEATR_bot Сотрудничество: @cultguruadmin  Скидки в Петербурге👉🏻https://t.me/rsdbonus
dsi_mayapur,channel,День святого имени в Экадаши,456,Пригласительные ссылка в канал https://t.me/DSI_Mayapur
belkacontent,channel,Алеся Белка | графический дизайн,328,"🪄Я Алеся-ваш дизайнер  🪄Метрика/постеры/картины/визитки/логотип/пригласительные/открытки и вообще все, что душе угодно  🪄Инфографика для соц.сетей   📧Файлы высылаются в электронном виде  📲Связь: @alesyabelochka"
moskvafree,group,По Москве бесплатно,214,"Здесь будут бесплатные мероприятия, выставки, презентации, показы, концерты, бизнес-форумы, спорт, конференции, обучение, услуги, развлечения. А также будут промокоды, пригласительные для бесплатных проходов на мероприятия.  VK: https://m.vk.com/anonsimos"
puhistieposidelki,channel,📢обявления посиделок📢,25,
studiokorni,channel,Студия КОРНИ,84,"Окрашивания и стрижки любой сложности Перманентный макияж Ламинирование бровей и ресниц Эластомерная депиляция Аппаратный маникюр и педикюр  г. Москва, м. Некрасовка, ул. Ухтомского Ополчения, д.8  Мой канал: @delay_po_krasote  Сумки: @takoibolshenet_shop"
se_korneev,channel,Сергей Корнеев,430,Председатель Комитета по развитию туризма Санкт-Петербурга
gersonpubgm,channel,GERSON PubgM,494,contact: @pmgerson7
znauznau,channel,"Знаю,знаю...Наши дети",46,Канал как путеводитель для родителей.Бери и применяй.Много полезной информации о гармоничном развитии ваших детей .
s_lubovyu_o_detyah,channel,С любовью о детях,102,"Привет, я Юля-жена, мама двух погодок: сыночка и лапочки дочки. Здесь я рассказываю о том, как наслаждаться материнством, искать вдохновение в декретных буднях, чтобы с лаской, теплотой и любовью относиться к детям❤️ @Klinova_Julia"
samsikpedagog,channel,🎓SAMSIK.PEDAGOG🎓,42498,Самсонычева Анастасия Александровна - учитель из солнечного Краснодара🏝  📚Наглядные пособия для начальной школы 📝Прописи 📒Рабочие тетради/листы #WN1W1  Регистрация в РКН: https://clck.ru/3FfVHr  По вопросам рекламы @Natashaa_gu
emptiness_ph,channel,/emptiness.,108,"Снимаю тех, кто не согласен на клише Для связи по любым вопросам: https://t.me/emptiness_ph?direct портфолио — https://www.behance.net/emptinessphoto"
institut_toporova22,channel,🎓АИРО,627,Алтайский институт развития образования им.А.М.Топорова. Интересно для учителей и родителей.
research_psychologiy,channel,روانشناسی پژوهشی,41,@Viewpsicology
ladno_project,channel,Антон Ольховик и Ladno Project,4139,"Злой клинический психолог, по науке снимаю венец безбрачия и социофобию, приворожу уверенность в себе, воссоединение семьи (и сопровождение развода с нарциссом), верну любимого себя, расклады на метафорических картах,    Личные сообщения: @clinic_cynic"
nastyaaa_proremont,channel,Настя Trashy,1270,"Развелась после 17 лет жёсткого абьюза. Воспитываю одна трёх дочек и сама ремонтирую родительский дом, в который мы переехали после развода. Создаю декор на заказ"
ne_razvod_advokati,channel,Не_Развод / Адвокаты по семейным делам,185,"Адвокаты по семейным делам  Все о бракоразводных процессах, разделе имущества и определении порядка общения с детьми.  Не_Развод — канал, который поможет вам выйти из любой ситуации без потерь.  Запись на консультацию: +7(928)121-43-66 Ольга"
tasamayabbzhena,channel,Та самая бывшая жена,538,История одного абьюза. Внутрянка жизни и развода с психопатом  Админу на витамины: 2200152966898127 Альфа Банк
julia_krugal,channel,Юлия Кругаль | Женский наставник по отношениям,627,"Я вышла из сценария «удобной женщины» и учу этому тебя. После 35, после развода, после боли.  Разбираю сценарии, возвращаю тебя к себе.👇 Начни с закрепа. Напиши «СТАРТ» — чек-лист."
dogmathandling,group,ДогМат,1547,"Команда ДогМат — это сплочённый коллектив единомышленников, объединённых общей целью: работать и развивать как собак, готовя их к выставкам и физической активности, так и людей, повышая их знания в области кинологии."
toffer_doggo_portal,channel,$DOGGO Portal,64,
pepe_murino,channel,ПэПэ гостевой чат!,170,Лайфстайл гастробар из Мурино! От смузи и безглютеновых вафель до хот догов и крафта! 8(966)9259409
uzum_hotdog,channel,🌭Сахарный домик 16+,88,"Дом королевы вкусных хот-догов и долго рисующие арты , остальное в щп!!"
mrdogecommunity,group,MrDoge Official - Launch on 27th 19:00 UTC,85,
poodogechain,channel,PooDoge All-In-One Trading Tool on Dogechain,74,Ultimate all-in-one meme trading utility! Track/Trade your tokens/NFT's!   PooDoge.app docs.PooDoge.app @PooDogeChain - Portal @BoolishOfficial - CRO dapp
dogs5556,channel,Проверенные Проэкты,23,
goofydogeofficial,group,GoofyDoge,61,✅ AirDrop in pin message
fallen_leavs_draw,channel,РЕСТ НА НЕОПРЕДЕЛЁННЫЙ СРОК /Культ хот-догов 🌭,45,"Хоп нанинай, хоп нанинай  Вся информация в закрепе (не забыть добавить, инфо)  Добр пожаловать, здесь страшно очень 😭 пока  Могут присутствовать щп и нсф контент, все чисто на вашей совести"
pocketdoge,group,Pocket Official,31,The old home for Pocket Doge - the new portal to Pocket. Please join us over on our main channel t.me/pocketllc
sosisochnaya_spb,channel,Сосисочная 🌭,13,"Готовим хот-доги, корн-доги и сезонные напитки 😎  Нас можно встретить на различных фестивалях и маркетах Санкт-Петербурга, яркое меню и оригинальный вкус наших хот-догов являются отличительной чертой бренда.  https://www.instagram.com/_sosisochnaya_?igsh="
ogdoge,channel,OG Doge - Base,4,
ultradoge,group,UltraDoge,9,Hold Ultradoge and receive 10% Dogecoin rewards!! Dogecoins ugliest bastard brother with a purpose - Meme scene infiltration
liilv_55,channel,𝟖,1829,صدر المري خانته سُود الايام .
beluginisapozhki,channel,What's up beluga?,1366,"Туц туц туц⭐️  Для заказов, сотрудничества и прочего: @belugadmin  Портфолио: @beguginkartinka"
marianna_biokosmetika,channel,Марианна Биокосметика,2439,"Новости ООО НПФ Марианна. 🌺 Рициниолы, ProBio - косметика для тех, кто читает состав. Чат для обратной связи, заказов листовок, пробников и прочего. 💖🤗💖"
aliceandcats,channel,Alice in Shitpostland,1730,"По поводу рекламы, вп и всего прочего пишите в сообщения группе Там же можно предложить свой мем"
inlumitalle,channel,LUMITALLE INSIDE,504,по поводу рекламы и прочего - @inLumitalle_bot
reference_audio_analyzer,channel,RAA,385,Измерения наушников и прочего персонального аудио
paartttttt11,channel,♡,103,"𝑨 𝒑𝒂𝒓𝒕 𝒐𝒇 𝒎𝒆, 𝒍𝒆𝒇𝒕 𝒊𝒏 𝒘𝒐𝒓𝒅𝒔♡"
turboaffiliates,channel,2rbo Affiliates,77,"Accelerate Your Revenue⚡️ 🔥 7 brands 😍 5 licenses 🤝 CPA, Hybrid, RevShare www.2rbo.com"
okean_v_butylke,channel,Океан в бутылке,2025,"🔸о ресурсе в любой жизненной ж. и не ж.  🔸о живучести, витальности и силе духа - в такой разной жизни.   Канал Марьяны Голубевой (некогда Олейник).   Никогда не сомневайтесь в жизни в себе. 🧡"
sonki_borr,channel,Софья | В ресурсе,618,Хочешь дышать полной грудью и иметь 100% заряд бодрости каждое утро?  Я проводник в ресурс через анти-нутрициологию.  Заряжу твою батарейку и проведу в ресурсное состояние🔥самой короткой дорогой. Не врач.  Вопросы? Сразу пиши мне: @sonki_bor
youth_gagauziya,channel,Youth. GE | Возможности для молодежи Гагаузии,465,🌐Вся информация о возможностях для молодежи Гагаузии в одном ресурсе !
m4wnxcheat,channel,Free Fire cheat ios,1321,This is my new channel specializing in sharing Android and iPhone files & I hope you will support me so we can reach 2k members. Owner: @m4wwnn1
firstflame0,channel,Flame,348,
spitfire_fan_chanal,channel,⚡️ Spitfire ⚡️,60,Вп 30+   Приветствую вас в канале про Спитфайр! Тут будут картинки и всякое разное с ней  Владелец - @raspberry_tea456 Голосование - https://t.me/boost/Spitfire_fan_chanal
saltyccattnipp,channel,ccattnipp,1116,я рисую картинки щитпост канал: https://t.me/+ZX8QL2m6iRNkMzky
aishprictattoo,channel,Ai.shpric,318,"Творчество, тату, стрит арт По всем интересующим вопросам вопросам пишите @aishpric"
garfieldshitpostarena,channel,Kitty's designated shitposting channel,189,Please redeem my café au lait
spegore,channel,сп егора,356,экстаз и смерть
scatter88official,group,SCATTER88 OFFICIAL,478,
sanctamariia,channel,Маша Цинтрийская,239,"Маша Цинтрийская - это я. А это мой канал. Вы можете читать его, если вам интересна я, как я бомблю, косплею косплеи, играю в игры и вообще живу. Ну или можете не читать✌🏻 Twitch: https://www.twitch.tv/sanctamariia"
srtlif,channel,𝒮 𝙀𝘼 ℛ 𝙊𝙐𝙏𝙀 ℒ 𝙄𝙁𝙀,44,𝑰𝑵𝑭𝑶: @SRTinf  По всем вопросам к @ABD11245
stirbanposting2,channel,stirbanposting: black ops,55,LGBT: Liquori Grattini Bar Tabacchi
spicyempire,channel,Sᴘɪᴄʏ Eᴍᴘɪʀᴇ Cᴏᴜɴᴄɪʟ,49,🛜 𝗡𝗲𝘁𝘄𝗼𝗿𝗸 🛜 ☞ 𝗦𝗨𝗣𝗣𝗢𝗥𝗧 @SpicyEmpireSupport ☞ 𝗙𝗕𝗔𝗡  @SpicyEmpireFban ☞ 𝗟𝗼𝗴𝘀 @Logs_Gban ▬▬▬▬▬▬▬▬▬▬
show_s_t,channel,Шоу Самарского Трумана,23,"Товарищи Коллекционеры,приветствую вас в моем телеграмм канале где я буду делиться своим хобби,и своей жизнью."
sadpabo,channel,a sad pabo diaries,82,Suicidal ideation and death threats  Might be gay at times (homophobia is encouraged tho) documenting my life at its worst and best by yapping.  THEM  http://t.me/HidenChat_Bot?start=1339069181
sp4wnbl0g,channel,Bʀᴏᴋ3ɴ sᴘ4ᴠɴ ʙʟᴏɢ!!,78,"Ⲃⲉⲗυⲕυύ ⲥⲡⲁⲃⲏ ⲥⲏυⳅⲟύⲇⲉⲧ ⲇⲟ ⲧⲉⳝя, ⲡⲩⲧⲏυⲕ..."
spichkifm,channel,spichkifm,22,
ca11ypso_prod,channel,[Склеп],67,Вести ____________  По всем вопросам обращаться @ca11ypso
sptlfest,channel,SPOTLIGHT: Festivais,17,
mirageoffi,channel,Мираж,53,
theycallmespiderman,channel,𝗦𝗣𝗜𝗗𝗘𝗥 𝗩𝗘𝗥𝗦𝗘,50,Playlist
spbvefire,channel,Сегодня в эфире: Петербург,16,Сегодня в эфире: Петербург — всё важное о городе в одном месте.  https://www.newsefir.net/spb
oskfiwnrisnfie,channel,Пожарный гидрант,41,"Нууу эээ я тут рисую, вот"
spirext,channel,SpireX Official Group,8,
zagotovki_temljakovki,channel,🌶 Заготовки из Темляковки,63,Без хлопот готовим для друзей
nilomilored,channel,𝙽𝚒𝚕𝚘𝚖𝚒𝚕𝚘,85,★Магазинчик кролика Рена★ × Игрушки × Брелки × Сумки × Украшения × Куклы ★Для каждого сердца своё маленькое создание★ По всем вопросам и оформить заказ -> @anettaren
beznasadka_kyiv_ua,channel,Безмотилка в Україні - Риболовля Безнасадка,116,"Перший та єдиний в Україні спеціалізований магазин Безмотилки - https://beznasadka.kyiv.ua/ це безмотилка, кивки для безмотилки,зимові вудки ручної роботи,купити вудку для безмотилки, handmade вудка для безмотилки,мормишки безмотильні,безмотилка Україна"
jlanku1,channel,🐾Лапки🐾,71,"Канал для творческого саморазвития. Лепим, рисуем, развлекаемся, улыбаемся. Автор канала: @BoJlkoJluc"
toyda_tails,channel,Toyda_tails,53,"Здесь будет много красивого, обещаю! Гамаки, лежаки, домики для крыс - обязательно всё будет.   Мне больно, но я учусь жить по-новому. И я буду создавать, несмотря ни на что. И Память о Пашке будет жить со мной..   🔸связь со мной: @daily_basic"
hammock_pro,channel,"Про гамак, походы, путешествия и остальное",36,"Про походы и путешествия с гамаком. Как настроить гамак, и как сделать гамак самому. Все про гамаки, и не только, вы можете узнать, также, в нашем чате - https://t.me/pro_hammock #гамак #походы #путешествия #hammock #gamaki"
cineruchat,group,SL LAK TECH (E MONEY SUCCESS),2774,
crichat_eng,group,CRYPTO INTERNATIONAL OFFICIAL CHAT GROUP [English],715,Official Chat Group for English
ccfchat,group,ccFOUND Chat,1156,Beta version of platform is up and running! Check it out on ccfound.com  🇵🇱 - https://t.me/ccfoundpolskachat
ckdchat,group,Жизнь вопреки ХПН Chat,959,"Правила чата:  1)Споры на религиозные и политические темы запрещены. За нарушение-бан. 2)Оскорбления, использование обсценной лексики запрещены. За нарушения - бан. 3) Публикация изображений и видео эротического  характера запрещена. За нарушение - бан."
convoy_russia,group,Convoy of Freedom⚡️Конвой свободы,114,"Конвой свободы, сила в единстве!  А также: ТОС Аффидевиты Живой Человек Паспорт, гражданство, путешествия. Обсуждаем выход из под оккупации и правового беспредела. SPAM📛"
oztruckstocanberra,group,2022 Official Convoy to Revoking Consent Terra Australis,7528,All official notifications of events will be on our radio station: 📻 www.convoytocanberraradio.com/ FB: https://www.facebook.com/groups/668840997572090/?ref=share
gotobrusselslogisticstruckers,channel,GOTO Brussels Logistics Freedom Convoy,270,
swedenconvoychat,group,🇸🇪 Official Sweden convoy 2020 (public) - (Exposing the truth) 🇸🇪,43,"Our group has been attacked again along with our members. The deep state has tried to silence us 8th of March and 12th of April(but not oficially.)They are just throwing out ""subtile threats"" and we are not afraid to expose the freemasons running the show"
freedomconvoyaustria2022,group,FREEDOM CONVOY AUSTRIA (Info Kanal),757,FREEDOM CONVOY TO VIENNA - Info Kanal
convoy255,channel,🔥 бункер у Lio Convoy'я ( Prime) 🔥,47,"Честно я пока что хз что писать Может в будущем придумаю что В этом канале я буду выставлять всякий контент по Трансформерам,сливы,тизеры,спойлеры,концепт арты,трейлеры и др. Также здесь будет контент по Пять ночей с Фрэдди и Неуязвимый (уже нет)"
gldshtpm,channel,👺「ГШМ」 (смт. Круків Яр 🇺🇦 в минулому),350,Офіційний канал селища Круків Яр
neyrobudushcheye_olgabainova,channel,НейроДетство - Будущее начинается здесь 🤍,132,Онлайн по всему миру / офлайн — Москва 📩 Запись на диагностику или консультацию          ☎️  +79160162428
voronezhstudio_career,channel,Вакансии АСВ,714,Контакт для отправки портфолио: coordination@voronezh.studio  Новостной канал студии: https://t.me/voronezhanimationstudio  Сайт студии: https://www.voronezh.studio/
chat_english_cairo,group,"Tegara English Cairo 2021""Chat""",164,
cairo_ls_support,group,Cairo Language Server - Support,115,Support Group for Cairo’s Language Server
cairosexchat,channel,"18+ 🇪🇬🇷🇺 Каир, Секс чат для взрослых: знакомства для секса в Каире!",103,"🔥💘 🍾Знакомства, встречи, доска объявлений для тех, кто отдыхает, или проживает в Каире!  ❤️ Ссылка для друзей:  https://t.me/+yIZza0AHsKY1NjYx"
capetocairo,group,Cape to Cairo Chat,21,Dissident Right
massali_cairo,channel,MASSALI_CAIRO Женская одежда,281,"https://wa.me/+79287166598 нахожусь в Египте ))цены зависят от валюты ,и с учетом доставки …отправки в месяц 1-2 раза будут . Опт от 5 платьев )"
life_in_cairo_2,channel,Жизнь студента в Каире,281,Жизнь студента в Египте ( Каир )
cairoerc,channel,$CAIRO The Alpha Dog,92,"Cairo the dog is a fearless warrior who played a pivotal role in the capture of Osama bin Laden. Now he has claimed the title of ""The Alpha of Dog Meme Coins!"""
nhgx_vst4lo2zmy0,channel,MF showroom Cairo,1692,Мы работаем с 13 00 до 20 00
sncorestars,group,Starknet Cairo Core Stars,1972,tech only. no yaps.   Ecosystem chat is here:  https://t.me/+ZQa6kE_E9rIxNjc0  Need to talk to SW/SNF/the ecosystem? Go here: https://docs.google.com/spreadsheets/d/1wBLSThejEi12TW5505k9ZnMGUzzc0Fiy3wp5DrdIgJo/edit?gid=0#gid=0
cairofinanceenglish_chat,group,CAIRO FINANCE - Community,74,
usmbuddy,group,Universiti Sains Malaysia International students,177,
global_sumud_chile,channel,Global Sumud Chile,28,"Información de Flotilla Global Sumud, Nodo Chile"
mpiro23,channel,ЦНППМ Краснодарского края,817,"Центр непрерывного повышения профессионального мастерства педагогических работников ГБОУ ИРО Краснодарского края делится новостями и полезными ссылками для педагогических работников и управленческих кадров края. Контакты: 8(861)203-62-02, mp@iro23.ru"
mku_cmihokrylovsky,channel,"МКУ ""Центр методического и хозяйственного обеспечения МОО""",111,Информационно - новостной канал о работе методического центра
ayuntamientoalcaladeljucar,channel,Ayuntamiento Alcalá del Júcar,36,Información Oficial del Ayuntamiento de Alcalá del Júcar
smfc_korkino,channel,Коркинский Семейный МФЦ,56,"✅ помощь семьям с детьми и беременным женщинам в режиме «одного окна»;  ✅поиск решений по выходу из различных жизненных ситуаций;  ✅бесплатное психологическое, юридическое, педагогическое, социально Мы в ВК https://vk.com/korkino_smfc"
umcrd,channel,"ГКОУ РД ""УМЦ по ГО и ЧС """,149,Учебный центр МЧС Дагестана
nuovospirit,channel,NUOVO SPIRIT,136,Unique & exceptional alcoholic drinks from various corners of the world  Tel/Whatsapp +79163437960 www.nuovospirit.com
nuovocineteatroaurora,channel,Nuovo Cineteatro Aurora,670,Anche su Telegram tutti gli aggiornamenti sulla programmazione del Nuovo Cineteatro Aurora a Modica 💙  Clicca qui per gli aggiornamenti sul Cinema Italia di Scicli: https://t.me/NuovoCineteatroItalia
oratoriomarzorati,channel,Oratorio Marzorati-Varese,193,Notizie riguardanti l’Oratorio della Comunità Pastorale Beato Samuele Marzorati - VARESE
divinooficio,channel,Divino Ofício,91,Ofício Monástico Esquema B simplificado para oração. Acione as notificações para ser alertado dos horários. Mapa: bit.ly/oficiob
drugayazhiznmoo,channel,Другая Жизнь,253,"Канал Межрегиональной общественной организации «Другая жизнь».  О заболеваниях, связанных с неконтролируемой активацией комплемента.  VK: vk.com/mooanotherlife MAX: max.ru/id7726485319_biz  ☎️ ГОРЯЧАЯ ЛИНИЯ: 8 (800) 600-17-13 [по будням с 10 до 17 МСК]"
boumh_umh,channel,BOUMH,418,Canal oficial del BOUMH de la Universidad Miguel Hernández de Elche
oratoriostezzano,channel,Oratorio Stezzano,119,News e avvisi dalla Parrocchia di Stezzano
chiesadinapoli,channel,Chiesa di Napoli,213,Canale ufficiale dell'Arcidiocesi di Napoli
infopositorespmmadrid,channel,Opositores Policía Local y Municipal CCOO-PM Madrid canal,346,
coordinamentogiovaninoguerra,group,Coordinamento Giovani Contro La Nato,227,"È fissato un incontro pubblico per la giornata di sabato 8 luglio a Firenze, al circolo Campino, per coordinare i gruppi di giovani contro la guerra della Nato."
fcsanpaulo,channel,San-paulo,384,Ивантеевские Бразильцы 🇧🇷
noticias_defortaleza,channel,Notícias de Fortaleza,123,"Página oficial ""Notícias de Fortaleza""  ""Nos esforçamos para ser úteis""  Notícias, fotos, hotéis, programação, clima e muito mais."
centr1980,channel,Центр 1980,58,"Центр физического совершенствования 1980 — место, где спорт и здоровье становятся частью счастливой жизни.   Направления: ОФП, бокс, функциональное восстановление, диагностика, массаж, ортопедические стельки.  Подробности: https://19-80.ru/ 8(861)211-67"
fsgoleador,channel,Голеадор • Футбольная школа для детей СПб,374,Занятия по футболу для детей от 3 до 12 Пробное занятие: https://fsgoleador.com/ Администратор: +7 (812) 912-55-26  @FS_GOLEADOR
combatabsolutcrimea,channel,Федерация полноконтактного боя Республики Крым,162,РФСОО ФПБ РК
sfpah,group,SF Bay Area Puppy Chat [SFW],429,Who's a good puppy!? You are!  This is an 18+ Safe for Work (SFW) space where we share exciting events & activities happening throughout the Bay Area for Human Puppy enthusiasts like you!
associazionedicentra,channel,Associazione Dicentra (APS),8100,Liberi seguaci del Neonaturalesimo©
associazione_tradizione_fujente,group,Associazione Tradizione Fujente,946,"Associazione Tradizione Fujente San Severo (FG) - Gruppo per divulgazione di notizie, eventi, informazioni e attività associative."
associazionerousseau,channel,Associazione Rousseau,723,
levibrazionidelsapere,channel,Le Vibrazioni del Sapere,3902,Associazione culturale www.levibrazionidelsapere.it
associazionelink,channel,LINKLAB,203,Notizie dall'associazione Link
associazioneinsieme,channel,Insieme ...a te ❤️,212,Riflessioni ed esperienze per la tua crescita personale www.associazione-insieme.org
aschierarsi,channel,Schierarsi,2398,Canale ufficiale dell’associazione Schierarsi ⬇️ www.associazioneschierarsi.it
associazionebeneficacardano,channel,Associazione Benefica Sordoparlanti G. Cardano,206,"È una Associazione Storica, nata il 1 dicembre 1874 a Milano, per volontà di assistenza dei sordi milanesi."
ondavitale,channel,Onda Vitale Associazione,1886,CONOSCERE PER ESSERE LIBERI DI SCEGLIERE
ccvmilanonews,channel,CCV Milano news,684,Informazioni dal Comitato di Coordinamento del Volontariato di Protezione Civile della Città metropolitana di Milano
colegioestepar,channel,COLEGIO ESTEPAR,647,Colegio de educación infantil y primaria de Castellón.
tuteladirittosoggettivo,channel,Tutela Diritto Soggettivo,4862,Consulenze in ambito di Diritto Amministrativo e Privacy
infoesodatisuperbonus,channel,Esodati del Superbonus (canale informativo 110% bonus edilizi cessione crediti fiscali),490,"Canale informativo dell’Associazione Nazionale Esodati del Superbonus per la tutela di committenti, imprese e tecnici e per lo sblocco della cessione del credito fiscale. Rimani sempre aggiornato! Unisciti a noi! Più siamo più pesiamo!"
concorsopubblicosicilia,group,Concorsi Regione Siciliana 2026 - Funzionari,1826,Gruppo dedicato ai Concorsi Regione Siciliana per Funzionari (laureati) indetti il 23/12/2025.
sila_novosti,channel,СиЛА | Новости,192,
ciclismecat,channel,CiclismeCat,324,Canal oficial de la Federació Catalana de Ciclisme
rppfootball,channel,Сборная «РПП» по футболу,67,Футбольная команда «РПП»   Кафедра рационального природопользования 🍀
fulltaekwondoiftf,channel,"کانال رسمی ""فول تکواندو IFTF"" کشور",10,"کانال رسمی ""فول تکواندو IFTF"" کشور ارتباط با ادمین : @FullTaekwondo ایمیل : FULL_Tekwando.IFTF@yahoo.com"
formazioneitalianamassaggi,channel,Formazione Italiana Massaggi,693,
regionemarchelavfor,channel,Regione Marche Lavoro e Formazione,1580,Il canale Lavoro e Formazione della Regione Marche è uno spazio social dedicato alla promozione delle offerte di lavoro più interessanti disponibili presso i 13 Centri per l'Impiego della Regione
formazionedanzarte,channel,Formazione Danzarte Genova asd,120,"Scuola di Danza corsi per tutte le età Favola in danza®️ danza classica,contemporanea, moderna,hip hop,di carattere,swing,Masterstretch,sbarra a terra,A.R.P.D La danza nel cuore della città"
bitcoinconmaury,group,Bitcoin & Cripto con Maury,1331,Discutiamo sul mondo crypto con una particolare attenzione alla formazione. www.bitcoinconmaury.it
corsienfap,channel,Corsi Enfap Marche,823,Corsi di formazione gratuiti in partenza
v_cofe,channel,وی کافه 🌱,59,حرفی،سخنی... https://t.me/HarfinoBot?start=9ca9dc3ef3e59af
blacksapphirecookieconfession,channel,◞ 𝐛𝐥𝐚𝐜𝐤 𝘴𝘢𝘱𝘱𝘩𝘪𝘳𝘦 𝘤𝘰o͟͟k͟͟i͟͟e͟͟ 𝓬𝓯,72,
ilovezom,channel,#ЗОМ || Здоровый Образ Мыслей!,44,"Разберись в особенностях мышления и начни уже создавать жизнь, от которой кайфуешь!   На канале: польза о мозге, мыслях, материализации мыслей, энергии, интуиции + мемы и смешнявки из жизни  По всем вопросам: @artemzom"
ldofl5me,channel,L.D0 FL5ME,29,название читается как «лудо флейм» оформление: @iihsohk https://youtube.com/@ldoflame?si=ezmuE2qC0_-1pPAs
hellorussianpeople,channel,Просто и без вкуса.,11,
zuffposting,channel,Zuffposting | 🇮🇹,14,"Roba che vedo in giro e quando non ho niente da fare, principalmente roba su Twitter e bsky"
zelgorodsanatoriy,channel,"💚Санаторий ""Зелёный город""💚",200,Живите с лёгким сердцем!
astrobuba,channel,AstroBuba,331,"✨ AstroBuba Канал черной кошки Бубы, дочери денницы, повелительницы Хаоса. Буба Утренняя звезда следит за планетами из-под пледа и выдаёт свои царапки. Астрология с ушами, хвостом и лёгким презрением к хаосу. Подписывайся, а то - Царап!"
recavamedia,channel,РЕКАВА,571,"Медиа про всё, что двигает вперёд: тело, голову, привычки.  ЗОЖ-тренды, полезные находки и вдохновляющие практики со всего мира. Читаем, обсуждаем, пробуем — без фанатизма, но с интересом."
pp_rassvet_kaliningrad,channel,Рассвет @ Калининград,157,Региональное отделение Калининградской области Российской политической партии «Рассвет». За мирную справедливую Россию легальными способами!
rsbor_gatchina,channel,РазДельный Сбор Гатчина,167,"Мы — группа активистов, заинтересованных в налаживании системы раздельного сбора отходов (РСО) в Гатчине. Наша цель - обратить внимание горожан, что уже сегодня возможно обращаться со своими отходами цивилизованно."
tatiana_culture,channel,Татьянинское содружество,148,"Татьянинское творческое содружество — проект Домового храма святой мученицы Татианы при МГУ @tatiana_msu  Концерты, выставки, лекции и многое другое."
tatiana_tia,channel,"• TatiAna • там, где свет 🎶",209,"Мир искусства, репетиции, закулисье, размышления о творчестве и жизни на пути к мечте✨  https://vk.com/tatiana_tia"
tatiana_senatchina,channel,⚜️🗝⚜️ ПРАКТИЧЕСКАЯ МАНТИКА,2042,Астрология и мантика senatchina @tatiana_senatchina ю-т
tatianaderiabina,channel,Sunshine 🌞 ✨✨,5674,My artworks and news here
tatiana_navka,channel,Tatiana Navka Unofficial,278,tatiana_navka
tatiana_guzun,channel,Татьяна Гузун | Стоматология,521,Полезности для детских стоматологов ➡️  🔹 Разбор сложных клинических случаев 🔹 Советы по контакту с пациентом 🔹 Лайфхаки и фишки для приема   🔷 10 лет опыта работы с детьми и подростками  Для связи — @Dr_GUZUN
tatiana_mangana,channel,Татьяна Кручиневская ☯️,344,"Здесь о системной работе с внутренними конфликтами - это корень состояния и результатов. MCC ICF, cert. PW психолог, психотравматолог. Инст @tatiana_mangana  👩🏻‍🎓 «Психодинамический pw коучинг» - проф. переподготовка для коучей и психологов"
crypto_mastermind_official,channel,Crypto Mastermind,1120,Welcome To The [ Crypto Mastermind ] Family In This Channel You Will Find 🔎  👉Crypto Airdrops 👉Best Online Earning Ways 👉Free Earning App & Website   ☎️ Contact : @VANRAJ_KALIYA
rtairdrops,channel,RT Airdrops (New Airdrops for Crypocurrency),720,"Get out! Damn Scammer! !  Please be a kind person!  Disclaimer: We only recommend that you participate in free airdrops, please avoid spending any penny.  Official website: https://airdrops.rockztricks.com/  Support contact: @RTairdropsBot"
raidsharkstrending,channel,RaidSharks Trending,809,
speedtra_com,channel,SpeedTra Official,264,صفحه رسمی اسپیدترا|تراوین ایرانی speedtra.com speedtra.ir - انجمن اسپیدترا : forum.speedtra.com - صفحه ی اینستاگرام اسپیدترا : Speedtra_Com  🔰🔰🔰
postalerts,channel,Dollarbill's Dog Pound,31,The official feed for Dollarbill dev updates.
cryptorangersnews,channel,Crypto Rangers News,68,Welcome To Crypto Rangers  Our Aim is to Introduce The Crypto Projects Whole over The World  Group : @CryptoRangers_Chat Twitter : https://twitter.com/CryptoRangers0  For Proposals DM - @MODI_110  #BNB #SOL #POLYGON #MATIC
raco_news,channel,RACO NEWS,68,"Hi, I’m Raco  The most crazy memecoin in existent   https://x.com/raco_sol"
rxdradiantmining,group,RXD Radiant,46,This is a group for talking about different areas related to RXD Radiant
btcnews_com,channel,BTCNews.com,7,Embrace the Orange Pill - https://www.btcnews.com
ooo_geo_wektor,channel,ООО «ГеоВектор»,10,🔸Все виды инженерных изысканий 🔸Гарантия качества выполненных работ  🔸Полное соответствие производимых работ действующей нормативной документации
infogempaid,channel,INFO GEMPA ID,8,"INFO BENCANA ALAM GEMPA BUMI , TSUNAMI, ERUPSI , DLL"
geoforbot,bot,geofor_news,,
model_magnitka,channel,Ищу модель Магнитогорск,1507,"Подпишись и будь в курсе актуальных услуг, акций, предложений.  Ссылка для друга - https://t.me/+SCbBJ2zrhHNiNTMy  По всем вопросам: @EvushkaVa 💌  Ссылка на стоимость размещения рекламы - https://t.me/prais_Magnitka"
geomantin_stephanie,channel,Geomantin Stephanie,25,Geomantische Harmonisierung und Kraftplatzgestaltung
otdohnika,channel,Отдых и туризм | ПУТЕШЕСТВИЯ,142,Познавательный канал про удивительные места нашей планеты!  Всё про туризм по всему миру! Путешествуйте с нами!  #туризм #путешествие #туры #travel #мир   А еще у нас есть группа ВК 👇  https://vk.com/worldsfortravel  ❗️Реклама и ВП -  @Podrezov_am
info_world_maps,channel,Мировая статистика 🌍,26,Визуализация глобальных данных и тенденций  🗺️ | Карты 📊 | Данные 🏛️ | Политика 💰 | Экономика
lemondevokrugsveta,channel,Le Monde_Вокруг света,39,Дневник путешествий. Автор: Халиль Аминов. Общение: vokrugsvetatelega@gmail.com
grany77,channel,Грани Мира,16,"""Мир многогранен - есть точки рассвета! 🌅 И точки заката! 🌇 Не нами придуман, и мир невозврата! 😮‍💨 Так сложно и просто, и Мир многогранен... 🌍✨ Ликуй же, Философ! 🤩 От проблеска знаний! 💡 #МирМногогранен #Философия #Знание"""
alemmayapictures,channel,ዓለም ማያ,13,ይህ የዓለም ማያ የቴሌግራም ገፅ ነው። በዚህ ገፅ ላይ ከዓለም ዙሪያ የተሰበሰቡ አስደናቂ ታሪኮች ይቀርቡበታል።
countryfactss,channel,ИфоСМ,4,
rawrboooy11,channel,rawrboooy [new],239,
bymalanka,channel,𝑏𝑦 𝑚𝑎𝑙𝑎𝑛𝑘𝑎,138,
crazyyyyyyme,channel,K0МА,124,
konteiner_pro,channel,переходник космо челики,47,
ohimesama_cosplay,channel,ohimesama переходник,39,сюда подписываться не надо
pomyikfva,channel,помийквфа,32,мій канал йоу
pupok_0k,channel,архив пупка!🍽,18,"ВОЗМОЖЕН ШОКИРУЮЩИЙ КОНТЕНТ🚨 вступайте на свой страх и риск, я не несу ответственность за вашу психику (я на самом деле няшка и рисую милые вещи!!!) анонимка: t.me/anonaskbot?start=908356061 лс: @meowmistake"
karolinaamino,channel,Karolina Hentai,3,
satlanim321,channel,satlanim321,2,
ckamface,channel,Я,1,
englworlds,channel,English World,4304,Прайс/Реклама: @PrideMediaTG  Для связи: @prestige046
tunekteer,channel,𝑻𝒖𝒏𝒆𝒌 | 𝒇𝒂𝒏𝒇𝒊𝒄𝒕𝒊𝒐𝒏 🌑°,167,"Сәлем, жарық әлем! Сендермен бірге — Түнек фанфик арнасы. Менің, жоқ, біздің әлемге қош келдің! Сені мұнда керемет фанфиктер мен повтар күтеді. Әр q-pop жанрындағы әншілермен байланысты түрлі фанфиктер оқығың келеді ме? Онда мен сені күттім! ✨"
hwhorizontworld,channel,HorizontWorld,11,Aufklärung mit Perspektiven
worldsru,channel,Новости мира путешествий worlds.ru,4,"Новости со всего мира, петешествия и шутки"
world_for_life_bot,bot,World for life (bot),,Усредненная информация по уровню жизни в разных уголках мира
worldunitebot,bot,WorldUnite!,,"We offer volunteering, internships, Working Holidays and educational programs worldwide."
erker_chat,group,erker Chat,329,Крупнейший чат по Баки. Общение
neue_erde_yoga,channel,🐝🍄 Ɲєuє єR𝕯є ♾️ YOGA 🪙,513,"Hier im Kanal findet ihr grundlegende Infos rund um das Thema YOGA,  Ein Projekt von @neue_erde."
erkebullll,channel,fléche,140,
botschfter_der_phys_leben_erde,channel,Botschafter der physisch lebendigen Erde,219,Botschaften der Erde zu Leben in Harmonie bedingungsloser Resonanz in achtsamer Liebe
kreeediks,channel,kreediks 🖤,120,EK team EK family forever<3 Анон Нюты: https://t.me/anonimnye_smss_bot?start=5651659655 Анон админа Вероники: https://t.me/anonimnye_smss_bot?start=5389094233 По всем вопросикам сюда; @NutaProskaa Помощь каналу: https://t.me/boost/kreedikss Начало 14.02.2
fkr_eske_mekabr_movie,channel,ፍቅር እስከ መቃብር,128,
vyslushat,channel,Выслушать,759,Культурно-просветительский проект  Сайт: http://vyslushat.tilda.ws Инста*: https://clck.ru/3P7EDH  Для связи: @gordienko_evgeniy  *принадлежит запрещённой в РФ компании Meta.
ukrainetrefferlangen,channel,🇺🇦Ukraine Treff Erlangen,827,🇺🇦Український Центр Ерланген
verish_lab,channel,Verish в Музыку,340,Через Музыку к Себе.  Insta: https://www.instagram.com/sasha_verish  Обратная связь: @Sasha_Verish
nayavu_irkutsk,channel,Образование в Иркутске,370,Образование в Иркутске
dshiershov,channel,ДШИ г. Ершов,280,Приветствуем Вас на нашем телеграмм канале!
elesha_and_books,channel,Мир и книги глазами Елеши 🤎,190,
er_asha,channel,ЕДИНАЯ РОССИЯ АШИНСКОГО РАЙОНА,45,
dramaandbaza,channel,драма энд база,112,"я Лера, и я перевожу лучше гугла (а еще делаю классные мероприятия)"
ekatparktrail,channel,Парковая тропа Екатеринбурга,104,Пеший кольцевой маршрут по лесным паркам вокруг Екатеринбурга
aviacheapsearch,channel,Cheap Avia Search,90,Чат поиска дешевых билетов из Москвы. Бесплатно работает в тестовом режиме.
kotobormot63,channel,Детские экскурсии с Котом-Обормотом|Самара|Тольятти,105,"💥Экскурсии по Самаре, Самарской области и городам России на автобусах и поездах организованными группами 💥Пешеходные экскурсии 💥Походы 💥Мастер-классы для детских садов, школ 💥Выпускные  💥Организация мероприятий  💥День рождения 8-937-070-88-58"
ra_travel,channel,Ra Travel - турагентство впечатлений,126,Ваш проводник к интересным приключениям!
siriustour,channel,Сириус Тур Путешествия мечты,104,👋Меня зовут Светлана и я Ваш личный турагент  ♦️ подберу и организую лучший тур любой сложности в соответствии с вашими пожеланиями и возможностями ♦️ только индивидуальный подход к каждому путешественнику 📞на связи 24/7 +7 963 366 0625
harshholidaysmumbai,channel,Harsh Holidays - Travel With Expert 👍,83,Destination Information - New Offers - Best Deals - New Arrivals - Travel Experience and More
nurobod_tuman_kengashi,channel,Xalq deputatlari Nurobod tumani Kengashi,310,VII chaqiriq Xalq deputatlari Nurobod tumani Kengashining Telegramdagi rasmiy sahifasi  https://kengash.gov.uz/uz/nurobod https://fb.com/NurobodtumaniKengashi  Taklif va murojaatlar uchun: @Nurobod_tuman_Kengashi_bot
issadesignvip,channel,ISSADESIGN VIP CHANNEL,187,ҰСЫНЫСТАР БОЙЫНША: @issaazamat
additionvpn,channel,Addition VPN,2655,Bot: @Additionvpn3_bot Support: @AdditionSupport
additionalopportunitysmp,channel,➳❖➳ Additional Opportunity SMP ➳❖➳,97,
abhijithvp_addional,channel,Reindeer creation HD status quality,531,ROMANTIC W🌎RLD  H😵T Night Vibes 🌿 Couples Love Videos🌹  😇Full Screen HD Status 🎶 Cross  @loveheralt   ♥Love | Failure 💔 🚶Alone | Long Distance 😢 👬 Friendship | Girls Bestie 👭   - 4k HD Whatsapp Status 🎥  Tamil Malayalam tulugu Kannada Hindi
sizo_additional_info,channel,С.І.З.О. - Додаткова Інформація 👁,56,Додаткова інформація про сутностей Додаткова інформація про рівні Додаткова інформація про С.І.З.О. Додаткова інформація про персонажів Додаткова інформація про об'єкти Звертатись до: @Guest_Etienne Наш ютуб-канал: https://www.youtube.com/@sizo_official
annastraditional2,channel,Annas art,388,Вы можете поддержать меня на бусти https://boosty.to/annasanya или Хипо  https://hipolink.net/annas2222
simaowl18,channel,SimaOwl,460,Alternative channel for donations and additional content
pydelliopip,channel,Великий Пудель I,705,Я буду просто тут показывать свою пудельскую жизнь 🐩 и мини игры  Анон -  http://t.me/anonaskbot?start=corb7 Буст-https://t.me/boost/pydelliopip Чат - https://t.me/pydepipopopp ! За отписку не даю бан !   Юз владельца канала - @TruePear66699
pirelli_center,channel,PIRELLI CENTER | PRO TYRE CENTER,115,• Официальный дилер PIRELLI • PIRELLI PERFORMANCE CENTER  👇🏻 Записаться на шиномонтаж: https://protyrecenter.ru/post/
jvmusergroup,channel,jvmusergroup,376,
freedmrusergroup,group,FreeDMR Network Users Group,403,The FreeDMR users group is for info and help with any FreeDMR issues you might have that the community can help you with. This is a friendly group with a positive atmosphere. Please DO NOT post Adverts or For Sale type posts.
transnousergroup,group,Transno,376,"Transno - Outlines, Notes, Mind Maps"
sethergroup,group,setherplatform,460,Sether blockchain platform
nutra_guru,group,nutra_guru,289,
usnewscom_group,group,🇺🇸 U.S-NEWS.COM - Join Today - the news group,898,Knowledge is Power / Real News is Key https://u-s-news.com
cislink_dts,channel,СИСЛИНК ДТС,54,"25 лет автоматизируем передачу данных в цепочке продаж. Сбор и обработка данных о продажах, остатках, торговых точках и работе полевого персонала в FMCG, DIY, CE, фарме и других отраслях ー ежедневная проверенная информация для роста вашего бизнеса."
marycohr_russia,channel,MARY COHR Россия,286,"MARY COHR — ведущий бренд премиальной французской косметики для салонов красоты, эстетических клиник и домашнего ухода   Официальный интернет–магазин:  mary-cohr.store  Официальный сайт дистрибьютера: mary-cohr.ru  По вопросам @marycohradmin  ry-104738800"
hrproductownersclub,channel,HR Product Owners Club/ Владимир Оглоблин,186,"HR Product Owner, 20 лет в HR (HRD в Sollers, ТехноНИКОЛЬ, EMEX), к.с.н., курсы в РАНХиГС  О том, как осознанно и системно создавать и продавать HR-продукты, нужные бизнесу.  🎓 HR Курс → stepik.org/users/942321056/teach HR Менторинг и сессии→ @vogloblin"
interacoustics,channel,Аудиометры Interacoustics 🌐,104,Официальный канал дистрибьютера аудиометров Interacoustics в России  ▶️ Сайт: https://interacoustic.su/  ▶️ ВКонтакте:  https://vk.com/interacoustics  📞 8-800-500-02-15
alphageo_support,group,АльфаГЕОчат 💬,580,"Геодезическое оборудование AlphaGEO в России 🇷🇺 Здесь можно обсудить работу оборудования и ПО SurPro6.0 , а также задать интересующие вопросы📝  Официальный сайт: alphageo.ru Основной канал: @Alpha_GEO YouTube-канал: youtube.com/@Alpha_GEO"
geotechsintez_bot,bot,Геотехсинтез,,Компания «Геотехсинтез» – производитель материалов и разработчик технологий для укрепления грунтов.
globalgeosint_zavod_bot,bot,Глобалгеосинт Завод геосинтетики,,
geosmchat_bot,bot,GeoSM,,
zuraborubaeva,channel,ЭНЕРГОКОУЧ// ЗУРА БОРУБАЕВА,688,"✅ Благодаря этому каналу люди быстро растут в доходах, выстраивают классные отношения, увеличить энергию и запустить ее на реализацию желаний и целей  ✅Подписывайся, здесь много интересного  ✳️ Связь со мной: @B_zura"
davletovaam03,channel,Алина Давлетова | Коуч,510,"Энергокоуч, коуч, основатель женского клуба  Со мной девушки  — Становятся уверенными, легкими, богатыми   — Находят и выстраивают гармоничные отношения своей мечты  — Идут в масштаб, начинают проявляться и зарабатывать стабильно💸  @davletovaam"
temporal_intelligence,channel,Темпоральный интеллект,293,"О том, как люди понимают время и выстраивают с ним отношения.  Автор @Igor_Voznesenskiy — корпоративный антрополог, эксперт по развитию темпорального интеллекта и отношениям со временем в организациях.  👉 www.ИгорьВознесенский.рф"
yarkocthizni,channel,"Наталья Зубова, система вместо хаоса✨️",298,"Женский коуч, бизнес-тренер, организатор Магических путешествий на Алтай🏔  Собираю хаос в систему (в жизни и бизнесе)  Мои клиенты обретают уверенность в себе, выстраивают стратегии, открывают бизнесы, живут яркой жизнью.  Связь со мной @Natalli_zubova"
weareworkin,channel,Workin,73,"Welcome to Workin! Here at Workin, we share resources that will help better working lives! From job opportunities to network, subscribe if you wish to stay up to date to opportunities and resources.   Check out weareworkin.co for more information of us!"
social_cord,channel,Social | Твой мир общения❤️‍🩹,208,Проект закрыт ❤️‍🩹  Social — Твой мир нового общения 🫶 Общение  Канал о разработке - https://t.me/social_dev
ankoverum,group,"АНКО ""ВЕРУМ"" | Иркутск",386,"Вещевая помощь нуждающимся с 2020 года Помогаем семьям, пенсионерам, людям в трудной ситуации Пункт выдачи: ул. Тимирязева, 26"
istokiotsovstva,channel,Фонд «Истоки»,245,Фонд реализует программу  «Ты не один» – адресная помощь неполным отцовским семьям в трудной жизненной ситуации
antitoshamadout2,channel,MadOut2 | ANTITOSHA,2240,"Официальный канал блогера AntiTosha +  ℹ️ уникальный ресурс для игроков MadOut2, где собраны необходимые материалы для создания впечатляющего контента в игре.  🆗Связаться с владельцем: @toshanti"
bookssfi,channel,Книги СФИ,396,Книжный магазин https://books.sfi.ru/  🕊Книжный мир 🕊  Доставка 🌍  Электронные книги 📚 Аудиокниги 🎧
te6xwfl736flowji,channel,ЛПИ-филиал СФУ: Абитуриенту,115,
nasairscoutteam,channel,Nationwide Air Scout,19124,​လေ​ကြောင်းရန် ကြိုတင်သတိ​ပေး သတင်းများကို တင်ဆက်​ပေး​နေပါသည်။ သတင်း​ပေးပို့/မေးမြန်းရန် t.me/infonas t.me/nasairscout_bot  https://www.facebook.com/share/1AqGKzvamU/  Branch - 𝐑𝐚𝐝𝐢𝐨 𝐍𝐀𝐒 (​တော်လှန်လမ်း)  https://t.me/RadioNAS_the_way_of_Revolution
federal_line,channel,NATO | 🇪🇺,158,hello @durov This group does not violate  Telegram rules.  привет @durov Этот канал следует правилам Telegram ―――――――――――― Director by : general
natycrypto,group,Natyk Crypto Chat,1740,🔥 TG: https://t.me/+xeb9ELJ1_h04MzRi  🔥 Youtube: https://www.youtube.com/@natykcrypto
nato_exercises,channel,NATO_EXE,7,
dcmoveon,channel,Move On Dance Center,747,"Dance Center Move On Школа-студия танцев Направления: Hip Hop, Jazz Funk, Dancehall, Twerk, Vogue, Stretching, K-pop, групповые занятия для детей от 4х лет Групповые и индивидуальные занятия Чемпионы по Украине команды «5s crew” и «Babol Kidz crew»"
koi_brand,channel,koi.aesthetics,136,"Спортивная одежда, вдохновлённая природой 🌿  https://koiaesthetics.ru  Собственное производство   📍 СПб: Y7; FORMA   Доставка по РФ   Для заказа: @koi_aesthetics"
sovershennayabybarinova,channel,SovershennayaByBarinova,50,
chozabretta_telekovna,channel,Чозабретта,359,
veternadya,channel,🖤ТВОЙ НЕЙРОZ🖤,33,"ТВОЙ НЕЙРОZ — генератор сингулярности.  В центре — твои амбиции. Вокруг — промты, создающие гравитацию."
aigramnksbot,bot,Nano Banano | Veo 3 | Kling,,Создай видео или фото в топовых нейронках 😍
chat_gpt_world_bot,bot,ALL NEIRO | CHATGPT 4 | MIDJOURNEY НЕЙРОСЕТЬ GROK,,Первый бесплатный ChatGPT 🤖 По вопросам: @Open_Ai_gpt Реклама: @Open_Ai_gpt @Timab007 @Spiral_Yuri
neiroaiphotobot,bot,Nano Banano AI 🍌 Оживить Фотографию,,
coptertime,channel,CopterTime / КоптерТайм,3754,CopterTime.ru - магазин квадрокоптеров и подводных дронов - КоптерТайм.  Купить @coptertime_official Починить @coptertime_service Новости YouTube - https://youtube.com/@CopterTime https://vk.com/coptertime Реклама в канале: https://telega.in/c/CopterTime
cryptoooprime,channel,کریپتو پرایم|امیر شوشتریان,1845,ثبت نام رایگان در کانال سیگنال 👇🏻 https://t.me/cryptooprimebot  اینجا هر هفته رایگان برات سبدچینی میکنم 🎁 اخبار و تحلیل بازارکریپتو و فارکس🥇 معرفی رایگان فرصت ارزهای پامپی📈 📌ارتباط با پشتیبانی👇🏻 @Amircryptosupport
krame_family_kochubey,channel,Студия КРАМЕ коррекция фигуры и красоты,225,"С нами узнаешь:  - как навсегда избавиться от волосиков в не нужном месте и вернуть свой вес, в котором чувствуешь себя комфортно  (с) семья Кочубей"
cosenzaprime,channel,Cosenza Prime,122,Offerte e Volantini negozi e Supermercati Cosenza e provincia. www.cosenzaprime.it
prime_up,channel,Prime UP,259,Лучшие автомобили!  Минимальная стоимость!  Кратчайшие сроки!  YouTube - https://www.youtube.com/@PrimeUPs/videos Instagram -https://www.instagram.com/primeup.cars/reels/ VK - https://vk.ru/clip-230883813_456239024?c=1 TikTok - https://www.tiktok.com/@.pr
prime_cf,channel,𝙊𝙥𝙩𝙞𝙢𝙪𝙨 𝙥𝙧𝙞𝙢𝙚 𝘾𝙤𝙣𝙛𝙚𝙨𝙨𝙞𝙤𝙣,72,
butovo_cosmetolog,channel,БОНАФЕЙС🎆пространство эстетики,172,
adabiyyatsevanlar,channel,ادبیات سئونلر,3095,بوکانال ادبیات سئونلر قوروپونون سئچیلمیش اثرلری دیر  کانالدا کی یازیلاری کانالین لینکینی وئرمک شرطی ایله پایلاشماق اولار.
tbdedit,channel,𝘚𝘦𝘭𝘦𝘯𝘰𝘱𝘩𝘪𝘭𝘦🌓᭝,462,«خونــه ی امــ‌‌ن برای اسـماعیـل و فادیـمه داسـتانمونـــ🌱» Isfad için: @TbdEditbot OrEl için: @orelhoubibot
ordavi,group,ORDAVI,12,
neanimator_tilegos,channel,NeAnimator_tilegos,446,🚽  Ссылки на меня: https://taplink.cc/neanimator_tilegos
tgjogo_fortune_tiger,channel,Robô Fortune Tiger grátis - TGJOGO,110,"Receba previsões de jogadas para Fortune Tiger na plataforma tgjogo com nosso robô de sinais. Nossos algoritmos aprimorados aumentam a precisão ao longo do tempo, proporcionando insights valiosos para suas partidas!"
santgeoph,channel,Santgeo Photo,273,"Мой канальчик Бэки, фотосеты, анонсы и прочая и прочая. Будет и 18+ контент, так что аккуратно  ЛС @Santgeorgfromrivia  Ссылочки: https://santgeo.com/ - сайт, портфолио, цены  https://x.com/GeraPhot - тви  https://www.instagram.com/santgeoph/ - инст"
targ_o,channel,Targ/0's stuff (16+),145,que? que quien soy yo? 🗽
sinais_tg_jogo,channel,SINAIS PARA JOGOS DE CASSINO 🛰,80,"Seja bem vindo a central de nosso sinalzinhos para os modos de jogo no site da TGJOGO e SSSGAME, com eles tento ajudar ao maximo todos a tirar uma graninha de graça, tem a explicação de como funciona nas mensagens fixadas em cada grupo!"
jogo_do_tigre1,channel,Fortune Tiger🇵🇹,47,"Rejoignez notre chaîne de télégrammes dédiée à la passionnante machine à sous Fortune Tigeri ! Découvrez le monde passionnant de la culture chinoise ancienne, des gains incroyables et des tours bonus passionnants.   https://jogo-do-tigre-br.com/"
sinais_sssgame,channel,Grupo de Sinais,58,"Sinais exclusivos para a TGJOGO E SSSGAME, com nossos sistemas operando perfeitamente com grandes taxas de acerto!"
grapieblog,channel,Зачем,48,Здесь что-то есть. Иногда картинки ворую. Связь @RealGrapie
vileoru,group,Vileo RU,13,https://vileo.org/about.html
tigresstl,channel,Тигресс,28,Рабочий акк - @Tigress_DreamWorksTL
duchyoftargem,channel,Новости из 💙🔹Таргема🔹💙,15,Ну короче канал Таргемского Герцогства
tiiago_camargo,channel,Tiago Camargo,2,"""Ensino pessoas comuns a ganharem R$ 10 mil ou mais por mês com T.I., mesmo começando do absoluto do ZERO.""  Canal com informações relevantes de T.I. com foco na Jornada da T.I. em 360º e Mercado de Trabalho."
tiagomendestufao,channel,Tiago Mendes,4,
tropadotigre,channel,Tropa do tigrinho 🤑🎰🎲🐯,6,Divulgação de links  Somente maior de +18 anos  Jogos de azar ganhos não são garantidos  Deixou de ser Diversão? PARE 🚫
tigrebot,bot,Marchio alias Tigre,,Tigre della Molestia
helio_tg_bot,bot,Helio,,"Если вы обнаружили ошибку, выделите её и нажмите Alt + F4.  Информация об обновлениях: @helio_news"
tiga_spin_bot,bot,TIGA Spins,,
tl_telegram_bot,bot,Tienda León,,
krokodil_33,channel,Я тигра!,2,
glebka689,channel,Глебушкинс,843,Люди пешки - Глеб орешки
taeseobcore,channel,cats theoseob - ( 테쫑 ) !,300,3O.O1.25 🔓 ; coop @ssgwainf0 me @sagwaaq playlist @taeseobplaylist
tubusbaubau,channel,Тубус Бау-Бау,39,Всем добра
arbuznieappetitifotki,channel,Арбузные аппетиты,31,Выкладываю сюда фото домов и не только Подписывайтесь🍉 —————————————————- ‼РОЗЫГРЫШ АРБУЗА НА 50 ПОДПИСЧИКОВ‼ Условия - быть подписанным и жить в Москве или Подмосковье🫘 Удачи!
granata043,channel,Господин судья 💗 #ГиюШино #ТомиКочо [#Водяная_Бабочка]🌊🦋,24,Тут все возможные факты про Гию и Шинобу и не только;)
lobosex67,channel,𑀉𐌏B𐌏 𑀝𐌏𐌽FE𐍃𐍃I𐌏𐌽,24,Тейк;; @Lobo_take_snene_bot
tedigobot,bot,tedigo,,
tigersol,channel,MIKE TYSON'S TIGER $KENYA | PORTAL,1,
filebyexubot,bot,𝐅𝐈𝐋𝐄〆𝐂𝐎𝐋𝐋𝐀𝐁,,
tokitoo_muichiroobot,bot,Т᧐κᥙᴛ᧐ 𐌑уᥙчᥙρ᧐.☁️,,ничᴇᴦᴏ нᴇ ᴦᴏʙᴏᴩи. ʙᴄᴇ ᴩᴀʙнᴏ ɜᴀбуду…
vittoccardi_bbbot,bot,тейки !,,
angizeshi_traderha,channel,انگیزشی تریدرها(کانال دلی)🍷,42,🧭مطالب انگیزشی تریدرها🧭 هدف کانال انگیزشی برا #دل خودمه ، بودن یا نبودن کسی اینجا به دل خودشه.. همین @Ai_TopStrategy724 . ادمین @ProTrader_Ai @pv_ma_bot
tradlix,channel,Tradlix | Импорт из Китая 🇨🇳,10,Белый импорт из Китая для российского бизнеса  🔺 ВЭД с Китаем; 🔺 Страхование грузов;  🔺 Оформление сертификатов; 🔺 Таможенное оформление; 🔺 Упаковка и маркировка; 🔺 Организация доставки.  📨 Для связи с нами: @tradlix_support_bot
protrux,channel,ProTRUX,14,ProTRUX | Official Channel The AI-Native TMS Get started free➡️ www.protrux.com
coep_csac,channel,COEP CSAC Backup,7210,
capalliance,channel,Capital Alliance,581,"Официальный канал московской девелоперской компании Capital Alliance — совместная структура холдингов Alias Group и Capital Group, созданная для строительства и реализации проектов на рынке недвижимости.  📩 pr@capitalalliance.ru 💻 capitalalliance.ru"
carespace,channel,Care Space Channel,211,"Телеграм-пространство заботы |   Здесь можно читать, смотреть и слушать разные вещи для самоподдержки и саморазвития |   Ненасильственное общение и медиация, психотерапия и когнитивно-рациональные практики |   Подробнее: https://t.me/carespace/3"
ideeazione,channel,Idee&Azione,7088,Idee&Azione Quotidiano indipendente per trasformare il pensiero in azione.  Canale ufficiale del Movimento Internazionale Eurasiatista in Italia. www.ideeazione.com
azioneincel,channel,Azione Incel,855,"Canale ufficiale di Azione Incel, movimento socioculturale fondato il 19/07/2022.  Incel di tutta la nazione, unitevi per la rivoluzione!"
azionelatina,channel,Canale Latina in Azione,13,Qui potrai trovare tutte le nostre proposte e opere di Latina in azione!
vondsport,channel,Vond ~ Sport 🏟️,1487,"💎 @vondNetwork  ⚽️ Calcio, Tennis, Formula 1, Olimpiadi e tanto altro! Rimani aggiornato in tempo reale su tutte le competizioni più importanti. Non perdere neanche un secondo dell’azione!  💬 Per informazioni e collaborazioni: @vondNetworkChatBot"
apione_app,channel,ApiOne - Криптовалютный платежный агрегатор.,110,"Принимайте криптовалюту на своем веб-сайте и получайте оплату мгновенно, просто используя свой крипто-адрес. https://apione.app  Support @apione_app_su"
punishinggrayraven,channel,Punishing: Gray Raven Italia 🇮🇹 | News 🗞️,406,"📢 Canale News, Leak, Rumor, Fanart, Guide e Curiosità di Punishing: Gray Raven®  ℹ️ Un gioco di ruolo d'azione ultra-elegante e frenetico! RPG d'azione 3D.  👥 Gruppo Pubblico:  └ @PunishingGrayRavenITA  🌐 Network   └ @LunaeNetwork  #PunishingGrayRaven"
artcollezione,channel,Арт галерея КОЛЛЕКЦИЯ,185,Добро пожаловать на страницу Арт галереи «КОЛЛЕКЦИЯ»
siviveesimuoreognigiorno,channel,Ouroboros,383,Paradosso dell'Ouroboros: l'autodistruzione per l'auto-nutrizione. L'azione quotidiana dell'essere vivente per sopravvivere: autodistruggersi per ricreare sé stesso. Distruggere per creare.
pensiero_e_azione,channel,pensiero e azione,16,"Noi banda di scappati di casa, una minaccia!  📍 Repubblica Popolare de Ponziana"
black_clover_sub_ita_anime,channel,Black Clover,207,GENERI: #Fantasy #Magia #Shounen #Comedia #Azione
archipelcitoyen,group,Archipel Citoyen - Fil Actions,194,
strikeshopactionua,group,Strikeshop Action Kyiv,118,"Ми - Strikeshop Action – страйкбольний клуб, який має філіали в Києві, Львові та Коломиї і об`єднує страйкболістів з різних куточків України."
openmindtheawekeningofconciusnes,channel,Open Mind 🧠 Awakening of Conciousness,3191,"Cerchiamo il risveglio delle coscienze inseguendo la Verità,sempre con occhi e mente aperta ✌  Il nostro blog:👇 www.globalr-evolution.blogspot.it     Link d' invito 👇 https://t.me/joinchat/U4r7e1a0EjbGe76J"
icebergfinanza,channel,Icebergfinanza,1584,La verità è figlia del tempo!
capoeiracamp_trc4c,channel,Capoeira Camp #trc4c,789,Жизнь внутри лагеря #trc4c Москва www.capoeiracamp.ru
capoeirainteraction,channel,Pomba,198,"Про мою капоэйру, тренировки, движение и путь🕊️"
odm_krymsk,channel,ОДМ | Крымский район,454,
basseinprimorec,channel,Бассейн «Приморец»,560,🏆 Плавание 👯‍♀️ Синхронное плавание 🏃🏼‍♀️‍➡️Легкая атлетика 🥋Киокусинкай 🏊🏻‍♀️ Аквааэробика 🏋🏼 Тренажёрный зал ☕️ Кафе Работаем с 7:45 до 21:45
paritetdobro,channel,Паритет ДОБРО,175,"Благотворительный фонд ИНН 7203600084 , ОГРН 1257200017139 Тюмень, ул. 8 Марта, д. 1, помещ. 909,  +7 911-188-8000, dobro@paritet72.ru  https://добро.паритет.рф"
center_family_unity,channel,"АНО ""Центр Родительской Культуры и Единения Семьи""",166,"☀Мы - Счастливая Семья  🏆Проводим социальные и культурно-массовые мероприятия в Красной Поляне-Сочи 🫶Развиваем ""Сообщество Счастливых Семей""   💎Путешествуем и собираем ""Традиции Единения Семьи"" 🙌Делимся своим опытом ❤В Любви и Благодарности🙏"
studiyazarr,channel,"""СТУДИЯ ЗА"" ранее развитие м.Перово",136,Раннее развитие детей с 10 мес. до 7 лет
friends_center_spb,channel,Детский центр Друзья,84,"Детский и подростковый центр «ДРУЗЬЯ» (творчество, развитие, детский сад, праздники)  Адрес: Парфёновская ул., 9/2  taplink.cc/friendscenterspb"
cat_paradise,channel,⟡ 🐾 Ꮯᴀᴛ ᴩᴀrᴀdisᴇ ⛅️˖. ੭,15,⟡ 🐾˖. ੭ Ꭰᴏбᴩᴏ ᴨᴏжᴀᴧᴏʙᴀᴛь ʙ : Ꮶᴏɯᴀчий ᴩᴀй :! Здᴇᴄь ʍᴏдᴇᴧи будуᴛ ᴨᴏᴋᴀɜыʙᴀᴛь ᴄʙᴏй нᴀᴩяды.  ⟡ 🐾˖. ੭ Ᏼ ϶ᴛᴏʍ ᴋᴀнᴀᴧи будᴇᴛ инɸᴏᴩʍᴀция ᴀᴋᴀдᴇʍий <Ꮯ.Ꮲ>  ⟡ 🐾˖. ੭ Ꭰᴧя ʙᴄᴛуᴨᴧᴇния нᴀᴨиɯиᴛи дᴇᴩᴇᴋᴛᴏᴩу! @William_Wwwi  ⟡ 🐾˖. ੭ реклама удаляется через 2 дня!🐈‍⬛
itachecambia,channel,Italia Che Cambia,1825,"🚐Dal 2012, informazione e biodiversità 📣Articoli, video, podcast, annunci, formazione 🌎Piccole e grandi soluzioni per cambiare il mondo 😎E se non cambia il mondo, almeno cambi tu 🚪Voglia di community? La porta è aperta!"
laviadellenneagramma,channel,La Via dell'Enneagramma,735,Esploratori ed esploratrici in transito!   Palestra di autoconoscenza sempre aperta!!  RICHIEDI LA MAPPA GRATUITA DEL TUO ENNEAGRAMMA PERSONALE a info@laviadellenneagramma.com  VISITA IL NUOVO SITO!!  https://laviadellenneagramma.com/
campingvillagetravel,channel,Vacanze all'aria aperta by CampingVillage.Travel,430,"I migliori campeggi, villaggi e glamping d’Italia a portata di click!  Scegli tra mare, montagna, lago e collina oppure scopri le nostre raccolte tematiche di strutture per famiglie, per sportivi, con animazione e tanto altro!   www.campingvillage.travel"
simba_prooo,group,Simba_pro,222,Barattoota qofaaf!!
ravhaimcipriani,channel,"Rav Haim Cipriani e amici di Etz Haim, ebraismo senza mura",284,"Il canale di Rav Cipriani e degli amici di Etz Haim, la comunità per un ebraismo senza mura, aperta a tutti.  www.etzhaim.eu"
apered0se,channel,𝒜𝒫ℯ𝓇ℯ𝒹ℴ𝓈ℯ (культ нацуки)🧁,74,ВСТУПАЙТЕ В КУЛЬТ НАСРУКИ
apero16,group,APERo-16. 2-5.03.2023. Puŝkino,49,
clashofclanswarriors,group,Warriors,160,"🔰Warriors🔰  Community di clash of clans, aperta a tutti i clasher, che voglio divertirsi, giocare in compagnia e ricevere news su tutto il panorama di Clash of Clans ⏳ 26-02-2021"
noskovadesigner,channel,Noskovadesigner,70,Interior designer (Дизайнер интерьера)
safronovaalesiajpg,channel,SAFRONOVA.JPG,113,ФОТОГРАФ   сайт: https://alesiasafronova.ru/  Мои страницы:   • safronova.jpg • s_alesia
apervid,channel,Apervid,37,"Разработка, производство и продажа высокопрочных синтетических тросов."
rayanbadie,channel,RAYAN,1669,
readygossip,channel,READY GOSSIP,223,
adridarkparadise,channel,Dark paradise,153,پرایوت: https://t.me/+Fq-_7f-qA6dhMDQ0 ناشناسام: @Adripishi_bot https://t.me/HarfChatBot?start=a247b2076521 http://t.me/HidenChat_Bot?start=5181395709
rud444an,channel,(полурест) rud4an (⁠＾⁠3⁠＾⁠♪,36,прив это арт тгк рудчан....
dyusha_rodin,channel,АНДРЕЙ РОДИН,97,"❗️участник и создатель RyzeHouse⤴️  💬 Сотрудничество, реклама: @obfuscat_ed (уточняйте с каким блогером хотите сотрудничать)  Папка наших каналов: https://t.me/addlist/MQcmTv4KNphkMGVh"
krd_tyan,channel,Рюген Бертович 🍓,42,"Персона тысячи имён, ставшая легендой ещё при жизни, человек любви, мушкетёр разврата Викей канал: @toshl_san ЛС: @rebdoomerr"
comrayhouse,channel,Рари Кейн,30,"Офицальный тг канал Rari Kane  Для сотрудничества: raynctrnl0@gmail.com  Участник группы ""Дневная Норма"""
onlyramyeon,channel,Only Ramyeon,41,Каяна – @kayananabot Лина – @dainlinbot  🦋🐬 thanks @galaxyprojectt
reid3n,channel,Рейден пнг,17,"Арты раз в месяц, подписывайтесь"
rob1n_arellano,channel,֪ ⃟ ⃟ R⃠𝘰𝘣🄸𝖓 ` 𝐴.⊹ ֪,7,age : 17!
radianarts,channel,🍁【﻿ℝ𝕒𝕕𝕚𝕒𝕟𝕝𝕒𝕟𝕕】🍁,591,"🍂Art, pictures, gameplays and more wholesome stuff🍂  🍁SfW space only!🍁  🌾All my other socials medias: https://radianctive.carrd.co   🌾Commissions: Open!  🌾Any questions? Pm! @Radianctive"
radiant_es,group,Radiant Blockchain (Spanish),77,Canal dedicado a Radiant Blockchain en español
dbdmeet,channel,Dead by daylight MEET,56,Тейк бот — @dbdmeetbot
gmiu_iruma,channel,‹‹ Архив. ››ㅤㅤ@ 𝙈𝘪𝘶 𝙄𝘳𝘶𝘮𝘢.ㅤㅤ,109,Cr:: http://xhslink.com/o/79HbRI1ovbw (Rednote).
radiantaradi,channel,Gloom to Radiance Exchange,37,"Warning!!!  What you about to witness will disturb you. Even shock you. There is a dark side of humanity the censors won't let you see, but we will. View at your own risk.   Also much love to weevils."
radioradiant,channel,RadioRadiant UA | Радіо яскравих моментів,34,"Радіо яскравих моментів! Хіти від 90-х до сьогодення, розважальні програми та корисна інформація.  Наш сайт: radioradiant.pp.ua  Зв'язок з нами:  Телефон: +380933918824  Telegram: @RadioRadiantUA  Email: viktortroschiy@gmail.com"
wolfgangakire_hope,channel,𝑾𝒐𝒍𝒇𝒈𝒂𝒏𝒈 𝑨𝒌𝒊𝒓𝒆,75,Канал принадлежит: https://t.me/DanganHope
dailymidosara,channel,ᅠ ︎ ︎ ︎‌‌ ‌ׄ ‌ ︎ ‌‌ ♡゙ ‌ ‌𝐝𝐚𝐢𝐥𝐲 𝐦𝐢𝐝𝐨͟𝐬͟𝐚𝐫𝐚 !۫‌‌,18,︶︶ㅤ     ִ    вл𝓰 :  @midosaraᅠᅠᅠᅠᅠᅠ  ♡ᅠᅠᅠ𝓬овлд : @vinachuuo  𝂅𝁙  𝓌𝓌
madisongrace_hope,channel,⌗𝘜𝘭𝘵𝘪𝘮𝘢𝘵𝘦 𝘎𝘰𝘭𝘧𝘦𝘳,33,@danganhope .
mpinfodanheng,channel,Вп с Дань Хэном,5,
rtiposti,channel,Рт посты danganmagic,4,
infofdrd,channel,Info | FDRD,8,
hopeorotc,channel,﹫𝐻𝑂𝑃𝐸 𝑊𝑂𝑅𝐿𝐷,8,Юз влд: @Teleport11111111
teatralniekanikuli,channel,ЛАГЕРЬ «ТЕАТРАЛЬНЫЕ КАНИКУЛЫ»,249,Летняя площадка на базе театральной мастерской МАРТ п. Дагомыс.
kanikuli_v_prostokvashino,channel,🚵‍♀️ Каникулы в Простоквашино 🧗‍♀️,825,🚵‍♀️ Каникулы в Простоквашино 🧗‍♀️
sakh_holidays65,channel,⚡️САХАЛИНСКИЕ КАНИКУЛЫ,651,Туроператор на Сахалине и Курилах Организуем 5-звездочные туры!   Whats Аpp 📲 +7 984 139-09-99 Наш сайт 💚 https://sakh-holidays.ru
ziyomedkanal,channel,ZiyoMed канал,1767,подготовка медиков к Аттестациям Ссылка бота: @ziyomedbot
kaplanmedschool,channel,KaplanMed | Образование и медицина,3277,"Полезный канал для студентов-медиков и не только Гистология, патан, патфиз @histologytutor  Мы в ВК https://vk.com/histologytutor (гиста) https://vk.com/kaplanmed (общая)  По вопросам помощи со студенческими работами и рекламы писать сюда @kaplaninnokenty"
openhorizonsschool,channel,Open Horizons. Билингвальная онлайн-школа,484,Сайт: https://openhorizons.school/  По всем вопросам обучения и сотрудничества: @chernovol_katerina
quiksilverschool,channel,QUIKSILVER SCHOOL|КРАСНАЯ ПОЛЯНА,724,Офигенная школа и Детский клуб в Красной Поляне❤️  Зима - горные лыжи и сноуборд Лето - скейт и ролики  Мы всегда на связи: @quiksilver_school  Наш сайт: http://quiksilver.school
korotchaevo_school,channel,"МБОУ ""СШ им.Д.И.Коротчаева""",630,Официальный Telegram-канал школы имени Д.И.Коротчаева г.Новый Уренгой.  Ссылка на группу в ВКонтакте: https://vk.com/newurengoyschool6                         сайт школы: https://school-korotchaevo.yanao.ru/
shkolakurort,channel,«Школа Курорт» | сад и начальная ступень,148,"Здесь идеи для вдохновения, рецепты, педагогические заметки и анонсы субботних семейных встреч школы «Курорт» в Сестрорецке  Адрес школы: Лиственная ул., 4  www.shkola-kurort.ru"
t10t9suq9nfa2odu6,channel,КОАЛА🐨ЛОГО нейрологопедический центр,125,"Логопед, нейропсихолог, дефектолог, психолог, запуск речи, постановка звуков, подготовка к школе, раннее развитие, логопедический массаж.  Два филиала: 📍м. Сходненская, ул. Туристская, 16к4 📍м. Водный стадион, ул. Пулковская 3к3  +7 (906) 731-16-36"
avsh_konkord_tomilinopark,channel,АВТОШКОЛА «Конкорд»Томилино Парк,85,Работаем с 2012 года Своя учебная площадка 4 филиала в Люберцах Более 6000 довольных выпускников
smartschool_kosygina5,channel,Лицей креативных технологий,119,Частная школа на Косыгина 5  для учеников 5-11 классов🎓  Звоните: +7 925 421 8181  Записаться на консультацию можно тут: @smartschool_academ  Мы в Instagram: https://www.instagram.com/smartschool.kosygina5?igsh=eXRqYWYxOWRvamo2
symmetry_school,channel,Симметрия | Онлайн-школа по математике,258,Подготовка к ОГЭ и ЕГЭ по Математике.  Для 4-8 классов обучение в мини-группах.  По вопросам писать — @symmetry_admin
justice_in_true_crime,channel,""" justice """,1134,“گاهی محتوا حول و محور حقوقه، گاهی هم دیلی طوره.”  برای ارتباط با من: @Itsdeathbot
bian236,channel,币安，币安下载，币安注册，币安交易所,24302,币安，币安下载，币安注册，币安交易所
biasoccer,group,BIA Soccer,1304,
volbias,channel,Volatility & Bias,206,"Not financial advice, for informational purposes only. 매수/매도 추천 아닙니다.  편견에서 벗어나서 변곡점을 찾으려는 원숭이 궁금한 점이 있으면 언제든지 연락 주세요!"
varenfinance,group,Varen Official Telegram,538,Varen is an Ethereum based multi-chain DeFi hub | varen.finance | $VRN
tonkafinance,channel,Tonka Finance 🌱☀️ BRC20 (PORTAL),9626,
swarmsmt,group,Swarm Markets (SMT),3365,A platform that sets the gold standard for blockchain-based finance. Trade real world assets (RWAs) on chain today.   Website: https://swarm.com  Platform: https://app.swarm.com  Need help:  https://t.me/SwarmSupportBot
swarm_chat,group,SWARM Bee Hive,416,"The biggest TG community for Swarm, decentralised data storage and distribution infrastructure for web3  https://t.me/linkforkbot/link?startapp=ethswarm  Ann: @swarm_news"
swarmfund,group,SWARM Network,996,Open infrastructure for digital securities.
swarmsolana,channel,SWARM PORTAL,269,your portal to the swarm
slamai_swarm,channel,The SWARM (by SLAMai) by Virtuals,52,OFFICIAL CHANNEL
swarmsgroupchat,group,Swarms Ecosystem,1868,CA: 74SBV4zDXxTRgv1pEMoECskKBkZHc2yGPnc7GYVepump  Marketplace: https://swarms.world Website: https://swarms.ai
smttokensale,group,Swarm Community,271,A platform that sets the gold standard for blockchain-based finance. Trade real world assets (RWAs) on chain today. 100% asset-backed. Regulatory compliant.  Website: https://swarm.com  Platform: https://app.swarm.com
truthaiswarm,group,TruthAiSwarm,429,"We’re cooking the slickest AI Solana volume bot to pump trades and drop legit info!    Utility: Cranks your project’s Solana trading volume to the max.   Split: 50% fees for epic marketing, 50% for holders.    ONLY OFFICIAL BOT LINK: @truthaiswarmpump_bot"
swarchua,group,software architecture,597,Discussions about software architecture
swarmcrypto,channel,Swarm system.,112,
eternalstormsmp,channel,❄️ eternal storm smp,203,Переработка
swarkkoo,channel,SWARKKO,416,Лс для связи– @swarka0
farm40ogvbrmp,channel,Farm,506,Я боец 40 бригады морской пехоты с позывным Фарм   Сюда я выкладываю свою работу по противнику
swaxmp,channel,Şwąmp,648,
shpereweb,group,SphereWeb && Launcher,246,
officialpledgedcapital,group,Pledged Capital,1464,Welcome to the Official Group of Pledged Capital.  Web3 Crowfunding plaftorm for safe & controlled investment  Join Channel: @pledgedcapital  Follow Twitter: @pledgedcapital  Visit Website: www.pledged-Capital.app
puppersandborks,channel,Puppers and Borks,1025,Puppers from all over the web just for you  Controlled by the same slave robot from @assortedComics
carauchekart,channel,засоня арт шоо,80,₊˚⊹ 𐂯 —щп:  @zasonyaShp — мой юз: @carauchek (влд)  — не присваивать арты себе🥀🥀 — спасиб за внимание!
juyuychyk,channel,🏳️‍🌈 Джуюйчик (малює та в'яже),37,Замовити арт 👉 @jgoglo Тумблер 👉 https://www.tumblr.com/juyuy Тікі-ток 👉 https://www.tiktok.com/@juyuychyk?_r=1&_t=ZG-94IWxTK8jQ0 ДЗР сквад 👉 https://t.me/dyjavolyzarobotoju
chichivichk1,channel,чечевьюшка,125,"。·:*:·ﾟ★,。·:*:·ﾟ☆。·:*:·ﾟ★,。·:*:·ﾟ попугайский блог: макияжи, образы, все как положено !"
demisasha_cf,channel,demisasha cf & non-daily 𖹭,140,owner @rasujani | О2.О5.2О24 ‹𝟹
goddehouse,channel,⌨️ zKeGod • Projects,144,☁️ Info Qui troverai un riassunto molto generico dei vari progetti [...] che possiedo attualmente su Telegram.  🔗 Collegamenti   • > zKeGod.t.me   • > GoddeNews.t.me   • > GoddeHouse.t.me   • > GitHub.com/zKeGod   • > Unsplash.com/@zKeGod
sesegmashuo,channel,сэсэгма́ 说：,124,...中文名字是夏霞！ не сэсэ́гма и не сэмэгма!  спасибо за внимание.
cedar_flower_shit,channel,кедровый цветочек 🌸,91,"объединение щитпоста, художественного и музыкального паблика.  донатик: 2200 7001 1605 2423  мои каналы: мерч: @raven_sh0p моя кошка: @vestakissa"
donttuchmehere,channel,Свэгатрончик,27,
dddsf_flood,channel,Д.Д.Д.У.С.Ф.,14,все в закреп
sarkthedemon,channel,🩸SARK'S HILL🩸,3,
cerdas4dcuan,group,CERDAS𝟰𝗗|𝗖𝗟𝗔𝗜𝗠 BONUS 𝗦𝗟𝗢𝗧,52,"🧠 𝗖𝗘𝗥𝗗𝗔𝗦𝟰𝗗 — 𝗠𝗮𝗶𝗻 𝗣𝗶𝗻𝘁𝗮𝗿, 𝗠𝗲𝗻𝗮𝗻𝗴 𝗕𝗲𝘀𝗮𝗿! 🎰 𝗦𝗹𝗼𝘁, 𝗧𝗼𝗴𝗲𝗹, 𝗟𝗶𝘃𝗲 𝗚𝗮𝗺𝗲 𝗹𝗲𝗻𝗴𝗸𝗮𝗽 & 𝘁𝗲𝗿𝗽𝗲𝗿𝗰𝗮𝘆𝗮 📊 𝗕𝗼𝗰𝗼𝗿𝗮𝗻 𝗥𝗧𝗣 𝗵𝗮𝗿𝗶𝗮𝗻 + 𝘀𝘁  🔥𝐋𝐢𝐧𝐤 𝐉𝐨𝐢𝐧 𝐝𝐢𝐬𝐢𝐧𝐢 : https://t.ly/CuanGratis"
forumcerdas,group,Waroeng,52,ForumCerdas Network - irc.forumcerdas.net - http://www.forumcerdas.net
ikeys_pro,channel,Умный дом и Электроника | Автоматизация бизнеса🙏,102,"Sodema— умные технологии для бизнеса и дома. Автоматизация домов и квартир, бизнеса, а также интеграция системы «умного дома». Разработка, установка и поддержка – всё под ключ.    ▪️Наш сайт: https://sodema.store ▪️Контакт: Дмитрий Турко @iducam"
skerdas,channel,Скерда | 16+,23,ОВШ (BSIS) — Основы выживания в школе (Basics survival in school) Тикток: Скерда
dump_dump,channel,D. U. M. P.,14,Web * Frontend * Design * Development * Generative Art * Coding * P5JS * ThreeJS * NFT * AI * 3D *  Rendering * Blender * C4D * Unity
cerdcee1,channel,"Там, где чувства",7,
casaurdas,channel,CASAURDAS.com,4,
geosfera_kpfu,channel,ИГиНГТ КФУ,91,"Кафедры, наука, инновации, образование, обучение, студенческая жизнь объединены на первом официальном Телеграм-канале Института геологии и нефтегазовых технологий✅  Для отправки информационных предложений необходимо связаться с администратором."
geosmean,channel,geosmin,575,"Привет🤍Меня зовут Алёна, я создательница магазина стикеров, а тут делюсь процессом и своими мыслями  Здесь живёт любовь и творчество 🕯️🦢  •Связь @petriiikor •Вк: https://vk.com/geosmean - тут вы можете сделать заказ💌 •Pinterest: https://pin.it/5jumkH3g4"
geosols,channel,Geosols Vastu Consulting Private Limited,27,"Welcome to Geosols Vastu Consulting Private Limited🎉  We provide our daily updates in this Telegram channel like - Instagram Reels & Posts, YouTube Videos & Shorts or Google Web Story.  In case you missed our daily updates you can find in our channel.😉"
belajar_binomo,group,Belajar Binomo & olymptrade indonesia,486,Admin https://t.me/binomo_indonesia
belajarkonfig,group,belajarkonfig.com,1192,group sharing & belajar konfig networking devices
belajarbon,group,Diskusi Dgn Jos Siant,993,Yuk belajar bisnis online...bagaimana cara mendapatkan uang dari INTERNET. Target saya adalah membantu Anda mencapai 100Juta Pertama Anda dari internet. MAU?
belajarturkicom,channel,Belajar Turki,604,https://belajarturki.com  Mulailah Petualangan Menguasai Bahasa Turki dengan Pelajaran Interaktif yang Menyenangkan dan Dirancang Khusus untuk Penutur Bahasa Indonesia!  Menguasai Bahasa Turki dengan Mudah!
belajarsmm,group,Belajar Bareng SMM,349,
stargeo_official,channel,Новости СтарГео,295,Официальный аккаунт изыскательской компании Наш сайт: www.stargeo.pro Наш музей: theodoliteclub.com Контакт для связи: @veretnikdenis info@stargeo.pro
ircold_climatechange,channel,IRCOLD_ClimateChange,495,‌ کمیته تخصصی تغییر اقلیم - کمیته ملی سدهای بزرگ ایران  لینک‌های تلگرام:  🌐 Channel: t.me/IRCOLD_ClimateChange  🌐 Group: t.me/IRCOLD_Climate_Change  لینک‌های بله:  🌐 Channel: ble.ir/ircold_climatechange  🌐 Group: ble.ir/IRCOLD_Climate_Change
creationnetworkcrnt,channel,creationnetwork.ai,267,"Creationnetwork.AI is a crypto-powered platform for content creation, e-commerce, and social media management, providing secure, blockchain-based solutions for seamless content distribution,monetization, and engagement within a comprehensive digital ecosy"
climatesaustria,channel,COP30 Newsletter CliMates,593,"Alle News von den internationalen Klimaverhandlungen senden dir hier die österreichischen Jugenddelegierten — live von der COP30 in Belem, Brasilien."
klimadeswandels,channel,Klima des Wandels,117,
csdt_ru,channel,ЦТУР,26,Все о природных и осушенных торфяниках умеренного климата и их повторном обводнении
nionnetwork,group,Nion Network,25,
canaleenergia_news,channel,CanaleEnergia_news,19,
cliemate,channel,The cLIEmate,383,Debunking climate change lies
climate_war,channel,Планетарные Спасатели | Виктор Гилин,304,Ищем всевозможные пути преодоления климатического кризиса.  Связь со мной: @Discoverer45
climate_box_uz,channel,Climate Box Contest | Uzbekistan 2026,230,"""Iqlim qutichasi"" III xalqaro pedagoglar tanlovi Savollar - @climate_box - III международный конкурс педагогов ""Климатическая шкатулка"" Вопросы - @climate_box"
indianexpress_explained,channel,Express Explained,4942,Instantly view Explained by The Indian Express without any ads.  The Indian Express UPSC @expressUPSC  #explained_sci_tech #explained_climate #explained_economics #explained_politics #explained_global #express_premium #upsc_civil_services
sm_climate,channel,Смарт Климат - компания городского сервиса,138,"Мы предоставляем услуги по техническому и сервисному обслуживанию и эксплуатации зданий и сооружений, выполняем различные строительно-монтажные работы, предлагаем комплекс услуг по уборке территорий и помещений, проводим аудит инженерных систем и дезинфек"
suendibleibt,channel,Sündi Lebt Ticker 🕳,1789,Climate justice now!
climateviewerchat,group,ClimateViewer Chat,1368,"Geoengineering, Pollution, Privacy, & Propaganda https://connect.climateviewer.com/"
trcameracloud,channel,MTSLCameraCloud,2298,Русский чат @trCameraRussianChat Global chat @trCameraGlobalChat Реклама/Advertising @tommyhellatigr
lyankagryu,channel,Клуб изменений с Лянкой Грыу,3211,"Лянка Грыу Блог про жизнь Актрисы и Человека 🎬❤️ - стиль, психология, здоровье, будни актрисы  Отдел Заботы @zabota_Lyanka_Gryu"
svetskieputeshestviya,channel,СВЕТские путешествия 🌍,6990,"Я, Светлана, показываю мир без фильтров: где отдыхать, что смотреть и куда идти — мои личные открытия для тех, кто хочет больше, чем просто отпуск.  Админ/реклама @shmezell"
go_run_ural,channel,Go RUN | серия стартов,981,Серия забегов на Урале https://rungorun.ru  Мы в ВК https://vk.com/gorunurals
istanbulculture,channel,Культура.Стамбул,2158,"Знаем, где вкусно поесть, хорошо повеселиться и куда идти за культурным просвещением.   Инстаграм проекта https://www.instagram.com/istanbul.culture/ По вопросам сотрудничества: @istculture_admin"
businessvideosmba,channel,Business - MBA - Leadership videos🖖,229,"Collection of awesome videos for you to grow as a leader, think better and understand the structure of the world and human mind better"
leader_pro_biz,channel,ПРО ЛИДЕРСТВО⚡️,171,"Твоя команда работает на тебя? Или ты на нее?  Здесь руководители и предприниматели учатся: ✅ Управлять без постоянного контроля ✅ Находить +2 часа в день на семью ✅ Получать кайф от руководства  Бесплатный разбор твоей ситуации👇 @EvgeniyaEre, @Olga_A_Ko"
wlforum,channel,WLForum,215,Women's Leadership Forum WLForum.ru
fedorovagalina1,channel,Здоровье для всех с SW🏃‍♂,51,"Wellness предприниматель. Научу с чего начать   ,  присоединяйся по ссылке"
netchuvak,channel,Netchuvak | Артём Куриляк,260,"1. Закулисье мероприятий. То, что скрыто от глаз зрителей; 2. Советы о том, как начать свой путь в ивенте и медиа; 3. Смешные истории."
aksonok,channel,Aksønok✧ Å,126,одиночество в сети https://t.me/boost/aksonok буст 2202208246778113 сбебрк
bwwuww,channel,Хуй|ня~,39,Добро пожаловать что ле
toshik2333,channel,😴Сонный гномик😴,48,
homyak_kachaet,channel,Хомяк качает - Животный StandUp,6,"Юмор про животных в стиле StandUp, основанный на фактах. Да, даже капибара со своей вечной грустью попадёт в сет.   Подписка = минус один стресс в день.  И помни - Хомяк качает!"
lok6554,channel,Lok и доходяга Zlok,20,
rslgazeta,channel,"Россия, с любовью",390,Мы - команда студентов московских ВУЗов при участии единомышленников занимаемся созданием периодической фронтовой газеты.  При поддержке @RVvoenkor  Связь через бот: @RSLgazeta_bot
xedfdduiayixmwqy,channel,"ШСК ""ФОТОН""",199,Все самые важные новости кафедры физической культуры! ⚽🏀🏐🏆🥇  https://cloud.mail.ru/public/qstB/qjs8fsVCV
moloddaln,channel,"Горы, море, молодёжь",122,"Этот канал — твой проводник в мир молодежи Дальнегорского округа. 🫶🏻   Здесь, среди лесов и ветров, кипит жизнь, полная ярких событий, смелых идей и незабываемых моментов. 🌅   Мы рассказываем действительно важном: о твоих возможностях и твоем будущем.☀️"
normalism1488,channel,Первый либеральный,19,
deyaniaspb,channel,Деяния: Петербург,78,смелое и творческое достижение молодого поколения в сердце культурной столицы для Христа
lukvtech,channel,𝙡𝙪𝙠𝙤𝙫𝙓𝙩𝙚𝙚𝙚𝙘𝙘𝙝 🌴,753,Чат канала: https://t.me/lukv_pisunov  Настоящий техноблог? Я выбираю---> 𝙡𝙪𝙠𝙤𝙫𝙓𝙩𝙚𝙚𝙚𝙘𝙘𝙝!!
cryptosignalsspotfree,channel,Crypto Signals ( Spot ),285,We provide huge profits signal  Spot signal
spot24horas,channel,📲 SPOT 24hrs 🔥,12,Sinais dos NOSSOS indicadores lucro automático na SUA conta Ao vivo 🥳 Standard profits 🦾🤖 VIP 👉🏻 2 canais 12% & 22% ✅ AUTOMATIZE AGORA 👇🏻 @atendimentocrypto24horas
geo15_tg,channel,Гео15,46,Канал с техническими новостями портала geo15.ru Без спама и мемов.  Платформа для комплексной подготовки к олимпиадам по географии.
mumbaiindiansipl,group,Mumbai Indians Fans 💙,2817,"Die hard Fans of Mumbai Indians. post only about MI , IPL  and cricket otherwise you will be kicked  Powered by @IPLFansKerala  For MI channel @MumbaiindiansIPL4"
ignou_mumbai_crypto,channel,Ignou RC Mumbai,1574,
mumbaitourandtravel,group,Mumbai Tours And Travels,124,Mumbai Tours And Travels 🚀Boost Your Travel Business🚀 Grow Your Business by 3X With MagicYatra Verified Leads Checkout Our Premium Packages 👇.
anantara_dubai,group,Anantara Dubai The Palm,1714,Телеграмм канал для тур агентов
tvoyreklamnik,channel,РЕКЛАМНИК,2115,Все инфо-туры для турагентов в одном канале!   По вопросам сотрудничества обращайтесь @olgaekvator
travel_mumbai,channel,Mumbai Travellers,19,This group is for travelers visiting Mumbai
travelagentpak,group,Travel Agent Pakistan,28,
mykonosdmc,channel,My Iliadis Concierge,369,🌟Принимающая компания на острове Миконос🇬🇷 Наши услуги👇 🌟 Бронирование отелей и вилл 🌟 Трансфер премиум класса 🌟 Яхты и вертолеты  🌟 Рестораны и клубы 🌟 Консьерж сервис 24/7 Наши контакты: 📲 +7 915 097 04 31 📧info@mykonos.moscow
freetravelagent,channel,Аида | Туры•Отели | Турагент 🌴,227,"•В туризме с 2017года •Помогаю в выборе и бронировании туров из любого города России •Обзоры на отели, полезная информация для путешествий  Оформление онлайн и в офисе Travelata Спб  РТА 0009670"
storxnetwork,channel,StorX Network,982,"Experience the faster, safer, more affordable and completely decentralized enterprise-grade cloud storage solution."
stennay_stnye,channel,STENNAY Esports,281,"Привет боец! Ты попал на официальный канал киберспортивной команды в дисциплине STANDOFF 2 ""STENNAY Esports"" 🥇НА ТУРНИРЕ 10 PLUS 🥇НА ТУРНИРЕ Energy cup 🥇НА ТУРНИРЕ YT_Ckor По рекламе/важным вопросам: @cainfonq"
crypt0kingsss,channel,CK,136,
rewardtokenevents,channel,ВСЕ ИВЕНТЫ МОНЕТ НА TON,122,Здесь будут публиковаться все активности и ивенты ревардных Монет
game_of_stonks_bot,bot,Stonks Bot,,🚀 Join Stonks 💎 Get the stocks 📈 Flip for profit 💰
stonks_sniper_bot,bot,Stonks Bot,,Super fast multichain trading bot
starioxbot,bot,StarioX | Sell Star,,Sell Stars/Ton Balance easily  @StarioXNews
stonkstrade,bot,Stonks Bot,,Super fast multichain trading bot
ston_fi,bot,STON.fi DEX,,Instantly swap Toncoin for any coin or token at the best rate. Powered by STON.fi DEX.
titanx_terrax,group,TerraX Rebirthed,1265,Follow us on X: www.x.com/titanX_TerraX  No we don’t need your marketing proposal! ‼️  Official website : www.terrax.win
vereinsalveo,channel,SALVEO Impulse zur Gesundheit 🩵,705,"Der Verein SALVEO Impulse zur Gesundheit bezweckt die physische, psychische sowie die seelische Gesundheit zu erhalten und zu fördern"
zusammenhaltund,group,Zusammenhalt und Füreinander da sein 🙏 in der Krise ist wichtiger denje 🍀,1609,Zusammenhalt und Füreinander da sein in der Krise und darüber hinaus ist wichtiger denje...
verein_unitas,group,Verein Unitas - Zentrum für ganzheitliche Therapie,12,
verezg,channel,"POINTWAVE verezg /// олигарх, олигофрен, аллигатор",50,
vereinigung,channel,GEMEİNSAM GEGEN DAS BÖSE,33,
ukrliberal_channel,channel,ВАРТА🇺🇦,314,"ВАРТА-лібертаріанське, праве ЗМІ.  Чат: https://t.me/+Vade4xZBPAQ1NDIy                                                                      Наш бот для пропозицій: @NewPostVartaBot"
irinagruba,channel,Груба говоря,115,"Кубанская политика: история, аналитика, прогнозы. Также немного о спорте, путешествиях и жизни в целом"
find_63,channel,Ищу тебя Самара,954,Официальный «Ищу тебя Самара» ✅  Предложка - @samara_find_bot  Реклама/админ - @minemanager  Пригласить друга - https://t.me/+-aa9dCBpgcFkYzYy
mufktcod,channel,МУФК ЦОД,258,🇷🇺 О нас:  Развиваем государственные информационные системы для первых лиц страны.  👨‍💻С помощью онлайн данных в наших системах принимают решения по развитию основных отраслей госуправления.
promokody_letual,channel,Промокоды Летуаль Сбермаркет,13245,
promokodynaedu,channel,Промокоды на еду,102,
thelatestkorea,group,대한민국 최신DB 무한홍보방,3358,Blue Ocean View @KBOEU  링크 모음 @blueocean_com
soundgod901,channel,사운드 공지 • 제휴 채널,228,사운드 소통방 공지 • 제휴 채널 입니다 제휴문의 : @Ferrari_0100
ishansforce,channel,Ishan's Meta Gang | IMG,328,Meta Ads Expert | DM @Ads_Ishan
jajsjhshwwhwhwh,group,트위치 자유홍보방 무한홍보방 TWITCH TELEGRAM MARKETING GROUP 텔레그램 자유홍보 무한홍보,375,
unfireo,group,스냅챗 자유홍보방 무한홍보방 SNAPCHAT TELEGRAM MARKETING GROUP 텔레그램 자유홍보 무한홍보,257,
rkwmddkakzpxld,group,디스코드 자유홍보방 무한홍보방 DISCORD TELEGRAM MARKETING GROUP 텔레그램 자유홍보 무한홍보,200,
majingagroup,group,인스타그램 자유홍보방 무한홍보방 INSTAGRAM TELEGRAM MARKETING GROUP 텔레그램 자유홍보 무한홍보,193,
sksienen,group,더킹 자유홍보방 무한홍보방 THE KING TELEGRAM MARKETING GROUP 텔레그램 자유홍보 무한홍보,242,
sksksm43,group,로얄 자유홍보방 무한홍보방 ROYAL TELEGRAM MARKETING GROUP 텔레그램 자유홍보 무한홍보,123,
sins01u,group,공백 자유홍보방 무한홍보방 BLANK TELEGRAM MARKETING GROUP 텔레그램 자유홍보 무한홍보,155,
tyb_vip,group,딜리버리 자유홍보방 무한홍보방 DELIVERY TELEGRAM MARKETING GROUP 텔레그램 자유홍보 무한홍보,121,
sksjwjwhhwuw,group,건물주 자유홍보방 무한홍보방 LANDLORD TELEGRAM MARKETING GROUP 텔레그램 자유홍보 무한홍보,80,
skskswi,group,나이키 자유홍보방 무한홍보방 NIKE TELEGRAM MARKETING GROUP 텔레그램 자유홍보 무한홍보,95,
sksjsjwhwhwh,group,신사 자유홍보방 무한홍보방 SINSA TELEGRAM MARKETING GROUP 텔레그램 자유홍보 무한홍보,148,
sksksmnw,group,람보르기니 자유홍보방 무한홍보방 LAMBORGHINI TELEGRAM MARKETING GROUP 텔레그램 자유홍보 무한홍보,132,
ynetnewslatest,channel,Ynet Global - Latest Stories,804,"News updates from Ynetnews - English news website owned and operated by ynet, Israel's leading digital news publication"
global_leaders_club,channel,Tahlil360 | Global Leaders,276,"🌐 O'zXIA, IIXM fakulteti qoshidagi ""Global leaders"" klubining rasmiy telegram sahifasi  🏁 Uchinchi renessansni birgalikda bunyod etamiz.  Asosiy kanal: @global_leaders_hub ""Mutolaa zone"" - @mutolaa_zone  ✉️ Murojaat uchun: @vohidovakbarjon"
russiatravel_official,channel,Russia Travel,344,
poputchiki_dalnyivostok,group,Попутчки Хабаровск Владивосток,388,Попутчки Дальнего Востока
patraniesk,channel,Patranie.sk,55,Pátranie po nezvestných a hľadaných osobách | zdieľame oficiálne pátranie | PATRANIE✷SK ➡️ https://patranie.sk/
malmyzh_nizhnekamsk,group,Попутчики Балтаси Малмыж Набережные Челны Нижнекамск,71,"Водитель/Пассажир, направление, день и время выезда;  Пишем только по теме поиска попутчиков. Ничего лишнего. Все переписки в личке. Спасибо за понимание"
fodderstravel,channel,Fodder's Travel,9,
viajandosinrumbo,channel,Viajandosinrumbo.es,18,Canal de mis fotografías de viajes
navigator_vuzov_bot,bot,Навигатор Поступления - бот для посетителей выставки,,
xsznchatbot,bot,行书指南 Bot,,
voenkomat_guide_bot,bot,Путеводитель по военкомату,,
navigator_vuz_college_bot,bot,Навигатор поступления,,
gogorizonti_bot,bot,Проводник к Горизонтам 🧡 / Bot,,Заботливый проводник к ресторану Горизонты / Санкт-Петербург! 😊
nenavigatorbot,bot,NeNavigator,,@NONOxDouble - admin
skorobudutravel_bot,bot,Skorobudu_travel,,
ai_navigator_ua,channel,AI Navigator,2,"AI Navigator — ваш гід у світі AI, SEO та автоматизації 🤖  Тут ви знайдете: 🚀 найкращі AI-інструменти ⚡ практичні automation-рішення 🧠 корисні prompts для роботи та бізнесу 🔎 SEO та AI Search поради ⏳ економію часу завдяки AI  Практичні пости регулярно"
tripster_help_bot,bot,Tripster Support,,
catlookupbot,bot,CattoBooks,,
navigator_vuz_college_2_bot,bot,Навигатор поступления,,
ncetransport_bot,bot,Wayfarer,,天眼交通頻道機械人
ohuenkobot,bot,ohuebot,,*Beta
sobranie1bot,bot,Navigator,,"Navigator Bot - бот, созданный для помощи игрокам, менеджерам в удобном и быстром поиске коллектива."
traveler_hints_bot,bot,Всё для Путешественника. Everything for the Traveler.,,"Я знаю, Как. И научу Вас! 👋🏻"
orgdoc_bot,bot,S-Project,,
nomadexiles_bot,bot,Nomad Exiles,,
kormishinbot,bot,Бизнес-экскурсии KORMISHIN,,"Ваши бонусы, ранние анонсы туров и эксклюзивные материалы от Дмитрия Кормишина."
tomlandaubot,bot,בוט הטיולים למזרח,,
guideptdbot,bot,Путеводитель | ПРОМТЕХДИЗАЙН,,
routeinfobot,bot,RouteMe,,
mytripguidebot,bot,MyTripGuideBot - Beta,,Бот для создания своих путешествий
ibicheskiybot,bot,ibicheskiy trip,,Отправиться в путешествие мечты ▶️ clck.ru/3MN9Hz Политика конфиденциальности clck.ru/3MN9Tq
punchmanmusic,channel,Панчман,911,Стримы: @punchmanstreams
vipj_official,channel,В.И.П.Ж. новости.,220,В.И.П.Ж. -- это обджект шоу что выйдет здесь: https://youtube.com/@okshiy?si=kqFnqsy0elU0DpT7
mnrlnmusic,channel,MINERALNAYA MUSIC - ДИСТРИБУЦИЯ МУЗЫКИ,463,"MINERALNAYA MUSIC- мы занимаемся дистрибуцией музыки, дизайном, рекламой в социальных сетях, менеджментом артистов, написанием инструменталов, сведением треков, гострайтингом и тд.   https://vk.com/defaultdistr  по всем вопросам: @mnlabeq"
cxrnermusic,channel,CXRNER,227,"Официальный сайт: https://cxrnermusic.vercel.app/  ❗️ CXRNER MUSIC — это инновационный лейбл, созданный для того, чтобы давать артистам уникальные возможности для роста и развития в музыкальной индустрии."
dream5talker,channel,DREAMSTALKER,488,"Никита Ефимов. Музыка, звук, обучение. Автор муз проекта Dreamstalker, со-основатель школы @zwookru  Всякие ссылки www.dream5talker.com По вопросам сотрудничества @nikitaom"
vityawithmusic,channel,90% музыки,286,Канал о музыке из уст звукорежиссера/продюсера/музыканта
ivannekliudov,channel,Ivan Nekliudov,75,"Sax player, bansuri player, arranger, composer"
v_music_gc,group,V Music,12,"I post music, you post music, that's all  @Vpider_channel  @Vpidergap  @V_music_gc"
lingvoplaneta,channel,За разнообразие в мире языков,449,"Канал посвящён социолингвистике и создан для обмена опытом между теми, кто выступает за языковое разнообразие в России и во всём мире. Мы публикуем позиции разных сторон, но просим быть вежливыми в комментариях.  Написать нам: @zria_bot"
fond_planeta,channel,Фонд «Планета»,112,"Фонд поддержки и развития общественных инициатив и социальных программ в области журналистики, просвещения, культуры и спорта «Планета»"
eoplaneta,channel,P L A N E T A EO,110,
krymplaneta,channel,Крымская Косметика | Крым Планета 🛍️,182,Самый большой магазин в Москве Крымской косметики.   📍ТЦ Москворечье   Ⓜ️Каширская  ▫️Чат: @krymplaneta_chat  ⏰ежедневно: 10:00-22:00  ✍️ @lkorotina
youngplaneta,channel,Медиапроект Юная планета,238,Офицальный Telegram-канал Международного Детского Медиапроекта «Юная планета»
myplanet_chat,group,Моя Планета: чат,636,
moyafotoplenka,channel,То что я вижу,16,"Просто жизнь, зафиксированная на плёнку 🎞️    @cdmm88"
photobyblanc,channel,Photo by Ekaterina Blanc,32,📍Фотограф Москва Фотосессии: беременность / семейные / персональные   ✅запись в Whats App https://wa.me/79774640695  Галерея работ https://636619f50c6823-58109900.gallery.photo/
planeta_avrorabot,bot,ПЛАНЕТА Аврора,,
photokartina_bot,bot,Фотоплитки на стену 📸,,МояФотокартина.рф |📸Фотоплитки на стену| Узнать цену за 1 минуту👇
yuzhka_mc,channel,ЮЖКА - Minecraft PE,116,
yuzi_u,channel,yuzi’s tmi🦖,217,ฅ ^ • ﻌ • ^ ฅ
eoe_chef,channel,ChefEgorovOE,195,Делаю @geography_yuzhk.  Проповедую гедонизм. Ращу детей.  Строю AI для общепита. Как делегировать рутину AI тут:  Осторожно! Тут может быть 18+
geoalinaotzyv,channel,Отзывы | География ЕГЭ Умскул | Алина Вернадская,62,Здесь собраны отзывы моих учеников 💘  Готовлю к ЕГЭ по географии 7-й год. В 2024 году каждый 4-й стобалльник по географии готовился со мной 🗺   👉 Основной канал: https://t.me/geoalina
vzabuben,channel,Ваш Вася Забубенский,1258,Сообщество людей со специфическими вкусами
eclipsefcms,channel,⚜ECLIPSE⚜,3508,
tasprotocol,channel,TAS Protocol Portal,846,
dronvel17,channel,dronvel,1533,
puls_ufa,channel,Пульс Уфы | молодежь РБ | мероприятия | ивент | Уфа,118,"☆Молодежное пространство в Уфе!  Настолки, спорт, творчество и живое общение. Если хочешь получить качественный дофамин и активно провести время - тебе к нам (~˘▾˘)~  Прекращай тухнуть в одиночестве, держи руку на пульсе!"
cemetrieswalkers,channel,Кладбищенские гуляки,242,"Гроб, гроб, коадбище"
weareportsmouth,channel,Portsmouth FC | Портсмут ФК,215,"Телеграм канал фанатов футбольного клуба «Портсмут» 💙  We Are Portsmouth!  🔵instagram - Pompey  Fratton Park, Frogmore Road, Portsmouth, Portsmouth  Eng/Rus"
cloyntgk,channel,жизнь клоуна,301,
rusnfltakeover,channel,Russian Takeover,139,Хроника поездок российских болельщиков NFL на выездные матчи в Европе.
poolfunders,channel,The PoolFunders,95,World’s first DeFi reward based crowdfunding Platform for startups and creators to raise funds from pool of global investors  Sign up https://poolfunders.com  Register here for the Exclusive Private sale- https://poolfundersprivatesale.com/
liverpoolfans95,group,Liverpool-fan,81,"ПРАВИЛА ЧАТА:  ЗАПРЕЩЕНО  1. Использовать в качестве сокращения ФК ""Ливерпуль"" такие слова как ""Ливер"" и подобные им.  2. Оскорблять друг друга, игроков ""Ливерпуля"", тренерский штаб команды и клуб."
foggysoup,channel,Туманный Бульон| Подкаст о футболе,74,Был вашим любимым еженедельным подкастом об английском футболе!  Сотрудничество: @goshanto
polafans,channel,POLA Official Memes,40,POLA official meme/Shortclip
football_love_24,channel,Football Love💧,33,
liverpoolfanskerala,channel,Liverpool Fans Kerala,109,
composable,channel,Composable,27,
tra1nr00m,channel,Train Room,275,Develop Yourself
primitive_engineering,channel,На глазок (Гитары без ТЗ),330,"В этом канале я проектирую электрогитары. В реальном времени, на глазах изумлённой публики. Я не пользуюсь чертежными программами и вообще редко черчу, скорее, как скульптор, работаю с объёмом и отсекаю лишнее."
primitiva,channel,Primitiva Combinaciones y Reducidas,145,Canal de información y creación de Jugadas especiales y Apuestas de Primitiva. Tus Jugadas en nuestra web https://www.salganando.es/
konzaathartaeb,channel,أسماء محمد| تَقوى.,273,"كُل ما فيها مُتعِب، وكل من فيها مُتعَب.  ""لبيكَ إنَّ العيش عيشُ الآخِرة""."
marugujarat_group,group,MaruGujarat.in Group Official ©,10799,Welcome to MaruGujarat.in Group. Gujarat's No. 1 Educational Website https://www.marugujarat.in  contact: @ranjit_thakor  Rules:: https://t.me/c/1280098029/2
businessgroup_gujarat,group,Business Group - Gujarat,1836,
gujarateducare,channel,Gujarat Educare,2189,A group for Latest information and materials for primary schools.  www.gujarateducare.in  Free Educational Materials www.gujarateduhelp.com
gujaratbajarbhav,channel,Gujarat Bajar Samachar™ - ગુજરાત બજાર સમાચાર,3031,દરરોજ ગુજરાત માર્કેટયાર્ડ બજાર ભાવ અને સમાચાર સૌથી પહેલા જોવા માટેનું એકમાત્ર માધ્યમ.
gujarattest,channel,Gujarat Test,413,📌All Class I&II&III Exam  📌GSSSB GPSSB GPSC || PSI || Revenue Talati ||  LRD || CCE A&B Group || Forest Guard/વનપાલ || STI || MO
gujaratimitra,channel,ગુજરાતી મિત્ર - Gujarati Mitra,2431,📚 ગુજરાતી મિત્ર 📚  મુખ્ય વિષય...✍🏻 - દૈનિક પંચાંગ-સુવિચાર  - દૈનિક સમાચાર પૂર્તિ - ઉપયોગી ન્યૂઝ અને આર્ટીકલ - શૈક્ષણિક ન્યૂઝ / સરકારી યોજનાનો ન્યૂઝ - વાર્તા-બોધકથા-સાહિત્ય
ojas2021,group,Maru Gujarat Daily News,894,Get Latest Ojas Updates and Maru Gujarat Officiel Jobs Bharti News.  🎯 Government Jobs 2021 In Gujarat 🎯 Latest Bharti Updates 2021 🎯 OJAS Website Latest News & Jobs Recruitment Updates Gujarat. 🎯 Sarkari Yojana Government Schemes. 🎯 Marugujarat.in
gujarateducation,channel,Maru Gujarat Education,1061,New job and Education News
gujaratcivilengineers,channel,Gujarat Civil Engineers GPSC,2424,Gujrat All Civil Engineering Exams Update & Study Material.
gujarati_movies_new,channel,New Gujrati movies,7378,
cmogujarat,channel,CmoGujarat,938,【Unofficial】 channel but update regular.   @ddnewshindi @ddnews_gujarati @ddnewsenglish @pib_hindi @pibgujarati @pib_english @alleditorial @gujaratiEditorial @gpscalert @cmogujarat @TransformingIndia @gktodayhindi
gujaratiojas,channel,🇮🇳 સરકારી માહિતી 🇮🇳,3409,💥 ગુજરાત સરકાર નાં વિવિધ વિભાગોમાં આવતી અપડેટ અહિયાંથી મેળવો 💥  👇👇👇  👉 https://gujjuhelp.com  👉 https://gujju247.com  👉 https://techwireglobal.com
gujarat_titans_status,channel,GUJARAT TITANS FANS,1526,"Official FANPAGE of Gujarat Titans  IPL 2022 Champion 🏆   Get ready Fans  Matchday videos , Players videos & Latest Gt Updates 🖤   PAID PROMOTION : @PAIDPRO_1"
jobsmarugujarat,channel,Jobs Maru Gujarat,804,"દરેક સરકારી માહિતી જેવી કે સરકારી યોજના, સરકારી ભરતી, પરિપત્ર, પરીક્ષા પેપર અને આન્સર કી, પરિણામ અને પળે પળની ગુજરાતની તમામ માહિતી એક જ ચેનલમાં તમારા મિત્રોને પણ @Jobsmarugujarat જોડો"
gujaratstateyogboard,channel,Gujarat State Yog Board,346,Official account of the Gujarat State Yog Board
saggujarat,channel,Sports Authority Of Gujarat,115,
gujarat_realmeetup,channel,Gujarat Real Meet,245,
one_education_gujarat,channel,One Education Gujarat,280,
crpatilmp,group,C R Patil MP President BJP Gujarat,13618,
sarkariyojanaguj,channel,Sarkari Yojana Gujarat,1435,ગુજરાત સરકાર અને કેન્દ્ર સરકારશ્રીની વિવિધ યોજનાઓની માહિતી ગુજરાતીમાં પોતાના બ્લોગ પર આપનાર.
gujaratmap,channel,Gujarat Map,19,Gujarat Map
gujaratrojgar1,channel,ગુજરાત રોજગાર માહિતી,2231,
ddnews_gujarati,channel,DD News Gujarati,1265,【Unofficial】 channel but update regular.   @ddnewshindi @ddnews_gujarati @ddnewsenglish @pib_hindi @pibgujarati @pib_english @alleditorial @gujaratiEditorial @gpscalert @cmogujarat @TransformingIndia @gktodayhindi
marugujaratgroups,group,Marugujarat group,5977,તમામ સરકારી ભરતીની માહિતી અહી મુકવામાં આવશે
marugujaratgroup,channel,MaruGujarat,1875,
theconnelltwins_carlyandchristy,channel,The Connell Twins 🍑 Carly and Christy,16396,The Connell Twins 🍑 Carly and Christy
twins_vibe,channel,твинс,124,"бренд душевных аксессуаров, отсылающий к теплым воспоминаниям, которые хочется сохранить. Создаем кастомные обвесы для тебя!  ВК: https://vk.com/twins_vibe Сайт: https://twinsvibe.ru/  Мастерица: @AnastasiaTomson Менеджер и дизайнер: @KarolinaPershina"
twinshoppppppp,channel,⁘Twins shop‌⁘,226,ֶָ֢࣪˖*ﾟ｡trust: https://t.me/+xqtS5pIN2TVjYTA0   ֶָ֢࣪˖*ﾟ｡Orders: @Nazxiii @Niyay1esh   ֶָ֢࣪˖*ﾟ｡anon: @Twinsshoppbot   ֶָ֢࣪˖*ﾟ｡Bale: https://ble.ir/twinsshoppppppp   ֶָ֢࣪˖*ﾟ｡Instagram: https://www.instagram.com/twins._shoppp?igsh=MXI1bWFod3RjbzFhNQ==
saint_twins_ykt,channel,Материалы Saint Twins,275,
twinser2,channel,TWINSER,357,Симп Дотторе
antixinchat,group,Antix,5067,
antipinantipin,channel,АнтипинАнтипин,37182,Всё о строительстве домов! И не только. Связь @antipin_mstrana Ссылка на регистрацию канала: https://gosuslugi.ru/snet/6846e7fe9197d839dcda25da
otzyvikyp,channel,Отзывы/живые фото itsvikyp,530,Для заказа https://wa.me/77066392523 Ассортимент https://t.me/itsvikyp Обучение https://t.me/wechatkurss
dmitry_shirokov85,channel,Дмитрий Широков | Pro Бизнес и Деньги,1606,"Тут я исследую, как внутренний мир человека влияет на деньги, решения и жизнь.  18 лет в бизнесе  Книга БогАдство https://dmitryshirokov.ru/BogAdStvo  📤Отзывы https://t.me/otzyvi_shirokov  Ассистент Любовь @arisss_ly по всем вопросам"
miogi_otzyvi,channel,Отзывы секс-игрушки,49,"Здесь собраны отзывы на игрушки бренда Miogi  Купить тут: https://miogi.club/catalog/toys/female/  В нашем телеграм-канале вы найдете подборки секс-игрушек, узнаете как подобрать презервативы и сможете наблюдать за работой бренда изнутри: @pozuzzzim"
life_coach_natali_voitkevich,channel,Натали_Войткевич | Твой Life коуч,1036,"Передаю навыки, которые меняют жизнь. Новое мышление • Новые выборы • Новая жизнь КоучингVSДыхание  📌 Начни читать отсюда: https://t.me/life_coach_natali_voitkevich/2057  📚 Отзывы клиентов: @https://t.me/otzyvi_shamani"
otzyvy,channel,ОТЗЫВЫ,9,
d4d_otzyvi,group,Отзывы Вакцинация для США,28,
gerasimova_coach,channel,НеПсихолог Св.Герасимова,972,"Распаковка новых уровней твоей Игры Деньги, отношения, реализация Проводник по пересборке на вашем перепутье  ✨️Психология, коучинг, бизнес-расстановки, квантовая терапия, коды судьбы  Отзывы https://t.me/SV_Gerasimova_otzyvi  Записаться @gerasimova_sun"
otzyv_shop,channel,Otzyv-Shop.ru,822,Официальный канал сайта Otzyv-Shop.ru
otzyvcanada,channel,Отзывы Билеты Канада/США. Osher_voyage,840,
restyle_otzyvi,group,Отзывы. Restyle Sneakers,49,
otzyvnk,channel,Отзывы Natasha Bjorn,181,"Спикер радио России 📻 Автор публикаций theDay.ru 📝 Психолог-сексолог, нлп-практик, коуч, эзотерик- практик с 1997 года.  ⭐️ Мега-блогер с аудиторией 300.000+ пдп и десятками миллионов просмотров в TT Написать Наталье в личные сообщения @Natasha_Bjorn"
fpv_otzyv,group,FPV отзывы,436,Отзывы реальных владельцев FPV-стаффа.  Основной чат: https://t.me/whoop_chat   Барахолка: https://t.me/fpv_obmen Техпомощь: https://t.me/tex_otd Информация для начинающих: https://t.me/whoop_chat/374390
otzyv_neiro,channel,"Отзывы о Курсе ""Нейроинженер""",701,"📌 Официальный канал Антона Бочкарева с отзывами о Курсе ""Нейроинженер"".  Канал про заработок с нейросетями: @neirofreelance"
rekl_otzyvi,channel,Отзывы,19,Здесь вы можете посмотреть отзывы о рекламе 💖
tt_otzyvi,channel,Отзывы / Татьяна Телицына,12,"Мой основной канал «PROсамореализацию» - про уверенность, проявленность, деньги через работу с подсознанием 👉 https://t.me/energiyazizni  Прогрессивная психология.  Гипнолог.   Написать мне -  @ttt_new"
medblogers_otzyvy,channel,Отзывы MEDBLOGERS,460,Реальные отзывы из клуба каждый день 🚀  Вступить в MEDBLOGERS https://medblogers.ru/  По всем вопросам @readydog 🩵
otzyvytf,channel,Отзывы о применении Трансфер Факторов 4Life,181,
hdkotoman,channel,Дизайн Человека | Д. Котоман 🏆,360,Дима Котоман - 10 лет аналитик и гид Дизайна Человека. >1200 разборов  🎓Обучаю ДЧ 📕Провожу чтения бодиграфа ⭐️Отзывы @otzyvi_hdkotoman 👨‍💻Разрабатываю ДЧ-сервисы  Связаться @dear_kotoman Мой сайт и расчет бодиграфа deche.ru
richotzyvi,channel,RICH OFF HAIR отзывы,270,
gmeonsol,channel,$GME PORTAL,12711,
filmlylab,channel,Filmly,5300,Канал ведет сооснователь лаборатории Максим.   Поддержка в реальном времени: https://t.me/tchkcvetalab_bot  Рассказываем о плёнке и наглядно показываем на Youtube: https://clck.ru/38ZuCz  Наш запрещенный грамм: https://clck.ru/3Tyqbz
zapretniychannel,channel,ЗАПРЕЩЕННЫЙ КАНАЛ,2516,
offcrypt_chat,group,🗣Offcrypt ЧАТ,255,"1️⃣ Запрещена реклама в любом виде 2️⃣ Запрещена любая коммерция и продажа чего либо 3️⃣ Запрещены провокации, негативщина, порно и другая чернуха, в том числе политика 4️⃣ Запрещено спамить.   Бот chatGPT @offcryptbot"
bikboss90,channel,Видео 18+😍👅👄,209,Запретное видео 18+
cryptohamsterflood,group,Запрещенный хомячий чат,79,Свободный чат для подписчиков КриптоХомяка
stonecult,channel,Каменный культ 🗿🗿🗿,44,Это про камни...
philosofo4kina,channel,Дневник Философочкиной💭,68,Моя жизнь в мыслях и картинках на долгую память❤️‍🔥  Мой запрещенный фотоальбом : https://www.instagram.com/philosofo4kinatv?igsh=YjlxcGp5dTlmZWhm  Канал на Ютубе- https://www.youtube.com/@Philosofo4kina
fofanova_travel,channel,fofanova_travel✈️,925,"ТУРЫ ИЗ ЕКАТЕРИНБУРГА  Фофанова Лариса, собственник турагентства «Ветер Востока» ✨  Каждый день для вас актуальные подборки туров veter-vostoka.ru"
olgafatyanova,channel,Психология веса,119,"✅ Решение проблемы лишнего веса, верну энергию, налажу ЖКТ.   Сайт : http://dietolog-olga.tilda.ws/  Кейс -43 кг https://t.me/olgafatyanova/4613  Отзыв https://t.me/olgafatyanova/4624"
kas1yanova,channel,Ksēnia Kasyanova,104,me  - @ks1nova 🐰 приват -https://t.me/+FdhGmbe7AShjMGRi анон - t.me/anonaskbot?start=3kOXXdmepbvW7rE тикток - https://www.tiktok.com/@_682533?_t=ZS-905AUOKEFlY&_r=1
nastasiakononova,channel,Анастасия Кононова | Род. Сила. Любовь,172,"Помогу составить родословие🪽 Из хаоса создаю систему 🪐  Петербурженка, пишу книгу Рода 🎴  Для связи: @nastasi_kononova"
insideview_russia,channel,INSIDEVIEW,1788,MAKE UP LIKE NO MAKE UP «Вторая кожа в твоей косметичке»  Связаться с нами: @insideview_ru  Купить: https://insideview.ru/  https://goldapple.ru/brands/inside-view  https://www.ozon.ru/seller/inside-view/  https://www.wildberries.ru/seller/1366231
igrobeauty,channel,"""ИГРО""",444,"- Продукция для салонов красоты  - Учебная Студия «ИГРО»  - Поставщик брендов: Nirvel, Depilflax, LeviSsime, Starpil   Телефоны офиса: +7 (495) 109-33-33 +7 (495) 988-58-59  Наш сайт: https://igrobeauty.ru/"
beauty_in_art,channel,Больше красоты!,249,От современного искусства до Возрождения и обратно 💫 @jul_july
ikuragina,channel,КУРАГИНА,188,Инна | Fashion стилист | Influencer  Сотрудничество и реклама: inna.kuragina@bk.ru (89308100616)
auntbeauty,channel,Бьюти тётя 💄,209,"Привет 👋 Я Настя Здесь тебя ждут распаковки, бьюти-находки и конечно же макияжи💋 Связаться 📩➡️ @sunny_bunny_mua"
beauty_studio_m,channel,Beauty Studio Инны Морозовой,107,"Ул. Митинская, 28, к.5, 5 подъезд, вход со двора  Номер студии: +79162007999 Связь через телеграмм: @beautystudiomitino  https://yandex.ru/maps/org/beauty_studio_inny_morozovoy/79349416676/  Самостоятельная запись https://slout.ru/a/2vzka/gnhd/"
inchocozhuk,channel,В Шоколаде,308,"Онлайн-запись: clck.ru/3PcBWh Сайт: inchocozhuk.ru  * Эндосфера тело/лицо * Фотоомоложение Lumeca * RF-лифтинг Morpheus 8 * Лазерная эпиляция  * Heleo 4 PRO  📍г.Жуковский, ул. Гризодубовой д.6 ☎️ +7 (499) 288-13-79; +7 (916) 732-72-23"
kraft_soap_innula,channel,Innula,112,Натуральная косметика и мыло 🌱
outinsidedesign,channel,Out_Inside,220,"Каждый стежок - слово, каждая вещь - история Дизайнерская одежда, индивидуальный пошив По заказу писать @Devochka_s_veerom https://t.me/kapriolka - второй канал о творческих буднях 🔥 https://www.instagram.com/kapriolly?igsh=NmRreDEyZnh0d3pv"
innsloy,channel,INNSLOY,101,"Территория здравого смысла в уходе: разбираем составы, объясняем активы, убираем шум. Только честные разговоры о коже и адекватная цена за чистый состав."
shoonya_finvasia,channel,Shoonya_Finvasia(unofficial),1807,"Disclaimer : This is shoonya unofficial channel  , dont share your personal data here"
olly_shhhhh,channel,Шашлык на связи,86,"Всем привет! Рада, что вы подписались. Тут я буду выкладывать все свои мысли, фото работы, котиков и немного навалим кринжа! Спасибо за подписку 💕  Со мной можно связаться для заказов: @olly_shhhh"
holypollys,channel,холи полли вайбс,287,про музыку и жизнь 🖇 по всем вопросам: @holypollyss
olystg,channel,Олис обо всем,258,https://www.twitch.tv/olyss
mollys_room,channel,Компания Mollys_Room,296,Бренды:  ™️LAC ™️ELL LOUREL ™️BALANCE  ™️MONTONE ™️WISH  Наш сайт mollysroom.ru
booksyy696,channel,Booksy Shop Отзывы,1529,
b_oo_k_99,channel,مكتبة الكتب والروايات،ومنتزه القُراء,118,اصنع كوبًا من القهوة  وافتح كتابك المفضّل، ودعنا نبحر معًا..  فالقراءة هي الغموض الوحيد  الذي يمنحنا الإجابة. ✨📖 هذه القناة رفيقك الدائم لترشيح أفضل الروايات والكتب، هنا أدعمكم بالكثير من الكتب الملهمة  والجميلة والذي نالت إعجاب الجميع واصبحت اكثر مبيعا.
flibustabotflud,group,@bookbotgroup [ФЛУД] Flibusta Book,103,"Относительно дружелюбное сообщество   Основной чат — @flibustabotgroup Канал — @flibustafreebook Викторина — @flibustaquiz  Запрещена реклама, порнография, файлы книг, откровенный мат и буллинг.  Статистика чата combot.org/c/-1001324010243"
pruss882,channel,Книжница,18,
booksvam_info,channel,КнигВам🌼Информация,7,🔸 ПО ВСЕМ ВОПРОСАМ @Connection_BooksVam_bot  Информация по всем розыгрышам и сотрудничествам канала @BooksVam
zhabpizdit,channel,Глистовый поход,10,Основа: https://t.me/Woodcoque
bigeyedbookbot,bot,Глазастые книги,,Помогаю находить людям знания и книги.
knigi_online_bot,bot,Поиск книг онлайн,,Все книги размещаются по партнерской программе от Литрес.  Обратная связь @books_oasis_bot
hershey236bot,bot,Языкастые книги,,"Просто удобный бот для прослушивания и поиска аудиокниг.  По авторским правам, рекламе, проблемам. Пиши сюда: @AlexTwo2"
reader_robot,bot,Book BOARD,,По всем вопросам: @TipExpert По рекламе: @ksyshabord
booksfreemebot,bot,Скачать книги ✅,,✅ Бот работает по партнерской программе ЛитРес.
alsidbot,bot,كتب الزيدية,,بوت الكتب يحوي كتب الزيديةوكتب أخرى ☑️| بوت الكتب™ ⚠️| البوت قيد التحديث والتطوير  ⚙| المطوِّر: https://t.me/Books_abot
bibliothecafuturibot,bot,BibliothecaFuturiBot,,Библиотека будущего - для читающих и думающих людей
booksfromtaisabot,bot,𝐁𝐎𝐓 𝐁𝐨𝐨𝐤𝐬 𝐟𝐫𝐨𝐦 𝐓𝐚𝐢𝐬𝐚,,За подробицями звертайтесь до @admitaisa 💗  Бот каналу: https://t.me/booksfromtaisa
buugaagbot,bot,📖 KAYDKA BUUGTA 📖,,Hoyga kobcinta iyo akhriskaabka ee umada somalida
helloflovee,channel,Hell of love,513,Всем привет!  Наличие товаров и их стоимость можно узнать тут: https://vk.com/hellofloveshop Ozon: https://ozon.ru/t/AVe0MBd  По всем вопросам пишите в личные сообщения @hellofloveadmin 🕊️
halloflegendsofficial,channel,Hall of Legends Announcement,137,$HOL Bringing Legends Together  TG Group: https://t.me/halloflegendsioOfficial Website: https://www.halloflegends.io/ X: https://x.com/halloflegendsio?s=21&t=_gg4HyEjFxdXU7PWWZ6kUw Linktree: https://linktr.ee/halloflegends
byzizeronn,channel,books&more | by zizeronn ❤️,340,"Привет! Я Аня Цицерон – книжный дракон, путешественница и поттероман⚡️  Здесь ты найдешь: 📚отзывы на книги (я их не только собираю 😁) 🗺рекомендации по городам и классным местам (РФ) 📸фото и скетчи 🖋 💭мысли вслух и истории из жизни  Для связи – @zizeron"
haramayainfo,channel,HU Academic Bridge,1831,"Your one-stop destination for academic success!  📚 Free Textbooks 📚 Entrance Exam Q&A 📚 COC Resources 📚 Remedial Student Notes 📚 Educational Updates & Tips   Empowering students with knowledge, resources, and opportunities.  📩Contact: @kppromise"
kampus_news,channel,Кампус Новости,679,"Кампус — экосистема для студентов России • Приложение с расписанием твоего ВУЗа, вакансиями, подслушано и скидками 👉 https://campusapp.ru/ • Подготовка к сессии с нуля  👉 @learnandlearnmath"
ifb_cgam,channel,IFB Campus Gama,169,Canal oficial do Instituto Federal de Brasília - Campus Gama. www.ifb.edu.br/gama
pmbunivsanggabuana,channel,Universitas Sangga Buana,340,Informasi PMB Universitas Sangga Buana
kampus,channel,Кампус Медиа,49,Пространство для инноваторов и предпринимателей
golkskampusssa,channel,Голос кампуса,311,"goloskampusa - мы в тик токе, подписывайся! https://www.tiktok.com/@goloskampusa?_t=ZS-8zkF0igzX7P&_r=1"
wrldzhan,channel,Әлемжанның жаны,282,NIS ‘25🇰🇿 CMU-Q ‘29🇶🇦
kingstore_ulyanovsk,channel,KINGSTORE УЛЬЯНОВСК | Твой бутик гаджетов,944,По любым вопросам: @Kingstor_ulyanovsk  Почему выбирают KINGSTORE? - Более 100 магазинов по всей стране - Trade-In: скидка до 70.000₽ за старый iPhone - Рассрочка до 36 месяцев без переплат - Кредит от 12 банков - Пожизненная гарантия  ИНН 027721639102
mymokondo_outlett,channel,MyMokondo NEW&SALE,618,Для заказа пишите @MyMokondo_shop
macsferastore,channel,МакСфера магазин техники APPLE • GARMIN • DYSON | Новороссийск,167,"Мировые бренды по приятным ценам. Есть проблема с ремонтом или настройкой гаджетов? Мы решим!  ТРЕЙД-ИН • ГАРАНТИЯ Доставка по Новороссийску  ул. Котанова 1Ж к1, 2 этаж 8(928)88-22-468"
hackintoshru,channel,macintoshru,10,создаем сообщество)
mobistorede,channel,"MobiStoreDe — Apple, Samsung, Dyson || Новая и Б/У в идеальном состоянии | Гамбург, Германия",14,
makclife_bot,bot,Бот МАКС-Жизнь,,
maxcomchatbot,bot,Чат с maxcom.by,,Телеграм-поддержка компании Макском.  Задавайте вопросы — получайте ответы!
maxsiteorg_bot,bot,MaxSiteOrgBot,,"Этот бот демонстрирует возможности, которые вы можете заказать для своего сайта"
amardeep1234567,group,netflix Amazon movie HD,1026,No pron content🚫 --------------------------- No abuse words 🚫 -------------------------- No promotion🚫 ----------------------- For any queries contact admin and Owner
housewindsor,channel,Дом Виндзоров: Жизнь и История,1386,👑 История и жизнь БКС 📌 Канал о других роялсах: https://t.me/RoyalNewsTR Контакты: @LamagiaaaaBot Проголосовать: https://t.me/boost/HouseWindsor
nfaccsgiveaway,channel,NETFLIX ACCOUNTS GIVEAWAYS,234,
hallo_flix,channel,Hello Flix Hollywood In Hindi Tamil Telugu Kannada Malayalam English,103,https://t.me/+2fGtLtm0R8ZkY2Fl  ♥️Join to Our channels.....👇 🌟 @Star_Flix ♦️ @PVR_Flix 🔹 @DramaCoolHindi 🔶 @Super_Childhood @HQMovies_Of_MonsterVerse @HQMovies_Of_Marvel_And_DC
televisionenvivo,channel,👩‍💻 CLICK TV PRIVADO - STREAMID - IBO PLAYER 🎦,236,"🖥️  𝐏𝐑𝐎𝐌𝐎𝐂𝐈𝐎𝐍𝐄𝐒 🥳 Netflix, Max, Disney+, YouTube, IboPlayer, PrimeVideo, Spotify, etc.  ⚽ EVENTOS DEPORTIVOS 📺 ACTUALIZACIONES DE CINE     🇪🇨 𝐍𝐔𝐄𝐒𝐓𝐑𝐎 𝐖𝐇𝐀𝐓𝐒𝐀𝐏𝐏  https://wa.me/593939166222  https://wa.me/593992723426"
newmoviesbollywood2022,channel,Netflix new webseries,117,Netflix new webseries release date hi this telegram channel par upload ho jayegi
junji_ito_collection_hindi,channel,NETFLIX WEBSERIES AND MOVIES,122,"Enjoy free HD downloads, in-depth reviews, breaking news, and behind-the-scenes insights. Stay updated with daily releases and connect with fellow Bollywood fans. Join now and never miss a beat in the world of Hindi cinema! #BollywoodMovies #HindiCinema"
moviess12341,group,Amazon & Netflix movies and Webseries♨️👺,22,"🔥🔥🔥🔥🎬 Hollywood 🎬 🌈 Bollywood 🌈 ♨️ Tollywood ♨️ 📺 Indian web series 📺 📽️ Netflix web series 📽️ 🔊 English , Hindi , Tamil , telugu 🔊 🔥   ALL TYPES MOVIES ARE HERE ✨           Admin  @moviess12341"
ivys_hidalgo,channel,𑇛゙ ⃝. . 𝑰𝒗𝒚 - 𝒄𝒉𝒐 ៹ ᱙᱙ 𝆹𝅥,8,Персонаж принадлежит — сетке [https://t.me/newsetkaps]
nechego_tv,channel,Нечего Смотреть | Онлайн-кинотеатр,9,https://nechego.com
lelauh,channel,literasi disini.,5,masih nanya? istighfar dah lu.
inuichat,group,INUI Chat🛠,1175,FAQ по самым популярным вопросам — https://t.me/inuics/350 Найти тиммейта: @inuifindteammates Обратная связь: @INUICS_bot Сайт: inui.com | Статус: status.inui.com Поддержка: help@inui.com | help.inui.com Discord: dsc.gg/studiog04
incubeaichat,group,INCUBE Chat,1683,
inparty_chat,group,InParty - Обсуждение приложения,888,Чат для обсуждения приложения - тут можно писать свои идеи и предложения   Ищу друзей в Москве: @inparty_msk Ищу подругу: @inparty_girls Онлайн общение: @inparty_talk  Для вопросов по оплате пишите на support@inparty.app
solicoinchat,group,Solicoin chat 😁,26135,CA: 0x0EAdDCBe240d7Eeb1bA21f1EED48E58293969c6e
chat_incool,group,Чат incool,137,"Обсуждаем проекты размещенные в чате.Не обсуждаем простые удвоители!  Запрещается Оскорбление участников Политические темы. Разведение межнациональной розни. Рекламные сообщения со своей рефссылкой, реклама.  Информационный канал - https://t.me/incool"
indiechat,group,Индичат,84,Чат канала @indiedead
incident38_chat,group,Чат Инцидента Усть-Илимск,4444,"@Post_incident38bot Администрация Инцидента, предложить новость."
infotonchat,group,TON Info Чат,671,Чат канала @infoton Рассуждения о TON на русском языке.  Правила: t.me/infotonchat/19  Telegram Info: @tginfo Telegram Info Чат: @tginfochat  Монеты t.me/joinchat/AAvIEkFZSiq4xOwETnF7dg  Офтоп: t.me/joinchat/FCvwtkANkEp4L90h9TzjXQ
incs2chat,group,Чат INCS2,485,Чат канала @INCS2  Обсуждение Counter-Strike на русском языке.  Правила: t.me/INCS2chat/77
kolodinchat,group,Антон Колодин Chat,2498,
inosmi_chat,group,Архив,1463,
chat_inekb,group,"""Поболтаем в Екб@""🤗",678,"СТРОГО 21+🤬 ⛔ЭТО НЕ ЧАТ ВПИСКА⛔ Писать в чат только со своим именем и фото🛑 Если хочешь позитивного общения, поездок на пикники, походов в кино-кафе,🎉  напиши: ""привет!""😋. За рекламу, грубость, и т.д. бан без предупреждения! Любые вопросы: @VladislavIvano"
inchsad,channel,INCH - первоклассный детский сад в Самаре,69,Первоклассный детский сад в Самаре.  https://www.inchbyinch.ru  Шаг за шагом развиваем будущее поколение на родной земле с первоклассным сервисом и заботой в первую очередь о ребенке.  Задать вопрос или записаться на экскурсию @inCh_sad
ml_insidechat,group,MLinside - чат и cообщество,683,
naehavshie,channel,Понаехали,48938,"№ 7010094717  Две украинки, которые уехали в Россию из страны победившего майдана.  Самый лучший в мире чатик здесь: https://t.me/naehali_chat  Обратная связь: @ponaexali_bot  Наш MAX: https://max.ru/join/f3geX3uLTyDiaLSgG7jKjcg2Z-Qh_lyFi40Y-Tp0oA4"
pzabotinaaa,channel,zabotinaa,5903,inst: p.zabotinaa По всем вопросам - @pzabotina
tdq0yqaqn5mymmy,channel,nas.kafe • sweetbabyyy • itsvivva,116,
alehandro_life,channel,🦭Алехандро_life🦭,74,
yamaha_storegg,channel,Гараж Yamahi,30,
svilagnezdo,channel,гнездо,82,ну вы это там заглядывайте
llavroova,channel,llavroova,68,обо всём 🌱  предложения и реклама: @llavroovaa  inst: https://www.instagram.com/llavroova?igshid=NGVhN2U2NjQ0Yg==
jurinmarryme,channel,Лягушатник,81,
homed_me,channel,Одомашнено,56,Наконец-то личный канал
dongnanya796,group,缅甸 泰国 柬埔寨闲聊群,30,东南亚缅北吃瓜 https://t.me/lunjian668
pavloput,channel,Павлоflow,18,Меми + мої не дуже смішні жарти
ikonabooks,channel,Записки Василинки 🪄,3122,"Тут читаем книги и смотрим на котиков🐱 Расскажу, что почитать, если запутались в выборе  По вопросам - @ikonnikovaaa  ВК: https://vk.com/ikonabooks Распродажа книг: https://t.me/ikonabooks_sale"
ilyabirman_smotrit,channel,Бирман посмотрел,1079,
kirillferapontov,channel,Кирилл Ферапонтов,71,Очень качественный контент
mrbeanporno,channel,Mr. Bean Porno,49,@smthinwicked
iliaiakovlev,channel,iliaiakovlev,181,💫 Твой успех неизбежен
segodnyaposmotrel,channel,Сегодня я посмотрел...,132,"Кинодневник и мемы  Автор: Артём Гейко, сценарист и музыкант.  Связь: @beregost"
videoeye,channel,videoeye,130,"Пишу про кино, что бы помнить что посмотрел. Не анализирую, а как запомнил.  Поток текста. Лабиринт перекрестных ссылок."
mo0deater,channel,nightarchive,76,посмотрел подпишись @m0odeater лс
ash_tree_lane,channel,Дом на Ясеневой улице,106,"Мой мир интересов. Рассказываю о том, что посмотрел, прочитал или во что поиграл и иногда разбавляю мемами/ссылками на то что мне нравится."
kiwieducation_chat,group,"Чат Kiwi Education | Новая Зеландия, Австралия, Канада",1842,"Учеба, жизнь, иммиграция в Новую Зеландию, Австралию и Канаду. Обсуждение виз и последних новостей  🇳🇿🇦🇺🇨🇦 @kiwieducation  🔥 Тонна бесплатной информации по переезду в блоге www.kiwieducation.ru  📺 https://youtube.com/@kiwieducation"
chat_for_sailors,group,"Чат моряков 🚢 Работа в море, зарплата, вакансии, банки, банковские счета и карты, визы, шенген, трансферы, объявления, новости",840,"✅ Добро пожаловать в ""Чат моряков""! Здесь вы найдете вакансии, советы по трудоустройству, информацию о банках, счетах, картах, визах, трансферах, зарплатах, а также объявления и новости для моряков. Присоединяйтесь и будьте в курсе всего самого важного! 🚢"
shvartovka_chat,group,🚢 ЧАТ/AREA «Shvartovka» МОРЯКАМ🚢,4033,
marinehackers,group,🚢🚢⚓SEAHULL MARINE JOBS⚓🛳🛳,570,Here we post onboard vaccancy for seaman from top rpsl company and itf companies  you can contact us in Whats app  for more details
sailors_world,group,Marine jobs latest for indians,126,Marine Jobs latest for india
moryakiruvopros,channel,Моряки РФ ⦁ Вопросы 💭,179,"У вас есть вопрос? Напишите его нашему администратору, и мы всё опубликуем!  🤵🏻 Написать вопрос ➜ @moryakiruadmin   👨🏻‍💻 Отзывы ➜ @moryakiruotzyv   🤖 Бот ➜ @moryakiru_bot  🧑🏻‍💻 Наш сайт ➜ moryaki.online  📧 Почта ➜ moryakiru@gmail.com"
union_ukr_fr,channel,Union des Ukrainiens de France,200,Compte officiel de l’Association l’Union des Ukrainiens de France 🇺🇦🇫🇷🇪🇺
ua_power_berkut,channel,UA_POWER_BERKUT,324,СЛАВА НАЦII—СМЕРТЬ ВОРОГАМ...
popeyesteroids,group,Popeye Steroids SAA - Group,848,"💪 Official Popeyesteroids Group.  Welcome to our Chat group, where you can get store updates and promotions that others miss. Watch out for scammers!"
popeye_bassplayer,channel,Кудряш,185,Канал Женьки Кудряшева
popelpen,channel,PopelPen Calligraphy tools,342,www.popelpen.com Инструмент для каллиграфии. ВИнтажные перья. Аксессуары из натуральной кожи.
papa_france1,channel,FRANCE🇫🇷,241,Top 4 Player in Yakutia💎
popeyeinfo,channel,POP-EYE,72,“Mancava giusto un sito di cultura pop”.  https://www.pop-eye.info/
popelera,channel,Popelera | Noticias musicales,87,Hablamos de música pop
sweetoneove,channel,$weet 1ove🎧,63,God damn! a OVERLOAD.mp3!!
popeib,group,黑教皇 6️⃣5️⃣5️⃣3️⃣6️⃣,30,[刀鋒三體] 黑教皇系列討論群組 Blade Trinity MT4 EA  ‼️本群多數成員以觀摩為主，互動不頻繁屬正常現象。若你期待高互動或即時討論，這裡可能不適合。‼️  本［全自動複合型 EA］需要使用者具備基本交易經驗，並能理解基本的風控與下單概念。如果目前還在學習交易基礎，建議先學會手動交易，例如：吉米法。  有任何問題請在此公開發問： https://t.me/PopeIB/787
pohodynesomebody,channel,🫧походу не самбади🫧,31,Домашний пээу  ЧАТ: https://t.me/+DUR023PR1XxkMjMy  📍YouTube: https://youtube.com/@pohodynesomebody 📍VK: https://vk.com/pohodynesomebodymusic
transportofkommunarka,channel,Транспорт Коммунарки,186,"Канал про транспорт Коммунарки. Здесь будут публиковаться аварии, связанные с общественным транспортом, сбои в метро, изменения расписания автобусов и т.д."
corpusborealis,channel,CORPUS BOREALIS,89,"Самая большая коммуна в СПБ, а также самое северное и самое ловкое буги.  По всем вопросам -> @raped_by_god Московское отделение -> https://t.me/magnumcorpus"
depgkkyanao,channel,"Департамент тарифной политики,энергетики и ЖКК ЯНАО",160,"Официальный аккаунт Департамента тарифной политики, энергетики и жилищно-коммунального комплекса ЯНАО"
lksm45kurgan,channel,ЛКСМ РФ | КУРГАНСКАЯ ОБЛАСТЬ,26,Официальный телеграм-канал Курганского регионального отделения Общероссийской общественной молодёжной организации «ЛКСМ РФ»   Вступи в комсомол и прояви себя! О нас: taplink.cc/lksm45kurgan
invest_tochka_g,channel,INVEST REALITY / Точка G,462,
richynews,channel,Онлайн проекты и мемы),821,"💰Некоммерческий канал об интернет игрушках,инвестициях и проектах. А также актуальные мемы и юмор. Инфа о платформах, токенах, эйрдропах. Только обзоры. Помните о 100% рисках! Канал НЕ призывает вкладывать☝🏼Только для ознакомления ✅ Чисто по приколу 😎"
buissnesangels,channel,БИЗНЕС АНГЕЛЫ РФ,624,"GB Бизнесангелы.рф - это платформа, которая соединяет начинающих предпринимателей и инвесторов, готовых вкладывать  средства в перспективные стартапы. Наша миссия - помочь талантливым и амбициозным основателям найти финансирование и поддержку."
russtockmarket,channel,Российский фондовый рынок,128,"Инвестиции в Российский Фондовый Рынок, финансовая и инвестиционная грамотность, психология денег, акции и облигации."
king_invests777,channel,King Invests👑| Инвестиции для всех,468,✅Инвестиции простыми словами                    📹YouTube: https://www.youtube.com/@king_invests                                                               💬Чат: @King_investsChat                                        📱Связь - @mary_bagel по всем❓
olga_vseprodengi,channel,Ольга 🏦 Деньги В Порядке,187,"Этот канал для тех, кто верит, что  цифры и учет - это красиво, а бюджет - это про свободу  Для тех, кто хочет принимать разумные решения, вкладывать с умом и тратить со вкусом Рациональные гедонисты - вам сюда 🙌  Связь @olgavsevp"
alterzayminvest,channel,AlterzaymInvest,119,"Варианты вложений с доходностью 20-60 % годовых от квалифицированного инвестора (управляю портфелем более 140 млн руб) Тут сделки с пассивным доходом:  недвижимость, авто, займы бизнесу. В часть сделок вхожу своими деньгами. Для связи @faermankonstantin"
estate_groove,channel,Поместье ГРУВ,631,Загородный клуб на берегу реки недалеко от Санкт-Петербурга
naumosti,channel,Наумости,302,"Диджитал директор VIZIT, шовинист, ксенофоб, сексист, гомофоб, традиционалист, атеист, мясоед, капиталист, кофеман, гурман, сибарит, - и мне охуенно."
chemodan_sobirai,channel,Chemodan sobirai,145,"Туры и девичники/Казань дружить и путешествовать по России и Татарстану • красивые встречи,маленькие походы"
tajuliiya,channel,ТаЮля путешествует,114,"Привет! Меня зовут ТаЮлия! Здесь рассказываю и показываю, что будет, если не сидеть дома.  Я из Санкт-Петербурга. Люблю Путешествовать. В этом блоге рассказываю о самых интересных местах, городах и странах, которые посетила лично."
guthealthgurus,channel,Gut Health Gurus,56,"Leading the Gut Health Revolution since 2012. We are a supportive group of Gut Health Advocates passionate about sharing recipes, advice, tips and tricks related to making Kefir, Kombucha, Fermented Vegetables other wild ferments and all things gut health"
travelangelika,channel,Путешествуем вместе,62,Как то скучно мы живём... погнали
sorocpyatiyscvad,channel,@гурман#555,91,"dm - gourman3 (кидайте биты, фиты, все че хотите) https://t.me/clUb555ddx"
irkutskkiberone,channel,KIBERone Иркутск,543,Первая международная школа для нового IT-поколения
itsuriipek,channel,Itsuriipek,47,Мой лс - @ipetrai  Анон - t.me/voprosy?start=qmnqnx8 TikTok: www.tiktok.com/@itsuriipek
irychs_office,channel,Папка Ирича Жасти (и кляксы Киры),10,"Галерея, заметки к историям, щитпост и прочее. Много букав.  +16 (матюкаюсь)."
sun_space_qw,channel,𑀝᧐δᥲκᥲ Иρᥙны А᧘ᥱκᥴᥱᥱʙны 🤍,224,Всем приветик!! 💋 _______________________________ «рикуля» — владелец (ж.р)  «Не Владелец.» — админ (ср.р)  _______________________________ По вопросам к: @erikxxst
dobroeperm,channel,"Приют Доброе сердце, Пермь",973,Приют для собак в Перми
veritate_vacancy,channel,ПАРФЮМЕРНЫЙ HEAD HUNTER,32,Для получения информации о возможностях совместной работы и условиях приобретения продукции @y_bazanova
inedibledoll,channel,Inedible Doll,420,inedibledoll.com Official Channel  DM: @inedibledoll_helia
mhnvis,channel,مُنگه‌ها,598,﮼مُنگه‌های‌من🖇 ﮼یکمی‌ازنوشته‌هام ﮼یکمی‌ام‌غر  ﮼ازاینجامی‌شنوم📫  https://t.me/HarfinoBot?start=f015146574a4c17  ﮼وممنونم‌‌که‌‌فوروارد‌میکنی!
starsonherhairs,channel,We can live forever if you got the time🏳‍🌈🏳‍⚧,167,I cant hear you elias there is a DOOR in the way:>  They/her/it/star  I  do draw but i mostly yap here
stollme,channel,voulez-vous,46,еvery nervous day shapes you into the person you are.
spring_sn0w,channel,𐔌 𝑆𝑆 𝑅𝑢𝑚𝑖 ˙.,95,сайдик: @rumiiww инфо @inforumichanel анонка: @AnonRumiiBot
jingyixinshi,channel,瀞怡の歌單,6,
ansxwerx,channel,⊹⃬۫🍓 ‌᩠໋࣪꣹۫,3,Channel : @Qxuec
oatside,channel,£nigma,2,
forev07,channel,Forever,3,@klttjibot
cosmicstories,channel,Про индуизм понятно и вне рамок религии,1326,
leans_creates,channel,leans_creates,529,art manicure Saint-P
apstories,channel,Лю.Чи. / Любовные Истории ! Психология !,593,Пригласить своих друзей можете по пригласительных ссылок🙏 https://t.me/+qYLI1W3Q9AoyNjgy https://t.me/+YQGlMwBgTxQ3M2Ji https://t.me/+QcQpo-y7ZCA1MTky https://t.me/+hLPthd3ILSBmZGUy https://t.me/+-8w-KCSJEMgyNDQy
sweetbuninstories,channel,Я у папы геймерка 18+🥐,391,И сладкая булочка. Добро пожаловать в мир сурового женского гейминга.
be_soully,channel,Медитирующий маркетолог,290,"Даша💛 Веду [пуб]личный дневник маркетолога для экспертов и бизнесов, кто хочет превращать подписчиков в клиентов и расти х2 через контент.  Хлебом не корми, дай начать челлендж😂  Трудоголик, который учится slow-life.  Запись в работу 👉🏻 @dasha_zhe"
kaerinth707,channel,ƙ𐐼‌ꫀɼiηtɦ,29,
loveranhigs,channel,Признавашки РАНХиГСа,1114,"Москва, любовь, президентская академия😈  Предложка @RanhigsLoveBot"
isaeva_beauty,channel,Студия и школа маникюра ISAEVA BEAUTY,231,ТЕРРИТОРИЯ СТИЛЯ  • команда 🔝 мастеров • маникюр + педикюр в 4 руки  • курсы маникюра и педикюра
isaevasaspb,channel,"Недвижимость СПб, Сочи, Крым, Алтай | Светлана Исаева",240,"Премиальные решения в СПб и на курортах (Сочи, Алтай, Азия). 20 лет в госслужбе и Росреестре. Юрист. Подбор новостроек — 0₽. Пишите: @isaeva_sa"
engspresso_isaeva,channel,Английский с Ольгой Исаевой,211,"Ольга Исаева, преподаватель англ 🇺🇸Английский для релокации, работы, учёбы за границей без зубрежки и стресса 🇬🇧Мои клиенты уезжают учиться и жить в Европу и США 🇺🇸Начнёшь говорить,а не заучивать уже на первом занятии    Для связи @Olga_EnglishTutor"
isaev_inc,channel,Vitta Lucis | ISAEV SPACE,167,"Я очень сильно люблю видеоигры, рассказываю о своих проектах, делюсь своим опытом и процессом разработки: https://isaev.space"
hodilaizba,channel,hodíla ízba,768,"телеграм-канал избы. чуть больше лайфа, чуть ближе к вам🫂  связь через @mawawiw"
isaev_public,channel,ISAEV,262,TRANSIVER | НЕЙРОМОНАХ ФЕОФАН | KAPRANOV | DRUMSTARZ | SHOKRAN
ruedigerdahlke,channel,Ruediger Dahlke,27453,
terveyskanava,channel,Terveyskanava,694,Luonnollisia terveyteen liittyviä ratkaisuja.
polizeigewalt1,channel,Gegen Polizeigewalt,46,Ein Kanal zum Dokumentieren von Polizeigewalt
infomixer,channel,Info-Mixer,5,
kontre_kulture,channel,Kontre Kulture,8,📚 Maison d’édition 🏬 Librairie à Paris @LibrVincent 🎓 Séminaires de formation
palawan_chat,group,Палаван чат | Эль Нидо | Пуэрто Принцеса,748,Палаван чат | Эль Нидо | Пуэрто П  • Чаты по 140 странам МИРА: @tele_360chat • Анонсы новых групп: @slavianskiy_forum  - Реклама: @PR_3600 - Как снять БАН: @unlock_360 - Техподдержка / АДМИНЫ: @FAQ360  ПРАВИЛА ЧАТА + проверенные люди: telegra.ph/360-10-05
rinagovorit,channel,Рина FM 📻,210,"Ой, ну тут короче будет всё, моя жизнь, мои мысли и т.д. Просто, потому что я не могу держать это всё в себе🤭 Мой Таро-канал: https://t.me/spelltime"
retratosdeafrodite,channel,˖ ࣪⊹ 𝓻𝙚𝙩𝙧𝙖𝙩𝙤𝙨 — 𝓭𝙚 𝓐𝙛𝙧𝙤𝙙𝙞𝙩𝙚.ᐟ,45,cada clique da câmera é uma oportunidade de contar uma história – uma vida movida por cliques  by @fleursaphrodite.
amourpaixfraternite,channel,LA VIE EN POURPRE,82,"Amour, paix et fraternité, est-ce kitch? Pas tant que cela. Car les cultiver est assurément la chose la plus difficile qu’il soit sur terre. Suisse, le 21 octobre 2023"
ivokaoi,channel,۫ ⸼ 𝘂вок𝗮 эл,18,"𝓤 вока  –  музыкант & журналист, дарующая всем людям тепло и комфорт"
infoella,channel,Info Ella,23,
alel_gutz,channel,🖋Пишущая машинка А-Лель🖋,6,"📚 Автор без авторства, но с автографом 🧩 Пишу YA, NA, СЛР и всё, что короче 3-х букв~~"
infhree,channel,𝐈𝐧𝐟𝐨,2,@three_aam
alinaprix,channel,"Алина, хочу астроразбор!",186,"Канал для женщин от астролога и коуча ICF 💫  Подскажу, как расти в доходе ✨ занимаясь любимым делом  ✨ оставаясь Женщиной и классной мамой   Кейс +250к после моей консультации  Услуги https://alinaprix.com/ Обсудить свой запрос @alinaprih"
otto_kampfmann,channel,Otto Kampfmann 🇷🇺♓️⚡️,181,"""Меня почтят равные мне. Потом, однажды, я умру""  (С) Алексис Кеннеди, Cultist Simulator"
annbellia,channel,Ann.beli,158,
aafashionlounge,channel,A&A Fashion,76,"Style ,trends, High fashion"
puzosale,channel,"Ничего не случается, пока кто-то что-то не продаст (Дэн Кеннеди)",68,Цитата из книги Дэна Кеннеди «Жёсткий менеджмент. Заставьте людей работать на результат»
solarbunnyfigure,channel,Солнечный зайчик | 3D печать и покрас фигурок,42,Добро пожаловать!   Мы создаем уникальные аниме-фигурки по вашим любимым персонажам - от печати до ручной покраски. Наш каталог в ВК: https://vk.com/solarbunnyfigure Мы на Авито: https://www.avito.ru/brands/68bfb283dd2e2e4483fae5bcc2865403?src=sharing
elins11,channel,_elinnn_s_💗,437,🫶🏻
elynas67,channel,РЕСТ . ʚ! 𝗌𝗎𝗉𝗋𝖾𝗆𝖾 𝖼𝗈𝗎𝗋𝗍 ::ɞ,13,«𝗌𝗂𝖻𝖾𝗋𝗂𝖺𝗇 𝗎𝗅𝖼𝖾𝗋𝖺𝗍𝗂𝗏𝖾 𝖼𝖺𝗍𝗍𝗅𝖾 𝖻𝗎𝗋𝗂𝖺𝗅 𝗀𝗋𝗈𝗎𝗇𝖽»
labyr1nthent,channel,𝖫𝖠𝖡𝖸𝖱1𝖭𝖳𝖧 𝖤𝗇𝗍𝖾𝗋𝗍𝖺𝗂𝗇𝗆𝖾𝗇𝗍 ( 🏵️ )),22,.  .  . 𝙇𝘼𝘽𝙔𝙍𝟭𝙉𝙏𝙃 𝙀𝙣𝙩𝙚𝙧𝙩𝙖𝙞𝙣𝙢𝙚𝙣𝙩 — компания в сфере виртуальных услуг(не ОИ) под руководством Риона Окада Дельдаго.
pussivovkuse,channel,Пусси во вкусе,16393,"Авторский канал блогера Дианы Лайв! Фантазии автора ✨  Реклама - @DianaSpletniLive , @sofiamediab или @dianalivefeed_bot  На ☕️ https://t.me/tribute/app?startapp=dFrg  https://boosty.to/dianaspletnilive/donate  Сплетни и инсайды сюда - @dianainsidenews"
loraart_book,channel,Лора - книжный Ревизорро,776,"Дисклеймер: Все рекомендации и отзывы, представленные на этом канале, основаны на личном вкусе и предпочтениях автора. Они не являются универсальными и могут не соответствовать вкусам и интересам других читателей.  ЛС: @loraartbook"
russiantastesfest,channel,Фестиваль «Вкусы России»,427,13-23 августа 2026 года. «Вкусы России» в формате фестиваля будет проходить уже в пятый раз.  Организаторы:  Минсельхоз России совместно с Правительством Москвы  Сайт фестиваля: russiantastesfest.ru Связь: info@russiantastes.ru
kofeynya_botanika_vkusa,channel,Кофейня Ботаника Вкуса,130,"Кофейня для тех, кто ценит детали 🤍  📍ул. Баки Урманче, 5А/1  пн-пт 7.00-22.00 сб-вс 9.00-22.00 📍ул. Баки Урманче, 20 пн-пт 8.00-21.00 сб-вс 9.00-21.00"
test_shot,channel,73st_sh07,120,
mahphotographyclub,channel,Mah Photography Club,402,Amazing Wallpapers
uhwhaaaa,channel,фотки от шумши,13,фотке фотке и ещё раз фотке!
gmdfotki,channel,фотки,3,
photostok_official_bot,bot,Фотосток,,
ameliarolich_club,channel,Amelia Rolich • @ameliarolich • Model,497,Amelia Rolich FanOfficial 🇮🇹🇨🇳🇩🇪🇮🇱🇪🇸🇫🇷 🎯https://t.me/young_top_russian_faces 🎯https://t.me/AbramovaUstina 🎯https://t.me/AntonovaViolaClub 🎯https://t.me/terehova_stefaniya 🎯https://t.me/akhmetshinaasel 🎯https://t.me/samusevamaryiaClub
umodelagency,channel,#UMODEL модельное агентство и школа моделей Мытищи Москва,458,"Школа моделей и агентство UMODEL. Продвижение по России и заграницей.  Обучение моделингу с нуля 3+, 16+, 30+.  max-n7rt  Соц сети: Сайт Https://umodel.pro ВК https://vk.com/umodelag  Https://www.instagram.com/umodel_agency_moscow"
originailmogilev,channel,МОДЕЛИ Могилев,187,"По вопросам размещения — @origi_nail  Ищете моделей для своих работ или хотите найти услуги по доступным ценам? Мы здесь, чтобы помочь!  🔍 Для Мастеров — Найдите моделей и расширьте своё портфолио  💆🏻‍♀️ Для Клиентов — Получите услуги по цене материалов"
goldmodelstula,channel,GOLD_MODELS TULA,190,Модельное агентство “GOLD_MODELS”  В Туле по адресу- ❗️Проспект Ленина 104❗️
madiethebrand,channel,madie the brand,66,MADIE  доставка по всему СНГ🤍 для оформления заказа:   @madiemanager  wa.me/77007106888
modanewsru,channel,ModaNews.ru,195,ModaNews.ru – ежедневный интернет-портал индустрии моды (Рег. СМИ ЭЛ № ФС 77-77367). https://modanews.ru/ Контакт @moda247ru
moscowmodnayliga,channel,Студия моделинга «Модная лига»,50,"Москва, ЗЕЛЕНОГРАД - с 4 лет до 16 лет - без кастинга.     Актёрское мастерство Дефиле Хореография Этикет Профильные мастер-классы Участие в показах  Работа на съёмочной площадке +7 978 720 58 36  Директор t.me/JuliyaLiga"
whatwevelearnedtoday,channel,What WE’ve learned today📚,185,Фанат английского.  https://t.me/whatwevepaintedtoday Пишу картины с секретом.
englishtimehastam,channel,English Time🦢,115,یکم کنار هم زبان یاد بگیریم🎀
englobac,group,English by her 🇩🇿🇬🇧,164,تابع لقناتنا :  English by her 🇬🇧online academy  مرحبا بيكم في رحلة تعلم اللغة الإنجليزية
helloyoptaaa,channel,"Hello, yopta!!",337,"Расскажи нам всем, мы все посмеемся! (С)  Канал про то, что нет волшебной таблетки, чтоб выучить язык. Поэтому давайте расслабим булки, запасемся терпением, полюбим этот язык и посмеемся"
olga_pulnikova_son,channel,ПРО.СОН и питание. Ольга Пульникова,350,Консультант по детскому сну и питанию. Со мной научились спать более 700 детей из разных стран.  Начните с этого поста https://t.me/olga_pulnikova_son/395   Связаться со мной  @Olga_pulnikova +79617712124
look_english,channel,Учим английский язык,173,Изучаем английский язык.
belyash_family,channel,🚐 Бомжи на колёсах,153,С детьми и собаками на самодельном автодоме.  🏁 Стали бомжами 27 июля 2021🏁  Научились быть готовыми ко всему💫  ©️
natalya_alt_artt,channel,ТЕРРИТОРИЯ СПОКОЙСТВИЯ с Натальей Боровской,162,"Более 1000 семей уже нашли свои  ресурсы и счастливы, избавились от обид и страхов, научились радоваться!   Родители видят в детях личность. Семьи оживают.    Ресурсная практика🌷https://t.me/Natalya_alt_artt/134  Вк https://vk.com/nataly_artt"
adreyevna_v,channel,MISS VERONIKA | ENGLISH,124,"LEARNING ENGLISH IS EASY WITH ME! ⚡️  Join my General English classes and see your progress from week one!   💻 Online & Offline Classes 🎓 7 Years of Experience 👥 1,500+ Happy Students  Start speaking with confidence   📤 Contact:  @andreyevna_v"
teacherbek7,group,Teacherbek,45,"🌙🚀 Assalomu alaykum  Bu kanal — mening hayotiy yo‘lim 📈  Ingliz tili 🧠🇺🇸, IT 💻, dizayn 🎨 va SMM 📊 orqali o‘sish jarayonimni ko‘rasiz.  18 yoshli broker 💼 sifatida katta orzular sari harakat qilaman 🤲✨  📚 O‘rganish | 💪 Harakat | 🚀 Natija"
