lyorni_keks,channel,Лёрни Бизр,243,"- Нсфв!Заходя сюда, вы должны быть готовы к контенту с джасп*сами.Я не буду кидать это под блюр. Щп https://t.me/+wfBBuOydU19lNGRi искать арты - #art #sketch Анонка — t.me/anonaskbot?start=6ZqM72C4MLgiw1z"
luxury_time_vlg,channel,Luxury Time (Лакшери тайм) Современная детская творческая студия для детей и подростков🎙️🎬🎮,302,Сеть детских театральных студий в городе Волгоград.  •Актерское мастерство🎙 •КВН🎮 •Импровизация KIDS🤪 *Stand up KIDS🤗 •Тематические лагерные смены🏘
luckyerlegominecraft,channel,🌿𝙻𝚞𝚌𝚔𝚢𝚎𝚛 LM🌿,201,"⚙️Я собираю коллекцию lego ideas и Minecraft, и делаю различные самоделки по lego Minecraft в формате block accurate или же более известно как стиль ютубера cheesy studios⚙️ 🌳Владелец канала - @luckyer16 , админ 2 - @Yarik_Lego_Minecraft🌳"
fandocraft,channel,𐌘ꤌઞ𑀥꤀𐌺рꤌϕተ/𐍆ꤌꤙ𑀥꤀𑀗꤅ꤌક𑀱,41,По вопросам и предложениям: @Lerei_www Буст: https://t.me/boost?c=2587729249 Поддержка Автора: Сбер 79605898348  Канал с творчеством по разным фд и собственных персонажей.
lera_keehl,channel,"Не жизнь, а сплошной клуб романтики",98,Личный дневник
lirznakomstva,channel,Lir - знакомства,28,"Приложение для нахождения друзей, бизнес-партнеров, клиентов, а также найти свою любовь!❤️  Наш сайт - https://lirchat.com/  Вопросы/предложения/пожаловаться - @Daria_Sky"
n1leeknow,channel,Lee Know Stickers,4,
olymp_it,channel,OlympIt,303,Добро пожаловать в официальный канал нашего проекта!  Контакты: @serafimlukin
sergeylubarsky,channel,Sergey Lubarsky,17723,"Добро пожаловать на канал Сергея Любарского, где каждый пост - это вызов для размышлений.   Для контакта: https://linktr.ee/lubarsky  Предложить новость/разбан @lubarsky_feedback_bot"
callofdutymobileuzb,group,Call Of Duty Mobile Uzb,503,UZBDAGI TOP GRUPPA   Qoidalar❗  1--> Boshqa kanal reklamasi❌ Kick Out 2--> Sokinish❌ Kick Out 3--> Chit❌ Kick Out 4--> CP sotish va rek qilish ❌ Kick Out  R/D/C:  @KENT6  Akkaunt sotish @Codm_bazar   ʏᴀɴɢɪʟɪᴋʟᴀʀ ʙɪʟᴀɴ ->  @CALL_OF_DUTY_UZB
pishvaz_zendegi,channel,پیشواز زندگی,381,عرضه و معرفی بهترین پیشوازهای خوانندگان و مداحان   تبلیغات و ارتباطات: @Pishvaz_admin  جهت ساخت پیشواز: @RBT97 @RBTJ97
newsdeadline,channel,𝘥𝘦𝘢𝘥𝘭𝘪𝘯𝘦 𝘳𝘦𝘷𝘦𝘯𝘨𝘦,928,
callofdutynet,channel,𝕮𝓪𝓵𝓵 𝓸𝓯 𝓷Ꮛ𝓽,116,ведется набор админов :3  @CallOfNet_bot - бот для анкет
callofdraw,channel,CallOfDraw,79,
vizovsportklub,channel,ВЫЗОВ Спортивный клуб Дербышки,1093,Режим работы:  Будние дни  07:00-22:00 Выходные  08:00-21:00  Администратор  +7 (993) 404-33-34
excuse_myy,channel,velikayaaa🦦,250,великая я - @IMONNALISAAAA
futuregmchat,group,Future Grandmasters Chat,222,
khoros_gandi,channel,🐓 خروس قندی 🐓,213,➖ بدون مرز ، ناگفته‌ها را با ما دنبال کنید ✔️   🔺فعالیت کانال در راستای ارزش های اجتماعی بوده و تمام محتویات کانال اخلاقی، فان و نقد اجتماعی می باشد  🔞 مناسب بزرگسالان 🔞  پیج های ما در تلگرام و اینستاگرام 😍  @khoros_gandi   @Bia2Rooz    @musical_just
surad6,channel,صُراد,45,صُراد، نامی برآمده از دنیای واژگان، اکنون مأمنی است برای گمشدگان داستان‌های من؛ جایی که هر واژه، بازتابی از دنیایی گمشده است و هر خط، پلی میان خیال و حقیقت.
iravane,channel,فرهنگخانه آیت الله ایروانی (ره),25,دارای کتابخانه و سالن مطالعه،کلاسهای آموزشی و اجرای برنامه های فرهنگی و مناسبتی ویژه کودکان،نوجوانان و بزرگسالان  آدرس:خ مولوی بین میدان محمدیه و وحدت اسلامی  کوچه قفل سازان،کوچه حاج حسن، بن‌بست اول  ☎️ : 55893654-5  ارتباط با مدیر کانال @Iravani_Admin
solostudio1,channel,SoloStudio,5,انیمیشن‌های بزرگسالان در دسته‌های اکشن، فانتزی، ماجراجویی و تاریخی  آدرس چنل یوتیوب: https://www.youtube.com/@SoloStdio صفحه اینستاگرام: https://www.instagram.com/solostdio?igsh=MTVmdnVkZHFnODFwZw==
r8_news,channel,𝗥𝟴 𝗥𝗔𝗡𝗞𝗜𝗡𝗚,889,𝐖𝐞𝐥𝐜𝐨𝐦𝐞 𝐭𝐨 𝐑𝟖 Ranking📰🗞️  𝐋𝐢𝐧𝐤 : 23:45 𝐒𝐭𝐚𝐫𝐭 : 12:00  𝐑𝐮𝐥𝐞𝐬 𝐂𝐡𝐚𝐧𝐧𝐞𝐥 : @R8_RULES1  Gp : https://t.me/+YPdRlgoOCuwyN2Vk
one_tap_league,channel,ONE TAP LEAGUE,387,"Online турниры по CS2 , для всего СНГ и не только : 🇷🇺🇧🇾🇱🇻🇱🇹🇪🇪🇫🇮🇰🇿🇦🇿🇦🇲🇬🇪🇺🇿🇰🇬🇹🇲🇹🇯  По вопросам и предложениям - @Mikhail_Fatfulin"
rts006,channel,Время RTS,233,Дискорд сервер   https://discord.gg/avt22j5WX https://discord.gg/avt22j5WX https://discord.gg/avt22j5WX  Чатик https://t.me/RTS648 https://t.me/RTS648
rettokentelegram,channel,RET Token Channel,32,"RET is a blockchain project with a grand vision to democratize real estate utility and investment. Using blockchain-based technology, RET is set to modernize real estate transactions. Our Group : https://t.me/rettokencommunity"
rr_team_clan,channel,RR TEAM,86,По поводу вступления в клан писать - @SASHKA_TOP_PUBG Купить uc 24/7 быстро и безопасно-
rst_inform,channel,Информация RST,12,Информационный канал для организационной и технической информации.  Актуально для: @rst_rasklad
fcsakhalinec,channel,ФК «Сахалинец»,17513,#5407668164
coer_12,channel,𐌡ᥲρᥱц чудᥱᥴ,531,"Все, что блестит на шее, не всегда жемчуг)"
scoresokolsaratov,channel,СмоловскАя отчизна,427,О саратовском футболе и не только.
fcsanino2017,channel,СК «Санино»,564,"Клуб из села Санино, ведущий свою деятельность и развивающийся с 2017-го года. За этот промежуток времени мы выиграли множество наград как областных, так и всероссийских масштабов."
soldoutfc,channel,FC SOLDOUT,203,🥇 Зимний чемпионат Торпедо лиги F 26 🥇 Кубок FL 25  🥈 Суперлига AFL 25 🥈 Высший дивизион лиги F 25 Inst: fc_soldout  Дата создания 4.02.25 Хочешь попасть в команду? Пиши: @soldoutyak
famotorsport,channel,FAmotorsport,308,Раллийная команда из солнечного Сочи☀️ Driver: Янушевский Владимир  Co-driver: Янушевская Оксана  Driver: Щербаков Родион  Co-driver: 🍓  Наши автомобили: 🏎️ Subaru Impreza GDB  🏎️ Honda Civic  https://vk.com/famotorsport @fa.motorsport_
fcsalutgzhel,channel,⚫️ SALUT GZHEL 🔵,213,"«SALUT GZHEL» Раменский муниципальный округ.  Неоднократные победители и призёры турниров по футболу, 5x5, 7x7, 8х8, 11х11. Победитель Кубка памяти Георгия Шухова 2024, 2025 🏆  ВФЛ: Метеор 1 лига 2022 🥉 Манеж 2 лига 2023/2024 🥉 Манеж 4 лига 2024/2025 🥇"
zimazimulya,channel,ZIMAZIMUSHKA,133,
boysikfc,channel,БОЙЦЫ KFC,112,"Любительская футбольная команда ""Бойцы КFC"" основанная в г. Видное 07.09. 2024 г. Основатель команды Алексеенко А. В.  Трофеи: Обладатель кубка ВФПЛ  по футзалу, се 2026  Группа Бойцов в Max. https://max.ru/join/ObLO_-irb9cJFXnXf32AwLzHg0fLcpcrAMwEg2Oqlq4"
suntizztgwork,channel,Flagman #8,45,Flagman 2 (NHL GAMER #8)
ultrascroatia,channel,ULTRAS CROATIA,3302,"🇭🇷 Rezervni kanal ➡️ @UltrasCroatia2   Sloboda navijačima!  🚫 Odlučno osuđujemo sve oblike terorizma, ekstremizma i nasilja."
ultrascroatia2,channel,ULTRAS CROATIA - BACKUP KANAL,463,@UltrasCroatia
bullssucprice,channel,BULLSS UC Price,171,"Наш магазин - @BULLSSSSHOP 📌  Здесь находится прайс на все наши услуги, для вашего удобства!  За покупкой только - @BullssUc ❤️  Отзывы - @otzuvuBullsssShop ❤️"
markestdetei,channel,M.ark,5978,
zine_ark,channel,ARK Zine | ARK: Survival Evolved/Ascended ZINE,178,Добро пожаловать в зин по игре ARK: Survival Evolved/Ascended !  Мы в ВК - https://vk.com/ark_zine  Наши теги: #ark_zine #ark_zine_info #ark_zine_wip #ark_zine_announcement
ark3500,channel,Ark,375,
oaark,channel,Ольга Арефьева,2189,https://ark.ru
atso_ark,channel,Atso Ark,68,"Я музыкант, но это чисто канал про мои рисунки)   Трейды - ✓ Коллабы - ✓ Комишки - 50/50 (лс) Мью - 50/50 (зависит от канала)  Моя анонимка - https://t.me/hate16pers_anon_bot?start=0u1OA"
eighteentpdaily,channel,daily 18trip!,549,run by @NETANAGI & @kyuu_kurarin
eighteen18angels,channel,EIGHTEEN angels,269,"with love, mishelle 🖤"
rustyshackleford17,channel,Rusty Shackleford,509,
uniquesquad5,channel,Unique Squad 🌪,126,Ето разагре🌪
eighteenvault,channel,𝟖ᴛᴇᴇɴ ᴠᴀᴜʟᴛ ⚕,44,ᴡᴇʟᴄᴏᴍᴇ ᴏɴ ʏᴏᴜʀ ᴄʜᴀɴɴᴇʟ ɢᴜʏs.❤️  ᴅᴍ ғᴏʀ ᴘᴀɪᴅ ᴘʀᴏᴍᴏᴛɪᴏɴ 🥶  ᴏᴡɴᴇʀ :- @itz_hk18 & @arnavuser🫶  ᴊᴀʏ ʜɪɴᴅ🇮🇳
orderoftruth8,channel,𝐓𝐇𝐄 𝐎𝐑𝐃𝐄𝐑 𝐎𝐅 𝐓𝐑𝐔𝐓𝐇,27,𝐓𝐰𝐨 𝐰𝐨𝐫𝐥𝐝𝐬 𝐎𝐧𝐞 𝐬𝐭𝐫𝐮𝐠𝐠𝐥𝐞. ✝️☪️  𝐈𝐧𝐭𝐞𝐫𝐧𝐚𝐭𝐢𝐨𝐧𝐚𝐥 𝐍𝐒 𝐦𝐨𝐯𝐞𝐦𝐞𝐧𝐭 ꑭ  𝐏𝐫𝐞𝐚𝐜𝐡𝐢𝐧𝐠 𝐭𝐡𝐞 𝐭𝐫𝐮𝐭𝐡.
quebecyouthclub,channel,Quebec Youth Club,47,Canada. Youth. Revolution. Active in Quebec  18+ Apply Elsewhere. @TrueNorthVetting
eighteenera,channel,EIGHTEEN ERA,13,https://t.me/growleeone - growlee https://t.me/unrealsslovexan - met gala unrealss факюмин https://t.me/gb18era - boss
atom18suka,channel,🔞,9,
razrushayabarery,channel,Разрушая барьеры,1179,Канал книги Алексея Комиссарова Разрушая барьеры Заказ и подробности на сайте разрушаябарьеры.рф
valeriewind,channel,ЛеРа ~ Мастер переходов,162,Сакральный союз| Женские мистерии
beksai31,channel,БеКСАй Айкидо,348,"🥋БеКСай 💥клуб,вошедший в тройку лучших в соревновательном айкидо💥 ✅Многократные чемпионы первенств мира,Европы,России и др.  ✅В клубе занимается более 450 спортсменов различного возраста начиная с 4 лет и старше 🫢"
mypervie05_derbent_sosh12,channel,"Движение Первых г. Дербент МБОУ "" СОШ12 им.Н.Ш.Казиахмедова""",101,
mypervie93_gulkevichi,channel,ДВИЖЕНИЕ ПЕРВЫХ | ГУЛЬКЕВИЧСКИЙ РАЙОН,232,"Официальный канал Местного отделения «Движения Первых» в Гулькевичском районе  Новости, проекты, мероприятия, полезные анонсы и вся жизнь Первых — здесь!   Мы ВКонтакте: https://vk.com/mypervie93_gulkevichi 📍 Адрес: г. Гулькевичи, ул. Комсомольская, 80"
tomahawkrustam05,channel,Рустам 《TOMAHAWK》🪓,120,"🥊 Канал профессионального спортсмена и будущего пиарщика в спорте Рустама Юнусова.    🏆 Достижения ▪️15 побед (из них 11 - нокаутом) в профессиональной лиге ONE ▪️Мастер спорта международного класса ▪️Победитель и призёр Первенств Мира, Европы и России"
utcfo,channel,УТ МВД России по ЦФО,2342,Новостная лента УТ МВД России по ЦФО в Telegram.  Официальный сайт: https://цфо.ут.мвд.рф/ ВК: https://vk.com/utcfo?from=groups  MAX: https://max.ru/id7708731561_gos Rutube: https://rutube.ru/channel/25544105/ Одноклассники: https://ok.ru/group/7000000068
ccfound,channel,ccFOUND Announcement,693,"We're an upcoming social media, that will revolutionize the Internet!   Take part in our ICO at ccfound.com  Let's build a new social media together!"
champforcechannel,channel,Champ Force Channel,468,"Champ Force is an blockchain tournament game, in which your NFT heroes fight & earnn rewards everyday."
cheernika_team,channel,Спортивный клуб «ЧЕРНИКА»,442,
resolutechat,group,RESOLUTE ATTACK CHAT,643,🇷🇺Добро пожаловать в чат информационной безопасности   Feedback | Связь - @ResoluteAttack_Bot  Не работает чат? Восклицательный знак? - обнови приложение телеграмм
razdoliye,channel,Раздолье,1252,2021 - 2025 https://linktr.ee/razdoliye
mts_exolve,channel,МТС Exolve,384,"МТС Exolve (АО «МТТ») — ведущий разработчик коммуникационных решений для бизнеса  В портфель компании входят виртуальные АТС, роботы и решения Telecom API  Сайт: https://exolve.ru  Связь: info@exolve.ru"
resocks,channel,RESOCKS NEWS,316,Make proxy great again Кращі в своїй справі. resocks.net @resocks @resocks_support
binance_trading_zone,channel,CryptoIntel Lab,268,
absolutely_red,channel,Redbird nest 🪺,98,"🌸 хожу на азиатские фандомные мероприятия, люблю visual kei, смеюсь над тупыми шутками и ною об учëбе в аспирантуре 🥰  @valleta_red — мой основной ник в соцсетях ~💋"
resolutely,channel,Мотиватор,48,🔘Помогу тебе вылезти из рутины.  🔘Убью твою прокрастинацию. 🔘Поделюсь знаниями и опытом.    Как начать зарабатывать  ᅠ  ᅠ  ᅠ  ᅠ  ᅠ  ᅠ   ᅠ ᅠ  ᅠ  ᅠ    ᅠ  ᅠ  ᅠ   ᅠ  ᅠ  ᅠ   ᅠ  ᅠ  ᅠ  ᅠ  ᅠ  ᅠ  ᅠ  ᅠ  ᅠ  ᅠ  ᅠ  ᅠ   ¯ \ _ (ツ) _ / ¯
newmanndao,channel,Newmann Dao,79,...
rufootagenews,channel,RufootageNews,66,"Стоковые материалы - фото, видео, музыка, шрифты, 3D модели, видеоигры...  Архиные материалы - Ч/Б хроника, фотографии, плакаты, афиши  Очистка прав - известные люди, песни, архитектура, картины, игрушки...  Съемка - под задачу  www.b2bcontent.ru/"
svchushki,channel,СВЧушки,148,"Немного обо всем, что связано с СВЧ. (СВЧ - это не только печка)."
chelnovershini,channel,Челно-Вершинский район,406,"Добро пожаловать на официальный канал администрации муниципального района Челно-Вершинский!  Здесь мы рассказываем о том, чем живёт район: ✅ кратко ✅ интересно ✅ полезно  📸 Со своих страниц мы знакомим вас с красивыми кадрами и интересными местами."
csmrsochi,channel,Центр спортивно-массовой работы Сочи,59,Организация физкультурно-оздоровительной работы и проведения спортивно-массовых мероприятий в городе Сочи
rschs23,channel,РСЧС Краснодарский край,7,"Актуальные оповещения РСЧС и МЧС Краснодарского края: чрезвычайные ситуации, штормовые предупреждения, отбой тревог, важные уведомления и безопасность жителей Кубани."
quarter_4th,channel,ЧЕТВЕРТАЯ ЧЕТВЕРТЬ,85,
marathonweek,group,Марафон за неделю,178,
bumi4dresult,group,BUMI4D PREDIKSI & RESULT,189,
ch4mafia,channel,четверг четвертое,93,сорок четыре в обойме и четыре перка в пузе
cyberrot4,channel,Die wonder,28,نمیدونم
fourofthemschp,channel,Мега щп {|KKH|],10,☞ ⛧ Кити https://t.me/ichbineineKreatur666 ☞ ⛧ Картоха https://t.me/Kartohadrawing ☞ ⛧ Чёрт/Ангел https://t.me/Miss_Haki_White
four_pillars_bot,bot,FourpillarsBot,,
pixel_otdel_prodazh_bot,bot,4 пикселя,,Digital-агентство полного цикла
kitchenprofiua_bot,bot,KitchenProfi UA,,
aicroll_bot,bot,AI Roll,,🎲 AI Roll is a four-color roulette. Choose your color and win!
ges_chz_bot,bot,Связь с командой Чернозёма,,Написать что-нибудь авторам  «Чернозёма» и создателям подкаста «У шамана три беды» и получить ответ
abdo_alfaitory_courses,channel,عبدالرحمن الفيتوري,273,زكاة العلم نشره والدال على الخير كفاعله
sasalelela,channel,lunmixx,159,
milsweg8,channel,прайс экономистки,97,лс : @milsweg
rikusempaistuff,channel,RikuSempai|Берлога переводчика,297,"Уголок переводчика, стримера и ценителя японской анимации."
sndinside,channel,Sound inside,359,"Канал от работника музыкальной индустрии, диджея, филолога, ценителя и творителя музыки @just_vicause  Авторский взгляд на музыку как искусство, продукт, индустрию и даже терапию.  Пост-интро: https://t.me/sndinside/89"
pricelistoflafyjiang,channel,ПРАЙС-ЛИСТ!,20,
rimma_nov,channel,"Культурный променад <про этикет, театры и любовь!>",110,"🎭Дневник ценителя театра и искусства. ♦️Здесь я рассматриваю культурные события в деталях, публикую афиши, делюсь своими знаниями по этикету и делюсь личными впечатлениями. 💬Надежный гид в мир культуры, где каждый найдет вдохновение и актуальные советы."
balbesopleeev,channel,🔎 театр одного балбеса 🔍,78,"собирательный образ млекопитающего, простофили, красноречивого балабола, предводителя культа безответственности, ценителя смешариков, потребителя оксимиронщины, полускуфа, полухуй знает чего, любителя набухаться, религиозных мотивов и так далее по списку"
pricevills,channel,. vills 𝗣𝗥𝗜𝗖𝗘,41,
pricehelmis,channel,Прайс хелмис👅,17,
pricedysthymia,channel,прайс дистимии,20,
artburo433,channel,Артбюро 4.33,24,"Выбор человека с интеллектом, ценителя искусства. Для тех, кто видит не только объект, но и воплощенную в нем мысль. https://artburo433.ru/"
shopezafi,channel,𝘚𝘩𝘰𝘱 𝘌𝘻𝘢𝘧𝘪,18,
price_richardn,channel,price,7,
zapricechannel,channel,Price channel z,8,
salavatlove,channel,в салавате хотят,3084,Посты выкладываем с 9:00 по 23:00. Предложить запись каналу: t.me/anonaskbot?start=pbqafn9d5upe5
sarahtelaviv,channel,Sarah Navit,263,"High-end Jewish companion 🇮🇱  Based in Israel , not touring Private . Discreet . Intelligent Real photos. Real connection. Fluent ENG | RU | Respectful of tradition For discerning gentlemen who seek more than average.   www.independentescorttelaviv.com"
satpaevlive,group,COVID-19. Консультация врача. Жители города Сатпаев,744,Вы можете посетить наши чаты: ЖКХ города Сатпаев - https://t.me/satpaevksk Правопорядок города Сатпаев - https://t.me/satpaevzan Соцсфера города Сатпаев - https://t.me/satpaevbilim Бизнес Даму Сатпаев - https://t.me/satpaevdamu
ulanzalatainfo,channel,Калмыкия в Москве| «Клуб Улан залата»,1334,"новости, и вся полезная информация Калмыцкого Землячества в Москве  обратная связь, сотрудничество - просьба писать сюда: ulanzalatainfo@yandex.ru   наш сайт: https://ulanzalata.ru/ наши группы: https://vk.com/ulanzalata_ru @ulanzalata_sport"
savelii_bio,channel,MY BIO,187,🔷️ Ваш лучший друг @Savelii_Astafev
savulevaanastasiya2014rg,channel,💎Савулёва Анастасия💎,525,Гимнастика -это моя жизнь 🥰  #МОЙСПОРТИВНЫПУТЬ💫 #Nastya♾❤️RG #СавулёваАнастасия2014 #SavulevaAnastasiya2014
salavatimh,channel,محمد حسن صلواتی,172,.: چشم نوشت ها :.  وب سایت : WWW.Salavatimh.com لینک کانال :  https://telegram.me/joinchat/AvN8KDySfNDN-0bBJbNNrg
slavaphotosoul,channel,Не Черновик📙,228,"Привет друг!🤩 В этом канале я рассказываю про свою жизнь, студенчество и делюсь личными размышлениями, добро пожаловать!🤗"
motriylife,channel,Motriy,94,"Каждый день, это мозаика из удивительных событий"
halef_yeralti,channel,❤️‍🔥 Просто Стамбул / Преемник / ПОДЗЕМЕЛЬЕ ❤️‍🔥,995,
cotzc,channel,Летопись Наследников.,112,Основные исторические события происходящие в государстве.
wikylikkk,channel,wikylikkk🫐💞,54,🛐
survivalitytheheirs_cf,channel,ВЫЖИВАЛИТИ. НАСЛЕДНИКИ [CONFESSION 🏝️🏆],29,@naslednikicf_bot
mystik_room,channel,mystic room,36,"Von Generation zu Generation wurden Toxische Verhaltensmuster weiter Vererbt, durch Herrschaftsansprüche und die daraus resultierenden Kriege wurden Familien Strukturen gebrochen, sowie Frieden, Respekt und Mitgefühl."
fraierme,channel,Buffoonery.,178,потомки не оценят  anon: https://t.me/yarv_bot
emi_pri,channel,"emi, при",56,"она уйдёт лишь утром, навсегда оставив след"
technical_individuals,channel,Technical individuals,9,اینجا راجع افراد مستقلی که در اینترنت میراثی به جا گذاشتن و شناخت اونها می‌تونه مسیر اینده رو برای ما روشن کنه صحبت می‌کنیم
ilichilichilichilich,channel,Нащадки Іліча,9,Цитати із жизні на кожен день
commonmoron1,channel,что-то на казахском,181,
a0l3kk,channel,013,99,t.me/voprosy?start=tobr68
yorick_laba,channel,От Ярика до Йорика,143,
yarasswag,channel,Канал Яры,209,Единственный канал Яры (того гитариста из тиктока)
misteri_joost,channel,† MISTERI_JOOST †,60,"туториалы, эдиты, хмл  СРАЗУ ГОВОРЮ, Я НЕ ИДЕАЛЬНО МОНТИРУЮ, И ДАЮ ТОЛЬКО ТО ШО ЗНАЮ. anon bot @anonimkaMinsuu4kaBot"
justanordinarytoad,channel,Жабье логово (☞ ᐛ )☞,41,Буду постить сюда всякую фигню хехе
taisho_live,channel,Taisho_,52,📺YouTube Channel - youtube.com/@yamato_taira 💰Boosty - boosty.to/yamato_taira 📱Для связи - vk.com/yamato_taira
void_films_house,channel,Обитель VOID FILMS,33,Добро пожаловать в скромную обитель ярого фаната The Sims 2 🔥
tyafkerdoodlin,channel,русунки мурмир тяфкера ака кота вонючки ярого ргб экстремиста,28,день когда я ебанулась и обрела свой небесный свэг    https://tyafkerpage.straw.page
serovarna,channel,Сероварня Ядера,14,"Сер варю, а что?"
infosaykkangel,channel,Sayka's info,3,инфо самого ярого и трушного фаната швец
zabavafootbalplayer,channel,ZABAVA,1776,Футболист LIT ENERGY⚽️
grisha_butsy,channel,Гриша Бутсы,427,- Байер | Fashion Concierge - Играю в футбол  - Только ОРИГИНАЛЬНЫЕ товары  Tg: @grinya_5 Inst: @grisha_butsy
zapiski_loko76,channel,Записки болельщика,347,Мир хоккея и ХК Локомотив глазами болельщика🚂🚂🚂  Связь: @iv_smurkov
rodinatime,channel,Время Родины | ФК «Родина»,470,Размышления болельщика «Родины» о клубе и футболе в целом. Первый неофициальный информационный канал про ФК «Родина» 0% объективности По всем интересующим вопросам: @whatever1347
pessers95,channel,Отзыв Pesser😮‍💨,32,
yangolaa,channel,хижина ярика,154,
womenvolley,channel,ПЕРВЫЙ ТЕМП,285,"""А женщины уже в волейбол играют..."" О российском женском волейболе от лица болельщика. Коротко и содержательно, как атака первым темпом. Все тексты отражают только личное мнение редакции, а совпадения случайны )))"
checmattkb,channel,Красно-белый Checmatt,157,Мысли простого болельщика о трудных буднях величайшей футбольной команды в России
aron_gaming,channel,Drayz page,33,
jdbshqjdbwjkscjs,channel,t. n. ne emo shitpost,45,
yana_lisovska,channel,Янина Лисовская || Стратегии со смыслом,183,"Эксперт по личным и бизнес-стратегиям и развитию, бизнес-коуч, ментор, модератор Коучинг, трекинг, командные и стратегические сессии, мастермайнды, тренинги по продажам 15+ лет ТОП-опыта (ex-CEO Самоката, ex-COO Yallamarket)   @YanaLis Для связи"
lookesp,channel,"Espanola ""LOOK"" at me.",465,Один за всех и все за одного! Не отступать и не сдаваться! Española!!!
anglosaxonmovement,channel,The Anglo-Saxon Movement,113,Substack: https://substack.com/@anglosaxomovement?r=54umsb&utm_medium=ios&utm_source=profile  Facebook: https://www.facebook.com/share/1AiyvNFg8C/?mibextid=wwXIfr
psihologsaria,channel,Инклюзия души,32,Индивидуальные консультации психолога. Инклюзия в мегаполисе.
urologykaraev,channel,Доктор Караев | Уролог | Андролог,14623,👨‍⚕️Канал врача уролога - Караева Нурахмеда Витязовича.  ✍️Запись на консультацию: https://hellodoc.app/pro/urologykaraev  РКН: https://gosuslugi.ru/snet/688228bb4b40c72af9e98d64
zoeparadigma,channel,Радио Зои Зарайская🇨🇭,1277,instagram.com/zoe_paradigma Автор канала: @ZoeRai Зои Зарайская
marina_tsoller,channel,Марина Цоллер,268,"Физическая терапия, реабилитация, неврология"
alyonagagloeva,channel,Азбука Баланса с Алёной Гаглоевой,363,
otdelenie_foniatrii,channel,Отделение фониатрии ФГБУ НМИЦО ФМБА России,467,"Отделение фониатрии ФГБУ НМИЦО ФМБА России: консультация фониатра, ЛОР,  фонопеда       видеоларингостробоскопия, эндоскопия акустический анализ голоса 🔹Ваш голос в наших руках!    ☎️ Запись: 89629416429, 84999686912"
zabpets,channel,Собаки съели наш блог,59,"Канал для владельцев собак и кошек, которые хотят принимать решения не из тревоги, мифов и советов из чата, а из понимания физиологии, поведения и реальных потребностей животного."
yasenevo_s70,channel,«Самбо-70» отделение «Ясенево»,1295,✅Официальный телеграм-канал✅  🔸Ссылка на основной канал - https://t.me/sambo_70_moscow 🔸
sambo_pobeda65,channel,СК «ПОБЕДА»,136,"САМБО | ДЗЮДО | ОЗДОРОВИТЕЛЬНАЯ ГИМНАСТИКА Тренируем детей с 4-х лет🏆  В нашем клубе вы сможете воспитать в своем ребенке стальной характер и непоколебимую волю!🥋  Подписывайтесь, чтобы стать лучше вместе с нами!💪🏼"
judoplus30,channel,JudoPlus30 🥋,62,Der Infokanal für Judo Veteranen www.judoplus30.com
judvex,channel,قصدتوهین داریم جدیده,6330,
priazovye_judo,channel,"РОО""Федерация дзюдо Приазовья ДНР""",54,
judo_kakhovka,channel,🇷🇺⛩️🥋«Каховские-Тигры»🥋⛩️🇷🇺,51,
szjudo,channel,Śląski Związek Judo,42,Oficjalny kanał Śląskiego Związku Judo
judochel174,channel,Региональный центр по дзюдо Челябинской области,919,ДЗЮДО•ЧЕЛЯБИНСК  ОБУ «РЦСП по дзюдо Челябинской области имени А.Е. Миллера» 🥋Мы воспитываем чемпионов  🥋Тренеры сборной РФ  🥋Тренажёрный зал  🥋Гостиница  Наш официальный сайт👇🏼  https://cheljudo.ru/   📲 +7(351) 244-01-54 🔵 VK: https://vk.com/judo.
judo_fenomen,channel,Дзюдо для детей в Самаре | КЛУБ ФЕНОМЕН,292,Клуб дзюдо Феномен в Самаре для детей  На связи с вами руководитель клуба и автор канала Армен Геворович. Здесь мы делимся успехами наших учеников и полезной информацией для вас!   📝Запишись на первое БЕСПЛАТНОЕ занятие   +7 (917) 101-30-20
gena_448,channel,GENERAL,149,
pchelalove,channel,Пчела,1557,"Все о моей музыке. Мой фото и видео контент тут https://t.me/pchelavideo Концерты,мероприятия,СМИ +7(910)448-39-33 Диана"
messhhh44,channel,messhhh44🔮,454,Inst - messhhh44 Tt- m.shipitsyn8
meshalavus,channel,мёша лавус LIVE,217,я глава урод сквад рнд спб мск ваще я король мира мой менеджер - @anemonemelody
mesmeshariki,channel,Лунный заяц,233,Всё о Смешариках.
meshtastic_syktyvkar,group,Meshtastic Syktyvkar,75,
novichok_mvek,group,Абитуриенту МВЕК,294,
mayakakademiya,channel,Маяк Академия Рыбалки,80,"Рыбалка на Балхаше, Южное Прибалхашье www.mayak.kz +77051102570"
meshaoffo,channel,Помойка меши,77,Привеь я Меша!! Подпешис пж на эта чудесни тгкU ´꓃ ` U В лщ: @meshaOff0 Анон: http://t.me/anonaskbot?start=smq5rvo
hardlkpubgm1,channel,HARDLK PubgM,1063,#𝟏 𝐉𝐎𝐑𝐃𝐀𝐍𝐈𝐀𝐍 𝐓𝐃𝐌 𝐏𝐋𝐀𝐘𝐄𝐑 🇯🇴  #𝟑 𝐄𝐔𝐑𝐎𝐏𝐄𝐀𝐍 𝐓𝐃𝐌 𝐏𝐋𝐀𝐘𝐄𝐑 🇪🇺   𝐃𝐄𝐕𝐈𝐂𝐄 - 𝐢𝐏𝐚𝐝 𝐏𝐫𝐨 𝐌𝟓 𝐂𝐡𝐢𝐩   #𝟕 𝐓𝐎𝐔𝐑𝐍𝐀𝐌𝐄𝐍𝐓 𝐖𝐈𝐍𝐒 🏆🦅
hardwaymrcl,channel,𝓱𝓪𝓻𝓭𝓦𝓪𝔂 𝓟𝓤𝓑𝓖,420,🤔Здесь вы сможете посмотреть мои хайлайты результаты и многое другое ! 🤔
neilvein01,channel,Neilvein|Shop,1299,"Привет - @Durov Эта группа не нарушает закон. И никаких порнографических или грубых постов.Пожалуйста,обратитевнимание!  Наш официальный канал- @Telegram Без спам порнографии"
mobilefn,channel,MobileFN - Кибер Новости,218,MobileFN - Компетитив Новости мобильных турниров фортнайта.  Владелец: @smartovski
hardwork_rez,channel,HARD WORK / HW,301,
hardlainx777,channel,𝙝𝙖𝙧𝙙𝙡𝙖𝙞𝙣,42,dm: @unluckyhardlain
mablex7,channel,я мабл,43,
bloodmachinehardskill,channel,BloodMachine HardSkill,29,Original BloodMachine HardSkill [ICE 20]
offhardskill,channel,.,3,
tias_dandysworld,channel,☀️Выхᴏд ᴇᴄᴛь! / Иᴦᴩы DW,975,"« - Добро пожаловать в наш канал!!! • Здесь вы можете: побить свой рекорд, прокачать персонажей и просто повеселится!! « - Надеюсь, вы не покинете  нас!!  °.» Влд - @Apple_paint, если не отвечает писать @littlegirl_ytug, @inyaoda"
vashdoctravmatolog,channel,Травматолог Репин,656,"Канал практикующего травматолога-ортопеда, заведующего травматологией в MEDICA Новосибирск: • протезирование суставов; • артроскопия; • остеосинтез; • лечение травм; • лечение спортивных травм.  Запись —> @Vashtravmatolog_assist  www.vashtravmatolog.ru"
bulletrc,channel,Эффект ПУЛИ,300,"Этот канал посвящён моим хобби. Моделизму 🏎️, эндуро 🏍️ вейкбордингу 🏄🏻‍♂️"
sensmassagemasters,channel,Massage Band,2051,Канал мастеров массажа команды Sensual https://t.me/sensmassagemasters/179 - навигация по каналу Пока базируемся в СПб
dushunaruzh,channel,Душу Наружу (Массажная Мастерская),314,Записаться на массаж  https://n732565.yclients.com Написать нам  https://t.me/+79936299657 Позвонить +79936299657 Сайт dushunaruzhu.ru   МАССАЖ  ТАНЦЫ КОФЕ АРЕНДА ЗАЛОВ  ЛОФТ ПОД ВАШЕ МЕРОПРИЯТИЕ
massagesportru,channel,Массаж варшавская ✨️,67,"Москва - Массаж Каховская, Нахимовский проспект, Варшавская"
masazanovisad,channel,Нови Сад - МАССАЖ,916,Студия массажа ProBalance Пушкинова 2   Администратор   https://t.me/probalanceadmin  - кинезиология все виды массажа лица и тела - терапевтический  - релакс  - классический  аппаратный массаж  парный массаж  массаж в 4 руки
massage_kak_gizn,channel,Массаж в Мск от Владимира Чернопятова,331,"Массаж в Москве 2 минуты от м. Сухаревская  Вопросы, предложения - пиши в личку @Eol15"
relsyabakan,channel,"Рельсы-Рельсы, массаж Абакан",1308,"Спа-салон : Фитобочка, спа-программы, массаж,подарочные сертификаты .  Режим работы ежедневно с 10:00 до 21:00  Звоните: 8 (901) 238-11-88 или пишите"
helloorganicbeauty,channel,Hello organic Beauty🍃,319,Массаж лица Уходовые процедуры**   ✨ Записаться на сеанс: [dikidi.net/1356972](https://dikidi.net/1356972)   Присоединяйтесь к нашему каналу: Почему мы? ✅ Натуральные средства   ✅ Индивидуальный подход   ✅ Профессиональные техники   💬 *Задавайте вопросы
masagefit,channel,ماساژ درمانی بانوان,221,برای ارتباط با ادمین و تبلیغات 👇 Admin : @fitnessfood3
spbthai,channel,"SPBTHAI - Тайский массаж, воспитанный Петербургом",596,"👉🏻Обратная связь, записаться на массаж  @spbthai_bot  - Мастера из Таиланда - Вас ждет идеальный тайский массаж, или бесплатно запишем на повторный массаж к другому мастеру! - Более 40 видов массажа и спа-программ https://spbthai.ru"
fedorovich7,channel,Массаж Томск,56,Студия авторского массажа Андрея Федоровича Вас ждут опытные руки наших мастеров и более 10 видов массажа💆‍♀️ Запись на бесплатную консультацию👇 http://wa.me/79138884603
vladmassageseverniy,channel,Массаж в Северном,263,"Запись: @Himendriver Ручной и LPG массаж,  Антицеллюлитный массаж, Классический массаж, Массаж спины,  Коррекция фигуры и обертывания, Рекомендации по питанию, Спортивный массаж,  Медобразование СВАО, Алтуфьево,  Дмитровское шоссе, Северный микрорайон"
massagkrdd,channel,Массаж Краснодар,143,"Меня зовут Алёна, и я профессиональный массажист🤗  Помогу Вам обрести красивое, а главное здоровое тело 😉  Делаю спинку ровный, попу круглой, а талию стройной😜  Для записи @alenka5310"
lilac_studio_bron,channel,Лилак Бронницы Маникюр Педикюр Эпиляция Брови Ресницы Солярий Массаж,770,Маникюр педикюр Солярий Эпиляция Массаж Брови Ресницы Бронницы https://dikidi.net/704425 ☎️ +79017872377
prikosnovenie_rnd,channel,Школа массажа «Прикосновение»,103,⭐️ Можно БЕЗ мед.образования ⭐️ Выдаётся свидетельство 🎁 БЕСПЛАТНЫЙ день открытых дверей  👇 Записывайтесь 👇 https://t.me/SchoolPrikosnovenieBot  или по телефону: 📲 +7 (988) 537-80-79
stiglits_massage,channel,Евгений Стиглиц | массаж по авторской методике,204,"Ведущий специалист центра красоты и восстановления ресурсов организма «Вдохновение», автор мастер-класса  «St-Невесомость»   По всем вопросам пишите @krasnoyarsk_massage"
memewnail,channel,maktrakher pilka110,981,"креативный маникюр спб, ленинский проспект  вп/реклама/запись/бартер:  @maktrakhernails  отзывы:   https://t.me/makpilreviews"
doctor_gurbanzade,channel,Гурбанзаде Бурхан | Клиника Доктора Гурбанзаде,1434,🏥 Неврология / Остеопатия / Мануальная терапия / Массаж   📍Аделя Кутуя 110 Д корпус 3 ✍️ Запись по 📲 8(987)273-93-41 🌍www.gurbanzade-clinic.ru
manikur_ckandinavia,channel,Маникюр| Педикюр ⚜️ЖК Скандинавия ⚜️Москва | Коммунарка,160,Маникюр+выравнивание +покрытие=2200🔥  Стерильный инструмент 💯 Для записи @a_marieta 🌸
gusinayalapochka,channel,ГУСИНАЯ ЛАПКА,427,Студия маникюра «Гусиная лапка»  💘м.Ботанический сад 📞+7 (965) 237-37-12  💘м.Дмитровская 📞+7 (903) 287-97-87  💘м.Авиамоторная 📞+7 (968) 709-38-61  Онлайн запись👇🏻  https://gusinayalapka.ru
alissmanicure,channel,Маникюрные посиделки📢,432,ПИЛОЧНЫЙ И ПЛЁНКИ онлайн и живые курсы для мастеров в Москве  курс САМОМАНИКЮР для клиентов онлайн Покупка через бот https://t.me/SamaMaster_bot
muir_manual_therapy,channel,МУИР.РФ | Мануальная терапия,581,Канал Медицинского Университета Инноваций и Развития для специалистов в области мануальной терапии  Канал для аудитории 18+
lunayoungmoony,channel,Лунатый мир,172,Live by the sun  Love by the moon   @lunayoungmoon - если вдруг захотите написать мне лично)
igorlotos,channel,Равновесие: Тело и Сознание 🌱,438,"+79309525368 @igor_lotos Мануальные практики, иглорефлексотерапия, игло-нож. Восстановление позвоночника, избавление от головной боли"
myrbeautynails,channel,myrbeauty🪽nails,355,мастер маникюра-Александра
mnogoruchka,channel,Человеческая многоручка,44,"Привет, случайно забредший сюда Путник 🖐🏻  Отдохни и оставь свою Ручку в качестве щедрого вознаграждения 💁🏻‍♀️ Не фетиш  Ладонь, кисть, локоть, предплечье, плечо, всё вместе  Это не важно)  На курсы Мастера Пирсинга  2202203230463228"
peoplebaf,channel,People.beautiful,73,"Самовыражение - это то, что тебе нужно.."
manipulator3000dazai,channel,Челкастая манипулятор😈😈,121,"Вухахаха, я челкастая манипулятор, подписывайтесь на меня, так велела великая госпожа Мурали🤪🤪🤪"
vdk_tibetoria,channel,Центр Восточной Медицины Тибетория 🌿,486,Процедуры и практики восточной медицины  - Медицинские массажи - Мануальная терапия - Физиотерапия - Рефлексотерапия - Фитотерапия  Обращайтесь в наш центр!  Для записи на приём: +7 (914) 707-66-88  Доступна запись через Telegram - @TibetoriaVL  Ждем вас!
dr_yagodkin,channel,Dr.Yagodkin - Мануальная терапия и Массаж,320,ВАШЕ ЗДОРОВЬЕ В НАДЁЖНЫХ РУКАХ! 🦴Кинезиотерапия (кафедра INA🎓) 🩺Приём от👶🏻до👵🏻 🙌🏻Лечебный Массаж ⚡Физ. процедуры ✍🏻 Запись  +79298389038
helgastore_man,channel,House of Style Man|в наявності,2012,"📲Менеджер @helgastore_buy 💙Основний канал - @helgastore_wom 💙Канал зі взуттям - @helgastore_shoes  💙Товар під замовлення - @helgastore_asort , @helgastore_manager 💙 Наложений платіж,оплата на ФОП 💙 Тільки ЛЮКС копії!Відправка щодня по Україні 🇺🇦"
ya_tancuyu_kak_igor,channel,Игорь В. смеется,213,"Игорь Витренко, жизнь, драматургия, театр, кино, иногда мат  Пьесы здесь 👇                vitrenko.ru  Личка тут 👇            @ig_vitrenko"
bratishkaartsybushevskaya175,channel,АРЦЫБУШЕВСКАЯ 175,405,
igobzev,channel,Иван Гобзев-Карпенко,140,о жизни и не только
sportfoto18,channel,Спортивный фотограф Сергей Мерзляков Ижевск,197,"Спорт через объектив. Фотосъемка спортивных событий, тимбилдингов, репортажная съемка.  Профессиональная техника и опыт более 15-ти лет.  Я в вк: https://vk.com/sinoptik_75  Сайт  https://sportmedia18.ru"
ikraych,channel,KRAY,164,"Здесь будет то, что хочется оставить.  На пути к развитию..  лс - @mkraynev"
niivkru,channel,NIIVK.RU,80,АО «НИИВК им. М. А. Карцева»
artempvtsi,channel,Артёмовцы 2025-2029,123,
irishachutcheva,channel,"Ирина Чутчева: моя жизнь, бизнес, мысли ❤",84,Тут Я - @irisha_chutcheva Делюсь своими моментами из жизни🫶 Совмещаю работу в найме и бизнес 📲 с Орифлэйм 🌿 Я ВКонтакте  https://vk.com/irisha_chutcheva Мой канал про продукт https://t.me/proprodukt_irisha
artoegg42,channel,ArtoEgg⁴² [БАХ+],52,
iart_pro,channel,IARTPRO - Художественная школа,40,Художественная школа для детей и взрослых
i_tikhanovsky,channel,i_tikhanovsky,64,"street, live, doc - commercial: @itikhanovsky http://itikhanovsky.ru http://vk.com/itikhanovsky http://instagram.com/i_tikhanovsky"
iosichka2,channel,𝐌𝐧𝐨𝐠𝐨𝐟𝐚𝐧𝐝𝐨𝐦𝐧𝐢𝐤,25,Из названия наверное понятно Ты морячка я моряк ты рыбачка я рыбак ты на суше я на море мы не встретимся никак
sopos_einsur,channel,СОПОС | Справочник по ДМС,245,"Официальный канал Совета по страхованию | СОПОС: https://einsur.ru    Справочник по ДМС, электронные технологии страхования, экспертиза, консалтинг, обучение."
surkov_rms,channel,День Суркова,281,"Дневник сооснователя РМС Владимира Суркова. Бизнес изнутри: о людях, решениях и смыслах    Воды не будет. Но будет про воду. https://rms-company.ru/"
proskuryakovan,channel,"Наталья Проскурякова ️️Бизнес, политика, спорт!",599,"Основатель ""FITBERRI"" &""ARMSTRONG"", https://t.me/fitberritmn https://t.me/armstrong_tmn72 ЗМС, 2х кратная чемпионка мира по бодибилдингу,  марафонец 42195=3,34,27,  Депутат Тюменской городской Думы  6-7-8 созывов"
poleznyy_usinsk,channel,Полезный Усинск,214,"Объявления, афиша, полезная информация, полезные телефоны, горячие линии и т.д."
egor_sharov,channel,Егор Шаров: Заметки Выжившего,247,"единственный в РФ ЗМС по легкой атлетике увлеченный альпинизмом. здесь про бег, горы и всякое иное."
uljudo73,channel,ДЗЮДО Ульяновской области,537,Дзюдо Ульяновской области
zuevdmitry74,channel,Дмитрий Зуев | Дзюдо,347,"Дзюдо для детей: — Советы для родителей спортсменов   — Персональные и групповые тренировки — Фото и видео, успехи наших юных дзюдоистов  Присоединяйтесь! Пусть спорт станет любимой частью жизни вашего ребёнка ❤️"
zdesum,channel,Дмитрий Голота | Деньги | Дзюдо | Книги💰🥋📚,2324,
mirjudo_online,channel,МИР ДЗЮДО,212,О жизни в борьбе Контакты: mirjudo@mail.ru
docdashtoyan,channel,Doc.Dashtoyan,12664,Телеграмм канал пластического хирурга Даштояна Марата Торгомовича!   Операции проводятся в Москве и в Ереване.   Для записи на консультацию пишите @Dashtoyan_doc  https://www.instagram.com/doc.dashtoyan?igsh=YWU1d2Q0M
topyzakrylia,channel,Топи за «Крылья»!,4915,"Привет! 💚🤍💙  В нашем канале публикуются все новости о ПФК «Крылья Советов», а также проводятся текстовые трансляции матчей команды  связь: @gadmintzk МАХ: https://max.ru/join/p8jhWPQWJ8zjnnDo54fPPQLlkn3gjE3l2BZcXqlev3U"
streetboys228,channel,STREET BOYS,1057,Южный стрит!!
shomalgharbtkd,channel,هیات تکواندو شمالغرب,501,کانال رسمی اخبار هئیت تکواندو شمالغرب استان تهران     لینک پیج اینستاگرامی ما:
ogsrus,channel,Партия ОГС. Второй канал.,843,Резервный канал. Мероприятия проводятся в Москве.
krypto_goy,channel,Kit | Luck,1553,Добро пожаловать в наш канал! Розыгрыши/лудки/аукционы • Owner - @kryptoGoy • Чат - @ChatKryptoGoy • Прайс рекламы - @PriceKit1 • Правила ауков - @PravilaKit   •По поводу призов писать в комы/лс!  •Все мероприятия проводятся в развлекательных целях
kra404cc,channel,https://kra404cc.com,5196,dm @pleasures404 / @yerriie
kira_yarmysh,channel,Кира Ярмыш [],159,Пресс-секретарь Алексея Навального  Основной канал Киры Ярмыш   Мой Twitter: https://twitter.com/Kira_Yarmysh  Мой резерв канал: https://t.me/yarmysh_kira
uvarovanadezda,channel,УВАРОВА НАДЕЖДА 🌞💍🧶🪡,786,"Профессиональный художник. 💍 Творю из всего что поддается, а поддается многое!  Создаю и окружаю себя красивыми вещами."
katiniartseva,channel,Ирина Катин-Ярцева,528,"Феминистская терапия, @katinyartseva"
yartsevahr,channel,ЯHR | Ярцева Марина,379,"ЯHR - канал для собственников/руководителей бизнеса и HR  Я Марина Ярцева, в HR 20 лет HR, аудитор, юрист член ""Опора России"" Обучила 672 руководителя Закрыла 400 вакансий за 4 недели Сайт: hr-pilot.ru Дзен: dzen.ru/yartseva ТГ @Marina_Yartseva"
larayargevskaya,channel,L’arge,139,It's My Life
yasyasl,channel,yasyaa,202,
yakrivtsovaru,channel,YA_KRIVTSOVA,131,Шкатулка с мурашками 🦋 Женский клуб о прекрасном и для прекрасных
school_yartsev,channel,Спортивная школа им. Г. А. Ярцева г. Кострома,84,Школа Ярцева в ЮФЛ
kartzev,channel,Игорь Карцев,546,"Игорь Викторович Карцев - генеральный директор группы компаний «Максимум Life Development», петербуржец с Васильевского острова, патриот 🇷🇺 https://maximum.life // В публикациях с тегами цитирую мнения экспертов и профессионалов рынка."
lfk_yarche,channel,ЛФК «Ярче» | Новосибирск,211,Официальный канал любительского футбольного клуба «Ярче»  Вк: https://vk.ru/afcyarche
yatsaleksander,channel,Яц Александр Петрович,436,Александр Петрович Яц Подписываемся на официальные страницы: https://t.me/YatsAleksander https://vk.com/yatsaleksander https://max.ru/join/o1x7H5lMEaRPywy07PWhXQO3zJOmWg6Qk0hucmUJ9A0
jastorf_sk,channel,Jastorf,268,"🚀 Ярославль → Москва → Мир  Меня зовут Сергей Краснов, это мой личный канал, рассказываю о том, что мне интересно.   Архитектура 🏛️ | Стройка 🏗️ | Путешествия 🌍 | Прогулки, поместье, книги 📚 (не вышиваю крестиком! 🙅🏽)  адм - @jastorf"
crgt76,channel,Центр развития городских территорий. Ярославль,177,Официальный канал ЦРГТ  г. Ярославль
mvakhrukov,channel,Вахруков Максим 🇷🇺,110,"Официальный Telegram канал депутата Ярославской областной Думы 8 созыва, председателя Комитета по экономической политике, инвестициям и предпринимательству."
takerrxxc,channel,3:17,53,юля каенжи чето пишет   анонимка : t.me/voprosy?start=uuap9
yartrans_bot,bot,yartransport,,Расписание движения общественного транспорта в городе Ярославль в реальном времени. Тех. поддержка - @cc_error
yarskorayaru,channel,Платная скорая помощь в Ярославле,1,
danshamuz,channel,دانش آموز :‌‌‌ ‌,86471,اینجا پاتوق دانش‌آموزاست 😌❤️  من: @MeofMe_bot
benzstavit,channel,BENZ СТАВИТ,413,САМЫЕ ВЫГОДНЫЙ КЭФ ТУТ
betprimeiro_ww,channel,BetPRIMEIRO Official,695,"🐯  BetPRIMEIRO: Your top online casino experience!  💰  Welcome package up to 320% + 450 FS + 10% Cashback 🎁  Exclusive bonuses 🎰  6,000+ great games  👑  Loyalty program ☎️  24/7 customer support  Visit www.betprimeiro.com now—amazing experiences await!"
persona_watchface,group,Persona Watch Face,1031,https://persona-wf.com/
txndemdrxft,channel,Комментатор Warface,134,
kdh440cast,channel,"Комментатор Дмитрий ""KDH440""",86,"Комментатор: Warface, Мир танков, Valorant, League of Legends, Counter-Strike: Global Offensive 1-2, Mobile Legends: Bang Bang, Free Fire, Standoff 2, Apex, Dota 2, StarCraft II, Battle Teams 2 и Brawl Stars."
yarfacee,channel,Yarface,574,Türkçe Adult Çizgi-Hentai Manga Web Sitesi : Yarface.com İnstagram: yarface.sand  18 Yaşından Küçüklere Uygun Değildir!
warfxv,channel,wxrf,252,dm - @wxrvx
cyberparkkzn,channel,Киберпарк | Cyber Park | kazan,157,Вся оперативная информация о мероприятии у тебя в телефоне  cyber.itpark.tech
warfaceakki,channel,https://molodez-shop.ru/,93,Раздачи пин кодов И аккаунтов
metalwargame_en,group,MetalWarGame,320,https://wax.atomichub.io/creator/collection/metalwargame
whatthefreg,group,W̶ ̶T̶ ̶F̶,316,whatthefreg.wtf
fkmgu,channel,МФК МГУ / МГУ-Талина,261,
ructfe,channel,RuCTFE [DEPRECATED],441,"RuCTFE is an annual online international challenge in the information security that was held annually from 2009 to 2020. Now it is a part of RuCTF event, so please join @RuCTF channel"
uralctf_news,channel,Кубок Урала по кибербезопасности (UralCUP),93,Ежегодные соревнования по информационной безопасности для студентов Уральского федерального округа и участников из других регионов.  Соревнования проводятся Тюменским государственным университетом при поддержке Правительства Тюменской области.
mfc_viral_team,channel,МФК «Viral Team»,67,"Мы новая медиа-футбольная команда из города Пермь «Viral Team»⚽️🖤   связь: @saashqwz , @whyqq0"
fmsu_official,channel,ФМУ,609,Офіційний вісник Федерації мотоспорту України
fcmtok,channel,ФК «МТОК»,580,Официальный канал ФК «МТОК».   💚🖤  📲VK: https://vk.ru/fcmtok
fcmp50,channel,قسم طب الاسرة والمجتمع قناة التدريب العملي للدفعة 50.,505,
fiteu_kamchatgtu,channel,Фифики | КамчатГТУ 💜,127,Канал ведётся студентами Совета обучающихся ФИТЭУ КамчатГТУ  Сделан студентами для студентов 💜
fc_mcu_gap,group,𝑭𝑪 𝑴𝑪𝑼 𝑮𝑹𝑶𝑼𝑷,270,
fmf_chspu,channel,FFMIT_CHSPU,247,"Факультет физики, математики и информационных технологий/ ЧГПУ"
fmmpmsu,channel,"Программа специалитета ""ФМиМФ""",65,"Программа ""Фундаментальная математика и математическая физика"" механико-математического факультета МГУ и ИТМФ МГУ."
ussrfootball,channel,Штрафная Площадь,340,"Говорим о российском футболе,обсуждаем новости,культивируем смыслы  Пишите по всем вопросам: @VladimirBaum"
captensaif90,channel,الاخبار الرياضيه /كابتن سيف,186,🔔 أخبار حصريّة ومواعيد المباريات أولاً بأول. 📱 تطبيقات وبرامج لمشاهدة مجانية (شاشة/هاتف). 📊 تحليل تكتيكي معمّق وقراءة علمية للمجاريات. ⚽ تغطية حية للأحداث والأهداف والملخصات. ​🚀 فريق متكامل جاهز لمرافقتك لحظة بلحظة.
inversionmeteoryt,channel,Inversion Meteor,592,Sky Gaming content-creator bs  https://sky-gaming.online/game.family.html#player14d5a4c0fd3e01c80c85c48d  Предложения — @Inversionconnection_bot
inverga,channel,Александр Верга | Переход в основной канал,1176,№ 5534131715
imrtlago,channel,imrtl aggoo // sell,407,✨Наша группа: https://vk.com/immortalago  ✨Наш модс в дс: https://discord.gg/mvPUvPZ9Y9  ✨Boost: https://t.me/boost/imrtlago
ivlev_dress,channel,Ivlev,382,https://ivlev.shop  Тик ток: tiktok.com/@ivlev_dress Сдать ЕГЭ по СВАГе: https://t.me/EGE_PO_SWAGE_bot Поддержка: https://t.me/ivlev_brand_support_bot
inversionduocf,channel,ㅤнабор в админы | 𝗂𝗇𝗏𝖾𝗋𝗌𝗂𝗈𝗇 𝖽𝗎𝗈 ( 𝖼𝖿:𝗇𝗇𝖽 ),349,take bot @inversionduobot
ilzipubgm,channel,ILZI,849,Tik Tok - https://www.tiktok.com/@ilzipubgm?_r=1&_t=ZS-963o5P4Cdxk  1 vs 1 150₽ @whyyamee
lindyyypubg,channel,LINDYYY,78,1/1 – +3👥 | 15🌟 | 30₽ @kxll86
soggychipsbruv,channel,"soggy chips, bruv",63,everything brit except for what isn’t.
inversi0_0_0n,channel,инверсия · ₊ ˚,148,！！они/их  ！！ Инверси/Тсуми   𖥔 хочу эдит Инверси и все 🙏 — личка : @Garga_a_a_amel
lilcv33tchannel,channel,channel/lilcv33t,219,😃Всех приветствую в моем телеграмм кнале  🤗Тут я публикую всю информацию которая связанна с моим YouTube каналом    YouTube - https://www.youtube.com/@lilcv33t Twitch - https://www.twitch.tv/lilcv33t Связь со мной - @lazy_w0rker
inversive_theatre,channel,Инверсивный Театр | Inversive Theatre,116,Театральный трансформационный проект Анны Хламовой и Алексея Власова с участием актеров-резидентов творческого комьюнити #БудьИскусством  Записаться на представление: @xlamova 💌
inversionevent,channel,ИНВЕРСИЯ event,69,"Привет! Мы Даша и Полина!  Ивент агентство из Геленджика – ИНВЕРСИЯ 🙃 организовываем разноформатные проекты, но больше любим делать камерные, уютные 🛋️"
trve_kvlt_forever,channel,vvilderness ov mirrors [tigrve kvlt],75,https://t.me/joinchat/IJsR9X_gmDsR_wdU
vokergg,channel,I N V O K E R,32,Stand off content
ilvilvina,channel,ILVINA,27,🧿  أسود و أبيض
moscowbless,channel,user+proxy*,11,@invalidclothes
animorigo,channel,× AniMoriGO ×,31,
inversiongold_ec,channel,INVERSIONGOLD S.A,32,Whatsapp: https://wa.me/593994563188  /  Instagram: https://www.instagram.com/inversion.gold?igsh=MXZ4bjAzODQwaGplbA==  / Faceboock: https://www.facebook.com/profile.php?id=61564650153407&mibextid=ZbWKwL
xommyackkk,channel,Тт- Молодой xomyaccckkk,29,
rangevision3d,channel,RangeVision 3D-сканеры,372,"Официальный канал компании RangeVision для информирования о выходе новых продуктов, обновлениях ПО и других событиях. Вступайте в нашу группу https://t.me/rangevision3d_rus/ - там общение, техподдержка, советы и инструкции, конкурсы и розыгрыши."
nwinversio,channel,Inversio,63,"Всё о программе Инверсио, а также новости и обновления"
yrfedi,channel,Интроверт [16+],213,"Порой мысли - не только наш враг, но и наш защитник.  [RUS/ENG] Привет! Я интроверт, ухдожник-самучка, рад видеть тебя здесь!:)"
oxinverse,channel,InverseAltruism,55,"General economy Research, also looking at majors SPX, DXY, BTC, ETH and more  My Twitter: https://twitter.com/InverseAltruism"
ingenius_bot,bot,INgenius Event,,
inversecompanionbot,bot,Inverse Companion,,
inverga_bot,bot,Инвестиции с Верга | Материалы и бонусы,,"Бот канала «Инвестиции с Верга» с полезными материалами по инвестициям.  Активируйте бота, чтобы получить доступ 👇"
pc_kaskad,channel,Инверсия Права | Стратегическое бюро,2,Стратегическое бюро для решения безнадёжных дел. Не защищаем — инвертируем ситуацию. Авто/ФССП/Арбитраж. Наша методология — «Эффект Доплера». Заявка на анализ: @inversia_manager_bot Иркутск. 8 (992) 119-42-59
angemkk,channel,￴ ￴￴ ￴￴ ￴￴ ￴￴ ￴￴,2,
olympionik,channel,ОЛИМПИОНИК.РУ,1186,"Товары для художественной гимнастики, танцев и хореографии"
tutorialhoreokpop,channel,·° K-pop dance tutorials ˚·,668,"Чай, кофе, потанцуем red lights? ``🫐``  Привет! На этом канале ты можешь найти туториал на любую k-pop хореографию, а мы тебе в этом поможем)   • | реклама – @yuk_kko, @yana_chekhova • | админы – @yuk_kko, @yana_chekhova @Linnnnnnm"
karameliya_krsk,channel,КАРАМЕЛИЯ,688,школа современной хореографии г. Красноярск
sevastopol_ballet_academy,channel,"Академия хореографии, г. Севастополь. СГАХ",1292,
stagedance_uss,channel,«СЦЕНА» конкурс совремнной хореографии в Уссурийске,1019,
domtancanews,channel,Дом Танца News,508,Студия современной и классической хореографии Дом Танца
radvigenie,channel,Держите спину с Аллой Рогозной,1071,"Безопасные практики для долгой активной жизни.   Опыт в йоге и пилатесе — 23 года, в хореографии — 30 лет.   Написать мне @AllaYogaMsk Поддержка/реклама @Nomadrak При копировании указание автора и ссылка на канал обязательна."
purpleheartru,channel,💜PURPLE HEART💜,5994,"АВТОНОМНАЯ НЕКОММЕРЧЕСКАЯ ОРГАНИЗАЦИЯ ПО РАЗВИТИЮ ЮЖНО-КОРЕЙСКОЙ КУЛЬТУРЫ И ИСКУССТВА ""ФИОЛЕТОВОЕ СЕРДЦЕ""  Группа в ВК https://vk.com/purpleheartru  По вопросам @olgamed71  Основная поддержка ТГ https://t.me/btstimenews, ВК https://m.vk.com/btsforevertata"
anneta_ogromnova,channel,Аннета Огромнова,595,"Личный канал: продюсера | издателя журнала | медиа наставника   Журнал: https://t.me/+F_eC-iRj7GZlOTUy  Офис в Санкт-Петербург, Невский 80"
murzik_shariki,channel,Murzik_shariki,2293,"Приют в Московской области Район Волоколамска   Автономная Некоммерческая Организация ""Центр помощи бездомным животным ""Мурзик Шарики""  Наш сайт: murzikshariki.ru  Учредительные документы фонда: https://clck.ru/36maNS  Для связи @Murziklichka"
prostorunet,channel,Юлия Фадеева | Соцсети на автопилоте,242,"Соцсети, видео и сайты, которые работают без вас. Создаю системы, где контент выходит сам — без СММщиков и стресса. Подробнее: https://fadeevayulia.ru/socsetinaauto.pdf  Для связи: @Julia_SZ"
ekaterina_boldyreva55,channel,Психология души,148,✔️И здесь про: ▫️созависимость ▫️созависимые отношения  ▫️границы в отношениях ▫️страхи  ▫️самоценность ▫️отношения с собой  ▫️отношения с другими ▫️ о самопомощи ✔️Задать вопрос анонимно: t.me/thevoprosybot?start=bsnv4 ✔️Связаться со мной: @kateboldyreva
ikamaza,group,IKAMAZA 📚,648,"Nantikan Milad, di 2024. Kita ketemu lagi.   Kita Gaungkan IKAMAZA lebih keras lagi...   Salam Hormat,  Hassan Ahsan Malik (@AlexSaif)"
aksiya_simkartalar,group,Aksiya simkarta.,364,Manzil Qiziriq Dexqon bozori. Hizmatlar.👇 Simkartani boshqa kanpaniyaga almashtirib beramiz.  Kuygan simkartani tiklab beramiz.  Zakasga nomer qilib beramiz.  Telfonlarga Imeikadan chiqarib beramiz.   Lich. @uzb0196 Lich. @khayitmurodov1996
sirikazan,channel,SIRI,257,Street food bar  Профсоюзная 22
daakazan,channel,🅳🅰️🅰️ 🅺🅰️🆉🅰️🅽,180,Добро пожаловать 😇 ‼️ Информация касающаяся DAA‼️АА‼️БКАА Любим ВАС❤️❤️❤️  DAA RUSSIA . Сообщество химически зависимых DAA  Казань  o-nas http://daarus.ru  Горячая Линия - 89050216499
grupcpnskemenag,group,CPNS KEMENAG,195,Grup CPNS Kemenag
sungaipetanikedah,group,SUNGAI PETANI,252,
supermamakazan,channel,СуперМама,146,ФОРУМ для мам в Казани 🩷  Организатор @Ramilya_App Билеты ➡️ https://xn--80aan2abbnckfcyjl.xn--p1ai/
fefekaka,channel,фека фику5 | fiku5golubev 😼,6422,"рисователь, стример и чел, что пытается в онямации это все я ФЕКА / ФИКУС ГОЛУБЕВ 😎🤙  твич - twitch.tv/fiku5golubev вк - vk.com/fiku5golubev бусти -  boosty.to/fiku5golubev   рейтинг данного канала 18+ матюки голые попки и 2дэ целующиеся кто либо"
golev_custom,group,Golev_custom_shop,125,офіційна група
shaze_books,channel,shaze_books,866,"Обзоры хороших детских книг  🎨 Голубев Александр, иллюстратор  🍋 Сооснователь lemonadebooks.ru  📙 Мои книги на Лабиринте: https://www.labirint.ru/authors/85648/  📙 Всё о книжной иллюстрации: t.me/bookpix"
kinogolubev,channel,Кино и Голубев,485,"Меня зовут Эдик Голубев. Сейчас я только рассказываю про кино, но потом начну его ещё и делать.   Связь со мной: @solidpliskin"
formulaplavania,channel,Максим Голубев | Плавание,348,"Делюсь опытом профессионального спортсмена, чтобы сделать плавание доступным и эффективным для каждого."
golubevtattoos,channel,GolubevTattoo 🕊️ Тату Брянск | Москва •Евгений Голубев,413,Татуировочное убежище от всех потрясений этой непредсказуемой жизни 😄 Личный телеграм @golubevtattoo Все мои ссылки и профили: https://taplink.cc/golubevtattoo
lib_seversk,group,ЦГБ_СЕВЕРСК,163,Мы снова с вами!
aleksandrgolubevfriend,channel,Александр Голубев,187,Авторский канал Александра Голубева  Для связи @GolubevAS777
ebat_hochu_kvas_i_hleb,channel,Невероятный путь из Москвы в Ленинград автостопом в одних трусах с бабочкой на попе или как Лошпед Лёша Голубев выебал таксиста,214,"В Киеве бузина, в огороде бабка Архив: https://t.me/barandildan добро пожаловать епта!"
socinvest_golubev,channel,Сергей Голубев | Социальные инвестиции,152,"Авторский канал Сергея Голубева. Социальные инвестиции. Устойчивое развитие. Привлечение талантов. Развитие городов.  Фонд социальных инвестиций, soc-invest.pro"
golubevva1,channel,Стихи Голубев Вячеслав,115,"Лучшая Поэзия  для ума, души и сердца Друзья, вы читаете  мои авторские стихи.  Надеюсь, каждый найдёт в моих стихах частичку своего сердца. Вячеслав Голубев * Все авторские права защищены Законом ГК РФ АВТОРСКОЕ ПРАВО."
megolubev,channel,Максим Голубев,112,"🤝Основатель АйПи.Решения - 12 лет создаем умные решения для ответственных людей с помощью систем безопасности www.ip-sol.ru 🏢Команда 50+ человек, реализовали 7750 проектов с 2012 г. 🏆Пишу о том, что помогает нам расти на 50% несмотря на обстоятельства"
blue_russiav2,channel,BLUE RUSSIA,127,
oleg_golubev_concerts,channel,ОЛЕГ ГОЛУБЕВ концерты,113,"Моменты творческой жизни артиста, график предстоящих концертов Олега Голубева  По вопросам сотрудничества пишите: концертный директор @Olga2023msk"
golubev_air,channel,На связи - Голубев,105,
wartegg_russia,group,WARTEGG_Russia,69,Всё о WARTEGG-TEST. А также о графических и рисуночных методах  диагностики.   Чат к каналу Супервизора Светланы Ивановой.   Вопросы @Ivanova_psygrapholog
kvartiravspbpro,channel,Голубев Денис. Недвижимость в СПб,54,"Помогаю купить квартиру в СПб выгодно и без ошибок. Разбираюсь в рынке, застройщиках и ипотеке — чтобы вы принимали правильные решения, а не переплачивали."
levanclub,group,Зал боевых искусств СК Русь,35,
blagovestnik,channel,Благая весть – Песни во славу Божью 🎶,40,Песни во славу Божью!
jiznvscode,channel,Жизнь VS Code | Даниил Голубев,34,"Личный блог программиста, не упускающего возможности научиться чему-то новому."
glavcontactbot,bot,GLAVCONTACTBOT,,
muzoff_bot,bot,Support @solovey 🇺🇦,,🕊 Музичний соловейко @solovey 🕊
golosageroevmordovii_bot,bot,Голоса героев Мордовии,,
ligavega_bot,bot,Ligavega.ru,,
podlodka_crew_gleb_bot,bot,Глеб из Podlodka Crew,,"Я отвечаю за экипаж Подлодки. Доступы к конференциям, анонсы, видеозаписи прошедших сессий – я помогу со всем этим!"
gpdevelopment1_bot,bot,Вячеслав Викторович,,
volggirlz_bot,bot,Модели Волгограда,,
golubi_miry_bot,bot,Голуби миру,,
glovoua_partners_bot,bot,GlovoUA Partners bot,,
gpvyacheslavgoodwin_bot,bot,GP Vyacheslav Goodwin,,
privetetolevbot,bot,"✨Привет, это Лев!",,Официальный Чат-бот проектов Льва Соловьева по йоге и медитации
fudovsupportbot,bot,Fudov Support Bot,,"Задайте свой вопрос боту поддержки FUDOV.RU, бот подключит нужного специалиста."
pgsvphoto,channel,Жизнь через объектив.,189,"Меня зовут Сергей Поляков-Готлиб. Я фотожурналист. В канале мои фотоистории - люди с их судьбами, состояниями, эмоциями и переживаниями. То, как я вижу и чувствую.   По вопросам коммерческой съёмки пишите @sergPG"
fxbigben,channel,fx - почти как функция,166,
gipnozer_sound,channel,GIPNOZER,90,sound explorer | drone music | experimental music | dark ambient | idm www.gipnoz.bandcamp.com www.youtube.com/@gipnozer_sound
guseinvsmikxail,channel,🤑ГУСЕЙН ГАСАНОВ VS МИХАИЛ ЛИТВИН 👿,26,"Официальный канал GG!  Приглашайте сюда друзей, тогда будет больше розыгрышей.  Ссылка на приглашение: @guseinvsmikxail   Рекламный менеджер:     @makxmud2005  В нашем канале вы можете про рекламировать свой канал для этого нужно связаться  с менеджером"
grigoraschenkoivldpr,group,ЛДПР Григоращенко Иван Васильевич Энергодар,58,
gleb_portfolio,channel,GK,8,"🎬 Собрал лучшее: проверил на практике, готов повторить для тебя! 📱Моя группа Вк: https://vk.com/gk2238 📱Мой Instargram: https://www.instagram.com/glebreels?igsh=NG1pNGQ0dDR5ZWt5&utm_source=qr Подробности в личном сообщении: https://t.me/glebvideoeditor"
xtuuzz,channel,طـزًا,9,- حقوقي محفوظة .
glavaalgai,channel,Сергей Юрьевич Зюзин,982,Официальный телеграмм-канал главы Александрово-Гайского района Саратовской области
mashukovv,channel,Машуков Виктор Юрьевич/Глава Читинского округа,366,Виктор Юрьевич Машуков личный Telegram канал
zhenya_epta,channel,Свалка на деньги Миши,327,"Походу, Михаил Юрьевич выделил нам деньги"
juniperleafl,channel,Ялівець | Л | Juniper,67,RUSSIAN DNI  Канал з артами  Він/його Замовлення відкриті:  https://vgen.co/juniperl
jelepukovo,channel,🪻Желепуково🪻,98,"Меняю фандомы как перчатки, так что ради одного конкретного подписываться не советую🪻"
olegsumarinpsy,channel,ВЕДУЩИЙ ПСИХОЛОГ ОНЛАЙН ОФЛАЙН СУМАРИН ОЛЕГ ЮРЬЕВИЧ,781,"ИЗ НЕВРОЛОГА В ПСИХОЛОГА  📚 ✍️ Автор метода психокоррекции человека. 💔 Решение проблем в отношениях. ❗️ Лечение ВСД, невроза, депрессии без лекарств.  Отзывы https://t.me/sumarinotzivi  Связь: @OlegSumarin1  📞 +7904 627 52 23 (до 12:00 МСК)"
okshindy,channel,Окшин Дмитрий Юрьевич ЧЛХ,520,📍Челюстно-лицевой хирург 📍Стоматолог-хирург Врач высшей категории  🏢 Москва и Московская область  Для связи и записи на консультацию:  📞 +7 (916) 717-11-97 (Telegram и WhatsApp)  📪 dr_okshin@mail.ru
venazarus,channel,Логово Веназара,4224,"Предложка: @PredlozhkaVenazaraBot  https://taplink.cc/venazar  Меня зовут Веназар, и я участник МайнШилд 4! Добро пожаловать в мой Телеграм-канал, здесь я делюсь новостями с МайнШилда и из своей повседневной жизни, а также выкладываю анонсы новых видео и"
pokemongominskraids,group,Raids PokemonGo Minsk [CLOSED AGAIN!],337,Анонс рейда-> @PoGoVrnRaidBot @RaidPokemonBot @pgr_bot Как делать рейды: telegra.ph/Posobie-dlya-nachinayushchih-rejdunov-02-17 Флудилка: @PokoMinsk  Квесты: @QuestMinsk Инфо: @PGoFiles p337.info/pokemongo Гнёзда: thesilphroad.com/atlas
dinamomnsk7,channel,ХК ДИНАМО МИНСК | KHL VIAR,17,"Ген. Менеджер Олег Антоненко Гл. Тренер Дмитрий Квартальнов Ассистенты: Андрей Ковалев,Игорь Горбенко,Андрей Михалев."
rabotapodrabotkaminsk,group,РАБОТА/ПОДРАБОТКА МИНСК🇧🇾,20,
zunrone,channel,ZUBR.ONE,13,
by_minzdrav_bot,bot,BY_Minzdrav,,
minzen_my_son,channel,Хк «Динамо» Москва | РХМ,3,Главный тренер - @Glavny_goose
minestgwinbot,bot,Mines - Сигналы,,
minasarv1bot,bot,Minasarv,,
mnnstaa_bot,bot,анон миннесотки,,
minecraft_uzbek_group,group,MINECRAFT_UZB_GROUP,2,
minminentbot,bot,MinMin Entertainment,,
minskpolice_bot,bot,Обратная связь Минской Милиции ОФИЦИАЛЬНЫЙ ✅,,
rabota_minsk_bot,bot,РАБОТА | ПОДРАБОТКА В МИНСКЕ,,📨 По всем вопросам: @saskovets
mincultzo_bot,bot,MincultZO,,
mineriumminerbot,bot,Minerium (MN),,
minskdvizh_bot,bot,Minskdvizh🌟,,"⭐️Твой личный помощник в мире событий Минска!  🫶 🗓 Афиша города - кино, концерты, театр, выставки и маркеты 🎉"
minzdrav55_bot,bot,Minzdrav55_bot,,
minforbot,bot,Min,,
minminmessanger_bot,bot,min anon 💌,,
menskpratsa_bot,bot,MenskPratsaBot,,"Доступ к подаче объявлений в группу ""Минск Работа Подработка"" производится через этот бот."
minakomidzy_bot,bot,Mꪱꪀꪋᴋ᥆ ꪋꪀ᥆ꪀ,,
mymiza_bot,bot,miza,,
minsknews_bot,bot,Minsknews,,У вас есть интересная новость? Поделитесь с нами! Для начала общения напиши /start
minajik_bot,bot,Minajik_bot,,
sov_minskbot,bot,sov_minsk@bot,,
mogtrump_airdrop_bot,bot,MİNİNG,,
minacommunitybot,bot,MinaBot,,
minativault_bot,bot,Minati Airdrop,,Welcome to the official bot of MINATIVERSE
mingkhsk_bot,bot,МинЖКХСК_bot,,
kartaviybarselonets,channel,Картавый Барселонец,1020,реклама - @AdKartBars  дизайн - @bezkonch_design
fcalexander,channel,ФК «Александр»,169,"#ForzaAlexander CEO, Head Coach, по вопросам, матчам, реклама - @scarrtier   Club Presidents: @scarrtier, @arsharik  Vice President: Илья Калединский Домашний стадион - СК Старт."
fcbustard,channel,Fc Bastard,242,для связи @alicenizora реклама/сотрудничество @alicenizora
aksik_13,channel,Домик Аксика,78,футбольные истории и факты  связь @aksik13
polbinschoolsportclub,channel,"ШСК ""Форвард Печатников""",210,"Школьный Спортивный Клуб ""Форвард Печатников""  ГБОУ Школы им. И. С. Полбина."
forward_to_print,channel,"Форвард | типография, издательство",184,"Срочные и интересные новости типографии ""Форвард"""
footballniitm,channel,ФК НИИТМ,87,Вас приветствует футбольная команда НИИТМ⚽️❤️
mbydkh,channel,Дворец культуры химиков,1971,МБУ ДКХ
olga50almaz43,channel,💎Мастерская алмазной мозаики по фото💎,6,💎Эксклюзивная алмазная мозаика по фото🎁Роскошные подарки для ваших друзей и родных💎Наборы и готовые картины💎
almaz_servis,channel,️ALMAZ NARHLARI️ 💤,8,
otviz_abdullayev,channel,Abdullayev otviz,2,
tayirov_uzs,channel,TAYIROV ALMAZ,2,
almazovo,channel,Алмазово,2,
almaz_s_bot,bot,АлмазСервис,,Продажа алмазного инструмента
diamond_steam_shop_bot,bot,Магазин Алмазика,,"Бот в котором вы сможете найти качественные аккаунты по доступной цене, под разные нужны"
kama_milos,channel,Камалия Милос 🎥📸,199,"Мультижанровые съемки,фото,видео. Контакты t.me/video_milos"
xi8ck7mrwllhmzhi,channel,Кулинарные каникулы Детский лагерь,567,Детский лагерь «Кулинарные Каникулы» смены 2026 и все наши новости 💚  ☀️Офис «Зеленых каникул»: 88432100980  ☀️ https://www.sdp-gh.ru/ ☀️Руководитель смены: Нугаев Камиль Равильевич  ☀️Тел. 89969032219 ☀️Телеграмм: @KePch1k23 ☀️ Летняя смена: 25.07-11.08
kanalkoucha,channel,Устами Камиллы Файр,204,"Мужчины с Марса, женщины с Венеры. Я - Камилла Файр, ваш межпланетный коуч   Здесь о том, как: 🔅любить и быть любимой  🔅строить здоровые и гармоничные отношения  🔅развиваться, наслаждаться, мечтам сбываться"
kamilsystems,channel,"Шарипов Камиль | База, боты, заявки",147,"Здесь делюсь кейсами, мыслями, идеями.  🏆 Создаю закрытые ТГ каналы по подписке 🤖 Проектирую автоворонки и чат-боты 📔 Учу эффективно работать с техничкой, без ИИ хайпа   Шарипов Камиль Раильевич  ИНН 024501375138  Всегда на связи @kamsharipov"
kayaldance,channel,KAYAL,90,"всем привет, мы команда KAYAL  сюда мы будем выкладывать свои достижения и успехи, делится с разными приколами из нашей команды!!"
vasha_kirochka226,channel,Карамельная кируся 🖤,153,
dchumil,channel,Epelin's lopely ୨୧ cinta puyo bubble gum (bbg) selamanya!,166,"free jbjb ya weee, jan sungkan loh. 𝗦𝗜𝗡𝗖𝗘 : 04 November 2023 #CARSAILLYZ Veline 𖹭 Jun, Kyungmin, Leo, James, Jay, Yujin, Dobby, Sanghyeon, Keyu, Heyi, Linyi !  Carat n SAI garis keraz, SALUTEE~ ENFP-T GURL | Dar Der Dor Person Ch asbunnya Pey !"
nastya_povernulas,channel,Повернулась на квадах,165,"Это канал Насти Камиль о квадах 🛼🛼 (роликах с колесами в два ряда)   Все вопросы, предложения, хвалу и негодование можете присылать лично @nastyakamil"
carel_kz,channel,CAREL KAZAKHSTAN,128,Техническая поддержка info.kz@carel.com Официальный сайт carel.com
akhmetva1eevkm,channel,Камиль Ахметвалеев | Алтын Вакыт ✨,132,AKHMETVALEEV KAMIL Мастер спорта России по греко-римской борьбе🎖️🇷🇺   🥇Кубок России среди мужчин 🇷🇺 🥉🥉Чемпионаты России среди мужчин 🇷🇺 🥇🥇Чемпионаты России среди студентов 🇷🇺 🥉🥉Первенства России 🇷🇺  @akhmetva1eev
nugaev_kamil,channel,Нугаев Камиль Асгатович,89,
playemirshitpost,channel,плейэмир и его друзья приколисты,90,Админы: @Netlix123 @dth_xd @the_special_redux @Laym1Xxx_CBO @Spoken04 @PlayEmiR Камиль @SALO989 @qLinqwq @ItsToskak @Rburbiznesmenu @mebauu @MuchSdar2 @nikita2014pro @Meshock7349 @ArsikKrutasik.
darina_omsk,channel,Дарина,545,"Актуальная информация об акциях, новинках и новостях компании."
chefalarusse,channel,Le chef russe 🇷🇺,636,Nouvelle Cuisine à la russe. Кулинария глазами логика. Авторский канал Павла Ершова. #рецептыизтетрадки — @chefrusse_bot Ютуб https://www.youtube.com/@chefalarusse ВК видео https://vkvideo.ru/@chefalarusse
talkwithkris_giz,channel,Talk with Kris ❤️,371,Beauty/Health/Food/Activity and K-d locations first hand 🤍
ladushka_hleb,channel,Ладушка-Хлеб,650,"Московская компания по производству настоящего вкусного ремесленного хлеба на живой закваске. Праздничные кексы (штолены, кексы, злаковые печенья). Только натуральные ингредиенты."
vkusnotakk,channel,Готовим вкусно🍓 быстро🍋 и просто🍏!,240,"Домашние рецепты с фото, которые легко приготовить. Вкусные и простые пошаговые кулинарные рецепты с фото, праздничные и на каждый день. Присоединяйся! 🥰"
s0urart,channel,Сметанкинс || S0urCre5m,53,"Велкам в мой тгк с рисунками и серьёзными постами! Меня можно звать Сметаной, или Кремом, или Евгешей- по имени.  Ознакомление с закреплёнными ОБЯЗАТЕЛЬНО."
smetanin_r,channel,Сметанин Роман,188,
kmz58,channel,Каменский Маслозавод,29,
vseobovsem153,channel,Всё обо всём,42,"Добро пожаловать на канал Всё обо всём! Сюда будем выкладывать кулинарные рецепты, всё о растениях, всё о лекарствах, техника и посты для незрячих, гороскоп, пожелания с добрым утром и спокойной ночи и полезные ссылки, праздники и православные темы."
ivan_gymnast,channel,Иван Емельянов - спортивная гимнастика🇷🇺,114,🟢Воспитанник СШ#2 Красногвардейского района г. Санкт-Петербурга 🟢Тренер - Сметанин Вадим Вячеславович
code_vkusa,channel,Код Вкуса,90,"Привет! На нашем Тг канале, вы сможете найти самые простые, быстрые и классные рецепты. По вкусу и по цвету с:"
bodypit_krasnogorsk,channel,BODY-PIT Красногорск,35,Спортивное питание
yancheeseby,channel,"ОАО""Верхнедвинский маслосырзавод""",102,👌Качественный вкусный сыр! https://yancheese.by 👉Качественный отдых на турбазе Лесниково @lesnikovo.by
beregitezdorovie,channel,Берегите здоровье с NSP,45,"✅︎Здоровье семьи без лекарств  ✅︎Качественный продукт ✅Пользуемся более 10 лет  ✅︎30% скидка на всю продукцию NSP ✅︎Возвратный кешбэк 5%  👩‍❤️‍👨Семья NSP - Анна, Константин и Данелия 👩‍🎨 @dizayneranna 👨‍💻 @partnernsp"
duhovka,channel,Без духовки,51,У меня нет духовки. Выживаю с мультиваркой и электрической плитой.  Задай вопрос @anastasia_makaeva
zf1rztn1ght,channel,Последний день |LD|,531,Самый добрый креатор Тулы и области. И далеко не рядовой. Предложка @DneprPanelka_bot По поводу вступления в чат - пишите в предложку или модерации ( @eyxia / @NiggaReaper42 )
hkrossoh,channel,ХК Россошь ЮХЛ,491,Канал про Хоккейный клуб Россошь ЮХЛ  Тут будут все новости Группа в ВК: https: https://vk.com/hcrossosh
freelanc13,channel,юлек || freelance,80,"я Юля и мне 14 лет - являюсь куратором проекта miralis, вывожу своих учеников на заработок в 🍋  в этом канале можно увидеть мои достижения и успехи с проекта  связь -> @Detoind"
uhlkaluga,channel,ЮХЛ «Космос»,330,"Всё про ЮХЛ «Космос». О команде, ребятах и их жизни 💙🏒"
mystarjsuh,channel,?🔒? ✸ – suhlight.,154,our star – johnny suh ᰔ  coop – @vpjolover  anon – @mystarj_bot кредит на баббл – jsuhsource ( x/twitter )
yunhovahye,channel,Yunho en état de choc,21,
hockeytula,channel,Хоккей Тула - все трансляции,107,"Тульский хоккей - МХЛ, НМХЛ, СХЛ. ЮХЛ, Ночная лига. детский хоккей. Приветствуются материалы по истории тульского хоккея"
xjehl,channel,Тепло души и радость сердца. La chaleur de l’âme et la joie du cœur,58,"Когда я размышляю сколько у меня надежных, умных, очень интересных, задушевных друзей, то понимаю, что мне сопутствует нереальное везение! Плюс приятели-персонажи! Этот канал для общения с вами, как бы далеко мы не были. Люблю вас!"
yulbahng,channel,Юльбан не выйдет (в окно),62,"Просто мой канальчик  Ору со всякого, ругаюсь, хвастаюсь"
ghikfgghjjj,channel,Юля CHEK BIO 🤑,5,لم تل بсодда67
karmabyelookbook,channel,𝙺𝚊𝚛𝚖𝚊 𝙻𝚘𝚘𝚔𝚋𝚘𝚘𝚔,694,уютный уголочек с фотокарточками 🩶  подарить свой голос: https://t.me/boost/karmabyelookbook
altunum77,channel,the.kams,1182,notes of my life   мой инст: https://www.instagram.com/the.kams?igsh=NWJ0Y21yNGs3enV6&utm_source=qr  мой лс: @thekams1
ka7rma,channel,KÀRMA.,469,
karmaisacatshop,channel,Karma is a cat 🔮,64,Purring in my lap 'cause it loves me🐱  Магазин вязаных вещей на заказ💕
khudayr_ru,channel,шейх аль-Худайр ©,272,"Выдающийся ученый С. Аравии (г. Эр-Рияд), бывший член «Постоянного комитета по фетвам», специалист в науке фикха и хадиса:  الشيخ عبدالكريم الخضير шейх ‘Абдуль-Карим аль-Худайр (да сохранит его Аллах)  © vk.com/khudayr © t.me/khudayr_ru © t.me/ulama"
miloskovicofficial,channel,Милош Ковић (званичан канал),998,Званични телеграм канал
kigzametky,channel,KIRILL IGOREVICH заметки,135,"Пишу, чтобы не забывать. Думаю вслух. Танцор, отец, служитель. Просто Кирилл."
miroow8,channel,miro²любивый 🪷,305,"тт — kalibr_99 ричиклео и дилошечки в сердечке Hey, you stupid little Russian boy, catch my cum with your stupid face"
lololkolligddxcv,channel,милько м1ллсоул,104,
kirillmarketingtime,channel,Канал Кирилла MarketingTime,57,👋Привет!  Я владелец агенства интернет-маркетинга Пишу про все лучшее в теме интернет-маркетинга и развития бизнеса🚀 👉Привлечение клиентов в ваш бизнес💸  Для связи: @kirill_kirichenko
kirillova666,channel,"о, Кириллова",60,Канал про шмотки @stilevye  Мой виш-лист  @wishlistnk   Insta  https://instagram.com/natakirillova?igshid=NTc4MTIwNjQ2YQ==
sememk,channel,Семем Кириллович С.,51,Личный канал эксперта  с мемами
shmaleniy_kk,channel,Шмаленый Константин Кириллович,31,
fk_sokol,channel,"ФК ""СОКОЛ""",210,"🥉Бронзовый кубок КЛК-ФУТЗАЛ   По поводу товарищеских матчей ФК ""СОКОЛ"" обращаться- @Dan4ik0"
fkproduktion,channel,FK-Produktion,1118,"Hallo, um euch immer auf dem Laufenden zu halten hat FK Produktion nun diesen Kanal eingerichtet, damit ihr sofort wisst wann etwas Neues von kommt.  SHOP: www.fk-produktion.de   E-MAIL: Fk-produktion@web.de"
fk_naftan,channel,"Слухи,вздохи новополоцкого футбола ⚽️",191,"Все новости о клубе,где можно делиться своими эмоциями и  впечатлениями."
jiomartoffersdiscountcoupons,channel,JioMart Offers Discounts & Coupons - Jiomart,2709,"JioMart Coupons | JioMart Deals | JioMart Discounts  Join Main Channel @Sky_Deals For Only Best Offers, Coupons & Shopping Deals On Rapido, Amazon, Fk,etc IPL Dream11 Free Teams - @criceasy11  Contact - @skyecho Food Coupons - @swiggy_offers_zomato_coupon"
fk_edenm,channel,smt.,69,
catstylejsf,channel,[набор в админы] cat style ヾ(＾-＾)ノ,214,
fucktozeks,channel,тозекс великий,263,fucker
kefrok,channel,kefrok,120,Связаться со мной - @kefrokok  Буст канала - https://t.me/boost/kefrok
jenismirnova,channel,Jeni Smirnova,37,Стиль/мода/красота/вдохновение ❤️ для связи https://t.me/Jeni_Style
feelfeel0,channel,Фил,49,
stackkfc,channel,кфс стак,22,
perexodnikvasapkikf,channel,[ПЕРЕХОДНИК]ВАЦАПКИ КФ,18,
ftftftftfti,channel,خوش,6,help
hatejx1seancf,channel,ПЕРЕХОДНИК ХЕЙТ ДЖКС1ШОНЫ КФ,12,ЭТО ПЕРЕХОДНИК ЭЭ
kambekresults,channel,kambek | page,8,
wochekekk,channel,"вочкек опроверг слухи о своей смерти, разместив свежие фото",10,
jackfunchik,channel,JackFun,3,
fefe63kdydk4,channel,"Финиковый чай, Й0У",9,
career_center_stieglitz,channel,Центр карьеры А.Л. Штиглица,1291,"Центр карьеры помогает студентам и выпускникам Академии быть в курсе актуальных событий в сфере трудоустройства, способствует установлению партнерских связей. 📞 8(812)273-26-98 ✉️ career_center@ghpa.ru"
grifon2025,channel,Школа христианского духа «Грифоны»,262,"Проект способствует сохранению и популяризации христианского культурного наследия, связанного с историей Нового Херсонеса и православной традицией нашего государства"
pokerniipredprinimatel,channel,Заметки Покерного Предпринимателя😎,134,"Мой стиль жизни коуча и игрока способствует быть автономным (максимально независимым, насколько это вообще возможно). Здесь мысли, чувства и желания профессионала превращаются в небольшие тексты.  Делюсь с удовольствием!😋  Прямая связь: @dofnh2"
gnezdoowl,channel,Гнездовье🦉,65,"Спокойствие способствует творчеству больше, чем тревога."
divinegjkitation140435,channel,"""دعوت الی الله""",214,«و از میان شما باید گروهی باشند که به سوی خوبی‌ها دعوت کنند و به معروف فرمان دهند و از منکر باز دارند. و اینان همان رستگارانند.» (آل عمران، 104)
dobrye_kotyatki,channel,добрые мемы с котятами 🐯,908,"добрые мемы с котятами, для поддержания вашего ментального здоровья 😇🙏🏻☯️☀️🍃"
theacetrading,channel,The Ace Trading (Free Forex Signals),2446,"PRO Trader and Trading Mentor With 6-Year Experience  Trading Education & Technical Analysis  This channel is made for beginners who want to learn, invest & understand FOREX. We will post the Forecast, and trading ideas.      Contact - @Ask_linofx1"
davydovineconomics,channel,Давыдов.Экономика,1100,Канал экспертной сети «Давыдов.Индекс». Авторские посты и агрегация лучших постов Telegram об экономике и экономической политике.
vasiletofan_economie,channel,Vasile Tofan | Economie 🇲🇩,192,Despre economie. Si nu numai.
khatnegaar,channel,خط نگار (محمدعلی سوره),216,✍️ خط نگار | خانه‌ی واژه‌ها جایی برای دل‌نوشته‌ها، اندیشه‌ها و روایت‌هایی که از دل برمی‌آیند.🌿
kairos_go,channel,Кайрос+,397,"Трейдинг, инвестиции, сделки на бирже. Разработчики торговых стратегий.  В управлении 50 млн. Чат канала: t.me/kairos_go_chat  Связь с нами: kairos.go@yandex.ru"
gladkovanalytics,channel,Гладков|Аналитика Мосбиржи,103,💰Инвестирую сам и делюсь с вами: мои сделки и аналитика 🤝🏻Помогаю лучше понимать рынок
pinkim1nki,channel,PINKI MINKI 🎀,314,Принимаем коробки в Алматы и консолидации в Астану 💘  Выкупаем разборы и личные заказы из Кореи! Обращайтесь к: @buff_au
obzor_sobytij_5544,channel,Обзор событий,76,"Проект МЕДИА ГРУПП ""ВЧК-ОГПУ"", связь vchkogpu.ru@gmail.com"
prostotrady,channel,SimpleTrade,52,#SimpleTrade #инвестиции #рынок #акции #криптовалюта #финансы #аналитика  Публикуемая информация не является призывом к совершению сделок. Предоставляемая информация не является индивидуальной инвестиционной рекомендацией
msk_infrastructurnye_proecty_il,channel,Москва: инфраструктурные проекты или кормушка?,79,"Развитие транспортной сети, реконструкция дорог и благоустройство столицы: какие компании участвуют и как расходуются средства.      Контакты & сотрудничество: sgorskov928@gmail.com"
putj_zeleonyxh_bumazhec,channel,Путь зеленых бумажек,69,"Проект МЕДИА ГРУПП ""ВЧК-ОГПУ"", связь vchkogpu.ru@gmail.com"
monitoring_87,channel,Мониторинг 87 Чукотский АО,74,Вся telegram повестка Чукотского автономного округа в одном канале 🔎  Для связи с нами:  @monitoring_admin_bot monitoring.ru@protonmail.com
nedovarkovalyudmila,channel,☀️Солнечный стоматолог☀️,697,"Недоваркова  Людмила Михайловна🏥  Всё о зубах🦷 Со мной Вы будете улыбаться😁 Реставрации любой сложности👌 Научу ухаживать за зубами 🪥  Связь со мной @dr_nedovarkova  📌Йошкар-Ола,Центр ортодонтии, +7(8362)55-55-05   https://taplink.cc/nedovarkova"
zdravstvui_russia,channel,"Здравствуй, Россия!",634,
imvanillaninja,channel,Ванильный Ниндзя 🥷,11182,"Новости о том, что происходит в мире и не только. Твоё независимое СМИ.  18+ | Только здравый смысл и сухие факты  Новости / Реклама / Сотрудничество : @vanilla_ninja_promo"
slhappinesskz1,channel,Slhappiness.kz,54,
siberianwellnessru,channel,🧘🏻‍♂️ БИОХАКЕР SIBERIAN WELLNESS 🧘🏻‍♂️,63,1. Пройди ЕВРОТЕСТ: multiwellness.ru/evro 2. Оформи дисконтную карту: multiwellness.ru/r 3. Жди от меня сообщения.  Чат: https://t.me/SW_bizzz Интернет-магазин: multiwellness.ru/shop  #биохакинг #antiage #омоложение
sebirianwellness_n,group,SIBERIAN WELLNESS🌐,19,"'Сибирское здаровая' кампаниясига 23 йил булди. 300 хил табиий гиёхлардан, ноёб мевалардан тайерланган махсулотлари мавжуд. 65 та давлатда сотувда бор. Россия Махсулоти.👨‍💻👩‍💻 Консультантлар:"
zdorovyy_vkus,channel,Здоровый Вкус,25,"Специализированный магазин пряностей, сладостей, чая, кофе, продуктов здорового питания и ЗОЖ"
greenlike2025,channel,GreenLike,6,"🥑Забота о здоровье, подтвержденная наукой 🥦100 % натурально| Без сахара и консервантов   🔬Формулы от нутрициологов"
lit_zd,channel,"Клуб ""ЗДОРОВЬЕ""",2,"Питание основа нашего здоровья!!!   Если вам нужна помощь, разобраться,почему не уходит вес, почему скачет давление.."
spbuvarov,channel,УВАРОВДом 🏢/Новостройки СПБ| Ипотека,1172,"🤝Полезные предложения и новости недвижимости Санкт -Петербурга и России! Помощь в одобрении ипотеки! 🫶Семейная ипотека, субсидии, ипотека без ПВ! Субсидированная ипотека! Беспроцентные рассрочки!  👩‍💻Более 50000 квартир в базе от застройщиков! 🏘Ди"
sonfreerave,channel,S.O.N,298,"Free music Rave Сотрудничество - @thesmellofdenis  Наш чат в вк, к сожалению: https://vk.me/join/IUn_6FtufteZyRmk5GNV0p04V8gZ/ur94EM="
suvorovasofaa,channel,Sofa Suvorova,57,пишу и качаю попу
rrrrrp3,channel,ᑎᗣᙢᖘᎽᙁᖚ ᙅᗝᕼᖆᗯᑌ /свободна,106,#1? 𝙥𝙤𝙡𝙮𝙤𝙛𝙛𝙞𝙘𝙖𝙡 𝙗𝙚𝙨𝙚𝙙𝙖 𝙖𝙗𝙤𝙪𝙩 : @sonya_safarova  ᴨᴏ ʙᴏᴨᴩᴏᴄᴀʍ : @Businka_vishenka (ами)  21.06.25 🫰🏻🫰🏻 — 𝙛𝙖𝙢𝙞𝙡𝙮 :_3🩷
supressedov,channel,Home enteral,137,Навечно молодой Forever Young
svidetelinot,channel,SvideteliNOT,65,Переехала
starovar,channel,Starovar,34,
sonkvskroi,channel,༺соня вскрой﷽ ༻,121,
kislovskaya_safarova,channel,ᴋиᴄᴧᴏʙᴄᴋᴀя ᴄᴀɸᴀᴩᴏʙᴀ.ᥫ᭡,101,#no off beseda 💤 #about off — @sonya_safarova starting — 17.11.2025 🎯 — 110 котят.💤 соняшка и тёмочка любимые!💤💕 частичку «флаттершай» «кисловская» не брать!
safarovasonyaa,channel,соня,87,
satrinavashov,channel,ШОВ! but in tg,88,"art by https://vk.com/club171378572 я НЕ владею нотной грамотной. у меня НЕТ слуха. у меня НЕТ музыкального образования. я НЕ умею хорошо играть на каких-либо музыкальных инструментах. я НЕ претендую на то, что вам понравятся мои работы. Просто ебашу."
sonya_zayaroro,channel,👾𝑭𝒂𝒎𝒊𝒍𝒊 𝒔𝒂𝒇𝒂𝒓𝒐𝒗𝒐𝒋👾/свободна,75,
spraytovarov,channel,"Совместные Покупки в Москве и МО ""Рай Товаров"" 👗👖👠🎒🕶",6,"СП ""Рай Товаров"" представляет возможность всем желающим поучаствовать в Совместных покупках ( закупках) на нашем сайте."
sugarsvyat,channel,Самый Сахар,7,связь - @demidrolov
mylovarov,channel,МЫЛОВАРОВЪ,4,
suvorovtmres,channel,SUVOROV.PRO ЖИВОТНЫХ,2444,Сотрудничество / связаться - @suvorov_support_bot
radiosuvorov,channel,СУВОРОВ FM©,270,Суворов FM – радио для Наших💪🏻  Вопросы и предложения принимаем на почту radiorl@mail.ru  MAX https://max.ru/join/bxb8yAyUfutQGyxSEA10RcZTtP1d_ITGOPNp_iOKHw0  https://suvoroveconline.ru/radio/index.html
suvorovmuseumspb,channel,Музей А.В. Суворова,347,"Государственный мемориальный музей А.В. Суворова / Музей оловянного солдатика.  Сайт: suvorovmuseum.ru Группа в ВК: vk.com/suvorovmuseum Приобрести билеты: https://muzei.ru/110/  Санкт-Петербург, Кирочная улица, д. 43 8 (812) 579-39-14"
suvorovtm03,channel,SUVOROV.3,210,https://t.me/suvorov_tm
rusov_safety,channel,Константин Русов,92,Заместитель Главы администрации городского округа Солнечногорск
isupovsuna,channel,Алексей Исупов,20,Официальный телеграмм канал главы Сунского района
legaililil,channel,RUSAME LOVER no1 \\ 🇺🇸🇷🇺,476,Правила канала: - реакция и мин 1 коммент под каждым постом - кидать деньги линеру на Boosty: https://boosty.to/l1n3r/donate - любить русаме - разрешено воровать / обводить / облизывать арты (без последнего нельзя) -  берете арт ставьте кредиты
istoma17,channel,⋞ 𝐈𝐒𝐓𝐎𝐌𝐀 𝐊𝐑 ⋟,944,"Канал для тех, кто живёт по сценариям Клуба Романтики. 💜Хочешь к нам во флуд? Пиши: @Muariya 💜Наш бот для связи: @istoma17bot 💜Наш тт: istoma82 💜Наш канал с аудио: @audioistoma17 💜По рекламе: @priceistoma   30.10.2025💜"
rkarimjonov,channel,Rustam Karimjonov,1716,Raqamli texnologiyalar vaziri o’rinbosari   FB: facebook.com/karimjonovrustam Wiki: https://uz.wikipedia.org/wiki/Rustam_Karimjonov  Veb-sayt: https://digital.uz/guides
magmastories,channel,MÀGMA,770,
old_and_angry,channel,Что не так?,42,О бизнесе в пижамах.  Контролируемый выброс желчи от HRD и ССО
voiakawork,channel,Voiaka Работяга,2006,"Скидываю сюда примеры сборок, заказов и ваши отзывы Мой ТГ: t.me/voiakaGM Отзывы в ВК: https://vk.com/topic-164928627_46984568 Беседа ТГ: t.me/voiaka_youtube"
deikin_exhaust,channel,DEIKIN EXHAUST,662,"Development & Production of 1st-class Exhaust systems & Downpipes 🧑‍🎓3D scanning, modelling & simulation 🤘🏻Primo welding quality 🛫Worldwide delivery"
svarka_ru,channel,СваркаРУ - спецмагазины для Сварщиков,13,"ООО «Оборудование для резки и сварки» и Спецмагазины для Сварщиков СваркаРУ, более 20 лет, помогают сварщикам качественно и безопасно выполнить свою работу. Гарантийное и послегарантийное обслуживание осуществляется в собственном сервисном центре."
rhtu_taraz,channel,РХТУ | Таразский филиал,446,"🎓Филиал Российского химико-технологического университета имени Д.И.Менделеева в г.Тараз  🔬 В нашем канале вы найдете всё самое важное и интересное из жизни филиала: новости учебной и научной жизни, мероприятия и студенческая жизнь."
okaymaroosha,channel,коровкин домик,5391,та самая рогатая девочка  ・https://www.twitch.tv/maroosha ・https://vk.com/okaymaroosha   ・https://www.youtube.com/@maroosha  ・https://www.tiktok.com/@okaymaroosha
dinamometar74,channel,ЖВК «Динамо-Метар» Челябинск,3029,
dinamakes,channel,"Дина делает: дневниковость, драма, детали",97,"Я фотограф и волшебница, пишу, что делаю, чтобы потом посмотреть: ой, сколько сделала!"
orangeolkafamily,channel,Orangeolka Family MMD,624,"MMD Animation [Scaramouche] Канал для тех, кому нравится творчество Orangeolka 🫶 Скара С9 Р5 Харумаса M6 S1 Обладатель музея Скары Коллекционер мерча со Скарой Пипипупу🩵💜 ТТ: http://tiktok.com/@orangeolka YT: https://www.youtube.com/@orangeolka"
damonchik1,channel,Дамончик🍸,856,
dinamo_olympic,channel,ХК Динамо-Олимпик 💙🖤,979,
dinamo_mah,channel,💙ЭТО Динамо Махачкала ДЕТКА 💙,237,"Добро пожаловать! Группа представляет историческую команду республики Дагестан, основанную в далёком 1927 году.   Листай и болей за Динамо!👇dzen.ru/id/6445716d086a5e5a37a2f103?share_to=link"
dinamoekb,channel,ХК Динамо-Строитель,166,🏑Самый травяной клуб Урала 📍 https://vk.com/dinamo_ekb
jks24norilsk,group,"Чат УК ""ЖКС-НОРИЛЬСК""",3236,Подписывайтесь на наш канал! Все новости там📢 https://t.me/jilkomservisnorilsk
izhtylpy,channel,ЗАВОДЬ,544,Заводь – подводная сеть ижевского искусства.   Сайт-каталог резидентов: tylpy.ru   Связь: @stek_at
cskavolleygirls,channel,ЖВК ЦСКА,353,Официальный аккаунт женского  волейбольного клуба ЦСКА 🔴🔵   https://t.me/juved01 - тгк тренера ЖВК ЦСКА volley.girls_cska - Тик Ток ЖВК ЦСКА  ЖВК ЦСКА - сообщество в ВК
mjklub,channel,МЖК Люберцы - вместе лучше,157,Официальный канал Управляющей организации
ufizhevsk,channel,Умельцы-Фронту Ижевск,93,"Всероссийская общественная организация - сообщество владельцев 3D-принтеров, объединившихся для помощи участникам СВО. Ижевское отделение. Бот для связи: https://t.me/UF_Izhevsk_bot Ссылка на основной канал: @makers2fron"
juvinks00,channel,𝐽𝑈𝑉𝐼𝑁𝐾𝑆 #𝑟𝑜𝑙𝑒𝑣𝑖𝑘 #𝑏𝑢𝑠𝑦,62,дᴏбᴩᴏ ᴨᴏжᴀᴧᴏʙᴀᴛь ʙ ʍᴏй ʍиᴩ. я — ᴩᴏᴧᴇʙиᴋ ᴄ ᴩᴏᴧью Гᴧᴇбᴀ Виᴋᴛᴏᴩᴏʙᴀ. я буду ᴩᴀд ʙидᴇᴛь ᴋᴀждᴏᴦᴏ.  sᴛᴀrᴛ: 31.10.25 / 19.04.26.
vsykt,channel,Велосветлячки (Якутск),29,"Велосветлячки в Якутске  О мероприятии: https://veloykt.ru/vs  Организатор: Велосообщество Якутии @velo14, veloykt.ru  Велочат: @velotusovka"
jdvinforma,group,JDV Informa,5,
metawarsnft,group,MetaWars | Official Group,6543,
metayokaofficial,group,MetaYoka,552,website:https://metayoka.io/ Twitter: https://twitter.com/Metayokaio Discord: https://discord.gg/wXhTyvNBgC  wiki:https://wiki.metayoka.io/ Telegram CS: @officialmetayoka
metalottery_official,group,Metalottery Official,944,Group for the lottery of the future!  6 numbers | 1 ticket | 1 jackpot  Ready to be one of the winners?  🍀🎉 https://metalottery.win/
metarevo,channel,MetaRevo,60,Metaverse Revolution  https://www.metarevo.io
metaracaio_vn,group,Metaraca Vietnamese 🇻🇳,98,
metahubcommunity,group,META HUB,316,
metamcofficial,group,MetaMC Network | Chat Community 💬,250,"⚔️ Esplora un mondo oltre i limiti di Minecraft, vivi la vera competizione italiana, prendi il posto in cima alla vetta.   📣 Canale Ufficiale - @MetaMcNews 💸 Supportaci - store.metamc.it  𝗺𝗲𝘁𝗮𝗺𝗰.𝗶𝘁 - Entra ORA ✅!"
metarchy,group,Metarchy Official,56,"Metarchy — it’s an open-source online game based on Cosmos SDK and coded on Massa Network, with autonomous smart contracts; microeconomics, opponent prediction, and outcome betting."
metadecktrade,channel,MetaDeck,146,
metapoke,group,MetaPoke (NFTs),43,"Meta-Poke world’s largest digital NFT marketplace for crypto collectibles and non-fungible tokens (NFTs). Buy, sell, and discover exclusive digital items.  Website: https://Meta-Poke.com"
metaevents,group,MetaEvents,39,Мероприятия от команды META* Новости: @metanetnews Клуб технологий: @metaclub Электромобили: @myevru Переезд в Норвегию: @waytonorway
metaraces,channel,Meta Racing,22,🏎 Meta Racing — новая гоночная блокчейн игра. Полностью меняю текущее состояние GameFi: https://metaracing.io  Сообщество чата: https://t.me/metaracing_community
metastarsbsc,group,MetaStars ⭐️ | Presale 14th January |,57,New BSC token & Staking Platform Features such as Insane APY’s and exclusive private group 🚀 Website: http://metastars.info/ Twitter: https://twitter.com/MetaStarsBSC
bas1741,channel,Бассейн на Никулинской,461,"В вашем распоряжении 25-метровый бассейн на 5 дорожек. Мы находимся по адресу Никулинская, 5 к.3"
oceanitlife,channel,Океанит | Детский бассейн Казань 🐳,123,"Бережный бассейн для детей 2,5 месяцев до 8 лет 💦 индивидуальные занятия 💦 строгий стандарт подготовки воды 💦 обучение в темпе ребенка  Расписание и подробности ⤵️ @Ocean_it 📲 +79375928086  Наш сайт: https://oceanit.club/ Казань, ул. Чкалова 7В"
dnative_home,channel,Ткачуки ремонтируют дом 🥲,1656,
poolmann_company,channel,POOLMANN Строительство бассейнов,677,"Бассейны под ключ в Ростове-на-Дону и области. Кейсы, технологии, закулисье. @andrey_chirva  👈 получите визуализацию или консультацию Сайт Poolmann: https://clck.ru/3SagyH"
akulenok82,channel,Акваклуб Акулёнок,199,Детский бассейн
babafrosya30,channel,БАБА ФРОСЯ,2020,"📍 с.Иванчуг, Фермерская 1 🦁Более 100 видов животных / Открытый бассейн / Беседки / Уютное кафе  Цены тут https://taplink.cc/babafrosya"
fitnesshousedal,channel,Fitness House | Дальневосточный,348,"🏊 8 дорожек (25 м) + 2 детских бассейна   🧖 Раздельный SPA: финская, хамам, ИК-кабина   💪 Тренажеры, кроссфит, единоборства, настольный теннис   🩰 Групповые занятия: танцы, стретчинг, коррекция фигуры   👧 Детские секции: плавание, танцы, самбо, ЛФК"
sportbrateevo,channel,СК Братеево,176,"Спортивный комплекс «Братеево»  Бассейн • Тренажерный зал • Спортивный зал  Борисовские Пруды, д. 20, корп. 3А ПН-ПТ: 8:00 - 22:00 СБ-ВС: выходные  Борисовские Пруды, д. 20, корп. 3Б ПН-ПТ: 7:00 - 22:00 СБ-ВС: 7:00 - 20:30  + 7 (499) 444-14-78 доб. 5690"
taigerpool,channel,TigerPool / Тигровый Бассейн,859,Канал Тимиа про аниме историю мысли  Донаты вне стримы - https://dalink.to/kashimtimia Бусти - https://boosty.to/timia Стримы - https://www.twitch.tv/kashimtimia
worldclassperm,channel,World Class Пермь,1025,🚀 Первый в Перми фитнес-клуб федеральной сети премиум-класса World Class   • Бассейн и релакс-зона • Тренажерный зал • Детский фитнес и детский бассейн • Более 40 авторских групповых программ  wclass-prm.ru/
yantarmossport,channel,ДС Янтарь,464,Дворец спорта «Янтарь»  Бассейн 25м • Бассейн 10м • Зал спортивный №1 • Зал спортивный №2 • Зал тренажерный • Ледовое поле крытое №1 • Ледовое поле крытое №2 • Зал спортивный №3 • Зал спортивный №4  Пн. / Вс.: с 06:30 до 23:30  +7 (499) 444-14-78 доб.6430
trener_geo,channel,ТРЕНЕР.ГЕО,162,☆Тренировки☆Жизнь☆Питание☆  ☆ Написать в личку t.me/Dante005  ☆ Работа  https://www.instagram.com/trener.geo?igsh=ZHRocXVyeHd6ajV4  ☆ Зал  https://www.instagram.com/adrenalinsportclub?igsh=MTBweTZ4eWs1bTl6cA==
fitnesscenter_dsugmk,channel,Фитнес центр Дворца спорта УГМК,806,📍Более 15 направлений групповых программ 📍Тренажерный зал  📍Квалифицированный инструкторский состав  https://taplink.cc/fitnesscenter_dsugmk
trenazherybu,channel,Тренажеры с пробегом,90,Продажа тренажеров бу с пробегом премиальных марок : PRECOR TECHNOGYM  LIFE FITNESS  https://trenazherybu.ru +79951197573 https://taplink.cc/trenazherybu.ru
fitnessmallclub,channel,FITNESS MALL,873,"Самый большой фитнес-клуб в Разумном.  Тренажерный зал, групповые программы, кафе, салон красоты и клиника теперь ждут вас в одном месте."
arcfit,channel,Фитнес-студия Арктика (Видное),601,Фитнес и тренажерный зал в ЛД Арктика с доступными ценами и удобным расписанием👍  🤳+79361423841 ➡️Arcfit.ru
ultrafit_club,channel,Ultrafit club | Нижневартовск,1105,"УЛЬТРАФИТ женский фитнес-клуб Нижневартовск  Поможем стать лучшей версией себя💚 📍Омская, 66Б 📍Ханты-Мансийская, 41Б  Исключительно ЖЕНСКОЕ ПРОСТРАНСТВО  Групповые программы, тренажерный зал, зона отдыха, хаммам🧖🏻‍♀️  https://ultrafit-club.ru/nv"
premierzal_b2b,channel,Сеть кинотеатров Премьер зал | Новости,415,🔸 Новости компании Премьер Зал 🔸 Форум ВедуКиноБизнес 🔸 Продукты и услуги Премьер Зал  Сайт https://pzru.ru
zilartnews,channel,Полуостров ЗИЛ / Зиларт,7645,"У вас есть новости? Пишите в бот @ZilartNews_bot  По рекламе : @ZilArtPR  Новости ЖК Зиларт, ЖК Шагал, ЖК Now, ЖК Форст, ЖК Парк легкнд, ЖК Ривер скай, ЖК Foriver и района"
uzor_of_love,channel,УЗОР ЛЮБВИ’26,523,"Бал - идеальный вариант свидания и друзьям, и влюбленным💞 Романтическая атмосфера, живая музыка, танцы и изысканный фуршет ждут вас в Колонном зале ЗИЛа  14 февраля 2026, 16:00 📍Москва, ЗИЛ"
kinoklub_eldar,channel,Киноконцертный зал «Эльдар»,491,"Киноконцертный зал «Эльдар» - это концертный зал, кинотеатр и музейное пространство. Киноклуб открыт в 2005 году по инициативе и при непосредственном участии Эльдара Рязанова.  Афиша на сайте https://kinoklub-eldar.ru/afisha/"
marsing_arenda,channel,Школа Марс: аренда,62,
moscow_manege,channel,Манеж,898,Центральный выставочный зал «Манеж»  📨 manege@moscowmanege.ru
studio_sodas,channel,Studio SODAS,90,
musisssport,channel,MusiSs-Sport ARMWRESTLING - новости Армрестлинга,7014,"🔥Спорт инвентарь — ручки, ремни, рукава! Все, для того, чтобы стать чемпионом!👇  🔵OZON: https://clck.ru/37N3Jg  🟣WILDBERRIES: https://clck.ru/37N3Ex  👇НАШ БОТ ПРЕДЛОЖКА👇 @MusiSs_Sport_bot"
mistosportu,channel,Місто Спорту,453,"Рекреаційний, спортивний центр Києва ~ 200 м. від метро «Гідропарк», масовий футбол та спорт тут!  Гідропарк, Долобецький острів  ❤️ люблю спорт, граю тут 👍  СЕО, адміністрація  +38 097 570 38 56 sergkhar4@gmail.com"
sport_mosk,channel,ЛОКОМОТИВ МОСКВА,1053,Подписывайтесь на уникальный контент про наш любимый клуб!   Админ - @KrAsAv4iKc  Спортивные каналы РФ 👉 @rplprice
jiblzhy_ne_sahar,channel,Лыжи — не сахар,1559,
sokolniki_icepalace,channel,Ледовый Дворец «Сокольники»,667,"▫️ Современный спортивный комплекс с двумя ледовыми аренами.  ▫️  Во Дворце работают Академия хоккея, танцевальные студии, Центр художественной гимнастики и многое другое.   📍 ул. Сокольнический Вал, 1Б (м.Сокольники)"
polyaris33,channel,Полярис,598,"Ледовый дворец, детский Активити-парк и чудесное кафе ""Счастье есть""🤗  Всё, что нужно для семейного счастья!"
gcugo_zapad,channel,"ГБУ Геронтологический центр ""Юго-Западный""",150,"Жизнь Геронтологического центра ""Юго-Западный"" в формате телеграм-канала"
radio_semerka,channel,Семёрка,596,
marker_svetit,channel,MarkerKa🌾,661,Ссылка на канал: https://t.me/marker_svetit   Для связи: @markerka Екатерина Вячеславовна ✨
gratss_fm,channel,𝐆𝐑𝐀𝐓𝐒'𝐒,1002,Owner: Semerka Связь: @Grtss_bot Deff:
fperolka0,channel,𝙋𝙖𝙥𝙚𝙧 𝙀𝙙𝙪𝙘𝙖𝙩𝙞𝙤𝙣 𝙘𝙝𝙖𝙣𝙣𝙚𝙡 🕊,154,
mysli_semerkina,channel,Мюсли Семёркина ✌️,614,"Игры, стримы, мемы.  16+  https://www.youtube.com/@Semerkin777 https://www.twitch.tv/artem_semerkin https://boosty.to/semerkin https://www.donationalerts.com/r/semerkin https://donatepay.ru/don/Semerkin"
semenrecode,channel,Semen Recode,202,
vemafk,channel,-`•𝙑𝙀𝙈𝘼•‘-,215,Добро пожаловать на хелп канал по фк!  Владелец: @vemafs (не пишите по поводу ролок)  Канал с эдитами: @iceeditor  Мои соцсети:  лайк- @ice.editor Тикток: @ice.editorr  All cr: fs_scenes @randomfsvideos @nickolayfs
bazarnay_semeika,channel,Базарная Семейка. Психология. Отношения. Практики.,286,"Анжелика & Евгений Путь к себе • отношения • тело • душа  Здесь - живые истории, прямые эфиры, практики и медитации, психология  Для связи @Zheny_Bazarny  ИП Базарный Е В  ИНН 233013625634  ОГРН 322508100065549"
prichudnaya_semeyka,channel,ПРИЧУДНАЯ СЕМЕЙКА,278,"Мы — Александр и Селена Артюховы, счастливая многодетная семья.  Мы уверены, что счастье не должно скрываться в тишине.  Наша цель - вдохновить как можно больше людей, чтобы в мире появилось больше благополучных семей."
snewsuk,channel,sᴇᴍɢᴀ ɴᴇᴡs || ᴀʟʟ,85,"Здесь публикуются не официальные новости Semga, такие как скрины с разработки Soft Project и тд Так же будут модификации на GRC Владелец: @SemgaUK Совладелец: @bkuzn"
semelisska,channel,M E L I S S A,112,
tarmiyah_regiment,channel,Tarmiyah Regiment - فوج الطارمية,10480,
opensudan,channel,موقع اوبن سودان,229,أخبار السودان والتقارير والمنوعات من موقع اوبن سودان opensudan.net
sudanedutv,channel,التعليمية السودانية Sudan Edu TV,172,قنوات السودان الفضائية التعليمية
sudanalyaum1,channel,سودان اليوم,49,اخبار السودان لحظة بلحظة
sudantobefirst,group,السودان اولا,488,أهداف المجموعة نشر خارطة طريق السودان اولا
rsbcrsc2019,group,مركز بحوث ودراسات دول حوض البحر الأحمر - السودان,509,
sudanis249,channel,كلام يفتح النفس ヅ,5303,الكيف في الضل مافي البن في الونسه الحلوه وريحه الضل  في طيبة الناس الجنبك فل في ريحه البن واخواني عصر في بنبر اكيد ومعاهو تمر في لمه بتحكي حكاية تسر✨💚  للتواصل ⬇️ ⬇️   @xyy120  تم إنشاء القناة بتاريخ:  26/3/2023
setsudannn,channel,setsudan://///♡,14510,инфа в закрепе (^_-) по личным вопросам: @setsudannnn прайс: https://t.me/reklsetsudan  рек/вп- @setsudannnn @qeroc  @atragicagency @RedLineGrop  ЭТО МОЙ ЕДИНСТВЕННЫЙ ТГК  дефф-@whoremagica @butched
sudaneseshoppppp,channel,Shopping (Sudan) 🛍,40,كل ما تحتاجه تجده إن شاء اللّٰه 🏘️ للطلب واتس اب 00249123885117
salamdotmy,channel,Salam.my,844,"""Sebarkan Salam, Inspirasi & Kebenaran"""
betweentwohearts,channel,بــين قــلَ💞بــيــن 💖,517,مرحب بيكم في قناتنا بــين قــلَ💞بــيــن✨🇸🇩 هنا بنجمع الحكاوي، وننشر الضحكة، ونغرف من تراثنا الجميل… 📜 كلام من القلب – 😄 نكات سمحة – 🎶 فن سوداني – 💬 هطرشات من قلب الواقع  لو داير ضحكة، ولا كلمة طيبة، ولا تراث يشدك... تعال اقعد معانا، القعدة🎈🥳
ssjobportal,group,South Sudan Job Portal,238,"The purpose of this forum is to help collaborate and share job opportunities within South Sudan at different level of professions to members in this group.  No use of vulgar languages, nudity, sales of items, referrals, etc"
bigbeeandreas2000,channel,South Sudanese Kings and Queens picture📷,157,
sudanese_designer,channel,Sudanese designer,174,قروب القناة الجديد👇 https://t.me/SudaneseDesigner
sudanesedesigner,group,Sudanese Designer,118,https://t.me/SudaneseDesigner  👆قروب تلغرام #سوداني للونسة و التعارف🇸🇩
ssfpww,channel,South Sudan future pharmacists.,52,Save life with safe treatment
solodaking,channel,South Sudanese rapper,44,All for one and one for all
tyuenc2,channel,سوداني العبد نمبر ون🚸,1,فركيتا🔥
rwbusinessarticles,channel,Rwanda Businesses,45,Weekly article about business in Rwanda and East Africa
beritaki,channel,Infokitasulsel.com News Update,33,Updated all the time
metaplayersgg,group,METAPLAYERS.GG ($MFPS) | ESPORTS | P2E GAMING | NFT,297,Join our discord! https://discord.gg/wzn5K3Zh2  Check us out 👇👇 http://www.metaplayers.g_group
nftpartner,channel,📢 Metaverse Updates,961,Daily and Weekly Metaverse Updates for our community:  Admin:  @cryptoads1
metawarriorsannouncement,channel,Meta Warriors Announcements,997,Online Multiplayer | 3D | P2E | Zombie killing  Game | 3D Genesis NFT Collection | Metaverse   Chat Group: https://t.me/metawarriors
metapolitansofficial,channel,Metapolitans Entry Portal,347,
metapill,channel,💊 迟早药丸,363,本頻道僅針對不知道要歸類在哪個頻道的軟體或服務，不接受對人的投稿 投稿： @pill_posting_bot 或 @tiramisutimmy @Jamesits @LetITFly @YuutaW  隔壁： https://t.me/Pill_Posting/79
justaplayer228,channel,ДжастАПлэйр,706,культ акул из икеи и вафель яшкино Главный не-фурри ютуба Предложка: @PredShark_bot  канал (вдруг кому-то нужен): https://youtube.com/@justaplayer228
metapods,channel,METAPODS III,275,18+ FOR TITTIES   DNI ANY RADICALLS ANY DARK/PROSHITTERS  @AnometaBot   - анонка\предложка  ☆🐿 ☦️ MEGASHIT HARD QUEERS TRUTH NUKE ALL MY NUTS AGAIN AWARD FREAK JUICE SLOP PRO OVULATION ANTIMARGINALY INCELCORE I ❤️ PIECCE
metastockportal,channel,Metastock Portal,312,MetaStock is the next generation of Node-mining P2E game. 0 tax. Incubated by Black Box.
metapaygroup,group,MetaPay,469,
metapoh,channel,метафизика похмелья и психотерапия,142,"Мысли о терапии, как быть трезвым и не превратиться в мусорное ведро. Раздражение и гештальт-подход.   О себе: сертифицированный гештальт-терапевт МГИ, ученик III ступени French Institute for Gestalt-therapy  Запись: +7 995 332-81-48 (WhatsApp/Telegram)"
x69player,channel,away,134,
t247net,channel,Transfers247,17088,Transfers247 is a digital sports publication focused on football transfer coverage across 40+ leagues worldwide. 🌐 @t247net 🏴 @t247epl 🇮🇹 @t247seriea 🇩🇪 @t247bundesliga 🇪🇸 @t247laliga 🇫🇷 @t247ligue1 🇧🇷 @t247brasileirao 🇺🇸 @t247mls 🇸🇦 @t247spl
leaguesart,channel,LoL Arts | League of Legends,351,
clansleague,channel,CLANS LEAGUE,760,CEO: @wwjxmari
frosty_league,channel,Frosty League,52,"Мы Frosty League. Лига, которая проводит турниры для разных уровней игры.  @FrostyLeague26 - владелец @Walmarit13 - зам. владельца"
eugene2team,channel,유진투자증권 산업분석실 테크/인프라팀,6591,유진투자증권 테크/인프라팀 리서치 자료와 뉴스를 제공합니다.  *담당 애널리스트 황성현 실장(화학/정유/유틸리티/배터리) 류태환(건설/부동산) 양승윤(로봇/기계/운송/조선) 손인준(반도체) 이주형(전기전자) 박재환(글로벌IT/테크) 김소정(철강) 임범수(RA) 조유진(RA) 석시현(RA)
eugenejut,channel,Полит74,1244,Главные общественно-политические новости Челябинской области  По вопросам рекламы  @Reklama74TG_bot
enerrgizerr,channel,energizer🐶,396,
eugenegilbo,channel,Фан-клуб Евгения Гильбо #ШЭЛ,1159,"Школа Эффективных Лидеров Е.В. Гильбо http://gilbo.ru  Блог в ЖЖ http://shel-gilbo.livejournal.com   Канал поклонников Евгения Витальевича, контент подбирается по фану и не отражает мнение уважаемого гуру."
eugeneadc,channel,demonadcl9 свинячит,598,DemonadcL9 Twitch - twitch.tv/demonadcl9
v_romantika,channel,Иван Романтик,515,"Немного футбола, немного пива, немного путешествий, немного жизни  ВК https://vk.com/v_romantika Ютубчик https://www.youtube.com/@v_romantika Инста https://www.instagram.com/v_romantika/"
ferrarisixteen,channel,𝖨𝖫 𝝦𝙧𝗲𝖽𝗲𝙨t𝗂︩︪nat𝗼 ✶ ♯𝟏𝟔 ´,130,
eugene_story,channel,Eugene's AI Stories,522,Talking about how I build communities using AI  ⭐️ @Eugene_story_chat  ⭐️ https://x.com/EugeneDAO_AN
eugeneuoi,channel,༝ 𝙀𝙪𝙜𝙚𝙣𝙚 ⸝⸝ ⁴⁸,36,Я патріот Молдови 🇲🇩 Контакт :: @silsunshine
sheppardr6s,channel,ShepparD,583,R6S pro player  https://twitch.tv/sheppardr6  Instagram sheppardr6
eugene_dahl,channel,Эжен и Ребята/Eugene et les Garçons,331,Канал режиссера/актера/художника/музыканта - Евгения Даля (Eugene Dahl)Про кино и личное.
eugeneamfe,channel,Евгений среди удобрений,256,"SMM, AI Engineer, техногик, любопытный почемучка.  Делюсь тем, что мне интересно, делаю мемы, рассказываю о технологиях, вайбкодинге и AI.  threads.com, 📸: @eugeneamfe https://setka.ru/users/83b27054-39f3-47f0-bba3-a1c7  Сотрудничество: @eugene_amfe"
eucgirls,channel,ＥＵＣ ＧＩＲＬＳ,353,WW COLLECTIVE  t.me/eucgirls/136 🇷🇺🇧🇾🇨🇳🇮🇩🇺🇸🇵🇹 🇫🇷🇬🇧🇩🇪🇨🇱🇧🇷🇭🇺 🇦🇷🇫🇮🇨🇴🇮🇱🇨🇦🇹🇯 🇯🇲🇯🇵🇿🇦🇨🇫🇵🇭🇺🇦
eugenefaces,channel,евгелион,117,жечка исполняет кринж inst: @feverish_glitter
exty13,channel,exxxxtyqq,37,✌️
eucone,channel,ＥＵＣ ＯＮＥ,145,t.me/FANTOMA_SV
eugenetchat,group,"Женя, игры, чат, etc...",70,"Чат от паблика Женя, игры, etc... https://t.me/EugenETC  Владелец @EugeneBearman"
eugene_tallk,channel,Talk for Eugene,85,-Расскажу о вкусной чашке. -Покажу работу за стойкой. -Обсудим важные вопросы.   Пожелания/предложения: @Evgen_CHNK
moredacamp,channel,Мореда | Детский тематический лагерь,1160,"«Мореда» — детский лагерь выходного дня ✨  Здесь тебя ждет погружение в сказочные миры из любимых книг, фильмов и сериалов! Невозможное станет реальностью!   Бронирование путевки на нашем сайте: https://moredacamp.ru  Наше сообщество Вконтакте: https://v"
doctor_korchagin,channel,Мастер на все ноги | Сосудистый хирург Корчагин,723,"https://мастернавсеноги.рф   Меня зовут Дмитрий Васильевич Корчагин, и я - сосудистый хирург. Моя миссия — делать всё возможное и невозможное, чтобы сохранить человеку ногу, избавить от боли и вернуть возможность ходить"
marimbamv,channel,Потенциальное единство,74,Творческое объединение.
konnect_russia,channel,КОСМОКОННЕКТ,429,"🛰️ Нас вдохновляют наши клиенты - те, кто каждый день преодолевает сложности в быту и в бизнесе!    💫 МЫ ДЕЛАЕМ НЕВОЗМОЖНОЕ РЕАЛЬНОСТЬЮ"
arch2grow,channel,Илья Грин | Архитектура трансформаций,206,"Человечность в эпоху AI. Практики Долины. Архитектура прорывов. Сообщество тех, кто строит невозможное."
rumexarium,channel,rumexarium 🌑 Shadow Guild,249,"Здесь миры живут, герои шагают через Тень, драконы стоят на страже, а кристаллы хранят историю.  А ещё рисуются иллюстрации, пилятся комиксы и верится в невозможное 🖤🤍"
artakmark,channel,Вынос Мозга,272,"Вас ждут невероятные эмоции и удивление простых людей.  Как создать свою фантастическую реальность, манипулировать вниманием и делать невозможное, расскажут Марк и Артак.  https://instagram.com/mark.artak.show?igshid=YmMyMTA2M2Y=  💬 @brainbloww_bot"
horbakst,channel,Хор(СТ)/бак - 24 🤍,125,13 танцующих девушек💃 Мы знаем точно - невозможное возможно ✊
hockeyrelay,channel,ХОККЕЕВЕДЕНИЕ,213,"Здесь любят хоккей! КХЛ, ВХЛ.  Разбор команд и аналитика. Интересные моменты, занимательный фундаментализм.  Сохраняем взаимоуважение, флудим по возможности по теме. Обмен мнениями приветствуется."
dspbcast,channel,Приговор.Подкаст,78,Подкаст фанатов Динамо Санкт-Петербург
almanacpsychology,channel,Альманах Мужских Заповедей,11491,Официальный канал
valeriybaranov_online,channel,Дядя Валера рулит,1624,"Привет! Я Валерий Баранов — мастер международного уровня и предприниматель. Стригу, обучаю, сложное упрощаю. Тут всё о крутых мужских стрижках и хороших заработках. С юморком, матерком, без воды.)  Instagram: https://instagram.com/valeriybaranov.online"
eurokuban_chat,group,Малиновый Чат,345,
kingshop63,channel,👔Одежда опт розница Lux,709,"🤝Добро пожаловать в Царь Shop!  В нашем магазине более 5000 товаров в наличии в Москве,оплата при получении🚛    КАТАЛОГ МУЖСКИХ ТОВАРОВ              https://t.me/tik63 КАТАЛОГ ЖЕНСКИХ ТОВАРОВ             https://t.me/tsar163  НАШ САЙТ- https://tsar-app.ru"
aliterritory,channel,AliExpress Мужская Территория,400,Территория Мужских Товаров с Aliexpress  По всем вопросам: @igor_master  Наши проекты и вся информация тут: @aliexp_info
mtkcup,channel,Кубок МТК | Канал,318,Официальный Telegram-канал Кубка МТК по волейболу среди мужских команд г.Благовещенска  @MTKcupBot
zemlyanoyvladimir,channel,Владимир Земляной - ПУТЬ МУЖЧИНЫ,432,"Основатель и лидер ландшафтной компании «Земляной групп» https://t.me/zemlyanoy_group   Мужчина, отец, бизнесмен, автолюбитель.   Мастер Ребалансинга http://rebalancing.pro  Ведущий мужских кругов"
daimonari_arts,channel,Daimonari,453,"Хорни артики с красивыми мужиками из Вархаммер 40к и немножко обычной фентезятины  Ахтунг 18+ - из за голых мужских булочек и сисечек. Мой Бусти, для желающих поддержать https://boosty.to/idpictures"
kyrkino,channel,Митино Тушино Куркино,6624,По всем вопросам сюда: @thlph  📝Для ваших новостей: @Predlojkadlyanewsbot  🗣Наш чат:  https://t.me/mitino1964
dashino_prosto_kvashino,channel,Дашино просто квашино,500,t.me/anonimnyye_voprosy_bot?start=tzizab Анонимные вопросы ☝️ Личка @dari_tigina
munarissshadow,channel,⋆ . Munariss ✶ ֗,721,
tushinorugby,channel,РК ТУШИНО,364,"Официальный канал ЛРК Тушино.  Новости, жизнь и регби 🏉  Ссылка для буста канала - https://t.me/boost/tushinorugby"
med_tushino,group,"Мед. Тушино, Alia, Тушино 2018, Holland Park, Level Стрешнево, City Bay, Движение.Тушино",279,"Обсуждение медицинских вопросов для ЖК Тушино-2018, Alia и близлежащих районов.   Рекомендуется: Уважение к другим участникам. Докмед.  Запрещено: Рекомендация бездоказательной медицины. Реклама без согласования. Продажа лекарств. Лечение по интернету."
tushino2018_k1,group,Tushino2018.K1,672,Чат первого квартала  t.me/Tushino2018_Main - основной чат t.me/Tushino2018_Flood - флудильня t.me/Tushino2018_Docs - доки  https://t.me/joinchat/UvDzq60EiC6MqcwK - новости   t.me/Spartakinfo_bot - афиша мероприятий на стадионе
tushino2018_k6,group,Tushino2018_Корп8,666,Чат Тушино2018 корпус8 Важное - хэштег #этоважно t.me/Tushino2018_Main - общий t.me/Tushino2018_Flood - флудильня t.me/Tushino2018_Docs - доки t.me/Tushino2018_K1 t.me/Tushino2018_K2 t.me/Tushino2018_K3 t.me/Tushino2018_K4 t.me/Tushino2018_K5
tushino_ru,group,Tushino_chat,313,
tushino2018_k5,group,Tushino2018_K5 (71/8 к.1),280,Чат Тушино2018 строительного кварт. 5 t.me/Tushino2018_Main - общий t.me/Tushino2018_Flood - флудильня t.me/Tushino2018_Docs - доки t.me/Tushino2018_K1 t.me/Tushino2018_K2 t.me/Tushino2018_K3 t.me/Tushino2018_K4 t.me/Tushino2018_
great_rhino_deluxe,channel,Great Rhino Deluxe,41,
robboclub_tushino,channel,Роббо клуб Тушино,162,@Robboclub_tushino
nord_tushino,channel,Мое Северное Тушино,41,
solyara_edits0,channel,sᴏʟʏᴀʀᴀ ᴇᴅɪᴛs,116,@vregione77 - лс
kosmosbedits,channel,ᴋᴏsᴍᴏs ᴇᴅɪᴛs,98,канал создан в развлекательных целях.  ❗️Эдиты на заказ не делаю❗️  after effects 2020  rezovskiy_squad  TT: kosmosbelov.prod чат: https://t.me/+Xk1RiI-QHW0wZmI6
daisicmut,channel,Найка Зайка [ᴇᴅɪᴛs] 𝔹ℍ 🐇,137,"Канал, куда выкладывает все свои работы владелец @Anas_ta_siaA"
v_monde95,channel,​𝓛𝓮 𝓜𝓸𝓷𝓭𝓮 𝓭𝓮 𝓥,11,ʟᴇ ᴍᴏɴᴅᴇ ᴅᴇ ᴠ — ᴀ ᴅɪɢɪᴛᴀʟ ᴀᴛᴇʟɪᴇʀ. ​✧ ᴄᴜʀᴀᴛɪɴɢ ᴛʜᴇ ᴀᴇsᴛʜᴇᴛɪᴄs ᴏғ ᴋɪᴍ ᴛᴀᴇʜʏᴜɴɢ ✧ ᴠᴄᴜᴛs • ᴇᴅɪᴛs • ᴜᴘᴅᴀᴛᴇs ​
grachok_fcsm,channel,Grachok,790,
corsiecmgratis,channel,crediti ECM gratis,6230,Corsi ECM gratuiti. Il canale di aggiornamento del sito https://creditiECMgratis.it pubblicizza corsi di formazione a distanza ECM gratuiti
cafinalrakeshagrawal,channel,CA Final SCM&PE,911,New Syllabus
askhab_tamaevu,group,АСХАБ ТАМАЕВ🚀,9957,
toppressnews,channel,Toppress.kz — Новости Казахстана ️,696,Информационный портал Toppress.kz  Сайт: https://toppress.kz/  Вопросы сюда: @ToppQuestions_bot
apakhtar,channel,APAKHTAR,939,اَپاختر: سرزمینی کَز کَران‌ خَزرِ تاریک می‌خروشد |
volleybolen_87,channel,Волейболен_87🏐,357,"ТГ-канал о волейболе на Чукотке. Классический и пляжный, тренировки, турниры, новости и обсуждения.  Наша страница в ВК: https://vk.com/volleybolen_87"
akhtar_ir,channel,رسانه خبری اختر,117,🔆 رسانه خبری اختر 🔆  ⬅️ منبع قابل اعتماد اخبار ➡️  📞 ارتباط با تحریریه کانال خبری اختر: @akhtaradmin 🔸 لینک عضویت در کانال:  https://t.me/joinchat/AAAAAEAkiCcBepOwYSO-dA 🔹 استعلام شامد:  http://t.me/itdmcbot?start=akhtar_ir  کد شامد : 1-3-61-293796-1
akhtarnewss,channel,AkhtarNews اخترنیوز,89,ما را از راه‌های زیر دنبال کنید👇  سایت: https://www.akhtarnews.de  یوتیوب: https://youtube.com/user/MIS1052  توییتر: https://www.twitter.com/akhtar1989  فیس‌بوک: https://www.facebook.com/AkhtarGhasemiNews   ارتباط با مدیر رسانه  🆔 @Akhtarghasemii
sfbspb,channel,Федерация бокса Санкт-Петербурга,12025,Официальный канал Спортивной Федерации Бокса Санкт-Петербурга.   Наша главная задача — сделать бокс любимым спортом города на Неве. Каждый день мы рассказываем что-то интересное о самом важном в боксёрском Петербурге🥊
telegaboksa12,channel,Лаборатория бокса 2 🇷🇺,13301,КАНАЛ ВНЕ ПОЛИТИКИ. ТОЛЬКО БОКС.Пишу про бокс. По вопросам содрудничества пишите: a.p.usachev@yandex.ru Купить рекламу: https://telega.in/c/telegaboksa12 Роскомнадзор https://knd.gov.ru/license? id=676e700f1e4e233a7191e2b4&registryType=bloggersPermission
allboxing_news,channel,Новости бокса и ММА,5877,Все новости бокса и MMA  По рекламе (только): @chvmigbva
boxingcom,channel,Бокс Говорит,631,🥊 Авторский канал про Бокс  📸 Стикеры: t.me/addstickers/Boxingru  #бокс #ломаченко #усик #джошуа
tofight_news,channel,"ToFight (ММА, Бокс)",8293,Первый информационный в мире ММА и бокса
nhboxing,channel,Школа бокса Нахабино,661,"Школа Бокса Нахабино — это секция бокса, в которой царит атмосфера дружбы и спорта. В вашем распоряжении два полностью оборудованных зала, удобные места для тренировок, новые знакомства и возможности для развития тела и духа!Записаться: +79163430319"
boxing_topki,channel,Школа Бокса,171,Бокс - это лучшая школа жизни. (Джек Лондон)
fboxing31,channel,Федерация бокса Белгородской области,2609,"Все новости о боксе Белгородской области,а так же все новости мира бокса!🥊🇷🇺  https://vk.com/boxing_31"
spartak_abinsk,channel,Федерация бокса Абинского района,199,Канал создан для популяризации бокса в Абинском районе💪 Тренер - Абдукаримов Владислав -89189952568
worldofboxingpromotions,channel,World of Boxing,2733,“Мир Бокса”
boxingcoac,channel,Школа бокса Максима Азимова🥊,328,
d_naydanovv,channel,𝐁𝐨𝐤𝐬𝐞𝐫𝐢𝐤,318,
voroninboxingklub,channel,Клуб бокса им. Н. И. Воронина (БРОННИЦЫ),242,"О жизни спортсменов Бронницкого Клуба бокса имени воина-интернационалиста Воронина Николая Ивановича (Межрегиональная общественная организация ""СОЮЗ ДЕСАНТНИКОВ"")."
ilinka_boxclub,channel,«Ильинская Школа Бокса»,262,"Бокс-наука побеждать! 🔹Набор детей от 7 лет 🔹Старшие группы 🔹Группы для взрослых 18+  Пробное занятие БЕСПЛАТНО! Запись по телефону: +7 (913)-121-01-13 г. Новокузнецк, ул Новоселов 17"
bokskaliningrad,channel,Федерация Бокса Калининградской области,971,📞 8 (4012) 300-112 | Президент Федерации бокса КО https://t.me/samorodovonline
boxing_v_irk,channel,Федерация бокса Иркутской области «Приангарье»,462,
kitek_boxing,channel,kitek.boxing,14321,http://kitek-andreeva.ru/
ichi_boxing,channel,ICHI.boxing community,425,"ICHI — боксерский клуб у Патриарших  Здесь тренировки, новости и события клуба. Следи за расписанием и будь в ринге вместе с нами.  Записаться через телеграм @ICHIBOXING или по телефону 89651411416. А также в приложении ICHI (iOS/Android)."
kickboxirk,channel,Федерация кикбоксинга Иркутска,362,Официальный Telegram-канал Физкультурно-спортивной общественной организации «Федерация кикбоксинга города Иркутска»  📞 8 (983) 413-76-69 - Владислав Юрьевич - руководитель ФСОО «ФКИ» / @Unifighter_313
tomskboxing,channel,Томская областная федерация бокса,584,
kurnibratokk,channel,Weekend boxing,638,All about sports
malabarpro,channel,Malabar357 Pro poker & travel,485,"Алексей ""Malabar357"" ITC Cash TEAM. Профессиональный игрок в покер и тренер. Покерный и IRL контент, подписывайтесь, будет интересно!"
vkboxing,channel,В синем углу / Василий Конов-мл,387,"Телеграм-канал Василия Конова-младшего      Мордобои - one love! О БОКСЕ, боксе и ММА🥊🥊🥊"
tulaboxing,channel,Тульский бокс,707,Федерация бокса Тульской области
lavrentev38,channel,Онлайн-трансляции №1 в Иркутске 🏆Лаврентьев и компания.,205,8-902-5-685-658
gtboxing,channel,ДжиТи Бокс 🥊,292,Информационный канал  https://gt-boxing.ru/  Сеть боксерских студий СПБ 🥊   Ул. Кременчугская 9к2 (пл.Восстания/пл.Ал.Невского) Ул. Бармалеева 17 (м. Петроградская)
rockyroad_team,channel,СВОИ В РОКИ | ROCKY ROAD BOXING,361,"🥊 Rocky Road — место, где сила встречается с характером для первой тренировки со скидкой 50% пиши сюда @rockyroad_sales  Сайт📍Победа: https://rockyroadgym.ru  Сайт📍Киевская: https://rockyroad.team"
boxers_gritsuk_club,channel,Грицук клуб Boxing,170,Следите за нашем развитием и успехом
studboxing,channel,Национальная студенческая лига бокса,357,Официальный канал Национальной студенческой лиги бокса.  Развиваем студенческий бокс в России 🥊  Наш сайт: https://studboxing.ru/ Другие соц.сети: @studboxing
fishboxing,channel,Рыбная коробка,345,"Хей, связи пич. Это будет небольшой щп с процессом работы и просто всяким Если будут вопросы или за заказом пишите сюда - @FishBoxng Портфолио - https://t.me/+B-mgDaTwVng2YjEy"
coachalisher,channel,coach Alisher,333,"🥊 Кикбоксинг / Тайский бокс   ▪️Групповые и персональные тренировки. Взрослые и детские группы. Набор в группы от 4х лет   🧔🏻‍♂️ Тренер: Юлдашев Алишер Алимович @coach_Alisher  📍Клуб единоборств “RED WARRIOR” г. Щёлково, Щёлково-7, Ивантеевка"
fhgspb,channel,Федерация ХГ СПб,2751,Федерация Художественной Гимнастики Санкт-Петербурга  https://fhgspb.ru
denis_vodov_and_friends,channel,Denis Vodov & friends,256,"Здесь я рассказываю о том, чем занимаюсь и чем живу, делюсь своими мыслями, идеями на тему физического воспитания, спорта и вопросов, прямо или косвенно с этими темами связанных."
petersburgcoachingclub,channel,@ САНКТ-ПЕТЕРБУРГСКИЙ КОУЧИНГ КЛУБ / КАНАЛ,272,"Сообщество всех коучей и экспертов Санкт-Петербурга, независимо от специализаций, школ и федераций"
sportnardy23,group,🎲Федерация нард Краснодарского края🎲,183,Приказом Министерства спорта Российской Федерации от 12.04.2022 № 333 НАРДЫ официально признаны видом спорта.                                                 Ссылка на группу   t.me/sportnardy23  ВК https://vk.com/sportnardy23  Контакты: +7 918 678 02 70
kupadogs,channel,UFBA KUPA CENTER,165,Международный Союз Федераций Племенных Животных КУПА UFBA KUPA
horeo1244,channel,УККяишники,144,
walkingtonewearth,group,New Earth | Wisdom Circle 🕉 Caribe Sur Costa Rica 🇨🇷,26,"Walking together to build our New Earth 🌎.  All light being, light workers, grid workers, light warriors and every being in the path of becoming its true essence divine self 🦋, are all welcome to join forces for the greatest good of The All."
sfmb_club,channel,дневник леди SFMB club,182,"SFMB club — это ваш эксклюзивный бьюти-клуб в самом сердце Петербурга!   Мы объединили стиль, качество и комфорт, с особым вниманием к самому ценному — вашему времени 🩵  👉🏻 Запись онлайн: https://clck.ru/3NG4Vr 💌 Фурштатская улица, 41"
roo_sfps,group,СФПС,396,Региональная общественная организация «Свердловская Федерация парусного спорта»
fedsurfspb,channel,Федерация серфинга Санкт-Петербурга,424,Официальный канал Федерации серфинга Санкт-Петербурга.
lfkspbnews,channel,Любительский футбол Санкт-Петербурга,260,Новостной и познавательный канал детско-юношеского и молодежного любительского футбола в городе Санкт-Петербург! Предложка- @MVD_Z0V
footballteamsfu,channel,Женский футбол СФУ | ССК «Сибирские белки» | СФУ,182,"| ССК «Сибирские белки» | Та самая женская футбольная команда, которую ТЫ любишь🧡  Голосовать — https://t.me/boost?c=2699076334 🗳️"
smaildevil643,channel,Smail Devil,427,
siberiiia,channel,Щепотка Сибири🪬,116,"Бизнес women, блог про продажи @anyaalbertovnaa, а здесь лайф🌊  Я не выбираю между бизнесом и жизнью, а создаю систему, где есть место и тому, и другому  ▫️мои ритуалы - женская энергия, красота, отдых, уют ▫️как я отношусь к деньгам и коплю на мечты"
canoespb,channel,Федерация гребли на байдарках и каноэ Санкт-Петербурга,106,
funboardschool,channel,FunBoardSchool,256,"Спортивная школа по сноуборду Snowboard Club St. Petersburg К нам приходят научиться кататься, а становятся чемпионами! ✔️Лучшие тренеры ✔️Уникальная методика ✔️Гармоничное развитие ребёнка ✔️Выезды на сборы в горы ✔️Участие в соревнованиях fbsl.ru"
bio_entrant,channel,Абитуриент ИФБиБТ СФУ,151,TG канал ИФБиБТ https://t.me/ifbibt   По вопросам поступления в ИФБиБТ СФУ: 👉  https://bio.sfu-kras.ru/ ☎️  +7 (391) 206-21-66 💌  ifbibt_eod@sfu-kras.ru  Ваши вопросы присылайте сюда @BioEntrantBot
formulassbchamp,channel,Formula SSB,43,Самый старый и престижный чемпионат по «ССБ»!
ssc_siberia_edubiotech,channel,ССК «Сибирь»,57,
tandemsso,channel,BEST • Blueberry Equestrian Sports Tandem • SSO,90,"Наша организация по проведению соревнований в Star Stable Online — это место, где каждый может раскрыть свой потенциал, найти любимое направление, а самые сильные спортсмены закрепить свой статус!"
sportnska1t,channel,Сибирский Спорт,31,"Этот канал - место, где мы ждём всех любителей спорта Новосибирска и не только 👟 И совсем неважно ""шарите"" ли вы или иногда смотрите матч какой-нибудь команды, попавшийся на глаза. Наши двери открыты для всех 👐  По всем вопросам @a1t146"
usadbagrebnevo,channel,Усадьба Гребнево,12364,"Официальный канал усадьбы Гребнево   Семейный отдых всего в 28 км от Москвы!   Категория ⭐️⭐️⭐️  Бассейн, SPA, рестораны и многое другое. Подробнее на нашем сайте: usadbagrebnevo.com  Телефон: +7(499) 290-29-35  Бот для бронирования: @usadbagrebnevo_bot"
doc_zakhryapin,channel,Травматолог - ортопед | Захряпин Сергей,3720,"Темпераментный хирург-трейлраннер Высшая категория 18 лет оперирую суставы и восстанавливаю движение Инъекции в сустав под контролем УЗИ: PRP, SVF, гиалуронка  📍Приём Иваново и онлайн  https://taplink.cc/dr_zakhryapin Админ - @dr_Zakhryapin"
moto_lesson_vrn,channel,Мотошкола «Первая категория» Воронеж,361,"Мотошкола ""Первая категория"".  Курсы подготовки и переподготовки на категорию «А», «А1», «М»  Написать нам сообщение @Motolesson_vrn_admin"
spicinurolog,channel,Спицын Игорь Михайлович Уролог-Андролог,631,"🔹Уролог-андролог; 🔹Общий стаж работы более 23 лет; 🔹Высшая квалификационная категория по специальности ""Урология"" с 2014 г; 🔹ЧУЗ РЖД-Медицина   Запись на консультацию: 👇  https://prodoctorov.ru/rostov-na-donu/vrach/318925-spicin/"
mendeleev_shir,channel,Олимпиада «Менделеев»,265,Возрастная категория участников Олимпиады для всех направлений – 5-11 классы.  Олимпиада проводится в два этапа: ✅Отборочный- междисциплинарное тестирование в онлайн формате;  ✅Заключительный – очно.
nikonovhirurg,channel,ПЛАСТИЧЕСКИЙ ХИРУРГ АЛЕКСЕЙ НИКОНОВ,260,"Опыт работы более 17 лет  Современная пластика груди и тела Эндоскопический хирург  Высшая категория, КМН Практика в США и Европе По всем вопросам пишите @Nikonov_Aleksey www.drnikonov.ru"
uniforsevrika,channel,UniForce,178,"Профессиональная команда по чир спорту Юнифорс, город Королёв, клуб Эврика Категория- юноши/девушки  Руководитель клуба -Фатеева Ксения Андреевна Тренер команды-Безуматова Дарья Михайловна"
mikheevaelena83,channel,Елена Михеева,146,"Член правления АНО «АПЦ РАСсвет», учитель-дефектолог МОУ ИРМО «СОШ поселка Молодежный», высшая квалификационная категория. Поведенческий аналитик и супервизор."
shimonoliveira2026,channel,Shimon Oliveira - Radar Internacional,2137,
nakuniteam,channel,naKUNI,963,
armedfamilyyy,channel,Armed Family,373,
armmirotvorec_eng,channel,Peacekeeper,79,"English version of the ""Миротворец"" Telegram channel You can support the channel by requesting the payment details through feedback.  Feedback: @Armmirotvorec_bot"
kakashkevenom,channel,m1to x meryem,19,
daryatislyukkk,channel,Daryatislyuk,613,"Рассказываю здесь о своей жизни, делюсь beauty советами и работой в маркетинге 💖  Связь со мной: @daryatislyuk"
dlyfm,channel,ЗАКРЫТЫ Dolly,239,Архив - @Dlyfm3 Инфо - @Dlyfm2 t.me/boost/Dlyfm
staysy_uley,channel,[ИНТЕРАКТИВ]꩜кана🌴🦜,94,сапп мои рыбки !! это мой канал где я выкладываю свое творчество. у меня есть тюлень Олег Ч̶е̶ч̶ëт̶к̶а̶. Кто сделает магаз в стиле frutiger aero тому пожизненные арты 👩‍🦽👩‍🦽 Тгк арта на аве : @Suini_risuet
octirki,channel,Лупл,29,Делаем ртсунки. По всем вопросам обращаться к : @Happyorangefuck
dicktaturarara,channel,"Творческое Объединение ""Диктатура""",57,Всё ради вашего блага.  Предложка: t.me/dicktaturarara?direct
creationbloodly,channel,кукле некуда бежать,20,"купрпривпривет, я начинающая попытерка, еще я принимаю мьюшек, писать в коммы  буст: https://t.me/boost/creationbloodly  связь: @Bloodly_XD  основной тгк: https://t.me/Ru1na_Bloodly  на булочку и лимонную воду: https://www.donationalerts.com/r/blood"
foto_durtuli,group,Фотки. г. Дюртюли,13,Делимся своими фотографиями нашего города
alexandragotspsy,channel,Александра Гоц,1303,"http://alexandra-gots.ru личная работа, закрытый канал  https://youtube.com/channel/UCOlr8wn1gYFl6tWIC_1vkvQ?si=BxmfgdCkZkJxycm6 ютуб"
andryaoo,channel,Андряо,1584,Плейбой
andraxru,group,Andrax | Nethunter | TERMUX [CIS/СНГ],549,"Правила: t.me/AndraxRU/8215  Флудилка: @TermuxAndrax_Flood  Termux: t.me/termux_chatik  Для любителей Metasploit: @MetasploitRU  За Zвастику — бан на месте. За установку ""MAX"" псевдо-мессенжера — кик из группы."
andrasfm,channel,Andras,481,конченная логика и глава                                  big boss: Imran
andrygym,channel,Эндрюс,981,не открывается ссылка? три точки -> открыть в браузере.  ✅Связь и сотрудничество - @andreliyan
andrasdomain,channel,ᴀɴᴅʀᴀ’ꜱ ᴅᴏᴍᴀɪɴ,661,I will give some animations from time to time and even give pjfs.  Rules : no nsfw
androidraft,channel,Антоха Разраб про AI,329,"AI в реальной разработке. (ex. Android dev) Агенты, тулзы, бенчмарки, архитектура, процессы и личные заметки из продакшена 3–5 постов в неделю от @Lamprof"
gerhardanger,channel,Gerhard Anger - Imgaja (Kanal 2),100,Der kommende Tag
meet_andragora,channel,AndrAgorA,165,"Медиация, психологическая помощь, группы поддержки для активистов, интервизорские группы для помогающих специалистов, дискуссионная площадка.  Подробности в расписании.   Запись на медиацию, консультацию психолога: andragora.live@gmail.com"
andevome,channel,Andrei | Intro + Progress,233,Intro. Blog -> @business_grower
imgaja_org,channel,Imgaja – Gerhard Anger,230,Wirtschaftsleben-Rechtsleben-Geistesleben
andrtse,channel,Андрей Целовальников | Бизнес,124,💼 Помогаю начинающим предпринимателям и экспертам строить личный бренд и бизнес! Мышление / рост / советы – без воды.  Основатель бизнесов:  @deephunter_hr / @YourfulfilSaransk  👉🏼 Задать вопрос: @andrey_zelo
andr1fy,channel,Andrify(),124,"Android developer @ VK Clips SDK BMSTU Graduate Mentor, Teacher @ VK Education  Про нейронки, Android и немного — жизнь"
andrkabp,channel,karpovich,179,"здесь то, чего никогда не будет в inst, осталось пройти мимо только🦔  👉🏽связь со мной @annnddrei"
geese_and_dragons,channel,ЯжГусь,254,"Привет!  Это мой маленький и немного панковый островок НРИ-шного творчества. Чутка скетчей, капелька почеркушек и определёная доля гусиного безумия."
turb_inz,channel,👋 турбина,144,"Извините ребят, я устал."
turbo_cvr,channel,👾 *𝑇urbo 2O26 !,151,ᅠ        [тყ𝗽б𑄜] - cм𝗲ш𝗮ннαя 𝘂 лƴчшαя гρƴппα с пρσт𑄜тυпσм 𝐂ortısᅠ 👾 was created - 𝟐𝟐.𝟏𝟐.𝟐𝟎𝟐𝟓 prod by - 𝑺𝖺𝗒𝖺 mixing by - 𝑺𝖺𝗇 | 𝑹𝗂𝗇  connection : @turbo_cvr_bot
sunriseteamgd,channel,[Sunrise] Team,101,welcome to [Sunrise] Team  лс админов:  Bravlov: @bravlov28 Ponchhik: @Ponchhikokko
sputniksunrise,channel,Sputnik Sunrise Л-Р-017,192,Сайт Sputnik https://sputnik.lab244.ru/fll-c  Мы команда из Лиги Решений г. Санкт-Петербург  Ссылки на команды сообщества:   Sputnik Neptune: https://t.me/sputnikneptune Sputnik Saturn: https://t.me/sputniksaturn Sputnik 12524: https://t.me/sputnik12524
rework_standrise,channel,StandRise | Rework,202,
starr1se,channel,StarR1se Team✨,326,Hello we are StarR1se!!  Polina🐻‍❄️ Maryasha🐹 Dasha🐇 Sasha🐭 Anya🦁 Liza🦊 Mary🦭 Nina🐈  Coverdance team from Moscow ✨🌙
asuna42mlbb,channel,Asunamlbb,639,Роумер Rising Rage лс - @tartarasuna твич - https://www.twitch.tv/asunamlbb_ чатик - https://t.me/+kV5CHKLdth9mMGYy тгк команды - https://t.me/risingrageee
moonrisefamily,channel,M∞nrise,126,Rise up! Hello we are M∞nrise!
moonrisecdt,channel,Moonrise live,185,cover dance team  наша анонимка - t.me/anonaskbot?start=8ixZI_ApCMRVkcJ 🤲🏻
moscowsunrise,channel,Про московские рассветы,394,"Клавдия, экскурсовод по Москве  Заметки про лучший город мира. Знаю все тайные места Москвы, но тебе расскажу. Хожу нетуристическими тропами, дворами, подслушиваю истории города. Вожу экскурсии.  Заказать экскурсию только для своей компании -  @sumsunrise"
darasunrise,channel,Сегодня опять блистаю✨,158,"Я Дара, визажист и мейкап-креатор из СПб. Резидент influence beauty pro 2025 Показываю бюджетные находки, крашусь и показываю свой путь в визаже.  У меня уютно, а еще я люблю зеленый 💚 Для связи - @darasunrisee"
stellaryouth,channel,STELL️️AR YOUTH️🪽,123,☁️Всем привет! Мы кавер-дэнс команда из Барнаула!💨  https://t.me/boost/stellaryouth
stprgroupsupdates,channel,📢 STPR Creators Updates 📢,153,
tortuga_sunrise,channel,TORTUGA,99,Озвучуємо українською Підтримка нашої роботи - https://send.monobank.ua/jar/9qCvFFFjvr
melodise_team,channel,Melodise,144,"Melodise –  творческое объединение, которое занимается переводом и адаптацией песен преимущественно созданных с помощью программного обеспечения Vocaloid, а так же жанры J-pop и K-pop на русский язык 🍎🐍  Добро пожаловать 💫"
suncrush_oi,channel,ЧИСТКА !!ִׄ𝆹𝅥 𝅄 ִ 𝐒𝗎𝗇𝖼𝐑𝗎𝗌𝗁 𝐆𝗂𝗋𝗅𝗌 ꣑ৎ 𝖼𝗏 𝖻𝖺𝗇𝖽 🩵,128,@ ** 𝗦𝗎𝗇𝗖𝗋𝗨𝗌𝗛 ** — [ санкраш ]   .  .  .  девичья кавер группа в сфере онлайн индустрии с прототипом Южно - Корейской группы LE SSERAFIM ‰        PRODUSERS —  ; @naoki_prod ; @selenaprod             w𝘄. 𖥻 AGENT — ; @cupid_label
jinnieech,channel,jinnie's channel,41,лс: @jinnieeeeee my team: https://t.me/stardust_team
iuplace,channel,‌ ‌ ‌ ‌ ‌jieuni unique‌‌‌ ‌ ‌ ‌,1280,"she blossomed in my darkest moments and made me happy “ 🏡 ” now, my life is full of flowers no matter how much i want to thank her for her existence it’s never enough @wcuko"
iulianiaisthere,channel,theiuliania,75,только вперед
uliabeads,channel,Uliabeads,71,Канал про бисер💗 Здесь я выкладываю свои работы🎀 По заказу писать в лс: @uliaaaaaaaaaaaaaaaa
ifariaa,channel,𝙸𝚏𝚊𝚛𝚒𝚊,69,•источник твоего вдохновения...🌼🪶  🦋10.05.20🦋
mariaazzaaa,channel,Mariaazzaaa,179,
radiojuliana,channel,Радио «Ульяна» 🦷,138,немного про работу много про меня  иногда юмор  реклама вашего заведения - один кальян
iuliapic,channel,йоль | jól,40,нет войне да любви
iliamare,channel,Ilia Mare Hotel,21,The Official Channel of Ilia Mare Hotel on Telegram
dariaclubbyddddaria,channel,Инфо d’ARIA club,60,"Специальный телеграмм-канал , где собрана вся информация про мой авторский онлайн клуб d’ARIA club ❤️  Зарубкина Дарья Дмитриевна ИНН 500722197889 оферта: https://docs.google.com/document/d/13CD6c4fNTNG7ROI4oFarsYhTmkmA7BlbXQU1YuK5ZvA/edit?usp=drivesdk"
aromabutikimperio,channel,Аромабутик от Юлии Солнце,33,Здесь самые вкусные ароматы  от компании Империо и много других уникальных продуктов. Собираю парфюмерные капсулы на весну и лето под любые ваши цели и задачи. Провожу аромапрезентации.
kawaii_oi,channel,Ꮶᗣᙡᗣᖗᖗ🍉ᔕᗣᙓ ᗣᙓᑌᒐ,23,Типа новая солистка и журналистка
yulianakeeper,channel,Хранитель Юлианы,29,"Эдиты, видео, ИИ Мой тт: https://www.tiktok.com/@marianaromanova_cherry?_r=1&_t=ZS-95x6RgGKA8S"
styledbyjulia,channel,"𝙙𝙧𝙚𝙨𝙨 𝙢𝙚, 𝙅𝙪𝙡𝙞𝙖.’",13,
klbenz39,channel,Бензин видели? А он есть,14308,Текущая ситуация с бензином в Калининграде и области.  Присылайте информацию в комментарии  Заявление на регистрацию в РКН: № 7616339226
zapravarf,channel,ЗПЧ,1171,Обратная связь: @Zapravarf_bot  Сайт: zaprava.ru   boosty: https://boosty.to/zpch
zapravkaforum,group,Лига Заправщиков,879,"Чат создан для общения, обмена мнениями, поиском решений и взаимопомощи специалистов сервиса ПУ и заправки. ❗️Мат, оскорбления - бан, Троллинг - предупреждение, повторно - бан, флуд - предупреждение и бан, ссылки и реклама только через админов."
dostavca7,channel,+7Доставка ЛНР область,6407,Доставляем заказы с Озон бесплатно
reizovdolls,channel,𝐑𝐞𝐢𝐳𝐨𝐯•𝐝𝐨𝐥𝐥𝐬,249,Нихау🤍   Мы посредники кукол 𝙈𝙤𝙣𝙨𝙩𝙚𝙧 𝙃𝙞𝙜𝙝 • Доставляет по Рф - @Fiwoqq • Доставляет по Кз-@tish_ja ————— По любым вопросам обращайтесь к @Fiwoqq
pavukstales,channel,Pavuk's Tales,189,"О том, что доставляет удовольствие от жизни"
spicami,channel,Напёрсток палец,529,"Стильные вязаные вещи, эксклюзивные модели. Мастер-классы, описания, схемы, идеи для вашего творчества!  Реклама @nadywe"
karkasprovolokam,group,Арт каркасы из проволоки,21,"#karkasprovolokam Создаю легкие каркасы из проволоки по своим эскизам  - каркасы для кино, театра, мероприятий Аренда/под заказ.  г. Москва, доставка есть. Заказы в лс: @maverillick"
bimple_ru,channel,Bimple.ru,10,"Не всегда полезное, но занятное, смешное и любопытное."
svyazstroy,channel,"СВЯЗЬСТРОЙ: прокладка кабеля, труб, гнб бурение, объекты связи и электро",7,"Строительство и монтаж волс, лэп,вл и кл, электро, кабель, труба и трубопроводы Гнб проколы, прокладка коммуникаций Запросы кп в личку или smsvs@ya.ru"
berzansadu,channel,berzansadu,1050,приходи свободным!
sch227_minsk,channel,"ГУО ""Средняя школа №227 г.Минска",1432,
kartaly_mr,channel,Администрация Карталинского МО,309,Официальный телеграм-канал Администрации Карталинского муниципального района
mkusportmolodegkanev,channel,МКУ «Спорт и Молодежная политика»,290,"Центр по обеспечению деятельности отдела культуры,спорта и молодежной политики администрации Невельского муниципального округа ВК https://vk.com/nevelsksportmolodezh ТГ https://t.me/mkusportmolodegkanev"
hvalynskiy_vestnik,channel,Хвалынский VестникZ🇷🇺,663,Официальный канал администрации Хвалынского района
brsmsvisloch,channel,БРСМ | СВИСЛОЧЬ,94,
httpsofj0pboo9qa4njvi,channel,Молодежь Наровлянщины|БРСМ|,168,👫Молодежь Наровлянщины👫 ✨Стань частью нашей молодежной команды✨ 💥Подписывайся и будь в курсе всех  актуальных событий💥
centrkariersgus,channel,Центр карьеры МПСИ «СГУС»,402,"🚀Центр карьеры, молодежной политики и студенческих инициатив «СГУС» – твой надёжный проводник к профессиональным вершинам, реализации инициатив и насыщенной студенческой жизни!  MAX: https://max.ru/id6731011390_gos5 ВК: https://vk.ru/zentrkariermpsi"
xaxaxxaxxaxaxaxaxaxx,channel,только смелым покоряются моря,235,стороны света нужны. свобода находится на севере.
messerkultur,group,"Neues von der Messerkultur! Aufschlitzen, abstechen, massakrieren, halal Kopf ab!",123,"Fast 40.000 junge deutsche Mädchen wurden alleine 2017 von Schutzsuchenden vergewaltigt oder getötet.  Verantwortlich dafür ist der Wähler, der mit absoluter Mehrheit diejenigen gewählt hat, der uns diese kulturelle Bereicherung grundgesetzwidrig beschert"
foodonfoot,channel,Ногами курьера,1702,"Топ-топ-менеджеры - чем полна и чем окружена работа курьеров разных сервисов. Мемы, новости, статьи и аналитика."
wildmarketos,channel,Дикий Маркетос,1058,"Здарова, ты можешь звать меня просто Маркетос, а это мой уютный и ламповый канал, где я рассказываю о том, как маркетплейсы из человека сделали курьера и как потерять всю свою зарплату не выходя из дома!  Наш чат: https://t.me/+GdZgRGz1wRA5ZWFi"
taxi_hasavyrt,group,Такси Хасавюрт,205,"Приложения для вызова такси,курьера по г.Хасавюрт"
lavkakuriera,channel,Лавка Курьера🎄,147,Плюшевая Герта захватит мир
uzumtezkor_courier,channel,Uzum Tezkor | Kuryerlik,146,Ushbu kanalda siz Uzum Tezkor’ga ulanishingiz mumkin. Postlardagi havolalar orqali ro’yxatdan o’ting!
cde_pop,channel,Курьерское Депо || Zäy / Vebr || Остерия,81,"Личный архив Курьера, со всем и обо всём"
courierdaytime,channel,Курьерские будни,117,"Мелочи и интересности из жизни курьера, личностный рост и поиск смысла жизни  https://dzen.ru/id/62e039f0f8ed3811b133ded7 канал в дзен"
mila_qarmc,channel,💡СВЕТ В ОКНЕ С МИЛОЙ ГАРМС ПСИХОЛОГ,1430,"Ваше личное пространство для преодоления кризисов, стресса и выгорания. Мой подход:клиническая база + практика спорта + личное сопровождение = ваш результат.  Пишу и работаю только под вас. Комплексно.   Связь со мной : @Milaz_Mila"
prompt_mila,channel,𝑴𝒊𝒍𝒂'𝒔 𝒅𝒓𝒆𝒂𝒎𝒔💤,188,"Если берёте промт или фото, пожалуйста, отмечайте канал автора🤍 Чатик: @milady_cchat Бусти: https://t.me/boost/prompt_mila Предложка канала: t.me/prompt_mila?direct По всем вопросам: @milaby_mila"
milankaaz,channel,дишка’’,6196,по вопросам -
mila_i_son,channel,@mila_i_son,17,
milamila696,channel,Millow in your area,4126,"Я Миллоу, снимаю всякие видео и рисую:3 Правила чата: https://telegra.ph/Pravila-chata-10-16-60"
mila_medi,channel,Milamed pharmaceutical trading plc,314,Milamed pharmacutical Medicine's & medical equipment distrbuter.
mila_lysi,channel,Пространство Милы и Великих людей,315,"Уникальный микс: Ex. Руководитель в банке + практик фэншуй + китайский астролог Бацзы  🧧Знаю, как работают деньги и энергии: делюсь инструментами, которые удвоили мой доход и гармонизировали жизнь клиентов.  СОЗДАЮ ПЕРСОНАЛЬНЫЕ БРАСЛЕТЫ УДАЧИ"
milapolarchannel,channel,Mila Polar Channel,4261,ВСЕ ССЫЛКИ В ЗАКРЕПЛЕННОМ СООБЩЕНИИ КАНАЛА! 🙏Поддержать канал — https://t.me/tribute/app?startapp=dGNM  🌸Буст канала — https://t.me/boost/MilaPolarChannel
milanrodd,channel,MILANRODD👨🏾‍💻,2700,IT первооткрыватель на стриме -> twitch.tv/milanrodd Для связи и предложений @Yaidiod
mila_xdxd,channel,milaxd🎀,237,лс: @milaxxd тт : milaxdxd
invictus_capital,group,Invictus Capital - Community Chat,1559,Community discussion group for https://www.InvictusCapital.com - alternative investment platform with an innovative suite of blockchain-based funds across multiple asset classes.
raddoppioinvictus,channel,Il raddoppio di Invictus,1909,"Il Raddoppio di Invictus è il miglior canale di scommesse e pronostici su Telegram!  Ogni giorno pubblichiamo un raddoppio gratuito e, almeno due volte a settimana viene pubblicato un Bombone ad alta quota 💰"
invictuscloud,channel,Invictus Cloud,446,
inviktus,channel,INVIKTUS GROUP,471,"Все что вы хотели знать о технологичных строительных материалах. Мы учимся вести этот канал, но обещаем сделать его интересным! Наш Инстаграм @inviktus_group"
inviciblewa,channel,Invincible Universe,2204,
invictus_buran_official,channel,одро Буран (добровольческое формирование),283,
invictus177,channel,𝐈𝐧𝐯𝐢𝐜𝐭𝐮𝐬🥀,96,🖤X - https://x.com/invictus_177?s=21 ❤️YouTube - https://youtube.com/@invictus_177?si=HK5pwJB1lu6sA7Hu 🖤TikTok - https://www.tiktok.com/@invictus.177?_r=1&_t=ZG-96qlF3IzUEj 💜Twitch - https://www.twitch.tv/invictus177
itsbattlefortruth,channel,BattleForTruth ☩,1226,"⚔️ “Therefore fear them not. For nothing is covered that shall not be revealed: nor hid, that shall not be known.” Matthew 10,6   •  Telegram Channel: t.me/itsbattlefortruth YouTube: https://youtube.com/channel/UC3qw55W0rH3RX9Ty9oaXVRA IG: @battlefortruth"
invictus_studio_offical,group,💬 Invictus Studio FP | Чат,116,Чат для общения по теме Invictus Studio и не только. 💬  Наш канал: https://t.me/invictus_fanprojects_official
academyinvictus,channel,Академия Invictus,130,⚡️Вступай в нашу детскую академию и повышай свой уровень игры в футбол и медийность: @kir_tg1  Взрослая команда: https://t.me/+sEaTCIFLrBtjYjhi
sol_invictus_team,channel,sᴏʟ ɪɴᴠɪᴄᴛᴜs,69,"Hi, babies! Мы coverdance команда Sol Invictus из Санкт-Петербурга. Рады видеть вас на нашем канале. по всем интересующим вопросам писать: @lizka_msk @somiiin"
invictus_concept_store,channel,INVICTUS,61,"Салон керамической плитки и керамического гранита -  INVICTUS Concept Store. Будем говорить тут про материал в нашем салоне, про новинки в интерьере и дизайне. Подписывайся, с нами интересно!   Наша локация📍г.Сочи, ул.Транспортная,28 (ТРЦ ОЛИМП),3 этаж."
augustusinvictusesquire,channel,Augustus Invictus,589,Civil Rights Activist  http://youtube.com/c/AugustusInvictus
invictus_fanprojects_official,channel,Invictus Studio | Fan Projects,66,Канал Invictus Studio для публикации всех важных новостей о фанатских проектах и не только.  #Invictus_Memes - мемы #Invictus_Creativity - всё про творчество #Invictus_News - новости #Invictus_Project - фанатские проекты
bikeincity,channel,Bike In City,284,Офіційний канал BIC
deus_sol_invictus_editorial,group,𝕯𝖊𝖚𝖘 𝕾𝖔𝖑 𝕴𝖓𝖛𝖎𝖈𝖙𝖚𝖘 𝕰𝖉𝖎𝖙𝖔𝖗𝖎𝖆𝖑,78,Editorial y librería enfocada en preservar nuestra historia.
raviivari,channel,𝕽avi’s 𝖈𝖍 𝕀,16422,@raviivari on tiktok  paid edit @raviroutg @presetravi preset channel @raviroutg to order @ccraviokbye free cc channel @roulegitimacy vouch channel
btsbuyingteamrus,channel,BTS buying team Russia | COME OVER,1402,Команда поддержки BTS в музыкальных чартах 💜  Для вопросов и предложений пишите в личные сообщения канала.   (!) Использование постов без активной ссылки на BBTR+ запрещено  Twitter: https://x.com/buyingteamrus VK: https://vk.com/btsbuyingteamrus
meltintoyou_official,channel,MIY,118,"Четыре участника - четыре полярности.  ""Жанр не важен - важнее эмоции"", - с таким кредо развивается группа.  По всем вопросам @kamisfadd"
wootteospace,channel,Wonwoo's Dream Catfe 🐈‍⬛️☕️,341,"Guerilla Coffee @ Suntec, 4-5 July, 12pm-5pm"
imgvnart,channel,I M G V N,57,Post-metal band
memorycrew,channel,MEMORY CREW,90,НАШ ТИК ТОК - https://www.tiktok.com/@memorycrew5?_r=1&_t=ZG-91Wtca0LC8f по всем вопросам : @VINSTAE
tmr_mosh,channel,TMR MOSH CREW,58,"Temirtau Mosh Crew-это не просто Юнити хардкор Кидов,это ребята которые любят не просто музло а любят проводить отлично свою жизнь в мошпите устраивая настоящий crowd kill."
inspiritumband,channel,INSPIRITUM 🎸,151,"Alternative rock & pop corn 🌽   Мы любим творить музыку, а ещё больше любим, когда она приходится кому-то по душе 🌚  Самый перспективный boys band Владивостока по версии издания «Внатуре правда»🤘🏻"
krumuaythai,channel,Мастер Муай Тай,104,"Даже если все говорит о том, что ты проиграешь, иди вперед и наноси удар.                           Связь: @muay_trener"
vnenashihabstrakts123103,channel,n5kt🎤🥷🖍,38,"""Вне Наших Абстракций"" - это как хит, который уносит тебя за пределы обыденности и заставляет думать шире, чем когда-либо прежде. Лови волну реальности, отбрось все стереотипы и открой для себя новую перспективу в жизни."
iamhuuungry,channel,I'm hungry,87,мой юз @neynaa_aa
burnoutnet,channel,Живём в гармонии | Выгоранию - нет!,187,"Помогаем педагогам-психологам преодолеть эмоциональное напряжение (выгорание) и научиться предотвращать его появление.   Старт проекту ""Психологическая поддержка школьных педагогов-психологов"" дан благодаря Фонду президентских грантов"
spbgolffederathion,channel,Федерация Гольфа Санкт-Петербурга,206,Всё о жизни Федерации Гольфа Санкт-Петербурга. 🏌🏼‍♀️
birdiegolfshop,channel,BIRDIE GOLF SHOP,514,"⛳️ Магазин товаров для гольфа ⛳️  - наш сайт: https://birdiegolfshop.ru  - для уточнения информации: @BIRDIEGOLFSHOP_manager  Адрес магазина: Свердловская область, Сысертский городской округ, село Кашино, Сосновая улица, 3 (гольф-клуб Pine Creek Resort)"
golfmarket_russia,channel,ГольфМаркет,196,"Магазин товаров для гольфа @golfmarket_order_bot напишите сюда, если есть вопрос или хотите что-то купить  golfmarket.ru на сайте гольф-экипировка в наличии"
golfclubkaravan,channel,Гольф-клуб «Караван»,218,"• Учебно-тренировочное гольф-поле Pitch & Putt на короткую игру, 9 лунок • Занятия для начинающих, инвентарь • Индивидуальные и групповые занятия • Турниры по гольфу для любителей ⛳️ Самый демократичный гольф-клуб Запись: 89091523112, caravan-inino.ru"
golf_kak_iskusstvo,channel,Гольф как искусство⛳️🏌,155,"Канал для людей, которые хотят научиться играть в гольф и для тех, кто уже полюбил эту великую игру⛳️🏌‍♀️"
pestovolive,channel,ПЕСТОВО/PESTOVO LIVE,532,Привилегированный гольф-курорт недалеко от Москвы. Единственный гольф-клуб в России с возможностью игры на трёх первоклассных полях и доступом в яхт клуб «Пестово». Тел: +7 (495) 739-20-20
rngcspb,channel,RNGC SPB,182,Russian National Golf Center - Академия гольфа в Санкт-Петербурге⁣⁣  ⛳️ Тренировки для детей и взрослых⁣⁣  🏡 Летний лагерь с проживанием⁣⁣  🏆 Турниры и сборы ⁣⁣  🏌️ Тренеры PGA Pro⁣⁣  ⁣⁣  + 7 915-351-92-15⁣⁣  ⁣⁣ https://academy.rngc.golf/spb
newsrgc,channel,RGC | News,70,Сообщество русскоговорящих гольфистов в ОАЭ при поддержке национальной лиги гольфа.  По всем вопросам: @baranovkirill
smartshotgolf,channel,SmartShotGolf,209,Первый российский производитель гольф оборудования http://smartshotgolf.ru
bugulma_golf_academy,channel,BAG ⛳️,45,"Бугульминская Академия Гольфа🏌🏿‍♂️  Ставим удар так же уверенно, как цели в жизни 🎯  ❓ Никогда не держали клюшку? ✅ Отлично! Тренер Тимур превращает «никогда» в «получается красиво» уже на первом занятии.   📞+79003221312"
vipgolfclub,channel,Vip Golf Club,55,Гольф клуб с тренировочной зоной симуляторами для игры в гольф
kingsofgreensgc,channel,KINGS OF GREENS,380,GOLF & MORE  Based in Moscow https://kingsofgreens.ru/ По всем вопросам: @olyavladii
primorsky_golf_vorobyovalv,channel,Обучение и турниры по гольфу для начинающих.⛳️,43,"📍Расписание выездов на обучение (драйв-рейндж / поле / пар-3) 🏌️‍♂️ Анонсы любительских турниров для новичков и продвинутых 🧾 Условия участия, стоимость, открытые места 🗓 Точные даты и локации с инструкциями «как добраться самостоятельно»"
afgacademia,channel,AFGA | AF Golf Academy,194,Официальный канал Филаткина Артёма  Обо мне: — Гольф-про гольф и яхт клуба «Пестово» — Член сборной команды России — Обладатель Кубка России 2025 — … to be continued
golfsolutions,channel,Гольф Решения,56,🏌 ex. GOLF SOLUTIONS — Ваш надежный партнер в мире гольфа с четвертьвековыми компетенциями и решениями  уникальных задач!
yargolf,channel,Федерация гольфа Ярославской области,10,Региональная общественная спортивно-физкультурная организация «Федерация гольфа Ярославской области»  info@yargolf.ru  https://yargolf.ru/  @Artem_Rukhlov_MarkHockey @MakedonskayaYanina
minina_agr,channel,Директор АГР | Вне формата,179,Официальный канал Вице-президента Ассоциации гольфа России Мининой Марины
maria_efimenko_golf,channel,Мария Ефименко Гольф ⛳️,232,PGA Advanced Professional ⛳️ Директор по гольфу Гольф Клуба Пестово ❤️  Главный тренер Академии гольфа Jason Floyd Golf Academy Pestovo ❤️ Всегда рада гостям и подписчикам 😃
crearus_games,channel,CREARUS ИГРОВЫЕ ПЛОЩАДКИ,150,"Игровое оборудование: мини гольф, гольф бильярд, теннисные столы."
rusminigolf,channel,Rusminigolf,74,⛳Гольф-дорожки на вашем мероприятии!
pmogolf,channel,Первенство МО | Гольф,76,"Первенство Московской области по гольфу.  Главный юниорский турнир сезона пройдет 1–3 июля 2026, гольф-клуб «Пестово».  Здесь: участники, разборы лунок, истории семей и тренеров, репортажи и итоги.  Регистрация: https://mo.golf"
cryptogiftrussia,channel,Crypto gift,4717,Бесплатные NFT-подарки и розыгрыши в Telegram. Крипто новости.  Реклама: @mtongarussia  Отзывы: победителей https://t.me/cryptogiftotziv  Наш чат: https://t.me/cryptogiftchatik
vseross_live,channel,Всеросс-live 2026,2862,"Канал о всероссе и олимпиадниках.  Хроника, интервью, полезные материалы и мотивация! Проект Ассоциации победителей олимпиад @apo_rf"
destroyxshop,channel,DestroyX Shop,1962,"Тг звезды, телеграм премиум - всё дешевле у нас!  По всем вопросам: @aggsse  Наш бот: @DestroyStarsBot  Наш чат: @DestroyXsh   Канал, с скринами выданых призов (от победителей): https://t.me/+pclI4lXab8ZkOTRi"
skachki_kmv,channel,Пятигорский ипподром,860,"Новости Пятигорского ипподрома, результаты скачек, фотографии победителей призов."
juniorrosatom,channel,Юниоры Росатома,2633,"🤗 Не просто движение, а семья  Мы в вк - vk.com/juniorrosatom"
onlinechessway,channel,CHESSWAY,464,Онлайн-школа «Шахматный путь»  Любим шахматы и знаем всё о красочности шахматной жизни.  Запишитесь на бесплатный пробный урок на сайте: https://chessway.ru/
pinkydeportes,channel,Pinky Deportes,829,"Béisbol, Ajedrez y Algo Más....."
squashjuniorsontrips,channel,Squash Juniors on Trips ✈️,342,"Рассказываем об опыте поездок на юниорские сквош-турниры в Европе и Азии, делимся расписанием, планами и эмоциями."
tei_wardhowell,channel,Ward Howell,1306,Официальный канал компании Ward Howell
bgs8989,channel,🥇东南亚资讯【悬赏、揭秘、曝光社】【世界杯】,114973,黑公司曝光，个人爆料，各类新闻，大事件吃瓜，悬赏找人，博彩黑款， #菲律宾 #柬埔寨 #越南 #泰国 #缅甸 #老挝 #迪拜 商务合作投稿： @dny520888     🔗东南亚曝光社交流聚集地：https://t.me/BGS8888
anwei2,channel,安危事件,34927,#迪拜 #泰国 #菲律宾 #柬埔寨 #缅甸 #中国 #老挝  #新闻资讯 #博彩 #狗推  各大社会事件新闻，要点资讯，安危事件，曝光爆料，时事新闻，社会热点推送。  爆料商务： @jms678  防失联导航： @anwei789  投稿机器人： @anwei2_bot
pa_rz7_xxo,channel,سوبر اوميجا | O M,9144,⁣⁣⁣⁣𝅄 𓏺 𝖶𝖾𝖫𝖼𝗈𝖬𝖾 𝖳𝗈 𝖢𝗁𝖺𝖭𝖺𝖫 𝖲𝗎𝖯𝖾𝗋 Omiga .   - 𝖫𝗂𝗇𝗄 𝖢𝗁𝖺𝖳 :  https://t.me/O_M_GAe .  - 𝖫𝖾𝖺𝖣𝖾𝗋 : @X_3PG .  - 𝖫𝖾𝖺𝖣𝖾𝗋 : @MEX_YT1 .  - الــ ثـقة : @PARZ_XO .
garbazan,channel,Garbazan,2988,Твич - https://www.twitch.tv/garbazan  По сотрудничеству- @garbazanproduction По вопросам к- @garbazanproduction Отзывы - @garbazanotzv
srx200,channel,srx,507,18+ я: @chelovatina щитпост: https://t.me/+2BeydfguIpFhOGRi тикток: 200srx артфайт: https://artfight.net/~Srx трейды: нет
jharnous_srb,channel,JHArnous на српском,2326,https://t.me/addlist/W9bu69qE2o4zNGQy
orx_official,channel,Orx,1780,ORX | Rapper 🎤 می‌نویسم چیزی که زندگی کردم، می‌خونم چیزی که حس کردم.
ratoam,channel,به سویِ فَراتر از آنچه پیداست🏕️,323,مسافرم، دارم ایران و میگردم 🌍🌞  برام نامه بنویس🌱 http://t.me/HidenChat_Bot?start=1435898721
psychosarts,channel,𐌿᧐два᧘ ᥰᥴᥙхᥲ 💥,91,"🎀 Привета! Я Psycho ну или же просто Руби  Иногда рисую, иногда анимирую, иногда грущу  Мой арт статус: ✖️Коллабы ✖️Комишки ☑️Трейды ✖️Реквесты  ЛС: @Ruby0Rocket"
vaprice,channel,mp alnst va,23,
tany_asterisk,channel,𝑡𝑎𝑛𝑦𝑎.𝑎𝑠𝑡𝑒𝑟𝑖𝑠𝑘,8,"Нᴀ нᴏчнᴏʍ нᴇбᴇ ᴄияющᴀя ɜʙᴇɜдᴏчᴋᴀ ᴨᴩиʙᴧᴇᴋᴀᴧᴀ ʙниʍᴀниᴇ ᴄʙᴏᴇй яᴩᴋᴏᴄᴛью, ᴄᴧᴏʙнᴏ ᴨᴩиᴦᴧᴀɯᴀя ʍᴇчᴛᴀᴛь ᴏ дᴀᴧᴇᴋих ʍиᴩᴀх 🤍"
spartakiadasuzdal,channel,II Спартакиада 2025 🇷🇺🇰🇿🇧🇾🇰🇬🇺🇿🇹🇯,325,"Привет и добро пожаловать! Это канал II Международной Спартакиады среди экспертных организаций, которая прошла с 2 по 6 июля 2025 года в Суздале.   Здесь архив контента по главным событиям Спартакиады."
psclubrf,channel,.,453,
gimnastika_spartak,channel,Гимнастический клуб «Спартак»,487,
milsportmed,channel,Вежливые и спортивные🏆,915,Спортивная подготовка будущих и действующих защитников России🏅🇷🇺 Бот обратной связи: @tactical_coach_bot Наш спорт-чат: @MilSportMed_RU
sportetalon_zhukovsky,channel,НИНДЗЯ СПОРТ | ЖУКОВСКИЙ | OCR,178,"Спорт Эталон - детская секция ниндзя спорта, клуб гонок с препятствиями  OCR, город Жуковский, улица Грищенко, дом 5, этаж 2."
rfskslonim,channel,Slonim RFSK,92,🌀только свежие новости про физкультурно-спортивные мероприятия нашего города. https://m.vk.com/rfskslonim/ https://www.instagram.com/rfsk.slonim/
trekant_kantiana,channel,Трекант Кантиана,150,Сборная команда по парусному спорту⛵️
biomachine05,channel,Israfilov_ARM,137,По вопросам @Xideyosi Кмс Чемпионат Дагестана 🥉 Спартакиада Дагестана 🥈 Турниры 🥇🥇🥇🥇🥇🥈🥈🥉
kaf_fiz_vos,channel,КАФЕДРА ФИЗИЧЕСКОГО ВОСПИТАНИЯ УНИВЕРСИТЕТА имени ВЛАДИМИРА ДАЛЯ,124,Официальный канал КАФЕДРЫ ФИЗИЧЕСКОГО ВОСПИТАНИЯ ЛГУ им. В. Даля
gutid_life,channel,ГУТИД | Спортивный клуб,1637,
gtosergievposad,channel,ГТО Сергиев Посад,203,
gutidance,channel,GUTiDance,389,
oo_ppo_krasmash,channel,"ОО ППО ""КРАСМАШ""",189,Профсоюз работников общего машиностроения.
atleticoadelante,channel,ШСК «Club Atlético Adelante» 1558,83,"Вся информация о спортивной жизни Школы 1558 ❤️‍🔥  Наши новости, победы и достижения, расписание и анонсы матчей, информация о тренерах 🏆"
linalifonovafan,channel,лина лифонова,12898,
starwarsinmind,channel,Звездные фанаты,2452,"Эксклюзивные новости, ежедневные обновления и самые яркие моменты жизни твоих любимых звезд. Подписывайся и будь всегда в центре звездного действия!✨  По всем вопросам @admlnki1_bot"
kylie_jennerf,channel,Kylie Jenner | Кайли Дженнер,1271,По вопросам рекламы - @KHOKKEIST  @Kardashian_Kourtney сестра KIM  @Kendall_Jennera фанаты KENDALL  @Kim_Kardashianb фанаты Kim  @Dua_Lipaa - Dua Lipa 👠
southpark_confession,channel,[НАБОР В АДМ] ✶ sᴏᴜᴛʜ ᴘᴀʀᴋ ᴄᴏɴғᴇssɪᴏɴs (🍓🐾),1303,все фанаты южной пизды сюда 🍾🍾   бот для тейков :: @southpark_confessions_bot наша предложка :: @southpark_predlo_bot
ffcva,channel,Фанаты Волгаря,709,
fussballdiscussion,group,Fußball Discussion,213,جایی برای تمام هواداران فوتبال آلمان، از بایرن مونیخ تا زاندهاوزن!  توهین در هر سطحی ممنوعه؛ تاکید می‌کنم، در هر سطحی. هواداران فوتبال آلمان مودب‌ترین هواداران ایران هستن :)  بحث غیرفوتبالی ممنوع؛ ممنون ♥️
fanatelectromid,channel,фанаты электро мида,561,клуб фанатов электро мида чатик-https://t.me/+Si28J3FmbQdmM2Uy
fcdynamo_women,channel,ЖФК «Динамо» Москва,4132,Официальный канал женского футбольного клуба «Динамо» в Telegram.  ⚪️🔵 Официальный сайт: https://w.fcdm.ru   📱 VK: https://vk.com/fcdynamo_women 👕 Интернет-магазин: https://shop.fcdm.ru/ 🏫 Академия ЖФК «Динамо»: https://t.me/fcdynamo_women_academy
wfcenisey,channel,ЖФК «Енисей»,1562,
fcdynamo_women_academy,channel,Академия ЖФК «Динамо»,1245,Канал ЖФК «Динамо»: https://t.me/fcdynamo_women
pmcmavflek,channel,PMc Mavflek,221,"It’s all about entertainment,music and party."
jfdbank_en,channel,JFD Brokers - Official Channel,51,
fctroick,channel,ЖФК «Троицк»,307,https://max.ru/join/u3BpVtNmoMJuBSD7Y46RiTAOfyhO5ngW1PgL9El2Jd4  https://vk.com/fktroick  https://www.instagram.com/fctroick?igsh=MWtpcndmYjgzdThxMg==
jfdbank_de,channel,JFD Brokers - offizieller Kanal,127,
wfcvictoriaiksha,channel,ЖФК «Виктория-Икша»,346,Официальный канал женского футбольного клуба «Виктория-Икша»
jsf_association,channel,JSF ASSOCIATION 🇺🇦,115,"спілка українського jsf ком'юніті 🩷 повідомлення, питання, вп, прохання та ін. в дірект каналу"
uralwomen,channel,ЖФК «Урал»,216,
dussh_podil_women,channel,ДЮСШ «Поділ» WOMEN,186,Офіційний телеграм–канал ЖФК ДЮСШ «Поділ» Київ.
charity_confession,channel,ПРОТИВ ЖВД // Charity confession,170,Тейк бот @CharityConfession_bot
trade_trans_wfc,channel,ЖФК Трейд Транс,223,Женская футбольная команда Трейд Транс г. Новосибирск
zenit57,channel,СЗ «Зенит» и группа компаний – квартиры в Орле,229,Строим для Вас и Ваших детей!
zabwomen,channel,Союз женщин России Забайкальского края,245,
g71nb,channel,Gannibèl,74,
fanatelevision,channel,Fana Media Corporation S.C (FMC),201993,This is FMC's official Telegram channel.   For more updates please visit  https://fanamc.com
fanatka_miyagi,channel,Женя У(rich),15568,"Регистрация в РКН: 6487706846  мой вайб — beauty + lifestyle 🌶️ нахожу вдохновение в каждом дне и делюсь с вами  https://gosuslugi.ru/snet/69319525df8faa53995f736d  🖇️ inst: urich.jane  Сотрудничество : @janee_23xx Менеджер: @prmyshalovaaa (Агата), Москва"
pharaon_nft,channel,PHARAON GIFTS🎁,6181,"Вассап, я Фараон🌟  В прошлом ютубер миллионник, сейчас люблю NFT-подарки и TON💖  Свежие новости, новые подарки, розыгрыши и просто чилл! Если интересно, погнали с нами!🚀🚀🚀  Купить звезды - @pharaon_gems  Связь - @whysobro"
fananas_chat,group,Fananas | Chat,4295,"🍍Welcome to Fananas, the ultimate paradise of Fruitopia.  Play Now: @fananas_game_bot  Official: @fananas_official  Chat: @fananas_chat  Website: https://ton.fananas.world  X: https://x.com/FananasOfficial"
fbrvprimee,channel,FANAT🇺🇦,33,FANATKA_VASILISKA
fanat_warden,channel,Диванный макарон🥺,116,"Арты по разным фд на которые у меня гиперфиксы ◡̈  мой юз - @Lalatochki  Я не снимаю никогда, свои обосанные очки, зачем другие мне цвета, и эти все отеночки, обосанные ракеты, обосанные дома, обосанные плакаты"
topboypubgm,channel,TOPBOY🇦🇫,421,#1 🇦🇫  Device Ipad pro 2025  ~ Winner of 13+ Tournaments🏆 all solo  TikTok - topboy_pubgm
bestcoding_uz,channel,BestCoding.uz,56,"Dasturlash makoni va sirlari. TEKIN kurslar, servislar va PREMIUM imkoniyatlar.  🔸Sayt - bestcoding.uz 🔸YouTube - youtube.com/channel/UC3Ot31wwQn8gv_vrNOsbMXw 🔸Instagram - instagram.com/bestcoding_uz"
bestcoachtoptrain,channel,bestcoachtoptrain,40,"Всем хола ✌️ Тут работа, баскетбол, граффити и впринципе мой лайфстайл-всем вэлком 🤜🏿🤛🏿"
vkookartst,channel,ᴛʜᴠᴊᴋ,420,Семья вигуков.
tokkijinie,channel,토끼jinie .ᐟ,420,tokki ? no ! it's han yujin <3 coop : @cooptokki anon : @tokkiji_bot 🔓 : 09.01.25  постоянные кр. : comma_yj ; luvyueh ; slytherinyujin ; 07hanpics ; yupeaches ; yamibbo ; hyjtexts
aggujoost1,channel,(🇩🇪/🇳🇱):: 𝙏𝙝𝙚 𝙬𝙞𝙩𝙣𝙚𝙨𝙨𝙚𝙨 𝘿𝙞𝙆𝙡𝙚𝙞𝙣𝙨' 𝘾𝙊𝙉𝙁𝙀𝙎𝙎𝙄𝙊𝙉,148,конфешн посвященный всеми любимому дуэту йоста кляйна и ши аггу (так называемым аггуйостам)  _ _ _ _ _ _ _ _ _ _ _ _ _ _ _ _ _ _ _ _ _ _ _ бот для тейков – @aggujoost1bot
realsoogyu,channel,Real Soogyu,292,"оля @realbeom_bot, соня @trueragemodebot прайс @pricerealsoogyu"
sg77xw,channel,Ww SooGyu,59,Леря @SGLWXSbot Again 1300
soogyuwithlove,channel,soogyaoi1305.com,189,like a spring lantern that never goes out  канал не информ! иногда делаю посты развлекательного характера   подписывайтесь только если вы мегасугюфан666 и тхтлавсаппорт 🤍  boost: https://t.me/boost/soogyuwithlove anon: @sgyu6love7_bot coop: @supersgyuvp13
pagesoogyuuuu,channel,meloromi,50,اینجا سوگیو رئیسه 💗 (سوگیو یعنی عشق، لطفا جنگ نکنید) t.me/ssbgyu
tymgapatsanizm,channel,Тимга за пацанське та 🇺🇦,66,"Господи, А. У. Є. !"
taanyoon,channel,・Ｔａｅｙｅｏｎ・,61,Буст канала: https://t.me/boost/taanyoon  七転び八起き
ogyogyogyogy,channel,Огород188,46,"Да огурец я, не хуеглот и не кровать 😔 1акк- tiktok.com/@ogyrchik188 Анон- http://t.me/anonaskbot?start=UlV8qCligD7FZRe Задонате на иисуса пж 🥒🦆"
yuhajinjin,channel,Yuhahaha,44,Devilish laugh-  Main Channel: @lfhishere
chugun_uwo,channel,ЧУГУНСКИЙ РАЙОН🍓🫧,23,Бу!  Вся информация в инфо в закрепе
terazogozin,channel,tera zogozin,35,анонимка t.me/anonaskbot?start=zogozin твиттер https://x.com/terazogozin
thvgooki,channel,𝗍𝗁𝗏𝗀𝗈𝗈𝗄ı '𝗌,18,‌ ㅤㅤㅤㅤㅤ✉️ㅤ: @thvgooki_bot ‌ㅤ ִֶָ𖧧. ‌
parksuynghoon,channel,park sunghoon.,1,tawar start 8×
yuukitifacosplay,channel,🤞Ryōiki Tenkai Tifa Yuuki🤞,804,"Приветствую Вас на своём канале! 😃 Здесь я буду делиться своими мыслями и творчеством - косплеем, вокалом, событиями и другими интересами ☺ Задай анонимный вопрос -> http://t.me/askifybot?start=BtAZpV"
chulancguli,channel,🌷Azumanga Daioh Fans Club/Общество Любителей Азуманги💐,754,Наша сетка каналов:  https://t.me/addlist/lHCgso1fLOY5MWZi Правила: https://t.me/c/2036811791/22065 Предложка: @ChulaVoiBot Забустить канал:https://t.me/boost/chulancguli Steam: https://s.team/p/jgwc-gcbq/bjmkdhpq Создатель: @Chulavoi
tushkancikiii,channel,Тушканчики на завтрак,90,Эщкере
hrapunchiki,channel,Храпунчики,138,"Канал о храпе и апноэ сна. Интересные факты о сомнологии, сне, заболеваниях сна. Как жить и куда идти лечиться, чтобы спасти семью и себя✅  Запись на консультацию: https://taplink.cc/dr.duykin.somnolog  Интенсив: https://t.me/+OJ0GbuR-ONo5MzZi"
yudinuzo,channel,|🪶|𝐘𝐮𝐝𝐢𝐧 𝐔𝐳𝐨|🕊️|,75,"Оɸициᴀᴧьный ᴋᴀнᴀᴧ Юдин Уɜᴏ! Здᴇᴄь будуᴛ ᴩᴀᴄᴄуждᴇния, ᴩиᴄунᴋи ᴨᴏ ᴩᴀɜныʍ ɸᴀндᴏʍᴀʍ, ᴀниʍᴀции и ᴛᴀᴋ дᴀᴧᴇᴇ."
tushonka_cosplay,channel,∝Тушковані капості<✧*.×。°,63,Біп буп
tymbochka_uwu,channel,Рест! В чистках не трогать🚬𝒯𝒽𝑒 𝒮𝒸𝑜𝓇𝓅𝒾𝑜 𝒞𝒽𝒶𝓃𝓃𝑒𝓁🚬,93,"🦂Дарова брад.. я скорпион(так же для некоторых тумбочка, Кастл) и я начинающий косплеер с Чебоксар:-) Лс-@neptun_io Анон-@anon_tymbochka_bot Проголосовать за канал-https://t.me/boost/tymbochka_uwu Сокосплеер-нетк."
runchiki,channel,рунечка фан,83,
tvoiitamchik,channel,🪼[РЕСТ] Фабрика Маршмеллоу и палитра с красками🫟,82,"ОТПИСКА-БАН.  Здравствуй,меня зовут Итан всегда буду рад новым подписчикам и знакомстам🩵  Прайс-https://t.me/prays1839  Мой тт-https://www.tiktok.com/@tvoikotenochek?_r=1&_t=ZS-93Qc6wRzN2q  Буст-https://t.me/boost/tvoiItamchik"
tsumugikotobukikon,channel,໒ ♔ ︎︎ 𝓱ꪮ𝗇a͡ო𝗂 ᥲᥒძ 𝓽𝗌i͡u͡ო𝗎g͒𝗂 𝖣ᥲ𝗂ᥣ𝗒 ! ︶ ͝ ֹ,52,ᅠᅠᨻ    ֺ    ࣭   дꪮбрꪮ пꪮжᥲловать в Дꫀйли пꪮ Цуოуги И Хꪮнᥲოи  .   .   .   !   влд : @konkonchan  ❕  ִ  ꐎꐎ˖
stellarpatisserie,channel,stellar patisserie ⋆˙⟡,87,🔗 read pinned before claiming! used to go by robin's halo/emma's eyelashes!  by @rqvelvt 🎀
terruko_cosplay,channel,^°Terruko_cosplay°^,63,Приветик🎀  Я косплеер из Ялты!!  Моя анонимка: @Terrukoanonimka_bot Мой щп:  https://t.me/+pvV-BTIisrYwNjcy Лс: @Nikamiyyyu Буду пробовать и стараться развиваться:3
tesux_kun_art,channel,TESUX KUN ART.,86,Художник Мульфэндомщик.  Другие соцсети:  Bluesky: https://bsky.app/profile/tesux-kun.bsky.social  X: https://x.com/Tesux_Kun  Boosty: https://boosty.to/tesux_kun
uzurendayli,channel,UZUREN DAILY,66,Канал посвященный пейрингу Узуй/Кеджуро🩵
twainuwu,channel,✨Просто Твай🦋 ||переодевальщик к разные образы,65,"Хай, это Твай💞 Я — начинающий косплеер из нск!! Добро пожаловать в мой bubble 🦋"
poprygunchikii,channel,poprygunchiki》cos.band!,24,"приветик! мы попрыгунчики-косбенд по секаю из рнд будем гастролировать по фестам ростова,чтобы дарить вам улыбки!"
gay_tsumito,channel,😇Holy Trinity😇,60,Я просто недо художник
fischlcest,channel,ᅟᛝ ⋮ ТУПО Я / МЫ ⵓ СФПКМ,38,
teennywolf,channel,see you again,16,
kondakov_online,channel,KONDAKOV.ONLINE,1087,"Фото, видеосъёмка, онлайн-трансляции соревнований по художественной гимнастике любого уровня.                                                    Наш сайт: https://kondakov.online/                       Наш ВК: https://vk.com/kondakov.online"
labinsk_smi,channel,Провинциальная газета. Лабинск,649,📝Главные новости Лабинского района и Кубани  ☎️ По вопросам рекламы 8 (86169) 3-33-12 🌐Наш сайт - https://pg-news.ru 🔹МАХ - https://max.ru/id2374001187_gos 🔘ВК - https://vk.com/labinsk_smi
kondeykin01,channel,Kondeykin_group,400,Для тех кто танцует и их родителей   -ВИДЕО С ТРЕНИРОВОК  -Музыка для тренировок  -Одежда для тренировок  -Танцевальный материал  -Анонсы событий  -Важные творческие дискуссии  -Вся необходимая информация об индустрии танцев в коллективе и за пределами е
sdk1sdk,channel,Странствия Бондаренко,219,О странствиях по дороге жизни
pro_figureskating,channel,Про ФК | фигурное катание,39,Добро пожаловать в мир фигурного катания!  Здесь вы найдете:  ⛸️ Актуальные новости  ⛸️ Результаты соревнований ⛸️ Фотографии ⛸️ Объяснение правил ⛸️ Интересные истории и факты о спортсменах  Сообщество в Вконтакте: https://vk.ru/club235878802
verglava,channel,Сергей Кондратьев,39,Телеграм-канал главы Верещагинского городского округа Пермского края
kotan_stradaet,channel,Страдающее КОТАвековье.,56,"Жизнь без прикрас.  Смешно, матерно, грустно и жизненно - вам здесь точно не будет скучно! Заинтересовало? Тогда оставайся с нами!"
dmkondakoff,channel,Kondakoff,23,"Световые решения в области архитектурной управляемой подсветки, программирование и световая концепция в 3D. Продажа оборудования и программного обеспечения для светодинамических проектов."
leralogunovatut,channel,Лера Логунова Фитнес,19642,• Закрытый клуб: https://t.me/LLF_Club_Bot • Электронные продукты: https://t.me/LLF_Shop_bot • YouTube: youtube.com/@leralogunova • По вопросам по закрытому клубу: t.me/LLFClubHelp_bot
horror_perf_rf,channel,Хоррор квесты | Перф.рф,591,"Многие хотят больше узнать о наших проектах, актерах, фишках, локациях. До этого момента вы могли задать вопросы только после прохождения квеста, но сейчас мы решили это исправить!    Наш сайт: перф.рф Группа ВК: perf_rf TikTok: www.tiktok.com/@perf.rf"
sokollcrypto,channel,Sokol Crypto,4718,"➖ $2.5М на фьючерсах ➖ Стабильный доход на крипте – не миф  ➖Без випок, рекламы, казино и тапалок – только реальный профит  🫡Дарю ЛИЧНОЕ МЕНТОРСТВО НА МЕСЯЦ за подписку @sokoll_trade"
idealnoeteloprosto,channel,Идеальное тело PRO100%,220,Хотите забыть о болях в спине и суставах? Напишите мне @romanoff_alexey С помощью моих простых упражнений и рекомендаций измени свою жизнь и избавься от боли навсегда.
antifit_guru,channel,Антифит Гуру,831,📲 https:@antifitguru 🔞Честно о фитнесе и диетах ☝️Главное это здоровье 🤬Эфиры с матом 💪Тренирую 30 лет 📚Научный подход 🌏Клиенты по миру 👍Худею всех 🖥 https://antifitguru.ru 📱 МТС/WhatsApp/Viber  +7(988)5680093
whatiscemetery,channel,ars moriendi,3156,"проект «whatiscemetery» о петербургских кладбищах и не только est. 2021  книга «Некрополи Петербурга» (МИФ, 2025)  сайт проекта: https://whatiscemetery.com  для связи: hello@whatiscemetery.com"
samaracraft63,channel,Самара Крафт & Хмель и Солод,653,Информационный канал о пиве и не только САМАРА| 18+ Околопива🍺   *чрезмерное употребление алкоголя вредит вашему здоровью.
udivfact,channel,УФ!🤟 Факты,1007,"Вы попали на позновательно - развлекательный канал!!  Здесь вы найдёте разные удивительные факты, а также интересные новости со всего мира!!  общение - t.me/udivfact_chat  по всем вопросам @alixhey"
mifkmc,channel,МИФ 2026,630,
zarifa_samedova,channel,Мысли физика,507,"Здесь говорит естественный интеллект. Заметки физика, преподавателя МГТУ им. Н.Э. Баумана и РХТУ им. Д. И. Менделеева. Наука-это магия и я научу тебя ею владеть🔮 🔭🧐 доп. https://t.me/zarifa_kalem"
meffsaa,channel,mefss,386,лс - @mefffsaa
zemlyaxx,channel,Земля Женщин🔻Herstory🔻,752,"• Богиня, миф и женская реальность • Фем взгляд на женскую духовность  https://linktr.ee/Zemlya.xx  +18"
shoppershub16,channel,Shoppers Hub,16562,Welcome to Shopper's Hub 😊 We provide you best deals and offers💸  Be active in order to not miss any deal 😎  Contact @Shoppershub_bot if you want to share your loot pictures or have any loot query💁🏻‍♂️  Affiliate Disclosure: https://bit.ly/2X8cz40
msebexams01,channel,MSEB EXAMS™ ⚡️⚡️,2480,Follow👇  Discussion Group 👇 https://t.me/msebexams1  🔗YouTube:-https://www.youtube.com/@msebexams  GMail:msebexams@gmail.com  📱 @Assistant_Engineer_05
myborosil,channel,myborosil.com by Borosil,1442,Welcome to Borosil’s Official Telegram Channel!  Get early access to exclusive deals and offers on myborosil.com  Use code: 'LARAH100’ to avail ₹100 off on your purchase worth ₹999 or more on myborosil.com
momsszao2,group,"МАМЫ СЗАО | Щукино, Хорошево-Мневники 🌸🌸🌸",612,"Чат, сообщество мам Щукино, Хорошево-Мневники г. Москвы  По всем вопросам писать @regvaleria"
morisreals,channel,Коробка Ирисок,166,"А тут что-то писать надо? Ну я чисто ютубер, стример и класный челик Связаться с Морисом: @Morisrealbot"
selavpravde,channel,Святая Русь,8038,"Сообщество в поддержку русской культуры, традиционных ценностей, патриотизма, СВО.  No 4966098959  По сотрудничеству и реклама пишите:  @Daneel170795"
paygame_news,channel,PayGame,3199,PayGame.ru — ваш надёжный и безопасный маркетплейс для покупки и продажи внутриигровых ценностей 🎮  YouTube: clck.ru/3QNoy4 VK: vk.com/paygame Dzen: dzen.ru/paygame
valuesandorder,channel,Лукошко ценностей,792,"Канал Артема Земцова — об устройстве ценностей и норм в обществе, записки о социальных исследованиях и окрестностях. Еще (авто)этнография и русские пасторали  18+ Социолог, политолог Связь — @beingandtime"
severnoepodmoskovie,channel,Северное Подмосковье Недвижимость,172,
evgkrapivin,channel,Решала в психологии,496,"Блог Евгения Крапивина  Мои клиенты возвращают энергию, уверенность, растут в деньгах без откатов через работу с телом и мышлением.   Выбирай свой темп: быстро, но больно, или плавные изменения  Пиши 👉 @gvozdi_solomon"
vsevolodhacenko,channel,Всеволод Хаценко. KPI,254,"Конфиденциально, практично, информативно.  ✅ Авторитетный источник свежих идей и проф.советов  Эксперт социокультурных проектов  Менеджер в области ИИ и бизнеса  Психолог-консультант в гештальт-подходе  ✍️ По всем вопросам в ЛС: @Vsevolod_Khacenko"
raszvetschool,channel,РАСЦВЕТ🌸 ШКОЛА СЕМЕЙНЫХ ЦЕННОСТЕЙ,352,💫ДЕТСКИЙ КРУГ-РАСЦВЕТ СЕМЕЙНЫХ ТРАДИЦИЙ ВОКРУГ!  💛 Школа семейных ценностей ДЛЯ ДЕВОЧЕК 5-16 ЛЕТ: 🌸лагерь🌸продленка🌸подготовка к школе🌸дни рожденья🌸кулинарные и творческие МК  👇🏻 Записаться 👇🏻  [taplink.cc/raszvet]  Связь с нами 👉🏻 @schoolraszvet61
logovskoe,channel,Логовская Сыроварня,620,🍶 Производство молочных продуктов и сыров с соблюдением традиционных технологий 🏅 Народный знак качества 2023
bezbergya63chat,group,Чат Без бергә | Самара,899,"Наша цель - это единение самарской молодежи на базе традиционных ценностей, интеллектуальное развитие и просто качественное времяпрепровождение  Пишите в наш бот ➡️ @BezbergyaBot Афиша Без бергә ➡️ @bezbergya63 Поиск Без бергә ➡️ @bezbergya63search"
bonessportsrussia,channel,Bonés Sports,1437,ВКонтакте: https://vk.com/bonessportsrussia Сайт: www.bones-sports.ru  Производитель технологичных и стильных спортивных товаров достойных олимпийских чемпионов.
dostluq_rudn,channel,«Dostluq» Азербайджанское Землячество РУДН,665,Моменты нашего Землячества 💙❤️💚  ✅ Единственный официальный канал землячества «Dostluq» РУДН  https://vk.com/azerilerbirolun  https://www.instagram.com/dostluq_rudn?igsh=MTFvNnRkcnlnMGwzdw==
citati_uchenih,channel,Цитаты учёных,666,Канал посвящён публикации кратких и полезных цитат из трудов и лекций признанных учёных Сунны и достойных доверия обладателей знания.
olgagamburg_psy,channel,"Ольга Гамбург| больше, чем психолог",374,"Психолог   19 лет практического опыта.   Возвращаю тебя к себе, чтобы жизнь снова стала полна смысла, ресурса и достойных 💰  Помогаю расти в доходе запросто   По вопросам @OlgaGamburg"
globaleventone,channel,Конференция для производства,313,ООО Деловые ресурсы – единая платформа обмена информацией для предпринимателей.  • Участников 120+ • Спикеров 20+ • Круглых столов 10+ • Производственных отраслей 10+  📞 +7 (965) 108-28-81 ✍🏼 surenskaya2015@yandex.ru 🌐 https://vk.com/globaleventconference
cngei,channel,CNGEI Scout,480,Canale ufficiale scout CNGEI https://linktr.ee/cngei #scoutcngei #scouts Per info e collaborazioni: settore.comunicazione@cngei.it Problemi? help@cngei.it
edineniesibir,channel,Школа Отношений «Единение» в Сибири,91,"Информационный канал Школы Отношений «Единение» в Сибири  Здесь анонсы мероприятий Мастера Александра Волкова. Важные новости. Ценные эфиры. Посты и настройки, которые ну просто нельзя пропустить!"
tdgroupofficial,channel,ТД ГРУПП,125,Инжиниринговая компания по оказанию технической поддержки и сопровождению поставщиков и заводов-изготовителей в области атомной энергетики.  Наш сайт: https://tdgroup.ru/
sinelnikova_di_coach,channel,СТРАТЕГИЯ|УПРАВЛЕНИЕ|Диана Синельникова,99,"Рост прибыли через системное управление компанией и стратегическое планирование   Внедряю стратегии для малого и среднего бизнеса  Автор @Sinelnikova_di - стратег, предприниматель, люблю цифры и  людей,  свою страну и свою семью, горы и море"
osianecongo,channel,OSIANE 2025,40,"Salon Osiane 2024, 9e édition BONGWANA, sous le thème ""Transformons nos défis en opportunités ""- 13-16 Mai 2025."
ustagegroup,channel,USTAGE GROUP,63,Магазин Шоу-Техники в Санкт-Петербурге https://ustage-group.ru
arena_group_uz,channel,Arena Group of Companies,33,https://arenagroup.uz   +998 99 120-00-11 +998 99 130-00-11
mehmetperincek,channel,Mehmet Perinçek,365,Dr.
m4yotovna,channel,Переезд,320,
milana_khametova_ru,channel,Милана Хаметова ❤️ fan account,133,Фан страничка Миланы Хаметовой https://www.milanakhametova.com https://www.instagram.com/milanakhametova.ru
mambetovaad_tg,channel,mambetovaad,319,"обычная жизнь тату-художницы 💔 я, для связи — @mambetovaad 💔 больше татуировок в инстаграм — mambetovaad"
mediapetrova,channel,Медиапетрова,109,Археолог собственной души. Здесь - моя жизнь и щепотка рекламных коммуникаций ✨
legendpetrova,channel,~𝑻𝒉𝒆𝑴𝒐𝒐𝒏,56,Her home...🎀🧘🏻‍♀ Private : @LegendKatherine Unknown : http://AnoMessBot.t.me?start=MP18
merenkovagalimovteam,channel,Merenkova & Galimov official team,192,🤍 Официальный фан-аккаунт спортивной пары Вероники Меренковой и Даниля Галимова  🥇 Первенство России (старший возраст) 🥇 Финал Гран-при России (юниоры)
ivlevata,channel,Анастасия Ивлева • Tattoo Omsk,128,🪬Тату студия VIP tattoo  📍БЦ Гостиный двор проспект Карла Маркса 32  В этом канале вы найдите: 🖤 Свежее портфолио. 🤍 Актуальная информация. ❤️И конечно много котиков. 👉🏻👈🏻
gendalfovna_coven,channel,Gendalfovna,78,Книжное распутство и хулиганское искусство
mehmehweee,channel,catfish in the circus🦐,14,"Лс @gxgxgxg999 Продажа и создание значков на заказ в Перми , ну и небольшие арты от меня по приколу как и мерч💥"
velvetsnow_art,channel,Velvet Snow,37,FB: @velvetsnow
shelkovaa_banan,channel,#ɯᴇᴧᴋоʙᴀя🍓,235,Меня зовут Оливия Цель: 300 пд Начало тгк: 17 октября 2025 г.  Анон: @Vanichkinsssk_bot Буст: https://t.me/boost/Shelkovaa_banan Лс: @Shelkovaa_lelele Личный тгк: https://t.me/banana_livi
marmeladovaph,channel,MARMELADOVA,251,"лайф, фото и мармелад🧿 Инстаграмм: https://www.instagram.com/lizamarmeladova.ph?igsh=Mmo1cW5mcmN0OWhq Пинтерест: https://pin.it/7n1E8XHNV"
m_emeow,channel,Ⓜ️_ⒺⓂ️ⒺⓄⓌ ♊,168,
muldashevaa,channel,MUUULDAM⚔,314,user: @kz_mt19 insta: m.muldashevva vk: Zara Muldasheva  tt: muldashevaa  y.o 15
tvgvozdeva,channel,burberrydeer о жизни на красивом,123,Дневник ⚖️: • общественная деятельность в @mdkm_rf vs бизнес-ангел в проекте Мэра @businessinmsk • любовь к своим корням vs укрепление народного единства • тхэквондо vs «мягкая сила» • красиво одеться vs выйти «в чем спала»😅  Рассказываю истории❤️
sleepygoddness,channel,Фан-клуб Номи Нэ 🌐💤,31,"Я улал,ммав интерrxtsa fack || Тгк, который удалят через 2 дня"
bebrova_tt,channel,виртова бебра || поиск мью,43,info 1 закреп 🪷 mew post 2 закреп 🍰 не рп поиски и чистки anon @bebrovaanonbot 🫧
mielofonru,channel,Миелофон FM,80,"Тот самый эфир, который мы не забыли. Канал сайта mielofon.ru"
deadgensa,channel,генса тушенцова,88,генса в интернете - горе в семье мью/вп 0+ start 171224 не делаю - нарезки с видео
vetrovlives,channel,~𝑽𝒆𝒕𝒓𝒐𝒗_𝑳𝒊𝒗𝒆~🍌,18,"ТТ: https://www.tiktok.com/@vetrovmat?_r=1&_t=ZT-95WxkoYJ8F4 Макс: https://max.ru/join/O0hYkup0zMabOsysjVg6uzszUP7wx5Mdl7CJAegl6VU Анон: @vetrovlivesbot Буст:  https://t.me/boost/VetrovLives Мотя, Аркаша,Аня и Ваня❤️"
mecamufufa,channel,MeCaMuFuFaBu,32,"Меми, котики, музика, цікаві факти та просто красиве.  Використовую канал в тому числі для зберігання того всього.  Welcome!😜🤷"
mefqw_17,channel,меф 🐱,39,инфо: @infoseimef  юз: @k0ufuku_ke1
mpomerika,channel,прайс◞,1,вэпэ
bps_team_sup,channel,БПС,181,бюро пиздатых слэмов ☠️ По вопросам:  @KoTori_28 или @SC_Ilyusha551
pershisquad,channel,Big pershe’s club 🎪,644,Эквилибристы на першах💪Серебряные призеры фестиваля <<Без границ>>🏆 Мир цирка🎪и не только🔥
somuch1111111,channel,So much ⚡,283,"Жизнь профессиональных спортсменов как есть❤️🥊 Чемпионки и призеры России, Европы, Мира Будет интересно😎"
ondownfest,channel,ON DOWN | NA DNE,226,"ON DOWN | NA DNE — концерт, дающий новый глоток рок-сцене.  Купить билет — @vticketsrbot  ON DOWN — значит андеграунд!"
wwwpornhubdottcom,channel,Sucuriji,133,"✧⋄⋆⋅⋆⋄✧⋄⋆⋅⋆⋄✧⋄⋆⋅⋆⋄✧⋄⋆⋅⋆⋄✧ (движение ЛГБТ признано в России экстремистским и запрещено. Я не пропагандирую нетрадиционные ценности. Подписываясь на этот канал вы подтверждаете, что вам есть 18)"
bablkokoinovy,channel,helzy sell mk,90,макросы пк квм панда любой ФПС  баф фпса  туторы на настройку  лс @vestkiy
vityazpovarovo,channel,Топи за «Витязь»⚫️🟡,213,"Телеграм-канал хоккейного клуба «Витязь» Поварово  🏆 Чемпионы дивизиона «Лидер» ЗХЛ (2023/24)  🏆 Чемпионы Солнечногорского района (2015/16) 🥈🥈🥈🥈 Серебряные призеры (17/18, 20/21, 21/22, 22/23,24/25) 🥉🥉 Бронзовые призеры (2016/17, 2019/20, 2024/2"
ars_vogak,channel,Вожатый Арс,164,Студент РТУ МИРЭА
arvr3d,channel,Студия ARVR3D – разработка AR/VR/WebAR,32,"➖9 лет на рынке ➖Помогаем внедрять современные технологии в ваш бизнес  Наши клиенты: Газпром, Роскосмос, TELE2, Nissa eng, Sea-Cargo, EKF electrotechnica и другие.   Сайт: https://clck.ru/3A9rCJ Yt: https://clck.ru/3AF6pG"
veqru,channel,Век вендинга,165,Отраслевой портал о вендинг-бизнесе в России
vrmsu,channel,VR центр МГУ,123,Информационный канал центра виртуальной реальности МГУ имени М.В. Ломоносова  Наши ресурсы: t.me/vrmsuChat - Чат www.vr.msu.ru - Сайт vk.com/vrmsu - VK  В других сетях ищите @vrmsu Info@vrmsu.ru - написать нам
avtechno1,channel,AVTechno,31,AVTechno - компания-интегратор технических решений   16 лет на рынке 🟪 AV-интеграция 🟪 Video 360 🟪 AR/VR 🟪 Отраслевые решения 🟪 Автоматизация
vskstatarstan,channel,Татарстанское РО ВСКС,107,С нами ты сможешь: ⛑️  научиться оказывать первую помощь 📖  обучиться спасательному делу 👩‍🚒  выходить на дежурства в поисково-спасательные подразделения 📍 участвовать в крупнейших мероприятиях страны 👋 обрести новые знакомства и связи
miraviatop,channel,⚡️🟪 Top Miravia 🟪⚡️ 🤩 Chollos y cupones,785,⭐️ Cholloterapia.com
lucky_by_mira,channel,Байер Мира на связи/Lucky Concierge,177,"Я Мира - ваш персональный байер Нахожу, выкупаю, доставляю   Только оригиналы!   Выкупы из Европы, ОАЭ, Турции, США  Отзывы: https://t.me/buyermirazakazi  🛎️ @mmmmmmmmira"
meliorspb,channel,MELIOR - Салон Красоты⚜️,159,"Салон красоты бизнес-класса с медицинской лицензией, в самом центре Петербурга!   Администратор - @Meliorbeautyspb  Наш сайт  https://meliorbeauty.ru Онлайн запись  https://n703483.yclients.com/"
millennial_beauty,channel,Millennial Beauty,279,Инновации. Доказанная эффективность. Millennial Beauty – качественно новый уровень ухода за вашей кожей. millennialbeauty.ru  Связаться с нами: @millennialbeauty
info_maryryx,channel,info maryryx🫦,79,
millenniumspb,channel,Салон красоты Миллениум,23,"Салон красоты в Отеле ""Санкт-Петербург"". Парикмахерские услуги, маникюр и педикюр, массаж, SPA.   ☎️ 8 (812) 332-16-77"
milaportt,channel,ɑрхuв ოuлы,66,основной канал @milaa_zena
prokrasnodarnews,channel,PRO Краснодар | Новости и события,8580,"PRO Краснодар — только важные новости города! ✨  📢 Все самые свежие новости Краснодара с с изюминкой. Быстро, ярко и без цензуры — узнавайте, что происходит в городе прямо сейчас!"
amrita_wrestler,channel,Amrita Wrestler,342,Mixed Wrestling and Lift&Carry sessions 📩amritawrestler@gmail.com
armwrestlinglove,channel,Умелые ручки🦾,236,Канал про меня и мой прогресс в армрестлинге🤫
smyilee,channel,smyileee,144,Armwrestling
armwrestling_56_chat,group,Армрестлинг_56 Чат,171,
armwrestling_vlg,channel,Федерация армрестлинга Волгоградской области,107,Официальный канал ОО «Федерация армрестлинга Волгоградской области»  https://vk.com/armsport34
arm_street,channel,Arm_Street🦾,48,
fckairatacademy,channel,«Қайрат» ФК Академиясы | FC Kairat Academy,533,Официальный канал детско-юношеской Академии футбольного клуба «Кайрат»
nizhegorodets20082011,channel,Флорбольная команда «Нижегородец» | юниоры-дети,137,"Флорбольная команда ""Нижегородец""    Юноши 2008-2011 г.р.  Мальчики 2017-2020 г.р. Тренеры команды:  Китаева Мария Николаевна и Бульбаш Анастасия Сергеевна"
youngchampionnsk,channel,Юный Чемпион🐯⚽️ Футбольная школа,233,Телеграм-канал со всей важной информацией школы✅  🔹https://young-champion.ru/  🔹https://vk.com/youngchampionnsk  🔹https://instagram.com/youngchampionnsk?utm_medium=copy_link
volley23rus,channel,"ГБУ КК ""РЦСП по волейболу""",380,"ГБУ КК ""РЦСП по волейболу"" осуществляет спортивную подготовку на территории Краснодарского края и Российской Федерации и подготовку спортивного резерва для спортивных сборных команд Краснодарского края."
yfpcup,channel,Кубок Юных,124,Организация детских турниров по футболу.
yunnost1960,channel,ДХК «Юность»| г. Омск 🇷🇺,375,Клуб временно закрыт!!  Официальный телеграмм-канал  ДХК «Юность»  Выступаем в АХЛ 🏒  Бронзовые призёры чемпионата АХЛ сезона 2024/25 🥉  Спортивный директор клуба:  Гончаров Данила Русланович   Мы в Max: https://max.ru/join/wbmIF1v3OstV1o_Ck6xU56EP-xxccIM
duna_academy,channel,ДЮНА,298,"Новости и информация Детско-Юношеской Научной Академии DUNA ACADEMY, Черногория  Вопросы и предложения @PodlesnayaNatalia"
jftvarm,channel,Junior Football TV,124,juniorfootball.am
libkids51,channel,Библиотека на Буркова 30,171,Канал Мурманской областной детско-юношеской библиотеки имени В. П. Махаевой
fc_dallakian,channel,ФК ДАЛЛАКЯН КАНЕВСКАЯ,223,"Футбольный клуб «Даллакян» (Каневской район), выступающий в Первенстве губернатора Краснодарского края.  Четвертьфиналисты Кубка губернатора Краснодарского края 2024 года.   Победители Чемпионата МО Каневской район по мини-футболу 2025 года."
pervie_volodarsk,channel,Движение Первых| Володарск,122,"Я в движении! Мы в движении! Всегда в движении!!!  Вместе мы - СИЛА💪  Вместе мы - Класс 💫 Движение Первых,  Россия🤍💙♥️ Донбасс🖤💙♥️"
adaptiveboxingvladimir,channel,Руслан 13 Тринадцатый🇷🇺,648,
sergey_prohoroff,channel,Рукоборье Троицк (Life),154,https://vk.com/arm_trk
svyatoslavadidas,channel,Святослав Адидас,210,Святослав «Адидас» Степанов. Проф спортсмен. Боец лиги PRIME FIGHTING.
brysiya,channel,Brysiua💪🖕,142,Я начинающий армрестлер мне 15 лет чемпион Краснодарского края и призер )
nekach183,channel,"1,83 НЕ КАЧКА",114,
dnevnik_arm,channel,Дневник Arm-Вахтовика,133,🏆 Чемпион Волгоградской области по армрестлингу 💪В силовых видах спорта 3-кратный МСМК и 3-кратный МС. Стремлюсь к новым вершинам!  ВК группа - https://vk.ru/club234274990 Макс - https://max.ru/join/wxXtgcoLVA2wiXPuzXgIS_5wNpAYgbkdT--CtZmg5D4
alex_arm63,channel,Alex_Arm63,103,
pancration_by,channel,🇧🇾🥊АРМЕЙСКИЙ РУКОПАШНЫЙ БОЙ и СОВРЕМЕННЫЙ ПАНКРАТИОН,27,Информация по  развитию прикладных и спортивных единоборств в Беларуси и мире pancration.by@gmail.com pancration.belarus@gmail.com
sergeykrusherkovalev_bot,bot,Секреты старой российской школы бокса,,
magicpearl1,channel,НАТУРАЛЬНЫЙ ЖЕМЧУГ | ПО ОПТОВЫМ ЦЕНАМ,967,"🐚PEARL MAGIC - магазин по продаже натурального отборного жемчуга напрямую с фабрик по выгодным ценам! 🔥сайт для заказа: https://pearl-magic.ru 📦Доставка в любой город : СДЭК, Почта, Яндекс  ✅Для заказа и связи : @annet231195"
lunnyjolen,channel,Лунный олень. Авторская парфюмерия,304,Авторская парфюмерия из Иркутска🌜🦌  По вопросам и заказам пишите: @Wild_mystery  🧡Группа Вконтакте: https://vk.com/club93385378  🧡Ярмарка Мастеров: https://www.livemaster.ru/clubofmymystery  🧡Ozon: https://www.ozon.ru/seller/871736
oro_by,channel,ORO,271,Официальный канал сети ювелирных салонов ORO. Стиль и мода. Ювелирные тренды. Эксклюзивные коллекции и новости от ORO.  Сайт: https://oro.by/  Instagram: https://www.instagram.com/oro_by/ По всем вопросам пишите в: @OROsales_bot
plutovpn,channel,Pluto,55,🍩با پلوتو اینترنت آزاد را تجربه کنید  📞فروش انواع کانفیگ بر بستر V2ray  ارتباط با ما: @Pluto_Sup
venavi_jewelry,channel,Venavi,70,"Venavi- это бренд ювелирных украшений, созданный геологом.  На этом канале буду показывать опалы из наличия. На канале https://t.me/opalnye будут разные истории По любым вопросам - пишите мне @babawka"
goldengala,channel,Голденгала,152,"Всем привет. Меня зовут Галина, я основатель бренда Goldengala Рассказываю о новинках и новостях моей компании, и просто поболтаем 🤗.  Сайт:  https://goldengala Озон: https://ozon.ru/s/goldengala Вб: Goldengala https://www.wildberries.ru/seller/1363429"
pearleo,channel,kit’1 channel,39,NEW Content Creators  Mrp — 10+ 1st owner — @kit1x1
vezhin_perfume,channel,Vezhin_perfume,89,"Личный канал парфюмера. Создаю и продаю духи, а не слова)"
palomajewelry,channel,Paloma Jewelry™,12,Jewelry shop
materiallly,channel,"SPIRASOL ""material""",39,Order : @mohv_dh
waterpolomoscow,channel,Waterpolomoscow/Союз водного поло Москвы,560,Московское водное поло. Московский спорт.   https://vk.com/waterpolomoscow
balakandrei,channel,Андрей Балакирев | Водное поло,952,Мой личный канал о жизни и спорте✅ Inst: balakandrey
wptorpedo,channel,"ВК ""Торпедо""",348,"Фан-страница клуба по водному поло из Москвы. Информация о школе, ссылки на трансляции, достижения воспитанников."
vasyugansky,channel,Заповедник Васюганский,273,В канале публикуется информация о заповеднике «Васюганский» и заказнике «Кирзинский»
briz_nsk,channel,БРИЗ Новосибирск | водное поло и плавание,205,Плавание и водное поло для детей и взрослых  Полезные рекомендации  Основатель клуба @olesyaplotkina Сайт https://skbriznsk.ru
rechnoyfleet,channel,Речной вокзал,211,Водное подразделение Адель Аэро⛵️ г. Москва https://t.me/adelaeroru  Магазин:  https://adelaero.ru
ewo_com,channel,ЭВО- эксклюзивные водные объекты,109,Практический курс по строительству водных сооружений https://эво.com и всё о строительстве водоёмов.
saffronunion,channel,اتحادیه صادرکنندگان زعفران خراسان رضوی,668,
safronovsega,channel,SAFRONOV на PS5,649,Этот канал для всех фанатов Playstation и Xbox. Не забудь быть подписаным на Youtube канал : https://youtube.com/@safronovsega?si=RKSXJqZvYM6iMje0  Нашел интересную новость ? Кидай в предложку : https://t.me/safronovsega?direct
kalinissses,channel,кольчуга,1114,По рекламе / сотрудничеству @arny_agent ; @safron_manager
safronovybrothers,channel,Братья Сафроновы,1049,Братья Сафроновы - Иллюзионисты №1 в России | Safronovy Brothers👇🏻  safronovy.ru/tg - Главное Мега-шоу | Билеты + Промокод только на официальном сайте  safronovy.ru/spb1 - 4 дня в СПб
safronovprofi,channel,Магистериум,473,Как на самом деле устроена наша реальность и как получить в ней безграничные возможности?   Авторский канал Андрея Сафронова: @drsafronov  Доступ в закрытый канал: https://onlinesafronov.ru/tg_kanal
saffron_king_business,channel,زعفران کینگ بیزینس کمپانی,109,عمده فروشی زعفران، صادرات زعفران، شرکت زعفران کینگ بیزینس و شرکت الماس زعفران جهان Saffron King Business Company & Almas Saffron Jahan Company www.Saffronkiing.com
safronova_v_v,channel,Ваш доктор Сафронова Виктория 🦷👄,228,"Со мной Вы узнаете, что хирургия совсем не страшная 😊 А врач может быть добрым, заботливым и веселым! 🙂 •Веду стоматологический прием с 2013 года.  •Имплантация, хирургия, пародонтология.  •Установила более 10.000 имплантатов  @Doctor_SVV"
suesdance,channel,scwྀིwgf,231,бот - @suewcnctbot
saintsatine_news,channel,SAINT SATINE,1135,"💿первый канал по новой глобальной группе Hybe и Geffen - SAINT SATINE  участницы: лекси , эмили , сакура , самара  по поводу вп писать: @preludevp  Subscribe for more!!"
vallturkk,channel,𝒗𝒂𝒍𝒍𝒕𝒖𝒓𝒌🫀,485,Мир турецких сериалов❤️‍🔥  Покупка сс: @ccvallturk Для связи: @Katerina_yud По вопросам оп/вп @rittaaa_a
safronovbogiart,channel,safronovbogiart / tattoo / art,330,@safronovbogi - для связи
sasavrotsmp,channel,SASAVROT SMP,46,САМЫЙ СЕРЬЕЗНЫЙ СЕРВЕР В МАЙНКРАФТЕ С САМЫМИ НАСТОЯЩИМИ ИГРОКАМИ
federalunion1,channel,𝙁𝙚𝙙𝙚𝙧𝙖𝙡 𝙐𝙣𝙞𝙤𝙣 𝘾𝙃𝘼𝙉𝙀𝙇,535,-𝙁𝙚𝙙𝙚𝙧𝙖𝙡 𝙐𝙣𝙞𝙤𝙣 جایی که شنیده شدن، مهمتر از دیده شدنه🦅 owner Union : @abolnexor
uasrt8,channel,اتحاد الطلبة العرب في جمهورية تتارستان,812,القناة الرسمية للاتحاد على تيليجرام.  - Официальный Канал союза арабских студентов РТ.  - اتحاد الطلبة العرب منظمة طلابية اجتماعية حرة لا تتبع لأي تنظيم أو حركة سياسية، و هو مبني على أساس العضوية المفتوحة.
shadrin_26,channel,Даниил Шадрин #93,39,ФК Южный Фронт #26 г.о. Солнечногорск (Мини-футбол 8x8. 2025г.)  ФК СССР #93 г.о. Солнечногорск  (Мини-футбол 8х8. 2026г.)
info_italianbooks,channel,𝗜𝗡𝗙𝗢||𝒊𝒕𝒂𝒍𝒊𝒃𝒐𝒐𝒌𝒔,18,
altufevofan,channel,al2fiction,37,
smmbox_com,channel,SmmBox,385,"SmmBox — это сервис отложенного постинга, который не только опубликует посты в ДЕСЯТЬ соцсетей, но и поможет найти контент, а так же соберёт аналитику.  👉 https://smmbox.com"
smmwolfix,channel,SMMWolFix Announcement,135,SMMWolFix Is The World's Best And Cheapest Social Media Smm Panel For Resellers  Get news and anouncement from  smmwolfix.com
rffka_testimonss,channel,𝐑𝐅𝐅𝐊𝐀_𝐓𝐄𝐒𝐓𝐈𝐌𝐎𝐍𝐒𝐒,72,╭─〔 𝐀𝐥𝐥 𝐓𝐄𝐒𝐓𝐈 𝐑𝐅𝐅𝐊𝐀  〕 │       │ 𝐒𝐞𝐦𝐮𝐚 𝐛𝐮𝐤𝐭𝐢 𝐭𝐫𝐚𝐧𝐬𝐚𝐤𝐬𝐢  │ 𝐚𝐝𝐚 𝐝𝐢𝐬𝐢𝐧𝐢. 𝐍𝐚𝐤 𝐛𝐮𝐲 𝐩𝐯      𝐂𝐨𝐧𝐭𝐚𝐜𝐭 : @RFFKA_OFFICIAL
m22labschool,channel,M22 channel - Media 22 SMK Labschool Unesa 1,55,M22 channel - Media 22 SMK Labschool Unesa 1
smmreflex,channel,SMM Рефлексия,48,"✔️Канал о SMM-продвижении, трендах и полезности для начинающих.  С вопросами о сотрудничестве ▶️ @TattiD"
smaselfempowerednet,channel,SMA Selfempowered,32,Infokanal von SMA Selfempowered
grft36,channel,Граффити Воронеж,278,"Граффити, стрит арт и уличное искусство города Воронеж. Официальная телеграм версия сообщества ВК ""Граффити Воронеж"" Для связи лс канала."
lolpy_art,channel,лолпи🫐,301,"Выкладываю арты и видео в качестве получше, а также щп в виде скетчей  ТТ: @lolpy_art"
zxafoxaxz,channel,◉〖 ⲗυⲥья ⲏⲟⲣⲁ 〗◉,245,"— На канале присутствует как творчество, так и множество щит постов. 🦊"
fatimasuite,channel,Fátima Solène,250,
figvons,channel,Дайте успокоительное Вонс,91,"Архив снимков личной коллекции, лепных фигурок с работы и не только  канал артов  https://t.me/DVons (16+)  Автор лев, не забываем"
art_ravenn,channel,RavenArt🐦‍⬛,113,🐦‍⬛ Raven Art 🎨 Sketch • Create • Inspire http://t.me/HidenChat_Bot?start=1910030176
volann_shitpost,channel,Воланий оффтоп (и пение),13,основа @volann_art
revosyan,channel,Жизнетворение,66,"Авторский канал певицы, вокало-терапевта и наставника по работе с голосом Надин Ревозян"
nekrin_69,channel,•Nekrin›ᶻ 𝘇 𐰁,57,"Йоу, это ФурриФембоТрансрГеяЛесбиГача канал   Анон-https://t.me/anonimqbot?start=kmtafn  ВиксенЛучший💨"
larieltaeron,channel,❈༺ 𝓔𝓵𝓯'𝓼 𝓵𝓪𝓲𝓻 ༻❈,18,Анон — @LarielTaeronbot Точка — @Fleetway_HD Фб — Fleetway_HD
gold3oon,channel,Goldoon,50,حرفه ای نیستم فاز نگیرین🙏🏽
phailinart,channel,Фейлин ✨,28,Привет! Я Алися/Феля Арт-статус: ✨Коллабы- открыты ✨Трейды-открыты ✨Коммишки-мжтбыть ✨Реквесты-иногда рисую
twoomoonns,channel,Two moons🌙,17,Hiiii~🫧
matintahernia,channel,A boy love Art,309,🕯آقا یه توت ما رو نجات داد🍓
mrsonwalofficial,group,Bhupendra Singh Sonwal,41,
maisvn_portfolio,channel,Портфолио MAISVN,12,"Здесь можно ознакомиться с примерами работ, которые я сводил"
mndrnews_bot,bot,Зворотний зв’язок,,
avelano_bot,bot,Avelano,,
carronlugon_bot,bot,Carron Lugon,,
fargolsunknownbot,bot,-Fargol🫗,,
music19244,channel,أُغـنـيـة 🩷,2,مُكان خاص للاغاني ..
m1lweed_bot,bot,анон милвид,,
gradientanon_bot,bot,Анонимка Grad!ent,,Канал Grad!ent’a - https://t.me/gradientmus
eclindanon_bot,bot,𝓔 clind 𝑎𝑛𝑜𝑛,,
newsonliner_bot,bot,onlinerrobot,,
winkledisp_bot,bot,winkle anon,,
risonyabotbot,bot,Ризона Анончик,,
glentys_bot,bot,𝙶𝚕𝚎𝚗𝚝𝚢𝚜 anon,,
radarvrn_bot,bot,Vector,,
zaiyunduan1617bot,bot,深圳98,,
bunt14_bot,bot,Бунт 14,,
kerrderousanonnbot,bot,Kerrderous anon,,
mseedsbot,bot,Seeds,,
megogobooksbot,bot,MEGOGO BOOKS | Support,,
classic_game_iran,channel,𝐶𝐿𝐴𝑆𝑆𝐼𝐶 𝐺𝐴𝑀𝐸,79,🌟چنل اصلی  @classic_game_iran 🥷🏻چنل جنگ @Classic_game_war 🛍️چنل شاپ @classic_game_shop 💬گپ @Classic_game_gap ℹ️اینفو @info_games_j ⚖️چنل قوانین @classicgamerule
truefightcommunity,group,TrueFight 💬 Community,305,
gitcg_generals,channel,Турнир Генералов v2,78,
chaoswargame,channel,Chaos War (RU),80,
tqtqjwtjtwjtwjwjtwjtwjwtjwt,channel,Movies tamil nadu,182,Share this to all you can new release movie in tamil
fightcruz,channel,FIGHTCRUZ,88,@Millaev  Писать только по делу ❗️
kubernat,channel,KUBERNAT,39,"Аниматор, Монтажёр, Художник.  Бустач: https://boosty.to/kubernatt  Вторая телега (щитпостинг): https://t.me/Kakashki_Kubernat"
defendersclan,channel,DEFENDERS,56,Официальный Telegram-Канал Клана DEFENDERS!  Будут новости Клана и авторский контент с интересными постами и полезными фишками!  Связь с Клан-Лидером @Vit3kk  Телеграм-Группа @DEFENDERSgrp  Youtube-Канал https://www.youtube.com/@iVit3K
originalkillfight,channel,𝐊𝐈𝐋𝐋𝐅𝐈𝐆𝐇𝐓,17,
animechanelchat,channel,Скачать Аниме Магическая битва.,7,
casebattle,channel,Case-Battle 💣,15,
catsxwarbot,bot,CatsXWar,,"Cat warriors, epic battles! ⚔️ Defend & conquer in cutest TON tower defense!"
sea_battle_tanpin_bot,bot,Морской бой Tanpin,,"Морской бой - вперед в увлекательные путешествия по морям, найти сокровища и новых друзей @sea_battle_tanpin"
muchi_storee051,channel,muchi_storee,1032,Только оригинальная и проверенная продукция✅   Привезу практически любую вещь под заказ🚚   UKRAINE/KHM RESALE 💯  Отправка по 🇺🇦/🇪🇺  Отзывы: https://t.me/muchi051_feedback  Основной админ: @ihatecards  Второй админ: @PredvestnikSwagi
z7ikedithub,channel,Z7IK EDITS HUB,462,"Welcome to Z7IK EDITS HUB 🔥  Here we do: • PFP, Outro, Wm Races 🐐  • Giveaway's 🎁 • Free Edits, and much more..."
konivuprazke,channel,Кони в упряжке ( ПФК ЦСКА ),1210,"Реклама/сотрудничество @Event028 @Evgen183517    Наш канал в Дзен: https://dzen.ru/id/696208032b25664038df0a41  Все новости футбольного клуба ЦСКА, и авторское мнение по ним. Ждём всех, подписывайтесь!❤️💙"
cska_moscva,channel,ПФК ЦСКА МОСКВА | СООБЩЕСТВО ФАНАТОВ,1026,Подписывайтесь на уникальный контент про наш любимый клуб!   @KrAsAv4iKc  Спортивные каналы РФ 👉 @rplprice
cskanews_ru,channel,ЦСКАНЬЮС.РУ,635,Новости ПФК ЦСКА в Телеграм https://cskanews.ru
botevplovdiv1912,channel,Botev Plovdiv,534,Официален Телеграм канал на ПФК Ботев Пловдив | Official Telegram channel of FC Botev Plovdiv
bsc_krasnodar_umr,channel,ПФК «Краснодар-ЮМР»,392,Официальный Telegram-канал ПФК «Краснодар-ЮМР» 🟧⬛️  С 2022 играет в Кубке России. С 2023 года выступает в Чемпионате России.  Сайт: https://bscumr.ru Почта: info@bscumr.ru YouTube: bsc_krasnodar_umr Вконтакте: vk.com/bsc_krasnodar_umr
chelestiniteame1911,channel,Команда Игдисамова | ПФК ЦСКА,365,⚡️Канал про самый лучший в мире клуб - ПФК ЦСКА🔴🔵. Здесь мы будем прославлять великие цвета❤️💙.  Для связи и рекламы — @Dima_Polivanov Чат — https://t.me/chelestiniteam
cskabelgorod,channel,Записки дилетанта&ЦСКА,443,Мнение и новости о ПФК ЦСКА и РПЛ.  Связь с админом @Sanych0022
armynewsletter,channel,Армейский Вестник | ПФК ЦСКА,301,"🚨 Все о ПФК ЦСКА: свежие новости, трансферы, эксклюзивные интервью, интересные факты, аналитика матчей и жизнь любимого клуба! Присоединяйся к красно-синий семье ❤️💙  📲  Для связи - @Danil32123"
fccskamoskow,channel,ПФК ЦСКА Москва / CSKA Moskow,548,В сердце❤️клуб всегда один – ЦСКА непобедим!💪  📲Менеджер: @albertsports  💰Прайс: @reklamafootballru
pfckubanmedia,channel,ПФК «Кубань-Медиа»,236,"ПФК «Кубань-Медиа» - медийная футбольная команда из Краснодара, организованная в 2024 году совместно с профессиональным футбольным клубом «Кубань», выступающим в LEON-Вторая лига А.   Первая Лайт Лига LFK - 🥈 Высшая Лайт Лига LFK - 🥇 Пятая Лига LFK - 🥉"
in51d3_mu51c,channel,Inside Music,148,
metroshikchat,group,Метро дрочеры 🥵,67,"канал - https://t.me/metroshik11  три правила чата: не спамь, не рекламируй, не начинай политику, иначе иди нахуй"
nesoshnesstime,channel,tg:nonsolid,6,
armyhelperbot,bot,ARMY_HELPER,,
cskammunity,channel,CSKAmmunity,526,"CSKAmmunity — зона для истинных армейцев, желающих не упустить ни единой новости и информации, связанной с любимым клубом.  Аналитика, инсайды и мнения — всё, всё, всё про ЦСКА.  Для связи — @furcelyus"
tribunacska,channel,Только ЦСКА. Матчи и трибуны🔴🔵,483,Фото и видео с матчей Армейцев ⚽️🏀🏒  #ЦСКА Хроники ФонбетБара  Связь со мной в сообщения в канале или tg. @cskaleks
olls_cska,channel,ОЛЛС | ЦСКА,155,"Канал для тех, кто ценит великую историю Армейцев и верит в их сегодняшнюю силу."
cskamoskva_ru,channel,Центральный Спортивный Канал Армейцев (ЦСКА),71,Здесь всё про армейцев и не только   Подписываемся и заходим на наш сайт cskamoskva.ru 😉  По всем вопросам обращаться: @vesna_cska
dvakoniacska,channel,Два Коня ⋆ ЦСКА,63,Канал-блог двух Армейцев - Дмитрия и Дена (Коня-Мясоеда @DJazzoff и Коня-в-Берете @LarinDen)  Наши личные каналы: @DJazzoff_CSKA @SquareSense @VideoWalk @Kon_V_Berete  YouTube.com/@DvaKoniaCSKA
a1a_ska,channel,A,745,По всем вопросам @AEcentral
ska_vetdiet,channel,Vet derm diet🐾,346,Для записи @dr_vet_kseniya
skadura,channel,sk,1532,
cskakiev,channel,CSKA Kyiv Supporters,687,
bsc_cska_2,channel,Пляжный ЦСКА-2 | ЦСКА-М,410,☑️ Официальный Telegram-канал ЦСКА-2 и ЦСКА-М ❤💙  🔗 Главная команда – @cskabeachsoccer 🔗 Академия – @bsc_cska_academy  📝 По всем вопросам – info@bs-cska.ru
cybergahcom,channel,Cybergah,2474,Cybergah Telegram Kanalı  cybergah.com cybergah.com/forum/  TG Kanal :     @cybergahcom TG Sobet :     @cybergahsohbet X               :     cybergahcom TikTok      :     cybergah YouTube  :     cybergah
mi_cska,channel,Мы - ЦСКА,23,
pravdafightingtg,channel,PRAVDA BOXING,1134,Pravda Old school boxing
boxingmanej,channel,MANEZH BOXING,86,MANEZH BOXING 50 ЛЕТ НЛМК 17   📞 +7 910 354 9830  📞 +7 920 546 4561
saddoboxing,channel,Saddo Boxing News,1447,All the latest Boxing News.
mchsboxing,channel,Ассоциация бокса и рукопашного боя пожарных и спасателей,113,
boxing12x3,channel,12x3,1345,"Авторський телеграм-канал Андрія Розанова про бокс, єдиноборства і не тільки  Для зв’язку – дірект або rozanov@tribuna.com"
treneraga_serial,channel,ТРЕНЕР АҒА СЕРИАЛ ЧЁРНЫЙ ДВОР 2🍿,1093,
backyardradio,channel,Backyard Radio,729,Backyard Boxing & Workout — сеть атмосферных залов для занятий боксом и функциональными тренировками в Петербурге.  Bkyrd.ru Instagram.com/backyardspb
tturgatmma,channel,Timur Turgat MMA,171,Профессиональный боец🥊  Про рекорд 3-3 🤼‍♂️  Тренер 🥋  Связь в лс @tturgat ✅
boxinggirlpguorprim,channel,Женская сборная по боксу Приморского края «ПГУОР»,293,
drozdboxingmuaythai,channel,Школа единоборств Григория Дрозда,75,
boxingnews24,channel,Мировой Бокс 🥊 / Новости бокса,446,
digoraarm,channel,Digora Arm-Team💪,178,https://t.me/+u97TkQS3TBRmYmEy - чат для обсуждения
sduultras,channel,DAWGS SUPPORTERS,189,Один за всех и все за одного! Связь: @dawgs_supporters
cachangateam,channel,🥇🥋Cachanga Team🥊🏆,443,"ТРЕНИРОВКИ ДЛЯ ДЕТЕЙ И ВЗРОСЛЫХ ПО ДЖИУ-ДЖИТСУ, БОКСУ, ТАЙСКОМУ БОКСУ И ПР. ГЕРМАНА ТИТОВА 4, ХИМКИ https://taplink.cc/cachangateam"
rumyantsev_crypto,channel,Fomox,2404,Реклама и сотрудничество: @rumyantsev_maksim  Чат: @rumyantsev_crypto_chat
rumyantseva_lab,group,«РЕФОРМА 2.0» аппаратная косметология,552,"Аппаратная косметология с доказательным подходом и авторскими протоколами @rumyantseva_dary Дарьи Румянцевой  BBL, SMAS, RF, фракционная мезотерапия, уход, микротоки, кавитация, вакуумный массаж, скульптурный массаж лица 📍Москва"
art_rumyanec,channel,РУМЯНЕЦ,2438,"Привет, меня зовут Ника.  Это мой творческий проект. Провожу  цветочные мероприятия , посещаю ваши ❤️ И все это фотографирую 📸   По всем вопросам: @nika11288"
karantaev_vladimir,channel,Vladimir Karantaev/personal channel,370,"ICSCyberSecurity | Embedded systems security | On-chip security | Product management | Digital Transformation | Ph.D. | MBA | Expert in CIGRE&IEC  Это личный канал, в котором я выражаю свою личную экспертную точку зрения!"
rumyantsev_maks,channel,Макс Румянцев,150,
rumyantsev_crypto_chat,group,Fomox's Chat,140,x.com/0x_fomox
nadi_rumyantseva,channel,Петербург сквозь объектив,116,"🎥 Канал о Санкт-Петербурге и Ленобласти: красивые виды, фотопрогулки и репортажи о жизни города. Фотографии и видео, рассказывающие о жизни города, его архитектуре, природе и культуре.  Для рекламы nadi@emb.pw"
anna_rumyantseva97,channel,Это Румянцева,394,"🔹Депутат Совета депутатов муниципального округа Красносельский ЦАО г. Москвы  🔹1-й заместитель ИС МО Партии ""Единая Россия"" ЦАО г. Москвы  🔹Член Молодежного парламента при Московской городской Думе"
rumyantseva_inna,channel,🌿РУМЯНЦЕВА 🌿 архитектура и дизайн загородной жизни,34,"Проектирую загородные дома, интерьеры, участки"
yantruntsev,channel,Ян Трунцев,295,"Как построить карьеру в медиа с нуля, работать со звездами и брендами  Рубрики #продюсирование #что_посмотреть #психология #похудение #питание #спорт #мысли  Обо мне: https://truntsev.agency/truntsev-yan. Связь: @yan_truntsev"
fcrd2023,channel,ФК «Русский Дар»,158,Футбольный клуб «Русский Дар» (г Волхов) созданный 12 июля 2023 года 🐝🖤💛  Связь осуществляется через «Сообщения каналу» за 3 звезды
fcrelita,channel,Relita Wolves!,94,
omegavrstudio,channel,OMEGA STUDIO,31,
briefgrief13,channel,бедокурая briefgrief,29,"картинки, фото, жизнь-болото (!иногда проскакивают штуки 16+)  всегда ваш, достопочтенный страж у врат в царство Морфея☁️🌙🎻"
fcoberhof,channel,FC «Oberhof» - Germany.,7,gutentak
stitchstars_bot,bot,Stitch Stars | Бесплатные звёзды 💫,13072,⚠️ По поводу рекламы - @sryota  ✨ Наш чат - @stitchstarsc  🔔 Наш канал -   Выплачиваем только странам СНГ!
kabaknemesis,channel,кабак Nemesis'a,264,Связь - @nemesisqqx Team  Founder - @v8xtech
rezsmurfan1,channel,я смурф,612,
madcompanynew,channel,𝗠𝗮𝗱 𝗖𝗼𝗺𝗽𝗮𝗻𝘆 | MadOut2 🪻,1081,"🔥MadCompany — блогеры MadOut 2!  • сходки, ролики, рубрики; • MC Squad; • «Доброе утро» (присылай скрины в сообщения канала); • чат и YouTube; • призы и промокоды. • реф. код- MadCompany   Подписывайся — поехали!💯🎉"
cryptoreferalchatt,group,Crypto Ref Chat (Реф),635,🔥 Правила чата:  1. Оскорбления участников запрещены.  2. Пиар любых тг каналов запрещён.  3. Обсуждение политических тем запрещено   1️⃣ Наш канал: https://t.me/+ZgSMnR0V5HNmZGFi 2️⃣  VIP Чат: https://t.me/+xBD-eUEJvEAwM2Ey 3️⃣ Админ: @crypthelper
casinovipchat,group,КАЗИНО ЧАТ | VIP |,805,"Вип чат - тут собраны только избранные , реально зарекомендовавшие себя игроки 🔥  🔻ЗАПРЕЩЕНО В ЧАТЕ🔺 🚫1. Реклама(ссылки) 🚫2. Попрошайничать. 🚫3. Продажа 🚫4. В ЛС не Зазывать  🚫5. Реф ссылки и промо"
jxodonuu,channel,тосты тостер,428,"Я — обычный тостер с питанием от электросети, предназначенный для поджаривания кусочков хлеба /реф"
diantusus,channel,Уголок Диантхуса/Diantusus,238,творческий канал    Личка @Dianshella предложка @pred_kamney_bot Реф Диантхуса https://t.me/diantusus/2140
ref_alkali,channel,Щ+РЕФ,129,Секретный канал о курсе РЕФ [ревитализация естетической функции] в школе дизайна Щёлочи
minorliten,channel,Минор чёрный 🫀,152,Днюха 23.02 Реф https://t.me/minorliten/709
kadzee_oi,channel,📼 kαⲇִⳅꫀׁׅꫀׁׅܻ݊. ⛓️‍💥,93,
kavethaminf,channel,KAVETHAMDAILY info,32,
kaedebts,channel,unfaithfulmusician53,15,https://t.me/dr_behindthescenes
kaelukdaily,channel,kaeluc daily,10,
kladbishekoshaka,channel,—Кᴧᴀдбищᴇ Кᴏɯᴀᴋᴀ.,24,—Glory to the spawn.
kadzitg,channel,Посольство Кадзистана,33,https://t.co/IKa8wXLgvU
kvd551,channel,Школа квадроберов,2,
krrdtkskt,channel,Kᴇrrᴏdᴇᴛᴋᴀ🐈‍⬛,5,"Vᴀliᴇvᴀ, Shᴄhᴇrʙᴀᴋᴏvᴀ, Pᴇᴛrᴏsyᴀn ᴛᴇᴀʍs  🎞️ и ʙᴄᴛᴩᴇᴛиɯь ᴛы, ᴋᴏᴦдᴀ нᴇ ждᴇɯь  И ᴏбᴩᴇᴛᴇɯь нᴇ ᴛᴀʍ, ᴦдᴇ ищᴇɯь  Обо мне, о любимых🕊️"
whokanches,channel,DARK PLAYER,1,
skelekksme2792eksksjlsnsdlmskss,channel,Торд Эддсвфорлд🤍,1,
wordandtruth,channel,sf,1,efdsfs
profinerus,channel,профайн РУС,686,"«профайн РУС» – один из ведущих производителей ПВХ-профиля для окон и дверей.   - З бренда: KBE, KÖMMERLING, Knipping - 2 завода: Воскресенск и Хабаровск.  Мы в Макс: https://max.ru/id7707131508_biz  Присоединяйтесь!"
letovosportteam,channel,Letovo Sport Team,1711,Официальный канал ШСК «Фениксы» школы Летово. Все самые важные новости кафедры спорта 💪🏻
damcmsu,channel,DAMC,92,Канал кафедры прикладной механики и управления МГУ                                                      http://www.damc.ru/
dahmedalialghooli,channel,اللجنة العلمية المركزية معهد جامعة عمران للتعليم المستمر,283,🖐️مرحباً بكم في قناة اللجنة العلمية المركزية معهد جامعة عمران للتعليم المستمر......
crystallography_spbu,channel,Кафедра кристаллографии СПбГУ,458,
facultyofff,channel,факультет | студенческие тусовки,192,по всем вопросам в лс канала   следите за анонсами!
dotaflowupdates,channel,DotaFlow Updates,491,News: https://t.me/DotaFlowNews
neotelecom70,group,Неотелеком Томск,820,Мультисервисный оператор связи в Томске Техподдержка: +7 (3822) 710-710 доб. 3 helpdesk@neotelecom.ru
cg3dchat,group,CG 3d Stock,5210,📋 · t.me/cg3dchat/1044
chair_eth,group,$CHAIR (Erc20) - Main group,162,Chair is a movement. Our movement.  0x2801F7B84a0a71495B39eba4F614fef1f2562fB9
chair_and_chips,channel,Рест — Guiqu | Ґуїку 🤍,279,"— Не несу ответственность за нахождение детей здесь. — Рисую штучки, люблю эльфов и аниме девочек. — Не репостить без ссылок на меня.  💜 Читайте закрепы 💜"
psychology_chair,channel,Два кресла и торшер | Психология,292,За кулисами психотерапии.   Для связи: @yudina_maria_psy @Anastasia_Self  Запись на консультации ⬇️ https://psychology-help.ru http://selfcenter.ru/
chaitgk,channel,ЧАИ в тгк,410,"""Архитектор на бегу"" или как успеть все и сразу)  Тут будет про жизнь архитектора, который пытается не потерять чертежи среди единорогов🦄"
tonggi_xayrli,channel,ТОНГГИ САЛОМЛАР ВА НАМОЗ ВАКТЛАРИ,1266,
tmodesari,channel,موسسه طراحان مُد ساری,90,💠آموزش تخصصی طراحی لباس 💠آموزش تخصصی الگو دوخت(خیاطی)  🔅برای مشاوره و دریافت اطلاعات دوره ها  با ما در ارتباط باشید:  @tmodesarii
tasyastrikesagain,channel,тася,52,гепардиха
teesoner,channel,TEESONER.INDAHOUSE,59,style  @tesoneer
nedayaseri,channel,Neda Yaseri Music,46,Music
tenari,channel,Tenari’s teahouse,35,А что здесь писать
teeskiss,channel,техасская резня,32,
tierimusic,channel,Tieri music,8,
teapartyyay,channel,Чаепитие Дейзи ☕️,36,"★ Рисунки, эдиты, озвучки и другое."
creative_koma,channel,Сreаtiv4ik коmы,16,арты в Коме☠️
mpsosisoncekkk,channel,Сосискин прайс,4,Хехехехехехе…..вэпэ эхэххээхээххэ………
ohhcorey,channel,"Ohh, Corey|inf|post",12,Обо мне чуть-чуть
wowowopsneiwo,channel,Тесса,2,
fixka01,channel,Фихка в поисках логики,120,"Правила в закрепе, обязательны к прочтению."
ficfulii,channel,ㅤ ࣪ ۪ 𝖾𝗍𝖼𝗐𝗈𝗈𝗌𝖺'𝗇 𝖿𝗂𝖼,154,𝜗𝜚 𝖿𝗈𝗋 𝗁𝗈𝗆𝖾 𝗁𝗂𝖽𝖾; @erinfictionbot  💢.
ant1kacs,channel,nick,46,
fdcmx,channel,//Dark Corporation//16+//,78,"Рисую по своим персам, а также по 13 карт) Щп: https://t.me/mefelixgey:>"
fixess11,channel,fixess 🐌,54,Не прикасаюсь к мылу и мочалке #день21
friendsgamerm,channel,👾 teammate confession,66,найди себе кента для игр
f1confessions,channel,[поиск админов] 𝙵1 𝚌𝚘𝚗𝚏𝚎𝚜𝚜𝚒𝚘𝚗𝚜,31,бот для тейков: @F1ConfessionsBot
luckyhackerconf,channel,Luckyhacker confession!❞,17,Сх4 не вознесутчя
rarkammerer,channel,RAR KAMMERER,9,• 18+ • открыты комишки • платка 200р (единоразовая оплата)
fixerrui,channel,рест//Բ𐌠᥊ᤉᤇ Քս𐌠.,13,"тв: каннибализм, гуро, маты, секас иногда, курение, алкоголь  аватарка: @ilonikkktenma навигация: @bednaya_bednaya_liza"
fastixs1,channel,𝗙𝗔𝗦𝗧𝗜𝗫𝗦,21,"𝒐𝒘𝒏𝒆𝒓: 𝐌𝐚𝐝𝐢𝐬𝐨𝐧 @daqsxx3  В дᥱнь 50 ᥴ᧐᧐, ʙ нᥱдᥱ᧘ю 100"
mfn1_lol,channel,main fan number one!,4,
gikphystech,channel,ГИК ФИЗТЕХ 2050,351,"Глобальный инновационный кластер ФИЗТЕХ 2050.  Объединяем науку, предпринимательство и образование. Реальные вызовы промышленности и среда для их решения!  Штаб ГИК: ТЦ Дирижабль, 2 этаж, Первомайская улица, 3а  По вопросам сотрудничества @anastasi_a_iva"
guru_findz,channel,🔮Guru Findz🔮 - AliExpress best products | AliExpress hot deals | coupons,101,"🔮Welcome to GuruFinds🛍 The leading channel for discovering the best products, deals, and coupons online – especially on AliExpress! ✨  Our Channel link :  https://t.me/guru_findz              our facebook page: https://www.facebook.com/share/g/1GrXPSgWJ"
store_fortuna,channel,FORTUNA STORE,98,мой оригинальный юз @fxckkAx юз менеджера @mnggFortuna
fortuna812club,channel,fortuna812 club,1467,"Новый тренд это клуб, против вас всех уебанов ————————————————————— Первое фан-сообщество о Фортуне  По вопросам в сообщения паблика"
luxoruc,channel,𝙇𝙐𝙓𝙊𝙍 𝙐𝘾 𝙎𝙃𝙊𝙋,468,"круглосуточный бот-  @LUXOR_UC_BOT основной канал- @TT_LUXOR   У НАС ВЫ МОЖЕТЕ: быстро и выгодно пополнить такие игры как:  PUBG Mobile FreeFire Genshin Impact  ТАК ЖЕ ВЫ МОЖЕТЕ ПОПОЛНИТЬ СВОЙ КОШЕЛЕК STEAM, И ЗВЕЗДЫ В Telegram"
anytobuy_kicks,channel,👟Sneaker Direct | Elite Selection,308,Sole Archive💎 ▪️ Logistics: Global Stealth Shipping ✈️ ▪️ Service: Live 4K QC (Video + Photos) 📸 ▪️ Safety: Customs Protection Guaranteed 🛡  📱 Order: wa.me/8613215031322  🔗 Catalog: linktr.ee/idocheap 🌐 Web: https://anytobuy.com
kidgram_quicks,channel,Quicks. KidGram TV,1125,"Hello everyone, this is KidGram TV. Here we'll be posting funny family videos, interesting smarties and ideas for creativity. Stay tuned!"
fortunaprotocol_sol,channel,Fortuna Protocol,213,
fortunabola_official,group,FortunaBola Official,862,"Rules : 1. Dilarang untuk mempromosikan Situs Lain 2. Dilarang mengirim foto, Video atau Gif yang memiliki watermark situs lain 3. Dilarang mengirim link yang memiliki info ataupun yang berhubungan dengan Situs Lain"
robofortunemouse24hr,channel,FORTUNE MOUSE ROBÔ OFICIAL 🐭,784,Canal Oficial de Sinais do SLOT: Fortune Mouse
betonus_group,group,Betonus VIP💰福星娛樂城官方福利,2209,"To join, please DM @BetonusService and provide your game ID.   Play: https://t.me/betonusbot Channel: https://t.me/betonus_play FAQ: https://t.me/betonus_group/13823/16485 Report: https://forms.gle/qRJY8RBZWpkEWzEf7"
fortunelife_ftl,channel,Fortune Life Insurance PLC,175,សូមស្វាគមន៍មកកាន់ Telegram Channel ផ្លូវការរបស់ក្រុមហ៊ុនធានារ៉ាប់រងអាយុជីវិត ហ្វ័រឈូន ឡាយហ្វ៍។  សូមភ្ជាប់ ដើម្បីទទួលបានព័ត៌មានថ្មីៗ និងការផ្ដល់ជូនពិសេសផ្សេងៗ។ សម្រាប់ព័ត៌មានបន្ថែម សូមទំនាក់ទំនងមកកាន់លេខ 1800 202 202 ឥតគិតថ្លៃ រៀងរាល់ម៉ោងធ្វើការ។ សូមអរគុណ៕
casiplayfortuna,channel,Play Fortuna,42,Плей Фортуна (Play fortuna) официальный сайт вход:  🌐Сайт https://vk.cc/cym4ee 👆🏿
fortuneinsight,channel,Fortune Insight,2379,Fortune Insight - 率先洞悉商戰思維、創新財富及市場趨勢！飽覽一切關於商業世界的關鍵內容，探索國際商業視野。 . Fb: https://www.facebook.com/fortuneinsight/ . Ig: https://www.instagram.com/fortuneinsight/
fortuna22222,channel,fortuna,110,болбес
gateway2fortunecommunity,group,Gateway2Fortune Community Chat,186,"🎰 Fun & secure games on blockchain. 🤝 Fair play, big wins, and endless excitement. 🔗 https://www.gateway2fortune.com/ 🔗 https://linktr.ee/gateway2fortune"
loominecontest,channel,LOOMINE,8295,
ultima_official_contest,group,Ultima Official Contest,1976,
durov_contest_votes,channel,Durov New Models by @votes,427,Telegram Contests @contest By @votes with ❤️ Contact @yasha
anistars_contest,channel,AniStars Contest,234,
proggybuggy,channel,Proggy-Buggy Contest,1341,International Programming Proggy-Buggy Contest  Support: proggy-buggy@dataart.com
stormysongs,channel,⚡️🌬️Ш К В А Л Ь Н А Я 🌪️⚡️,177,"Я - буря, шторм, гроза. Я пряду из ветра."
poyvdushe_contest,channel,«Пой в душе 2025»,472,Всероссийский музыкальный конкурс при поддержке продюсерского центра поэта Михаила Гуцериева #Пойвдуше  Подать заявку - https://poyvdushe.com/ VK - https://vk.com/poyvdushe OK - https://ok.ru/poyvdush YT - https://ok.ru/poyvdush
fota_channel,channel,FOTA - Fight Of The Ages Channel,30862,🌐 Website: https://fota.io/  ✏️ Broadcast Group: @fota_groupchat ✏️ FOTA Group: @fota_group ✏️ Social: https://linktr.ee/FightOfTheAges  📌 Smart Contract: 0x0A4E1BdFA75292A98C15870AeF24bd94BFFe0Bd4
fokatkacash,channel,FokatCash - fokatcash.com,5115,https://t.me/+wQLaJ_qToz40OTll
foma_ru,channel,Журнал «Фома». Архивный канал,7691,"Хорошая новость каждый день, две тысячи лет подряд. Просто христианство как оно есть.  Другие наши каналы:  Евангелие @gospeleveryday Православный календарь @pravcalendar Вопрос священнику @priestquestion  Подробнее www.foma.ru"
foka158,channel,•Фока•,2060,Рисовашки  Чат - https://t.me/Ffokaas
foke_s,channel,FOKE.S,228,"Всім привіт та ласкаво прошу, я художниця з Одеси і я рада бачити вас тут.  Тут ви можете стежити за моєю творчістю, вчитися та просто спілкуватися 🐷 Тут присутній контент 18+ і не завжди під спойлером тому все що ви побачите це на вашій совісті 🙃"
foka_doka_spb,channel,Детали на заказ.,115,"Приветствую на канале ФокаДока  — производство в области мехобработки токарных, фрезерных работ ЧПУ, изготовления пресс-форм, литья металла и пластмасс. 3D печати, лазерной резки и вакуумной формовки!"
fokyart,channel,FokyArt~ꑭ🇺🇦🟥⬛️,581,"Boost https://t.me/boost/fokyart Arts from Pixiv, Danbooru, X. . Будь який укрофобський вислів, або демонстрування деяких символик, зокрема ZV, й радянської - бан"
frmokas,channel,모카 Magical Moka,335,੭୧Leeseo @anons_liso_bot ⓘ Sakai Moka
grachev_a_v,channel,Андрей Грачев,242,"Депутат Совета депутатов г.о. Домодедово. 🇷🇺🇷🇺🇷🇺 Актёр, режиссёр. Руководитель ""Подмосковный СДК"""
tranzitgrahevka,channel,Грачёвский транзит,1136,
slova_by,channel,Новости Рогачева,1232,Путеводитель по новостям Рогачевщины  Связь с редакцией: https://t.me/rogachevchpBot  Сайт: slova.by  Instagram: www.instagram.com/rogachevnews  Tik Tok: www.tiktok.com/@slova.by  ВКонтакте: https://vk.com/slovaby
dcrr_rogachev,channel,ДЦРР г. РОГАЧЁВА,191,"На странице нашего канала Вы сможете узнать о работе нашего дошкольного центра, приоритетных направлениях деятельности и достижениях, получить информацию о результативности участия в мероприятиях воспитанников и педагогов нашего центра."
internetteamrussia,channel,Дмитрий Гуляев | МЦО | РАЭК,820,"▪️ Генеральный директор Ассоциации электронных коммуникаций (РАЭК) ▪️ Молодёжный цифровой омбудсмен  Здесь ты узнаешь больше о моей профессиональной деятельности, о том, как сегодня развивается ИТ-отрасль и как молодёжь может проявить себя в ней."
drachevsm,channel,Сергей Драчев,176,Официальный канал главы ЗАТО Сибирский Сергея Михайловича Драчева
kmrvo,channel,Администрация Калачевского муниципального района,549,Администрация Калачевского муниципального района
photo_geographic,channel,PhotoGeo Андрей Грачев,676,Фототуры
profsoyuz_rogacvev,channel,Рогачев Профсоюз образования,353,
sad_5rogachev,channel,Детский сад №5 г.Рогачева,180,"Наш канал создан для того, чтобы вы смогли узнать чем живет наше учреждение каждый день и стать виртуальным участником событий"
grankov_kaluga,channel,Павел Гранков,212,"Генеральный директор Агентства инновационного развития Калужской области, депутат Законодательного Собрания Калужской области"
grubnero_ru,channel,Грубнеро.ру,157,"Готовь летом сани, а зимой телегу.  Пишите анонимно grubnero.ru@proton.me"
rogachevoschool,channel,МОУ РОГАЧЕВСКАЯ СОШ,309,Через тернии к звездам
institute_garkavets,channel,Институт практической психологии Ольги Гаркавец,416,"Арт-терапия, метафорические карты, консультирование. Онлайн-курсы и конференции для психологов и для саморазвития.   Повышение квалификации для психологов (КВЕД 85.59)🇺🇦  ❗️Мы не сотрудничаем с людьми, которые проживают в России и Беларуси❗️"
vasilyigrachev,channel,Васссилий Грачев (Билли Престон),279,
ministrsporta68,channel,Павел Грицков,238,Министр спорта Тамбовской области
ckroir_rogachev,channel,ЦКРОиР #г.Рогачёва,155,Новости специального образования  для педагогов и родителей
zurawichi13,channel,Журавичская средняя школа им.А.Е.Макаенка,117,Журавичская средняя школа им.А.Е.Макаенка
blag_speklakli_del_ross_pnz,channel,"Благотворительный спектакль | Пенза | 05 апреля, 18:00",193,"Билеты: https://vkas.su/12-stulev.html Организатор: Пензенское отделение общероссийской общественной организации «Деловая Россия» Руководитель проекта: Грачев Егор, +79022040399, @EgorGrach2003 Сборы от спектакля направляются на проект «Дарим добро детям»"
rogachevctty,channel,Рогачевский районный центр технического творчества детей и молодежи,173,"На канале освещается жизнь нашего центра: мероприятия, конкурсы, акции, объединения по интересам."
sad11rogachev,channel,Детский сад 11 г.Рогачева,214,"Канал для тех, кто знает все о дошкольном детстве и готов поделиться своим опытом с вами! Добро пожаловать !"
gokrichev,channel,Виртуальный Кричев,25,"Online-город: экскурсии, события, фотографии и интересные люди. Говорим о любимом городе в современном формате. Проект ""Вирутальный Кричев"" - созданый интузиастом для родного города."
ddu1ganc,channel,"ГУО ""Детский сад №1 г. Ганцевичи""",100,"Наш адрес: г. Ганцевичи, ул. Строителей, 37 Телефон: 6-25-71 Наш Инстаграм:https://www.instagram.com/ddu1.ganc"
kupalaland,channel,🕊 Kupala 🧢 Tomorrowland 🕊,4792,Просто какой-то паблик всякого юморного и доброго 🫂 Таков путь!  Группа @kupalaland Чат @kupalachat Купить рекламу: https://telega.in/c/kupalaland Поддержка донатом https://t.me/tribute/app?startapp=dJVd  @foxytrick - по вопросам сюда
meowfokaa,channel,𝔽𝕠𝕜𝕒 йоу,68,"Йоу, я начинающий косплеер из Саратова! Ко мне можно обращаться на Фока.  Она/её.  Надеюсь вам понравится мой тгк.  Кому интересно: ТТ акк: https://www.tiktok.com/@foka_ee?_t=ZS-8ze7YI Щп: https://t.me/+WE-3MrUmo0Q1Mzli"
fonar_evka,group,FONAR_evka️️♻️,655,⚠️КАНАЛ-https://t.me/FONAR_officialgroup ⚠️ЧАТ-https://t.me/+z26WJukhPDNhODAy ⚠️МАГАЗИН-https://t.me/FONAR_evka/1 ⚠️Правила -https://t.me/FONAR_evka/5 ⚠️ИНФОРМАЦИЯ-https://t.me/c/1567175519/141500
tulasi_divine,channel,𝐘𝐎𝐆𝐀 DIVINE с Ириной Фокиной,212,"Я - Ирина Фокина, наставник Крийя Йоги В канале делюсь знаниями, как: 🟡жить счастливо, уверенно и легко 🟣быть молодым и цветущим ⚪️развиваться и самосовершенствоваться 🟢классы йоги: https://yogadivine.ru/platform 🟡обо мне: https://yogadivine.ru"
fukslisa,channel,Лисья Барахолка,194,
kletkka,channel,♱Раскрытая клеть [Shtorka],134,Публикую тут свои рисунки :] 😼Лс- @Rararik
ministry_setka,channel,| 𝐌𝐈𝐍𝐈𝐒𝐓𝐑𝐘 || Setka.,174,
konforka_art,channel,Конфорка |18+|,60,Рисую фурей
emae_felk,channel,Фельк!,34,"Привееет!! Я Феля, или Диана! А это мой канальчик :3 Тут постятся всякие рисуночки с явной переменной активностью, ме  Мой щитпост: https://t.me/+kVpMCPrIhNw0YmNi"
tsoikaka,channel,Цой фу э,7,Цой какашка☠️☠️
hfnotes,channel,hfnotes,12,ихиххих фуфайка аххахахахахах
petr_grachev,channel,канал Петра Грачёва,223,
evjeniya_gracheva,channel,Евгения Грачёва.Smart косметология,675,Врач косметолог-остеопат Автор методики «Smart-косметология» Достижение идеального лица без инъекций  💎Бот с полезными курсами: @Evgeniyagracheva_bot  💎 Для связи: @Marina_tgms
gracheva_design,channel,Дизайнер интерьера Москва (и не только) Катерина Грачева,227,Катерина Грачева 🏠Создам интерьер с учетом ваших пожеланий и образа жизни 🔑 Полное сопровождение на всех этапах 🌟 26 лет опыта и 58 сданных объектов   Связаться со мной ⬇️ @gracheva_designer  Сайт https://gracheva-design.ru/
gorech666,channel,ГОРЕЧЬ,336,"https://gorech.bandcamp.com СПб / lovegrind batya-gaze   Вова Седых Алексей Гришин Дмитрий Отто Лиза Мария Заславская  Перекусив травинку, он почувствовал знакомое тягостное, гнетущее чувство, вызываемое разочарованием, обидой, неудачей.  Пишите в личку."
gracheva_angelina,channel,Ангелина Грачева ⛸️,172,
natalia_gracheva_cbt,channel,"Жизнь со смыслом_Магистр психологии, клинический психолог, КПТ и психодраматерапевт Наталья Грачева",175,"Мой Telegram — про жизнь, которая радует:  ✨ Как прокачать устойчивость, даже когда вокруг шторм   ✨ Где брать энергию и почему «просто отдохни» не работает   ✨ Как перестать обесценивать себя и наконец поверить в свою ценность и уникальность."
grachev_digital,channel,Grachev Digital,43,Цифровые технологии для бизнеса 🔗 https://grachev.digital/
gracheva_uvao,channel,Елена Грачева | ЮВАО,39,"• Руководитель окружного отделения ЮВАО «Молодой Гвардии Единой России»  • Председатель контрольно-ревизионной комиссии Молодой Гвардии Москвы  • Общественный советник Главы управы района Марьино  Об управлении, молодежной политике и работе в «системе»"
houseofguchis,channel,HOUSE of GUCHIS,205,Father Son and House of Guchis🤍  inst: house_of_guchis tt: house.of.guchis
elena_gracheva_hra,channel,Елена Грачева|HR - Архитектор успешного бизнеса,77,"Канал Елены Грачевой - более 22 лет экспертизы в HR. Архитектор бизнес-команд.   Полезные материалы для всех, кто понимает, что люди - это главный, живой и постоянно развивающийся капитал вашей компании. Написать лично мне: @ElenaGracheva_HRA"
streammoscow,channel,IVAN MOSCOW,363,"contact/предложение-@mgmtmoscowww - пиши 🫵❗️ Twitch-https://twitch.tv/robicvanik Чат 💬 https://t.me/IVANMOSCOWCHAT  Рассматриваем совместные стримы , творчество в любом виде.  Отвечаю всем (мой личный аккаунт)"
grachevabt,channel,Рест— 𝗚𝗥𝗔𝗖𝗛𝗘𝗩/𝗔,125,𝗠𝗲 -  — В чистках и тд не участвую.
nedvigkavam,channel,Светлана Грачева | Про недвижимость Петербурга,1320,"🔑 Продажа/покупка недвижимости в СПб/ЛО/Пхукете.  Помощь с переездом, поиском для студентов и расширением жилья. Работаю с 2016 года (и с опытом из 90-х!). Ваше спокойствие — мой приоритет.   @grach_svetlana | 89531401617"
uristprav,channel,Елена Грачева Про Право,712,"Блог о праве  📜 Просвещаю о законах 👩‍🎓 Рассказываю истории из зала суда ⚔️Даю советы, как не остаться с носом  Запись на консультации @Consultant_pravoved"
perograchachat,group,Чат Перо Грача 🐦‍⬛️ | Дмитрий Грачев 🖌,17,"Авторский блог писателя Дмитрия Грачева. Пишу в основном рассказы и повести в жанрах фантастики, фэнтези, истории, детектива. Также пишу рассказы и сказки детям.  На страницах блога буду делиться историями, и открою завесу тайны писательской кухни."
closetogracie,channel,close to gracie ౨ৎ,152,info: @closetoinfo every corner of this house is haunted
grachevaolga_nutrition,channel,Gracheva.Nutrition,462,"🌿Грачева Ольга 🌿 Член Национальной ассоциации диетологов и нутрициологов России 🌿Сбалансированное питание, ЗОЖ без срывов  https://t.me/grachevaolga_nutrition"
theagacha,channel,Горище Теа :P | #ТеаДозаНеЗахопитьСвіт,123,Теа то кирилицею.. she/they/it 😀  тгк з малюнками: @poprostutea
bogattovaotz,group,"Марина Богатова: кейсы, отзывы",119,"🚀 ХОЧЕШЬ ТАК ЖЕ? 📧 Пиши мне в личку @marina_bogattova ""Я ХОЧУ"" и я дам тебе пошаговый алгоритм, как делать от 600к через ТГ!  🛰Основная страница https://t.me/Marinabogattova Программа о том, как делать миллионые запуски  в ТГ."
zverkatg,channel,Жизнь на сверхсветовых скоростях 🔞,318,"Ты воин света, Света Ты остановишь конец света, Света  По всем вопросам ко мне - @zverrka (Светлана Грачева)"
miyagrabchak_design,channel,Мия Грабчак Design,121,Будни дизайнера интерьера👩‍💻🛠️
graceofficeinfo,channel,• 𝑮𝒓𝒂𝒄𝒆'𝒔 𝒐𝒇𝒇𝒊𝒄𝒆 𝒊𝒏𝒇𝒐 •,41,
good_nutritionist,channel,Нутрициолог | Светлана Грачева💜,225,"Ты здесь не случайно!  Я - @swetikazdravia Дипломированный нутрициолог  Каждый уникален и достоин красивой, счастливой и здоровой жизни. Чем здесь и займемся!  ✍️Консультация со мной - https://forms.gle/Yo4UQ2QwVrYrUhNU9"
troitskayalena,group,Психолог Елена Троицкая Chat,57,
grachblog,channel,Грач живет,95,личный заметочник @grachdima — сотрудничество  буст: t.me/boost/grachblog  тут творю: @grachworks чем вдохновлен: @vnesetki
grachevskaya_core,channel,_grachevskaya.core 🌙,72,тут сидит художник своей жизни
gagco_net,channel,GRACE AND GRIEVANCE CO.,53,НАШ ЛОЗУНГ - SPREAD THE LOVE
valentina_gracheva_reso,channel,Валентина Грачева 💚 Страховой агент-миллионер РЕСО-Гарантия,113,"Все виды страхования.  ❗В страховании с 2002 г❗ 💚 Помогаю сохранить то, что вы по настоящему цените.   Подберу лучший вариант ✅️"
papayagacha,channel,Papaya n gacha/Папая та ґача,69,Anon bot : @papayaanon_bot Tik tok : @rina_gaccha 🦄🦄🦄🦄🦄🦄🦄🦄🦄🦄
grachevaphoto,channel,Фотограф Светлана Грачева,54,📍Москва • Сочи  ЛС: @luchikgracheva
agenstvo_svoi_lyudi,channel,Программа «Свои»,208,
oracul_vvz,channel,Оракул Жириновского,137,"Цитаты, высказывания и прогнозы Владимира Вольфовича, которые звучат актуально даже сегодня.  Подпишитесь и мы объясним его слова, их контекст и проведём анализ, насколько точно эти прогнозы реализуются в современном мире."
ilinarch,channel,ALEXEY ILIN ARCHITECTS,189,Сайт - https://alexeyilinarchitects.com/ Инст - https://instagram.com/alexeyilinarchitects По вопросам сотрудничества - @yanaelnikova
artvoroninaart,channel,Арт-студия Ирины Ворониной✨,132,"http://designarts.ru   https://vk.com/irinaartstudio  ▫️ДИЗАЙНЕР МЕЖДУНАРОДНОГО КЛАССА. ▫️ЧЛЕН МЕЖ.ХУД.ФОНДА И ТСХиДПИ ▫️ЧЛЕН МЕЖДУНАРОДНОЙ ПЕДАГОГИЧЕСКОЙ АКАДЕМИИ  ☀ДЕЛАЮ РАБОТЫ,ЧТОБЫ ДАРИТЬ СЧАСТЬЕ! 💎АВТОРСКИЕ РАБОТЫ ИЗ КАМНЕЙ"
irina_arhangelskaya,channel,Ирина Архангельская 🇷🇺,57,🇷🇺 Депутат Совет Депутатов Ленинского округа  ✅ Председатель Профсоюза работников госучреждений ✅Председатель Координационного Совета Профсоюзов ЛГО
ivaniklyushin,channel,Иклюшин Лайф (Иван Иклюшин),70,"Созидать, брать ответственность, побеждать!"
medjelfa2,channel,𝐌𝐞𝐝𝐣𝐞𝐥𝐟𝐚 🩺 𝟑𝐞𝐦𝐞 𝐚𝐧𝐧𝐞𝐞,929,
tata_medzvedeva,channel,Тата Медведева 🇧🇾🇷🇺,671,ТАТКИе новости
medzcool,channel,MedzCool,365,🔴چنل جزوات و خلاصه‌های ترم سه پزشکی🔴
medveduk1,channel,MEDVEDUK,93,Сообщество ВК: https://vk.com/medveduk
mediapeneva,channel,gen r diary | lifestyle & cosplay,117,"ева / gen r 🦝    лайфстайл, косплей и немного хихабельного 🎭 образы и бэкстейдж   🎬 фандомы, ивенты   🏋️‍♀️ спорт и дисциплина  🌍 путешествия и просто жизнь  Навигация: https://t.me/mediapeneva/2327?single"
medzix0,channel,Medzix - Your Pharma Buddy 💊🧑‍🎓,94,"Medzix – Your Pharma Buddy! 💊  Stay updated with the latest pharma job vacancies, study notes, and presentations to boost your career! 📚🚀 Join now and grow with us! 🌟"
yvngmevi,channel,@ mevi #1,158,u can find me with @torokhodavelamkonid
privetzveryata,channel,наяву,53,"мартышка, показывающая китайские тени."
tevochka9tlz,channel,TEVA®️,216,•solo/team dancer •freestyle •flexible control/musicality •🖤🫂🧚🏿‍♀️
muzhskayarazdevalkaa,channel,МУЖСКАЯ РАЗДЕВАЛКА,115,"Мы комики, которые пустились в большой блогерский экспримент! Подписывайтесь  https://www.instagram.com/muzhskaya.razdevalka?igsh=MXFiNzZ5ZzZzODFmbw%3D%3D&utm_source=qr"
baexeva,channel,baexeva.v,86,"[Знай, что если любить Только так, только так💘🙌🏼]"
deadzeva,channel,переезд | персиковая зевунья,46,"девочка хочет влюбиться, может ей лучше напиться, но почему ей не спится, это наверно люб𑄝вь. кн с резами: https://t.me/+qqWrUlFyXUAxMTBi  НЕ делаю: боты, зарисовки, анимированные аватарки."
meluzv,channel,meluzv,100,"я люблю - и,значит,я живу!                                      В.С.Высоцкий"
med7edqqq,channel,𝘦𝘭𝘪7𝘬𝘦🐾 ^ᴥ︎︎︎^ 🌈,50,"если мы с вами никак не знакомы , то искренне прошу обращаться на ВЫ  царство медвежье 👀 https://t.me/+gExB4x_v0J80NTE6  https://t.me/boost/med7edqqq лс ; @med7edioo"
gawon_meovvs,channel,Gawon_meovv,31,Anon - @gawon_meovvbot Name - Padshaya Start - 13.06.26
find_raiva,channel,𝙍𝙖𝙞𝙫𝙖-,28,
ugradepobr,channel,Департамент образования и науки Ханты-Мансийского автономного округа-Югры,2093,https://depobr.admhmao.ru/ ВКонтакте https://vk.com/doinhmao
ugracontrol,channel,Юграконтроль,588,Официальный канал Службы контроля Ханты-Мансийкого автономного округа – Югры  наш сайт https://kontrol.admhmao.ru/ ВК : https://vk.com/public173059425  ОК: https://ok.ru/group/70000001113714
sportclubenergy,channel,Клуб спортивной аэробики «ЭНЕРГИЯ»,358,"🏆Победители Первенства России 2026, победители ПФО, всероссийских и межрегиональных соревнований💫 Набор детей круглый год с 4 лет ⚡️Гарантированный результат  📍Адреса Ульяновск: б-р. Новосондецкий 14, МБОУ СШ N°64  Ул.Северный Венец, 22 (Север)"
kraygorno,channel,«Край горномарийский» и «Жерӓ»,154,Газеты рассказывают о жизни Горномарийского района Республики Марий Эл.
blog_medvedeva,channel,Философия Здоровья☘️,748,Автор: Медведева Наталия @nataliamedvedeva01 Нутрициолог и Коуч по здоровому мышлению 🫶  💫Твой путеводитель в мир ЗДОРОВЬЯ комплексно через нутрициологию и психололию  Ссылка для друзей:   https://t.me/+uWhHlQv5QutjMWVi
medvedeva_art24,channel,MedvedevaArt,358,Фотографии. Красивые места и интересные моменты через объектив фотоаппарата. @MedvedevaElena2402
tgstatapi,channel,TGStat API,1169,В этом канале будем рассказывать об изменениях в TGStat API.  https://api.tgstat.ru/docs - Документация
shatskayanina,channel,Нина Шацкая,980,"Певица, люблю петь, фотографировать и рассказывать… Страницы: https://youtube.com/c/nishasong  https://ninasong.ru"
shylo4real94,channel,Шайло. Книги и не только.,374,"Буду рассказывать о том, что мне интересно."
rekrasnodar,channel,Краснодар.Недвижимость,1068,"Агрегатор новостей рынка недвижимости Краснодара и Краснодарского края | Новости, аналитика, инсайды, лайфхаки | Ежедневный мониторинг краевых и федеральных ресурсов."
kedrcity66,channel,Кедровый | Здесь и Сейчас,659,Народный информационный ресурс городского посёлка Кедровый
mrabushko,channel,МИХАИЛ РАБУШКО,291,Канал министра строительства Красноярского края
tankovich_documentary,channel,ТАНКОВИЧ,150,"Режиссёр, сценарист, журналист   По вопросам и предложениям:   tankovichfilms@gmail.com   https://tankovichfilms.ru   Документальные фильмы, Россия, Сибирь, Любовь!"
molprav22alt,channel,Молодежное Правительство Алтайского края,112,"🔹про актуальное, полезное и интересное!  ▫️Агрегатор невероятных возможностей!  ▫️Навигатор в мире яркой и интересной молодости и не только!"
kochevo159,channel,Редакция Кочёво,169,"Дорогие жители села и района! 👋  Мы рады представить вам группу для общения! 🎉 Здесь вы можете делиться новостями, фотографиями нашего прекрасного села, интересными историями, задавать вопросы и просто общаться друг с другом. 😊"
fanthreemilan01,channel,🌷️️Фан трёх Милан️️️🌷️,380,#1 банда в фд трёх Милан Начало💗 22.06.23. Цель: 500 милашек🫶
milanpressgroup,group,𝑴𝒊𝒍𝒂𝒏𝑷𝒓𝒆𝒔𝒔.𝒊𝒕 🗣️🟥⬛️,343,"Benvenuti! 🔴⚫️  Questo è il gruppo del sito MilanPress.it, dedicato a chiunque voglia condividere con noi due colori, confrontandoci h24 sulle tematiche di casa Milan. Qui sarà possibile rivolgersi direttamente ai nostri redattori 🗞️"
ytphotoz,channel,Y&T | Yлицы&Транспортъ,325,"Просто объединение энтузиастов и чуть-чуть помешанных любителей :3  Правила канала: 1. Все равны, но админы равнее.  По поводу вопросов сюда:  @unstpw @Mpdd_Tm  Принимаем рекламу только от Миланы Хаметовой.‼️  И Миланы Стар."
kidsinmilan,group,Kids in Milan,190,"Креативный event - проект для детей, подростков и родителей, которые хотят творить, общаться и раскрываться вместе.  Организуем мастер - классы, праздники, вечеринки, аперетивы, бранчи.  📍Milan"
milan_fan,group,Milan,159,"Parliamo di Milan, tutto il giorno. Sempre di Milan.  News, Calciomercato, le partite Live e i risultati della prima squadra maschile e femminile, oltre alla Primavera"
milana_257gte,channel,Фан клуб Миланы Стар🌸,63,Заходи здесь много интересного.Нашему фан клубу уже два года!Др 8.09.2023.                                                      instagram::fanmilanystar14                      likee ID::fan_milan_star11                              Любим всех<3
helplimilki,channel,Help to Милкивикс🩷,229,всем привет! я фан Миланы Хаметовой и Вики Шоу) это мой хелп🫶🏻 мы тут помогаем фанам без пвс💓
xametikmilove,channel,Помощь в фд Миланы Хаметовой 🎀,150,Милана Хаметова топ💋💯🎀
milano_krsk,channel,MILANO boutique,118,"🇮🇹 Закрытый клуб ценителей моды! Только для своих: эксклюзивная женская одежда, стильные обзоры и обсуждение последних трендов. Готова к преображению?"
cnovoya,channel,Женское пространство🩶,297,Тут все о моде и современных тенденциях🤍🤎💜 Рекомендации Подборки Исторические факты
spasiiiiisohrani,channel,эхо | спаси и сохрани,355,"искусство - это моё убежище, любое творчество - это мольба    по всем вопросам обращаться к @maybeisakot"
aghousebarber,channel,💈AG HOUSE💈,983,"Стрижки, укладки и уход за бородой — все для вашего идеального образа. ✂️Мужские стрижки✂️ ✂️Детские стрижки ✂️ ✂️Оформлены бороды ✂️ Адрес Тельмана 150/7  Бульвар роз"
nastycakesdessert,channel,_NASTY_CAKES_ Десерты Ульяновск,370,
evgenia_cosmetolog,channel,evgenia_cosmetolog,181,Мед образование. Мед стаж более 12лет📈 На страже вашей красоты💎 Все виды процедур от чистки до нитей Аппаратная косметология
chillhouse010,channel,ᥴhιᥣᥣ h𐔖ᥙ᥉ᥱ💠,1164,ᥒ𐔖 ⲃ𐔖ᥒρ𐔖ᥴᥲⲙ/ρᥱⲕ᥈ᥲⲙᥲ: @alex0keiraki (влд)  ᥴ𐔖ⲃⲙы/ρᥱⲕ᥈ᥲⲙᥲ: @Marra_x (совлд)   ×°ⳅᥲ ⲃыⲭ𐔖ⲇ υⳅ ⲕᥲⲏᥲ᥈ᥲ  - ⳝᥲⲏ°× ⲏᥲɯ ⲕ᥈𐔤ⳝ: https://mangabuff.ru/clubs/wind-of-change
elizabethtoysworld,channel,Elizabeth world | Вселенная Елизаветы🐼🐾,271,Игрушки ручной работы ) По всем вопросам: @Myyrmyayy 💕 Памятные даты : 7 ноября (100пдп)
jdbdnns,channel,ᴋᴏʍɸᴏᴩᴛнᴀя ᴄᴏняɯᴀ,160,"Будут фото батлы и просто игры, цель 🎯 200 комфортиков 🥹🫶"
bnv_tattooo,channel,BNV_Tattoo,159,контакт для связи: @nksjxx
magicalmadokaava,channel,魔法少女小圓,409,Влд канала - @Masichka79 Второй влд - @polyxst   Призы забирать в течении 10 часов (Обязательно прислать пост где вы выиграли)
katnikasi,channel,— 𐔏𐔖ᥴᥒ𐔖ⲿᥲ ⲙᥲύ᥈υ,378,https://t.me/vndkeb
sabiogorod,channel,саб и огород,137,бабушкина теплица с басом
owners_mother_0fficial,channel,🖤Ⲙⲁⲧь ⲥⲟⳝⲥⲧⲃⲉⲏⲏυⲕⲟⲃ🤍.,224,
giftsnsk,channel,Gifts,125,Мастерская вкусных подарков ручной работы на каждый день.
tortvills_olesya,channel,TORTVILLS,268,Кондитерская мастерская
linnet_beads,channel,🪽𝓛𝓲𝓷𝓷𝓮𝓽 𝓫𝓮𝓪𝓭𝓼🤍,49,
dress_code_cg,channel,//DRESS#CODE,185,"Косплей • CGI • обработка фото Я — generalist: снимаю косплей, делаю графику и визуальные эффекты, превращаю обычные кадры в кино. Здесь мой блог: процесс, эксперименты и закулисье 🎥✨ https://vk.com/kamermancp"
my_dorosh,channel,Я Катя и я креветка 🦐,57,"личный канал дорош екатерины ✈️   пиздеж победительницы ""ПИЗДА ГОДА 2025"""
madoshideout,channel,Схованка,30,"Я Мадочка, тут малюночки, смішнявки, всяке різне   Twi: https://x.com/mytets_mado?s=21&t=1eOaj-DV6OIH9OvkB6FGLg  Inst: https://www.instagram.com/mytets_mado?igsh=MWozd2Z2YnJrYnZqbw%3D%3D&utm_source=qr"
my_a_piece_of_happiness,channel,𝆹ྀི𝅥⪩ a piece of happiness ⪨ೀ𝆹𝅥,25,
un000wn,channel,⁠⁠⁠⁠⁠⁠⁠⁠⁠⁠⁠⁠⁠⁠⁠⁠⁠⁠⁠⁠⁠⁠⁠⁠⁠⁠⁠⁠⁠⁠⁠⁠⁠⁠⁠⁠⁠⁠⁠⁠⁠⁠⁠⁠⁠⁠⁠⁠⁠⁠⁠⁠⁠⁠⁠⁠⁠⁠⁠⁠⁠,16,
archwrtt,channel,архив,3,
camilfoclub_bot,bot,Клуб успешных знакомств👗🎩,,Клуб знакомств успешных людей. По вопросам: @camilfo
zevakkinazevaet,channel,zevakkina,465,"Статьи по фандому ""Boyfriend to death"" и не только."
llakina,channel,kourinnomachi,114,
xevelin_777,channel,𝘹𝘦𝘷𝘦𝘭𝘪𝘯. . .,84,
zevatra,group,Zevatra,58,Welcome to Zevatra  Where DeFi meets endurance. Crafted for visionary investors focused on sustainable growth in the decentralized future.  URL - www.zevatra.io  Support Hub - @Zevatra_Support_Hub
dzeriko7,channel,batagabota,83,"За любовь, страсть и свободу 🖤"
ozhynka_live,channel,ozhynka🖤,71,https://www.twitch.tv/ozhynka  https://www.instagram.com/yarynaiva
zefirkablogger,channel,зефирка | blogger 💚,16,здесь я выкладываю буквально всё.  Основной канал в запрепе.
vitafine_jacqueline,channel,Jacqueline Fehlmann - Vitafine,5,
zefka724,channel,[АРХИВ]🎄Zefka,4,"АРХИВ Рисую в основном по выходным.  мультифандомщик, но чаще всего майнфд  Аноним: http://t.me/anonaskbot?start=uinaa1oc  Инфо/правила/навигация: https://t.me/Redblystek724/210"
polimoliart,channel,Polli Molli Art,324,Art Lead 3D  Знаю все о мобильном гейминге
voronart_polli,channel,ВОРОН/арт,310,Как я варюсь в мире art✌🏼 Продажа современного искусства 🤔
obkataem,channel,Обкатаем,1721,Telegram-канал Team Konyukhova.  Внутри и около фигурного катания ⛸  По поводу тренировок  inst 📱 k.yelena.coach TG @kyelenacoach  По остальным вопросам @nastyakooo
spectacularfs,channel,Спектакуляр🧊фк,30,Континент фигурного катания Про фк и немного себя Связь!: @pechenQka
team_bazylyuk,channel,TEAM BAZYLYUK❄️❤️,890,Фан-аккаунт Маргариты Базылюк Восходящая ⭐️ российского фигурного катания
fskate63,channel,Федерация фигурного катания - Самарская область,538,Официальный канал СООО «Федерация фигурного катания на коньках» ⛸️  Официальные обращения принимаются на почту СООО «ФФКК»: fskate63@mail.ru   Официальный сайт СООО «ФФКК»: https://skate63.ru
slutskayalife,channel,СлуцкаяLIFE,932,Телеведущая| Легенда фигурного катания⛸️🥇 PR-реклама : Анна +7903 363 52 32 Сотрудничество: Алексей +7 (960) 005-77-79 Открываю таланты в моей школе фигурного катания⛸️  https://slutskaya-school.ru/
deitershopru,channel,Вселенная Дейтера,411,"🙎‍♂️ Личный бренд, арбитраж, маркетинг, крипта.  💻 Сайт: deiter-shop.ru  📱 Связь: @deitet"
wppshrr,channel,вппшр :D,234,"эдиты, иногда щп!!! не забывайте про реакции пожалуйста :D @wppshr"
evlovall,channel,эдитор развлекается,207,лучшая эдиторша в вашей жизни  амбассадор жана моро  тик ток - evlovall
editorchmosii,channel,чмоши эдитор,200,связаться со мной: @chmosii
w1ndw,channel,WindWalker,248,Эдитор чик чик пук пук
priqebro,channel,Порисульки птицебро 🕊 [рест],307,"Уголок птицебро. Эдитор, художник и писатель:3"
kvestibyl,channel,квэстибл,257,я эдитор  второй админ: https://t.me/xsenlee
kayochekkk,channel,(на пенсий)Кайочек #бергфд #эдитор #фф,102,Дратути! Вы попали в мой тгк *Кайочек #бергфд #эдитор* По вопросам писать в ЛС → @Kayochekk Цели: В тт- 1500-2000 подписчиков  В тгк- 150 Ютуб-https://youtube.com/@kayochek?si=kNq9Lay0L5YORkkI Тик ток- /*Кайочeк*\
pozer2kd,channel,POZVONI MNE,178,Эдитор и тдмер в одном деле
k1inza_oxide,channel,-k1nza,132,Эдитор😎Комбатер😍зам клана😆креатор😈
padington_portfolio,channel,Padington portfolio,132,Я тип эдитор   Ордер @xueny
blaginyatelling,channel,🎭 𝘚𝘢𝘯𝘦𝘴𝘰,189,"Художник, эдитор, теоретик, контентмейкер... гений, миллиардер плейбой, филантроп, кххехе"
metla6942,channel,[АРХИВ] подвол метлы 💀,270,"пр, я метла💪 редко рисую, а так я эдитор  @MeTLaYO - лс, писать по делу  @anonMeTLA_bot - анон  @inFoMeTLa69 - мое инфо  L L ❩◡ ❩"
samuraizzy,channel,𓆩 𝑺𝑨𝑴𝑼𝑹𝑨𝑰𝒁𝒀 ᵒᶠᶠ 𓆪,77,"сап брад – ты на канале эдитора «самурай» 🫡  – здесь ты можешь найти почти всë что необходимо для монтажа • эдиты, обработки,  аватарки и тд  начало :: 26.01.25.  анон : http://t.me/anonaskbot?start=9dKF7qyxjGMDuco буст : https://t.me/boost/samuraizzy"
seraspaceage,channel,SERA Updates,5531,Official channel for SERA – The space agency for everyone.🌍   Get mission updates and behind-the-scenes content from our journey.  🔗  Access the SERA Mission Control app : https://t.me/sera_mission_control_bot Join SERA's Group Chat: https://t.me/+jOYyGfl
katewinslet_hot_scenes,channel,Kate Winslet Hot Scenes,374,Kate Winslet Hot Kissing Scenes | Kate Winslet Hot Bed Scenes | Kate Winslet Hot Movie Scenes | Kate Winslet Hot Scenes
hottest_scenes,channel,"Hot scenes Bollywood, serial etc",81,
aadilmodsofficial,channel,Aadil Mods Official,3860,"🤗 Welcome to my official modding channel!  Here you’ll get access to exclusive mods, updates, bug reports, tutorials, tips, and behind-the-scenes content.  Everything I work on will be shared here first so stay tuned and enjoy!  Contact: @aadilop"
scenedafilm,channel,Scene da Film,807,"🎞La prima raccolta delle immagini dei film che ami,da guardare, sfogliare e cercare per vederli di nuovo🎞  📽Scene da Film, il tuo album del cinema📽  Info: @scenedafilm_bot  👣 @disagioinunclick  ✨ @sparklingnetwork"
hot_scenes_movie,channel,Hot Scenes Movie,80,
sceneofheart,channel,𝚂. ೀ,742,"ㅤㅤㅤㅤㅤㅤ tethers locutions @papersota esprit de corps, @aubestelle & clout on 90's romance clip dole out. ‎ꫂ᭪݁  ㅤㅤㅤㅤㅤㅤ"
armyofskaters,channel,Армия Фигурного Катания,529,Спортивный Клуб https://figureskatingarmy.ru/
s1ttel_s1ttel,channel,s1ttel,653,https://linktr.ee/s1ttel
catslotereya,channel,kitten ^^,1367,
shtyken,channel,штукень,619,наличие – https://t.me/shtyken_nalichie  задать вопрос или заказать – @petinaAn
k1ttypin,channel,⌗ kittypin 🐾,1077,вышиваю значки и брелочки на заказ ★ ♡ личка: @sol11lo   прайс и остальная инфа в закреплённых!!
incels_sng,channel,Инцелы СНГ Darkpill,766,https://www.youtube.com/@chim_chim282 - мой ютуб канал https://www.twitch.tv/chimchim282 - твич где проходят стримы https://dalink.to/mrzaik - донат https://vk.com/allpill?from=groups - группа в вк https://boosty.to/chimchim - бусти
shabattle,channel,ШАБАТТЛ,192,Баттл реп в Израиле  по всем вопросам - @shm9kva тгк шмяквы - @shm9kvaa тгк мц шмяквы - @shm9kvaaa
santelierka,channel,KaTA Sаntelier ! ⋆｡𖦹°‧,213,Здравствуйте!! Я диджитал художница - Ката !!🍪🎵 Л с: @KaTA_Santelier Второй админ: @Yamete_kudesai_kirpich Прайс: https://t.me/Santelele Инфо: https://t.me/Kata_pravit_mirom Ибис пеинт: https://ibispaint.com/artist4/8998605571597085/?type=ill
dreamkey72,channel,Сказочная лавка Катрин,247,Добро пожаловать в мою волшебную лавку🧚🏻‍♀️  Авторские украшения ручной работы и мерч ✨ВК https://vk.com/dream.key_72 Писать: @katya_ddd
skidkavpitere,channel,Скидки и Акции Санкт-Петербург Питер,78,
sahxbaraxolka,channel,Барахолка (Южно-Сахалинск)^^,121,Барахолка южно-сахалинск @Baraxolkasahx_bot тейки сюда
vladicksb9,channel,Whatislove?🍙,143,
kokutsin,channel,кокуцин стор,213,брелочки і інше  з приводу замовлення писати:@kokucin  власник: @cathet3r
skaterti_true_stok,channel,РОЗПРОДАЖ [Уцінка товару] skaterti_true,22,"Розпродаж та уцінка товару зі складу до -60%🔥 Скатертини: силіконові, водовідштовхувальні, українській орнамент, класичні."
skitten_official,group,$SKITTEN_OFFICIAL Buy Channel,32,This TG is abandoned. Please join the new skitten channel: https://t.me/Official_Skitten
animeruser,channel,Anime/shotgun,37,
skypka_prodaji,channel,Яндекс маркет!,53,"Яндекс маркет, низких цен!  По всем вопросам @PaVeLdepytatov"
shahrsofal_goldan,channel,عمده فروشی گلدان شهر سفال,14,✨️تولید و پخش انواع سفال و سرامیک✨ گلدان،خمره،آباژور/ظروف غذاخوری/دکوریجات  👈کانال مظروف: https://t.me/shahresofal👉  📍دفتر فروش: #لالجین، پایین تر از تامین اجتماعی ۰۹۱۸۹۰۸۲۳۸۸ ۰۹۱۸۸۱۳۹۰۹۶  📍کارخانه: لالجین، خیابان مهدیه 👤پشتیبانی: @A_shahrsofal
izyskateli,channel,Изыскатель,2996,"💬Клуб «Изыскатель»: t.me/izyskateli_chat 👉Канал «Изыскатель» - ведущий канал об инжиниринге и PRO стройкомплекс. И чуть-чуть романтики)  Сайт: izyskateli.info Связь: @izyskatel E-mail: vestnik@izyskateli.info  Соцсети: ""Изыскатель"""
iskateli101,channel,Искатели 101,992,"Мы приходим в этот Мир либо искателем, либо трутнем.   Быть трутнем — блаженство.  А быть искателем — великий труд, мы открываем каждую дверь, ступаем в неизведанную тьму в поисках света истины, движимые одной лишь страстью — обрести больше знаний и опыта"
skat_online,channel,SKAT ONLINE,402,"Cosplays, Twitch streaming and the life of a movie industry worker, well, and daily me also here"
iskateli_ai,channel,AI-агентство ИскателИ,248,Связаться с нами: @manager_iskateli_ai  Vimeo: https://vimeo.com/iskateli                                                                                            Наш сайт: https://aiskateli.ru/
iskatel,group,✨ ИСКАТЕЛЬ,270,"ДЕЛОВОЕ общение последователей русского учёного Николая Викторовича Левашова, участников Русского Общественного Движения «Возрождение. Золотой Век».  ❗️Излагаемые мнения являются частными взглядами авторов.  ⚜️ |🏠 родвзв.рус | ✈️ @rodvzv |"
cmolerwbookk,channel,cmolerwbook,55498,По всем вопросам — @whytnaee  Реклама — https://t.me/+zIoYcV5u1YU2OTNi  Остальная информация — https://t.me/cmolerwbookk/5
crysstalkate,channel,crystalkate,4379,по вопросам рекламы/бартера/вп и сотрудничества писать @phreshvampsswag  вся остальная информация в закрепе
ttd3dance3,channel,Роблокс TTD3 | Танцы 👾,3333,Главный: @ttd3_piars ( по пиарам ) Заместитель ( Правая рука ): @Gaddavp Заместитель ( Левая рука ): @theloser_0veR Остальная администрация: https://t.me/ttd3dance3/17647 —— https://t.me/ttd3dance3/10700 👆 Подробнее о пиарах 👆
airplanegraveyard,channel,ﾟ⊹ angelic nemesis ⊹ﾟ,2625,by Nemesida & Angelic Cats проза о жизни;   все эмодзи по тэгу #nemesidaemoji остальная информация в закрепе  мой ангельский язык для тг: https://t.me/airplanegraveyard/1293  inst angeliccentipede tmblr lacewovenoleander  @zombielamb_bot - связь со мной
en3rdr0ngy,channel,en3drin𑄝,803,реклама/отзывы - @rekendr вп-350+ вся остальная инфа в закрепе  https://linktr.ee/en3drin
little_book_club,channel,Выдра в Утехе 🧿,147,Логово Выдры ‼️қՐɿ੮ɿ८Һ૯ςқ૦૯ ƿ૦౮ՐՐՐ૯ઽҺძ૯Ոɿ૯ ԲคעՆ૦౮౮౮‼️ ...υⲏⲫⲟⲣⲙⲁцυя...ⲟⲧⲥⲩⲧⲥⲧⲃⲩⲉⲧ...
bitchatgallavich,channel,битчетгаллавич💃,976,Тут рады всем фанатам Бесстыжих🥰   ВЗЯЛИ МАТЕРИАЛ? ОТМЕЧАЕМ МОЙ ТТ - BITCHATGALLAVICH   остальная информация о канале и хэштеги в закрепе  владелец: @nadezhdaxspr мой инст: nadezhdaxspr  🇺🇦
coffuchzzz,channel,::ххФен.🎏🎏,264,Автор авы @Rayana_DiLoRi https://t.me/CoffuchZZZ/3744?single инфо https://t.me/boost/CoffuchZZZ буст @AnonimFenbot анон https://t.me/+Gw-9wi6ILdI1ZmEy щп  Лс: @LolChta
bybrokenmirror,channel,by broken mirror,491,"the key is adaptability.  ЦСКА, «Челси», остальная АПЛ и разные инфоповоды  Связь: @saintelllie"
there_is_one_card_left_tiocl,channel,There is one card left,85,Начало : 23.05.26
aoxdiae,channel,aoxdiae,328,гений бизнесвуман альфа  остальная инфа в закрепе twitter: https://x.com/aoxdiae
geigei1467,channel,Addams-Familie,421,Правила получения приза быть в чате Вся остальная информация https://t.me/geigei1467/17  В канале присутствуют маленькие байты
literallyeverything_net,channel,ᯓ СЕТКА ПО ВСЕМУ .ᐟ.ᐟ,235,
ximiyagovnoris,channel,"Рест! #химияговно, фикус рестовик",101,Le le le le фикус хуесоска  ВАРКА ПРИШЕЛ С1 С СИГНОЙ НАХ
k1rflashb,channel,𞥊 ᯏᏡᴧ϶ɯбᴇᴋи Ꮶиᴩᴀ:: пожизненный РЕСТ,154,"глупышка кир в пожизненном ресте щитпосты, иногда зарисовки и эдиты, все по канонам🙂‍↕️ амбассадор вадлан детка на сваге"
zajkachannel1337,channel,Заяц,2016,Заяц и его команда приветствуют вас на канале взрывной истории!   Канал  - https://www.youtube.com/channel/UCxgTNtX8LuhMxHQ56naTBfw/
tem7rlan,channel,𝐓𝐄𝐌𝐈𝐑𝐋𝐀𝐍𝐒𝐊𝐈𝐄,102,
lavandanight,channel,Канал художников Lavanda night,341,"Тебя приветствуют художники Lavanda night  Тут мы отвечаем на вопросы, выкладываем туториалы и другое"
trevelchip,channel,Тревел Чип🛫,314,Вас приветствуют Максим и Оля😊Рассказываем о своих путешествиях по России и миру при офисном графике работы 5/2 🌏
wmsisters,channel,🍁🍀WM Sisters 🍀🍁,238,"Вас приветствуют сестры косплеерки Wellz  и Maisy (Любовь)  Мы ведём канал вместе, все посты подписаны Рады что вы с нами)"
maslovayankoyt,channel,Maslova & Yankoyt,179,Марина Маслова и Алексей Янкойть приветствуют вас на своем канале. Здесь вы сможете узнавать о наших ближайших выступлениях и немного заглянуть на нашу творческую кухню.
miraiif1,channel,"Nothing, just an inCHident on the race.",237,"Админы и владелец телеграмм канала по формуле–1 «Nothing, just an inCHident on the race» приветствуют вас!   Наш ТикТок – https://www.tiktok.com/@miraiif1?_t=ZS-90fm55RKOb2&_r=1  Мой профиль автора на Фикбук —  https://share.google/NvmbHXhuL4ZU6ky1V"
duet_copylove,channel,CopyLove | дуэт,186,"Вас приветствуют Виктория Путро и Руслан Копылов, а вместе мы дуэт - CopyLove ✨  Здесь мы будем делиться с вами нашим творчеством, поэтому оставайтесь с нами и приятного просмотра (и прослушивания) ❤️"
raspisnoydomchat,group,Общение в «Расписном доме»,185,"Основатели ""Расписного Дома"" Ирина Де Висенте и Елена Речицкая приветствуют вас в греппе для общения любителей декоративной росписи. Заходите в нашу Библиотеку мастер-классов, фильмов и книг https://www.raspisnoydom.ru/biblioteka"
shkolamaterinstva07,channel,Школа материнства Перинатального центра КБР🤰👩‍🍼,141,"О материнстве осознанно👩‍🍼  Специалисты Школы материнства приветствуют Вас на нашем канале.   С нами вы сможете своевременно и осознано подготовиться к материнству, получите понятную и полезную информацию 💜"
alenashekotixina,channel,Не_Щекоти,276,"— любовь к фото, визуал, насмотренность, тренды, мысли, все о чем я хочу поделиться и что меня вдохновляет   — интересные локации, книги, лайф, съемки"
chernikova_kate,channel,Chernikova,311,♦️создаю бренд женской одежды The Che в суровых московских реалиях: the-che.ru ♦️ мой inst.: https://clck.ru/3QsKR7  для связи: @chernikova_katya
melichkakaka,channel,سبز,429,.سبز و‌ تمیز و خوشبو باشید.  t.me/HidenChat_Bot?start=210083398
kseniacherednikova,channel,Ксения Чередникова🍒,296,"Певица, ведьма, духовный проводник-наставник(меняю сознание, запускаю перемены) блогер, актриса, муз. рок-группа, авторские песни, каверы, педагог по осознанному вокалу, проект ""Мама и сын"",  победитель международного фестиваля ""Московская А-КАПЕЛЛА-2024"""
medichka125,channel,Ксения (chi)k | онлайн,111,"Основатель (CHI)K AGENT'S - SMM-агенство для брендов и бизнесов с онлайн-продуктами.  Живу в следующих соц. ролях: — предприниматель — контент-маркетолог — дочь, сестра, подруга — красивая девушка  — зажигалочка и энерджайзер Связь со мной: @ksu_wrxz"
chaika_peresborka,channel,ЧАЙКА • ПЕРЕСБОРКА,70,"Создаю карту из хаоса к порядку для себя и других.  Истории, находки, разборы и инструменты для преодаления кризиса и роста.  На связи 🤙 @vovaseagull"
super_chaika_channel,channel,БЕЗ ПРИКРАС | ЧАЙКОВСКАЯ,96,
elfaizess,channel,чеширский кот 🌙,76,романтизирует жизнь и танцует под песни дт(!)
ekzharik,channel,Кейт жэ🎋,53,"Жизнь, йога, собаки и бытовуха с любимкой 🧘‍♀️😋🐕"
sha1yapka,channel,Sha1yapa🎩🍂,42,Мяу
zdarova_bratishka,channel,Шизаторий Смака,17,"Мысли в слух, для своих и не очень"
chayskieqsk,channel,𝐬𝐤𝐢𝐞𝐪𝐬𝐤/ iska iriska,13,
scarybogdan1,channel,ОЧЕНЬ СТРАШНЫЙ БОГДАН,2860,Здесь хорошее кино  По всем вопросам: @deodatlitvinov
bagirovmusic,channel,BAGIROV,371,Слушать в Я.Музыке: https://music.yandex.ru/artist/8920273?utm_medium=copy_link  Мой паблик в соц.сети ВК: https://vk.com/bagirovmusic  Для связи: @bagirovproduction
kilderovv,channel,Kilderov,150,
virg_q,channel,~,68,
zaborskiy_fans,channel,Вести с полей заднего двора,298,
bobrbobrini,channel,📿Бобровая_Барахолка🔆,77,ЩП⬇️ https://t.me/+koGY8frTbJQ1MmU6 🥝🥝🥝 https://t.me/Bobisosek ~Инфо
bezbrendamedia,channel,Без Бренда,42,Наблюдаем за медиасферой и брюзжим. Без этих ваших личных брендов и бесполезного базара.
bezekb,channel,БЕЗБАШЕННЫЙ ЕКБ | Новости Екатеринбурга,29,"Суровые новости из самого сердца Урала. То, о чём молчат в официальных сводках, и то, что творят наши «безбашенные» земляки. Будь в курсе реальной жизни Екатеринбурга.  Предложка: http://t.me/Bezumkontent_bot  Мы в Макс: https://max.ru/bezekb"
yurikowee,channel,𐙚 безбашенный 𝒶𝓃𝑔𝑒𝓁 𝄞,16,
scilentio,channel,scilentio,2531,кмс по рейджбайту я: @marlowshtern щп: @sexyMMDunpacking6969
calendaroffashionevents,channel,КМС,1126,"Мода и всё, что с ней связано. Только у нас вы узнаете, какие модные события будут происходить в России. По вопросам и предложениям обращаться @RomanEfremov1"
trenernastyabushueva,channel,Тренер Настя Бушуева,4423,"Анастасия Бушуева  Личный дневник о теле и движении  КМС по гребле, специалист по движению, 1000+ пациентов.  Max: https://max.ru/join/DDtMc_DspjaDH83y9cig4R  Отзывы можно почитать здесь https://t.me/otzivorabite  Life канал https://t.me/+Q_ptv_qMZmQyZjgy"
cmsqad,channel,КМС,387,тут все: @neverdie148 @likitty3 @whoisrulled @dfdfdfdfdimafefilov @nikudikina
pinkeden,channel,розеден ♡(>ᴗ•),409,кмс по пинтересту
man1festorprime,channel,Manifestor,1699,
alexbiggys,channel,Алекс бигги ᕙ( • ‿ • )ᕗ,226,Армрестлер Тик ток: https://www.tiktok.com/@alexbiggyy?_t=ZS-90FSe2emRC0&_r=1 Ютуб: https://youtube.com/@alexbigggy?si=7C7mvCOEtAQ2kYjf Inst:alexbiggyy Возраст: 19 Рост: 190 Вес:75
kadyrov_arm,channel,Kadyrov Arm,48,Начинающий армрестлер.Становимся сильнее с каждым днем! Соц.сети👇  TikTok: https://www.tiktok.com/@dmitriy_kad?_t=ZS-8xrBPlj1mmA&_r=1  YouTube: https://youtube.com/@dmitriy_tuts?si=-V6-0tBZNnivXXWq  Inst: https://www.instagram.com/arm_dmitriy
blacksnakebite,channel,Black mamba wrestling,142,"Пытаюсь заниматься армрестлингом😉... КМС России; 4×Чемпион Ростовской области среди студентов; 3×Чемпион Ростовской области; 1×Чемпион ЮФО-2025; Вице-чемпион России среди студентов.  Всем крепких рук, друзья!"
mikhaylov_team_top1,channel,Mikhaylov Team⚡️,152,"❗️Команда Михайлова Максима по армрестлингу в КРД, ведем телеграмм. ❗️Михайлов Максим- МС по армрестлингу, Чемпион мира.                       🟢Для связи -@Italy_F1 - @maksim_armwrestling -@daniaoa"
mathematic_shkolnikam,channel,Математика школьникам,198,"Для родителей!  Если ваши дети хотят повысить свою математическую культуру или высокими баллами ЕГЭ взять резкий старт во взрослую жизнь, поступить в престижный ВУЗ, повысить свою конкурентноспособность.  Онлайн репетитор  Кавторина Елена Анатольевна"
dhayimath25,channel,الاستاذ ضياء عامر (الرياضيات ),417,كافح من اجل حلمك  ـ سوف تحصد ثمر النجاح  أعدادية كوثا للبنين  ثانوية دار العلم للبنين  معهد دار القلم الاهلي
iy_ab,channel,الرياضيات الأستاذ عباس سالم,174,
hczachet,channel,Хоккейный центр Зачёт,39,Центр хоккейной подготовки  🏒набор детей в хоккейную команду с 3 лет ⛸набор детей в секцию фигурного катания с 3 лет  ▪️ледовые тренировки ▪️ОФП / СФП ▪️бросковая зона ▪️hockey-treadmill  Наш сайт / Прайс / Запись https://zachet.center/
galileo_school,channel,"Галилео АКЦИИ, СКИДКИ, Новости",262,"Новости 🔥Акции 💯Услуги  - ОГЭ, ЕГЭ на 80 баллов и выше - Подготовка к школе - Летний лагерь - Онлайн-уроки для всех детей республики 💫  📍Тургенева, 10 / Кирова, 18, блок В 👉🏻Для связи и уточнения вопросов: https://t.me/galileoykt_bot"
math9gradeoge,channel,Математика ОГЭ и другое,84,"Привет. Меня зовут Николай. Здесь ты найдешь информацию:  -  по задачам из сборника ОГЭ, детальный разбор и решение.   -  по решению различных задач от самых простых до сложных.  По всем вопросам пишите в личку: https://t.me/MathPro100ForYou"
svsh_math,channel,Математика с Севастьяном | Школа математики 📚,52,"Частный преподаватель по математике.  На моих занятиях ребята начинают верить в свои силы и с радостью решать задачи.  Математика — это логика и жизнь, а не абстрактные правила.  @seva_feedback — отзывы. @seva_math — записаться на пробное занятие."
stoodak,channel,Отзывы учеников,4,Здесь вы найдёте отзывы учеников онлайн-школы «Студак» по следующим предметам:  🟢Математика профиль/база 🔵Русский язык 🟡Английский язык  🟣Физика   Для консультации и записи на занятия: @just_daniel123
na_5_ku,channel,"Дипломные, курсовые работы, диссертации, рефераты на заказ",5,"Здесь вы на связи с тем, кто умеет делать дипломы, курсовые, ВКР, рефераты и контрольные так, чтобы не придирались ни на зачёте, ни на защите. Нужна статья, эссе или полноценная диссертация — пиши, разберёмся. Всё чётко, по делу и в срок."
zayavki_repetitor,channel,Заявки на занятия с репетитором по математике,2,"Здесь Вы увидите перечень всех моих услуг, а также сможете записаться на любую, которая Вам понадобилась"
reviews_katuhihin,channel,Отзывы учеников katuhihin,2,Отзывы о работе с репетитором по математике Екатериной  Записаться на урок: @katuhihin
krosowmetro,channel,Krosow,645,
xo4y_tomsk,channel,Хочу! Томск,800,"🔥 Все самые сочные акции Томска 👀 Обзоры заведений, товаров и магазинов   📩всем вопросам писать: @xo4yhype_manager"
kramsayusp,channel,Психолог ЧББ и Стая🖤❤️‍🩹💍,433,Всем привет кошки🩷 Добро пожаловать в нашу маленькую семью Надеюсь вам будет интересно и приятно быть здесь  Может быть нецензура  Автор: @nighttyped Актеры: @nighttyped_chbb
krammr,channel,кrammr,252,"krammr | 19 | woman | nsfw artist | AI🚫 Original characters - Kroid, Esser, Rick, Vairagia, Marne   Вы сами несете ответственность за просмотр данного контента 18+."
pablo_msk_feedback1,channel,PABLO MSK | ОТЗЫВЫ,90,📦ТОВАР ПОД ЗАКАЗ: https://t.me/pablo_msk_store  ✅ТОВАР В НАЛИЧИИ: https://t.me/pablo_msk_instock  🥷🏿Наша группа ВК - https://vk.com/pablomsk
kramov_abat,channel,Абатбай КРАМОВ ✍,227,"Шайыр, журналист Абатбай КРАМОВ тың ✍ Поэзиялық дөретпелери ✍  🔰 Каналға өз досларыңызды мирәт етиң!!!"
xo4y_omsk,channel,Хочу! Омск,163,"🔥 Все самые сочные акции Омска 👀 Обзоры заведений, товаров и магазинов  📩всем вопросам писать: @xo4yhype_manager"
ktm_kharkiv,channel,KTM Kharkiv,63,
prkarlmarx,channel,в левой руке сникерс 🍫,2174,здесь про продвижение брендов в России и за рубежом  @di_kudryavtseva
tattofromruss,channel,"Tattoofromrussia | Мск,Брн 🎱",508,с тату машинкой в руке 👀💘  Записаться можно тут > @mashafromrussiiiiiia
nadinlifebooks,channel,Nadin’s life&books,304,О жизни с книгой в руке🩷  Для связи: @Nadin_Zhigulina
grishaversekaz,channel,Grishaverse,449,По всем вопросам обращайтесь к владельцу или правой руке♤ Владелец: @moonmoon_min♤ Правая рука: @RoNi99991♤ канал с видео: @grishaversevideo♤ бот-предложки: @grishaversecontent_bot♤
sexartmoscow,channel,SEX ART 🔞by SEX QUIZ,454,"🤫 Не просто арт-вечеринка… Рисуем свои игристые фантазии под бокал игристого…  🫦 держи кисть в руке, прям как…  💋… удиви холст и кисть своей фантазией…💋  Для записи на SEX ART 👉 @queen_of_all1 Другие проекты https://t.me/sexquizmoscow"
sujok_vasileva,channel,Су Джок 🖐 Елена Васильева,184,Как лечить болезни БЕЗ ФАРМЫ по точкам на руке Для связи: @vasileva_producer
post_librum,channel,человек дочитавший,353,"📚 Тоня  читательский дневник.  читаю с ручкой в руке, клею стикеры, делаю заметки на полях, оформляю развороты и иногда рисую. здесь — весь путь книги: от первой закладки до отзыва.  оставляю в книгах следы чтения — так я делаю их своими."
footballsochirussia,channel,Футбольный Сочи,573,"О сочинском футболе прошлого, настоящего и будущего. Поддержите нас: https://t.me/boost/footballsochirussia"
amirmotorider0111,channel,ᴀᴍɪʀᴍᴏᴛᴏ ꜰᴀᴍɪʟʏ,655,تابع قوانین جمهوری اسلامی ایران🇮🇷 اینجا خانوادمون صمیمی تره😍 لینک گروه موتو فمیلی👇🏻 https://t.me/amirmotorider_gap
pravoberega_markosyan,channel,Правоберега | Дивизион Маркосяна,184,
radiofascist,channel,Радио Фашист | Radio Fascist,625,Сток Правой музыки и Фашвейва./Stream of Right music and Fashwave.  Связь/Feedback: @Ducehimself
pravoberega_istomin,channel,Правоберега | Дивизион Истомина,118,
okolorusfut,channel,Вокруг да около российского футбола,331,"⚽ РПЛ без копипаста новостей  Превью, разборы, статистика и честное мнение  Пишу как вижу   По всем вопросам 👉 @xboxplayer28"
law_officialuz,channel,Law official | Sardor Bafoyev,177,Kuch - adolatdadir ! Murojaat uchun @Sardor_Bafoyev7
lemarlinart,channel,Lemarlin,307,"Здарова, это канал со сделанным на коленке названием, куда я выкладываю юродивые рисунки, сделанные моей левой и правой рукой просто так, по приколу. По коммишкам пишите в лс @Oil_Punk"
dvorovoiclubciganochka,channel,"Народный Официальный Брянский Клуб ""ФК ЦЫГАНОЧКА"" 🫶",146,Футбольный клуб «Цыганочка»
it_not_just_a_letter,channel,Д - это не просто буква,132,Аналитика прошедших и предстоящих матчей ФК Динамо Москва. Новости. Общение. И немножечко хоккея.  Для связи - @Alex_Izg
allabouttrauma,group,Всё о травме,442,Канал о полезной и актуальной информации о травме  Открытый клуб о методе работы с психотравмой Терапия идентичности©️ (Светланы Воробей) https://t.me/trauma_psy
therightwingsol,channel,The Right Wing,197,
pravo_medicina,channel,Право и Медицина,169,"Юридическая коллегия ""Право и медицина"". 🟢защита прав врачей 🟢гражданские и арбитражные споры  🟢юридическое сопровождение клиник 🟢обучение медицинских работников  Контакты: Telegram @pravo_med What's app +79627413138 pravomed.online"
pravotochka_group,group,Чат для читателей ПравоТочка,350,
rightsidenewsofficial,channel,Right Side News,147,Official channel of Right Side News
kaplann_10,channel,Уход под правую,123,Делаю уличный футбол в СПб Футбольный контент-мейкер
riformacittadinanza,channel,Riforma cittadinanza,98,Segui questo canale per essere aggiornato/a sulle iniziative legate alla campagna promossa dalla rete per la riforma della cittadinanza. Per info riformacittadinanza@gmail.com
mozhaeva_pravo_chat,group,Юрист Антонина Можаева | Чат,25,Чат канала @mozhaeva_pravo  Обсуждаем и разбираем ваши вопросы по защите прав потребителей  Консультация: @mozhaeva_antonina
pravovoj_navigator,channel,Правовой навигатор 📱,23,"Ваш карманный юрист в Telegram!  🕵️‍♂️  📌 Готовые шаблоны документов   📌 Короткие шпаргалки по законам   📌 Разборы реальных кейсов   📌 Опровержение правовых мифов   📌 Свежие новости за 60 секунд    Право, которое работает - а не усложняет!"
ctrlmeplz,channel,смотри и жуй,16,
ppospravedlyvist,group,"ППО ""СПРАВЕДЛИВІСТЬ""",9,
rightrussiabot,bot,Правая Россия | предложка,,"Не закупаю рекламу, вп от 250 человек, продаю рекламу. Цена договорна"
pravdaili_bot,bot,Правда или,,
moia_pravda,channel,СИЛА ПРАВДЫ - листок,1,"СИЛА ПРАВДЫ - информационный листок Редакции ЛЕВЫЙ БЕРЕГ (г. СПб) НАША ЦЕЛЬ - борьба за социалистические ценности, за свободу мысли и слова."
pravoross_kuban_bot,bot,Правовая Россия,,Правовая Россия
pravo_fr_bot,bot,PravoFR,,"Я — Луиза, бот-ассистент эксперта по иммиграции во Францию."
trud_prava_bot,bot,На равных - бесплатная консультация по трудовым правам,,
pravo_lis_chat,group,Чат | ПравоЛис🦊,2,Можно:  ✅Задать вопрос юристу  ✅Предложить тему для разбора  ✅Оставить отзыв  ✅Обсудить тему  Канал: https://t.me/pravo_lis  По вопросам сотрудничества: @razumovskaya_s_d
mobilization_helpbot,bot,СВОбодное право,,Юридическая поддержка военнослужащих и ветеранов
testrpu_bot,bot,бот-помощник,,Привет! Я отвечу на ваши вопросы по мероприятиям Right People!)
zdravoprav_bot,bot,ЗДРАВОПРАВО,,"🩺 ЗДРАВОПРАВО – бот по медицинскому праву РФ  📝 Консультации пациентам, врачам и клиникам: 👉(@venera_medurist)"
help46bot,bot,КСВО-Право,,
dochki_smesharikov_anon_bot,bot,анон off.evasmirr,,
aestheticsoflaw_bot,bot,Эстет права,,"Бот для связи с @aestheticsoflaw, @aestheticsoflawjob и @aestheticsoflawevents. Поддержать: Сбер 22022001 84953659"
doctorsby_bot,bot,Лекары за праўду,,Мы дапамагаем пацярпелым ад рэпрэсіяў у Беларусі абараніць права на ахову здароўя.  https://doctorsby.com/
righthigh_bot,bot,Реклама Правые Хайлайты,,По вопросам рекламы на канале @right_high
pravarabota_bot,bot,PravaRabotaBot,,
voxelpostpro,channel,Voxelpostpro,134,
torsion24,group,🛠️М105/БАЗА ЗАПЧАСТЕЙ 🚍,40,
irina_for_woman_group,channel,Женская Опора | Ирина Шишкина,269,Восстанавливаю женское здоровье Возвращаю оргазмы Материнство без потери себя 🩷  100+ выпускниц  Бесплатная консультация: @irina_shisha
lera_pro_akusherstvo,channel,От зачатия к объятиям ♥️,133,"🌸 Нежный путь к материнству🌸 Добро пожаловать в уютный уголок, где каждая ступенька — от первых трепетных толчков до первых объятий с малышом — наполнена заботой и теплом."
mindflarecare,channel,Метод Мари,62,"Помогаю восстановить связь с самим собой:   🔹 принять решение и начать действовать, если ты в тупике и не понимаешь куда двигаться дальше   🔹 работа с выгоранием, апатией, потерей смыслов 🔹 связь с телом и эмоциями  💬https://t.me/m/yIDNrw76Mzdi"
o_poleznom_s_mashey,channel,О ПОЛЕЗНОМ с МАШЕЙ️,145,"Живой блог борца за жизнь, только с вдохновляющими историями✌️ Админ @maria_poleznoye"
football_life_nic,channel,Жити Грою | Day by Day,162,
dr_smirnoff,channel,И без полиса приму | Дмитрий Смирнов,104,"Мой путь в медицине🚑, от санитара, до врача👨‍⚕️  ✅ Новости и факты из 🌏 медицины ✅👆вашу медицинскую грамотность😎 ✅ С ""медицинского""👨‍⚕️на ""русский""😊 ✅ Доказательная медицина📑  Per Aspera ad Astra🌌"
vitaplastica_doposle,channel,Центр Витапластики | До/После,10,
otzivi_pro_nasledie_roda,channel,Отзывы,4,Обратная связь https://t.me/pro_nasledie_roda о консультациях и родовой работе доверителей
splyushaekohakai,channel,культ сплюшлунёнка,1,"Да, это не щп"
po_polochkam,channel,По полочкам,4,проблемы гендерных ролей
liagrayliaa,channel,"𝓪𝓵𝔀𝓪𝔂𝓼 𝔂𝓸𝓾𝓻𝓼, 𝓛𝓲𝓪💌",2530,♟️Даркроманистая душа и потерянная дочь Рины Кент♟️ @tiyabookss - мое огненное сердце ❤️‍🔥    Канал 18+!!! Для связи - @lianikolan
xvostikitixoi,channel,Хвостики Тихой,204,Сбежала собака 🐕 или потерялся кот 🐈 пиши.Выложу❗Найдётся ❗ Пишите @BuxtaTixayaAdmin
mmimimimini,channel,потерянная,149,шиа. шестая из мизо!
ulitta_loves_you,channel,Потерянная участница,144,City of Stars
l0sts07ls,channel,1NFØ «L0$T SØÚL$»,210,". . // – мы палкой колбасы вырубили охранника. @bakeryflo0d — :: only a vampire can love you forever. @kpopflud_o  добро пожаловать домой, потерянная душа. войди, оставь своё сердце за порогом. оно тебе всё равно не пригодится."
ketzirololl,channel,Потерянная Вселенная,131,Укромная обитель среди бесконечного количества звезд и земель открыта для вас! Лс: @Wanderer4556
elonchk,channel,Потерянная Каркоза,84,Сериалы и игры со своей стилистикой  ᐅ Ссылки: https://t.me/elonchk/5
dyrynyshem,channel,потерянная во времени,110,
miracliiss,channel,замилька буся🌷,95,
mirela,channel,Mirela,266,DM: @kalloc
miroonovvaaa,channel,mironova,307,
mirena24,channel,Спираль Мирена 💯официальный канал,290,Сервис поиска и бронирования спирали Мирена по всей РФ💊  Заботимся о вашем здоровье с 2007 года  🔗Заказать Мирену: https://mirena003.ru
minervatvarina,channel,꧁Minerva,140,https://t.me/+lpE1cr-UGMdmNWM6
miretoti,channel,🪬 «Путь к себе» с Валентиной Комаровой,190,ПСИХОЛОГ | ИГРОПРАКТИК | МАК карты| ГВОЗДИ  Связаться: @valushamir Отзывы https://t.me/miretoti_otzivi
miriomire,channel,Мири о мире,153,"кинематограф представителей диаспор (diasporic cinema) и выходцев с Ближнего Востока, экспериментальное кино, современное искусство  inst : miri_skripil  поддержать канал : https://t.me/boost/Miriomire"
mirell72,channel,Мирэлль,80,"Комплексное оснащение государственных учреждений ""под ключ"" по всей России  Собственная фабрика мебели"
miren_o1,channel,minoren #new_history,77,спасибо за графическое оформление - @DOUV2T
spbmap,channel,Новости Петербурга,6228,"Новости, ДТП и полезное в Петербурге  Для связи: @vefont Обсуждение проектов: @here4"
pzsk1,channel,ПЗСК | Дом под ключ,1083,"Загородные дома, коттеджи и бани в СПб и ЛО 🛠    ✔ Реальные кейсы   ✔ Советы по строительству и выбору участка   ✔ Ответы на вопросы про каркас и брус   ✔ Живые истории клиентов    ПЗСК — строим дома, в которых хочется жить 💚  Менеджер - @OfisV_1zsk"
mtec_molo_bks,channel,"УО ""Молодечненский торгово-экономический колледж"" Белкоопсоюза",643,"Наши специальности: 👉Операционная деятельность в логистике 👉Бухгалтерский учёт, анализ и контроль 👉Программное обеспечение информационных технологий 👉Правоведение 👉Визуальный мерчендайзинг  Расписание занятий - @mtec_official_bot"
pbkasp,channel,🇦🇿P I N O ON,188,"👤Канал создан, чтобы освещать внутренние проблемы Азербайджана, с оглядкой на внешнеполитические реалии, в надежде изменить жизнь к лучшему не применяя оружия.  Обратная связь: @Tonkiy_Lirik"
tennisanalysts,channel,Стопа Надаля,518,Канал с лучшей теннисной аналитикой.
fromthestands,channel,Настя не разбирается,82,"Глагол ""разбираться"" имеет несколько значений: 1) понимать что-то, вникать в суть дела; 2) быть хорошо осведомлённым в чём-то.  Если нужна — @xbabedollx"
game_ball,channel,Геймбол,55,Канал о новостях из мира тенниса  🥎Новости  🥎Интересные факты  🥎Результаты матчей  🥎Интервью игроков  🥎И многое другое!  Также мы дружно общаемся и обсуждаем любимый вид спорта в чате  Хотите присоедниться- пишите сюда @alex_burh  Присоединяйтесь!
nocomm_off,channel,ноу коммент,25,Ноу коммент  Вопросы: @nocomm93
amurtigerstalks,channel,О чем говорят «Амурские Тигры»,51,Поговорим с Амурскими тиграми?
russiahockeyru,channel,Russia-Hockey,55,
touristcr,channel,TouristCR,1802,Про игрок в Clash Royale Tourist Мои рекорды: ladder #1 #3 #5 #6х2 #8 #8 #10 | GT #1 #1 #2 #3 Анонсы стримов и видео
tourismserbia,channel,ЭКСКУРСИИ ПО СЕРБИИ И БАЛКАНАМ,1718,"🌍 Путешествия по Балканам — это больше, чем туры 🗺️  Мы знакомим вас с историей и живой природой региона 🌿 Организуем всё, чтобы вы просто наслаждались атмосферой путешествия ✨  Расписание — в закрепе 📌  Бронь и вопросы @Ivan_belgra 📲"
balanceplans,channel,ПЛАНИРУЙ ЛЕГКО ✍️ все о гибком тайм-менеджменте,558,"⏰Канал о тайм-менеджменте в жизни, проектах и самореализации.   Автор - Анастасия Полянина @anastasha_timecoach , бизнес-тренер, преподаватель soft skills в РАНХиГС, эксперт по тайм-менеджменту, коуч.  Начни здесь 👉🏻 https://t.me/balanceplans/1966"
kulich22,channel,Бизнес Тайм | Инвестиции,1001,"Бизнес, инвестиции, финансы.   Оперативные бизнес новости. Инвестиционные идеи и советы успешных предпринимателей.  PR: @kulichik288"
rkdvc2023,channel,"ГБУ ДНР ""ГКДВД г.Донецка""",231,"Адрес- ДНР, г.Донецк, ул.Ульриха, 55 Главный врач-Депутат Донецкого городского совета ДНР Милус Ирина Евгеньевна  Телефон: +7(949) 304 05 89"
russianmovementofschoolchildren,channel,РДШ News,478,Новости Российского движения школьников  Мы в соцсетях: ВК: vk.com/skm_rus Rutube: https://rutube.ru/channel/25383926/
ddtklin,channel,Дом детского творчества г. Клин,548,
dorway_ddl,channel,Дорвеи ДДЛ,314,"Как сделать дорвей с нуля. Софт, шаблоны, приемы создания дорвеев. Предложения сюда @AShmalex"
sadovnikovdenis,channel,Денис Садовников,181,Официальный канал депутата Законодательного Собрания ЯНАО
illiandwarrenrus,channel,I promise it's the last time | Illi and Warren | ПЕРЕВОД,22,Привет! Этот канал посвящён моему переводу комикса «I promise it’s the last time» от sirpopepic на русском.  Лс влд: @MissWorldKillsHerself
watchinglolokf,channel,ᥴⲙ𐔖ⲧρя᥈𐔖ɯⲕυ ᥴ𐔥,60,Пикча с пинтереста Zara Влд: @Barsik0066 @WatchLoshk_Bot тейк бот
no_mercy_ru,channel,[Набор]NO MERCY | cf + news,51,"Кф где выпускается различное по плейсу No mercy! Раны, новости, различные рисунки и другое на этом канале!   я проклят 💀🥭💀🥭💀🥭💀🥭💀🥭💀"
bradpittcf,channel,𝐵𝑟𝑎𝑑 𝑃𝑖𝑡𝑡 𝐶𝑜𝑛𝑓𝑒𝑠𝑠𝑖𝑜𝑛 | 🕸,28,
mlpony_8585,channel,Май литл пони | Инфо,20,Канал: @MLPony_85 Предложка: @MLPony85bot
aredendrdt,channel,areden daily + cf 💙🧡,20,ареиден дэйликф! own rina/reina @edentobisa cr аватарка :: @Ru5813370 on x
signbylacrimayl,channel,ⲋⲓⳋⲛⲋ ⲃⲩ ⳑⲁⲥʀⲓⲙⲁⲩⳑ,10,TW TW TW!!  ~>゜)ーーー бот: http://t.me/signbotbot_bot
lilkamaherepiar,channel,Прайс Лилкамки,7,
vpkkdpom,channel,vp’chnl,6,channel :: @kdpomm
pomidorchekkkk,channel,[🍅] — ВЛП,14,"Канал с видео, стикерами от Великого Лорда Помидоров. 🍅🍅🍅🍅🍅🍅🍅🍅🍅🍅🍅🍅🍅🍅🍅🍅🍅🍅🍅🍅🍅🍅🍅🍅🍅🍅🍅🍅🍅🍅🍅🍅🍅🍅🍅🍅🍅🍅🍅🍅 — разбирайте Автор Аватарки — https://t.me/podvalmafiosochek"
extimerscff,channel,𝗲𝘅𝘁𝗶𝗺𝗲𝗿𝘀𝒸ₒₙ𝒻ₑₛₛᵢₒₙ,4,
wbmonsterisk,channel,ВБ находки 💜,10,
pizzamonsterguyblog,channel,🐀_</мышь Sayori\>_🐁,9,
lysvacf,channel,Лысьва confession[🦄🔴],5,
vproughmanhwa,channel,mp rm,7,
pizzapiecf,channel,@ _𝓟 1zza𝘱𝘪𝘦 c𝐨ñf,7,
melody_random,channel,🎤Pан9оM Bо5роCы 🌺,2,‼️Данный канал создан НЕ для докса‼️  Маскот канала: Мелоди
vpimpt,channel,"вп ""розмови про важливе""",3,
thevirusgameconnfesion,channel,ᴛH4 V|RUS G@ʍ4 D@ILY/ᴄ0NNFᴇSI0N,3,
vp_ladyroom,channel,вп с @ ladyroom 💌,2,
besttrueirl,channel,⤷ BEST & TRUE IRL 」| mp days !,3,по вопросам : @venchegg
friendloll,channel,Looking for friends!!,1,Канал для поиска друзей По вп - найдете пост через инфо/ отметьте администраторов если не понимаете где.0+
valeraperehodnik,channel,‼️ПЕРЕХОДНИК‼️,1,
vakansiiyenakiyevo,channel,Работа в Енакиево,3458,📌По всем вопросам: @top_manger
rosatom_job,channel,Работа на объекте РОСАТОМ в Троицке. Вакансия.,1442,
stroikavoronezh2,channel,ФК «Стройка-2»,118,Офицальный канал второго состава футбольного клуба «Стройка» Воронеж
smolevichi_novosti,channel,"Смолевичи | афиша, работа",1020,"📌 Здесь публикуются объявления, вакансии и другая полезная информация Смолевичского района     🤖 Бот для ваших сообщений: @smolevood_bot   Наш сайт: smolevichi-24.by Основной канал: @smolevichi_mp"
vvtropanez,channel,Валентина Тропанец,476,Заместить главы  городского округа Лосино-Петровский  Сфера  деятельности - социальная
stroikg,group,Строительный Чат КР🏗 🏗,741,"Здравствуйте дорогие друзья ! В ЭТОМ ЧАТ ВЫ МОЖЕТЕ РЕКЛАМИРОВАТЬ СТРОЙМАТЕРИАЛЫ , ПРЕДЛАГАТЬ УСЛУГИ ИТД ТОЛЬКО ПО ТЕМЕ ☝ УДАЧНЫХ СДЕЛОК ТОВАРИЩИ🙋 ССЫЛКА НА ГРУППУ https://t.me/stroikg  Добавляйте друзей самостоятельно  в группу,нажмите добавить контакт"
umarovinfo,channel,Александр Саидович Умаров,811,Канал о жизни ВДЛ Забайкалья
residentevilirl,channel,⌗ [ 🕯 ] 𝗥𝗲𝘀𝗶𝗱𝗲𝗻𝘁 𝗘𝘃𝗶𝗹 ( !! ) 𝖬𝖠𝖨𝖭 𝖨𝖱𝖫 𓏵,24,@residentevilirlbot - предложка/бот тех. поддержки. ________________________________________ @sh11zu - влд.
tlgmollyblog,channel,mollyyyyy is here,24,
dollysfactorynewss,channel,Dolly's factory news,30,"указывайте нас как источник, если вы берете у нас информацию по игре ! по всем вопросам к владельцу — @toolkienkyle или в бота — @dollysfactorynewss_bot"
souzvselennoidelon,channel,Союз ВД | Вселенная Делон инфо,13,
lolcaxarokb,channel,[день ВП DW] ПОКУПКИ ОТЛИ!,3,Магазин где можно заказать любую хотелку в мире денди!
coop_idleworld,channel,彡ɪ-ᴡᴏʀʟᴅ ᴄᴏᴏᴘ *ೃ༄,1,
mlwhateperehodnik,channel,Переходник млв хейта,5,
vanoiblog,channel,ᴠᴀɴᴏɪ ʙʟᴏɢ.,3,
kiraisafutureidol,channel,Вп Юко 💕,3,
infofromvilsya,channel,инфо виллсовны,2,
gladiatorvalakas,channel,Глад Валакас,58102,ГладВалакас Official
gladiatorfitnam,group,GLADIATOR GYM(official group),209,"GLADIATOR FITNESS CLUBNING RASMIY TELEGRAM GURUXI.  Добро пожаловать в официальную группу  фитнес клуба ""GLADIATOR"" ( Наманган ) Info: @kholmirzaev92  ☎️94 159-22-20"
cryptogladiatorleague,group,CryptoGladiatorLeague,11108,
thegladiator,channel,Gladiator Official,82,"Welcome to GLADIATOR (GLR) Fantasy Sports Token. First of it's kind token through which you can play fantasy sports with ease and transparency. Know all the latest updates of Airdrops, Token Launch and more here.."
cryptogladiatorgame,group,Crypto Gladiator League,140,
gladiatormemez,channel,آخرین گلادیاتور,3489,
rinatgladiator,channel,Rinat Fakhretdinov,4823,
gladiatorstoree,channel,Gladiator Stars,644,Работа 24/7  Тех. Поддержка: @gladiatorowner
gladiator_fitnessnam,group,Gladiator_fitnessNam,12,GLADIATOR fitness💪 📲+998933742222 💯🏋️‍♂️🏋️‍♀️🚴‍♂️🚴‍♀️🏃‍♂️🏃‍♀️🧘‍♂️🧘‍♀️💪🥊 Admin. @Millioner_uzadmin www.Instagram.com/Gladiator_fitnessnam  Бизга уланинг ⬇️⬇️⬇️
dogiatorsexp,channel,Dogiators True Community,1682,https://t.me/truecommunity - Channel for English-speaking users
gladiatorcheyz,channel,🖤 𝐆𝐋𝐀𝐃𝐈𝐀𝐓𝐎𝐑 𝐂𝐇𝐄𝐘𝐙 🖤,1591,приветики я Лина🖤 лкд🖤 анон: t.me/anonaskbot?start=cheyz4ik  тик ток :www.tiktok.com/@lenusya016 заметил актёр бобби 🖤 верна только чейзу🖤 в канале присутствует лексика 18+(маты)🖤 цель: чтоб заметил чейз 🖤 канал создан 17 ноября 2025
budnigladiatora,channel,Будни Гладиатора,1075,"Много новостей, авторское мнение, статьи и инсайды о Великом и могучем Присоединяйся скорее!  Спортс.ру-https://www.sports.ru/tribuna/blogs/kb_gladiator/ Дзен-https://dzen.ru/id/5d28801914f98000adfc9c41?share_to=link  По поводу рекламы - @Kirill1922SM"
gladiator_belgorod,channel,GLADIATOR BELGOROD,251,"Добро пожаловать в клуб единоборств «Гладиатор», г. Белгород"
gladiatorsup_chat,group,GLADIATOR SUP Chat,264,Чат для общения владельцев SUP-бордов Gladiator  Официальный канал @gladiatorsup  Сервис: service@gladiatorboat.com  По вопросам рекламы и сотрудничества @gladiatorboats
gtorns,channel,Gatorians,713,
gladiatorhwan,channel,Gladiator,95,
gladiatoryntv,channel,Гладиаторы,398,"Шоу, испытывающее на прочность! 💪🏻  Премьера - по субботам в 13:00 на НТВ🔥  Подробности о шоу: www.ntv.ru/peredacha/Gladiatory   Подписывайся 👇🏻 ВК: vk.com/gladiatoryntv ОК: ok.ru/gladiatoryntv Дзен: dzen.ru/gladiatoryntv"
pacifistgladiator,channel,Пацифист ㊙️,939,личка для вопросов/сотрудничества - @qhyku  https://t.me/boost/pacifistgladiator
wbs_glador,channel,WBS | GLADOR,1330,Что будет на этом канале? На этом канале будут публиковаться актуальные самодельные посты по играм Supercell. Ваша реакция очень важна для меня! Владелец: @peggSO2 Предложка: @Wbs_Glador_Bot
flouzer666,channel,flouzer,584,;)
gadkiy_gg,channel,𝐆𝐀𝐃𝐊𝐈𝐘,639,🦈ГАДКИЙнаБЛОКИ🦈  Лучший UC SHOP - https://t.me/gadkiyuc  Продать/Купить акк: https://t.me/gadkiysale  🦈лс: @mngGADKIY🦈
gladiatornarik,channel,ɢʟᴀᴅɪᴀᴛᴏʀ🫆,295,Мой лс - @gottieqq
krd_gladiatoria,channel,"Центр Исторического Фехтования ""Гладиатория"" г. Краснодар",297,"Историческое и спортивное фехтование в Краснодаре. Улица Ставропольская 55, ТЦ ""Royal City Mall"", 3 этаж"
theradiator,channel,🔥🔥🔥THE RADIATOR Oi-PUNK from MOSCOW🔥🔥🔥,468,"Привет! Если ты здесь, то ты попал(ла) в нужное время и нужное место! Здесь будет публиковаться в основном то, чего не будет в ВК. Жизнь участников группы, как в коллективе, так и вне. Приколы, фото, курьёзные ситуации и прочая информация. Welcome, ёпт!"
zelenograd_22mkr,channel,22-й микрорайон Зеленограда,546,"Самое важное и интересное о жизни в нашем районе и вокруг него  Чат района: t.me/+PRCsyjiN17Y4MWNi  Новости, вопросы @zelenogradru_helper_bot Реклама  @zelenogradru_reklama  18+"
zelenogradsknews,channel,Новости Зеленоградска,2897,👍 «Здесь ты найдёшь свежие и интересные новости города-курорта на Балтийском побережье!»  🗞️Также вы можете присылать нам ваши интересные новости в сообщения канала.  📣Прислать новость:  https://clck.ru/3Q5aP3  🔔По рекламе: https://clck.ru/3Q5d9x
undercut_cc,channel,Undercut,747,Зеленогрязь знаете? Мы делаем.  По всем вопросам @vndktv
eli_peli_zelenograd,channel,"Караоке-клуб ""Ели-пели"" Зеленоград",440,"Йо! Это ЕЛИ-ПЕЛИ — лучший караоке-клуб в Зеленограде. Любишь петь, тусить и ловить вайб? Тогда тебе точно к нам 🔥 Зеленоград, к124 — залетай и разрывай микрофон 🎶✨"
chupovv_blog,channel,ЧупоЛогия🧠,174,💸Менеджер в B2B и B2C продажах 👥Помогаю привлекать клиентов в бизнес от 25₽ ☝🏻В шапке полезный контент по продажам и продвижению 🔥В блоге сейчас больше лайфа   лс👉🏻@chupovv
zelenograd_beseda,group,Зеленоград 💚 Чат города | Zelenolife,35,Чат Зеленограда: 🏡 О своём районе и любимых местах 🌳 О прогулках по лесопаркам и прудам 📰 О городских новостях и событиях 💡 О полезных находках и лайфхаках  Предложить новость: @zelenolife_bot  Наш канал: @zelenolife
massageharmony1501zel,channel,массажный рай /Зеленоград,45,Приглашаю Вас к себе на массаж лица и тела  Красота без инъекции это возможно ❤️ Жду Вас по адресу :Зеленоград 1640 Бонус на первый визит 15%
zeltoner,group,🚗 Автотюнинг-студия в Зеленограде (Chat),7,Обсуждение и комментарии автовладельцев Зеленограда
zelenolife_bot,bot,Zelenolife_bot,,"Бот Zelenolife. Пришлите фото и новости о Зеленограде, и их опубликуют на @zelenolife Спасибо ❤️"
rcmgtu,channel,Регби Клуб МГТУ им. Н. Э. Баумана,319,Официальный канал регбийного клуба
rugbyonsofa,channel,Регби на диване,3266,
south_rugby,channel,Южное Регби,441,"«Бальные танцы — это контактный вид спорта. Регби — это спорт столкновений!» Уважение к сопернику — основа игры, определяющая её суть и благородство, разрушая миф о «спорте для избранных». Надеюсь, ты уже понял, что это твой шанс быть сильным?"
rso_rugby_team,channel,РСО | МОЯ ИГРА 🏉,209,Будни тэг-регбийной команды РСО Всем труд-крут!
rugbyzazaborom,channel,Регби за забором / Выходи играть,852,"Хулиганы играющие в хулиганскую игру   «Здесь мы пишем с юмором и иронией, потому что это ближе ребятам. Но за каждой шуткой — настоящая работа по социализации и поддержке подростков»  Голосуем за канал ⬇️ https://t.me/boost/rugbyzazaborom"
cpsrugby,channel,ЦПС. LIVE!,448,"🏉 Официальный телеграмм-канал Центра проведения соревнований.   Новости Чемпионата России по регби, Высшей лиги, Федеральной лиги, прямые репортажи с туров по регби-7."
nobullshitletsgoo,channel,Rex投注紀錄,719,
gausstagrugby,channel,В ТЭГ-Регби с GAUSS Ярче,144,Про спорт - как неотъемлемую часть жизни 🏉🤍  Влюбляем в ТЭГ-регби ✨  Официальная страница продукции GAUSS https://t.me/gauss_russia
rugby_stickers,channel,Rugby Stickers | Стикеры Регби,159,"стикерпаки, наклейки, арты и прочий околорегбийный контент"
regbistmar,channel,Регбисты МАР-ЗЕЛЕНОГРАД,406,МОСКОВСКАЯ АКАДЕМИЯ РЕГБИ  РЕГБИ-игра интеллигентных хулиганов)
rolr24,channel,Разговоры о любительском регби,170,Предложения и сотрудничество - @mishayoung
granit_rugby,channel,Регби-клуб Гранит,470,"Официальный телеграм-канал РК ""Гранит"". Главные клубные новости, события, результаты игр и.... немного юмора🔥🏉👍"
wrugbyrussia,channel,Регби на колясках России,186,Канал про регби на колясках:  - новости и анонсы  - разбор правил и игровых ситуаций  - истории команд ✌️ будет интересно  По всем вопросам и предложениям: @NataliaKamol
ryazan_rugby_federation,channel,Федерация Регби Рязанской Области,74,"Официальный канал Федерации регби Рязанской области. Мы развиваем, поддерживаем и продвигаем регби на родной земле. Спорт. Характер. Единство."
ratyrugby,channel,Регби-клуб «Рать» Екатеринбург,255,"Любительский регбийный клуб «Рать» (г.Екатеринбург). Новости из жизни команды, результаты матчей и многое другое  – оставайтесь вместе с Ратью!  Подписывайтесь на нас в соцсетях:  ▪️ https://www.instagram.com/raty_rugby  ▪️ https://vk.com/raty_rugby"
rugby25,channel,Федерация Регби Приморского края 🏉 🐅 ⚓️,256,"🌊 Федерация регби Приморского края – официальный Телеграм-канал о регби в нашем прекрасном крае! Здесь вы найдете: 📅 Анонсы и итоги соревнований, турниров и мероприятий; 🎉 Обзоры матчей и яркие события из мира регби Приморья #РегбиПриморья #ФРПК"
dremovmikhail,channel,Дремов Михаил Васильевич,170,Директор ФГБУ «Юг Спорт»
rugby_school103,channel,СШОР «Южное Тушино» 🏈,220,Спортивная школа олимпийского резерва ЭТО: Индивидуальный подход к каждому ребенку. Работа в команде. Повышение уровня физической подготовки. Профессиональные тренеры. Занятия бесплатные
mrnrugby,channel,Московская регбийная неделя,196,"Спорт, регби, Москва"
mgusitt,channel,РК МГУСиТ🤍,143,Женская регбийная команда университета мечты «МГУСиТ»
rugby38,channel,Федерация регби Иркутской области,26,Общественная организация
ctmstore,channel,ctm-shop.ru,91,Магазин спортивной атрибутики регбийного клуба «Енисей СТМ» По вопросам покупки +79082100459
gureticker,channel,DAWIT (GURE) OFFICIAL,1023,Contact 👉 @Dawit_M29  Waaqa keetti Amani Namarraa waa hin Eegin Dafqa keen Jiraadhu Abdiidhaan hin seeqin   @gureticker     GALATOOMAA💥
galiciamaxica,channel,Galicia Máxica,770,Canal de Telegram de www.galiciamaxica.eu  Galicia Máxica
auroratoto1official,group,AURORATOTO1 OFFICIAL,297,"Selamat datang di AURORATOTO1 Situs Judi Online Tergacor, Aman dan Terpercaya. Twitter Auroratoto1 : https://x.com/auroratoto_satu Instagram Auroratoto1 : https://www.instagram.com/auroratoto1/ Link Alternatif Auroratoto1 : https://shtme.pw/at1"
agorag1,group,AĞORA Ğ1 [Tejiendo Red],226,"Espacio dedicado al proceso de certificación, RdC, y a profundizar en los fundamentos de la moneda Libre Ğ1 ¡¡ Gracias a la Escueleta Valenciana y a la comunidad Ğ1 por la documentación !! Cesium²: g1KNQZUFMiDVh5QaD3JsceoDjTJxcU7nDExX9AakJbWnd2qPT"
kinggaruda138gacor,group,KINGGARUDA138™️ OFFICIAL,402,KINGGARUDA138 : LINK DAFTAR SITUS GAME ONLINE SLOT TERPERCAYA  📌LINK ALTERNATIF3 : https://ofckinggaruda138.unitedhost.top/
beautysuffers,channel,𝑠𝑖𝑙𝑙𝑦 𝑚𝑎𝑑𝑜𝑘𝑎 𝑐ℎ𝑎𝑛໒꒰ 🥩 (!),313,૮₍ ´𖦹 ˕ × ₎ა くそ Арт на аве- @shikisnremyslove
gua_meme_en,channel,GUA,85,Trust the process
agoraludens,group,Агора игровая,110,"Обсуждение нарративной, социальной и философской составляющей компьютерных игр с точки зрения игрока и гейм-дизайнера, а также небольшие обсуждения конкретных игр.  Сами игры находятся здесь: https://t.me/AgoraGaming"
gumaatajaalalaa,channel,Gumaata Jaalalaa,151,Ati; Hunda garaan geessu  Kutanii yoo darbani Bakka yaadan ga'u Yoo abjuu qabaatanis Abbaa mirgaa ta'u  Yoo karoora qabaatan Jiruu walii murteessu Galmee haqaa irratti Seenaa Ofii galmeessu
auroratoto2,group,AURORATOTO2 OFFICIAL,135,"Selamat datang di AURORATOTO2 Situs Judi Online Tergacor, Aman dan Terpercaya. Twitter Auroratoto2 : https://twitter.com/aurora_toto  Instagram Auroratoto2 : https://www.instagram.com/auroratotodua/ Link Alternatif Auroratoto2 : https://swcat2.net/at2"
dochmomoa,channel,Дочь Момоа,15,
ryoraxs,channel,нежность,59,
gmalloria,channel,маллор хуесоска,50,"Юз владельца канала @teri0lzZ. Ну типо канал, не знаю что ещё написать,  #тетогруша #миленамоямать #маллорияонлайн"
canalgiro0800,channel,Giro0800,7,Informações gratuitas sobre o Rio de Janeiro
thesnusersxd,channel,Гойда анонова дмитрия,30,"Гойда братья и сёстры, гойда"
guiamanresa,channel,GuiaManresa,33,Infomació guiamanresa.cat
goaurorabot,bot,GoAurora,,
agora_products_bot,bot,Agora_Products_Bot,,💻 Официальный telegram-bot AGORA  ENTERPRISE-платформа для автоматизации закупок и электронной коммерции.
avrora_vip_bot,bot,АВРОРА - бесплатная реклама,,Сервис для рекламы и заработка
agorashop_bot,bot,agorashop_bot,,
agora_virtuals_bot,bot,Agora,,"Agora is a virtual agent facilitator, connector, and enabler."
kino_ne_po_shablonu,channel,Кино НЕ по шаблону,310,От привычного сюжета — к непривычным выводам...
ideawinemaker,channel,ИДЕЯ ВИНОДЕЛА,322,"«ИДЕЯ ВИНОДЕЛА» — бренд, который выходит за рамки привычного представления о вине  ideawinemaker.ru"
izagoriz,channel,Загоризонт Ирины Загорской,318,"Ирина Загорская  Личный блог о лидерстве, коучинге и жизни за горизонтом привычного.  Руководитель E-commerce Глобус, коуч ICF, фанат цветущих балконов."
aviacionoe_voorugenie8f,channel,"8 факультет ""АВ"" ВУНЦ ВВС ВВА им. Профессора Н.Е Жуковского и Ю.А. Гагарина",375,"ФАКУЛЬТЕТ АВИАЦИОННОГО ВООРУЖЕНИЯ Специальность: ""ИНТЕГРИРОВАННЫЕ СИСТЕМЫ ЛЕТАТЕЛЬНЫХ АППАРАТОВ» Специализация: «Эксплуатация авиационного вооружения комплексов с беспилотными летательными аппаратами* Квалификация: инженер Специальность: «ЭЛЕКТРОНИКА И АВ"
drsobakina,channel,Dr. Svetlana Sobakina,911,"Блог ветеринарного хирурга, влюбленного в урологию, сосудистые аномалии и эндоскопию  Оперирую в ИВЦ МВА, г. Москва  Онлайн консультации в @svetlana_sobakina"
libraryvavt,channel,Библиотека ВАВТ,624,"Информация о работе библиотеки Академии, новостях периодики,  электронных ресурсах, новых поступлениях"
escolavalenciana,channel,Escola Valenciana,613,Som l'Escola d'ActivistesPelValencia.org! Fem les #Trobades2026 | #VoluntariatpelValencià👅 | #feslloc 🎶| Cinema 🎥 i molt més!
vivabutovo,channel,ТЦ «Вива»,241,"Приветствуем вас на канале ТЦ «Вива»!  Здесь вы найдете информацию о магазинах, услугах, развлечениях, которые будут представлены в ТЦ «Вива», а также сможете задать любой вопрос."
uvvaclub,channel,UVVA.Club — Nutra CPA Network,105,"Международная CPA-сеть и прямой рекламодатель в нутре.  Эксклюзивные офферы, высокие капы, свой колл-центр, гибкие условия. Связь: Роман — @xkmrdx  📍Гео: Грузия, Армения, Таджикистан, Узбекистан, Литва, Латвия, Эстония."
viva_stomatology,channel,ВИВа стоматология,56,"Все виды стоматологических услуг - имплантология, ортопедия, пародонтология, терапия.   Клиника работает с 2004 года.   Москва, Дыбенко, 2 8-495-451-24-49 www.vivast.ru"
veva_stomatology,channel,Стоматология «Vevá»,194,"По любым вопросам писать сюда: @veva_stomatology_kursk  Полный спектр стоматологических услуг для взрослых и детей в одной клинике👨‍👩‍👧‍👦  ⚜️ НАШ АДРЕС г. Курск, ул. Сумская, 44 (ТЦ Европа - 5, этаж 3)  ☎️ Контактный номер: +7-4712-326-629"
avastudio_production,channel,AVA studio - креативный видеопродакшн,146,"Решаем ваши бизнес-задачи с помощью видео и графики, работаем в Москве и по всей России.   Если остались вопросы или хотите обсудить проект, пишите сюда👇🏻  @AVA_studio_videoproduction"
nevastore81,channel,Нева,128,Neva brand Одежда для спорта и жизни Our choice is fancy sport spirit  🎾Сделать заказ: https://neva-store.ru  Мы в соц. сетях: 📸 @ neva.store81
ivaflowerstudio,channel,ИВА Цветочная Студия,119,"ИВА Цветочная студия   • Авторские букеты и композиции  • Быстрая аккуратная доставка Белгород, Есенина 9к3 Пн-вс 10:00-21:00  +7(930)089-09-89  @ivaflowerstudio_31"
vota1796,channel,ВПБА,40,Офіційна сторінка Волинської Православної Богословської Академії
vira_team1_ir,channel,ویرا تیم,20,⬅️ ارتباط با ما: @Sabtenam_Admin100  ▪️کانال بله ویرا تیم:  🆔️ https://ble.ir/Vira_Team1
sergyipoyarkov,channel,Сергей Поярков💪,11785,Ничего Святого с Сергеем Поярковым
stjohnmaximovitch,channel,Brotherhood of Saint John the Wonderworker,1690,"An online brotherhood of Orthodox men sharing content from their journey in the faith, all are welcome."
vmeste_po_svyatinyam_shop1,channel,Вместе по Святыням. Магазин,2122,Продукция из храма Святого Спиридона Тримифунтского (Корфу) 🌿Все товары освящены на мощах Святителя Спиридона🙏🏼
st_demetri_tula,channel,Церковь св. вмч. Димитрия Солунского г. Тула,121,
santegidiomoscow,channel,Друзья общины святого Эгидия,787,"АНО ""Друзья общины святого Эгидия"". Добровольческое движение ради мира, диалога и бескорыстной помощи бедным людям в духе христианского объединения @santegidio  Почта: info@santegidiofriends.ru Сайт: santegidiofriends.ru ВК: vk.com/santegidiomoscow"
thechurchoftheholyspiritdzr,channel,Храм ССД на апостолов,119,"Приветствуем всех на нашем канале! 🌿 Здесь мы делимся актуальными новостями храма, расписанием богослужений, фото и видео материалами жизни прихода, а так же рассказываем о святых, об интересных фактах церковной истории, и не только! Мы Вам рады! 💚"
kiiiruuus,channel,бульбуль🫧,1557,культ ланы дель рей и ничего святого инфопост - https://t.me/kiiiruuus/10 анонка: @kiruuus_bot
gloraxteam,channel,Команда GloraX,2270,"Всё о команде, которая строит будущее💙  🔹Внутренняя культура и ценности 🔹Истории успеха сотрудников 🔹Вакансии и карьерные возможности   Официальный канал → https://t.me/byGloraX Все вакансии → https://hh.ru/employer/1568521?from=share_ios"
gtovsamobl,channel,ГТО в Самарской области,211,Региональный оператор комплекса ГТО в Самарской области  +78462120492 gaugto@mail.ru
gaurk82,channel,ГАУ РК «Ресурсный центр»,117,Супергерои в реальной жизни 🦸‍♂️  👉Спасатели и помощники МЧС  Ждём тебя🔥  Мы в вк: https://vk.com/dobrospasrk
waterengineeringgu,channel,Water Engineering GU |انجمن علمی مهندسی آب دانشگاه گیلان,151,کانال انجمن علمی مهندسی آب دانشگاه گیلان 💧  The Scientific Society of Water Engineering at Guilan University 💧
glitch1com,channel,𝚐̷𝚕̷𝚒̷𝚝̷𝚌̷𝚑̷.𝚌̷𝚘̷𝚖̷,43,"Мы - студенческое медиа объединение МФЮА.  Сбой. Системная ошибка. Но мы не баг, мы фича. Ты чувствуешь?  https://vk.ru/glitchmedia"
geropharm_dialog,channel,Диалог с Герофарм,10,
tanjasnutrition,channel,Zimfer Nutrition 🍉,7,Холистическая нутрициология на пользу вам.
sdrobotenki,channel,Команда КВН «Сергей Дроботенко»,152,"команда молодости нашей, команда, без которой нам не жить 💚"
rhktornado,channel,RHC «TORNADO» VLADIVOSTOK,31,
inmywhitee,channel,INMYWHITEE,680,mgmt: inmywhitee@gmail.com
azurovcommunity,channel,Azurov Community,428,"Для онлайн-тренировок или подготовки к соревнованиям пишите @azurovpro  🏆 Azurov Community – это команда профессиональных спортсменов, выступающих в бодибилдинге (IFBB). Под руководством Валерия Азурова."
hamburggegenkrieg,group,Антивоенный Гамбург — ЧАТ,472,"Группа россиян*ок Гамбурга, выступающих против агрессивной войны России в Украине. Правила публикаций в группе: t.me/HamburgGegenKrieg/1691 Инфоканал: https://t.me/nowar_HH"
altaybeats,group,Altay Beats Community,498,"Чат творческого объединения. Здесь публикуются и обсуждаются: анонсы предстоящих событий, отчеты о прошедших событиях (фото\видео), сеты диджеев AltayBeats, и артистов выступающих на событиях этого комьюнити  Правила в закрепе🎃"
vklnn,channel,Стальные диалоги с Вячеславом Калининым,223,Ex директор по продажам Rolls-Royce Power Systems в РФ. Тренер - переговоры и публичные выступления. Основатель SpeakerHub - сообщества предпринимателей и экспертов выступающих публично.
acaiaycasbakery,channel,aijia's yappatron,119,yap and spam
againstwar2402,channel,24.02.,112,"Канал для всех людей, объединенных антивоенной и гуманистической позицией, выступающих за мир и прекращение войны"
overboos,channel,OVERBOOS OFFICIAL,124,https://www.tiktok.com/@ovrrboos?_r=1&_t=ZM-932ncXBmdxL https://on.soundcloud.com/YeglZ0CnoThPu1Z1Fj
dina_macanist,channel,⋆𝕕𝕚𝕟𝕒_𝕞𝕒𝕔𝕒𝕟𝕚𝕤𝕥ִֶָ✧,101,"༉𝘀𝘄𝗲𝗲𝘁 𝘀𝗸𝘆☁️ ,, 🌚луна & солнце🌞   ⧼باچشمانم‌روح‌ِتورا‌میپرستم!⧽ ,, ࿊🪽🫀نوازش‌ دل⊹   ,, unkown: http://t.me/HidenChat_Bot?start=618920869"
novoselov_sergio,channel,NOVOSЁLOV,91,"Авторский канал журналиста Сергея Новосёлова. Реальные истории российских спортсменов, выступающих за границей.                                                                        Чат канала: @novoselov_sports_and_travel_chat  Для связи: @Sergio_Neovas"
annasobolevamatveychurakov,channel,Анна Соболева и Матвей Чураков| Official fan group,81,"Приветствуем Вас в  Официальной группе поддержки Анны Соболевой и Матвея Чуракова, выступающих в танцах на льду."
sranniki,channel,Сранники,44,"Два аболтуса играют на Покровке и анонсят свои выходы здесь, ну не прекрасно ли"
sherblackanna,channel,sherblackanna,1646,Официальная группа поддержки нашей с Егором пары @teamshcherbakovagoncharov
askyourdoctorethiopia,group,ዶክተሮን ይጠይቁ (ASK YOUR DOCTOR - ETHIO),7140,
holesecrets,channel,emplekton,518,"Канал не для всех. Без занудства и терпимости поведаю, как нам лгали и лгут, про Мир где мы живём. Изображения взяты из открытых источников. Мой канал- моё мнение. Emplekton. 18+"
ethiopian_postal_service,group,እንፃፍ,36,
unsafecures,group,"Aegrescit medendo: ""PharmaChaos""",17,"Approximate translation, ""the remedy is worse than the disease"". A place to discuss  how the failures of medical practitioners, and public health officials to safeguard public health are leading us to cultural iatrogenecide."
ethiohalo,group,ETHIO HALO,1,Bruh
salamatlikorayi,group,🙂Саламатлик орайы🏥,5,Егерде сизде кызыгыушылыктар бар болса усы номерлерге хабарласын!!!  +998 97 563 69 68 +998 33 383 22 05 Telegram admin @salamatlikOrayi
me1w1d,channel,Stargirl,169,981
zhukovskayakate,channel,zhukovskaya,131,
nataefr1976,channel,Наталия Ефремова😉,256,Архитектор-дизайнер🏛
shlakoioioi,channel,ʜʏëᴋ,26,"ебанутая, когда гиперфикса  @hhyukk"
slizjajz,channel,💋,48,
zachemha,channel,ZA4EM,71,
royalandbinance,channel,𝗔𝗜 𝗥𝗢𝗬𝗔𝗟 𝗤 𝗥𝗢𝗕𝗢𝗧,47,"The Most Legit Channel With Proof Of The Work , Free legit business Only Here 🔒🍭  Contact me baby🍑 : @NASTY2566    Thanks For Visting Us & Welcome Hope If You Like You win with us 🍾💰"
catwerq,channel,Fuckend,5,Samira glawnaя
meiloprice,channel,Прайс,3,
arrahiskka_bot,bot,арахис шлюх,,
y0gurtti,channel,@.Yogurt,48,Музи ( @SpiceJunior )  Goal 50🩷 назв. читается как йогурт Оформление от: @Omokag3
prodbyyungmolly,channel,@продбайянмолли #юнитиганьк #дарксайд,80,"мπ3 (πλоψαΔкυ) — 2000 ργбλεй  wαν — 3000 ργбλεй  τρεк oυτ — 5000 ργбλεй  эксλюζυβ — Δогоβоρηяк обλαкоζβγкα (сαγηΔкλαγΔ) — бεсπλατηо (prod. by yungmölly!) λαбы (соβмεсτкυ) χ1,5  Δм — @somuchcheese808  https://t.me/prodbyyungmollyarchive"
yujin4ever,channel,' Yujin 08,30,ламповая няша  Lovely Yujin не все обновы Goal 100
yung1288,channel,💋,79,
unicorn0325,channel,нытьё пельменя (тетя/мама таня),63,
yugenpf,channel,( ` ) Yūgen -,11,𝑎 𝑝𝑟𝑜𝑓𝑜𝑢𝑛𝑑 𝑠𝑒𝑛𝑠𝑒 𝑜𝑓 𝑏𝑒𝑎𝑢𝑡𝑦 𝑡ℎ𝑎𝑡 𝑤𝑜𝑟𝑑𝑠 𝑐𝑎𝑛𝑛𝑜𝑡 𝑒𝑥𝑝𝑟𝑒𝑠𝑠.
aboutmahnaz1,channel,Aboutmahnaz1🇷🇺,3751,اينجا از هر در سخني هست 🤚🏼محتوايي اصلي داخل اينستاگرامه: 😌 https://www.instagram.com/dr.mahnaz.esmaeilnezhad?igsh=bGo5dGcwdmN5Ymh6&utm_source=qr
live_moskva_chat,group,Москва Live Chat,484,Chat @live_moskva
chat_moscovv_1,group,Чат Москвы Moscow | Chat Number 1 ☺️,171,"""Чат""для общения!  Здесь вы найдёте приятное общение!   Мы из тех кто ищет позитив и грамотно применяет сарказм! Заходи и приводи друзей !  Ограничение 20+ https://t.me/chat_moscovv_1 Правила чата : https://telegra.ph/Pravila-chata-07-09-39"
mosgorlite,group,ЛЕГКОХОДНАЯ СЕКТА МОСКВЫ / ПОХОДЫ И ТУРИЗМ,176,"ПОХОДЫ МОСКВА И МО. ""МОСГОРЛАЙТ"""
moscowsettlers,channel,MoscowSettlers,693,"Hello! My name is Daniel. Welcome to my channel. I am an American veteran living in Moscow, Russia. I will show you how it is to raise children, work and live in this beautiful country."
mostmscw,channel,Most Moscow,297,Most Moscow is an independent online music broadcasting platform based in Moscow.   https://taplink.cc/mostmscw
moscowxml,channel,Moscow | Tik tok,428,"Связь со мной: @MoscowAva (отвечаю в течении дня)  ТОП ДОНАТЕР ЗА ВСЕ ВРЕМЯ 🤴""  ТОП ДОНАТЕР МЕСЯЦА 👑 ""  ТОП ДОНАТЕР НЕДЕЛИ 🦁"
gdgmsk,channel,GDG Moscow Channel,147,"Google Developers Group — это некоммерческое сообщество разработчиков заинтересованных в технологиях компании Google: Android, Chrome, Drive и облачных платформах  Чат — t.me/gdgmsk_chat FB — facebook.com/gdgmsk.events/ Мероприятия — meetup.com/GDG-Moscow"
takayaraznayamoskva,channel,Moscow Vibe,176,Люди и новости Москвы👫Отдых🎭 Развлечения🎉 Услуги💅 Вкусные места 🌮Юмор🪓Ситуации  Ссылка для друга: https://t.me/takayaraznayamoskva  По рекламе @digital_telega
rabota_v_moscow_1,channel,Монтаж видео / арты на заказ,243,Все товары админа - @prodajy_1 Заказать - @Chasovoi_1
gihormoscow,group,Гихор Москва (чат),242,Очные мероприятия и приёмы в Москве
travel_in_moscow,channel,"Прогулки по Москве: АФИША, Локации, Знакомства",191,📅 МОСКВА. АФИША  👀 Интересные события 🤘 Популярные мероприятия 🤔 Необычные локации МСК 🧐 Лучшие места для посещения  https://vk.com/travel_in_moscow  Админ: @Sukhodolskiy_ru
iambirdstudio,channel,Дизайн студия “I am bird”,87,"• 15 лет практики в Дизайне и Архитектуре • Проектируем|Строим|Комплектуем • Сайт https://www.iambird.ru • Написать bird@iambird.ru  • Вк https://vk.com/iambirdstudio 𝗠𝗼𝘀𝗰𝗼𝘄,𝗥𝘂𝘀𝘀𝗶𝗮"
tuamigarusa,channel,Tu amiga rusa,107,Para hispanohablantes Desde Rusia con amor❤️
titova_tats,channel,titova_tats.jpg,105,@nicknamegirl_2004 для записи пишите сюда! Moscow
mosday,channel,MosDay • Новости,5,
musofirlar_live,group,Москва | Работа и квартира 🇺🇿🇰🇿🇹🇯🇰🇬🇹🇲🇦🇿,14,"• работа (подработка)🛠 • жильё (койка,комната,кв • продажа и другие объявление"
white_msk_bot,bot,White Moscow,,
trumoscowbot,bot,Tru Moscow,,
bmw_bez_nomerow,channel,Moscow never sleeps,1,
mnsdailybot,bot,mnsdailybot,,
beyond_msk_bot,bot,BEYOND. Moscow,,
tactical9_11a,channel,9.11 TACTICAL — سرمدا,1352,🛡 معدات تكتيكية وعسكرية من علامات عالمية موثوقة 📦 متوفرة للبيع بالجملة والتجزئة، بجودة يعتمد عليها للاستخدام المهني.  العنوان: مقابل حلويات جار القمر على طريق الدانا  التواصل: ...قريبًا...
uzdolya,channel,⚽️ UZDOLYA ⚽️,10,
portnightinfo,channel,✶INFO✶,12,
biskvitwmshop,channel,ʙɪsᴋᴠɪᴛ ᴡᴍ,9,
zvyazdatv_bot,bot,ZvyazdaTV_chatbot,,"Здесь вы можете: -задать интересующие вопросы, -внести пожелания и предложения,  -поделиться с нами интересной новостью."
zvezdanews_bot,bot,ZvezdanewsBot,,
zvezdopadtg_bot,bot,Zvezdopad | Бесплатные звёзды,,Самый лучший бот по звездам! ⭐️    Админ - @zvezdopad_support ✅   Канал - @zvezdopadtg  Выплаты звезд до 7 дней.
vipgrpzdc_bot,bot,LCPrivate,,"LOS CARPINCHOS — подписка с доступом к эксклюзивному контенту, записям стримов, общению и другим возможностям"
g7ultras,channel,G-7 ULTRAS,2131,
fia_profi,channel,Призвание | ФИЯ ДГУ,111,"Профориентационный канал для студентов и выпускников ФИЯ ДГУ: актуальная инфа о вакансиях, карьерных мероприятиях; полезные ссылки"
tifo_teamaltamura,channel,TIFO Team Altamura,7,Il Canale dedicata ai tifosi del Team Altamura. App per android disponibile gratis qui https://play.google.com/store/apps/details?id=it.mtl.tifoteamaltamura
aplfans_tg,channel,Football News🔥,681,
physcult,channel,Спортшкола Физкульт. Тренировки по футболу для взрослых в СПб,74,Футбольные тренировки для взрослых любого уровня.  Сайт: https://physculture.ru/.  Запись на тренировку: @Physculture
football_universe0,channel,⚽️football_universe(جهان فوتبال)⚽️,29,⚽️پوشش اخبار فوتبال(جهان)⚽️ https://t.me/football_universe0 (@universe_mq) مالک گروه
soccer1334,channel,Soccer🇸🇦,2,تعتبر كرة القدم واحدة من أكثر الرياضات شعبية ومحبوبة في جميع أنحاء العالم. نشأت لعبة كرة القدم في إنجلترا في القرن التاسع عشر، ثم انتشرت بعد ذلك في جميع أنحاء العالم. تتميز كرة القدم بلعبة كرة جماعية حيث يحاول فريقان تسجيل أهداف أكثر من مناف soccer-ar.com
betting_tips_telegram,channel,Betting Tips Telegram,4,📈 Daily Betting Tips & Sports Picks ⚽ In-depth Football Match Previews 📊 Data-Driven Statistical Analysis 🎯 Expert Accumulator (ACCA) Tips 🔥 Join our community & elevate your betting game!
navstrechy_zvezdam,channel,Навстречу звёздам | Таро 🔮,54256,"💫 Совет на день  💫 Ежедневный гороскоп 💫 Совместимость в любви  Узнай, что подготовили звёзды!  Реклама: @kam_rom   менеджеры: @vnsny , @Soon_97, @yaroslava_mg , @kisulik31 https://clck.ru/3PCj6h  ❗️Администрация не несёт ответственность за рекламу"
zvezda_vzagule,channel,ЗВЕЗДА В ЗАГУЛЕ | Лена Сорока,945,"Про свободу быть собой. 25 лет в деле как портной, имидж-стратег. Кейсы➡️ https://t.me/lenasoroka_key/1"
zvezda_sykt,channel,ИЗДЕЛИЕ 11. Сыктывкар,310,"Центр разработки FPV-дронов на оптоволокне при поддержке ""Военной хроники"""
proekt_zvezda,channel,НОВАЯ Я🧡БУДЬ СОБОЙ,422,2026 — ваш год прорыва! Готовы к трансформации? Стратегическая сессия 90 мин = ваш план на год Создадим вашу карту успеха вместе Запись: @sveta_pro_svet1 в ЛС ✨  P.S. Пишите «ПЛАН» Помогаю выйти из кризиса | ОТНОШЕНИЯ❤️ФИНАНСЫ
cultural_and_scientific_club,group,Культурно-научный клуб📖📚,22,
club15_women,group,Клуб-15. Женщины,20,Женщина и Красота👠
spkclub_sp,group,Spanish club,8,
clybriskani,group,Исторический клуб города Рышканы,12,
spkclub_it,group,Italian club,3,
kyleclub,group,KyleClub.org,11,"If your name is Kyle, check us out.  Frist, middle, or last name."
spkclub_fr,group,French club,4,
naumova_club_bot,bot,Женский клуб,,
clubavtorbot,bot,Клуб А,,
norbekovclub,group,rezervclub,2,
lumenclub_bot,bot,LUMEN | Women’s Club,,"Закрытый женский клуб LUMEN: офлайн и онлайн встречи, поддержка."
sspodolkiy,channel,Сергей Подольский,322,Глава администрации Гурьевского муниципального округа
prelimsmirror,channel,Prelims Mirror 2026,820,APTI PLUS ACADEMY for Civil Services
tatusirtqiqaytauqish2026,group,TATU Sirtqi Qayta o'qish 2025/2026,620,
rro_mo,channel,Робототехника МО,139,
msefrf,channel,МСЭФ России,120,http://msef.ru : Канал создан для новостей о работе МСЭФ и обзоров макроэкономических новостей.
molodehs,channel,01.07.2026,136,
mskns2025,channel,Moscow Never Sleeps 2025,19,
stanevopt,channel,Stanev.ru - оптовая продажа товаров народного потребления.,340,Stanev.ru - оптовая продажа товаров народного потребления.
stepanova_pro_psy,channel,ProПсихологию и не только,58,"Твоя свобода- в твоих руках,  а я поддержу тебя на этом пути. Юлия Степанова Психолог. Life-коуч."
usc159,group,"Станки ""УСК""",41,"Металлообрабатывающие станки из Тайваня, Китая, Кореи. Новые и б/у станки российского производства"
romanovaenergycoach,channel,ДЕЛАЙ УВЕРЕННО. Коуч Романова,55,"Я — Катя Романова, коуч по уверенности и личной эффективности. Со мной перестанешь сомневаться и начнешь действовать🔥  Здесь про движение, уверенность и энергию 💌По всем вопросам: @romanova_ekv ❤️Отзывы и кейсы  https://t.me/chat_romanovacoach"
powerbysinka,channel,Пауэрлифтинг от Бусинки,69,Powerlifting и не только 😈  ⚪Персональный тренер DDX Лефортово.  С.В.125кг.  ⚪Регалии: 🥇МС WPF сумма 690кг. 🥇КМС IPL 677.5кг. 🥉КМС WRPF 265кг. Становая тяга.   ⚪Лучшие результаты на раз: 🔸Присед 270кг. 🔸Жим лёжа 160кг. 🔸Становая тяга 272.5кг.
carnegieru,channel,Московский Центр Карнеги,23,Канал Московского Центра Карнеги.  Каналы экспертов: Александр Баунов @baunovhaus Александр Габуев @agabuev Татьяна Становая @stanovaya Темур Умаров @temurum Артем Шрайбман @shraibman
stalevich_ru,channel,Сталевич,6,"Сталевич – динамично развивающаяся компания, специализирующаяся на поставках металлопроката  Наш сайт: https://stalevich.ru Телефон: +7 (919) 900-21-96 Email: stlvch18@gmail.com"
pravi_stan,channel,Мастерская ПравИльный СТАН,20,pravi-stan.ru
stanki37,channel,СтанкоИнструмент,10,"Продажа станков, оборудования и инструмента для производства мебели, деревообработки и металлообработки."
perun_stanki,channel,Станкоцентр Перун,12,"Мы производим качественные российские станки, которые отвечают многим потребностям лесопильных производств и деревообрабатывающих компаний. Наши станки зарекомендовали себя как одни из лучших на рынке СНГ."
stanok_pro,channel,Pro Stanok (Про Станок),2,"Покупка и продажа металлообрабатывающего оборудования. Станки, КПО  https://stanok.pro  https://prostanok.com  https://stan-ok.pro"
surovaybaza,channel,СУРОВАЯ БАZА,3,"Нет времени на зал? Штанга и два упражнения для взрывного роста. Становая. Армейский жим. Разбор программ, техники и ошибок. Только суровая база."
steellinemsk_bot,bot,steelline_bot,,Стальная линия - производитель №1 входных металлических дверей в Беларуси
mbnk_official,channel,MBNK,233,Официальный канал для инвесторов МТС Банка — цифрового быстрорастущего daily banking.   Для связи: IR@mtsbank.ru
wildwindmc,channel,Мотоклуб Дикий Ветер МС,299,"Мотоклуб ""Дикий Ветер МС"""
extreme_fandom_for_maneskin,channel,ЭКСТРЕМАЛЬНЫЙ ФЭНДОМ ФОР MÅNESKIN,487,"☆МаРлЕнА, вИнЧи Ла СеРа, СпОлЬяТи НеРа☆ © Вик  Владелец: @Alina_David"
razmazniaa,channel,Размазня,442,"РАЗМАЗНЯ - ОДЕЖДА, ТУСОВКА, СЕМЬЯ  > Единственный бренд одежды который поддерживает bmx в РБ > Создаем стильную одежду  > Развиваем экстремальный спорт > Поддерживаем молодых райдеров"
psk_4x4,channel,ПСК 4х4 | Сила в характере,422,"Что здесь? ⤵️   ▫️off-road ▫️внедорожные соревнования: трофи, спринт ▫️экстремальный джипинг ▫️жизнь команды «ПСК»  Добро пожаловать всем, кто тоже в теме 🤝🏼  Мы на связи: @meeleka"
yakobsmonarchh,channel,ЯкобсМонарх☕️🚲,211,
xfitpointgeroev,channel,XFIT Point Героев,545,Инновационная студия возле твоего дома! Фитнес-клуб без администраторов и отдела продаж Доступ через приложение
olelift74,channel,OLEFIR - TRAINING POWERLIFTING,997,Сотрудничество - @olelift  YouTube - https://youtube.com/@olelift?si=zP_RWkbb9InSkGN2 VK - https://vk.com/club226997778 TikTok - https://www.tiktok.com/@denisolefir?_t=ZS-90XyyUl1Lpy&_r=1
chopokaifyda,channel,Чопокайфу?💉,770,Связь - @LoveMyselfandYou Мой чат - https://t.me/chopokaifychat
in_space_we_thrust,channel,Тяга к звёздам,264,Гаражный стартап
geokuhni,channel,Геометрия Кухни,368,"Кухни и шкафы на заказ Москва и Московская область  Бесплатный выезд Дизайнера-Замерщика с ноутбуком и образцами  3D проект в цвете + Доставка + Подъем = 0р  Работаем с ведущими производителями материалов и фурнитуры  Кухня за 7 дней, это реально!)"
albina_yaratkulova1_psy,channel,АЛЬБИНА ЯРАТКУЛОВА | ПСИХОЛОГИЯ ПО-ВЗРОСЛОМУ,289,"Здесь про то, как увеличить доход, выйти из долгов и создать отношения мечты без выбора между любовью и деньгами ❤️  Практика на подъем жизненной энергии ↓ https://t.me/AlbinaYaratkulovaBot?start=c1779639375037-ds"
vsempodyom,channel,«Всем Подъем» - Астраханская область,183,Новости Астраханской области и России - в эфире утреннего шоу телеканала «Астрахань 24»  Телефон редакции +7 (8512) 24-24-83;
epronhist,channel,История ЭПРОН. Подъем из глубины десятилетий,207,"В 2023 г. Экспедиции подводных работ особого назначения СССР исполнилось 100 лет со дня образования!!! Этот канал об истории ЭПРОНа, а также о занимательных сюжетах, связанных с освоением подводных пространств человечеством. https://dzen.ru/epronhist"
upcrimea,channel,Крымский центр подготовки верхолазов,64,ВАШ НАДЕЖНЫЙ ПАРТНЕР  ОБЕСПЕЧЕНИЯ БЕЗОПАСНОСТИ НА ВЫСОТЕ  8 800 500 66 11  8 978 876 69 80 (секретарь УЧ) 8 978 845 76 22 (офис продаж)   siz155.ru upcrimea.ru
kazarma_28,channel,28-ая казарма,162,"рота, подъем 🔊t.me/xxxenonchik - для связи :D 🌟 коммишки: https://vk.com/topic-203225421_54013916 ➡️ анонимные сообщения: http://t.me/anonaskbot?start=sulf3 🤓флудилка: https://t.me/+V0BGBOj9sd44N2Fi"
vsenalegke,channel,"Все, Везде и НАЛЕГКЕ",107,"Клуб интеллектуального досуга.  Света Михалева и легкие на подъем чудесные люди, которые любят думать, общаться, развиваться, познавать, встречаться и отдыхать активно и красиво.  Присоединиться к клубу https://t.me/+3sSMRzgwI6Y1ZDAy"
naberius22711,channel,𝚃𝙸𝙾𝚃𝙻𝚁🍓⋆.ೃ࿔*:･,111,"قناه رسم.. سوالف.. انيماشن.. منورين! 🍄 حساب روايتي علتيك @thelastrosewood22711🥀 برعايه ""نابيريوس الورد ضد الحراره و البرد""🍓 ִֶָ. ..𓂃 ࣪ ִֶָ🪽་༘࿐  للتواصل على الدايريكت: t.me/naberius22711?direct"
nam24bot,bot,Namanganliklar,,@NAMANGANLIKLAR канали янгиликлар кабул киладиган алока боти 🤖
murojaatrektorgabot,bot,Rektorga murojaat Uz,,NamDChI rektori bilan muloqot boti
nodirabegimakmbot,bot,Nodirabegim,,Bu @Namanganakm kanali aloqa boti
vrachi_nso,channel,Новосибирская областная ассоциация врачей,315,Официальный канал
nps_bel,channel,NPS Центр ногтевой эстетики и подологии,174,"Маникюр и педикюр с любовью С заботой о ваших пяточках Маникюр+педикюр+брови за 2,5 часа Изготовление индивидуальных стелек Консультация бесплатно"
plm_today,channel,САРУС+ | PLM-система,201,"САРУС+ | PLM-система 🇷🇺✨  🧩 CAD/CAM/CAE/Композиты в одном окне 🌐 Веб‑PDM, 3D в браузере 🔄 Бесшовная миграция из западных систем ⚙️ PLM на микросервисах 💻 Windows + Astra Linux 🛡️ ФСТЭК ✅ Реестр отечественного ПО 👉 sarusplus.ru"
maplastco,channel,Mapelastco,9,تنها تولیدکننده توپ‌های پلیمری بدون درز در ایران🇮🇷  🪩توپ‌های شناور سطح وان‌های آبکاری ⚪توپ‌های مام رول و مام‌های استیکی  جهت مشاوره و ثبت سفارش  @Mabfresh  ☎️ 02133034874 📞 09105093379
kravetsone,channel,kravets b.log();,321,Самые отборные репосты только на этом канале! Ставить свои звёздочки⭐️ сюда - https://github.com/kravetsone По вопросам - https://t.me/noname2544 Сайт - https://kravets.wtf GramIO - https://gramio.dev
gtorr,group,Torrent to GDrive #BETA,181,
chato174,channel,ЧАТО: новости туризма в Челябинске,78,
gpt4prompt,channel,GPT4 | Рисуем | Промпт.,130,Добро пожаловать в мир творчества! Получайте готовые промпты для генерации уникальных изображений нейросетью. Удивляйтесь каждый день новыми шедеврами и вдохновляйтесь креативными идеями! Присоединяйтесь к нашему сообществу  любителей искусства.
prompt_repo,channel,프롬프트 저장소,65,LLM 모델의 최신 소식과 고급 프롬프팅 소식을 먼저 만나보세요!
tcn_event1,channel,토친놈 이벤트,106,토친놈TV 가족방 전용 이벤트 채널입니다.  구글검색 : 토친놈  토친놈TV : https://tcn-01.com 평생주소 : https://토친놈.com 배너 문의 : @tcn_cs 회원 문의 : @tcn_care  토친놈TV 채널안내 공지채널 : @tcn_notice 이벤트채널 : @tcn_event1 보증채널 : @tcn_banner
gogobooster_official,channel,고고부스터 공식채널❗️,32,고고부스터 커뮤니티에 오신 것을 환영합니다! 함께하면 더 즐거운 고고부스터 이벤트 많은 참여 부탁드립니다!  보상받으며 현명하게 플레이하세요.  평생주소: https://go-go.games
tdprograms,channel,TD Programs,8,Here you can find updates about the TD programs apps. https://tdprograms.ovh/
globaltouristgroup,group,Tourist Token (TOTO) Official,371,Tourist Token (TOTO) is the blockchain rewards and loyalty platform for a tourism market. TOTO is built on top of the Ethereum blockchain. Copyright © 2018  Global Tourist Token Contact: support@globaltourist.io
gtotgs,channel,GTO The Great Site,183,"Canale telegram ufficiale del sito https://gtothegreatsite.net per ricevere comunicazioni, news e aggiornamenti sulle release dei nostri progetti in tempo reale."
goatmainstamil,group,G.O.A.T MAINS PRACTICE TAMIL,677,
sgbto1,channel,sgBTO Pre-entry Verification,416,"sgBTO is unofficial Telegram group to share information, insights and analyses on upcoming BTO projects! 💌  This channel serves as a gateway to verify users as humans prior to entering the main Telegram chat group."
kounotoritoken,group,Kounotori Token Official 鸛,869,The official telegram for $KTO holders.
gto71tula71,channel,ГТО ТУЛА,475,Официальный канал Центра тестирования ВФСК ГТО г.Тулы
valeriachertok,channel,Валерия Черток,567,"Президент Федерации Многоборья ГТО Москвы    черток.рф “Черток TV”📺   Автор телевизионного проекта- «Самая спортивная девушка России»   Автор и организатор проектов: «Забег в кокошниках» «ГТО с блогерами» «Медийная лига ГТО» «ГТО, ГДЕ,КОГДА»"
grindery_vietnam,channel,Grindery Vietnam 🇻🇳 Updates 📣,224,"Ví tiền điện tử cho con người và tác nhân để phi tập trung hóa AI tác nhân 💥 3,5 triệu người dùng | BinanceLabs | $GX trên MexC GateIO KuCoin 👉 @GrinderyAIBot  👉 @Grindery_vietnam_group Tham gia cộng đồng bằng cách tham gia."
gtomagazin,channel,ГТО Магазин,259,Эксклюзивная лицензионная коллекция одежды бренда ГТО
gto_krd,channel,Центр тестирования ГТО Краснодар,259,Добро пожаловать на официальный канал Центра тестирования ВФСК ГТО муниципального образования город Краснодар.
gtolubertsy,channel,Центр тестирования ВФСК ГТО городского округа Люберцы 💪,236,Руководитель Центра тестирования ВФСК ГТО г.о.Люберцы  Петров Евгений Александрович 👨‍💼  Все самые интересные события ВФСК ГТО г.о.Люберцы собираются здесь 🤝
kamgto41,channel,ГТО Камчатка,258,Тел.: 8-914-020-25-35
magcity74ru,channel,Новости Магсити74,5571,Новости Магнитогорска от сайта MagCity74.ru
mgnair,channel,Международный аэропорт Магнитогорск,181,Официальный канал Международного аэропорта Магнитогорск  Сайт: https://www.airmgn.ru/
magnitogorsk,channel,Магнитогорск,322,По рекламе и любым вопросам пишите @menedzher_po_prodazham либо в бота @gorodetskybot
rybmagnit,group,Рыбмагнит🐟Магнитогорск | Форель охлажденная | совместные закупки🦐🦀🦑🐙🧢🫐🍒🍇🍓 |,6450,"Группа создана для совместных закупок рыбной продукции премиального качества по доступным ценам!  🐟Форель, икра, холодное копчение(форель, кижуч, кета, корюшка) креветки, мидии, с/м (тунец, дорадо, сибас) и другие деликатесы🤤   Вокзальная 2/1/павильон 6"
chat_magnitogorska,group,Чат Магнитогорск,1888,"🏙 Добро пожаловать в чат Магнитогорска!  Подписаны 8 ваших друзей!  Здесь вы можете бесплатно разместить своё объявление, найти клиентов, мастеров, услуги, работу, жильё, товары, и новые знакомства.  Сотрудничество 👉  @andry_admin"
rebro_magnitogorsk,channel,rebro Магнитогорск,1419,По  вопросам обращайтесь: @re_bro_magnitogorsk  re:Bro — сеть магазинов оригинальной техники Apple и других известных брендов.  ◽️ Рассрочка без % до 36 месяцев; ◽️ Скидка до 70 000 ₽ по Trade-IN; ◽️ Исключительный сервис.  Сайт: rebro-store.ru
morskoe_mnogoborie,channel,Федерация морского многоборья России,1103,Официальный Telegram-канал Федерации морского многоборья России.  🏊‍♂️Новости спорта ⛵️Публикация приказов о спортивных званиях 🔫Результаты соревнований 🚣‍♀️Календарь стартов 🏃‍♂️Все важные вехи в развитии ФММ России
fmgtor_eao,channel,Федерация многоборья ГТО в ЕАО,119,"Многоборье ГТО в ЕАО!🇷🇺 Развиваем силу, быстроту, выносливость и другие важные качества для жизни!💪  Присоединяйся к нашей команде.✊ 👉📲+7 924 152-23-23 (Александр)  Официальный сайт: http://gto.com.ru ВК-сообщество: https://vk.com/fmgto_eao"
chemezov38,channel,Сергей Чемезов,739,Мэр Усть-Удинского района
mpkido,channel,Многопрофильный колледж ИДО МГУ им.Н.П.Огарёва,713,Это официальный канал Многопрофильного колледжа института довузовского образования Мордовского государственного университета имени Н. П. Огарёва E-mail: mpk@mrsu.ru Добро пожаловать ❤️
mnogoborec40,channel,"ГБУ ДО КО ""СШ ""Многоборец""💪",220,"Официальный канал ГБУ ДО КО ""СШ ""Многоборец"" Виды спорта:                                                         - полиатлон; - современное пятиборье; - плавание; - стрельба пулевая; - стрельба из лука."
bogatyri_donbass,channel,Федерация богатырского многоборья ДНР,30,Федерация богатырского многоборья ДНР Презедент Федерации - Романчук С.И. Секретарь Федерации - Ракитова Д.В. https://t.me/Dashok1812  ✅ ВК - https://vk.com/bogatyri_donbass ✅ Инстаграмм - @bogatyri_donbass
pyatigorsk_sport_official,channel,МУ Комитет по физической культуре и спорту администрации города Пятигорска,522,
sportnoyabrsk,channel,Ноябрьск Спорт,742,Все самые главные новости спорта Ноябрьска уже здесь😎  Мы ВКонтакте: https://vk.com/noyabrsk_sport
magadanboxing,channel,Магаданский бокс,329,Новости и события Магаданского бокса🥊  Мы в Вк https://vk.ru/magboxing1
mikhaildolgih,channel,🇷🇺 Михаил Долгих | ваш голос в политике,236,"Канал Михаил Долгих | ваш голос в политике — это источник информации о моей работе, инициативах и деятельности в интересах жителей 11 избирательного округа. Здесь вы найдёте новости, отчёты о проделанной работе, а также ответы на часто задаваемые вопросы"
pepevatafa52,channel,Kristi👸,145,
bravepeople_dm,channel,СМЕЛЫЕ ЛЮДИ,97,Федерация тайского бокса и кикбоксинга  Дмитровский городской округ
yulia_timoshenko,channel,Прихильники Юлії Тимошенко,1438,"Цей канал про ключові події, ексклюзивні новини та аналітика про Юлію Тимошенко. Важливе - тут. ❤️ Зв'язок тут - @qv3rtyq І тут - t.me/yulia_timoshenko?direct"
swimtomsk,channel,Томь-Мастерс,270,Клуб любителей плавания г. Томска
shipovik_severa,channel,Шиповик Севера🏓,523,Канал для всех любителей настольного тенниса 🏓
sh_timofey,channel,Тимофей Шевченко,67,"Актер, модель, спортсмен ⚽️ luxalex.talentagency@gmail.com Елена талент менеджер Luxalex Talent Agency @luxalextalentagency @lizakvins"
semtochkashestdva,channel,Молодые и перспективные,233,мы команда 7 точка 6 2
timcchenko,channel,☨ ТІМЧЕНКО ☨,128,"Архівний канал з постами та деякими коментарями колишнього очільника УНЄ, Ігоря Тімченка — аванґардного націоналіста, засновника Петлюрівського Кіша, студента історика-археолога, православного християнина."
novostisimferopolkrim,channel,🇷🇺Новости Симферополь Крым Россия🇷🇺,561,По рекламе➡️ @novosti_krim_bot
most174,channel,Евгений Тимофеев 🌀,219,Для моих друзей и коллег
ya_timohina,channel,Тонкие Настройки с Анастасией Тимохиной,265,"психолог-тимохина.рф Я - Анастасия Тимохина. Психолог, психосоматолог. Работаю с детской и взрослой психосоматикой.  Помогаю снизить тревогу и стресс, убираю фобии и страхи.  Как следствие, рост в карьере, в доходе, улучшение личной жизни."
cinilidrocili,channel,CycleWar Tactical Group,399,Пекельне життя в г̶а̶р̶а̶ж̶і̶ армії
notmumin,channel,Мумин.,467,"Мой блог для умных и амбициозных.  Размышляю о жизни и помогаю создавать контент, который будет приносить клиентов и деньги.  рекламу не делаю. Превью/монтаж не нужны"
navalmachine,group,PATCHWORK NAVAL CHAT,1044,patchworknaval.com
jumbocentercrimea,channel,Джамбо Центр | Военторг Крым,1024,"Самый чайный военторг.  Официальный магазин Ratnik Tactical в Крыму.  Симферополь, ул.Севастопольская д.2  ВКонтакте vk.com/jumbocentercrimea Менеджер @jumbocenter Телефон магазина +7 (978) 99-49-228"
ratmirschool,channel,"Спортивная школа ""РАТМИР"" 🏆",401,🔸Тхэквон - до ИТФ 🔸Кикбоксинг 🔸Художественная гимнастика 🔸Самбо 🔸Боевое Самбо 🔸Спортивная Гимнастика
ratmir_moscow_536,channel,Ratmir Moscow-536 💎,216,"@Ratmir536   ⬅️⬅️⬅️ПИСАТЬ СЮДА (Главный тренер )  💎Школьный ,районный футбольный клуб""Ратмир-536"",4-ные Чемпионы России!Серебряные и 4-ные бронзовые Призеры России! 12-ные Чемпионы Москвы!💎"
ratmir_zalsporta,channel,Зал спорта РАТМИР,153,"Зал спорта Ратмир г. Краснодар ул. Алма-Атинская 148 (юмр)  Тренировки для детей ( рукопашный бой и танцы) и взрослых (рукопашный бой, стретчинг и фитнес)"
mediaratmir536,channel,Медиакоманда ШСК Ратмир 536,168,"В нашем тгк вы получите море эмоций, хорошее настроение и увидите наших спортсменов вне поля.  У нас есть всё : дайджесты, видеоподкасты , игры, викторины , опросы , команда болельщиков!  Подписывайтесь, с нами интересно!"
smettaniyyg,channel,Всему сметтана,385,Чё за пиздец http://t.me/voprosy?start=e5g55 анонка мазафака
grusha224,channel,RU,181,"_______________________________________ RU, художник по фд Эда и не только, автор мерча Лабиринт  Коммишены:❌ Трейды:❌             Коллабы:❌ (Пока не беру и не учавствую) ___________________________________ 🌸🌸🌸🌸🌸🌸🌸🌸🌸🌸🌸🌸🌸🌸 Лс: @Dgrrfddc068"
logikachek,channel,Шешкус 🌲🌲🌲,57,Адад
matreshka_art_lab,channel,МАТРЕШКА | МАСТЕРСКАЯ | МАСТЕР-КЛАССЫ | КРАСНОДАР,405,- мастер-классы пропитанные искусством и культурой🪆  - свидания | корпоративы | праздничные мероприятия  - Запись @matreshka_art_lab_adm или +7(995)005-41-36
matreshkamem,channel,Подслушано Матрёшка,134,все сходства вымышлены совпадения случайны администрирует дух матрешки просьба по вторникам и пятницам не беспокоить
matreshkprod,channel,Матрёшки.prod🪆,243,"Матрёшки.prod — шоу, которые цепляют 🎭 Эмоции, люди, настоящий вайб 🚻Комьюнити, где каждый вечер — история"
spa_matreshkaplaza,channel,Матрешка SPA Косметология,292,
matreshkamood,channel,🪆Matreshka_mood,100,"Кино, Мода, Искусство. Любитель 🪩 Санкт-Петербург Реклама @L_Anna8"
yorshik88oyvosmerka,channel,РЕСТ💀😵88ooged out,148,@dumagdumag мое любимое 💜💜🥺✌ мы в любви 💜💜💜💜💜💜
matreshka_pnz,group,"""Матрёшка судьбы""/ Пенза",92,Клуб единомышленников
fixprice9202,channel,Fix Price(Луначарский),942,Российская сеть универсамов. 💰Низкие цены 🔥Новинки каждую неделю 🛍Товары разной категории  Все это и многое другое вы найдёте в нашем магазине.  ✅Ждём вас с 9:00 до 21:00 каждый день
betwayfixeripl,channel,🔥Betway_Fixer 🔥,1199,Cricket Analyst
fixitieser,channel,𝗳𝘅𝘁𝘀𝗿,588,что такое сверхчеловек?  смерть. жизнь играет с вами в прятки
fifworldcupchatpredictions2026,group,FIFA World Cup 2026 ⚽️ CHAT,3734,Predictions 💲  Predictions CHAT / ЧАТ Прогнозов на Футбол | FIXED MATCHES | Доги | Договорняки | Договорные Матчи  #Predictions #football #soccer #fixedmatches #куплю #продам #футбол #прогноз #доги #договорняки #договорныематчи #доги #договорняки #футбол
oddsmaxbet,channel,𝑪𝑳𝑰𝑵𝑻𝑶𝑵 𝑩𝑬𝑻,1089,"""Winners never quit, quitters never win 🍾🍾😜😜😜🍹🍹🍹"
kingsbetfixedmatches,channel,Kings bet fixed matches,10,
saytebet,channel,سایت های مورد اعتماد پیشبینی,61,
sportybetfixematch,channel,England fixed arena💸💸,60,We offer 101% fixed match  Don't dm if you have trust issues
onlygeniunematches,channel,Only genuine matches,28,"Welcome to Only Genuine Matches , A Channel Created For helping all punters Worldwide.The Following Sports Will be broadcasted on this channel.. Table Tennis 10-20 Odds Per Day Soccer 20-100 Odds Per Day Basketball 5-10 Odds Per Day Tennis 5-20 Odds/day"
makson_reptiliya,channel,Максон Рептилия,4273,"Снимать Бенефиты не было ошибкой.  ——————— 26/46 ———————  • @ReptilyaPredlozhka_bot Предложка   • peremikozyabr@gmail.com По вопросам сотрудничества  • https://boosty.to/peremikozabr Бусти! Доп. видео, закулисье и мой арт"
zewslife,channel,ZEWS,2697,"Привет я ZEWS я люблю снимать влоги , смешной и интересный контент а также писать треки и стримить  связь со мной : @ZewsFN мой твич : zewsfn228 мой тт : zewsfn1 отзывы : @zewsFN228 анонимные вопросы к ZEWS: @anonzews"
blowup_photo,channel,Blow Up!,685,"Я-Сергей Гаврилов. Арт фотография, портретные фотосессии, преподаватель, индивидуальные занятия.  Профессиональное образование: ВГИК, London https://gavrilovsergphoto.ru Связаться +79853441109"
bukovka13,channel,"Для тех, кто знает",1489,"Автор канала - Анна Лобанова, режиссер «История его служанки», «Бедные смеются, богатые плачут», писатель – роман «Как нельзя снимать кино».  Для связи - lobanovaa@mail.ru"
priutiskra,channel,Собаки приюта Искра,1027,Priutiskra.ru Надежда 89264611246 Ищем видеографов на благотворительной основе снимать наших собачуль!  Помощь 💴 Сбербанк  +7 963 654-59-77 Елена Анатольевна П.
teploezerno,channel,Тёплое зерно,254,"Художественный фотограф, люблю тëплую атмосферу и зерно"
zooplanetmonkeyandwildcat,channel,Зообудни 🐾,1773,"Привет, меня зовут Ксения Шепелева, я директор зоопарка «Планета обезьян и диких кошек» 🦍🐆при отеле «Ялта-Интурист». Здесь буду знакомить вас с удивительным миром экзотических животных!"
afishamsc,channel,Афиша Москва,440,"Каждый день в городе Москва проходит множество мероприятий, мы будем знакомить Вас с наиболее интересными и предоставлять фотоотчеты и расписание событий (кино, театр, клубы)"
murkpompous,channel,Мастерская Murk Pompous,261,Всем привет. Это канал Мастерской Мурка Помпезного. Мы продолжаем хранить наследие и знакомить вас с его творчеством
beautyjen_ru,channel,BeautyJen - препараты для косметологов,369,"👩‍🔬 Коллеги, рады приветствовать на канале косметологов.  Мы - компания BeautyJen являемся официальным дистрибьютором препаратов для эстетической медицины.  В этом канале мы будем: 🔸Анонсировать акции и скидки. 🔸Знакомить с новинками."
sanamixtv,channel,СанаМикс дайджест,257,"Уважаемые коллеги, в данном канале наша команда будет знакомить Вас с актуальной информацией о нашей работе и новостями с полей Крыма."
makarevichortho,channel,Makarevich.ortho,2642,
pavlovabox,channel,PavlovaBox,871,
mirbox_uz,channel,Mirbox.uz,496,Mirbox.uz- эко упаковка с душой с 2019 года.    Для заказа обращаться @Mirbox1uz +998977460310   Теперь и в instagram: https://www.instagram.com/mirbox.uz
sasha_makarevitch,channel,MAKARÉS,132,https://clck.su/iETLw Автор песен:  PushNova – Игры👾 Никита Киоссе – снова звучит💽 И своих) ❤️♾️🎶
starbox_community,channel,Starbox,551,"Боксы с зарубежными снеками, идеальный подарок себе и близким!   Мы на озон: https://ozon.ru/t/wGMkssw"
kakvaptekeby,channel,KakVapteke.by,358,"Лайф, новинки, обзоры, отзывы"
reallifemakarevich,channel,Kristina Makarevich,418,Мой блог👇🏼 https://instagram.com/krristina.makarevich?igshid=YmMyMTA2M2Y=
makarevichpro,channel,Репутация клиник | Юля Макаревич ®️,113,"Проектный менеджмент: как время превратить в деньги  ▪️О медицинском маркетинге ▪️32 исследованные ниши, выбрала медицину ▪️Даю врачам инфу для денег ▪️Модернизирую клиники Черкесск  Связь - @yulia_makarevich"
makovepole,channel,макове поле,40,Морфей та його марення
poisonboxminsk,channel,Poison Box,164,"Poison Box-это не место, это люди."
ravvveri,channel,RAVERI,228,По вопросам: @kbushma  tt: https://www.tiktok.com/@ravvveri?_t=ZN-8zwq21RM1mI&_r=1  анонимка: t.me/anonaskbot?start=f58i7or
mk_mentorkatrin,channel,MK•MentorKatrin,253,Анонсы НейроМК @mentorkatrin
sshor2009,channel,СШОР №1 U-18 Комсомольск-на-Амуре,457,Юношеский футбольный клуб.
sshor_8,channel,ГБУ ДО РО СШОР № 8,315,"ГБУ РО ""Спортивная школа олимпийского резерва № 8 им. В.В. Понедельника"""
sshor_25bk,channel,"ГБУ ДО РО ""СШОР № 25""",351,
sshor2,channel,ГБОДО РА СШОР №2,114,Официальная страница Спортивной школы олимпийского резерва №2 Телефон: +78772528545
swlplus,group,SWL - Short Wave Listener 🇺🇦,23,"https://swl.in.ua - Група посвящена радиолюбителям-наблюдателям за радиоэфиром, любителям ближнего и дальнего приема. Сканируем эфир 😉"
spacesnews,channel,Spacesnews სივრცეები,150,
shovas_works,channel,Кук☻,115,"Пр, я Сансет/Саня/𒅌 Вся инфа в закрепе. Мои работы брать НЕ в коммерческих целях с отметкой.  Так же, вы можете писать свое мнение, абсолютно под ВСЕМИ постами. Приветствуется не оскорбительная критика, за нее варн/мут/бан не выдается"
brothersofthescolopendra,channel,🪱скырлы-скырлы🧪[АРХИВ],14,Vi vill bara leva. 💊 18+
shamirlabs,channel,📣 | Shamir Labs - updates,37,Shamir Labs updates
ssshorohi,channel,ШОРОХИ,30,Шуршим
seishubeom,channel,ss🐈‍⬛,41,
savojlandplatform,channel,Savojland,16,ساوجلند فضای مجازی منطقه
sloword_app,group,Sloword,31,Mobile app support
k99520,channel,👧臺灣辣妹外約Gleezy：mkyyds,1439,💞私密TG： @k59421 💞加Gleezy：mkyyds  ✨TG現在不穩定 請下載Gleezy加我贈送2k券
kk6i9,channel,Requiem,36,
ksrk996,group,日葵全防副频道,346,本频道作品以及分享仅供学习研究，使用者的任何行为与应用作者无关，请在24小时内删除本应用  若有侵权违法行为，请联系我删除内容  有问题联系@ksrk888
kaku_lya19,channel,Кринжуем с Фендуком,77,🌹🌹🌹
kfzx9,channel,Thegrand GIF 🎁Edit GIFs and ☣️ Stickers: GIFs 🐱English CN kfzx9,43,#1 Social Game @blhhr Telegram  TO THE @dhzh9 MOON   👉Quests @pgylcom🔝 👉 @blhhw Trails @wwwwgcom  👉 @dbboc Comps @tontttttt 👉 Sales @dhdbcw mayhem   🌕 @dh28pc Backed @dhhw8  🔭Ready @yqldh for @bl_zh
ksrk998,channel,日葵全防主频道,92,最新频道没进的进一下
chefpg9,channel,Yzdn🪄👨‍🍳,37,24/7💭
aerobicssportmsk,channel,Клуб спортивной аэробики «АэробикСпорт»,271,Спортивная аэробика в г. Москве Ул. Дубнинская 12а 4 этаж
rutadasha,channel,DARIA RUTA 🫦,137,"Канал Дарьи Руты Вещаем, но не обещаем 🫶🏻"
klmbmx,channel,KLMBMXTEAM,285,"Life 🦌 Since 2010 😵 Train hard, race easy 🥵"
aerial_mak,channel,Liza_mak,82,
sskkubsu,channel,ССК КубГУ «Империал»,75,Официальный телеграм-канал студенческого спортивного клуба КубГУ «Империал». Тут все о спорте в Кубанском государственном университете🏆
katosik16349,channel,🌹~Katosik~🌹,254,Тгк с крутыми косплеями и изделиями из эпоксидки💅❤️‍🔥   Просьба в комментариях матом не ругаться. Либо блюрьте 🔞  Лс для связи: @Katosik16349
w1t4ka,channel,VIKTORIA EVART🧸,133,"Учусь на фитнес‑тренера🏋🏻‍♀️ Выступала в категории «Фитнес-стиль» Честные истории про диеты и личный опыт 🥑 Репортажные фото 📸  Мой путь: от теории к практике, от срывов к балансу   ✍🏻: @fxck1nfxce  inst: mit_einer_seele"
vov91,group,星辰项目通知组,200,合作联系tg:@xctd168888
vovne,channel,Vovne,142,We still don't know what is it. https://vovne.art https://www.instagram.com/vovne.art https://akt-produkt.bandcamp.com
sk1ad0sik,channel,Склад BV,42,"Здесь находится творчество, информация, посты и прочее от B.Veronik."
victoriaeva45,channel,Мой маленький мир🥰,31,Просто я😹
testven4ik,channel,НОВИЙ ТГК ВЕНЧІКА,5,
vettie04,channel,ve11ch,35,@veta_infoMP3
vort4exx,channel,vortexx,3,
crimson_marvel,channel,MARVEL 🥷,404,❗Официальный ТГК фамы MARVEL❗
marvellstud,channel,MARVEL STUDIOS,329,
marvel_versex,channel,Project Marvel-Verse,71,Cамое большое фан-сообщество по вселенной Marvel в России.  #spiderman #cosplay #marvel
movie_time_marvel,channel,Movie Time | Marvel / DC,267,"Movie Time|Marvel / DC: Новости кино, комиксов, мультфильмов и сериалов.  Группа ВК https://vk.com/movie_time_news?from=groups"
marvel_2_0_2024,channel,💬MARVEL 2.0💬,48,Поддержать канал: https://t.me/boost/marvel_2_0_2024
maarvelnewss,channel,Marvel News | مارول نیوز,557,جهت تبلیغ یا تبادل : @Tahaa2149 مارول نیوز بله https://ble.ir/MARVELNEWS مارول نیوز آپارات https://www.aparat.com/MARVELNEWSS هرگونه انتشار بدون اجازه از مترجم ، نویسنده مقاله یا نقد و دیالوگ ها ممنوع است و لطفا قبل از کپی و... به‌ ما اطلاع بدید
nekyru_marvel,channel,NEKYRUx,667,
el_mar24,channel,EL MAR Агентство Морских Путешествий,4831,
marvelstudiosita,channel,Marvel Studios ITA,1487,Tutte le migliori notizie dal mondo Marvel
marvelrivals_rofls,channel,Marvel Rivals ROFLS,2224,🔥Все самое веселое и красивое из мира Marvel Rivals  💌 Предложить свои мемы @marvelrivals_bot  🗣 Новостной канал @marvelrivals  💭 По вопросам: @stenet_sup
marvelcentral_ge,channel,𝙈𝘼𝙍𝙑𝙀𝙇 𝘾𝙀𝙉𝙏𝙍𝘼𝙇,132,🌟 مرکز دنیای مارول  به Marvel Central خوش اومدی!  ⚡ اخبار 🔥 ادیت 🖼 پروفایل  🔴 گپ : https://t.me/MarvelCentralGP  آیدی مالک : @MAMAD367G
marvelgroupitaly,group,🇮🇹 Marvel Group Italy 🇮🇹,1770,Benvenuti nel gruppo italiano dedicato al mondo della Marvel! Leggete le /regole per una buona permanenza!  📢 Canale collegato: @NewsMarvelIt ☑️ Network Ufficiale: @NerdAlQuadrato 🤖 Bot Assistenza: @MarvelItalyChatBot
marvel_dc_ua_nevs,channel,Marvel/Dc/News UA | Марвел | Дс | Новини українською,87,Канал з свіжими новинами кіно від Marvel та DC українською.  Згідно реклами звертатись - @DavidNepyvoda
bokomgolik,channel,Bokomgolik🛞🏴‍☠️,410,Мой бот по поиску информации (5 минут бесплатно) - http://t.me/BokomgolikOkoBot Уважение🔥 - https://t.me/bokomgoli Контакты: Вк - https://m.vk.com/bokomgolik Inst - https://www.instagram.com/evstigneevagen/ YouTube -  https://www.youtube.com/c/Tortugalec
hcmonchegorsk,channel,ХК «Мончегорск»,629,🏑Команда по хоккею с мячом на базе спортшколы Мончегорска. Мы в ВК: https://vk.com/hcmonchegorsk.
schoolspoortborodino,channel,"ШСК ""Бородино"" Подольск",541,"Официальный Телеграм канал ШСК МОУ Бородино, участник Подольской Школьной Лиги 24/25 , 25/26."
nodirup,channel,𝙞𝙨𝙘𝙤 𝙉𝙊𝘿𝙄𝙍 𝙐𝙋🇺🇿,311,"𝟭𝗏𝟭 30 𝗄 𝘕𝘖𝘋𝘐𝘙 𝘜𝘗🇺🇿 𝘜𝘻𝘣 𝘛𝘰𝘱 𝟯 𝘣𝘺 𝘋𝘰𝘯𝘪 𝘊𝘪𝘴 𝘛𝘰𝘱 𝟰 🌍 𝘞𝘰𝘳𝘭𝘥 𝘛𝘰𝘱 𝟵 𝘣𝘺 𝘚𝘛𝘛  𝘋𝘦𝘷𝘪𝘤𝘦: 𝟭𝟯 𝘱𝘳𝘰 , ipad m2  𝘊𝘭𝘢𝘯: isco  𝘍𝘪𝘯𝘨𝘦𝘳𝘴: 𝟱 akk savdo : @isco_akaunt"
dfcromantseva,channel,ДФЦ Романцева О.И.,294,"Детский футбольный центр легендарного Олега Ивановича Романцева 🏆 📍 Адрес: г. Подольск, ул. Кировa, 63А 📍 Сайт: spartak-podolsk.ru 📍 Записаться: +7 (800) 222-46-65 ⚽ Развиваем таланты, воспитываем чемпионов!"
school_podolsk11,channel,ПШЛ МОУ СОШ № 11,162,
svoi_event,channel,SVOI EVENT,52,"SVOI EVENT — территория сильных людей. Активные события для предпринимателей, инвесторов, инфлюенсеров и спортсменов. Нетворкинг. Эмоции. Результат."
podolsk_gor,channel,PODOLSK,21,
pobedonoscymgn,channel,ПОБЕДОНОСЦЫ,21,
vledley,channel,Кладовая Эндика,38,"бьём только по яйцам Инфо канал: https://t.me/Vledlays_perehodnik Анонка: t.me/anonaskbot?start=t0ucz Автор не несёт ответственность за разорванные глотки. В канале присутствует расчленёнка, боди-хоррор, нецензурная лексика, и возможно, порно с эротикой."
monarch_of_the_dailies,channel,Podolsk Examiner,10,Podolsk Examiner! Король новостных каналов про Большой Подольск. С нами вам не понадобятся другие новостные каналы про Большой Подольск!
