moswindow,channel,Московских окон негасимый свет,6177,"Московские жители, знаменитые и не очень. Герои истории и современники. Московские улицы и легенды. Рассказы о событиях и просто рассказы.  Пишу обо всем, что связано с Москвой.  Если у Вас возникли вопросы/предложения: @DocLorijn  Реклама: @PenYanShi"
teplokon22,channel,Теплокон,192,"⭐️ Собственное производство окон и дверей из ПВХ и алюминия  ⭐️ Остекление балконов под ключ ⭐️ Портальные системы  ⭐️ Беседки, тамбуры, витражи ⭐️ Скидка 5% при оформлении договора на замере"
mirokonidverey,channel,Мир окон дяди Баира,63,"🔹️Любые решения по установке окон, лоджий, балконов качественно и в срок!  🌸Создавайте уют с нашими окнами!   ☎️ +7(902)565-30-30 🏢 Улан-Удэ, пр. Автомобилистов 4б/7  павильон 86"
cleaningmalina,channel,КЛИНИНГ “Malina “,90,Скидки/ Акции/Фото работ
expressdoor,channel,ЭкспрессДвери|ЭкспрессОкна,331,Сеть магазинов входных/межкомнатных дверей и пластиковых окон. Более 100 выставочных образцов. Все актуальные скидки и промокоды тут.
woodcortspb,channel,Woodcort. Деревянные окна и двери,227,"Канал о деревянных окнах и дверях, которые мы производим и которые нам нравятся.  Связь с Woodcort: https://taplink.cc/woodcort"
macorussia,channel,MACO Россия,768,"Канал производителя фурнитуры премиального качества MACO для окон, дверей и широкоформатных сдвижных конструкций."
imperiyaokon,channel,«Империя Окон Поволжье»,179,Надёжный производитель окон в Поволжье
vsedokonru,group,Все для окон,58,
icsprookna,channel,ICS.PROOKNA - Покраска окон на объекте 🔝,216,"Все наши контакты и полезные ссылки ⤵️ @icsprookna_bot   ПРОФЕССИОНАЛЬНАЯ ПОКРАСКА ОКОН НА ОБЪЕКТЕ ✅  Бригада от ICS.SPB ◽️Под ключ за 1 день без демонтажа  ◾️В доме, квартире или офисе ◽️4 вида покрытий и 47650 цветов"
budniokonshika,channel,Будни оконщика,75,"Всем привет.   Меня зовут Владимир Крылов, профессионально занимаюсь окнами. 🔹Остекление загородных домов, коттеджей, беседок.  🔹Изготовление и монтаж.  🔹Окна ПВХ 🔹Алюминиевые витражи, алюминиевые окна и раздвижные системы.  🔹Ремонт окон."
cleanup24,channel,«Чистый дом» Клининговая Компания Казань уборка,90,"Уборка квартир,офисов и коттеджей 🔻Послестроительная уборка 🔻Генеральная уборка  🔻Экспресс уборка  🔻Химчистка мягкой мебели  ☎️ +78432161623 -проконсультироваться и записаться  Cleanup24.ru"
cleanwhalede,channel,Cleanwhale.de,142,Professionelle Reinigung Berlin
dolgoprudnyweldingworkshop,channel,Сварочная Мастерская в Долгопрудном🔥,304,https://vk.com/club229057743
pervostroitelremont,channel,РЕМОНТ РУЧНОЙ РАБОТЫ | Готовые решения | ремонт под ключ,82,👷14 лет на рынке ремонтов и 1000+ выполненных объектов под ключ 📍Екатеринбург  🔑Приемка вашей квартиры от застройщика за наш счет  📌Здесь можно рассчитать ваш ремонт: https://mrqz.me/67f
shveinie_remonti,channel,Швейные ремонты🧵🪡,41,🥾👖👗Ваши любимые вещи заслуживают второй жизни🧵✂️  🚙 с. Найдëновка ✍️ @S_Bogdanovna
masterrbtcanal,channel,Ремонт стиральных машин в Домодедово | МастерРБТ,36,"Телефон : 8(926) 789-15-64 Ремонт стиральных машин, ремонт посудомоечных машин, ремонт холодильников на дому в Домодедово, Барыбино, Белые Столбы, Авиационная, Востряково, Взлётная, Курыжова, Домодедово парк"
remont_lodok_su,channel,Ремонт лодок ПВХ Нижний Новгород 🛶,49,"Полный спектр услуг по ремонту, обслуживанию и тюнингу надувных лодок, байдарок, рафтов и катамаранов из ПВХ и резины.  А так же надувных матрасов, батутов, бассейнов.  Изделия на заказ. Выезд на место. ry-1144469775870215099"
remontabox,channel,РЕМОНТ АВТОБОКСОВ,41,"Профессиональная диагностика, комплексный ремонт и техобслуживание пластиковых автобоксов в Уфе."
profremont61,channel,Ремонт квартир домов,26,"Ремонт квартир, домов Волгодонск"
ikinoservis,channel,Ремонт промышленной электроники,10,
remont_specteh_ekb,channel,Ремонт автокранов и спецтехники Екатеринбург,7,"🔧 Ремонт автокранов Екатеринбург | Сервис спецтехники 🚛 Ремонт манипуляторов • КМУ • Автовышки • Эвакуаторы ⚡️ Выездной ремонт спецтехники • Диагностика • Запчасти 🏭 Ивановец • Галичанин • XCMG • Гидроборты 📍 Екатеринбург, +7-962-340-16-74"
remonto_pro,channel,РемонтоПРО,7,
miatavto,channel,МятАвто,1,Ремонт вмятин без покраски по технологии PDR
nalalanele,channel,Nala,3311,Тут вы увидите контент по трилогии и возможно другим фд💖 В закрепе так же есть ссылка на лайв канал со мной💋
liona_na_online,channel,♦On.liona♦,14,Играем творим и снимаем тт😃
yenayavv,channel,𝗬𝗲𝗻𝗮 ’ 𝗷𝗶𝗴𝘂𝗺𝗶𝗻𝗮,41,muse from @muserecords connect with me – @mliier      design: @twofeport 🤍
alt_yoshka_my,channel,aoa Yoshka,12,
yujin_ive_01,channel,𐌡юδ᧐ʙь κ i-ɗᥣᥱ (᧐ᴛ6) 𝄞⨾𓍢ִ໋,28,Аρ᥊ᥙʙ ᥰ᧐ ᥰρᥱκρᥲᥴныⲙ Аᥔд᧘ ᧐ᴛ6!  В᧘д:Аκᥴᥙ
yunona_bez_avos,channel,Юнона(без авось),24,"Здесь хаотично о корейцах, Таиланде, фанфиках, кинках и абсолютно ебанутых мыслях посреди ночи. Добро пожаловать что ли 🫦"
yunah_luna,channel,Luna Yunah,13,luna yunah own @gwbg_y / lia / @elizabeth_adderlibot goal 50 не по обновам
yoojeongyeonnrikolly,channel,유나 yunah 🍏,6,ᰔ  archive for cute Noh Yunah!     ᰔ  🎯 - 10 !
frchoiyena,channel,.,1,
stadion_zal,group,TOSHKENTDAGI STADION VA ZALLAR,543,"""GOLDEN TEAM"" kompanyasi! Toshkent Shaxridan stadion va zallarni tez toping, oson band qiling!  946179090 @stadion_top"
alov_tj,channel,Alov сихкабобхона 🇹🇯,70,"Семейный ресторан 📍Душанбе, ул. Бухоро, 33 +992 00 000 75 28 https://yandex.tj/maps/-/CPRV5Nmi https://maps.app.goo.gl/yyiFcvwhNVRM8YNCA https://www.instagram.com/alov_tj/"
neizzeroficiall,channel,Tops neizzer,125,
taazahalchal,channel,Taaza Halchal - Hot News,51,Taaza Halchal Get Hot News Every Hour.
yurawix404,channel,Юравись,1179,Надпись на курточке  пизда https://boosty.to/yurawix  тик ток:https://www.tiktok.com/@yurawixxx?_r=1&_t=ZS- твиттер:https://x.com/LilYuri61380871 платка:https://t.me/yurawix404/84 щп:https://t.me/+vYjFiJzlC-E4MzI6 буст каналу:https://t.me/boost/yurawix404
mavvichka,channel,Мавви,211,
zuza_dante,channel,Жужиковская контора,246,Жужим по-тихой 🤭
yudzunya,channel,юдзу,145,18+ тв маты и беспредел бусти: https://boosty.to/yuuitsu не мьючусь
homeisyvionn,channel,это че ювион? 😛,129,паста раном
hanakori_woo,channel,🪉⋆.˚𖦹 花氷,100,dedicated for choi jiwoo 𓍯ོ
juicyfemale,channel,JUICYFEMALE 18+,131,"Рисую крепких, половозрелых мужчин ♡  Подписываясь на канал, Вы подтверждаете своё совершеннолетие :3 Правила♡: https://t.me/juicyfemale/25 ВК♡: https://vk.com/juicyfemale YouTube♡: https://youtube.com/@juicyfemale Pinterest♡: https://pin.it/W1Ffp28V0"
julgavrixxs,channel,julgavrixxs #wm:3 👼🏻,93,Канал про Юлечку 🤍 Тик ток:  julgavrixxs Инстаграм: miss.chanel_22
again_yuki,channel,YukiTrash,44,
mylifedancemusic,channel,Who is that? That's Жужа,37,Лс: @harkollog
ymbatka_brest_chat,group,"#ямыбатька БРЕСТ ""чат""",208,Для постов и связи - @Vasilek_rb Важная информация - @ymbpr Поддержка канала - @ymb_finanse Вконтакте - https://vk.com/liftador Брестский канал: @ymbatka_brest Районные каналы: @ymbatka_baranovichi @ymbatka_pinsk Основной канал:  @ymbatka
krasplants,channel,Растущие в Сибири / Комнатные растения,716,Привет! Я Юля из Красноярска. Здесь про нелёгкую жизнь моих зелёных😁 ✉️@uliyafedorova
brysnikasad,channel,Садовый центр Брусника| Барнаул,220,"🌲 Садовый центр «Брусника» Плодовые | Хвойные | Кустарники | Многолетки | Однолетки  📍 Барнаул, Правобережный тракт, 32/2 🕙 Ежедневно 10:00–19:00 с 25 апреля  ☎️ +73852696968 📲 89029986968  👉 Сайт и каталог: https://brusnikasad.ru/"
brusnika_tsiolkovskyi,channel,Кофейня «Брусника»,520,Брусника- ваше любимое место для наслаждения ароматным кофе и вкусными десертами!   🕒 Режим работы: Пн-выходной Вт-Вс 10:00 до 22:00   В этом канале вы найдете много полезной информации
viborkazan,channel,Брусчатка и тротуарная плитка в Казани,12,"Официальный дилер «Выбор» (г.Москва) в Казани. Премиум брусчатка и тротуарная плитка. Шоу-рум, расчёт, услуги укладки. Тел.: +7 917 900-89-88, +7 (843) 527-82-28 Сайт: vibors-kazan.ru"
ymbatka_chat,group,"#ямыбатька МИНСК ""чат"".",321,Для постов и связи - @Volenka90 Правила  - @ymbpr Поддержка канала - https://t.me/ymb_finanse Вконтакте - https://vk.com/liftador Минский канал: https://t.me/ymbatka_minsk Районные каналы: @ymbatka_borisov @ymbatka_nesvizh Основной канал:  @ymbatka
kirpichdvor,channel,КИРПИЧНЫЙ ДВОР,274,Строй ДОМ своей МЕЧТЫ вместе с нами! Более 20 лет на рынке! Кирпич Брусчатка  Кровля Газоблок Смеси Печной центр
brusnikamsk,group,БРУСНИКА В МОСКВЕ,87,"Чат для общения и совместных активностей в Москве  Реклама, грубая лексика, оскорбления, пропаганда вредных привычек - расцениваются как неуважение к участникам чата  Вопросы и предложения: @brusnika_team  Анонсы встреч, здесь: @brusnika_club"
strawberrymarkets,channel,Очумелый Рынок 🌿,173,Излишки комнатных растений с канала https://t.me/strawberry_plants
mirbrushatki,channel,МирБрусчатки,34,"https://mirstroy54.ru/ Тротуарная плита, кровля,фасадные материалы, строительные смеси г. Новосибирск"
bruschatka_premium,group,БрусчаткаПремиум,21,"Дилер и Лидер №1 по продажам завода тротуарной плитки «Выбор»  🌐брусчаткапремиум.рф   Наши офисы: 📍г. Казань - ул. Зинина, 3 📍г. Казань - ул. Гаврилова, 77 📍г. Ульяновск - ул. Рылеева, 21, оф. 311 📍г. Чебоксары - ул. Складской проезд 6"
tayanch_ishlari_chat,group,ТАЯНЧ ИШЛАРИ ЧАТ,30038,
izge21,channel,Сәләт-Изге Чишмә,1182,"🍃«Сәләт - Изге Чишмә» – Сәләт форумнарына үз хезмәтен кертергә теләүче яшьләр аланы   ▫️Алексеевск районы, Биләр авылы ▫️1 - 3 форум"
iskrmeow,channel,искр,315,moscow math rock zvukar band https://band.link/vigTz  vk: https://vk.com/zapisbarikov  @shoegaze1rat контакт
ryumka_irk,channel,Рюмка Лайф Иркутск,533,
hiyravvu,channel,hiyra.vu,267,"﷽  диканиг даржо, Iалашо йолуш схьа йиллин хьост ю хIара. АллахI ву-кх вайн ГIоьнчa."
ilyasnow_design,channel,Илюха сноу,38,Делаю всякие штуки  https://www.behance.net/Ilyasnow https://ilyasnow.tilda.ws/ https://yellowimages.com/ilya/ https://www.twitch.tv/ilyasnow_
eilraee,channel,eilraee,65,арт-паблик  ВК: https://vk.com/eilrae Тамблер: https://www.tumblr.com/eilraee?source=share Блюскай: https://bsky.app/profile/eilraee.bsky.social
nastyashalavaaa,channel,#n”🪽,78,
gloss_mania,channel,Студия красоты Gloss & Mania,278,"📍Балашиха ,Тц Новое Измайлово   ☎️ 8965-178-40-82"
glosspr,channel,GLOSS канал | Бесплатная реклама |,884,"Подайте объявление в канал бесплатно, через бот @Glosschatbot  https://t.me/+kzNshWSqdM5jMDcy"
gloss_education,channel,GLOSS Education Agency,666,Рассказываем о поступлении за границу легко и интересно.  Записаться на консультацию с экспертами Gloss: https://gloss.education/ru  Instagram: https://www.instagram.com/gloss_education_ru/  Tik tok: https://www.tiktok.com/@gloss.education
glopossum,channel,Glopossum's Art Channel,4207,"This is where I will post any new art updates or news I may have, for those who want to stay up to date!"
glossa_ph,channel,Glossa живет жизнь,495,"Фотограф о съёмках, фрилансе и поиске себя Личка ✍️ http://t.me/amor_glossa"
glossart,channel,Gloss.art,141,"Художник Кременецкая Ольга  Инстаграм @gloss.art  Сайт: https://glossart.ru  Телефон: +7(962) 949-46-15  Зеркальные картины, панно, настенные часы на заказ по вашим индивидуальным размерам, цвету и предпочтениям. Работа с дизайнерами"
glossa_vrn,channel,Магазин Glossa,10,"Магазин профессиональной косметики для мастеров🌹  www.glossa.shop г. Воронеж, Ул. Пеше-стрелецкая, 98"
glostcts,group,超自然神秘研究學會“靈異、考古、外星人、神秘學、奇珍異獸”,923,👣神秘FUN享區👣
keigodaily,channel,✶ ʼ 𝗁𝖺𝗐𝗄𝗌 / 𝗄𝖾𝗂𝗀𝗈 𝖽𝖺𝗂𝗅𝗒 . .,283,— “𝒲𝒾𝓁𝓁 ℐ 𝒷ℯ 𝒶𝒷𝓁ℯ 𝓉ℴ 𝒷ℯ𝒸ℴ𝓂ℯ 𝒶 𝒽ℯ𝓇ℴ 𝓁𝒾𝓀ℯ 𝒽𝒾𝓂?” ╰───────────────── ꒰  owner — @ayako1102 𝗣𝗥𝗜𝗖𝗘 — @keigodaily_price
kag3l,channel,影 ; Kage 🔒,311,Ханаеми.  Own: Rina
yourgin_kirigiri,channel,Киригири Джин.,95,cr. : 장을거 from Twitter.
keguriiilin,channel,keguri Lin🐸,59,"'♪♪♪ yeah, i'm lost, can i come over?'"
odinokiysrochnik,channel,Скуфизм по-партизански | Сычевальня дроновода-промышленника #ТеперьВБД,98,"Ну-с... Получается лайф-канал Кеги? Тут будет поститься всякие интересные и не очень моменты из жизни. А так же авиа и милитари-мемы, немного партизанского движа моего Подзалупинска, ну и всё по играм, которые проходил  «Ave Caesar! Morituri te salutant!»"
wheremzy,channel,рыжая20,84,• sc https://soundcloud.com/gignerish • prod by @wheremzy • dm @chmonainvokere • тик токе @wheremzy
koyangeun,channel,park 고양eun ಄ koyangi,37,channel about the kittiest kittie park boeun dm - @koyangzbot coop - @coopwkittie
kagerolife,channel,♡̷̷̷ ︵ 𝙆𝘼𝙂𝙀𝙍𝕺.𝘿𝘼𝙔𝙎 ˡⁱᶠᵉ,17,
khyominamomi,channel,Узбечье логово😈,38,"админ: @hir_ai По личным вопросам или же просто поговорить, обращайтесь. https://t.me/boost/Khyominamomi"
kaguradessu,channel,<•🌊 𝕜𝕒𝕘𝕦𝕣𝕒 🌊 •>,20,
kentiske,channel,Кентiшкэ£,19,"Тише тише, мы свои"
kengan_daily,channel,ᝰ 𝘒𝘦𝘯𝘨𝘢𝘯 𝘋𝘢𝘪𝘭𝘺 + 𝘤𝘧,11,"Дэйли и кф по аниме и манге ""Кэнган Асура"" / ""Кэнган Омега""!"
kega_umni,channel,Кекинг думает🤔,6,Теории по генщин инфаркт
cl16slover,channel,[[[архв👀 ]]] КУРАГА,9,
kunigiri_daily_cf,channel,Переходник,4,
ferganastorieschat,group,𝐟𝐞𝐫𝐠𝐚𝐧𝐚___𝐬𝐭𝐨𝐫𝐢𝐞𝐬,54,"https://t.me/ferganastoriess7  Оддий группа ✅  Сўкинганлар блок бўлади, хурматингизни сақланг 😉  🤜🏻 https://t.me/boost/ferganastoriess7 🤛🏻"
gribyaltaieco,group,Грибы Altai Eco,1125,"НАШ ИНТЕРНЕТ-МАГАЗИН: https://altaieco.ru/ Правила чата: ЗАПРЕЩЕНО  🚫обсуждение трипа и наркотических веществ. 🚫Реклама и размещение ссылок на товар другого производителя 🚫 Мат 🚫 Оскорбление участников чата, администрации."
gryazi_city,channel,Грязи | Новости города,386,"Актуальные новости, события и объявления города Грязи и Липецкой области. Будьте в курсе всех важных событий железнодорожного узла! 🚂"
domninruzaevka,channel,Домнин РУZАЕVKA,368,Официальный телеграм-канал главы администрации ГП Рузаевка
reshhka13,channel,reshh бесится [отпуск],462,Из князи в грязи ну по базе  Содержание этого паблика не несëт НИКАКОЙ пропаганды.
moytruba,channel,Мой труба,26,Комната грязи. Это канал с видосиками с youtube разной степени свежести.
fckrznamya,channel,ФК «Красное Знамя» Ногинск,1635,Официальный канал ФК «Красное Знамя» г. Ногинск   🌐 vk.com/kr_znamya
jarrestoran,channel,Ресторан Жар | Ногинск,185,"Блюда из печи и смокера Живая музыка 🎼 Веранды на берегу озера🌿 Вкус,  запах ,  текстура - все имеет значение  Часы работы: 11:00-23:00 Тел: 8(969)-062-96-54  Мы ВКонтакте https://vk.com/jarrestoran  Мы в Инстаграм  https://www.instagram.com/jarrestoran"
vostexpress,channel,"Газета ""Восточный экспресс""",454,Новости и происшествия в Ногинске и Электростали Предложить новость: @vostexpress98 Почта для связи: voronkov@vostexpress.info
tattoo_fltvln,channel,татувилка ТАТУ|НОГИНСК,448,для записи @fltvln НОГИНСК/РАМЕНСКОЕ/МСК эскизы: https://t.me/fltvln_eskiz
institute_clinic_studio_store,channel,institute,1328,Проект Виктории Клишко  ▫️косметология ▫️аппаратные методики ▫️эндокринология ▫️трихология ▫️магазин космецевтики  Клиника +7 499 444-13-12  Студия и стор +7 929 551-11-55  https://institut.store/ https://institut.clinic/ https://institut.studio/
cullinanclinic,channel,💎 CULLINAN CLINIC 💎,848,"Центр красоты и здоровья CULLINAN CLINIC  - это полный спектр косметологических услуг, новейшие сертифицированные аппараты и самые эффективные методики омоложения 💎 г. Москва,  ул. Новочерёмушкинская, д. 23 к. 2 для связи: @Cullinan_clinic +79150877777"
mudrov_clinic,channel,"Клиника экспертной трихологии, дерматологии и косметологии им. М. Я. Мудрова",227,Запись на сайте:  https://mudrov.clinic  Telegram: @mudrov_clinic_admin  Ждём вас в клинике здоровья имени М.Я. Мудрова!
clinictroyanova,channel,Клиника ДОКТОРА ТРОЯНОВОЙ / beauty clinic,247,"Лечим волосы и кожу,применяя инновации доказательной и интегративной медицины!  Трихология🌟Дерматология🌟Косметология🌟Нутрициология🌟  8(351)723-07-07, 8(919)302-07-07 (WhatsApp)  г. Челябинск, ул. Российская, 218Б  https://taplink.cc/doktor_troyanova"
mosklining,channel,Москлининг,41,Оказываем услуги по профессиональной уборке для юридических лиц уже 14 лет. Четко соблюдаем график работ и используем экологически чистые средства.  Каталог услуг на сайте: mosklining.ru
cosmosharm737,channel,"Лен, что с лицом?🎀",52,"Красота и Здоровье Москва, Средний Тишинский переулок дом 28  +79939136153, +79019026153 Елена"
salonlavrik,channel,Мир массажа/Титановые ногти/Краснодар,114,💅 Салон красоты «Спринт Алма» └─ Косметология • Маникюр • Массажи • СПА  📍 Адрес: Стасова 144 🕒 График: 10:00 - 23:00 📞 Запись: 89182146505  👇 Акции и услуги в закреплённом сообщении
angels9_kosmetologminsk,channel,9 Ангелов || СТУДИЯ КРАСОТЫ,79,"🌱9 Ангелов - студия красоты, где косметологи с медицинским образованием помогают в создании здоровой и сияющей кожи.  ЧИСТКА | ПИЛИНГ | МЕЗОТЕРАПИЯ | КАРБОКСИТЕРАПИЯ | МАССАЖ | КОНСУЛЬТАЦИЯ"
kdklinker,channel,Клинкерная плитка,41,"Канал о красивых и дорогих материалах для строительства и отделки. Все о премиальной керамике в строительстве. Продажа клинкерной плитки, кирпича, клинкерных ступеней и брусчатки."
klinliks,channel,Виртуозы Клининга,40,"Клининг,уборка квартир,домов,генеральная уборка,уборка после ремонта ."
korn2015,channel,N.K.studio,38,"Привет! Меня зовут Надежда, я оказываю услуги по: 🔹удаление тату, старого татуажа и пигментных пятнен; 🔹карбоновый пилинг.  🔹ламинирование ресниц и бровей Мой чатик с довольными клиентками : https://t.me/+-lLXrGhUxYZlOWJi Телефон:+79032108681"
akknvr,channel,АКК Новороссийск,21,
kosmetologalinakalashnikova,channel,Косметолог Алина Калашникова,9,"Адрес: г.Москва, Ленинградский проспект, д.45, к.3 Тел.: +7(966)357-41-61"
yxkliningkiev,channel,УХ Клінінг. Київ,7,"Клінінг, прибирання, хімчистка Київ і область"
cleaning_service35,channel,Клининг сервис 35💙,4,"Это клининговая компания Череповца, созданная для помощи в наведении чистоты, порядка и уюта в вашем жилье или офисе.   Осуществляем клининговые услуги: + уборка квартир в Череповце + разовые и регулярные уборки домов и коттеджей + уборка после ремонта и"
pokrovklining,channel,Ілона🧼🧺 Клінінг•Вигул тварин•Допомога по дому•Догляд за вашою оселею поки ви у від'їзді з фотозвітом📸,19,
my_darling_studio,channel,My darling studio | студия красоты,17,Студия красоты My darling:  ▪️Nail-услуги ▪️Бровист/визажист ▪️Парикмахер-стилист ▪️Депиляция ▪️Косметология  Записаться к нам вы можете: 📲 +7 (926) 718-89-39  https://widget.sonline.su/ru/services/?placeid=597959143
skin_talks,channel,"Код Сияния | Забота, питание, уход🌿",16,Эстетическая косметология 💚/Бьюти-нутрициолог 🥑✨
alfapromclean,channel,Альфа Клининг | Уборка помещений Казань,13,
ruscleaning,channel,РусКлинингСервис,7,КЛИНИНГ И УБОРКА 🔸Идеи по уборке 🔸Советы по клинингу 🔸Портфолио наших работ https://www.ruscleaning.ru/
cleanevo,channel,Cleaning Evolution,5,Официальный канал группы компаний Cleaning Evolution: оборудование для профессионального клининга
redbtcompany,channel,Red solution,214,Инновации для комфортной жизни❤️ https://redsolution.company/  Все вопросы: t.me/REDSOLUTION_bot  ВК: vk.com/redsolution.company Oк: ok.ru/redsolution.company YT: youtube.com/@redsolution.company RT: rutube.ru/channel/39888494
medtech_remont,channel,Робот-ремонт Сергей Medtesh,863,https://www.avito.ru/sankt-peterburg/predlozheniya_uslug/remont_robotov_dreame_xiaomi_roborock_neato_562094415
lowpricereutov,channel,LowPrice Реутов,635,"Сеть магазинов, где цены ниже. Выбор больше. Магазин, куда приходят за выгодой и возвращаются снова. Одежда, товары для дома, полезные мелочи и сезонные новинки! VK: https://vk.ru/lowpricereutov  Наш адрес: г. Реутов, Юбилейный проспект 2А"
ksuustorepartner,channel,KSUU ОПТ & ДРОП,590,▪️Оптовая співпраця 📦  ▪️Для замовлення tg: @ksuuoptdrop
elremontpro,channel,El Remont🐘,66,"Дизайнер интерьера в Сочи.Портфолио     www.elremont.pro  Создаю пространства, в которые хочется возвращаться. Беру на себя всё — от чернового бетона до приятного «дзынь» в домофон, когда вы заходите в уже готовый дом. Ремонт без хаоса. @ELRemont_pro"
tehnobaza39,channel,Tehno-baza техника Калининград,352,"Бытовая техника, Калининград  Любимые европейские бренды в наличии  Гарантия и доставка по Калининграду и области"
aquastroy_22,channel,АкваСтрой,194,"Все о бассейнах! По вопросам обращайтесь: 8 (800) 600-64-66 +7 (906) 969-50-12  Опыт работы в данной сфере более 15 лет 👍🏻  Наш адрес: г.Барнаул, ул.Гоголя 165"
cleanevent,channel,CleanEvent,164,Значимые мероприятия Индустрии чистоты.
cleaners_exp,channel,Пилесоси,77,"‼️Важливо‼️ • Цей канал було створено для зручності пошуку товару, можете на нього не підписуватись, ми до цього не закликаємо."
topskid,channel,ТОП СКИДОС - СКИДКИ АКЦИИ ПРОМОКОДА,81,OZ ТОП СКИДОС СКИДКИ АКЦИИ ПРОМОКОДА   @topskid_bot
kkulepetova,channel,kulepetova.me,40859,Ксения Кулепётова по вопросам рекламы к @sashapovar  https://gosuslugi.ru/snet/691b0eaefa96105ef04681b0
tachtodi,channel,OnlyFans косметолога,1538,"love being a woman! 💋  @doc_frolovadi врач-косметолог, гедонист в уходе за кожей, косметологии и бьюти"
babyonemoreti,channel,💖Baby One more Time💖,1443,Связь со мной реклама/вп - @svetamiu
beznegativa4zz,channel,найс фор зоуи💌,1963,tik tok: nice4zzz🩷  https://www.tiktok.com/@nice4zzz?_r=1&_t=ZN-945RBqbgyIA  🖇️ pr & cooperation: @xseniamol (Ксения)
doctor_grebennyukova,channel,Бьюти Доктор,1085,"Сделаю тебя безупречной!👸🏻 Врач-дерматовенеролог, косметолог Для записи @yourkara или +79103205333"
tkkitcnannel,channel,Транспортная Компания КИТ,2466,"Доставляем грузы быстро и доступно по всей России и за границу, работая в 300 городах. 19 лет безупречной работы и 30+ стран доставки.  Рассчитать доставку — @TKKITBOT  Сайт КИТ — https://vk.cc/cCcQD3 Мы Вконтакте — https://vk.com/tkkitcom"
safronovaolga,channel,Новый взгляд на бизнес по- женски💐 с Ольгой Сафроновой,895,"Помогаю женщинам зарабатывать от 50000 руб. и обрести баланс между бизнесом и семьей, открыв свое дело.  Подробнее здесь👉 https://t.me/BeautyBisness2_bot Все вопросы 👉 @OlgaSafronova1"
proximity88,channel,🤍Ann,567,beauty || lifestyle || food  🔗Санкт-Петербург  Связь со мной: @bby_ann
svetimkosmetika,channel,СвеТим - красивый возраст без уколов❣️,309,"В свои 55 без единого укола красоты  Эксперт, больше 30 лет в косметике тестирую все на себе.   Обожаю корейский премиум. Делюсь своим мнением после использования.   Кейсы и отзывы https://t.me/+7OOUBFnQvLpjNTli  Пиши @Svet7683"
orator_bernatsky,channel,Оратор Алексей Бернацкий,813,"Всем привет! Здесь вы научитесь: ✅Искусству слова и убеждения ✅Безупречной дикции ✅Красивой и эффективной жестикуляции ✅Выступлениям без страха  🎁 Бесплатный гайд  ""Сильный голос за неделю"" https://disk.yandex.ru/i/q6qQGsQ28e4Z2g  Ваш @aleksey_bernatsky"
lychsolntsa,channel,ЛУЧСОЛНЦА ☼,25299,Уют дома и в ванной комнате & находки и полезные лайфхаки   Меня зовут Настя и это мой личный дневник  № 7147103648  По вопросам сотрудничества: @lychsolntsaa
moscowdining,channel,Dining in Moscow,793,О ресторанах столицы и близлежащих городов with a grain of salt  Автор @k_vishninskaya
zhevat,channel,⚜️ЖЕвать-не пережИвать!⚜️,265,"🌱МАГИ КУЛИНАРНОЙ РЕВОЛЮЦИИ! 🌱Мы берём вкусы из обычного мира и превращаем их в шедевры нашего, неся высшее благо всем! Доставка—мигом, польза-взрывная! 🔮 Переходи в пище на уровень Мага! 🐻 @userxcode 🎥 Ютуб  @Vkusy_zhizny 🥑 Продукты t.me/vkusyzhizni"
iskusstvo_dushi,channel,ИСКУССТВО ДУШИ,166,"Автор канала: @mis_nataliya  Все об искусстве, различных культурных мероприятиях, вкусных местах и немного о готовке блюд   Осторожно! данный канал вызывает привыкание"
ooorosa,channel,»роса«,1061,"творческое объединение из москвы (aka промо-группа) и по совместительству музыкальный лейбл, не обремененный жанровыми рамками  ссылки на нас: https://band.link/rosa4ever  по всем вопросам: @sergei_ravin"
rosalinux,group,ROSA Linux,1509,Чат сообщества Роса Linux в Telegram. Курилка (чат для оффтопа): @rosa_smoking  Скачать ROSA Linux: https://rosalinux.ru/rosa-linux-download-links/ Офф. группа сообщества Роса в ВК на канале: @rosalinuxchannel Чат о любых линуксах @rulinux_ru
doctor_dinagaleeva,channel,Дина Фоатовна Галеева/ Dina Galeeva,415,"Врач-невролог с интегративным подходом, остеопат, член РОСА"
rosa_osteopathic_association,channel,Российская остеопатическая ассоциация,294,"РОсА – всероссийское профессиональное объединение специалистов, оказывающих остеопатическую помощь населению. 👐 https://osteopathy-official.ru/"
embdomrus,channel,Embajada de Rusia en la República Dominicana,249,La cuenta oficial de la Embajada de la Federación de Rusia en la República Dominicana 🇷🇺🇩🇴   Cuenta en ruso: https://t.me/EmbRusDom Facebook: https://www.facebook.com/profile.php?id=61581187372053&mibextid=ZbWKwL Página web:
kozulitsyna,channel,Маша Козулицына,261,"Заметки о каллиграфии, дизайне и современном искусстве. С любовью к буквам."
blog_rf,channel,Blog about Russia,57,"Cities, culture, life, work of Russia"
homelandrussia,channel,Наша Родина - Россия,82,"Долг - Родине! Сердце - женщине! Честь - никому! Канал для тех, кто любит Россию. Патриотизм, Родина, Честь."
shesinrussia,channel,she's in russia,119,"shesinrussia.com  she's in russia is a podcast hosted by @oliviacap and @gurlgilt   start with these episodes: https://soundcloud.com/shes-in-russia/sets/start-here  our stickers: https://t.me/addstickers/shesinrussia  если по-русски, то пишите @oliviacap"
ecoukhod,channel,"Натурально, как есть у Ирины 🐝",190,"Никакой химии, научно доказано!  Личный опыт: тестирую и продаю эко-средства Ersag для тела, дома и огорода.  Начните здесь: https://t.me/EcoUkhod/133  Заказ эко-средств : @IrenKalinichenko"
kudapopomytomy,channel,КудаПоПомытому,85,"Я — Мария Фаундер SweepMe, самого чистого агрегатора клининговых услуг 🧽 Жена командира 🚁 и мама троих детей ❤️ Добро пожаловать в моё чистое пространство 😊"
divaclean_msc,channel,DivaClean - клининг,116,"💬Клининговая компания. Канал о нюансах уборки и о всем что связанно с чистотой, бесплатные консультации и лайфхаки. О нас 👇 🛜IG:instagram.com/divaclean__msc 💬ВК:vk.com/divacleanmsc ☎️WhatsApp: wa.me/message/Y2X6RUSORCYHN1"
cefcleaning,channel,CEF | Клининг и уборка в Москве,65,Про дизайн и уход за премиум-материалами  По вопросам заказа клининговых услуг @zakaz_cef  Сайт: https://cef-cleaning.ru/
adda247tamil,channel,Adda247 Tamil,53849,
beict2027,channel,2027 AL ICT - Bhanuka Ekanayaka,3407,
rapidstudy247dailyquiz,group,Rapidstudy247Group,650,"Daily Quiz 🕒 For OAS,OPSC,OSSC,SSB,OSSSC & Others 🍁  PDF/VIDEO free join👉  ALL PDF,NOTE, NCERT, MAGAZINE"
chats247,group,Чаты 24/7,1082,"Группа канала @Chat_TG для обсуждения и рекламы Telegram-чатов: каналов, ботов и групп.  📝 Админ: @Add_Chat_Bot  ⚠️ Правила t.me/CHATS247/173763  ⭐️ Рекомендую @addinfo  🗂 Каталоги @MegaPC @Channels_TG @bots_tg @vipcatalog @adsvip"
riscani_247,channel,Рышканы Сейчас,1214,
adonis_247,channel,Тот самый ADONIS,463,"▪️Брендируем так, что вас не забудут ▪️Оперативно выполним оптовый заказ ▪️Фабрика в Казани, отправляем по РФ ▪️UV, DTF, принты, наклейки, вышивки  ▪️Оставить заявку - @adoniskazan  ▪️Подробнее - https://taplink.cc/adonismerch"
anime_vse_247,channel,Королевский рейд: Наследники воли,348,
onlinehelp_247_support,group,𝐎𝐧𝐥𝐢𝐧𝐞 𝐇𝐞𝐥𝐩 𝟐𝟒𝟕 𝐒𝐮𝐩𝐩𝐨𝐫𝐭™,186,
tehhome_exp,channel,Побутова Техніка 💙💛,158,"‼️Важливо‼️ • Цей канал було створено для зручності пошуку товару, можете на нього не підписуватись, ми до цього не закликаємо."
setmagazinovkyzya,channel,Сеть магазинов Кузя,505,"Магазин Кузя представлен в 23 районах Омской области, всего 34 магазина, два в г.Омске. В наших магазинах Вы можете приобрести: бытовую технику,мебель, строительные материалы, отделочные товары, инструменты, товары для сада и огорода, посуду и многое др."
tattuerytka,channel,Татуер утка,221,"♥️Вы в канале у тату мастера из города Краснодара  ♥️ Меня зовут Оля ♥️Показываю свои работы, мысли и бытовую рутину  💌Пиши для бесплатной консультации в личные сообщения"
chat_preton,group,Official Chat $PRETON,66366,Preton community: @preton_eng Preton community: @preton_cis  AirDrop bot: @preton_drop_bot  https://twitter.com/preton_official
narutoncto,group,Naruton | The OG Anime Coin on TON,1122,Naruton  -  The OG anime coin on TON | $NARUTO |💬@NarutonCTO| 🐦 @OfficialNaruton |  #️⃣ EQCWsIKwjRilqjt8wQU0Dg7KbgA8kslDZ3zSLhD-QPRwFs9e
triton_chts,group,TRITON | Comments Chat,867,"только по ВАЖНЫМ ВОПРОСАМ И ДЕЛУ - @dark_soda1 OTC - https://t.me/neptuneOTC Разбан - 50 звёзд (каждый разбан)  Что-бы узнать правила, пиши - правила Твинки - пермач 5 варнов - бан  @neptune_tritonnews - основной новостной канал @nesovpn_bot - наш VPN"
tritonly1,group,ТРИТОН ЧАТ,1240,Чат для общения. Бан: - за распространение рекламы в не соответствующем чате  - за угрозы и оскорбления.   Админ @simnosk
treetonium_info,channel,treetonium.info,633,"Новости Тритонии, Tree TON и #даримкедры Заказ саженцев: https://t.me/+aTpIbg3esacyMTY6 Тритония: https://t.me/treetonia Tree TON и децентрализация: https://t.me/treeton_chat  даримкедры.рф"
psychointon,channel,PSYCHO TON,280,Сотрудничество/Реклама -   наш чат - @psychoinchat отзывы - @psychootzivi_ton
chaton_en,group,ChaTON,70,Chat of the channel «TON News» – @TONBlogEn
cryptooink,group,Crypt-Oink,183,"*Crypt-Oink is an Eth based Crypto Game featuring; breeding, racing and trading of  unique collectable animals called CRYPTON! https://www.crypt-oink.io/landing/en/index.htm"
top10saddeathsinanime,channel,Жизнь Липтона,141,Моя анонимочка http://t.me/anonaskbot?start=pk4t8b95wxveio7n Пиши постараюсь на все ответить ))))
minttonchat,group,Чат MintTON,51,Канал проекта https://t.me/mintton
keirin_house,channel,⋮ ⌗ ┆𝙆𝙚𝙞𝙧𝙞𝙣 𝙝𝙤𝙪𝙨𝙚!✶⋆.˚ᥬᩤ,18,"Привіт, Я Кейрін! Ціль : 50 котиків(⁠≧⁠▽⁠≦⁠)  Оп автора: @theshadow_moon"
catintonbot,bot,Catinton,,Catinton is an engaging arcade game where you control a cute cat that mines CTN coins.
vrtn_bot,bot,Virton AI - Virtual Fitting Room,,Virton AI is a virtual fitting room application that you can use to try on a new look.
bricstonshubbot,bot,BRICSTONS,,Narrative gaming ecosystem. Bricstons community: @Bricstons Chat: @Bricstons_Chat
checkitonbot,bot,Plaza,,Start your adventure here
oreton_bot,bot,OreTON,,"OreTON - Mine the Stars, Claim Your TON!"
clowntoken,channel,ClownToken,1,
hl0r0f0rm,channel,хлороформ(๑>ᴗ<๑),1864,жажда укрыть синтетической лаской нужду невротических благ
xstarsnft,channel,Хейтер Ton,1446,Самые свежие новости из мира NFT подарков в TON  Ссылка на канал @xStarsNFT  Ссылка на чат @xStarsChat   Гарант/продажа 24/7 онлайн - @lxchanell
shizotown,group,SHIZOTON Chat,392,@shizoton chat
krill_ton,channel,KrillTON🦐,64,One in a krillion
bank_of_rich,channel,RICHTON (BANK OF RICH),43,"BANK of RICH - ЭТО ТО, ЧТО ОБЪЕДИНЯЕТ ВСЕ ПРОЕКТЫ В ОДНОМ: $VNUK NFT RICH ON TON, $RTON  Наш чат: @richton_bank Наше приложение: @richton_bank_bot Коллеция: https://getgems.io/collection/EQAvzXVFHPZqHUw2TNO77MvwgnSMsKJffjC3RkeYLX90v12x"
chirik_chirikk,channel,маруся белые ножки,72,
chirulna,channel,Смерть в социализации.[ищу вл],62,Да блять.  Пара-нет? Семья- есть сын. Друзей- возможно ищу.  Аноним- http://t.me/anonaskbot?start=4zuoz80
ambertonchat,group,AmberTON Community,54,t.me/amberton t.me/beeharvest t.me/beeharvestru Contact: t.me/ambertonadmin
recipetonruchat,group,$RECIPETON: Чат сообщества,47,Больше вкусной инфы: Новости: https://t.me/recipetonru Рецепты: https://t.me/nutritiontime  EN chat: https://t.me/recipetonchat
chirpa74,channel,Чирпа,31,ЕСЛИ ЧТО ПИШИТЕ В АНОН ЗА НАРЕЗКАМИ!
web3ton_en,channel,NFT Web3TON (Eng),47,
life_profit,channel,life_profit,23,
bugatti_chiron_uz,channel,Mashinalar Supaer cars,11,
nar_dip,channel,nar_dip,8,
birch_pipe,channel,birch_pipe,,
lifa_ch2,channel,lifa_ch2,3,
chatik_org,channel,chatik_org,4,
vagina_cleaning,channel,пусиликер,391,меня окрестил сатурн
cleaning_stasya,channel,Cleaning_soap_stasya,203,Здесь все о чистоте 🫦 Про уборку 🧺 И просто атмосферные видео ☀️
womancleaning,channel,Woman cleaning,640,По всем вопросам @kykymberrrrrrr 🤍
cleaning_3kita,channel,ТРИ КИТА Клининг | Ставрополь,85,За подписку скидка 10%  🔹уборка после ремонта 🔹генеральная уборка 🔹мытьё фасада 🔹химчистка мягкой мебели 💼обслуживание ком. объектов  🌐  3kita-cleaning.ru ☎️ +7 (8652) 599-755 📱 wa.me/+79383041200 (WhatsApp) ➤ @cleaning_3kita_bot (расчёт стоимости)
yourbodycleaning,channel,Тюбаж_Екатерина Аванесова,1385,все о тюбаже
chistix_cleaning,channel,ЧИСТИКС КЛИНИНГ | ЕКБ,86,
nesoda_cleaning,channel,NESODA,84,Самая ламповая группа NESODA Напишите нам ⤵️  https://t.me/NESODA_bot
mmaxibear,channel,Мария Медведева,978,"Многодетная мама: быт, домашнее образование, вера, мысли о родительстве, отношениях и просто о жизни. ГВ и прикорм  Рекламу не беру  📩 @marymaxibear   @medvedeva_maria_gv - консультации @mashina_kasha - простая еда @mashini_uytki - мотивация на уборку"
juliaclean,channel,𝐉𝐮𝐥𝐢𝐚 𝐜𝐥𝐞𝐚𝐧🤎,722,"Если ты искал/ла место где можно расслабиться, получить заряд мотивации на уборку, то тебе ко мне😉 Все вопросы тг: @gl_err ВК: https://vk.com/amore911 🤍𝐖𝐞𝐥𝐜𝐨𝐦𝐞🤎"
crazycleaning_omsk,channel,Crazy Клининг,89,Ваш главный помощник по чистоте в доме 🧽  Наш сайт https://crazycleaningomsk.ru  Заказать уборку @crazycleaning
rasschitat_bot,bot,Rasschitat•Bot | Рассчитать•Бот,140413,Канал навости: @Rasschitat ads: @RaschitatSupport
sk101kvadrat,channel,101 квадрат | Ремонт квартир Ростов,2628,"Ремонт квартир, домов и офисов в Ростове-на-Дону.   Рассчитать стоимость ремонта и получить консультацию ⬇️ http://t.me/sto_odin_kvadrat_bot"
raskladdushka,channel,Rasklad&ezoDUSHKA,225,Запись — @ezodushka1 Глубоко и эффективно 🪬
numerologsvetaa,channel,numerolog.sveta,641,"Светлана, авторов курсов и интенсивов по Матрице Судьбы   На канале простым языком о твоей дате рождения и как она влияет на твою жизнь   Учу заработать на Матрице с нуля, даже если ты никогда не был с ней знаком  Связаться со мной: @belousova_svetlanaa"
futbolochnayaru,channel,ФУТБОЛОЧНАЯ,731,"🔶 DTF печать на одежде, на тканях 🔶 Вышивка на одежде  🔶 Пошив одежды с брендированием 🔶 Корпоративный мерч  Задать вопрос, рассчитать стоимость   @Futbolochnaya"
odissey_travelagent,channel,Путешествуй с ОДИССЕЙ ТУР,660,"Таисия - твой турагент, 47 стран в личной копилке 🔥Рассчитать тур - https://wtsp.cc/79033104058  Организую туры в Турцию, Египет, ОАЭ, Мальдивы и др страны"
news_meanings,channel,Новости & Смыслы,130,О срочном и важном.  С пользой и позитивом.
neo_clinic_shop,channel,Покупки в НЕО-Клиник,63,"Профессиональная космецевтика  класса люкс в Тюмени. Le Mieux, Cell Fusion C,  Yon-ka, Fusion Meso, ароматы для дома и авто, витамины. 📍Тюмень, ул. Немцова 4 +7 3452 682-682 интернет-магазин https://shop-clinic.com/"
artcleancleaningtips,channel,ArtClean Cleaning Tips 🧹,79,Tips cleaning yang bermanfaat untuk perkongsian bersama.
cleaningpro24,channel,КОМ-ИНЖИНИРИНГ,23,Комплексная уборка коммерческой недвижимости
darieagv,channel,🌱 ЭКО - ШОП 🌱,202,Благодарю за интерес к моему бренду! 🎄  Здесь Вас ждут: • Ранний доступ к новинкам и распродажам. • Эксклюзивные товары. • Полезный контент и ответы на Ваши вопросы.  Менеджер —  @Daraaa092
listok_zhizni,channel,Листок жизни l Экомаркировка,350,☘️ Делаем выбор экотоваров простым и надежным уже 25 лет  ▫️ Помогаем брендам создавать действительно экологичные продукты 🌍 Признаны в 30+ странах  Экологический союз — оператор экомаркировки  Связь: @listok_zhizni_bot
xorzistsell,channel,хорзист — барахолка,59,для меня барахло для тебя золото. то что обычно остаётся после видосов.
ecoprosvet55,channel,Экопросвет | Мироненко Оксана💚,142,"«Экопросвет» — личная история и путеводитель в мир экологии♻️  Автор @ecosana21: экоблогер, экологист, спикер, эколидер Движения ""Экосистема""  Организую экоивенты, занимаюсь экопросвещением, создаю экоконтент  ВК: https://vk.ru/ecoprosvet_55  #АдептыЭко"
ecosistemstyle,channel,ЭКОСИСТЕМА СТИЛИСТОВ официальный канал,42,
ecomaterial63,channel,Экоматериалы ♻️📚,42,"Для учителей, родителей, школьников, студентов и всех, кто хочет вести экологичный образ жизни и помогать другим, проводить лекции и открытые уроки на экотему ♻️ автор - @ashachka63"
insportline,channel,insportline.ua,30,"🌍 Наймасштабніша мережа Європи -тепер офіційно в Україні! 📦Швидка доставка 🧨Постійні знижки! 🤝Співпраця-гурт,дропшипінг  https://e-insportline.com.ua/"
ecoochag,channel,Эко Уют,27,"Окунитесь в атмосферу тепла, релакса и вдохновения вместе с нами!"
biologiya_onlayn_darsi,channel,Biologiya | Rasmiy kanal🇺🇿,3,😇 Yaratuvchi: @Alhamdulillah_student_01 📞 Aloqa : +998919252425 Asosiy kanal: @biologiya_onlayn_darsi  Rasmiy Group: @biologiya_onlayn_dars Maqsad: Alloh uchun Qoʻldan kelgancha hammaga yordam berish va Ilm tarqatish. Safimizga qoʻshiling
ecoshp,channel,Жизнь без химии,3,
ecologistik,channel,ООО «Экологистика»,1361,☎️+7(8662)22-91-10 ✉️ Email - info@eco07.ru 📱приложение «Экологистика» https://ecologistika.page.link/app
eco_pronsk,channel,Эко-Пронск | Региональный оператор по обращению с ТКО Рязанская область Рязань,292,Мы делаем Рязанскую область чище и экологичней!
ecobabaika1,channel,ЭКОБабайка | Экологическое движение | Астрахань,161,"✅Раздельный сбор отходов ""Астрасбор-2"" ✅Экологические праздники ""Экодвор"" ✅Экопикники ✅Субботники __________________________________________"
cistagora,channel,Čista Gora | Чиста Гора,727,chat @nisam_turista  social practice ♻️ чистим природу от мусора и тушим лесные пожары  insta: www.instagram.com/cistagora
egoza_home,channel,EGOZA Бренды для жизни,286,"🔍 Мои заметки с проверенными брендами для дома, себя и малышей. 🌿 Пользуюсь натуральной косметикой и не химией для уборки, стирки.  Сотрудничество @egozahome"
hylaeco,channel,Организатор пространства🏡| | Лидер бизнес встреч м.Яхромская🤑,142,"Лидер сообщества «Мир Бизнес Мам», амбассадор эко-чистки мебели Хьюлей ☕️"
ecodviizh,channel,ЭКОДВИЖ,171,Мы в ВК: vk.com/ecodviizh
neostory_ecoblog,channel,Экология | Neostory экоблог,130,"Наша миссия — вовлечь миллионы людей в процесс очищения природы 💚  Расскажите свою историю: http://neostory.tilda.ws/yourstory  Читайте нас там, где удобно вам! Вконтакте: https://clck.ru/sWWG8 Instagram: https://clck.ru/sWWHB Дзен: https://clck.ru/sWWJ3"
ecoactivemykolaiv,channel,Еко активчик 😻🌿💚,64,"🌱 ЕкоАктивчик – простір для молоді, яка хоче робити світ чистішим і сучаснішим.   Приєднуйся, щоб бути в темі та створювати еко-майбутнє разом 🌍✨  Посилання запрошення: https://t.me/+Ub_nKIUqzS0zM2Qy"
nemagicheskayamagiya,channel,"Кстати, это Аля",52,"Канал экологии, околопсихологии , эзотерики многодетной матери.  Здесь будут отборные мемы, книги и вероятно некий подкаст.   «Мечтаю о своем доме и принимать гостей на своей террасе.»"
marinazhukovabloger,channel,"Марина Жукова, Домохозяйка, Эксперт, Блогер",15583,"🧪 Пятна на одежде, стирка не помогает? 🧹 Убираешься без конца, а эффекта ноль? ✅ Только рабочие и проверенные советы. РКН: https://gosuslugi.ru/snet/6797336a6b68e25950ae50e1  Купить рекламу: https://telega.in/c/MarinaZhukovaBloger"
saksmanufaktur,channel,Шмоточные движения александра,417,
netolkoshtora,channel,Не только о шторах),288,
samprachkarf,channel,СамПРАЧКА,102,Прачечная самообслуживания - как сервис быстрого образа жизни ✔️стирка за 60 минут  ✔️фиксированная цена ✔️экономия времени ✔️максимум результата 🌐www.samprachka.ru
herbal_collection,channel,🌌 травяной сбор🌗,54,
psycoachnazarova,channel,Я с тобой🧡 Психолог Назарова Екатерина,150,"🤍Поддерживающая, но могу фрустрировать 🖤Мы не то, что сделали с нами, а то, что мы сами делаем с собой ❤️Работаю не с проблемами, а с людьми  Начни тут⤵️ https://t.me/coachingnazarova/1506  Записаться на чекап @coachnazarova"
stiral_dom,channel,СТИРАЛ (бытовая химия),17,СТИРАЛ - Сила кислорода для вашего дома
tvoydomnsk,channel,АНО «Твой Дом»,118,Помощь людям в трудной жизненной ситуации  Некоммерческая организация 5 приютов  Наши Контакты : https://tvoydom.org/  Телефон горячей линии : 88004442831
gid_laundry,channel,Global Idea Decor | постирочная и гардеробная мебель,88,Global Idea Decor - дизайн и производство оригинальной мебели для Вашей гардеробной и домашней прачечной!  Сайт: https://gid-group.ru/  Инстаграм: https://instagram.com/gid.laundry  Ютуб: https://youtube.com/channel/UCY03LZB-q-B1SRc0W7mu1UA
stirka_kovrov_inara,channel,"Стирка ковров в цеху ""ИНАРА""",26,"⚜️Предлагаем профессиональную химчистку ковров и аквачистку ковровых изделий в цеху на современном ковромоечном оборудовании.  🔥Не забудь подписаться на наш Канал , по ссылке ниже 👇  https://t.me/stirka_kovrov_inara"
ansegonchnotes,channel,anya’s notes,41,
mservise_clean,channel,М СЕРВИС | Клининговая компания | Уборка | Химчистка | Клининг| Москва,17,https://mservice.cleaning
stirkacomtomilino,channel,Стирка.com Люберцы-Томилино. Прачечная,39,Прачечная самообслуживания в Томилино https://dzen.ru/stirkacomtomilino ; https://vk.com/stirkacom.tomilino ; https://стирка.com/tomilino #Томилино #Прачечная #Егорово #Красково #Люберцы
himchistka_mebeli_kovrov,channel,Химчистка мебели и ковров на дому,11,"+ 7 985 385 89 19 Химчистка диванов, кресел, стульев, матрасов, ковров на дому в Москве, Красногорске, Истре, Химках, Одинцово"
nisam_turista,group,NISAM TURISTA,1130,"подпишись на @cistagora☑️ 🧤чистим природу от мусора и тушим лесные пожары  🔗 расскажи своим друзьям, что так тоже можно  ♻️ раздельный сбор @ecomontenegro  акция Рециклажица в последнюю субботу месяца"
barber_otto,channel,Парикмахерская OTTO,453,"стрижем|чистим обувь|наливаем САМАРА • Некрасовская, 56  +7/846/300-48-08 ЗАПИСЬ ОНЛАЙН👇🏼  https://n20295.yclients.com/"
skullgirlssconf,channel,ПЕРЕЕЗД!!,381,кф по скулгерлз😼😼 Бот для тейков - @lel3lel_bot Чистим вп когда не лень
milanopetrogradka,channel,Клиника на Петроградской | МИЛАНО,866,"MИЛАНО - сеть премиальных клиник косметологии в Санкт-Петербурге.  Мы работаем только на сертифицированных аппаратах и косметике мирового уровня✨ 📍Большой пр. П.С.,84 9:00-22:00 Онлайн-запись: https://clck.ru/3PDVwA"
sanitarytaigy,channel,Санитары Хакасии,606,"Мастера клининга. За чистоту и порядок в природе, в умах и в политике."
cleanschool2019,channel,«Московская Школа Клининга» Центр обучения и консультирования,262,Обучение и консультирование в области профессиональной уборки и ухода за объектами недвижимости.  Email: mshk.info@gmail.com   www.cleanschool.ru
cleanfixrussiatoday,group,CleanfixRussia,130,Всё о клининге и  для клининга!
prounicomofficial_samara,channel,PROUNICOM💚,244,"Эффективная и безопасная бытовая химия  Средства для стирки, мытья посуды и уборки, которые действительно работают.  🔥 Идеальны для дома, клининга и бизнеса.  Тел. +7937 991 65 63 | +7 846 990 68 88 Доставка по г.Самара, г.Кинель https://prounicom.ru/"
onecleancomp,channel,"Группа Компаний ""КлинСтайл""",82,"Группа компаний ""КлинСтайл"": 🟠ТМ ""Chistopitt"" 🟠ПКК 🟠ПСК  🖍По всем вопросам обращаться:  📧 info@clinstail.ru 🤖https://t.me/onecleancomp_bot  Репост приветствуется, при условии ссылки на наш канал. https://t.me/onecleancomp https://icq.im/onecleancomp"
cleaningfordary,channel,Dary Clean,100,
robotcleanrobot,channel,ROBOTCLEAN&РОБОЧИСТ,429,Добро пожаловать в наш канал! Здесь ROBOTCLEAN и РОБОЧИСТ делятся новинками и советами для безопасной и экологичной уборки. 🌿  🔹 Будьте в курсе инноваций в технологиях чистоты 🔹 Узнавайте о наших эко-продуктах и эксклюзивных предложениях РКН:№100051370
di_mcclean,channel,২ Di McClean ১ (ASKometa),452,"artist, animator, ahuela  • vk.com/di_mcclean • www.deviantart.com/askometa"
mostcrb,channel,ГБУЗ «Мостовская ЦРБ» МЗ КК,256,Официальная страница Государственного бюджетного учреждения здравоохранения «Мостовская центральная районная больница» министерства здравоохранения Краснодарского края Вконтакте: vk.com/crbmost Одноклассники: ok.ru/crbmost MAX: max.ru/id2342003294_gos
mc_most,channel,Медицинский центр остеопатии МОСТ 🏥,146,"Добро пожаловать на канал, где вас ждут:  🌿 Специальные предложения, акции  🌿 Полезные советы для хорошего самочувствия 🌿 Секреты правильного питания 🌿 Рекомендации врачей и экспертов  Сайт: mc-most.com Мост Администратор: @mcmost"
mostcinema,channel,Кинокомпания МОСТ.Синема,40,"Продакшн Оксаны Барковской https://mostcinema.media/  Мы переводим правду на язык кино. Потому что мы – это мост к себе. Создаём контент со смыслом. Думаем о будущем – каждого, и всех.  🎥 Кадры со съёмок, инсайды, мысли команды.  Подписывайтесь!"
vodichkova,channel,Vodichkova decor,645,"Алина Сафина про декор, радость в деталях и атмосферу пространств🍧 Каждый предмет имеет значение.  Сайт с услугами: https://vodichkova.ru Для связи @Vodichkovaa  Запрещенная сеть: https://www.instagram.com/vodichkovaa"
czeozvv,channel,Тату-мастер Анна | Ковров,649,по всем вопросам/запись: @czeozv  Ковров / Москва
vitcarpet,channel,vitcarpet.by,214,"✔️Качество, проверенное временем! ✔️Широкий ассортимент ковров и ковровых изделий! ✔️Стильное/ сильное покрытие для Вашего дома! 🔴 Наш сайт: https://vitcarpet.com/"
kovrov_gid,channel,Новости Коврова,77,Мы показываем красоту нашего города и откровенно говорим о его проблемах.
myurceg,channel,Министерство Ковров😨,488,"Премьер думерских дел. Все посты рофл, нет цели обидеть кого-то. http://t.me/voprosy?start=q3v03- анонка"
a2carpet,channel,a2carpet.ru,256,"Канал сайта a2carpet.ru ЭВА Листы, Автоковролин, Клипсы, Логотипы и любые комплектующие для производства автоковриков. Розница, ОПТ, Крупный ОПТ. Оформление заказов @sales_a2carpet +7(927)479-33-69"
enkovrov,channel,ENCOUNTER - Ковров,480,"💬 чат игроков здесь, вступай https://t.me/+csb7iuvHzdEwNmQy  Городские активные игры. Главные новости 👾enkovrov.ru — отправь ссылку другу  ⬇️ Как зарегистрироваться — по ссылке https://t.me/enkovrov/505"
avtokovriks,channel,Телега с автоковриками,293,Всем ✌ Мы - Костя и Алёна.  Шьем автомобильные коврики и делимся здесь своим опытом и мудростью🤪 И иногда скидками! Welcome!  @Fabrika_Kovrikov пишите нам!   @Avtokovrics_bot обратная связь  Tel: 8(903) 401 56 53 f-kovrikov.ru
stirkacombiz,channel,Франшиза «стирка.com»,2406,Канал сети прачечных самообслуживания для стирки и сушки крупногабаритных вещей стирка.com
stirka40,channel,Стирка 40,2241,Есть много прачечных по вызову и лишь одна по любви 😍 http://vk.com/stirka40  http://stirka.org  Канал ведёт арт-директор Коля @urzametki
diyfreezedrying,channel,"Freeze Drying, Vacuum Drying & Dehydrating Food At Home",500,"A channel dedicated to freeze drying, vacuum drying and dehydrating tips, tricks and hacks along with food storage."
rossinka_bio,channel,ROSSINKA | Росинка,283,"Канал бренда моющих и чистящих экосредств для всей семьи Rossinka 💜 Заказать нашу продукцию можно на Ozon, WB и в Золотом Яблоке🛒  По вопросам сотрудничества и другим вопросам компании: 📨 welcome@bio-rossinka.ru"
pyatnodaily,channel,пятно,288,меня зовут ваня (@vanyaoff) — я основатель продакшена «пятно» стирка в стиральной машине запрещена.
pridefitnessnsk,channel,Персональные тренировки для девушек | Новосибирск,196,"Фитнес студия персональных тренировок для девушек | Новосибирск  📍Комсомольский проспект,24  ✅ только тренер и клиенты  ✅ личная кабинка каждому (хранение и стирка формы)  Телефон для записи : ☎️ +7 913 718 54 53"
stilma_home,channel,Стильная мануфактура | Шторы и тюли,134,"Стильная мануфактура — шторы и тюль собственного производства: качество без переплат, идеальные размеры и лёгкий уход для уюта  🪡  Посмотреть продукцию:  👉🏼 WB: https://www.wildberries.ru/brands/293692563-stilnaya-manufaktura"
obucheniehimchistke,channel,Владислав Юматов | Обучение химчистке мебели и ковровых покрытий,107,"Эксперт в сфере химчистки, владелец выездной химчистки «Крутая Чистка», автор книг «Химчистка мягкой мебели, ковров, пятновыведение» и «Мебельные ткани: нюансы очистки, плетения, волокна».  Контактный номер +79003474808 vladislavyumatov.com"
chistkakovrovlea,channel,Стирка ковров в Волгограде,103,Аквачистка  ковров круглый год
stirka_meow,channel,🐾 Stirka Meow 🌸,99,"Привет! Я Стирка Мяу! Иногда стримлю всякие игрушки, иногда рисую. Живу на море и здесь выкладываю фотографии 😊 Мой твич канал https://www.twitch.tv/stirka_meow"
shahgcreatoryt,channel,Shah G Creator,576,YouTube: Shah G Creator https://youtube.com/@shahgcreator
barnikclean,channel,Barnik_Clean,141,🫧🫧🫧
boweclean,channel,БЁВЕ,104,Для друзей Химчистки БЁВЕ
bsilent_60d58fe2,channel,bSilent Cheat(Imitate),130,
gbitech,channel,GB iTECH ملتقى التقنية 🚨,114,⛔ رابط،قناتي على اليوتيوب :  https://www.youtube.com/@GB-ITECH  🛑 موقعنا الإلكتروني :  https://www.maloumaweb.com
bgramuzbek,channel,BGram Uzbek,23,🇺🇿 Bgram ilovasi boʻyicha koʻrsatmalar.  🇬🇧 Instructions for the Bgram application.  🇷🇺 Инструкция к приложению Bgram.  Admin: @JJJAAAXXX  @BgramUz
clean_zk,group,clean (verified zk circuit DSL),47,
be_clear,channel,BeClear CRM - B2C,10,
bgramesp,channel,BGram - Español - Canal oficial,26,▪️Canal oficial en español 🇪🇸 del cliente de Telegram BGram (antes BifToGram). ▪️🇪🇸 Grupo oficial de soporte en español @BgramEs ▪️🇬🇧 Grupo oficial de soporte en inglés @BGramOfficial
thealliance_caitvi,channel,Альянс Кейтваев | caitvi daily conf,542,начало: 13.01.25 Чат для общения https://t.me/+vlyGNCWv3WthOGEy   кр axl99 твиттер
mboyshn5,channel,"МБОУ ""СШ 5"" п. Яблоновский",816,"Официальная страница  МБОУ ""СШ 5"" пгт. Яблоновский 🌊 БУДЬ С НАМИ, БУДЬ НА ВОЛНЕ НОВОСТЕЙ  Мы в ВК https://vk.com/mboyscool5 Мы в ОК https://m.ok.ru/dk?st.cmd=altGroupMain&st.groupId=70000007583604&_prevCmd=userAltGroups&tkn=9742&_aid=groupOwnShowcase"
sagatelyannelly,channel,Nelly Sagatelyan,1326,
capitulovago,channel,𝑵𝑶𝑪𝑻𝑰𝑳𝑼𝑴𝑬 ✷⃝,157,"✮⋆˙ ── Um espaço dedicado a textos, poesias e diferentes formas de arte, sejam elas autorais ou obras que me atravessaram de alguma forma e merecem ser compartilhadas."
fayzi_navoiy,channel,Fayzi Navoiy,341,"G‘amim ko‘p ayta olmasmen, ne tong, ko‘nglum halok o‘lmoq,  Ichimda yuz qilich, ne ayb, ko‘ksum chok-chok o‘lmoq."
naftali_channel,channel,הערוץ האישִשְלי,113,"@naftali100 - נפתלי הלגו  הערוץ המעניין ביותר בטלגרם - אליק  הלחיצה על הכפתור ""הצטרף""/join מהווה הסכמה לתנאי הקבוצה והערוץ https://t.me/naftali_Channel/618"
svetafor_chust,group,🔴🟡🟢СВЕТАФОР🔴🟡🟢CHUST MAGAZIN,1518,Manzil;CHUST ESKI PILLASHIRKAT JOYIDA  YANGI SHAHAR
jeesaiter,channel,JeeSaiter,782,dm @saitersaitersaitersaiter tiktok jeesaiter pinterest jeesaiter
joyflame_pink,channel,🐰Joy Flame Pink🐯,392,🏳️‍🌈🐯Hi! Im Joy! 🐰 🏳️‍🌈 ~Commissions are open~ Be gentle with this Tiny (Tiger/Bunny)
aiscreamp,channel,₊˚ෆ JoyRide─𝜗𝜚 open commis!,436,"─ Blossom petals falling out of my hair and onto my dinner plate, raspberry juice dripping like blood onto my white dress.  Restaurant service : @casrtethyia [ secret chef that also an owner of the restaurant ]  ᭝ ᨳଓ ՟ ◡̈"
jodiceart,channel,jodice,147,не используйте мои работы без указания авторства <З
joyridedisp,channel,JoyRide,107,По оп - @OwnedByKaiAngel
tutuytnooo,channel,🧘🏼chiiiil💄💋,142,Ягодки тут чилим и наблюдаем за визажем❤️‍🔥❤️‍🔥❤️‍🔥
bioondda,channel,BIONDA♡,223,life and beauty🤍  📍spb
paniramarisylki,channel,Pani Rama risylki /18+/,149,Я тут малюю. Трохи.
kolydka,channel,Колядка,37,"Новости и мнения, просто читайте..  News, just read it.."
yokitopia,channel,y꩜kitopia ˙⋆｡‧˚ʚ🍎ɞ˚‧｡⋆,131,💌 i make stuf for funsies *!♡ 📍🇸🇬 → customs + trades 🆗❕⋆౨ৎ˚⟡˖ ࣪ 🍮 pm @ash3rxz 4 questions!
yoshimass,channel,Йома сосу👀 РЕСТ,22,"Ааа арты, аа привет Дм : @Yoshim4"
mioribaka,channel,Миорька,71,Какая-то глупость
danyatrupp,channel,дура,41,🍙🍙🍙
myriadtrio,channel,𝗺𝗬ʳᶦ𝗮𝗱’,10,
yumica_lol,channel,Юмика 🇩🇪,39,Ваша юми вернулась:З Приписка:  #yumi Подайте на пропитание голосок 😰 https://t.me/boost/Yumica_lol Инфо https://t.me/info_umiii
irisguy,channel,JOPA BARANA😏),66,КристинаGoldenButerfly
candiedsodas,channel,candiedsodas ₍⸍⸌̣--⸍̣⸌₎,14,mayari ✧ she/her ✧ eng/tag  in case twitter and tumblr keep exploding  https://candiedsodas.carrd.co
pfiifsj,channel,ждунодева⁴²,35,Ростовская 42 сеструха дизайнер одежды+ образы 42 км глава хайп сквада
evreika2,channel,🐠ꫀꪜсhik ᥫ᭡,46,
shadyshadyyy,channel,Шейди=3🍮,11,
lhurfela,channel,(РЕСТ) йоша йоо ໒.᭡.ঌ,26,☁︎ ☁︎ ☁︎
goddessryoyamada,channel,I BELIEVE IN RYO YAMADA SUPREMACY,14,"здесь я пощу и восхваляю Рё Ямаду из ""Боччи зе рок"", а также здесь будут иногда появляться другие участницы группы ""Жгут"" никаких ИИ, присутсвует ""лёгкая эротика""  ➥предложка: @PredlozhkaGoddessRyobot"
jaslarnews1,channel,MOYNAQ JASLARI | Ràsmiy kanal,791,📣 Jaslar ıslerı agentlıgı Moynaq rayonı bólımı ràsmıy kanalı ❕ 🔸️Múráját  hám usınıslar ushın:     @Paraxat_Umirzakov
homeproducts_1,channel,Home Products,231,"Xonadoningiz uchun tozalash vositalari va gigienik mahsulotlar, parfum kosmetikalar  🇨🇳Xitoy 🇹🇷Turkiya 🇮🇷Eron 🇺🇿Oʻzbekistan mahsulotlari  xamyonbop narxlarda ....   📝Murojaat uchun:  @Khidoyatov95 🚛Chilonzor boʻylab yetkazib berish xizmati-BEPUL"
z_eloize,channel,Z-Eloize,79,
skyline_oi,channel,🫧𝗦𝖪𝗬𝖫𝗜𝖭𝗘 #groupskz 🪼,251,От группа под прототип скз от4 Хиронами-хенджин Луни-бан чан Юрин-айен Ханна-минхо https://t.me/boost/skyline_oi
crispybliss,channel,𝙂𝙞𝙡𝙨𝙝𝙖𝙣 𝙛𝙡𝙤𝙤𝙙 info.,57,
obliquesmee,channel,лена ок,78,"🌐 no matter what happens, there's nothing wrong with me as a person."
meowlody_oi,channel,￴￴￴𓈒۫ 𝅄 ִ 𝖬𝖤𝖮𝖶𝖫𝖮𝖣𝖸￴￴￴ᵗ᷒ᰰ :: 💒,30,text - @beewuPort
maruunyaa,channel,𝓜𝓪𝓻𝓲𝓪 𝓢𝓮𝓻𝓰𝓮𝓮𝓿𝓪,45,
haiylarls_oigg,channel,𝙃𝙖𝙞𝙮𝙡𝙖𝙧𝙡𝙨 🫦//𝟏𝟎𝟎% ℒ𝒶𝒹𝓎,42,Мы группа с прототипом i-dle! Мы те кто покорим ваши сердца  Продюсер: @mire_prod
otsenkamnepls,channel,𝑶цᥱн᧐ⳡⲕⲩ ʍнᴇ જ⁀➴,32,"Канал для оценки любого творчества, труда и многого другого. Пока все бесплатно,инфо будет в будущем"
sleepy_oigroup,channel,ֶָ֢· ׄ¹💛 夢を. Slᧉᧉpy ֶָ· [ oi ],5,"sleepy [ слипи ] — нꭷвαя онлαйн кавеρ грყппα под прꭷmꭷmuпоო owis.   mm — ? company — @smlabel_oi  ( 1/5, набор открыт )"
survmed03,channel,Ночная охота,6361,Дневник реаниматолога
nhliga_msk,channel,Ночная хоккейная лига | Москва,786,
casinosbatumi,channel,Батуми Казино,766,"Новости казино Батуми и Тбилиси в Грузии. События, развлечения, клубный покер, ночная жизнь, информация о настольных играх и слот аппаратах.   Связь с админ: @Vita_smart"
rostovnight61,group,ROSTOV NIGHT,283,Ночная лига плавания Новый уровень 🔜
nhliga_br,channel,Ночная лига | Брянск,485,"Официальный аккаунт  Ночной Хокккейной лиги в Брянской области. Дивизион ""Лига Надежды"" 🏒🥅🏆  Связь и сотрудничество @v_gov Мы в Дзене https://dzen.ru/nhlbr"
nhl_rostov,channel,Ночная Лига Ростовская область,454,
djlenarave,channel,Dj Lena Rave,584,"Мир моими  глазами  Моя маленькая история ♥️  Благодарю за подписку !  Я очень ценю ваше присутствие ✌️ Москва ночная VS тихий Серпухов  RAVE- мама 😍 и есть ли жизнь после 35 😆 Проекты : CONCRETE ECLIPSE,RAVE GENERATION, серия подкастов : ARTIST"
allegorysidemusic,channel,Allegory Side Music.,406,"Техно вечеринки , электронные ивенты, афиша мероприятий, ночная жизнь Воронежа. Вступай в чат 👉 https://t.me/allegorysidemusic_chat   #vrn"
greenleafkatalognarhvapv,channel,КАТАЛОГ ГРИНЛИФ ЦЕНЫ И ПВ,4235,
scarlettclub,channel,SCARLETT,490,Забота начинается с меня! Чувствуй себя как дома. SCARLETT — 30 лет заботы о самых близких.  Мои сообщества: Дзен — https://dzen.ru/scarlettclub ВК — https://vk.com/scarlettclub  Официальный сайт: vk.cc/cXeVxW
mariatoropkina,channel,Мария Торопкина | Стилист,210,Стилист | Обзоры брендов | Шопинг Фотосессии | Модные мероприятия Insta: @mariatoropkina VK: https://vk.com/id227402662
mariuood,channel,𝑀𝑎𝑟𝑦𐙚,454,_مارال َم_ @Mariuolaki_bot
tkaniumargo,channel,Ткани у Марго селлер на маркетплейсах,186,"Доставка 🚚 ваших посылок по Москве, и всей РФ, СНГ, перевозчики Сдэк."
fcknshiiiiittt,channel,Marieeeee,106,Хеллоу мазафака Щп: https://t.me/ahahahashieeet
lybimummlov,channel,💋Macan&Maria💋,43,Это самая лучшая пара!!!❤️ Тгк Маши: @mariamotina Тгк Андрея: @macan_official1 Тик ток: https://www.tiktok.com/@lybimummlov?_r=1&_t=ZS-92luBi1BCC5 Связь: t.me/anonaskbot?start=nlvj25n
maripbg,channel,MARI,86,
mariquince17,channel,mari.quince💍,49,модель агентства Promodels🧚‍♀️ участница Каспийской недели моды 21 сезона🤍🌺  инст: https://www.instagram.com/mari.quince17/profilecard/?igsh=MWh3OGN0d2pmanlvcw==
mariart_6,channel,Обкладинки Марі🎨,50,Преміум обкладинки для ваших майбутніх бестселерів❤️
marhi,channel,Mari,7,
llovellyfairy,channel,lovellyfairy,2837,"по рекламе и сотрудничеству - @emiicml, @nanami_pr"
mari_timashkova,channel,Мария Тимашкова,2144,"Рабочая нумерология и психология. Научись видеть людей насквозь и менять свою жизнь с помощью даты рождения. Лицензия. Маркетинг для эзотериков. Услуги, курсы 👉 https://mari-timashkova.ru/  Написать Марие: @mari_timashkova1"
a_wangariwamagari,channel,Wangari wa Magari 😎,1627,WE IMPORT ON BEHALF SELL;- New & used cars   WEBSITE https://wangariwamagari.com EMAIL wangariwamagari@gmail.com   TELEGRAM  https://t.me/a_wangariwamagari  INSTAGRAM  https://www.instagram.com/invites/contact/? FACEBOOK  https://www.facebook.com/Wangari.
v7mari,channel,V7Mari 👑,108,
qqmari,channel,мысль?,898,"ссылка для кента - https://t.me/qqmari  главный clown - @hikikomori1448  а эт, для буста в общем - https://t.me/qqmari?boost"
mari_piercing_sochi,channel,Mari piercing Sochi,1090,Пирсинг и я Для записи сюда @M_B_L_S_S
mari_tutynina,channel,Консультант по сну и питанию детей Тутынина Мария,1009,"Более 6ти лет помогаю мамам наладить сон и питание детей 🫶  ОТЗЫВЫ: https://vk.com/album-211175044_282165697   Сайт с услугами (консультации, вебинары, курс, интенсив) ⤵️ https://maritutynina.ru  Связь со мной 👉 @maxamom"
v1pdiamondclean,channel,V1p Diamond Clean,44,
hylacz,channel,Hylа/ висока якість прибирання та очищення повітря,10,
eventtusa,channel,Группа компаний «Мёд»,194,"Группа компаний «Мёд» — там, где маркетинг с душой, автоматизация с умом, а праздник — в деталях. 🐝  www.medgk.ru  8 (800) 350 9 330  Пишите для заказа:  https://button.amocrm.ru/trrmt"
pravila_goroda_official,channel,Правила города | Согласование вывесок,37,🏢 Согласование наружной рекламы и вывесок по всей России 📋 9 лет опыта • 1000 + согласований в 2024 году • 700 + городов ⚖️ Помогаем избежать штрафов до 1 млн рублей 📞 Бесплатная консультация: +7 482 257 55 05 🌐 po-pravilam.com
vyveski_cheboksar,channel,Рекламные вывески | Чебоксары,177,Все вопросы к👉 @Zaharskiy ☎️ +7 (8352) 38-37-98 🌪️Оперативная работа 🗿Качественная сборка 🦚Оригинальный дизайн 🏛️Согласование с городом 🪩Красивый и яркий результат 🧰Гарантия на весь срок службы!
ra_anturag,channel,РА АНТУРАЖ - ВЫВЕСКИ - ДИЗАЙН РЕКЛАМЫ,80,"🔥ДЕЛАЕМ ВЫВЕСКИ 10 ЛЕТ 🔥ВЫВЕСКИ В  РАССРОЧКУ  0%  🔥ОТПРАВИМ РАСЧЁТ В ТЕЧЕНИЕ 1 ЧАСА ✈️РАБОТАЕМ ПО ВСЕЙ РОССИИ 📳 8-902-208-66-11 Viber, WhatsApp"
vyveskikmk,channel,Вывески в Коммунарке,99,"🫰Делаем вывески, которые работают на вас 24/7, без перерывов и выходных  🫰Превращаем трафик в клиентов 🫰Собственное производство   📍Консультация  @Anne4ka37"
rocketads_ru,channel,RocketADS 🚀 | Рекламная компания,410,Рекламная компания | rocket-ads.ru 🚀  💡 Идея 🧩 Разработка  🎯 Продвижение 🤝 Поддержка  📞+7(990)012-30-70  👑 | Специалисты в #it #marketing ⭐️ | Изготовление наружной рекламы 🚀 | Помогаем масштабировать бизнес  📈 | Увеличиваем количество продаж
advindnr,channel,9 дюймов - рекламно-полиграфическая артель,471,"реклама полиграфия дизайн  📍 г. Донецк, пр. Мира, 13 📞  +7 949 569 78 06  https://9.indnr.ru/"
rpk_er36,channel,Эпицентр Рекламы I Производство наружной рекламы,130,"Нет вывески? Нет бизнеса! www.reklama-36.ru  Наша компания занимается производством рекламным конструкций.   Возможно примеры наших работ чем-то Вас вдохновят.    ☎+7(473) 251-61-62   📞+7(961)183-82-13 (WA, Telegram)  📨rpk.epicenter@ya.ru"
topviveski,channel,TopViveski.ru - Вывески под ключ,17,"Создали множество вывесок, баннеров, букв и других конструкций; публикуем их тут"
rembrandsu,channel,RemBrand.su,26,"Рекламное агентство полного цикла #RemBrand   ⚙ Интернет - реклама ⚙ Дизайн  ⚙ Полиграфия ⚙ Изготовление и согласование вывесок.   +7 (495) 118-21-82 rembrand.su  Пролетарская ул., 7, мкр Железнодорожный, г. Балашиха, МО"
tochkakontakta,channel,ТОЧКА КОНТАКТА,166,Производство вывесок из алюминия и нержавеющей стали.
radakazan,channel,Rada Kazan,6,Рада Казань -  профессиональное изготовление наружной рекламы. От табличек и вывесок до комплексного брендирования автомобилей   Все о нашей компании - https://rada-kazan.com  номер для ваших заявок: https://t.me/+79662406797
tritonsaratov,channel,ТРИТОНИЯ полиграфия,177,- ДИЗАЙН - - РЕКЛАМНАЯ ПОЛИГРАФИЯ - ‌- СУВЕНИРЫ - - ПЕЧАТИ И ШТАМПЫ - ‌- ПРОЕКТНАЯ ДОКУМЕНТАЦИЯ - ‌- СВАДЕБНАЯ ПОЛИГРАФИЯ - ‌- НАГРАДНАЯ ПРОДУКЦИЯ -
besedki_krd,channel,Деревянные беседки Хоромы-Люкс,66,Беседки в наличии на складе в Краснодаре.  https://хоромы-люкс.рф/ телефон: +7-918-093-53-53
tintprint,channel,ТинтПринт I Широкоформатная печать,172,Рекламное агенство 🔥 Наружная реклама 🔥 Изготовление вывесок 🔥 Широкоформатная печать 🔥 Печать на пленке  Наша страничка https://vk.com/tint_print Наш сайт http://www.tint-p.ru Наша почта info@tint-p.ru Наш телефон 8-901-546-20-75
vidno_reklama,channel,VIDNO | Стенды•Наружная реклама•Декор,53,20 лет VIDNO Рекламно- производственная компания Шеф-монтаж🔹обучение Сотрудничество +7 987 413 2555  Рассчитать проект ➡️ @Denis_Gevargiz
graphika_rpk,channel,РПК Графика,39,"Наружная реклама, стенды, полиграфия"
vinogradovpartners,channel,Виноградов и партнёры • юридическая фирма,69,"Юридическая фирма для бизнеса. Кейсы, практика, как защитить своё и не наломать дров — простыми словами и без воды."
reklama3art,channel,3АРТ,80,Рекламно-производственная компания «3 АРТ» ▫️Изготовление вывесок ▫️Комплексное оформление  ▫️Лазерная резка ▫️Широкоформатная печать ▫️Наружная реклама Наш сайт 👉🏼 https://3art.su/
masterareklamy,channel,РПК МАСТЕРА РЕКЛАМЫ,8,"Ваша реклама — наше мастерство✅  Изготавливаем вывески и наружную рекламу, которая работает на ваш бизнес  14 лет опыта на рынке наружной рекламы  Сайт: www.adsmasters.ru Телефон: +7 (499) 755 55 69 Ватсап: +7 (926) 007 47 27 Почта: zakaz@adsmasters.ru"
zond_reklama,channel,ГК «Зонд-реклама»,35,
yarko36,channel,YARKO | Наружная реклама и неоновые вывески | РПК Воронеж,10,Атмосферные неоновые вывески. Для заказа пишите @yarko36bot
prizma59,channel,РА Призма,45,"🌐 ""РА Призма"" - ваш гид в мире современной рекламы! Здесь вы найдете полезную информацию о производстве вывесок,  печати до материалов и комплектующих 🚀"
neonmarketru,channel,NEON market ️НЕОНОВЫЕ ВЫВЕСКИ в СПб ➕ Доставка по России,25,Доступный гибкий неон в СПб с доставкой по всей России 🌏 🚀 Делаем заказы любого объёма! 💡по вашему макету 💯ЗА 5 ДНЕЙ❗️ 📲Пишите: ➡️ сюда @neonmarketchat ➡️ или сюда https://wegoo.ru/neonmarket
conditioner_crimea,channel,Кондиционер Крым,66,"Кондиционер Симферополь Крым                 💰Продажа кондиционеров ☀️Монтаж, установка  ⛑Обслуживание кондиционеров 🧞‍♂️Заправка кондиционеров тел. +79780688835 Каталог кондиционеров на сайте: https://conditioner82.com/catalog/konditsioner-split-systema/"
remontkondeevmsk,channel,110 kondeev.ru❄️,61,Обслуживание. Заправка. Чистка. Ремонт кондиционеров в Москве! 89964764159
kamensk_prof,channel,КаменскПроф Кондиционеры,167,"Продажа и установка кондиционеров. Наша компания является официальным дилером ведущих производителей систем кондиционирования. В настоящий момент наша торгово-монтажная компания продает,устанавливает и производит ремонт климатического оборудования."
mir_holoda_mariupol,channel,"Кондиционеры ""МИР ХОЛОДА"" Мариуполь",356,🔹 Кондиционеры 🔹 Холодильники 🔹 Торговый и промышленный холод  ✅ Продажа ✅ Установка ✅ Ремонт любой сложности ✅ Сервисное обслуживание  Звоните и пишите: ☎️ +7(949)705-75-41 ✍️ https://t.me/Mir_Xoloda ✍️ http://wa.me/79497057541  ☝️ Гарантия
koenigclimat_kld,channel,КёнигКлимат | | Кондиционеры в Калининграде. Покупка и установка,206,"Продажа, монтаж, сервис кондиционеров в Калининграде и области   ☎️ +7 (993) 198-70-08 Сайт ✊🏻 https://koenigclimat.ru"
aerosamara,channel,Аэровент Самара Кондиционеры/вентиляция/увлажнение,370,"18 лет работаем для создания комфортного климата в вашем доме  Наш офис г. Самара,  ул. Саранская, д. 15   +79276923745 Анастасия @Aerovent_samara +79379890729 Татьяна @Aero_9890729 +79608244014 Вячеслав"
kondilakru,channel,KONDILAK.RU Кондиционеры Москва,7,Интернет-магазин кондиционеров
migservice054,channel,Миг-Сервис 54,346,Связаться с нами  @Migservice54  Уже более 6 лет компания МИГ-Сервис 54 занимается продажей и профессиональной установкой кондиционеров.  📞 +7(383)212-63-85  Подробнее на сайте: https://mig-service54.ru/
cheapsplit,channel,Сheap Split. Чистка и установка кондиционеров Москва,21,Продаем и обслуживаем кондиционеры в Москве 📱Оставьте заявку в WhatsApp: https://wa.me/79999138061 Наш сайт с ассортиментом: https://cheapsplit.ru/
acclimatkrd,group,Установка кондиционера Закладка трасс,17,"❄️ Продажа и монтаж Кондиционеров в Краснодаре и в ближащих районах. 🧰 Техническое обслуживание сплит-систем. 🛠️ Закладка трассы на этапе строительства или ремонта. 🧗 Альпинизм, высотные работы."
avtonomka_teplo_sibiri,channel,Автономка | Тепло Сибири,92,"Канал Михаила Чичкова  Русификация в Новокузнецке  Продажа, установка и ремонт автономных систем отопления и кондиционирования для грузовых автомобилей, спецтехники и т.д."
duplexorel,channel,ДУПЛЕКС | КОНДИЦИОНЕРЫ ОРЕЛ,181,"Кондиционеры в Орле с доставкой и установкой! 🏡  Доверьте установку кондиционеров профессионалам! 💪✨ https://vk.com/konditcioneryvorle https://www.duplex-orel.ru/ г. Орел, ул. Городская, 62 +7(4862)54-24-62 +79107480309"
aliveservis,channel,Кондиционеры компания «Элайв»,27,"🗺️г. Артём., ул.Кирова 28., офис 210  📲тел: 8(953)214-53-01  📨Почта: alivejd@mail.ru  🌐Сайт: alivejd.ru  Делимся нашими работами😉  Продажа кондиционеров и профессиональный монтаж!"
ilmasto_ru,channel,ilmasto® premium,18,"Обслуживание автокондиционеров.  Санкт-Петербург,  🚩Богатырский пр.18 кор.3 ☎️Телефон +7 812 716-15-35"
meridian774,channel,"Установка,монтаж,заправка,чистка,обслуживание, снятие кондиционера в Челябинске и Копейске",38,
rateclimate,channel,Rate Climate | Climate Novi-Sad | ТО кондиционеров Нови-Сад,34,Rate Climate   ТО и чистка кондиционеров в Нови-Саде   Для заказа пишите: @rateclimate_ns
breezefix,channel,Breeze Fix🧊,34,✅ За консультацией и расчетом стоимости обращайтесь к нашим менеджерам:  📞 +7 977 545-45-95 🤳🏻 @BreezeFixManager ✉️ Breezefix@bk.ru
buxgalteriya1c,group,1C БУХГАЛТЕРИЯ,413,"1C БУХГАЛТЕРИЯ 7.7,8.2,8.3 версия конфигурация Ўзбекистан ўрнатиш, пулли маслаҳат, видео курс  сотиб олмоқчилар учун.  99 007-60-71  1С БУХГАЛТЕРИЯ 7.7,8.2 версия конфигурации для Ўзбекистана установки, сопровождение, видео курсы для покупки. 99 007-60-71"
online_kurs1,channel,G'oliblar || kurslari,274,Мурожаат учун: Тел: +998998770599 Телеграм: @Onlayn_admin9 Каналларимиз: @online_kurs1 @kuchli_treninglar  ©️ Расмий канал.
shayxontohurstat,group,Shayxontoxur tumani 1726277 Statistika guruhi:,63,Ushbu guruh statistik hisobotlarni topshirishda yuzaga kelayotgan muammolarni bartaraf etish va statistika hisobotlarni takomillashtirish yuzasidan taklif hamda e'tirozlarni ko'rib chiqib qabul qilish uchun yaratildi: 97 755 06 51
cottage33ru,channel,33 Коттеджа | Дома от 5.5 млн ₽ в Омске,962,"Строим дома по семейной ипотеке, с фиксированной ценой в договоре!  🏡 Актуальный каталог проектов с ценами: https://disk.yandex.ru/d/P7Bikertd8StvA   🏗13 лет строим дома любой сложности под ВАШ бюджет в Омске и Омской области!"
voskr_club,channel,Коттеджный клуб Воскресенское.,65,"Аренда коттеджей из клееного бруса в охраняемом поселке на Ярославском ш. Заезжай и живи! Аренда на выходные, лето и праздники!"
edvizh_stroy,channel,Недвижимость и Строительство,304,"Заметки об объектах, недвижимости, деньгах и рынке. Простым языком и с интересными фактами. 📥 Реклама | Владелец: @erkvch"
berezki_nsk,channel,Коттеджные посёлки «Берёзки»,634,"Готовые кирпичные дома и таунхаусы от 4,7 млн. ₽ в 15-20 минутах от Новосибирска🏠  📍 «Элитный»  📍 «Новолуговое»  📍 «Садовый»  📍 «Кольцово»  Наш сайт: https://clck.ru/3HU5Wy Записаться на экскурсию: https://clck.ru/3HU5tz  ООО СЗ «Дар»"
shodnyacountryclub,channel,Сходня Кантри Клаб | коттеджный посёлок,664,"Дом + участок от 29.9 млн.рублей в 13 км на северо-запад от Москвы в Химках.   Переходите на наш сайт, чтобы узнать подробнее обо всех актуальных предложениях и акциях https://clck.ru/3HNqex"
ibogatyr,channel,Богатырь | Дома | Коттеджные посёлки | Казань,643,Загородная недвижимость🏘️ 7 организованных коттеджных комплексов в разных районах от Казани🔥 Опыт работы - 22 года✅  📲 8(843)225-25-00 https://ibogatyr.ru
moykottage,channel,Мой коттедж,120,Строительство домов и коттеджей в Екатеринбурге и свердловской области Сайт  https://moycottage.ru/ Instagram  https://www.instagram.com/moy_kottege/ VK https://vk.com/moycottageekb MAX https://max.ru/join/3ZJ_PPQSGjO61K76PKPJPMACjUco7e7lYr-KJovbirM
stroikom23_krd,channel,Строй-Комфорт | Строительство домов и коттеджей,1045,"Строительство жилых домов по Краснодарскому краю и Адыгее, ИЖС. Аккредитация в банках РФ, Эскроу, семейная, IT ипотеки  Связь с нами: +7(861) 290-80-07   📍 г.Краснодар, ст. Елизаветинская, ул. Центральная д.2/1 офис 202   Подобрать проект: https://ск23.рф"
architect_karina,channel,К2-Проект | Дома из газобетона | Проектирование коттеджей из газобетона |,509,"Проектирование коттеджей из газобетона Ведущий архитектор Колеватова Карина  Официальный партнер Завода «СИБИТ» с 2014 года, автор типовых проектов для каталога.  По всем вопросам писать: @K2project_bot  www.k2-project.ru ☎️89231812409"
marylex_boutique,channel,MARYLEX. Real Estate Boutique | Kyiv,198,Contact us: @marylex Phone: +380975407777
poselok_cocos_club,channel,Дома в пойме | Недвижимость | Волгоград,169,"Ваш дом в 13 минутах от центра Волгограда 🏠  Больше, чем недвижимость. Место, где комфорт городской жизни встречается с природой и тишиной 🌳  Современные дома в Волго-Ахтубинской пойме  📞 отдел продаж +7 937 085 79 65"
burkovskipark,channel,Коттеджный поселок «Бурковский парк»,381,"Жизнь в радости среди своих, в окружении дубовой рощи. 15 минут от Волгограда!  💼Ипотечные программы от 3% 🏗Строительство с гарантией 🌳Уникальная локация 🛡Охрана 24/7 🧹Обслуживающая max-qcti    🌐 burkovskiypark.ru ☎️ 89770898333"
dobraya_reka_invest,channel,ИНВЕСТИЦИИ В ТУРИЗМ | ДОБРАЯ РЕКА,717,Твердый актив в собственности инвестора!  Масштаб проекта:  • 48 га территория • 70 видов развлечений • 15 минут от Краснодара • 150 коттеджей и номеров  Пишите: @retaller
ivkomplex,channel,ХоумПро Строительство домов в Иваново и области,586,Строительство каменных домов и коттеджей в Иваново и Ивановской области 💌ivkomplex@mail.ru 📞 +7 (4932) 574-475 🌐 ivhomepro.ru
makarchikovsimon,channel,Ремонт квартир и домов в Казани | Семён и Ремонт16,737,"Делаем крутые ремонты для хороших людей в городе Казань.   Ремонт16 — дизайнерский ремонт квартир, частных домов и коттеджей в Казани под ключ с гарантией.   Для связи: @Makarchikov"
golfpinecreek,channel,Pine Creek Resort,933,"Всесезонный курорт с полем для гольфа мирового уровня и загородным клубом.  Живописные природные ландшафты в любое время года, загородный ресторан с авторской кухней и видовой террасой, аренда коттеджей премиум-класса.  Гольф и лыжный клуб."
izgorki,channel,Коттеджные посёлки [СПб и ЛО].,59,По вопросам дружбы и сотрудничества пишите @ustasnew.
stiscompany,channel,STiS | Стеклопакеты для окон и фасадов,369,"STiS — ведущий переработчик стекла с 27-летним опытом. Наши стеклопакеты используют в частных домах, квартирах и крупных архитектурных объектах в России и за рубежом.  🏢 Наш каталог: stis.ru/products/  🏛 Архитектурные проекты: stis.ru/architect"
oknastudia_msk,channel,Студия окон | Работы🪟,232,✔️Замена холодного остекления в новостройках  ✔️Профессиональное утепление и отделка балконов под ключ.  ✅www.oknastudia.ru ✅https://www.instagram.com/oknast
maksprof23,channel,"МАКСПРОФ - ВСЁ, ЧТО КАСАЕТСЯ ОСТЕКЛЕНИЯ! Якутск",246,"Производство и монтаж: ОКНА, БАЛКОННОЕ ОСТЕКЛЕНИЕ, ФАСАДНОЕ ОСТЕКЛЕНИЕ, ПЕРЕГОРОДКИ, входные группы,  витражи"
prooknamsk,channel,ProOkna MSK,294,"Компания ProOkna - это качественная замена холодного остекления на теплое, комплексная отделка лоджий, а также широкий ассортимент: max-d4cb 🔹окон  🔹раздвижных дверей 🔹зимних садов 🔹фасадных остеклений  8-982-122-88-88 Ринат https://t.me/Rinat_ProOkna"
oknavekaterinburge,group,Окна в Екатеринбурге,35,"Более 15 лет делаем остекления. “ Без посредников! Вы общаетесь непосредственно с мастером! Выезд мастера окон на замер, по Екатеринбургу - бесплатный..” Матвеев Виталий Анатольевич. Охват региона Специалист выезжает на Ваш объект по городу Екатеринбургу"
azikunay,channel,Магазин АзыкУнай г.Альметьевск,1710,"Добро пожаловать в Telegram – канал магазина ""АзыкУңай""  Удобное расположение магазина у дома Широкий ассортимент на каждый день Всегда свежие продукты по низким ценам"
taxiignat323,channel,🚖 Такси «Игнат» 2️⃣2️⃣2️⃣,1763,🚖 Служба заказа ТАКСИ «ИГНАТ» ДНР  📞2️⃣2️⃣2️⃣ - звонок бесплатный  📌Мариуполь | Донецк | Макеевка | Шахтёрск ✅Быстрая подача  ✅Честные тарифы  ✅Удобное приложение  🤝🏻Нас рекомендуют друзьям! 🌐Приложение: https://taxi-ignat.ru/?ysclid=mj3ja7eo9p889878289
neiropolza_kolo,channel,Нейропольза,1296,"Промпты, пресеты и эксперименты с ИИ Удобное хранилище и быстрые фишки  Открыта для сотрудничества с дизайнерами и иллюстраторами✨ (связаться со мной @Valeria_Ilyasova_KOLO) Портфолио: https://www.behance.net/kolo23"
nightofsweets,channel,ЧИСТКА| Таффи,465,ЛС: @taffinn ТТ: @nightofsweets Продажничаю тут: @nightofsweetspricelist  Кр на арт: тгк stydioLIMMI
zerkalo_dyhe,channel,🪞Зеркало души #психология #воск #таро #зеркалодуши,600,"На этом канале  таро,  гороскопы, тесты, предсказания , восковой отлив - чистка.  Л.С. https://t.me/Alena80Novikova"
cypbob,channel,ЧИСТКА!!!𝑻𝒗𝒐𝒚𝒂 𝒕𝒆𝒏,481,"Присутствует контент 18+ маты и т.п. Начало 12.03.26 Я фан Елены Райтман , есть аккаунт в лайке Анон:http://t.me/voprosy?start=65 Цели: 500🎯  1К до нг    Беттичка лучшая"
titcontent,channel,!!ЧИСТКА!!~[♡°• Бурёнок •°♡]~,257,!ВСЯ ИНФА В НАВИГАЦИИ! Лс: @IoveBoobies Мой др: 23 февраля  Номер карты если хотите подержать монеткой (Втб) 2200 2459 0392 8211
oniksov0,channel,Чистка//ониксов,253,"привет,на связи ониксов.  добро пожаловать в наш уютный канал)"
chinchilkoo,channel,ЧИСТКА!🌸Шиншиллко🌸,243,канал про шиншилко влд: @Chinchilaxx инфо: @infoononstop
kaizen_servise,channel,𝙆𝘼𝙄𝙕𝙀𝙉🥀SERVISE,373,👑Inshallah 1k❤️‍🩹 halollik foydadan ustun Ega | donat @KaizenServise_Admin   Otziv kanal @kaizen_otziv Karta @kaizen_karta SHOP @KaizenServise_shop Bust: @YT_Asil08 | @Letsask_me
luna_servise,channel,УСЛУГИ «ДРЕВНЯЯ ЛУНА»,51,Перечень услуг от канала https://t.me/Luna_ancient  🐈‍⬛ Канал с отзывами: https://t.me/Luna_reviewss  🐈‍⬛ Запись на услугу: @daria_occultism
sktanos,channel,"Танос | Ремонт квартир, домов и офисов",1072,"Сайт: http://sktanos.ru/?utm_source=tg  Федеральная сеть Ремонтно-отделочных компаний СК-Танос. Работаем в Москве, Краснодаре, Барнауле и Ростове"
finoarte_official,channel,finoarte,807,"Рассказываем о жизни и проектах дизайн-бюро.   Создаем интерьеры для отелей, офисов, HoReCa и ритейла.  📧 info@finoarte.ru"
arenda_prigorod,channel,ОРЕНДА СОФІЇВСЬКА БОРЩАГІВКА ВИШНЕВЕ КРЮКІВЩИНА ГАТНЕ ЧАБАНИ БОЯРКА,1144,Приветствую! В этом канале будут выставляться только актуальные предложения в пригороде Києва  Комиссия 40 % @orenda_kvartir_kyiv - Аренда квартир в Киеве @arenda_office_Kiev  - Аренда офисов в Киеве
ortomedico,channel,Ortomedico - Praxis für regenerative Orthopädie & komplexe chronische Erkrankungen. Wir sprechen Mutig Mißstände der Medizin an,5091,"Apotheker, Heilpraktiker Andreas Schlecht MS.c in integrativer Medizin. Experte in Neuraltherapie & Prolotherapie"
orenvelo,channel,Orenvelo_news,416,Telegram-канал сообщества оренбургских велосипедистов Оренвело  Нам по пути!  Чат - t.me/orenvelo_chat Группа в ВК - vk.com/orenvelo Strava - strava.com/clubs/orenvelo
okoshooop,channel,ОКО shop / украшения с духовными мотивами,376,"Преображая себя – одухотворяешь мир!   🔮Браслеты из натуральных минералов 🔮Амулеты, кулоны, чокеры  🔮Энергообережная одежда  🔮Кристаллы, метафорический оракул  Наш inst 🪬 https://www.instagram.com/oko.shooop Для оформления заказа пишите @alexandra_ag"
orenbook,channel,orenbook,210,"Оренбургское книжное издательство, Оренбургский ТИЦ и галерея выдающихся оренбуржцев - три проекта фонда ""Евразия"""
kafgpp_oimsla,channel,Кафедра частно-правовых наук Оренбургского института (филиала) МГЮА,665,
fatveganspot,channel,FAT VEGAN SPOT,606,"веганский кафе-бар сделать заказ в чатике или просто спросить:  @fatveganchat  Оренбург, Пролетарская 23/2, 0 этаж воскресенье-четверг 12:00 – 22:00 суббота и пятница 12:00 – 00:00 Телефон: 42-02-07"
otzhemanlive,channel,otzhe channel,129,artist from Kyiv my inst: https://www.instagram.com/otzheman МОВА ЙДЕ: https://www.instagram.com/movayde
preodolenie156,channel,"""Преодоление""- Оренбург ☦",342,"Центр помощи людям. Оренбург, ул. Западной 3  11°°-16°° по будням   ✅ Вещевая и продуктовая помощь ✅ Юридические консультации  ✅ Поддержка участников СВО и их семей ✅ Возвращение к трезвости  ☎ +79033905353  Координатор священник Димитрий t.me/DmitryMeDS"
senchevev,channel,Евгений Сеньчев о бюджете,225,министр финансов Оренбургской области
ooshto_omsk,channel,Школьные трудовые отряды Омской области | ООШТО,208,📢 ЧТО? ЧТО? ЧТО? ООШТО!  Подписывайся и будь с нами ⬇️
orenburg_rassvet,channel,Рассвет @ Оренбург,26,
movayde,channel,мова йде,162,booking & youtube project  CHUTKO / ОТЖЕ ФЕСТ / ОТЖЕ ПОДКАСТ YouTube: https://youtube.com/@movayde Inst: https://www.instagram.com/movayde  стосовно співпраці звертатися до пана Отже: @otzheman
elporquerodeagamenon,channel,El Porquero de Agamenón,71,"La verdad es la verdad, la digan Agamenón o su porquero. Canal para el que quiera saberla. por Martín Ynestrillas."
esdiestro,channel,Es Diestro,25,Opinión en libertad
oikoproject,channel,OIKO PROJECT,40,
oliveroehme,channel,Oliver Oehme AfD,11,Nur ein weiteres Mitglied der Alternative für Deutschland
oren_intelcat,channel,Кот учёный в Оренбурге,9,Студия иностранных языков
kosmetolog,channel,Косметолог Красноярск-Иркутск🌼,573,"Контурная пластика, ботулинотерапия, чистки, пилинги и многое другое🤗"
astrology_prognozz,channel,АСТРОЛОГИЯ | ГОРОСКОП,1246,"🌗 Потомственная ведунья и таролог🔮  Расклады, чистки, привороты, защита  1000+ клиентов доверились моей работе  Помогу вернуть любовь, улучшить финансы, снять сглаз и порчи Обратиться - @TatyanaCrav"
lybovtrofimova,channel,Ведьма в бизнесе | Чистки воском | Обряды | Ритуалы,306,"Специалист метафизических практик  Ясновидящая, чистки воском и свинцом, таро, обряды и ритуалы   @lyubovtrofimova"
magicbarbie,channel,Magic Barbie,780,"Екатерина Дэви. Таро-консультации, таро-коучинг, ритуалы, чистки, защиты, психология, помощь и обучение магии. Опыт более 20 лет. Преподаватель Колледжа Телема-93 - 11 лет. Курсы магии, рун, таро, Женской магии."
kwaksrugs,channel,KwaksRugs/КвакКовры,318,🐸 Декоративные коврики 🐸 Коврик для клавиатуры 🐸 Большие ковры Канал скидок @Rugs_Skidon Для индивидуального заказа/покупки пишите @PrimePalm 🧶Все изделия ручная работа Работаю в двух техниках Канал @avtorzget - для ваших каналов
mpk_kovrik_kanal,channel,Тафтинговые ковры — MPK_KOVRIK,57,"Бьем ковры, но с любовью💚 пушистые ковры ручной работы, срок изготовления от 7 дней!   По всем вопросам обращайтесь: @mpk_kovrik В наличии: https://t.me/mpk_nal  Мы в соцсетях: VKontakte — vk.com/mpk_kovrik Instagram — instagram.com/mpk_kovrik"
bathhouse_rf,channel,Банный Дом Екатеринбург,108,"Мобильные БАНИ, Модульные Дома для дачи, базы отдыха и глэмпинга ☎️+7(343)271-95-95 ☎️+7(996)600-51-24"
art_east_channel,channel,ART EAST,1298,Легко сотрудничать - выгодно продавать.  💢 ART EAST - более 10 лет на рынке концептуальных напольных покрытий.  📞 8-800-25-00-345   Пригласительная ссылка: https://t.me/+fgHo-C0SfMUwOTZi
citydecor_studio,channel,Студия дизайнерских покрытий Citydecor,608,▪️актуальные коллекции акцентных панно Citydecor ▪️текстуры для ваших проектов ▪️новинки и тренды в оформлении интерьеров ▪️видеообзоры новинок
laminat98,channel,Напольные дела | Laminat98,1120,"💡Гайды по покрытиям, советы укладки, тренды от дизайнеров — все по делу.  • Подбор, комплектация и монтаж напольных и стеновых покрытий. • 10 салонов СПБ|МСК. • Бесплатное хранение по фиксированной цене.  Контакт для связи: @ilaminat98 Сайт: laminat98.ru"
vkvadrateofficial,channel,Напольные покрытия VKVADRATE,32,Сервис по выбору напольных покрытий!
afonya_spb,channel,"Афоня. Сантехника, плитка, обои",195,"Официальный канал сети салонов сантехники, плитки, обоев и напольных покрытий Афоня"
beautyfloor,channel,BeautyFloor | напольные покрытия,47,"Напольные покрытия и сопутствующие материалы во Владивостоке  📍Русская, 78 📍Пр-кт 100-летия, 30  🔗Ассортимент https://bfloor.ru 🔗Задать вопрос https://api.whatsapp.com/send?phone=79084466740"
snimaem_fantik,channel,Снимаем фантик | Фаня Миронова,5761,Основной блог инст fan_of_curls Здесь о личном
moscow_news_szao,channel,Газета «Москва. Северо-запад» - новости СЗАО,912,
solarvita,channel,На солнечной стороне,74,Разговоры на кухне. Канал художницы Solar
turboyarynya,channel,русская народная госпожа,125,Доминирую. Властвую. Путешествую.  Наверняка читали меня в других соцсетях под ником @translira.
alexon_life,channel,Санина Кукуха,35,
dom_kaushchi,channel,Дом Каушчи. Мастерская художника Марата Яушева,56,"Старинный дом художника с винтажными предметами, историей и живописью. Визиты строго по записи. Сайт: https://maratyaushev.ru/"
holydaysintushino,channel,Каникулы в Южное Тушино,14,
mashkovy_us,channel,Александр и Надежда Машковы,12,"Делимся тем, что знаем и любим. Рассказывае от души – о людях Усинска, о своих предках, о северной природе и растениях, о культуре и традициях коми народа.Здесь вы найдёте лечебные травы, проверенные рецепты, добрые фото и тёплые истории."
shtory_elegant22,channel,"Салон штор ""Элегант""",168,"https://elegant-shtory22.ru  📌Пошив Штор, Покрывал, Наволочек, Скатертей и др. домашний текстиль 📌Ткани в наличии и на заказ 📌Выезд дизайнера на дом, Замер 📌Карнизы, Монтаж и Навеска 📌Свой Швейный цех  📍ТЦ Майский, Красноармейский проспект 64"
ngstupak,channel,Шторы Клевер-Декор,142,"🍀 Создаем текстильные произведения, которые звучат в унисон с Вашим пространством 🎼🎨 🍀 Наталья Ступак текстильный декоратор член СТДД @nstupak 🍀 Автор  и правообладатель патентов на каркасные шторы-ширмы clover-craft.ru 🍀 Собственное швейное производство"
domlegrand_com,channel,"LEGRAND карнизы, шторы, рулонные шторы",269,"Компания LEGRAND – это крупнейшее российское производство, единственное на территории РФ предприятие полного цикла по производству карнизов и штор. Наша продукция доступна для заказа как в розницу, так и оптом.  Для заказов пишите - @Legrand_design"
arteshock_textiles,channel,Артешок — Текстиль,2029,"ШТОРЫ | ТЕКСТИЛЬ В ИНТЕРЬЕРЕ Москва, Санкт-Петербург, Дубай.  «Стиль видит красоту в простоте»  •Пошив авторских штор •Солнцезащитные системы •Напольные покрытия •Карнизы и электрические системы  Сайт: https://www.arteshock.ru"
poshiv_shtor_ru,channel,Шторы пошить🧵🪡,85,"Профессиональный пошив штор по доступной цене. Карнизы, жалюзи, рулонные шторы. г.Солнечногорск. Тел: 8(910)442-66-20"
shtorysimferopolmodnyidom,channel,Шторы Симферополь Крым,114,"Салон штор «Модный Дом»  ▫️дизайн, пошив, навеска ▫️ткани в наличии и под заказ ▫️шьем быстро и качественно  ▫️карнизы, жалюзи, рулонные штор ▫️химчистка штор  ▫️опыт работы более 20 лет ▫️выезд дизайнера на замер бесплатный  Пишите @Yulia_Dizain_Shtor"
chuvstvodoma,channel,Чувство Дома - магазин постельного белья в Иркутске,1549,"В магазине «Чувство дома» представлен широкий выбор текстиля для дома и готовых штор. Здесь Вы можете приобрести подушки и одеяла, постельное белье, готовые шторы и карнизы, пледы и покрывала, полотенца, халаты и многое другое."
apriori_shtory,channel,"Салон штор Априори. Самара, МЦ Мягкофф",87,"Шторы и карнизы под любой интерьер! Работаем ""под ключ"" от замера до навески. Все ткани можно посмотреть в нашем салоне в МЦ Мягкофф, 2 этаж, секция 200. Тел. +79277151112, +79277151114"
shtory_kamchatka,channel,Шторы Камчатка,197,"Если Вы хотите функциональные и красивые шторы - это к нам.  ☆Мы экономим Ваше время и  ☆Помещаемся в Ваш бюджет ☆Решаем все вопросы от замера  До вывешивания ☆ Рулонные шторы и жалюзи, плиссе и день-ночь - наши бестселлеры!  Мы на связи, звоните 311-244"
nopefabric,channel,"NOPE TEKSTIL ткани для штор, тюль, бордюры",914,www.nopetekstil.ru
mplrus,channel,Мастер Плюс,219,Рулонные шторы и жалюзи
limesstudio,channel,Студия текстильного декора LimeStudio,167,LimeStudio 🌱 Студия текстильного дизайна и декора. Пошив штор и домашнего текстиля. https://t.me/marialutovinova   Наш телефон  8-966-888-7930  WhatsApp 8-926-060-45-50  https://lime-textile.ru  Мы находимся по адресу: г. Москва Дмитровское шоссе д42 🍋
korolevastudio,channel,Шторы Томск,68,"Шторы и индивидуальный текстиль🎀 🔶Работаем онлайн и оффлайн 🔶25 лет в деле 🔶Шторы, покрывала, подушки 🔶С нами твой дом не будет прежним 😉"
skypozhar,channel,Пожарская_Текстиль Шторы Покрывала,36,"https://shtory-odintsovo.ru Производство домашнего текстиля: -шторы -покрывала -скатерти -чехлы на стулья и мебель ...  А так же про дизайн, декор, уют, доброту и красоту. Про то, что радует глаз и душу."
uhome_ru,channel,Умный дом - Владивосток,641,"Умный дом с пожизненной гарантией. Автоматизация света, штор, климата. 20 лет опыта | 1500+ систем. Владивосток и Дальний Восток. Записаться в шоурум на Дачной👇🏻  https://taplink.cc/uhome_ru  Для связи с руководителем: @andrey_besov"
tkanishtoributovo,channel,"Магазин ""Ткани и Шторы""",61,"Пошив штор на заказ по Вашим размерам.  Наш адрес: г. Москва остановка метро ""ул Горчакова"" ул. Адмирала Руднева д.2-три минуты пешком от метро.   Сайт: https://тканишторыбутово.рф  Телефоны: +7 (999) 550-33-35"
mirtkani_akadem,channel,МИР ТКАНИ Академический,421,"Магазин ""МирТкани"" в Академическом на Павла Шаманова 5/4 -ткани для одежды -фурнитура -карнизы -пошив штор -готовая продукция для дома, домашний текстиль -товары для рукоделия"
chocbonbons,channel,Шоколатье Анастасия Залесская,310,Бренд корпусных конфет (бывш. chocbonbons) Всегда (почти) вкусные и свежие конфеты в наличии. Находимся в Домодедово Заказать можно у @chocbonbons_me  Сайт https://chocbonbons.tb.ru
kudryavyjdekret,channel,Кудрявый декрет,45,"Будни мамы кудрявой дочки Ники или успеть все за 24 часа)  Обзоры покупок, рецепты, будни"
annbelozerskaya1,channel,"Вселенная Профитроль. Торты/десерты Москва, МО",106,Пространство вкуса без гравитации  Заказать 👉 @annbelozerskaya  Подписаться в ВК https://vk.ru/vselennayasweet
sufle_kolomna,channel,Суфле Коломна,33,Торты и хлеб домашнего производства на заказ.
recepts_vkusnata,channel,Поговорим о вкусном,6,"Добро пожаловать! Здесь вы найдете простые и вкусные рецепты для любого праздника. Готовьте с нами и радуйте своих близких! 🍽️✨ Реклама, сотрудничество:@Ly_Vladimir, @pitbiker77"
vecherom_na_kuhne,channel,Вечером на кухне🥞,1,"«Вечером на кухне"" — это уютный канал, с атмосферой вечерних разговоров, кулинарии, размышлений и отдыха.  YouTube  https://youtube.com/@tata_zhdanova?si=W8A_Jb-ANpmE2-oS"
mskumedvedkovo,channel,Медведково • TGMsk,1716,Предложить новость или рекламу: @TgMSKBot  Здесь все районные каналы Москвы 👇 @TgMsk_bot  📰 Новости 🎈 Мероприятия района ⚡️ Актуальные события  Сайт проекта: https://tgmsk.ru/
mskrostokino,channel,Ростокино и Свиблово • TGMsk,1837,Предложить новость или рекламу: @TgMSKBot  Здесь все районные каналы Москвы 👇 @TgMsk_bot  📰 Новости 🎈 Мероприятия района 🐈🦮 Помощь в поисках питомцев  Сайт проекта: https://tgmsk.ru/
artfloraspb,channel,АртФлора скидки на цветы для друзей✨,4292,💖 сделать заказ www.artflora.ru/?utm_source=tg 🚀 Доставка по СПб - БЕСПЛАТНО  🏠 50 пунктов самовывоза  🔥 10% скидка на все в онлайн-маркете: промокод - ДРУГ
moypresnya,channel,Пресненский и Москва Сити • TGMsk,1863,Предложить новость или рекламу: @TgMSKBot  Здесь все районные каналы Москвы 👇 @TgMsk_bot  📰 Новости 🎈 Мероприятия района  Сайт проекта: https://tgmsk.ru/
izmylovomoy,channel,Измайлово,1355,Здесь все районные каналы Москвы 👇 @TgMsk_bot  📰Новости 🎈Мероприятия района ⚡️Актуальные события  Предложить новость или реклама: @TgMSKBot 💰 Ваш пост на всю сеть районных каналов Москвы (более 30 тыс просмотров)  https://tgmsk.ru/
mskcherts,channel,Чертаново • MSK,1524,"📰Новости, экология, безопасность, ЖКХ 🎈Мероприятия района  Предложить новость или реклама: https://t.me/TgMSKBot  Cеть районных каналов Москвы: https://tgmsk.ru"
dunaefstore,channel,ДУНАЕФФ стор,7494,Рязанский магазин низких цен 🫡  По всем вопросам - @dunaeffstore  Ответы на вопросы:  https://t.me/faqdunaeff
sellbotshop,channel,SellingBot // skergg,2156,🏬 Магазин честных цен  👤Админ - @andrewsker  ❌️ Не работает тг? Пиши в вк - vk.com/andrewsker
mangomarketsharm,channel,МАНГО МАРКЕТ ШАРМ-ЭЛЬ-ШЕЙХ / ХУРГАДА,2053,"Магазин фиксированных цен, русскоговорящие консультанты, бесплатный трансфер от отеля🥭  У нас вы найдете все, что нужно в одном месте!"
kalivanvc,channel,Таблица Калывана | Перепродажи | Новости | Гайды,1482,Новости рынка Arizona. Самая актуальная таблица цен. Экономика.  Покупка таблицы - @KalivanVC_bot Связь / тех.поддержка - @off_treps
semeika79,channel,Всё для дома и уюта 1000 МЕЛОЧЕЙ,1354,"🛍Гипермаркет низких цен «1000МЕЛОЧЕЙ»  Все для дома и не только  📍г.Биробиджан, ул.Шолом-Алейхема, 96"
beloresk24,group,Чат 💬 белорецк 24,556,
bleckrum,channel,Наши персонажи и мини инфа о них,9,Хэштеги на аушку будут в постах
btcbank24com_v2_bot,bot,ОБМЕННИК BtcBank24 ✅️,,🔄 Выгодный курс обмена!  💬 Канал: https://t.me/BitcoinBtcBank 🎁 Каждую неделю призы. ❓ Поддержка @BtcBank24com_bot
md24uz_bot,bot,Бронирование лекарства от med24.uz,,med24.uz
blvckuc_bot,bot,BlvckUC bot,,Бот работает автоматически 24/7. Если возникнут проблемы - @fast_uc
b24kedo_bot,bot,КЭДО Практикум от Битрикс24,,"Это КЭДО Практикум от Битрикс24. Понятно расскажем про КЭДО, чтобы вы смогли легко настроить его в компании."
brd24com_bot,bot,Brd24 бот,,"Бот каналу сайта ""Бердянськ 24"" - Brd24.com"
vnedrenie_systems_bot,bot,VNEDRENIE SYSTEMS,,Комплексное внедрение Битрикс24 и IT автоматизация бизнеса
volkovuc_bot,bot,VOLKOV UC BOT 24/7,,
bet_assist_dd_bot,bot,Support_Parik_24,,
imrequc_bot,bot,IMREQ UC 24/7,,Бот работает автоматически 24/7. Если возникнут проблемы - пишите @fast_uc
luckyex24_bot,bot,LUCKY EX | ОБМЕН 24/7,,
buloqboshiliklar24_aloqabot,bot,BULOQBOSHILIKLAR,,Бу @Buloqboshiliklar24 алоқа боти
yys2bot,bot,بوت بلاير 24/7,,
progersupport_bot,bot,💛 PROGER Помічник у Telegram,,"👉 proger.com.ua  ⚙️ Бітрікс24, автоматизація, цифрові рішення під ключ.  ✅ Швидкий старт, експертна підтримка."
medkoshopbot,bot,MedkoShop,,Онлайн-аптека MEDKO24
toolmarket24bot,bot,ToolMarket,,
septic_24_bot,bot,Septic_24_bot,,🚛 Septik24 Bot 💧 Сервіс септиків • Прочистка труб • Замовлення за 30 секунд
podushkimypillow,channel,Подушки 🤰🏻My pillow uz,559,Ваша самая удобная подушка🤰🏻❤️ Гипоаллергенный состав ☁️🌿 Для заказа @mypillowuzz  +998910018320
hanguk_bedding,channel,HANGUK BEDDING,698,💕🌷 Эксклюзивный представитель постельного белья из Южной Кореи - только оригинальный товар - сотрудничество с производителями напрямую  - собственный шоурум в г.Москва  - доставка по всем регионам России  Связь с нами: https://taplink.cc/hangukbedding
spimru,channel,Spim.ru — матрасы и текстиль,835,"Матрасы, кровати и домашний текстиль.   💬Чат с менеджером: t.me/SpimruBot  Интернет-магазин: spim.ru  +7-495-223-60-55"
homeonlyru,channel,HOME ONLY | Постельное бельё,866,Соберите свой идеальный комплект постельного белья из любых размеров и цветов🪡  Шьём сами из 100% натуральных материалов  Выбрать комплект ➡️  https://homeonly.ru/tg Связаться с менеджером ➡️ @homeonly
evgeniia_textil,channel,Евгения текстиль❤️,305,"С нами каждое утро доброе ☀️🍀 ""ОДЕЖДА"" для вашего ДОМА!!!  Пледы, подушки и одеяла.  Интерьерные подушки из гобелена и льна. Постельное белье и простыни на резинке. Скатерти и салфетки. Полотенца и много всякой красоты) Работаем для вас с 1999 г."
forhomevl125,channel,на СЧАСТЬЕ,233,
podguzon_olesya,channel,ПОДГУЗОН👼,374,"📍Пермь, Карпинского, 50 📍Пермь, Целинная, 51 (ТЦ КУЗНЕЦКИЙ, 1 этаж) 🌐 https://podguzon.ru По всем вопросам обращаться к @Olesya_Dolgikh"
beloepero_nsk,channel,БЕЛОЕ ПЕРО,108,"О чистоте в спальне и комфортном отдыхе мечтает каждый Расскажем про качество изделий, восстановление и изготовление - перьевых и диванных подушек - пуховых одеял - пошив постельного белья - уничтожение неприятных запахов"
zaxabiya,channel,Z A X A B I Y A,398,— Х᧐чᥱɯь уюᴛᥲ ʙ д᧐ʍ? Т᧐ᴦдᥲ - 𝓌𝑒𝓁𝒸𝑜𝓂𝑒🎪  Картины | Блокноты | Пледики 🪄 _________________________ Отправка из Volgograda 🎀  связь: @ummyasiir
nuriyetekstilofficial1,channel,Nuriye tekstil official,351,+905336538016
retrouyt_officia,channel,Постельное бельё Retrouyt и ткани из Китая,128,Оптовый поставщик постельного белья и  принадлежностей 🛌  💻Наш сайт: http://www.textile-miranda.ru/ Наши контакты: 📬Почта: 84993479268@mail.ru 📞Телефон: 8-499-347-92-68 📲WhatsApp:8-936-666-79-62 Связь с командой: https://t.me/Retrout_official
im_trusishka,channel,ТМ Трусишка. Многоразовые подгузники.,127,"Многоразовые подгузники. Многослойные непромокаемые трусики для приучения к горшку. Непромокаемые пеленки. Муслиновые пеленки, пледы и одеяла. Многоразовые экотовары для мам и малышей."
samaradomtex,channel,Самарский Дом ТекСтиля,264,"Все для уютного дома 🛏 ✨Постельное бельё ✨Одеяла, подушки  ✨Домашняя одежда  ✨Махровые полотенца, простыни"
luxury_textile_ru,channel,Luxury-Textile.ru,107,"Домашний текстиль премиум-класса.  Постельное белье, подушки, одеяла, пледы и покрывала из Европы. Только оригинальные вещи. 💬 Чат с менеджером: t.me/Luxury_Textile_bot Сайт: luxury-textile.ru +7 (800) 555-31-70"
sleepbysvetlaya,channel,Бутик сна,191,"Подбор матрасов, подушек и текстиля, чтобы наконец-то высыпаться.  В канале:  • советы • обзоры товаров и трендов • реальные кейсы   📍Доставка по РФ 🏢Комплектация отелей  Написать: @SvetlayKY"
letovpodushke,channel,Лето в подушке,39,Товары для сна и отдыха с натуральными природными наполнителями 🍀 http://letovpodushke.ru
veronicatex_news,channel,Veronicatex,46,Здесь мы публикуем полезную для наших клиентов информацию.
shikblesque,channel,Шик Блеск Шоу 💖,928,"Экстравагантное театральное шоу! Бурлеск, театр и танцы ✨   Шик Блеск Бранч — 19.07 🍳 https://shikblesque.timepad.ru/event/4031575/  Шик Блеск: Маскарад —  (дата уточняется)🎭 https://shikblesque.timepad"
blesk_doma_rzn,channel,Клининг BLESK_DOMA,436,"НАС РЕКОМЕНДУЮТ 💯% КЛИЕНТОВ! После окончания нашей работы остается только одно: получать удовольствие от каждого мгновения, проведенного на диване или матрасе😊  Почему мы так смело об этом заявляем❓  Смотрите у нас в группе 🔥"
getreadyjars,channel,С блеском по будням,122,Всё самое классное: от бьюти-находок до интересных локаций Москвы и не только — несу в блог 🩶    Автор:  Юля @ulenka_art
brainblesk,channel,Мысли Блеск |,594,"Здесь живут слова, которые остаются в голове.                                                                                                    📌Искры для ума и души: Цитаты, диалоги, фрагменты текстов. 🔍 Найди то, что резонирует."
gemmproject,channel,Блеск не главное ✨,679,"Для тех, кто отличает редкость от распродажи High jewelry & Watches без маркетинговых сказок  Olga Brovchuk Jewelry Advisor Geneva | Côte d’Azur"
nikitablessque,channel,Блеск ✨,435,"Никита Колюгин, дизайнер в Студии Лебедева. Объясняю непонятное, нахожу закономерности, озвучиваю непопулярное. Вопросы: @assquebot Сайт: blessque.com Телега: @blessque"
blesktver,channel,Клиника «Блеск»,337,Стоматология
osteopat_korotkova24,channel,Остеопат Короткова,383,"Канал содержит авторские материалы, а также информацию о продуктах и услугах Юлии Коротковой - остеопата, целителя ✔️Более 25000 довольных пациентов за 30 лет врачебной практики ✔️Канал про здоровье, целительство и чистку на соль  Связь: @yukorotkova"
tarot_magia_runy,channel,✨Магия Таро с Марией Тимо,270,"Мастер по Таро, рунам, магии с 2005 года. Заказать расклад, чистку или рунную работу 👉🏻 @maria_timo"
dnevniknervov,channel,Дневник невротика🫠,50,"Раньше канал назывался «Всё сложно🫠», но я решила его переименовать, потому что поняла, что веду его, скорее, как дневник🤡 Добро пожаловать на страницы дневника🐿 (13.12.2025 прошел чистку и стал цензурным, почти)"
bogatiykurierbot,bot,БОГАТЫЙ КУРЬЕР БОТ,10773,БОГАТЫЙ КУРЬЕР Парк 🚕 Подключаем к Яндекс Доставке 🚀 Моментальные выплаты
courrierofhappiness,channel,Курьер Счастья | Доставка цветов СПб и Астрахань,2535,24/7 доставляем цветы и подарки в Санкт-Петербурге и Астрахани  MAX: https://max.ru/id701729824670_biz  ✨Каждое утро в канале свежие букеты от 1990₽ ✨Букет будет идеальным или за наш счет ✨Бонус 500₽ для подписчиков — в закрепе
prinkabrand,channel,Prinka - экошубы Москва,1611,"Оформление онлайн, по Москве и МО курьер с примеркой.   Сайт prinka.ru Менеджер @prinka_brand  Доставка по всему миру"
kissamarket_vintagestore,channel,KISSA MARKET vintage store,1648,"Винтаж, актуальный сегодня 🕊  📍Санкт-Петербург, Большая Конюшенная, 9. Этаж 2 •Работаем ежедневно 15:00-20:00 •Доставка по РФ/курьер СПб 400₽ 💌По всем вопросам и для заказа пишите Марии @mariiiaako"
crystalroll,channel,CrystalRoll,1698,
kristallgold,channel,Ювелирный дом Кристалл мечты,13450,Сайт https://www.kristallgold.ru/  Канал с отзывами: https://t.me/kristall_gold_otzovy  Телефон:  +74957887722  +78007077601  Для связи с администратором канала: @kristallgold_admin
sunnyobama,group,fdsfsdrf,356,
kristalllager,channel,Лагерь Кристалл,1312,"Официальный телеграмм канал оздоровительно-образовательного центра ""Кристалл""  https://vk.com/kristall_22"
natal_cristall,group,💎 NATALI_CRISTAL 💎,138,"💎 Здесь всё про инкрустацию! 💎 💎 Кто любит блестящие стразы -   ДОБРО ПОЖАЛОВАТЬ!      Красивые предметы, портреты, картины, футболки и не только. И всё это в красивых блестящих кристаллах💎"
selene_py_ru,group,Selene.py на русском,894,
kristallfutsalw,channel,ЖМФК «Кристалл»,1360,Женский футзальный клуб из Санкт-Петербурга 🟠⚫️  Социальные сети: 📲 vk.com/wfckristall  📲 instagram.com/wfckristall
klerosespanol,group,Kleros Enterprise,718,
macnmore,channel,Mac&More Outlet,1838,"Официальный представитель APPLE техники    • гарантия 1 год • trade-in    📍б/ц «Кристалл», 1 этаж 📍ТРК «Три Кота», 10 вход  ✅По всем вопросам обращаться по номеру телефона 89962769088"
crystal_ru,group,Сrystal Lang — русскоговорящее сообщество,267,Crystal — Ruby-подобный статически типизированный объектно-ориентированный язык общего назначения.  https://t.me/crystal_ru  English: @crystallang Оффтоп: @crystal_ru_offtop  #crystal #crystallang #crystal_lang #cr #ruby
cristal_quill,channel,💎 Crystal Quill 💎 (Хрустальное перо),124,"✨Специально для вас я превращу горсть бусин в стиль!  Сумочки, сотуары, брелоки, обвесы ручной работы из бусин - все это вы найдете для себя здесь!  По вопросам сотрудничества и оформления заказа - @CristalQuill"
bitcrystals,group,BitCrystals,112,
crystalottsupport,channel,Crystal Support,253,"Welcome to CRYSTAL OTT! We are a leading provider of IPTV services, dedicated to delivering high-quality entertainment and a seamless streaming experience."
astral_shards,channel,Astral Shards Broadway,398,Only one for chosen one.
kristallbeach,channel,ЖПФК «Кристалл»,698,
florunica17,channel,Crystal Clear ⋆˚࿔ ⟢,262,Contact with me : @likk3d
khome_pro,channel,КРИСТАЛЛ | Техно-комфорт,530,"Авторский блог Леона Безножникова, основателя компании КРИСТАЛЛ.  Строим комплексные и продуманные инженерные системы. Хотим, чтобы ваши семьи жили в комфорте и уюте.  В канале – все про наш подход. Воплощайте мечты с нами! Подробнее на сайте:"
kristall_555,channel,КРИСТАЛЛЫ ИЗ ВЫСОЧАЙШИХ СФЕР И ВЗАИМОДЕЙСТВИЕ С НИМИ 💎,52,
kristal_az,channel,Kristal.az,391,Xəyallarınızı inşa edirik! ✨
tima_kristalll,channel,Tima Kristall,721,Мой проект  https://t.me/kristalleventss  По вопросам сотрудничества/рекламы сюда @tima_kristall  Лска: @tima_kristall
kristall_kmr,channel,KRISTALL_KMR,127,"Велнес-клуб ""Кристалл"" Краснодар"
kristall_tambov,channel,"ЛДС ""Кристалл"" - Массовые катания (г. Тамбов)",367,"Группа ЛДС ""Кристалл"" (Группа не является официальной, информация создана для любителей Массовых катаний)."
kristasaadma,channel,Стикеры & вдохновение 🕊️ @krista_saadma,3381,"Привет! Здесь ты найдешь авторские стикеры, трендовые шрифты, и много фишек для своих сторис 💫  Мой бот — @Krista_Saadma_bot Реклама и услуги — https://t.me/PR_Krista Для связи — @krista_saadma"
kristall_gold_otzovy,channel,«Кристалл мечты» отзывы,57,Ювелирный дом Кристалл мечты   Сайт https://www.kristallgold.ru/  Телефон:  +74957887722  +78007077601  Для связи с администратором канала: @evgeniia_tikhonova
anastasia_gizatova,channel,Недвижимость в Казани правильно,1253,"Анастасия Гизатова   -Выгодный вход/выход в кв.м -Юридическая чистота -Сопровождение инвест-проектов любой сложности  Руководитель проектов, эксперт «Бизнес Online», координатор @tsfkazan ✉️ nastya@happy-dom.ru"
qreenwayanastasia,channel,ЭкоМаркет | Green Way 🌍,318,"Безопасные товары для всей семьи 🏡 Красота, здоровье и чистота — без вредных веществ 🌸 🌿 Переходите по ссылке и выбирайте лучшее! https://greenwayglobal.com/shop?gw=v1yaMn1Kta"
kotsmart,channel,Белый кот Смарт - чистота без химии,330,"Территория умных хозяек! ✅Все для ЭКО уборки - ШВАБРЫ- САЛФЕТКИ- ЩЕТКИ ✅Для личной гигиены ✅Грязезащитные коврики    ☑️ATOMY   ☑️TUPPERWARE  ✨Магазин Белый кот Смарт  Краснодар, Хакурате, 10/1 ✅Прямые поставки💯 ЛУЧШИЕ ЦЕНЫ 💯 www.kotsmart.ru ДОСТАВКА"
nationalhostel,channel,National Hostel Tashkent,252,🏠 Хостел в центре Ташкента 📍 Дархан 😍 Комфортные номера 👍 Идеальная чистота 🍽 Вкусные завтраки 🌳 Своя территория для прогулок 712375302 999149119
clenexter,channel,Clenexter: чистота и уют без ворса | профессиональные решения,382,"Ваш идеальный партнер в мире чистоты и источник невероятных решений для уюта и жизни.   Узнавайте первыми о новинках, получайте полезные советы, участвуйте в активностях и получайте приятные призы!  По всем вопросам: @clenexteradmin"
yogadachasnangharpatraka,group,Йога дача: Фирса-SPA,350,"Экологичный отдых в натуральном пространстве для женщин в Фирсановке!  💆‍♀️ массаж (тело, лицо)  🧘🏼‍♀️йога ""Хатха""  🧘🏼‍♀️йога ""Женское здоровье""  Ретриты: ""Шауча"" (чистота) ""Аромамистерия""  Фирсановка,  ул.Мцыри дом 2.  150 метров от ст. Фирсановская"
insperia_chem,channel,Химия ЕГЭ | insperia | Дмитрий Щербина,2392,Высокие баллы и минимум усилий!  Ссылка на канал: https://t.me/+RmKpsUA_XKZlYjNi
cryptouch11,channel,CrypTouch,3678,"Всегда мечтал заработать в крипте, без особых усилий и затрат? Тогда тебе к нам🔥  💎По всем вопросам -  @IALex_25  🌚Ссылка для друга - https://t.me/+OAj_uhLgmggzNjRi"
netipichnyskuf,channel,20% усилий,541,"• 20% усилий дают 80% результата. • Делаю красивую материальную культуру. • Здесь про удачи и неудачи на моем нелегком пути.  Владелец: www.veselovsky.ru , www.jadeart.ru и www.rukrest.ru  Реклама и сотрудничество: @vessnata"
plushevchannel,channel,PLUSHEV/ПЛЮЩЕВ,98018,Связь: @PlushevRepBot YT: youtube.com/@The_Breakfast_Show Patreon: patreon.com/plushev Закрытый тг-канал @tbs_subscribe_bot Донаты: https://t.me/tribute/app?startapp=dF9w и donate.plushev.com Мерч: merchmag.ru/tbs  VPN: @breakfastvpnbot
physicsby_tanujsir,channel,TBS Army - Tanuj Sir,40322,
tbs78,channel,ગુજરાત પ્રાથમિક શિક્ષણ અપડેટ,1946,અહીંયા ગુજરાત રાજ્ય શિક્ષણ વિભાગ ના તમામ પરિપત્ર નો સંગ્રહ છે.અને ભરતી ની માહિતી આપ ચેનલ join કરો
klining_stakhanov,channel,"Клининг Эксперт - Стаханов, Ирмино, Первомайск, Брянка",81,"Услуги клининга в Стаханове, Брянке, Кировске, Первомайске, Алчевске и окрестностях.  Ежедневно с 9:00 до 20:00 +7 (959) 590-32-01 Clean-expert181.ru"
klinina_psy,channel,"""Как починить крышу?"" - о психологии от архитектора",78,"Делюсь инструментами, которые помогают стать счастливее.   Связаться со мной @oklinina Мой сайт - https://taplink.cc/klinina_psy Я на Б17 - https://www.b17.ru/id1073874/"
khromenko_live,channel,ХРОМЕНКО 🅻🅸🅵🅴,1274,▪️Живу в Комсомольске на Амуре ‼️Дизайн интерьера любых помещений  ‼️Декоративные штукатурки  ‼️Строительный контроль
sibpromstroy,channel,ГК Сибпромстрой,1750,"Официальный телеграм-канал 🔹Готовые квартиры в Московской области, ХМАО и Белгороде 🔹Продажа и аренда коммерческий помещений 🔹Продажа машиномест в паркингах 🔹Новости о наших проектах"
kvadratniymetrmillions,channel,Миллион на Квадратных Метрах,1856,Авторский канал про Недвижимость 🤑  ⭐️ 13 лет на рынке недвижимости ⭐️ 4000+ м² коммерческих помещений в собственности  Наш сайт: millionmetrov.ru Наш бот: @KvadratniyMetrMillions_bot Сотрудничество: @vladislavs_s1
arendyubel,channel,Арендую.бел,101,Канал создан в поддержку сайта  Арендую.бел Тут можно будет отслеживать новые публикации и самые свежие новости с сайта и добавлять свои объявления в канале.
gaia_magiccoffee,channel,Gaia/ Гайя Волшебная кофейня,479,Кофе/Свечи/Таро/Десерты/Завтраки/Обеды/Аренда помещений  Каролинского 14
bsrealty,channel,БС АРТ ДЕВ | Аренда,151,Аренда помещений в креативных пространствах Санкт-Петербурга. Под любые цели: от арт-студий и шоурумов до художественных мастерских и заведений общественного питания.  Арендовать помещение: bs-realty.ru
perovomos,channel,Перово | Бизнес и новости,475,"Авторский канал о районе Перово в Москве. Новости, обзоры заведений, анализ бизнесов и коммерческих помещений"
ustalar_7075,channel,70-75 USTALAR XIZMATI,18643,"Бу канални тарк етишга шошилинг,  Сурхондарёдаги аҳоли учун ЭНГ керакли каналда эканлигингизни маълум қиламиз. Сизни зериктириб кераксиз нарсалар ташламаймиз, ҳозир лойиҳалар тайёрланмоқда, биз тез орада фаолиятни бошлаймиз ИНШААЛЛОҲ"
explode_1347,channel,explode,839,По вопросам/сотрудничество - @explode1347  vk page - https://vk.com/explode_officialpage  Поддержать меня - https://www.donationalerts.com/r/explode1347
chastnyy_shariy,channel,Частный канал Шарий,4822,
artur_svet,channel,Артур Салихов • Пространство Пробуждения,2193,"Делюсь ключиками о пути, жизни, пробуждении.  ⚠️ В канале нет рекламы. Это частный канал для своих."
kirpichiki_books,channel,КИРПИЧИКИ_БУКС,1453,Частный книжный магазин https://taplink.cc/kirpichiki_books
timville_shelter,channel,Приют Тимвилль,1891,Частный приют для бездомных животных https://timville.ru https://telegra.ph/Timville-Shelter-gde-nas-najti-05-31
priut_krasnoarmeysk,channel,Частный Красноармейский приют МО🐱,488,"Московская область,г Красноармейск,частный приют ""Кошкин дом"".  Сб 2202205000406543 Анна Константиновна Т. Тиньков 5536914122257334 89261369245  Анна Константиновна Т. 89261369245 Админ @Karemaster11"
maknnos666,channel,@макннос,220,
vetkit,channel,Джанкой Геническ Ветеринар,568,Частный ветеринарный врач
yaromirrealestateinsights,channel,Яромир Ильин | Недвижимость Казань,837,Частный риелтор в Казани. Помогаю купить и продать квартиру выгодно. Связь: @Yaromir_444
private_yyy,channel,исходы,142,
dacha_vrn,channel,Частный сектор. Воронеж,252,"Стройки, газ, вода и дороги. Грядки, рассада и урожай. Вопросы частного сектора, дач и пригорода Воронежа в канале «Частный сектор. Воронеж».  Хотите что-то рассказать или показать? Обратная связь — @dachavrn_bot. Чат воронежских дачников — @dachnik_chat"
moiseev_den,channel,🛠Частный мастер 🛠Ремонт квартир в Москве,270,▪️Комплексный ремонт квартир ▪️Санузлы пол ключ ▪️Частный мастер ▪️3D модель объекта ▪️Технический дизайн ▪️Приемка квартир ▪️Подбор и закуп материала ▪️Опыт 17 лет  Мой Telegram: @moiseev_den87 Отзывы клиентов: @master_v_gk
bibanin_v_digital,channel,Бибанин в Digital | Контекст Guru,631,Частный специалист по платному трафику в интернете. Опыт более 10 лет. Продвижение в Telegram ADS
toporcowwillage,channel,ЗАО Топорковщина,287,ЧАСТНЫЙ ИЗДевАТЕЛЬСКИЙ ДОМ  САМпИЗДАТ
govorushasadik,channel,"Логопедический частный детский садик ""Говоруша""",200,"Логопедический частный детский садик ""Говоруша""🦜  Ваш малыш скажет вам - спасибо!🙏  Телефон: +998(91) 797-33-88☎️  Локация: https://t.me/govorushasadik/21"
teatr23hm,channel,"""Камерный Драматический Театр"" 23""",588,"Первый в Ханты-Мансийске частный, семейный камерный ТЕАТР! Актуальный репертуар, события и мероприятия театра - ТУТ"
zovpredkoff,channel,Зов предков,468,Частный приют в Одинцовском районе. Сейчас у нас 500🐕 100🐈 1🐎
tatyana_kozadoza,channel,Татьяна_kozadoza,267,Частный канал Татьяны Мироновой
reggio_stihiya,channel,Reggio_stihiya,311,Частный детский сад Сообщество  Эфиры Мероприятия
roscomsys,channel,Российские коммунальные системы,356,Крупнейший частный оператор водоснабжения и водоотведения  в России
elenaorlovakrd,channel,💜 ЕЛЕНА ОРЛОВА @elena_orlova_krd,522,"Я - Елена Орлова, это мой частный канал. Блог о жизни, путешествиях и бизнесе  +7(918)439-01-40"
wwclean_otzovik,channel,Отзывы WWCleaning,9,Отзывы
sk_plitka1,channel,СИНЬОРА КЕРАМИКА плитка и сантехника,298,"✅Наш канал для вас, если вы делаете ремонт и подбираете  ПЛИТКУ И САНТЕХНИКУ ✅У нас лучшие коллекции ведущих европейских плиточных и сантехнических фабрик ✅Делимся актуальными коллекциями, трендами, советами."
beltgrinder_levsha,channel,Beltgrinder Levsha,239,Все о гриндерах Левша и все что с ними может быть связано!  Отправьте всем кто работает руками на станках эту ссылку!   Ссылка на группу:  https://t.me/Grinderstz_com
rks_klinker_store,channel,RKS Klinker (РеКонСтрой),116,Строительные материалы | Кирпич | Блок | Кровля
aidarvalinurovknives,channel,Ножевая мастерская Айдара Валинурова,533,"Все что связано с изготовлением ножей, новости из мастерской. Без политики и оскорблений🤝 Связь в лс @AidarV_knives"
skriabin_ceramics,channel,Скрябин Керамикс,205,"Архитектурный клинкерный кирпич российского производства 🇷🇺. ▪️Канал о том, как материал становится инструментом проектирования.  ▪️Форматы, сортировки, фактуры, применение в МКД и ИЖС.  Cайт: https://skriabin-ceramics.ru https://max.ru/id7203448866_biz"
pioneersk,channel,ПИОНЕР,54,Проектирование и строительство загородных домов
dynamicsobninsk,channel,Dynamics dn-tech.ru,214,"Лодки, Катера, Тюнинг, Ремонт, Продажа, эхолот , картплоттер, рыбалка с лодки 🚤"
kalir_equip,channel,KALIR horeca❄️,123,"Холодильное и морозильное оборудование из России для HoReCa, которые можно встроить куда-угодно Доставка по России и СНГ Для связи: @tokarevlex https://kalir.ru"
tranerussia,channel,TraneRussia,17,"❄️Поставка и аренда чиллеров #TRANE 👨🏻‍🔧ПНР, Сервисное обслуживание, Ремонт, ЗИП ✈️Доставка по России"
labplastics,channel,KIRGEN (Россия),42,"Здравствуйте. Это страничка компании Оснащение Экспертов, посвященная пластику KIRGEN. Наш сайт labplastics.ru"
rkl_pins,channel,RKL PINS,69,
kikershop,channel,kiker-shop.ru,7,Магазин игровых столов и активных игр. Редкие и полезные посты.
rebis_kaliningrad,channel,rebis_kaliningrad,35,официальный представитель Brozex и  Werner в Калининграде
magazinkirpicha174,channel,МАГАЗИН КИРПИЧА | Челябинск,25,ООО «Строитель 174». Кирпич и стройматериалы от ведущих заводов. Работаем с 2002 года. Доставка по России.   📲 8 (351) 700-77-25 🌐 stroutel74.ru
bosstroy1,channel,Welding supply shop,3,
roschiller,channel,РОСЧИЛЛЕР,2,Установка и обслуживание чиллеров под ключ  www.roschiller.ru | www.росчиллер.рф
kaminlider,channel,Kaminlider Home,5,Домашний интерьер. Печное оборудование. маркетплейс | доставка | монтаж
punjab_kings_status,channel,Punjab Kings Fans,1177,"Official FANPAGE of Punjab Kings  IPL 2024 IS HERE  Get ready Punjab ❤️🔥  Matchday videos , Players videos & Latest PBKS Updates   PAID PROMOTION : @PAIDPRO_1"
tmf70ru,channel,Tомские мебельные фасады (ТМФ),2153,"Российский производитель фасадов для корпусной мебели. В линейке ТМФ — фрезерованные фасады из МДФ в ПВХ-плёнке и краске, фасады из плитных материалов и натуральной древесины, а также столы, стулья, интерьерные панели и рейки."
ventfasadproekt,channel,Академия ВентФасад Проект,998,Проектирование фасадов и СПК — с нуля до первых заказов за 3 месяца  ◾️Обучение у наставников с опытом 10+ лет ◾️Практики на реальных объектах ◾️Помощь с трудоустройством   Освой востребованную профессию и зарабатывай больше👇🏻  ➡️Записаться  — @akademvfp
hi_techmebelfmf,channel,Хай Тэк Фабрика Мебельных Фасадов,186,🌿Фабрика Мебельных Фасадов. 🌿Производим фасады в любом шпоне. 🌿Столешницы от 30-150мм в шпоне.  🌿Услуги покраски.  🌿Услуги фанерования (шпонирования).
karkas_ru,channel,Karkas | Фасады из Японии,207,"Поставляем панели напрямую из Японии, монтируем фасады, создаем дизайны, проектируем и строим загородные дома.  Рассказываем о всех процессах: от авторских архитектурных решений до готового дома с отделкой и мебелью.   karkas-facade.ru | karkas.ru"
fasadmontaj73,channel,Fasadmontaj73,143,Привет! 🤝 ➖➖➖➖➖➖➖➖➖➖➖ Хотите обновить фасад дома? 🏠  Предлагаем отделку и утепление всеми видами сайдинга! 🏠 Также выполняем кровельные работы любой сложности. ⛏ ➖➖➖➖➖➖➖➖➖➖➖ Работаем в Ульяновске и по Ульяновской области.📍 📞 Звоните! 89022141603 Дмитрий.
betekofasad,channel,Бетэко | Красивые фасады,520,"Архитектурный фиброцемент от производителя: фасады, на которые хочется смотреть Наши кейсы и мировой опыт, технологии и разбор ошибок  Каталог решений: https://beteko.ru/"
gfasadov,channel,Галерея ФасадовЪ,179,Все о мебельных фасадах!
igorbabiy_channel,channel,Игорь Бабий • СЕТЕВОЙ ❤️ или - от ИНЖЕНЕРА до МИЛЛИОНЕРА 🚀 весь мой опыт для Вас •,814,"https://igorbabiy.com  💰 В БИЗНЕСЕ - 35 лет, создал: 🏆 ТОП производство Hunter Douglas на ДВ 🏃🏻 Крупнейшая сеть Anytime Fitness в ВС 🔨 Крупнейший франчайз по ремонту фасадов в Канаде IDEAL Siding  🌎 Топ-лидер Agenyz"
sbkhome,channel,Мебельная фабрика SbkHome,573,"Крупное российское предприятие, включающее в себя изготовление серийной мебели, фасадов из МДФ и продажу сопутствующих товаров.  Основано в 1995г.  http://www.sbkhome.ru/"
morozoff_group,channel,МОРОЗОФФ Архитектурные Фасады,270,🏙Фасады из стеклофибробетона под ключ: от проектирования до монтажа. Собственное производство и команда профессионалов. Работаем по всей России. 📞 +7 (495) 999-87-93 ✉️ zakaz@morozoff.group 🌐 morozoff.group
whitehillsru,channel,White Hills,598,"Производим 600 видов декоративного камня для облицовки фасадов, интерьера и ландшафта.   🌏 whitehills.ru 📫 Декоративный камень - sales@whitehills.ru 📫 Вентилируемый фасад - facade@whitehills.ru  ☎️ +74952233227 📍Москва, Волоколамское шоссе, 71к1"
colorit_yumacom,channel,ЮМАКОМ | фасады,635,"Фабрика по изготовлению мебельных фасадов  ♦️100+ фрезеровок  ♦️Эмаль, ПВХ, фанера, массив, шпон ♦️Алюминиевый профиль, стекло   ♦️RAL, SircaColor, NCS, CS ♦️500+ декоров плёнок ПВХ 🚛Краснодарский край, Крым 📲+7 (928) 422-87-61"
ksushaisafraid,channel,КСЕНЬЯФОБИЯ,207,"Боязнь ипотек, параметрических фасадов и замкнутых пространств."
teplodekor,channel,Теплодекор.рф,241,"Теплодекор.рф–команда специалистов в области фасадных работ, СФТК, мокрый фасад. Мы беремся за утепление любой сложности и считаем, что безнадёжных случаев не бывает.   +7 951 678-8626 – Сергей, WatsApp, MAX, Telegram  Наш сайт http://www.теплодекор.рф"
wandermode,channel,Wandermode,200,Запатентованная минеральная технология Ручная формовка. Промышленная прочность.  🔗 https://wandermode.ru/ 📱 +7(495) 929-70-81 📞 +7 (925) 440-44-40 ✉️ info@wandermode.ru Остались вопросы? ➡️ @wandermode_ru
fluidmetalru,channel,Fluide Metal,192,"Металлизация декора, мебели, фасадов и арт-объектов"
frontside_original,channel,Frontside,177,С 2001г.  занимаемся инжинирингом и производством фасадных систем.  Собственное производство в России.  Запатентованные решения.  3000+ реализованных проектов.  Сайт https://frontside.ru/
glavfasad,channel,моя мебель | мебельные фасады|покраска МДФ|МДФ|мебель на заказ|кухни на заказ|шпон|шпонированные детали МДФ|фанерование|вудсток,105,выкладываю живые фотки своей мебели
pcelovodimira,group,СОЮЗ ПЧЕЛОВОДОВ МИРА,2974,❗Культурно общаемся о пчёлах на русском языке.  ❗Только о пчёлах и пчелопродуктах. ❗Ссылки - на условиях взаимообмена.  ❗Реклама в воскресенье!   С обязательным указанием контакта с владельцем обьявления!
burrrsprint,group,Burrrs,366,
birdsaroundworld,channel,Birds.Birds.Birds.,1147,"@krololochannel's branch Admin @digitalcat  Animolz @jivtone Urban visual porn @cityvisionporn Arts, fotos, beautifuls @Krololophoto"
jackesc_t,channel,Уголок грызунов,681,"Меня зовут Хеля, я студент ветеринарного отделения, и моё главное увлечение это грызуны, а точнее неонаты. Сейчас у меня живут: Мышь, песчанки, акомисы, белки(обычная, белка летяга и сахарные поссумы) @jackESC ЛС"
hetwildegenieten,group,Het Wilde Genieten,803,
pateramanitus,channel,Батька Мухомор о птицах и грибах 🦉🍄,571,"Грибник, фотоохотник и внезапный кулинар. Ищу интересное под ногами и в облаках!  Canon 80d + Tamron 150-600 g2  Для связи: @wndrus  Император защищает и во славу Космического Короля!"
ptencygospodaboga,channel,🌾Птичий шкафчик / фото птиц,170,"Добро пожаловать в птичий шкафчик! Здесь вы сможете познакомиться с различными птицами, и разглядеть их во всей красе на моих фотографиях.🌟 Так же можете задавать вопросы, и просто узнавать много нового.  С уважением, ведущий канала"
rhhchat,group,Rabbits Chat 🐇,700,Добро пожаловать в чат владельцев и любителей кроликов. Наслаждайтесь комфортным общением соблюдая #правилаrhh  🌐 Портал о кроликах rabbitfriendly.com 🌐 Зоогостиница и клиника для кроликов и грызунов rabbitshotel.ru  По всем вопросам писать @Alfadoro
vet_klinika_anarda,channel,ВетКлиника «Анарда»,468,"Ветеринарная клиника: -Терапия🐈 -Хирургия 👩‍🔬 -Лаборатория🔬 -Приём экзотических животных, птиц и грызунов🦉🦎🐀 -Аптека💊 -УЗИ -Рентген Работаем с 9.00-21.00 Перерыв с 15.00-16.00 Без выходных"
pticibel,channel,Крылатые тайны . Погружение в орнитологию🪺🐣🦆,329,"Это сообщество любителей птиц и орнитологов, собравшихся вместе для изучения и обсуждения разнообразия пернатых обитателей Белгородской области. Фото (видео) материал копировать без рабочей ссылки на канал запрещено."
ekaterinaa_vet,channel,Ekaterina_vet,253,"Ветеринарный врач, лечу не только грызунов и кроликов🐭🐰, но и кошек с собаками 🐱🐶"
bunnybboard,channel,Помощь кроликам и грызунам. Доска объявлений.,227,"Объявления о поиске дома, кроликов и грызунов. Все города.  Читайте правила !"
rodentvetclinic,channel,Ветеринарная клиника Родентвет,306,"Телеграмм-канал ветеринарной клиники грызунов и рептилий «Родентвет».  Наш сайт: rodentvet.ru Наши контакты: +7(991)341-11-41 rodentvet.clinic@mail.ru Адрес: город Одинцово, Можайское шоссе, 136Б (вход со стороны пруда)"
kukarachat,group,Кукарачат,46,
myasyedog67,channel,МясьеДог🐶 лакомства для собак и кошек | Смоленск,339,"В Зоомаркете ""Мясьедог"" знают, как важно кормить любимца правильно. Поэтому у нас только лучшее: • Сушёные лакомства собственного производства  • Корма и вкусности не только для собак и кошек, но для грызунов и попугаев  • Уютные аксессуары и игрушки"
petcarya,channel,PetCarya Гамаки и домики для грызунов,168,"Шью гамачки, домики и развивающие игрушки для грызунов, хорьков, крыс. А так же для собак и кошек. Писать @ChoutoOli"
tlscam,channel,КРЫСЫ ДЖАНАРОТА | THRONE AND LIBERTY,94,Предложка - t.me/tlscam?direct  По вопросам рекламы - @desolator  Скамерам бабки не возвращаем.
krolichii_doctor,channel,Кроличий доктор 🐰,291,"Меня зовут Вежнина Анастасия. Этот канал о любви к животным и о работе ветеринарного врача 🐰🐹🐁 Занимаюсь лечением кроликов, грызунов, хорьков и ежей.   Для записи на консультацию писать на почту exotolog@gmail.com  Группа ВК https://vk.ru/krolichii_doctor"
rattus_lib,group,Крысология,108,Крысология – библиотека знаний о крысах от крысоводов для крысоводов  ПокрысятниЧАТ – наш ламповый чатик для общения и помощи  https://t.me/pokrisyatniCHAT  Бот для обратной связи – @Rattus_lib_bot
ptichiyaradost,channel,Птичья радость,233,Небольшая мастерская с игрушками для попугаев и грызунов!   Отправка по России за ваш счёт любым удобным способом. Все игрушки обрабатываются бактерицидной лампой с ультрафиолетом и озоном (полностью безопасны для ваших птиц)  Г. Иркутск
sunratmain,group,Sun Rat Club,106,
drrmnnt_andtherrrrats,channel,Дрмнт и КРЫСЫ,78,https://www.twitch.tv/drmnt_andtherats
gnosisgeneral,group,[No longer in active use],55,
prosto_vata_blat,channel,ПРОСТО_ВАТА,121,"Мой дом моя крепость Но как часто в эту крепость проникают непрошеные гости *тун тун тун* Тараканы, пауки, грызуны  Как защититься от этой напасти? Представляю вам отпугиватель насикомых, грызунов защитник Защитник легко и эффективно справиться со всеми"
birdwatcherlvlone,channel,Birdwatcher_Lvl one,28,Делаю заметки про птичек и иногда рисую 🐦
paohuichan1,group,Аварийный склад продовольствия🇷🇺🇺🇦🇧🇾🇰🇿🇰🇬🇹🇯🇹🇲🇺🇿🇦🇲🇦🇿🇬🇪🇲🇩🇱🇹🇪🇪🇱🇻,13,
rivelato_ok,channel,Rivelato.ru,524,Создаем кухонные мойки как предметы искусства в интерьере  https://rivelato.ru
mobodesign,channel,MOBO.SU,882,https://instagram.com/mobo.su Фабрика мебели MOBO
mayak61santexnika,channel,СтройМаркет «Маяк»,133,"СтройМаркет «Маяк» для тех кто привык делать все сам💪🏻🔧 Г. Волгодонск, пер Маяковского 3. Каждый «ВТОРНИК»  - Скидка 10% ДЕНЬ ПЕНСИОНЕРА. «СВО» - СКИДКА 10%  Сайт: маяк61.рф"
moirabby,channel,мойка 🥨 ;;,227,свалка моего творчества  по вопросам писать: @ghihhd
dreamcitygroupsro,group,Недвижимость Братислава(DreamCity Group),5349,
dreamgoal25,group,Business Center,2478,Let us do businness Contact us: @Getu_Abera
panenslot77,group,PANENSLOT77 OFFICIAL - SLOT TERKUAT🔥,760,Selamat Datang Di Group PANENSLOT77 GACOR PROMO : ✅ Bonus Deposit 5% (TIAP HARI) 🔥🔥 ✅ Bonus Referral 20% 🔥🔥 ✅ Bonus Rollingan Slot 0.5%🔥🔥 ✅ Bonus Freespin 20% 🔥🔥 ✅ Bonus Buy Freespin 10% 🔥🔥 ✅ BONUS KEKALAHAN 🔥🔥
dreamijugroup,channel,dreamiju,163,"бывает саггестив‼️  е сть твт и тт, везде @dreamiju всем пр"
officialgroupindoseven,group,Official Group Indoseven,314,https://indosevenman.com
retrogaraj777,group,Ретро-Гараж 777,33,
slotgacors_info,group,RETRO777 FANS 💸💸,68,
rdfileworks,channel,RD FILE WORK ❄️,85,TRUSTED WORK NO SCAM 💯 ONLY GENUINE WORK 💎 12 rs group charge ✅ ADMINS - @rishabhwsagenttt @rishiwss @dipeshpurii
dreamgramm,channel,Мечтаграмм. Россия за горизонтом 🇷🇺,15,Все твои мечты в одном месте По всем вопросам t.me/dreamgramm?direct
dreamglow_9,channel,Пубэртат,17,
opalubka77_moscow,group,«Опалубка 77»,5,"Аренда опалубки - наше приоритетное направление. ""Опалубка 77"" уже более 10 лет комплектует опалубочным оборудованием множество столичных строительных компаний."
sportnews_433,group,Sport G710,6,
asasdfghkklhgfdhgjhgdsa,group,97 lottery Signal group,9,
airdropsystem777,group,VENEOM3,2,
chat727,group,Chat,9,
rezekimy001,group,Rezeki MY group,8,https://rezekimy.com
batumiburg,channel,Продажа и долгосрочная аренда недвижимости в Батуми,238,"Batumiburg.com - Подбор недвижимости, Консультации. Продажа, аренда жилой и коммерческой недвижимости. Управление недвижимостью. WhatsApp, Viber, Telegram, Signal +995555302321"
menfi_top,channel,Menfi - Клининговая компания,33,Профессиональные услуги уборки
kindergardens_batumi_geo,channel,Садики Батуми Кутаиси🇬🇪,36,"Информация о частных и государственных детских садах, а также развивающих занятиях в Батуми, Грузия.   Разместить информацию: @arsentieva_oksana"
himtver_opt,channel,Бытовая химия оптом |ХИМТВЕРЬ|,29,"Оптовый гипермаркет непродовольственных товаров. Бытовая химия, косметика, хозтовары."
balkis000,channel,Клининговая компания БАЛКИС,8,▫️Уборка коммерческой и жилой недвижимости в Москве и Подмосковье. ▫️Работаем с 2012 года. ▫️Оформите заявку по телефону  +7 (495)741-16-01 или на сайте balkis.ru
batumirealflats,channel,BATUMI real estate - аренда и продажа квартир в Батуми,12,Rent your best apartment  Daily rent in Batumi BRE.GE
ckux1,channel,𝐿𝑂𝑉𝐸 | حـــب 🎀,108,الحقيقه ان الخساره عمرها ما كانت شخص الخساره كانت وقت ضاع مع ناس ما تستهلش٠٠٠🫰🏻   𝑶𝒘𝒏𝒆𝒓            @x_c_no
arsmillc,channel,потерянный.,89,"girl, I’m not with it I’m way too far gone."
rekaleto,channel,не лагерь || рекалето онлайн || rekaleto || английский || французский || немецкий || испанский || китайский || для детей,536,🇬🇧 Английский — это база. А какие ещё языки вы знаете? 🧑‍💻Языковые онлайн-программы для детей и подростков 💪 Как поставить цель и не слиться  🏕️ Лагерь переехал: @prostoletocamp подписывайтесь и не теряйте!
domaarenda,channel,Аренда домов,396,"По поводу просмотров  звоните +380676340384   Или пишите   https://t.me/Denis_dorik7  Не теряйте время, дома сдаются очень быстро!"
perfect_days_cinema,channel,Киноклуб Perfect days,279,"киноклуб🎬 приходите, кина хватит на всех!  для связи: @katheriniz  анонсы дублируем в вк, не теряйте!  https://vk.ru/club236752084"
mtt_vsmisle,channel,«В!Смысле» Молодёжный Театр,321,"https://taplink.cc/teatrvsm  Здесь вы сможете увидеть не только актуальную информацию о ближайших спектаклях, но ещё и разный эксклюзивный контент  Подписывайтесь на канал, не теряйте нас!"
ladyunicoracoon,channel,🦄Unicoracoon🦄,147,Не теряйте  https://vk.com/lady_unicoraccoon
vintovkapishet,channel,Яна пишет:,138,Первый тарологический теперь здесь.
zabugrom_life,channel,Жизнь после Калифорнии Zabugrom_life,115,Воля и Разум! Не теряйте Человеческое лицо!
blessedshopbs,channel,Blessed shop,1046,Сервис Blessed shop предоставляет свои услуги игрокам❤️‍🔥 За покупкой - @lLojux  Отзывы - @blessed_otz
arichan_591,channel,arichan591 показывает,52,
aquamarine_hotel,channel,Аквамарин Отель и Спа 4* в Туапсинском районе,385,Приветствуем Вас в официальном телеграм-канале нашего отеля.   Номер реестровой записи: С232024006196 https://tourism.fsa.gov.ru/ru/resorts/hotels/471e54d5-c609-11ef-92da-3d1c8632acfe/about-resort
apartstel,channel,Апарт-отель ApartStel,304,Уютные апартаменты с развитой инфраструктурой🏢   • Рейтинг 5.0 на Яндекс.Путешествия • 1 мин. от м. Бухарестская   Забронируйте прямо сейчас⬇️ @ApartStel_bot 📲 +7 (812) 679-77-11
myapparthotelpage20,channel,Апарт-отель Pаge20 🎆,167,Апартаменты с отельным сервисом и уникальным дизайном в центре Москвы  Кухня в каждом номере Забронировать номер по ☎️ +7(499)286-02-20 или на сайте👇🏼 https://page20hotel.com
lnkodom,channel,InkoDom,83,Апарт-отель в сердце Солотчи Уютное место для отдыха 💧Сауна и бассейн 🚲Активный отдых Бронирование : +79156253382
avenirapart,channel,Апарт-отели Avenir | Санкт-Петербург,179,"Добро пожаловать в сеть апарт-отелей Avenir в Санкт-Петербурге! Забронировать номер: https://avenirapart.com/  ▪️ филиалы на станциях Московские ворота, Кировский завод и Автово ▪️ стильные номера с кухней ▪️ круглосуточная охрана и паркинг"
rentapartmentintashkent,channel,Аренда квартир,423,Realty | Ташкент  https://t.me/+hg7NRpHq8ro3MzAy  https://t.me/rentapartmentintashkent  Продажа и аренда квартир Новостройки • вторичный рынок Подбор под бюджет 📞 +998 94 644 33 11
fridenberganna,channel,Fridenberg Anna,41,Фотограф Анна Фриденберг для связи @annafridenberg instagram: annafridenberg  annafridenberg.com
anapapremium,channel,Апарт-Отель Золотая Бухта Премиум,132,💎 Просторные апартаменты премиум 🌊Панорамный вид на море.  🏊‍♂️ 2 больших круглогодичных бассейна ⛱ Оборудованный пляж в 50 шагах 🏋️Фитнес-центр 💥Парковка 🌳 Выход сразу на набережную 📞8(800)551-50-68  📱+7 988 33 611 31 ресепшен
s_ogonkom,channel,Будни с огоньком,169,Это канал о жизни и буднях Кати и Кадрии 🫶🏻
severapart,channel,Квартиры посуточно | SeverApart | Тюмень | Сургут | Ноябрьск | Салехард| Уфа,187,БРОНЬ⬇️  🌏www.sever-apart.ru ☎️ 89220566985  Краткосрочная и долгосрочная аренда апартаментов: 📍Тюмень 📍Ноябрьск 📍Уфа   100 комфортабельных апартаментов от собственника с гарантией заселения.   Sever-apartments@mail.ru
avnstroy_chat,group,Pro ремонт квартиры,95,Связаться с прорабом: https://t.me/Andrey_N73  Вызов на замер: 89032400648
apartments22arta,channel,Культурные апарты — 22art’a,54,"Бутик-апартаменты с отельным сервисом в Хамовниках. Твой дом там, где живет вдохновение. Сайт: 22arta.ru Связаться: + 7 910 446 95 55"
akademiaavenue,channel,Академия Апартаментов АВЕНЮ,42,Ссылка для регистрации на мероприятие:  https://kristina-c3.timepad.ru/event/3826918/
lyubovmalayaavenue49,group,"Аренда квартир, гостинок Холодная Гора",60,
all_rooms,channel,ALL ROOMS | Первый сервис бронирования жилья в Telegram,32,Апартаменты | Дома | Аренда | Сдать | Снять | Посуточно | Помесячно | Москва | Санкт-Петербург | Сочи | Красная поляна | Казань | Калининград | Шерегеш | Домбай | Турция | Испания | Мексика
arneevo,channel,Апарт-отель Арнеево,31,"Забронировать - https://arneevo.ru/booking  Апарт-отель для семейного отдыха. Уютные номера с собственными беседками.  Авто-мотель эконом-класса для того, чтобы комфортно в чистых условиях переночевать."
sochirooms,channel,🌴 Сочи и ⛷️ Красная поляна апартаменты и дома | Сочи Румс | Жилье | Аренда и поиск жилья на всем побережье и Красной поляне🏔️,55,🌴Умное бронирование жилья на всем побережье Сочи и курортах Красной поляны⛷️  Направления:  🏂 @Sheregesh_Rooms  ☃️ @Dombai_Rooms 🌊 @KaliningradRooms 🇹🇷 @Turkey_Rooms   Все направления(beta):🛋️ @All_Rooms  ✏️ Добавить свой обьект @RentAps_bot
parkwoodhotelacadem,channel,Park Wood Hotel Академ,23,Сибирское гостеприимство в Академгородке 🌲 🏨 🌲
krasroom_hotel,channel,Квартиры посуточно | Красноярск |,33,Апартаменты и квартиры посуточно в Красноярске. Лучшие локации🌟  Онлайн Бронирование https://krasroom.ru  Бесконтактное заселение круглосуточно
pavlovapartbot,bot,PAVLOV,,"Бронирование апартаментов, прокат автомобилей PAVLOV в Калининграде."
apartstel_bot,bot,ApartStel,,Бронирование апартаментов в Санкт-Петербурге. Ссылка на наш телеграм канал @apartstel.
aparthomes_bot,bot,Apart Homes,,Виллы и Апартаменты Пхукета☀️
panapart,channel,Пан АПАРТ,3,"Найкращі пропозиції для Вашого відпочинку та оздоровлення: - апартаменти та  квартири Трускавця, Східниці та Моршин - екскурсії Карпатами, Закарпаттям Бронювання за тел. 0960350022"
apartmentrentalassistantbot,bot,Арендуй,,🤖 Я мгновенно присылаю новые обьявления от собственников. Выбирай. Звони. Арендуй
apartcomfort76_bot,bot,АпартКомфорт Жилье Посуточно,,Москва | Ярославль 80+ объектов
apartnnbot,bot,Апарт-отель Норт (9 Ночей). Чат с менеджером.,,"Апартаменты в Нижнем Новгороде. Забронировать, Заселиться, Вопросы по проживанию."
atlasapart_bot,bot,Atlas_bot,,Atlas Apart-Hotel & SPA - бот помощник с бронированием!👇
sever_apart_bot,bot,sever-apart_bot,,
inpermapart_bot,bot,INPERMAPART.ru,,
yes_apart_bot,bot,Сеть апарт-отелей YES,,Бронируйте номер в сети апарт-отелей YES.
stroisnab77,channel,СтройСнаб77,852,"СтройСнаб77 — ваш гипермаркет стройматериалов в Москве с лучшими ценами!  Широкий выбор, качество и удобная доставка.  Подписывайтесь, чтобы не пропустить акции и новинки!   Связь: +7 925 606 10 82 | www.stroisnab77.ru"
sstroyka_time,channel,STROYKA TIME,314,"Строительство и ремонт домов🏠|квартир под ключ  Услуги: • индивидуальное проектирование • инженерные коммуникации • отделочные работы  Ремонт|Строительство  кровли, фасады, мансарды, террасы, веранды, бани  📲+7 (910) 005-26-69"
vssdom,channel,ВостСибСтрой,117,30 лет в строительстве!
interstroy65,channel,ИнтерСтрой,25,"Производство тротуарной плитки, бордюров, колец ЖБИ, в г. Южно-Сахалинске. Благоустройство территорий  г.Южно-Сахалинск, п/р Ново-Александровск, ул. 2-я Красносельская, 9А E-mail: interstroy65@mail.ru +7 (914) 091-87-03 +7 (914)740-88-81 +7 (914)740-88-83"
bestra_news,channel,Bestra Corporate News,6,
burskvazhina,channel,Мос.обл.скважина,7,"Бурение артезианских скважин на воду. Полный комплекс услуг по водоснабжению загородных домов. Бурение скважин с нПВХ трубой, обустройство скважин, установка септиков и систем очистки воды."
chisto_gram,channel,Чистограм,261,Мой ВК https://vk.ru/olegchis
kisti_tattoo,channel,КИСТИ|Тату и обучение|Томск,428,"Услышим, что нужно, и скажем, куда лучше😉"
chist_crb,channel,Чистопольская ЦРБ,547,
betar_chist,channel,Команда БЕТАР,462,Производим приборы учета энергоресурсов. Умные решения. Безопасность. В самом центре Татарстана - в Чистополе.
chisto_nur,channel,Чисто по-уренгойски,49,Я Нади @di_nadi_di Запустила проект «Читка» https://t.me/chitka_nur  Жизнь на севере  OzonId_5296
roditeli_vmeste,channel,"Канал ""ВМЕСТЕ""",70,"Региональная Общественная организация родителей. Балашиха (Железнодорожный) ул.Керамическая д.23 Центр детей особой заботы ""Подсолнух"" Тел.: +7(916)4996583 vmestepodsolnuh@gmail.com"
ximtek_ru,channel,ХимТек,78,Решение вопросов гигиены и санитарии
club_zhannazav,channel,Клуб Жанны Завьяловой,1103,"+7-985-2928027 -клуб - поддерживающая среда для Тренеров ICBT, Игротехников по Эмоциональному и каузальному интеллекту и всех тех, кто покупал продукты, Методики, консультации у Жанны Завьяловой. Клуб создан чтобы делиться полезными практиками и хорошим н"
ilyapsybrain,channel,"Психолог, который работает с мозгом 🧠",602,Канал о ментальном здоровье и обо всем причастном!     ❤️ Поддерживающая атмосфера 🎓 Честный разбор исследований 📊 Только актуальные данные 📆 Современные подходы к диагностике и терапии 🚫 Мракобесие   📝 Запись через директ канала (пока мест нет)
cmesrussia,channel,Центр ближневосточных исследований,371,"Центр ближневосточных исследований (ЦБИ) — это платформа для укрепления диалога и сотрудничества между Россией и странами Ближнего Востока, поддерживающая профессионалов и позитивный образ России в регионе."
abystrovalife,channel,ABYSTROVA,216,"@AnaBystrova о душе и теле; пилатес • телесно-ориентированная терапия • послеродовое восстановление ; поддерживающая психотерапия, индивидуальное консультирование."
first_asana,channel,Йога с Любовью,330,"Я Любовь Родина - преподаватель йоги. Пишу интересное про йогу, что можно применить к своей парктике и в жизни. Смотри закреп!   Поддерживающая среда для твоей практики йоги тут 😇  Интересно про йогу, без max-uor9 эзотерических прибабахов  Для связи - @lo"
kids_school_new,channel,𝐊𝐈𝐃𝐒 𝐒𝐂𝐇𝐎𝐎𝐋,88,✨ Детская исламская школа ✨  🌠 Наши преимущества:  1. Разнообразные бесплатные открытые уроки.  2. Различные бесплатные курсы. 3. Фокус на изучении основ Ислама и Корана. 4. Поддерживающая среда.
novogradekb,channel,ПОЛЕЗНАЯ ТОЧКА | ЕКБ | Решение есть,52,"«Полезная Точка» — профессиональная команда экспертов, поддерживающая своих клиентов в вопросах недвижимости уже много лет.  Дополнительные услуги ПОЛЕЗНОЙ ТОЧКИ:  🔥 Страхование  🗃 Банкротство физлиц  https://ekb-tochka.ru"
vmestepro100,channel,Вместе Просто: Психология отношений,45,"Образовательная и поддерживающая среда для пар. Здесь вы найдете глубокий анализ и практичные инструменты для отношений, которые хочется беречь.  По вопросам партнерства и сотрудничества"
nourishai_supportbot,bot,Nourish AI : Поддержка,,Поддержка приложения @NourishAI_bot
batcomfortnsk,channel,"Bat Comfort | уборка, клининг, химчистка",3,Клининговая компания/ уборка после ремонта/ генеральная уборка/ поддерживающая уборка/ мытьё окон/ химчистка мягкой мебели  Контакты менеджеров для расчета стоимости и оформления заявки  Новосибирск:
detect_support_bot,bot,Detect Expert support,,detect.expert official support
mlxy03,channel,马来西亚头条新闻日报,34598,《马来西亚头条新闻日报》是敢报导真相，独立，中立及可信度高的中文新闻门户网站，专注于马来西亚时事。  我们一直全天候提供新闻和分析，坚持客观性——这是当今新闻界所缺失的维度。  全天关注我们，获取新闻中缺失的维度！  📮投稿爆料合作联系 @KL066  #吉隆坡 #槟城 #新山 #怡保 #马六甲 #古晋 #亚庇 #头条 #新闻
jwzp1,channel,全球大事件/安危头条【华人】,4462,#全球大事件 #新闻观察 #吃瓜爆料  投稿    @u12350 商务联系： @dsjjl0o  巨资打造 正版全球大事件品牌，其他大事件均为假冒！ 服务于行业高端人群，专注于重大新闻和突发事件发布，揭秘各大园区黑暗内幕，扶手与盘总聚集地。
phda222,channel,菲律宾大事件（Philippines incident ）,4,#菲律宾大事件 每日更新，随时了解东南亚周边新闻。  免责声明：新闻内容来源于互联网，未作真伪考究，仅供参考。本频道不站任何立场、不作任何评论，仅提供发布平台！！！  商务合作、广告投放、投稿爆料： @LB088
abc9178133,channel,小年朋友⭕️,2,
quanqiutufa,channel,出海联盟 @KuaiBao,5,
younamber1,channel,Glum | Заработок на отзывах,1123,Зарабатывай просто сидя в телефоне! Легкие задания без вложений   ✔️Работаем с февраля 24 года ✔️Выплаты каждый день   По всем вопросам обращайтесь в поддержку - @Namber1 - Наша Репутация @Namberyou1    📎 Ссылка для друга - https://t.me/+S_LvC6LxMUpkNGFi
lekans_reviews,channel,Alpan||Заработок на отзывах,533,"Привеwwт, наш канал поможет тебе заработать деньги просто и БЕЗ ВЛОЖЕНИЙ!  🫂 Добрая администрация, которая всегда вам поможет  💵 Гарантированный легкий заработок, БЕЗ ВЛОЖЕНИЙ 👩‍💻Владелец канала: @alpn_28"
eshkawork,channel,EshkaWork||заработок на отзывах💜,525,☆по вопросам админки/рекламы/прихода к @eshka_ry
vvszarabotok,channel,VVS//Заработок на отзывах👑,180,🔹Канал для заработка на отзывах без вложений  🔹Владелец:🔹 @rpgBAM
vortexzarabotok,channel,Vortex || заработок на отзывах,231,"зарабатывай на отзывах без вложений с Vortex __________ владелец канала @nomqx  по делу, 2 владелец @rainbk  ВЫПЛАТЫ: @viplatinomqx"
southparkov,channel,SouthPark заработок на отзывах,489,Задания за которые платят Владелец: @F3NCER  Более 800 выплат
wirexotzz,channel,𝙬𝙞𝙧𝙚𝙭 🍂 || заработок на отзывах,386,"тут вы сможете зарабатывать деньги без вложений, написав отзывы на разных платформах за деньги, а также разные лотереи и конкурсы💸  🍂владелец - @rena345 🍂менеджер - @userrrrmiau   ☕выплаты https://t.me/wirex8182"
oootees,channel,Золото Мидаса / Заработок на отзывах,457,Приветствую всех на данном канале 👋 Данный канал создан для заработка в интернете🫡  И дальнейшего вашего продвижения в этой сфере 🥰  Владелец/админки  - @Tiny_SWAGA Tiktok https://www.tiktok.com/@zolot0midasa?_t=ZN-90joK0J78re&_r=1
fourkardinal,channel,4kardinal | Зᴀᴩᴀбᴏᴛᴏᴋ,339,"Канал по заработку на отзывах. Наши платформы: Авито, 2Гис, Яндекс, Зун, Гугл и другие.  Прайс: @priceADM Владелец: @mier112 Второй канал: @majorzar"
vyboryvpitere,channel,ВЫБОРЫ В ПИТЕРЕ,3418,Скоро выборы   Для обратной связи: @Vybory_v_pitere_bot
neparadny_vhod,channel,Непарадный вход | Питер с Кирой Юхтенко,1428,
piarestet,group,🪷пиар чат эстет каналов/читайте правила,1606,админ: @holimili - https://t.me/katyashamyr
milanbelarus,group,Info «КОСМЕТИКА 24»,296,
curling24,channel,Сибирская академия кёрлинга,647,Керлинг Красноярский край @curling24  🥌Научиться играть  💫Присоединиться к любительским соревнованиям и тренировкам 🫂Поддержать спортсменов   📍За подробностями сюда 📲 8-958-849-64-31
klinikkar,channel,نشر آمایش خلاق,241,آمایش خلاق: نشر برنامه ریزی، فرهنگ و اندیشه  تماس با مدیر مسئول نشر: @AmayeshKHalagh  وبسایت: www.Amayeshk.ir ایمیل نشر: AmayeshK@Gmail.com  شناسه ارتباطی در شبکه های اجتماعی:   @Amayeshk
klinikavg,channel,"Реабилитация после инсульта, травм головного и спинного мозга.",217,"Клиника «Времена года»-многофункциональное лечебное учреждение. Занимаемся реабилитацией пациентов после инсульта, травм головного и спинного мозга, ДЦП. В нашей структуре есть отделения: -терапия, -хирургия.  Наш сайт- https://insult-klinika.com/"
klinikaera,channel,Многопрофильная клиника ЭРА,273,
klinikaelf,channel,☘️ Клиника Эльф ☘️,156,Первая частная клиника во Владимире
chilling_lounge_nch,channel,CHILLING_LOUNGE_NCH,143,"Зона с PS5, еда, бар -20% на меню кухни до 18:00 Твой паровой + чай в подарок 1000₽  📲 +7 (927) 438-10-11 📍Вахитова, 22а 📲 +7 (929) 722-57-58 📍Шамиля Усманова 25"
klinica,channel,Клиника Св. Антипы,62,Днепр. Www.klinica.com.ua
shkola_klininga,channel,Чисторитет. Обучение клинингу🧑‍🔬,52,"Ахматов Тимур, учредитель компании ""Чисторитет"":  🚀Более 10 лет делаю прибыльный клининг.  👨‍🎓Обучаю новичков и профи.  Здесь вся правда о клининге и не только🔥 Для связи @iron_timur"
klinikacsm,channel,Центр Семейной Медицины,77,"Уютная клиника, где ведут прием такие специалисты, как: проктолог, уролог, гинеколог, терапевт, дерматовенеролог, травматолог- ортопед, хирург, УЗИ, а так же весь спектр лабораторной диагностики! 🥰"
mltson,group,"Салон кроватей и матрасов ""Сон""",970,"Салон кроватей и матрасов ""Сон"". Мелитополь, К. Маркса, 13 (бывш. Грушевского) График работы: 9:00-14:30 ежедневно Выходной - понедельник +7(990)157-61-41"
sto_matrasov_krsk,channel,100 Матрасов Красноярск | Акции| Скидки| Купоны,526,"Магазин матрасов, кроватей и товаров для сна г. Красноярск!"
spalber,channel,Спалбер - матрасы для грузовиков,155,"Производитель матрасов для грузовиков №1 в России! 👍👍👍  🚛VOLVO, 🚛DAF, 🚛MAN, 🚛MERCEDES-BENZ, 🚛SCANIA, 🚛RENAULT, 🚛IVECO, 🚛FREIGHTLINER, 🚛KAMAZ, 🚛MAZ и других.  👉📱 +7 985 975 57 43"
beyosa_tomsk,channel,Капсула сна 🌙 | Матрасы высокого качества по доступной цене,213,"✨Капсула сна — мультибрендовый магазин матрасов и товаров для сна по доступной цене.  🙋‍♀️Мы рады предложить вам кровати и матрасы высокого качества и при этом сохраняем доступную цену, удобный сервис и профессиональный подбор 🤝"
artsleepboutique,channel,Art Sleep Boutique,227,"Уникальное ателье матрасов, мягкой мебели и постельного белья, где качество встречается с индивидуальным подходом. Связаться с нами: +79251159414"
matrasru,channel,Матрас.ру,171,"Matras.ru - матрасы и товары для сна ▪️Салоны-магазины в МСК, СПб и Краснодаре ▪️Тест-драйв матраса 110 дней ▪️Дарим промокод на 1000р ▪️Заказ без предоплаты ▪️Быстрая доставка ▪️Подарки при заказе матраса ☎️ 8 (800) 600-87-65"
teffi23ru,channel,Фабрика Матрасов ТЭФФИ | матрасы | топперы | подушки | наматрасники | Краснодар,227,Фабрика матрасов Тэффи - это российский производитель матрасов с более чем 25-летней историей (работает с 1996 года). Компания имеет собственное производство и предлагает широкий ассортимент товаров для сна под торговой маркой “ТЭФФИ” запущенной в 2015 г.
natalochka_sp,channel,Nata-lochka sp.bvf 🎈,185,Фото и видео Обзоры закупок. Анонсы. Спец предложения.
matras_nicesleeping,group,Nice Sleeping - матрасы в Ташкенте,73,У нас на заказ мебель а также Ортопедические и Анатомические матрасы  по доступным ценам ✅ 📱 +998971380505 🌐 Наш сайт: www.matras-ns.uz
matrasi_dnr,channel,Донецкая Матрасная Фабрика | ДНР,403,«Донецкая матрацная фабрика»   ▫️Матрасы пружинные ▫️Матрасы ватные ▫️Топперы  https://matras-don.ru/ Прием заказов Ежедневно с 9:00 до 18:00: 📞 +79493400817 📞 +79494861646  Сотрудничество и оптовая торговля: 📞 +79493706282
fourtextextile,channel,ФОРТЕКС,446,"Крупнейшее российское производство трикотажа для матрасов, НПБ, стеганые полотна, бикокос. Мембранирование любых полотен.  Гипермаркет комплектующих для матрасов и мебели. Ткани для домашнего текстиля"
sleepvipuz,channel,SLEEPVIP,307,Основа идеального сна 😌 +998 95 9505225 +998 95 9505335
mithomeru,channel,"MITHOME - КРОВАТИ И МАТРАСЫ В ВОЛОГДЕ, ЧЕРЕПОВЦЕ, ЯРОСЛАВЛЕ",39,"Мы интернет-магазин по продаже матрасов, кроватей, диванов, подушек, мебели!  ⚡Наша миссия - обеспечить каждому человеку в России доступ к здоровому и комфортному сну, благодаря нашей надежной продукции!  По вопросам или для заказа 👉 @matras_mebell"
motrisssss0,channel,Магазин Матрасов,199,Устал...
tomasmatres,channel,Tomas Matres,44,"Тут Вы найдете мебель для спален, детских, прихожих, гостиных, ванных комнат, матрасы, кровати по низким ценам❗️"
malinovye,channel,Малиновые сны ❤️,236,"t.me/Malinovyesny_Bot/app  🌟 Домашняя одежда для всей семьи собственного производства 🌟 🌟 Стильные пижамы, которые сделают ваш сон максимально комфортным🌟 🌟 Натуральные ткани, которые сочетают в себе безопасность, надежность и привлекательный внешний вид"
goohomyula141,group,💐💖МАРЖОН_ Постельное белье💖💐,41,Постельное белье❤️ ✅Всё в наличии  ✅Доставка по городу🚕 ✅Форма оплаты любая💳💸 ✅Принимаем заказы📝
lavkasnovuz,channel,Лавка снов,125,"Привет👋 Мы Владислав и Марина. ☺️ Шьем постельное белье по вашим размерам Качественно, как для себя! 🛌  Расцветки тканей можно посмотреть тут: @LavkaKatalog  Для связи пишите >>> @Aladinam86 Или  звоните >>> +998935445884"
usm_company,channel,USM_company,63,Производство изделий из ПВХ
incantoruss,channel,Детская мебель | Детские кроватки «Incanto»,180,"🤎Скидка 15% на первую покупку 🤎Собственное производство детских кроваток, матрасов и сопутствующих товаров 🤎Консультация с менеджером по номеру телефона: @Elenaincanto 8(930)168-10-55  Наш сайт: https://incanto-rus.ru/ г. Тверь, Паши Савельевой 55"
beddingtonmattress,channel,Beddington Mattress,9,"Салон и интернет-магазин импортных матрасов и постельных принадлежностей.  КОНТАКТЫ:  🌐 https://beddington.ru ☎️ +7 495 150 30 96 8 800 500 31 58 📩 info@beddington.ru Ⓜ️ Серпуховская 1-й Щипковский пер., 4, Галерея интерьеров ""Твинстор"" ⏰ 10:00 - 21:00"
mothlubitsleep,channel,мольсосе,28,нежные картинки от нежнейшей моли
tsariskupitelnikolai,group,☦️ Царь-искупитель Николай,444,"Во славу Божию 🕊️ Царь Николай - искупитель, моли Бога о нас!"
noteverneverfind,channel,*:✧ два лепестка моли˚:✧,618,"когда ты в лесу, ты становишься частью леса. весь, без остатка. попал под дождь — ты часть дождя. приходит утро — часть утра. сидишь со мной — становишься частицей меня! 🌨️связь со мной: https://t.me/notteverneverfind 🌨️https://t.me/+7tnO05TSh8s0OWJi"
modiceramicstudio,channel,MODI ceramic studio,253,"Студия керамики в Тбилиси. Мастер-классы по лепке, гончарному делу, обучающие курсы, магазин материалов для керамистов и коворкинг. По всем вопросам пишите @modi_admin"
dossssvikp,channel,лоли моли?,204,
mango_squi,channel,белка какая-то,191,"🐿  друзья привыкли  🎧 артерка (энха, скз и многие другие) 🎧 каверденс (команда BLACKOUT)  🍪 щитпост канал с моли (можете попросить сс через анонку) 🍪 анонка https://t.me/mangosqui_bot"
shp_moli,channel,Щп молъи,23,
lilyamole,channel,будни моли,92,"здесь моя озвучка и жизнь, добро пожаловать)"
mops2129,channel,мёи МОПС 2129♿️,15,⚧️i⚧️ привiт' я фанатка maison margiela и vivienne westwood 🫶 мій мобільний пристрій телефнь👇👉👉ReichFonNSDvivo1488ss⚡️⚡️
mrymari,channel,мурка и кафе для дураков,104,"амбассадор ""клюквы"" https://open.spotify.com/playlist/6B6TgMvNoe3ChmMw3UJkDY?si=3LXAKTTcSE-Qfx89dPmKKQ молюсь на греков, дэя и моро  meow meow meow"
mmiracolly,channel,mmiracolly 🐁,55,Я фанатка змиёвского олигарха  Тут щитпост на тему ПМ и мои эдиты
meykusha0,channel,мейкуша тут,127,"канал мейкуши, жоска высказываюсь обо всём на свете   в процессе - переделка моли  в планах - фурина   лайф - https://t.me/fanclubBasi анонимка - http://t.me/anonaskbot?start=oZk8vL4PrN2QFTn"
molli52777,channel,молли,69,
bytovuhagaoqi,channel,Бытовуха Гао Ци🍺,55,Щп автора(подвальной моли) Психика Гао Ци😨
fillet_xd,channel,fillet__,81,мой мозг проели личинки моли ползают по всей квартире все в пыли
deutschmittel_100,channel,Deutschmittel mit Vakanz 🛜,547,"👇 Hier könnten Sie sowohl Tipps zum Deutschlernen als auch kostenintensive Vaknze wie MFA, ZMFA, Krankenpfleger(in), Krankenschwester, Au-Pair usw. in Deutschland finden!  https://t.me/Deutschmittel_100/172   @Medchat_100  @RAR_0765"
tajuki_deutsch,channel,Немецкий с Ташей,328,"Привет и добро пожаловать в пространство для учеников и преподавателей.   Здесь все про немецкий A0 - B1: разборы грамматики и лексики, полезные материалы для самостоятельного изучения, методические разработки для учителей"
shelkvlg,channel,shelk.vlg,454,ИНСТА ВРЕМЕННО В БЛОКЕ❗️  лазерная эпиляция | аппаратный | LPG | ручной массаж | Волгоград  КОРПОРАЦИЯ АФСАНЫ АФГАН 🚀 -30% на первое посещение 🇩🇪 немецкое качество оборудования 👩🏻‍⚕️ мед. образование 😉 нам доверяют > 30000 девушек ты следующая
gerrywebersmr,channel,Gerry Weber Самара,417,"Invest in the best. Ваш образ работает на вас 24/7 - это про нас, про стильных и сильных женщин Gerry Weber. Выбирайте немецкое качество и идеальную посадку.   Ждем вас в наших магазинах:  ТРК «Космопорт» ул. Дыбенко,30"
anaelki,channel,«Дневник Анаэль»,74,По вопросам: @DarknetWasBaby
maria_wild_art,channel,Мария Хомякова🌿Женщины,2339,"Здесь - простая бабья магия: арт-терапия, сказки, инициации, метафоры, образы, диалоги, статьи, символическое и глубинное.  Бережное пространство для женщин: Для девочек, девушек, женщин, стариц❤️  Психолог https://vk.com/marya_psy_art @maria_psy_art"
pobedim_besplodie,channel,Репродуктолог Маева Нора Хачатуровна,795,"Бережное лечение бесплодия и ответственное ведение беременности.   Очный приём в Москве - GMS ЭКО, Садовническая 27 с 8"
norka_krasit,channel,Норка красит,750,The Norka - салон колористики в Москве ✨  Мы за бережное окрашивание🐚 The Norka by Darya Ryzhinkova  Запись: WA/TG📲+79936133366
bintuzairr,channel,𝐁𝐢𝐧𝐭 𝐘𝐳𝐚𝐢𝐫,98,"польза, напоминания"
berezhnoeparenie,channel,Ксения | Бережное парение ✨️🧘🏻‍♀️🌬🍃💞,354,"ссылка на канал, приглашайте друзей и знакомых!  🧚🏻‍♀️женская баня  🧖🏼‍♀️Девичники 🍃Для пар 🤍Спа процедуры  ✨Коллективные бани   связь: @kse_oxygen 89035991777"
beethmann,channel,lot-serene.,56,"mulberry effulgence cascading through rain-anointed pines, whilst obsidian reveries linger beside roseate ranunculus and lacquered metropolitan hush. 𓍢ִ໋❀🤍 (@xgrossien)"
malyschariki,group,Малыши в Вильнюсе,1092,"Родительский чат: можно поделиться событием по теме, мерприятием, находкой, новостью, опытом, вещью, рекомендацией, советом; найти друзей сверстников. Запрещены: коммерческая реклама, флуд не по теме, спам, склоки, диагнозы и лечение, сбор денег."
chatskaya_doll,channel,anita.art,183,
picturesforchildren,channel,pictures для самых маленьких,466,my life — my rulez my channel — moi pictures  по всем вопросам @nesssy или @antislang  конфа: @chattingforchildren  филиал вк: https://vk.com/picturesforchildren  спам бот (предложка) / донат за плюшки: @picturestovkbot
licorneundies,channel,LICORNEUNDIES,400,"🇱 🇮 🇨 🇴 🇷 🇳 🇪   🇺 🇳 🇩 🇪 🇷 🇼 🇪 🇦 🇷 👙 😋 Магазин нижнего белья и не только… 📍ТЦ Дом Быта, бутик 401 📨Для связи пишите в what’s app или в Директ💌"
forsnkids,group,Фельденкрайз детям💆,188,
apolinariatttfrf,channel,apolinariattt,100,🏹🪬🫀
mykinder,channel,👑 Сказочник 👑,126,"Для маленьких детишек и взрослых. Детские песенки, колыбельные и аудиосказки. Полезная информация для родителей.  Связь: @yurydesign"
milksonchik,channel,Молочный Сончик🩷🥐,22,
lublewski,channel,Самый первый канал LEBOW$Ki,139,Описание
musslima_hon,channel,Muslima_hon,134,@Bonnni_Bonn одежда младенцам @Bonni_Boonn 👫 Пекинская детская одеждя @milano_home 💎 постельное бельё  @skarlett_ss 🩱 нижнеё бельё  @skarlett_ohara женская одежда @bonni_bonn детская одежда Карго 11$ за кг На счет вп- @happy0517 Для заказа - @sevara555
asdfwdu,channel,خفــوق,37,بدأيتي ⑅²⁹-⁶-²⁰²⁶
ffoffoofgl,channel,лощина,46,"чим скоріш ви знайдете у каналі причину бути тут, тим скоріш ви зрозумієте, що любите мене"
bizbaby,group,Бизнес Младенчество,26,"Чат о бизнесе для самых начинающих. Задаём глупые вопросы, находим понятные ответы, репостим полезности, обсуждаем идеи, делимся опытом.  По вопросам рекламы в личку @whylwhyl"
slivshkodnii,channel,🔞 ЭКСКЛЮЗИВ ДЛЯ СВОИХ 🔞,3,"🤫 Закрытый клуб с редким контентом. 🤫 То, что не найдешь в поиске! Ручная модерация, минимум подписчиков – максимум качества ✨ Только 18+"
s_teklov,channel,STEKLOV 🥷,955,🇷🇺 Первенство  России (АРБ )🥇 🇷🇺 Первенство  России (Unifight) 🥉 🏆 Первенство  области (бокс) 🥇 🌎 Первенство  мира (Unifight) 🔜 🌎 Первенство  мира (средства защиты) 🔜
arina_ahtamova,channel,Ahtamova_Arina,417,Тройной КМС 💙  А также есть  3юн 1 юн 3сп 2сп 1сп 💪🏽
orelskateboarding,channel,ОРЛОВСКИЙ СКЕЙТБОРДИНГ,42,"Новый стафф и олдовые кассеты. Канал создан для популяризации скейтбординга, сохранения истории и освещения новых движений в Орловском скейтбординге."
stajla_vainakh,channel,STAJLA VAINAKH,28,Savodan oldin daveriya oling !  @vainakh_ff !
std33kovrov,channel,СтройДвор 🔨 👷‍♂️,82,"🏗 Стройматериалы с доставкой • Широкий ассортимент • Регулярные скидки и акции • Цены ниже рыночных на 10–15 % • Оплата:наличными,картой,перевододом       📞 Заказ: @stroidvor33 или +7-901-140-13-96    🌐Наш сайт: https://std33.ru"
suchkovlove722,channel,семьдесят вторая,124,личка: @z1lixs
zyrox_design,channel,𝒁𝒀𝑹𝑶𝑿 𝑫𝑬𝑺𝑰𝑮𝑵,25,Отзыв : @zyrox_otz Tours : @zyrox_organization Duo Tours : @zyrox_duo_tour Uc Service : @ZYROX_UC_SERVICE  Владелец- @hhopavz
tsrv10,channel,_tsrv.e_,65,"Egor, the creator👨🏻‍🎨🎨"
darobby10,channel,Acheronskyy,31,
karaoke_isterika,channel,ISTERIKA,33,
iskus1tel666,channel,ПЕРЕХОД,13,Начало:19.03.26🖤
smirnovka007,channel,Smirnovka,6,https://www.youtube.com/@smirnovka007
neurosanatorium,channel,Нейросанаторий 🌙,162,"Размышления о свете, архитектуре, искусстве через призму опыта светового дизайнера и инженера-физика. Павел Дружинин  Архив канала сохраняется в блоге на моём сайте: https://druzhini-lab.ru/blog/blog.html"
happysealru,channel,СЧАСТЛИВЫЙ ТЮЛЕНЬ,521,"Канал морского биолога, рассказывающего об удивительном мире морских млекопитающих, угрозах, с которыми сталкиваются эти животные сегодня, и решениях, способных повлиять на существующие проблемы"
orensuslik,channel,Суслик должен Жить,137,"Честно об экологии Оренбуржья.  Расскажем и покажем кто, где и как уничтожает воздух, воду, землю и животных нашего региона.  Почта для связи: orensuslik@yandex.ru"
mosecomonitoring,channel,Мосэкомониторинг,745,Официальный канал Мосэкомониторинг
nemozhnotak,channel,НеМожноТак,224,Ведёт журналист Намлиева. Обратная связь: @anamlieva  🔔 НеМожноТак в сети: ВК: vk.com/nemozhnotak ТГ: t.me/nemoZhnotak Рутуб: vk.cc/cTXOZB Сайт: неможнотак.рф/ Дзен: dzen.ru/nemozhnotak
livingasia,channel,Ливень. Living Asia,117,Рассказываем об экологии в странах Центральной Азии.  Наш сайт: https://livingasia.online/ Связь с Ливнем:  livingasiaonline@gmail.com  Связь с администратором канала: Assel Iztayeva @asseliztayeva  +77064134970
secondhistory,channel,Зелёный курс,151,"Канал для тех, кто интересуется и поддерживает актуальные проекты и идеи, направленные на оздоровление окружающей среды в мире. Меняй мир к лучшему!"
klintbo,channel,Алексинский карьер,158,Алексинский карьер
airkemerovo,channel,AirKemerovo - мониторинг качества воздуха,146,Основной канал проекта общественного мониторинга качества воздуха в Кемерово airkemerovo.ru Техподдержка: t.me/airkemerovo_help vk.com/airkemerovo instagram.com/airkemerovo
artemkorotaev,channel,Артём Коротаев,147,"Активист, инспектор Росприроднадзора"
moykageyser,channel,Мойки деталей Гейзер,99,Канал об автоматизации процессов очистки поверхностей деталей и агрегатов от органических и неорганических загрязнений с использованием оборудования компании «Гейзер». Сайт https://geysersto.ru
chronicles_lobnya_bypass,channel,Хроники Северного обхода Лобни,20,
ecosferann,channel,ЭКОСФЕРА|НИЖЕГОРОДСКАЯ ОБЛАСТЬ,53,Благотворительный фонд охраны окружающей среды.  В нашей группе вы сможете найти анонсы мероприятий и информацию о нашей деятельности
ruteny_106,channel,Безопасный рутений,10,"Вещество, которым цивилизация ссыт на ваши темечки.  П.С. Я в Фб https://www.facebook.com/bezopasnyruteni/"
clean_air_planet,channel,Планета с чистым воздухом,24,"Этот канал – инструмент сбора полезной информации прежде всего для людей, которым интересен чистый воздух и которые на практике что-то делают чтобы улучшить ситуацию."
gom_ir,channel,GOM | گُم,3912,• [گُم اینترتیمنت با افتخار تقدیم می‌کند!] • رو دیوار ملّت یادگاری بنویسین ملّت دوس دارن. • ما همه پیرو مکتبِ  #دیوار_نویسی_جرم_نیست  • جهت ارتباط با اکیپِ یاکوزا دیواری: 📩 - https://t.me/HarfinoBot?start=9da658d65ac144
koka20_07,channel,غَيـمه🌸☁.,174,كُلها لك خُذ ما شئتَ وأترك لـِ دَعوه 🌸.
gollumsgems,channel,holder3,159,
waf7lee,channel,wa#le,193,living hell
gafforov_grm,channel,GRM,61,Allah is merciful...  @gafforovm_bot
victoryblzn13,channel,سَــطــر,80,قَد تَلمح التّعب بعيون الهواشم العَنيدتين  لكن لن تَرى الهزيمة أبداً ..🔥
galehome_hs,channel,𐔌— 𝘎𝘢𝘭𝘦 𝘏𝘰𝘶𝘴𝘦..❄️𐦯,46,— 𝘕𝘦𝘷𝘦𝘳 𝘵𝘰 𝘰𝘭𝘥 𝘵𝘰 𝘣𝘦 𝘢 𝘣𝘪𝘵 𝘣𝘰𝘭𝘥! 🫐
my_forest_shop,channel,🏡: записки из леса,235,оффтоп-контент админов forest 집  ・ филиал шопа для манхв: https://t.me/your_forest_shop ・ буст: https://t.me/boost/my_forest_shop
forestknight,group,Forest Knight,2054,"Official Telegram Group of Forest Knight, a Turn Based Strategy Game for Mobile powered by Blockchain. Check out our early access version on Google Play store.  This is the official announcment channel https://t.me/ForestKnightInsights"
sea_forest,channel,Ресторан Sea Forest,115,"Ресторан Sea Forest, расположенный в центре яхтенного порта Смоленка, - новый морской мотив в гастрономической культуре северной столицы.  +7 (812) 240 18 82 sea-forest.ru Санкт-Петербург, пр. Крузенштерна 18, Яхт Клуб Смоленка Ежедневно с 11:00 до 22:00"
rpsc_forest,channel,Rajasthan 🌱 Forest 2026,237,A dedicated group for RPSC ACF/RFO Exam 2025
hope_viva1,channel,𝙑𝙞𝙫𝙖 𝙇𝙖 𝙑𝙞𝙙𝙖🍷,1410,شروعمون 𝟣𝟦𝟢𝟤/𝟣𝟢/𝟤𝟧  لینک ناشناسمون: t.me/HidenChat_Bot?start=7288055224
isabel_vileya,channel,Isabel Vileya,824,"Noticias, Opinión y Análisis"
vileia,channel,Коморка тривожниці,39,
vladasjewellery,channel,Vlada’s jewellery,336,Канал про ювелирное искусство. Пишите мне @vlada_diakova
vilby,channel,VILBy,274,cs player  По всем вопросам - @mntaffect
vilex_lol,channel,Vilex news,161,ТТ:pusheen_yappy Тут будут нарезки/запросы/стикеры/аватарки/эдиты/и т.д Рады каждому новому подписчику💕
vladaschnl,channel,vlada's,41,помогаю брендам с уникальными и креативными решениями  сайт - https://vladasportfolio.tilda.ws/ написать мне @vladassz inst - vladas.z
felidaeme,channel,Felidae,100,а что если вселенная бесконечна?
greenteeeeea,channel,Gren teа🍵 каракули от вилки,87,"Приветствую Я тут рисую всякое, по самым разным фандомам, ну и в основном тут мои оски МХХХ Добро пожаловать"
vladkal3ndyla,channel,ввлаD_Kal3ндула,38,П3Р3ЗАНРУЗКА
milvadacha,channel,—°𑀥ꤌપӄꤌ 𐌑ꤣ𐌻𑀨🕊️°— (рест),94,"Когда идей нету: Яриичин в шкафу сидит, Саё весеннее обострение ищет, Саша в дуб свистит, Юкико на потолке лежит бухая, и только Миль сидит зажавшись в уголке, сидит и наблюдает  #АвторЮкико"
vilda_1958,channel,​⊹˚. ꪀ᥆ᥴtі᥉~᥎іrtᥙtᥱ ⊹ 🦄🫧,111,𓂃𓍯𝒘𝒆𝒍𝒄𝒐𝒎𝒆 𝒕𝒐 𝒎𝒚 𝒍𝒊𝒕𝒕𝒍𝒆 𝒘𝒐𝒓𝒍𝒅૮⸝⸝ᴗ͈ ‸ ᴗ͈⸝⸝ა ₊˚⊹ 𔔀 ☓ 𓈒 𝒈𝒊𝒓𝒍𝒔 𝒐𝒏𝒍𝒚``𝒊𝒏𝒇𝒋``¹²/² ٌِ💜  𓂃 .      𓊔 ֯ ֪  𖥦 𓊔 ֯ ֪ 𖥦 𓊔 ֯ ֪ 𖥦 𓊔 ֯ ֪𖥦 𓊔
verey23,channel,VEREY 23,34,
arierra72,group,Ариерра,83,"Делимся секретами быстрой, безопасной и ЭФФЕКТИВНОЙ УБОРКИ 💯  Заказать  профессиональные средства уборки: 👉 http://www.shop.arierra.ru/  Ариерра - официальный дистрибьютор компаний Vileda Professional и DR.SCHNELL . Цены ниже чем на Ozon и Wildberris 👍"
ecoklgd,channel,ЭкоКёниг | Калининград экологичный,1529,"🌱 Канал экопросветительского проекта ЭкоКёниг. Эконовости Калининграда, экологичный образ жизни, сортировка отходов, изменения климата, советы по реюзу - всё тут!  Общение в Экочате @ecorazchat, бот-помощник @ecoklgd_bot Наш ВК: https://vk.com/ecoklgd"
kvant61,channel,КВАНТОРИУМ СОШ 61🔬,202,
kiripostkhmer,channel,Kiripost Khmer,863,ព័ត៌មាន» កម្ពុជា សេដ្ឋកិច្ច បច្ចេកវិទ្យា kiripostkhmer.com Kiripost English: @kiripostmedia
kaliningradtram,channel,Калининградский трамвай,300,"Прошлое, настоящее и немножко будущее калининградского трамвая  По всем вопросам взаимодействия (идеи, замечания, новые материалы, фотографии и т.д.) - @tensor_zsr  Группа для обсуждения - @kgd_tram_team"
find_podkhod,channel,Найти подход! Анонсы,364,На наших встречах вы можете:  • узнать больше о психологических подходах • найти себе психолога/супервизора • выбрать направление обучения  📍Москва | онлайн  ✍️ @perelzweig
klintour,channel,"Туры, отели - клин.тур (klin.tour)",256,"ТурАгентство ‘Всё включено’ • На канале туры из Мск • Онлайн ✅ Туры, трансферы, экскурсии, тур. страховки. И только качественные отели ✅  +7 926 677 10 68  •  Контакты, соц. сети и др.:  taplink.cc/klin.tour 💛 14 лет с заботой о вашем отдыхе •  Офис Клин"
klint_klintone,channel,Клинт Клинтон,165,За пригоршню долларов...
argo_centr39,channel,АРГО Калининград,161,"АРГО🌿Калининград  🚩ул. Степана Разина, д. 20, офис 101 (5 минут от ЦПКиО) ☎️ +7 (4012) 760-600 / +7 (911) 865-17-00"
khntusg,channel,My University 🌐,27,KHNTUSG
tokremodt,channel,tearsz(слёзки) (мод на айфон/ютуб ) Новый сертификат на тик ток (айфон и андроид),11825,"✨Новости про IOS, IPHONE, как установить приложения к которым ограничили доступ для владельцев айфонов!  💀Главный/покупка - @lunyawa0 🤯Канал с отзывами - https://t.me/+TPAJihrQhDE1Y2Fi 📨Реклама/Сотрудничество - @lunyawa0"
hellodoc_work,group,"Hello, Doc!",3958,
renommeeshop,channel,Renommée,2709,"Renommée - это репутация То, что ты носишь-твоя репутация.  По всем вопросам писать менеджеру: @renommee_manager"
discon_erwin_eman,channel,DISCONT ERWIN EMAN,3908,Возврата и обмена нет
kingtheman,group,◼️킹스맨 골드◼️홍보방,2386,Blue Ocean View @KBOEU  링크 모음 @blueocean_com
kmsell_store,channel,KM store Sell / Buy 🇰🇭,1065,Welcome to Channel KM store sell / Buy🇰🇭  ទទួលទិញនឹងលក់ Admin @Butter_fly123 Contact : @Kaa_kaa42  Contact : @Thonaathegod1  Channel របស់យើងមានទំនុកចិត្តដល់អតិថិជនទាំងអស់គ្នា🙏🏻🤍 Page FB : https://www.facebook.com/share/1HZdxf9hXr/?mibextid=wwXIfr
keralafireman,channel,KERALA PSC FIREMAN/FIREWOMEN CLASSES,1153,For +2 level uniform exams   You can share mock questions to any group or channels
kema_grce,channel,𝐺𝑦𝑝𝑠𝑦 𝑅𝑜𝑠𝑒 𝐿𝑒𝑒,101,Комеля 20 годиков. ✨ Касплеер ✨
kemakulist,group,Kemaku Спб • Черный список,655,"Приветствую 👋  Здесь вы можете проверить репутацию диспетчера/соискателя    Весь материал фильтруется, старайтесь избегать конфликтов и оскорблений"
clinica_izhmedgroup,channel,Клиника Ижмедгрупп,150,"Клиника «ИжМедГрупп» - многопрофильное частное медицинское учреждение.  В нашей Клинике Вы сможете проконсультироваться и получить комплексный подход к лечению по следующим направлениям: терапия, неврология, ЛФК, гинекология, физиотерапия."
evoprof,channel,ЭВОПРОФ,113,"EVOPROF — партнёр, который помогает специалистам расти быстрее и увереннее🌱  У нас официальные бренды, обучения от практиков и поддержка для врачей и клиник🫂  Оставайтесь, чтобы быть в топе, работать безопасно и привлекать сильных клиентов🙌🏼"
medcosmet_school,channel,МедКосмет_обучение,109,"💜Центр проф.косметологии 💥Семинары, курсы, вебинары для косметологов 📞по всем ❓️+79643907113"
profplast,channel,Prof-Plast,13,Всё об окнах и дверях  ИП БАЛОНКИН ЭДУАРД ВЛАДИМИРОВИЧ г.Ростов -на-Дону Индекс 344065 пер.Дубравный 10/96 т.88632296547 Эл.почта prof.plast@mail.ru ИНН 616600819204 ОГРН 304616622500030 Дата регистрации 11.02.1999г
profilist1991,channel,PROFILIST,2,PROFİLİST  Rolling Shutter & Door Systems  Fatih Mah. Atatürk Cad. Cerrah Sokak No: 1. Sultanbeyli /İSTANBUL Tel: +90 216 496 32 82    Fax: +90 216 496 05 58 Email: info@profilist.com.tr Web: www.profilist.com.tr
santorins,channel,SantorinS - клининг,4,"Клининг в Краснодаре. Уборка офисов, квартир, домов, коттеджей."
yuckycarts,channel,Невкусные картриджи: о Nintendo вслух,5790,"На канале «Невкусные картриджи» мы пишем о всём самом интересном из мира Nintendo, а также анонсируем наши подкасты и стримы.  У нас есть чат: https://t.me/xyabclub Наш сайт: https://yuckycarts.ru/  Есть предложение? Пишите @epicrive."
celvit_rus,channel,Селвит. Сырье и материалы для производств.,200,"Селвит-фильтрующие и вспомогательные материалы,  надёжные решения для пищевой и химической промышленности:  -Разбираем реальные кейсы и эксперименты с материалами. -Делимся ценными файлами, лайфхаками и отраслевыми новостями.  👉🏻 Подробнее в закрепе! 👈"
xyabclub,group,Невкусные картриджи × XYAB,244,Уютный чат XYAB и подкаста «Невкусные картриджи». Наш сайт: https://yuckycarts.ru/  Правила чата: https://docs.google.com/document/d/1yeD5F0JuAX2q4Db88M0MuvaOa5G8jNXAz39MQ690jMM/edit
purchasecartridge,channel,Скупка картриджей,4,Покупаем новые оригинальные картриджи
gbasp_ru,channel,Gbasp.ru — о ретро-консолях,152,"Ретро-консоли, картриджи и аксессуары с живыми фотографиями. Famicom, NES, Game Boy и другое железо — из личной коллекции и архива gbasp.ru."
imprints_bot,bot,IMPRINTS - картриджи для принтера.,,"Подберем картриджи оригинальные или совместимые аналоги по низким ценам +7(921)940-5874,+7(495)664-54-37 www.imprints.ru"
iran_cartridge,channel,ایران کارتریج,11,🌍 iran-cartridge.ir مرکز عمده خرید و فروش کارتریج شیرآلات اهرمی
ecolaive,channel,Помощь бездомным животным в Дагестане,1216,"В Дагестане сложилась очень сложная ситуация с бездомными животными , которая усугубляется полным отсутствием культуры обращения с ними.В нашем приюте более 160 собак ,все они спасены с разных уголков Дагестана.Мы бескорыстно спасаем, лечим и пристраиваем"
ecolifeav,channel,Албегова/Эко_вФокусе,436,Публичный канал Аллы Албеговой
ecologyef,channel,Экология большого города,330,"Одно из ведущих в России конгрессно-выставочное мероприятие в области охраны окружающей среды, рационального природопользования, природоохранного оборудования, технологий и услуг. Сотрудничество: ay.tsikulina@expoforum.ru"
ecolux24,channel,СЕКРЕТ 🍀 ЗДОРОВЬЯ из МАЛАЙЗИИ 🍀,225,Предлагаю ВАШЕМУ вниманию продукцию из Малайзии  Оздоровление организма на клеточном уровне!  Связь и консультация со мной @ludmila1323 Ценность продукта дороже его стоимости!  Позвольте себе жить здорово!
ecolosa,channel,"Плетеные короба, корзины из Эко лозы Лоза дома",111,"Я Светлана t.me/SvelanaDecorzel  Плету изделия из бумажной лозы, короба для хранения, корзины, сумки и многое другое. Возможно изготовление заказ по вашим размерам, в любом цвете Так же делаю ватные игрушки https://t.me/decorzel"
tsummoscow,channel,TSUM Moscow,18343,"Канал о моде, красоте и всех секретах ЦУМа.  « Регистрация в РКН: https://www.gosuslugi.ru/snet/67b2f232747447211b62e44b »"
protivdtp,channel,БФ Фонд Против ДТП,452,"Помогаем пострадавшим в ДТП пройти медицинскую реабилитацию, получить психологическую и юридическую поддержку.   Помочь Фонду: www.protivdtp.ru/хочу-помочь  Мы ВК: vk.com/protivdtp Мы в ОК: ok.ru/fondprotiv"
protips1x2,channel,Today's Football Betting Tips,373,"Soccer Betting Predictions and Tips for Today  and the Weekend, accumulator Tips, and Best Free and Paid Predictions more than 140 Worldwide Leagues. Our site https://tips1x2.net/"
hotissuecd,channel,хат ішшю няу няу ❤️‍🔥,272,#анонімочка - відповідаємо на ваші запитання!!  https://linktr.ee/hotissue.cd
protivtck1,channel,Народ против ТЦК,234,
plluushki,channel,Plushki,681,Пухнасті брелоки з твоїм улюбленцем🐾 Зроблені з пухнастого дроту🫶🏻
mmmusse,channel,душа любви.,169,
poemsoborzenie,channel,*на всеобщее оборзение*,805,"Поэзия, мысли, рассказы. Мыльные пузыри слов. Скупая слеза. Нервный смех. Просто так.   18+  Автор: Maxim Sentyakov"
vkusniy_buket_tashkent,channel,ВКУСНЫЙ БУКЕТ /СЪЕДОБНЫЕ БУКЕТЫ,473,"❗️ПОДАРКИ ТАШКЕНТ ❗️МУЖСКИЕ БУКЕТЫ, НАБОРЫ ❗️СЛАДКИЕ БУКЕТЫ ❗️ФРУКТОВЫЕ БУКЕТЫ ❗️МЫЛЬНЫЕ РОЗЫ ❗️ДОСТАВКА ПО ТАШКЕНТУ Для заказа @anastasiyaazoloto23 Instagram: vkuskiy_buket_tashkent"
melovestolica,channel,melove Чита | ТЦ Столица,300,"Сеть магазинов женской одежды melove   melove в VK - https://vk.com/melovebrand  Связаться в Telegram:  @melovebrand_bot  Адреса магазинов в Иркутске, Хомутово, Чите: https://t.me/melovebrand/1871  MAX melove Чита https://max.ru/join/UxrCQtK00smMI7WgsAedn"
shallows_shop,channel,SHALLOWS,390,"• Надевая SHALLOWS — переключай и усиливай состояния • Собственное производство  • Представлены в 5 городах России, Казахстане и онлайн: https://shallows.shop  По всем вопросам обращаться @SHALLOWS_you"
albina_mira2022,channel,Мюсли 🧿 🪬,183,Мяу
mvb_for_moms,channel,MVB-стильная одежда для мам,121,Новый взгляд на одежду для кормления и беременных✨ Доставка во все города Беларуси и России Наш сайт: mvb.by Наш Инстаграм: https://www.instagram.com/mvb.for.moms?igsh=MXVtbmR6ajE1ZGFjaQ==
silkmelody,channel,Шёлковая мелодия авторская вышивка. Дизайнер-Екатерина Зотова @embroidery13,189,Аксессуары  с ручной вышивкой @silkmelody
molokolane,channel,молочный переулок,90,
alena_buket_tg,channel,МЫЛЬНЫЕ РОЗЫ БУКЕТЫ ГМР КРАСНОДАР,186,"Я Алёна🌹 Создаю букеты из мыльных цветов. Краснодар  Ссылка для друзей: https://t.me/alena_buket_tg    Пишите мне t.me/alena_buket_krd На сообщения отвечаю только я, если вам пишет кто-то другой - это мошенники. #мыльныерозы #мыльныебукеты #цветы"
newsbumagogorsk,channel,Бумагогория News🗞️🌏 (Бумагогорск),4773,Бумажная жизнь 🌍 Добрые новости 💚  Сотрудничество: bumagogorsk@gmail.com
pepperkocmo,channel,🎀Бумажная косметика🕯️,261,"всем приветик,это канал с бумажной косметикой🫶🏻 влд: @minaailss заходи,здесь интерестно🎀 18.02.25🥥 цель на сегодня:380пд  цель:500 пд🍓 мечта:1000 пд🧸 пиар запрещён!!"
nushtoskaz,channel,nushtoskazat,427,@nushtuki
children_hospice,channel,Фонд «Бумажная птица»,634,Благотворительный фонд «Бумажная птица» помогает детям и молодым взрослым с тяжелыми неизлечимыми заболеваниями с 2003 года.   👉Помочь: https://хоспис.дети/how_to_help  ВК: https://vk.com/kidshospiceru
milkiwayyui,channel,☀️🦋бумажная косметика 🦋☀️,684,всем приветик!!👅 канал создам для развлекательных целях!🫧 пиар запрещен! наш официальный канал идей: https://t.me/nastyaaa_ideukibk  набор закрыт!  по всем вопросом 👇🏼 зам-@durk73 др канала 02.06.2023💋💗
bumaga_gallery,channel,Пространство БУМАГА,572,"Пространство БУМАГА - это центр творческой и культурной жизни в креативном кластере ""Электроточка""  Аренда пространства для лекций, мастер-классов, маркетов, творческих встреч  Для брони пиши @hranitel_bumagi _____ Омск, Маркса, 18/4"
femfleamarket,channel,Fem барахолка 🛒,530,Для публикации поста пишите в ботессу — https://t.me/femfleamarket_bot
butikmarykarat,channel,БУТИК MARY KARAT,197,💖Здесь вы можете приобрести сумочку и аксессуары 👜🪄 ручной работы для себя и своих близких💖
bumgrim,channel,Бумажная гримёрка,391,"Юлиана Богатова, актриса театра и практикующий психолог.  Пространство впечатлений, где говорят о книгах, кино, театре и психологии. Запись на консультацию - @yuliana_rich"
ksenialoza,channel,Бумажная лоза - Ксения,319,Плету интерьерные штучки из бумажной лозы.
zilanova_writer,channel,Марта Зиланова | Китежградский вестник,227,"писатель. Электронная буква 2023 за «роман взросления» за «В Китеже. Возвращение Кузара»  Мои книги: В Китеже. Возвращение Кузара - Литрес (обе части), бумажная на озон, вб  Школа святой Анны - релиз 2026!"
papersteetinc,channel,"Бар ""Бумажная улица""",160,"Если однажды свернуть не туда, можно попасть на Бумажную улицу. Авторские коктейли, настойки, события и жизнь бара — всё здесь. Бронирование столиков: +79812535999"
photozonedekor,channel,Бумажная флористика Оформление фотозон,158,Декор в бумажной флористике. Мастер-классы по созданию авторских интерьерных изделий.  Творческие уроки. г. Красноярск.  Сотрудничество  @ShevelevaFlowersDecor
pf_red_star,channel,"Филиал ""Бумажная фабрика ""Красная Звезда"" ОАО ""Светлогорский ЦКК""",104,"Официальный информационный канал филиала ""Бумажная фабрика ""Красная Звезда"" ОАО ""Светлогорский ЦКК""  📌 Наш сайт: https://1886red-star.by"
martpaper,channel,Мартовский Бумажник 📖,20,Развороты и любимые бумажные дела
letnniechtenie,channel,Летнее чтение,151,"📚первый театрально-литературный клуб в Краснодаре  🎭 читаем по ролям  🎁 бумажная книга в подарок, каждому участнику  ✔️после каждого прочтения обсуждение Основатель - @ellafom23"
mexschoolbridge,channel,MEXSCHOOL brand,327,"Бренд авторских изделий + пошив обуви на заказ в Москве Показываем, как рождаются идеи, продукты и бизнес   Индивидуальный заказ / перекрой / ремонт шуб — @mexschool Авторские изделия https://www.avito.ru/user/28f070acc9050187117fe770df"
meha_himki,channel,Ателье Анна Мария,239,"«Вещи ручной работы-роскошь, иметь их каждому не обязательно. Кто их хочет получить, либо платит мастеру за труд, либо делает их сам» Коко Шанель"
babicafur,channel,Babica_fur,1011,"Дарим меху вторую жизнь♻️ Винтажные мех в современном исполнении, наличие на сайте 👇 Принимаем на переделки шубы клиентов  Примерка в Мск и Спб📍  Инстаграмм https://instagram.com/babica_fur?igshid=YmMyMTA2M2Y=  Сайт https://babica.tilda.ws/"
ecomyecostudio,channel,ECO MY ECO Studio || ШУБЫ || ОДЕЖДА,440,ШУБЫ ПРЕМИУМ▪️ОДЕЖДА ▪️ХАБАРОВСК  ⚡️Шубы ИЗ искусственного меха ⚡️Тепло до -35* ⚡️Пошив на заказ  ⚡️Рассрочка 0% - роскошь в комфортном формате ⚡️НК СИТИ 4 этаж 406 бутик (в МЕХЕЮ)
magicmeha,channel,МАГИЯ МЕХА,60,Шубы Дубленки Косухи Пуховики онлайн подбор по вашим размерам.                                     Внушительный выбор от прямых поставщиков в Россию.
sibmeh,channel,Сибирские меха,117,Меховое ателье. Красноярск. Брянская 140 а  221-22-60
udachnyurozhai,channel,УДачный урожай🍇,13,"Добро пожаловать на канал «УДачный урожай»! 🌱  Здесь вы найдете всё о том, как превратить свой участок в настоящий райский уголок, полный свежих овощей, фруктов и зелени.  Мой садовый советник всегда на связи: @udachnyurozhai_bot."
vspashka,channel,"Пашем Пашино. Вспашка земли, обработка, подготовка почвы. Вспахать, перепахать - участок, дачу, огород. Новосибирск (НСК)",18,Мы умеем косить и пахать! Десятиетний опыт работ. Обработано более двух тысяч участков различной площади и сложности. Новосибирск. 🌐 t.me/blagoustroystvo 🌐 пашем-пашино.рф 🌐 vk.com/vspashuzemlu 📞 +79538680216
notes_on_the_path,channel,Yo'ldagi bitiklar | Javokhir Makhkamov,448,💬 Shaxsiy fikrlar va qarashlar 📚 Kitob tahlili 🎬 Kino taqriz  Murojaat uchun: @javokhir_makhkamov
yosyapir,channel,Ёся и Пирожки,165,"Тут мои «приходы))): инсайты, мысли, чувствования, идеи, состояния… Они приходят и приходят, как тесто поднимается, и я пеку из него «пирожки».  И угощаю всех, кому они по вкусу!    https://cultura-namereniya.ru Личные консультации. Записаться  @yosyapir"
vyazhisnamirf,channel,Пряжа в бобинах «Вяжи с нами»,1278,"Девушки приветствую вас на своём канале 🙋‍♀️ я Яна. Канал моего интернет-магазина Итальянской пряжи в бобинах. Пряжу отправляю по всей России Интернет магазин www.rykodeli.ru Москва, ул. Снайперская д.9а ☎️/Whotsapp +79684359855"
rabota_rybinsk76,channel,Работа Рыбинск,1311,Вакансии в Рыбинске Подать обявление можно в группе в ВК https://vk.com/rybinskrabota
silver_park_channel,channel,ЖК «Серебряный Парк»: канал УК,635,"Добро пожаловать в канал Управляющей компании! Здесь все важные новости вашего дома🏡    📍Офис УК: ул. Паршина, д. 10     График работы:     🗓ПН, ВТ, СР, ЧТ — с 9:00 до 18:00  🗓ПТ —  с 9:00 до 16:45  🥨Перерыв — с 13:00 до 13:45     📞8 (800) 550-40-44"
sozvezdieuk,channel,"ООО УК ""Идеальный дом ""Созвездие""",390,Управляющая компания в рп.им. Воровского
oksanakomarova,channel,Оксана Комарова PRO Возможности сетевого бизнеса.,258,"Бизнес с душой | Семья с любовью | Рост без перегрузки Пишу о главном — чтобы жить, а не выживать. Подробнее о бизнесе можно узнать в личке @Oksana_Komarovatop  Кросспостинг из МАХ  https://iimax.ru/KomarovaOksana"
avantajrabota,channel,АВАНТАЖ,85,Вакансии по Санкт-Петербургу и ЛО Телефон для связи. +7 931 220-86-19
ubirator_pro,channel,Upro: Учет. Выплаты. Отчетность.,34,"Следите за обновлениями системы Upro!  🌱 Новые функции и улучшения 🌱 Экспертные статьи 🌱 Актуальные изменения законодательства 🌱 Полезные советы по управлению процессами.  Подпишитесь, чтобы быть в курсе 🚀   https://ubirator.com/services/upro"
aboutgraborova,channel,graborova,86,
vbcfbsndb,channel,🇦🇽🥂,79,
unarirr_bot,bot,Анᴏнᴋᴀ юнᴀᴩи ᴧᴏᴧ,,
bintkitab_bot,bot,bint kitabga📚🐚,,@bintun_kitab kanali aloqa boti
breadivy_bot,bot,Булочки Айви🥯,,
a_bulgakova_bot,bot,Bulgakova,,
doctoryuzhakova_bot,bot,‎⁨Педиатр Алёна Южакова,,В этом боте вы можете купить доступ к курсу по прикорму детей
boiler_sinner_bot,bot,⸸ 𓈒 ִ۫ᴀнᴏниʍный ᴋᴏᴛᴇᴧ ִ ִ۫ ͜𝆤᳴,,
nigers_xx,group,продам негра,1,у меня душа болит
mindginn_bot,bot,анонкаа 👊🏻,,
boroda48_bot,bot,Изгой. Чужой дневник.,,
aoookooo_bot,bot,پشتیبان(2),,
andrey_zhizdra_bot,bot,Андрей Жиздра,,
dennygeneriski_bot,bot,RMA anon bot,,
hudojnik_vf_bot,bot,Художник по интерьерным светильникам ValentinFlowers,,
janfadayesichengbot,bot,🫧🪼,,
iii683_bot,bot,🪐,,
lavendee_bot,bot,Lavendee bubble🫧,,
divineeedi_bot,bot,Динь-Динь🧚🏼‍♀✨,,Ботик DiViNeee_Di
anonodyvanchika_bot,bot,Одуванчик anon,,
nahuqoidalari_01_bot,bot,Nahu_qoidalari,,
theoiaregreatbot,bot,🪷в ои великолепны,,
medovichok69_bot,bot,Medovichok69_bot,,
storebarangmurah,channel,Bonda Hipstore Dropship Murah,316,"Jom jana income dgn bonda 🤗 trusted seller since 2018..service tiptop, direct supplier & barang viral masa kini. Tiada rules yg menyusahkan.  Join - terus promote - cek stok - payment 🥳  Utk order & pertanyaan blh PT @analinda87"
fesunenkogames,channel,FESUNENKO GAMES,694,"Шмонаем инвентари героев с лутом, и решаем, кто достоин пройти. https://store.steampowered.com/app/1012870/Backpack_Inspector/  Автор: https://t.me/BoDy51"
arzontavar10,group,Sketka tavarlar💻📱🎧📻👩‍💻,50,Sketka tavarlar barchasi arzon narxda Sonii judayam kaaam. Tezroq yoziyla dastavka qib beramiz.
clemenru,channel,«КлеменТИНА» ювелирный дом 💎,1675,"""КлеменТИНА"" - это ювелирная история Севера!  - нам доверяют более 30 лет; - 16 салонов в 9 города Мурманской области; - уникальные коллекции собственного производства; - доставка по всей России от 5000 руб. БЕСПЛАТНО!  Наш сайт https://clemen1992.ru/"
klever_shop_tgn,channel,Клевер шоп Таганрог,259,"Магазин цветов, подарков                                и товаров аниме тематики.  Режим работы с 8-00 до 20-00  Адрес: Гоголевский 2-1, справа от входа в ТЦ «Ситицентр»"
night_under_clear_moon,channel,ЗАКРЫТ 𝓝.𝐢𝐠𝐡𝐭 𝐮𝐧𝐝𝐞𝐫 𝐜𝐥𝐞𝐚𝐫 𝐦𝐨𝐨𝐧 𖬺 牙 ۪ ㅤ ິ,176,⎯  . . 𝑣𝑙𝑑  // @Aifishkaa   星    ⎯  𝑖𝑛𝑓𝑜 // @night_under_clear_moon_info ::  𝑙𝑖𝑓𝑒 // @night_under_clear_moon_life ━━━━━━━━━━
clematiszakup,channel,Закуп,73,
alena_nvm,channel,Очи черные,261,
kdkvolga,channel,Кладовая Для Косметологов/КДК,189,"Кладовая Для Косметологов- официальный дистрибьютор профессиональной косметики. ♦️Сертифицированная продукция ♦️""Честный знак"" ♦️Доставка  ♦️Заказать и купить товары: Волгоград +79275101730 Астрахань  +79272821009 https://t.me/kosmogid"
rslpxrdyiajmytcy,channel,ФЕЯ Сервисный центр🧚,92,☎️89194351201 🤲 Услуги сиделок 💦Профессиональная уборка любой сложности 💦Аутсорсинг и регулярные уборки       Ссылка на RuTube канал                               https://rutube.ru/channel/41336225/
kristalny_mir13,channel,Кристальный мир,50,Клининговая компания г. Саранск
formulakrasoti39,channel,Формула Красоты Калининград,33,
mcdropship,channel,MASTIARA COLLECTION,465,GROUP PELBAGAI PAKAIAN FASHION TERKINI ! HARGA DI JAMINAN MURAH!   @Niza_collection SEMUA PERTANYAN DAN SUBMIT ORDER SILA WHATUP 0139310037 HARGA KAMI 100% DIRECT SPPLIER DI JAMIN MURAH DR YG LAIN❇️
motochat29,group,[ЧАТ] MOTARH,681,"Заглушить ⤴️ уведомления  💬 Чат мотолюбителей Архангельска и области  ®️ @ARHMOTO ❕Есть вопрос? Глянь @motarh_info 🤖 /bot ℹ️ Находясь в чате, Вы соглашаетесь с политикой чата. Почитать политику чата /policy. Незнание политики может привести к блокировке"
motorrika_piter,channel,Motorrika Санкт-Петербург,126,"Мотоэкипировка Spidi, Sidi, Nolan, PromoJeans, Arai, Klim, FXR. Мотоциклы Moto Morini. Квадроциклы Stels, Segway"
monetaruschat,group,@MoneTaRus,8,"Продажа и Покупка одежды, техники, аксессуаров и всего что можно продать!!! Админ @SatiraDiz По размещению информации!"
moggerra,channel,моггеры,6,
lafamily_shop,channel,Lafamily.ru,1909,"LaFamily — одежда, которая решает заботы родителей: удобная, стильная, надежная. Советы, скидки, новинки и образы для малышей!  Мы на WB: wildberries.ru/brands/1048445-lafamily  Мы на OZON: ozon.ru/t/pTCuzwG  Наш сайт: lafamily.ru"
nashe_eko_bunino,group,ЖК ЭКО Бунино,3118,"Данная группа строго для обсуждения проблем и решений ЖК ЭКО БУНИНО. Цель группы сделать жизнь в нашем жк удобной, безопасной и комфортной. Оскорбление или травля кого либо недопустима ни в какой форме. Реклама запрещена в любой форме."
alekssergienkoseo,channel,Александр Сергиенко | Про SEO для бизнеса,2532,"Поставлю сайты в ТОП Google от 1 недели по уникальной безопасной технологии ссылочного продвижения🚀  В канале - кейсы, советы и разбор ошибок бизнеса в SEO. Подписывайтесь👇  Кейс - х9 по трафику на сайте услуг - @AleksSergienkoSEO_bot  Связь @alex28serg"
catappsec,channel,Ко(д)тики и безопасность,512,Канал о безопасной разработке для программистов и не только.
gereevaalena,channel,Алёна Гереева про здоровье,2022,
yaelyra,channel,yaelyra,632,inst: int7ax тикток: elyra_k  в мафию и бункер играем в чате @elyrachay
irenartstory,channel,Iren_artstory,257,ИСКУССТВО БЕЗ ГРАНИЦ 🔸Рассказываю о жизни великих и знаменитых 🔸Знакомлю с историей создания шедевров искусства 🔸Вспоминаю забытые имена 🔸Публикую рассказы и стихи для настроения
arilova6446,channel,ARILOVA,220,
venera_aitova,channel,Венера Аитова,649,"Мои #рецепты вкусной жизни🤍 Здесь будет все то (и, надеюсь, все Те) что меня радует, удивляет и вдохновляет!"
whoisdarima,channel,дарима,326,buongiorno 🤍
serega_blogerr,channel,Serega_blogerr aka Serjiofaro,69,Мой блог обо всём на свете
ari_soml_life,channel,Арина бложка,144,"PR, лайфстайл и мысли вслух ❤️ Для связи — @ArinaGallyamova"
aura_arrich,channel,АURA✨пространство творчества,50,"💞С  любовью  приглашаю в мир талантливых и творческих людей разбавленное искусством, моими восхищениями и мыслями!"
jqiwbxb_18284,channel,аришка варишка,98,https://t.me/rumorcdt дээээб
elenakurella,channel,𝓔𝓵𝓮𝓷𝓪 𝓚𝓾𝓻𝓮𝓵𝓵𝓪,39,Поэзия и поэтический перевод
pisatelriri,channel,•Ари повествует•,77,доброго времени суток дорогой незнакомец я - Ариана Кривен. Пишу в жанре тёмное фэнтези/хоррор/триллер/детектив + млм или влв.•° поддержать донатом - 2200154548594281 на альфа банк 🫶🥹
yarsomea,channel,yara:33,55,
lixwxse,channel,ариана но не гранда,27,
feyakiev,group,Феи Киева (оригинал) | Чат Знакомств: Содержанки и Спонсоры,10838,"Официальный телеграм чат Феи Киева: знакомства, ескорт, содержанки и спонсоры. ⚠️ Осторожно, клоны! Вход только через тг @feyakiev 💸 Сотрудничество: @feyi_kieva_admin_bot"
bezd0mnyyefei,channel,Бездомные феи,3819,"໒꒰ྀི⸝⸝. .⸝⸝꒱ྀིა Солнце, хочешь больше фоточек? 🥵 Держи 👉🏻 t.me/+7K48Dav1DBliNWQy  🔥  [ I N F O ] VK: vk.com/bezdomnyyefei TG: Emoji & Stickers: @bezdomnyefei  ───✰─────────────── Manager - @cynthia777yyy"
gnqmdghzwl05ztqy,channel,Крымские феи - гуманитарная помощь,2643,Номер карты : 2200 0202 1323 7029 ( РНКБ) +7 (978) 706-29-14 (СБП) Савицкая Татьяна Сергеевна   Номер карты : 2202 2036 8172 7725 (СБЕР) Савицкий Олег Семенович
fairymariupol,channel,Феи Мариуполя,759,"Мастера ручной работы ТО Феи Мариуполя создают неповторимую атмосферу праздника эксклюзивными сувенирами и подарками ручной работы. Вы можете заказать работу, связавшись с мастером.  Чат https://t.me/chatfairymariupol По вопросам @kettiketket"
charles1703,channel,Charles James,1439,"Меня зовут Чарльз, а это мой маленький творческий блог, который населяют прекрасные феи. ⁺ он/его  ✨ https://t.me/boost/charles1703 📩 сотрудничество; @charles7ave charlesjamescosplay@gmail.com  я никого ни к чему не призываю, все сатира, шутка, сюр."
feyqss,channel,feyqs ︎,421,
calistolafay,channel,Сказки феи Калисто,409,"Кто сказал, что феи добрые? Но что действительно правда, это то, что они любят истории и с удовольствием их рассказывают! Наливай в чашку побольше шоколадного зелья и готовься слушать сказки, рассказанные по ту сторону небосвода!  Для связи 🧚: @KhrisAbol"
cvetokfeya,group,Цветочные феи,488,"Главное правило-уважать друг друга.Ссылки по согласованию.Все,что касается цветоводства - спец раздел.Также тут наш каталог ковки.Вопросы по ковке/заказы/ответы-спец раздел.Большая просьба-в разделах с ковкой не вести беседы, потеряются наши работы."
codexfey,channel,Кодекс Феи,458,Будни и праздники бизнес-консультанта в работе со стоматологиями.   Выращиваю оборот до 4 млн с кресла путем проб и ошибок. Про это и пишу)  Сотрудничество @ekrivova  Отзывы https://t.me/+-vcZ2kktZIFlYTA6
archiveofmagic,channel,archive of magic,435,сборник ау по enhypen и &team от феи анонимка – @archiveofmagic_bot
ganorskayaa,channel,"катя, фея рилс :3",809,"Привет! Это дневник феи рилс: события, мысли, съемки, мечты и музыка  • Чудеснейший инст, “portfolio” моего творчества: https://www.instagram.com/ganorskayaa?igsh=eGRmOXphbzRpNzIw&utm_source=qr  • Ютуб был, сплыл:  https://youtube.com/@ganorskayaa?si=SQ"
feyfly,channel,f e y,43,"меня зовут фэй (или фея), а это моя сборная солянка скетчей и всего подряд добро пожаловать 🐱"
carronelle,channel,🔒 кэрронель ㅎㅎ,249,место для настоящей феи 🗯️
eviemoonpie,channel,𝓮𝓿𝓲𝓮'𝓼 𝓮𝓷𝓬𝓱𝓪𝓷𝓽𝓮𝓭 𝓬𝓵𝓸𝓼𝓮𝓽 ۶ৎ,435,⋅˚₊‧ ୨ 𝓪 𝓼𝓽𝔂𝓵𝓲𝓼𝓽'𝓼 𝓳𝓸𝓾𝓻𝓷𝓮𝔂  ୧ ‧₊˚ ⋅  добро пожаловать в обитель феи элегантных чар! ✨💕  https://www.tiktok.com/@eviemoonpie?_t=ZP-8y4XVThvDMF&_r=1
vademistry100b,channel,Вадим Едемский I Химия ОГЭ и ЕГЭ I 100балльный репетитор,28489,"9 лет готовлю к ОГЭ и ЕГЭ по химии с любого уровня знаний! 97% моих учеников сдают ОГЭ на 4 и 5, а средний балл учеников к концу 10 класса – 75,5  Записаться на годовые курсы для 9 и 10 класса: clck.ru/3Tisd7  РКН: clck.ru/3FTL3M А+"
megashikgrozny,channel,MEGASHIK95,11041,"Добро пожаловать в Наш островок красоты💜  У нас вы можете найти практически все мировые бренды 🙆🏻‍♀️  Уходовую,декоративную,а так же детскую косметику, Парфюмерию,Аксессуары,Быт.химию и много другое.😍😍😍  По самым доступным ценам 💸"
repich_kursy,group,Курсы по химии | Репич,467,"Привет, я Репич – биотехнолог и репетитор по химии ✌️  🧬 Канал: [ t.me/repich_tg ]  📩 Общий чат: [ t.me/+JLEwltEJ9MM1NmJi ]"
chemnucleophile,channel,Нуклеофил у доски,400,Канал про химию и не только...
abitur_chem_msu,channel,Сдаю химию в МГУ,426,Канал подготовительных курсов Химического факультета МГУ имени М.В. Ломоносова  Контакты: shux@chem.msu.ru @camertus
ubernames,channel,Имена водителей Uber,213,
hkuber,channel,Uber救護車,8919,
abujauberbolt,group,Abuja UBER/BOLT Partners,347,"This Telegram Group is for mature minded Partners & Drivers in Abuja metropolis using UBER, BOLT, OGA-TAXI etc, no insult, no scam links/adverts, advertise ur e-hailing business only."
uber_basilevich,channel,Базилевич🐜Граніт КрінЖ2,668,Чат https://t.me/ArthropodChat Ютуб https://youtube.com/@bazileus ТикТик https://www.tiktok.com/@basilevichjesus?_t=8mpooKpgWF3&_r=1 Інста https://www.instagram.com/yaroslav_basileos  Публікації https://www.researchgate.net/profile/Yaroslav-Sydorenko-2
ubexai,group,Ubex,1637,Artificial Intelligence in Advertising  Official telegram group - t.me/UbexAI  Telegram channel - t.me/UbexNews
seblerrr,channel,Seblerrr,1473,"Честно показываю работу в такси, деньги, смены и попытку изменить свою жизнь."
taxichat_by,group,Такси комьюнити Беларусь🇧🇾. Яндекс/Uber,2949,"Снимаю ролики на YouTube канал📸 ""Влад Дымович"" Правила группы: 🔻Отсутствие флуда и сообщений не по делу. 🔻Уважительное отношение друг к другу в переписках. 🔻Запрещена реклама любого характера. 🔻Запрещены обсуждения на политические темы."
tgcprost_yber,channel,Архив pRost_Yber,3833,Day R Online: https://t.me/dayr_old_online  Atomic World: https://t.me/awAtomicWorld
bogatuitaksist,channel,Богатый Таксист 🇺🇦 в Калгари 🍁,378,"Всем привет 👋 на моём канале я буду показывать скрины работы , новости в такси , аренда , работа и многое другое 😉"
karcher_sale_ru,channel,Karcher Электродом,1838,ООО Электродом  официальный дистрибьютер   taplink.cc/karcher_sale
rdtec_karcher,channel,RDTEC-KARCHER,53,Официальный торговый и сервисный представитель немецкого концерна Kärcher в России.
karchagdere,channel,"Администрация сельского поселения ""сельсовет Карчагский""",287,Официальный новостной канал Карчагского сельского поселения.
bs_searcher,channel,BS Searcher Channel,244,"👋 Привет, здесь мы публикуем новости о нашем боте @bs_searcher_bot ⚡  💵 Приобрести рекламу: @ads_price_bss"
mioki_kacher,channel,⋆. 𐙚˚࿔ ⲙιꪮkι’᥉ hēᥣρ 𝜗𝜚˚⋆,34,
broilercage,channel,🐓🐔 NAGARAJA 🐔 CHICKEN CAGE 🐔 MANUFACTURER 🐓 ERODE 🐓,87,Silver Coating Broiler Cages & Chicken Loading Box Manufacturer..   Low cost - High Quality  - Long Life.. Any Size - Any Time - Any Where..  call or Whatsapp: 9443127040.  சில்வர் கோட்டிங் செய்யப்பட்ட கோழிப்பெட்டிகள் தயார் செய்யும் ஒரே நிறுவனம்..
hutui1bot,bot,极搜互推,13740,
l_osev,channel,"Лосев, сфоткай",565,От концертного хаоса до студийного порядка в кадре.  По всем вопросам: @losev
cjiabka_stream,channel,cjiabka,718,Ярослав. 2D/3D CG Генералист-фрилансер. Канал представляет собой коллекцию импульсивных проявлений меня в сети. Никакого порядка или конкретной темы.   instagram.com/cjiabka behance.net/cjiabka
box_and_me,channel,Органайзеры|Мастерская идеального порядка,429,"Органайзеры и вставки в ящик  для гардеробных и шкафов. МДФ, мебельный микровелюр. Индивидуально и на заказ. Сотрудничаем с мебельными проиводителями и дизайнерами интерьеров. Подробно  t.me/box_and_me/30"
cofe_and_star,channel,"Кофе, звëзды и Я 🌸✨",113,
probrovika,channel,talking 🗣️,207,сос мыслом
houseofbreadlife,channel,Жизнь Дом Хлеба🔥🍞🤍,214,Здесь можно поближе познакомиться с жизнью нашей молодёжи
agniaiswho,channel,agniaiswho,144,
prituuginaaa,channel,prituginaaa🫶🏻,99,несколько дней из жизни К.Н Притугиной😶‍🌫️
panelka3000,channel,татарча,115,
yurvinogradov,channel,Yurvin,51,"О стартах, беге и семье"
mrs_mari8,channel,mrs Mari,62,
ulika04,channel,юлик👅,77,тт: @allis0_mm инст: allis0_mm
dancelikenoone,channel,Marisha,56,
lzubrovich,channel,luisianna,64,
come_with_forest,channel,let's say (!),23,А
anyutikk1810,channel,Эколог в платье🌸,9,~творю и вытвАряю😮‍💨💅🏻
ignatovwalk,channel,Павел Игнатов | Видео & Reels,3,Проходки & cinematic reels Вы выглядите дорого в моих видео Запись на съемку @jellyjayson
chat_melitopol_ru,group,Барахолка Токмак Мелитополь Михайловка Акимовка Кирилловка Объявления Авторынок Недвижимость,7525,Правила https://telegra.ph/Pravila-gruppy-01-19-9 По рекламе @MoiFeniks Прайс https://t.me/+eBe4P_Jud1syMTIy
tubeworlds,channel,Tubeworld | YouTube Биржа,577,Объявления размещаются бесплатно.  Опубликовать объявление: @ythub_bot  Для связи и по рекламе: @YTHub_manager  Наш общий чатик: @zarabotokyt
torkag,channel,Demokrat,31,@Arkhlanos_bot
mariapovologina,channel,Реклама,31,"Канал https://t.me/mpovologina  Перед покупкой, просьба ознакомиться со всеми правилами ☺️"
podrugi_yo,group,Подруги в Йошкар-Оле от Софи. Женский клуб. Марий Эл,18,"Тёплое комьюнити ярких и интересных девушек Йошкар-Олы. Знакомства, чат поддержки и поиск подруг на совместные мероприятия 💋  Администратор @chernovasophia  Чебоксары @soulmates_community Казань @podrugi_kzn"
popytka_npr_bot,bot,П о п у т к а Н П Р,,"Для поездок между районами: Норильск, Талнах, Оганер, Кайеркан, Алыкель и Дудинка! @poputkanpr_channel (канал)"
t0var,channel,🇺🇦ToVaR🇺🇦,1,
topturova_bot,bot,TopTurov - подбор туров,,"Подбираю туры 24/7 — быстро и удобно ✈️🛫🕐 Учитываю вкус, бюджет и пожелания ☁️"
poricay,channel,тихое сердце,21913,реклама: @recserdce связь: @sodby  канал и его владелец категорически против терроризма и экстремизма!
zak_poryadok,channel,Зак. Порядок дорого стоит,300,"Честно про девелопмент, бизнес, управление проектами.   Делюсь своей системой жизни, любовью к архитектуре, искусству, музыке"
porivay,channel,Мужские костюмы СПБ И МСК PORIVAY SUIT,833,"Навигация: https://taplink.cc/porivaysuit PORIVAY SUIT - это более 10 000 костюмов и смокингов по самой приятной цене в Москве и Санкт-Петербурге, любящие свою работу профессиональные стилисты, ателье при салоне и безупречный сервис."
novij_porjadok,channel,"Управляющая компания ""Новый Порядок""",89,"""Новый порядок"" качественные услуги по управлению и обслуживанию жилых домов и коммерческой недвижимости в Петрозаводске"
poriadochnyi_dom,channel,ПОРЯДОЧНЫЙ ДОМ 🎯 проект Надежды Калашниковой о порядке и планировании,501,"🔴 КАЛАШНИКОВА НАДЕЖДА   ""ПОРЯДОЧНЫЙ ДОМ""- экосистема  ⚪️порядок - инструмент планирования жизни  ⚪️дом -место силы ⚪️мечты -энергия ⚪️свечи/саше  - уют ⚪️автор -""Дневника порядочной женщины""/ карты ⚪️спикер/тьютор  Запросы в личные 👉 @poriadochnyidom"
materny_poryadok,channel,"Энциклопедия Русского мата, Хамелеон Матершинник!",116,"Вы когда-нибудь задумывались о том, насколько богат и разнообразен русский язык? Особенно когда дело касается мата! 🤔 Если да, то я с радостью представляю вам канал в Telegram «Энциклопедия Русского мата, Хамелеон матершинник»! 6ca810f1-50be-4"
champinio,channel,Шампіньйони,25038,
ogorooodoff,channel,"Дачные ""ДЕЛА""🌳",840,"Всё для тех, кто живёт душой на даче 🌿 🌱 Огород • 🌸 Ландшафт • 🧱 Строительство • 🍲 Рецепты 👉 Полезные советы, лайфхаки и вдохновение каждый день!  По вопросам сотрудничества: https://t.me/q123wer"
egopower,channel,EgoPower+,205,"Премиальный садовый аккумуляторный инструмент. Бренд N1 в Америке!  Один аккумулятор 56В для более, чем 80 моделей инструментов.  Подписывайтесь на канал! По вопросам приобретения и сотрудничества обращайтес"
acctoolsru,channel,Yarbo WORX Greenworks,367,www.acctools.ru  * Аккумуляторная садовая техника и инструмент.  * Профессиональная консультация и индивидуальный подход.  * Подбор техники для Ваших задач.  * Установка робота-газонокосилки под ключ.  t.me/acctoolsru?direct
mtrans1,channel,МЕХТРАНССЕРВИС,126,"Эффективная техника для сельского хозяйства, для связи с менеджерами @MEHTRANSSERVIS"
gcfactory,channel,Экология и не только от GCFactory,52,"Информационный канал об экологии, технологиях, бизнесе и жизни людей, работающих в разных сферах! Для B2B, B2C и B2G. Экология в современном бизнесе и нашей жизни. Канал компании Джи Си Фактом http://gcfactory.ru По вопросам сотрудничества @aafanasieva"
ecologypanther,channel,Зеленая пантера,67,Канал про битву за экологию и разумное потребление. Вскроем недостатки нашего индустриального общества - экологические катастрофы из-за природных и техногенных катаклизмов. Сохраним природу вместе. @Eco985bot для пожеланий.
shturman_18,channel,Штурман,10,Сервис Техника Запчасти
besedkatun,channel,Besedka 🇸🇦,255,youtube.com/Besedka
besedabx,group,Группа для Знакомства | Общалка,4333,Данный чат не нарушает правила Telegram  Правила @pravilasheptunov  • own @DEDAGAND  #ищудевушку #ищупарня #общение #чатик #беседа #ищудруга
besedkaumemyau,channel,✿ мемяу | mewowmm,1010,это не safe place :) директ @mewowm
kozavkedax,channel,littleButtongoat{🍇*🕸️},424,н0вая era козьих следов от копытц🗜️
avitologi_help,group,💭 Авитологи отвечают на вопросы,2913,"Помощь для Авито.  И для мега опытных и для новичков.  https://t.me/avitologi_help/5562  - если хотите пригласить людей в наше полезное сообщество, лучше давайте сразу эту ссылку на правила и полезные материалы"
avianvetnsk,channel,Ветеринар орнитолог | NSK,1364,"Хобби у меня такое, наблюдать за птицами. И не только наблюдать, но и фотографировать. А ещё я профессионально лечу птиц (Интерра Новосибирск ) Также являюсь волонтером Центра Реабилитации Хищных Птиц и членом Союза Охраны Птиц России"
avitologlmc,channel,Андрей Воробьев • Лайфхак Авитолога,768,Делаю клиентов для бизнесов Помогаю стать маркетологом в Авито Связь @spire_23 более 445 успешных проектов • 714000 лидов • YouTube - https://youtube.com/@drew_avitolog Отзывы - https://t.me/lmc_otzyv
avitologtrend,channel,Игорь Рахматуллин | Авитолог,914,"Авито - твой билет из найма  Профессия «Авитолог» с нуля: настройка объявлений,удалёнка,доход от 100К+ Показываю,как зарабатывать даже без опыта  🎁 Забери гайд+уроки - @avitologtrend_bot 🚀 Присоединяйся к курсу: avitologtrend.ru 📲 Связь: @igor_avitolog"
vokhidoffvet,channel,Vokhidoffvet🐄🐕🐈/vethelp,686,"Biz bilan qiziq boʼladi, ishoning!😉👨‍⚕️ Admin: @Vethelpuzbot Muhokama guruhi: @vethelp05"
avitolog_suetolog,channel,Авитолог суетолог 👻 Автор курса авитологов SuperТологи 🚀 Ирина Лебедева ✨,313,"Обо мне, моей работе и моей жизни в Турции) 🍑 ✨ Автор курса ""SuperТологи"" 🤪 Немедленно действующий авитолог)"
newvettech,channel,НьюВетТех – сеть многопрофильных ветклиник в Москве,2000,"Новые истории здоровья🐾  💜 Круглосуточно 💜 Доказательная ветеринария 💜 ИИ-ассистент MetaPets 💜 Услуги: от вакцинации до операции 💜 КТ, УЗИ, рентген, анализы, узкие специалисты  Сайт: https://clck.ru/3P8qLt  📍Москва, ул. Большая Серпуховская, 62к2"
aramdavidian,channel,ARAM DAVIDYAN D.D.C,275,"Главный врач Avroraclinic Профессор, хирург, имплантолог, пародонтолог, ортопед, ортодонт https://vk.com/aramdavidian"
avitolog_stas,channel,Стас | Жизнь Авитолога | Товарка,184,"👋Привет дорогой друг! Я Стас и мне 25 лет!   Я занимаюсь полноценно 3 года продвижением на Авито! 💰  Также занимаюсь товаркой с 0 🚀  Как Авитолог, делюсь правдой и фишками из своего опыта в сфере Avito! 🤝   Здесь не только о работе! ❤️  Лс: @sta_"
avitolog_avito07,channel,"Авито, ИИ и жизнь на удалёнке 🚀",107,"Запустим продажи на Авито с нуля за 5 дней🚀💥Устали сливать бюджет?На авансе списываются деньги в 0, толку нет?📈 Создаем объявления, которые кликают и покупают🚀Пишите-дам стратегию✍️Кейсы и отзывы http://proavitolog.ru Консультация👉@avitolog_anastasia"
naugorsky_avitolog,channel,Naugorsky | 🌎 Мир Авитолога,326,"Всем привет! 🤝  Меня зовут Игорь!  В этом канале я делюсь полезной информацией по продвижению на Авито, как это делаю я, какими фишками пользуюсь и не только!  Надеюсь многим буду полезен 👍  Подписывайтесь 🔔"
real_hyla,channel,"Эко-уборка с HYLA| Электросталь,Ногинск",21,"Чистый дом и свежий воздух- без фильтров, аллегенов и химии. Ваш дом- как курорт за сутки всего за 5000 рублей в аренду.  Привезу и заберу! Электросталь, Ногинск   Написать ✍️ @chaohaos Позвонить ☎️ +79652061183"
hylang,group,Hy,454,Hy is a wonderful dialect of Lisp that’s embedded in Python.  hylang.org
heilvilka,channel,vilka the diarrhea monstor🍴,502,🃏
yla_doyla,channel,ДЖОЛИ · Женская Сила,560,"Антикризисный проводник для женщин. Поднимаю через правду тела СО ДНА — в тяжелое время:  потери , ИЗМЕНЫ, РАЗВОДЫ  Мама 6 домашних дочерей · АНТИКРИЗИСНЫЙ ХИРУРГ 🦂 🔥ТЕБЕ СЮДА  : https://t.me/djoli_sila_bot"
hellaahh,channel,x0.HellA,349,Едм  Анонимки: http://t.me/voprosy?start=w4clf  yt: https://www.youtube.com/@x0_HellA  Я пою: https://t.me/imvianetwork   beats: https://t.me/HellAbeats19 loops: https://t.me/HellAloops19  pics: https://t.me/HellAoblozhki19
ekorazbor,channel,Гармония пространства,190,"Канал про удобный дом и экологичный быт.  Я - Элла, профессиональный организатор пространства. Помогаю людям, уставшим от хаоса, решить проблему беспорядка и создать дома оазис уюта.  Мои услуги: ekorazbor.taplink.ws Мск/МО  ✉️ @ecoella"
seghyla,channel,сигхайля,107,пути кудрявы неисповедимы (бля она ваще сука про че)
hyp3else13,channel,hyp3else,232,SZN  hltv.org/player/24922/hyp3else
zdes_byla_iskra,channel,SKAIR,205,Я: @skyrtg (всегда открыт по любым вопросам)  Всё что у меня есть: https://skair.carrd.co/
halyvaotgivi,channel,Халявный гива,143,
yavasnezvala,channel,делулу николаса🌾🥤,42,.
krylacrewtheone,channel,Повелитель климата,208,"Kryla Crew -  системы вентиляции, кондиционирования и увлажнения под ключ.  От проектирования до монтажа и гарантийного обслуживания - мы создадим идеальный микроклимат в вашем доме или офисе.  https://krylacrew.ru/  Тел.: +7 969 030-03-01"
ayla_senpai,channel,За кадром із Богинею Айлой|18+| Акторка озвучування та дубляжу| Диктор| Стрімер,155,"Хело, я актор озвучування і дубляжу, не питай скільки років я озвучую тому що впаду в депресію, правила дуже прості - любити і восхваляти Айлочку семпай, якщо цього не робиш, нашо ти тут?    Мій інстаґрам: @ayla.odd Мій ютуб: @ayla_senpai"
yla_k,channel,klubochek.yuliya,125,🧶Утепляю красиво спицами 🧶Вяжу на заказ и на наличие Отправляю свои изделия в любую точку страны
hila_antebi_school,channel,Иля Антеби - полезная кухня со вкусом,121,"Как экономить время и деньги на кухне, готовить еще вкуснее, разнообразнее и с пользой для здоровья.  Я проф.повар, кондитер + специалист по ПП -  https://www.instagram.com/vkusnoisrael  Подписывайтесь и читайте закрепленный пост Для связи - @Lilu_lilu12"
slady30,channel,slady,150,Связь- @slady24
ob_army_ua,channel,2 десантно-штурмовий батальйон 95 ОДШБр,953,Офіційний телеграм-канал!🇺🇦 2 десантно-штурмогово батальйону. 95 окремої десантно-штурмової Поліської бригади!  Instagram❗️ https://www.instagram.com/95ob.army.ua?igsh=MW42MG5qb2kzdXBrYg==
thevarangiansaxon,channel,The Varangian Saxon,206,
million_rose_shushary,channel,Million Rose,386,📍 Цветы со всего мира  🚘 Доставка по России   • Бадаевский 9:00 - 19:00 • Шаврова 9:00 - 21:00 • Штурманская 8:30 - 20:00 • Пилотов - 8:30-20:00
territoria_komanchei,channel,Территория Команчей,189,О войне и мире 😎  ☎️Для связи: @dmekb
frenchforthereich,channel,French soldiers in the III Reich,42,"Channel dedicated to the French volunteers in the SS and the Wehrmarcht  Purely historical channel, no support of hate, violence or illegal activities  https://www.instagram.com/frenchforthereich_archives?igsh=MTV0eXV2ZHkxdGV"
volksfrontslowenien,channel,Volksfront Slowenien,107,Part of: https://t.me/volksfrontnet
volksfrontwhiteruthenian,channel,Volksfront Weißruthenische,98,Part of: https://t.me/volksfrontnet
stepaniusgames,channel,StepaniuS,43,"Пытаюсь пройти игру Arma 3 на проекте:  «Серьезные игры на Тушино». Тут ты можешь увидеть разное. От неудач до интересных моментов миссий, от ""кривых рук"" до приятных ""случайных совпадений""."
nzrada,channel,Нестандартна Зрада,11,Коли всі кричать «перемога» — варто перевірити факти. Коли всі кричать «зрада» — варто подумати. Це і є Нестандартна зрада. Війна | Новини | Аналітика NZrada
diabet_market,channel,Diabet Market,2061,
stockmarkethindiofficial,channel,ShareMarketing.in,3075,
whalesmarketcm,group,Whales.market Community,3798,Decentralized Pre - Market for Pre - TGE allocations/ Airdropped tokens - First to Solana           🌐 Website: whales.market 📲 Discord: https://dsc.gg/whalesmarket 🐦 Twitter: twitter.com/WhalesMarket  📚 Docs: docs.whales.market/
globalmarketru,channel,Global Market отзывы️,585,Связаться с нами  globalmarketcom@yandex.ru Магазины: WB - https://www.wildberries.ru/seller/4310644  OZON - https://www.ozon.ru/seller/global-market-2470243/?miniapp=seller_2470243  ЯндексМаркет https://market.yandex.ru/store--glm?businessId=181135133
vvoskechat,group,ВВОСКЕ.РФ 🚗+🛍=🚗✨,1441,"📦Магазин автокосметики  📍г.Ростов-на-Дону, пр. Шолохова 11Е ✅Будни: 10:00-20:00 ✅Выходные: 10:00-18:00"
bitovaya_himiya_rf,channel,Поставщик бытовой химии | Опт | Розница,213,"Бытовая химия — Оптом и в розницу, самые выгодные цены, отправка по всей России!   Работаем с любыми объемами!  По всем вопросам: https://t.me/Griqor_001  89304444344 -Григор   89289514483-Григор"
romax72,channel,Romax®️ | бренд моющих средств🫧,75,"Romax® – производитель жидких моющих средств: гигиенической и автокосметики, бытовой и профессиональной химии. 📲 Заказ автокосметики: +7-912-394-22-23 📲 Заказ бытовой химии: +7-932-321-22-23 🔹9.00 - 17.00 (тюменское время) 🌐 romax72.ru"
ozon_shop_com_ua,channel,ozon.shop.com.ua,48,"Авто-товари, товари для детейлінгу, засоби для прибирання, інвентар для клінінгу"
wayautokomfort,channel,🔥Распродажа автотоваров/ АВТОкомфорт,26,Низкие цены по объетивным причинам.
pingo_ru,channel,PINGO,27,PINGO — это более 60 лет бесценного опыта в сфере производства автохимии и автокосметики и других чистящих и моющих средств
povsednevn0,channel,Антропология повседневности,2429,"Привет всем! Я Аня Гусейнова область моих интересов - социальная антропология, а, значит, человек и общество. В этом канале я буду делиться наблюдениями и мыслями о нашей повседневности. Всегда на связи здесь 🌿@annlevoni"
oiaoooahome,channel,oiaoooa home,4882,"🕯 эстетика дома и повседневности 🧺 путешествия 🤎 подборки, ремонт, уют и находки @oiaoooa"
lifestylemommyy,channel,Будни Изабеллы и Насти🤍,759,"Честный дневник мамы в декрете. Кризисы, уют, поиск себя, полезные подборки и обзоры.  Без глянца, зато по-настоящему✨  Для связи: @an_kv1"
slicy_spicy,channel,Slicy Spicy,617,Лекарство от приевшейся повседневности
elenaozerova_online,channel,Канал Елены Озеровой | смыслы и контент,326,Продюсер экспертов с непростым продуктом.  Помогаю превратить твою экспертность в продажи. Пиши в личку → @ozerovaev
elenkakadeewa290490,channel,Елена | Соло-мама Артема,427,"☆ ☆ ☆ ☆ ☆ ☆ ☆ ☆ ☆ ☆ ☆ ☆ ☆ ☆ ☆   Елена | соло-мама 🤍 📖 Читаю, чувствую, пишу стихи ☕ Кофе и тишина — моё место силы 🌀 Кудрявая и немного мечтательная ✨ Делюсь мыслями о жизни и любви          ☆ ☆ ☆ ☆ ☆ ☆ ☆ ☆ ☆ ☆ ☆ ☆ ☆ ☆   Связь со мной @elenkakadeewa"
gamburg_elenaa,channel,Гамбург - на связи,325,"Про жизнь кандидата медицинских наук , сотрудника охраны 6 разряда, любителя искусства.  Про безопасность иного формата , работу как часть жизни 🖤 Амбассадор Воронежского отделения Российского  детского фонда .   Амбассадор Кризисного Центра «Право голола"
elenalokostyle,channel,"ЕЛЕНА ЛОКО | СТИЛЬ, ВДОХНОВЕНИЕ",427,"С любовью и заботой к вашему стилю ❤️  Канал для тех, кому важно выглядеть стильно и современно.  Здесь много вдохновения, трендов, подборок, будни стилиста и афиши встреч.   Запись на консультацию, разбор гардероба и шопинг сюда @elenaloko"
school_elena_alexandrovna,channel,Школа развития с Еленой Александровной,25,
nens_elkina,channel,Психолог Анастасия Елькина,58,"Работаю, как корпоративный психолог  Консультирую онлайн в личной терапии и провожу групповые встречи по арт-терапии   Запись на прием по ссылке   docs.google.com/forms/d/e/1FAIpQLSfGc3mGH5TiSpP7fOWWcbjLvHl7mOpg6uG1P87qkzEhVCz-HQ/viewform"
elenakosheeva,channel,Егина Елена,27,"О себе и обо всем.  Делюсь редко, но когда это редко настает, оно всегда искренне и от души"
themathroomwithaleksandrina,channel,theMathRoom | Математика с Александриной,87,"Если есть вопрос, пиши @aleksandrina_egorova Если хочешь записаться на занятия, пиши @aleksandrina_egorova  «Математика вперед! Матриарх Алекс ведет»🧮"
eleonoravocal,channel,Eleonora 🎶🎙️🎶,94,"Вокал, косплей и заметки из жизни   https://www.tiktok.com/@eleonora_song  https://youtube.com/@eleonorabelovavocal  https://www.instagram.com/eleonora_belova_inst"
otzivi_schoolalex,channel,Отзывы и кейсы Александровой Елены,16,Как наши занятия помогают детям и облегчают жизнь всей семье 🙏 🙂  Помощь мамам школьников здесь https://t.me/schoolintell
elena_vlasova_design,channel,Elena_Vlasova_Design • РОСПИСЬ • ДЕКОР СТЕН • ПОДАРКИ,31,РОСПИСЬ • ДЕКОР СТЕН • ПОДАРКИ  ELENA VLASOVA DESIGN  👩🏼‍🎨 Художник с поэтической душой 🎨 Научу не бояться ярких красок 🏠 Украшу Ваш дом уникальным декором ❤ в каждой детали 🇷🇺 🚚 Доставка по всей России
review_of_the_work,channel,Впечатления и отзывы,22,Здесь только живые впечатления и отзывы о совместной работе с Еленой Агарковой.  Еще больше на канале https://t.me/PROsvet_Lena
vahasofoska,channel,SONYA,36,
numerologsuper,channel,ОТЗЫВЫ и КЕЙСЫ,11,МАСШТАБ ЛИЧНОСТИ  👉https://t.m/numerologinyaelena
otzivielenavladikina,channel,ОТЗЫВЫ Елена Владыкина,10,Отзывы после обучения о Елене Владыкиной https://t.me/scastlivavlubvi
elenajlonkina_channel,channel,Елена Желонкина | Настройки и сопровождение онлайн школ,9,"✅ Настройки , сопровождение и улучшение информационных продуктов. Эффективно применяю возможности платформы GetCourse для успешной работы проектов.  ✅ Настраиваю автоматический прием оплат ваших продуктов для улучшения вашего бизнеса."
belova_elena2,channel,Елена/ Менеджер по рекламе,2,"Продажа рекламы, рекламные подачи, закупка рекламы. Менеджер ◾ без ТЗ и ссылки не рассматриваю. Часы работы 8.00- 15.00 ( московское время)"
losevaelena_otziv,channel,ОТЗЫВЫ ElenaLoseva_pro,8,Сердечный маркетинг на 🍋🍋🍋 ➡️основной Канал https://t.me/ElenalosevaPro
otzyvylena,channel,Отзывы,5,
elenaegevnabot,bot,ElenaEGEvna,,
bonus_today,channel,Отзывы и кейсы Елены Королёвой,2,"Вдох, выдох. О здоровье, опорах, энергии и драйве жить! О глубине познания себя, улучшении своей жизни.   Отдельный канал отзывов за 15 лет работы есть также здесь https://instagram.com/bonus_today"
otzyvyelenawin,channel,📣 ОТЗЫВЫ ЕЛЕНЫ ВИН,4,Отзывы моих любимых учеников и друзей
capbanconfesshion,channel,Капибаны confession!! 🍵,2932,C.r: @fr3akee on Telegram.   Весна 13 — Твое нежное безумие.                   Брак с @anti_capiban
personalbrandforcareer,channel,Переход наличности • Надежда Кобина,10090,"О том, как сделать ваше имя инструментом влияния на бизнес, карьеру и жизнь. От тех, кто занимается этим каждый день.   ⭐️ блог Надежды Кобиной @nadiakobina из www.cosmos-4.ru — ТОП-50 PR-агентств рейтинга НР2К ☕️ обсудить PR-проект @hello_cosmos4"
brandstormmgimo,channel,BrandStorm МГИМО,330,Антиформальный и практико-ориентированный клуб-креативная мастерская кафедры РиСО факультета МЖ МГИМО - Исследуем бренд-коммуникации - Разрабатываем проекты по брендингу - Проводим встречи с профессионалами рынка Для связи: @Vavan_El_Albino
richbreed,channel,Rich Breed. Burov. Канал основателя компании. Крутые зоотовары,416,Федеральный бренд. Мировой рекордсмен. «Бренд года 2025». Первые в мире зоотовары с оживающей этикеткой. Старое имя бренда до 2023 - PerseiLine  Автор канала @aleksandrburov
shirokovablog,channel,Массаж и маркетинг | Анна Широкова,313,"Экономист, маркетолог, массажист с медобразованием. Руковожу студией ""Хороший массаж от ТЕМЕД "" @masep_ru в Москвк. Тут мои мысли об организации своего дела в массаже.  Написать мне личное сообщение: @shirokova_ann"
mybfbloknot,channel,Брендформанс блокнот,75,"Про диджитал-маркетинг: мои нерегулярные заметки о полезных инструментах, подходах и том, что показалось любопытным  Про брендформанс: как одновременно растить знание и продажи  Автор: Элина Павлова, Head of Brandformance Molinos, эксперт Яндекс Рекламы"
sochi_brand_acd,channel,БУДЬ БРЕНДОМ!,109,"Официальный канал медиа клуба «БУДЬ БРЕНДОМ»  🌟Помогаем экспертам, предпринимателям, руководителям бизнеса, политикам ГРАМОТНО упаковать личный медиа бренд или бренд бизнеса, повысить чек и доход."
brands_journal,channel,Вырос на плантации | Журнал про бренды,62,Журнал о бизнесе и брендах. Рассказываем про влияние брендинга на бизнес в цифрах и картинках.  Журнал: https://brand-plant.ru/brands_journal Связаться: @brandplantstudio
weaversbc,channel,Weavers Brand Consultancy,78,"Все, что вам не рассказывали родители о брендинге и дизайне. Новости, обзоры, кейсы, аналитика от экспертов брендингового агентства."
artonica_branding,channel,Артоника,73,Брендинговое и креативное агентство. Помогаем создавать и развивать бренды для успешной конкуренции на сложных рынках artonica.ru
stylehealthy,channel,ЗДОРОВЫЙ СТИЛЬ,64,"Жизнь глазами и чувствами. Новости  мира науки, lifestyle, немного fashion.  И много практической психологии.   Канал на YouTube https://youtube.com/@nikulinatanya_psy?si=fkW3v57vCbTzftfU  Связаться со мной ✔ @karamyta"
bongsru,channel,BONGS® магазин бонгов,40,По заказам писать @bongs_support 🛒 Магазин https://BONGS.RU 🧿 BONGS на OZON https://www.ozon.ru/seller/134473/  🫐 BONGS на WB https://www.wildberries.ru/seller/73088  Бренд уличной культуры BONGS® с 2004 года мейнстрим в индустрии курительных аксессуаров
brand8ing,channel,دیجیتال مارکتینگ برندبینگ,26,📣 آژانس دیجیتال مارکتینگ برندبینگ 🎯 اجرای تبلیغات گسترده در شبکه‌های اجتماعی ➖️➖️➖️ ✅️ معرفی و آرشیوِ تبلیغات: T.me/BRANDBiNG/88 ➖️➖️➖️ ✅️ مشاوره و رزروِ تبلیغات: T.me/m/w--Y9kBQYWRk  @SADEQMOKHTARi
brandokkset,channel,BRANDOKKSET Маркетинг и дизайн,17,"brandokkset.ru Мы в Макс: https://golnk.ru/Zw38J  Маркетинг и дизайн для вашего бренда.  Объединяя стратегию, маркетинг и дизайн мы разрабатываем:  ✓ платформу бренда ✓ фирменный стиль ✓ упаковку ✓ карточки товара ✓ нейминг и не только)  Присоединяйся!"
brendovaiaposuda,channel,Брендовая Посуда moscowluxuryshop,22,Магазин премиальной брендовой посуды ⚜️ ДЛЯ ЗАКАЗА ПИШИ ➡️  @ArtemPereverzev88  Наши магазины:  Женский: https://t.me/luxurymoscowshop Мужской: https://t.me/moscowluxuryshop Посуда: https://t.me/brendovaiaposuda Очки: https://t.me/glassesmoscowluxuryshop
merchburo_bot,bot,Merch Buro by Brandmatica,,Merch Buro by Brandmatica
biznesnorma,channel,Бизнес-Норма: Секреты успеха и стартап инсайты,,@se123p - сотрудничество
detailingbusiness,channel,Детальный бизнес,937,"Авторский канал о развитии автомоечного и детейлинг бизнеса. Передаю 18 лет опыта более 1000 клиентов в этой сфере.   Канал веду лично я, Володин Илья @nedetailerpro  Закрытый платный канал тут https://t.me/detailing_business_PRO_bot?start=177675"
kubok_sibiri2026,channel,«III кубок Сибири» чемпионат по депиляции г.Красноярск,88,04.04.2026 года Анкета участника и положение👇👇👇  https://docs.google.com/forms/d/e/1FAIpQLSdvpS07HaKR3DePXcB7CgJzLGd-BGw5FwOwBjXFpcHLS83NQQ/viewform?usp=preview
rtkbithim,channel,ООО Русская Торговая Компания - Гид по Бытовой Химии.,55,"Мы все хотим жить в чистом и уютном доме, но часто забываем о роли бытовой химии в поддержании этой чистоты. Наш канал создан для того, чтобы помочь вам разобраться в огромном мире моющих средств, пятновыводителей и освежителей воздуха."
cleandez,group,КлинДез - для рабочих вопросов,28,
tigranlikas,channel,Тигран Ликас,69,"Основатель IT - студии «Demark» и сервиса «Да, химчистка!»  tigranlikas.ru"
livingdew,channel,LIVING DEW,23,"Liwing Dew - натуральный уход за собой любимой, символ раннего утра, свежести и бодрости.  Пусть жизнь наполняется яркими красками! 💻 bergus24.ru/brands/living-dew/ 📞 8 (800) 500-79-85 📱 www.instagram.com/livingdew_cosmetics 📱 vk.com/livingdew"
cleancarekz,channel,CleanCare.kz Интернет-магазин,27,"📞 +7(701)748-55-33 ✅ https://cleancare.kz  🛒 Онлайн магазин товаров для дома и ухода. 🌟 Эксклюзивные скидки! 👌 Качественные товары от Vileda, Bella, Seni, Flo и дргих брендов. 🚚 Доставляем заказы по всему Казахстану!"
cleandream_bot,bot,DreamGroup Клининговая компания,,
remplanner_blog,channel,Remplanner студия дизайна🏠,3622,
repina_beautiful,channel,"Во-первых, это красиво",293,"О недвижимости и красоте от Алины Репиной: хоумстейджинг, продажи, покупки квартир и домов  Связь: @alina_inf"
mkdolimp22,channel,ℹ️ OLIMP22 | шлагбаум info,435,"Информационный канал жителей и собственников МКД Олимпийский 22 для обмена данными о статусе и порядке работы шлагбаумов на территории МКД. Работа канала ооеспечивается  ""Реновация шлагбаумов Олимпийский 22""."
mrhaus62,channel,Мистер Хаус,72,"Кирпич|Блок|Плитка|Кровля| Строительство и проектирование домов Рязань, Тула"
rcmm_ru,channel,Строительство.RU,190,Вcероссийский отраслевой #интернет_журнал «Строительство.RU» #строительство #реновация #соципотека #молодая_семья #новости #анонсы #события #метро_мцд_бкл
sfera_remont,channel,Сфера Ремонта,128,Премиальный ремонт в Москве: с помощью профессионального волшебства превращаем Ваши мечты в реальность💫   Запись на бесплатную консультацию👇 https://taplink.cc/sfera_remonta
remontgreenhouse,channel,РЕМОНТ КВАРТИР ГРИНХАУС,136,Комплексный ремонт в Новосибирске Контакты: https://t.me/greenhouse54  greenhouse-54.ru
kafshhraji,channel,تولیدی کفش حراجی,561,﴾﷽﴿  تولید و پخش کفش ارزان به قیمت تولید  ارسال به همه ایران و کشورهای همسایه  آدرس فروشگاه: تهران، بزرگراه چراغی، بعد از مترو شهرک شریعتی، کوچه پنجم، نبش کوچه نعیم آبادی، پلاک یک   برای ثبت سفارش⬅️ @sendshoes_admin   تماس : سید عقیل 09103333260
sparrowkicks,channel,SparrowKicks🐦,202,"Sparrow Kicks — премиальные копии люксовой обуви, одежды и аксессуаров. Nike, Gucci, Balenciaga, Prada — высшее качество"
surnin_nikitin,channel,Surnin&Nikitin,581,"Ижевская обувная мануфактура surnin-nikitin.ru Эксклюзивная обувь ручной работы по индивидуальным меркам  Кожаная обувь, которая никогда не стояла на полке!   ТРЦ Талисман, ул. Холмогорова 11, 2 этаж. +7(3412)57-60-14"
shoesnaya,channel,ШУЗНАЯ,305,Есть деньги - покупаю кроссовки. Нет денег - покупаю кроссовки.  По любым вопросам: @butovdmitry
djsaniixx,channel,саникс,104,инст: https://www.instagram.com/djsaniiixx?igsh=MXVqbDdjYWRiaXNoag%3D%3D&utm_source=qr
sakadylogistics,channel,Sakady logistics,45,
luxekicksru,channel,🛍LuxeKicks - Магазин премиальной обуви💎,9,"Модные кроссовки, которые вы не захотите поменять - только LuxeKicks!  По всем вопросам: @managerkickss  Отправки осуществляются в день заказа или на следующий.😉 Вы получаете именно то, что на фото❗️ Твой лучший выбор без переплат😱 Гарантия на товар🤝"
nanukks,channel,Наникс丰,3677,Начало канала: 19.02.2025  ⊹ 𖥔࣪ ｡˚⊹ 𖥔࣪ ｡˚ Тикток:nanukks_official Анон:https://t.me/anonnanukks Чат общения: https://t.me/nanukkschat3 ⊹ 𖥔࣪ ｡˚⊹ 𖥔࣪ ｡˚  ☆Что есть в тгк☆ ┗࿚╌𝆤╍𝆤 ↓  ↓ –Боты в с.аі/сhai/soe soul –Разборы  –Фотосессии –Фанфики –Интервью –Факт
sanikio2,channel,ᡣ𐭩 ྀ𐍃ᥲᥒiκio,260,༺♡༻Лс: @Sanikio ༺♡༻Анонимка: @Sanikio_bot Бусти для кмм: https://boosty.to/sanikio/donate
sraniks,channel,Дырный сраник,92,Всякое.
novaniks,channel,novaniks,355,"жизнь той, которая в школу ходит только по праздникам"
info_saniko,channel,ИНФО SANIKO 🔞,40,"Информация для заказчиков, актуальный прайс, ючи, донаты Мой единственный юз: @saniko_comms Остерегайтесь мошенников"
sanechkateam,channel,Санечек Тим,367,
sainzfam,channel,Sąinz,105,Официальный канал семьи Сайнс.
santbooks,channel,Библиотека Сант Мат,239,Сборник литературы традиции Сант Мат 📚  Основной канал: Океан учений Сантов @sant_sagar
soniks_artshouse,channel,Soniks arts 🌸☀️,214,"Комикс Твое обещание (инфа в анонсе) 🩵 Пилю контент по персам, кроме того... Крепкая мужская дружба, фанарты, ивенты и многое другое  ЛС @among_usarts_sonik 😼"
santekhniks,channel,Сантехника Акватория,95,💧 Телеграмм-Канал Сантехники АКВАТОРИЯ https://acvatoria.ru  🔺 Официальный дилер мировых брендов 🔺 Высококачественная сантехника на любой вкус  ☎️ Единый номер (МАХ): +7-982-383-26-06
sanirise,channel,Sani Rise,160,برای بدست اوردن دیسیپلین  https://t.me/HarfChatBot?start=058e50f75159
sanikekkk,channel,THIS IS SANEK,92,Здесь все обо мне  Для связи: @sanikekk
aniks_tornado,channel,Аникс - Доставка продуктов | Торнадо,156,"Торнадо — быстрая доставка продуктов из сети супермаркетов «АНИКС». 👉🏻Бесплатная доставка от 1690 рублей. 🚕 Алтайский край, Республика Алтай, Новосибирская обл."
tfaniks,channel,𝒯𝒶𝓃𝓎𝒶 ℱ𝒶𝓃𝓎𝒶💗,90,
ssalatikkk81,channel,Сонечка Салатик,71,"Штож, попробуем эти ваши каналы..."
sonchessz,channel,сончес,72,анонка: http://t.me/makakanonbot
salotos,channel,Salatik.com,33,🍎🍎
saixii1,channel,Саи,48,☀️
yaniks_99887,channel,Цифры|Матрица|Состояние,98,"⚡️Энергодиагностика за 20 мин  ✨Распакую твои скрытые блоки и потенциал 🫰🏻  ✨ У меня вы получите ответ, который идёт изнутри вас, но через вашу дату рождения  ❤️‍🔥"
srakanavognishchi,channel,срака на вогнищі,55,шизоліс тільки для бімбо дівчат   https://linktr.ee/sunri_s
wbw_ozon_1,channel,Online_Shoping,136,"🔥Эксклюзивные товары, акции и приятные цены‼️Заходи Выбирай‼️ По  вопросам рекламы    Админы   @MariZ333 @MarinaDmitrova @Vikki77v  👇Ссылка на канал"
mirininga,channel,Группа компаний «Чистомир» (Брянск),51,
tivingrup,channel,"TiVIN I Бытовая химия, которая работает",31,"🧴 TiVIN — бытовая химия для тех, кто любит результат и порядок. Формулы, которые работают быстро, эффективно и без лишнего.  https://vk.com/tivingrupp"
livisupermarket,channel,Livi Supermarket ®,12,@LiviSupermarket keng assortimentdagi mahsulotlarini taklif qiladi.   Instagram: Instagram.com/livisupermarket  Murojaat uchun Taplink.cc/mzline @BehruzUsmonov  @MZCompanies tomonidan kuchlantirilgan.
mki_pergama,channel,ПЕРГАМА / RED,515,
sharetypecho,channel,Typecho资源分享频道,473,Typecho博客建站的一切主题、插件、美化、友链、微信小程序等一切周边分享频道。
nvda_group,group,Nvda.ru group,790,"Тематика чата: Программа NVDA (Неполадки, как сделать, как настроить, перестало работать•), а также сопутствующие компоненты для NVDA, программы Windows используемых с NVDA.  Не тематическая инфа и реклама запрещена. Спамеры блокируются. Канал: @nvda_ru"
httpsskbodtkk_btlyjc6,channel,Зеленый рай,462,"💐Букеты (программа лояльности UDS) 🪴Комнатные цветы, сопутствующие товары (-25% по пятницам) 🚗 Бесплатная доставка по городу от 5000₽  https://t.me/httpsskbOdtkK_btlYjc6"
lekhaniiii,group,ಲೇಖನಿ.ಕಾಂ,6517,
souldroplets,channel,Droplets of my Soul ✨,889,Everything has Beauty
degensongiftschat,group,Degens on Gifts | Chat,288,
omigren,channel,MiGreN,1874,اینبار بشین دور هم یه چای بخوریم
beautyandcatss,channel,стадикэтс бьюти 💅🏻,1006,
pokachi_chat,group,ПОКАЧИ ᴼᶰᶫᶦᶰᵉ,981,"🔺Группа для общения жителей г. Покачи Объявление, новости, вопросы, советы, барахолка, реклама и т.д."
athondegen,group,ᖽATH on Degen Chain 🎩,180,
pointserc20,group,$POINTS,238,X - @PointsMemeCoin TG - @PointsErc20
solarfireflies666,group,💡Solar fireflies💡,52,Ⲃⲭⲟⲇ ⲥⲧⲣⲟⲅⲟ 16+
ontoken2,group,ON Chat,320,Stream the Future!
imarw,channel,الصراحة Idk.,79,No one is you and that is your superpower
generation_of_reliance,group,ᴨоᴋоᴧᴇниᴇ нᴀдᴇжды,359,"«Люди охотно верят тому, чему желают верить» - Гай Юлий Цезарь  Употребление ПАВ приводит к смерти.  По всем вопросам: @nobody5knows"
icoinbayen,group,Offici1,175,
dayoneton,channel,Day one | TON,194,"Каждый тон береги, как копейку 🙇‍♂️ ———————————————————————— по сотрудничеству писать @Universe_ty"
podpiskavzaimno24,group,ВЗАИМНЫЕ ПОДПИСКИ/РЕАКЦИИ,158,🌸чат для взаимного пиара  🧚🏻‍♀️Правила:  ❗️Пиарить можно всё ❗️Контент18+ -бан ❗️Маты-бан  Реклама-@nnnnnnnniktob
christina_home_textil,channel,CHRISTINA | Текстиль для дома,214,"🔹Готовые комплекты для сервировки стола 🔹 Салфетки и скатерти легкие в уходе, не боятся пятен 🔹 Сайт: https://christinahome.ru"
balintday,channel,"Балинтовская группа онлайн, супервизионная группа с 2 ведущими.",251,"Ведущие группы - врач-психотерапевт и психолог.  На двоих 35 лет опыта и более 1000 балинтгрупп.  Профилактика эм. выгорания, профессиональный рост, бережное обнаружение слепых пятен  Выдаём сертификаты о групп. супервизии.  Запись @sportpsymig"
pajeetaerc,group,$PAJEETA token,97,
energy_chat_1269917,group,Я☀️энергия - чат,71,
gemstone_chat,group,Gemstone chat,114,"@gems_stone ретродропы, NFT проекты, лендинги, фарм всего что приносит профит 💎"
cloud9bscfinanceasia,group,Momenteum NFT中文社区,64,
nivazendoee,channel,💭 zendoma 1142 /рест,112,"died in california . я не против того, что мои рисунки используют в качестве эдита/аватарки    лс: @ktzzaer"
zagorelye_pro,channel,ЗАГОРЕЛЫЕ • Моментальный загар,134,Сеть студий моментального загара  г. Москва (6 студий) г. Ставрополь (1 студия)  МОМЕНТАЛЬНЫЙ ЭКО-ЗАГАР: ▪️бронзовый оттенок кожи за 15 минут без разводов и пятен ▪️в любое время года ▪️результат до 7-14 дней ▪️безопасный экологичный состав
reyhan_apr136,channel,"""𝐑""",123,
theneptoon,group,The Neptoon,25,Добро пожаловать в группу Нептуна тут всегда всеми рады видеть  Правила этой группы не спамить Gif очень часто в меру а если аслушаетесь в заето отключаю разрешение на определённые качества  Хорошего вам всем дня
endermanpro228,channel,☀️я (ко/то)гда,99,мяумяум яум яумя мумяу  канал с математикой буу https://t.me/+OJ9CB3wH4cdjZDky
projectmagen,group,PROJECTMAGEN INTERNACIONAL,21,
himchistkagk,group,Профессиональная химчистка ГК 🛋,54,"Профессиональная химчистка мебели в Горячем Ключе! Избавлю от грязи, пятен🐾 и запаха 🐈"
ugolochek_azi,channel,||Уголочек Ази||,24,"Просто уголок, где буду выкладывать свои артики"
ekzortsist_chat,group,слушай экзорцист / концерты,222,основной канал: t.me/slushay_ekzortsist
hist_r,channel,history,187,
histpost,channel,Histposting,167,Наш тг канал с вашими любимыми мемами про историю!
listchist,channel,Чистый Лист,165,"Здесь наша команда ведёт дневник о создании «Чистого листа» — особенного пространства для стратегических сессий, поисков новых смыслов и идей.  Открытие — весной 2026.   Для связи — @clients_listchist"
hivecyberclub,channel,HIVE CYBER CLUB,112,"Hive | Компьютерный клуб ⌚️24/7 📍Москва, Тишинская площадь, 1с1, м. «Белорусская» RTX 3060/70  📞 +7 (495) 980-10-20  Нельзяграм https://www.instagram.com/hive.cyberclub?igsh=MXVyYnViZXJ1aGl4MQ==  Сотрудничество @peachikus"
hallownestbc,channel,✐ ℍ𝕒𝕝𝕝𝕠𝕨𝕟𝕖𝕤𝕥 𝔹𝕣𝕠𝕒𝕕𝕔𝕒𝕤𝕥𝕚𝕟𝕘 ℂ𝕠𝕣𝕡𝕠𝕣𝕒𝕥𝕚𝕠𝕟 ☏,68,"HBC – канал з авторськими і не тільки мемами, артами та оглядами інді ігор з інтерактивом серед учасників. Пропонуйка: @Proponuyka_HBC_bot Мої огляди: https://kutok.io/lycar_critic https://drukarnia.com.ua/Lycar_Critic  Також в нас є три стікерпаки ;)"
amethystscf,channel,𝘢𝘮𝘦𝘵𝘪𝘴𝘵𝘺 𝘤𝘰𝘯𝘧𝘦𝘴𝘴𝘪𝘰𝘯,24,@caleb_conference_bot калянусь бот по аметистам
dkwbshnik,channel,Данил|Помощь селлерам,547,"Уберу хаос в бизнесе, благодаря оцифровке и ежедневным метрикам  По цифрам:   - 83 кабинета повысили чистую прибыль  - 2000 + вывел новинок  - 21% средняя маржинальность в кабинете   Писать: @danil_griz"
osnovaledlight,channel,OsnovaLED | ЗДОРОВЫЙ СВЕТ | ПРОФИЛАКТИКА И ЗАЩИТА ЗРЕНИЯ,182,"Канал о здоровом освещении, его влиянии на физическое и ментальное здоровье.  Мы делимся актуальными исследованиями, интересными фактами и полезными советами. OsnovaLED защитой и освещением солнцеподобным спектром света. osnovaled@mail.ru www.osnovaled.ru"
my1918candles,channel,Полина и 19/18 Candles,116,"Делаю вкусные свечи, диффузоры и спреи, которые действительно пахнут✨  Озон - https://clck.ru/3Nx5PB Сайт - http://1918candles.ru По всем вопросам @candles1918 💌"
aresdetailing,group,🏁Студия детейлинга ARES-TON,77,"🔥 ОКЛЕЙКА  ПОЛИУРЕТАНОВОЙ ПЛЁНКОЙ  🔥 КЕРАМИКА ,ПОЛИРОВКА  🔥 ХИМЧИСТКА САЛОНА ,ОЗОНИРОВАНИЕ  🔥 ТОНИРОВАНИЕ /БРОНИРОВАНИЕ  🔥 ШУМОИЗОЛЯЦИЯ"
ng3dworkshop,channel,NoGrade мастерская,31,3D printing
mistressshcool_kyiv,channel,MistressSchool_Kyiv,455,БДСМ. Фемдом. #IconBDSM. Авторские статьи по теории и психологии Фемдом-БДСМ. При перепосте пожалуйста упоминайте автора IconBDSM.  Консультации и тренинги можно получить в Fallen Angels School. #iconbdsm Киев https://www.instagram.com/mistressSchool_kyiv
vanvokr,channel,ВЫХОД есть | Евгения Вокорчук,148,"Расстановщик, ведущая авторских трансформационных игр «Выход», «Два сапога пара» Агент по недвижимости  Inst @vanvokr"
lebed_astrum,channel,ASTRUM | Анастасия Лебедь | РАССТАНОВКИ | ПСИХОЛОГ,94,"✨ психолог, расстановщик , ведущая игры Алии Аминовой «Выход», астролог ✨здесь можно поговорить по душам ✨ не  забывай,что ты звезда © “Astrum”  Всегда рада взаимодействию - мой личный аккаунт : @astrum_lebed"
neobyazatelnye_vyvody,channel,НЕОБЯЗАТЕЛЬНЫЕ ВЫВОДЫ,74,Для связи @psychologist_existential
putselenoj,channel,Путь к себе с психологом Еленой Ившиной.,90,"Мой канал для тех, кто хочет стать лучшей версией себя и улучшить свою жизнь.   Я познакомлю вас с вашими чувствами и переживаниями, помогу вам понять причины поведения и находить ресурсы для изменения образа жизни и заботы о себе."
mamauniversal,channel,Путь к Высшему Я ✨️,58,"Наталья Бадаева @mamauniverse_ Дипломированный семейный психолог| Магистр| Женский, духовный наставник   Вывожу женщин на новый путь через психологию, мудрость древних учений и священных писаний✨   Отношения • Осознанность • Духовный рост • Зрелость"
ctrl_sell_channel,channel,Ctrl + Sell | Диалог PM и BizDev,54,"Он: B2B продакт WB. Ex OZON, Samokat Она: BizDev Алисы. Ex PwC, СТС, МегаМаркет (Читай пост-знакомство)   ☁️Динамично опрозрачиваем БигТех ☁️Свои фейлы (без цензуры🫶) ☁️Внутрянка и кейсы собесов ☁️Выжимка итогов в каждом посте ☁️C-level гости"
adcrus,channel,АССОЦИАЦИЯ ХИМЧИСТОК,92,"Мы объединяем профессионалов и компании в сфере химчистки и текстильного ухода, делимся новыми технологиями, передовыми практиками и полезными советами.  ассоциация-химчисток.рф"
saki_himchistka,group,"Химчистка мягкой мебели Саки и Новофёдоровка. Чистка диванов, ковров, авто, штор, кресел, стульев, матрасов.",28,
cleaning_mastersochi,channel,Клининг в Сочи/Cleaning Master Sochi,12,
homeplusafghansitan,channel,Homeplus Afghanistan,9,
ooo_ramikon,channel,ООО РАМИКОН,7,"Клининговое обрудование, химия, расходные материалы."
sterilizationcleandammamcompany,channel,شركة تنظيف وتعقيم بالدمام وبالخبر 0532478842,2,شركة تنظيف وتعقيم بالدمام والخبر والاحساء والقطيف والجبيل تواصل مع شركة القوة
domkristall_bot,bot,domkristall_bot,,"✨ Domkristall - чистота в один клик! Заказ уборки, калькулятор, поддержка."
zemlechat_bot,bot,Землечист.рф,,"Нажимая на кнопку, Вы даете согласие на обработку персональных данных согласно политике: https://amo.si/K/WZV43L/WWPVS9"
himautominsk_bot,bot,Химчистка авто в Лошице,,Телеграм-бот по химчистке и полировке авто в Лошице наш сайт https://fastnshine.by/
laundry_online_bot,bot,Химчистка Дружба онлайн,,"Зарегистрируйтесь в программе лояльности, получайте бонусы и первыми узнавайте об акциях!  Создано через teyca.ru"
my_nikko_bot,bot,MyNikko,,"Вы сможете оформить заказ на один из видов услуг Nikko: химчистка, ремонт обуви, химчистка обуви, ателье, чистка ковров."
biolifeexpressbot,bot,Химчистка Biolife Express СПб,,
chistimprud_bot,bot,Чистимпруд | Менеджер,,"Мы - компания, которая занимается очисткой водоемов. Очищаем: озера, реки, пруды."
luxdrykzn_bot,bot,Luxdry_bot,,
luxdry_bot,bot,Сеть химчисток Luxdry,,Официальный бот сети химчисток Luxdry  Создано через teyca.ru
tgstar_agency,channel,TGStar Agency✨,368,Telegram без забот с @TGStar_Agency!  Хотите взрывной рост подписчиков и продаж?  Нет времени на рекламу? Доверьтесь профессионалам!   Наши услуги: • Подборки • Закуп рекламы • Персональный менеджер  🧑🏻‍💻👩🏻‍💻 Админы: @danill_md | @anasteysha_tgg
trst1t,channel,let me trust you,131,don't come near me.
cargurus777,channel,Автоподбор CAR GURUS,125,"🚗 Забота о вашем авто с гарантией качества: автоподбор, ремонт, оценка и продажа, скидка участникам до 10%. Доверьтесь профессионалам!"
kolibri_mebel_crimea,channel,Кухни и Шкафы в Евпатории,96,"Мебельный салон «Колибри» — мебель с душой для вашего дома!                                         Сделали ремонт и нужна новая мебель? Доверьтесь профессионалам,  ваша мебель будет создана с заботой о вашем комфорте!"
umamusumeru,channel,Uma Musume! Ru,3942,"Неофициальный канал. Русские переводы, обсуждение игры, гайды!! Берите чаёк, печенье и наслаждайтесь! Контакт: @axtraz"
shilovtcy,channel,Московский театр Шиловского,1846,"🎭 Московский театр-студия народного артиста РСФСР Всеволода Шиловского  Наш адрес: г. Москва, ул. Петровка 17с2  Сайт: http://shilovtsy.ru ВК: https://vk.com/shilovtsy"
ciolkovskydol,channel,Детский лагерь «Циолковский»,3299,"Дорогие друзья 👋  Вас приветствует официальный телеграм-канал Круглогодичного лагеря «Циолковский»   Здесь вы сможете увидеть, чем заняты ваши дети, какое мероприятие проходит именно сейчас и ещё много интересной и важной информации ✨"
vano_love,channel,Ваньковский,420,я сам по себе 💚
vakansiikosmograda,channel,✨Вакансии г. Циолковский✨,1245,Вакансии города Циолковский и космодрома Восточный🚀🛰  Мах https://max.ru/join/oXUvhjEdtcDHcLLjWWl3NKYDO8NmA-bKD176BdhXmIA  Телеграм https://t.me/vakansiikosmograda  Ватсап https://chat.whatsapp.com/DuIVwsNGz0lEDbhcRVQ29s
newpeoplefest,channel,Фестиваль «Новые люди»,219,"Фестиваль «Новые люди» проводится с 2018 года и реализуется при поддержке «Президентского фонда культурных инициатив», Министерства культуры Российской Федерации и «Российского фонда культуры»."
olkkklk,channel,ольк🫧,131,"ольк:; участник,лидер - https://t.me/ms1x_cd  участник - https://t.me/fijicd творю и танцую лс - @yunolk"
ckr_nekrasovsky,channel,Центр культурного развития «Некрасовский»,366,"Адрес: МО, Дмитровский м.о, п. Некрасовский, мкр Строителей д.12  Режим работы с понедельника по воскресенье с 10.00 до 22.00  Директор  Копылов Максим Алексеевич  Телефон +7 (499) 941-01-46 https://vk.com/ckr_nekrasovskiy"
otsilkoppns,channel,🇧🇾Депутат Олег Цилько,239,Депутат Палаты представителей Национального собрания Республики Беларусь
tsikhelashvili,channel,Николай Цихелашвили,252,"Телеграм - канал музыканта,  общественного деятеля, директора АНО ""Национальный Благотворительный Центр ""Нашим Героям"", члена жюри народного шоу на телеканале Россия 1 «Ну-ка, все вместе!», участника группы Гарика Сукачева & группы “RadaNik”"
teatrkukolchelny,channel,Набережночелнинский государственный театр кукол🎭,487,Люди и куклы🎭 Театральные будни😁
iim_tchaikovsky,channel,Чайковский,182,"Автор— @Im_Tchaikovsky  Косплеер, ну а что ещё сказать то? Подпишитесь, и сами всё увидите!)  •Рт от мьюшек держится 24 часа и проводится в воскресенье•  4 октября прошла чистка"
biblioteka_na_chaykovskogo,channel,Библиотека на Чайковского,304,Библиотека на Чайковского
cheersbitches,channel,CHEERS BITCHES,177,
tsiolkovskyspacefest,channel,МКФ Циолковский,361,"Канал Международного кинофестиваля фильмов и программ о космосе ""Циолковский"" Сайт: space-fest.ru"
komiopera,channel,Komiopera,355,Академический театр оперы и балета Республики Коми Получайте важные новости и афишу первыми
msch_vostochnyy,channel,МСЧ космодрома «Восточный» 💊,454,"🏥 Медико-санитарная часть космодрома «Восточный»  📞 Телефон: 8(41643)92-3-38, 8(41643)92-3-30, 8(924)040-05-04  📍Адрес: г. Циолковский, ул. Сосновая, д. 48, корпус 3."
brizhatyytsiolkovskiy,channel,Виталий Брижатый,340,Глава ЗАТО Циолковский
nikitashirokov_comic,channel,Nikita Shirokov,169,я комик! *важные ссылки в закрепе*
chaiknews,channel,Чайковский новости,71,"Новости г. Чайковский, происшествия, события, мероприятия! Свежее видео"
kdc_vostok,channel,"МАУ КДЦ ""Восток"" ЗАТО Циолковский",251,"676470 улица Маршала Неделина, 12, Циолковский (Углегорск)"
tsiolkovskysay,channel,Циолковский говорит 📱,243,Всё нам можно и всё полезно — вот основной закон новой морали.  - К.Э.Циолковский 📱
studiovolkonski,channel,studiovolkonski,77,тихий литературно-иллюстрированный канал по поводу культуры бытия и человечков за окном
kukaloilya,channel,Кукало Илья,116,"Актёр театра и кино, музыкант, автор песен +7(910)400-25-51"
chaik_tennis,channel,Настольный теннис | Чайковский,164,"Турниры Тренировки Мотивация!  Здесь вы найдёте: ✅ Анонсы турниров и занятий ✅ Фото, видео, новости, результаты  🏓 Для детей и взрослых. 🔥 Настольный теннис — это стиль жизни. 📩 Связь со мной — https://t.me/DmitriiPorsev"
bookhouse_jk,channel,BOOKHOUSE,30,"Все также влюблена в буквы, но здесь больше не только о книгах. Вход и выход свободные."
hexosecondchannel,channel,www.hexo.main.ch.com,351,"Привет – @Durov Этот канал полностью соблюдает закон и правила Telegram. Спам, порнография и оскорбительный контент строго запрещены. Мы заботимся о безопасности и чистоте сообщества. Для поддержки и официальной информации используйте наш канал– @Telegram"
orthodoxy_pravoslavnuy,channel,ЖИВОЕ СЛОВО Царя Зосимы,336,О Божьем Помазаннике Державном Зосиме и РПЦ ЦИ. Последняя проповедь Евангелия о чистоте Православия. ВОЙНА ЗА БОГА  linktr.ee/tsar_zosima ☦️ https://youtube.com/@orthodoxy_pravoslavnuy м. Ирина http://t.me/Blagoslovite_Gospoda
reading_elephant,channel,Книжный клуб «Читающий слон»📚🐘,263,"Канал о книгах, писателях и чистоте речи  Онлайн обсуждения раз в три недели  Чат 👉🏻 https://t.me/readingelephant_chat"
ar_estetika,channel,Ar_estet. Ik,68,Чистка лица Чистка спины Ультразвуковая Механическая Комбинированная Пилинги Микротоки Массаж Номер для связи +79252760573 http://wa.me/9252760573 https://t.me/ar_estetika https://vk.ru/club233295596 https://max.ru/join/iPaSwNCmvVO0YGZHp_0uvBIrKra-20EC1f9
pylesosy_dustprom,channel,Пылесосы Дастпром,78,Дастпром. Инженерный подход к чистоте на стройке Dastprom. An engineering approach to clean construction sites
akida313,channel,AKIDA.313,95,"Здесь мы говорим о том, что делает человека человеком: о чистоте намерения, внутреннем росте, борьбе с эго и пути к свету, который внутри каждого."
kosmetolog_estet_26,channel,Косметолог-эстетист. Ставрополь. Чистота и здоровье вашей кожи!,69,"Для тех, кому не все равно, как выглядит его кожа.  ✨  Рассказываю о профессиональных способах очищения, оздоровления и омоложения лица, шеи и декольте.   Процедуры интенсивного действия в кабинете и ежедневный уход космецевтикой дома.  ✨"
kazdoytvaripopare,channel,Каждой твари по паре,9099,"Авторский канал Павла Глазкова о жизни животных Санкт-Петербурга, Ленинградской области и всей России.  Для связи с автором: @thepavelglazkov  По вопросам рекламы: @ekamelev  Филиал в MAX: https://max.ru/kazdoytvaripopare"
kinoeveryd1y,channel,Кино на каждый день,3529,"Солнце моё, взгляни на меня  По рекламе: @yaroslavaaaaak"
myslimar,channel,мысли Мар,531,by-@myymarii
izbuschka,channel,В каждой избушке,773,Всё про организацию пространства
family_multifunctional_center,channel,Семейный МФЦ г. Саранск,420,"Каждой семье - доступная, качественная, своевременная помощь."
vilargo_cleaning,channel,Уборка/Клининг/Химчистка мебели в Воронеже,29,🌟Все виды клининговых услуг ☎️Заказ по тел.: +79050495823
klinikadoctorklinbot,bot,doctor-klin,,
klinsk_bot,bot,klinsk_bot,,
klinokpaka_bot,bot,Стикеры по крд | бот,,
clinpsycho_bot,bot,ПсихоБот Клиник 🌳,,"Связь с администрацией канала ""Клиническая психология"": прислать тему, пост, исследование, кейс для интервизии. Реклама."
clinicgranibot,bot,"Чат-бот клиника ""Грани""",,"Официальный бот психиатрической клиники ""Грани"""
kmedicabot,bot,k-medica,,
melnikaiteclientbot,bot,Бот clinic.m105,,Я бот - помощник Косметологической клиники на Мельникайте 105
monblan_narcology_clinic_bot,bot,Клиника Монблан,,Этот бот поможет оказать срочную помощь при наркотической передозировке или интоксикации алкоголем и спасти жизнь.
lclinic39_bot,bot,lclinic_bot,,
clinica_plus_bot,bot,Клиника Плюс,,Этот бот поможет оказать срочную помощь при наркотической передозировке или интоксикации алкоголем и спасти жизнь.
clcksubot,bot,Супер Кликер,,
sjclinicbot,bot,The medical,,
klubnikas_bot,bot,Klybnika,,
klopsbot,bot,Клопс. Новости Калининграда,,
klincov_media_bot,bot,Klincov Media bot,,
kleckbot,bot,Предложка,,
cliniciq_bot,bot,cliniciq_bot,,
knymeettakebot,bot,ㅤㅤ 𖥻 𝓚𝗇𝗒𝘮𝘦𝘦𝘵 𝐭𝘢𝘬𝘦𝘣𝘰𝘵♡゙,,
klerkaibot,bot,личный менеджер,,
qlow_bot,bot,Taras,,
clinichelperbot,bot,Помощник руководителя клиники,,
krillotinrobot,bot,Lotin - Kirill & Kirill - Lotin,,Lotin va Kirill yozuvlarini bir-biriga tez va aniq o'giruvchi bot.  💸Реклама: @BotlarRek  2-Bot: @LotinKrillchaBot
coilshotbot,bot,текйи койлслингщот,,
medicalsannabot,bot,البوت الطبي الشامل,,
eclinicpatientbot,bot,ЕКлинник,,
kliklab_licbot,bot,Kliklab_lic,,
krasnij_klin_bot,bot,KrasnijKlinBot,,
hypobyosis_bot,bot,ГИПОБИОЗ 🚀 БОТ,,Метод А.Н.Блинкова «Лечебный сон» и Гипобиоз для Вашей регенерации и раскрытия адаптивного и когнитивного потенциала.
kgdrubot,bot,Бот Калининград.Ru,,Цифровой помощник портала Калининград.Ru
kleygelatinbot,bot,kleygelatin,,
trezvost_rehab_bot,bot,Клиника Трезвый Путь – консультация по вопросам наркологии,,"Бот, который может спасти жизнь человеку при отравлении наркотиками или алкоголем."
kislorod_bot,bot,KISLOROD,,
medkray_bot,bot,@medkraybot,,
kijlinbot,bot,kijlin,,
kalinkovichi_news_bot,bot,Калинковичи_бот,,
clinicmedinef_bot,bot,"Бот клиники ""Мединеф""",,
formula_clinic_bot,bot,Клиника Формула Трезвости – горячая линия,,"Бот, который поможет оказать доврачебную помощь и спасти человеку жизнь при передозировке."
medicinaclinicbot,bot,MedicinaclinicBot,,"Привет! Я бот  «Клиники Медицина» 😊 Помогу записаться на приём , подскажу цены и покажу расписание врачей."
clinrecai_bot,bot,ClinRecAI - ассистент врача по клиническим рекомендациям РФ,,Ассистент врача по Клиническим рекомендациям. О проекте: clinrecai.ru
kulgorbot,bot,Предложка КулебакиLive,,
skincare_admin_bot,bot,SkinCare_Clinic,,"💞Бот клиники SkinCare Clinic @skincaremed   Задавай любой вопрос, буду рад помочь с ответом 💌"
clinicalpsybot,bot,Записаться на сеанс,,
kinkycatybot,bot,KinkycatyBot,,
metod_clinic_bot,bot,Клиника Новый метод - горячая линия с консультантом,,"Этот бот поможет каждому, кто нуждается в срочной наркологической помощи."
clfeedbackbot,bot,CLFeedbackBot,,
cyncfdaily_bot,bot,Тейк бот син,,
lazebronebot,bot,Бронебот WB 🚀 - автоматическое бронирование поставок,,"Привет, данный бот ищет слоты приемки и лимиты перераспределения на складах WB по низким коэффициентам, и автоматически"
linchkinnebot,bot,Да я кинню.. Линч фд,,
alcovrach_ru_bot,bot,Клиника Алковрач – анонимная консультация,,"Бот, который поможет оказать доврачебную помощь человеку с алкогольной или накротической интоксикацией."
inky_bot,bot,Чернильный бот,,
klinikalazaret_bot,bot,KlinikaLazaretbot,,"Тут можно записаться на приём в клинику, вызвать врача на дом или задать вопросы оператору."
konkurs_klasko_bot,bot,Конкурс клиники КЛАЗКО,,"Клиники КЛАЗКО — эстетическая медицина и пластическая хирургия. Омоложение, операции и передовые технологии с 1997 года."
milantiev_k_bot,bot,Milantiev_K_bot,,
krindjebot,bot,Предложка в законе,,
order_cleanbot,bot,Clean Bot – Клининг в Москве и МО ✨,,Уборка и химчистка мебели в Москве и области 🫧
cleansober,channel,Чистый и Трезвый,137,Шаг за шагом к новой жизни. www.cleansober.ru
cleanabuse,channel,ЦЕНТР ЗАРАБОТКА,130,Подписаны 7 ваших контактов  Лучшие схемы собираю здесь! @n1kanetx - связь
cleanhelp_bot,bot,Clean Bot,,Давайте на_чистоту!
cleanvoice,channel,CleanVoice,97,"A leading voice hosting service (Mumble, Teamspeak, Ventrilo) https://cleanvoice.ru  Any questions? Mail to support@cleanvoice.ru"
cleanmagic_bot,bot,"Клининг ""Магия Чистоты"" | Иннополис",,
cleanerfish,channel,⏣ шифренилк ытобор,97,<|°_°|> алиса в стране роботы клинерфиш
cleanwatch1,channel,Super Clone Watches,83,"Super Clone Watches — Premium Factory Updates Daily updates on the best super clone watches, including Rolex, Omega, AP, and Patek. Factory comparisons, QC photos, new releases, and authenticity guides — all in one place. Trusted information on Clean Fact"
cleansan_bot,bot,CleanSan.ru - сантехника,,Цель работы интернет-магазина сантехники CleanSan.ru – сделать покупку сантехники максимально простой и комфортной.
cleanexpertbot,bot,cleanexpertbot,,
cleangraibot,bot,Cleangr AI,,
cleanboxconf_bot,bot,Тейк CleanBox,,
cleangr_bot,bot,Клининг Group - уборка на Дальнем Востоке,,
clean_rubot,bot,Клеа Н. (Коуч порядка),,Клеа Н. — виртуальный коуч по наведению порядка в доме и в жизни. Есть вопросы? Напишите нам: @CleaN_help_rubot
cleantonby,channel,Cleanton для HoReCa,41,Канал поможет найти все самое нужное для решения простых и сложных задач в сегменте HoReCa:   – Идеи и лайфхаки для Вашего бизнеса  – Новости и тренды сферы  – Обзоры новой продукции   – Акции от Cleanton     https://www.cleanton.by/
cleandayhelperbot,bot,CleanDay Helper Bot,,
geschwisterschaftgrossergeist,channel,GGG Geschwisterschaft Grosser Geist,5942,Glaubensgemeinschaft Geschwisterschaft Grosser Geist  Öffentlichkeitsarbeit
galerie_des_grauens,channel,Galerie des Grauens - Pressespiegel,697,"Auf diesem Kanal finden Sie Bilder, Texte und Presseartikel zu Ausstellungen der Galerie des Grauens.  Möchten Sie auch, dass die Galerie in Ihren Ort kommt, so kontaktieren Sie bitte Herrn Peter Ganz.  0174 4261931"
kbhmb_ru,channel,Хакасский муниципальный банк,349,"Официальный телеграм-канал Хакасского муниципального банка.  Здесь мы рассказываем о наших продуктах, сервисах и акциях, делимся новостями и полезными материалами.  Сайт банка: https://kbhmb.ru/  Генеральная лицензия ЦБ РФ № 1049 от  04.06.2008 г."
ganzheitlichfrei,channel,Ganzheitlich FREI,219,
genuborka38,channel,👌Генеральная уборка | Клининг Иркутск,136,🔸Все виды профессиональной уборки 🔸На рынке с 2007 года   🔸Клиенты ценят нас за качество🔥  Закажите услуги уборки или химчистки прямо сейчас!👇🏻  📞 83952554499   📩 @gen_uborka38 WhatsApp +79149276748
generasiindonesia,channel,GEN-ID 🇮🇩 (Generasi Indonesia),90,www.generasi-indonesia.com
detailing_houston,channel,HOUSTON DETAILING TULA,281,"✨ Профессиональный уход за вашим авто 🚗 Оклейка и защита кузова, полировка, химчистка, керамика, тонировка, детейлинг мойка кузова и салона     📲 +7(950)920-44-77 📍пр-д Энергетиков, 8а"
detailtopcar,channel,Detailing Top Car Москва,390,"Запись @detailing_topcar Телефон: +7 (967) 086-46-38 Добраться до нас: clck.ru/33pUet Мы в ВК: vk.com/topcardetail Москва, Белозерская улица дом 10"
detailing_ashstyling22,channel,Детейлинг ASH22.ru - оклейка авто,107,"Детейлинг студия. Воплощаем проекты любой сложности с бессрочной гарантией.  🤳Консультация и запись: https://t.me/@ASHSTYLING 🌎 Наш сайт ASH22.ru 📞 На связи +79939222123 📍г.Москва, ул.Василия Петушкова 3к3с1"
oriondetailing,channel,Детейлинг студия ORION,224,"🛠️Официальный Telegram-канал ORION DETAILING  С 2018 года создаём уникальные проекты, и не только, на Юге страны  🔥 Детейлинг, шумоизоляция, оклейка и многое другое, все в одном месте по адресу: 📍Ростов-на-Дону, ул. Мартовицкого, 13  📞 +7(988)539-30-66"
mami_detailing,channel,MAMI Detailing,32,"Наша компания предлагает услуги по профессиональному уходу за Вашим автомобилем.  Записаться на услугу через телеграм бота @mami_detailing_bot  Адрес: Москва, Автомоторная ул., 3Б1  Номер для записи: +7 (995) 155-82-52"
kircardetailing,channel,KIRCAR DETAILING / ДЕТЕЙЛИНГ ОКЛЕЙКА АВТО МОСКВА,227,"✨ Kircar Detailing - студия профессионального ухода за автомобилями в Москве!  Мы - команда экспертов, влюблённых в автомобили. Наша миссия - сделать ваш автомобиль идеальным как снаружи, так и внутри.  📲@kirilltopcar   🌐 KirCarDetailing.ru"
trinity_64,channel,TRINITY DETAILING CLUB,544,Вас приветствует детейлинг центр TRINITY   Наш адрес: Ново-астраханское шоссе 50/1  График работы: 09:00 - 19:00  Без выходных   По всем вопросам: https://t.me/trinity_detailing
q100prodetailing,group,Мастерская Q100 Екатеринбург,954,"Комплексный подход к проблемам экстерьера и интерьера Вашего автомобиля. Лучшие материалы и технологии от ведущих производителей из США и Кореи. Работаем максимально своими специалистами и на своих территориях 📍Екатеринбург,Ветеринарная 9 ☎️363-4-100"
wbr27,channel,Black Diamond Detailing,199,BLACK DIAMOND DETAILING  Премиальный уход за автомобилями Детейлинг без компромиссов к качеству  • Полировка и защита кузова • PPF / Цветной полиуретан • Детейлинг экстерьера и интерьера  📍 Хабаровск | О. Кошевого 15/2
gl_detailing,channel,GL CENTR / Установка защитных пленок в Иркутске | Детейлинг Иркутск,160,"С 2017г защищаем автомобили плёнкой, убираем сколы и царапины, устраняем вмятины, делаем шумоизоляцию  На канале — наши работы и ваши автомобили Иркутск, Новолисиха, Ул.Трактовая, 20а  +7 914 924-35-46 gl-detailing.ru Instagram.com/gl_centr"
sobrdetailing,channel,SOBRAUTO - ОКЛЕЙКА АВТО - ДИСКИ - ДЕТЕЙЛИНГ - ТЮНИНГ,62,Установка защитной плёнки   Профессиональная полировка   Кованые диски
svxdetailing,channel,SVX detailing,470,"Автомойка премиум-класса, предоставляющая комплекс высокотехнологических операций по сверхтщательному уходу за авто.  Наш сайт svx-ekb.ru"
garinaduolingo,channel,Duolingo English С Софьей Гариной,826,Английский | Языковой тест |Поступление в ВУЗ и релокация.Создатель первого методического тренинга по DET Подготовиться⤵️ http://garinaenglish.ru/ Связь - @sofia_garina
shopfibra,channel,FIBRA SHOP - детейлинг маркет,9014,"Это канал магазина Fibra Shop, здесь будут выкладываться новости магазина, описание составов для мойки и детейлинга, а так же видео как работают продукты.  Instagram: @fibra.shop Сайт: www.fibra.shop Запрещена реклама и ссылки на другие магазины."
duolingoers,channel,DUOLINGO English TEST Дуолинго тест подготовка,287,Best DET blog🚀 Подготовка к тесту и консультации🇬🇧 Для взрослых и подростков. Индивидуально и в мини-группах онлайн. По всем вопросам @szariet  Пригласить друзей https://t.me/duolingoers
detskai_reklama,group,Продам канал,439,"Всем привет, Здесь продаются каналы, категории дети и семья.  писать можно мне @reklamaDetym"
s1_ceramic,channel,S1_Ceramic,331,Студия детейлинга и авто тюнинга
dedalexiy,channel,дед алексий,157,Паблик ВК: https://vk.com/aleshabuhabr Мой лс для заказа порисулек: @Ded_Alexiy7
wwithlovelena,channel,"With love, Lena 🤍",52,"lifestyle, превращающий образование в радость🪄   English included in your life @claroschool (преподаем английский + DUOLINGO экзамен)   По любым вопросам: @kklena"
rskdnr,channel,Застройщик СЗ РСК | Мариуполь,364,Застройщик ООО «Специализированный Застройщик Региональная Строительная Компания»» Наши проекты:  - ЖК «Олимпийский» -ЖК «Жукова» - ЖК «Мечта» - ЖК «Восточный» - ЖК «Рассвет»  Сайт: rskdnr.ru Отдел продаж: +79499046784 +79152600333
rdi_ru,channel,RDI.,516,Информационный-канал проектов RDI.  🔗Сайты проектов: https://udolina.ru https://novo-molokovo.ru  🏢Официальный сайт застройщика: https://www.rdi.ru  📞Телефон колл-центра: +7(495)585-22-22
ldshoprukr,channel,LD-SHOP.RU Мебельная фурнитура и бытовая техника.,307,Рад приветствовать на канале LD-SHOP  Официальный дилер японского бренда NUOMI и RAIONZU  Админ @LDSHOP  Будьте в курсе всех новинок от LD-SHOP.RU 😉  Оптовые цены и наличие уточняйте в личные сообщения или в чате группы📩
radostroy,channel,РаДо-Строй • аренда спецтехники,223,
posledniyerker,channel,Последний эркер,58,
showyourstyle,channel,Show Your Style,112,"24.04 Pre Party🥳 25.04 Workshop/Show/Battles🚨 25.04-26.04 Party🪩 Bruk Up,Dancehall,All Styles🔥 Dmitrov,Russia🇷🇺"
picnic_samarkand,channel,Picnic Samarkand🏆,557,
yeiskoffroadklub,channel,🛞Ейск Вне Дорог 4*4. Клуб Ейск,253,"Добро пожаловать в мир ейского оффроуда! Канал внедорожного спорта. Анонсы, новости, фотоотчёты."
avtopodbor_eauto67,channel,E-AUTO67 Avtopodbor,600,WhatsApp/Viber: +79101152267 Автоподбор в г. Смоленск и всей России Автомобили под заказ из Кореи и Китая. Выездная диагностика Проверка авто перед покупкой
childers_hospce,group,Детский хоспис Екатеринбург Chat,382,🏩Детский хоспис в Екатеринбурге  🍀Наполняем жизнью каждый день 🍀Выездная паллиативная служба
jpdressageleague,channel,JP Dressage League,83,Выездковый проект для целеустремлённых спортсменов
samarqand_ishbor_elon,channel,Работа в самарканде 💼,195499,Эълон бериш учун ⬇️ 👉 @ABDINAYIM га ёзинг⬅️   🙏Xush kelibsiz❗️ Kanalimizda siz o‘zingizga mos ish yoki ishchilar topasiz.  Xar xil buyumlar oldi-sotdi reklamasini joylashingiz mumkin.
three_sisters_tour,group,THREE SISTERS TRAVEL AGENCY✈️,284,"Тур пакеты|Авиабилеты|Индивидуальный отдых  🏆Лидер продаж ✈️Тур в рассрочку  🔑Туры под ключ 🌍Визовая поддержка 📍Самарканд  Адрес: Вокзал, Кишмишка  Напротив клиники MedExpert   📞 +998915539889 📞 +998915245580"
spmdarwinx,channel,DarwinX,502,• SPM COMMUNITY • ▪️ШАХЗОД ГАЙРАТОВИЧ  ▪️ЖАХОНГИР ШЕРЗОДОВИЧ ▪️САНЖАР СИДДИКОВИЧ   ✅ Шукриллаева Диёра впервые в Самарканде получила максимальные 189 баллов!  ✅ Ярашова Севинч первая и единственная обладательница А+ сертификата  ✅ 6+ Лет опыта
ppdivan,channel,Ppdivan в телеге,540,"Качаю тело в условиях, в которых многие бы махнули рукой. Мои рекомендации по питанию одобряют бабушки. Тренер с хорошим дипломом.  Тут: много научпопа, коты и непростое житие тренера-развалюхи."
sirwanms,channel,Sirwan.ms,359,
payvaak,channel,᷂پەیڤەك,246,"𝘚𝘪𝘭𝘦𝘯𝘵 ' 𝘋𝘪𝘴𝘵𝘢𝘯𝘵 𝘧𝘳𝘰𝘮 𝘮𝘢𝘯𝘬𝘪𝘯𝘥 ,𝘯𝘦𝘢𝘳𝘦𝘳 𝘵𝘰 𝘎𝘰𝘥 '"
hamdamstudio,group,Xamdamstudio chate ✔,9,Xamdam Sobirov Official gruppasi ✔ Музыкант  ■Singer 🎤 ■Composer 🎵 ■Ideamaker ■music creator  ■Remix 🎶 Tel: +998900444744   🎙Xamdam Sobirov Official| Yagona Va Rasmiy Telegram Gruppasi..❗
elementarnaya_psihologiya,channel,Селена 🌖 Ким. Элементарная психология,531,✅ Психология на понятном языке ✅ Вы получите простые инструменты решения проблем 🫂Запись на консультацию @Selena_Kim_Psiholog
anisa_kadyrova,channel,Аниса Кадырова | проявленность женщины,206,"Бизнес-психолог экспертов и предпринимателей. Расстановки  Со мной растут уверенность, доходы и возможности.  Написать мне @Anisakadyrova  Инстаграм  https://www.instagram.com/anisa.kadyrova?igsh=N21weDRnZjQxeW5y&utm_source=qr"
umnozh999,channel,Самопознание всего ( Блог Шизофреника),727,
elena_nemtinova_psiholog,channel,Психолог Елена Липатова,266,"🔘Психолог, 10К+ часов 🔘Терапевтические группы и сессии 🔘3х дневные сессии на Алтае"
mossajewelry,channel,Женщина с характером,823,"Украшения для женщин с характером — MOSSA. Символ твоей силы, страсти и независимости.  Промокод для любимых подписчиков канала: BESTIE  Mossajewelry.com"
heiressesofsatan_666,channel,𝐍𝐀𝐒𝐋𝐄𝐃𝐍𝐈𝐂𝐘 𝐒𝐀𝐓𝐀𝐍𝐘.♡,184,𝐀 𝐫𝐞𝐚𝐥 𝐰𝐨𝐦𝐚𝐧 𝐢𝐬 𝐚𝐬 𝐬𝐦𝐚𝐫𝐭 𝐚𝐬 𝐭𝐡𝐞 𝐝𝐞𝐯𝐢𝐥 𝐚𝐧𝐝 𝐚𝐬 𝐠𝐞𝐧𝐭𝐥𝐞 𝐚𝐬 𝐭𝐞𝐧 𝐚𝐧𝐠𝐞𝐥𝐬 𝐢𝐧 𝐥𝐚𝐜𝐞.
katana_nvl,channel,Катана | Роллы с характером,844,"Доставка суши и роллов с характером. Только свежие ингредиенты. ⚡ Быстро. Вкусно. Как надо.  Заказ можно оформить: 📞 по номеру: +79039907558 🌐 через сайт: https://katananvl.ru 📍наш адрес:    г. Новоалтайск, ул. Деповская, 24   г. Барнаул, ул. Взлетная, 3"
demetrius7555,channel,Demetrius,672,Контент с характером.  Twitch: Demetrius7555
psl4art,channel,ПСЛЧ,456,Стрит-арт с уральским характером  Для связи: @dimomitya
iqdetailing,channel,iQ Detailing Детейлинг Краснодар,31,Детейлинг Краснодар 📌Полировка 📌Керамика 📌Оклейка защитными пленками 📌Изменение цвета пленками 📌Шумоизоляция 📌Химчистка 📌Мойка 📌Ремонт и реставрация кожи 📌Перетяжка салона
allstardetailing,channel,All Star Detailing,49,Детейлинг это — комплекс действий по тщательному и полному уходу за автомобилем.  https://vk.com/allstardetailing  https://www.youtube.com/@allstardetailing  https://instagram.com/allstardetailng?igshid=ZmVmZTY5ZGE=  Адрес: Пискарёвский Пр.119В
happycardetailing,channel,HAPPY CAR | ДЕТЕЙЛИНГ,478,"▪️ Детейлинг маркет HappyCar • Профессиональная химия • Аксессуары ▪️ Детейлинг центр HappyCar • Покрытия для кузова • Полировка • Химчистка ▪️ ТК «АвтоМОЛЛ» А41 и В1, бокс Nº4 ▪️9:00-21:00 ежедневно  +7 (960) 178-41-14 Александр +7 (906) 579-01-45 Сергей"
demilina_tg,channel,demidova.,153,"блог молодой мамы про материнство, саморазвитие и духовность 💫"
bdfvictoria,channel,БДФ «Виктория»,211,Благотворительный детский фонд «Виктория»  🕊Помогаем детям-сиротам найти семью 🕊Построили Детскую Деревню 🕊Ведём Школу приемных родителей 🕊Обучаем специалистов сферы защиты детства  Наш сайт: https://victoriacf.ru/ ВКонтакте: https://m.vk.com/cfvictoria
portalwash_official,channel,ПОРТАЛ - сеть робот-моек,5480,ОФИЦИАЛЬНАЯ СТРАНИЦА🤖 ▪️моем от 3 до 11 минут ▪️БЕЗ щёток - не царапаем ▪️безопасно - не нужно выходить из автомобиля  Связаться с нами: +7 (499) 490-04-35
miele_store_ru,channel,Бытовая техника Miele,138,Официальный telegram-канал Miele в России http://miele-store.ru Время работы: Пн-Пт: с 8:00 до 22:00 Сб-Вс: с 9:00 до 22:00 Тел.: +74955404475 +78003331936 E-mail: shop@miele-rus.ru
wow_service_lemark,channel,"WOW-сервис для Lemark, Rossinka и Decoroom",292,"WOW-сервис - Единая Служба Заботы брендов Lemark, Rossinka и Decoroom. Теперь всё самое важное не заканчивается после совершения покупки  – а только начинается."
bratyamario,channel,Братья Марио Якутск,283,"Пожалуй лучший сантехнический магазин вселенной 😁.  Жорницкого 31, Якутск.  Сайт santehnika-ykt.ru"
mso_expert_volgk,channel,"Робот-мойка и МСО | Йошкар-Ола, Волжск",48,
gryazinet_official,channel,ГК «Технология Чистоты»,112,Группа компаний «Технология Чистоты» — ведущий эксперт в области санитарии и гигиены на предприятиях России и СНГ!
unitykidsclub,group,UNITY | Детский лагерь на Бали,425,"👋 В этом комьюнити мы общаемся про наши заезды, скидываем фото-видео отчеты, во время проведения похода и после его 🏕"
podsluschanowoman,channel,Подслушано у экономдевушек✨,384,"Меня зовут Дана, и я веду это женское экономное комьюнити. Делюсь находками. Товары с маркетплейсов по ценам ниже рынка Быстрые акции магазинов  — чтобы у вас было больше возможностей сэкономить деньги"
iriskismisslove,channel,💐xomkawxx📚,353,"личный тгк:https://t.me/lattawxx моя книга: ""безответно влюблён"" анонимные смс:http://t.me/anonaskbot?start=1BMpQMXe_ITyxdf полки скидываем сюда: https://t.me/xomkapolka мой тт:xx.iriska.xx  мой ютуб:xomkawxx  сотрудничество: @xomkiswxx"
logoiskrik,channel,Логойщина | Здесь и сейчас,1232,"🇧🇾 Официальный аккаунт Логойского районного исполнительного комитета Минской области  Адрес: 223141, г. Логойск, ул. Советская, 15 Телефон: +375 (1774) 5-51-41 E-mail: priemnaya@logoysk.gov.by"
loevskiikrai,channel,Газета «Лоеўскі край»,1758,С нами интереснее! 📝 Связь с редакцией @Loevskiikrai_bot  Сайт: http://www.loevkraj.by/ Instagram: https://www.instagram.com/loevskiikrai?igsh=NnoybDZicno4bDRz ВК: https://vk.com/loevskiikrai ОК: https://ok.ru/group/52966761169099
rossony_online,channel,Rossony online,3437,Самые актуальные новости о жизни  Россонского района.
mozyr_region,channel,Мозырщина официально 🇧🇾,1045,По всем вопросам пишите в наш бот 👇 @mozyr_official_bot
khoroshevskychannel,channel,Хорошевский Life Сhannel,1283,Новости Хорошёвского района.  Хорошевский Life группа:  https://t.me/KhorLife
leninski_oficial,channel,Ленинский_район_г. Бобруйска,540,Новости и события Ленинского района г. Бобруйска
koseluzhjer_schule,channel,Козелужская школа,206,
brsm_hoiniki,channel,Молодежь Хойникщины,226,Белорусский республиканский союз молодежи
bts_bobruisk,channel,Бобруйские тепловые сети,364,
bgtk_bobryisk,channel,@bgtk_bobruisk,381,Официальный Telegram-канал Бобруйского государственного технологического колледжа.   ✔️Будь в курсе всех интересных новостей!
polotskles,channel,Полоцкий лесхоз🌲,304,Официальный Telegram-канал Полоцкого лесхоза
scol2hoyniki,channel,Средняя школа 2 г.Хойники,129,
dzrrhoiniki,channel,Дошкольный центр развития ребенка 🦉г.Хойники👫🔆,219,
ctdiuhoiniky,channel,Центр творчества детей и молодежи г.Хойники,51,
vasilishki_2023,channel,"ГУО ""Василишковская средняя школа""",98,
rekyxoz,channel,Хозяюшка|Полезные советы 👛,444,"🍳 Вкусные рецепты, Советы 🫧 Мотивация, Лайфхаки и многое другое.  Для связи @helga1510"
chat_housewife,group,"Чат канала ""Секреты идеальных хозяек""",530,"Уже проверили самые вкусные рецепты, испытали советы лайфхаки по хозяйству? Поделитесь и обсудите в чате!"
homecookhaven,channel,home cook haven,124,я: @vaovojur  inst: https://www.instagram.com/vojurcake?igsh=c2xhOWg2bmZrdTlt&utm_source=qr
yulkina_kuchnya,channel,Хаос & Корица,209,Щепотка кулинарного краха и мемы от которых соседи стучат по батарее
zuxraxoncooking,channel,ZUXRAXON COOKING,82,Yuqori sifatli yarim tayyor mahsulotlar! +998970002150  raqamlar orqali buyurtma berishingiz mumkin!  ✉️ @Zuxrabay
babybug_ru,channel,Babybug.ru️,3872,"Бренды, которые знает каждая мама!  На нашем сайте — всемирно известные производители детской одежды, обуви, игрушек и аксессуаров! Доставка по всей России 🪅  Сайт: https://babybug.ru/telegram По любым вопросам обращайтесь к нашему менеджеру @babybugvip 🤍"
sikakreps,channel,ЗИКА - КРЕПС. Стройка и ремонт,1555,https://t.me/sikakreps SIKA(ЗИКА) и КРЕПС - производители материалов для строительства и ремонта  Мы в ВК - https://vk.com/sikarussia  Мы в Дзен - https://dzen.ru/sikarussia
proizvoditelirossii,group,🚀 ПРОИЗВОДИТЕЛИ РОССИИ. Бизнес-чат,509,Бизнес-чат предпринимателей в сфере производства.
russkie_cvetyy,channel,РУССКИЕ ЦВЕТЫ,1163,"🌸Мы - производители цветов в Краснодаре сайт https://russianflowersopt.ru/ 🌍Адрес: М.О, Одинцово, ул.Акуловская 21/6 ⏳График работы ежедневно 08:30 до 20:00 🚙Бесплатная доставка  От 15.000₽ по Одинцово  От 30.000 по Москве  ☎️89919896186 Ангелина,Инга"
omsksrub,channel,♻️ОМСК СРУБ,435,"Омск Сруб Производители, а не перекупы ! Занимаемся изготовлением срубов домов бань из ОЦБ бревна в Омске."
rorosho_pp,channel,روروشاپ,2516,⋆⁺₊⋆ ☾ ⋆⁺₊⋆ ☁︎ سفارش: @irominab سؤالاتون: @roroshoppbot ارسال به سراسر کشور📦 ارسال فوری به کرج و تهران🛵
porokk,channel,пороксердца,1384,manager @spidersensee
poxek_meme,channel,Похек meme,779,"Предложить мем: @poxek_meme_bot  Основной канал: @poxek Чата канала: @poxek_chat  Магазин мерча: shop.poxek.cc Есть канал на YT, VK Видео, Rutube"
parosigara70chat,group,🗣 Паросигара Томск VAPE консультации,118,"💥Лучший вейпшоп в Томске!💥 ул. Гагарина, 2а  ☎ +7 (996) 379 83 55  📢 TG › @parosigara70 🌍 tomsk.psgtobacco.com 👥 vk.com/parosigara70 📸 instagram.com/parosigara_shop/  ❌ Мы не осуществляем дистанционную продажу табачной и никотинсодержащей продукции."
parosigara70,channel,🟦 ПАРОСИГАРА Томск VAPE SHOP 💨,310,"💥Лучший вейпшоп в Томске!💥 📍ул. Гагарина, 2а  ☎ +7 (996) 379 83 55  🗣 Консультации › @parosigara70chat 🌍 tomsk.psgtobacco.com 👥 vk.com/parosigara70  ❌ Мы не осуществляем дистанционную продажу табачной и никотинсодержащей продукции."
paryorchik,channel,paryorchik crypto,287,
poroshart,channel,PoroshArt,120,🩵✌️  Welcome✨️  X: https://x.com/PoroshArt  Tumblr: https://www.tumblr.com/poroshatart?source=share
poiskrp_chat,group,"ЧАТ ПОИСК СЕКС-РОЛЕВЫХ [ролевая игра, ролевик, вирт, знакомства, общение, РП]",319,Сайт (найти и оставить объявление): https://poiskrp.com  News: https://t.me/poiskrp_chat  Чаты: https://t.me/poickrp_chat  VK: https://vk.com/poickrp https://vk.com/poiskrp (18+)  Discord: https://discord.gg/REX73THE5J https://discord.gg/r4WR5GRSjR (18+)
rockuachat,group,ПРОРОК | Чат,30,"Чат про шоу-біз: @slukhachua_chat  P.s. ми тут на ""ти"""
openflossk,group,FLOSSK and PRNHS Open Channel,76,FLOSSK and PRNHS Open Channel
pororoshek,channel,Поророшка,51,Соло кд/solo cover dance  Калининград Ютуб: https://www.youtube.com/@Aeri_solo
poiskrp,channel,Поиск РП НОВОСТИ,38,Сайт (найти и оставить объявление): https://poiskrp.com  Чаты: https://t.me/poickrp_chat https://t.me/poiskrp_chat (18+)  VK: https://vk.com/poickrp https://vk.com/poiskrp (18+)  Discord: https://discord.gg/REX73THE5J https://discord.gg/r4WR5GRSjR (18+)
probrunch_ykt,channel,PROBRUNCH г. Якутск,89,SMART кейтеринг - готовые закуски на все случаи жизни
ramin_tajangi,channel,Ramin_tajangi,141180,@rameg766
mayaemami,channel,ᅟᅟ,4326,ig : mayaemamii    ╰    unknown bot @cocainemess_bot
negakimyoo,channel,NEGA KIMYO? // Samandar Burkhanov //,97,Assalomu aleykum! Bu kanal siz uchun ozgina foydali bo'lishi mumkin. Bu kanalda siz ilm-fanga oid ma'lumotlarga ega bo'lasiz!
nevechda,channel,НеВежда🥞,34,But remember my deer... You in my zoo!
nekya_m,channel,Буква и нет работ,68,"Канал о творчестве, и не только, одной буквы"
fr3ak1ymusic,channel,FR3AK1Y,16,музло пишу и чо
zelenookovy,channel,юз,1,
porosyatina,channel,поросятина,599,ну еще один канал то тебе зачем  написать @porosyatinkabot
vlars_ru,channel,РОССИЯ - ГРУЗИЯ 🇷🇺🇬🇪,933,"Информационный канал сайта Верхний Ларс.Ру. Российско-грузинские новости для туристов.   Что происходит на Верхнем Ларсе, новости и информация. Интересное о Грузии.  У нас без политики!   По всем вопросам писать сюда:https://t.me/vlars_ru?direct"
perio_notes,channel,Уголок пародонтолога,258,"(Левый, верхний)"
otcoc_bakyymom,channel,Верхний Парень происшествия,231,Новости вашего любимого поселка Поделиться происшествием можно через личку канала
pgtglubokii,channel,Новости ПГТ Глубокий,227,"Канал с новостями Поселка Глубокий, Хутор Астахов, Березовый, Верхний и нижний пиховкин. Связь @Predlogpgt_Bot"
drawerdesk,channel,Верхний ящик письменного стола,234,"Место, куда пишут всякое. Преимущественно матом."
muzeitabando,channel,"МУЗЕЙ ИМЕНИ Б. К. ШИБНЕВА/ТУРКЛУБ ""ТАБАНДО""",206,"МЕРОПРИЯТИЯ, ПРОЕКТЫ, АКЦИИ. РАБОТА  ЭКОЛОГО-ТУРИСТИЧЕСКОГО КЛУБА ""ТАБАНДО"" И МУЗЕЯ ИМЕНИ Б. К. ШИБНЕВА С. ВЕРХНИЙ ПЕРЕВАЛ."
minskverhniygorod,group,Верхний Город. #МойРайон,111,"Добро пожаловать в чат микрорайона Верхний Город!  Это место для общения, взаимопомощи и обмена информацией между жителями нашего уютного уголка Минска.  Здесь вы можете познакомиться с соседями, попросить совета, пообщаться, поделиться новостью."
kurkuzhincbs,channel,Библиотека с.п. Верхний Куркужин,115,"361514, Кабардино-Балкарская республика, Баксанский район, с.п. Верхний Куркужин, ул. Октябрьская, д.141 Режим работы пн - пт. с 9.00. - 18.00. 89604298701 Балагова Амина Борисовна"
cdkvakbash,channel,"МУК ""СДК с.п.Верхний Акбаш""",229,"МУК "" СДК с.п.В-Акбаш""                                                График работы:                                                             Вторник - суббота,с 9.00 час.до 18.00 час.       Адрес: ул.Ленина,25 Директор Хатефова Анджела Руслановна."
islam_v_uslone,channel,Ислам в Верхнем Услоне,230,"Новостной канал Верхнеуслонского мухтасибата, расположенный в с. Верхний Услон ул. Строителей д.6а. Здесь вы найдёте актуальные новости, аяты из Корана, хадисы, дуа и ответы на ваши вопросы о религии."
one_sparta,channel,ONE SPARTA,207,"Материалы для покраски, ремонта и ухода за автомобилем. Мы сеть магазинов 📍Маршала Казакова 35, секция 247 📍1-й Верхний переулок, д.10 📍Ушинского 12Б 📍Хасанская 15, секция 688 📍Ириновский проспект, 1АД,секция 123 📍улица Софийская 14 к2б"
rainimatoroverworld,channel,"Overworld Rainimator | Мелочи, детали и факты",127,Добро пожаловать на мой канал! Здесь вы узнаете многое про Верхний Мир Вселенной Rainimator.
blikmoscow,channel,"БЛИК - Букеты, люди и кофе",169,"Кофейно-цветочное пространство☘️  ⛳️Москва, 4-й Верхний Михайловский проезд 1  Заказать букет — @blikflowers телефон: +7 909 695 4040 сайт: http://blikflowers.ru ежедневно : 9:00-21:00  📨 Blik.flowers@yandex.ru"
highernewctoportal,channel,Higher New CTO Portal,39,Send it MUCH MUCH $HIGHER!
yaem_detey228,channel,🍞 Верхний этаж 🍞,41,"Гадем чуваки. Я деградирую в край, и пытаюсь сделать  из этого книгу. Не обещаю не чего. By @zxc_bezgolovka"
bizarreclubmsk,channel,"Свингер клуб Bizarre, Ленинская Слобода 19к2",19019,Ночной свингер-клуб для взрослых 18+ Записаться на мероприятие @Bizarre_Support  Наши мероприятия: https://t.me/bizarre_afisha Правила клуба: https://t.me/bizarreprivateclub Наши чаты t.me/bizarrechats
slobodansk54,group,"ЧИСТАЯ СЛОБОДА, Новосибирск",2101,"ЖК Чистая Слобода все чаты вместе. Неформальное общение, обмен мнениями, опытом и музыкой между соседями. Любимые чаты Слободы. По рекламе пиши @sloboda_market_bot"
moyarybnaya,channel,Моя Рыбная Слобода,2019,Жизнь Рыбно-Слободского района
amantidellaliberta,group,@ᴹᴬᴺᵀᴵ ᴰᴱᴸᴸᴬ ᴸᴵᴮᴱᴿᵀÀ ️ོ 𓂃𓂃 ོ 𓂃𓂃 ོ 𓂃𓂃 ོ,127,"“A livello individuale, siamo una goccia. Insieme, siamo un oceano” Questo gruppo è dedicato all'informazione libera e indipendente, lontana da influenze e pregiudizi che possano alterare la verità."
foxfax_meow,channel,Foxfax💅/Remnant👁️,919,"Всем привет, я Ремнант👁️ рисую, калякую и маюсь фигней  Биойогурт, слобода, мюсли, яблоки-манда"
petrsloboda,channel,Петрушкина Слобода,614,
vpiskasaratovtusi,group,Вписка Саратов,8219,
uprava_vnukovo,channel,Управа района Внуково,4245,"Канал управы района Внуково города Москвы  Телефон: +7(499) 652-60-85, +7(499) 652-60-84  Единая дежурно-диспетчерская служба: +7(495) 198-64-52; +7 (977) 112-18-10  Сайт: https://vnukovo.mos.ru/  Мы в ВК: https://vk.com/uprava_vnukovo"
vpiskivolgodonskchat,group,Вписки Волгодонск Вписка Волгодонске Знакомства Чат Отдых Досуг,331,Мгновенный доступ через @Vpiski_volgodonsk_vpiska_bot
vpiskavolgodonsk,group,Вписка Волгодонск Встречи Волгодонск Знакомства Волгодонск,346,
vvedenskiihram,channel,ВВЕДЕНСКИЙХРАМ,139,Введенский храм д. Озёра Северного благочиния Яранской епарх. Вятской митроп. РПЦ ⤵️ https://ustnedumskaya.ru  Наши группы: 🔺️ВКонтакте https://vk.com/hramlyza 🔺️Одноклассники https://ok.ru/group/70000001425568 🔺️Дзен - https://dzen.ru/id/63bff8c71f6b
aesteticaprof,channel,АЭСТЕТИКА • Новости,588,"Москва 👉🏻 ул. Рабочая, д. 33 Рязань  👉🏻 ул. Введенская, д. 80  Наша миссия — разрабатывать и поставлять безопасные, эффективные и доступные препараты в соответствии с фармацевтическими стандартами."
vpiskiberdskchat,group,Вписки Бердск Вписка Бердске Знакомства Отдых Досуг Чат,158,Мгновенный доступ через @Vpiski_berdsk_vpiska_bot
dushaiteloterapia,channel,ТЕРАПИЯ Души и Тела с Практикующим Психологом,354,"Здесь делюсь полезной информацией, провожу Прямые Эфиры по методу ""Терапия Души"" и Телесно-ориентированной Терапии, Открытые Эфиры с Экспресс-разборами и диагностиками, Онлайн расстановки. ЛС Введенская Татьяна @soulandmind 🕊️ Для доната +79152741114"
vpiskiu,group,Вписки Мурино 💒 Знакомства в Девяткино,48,"Чат знакомств и вечеринок в Мурино, Девяткино. 18+  Общение, вписки, тусовки и встречи района.  Основной чат жителей переехал → https://t.me/vpishoo/62505 Присоединяйся!"
vpiskinevinnomisskchat,group,Вписки Невинномысске Вписка Невинномысск Знакомства Отдых Чат Досуг,142,Мгновенный доступ через @Vpiski_nevinnomissk_vpiska_bot
invincibleoff,channel,𝑰𝑵𝑽𝑰𝑵𝑪𝑰𝑩𝑳𝑬🇵🇸,658,OFFICIAL N1 cis 🌍 own - @xqxcxp co-own - @forumhttps
infoclean_rf,channel,InfoClean,49,"Официальный канал web-журнала ИНФОКЛИН участников рынка управления и эксплуатации недвижимости России, Казахстана и Узбекистана."
flawlesssinner,channel,Flawless Sinner. | рест,174,"I love hanknow. ____________________________________ От айдолов берётся только внешность и имя, также всё написанное автором является лишь его воображением!! Также этот тгк не является пропагандой ЛГБТ!"
invintiv,channel,утопленник.,84,нот актив бро. анон: https://t.me/hate16pers_anon_bot?start=invintiv_hi
innocroom,channel,InnocRoom 🎧,110,
innochar44,channel,Господь Сенкьета (чиЖик),116,Лс @Senkyeta
infiniti00000,channel,"INFINITI - Работа, товары и услуги",59,இОбъявление и рекламаஇ -♦Купле-продажи -♣Услуги -♠Поиски и предложения работы Все сделки рекомендуем проводить через Гаранта.  ПОДАЧА ОБЪЯВЛЕНИЙ - @corleone000  Администрация - @Vendeto777💲 Менеджер @Michaelcorleone77_77  ΩΩΩΩΩΩΩΩΩΩΩ
so1nnocent,channel,SoInnocent,41,"Стримы тут: https://www.twitch.tv/so1nnocent ТикиТоки: https://www.tiktok.com/@so1nnocent Связаться со мной: https://t.me/SoInnocentzxc Меня зовут Богдан, мне 24 года. Сейчас занимаюсь освещением турниров."
innoorguilty_crctr,channel,guilty or inno character? (Только открылся),4,"Кф принадлежит @Ediana_kvass (эдиана) Если хотите взять идею,или спросить что-то,пишите  Пишите по делу!  Быть друзьями и знакомится не буду,без флуда."
infernolumine,channel,ИнферноЛюмен,4,"«Инферно Люмен — мир, где свет и тьма нашли путь друг к другу»."
cryptohunter_official,channel,CryptoHunter_Official,13,
inksonia,channel,in(k)somnia,10,::())))&&&#^^€€€€€  @manizerr
ico_reward,channel,ICO Rewards ★,13,"Канал ведет профессиональный баунти - хантер с огромным опытом, в канале рекомендации, навигация, отбор качественных проектов. По вопросам @meninblock"
unholyspiritinf,channel,₊˚ʚ ᗢ spirit's ranch,9,окно выход когда дверь не открывается
ceramicapol,channel,Керамика&Пол,135,"Ваш друг во время ремонта или обновления дома.  Керамогранит, плитка, ламинат, виниловые покрытия от заводов-производителей."
wicanders_official_channel,channel,WICANDERS РОССИЯ | Официальный канал,198,Напольные и настенные покрытия из Европы. Склады во всех крупных городах России.
styazhka_pola_polusuhaya_cena,channel,Полусухая стяжка пола Москва,100,"Услуги, заказ полусухой стяжки в Москве и Московской обл. До 300 кв за день pol99.ru"
termocolor,channel,TermoColor | Порошковая покраска| Москва,166,"🎨 Качественная порошковая покраска в Москве от компании TermoColor.  💥 Большой опыт, внимание к деталям!   ❓По всем вопросам: @TermoColor_online 📌 Наш сайт: www.termocolor.ru 📌Правовая информация: https://disk.yandex.ru/d/ANGaIjsbP82PmQ"
polekeramika,channel,Полекерамика | Чита,106,"Вся модная и красивая плитка здесь 🔥  Мы — одни из крупнейших в регионе сетей специализированных салонов, занимающиеся керамической плиткой.  В Чите у нас три салона:  ТК ""Кольцевой"" ТЦ "" Город мастеров"" РК ""Мегастрой""  ☎️: +7 (924) 818-00-36"
laploucceramics,channel,la plouc.керамика,37,
polka_rent_russia,channel,Polka (Аренда вещей),62,Онлайн-площадка аренды товаров и вещей  в Москве  polka.rent
galileomsk,channel,"GALI-LEO - полусухая стяжка пола Москва, МО",44,Стяжка пола АВТОМАТИЗИРОВАННЫМ СПОСОБОМ
polhousefloor,channel,"Полхаус - полы, двери, стеновые панели и многое другое",3,"Полхаус - салон напольных покрытий, дверей, стеновых панелей и многого другого.  Находимся в Иркутске. +7(3952)799-790"
crerussia,channel,CRE Russia,7065,"Больше новостей о Коммерческой недвижимости России тут https://cre.ru/  Профессиональное сообщество специалистов в сфере коммерческой недвижимости.  ООО ""ХЕА КОММУНИКЕЙШН"" ИНН 7726431962"
filipovinvest,channel,Артём Филипов l Filipov Capital | ГАБ l Коммерческая недвижимость,8353,Занимаюсь коммерческой недвижимостью и инвестициями с 2012 года.  Готовый арендный бизнес для наших клиентов на коммерческой недвижимости от 30%   Автор - @AFnedv Для связи со мной  +79173560023 Ссылка в чат для партнёров https://t.me/+feT5PhJ34YgzMmNi
gab_shop1,group,Субаренда | Призенцов,714,Мероприятия по коммерческой недвижимости
msk_sity,group,🇷🇺 Объявления Москва и Московская область🇷🇺,1428,🔥Срочные новости 🔥Объявления 🔥Продажа/Покупка/Вакансии 🔥Потеряно/Найдено  По коммерческой рекламе писать @SeReGa_WULF
commercreal,channel,COMMERC REAL | Коммерческая недвижимость,100,Самые свежие новости коммерческой недвижимости и важные события ритейла.  Commerc Real - это команда лучших специалистов по управлению коммерческой недвижимости  Наши контакты для связи:  сайт: commercreal.com e-mail: commercreal@gmail.com
subarendaboost,channel,Андрей Призенцов | Субаренда коммерческой недвижимости в Москве,318,"🔴50+ успешных объектов, лично созданных, по стратегии субаренда коммерческой недвижимости за 2,5 года  🔴0 объектов возвращено собственникам  Продаю и создаю готовый арендный бизнес под ключ🔑  Связаться со мной @Andrey_Prizentsov"
bycolotvina,channel,BY COLOTVINA,2227,"Color by Colotvina - бренд одежды. Канал о моде, стиле и цвете. Учим любить цвет и быть в центре внимания.  colotvina.com   Связаться с менеджером: https://t.me/Bycolotvia  Max: https://clck.ru/3R35oS  Вацап: https://wa.me/+79138980255"
ot_khalepa,channel,От халепа 🙉,497,🌸стріми twitch.tv/veron_khalepa  🌸чатик t.me/chatkhalepa  🌸тік ток tiktok.com/@veron_khalepa  🌸діскорд https://discord.gg/e5F3yFsM
primecosmo,channel,PRIMECOSMO,575,КЛИНИКА ЭСТЕТИЧЕСКОЙ МЕДИЦИНЫ  📍МОСКВА Ⓜ Юго-Западная ⓂРаменки Ⓜ Белорусская Ⓜ Полянка  📍СПБ Ⓜ Садовая  📍МИНСК Ⓜ Дзержинского  Онлайн запись: https://n356742.yclients.com/  Запись Вацап: Wa.me/79258837386
ukrasheniyaannabrand,channel,УКРАШЕНИЯ ANNABRAND,526,Я Анна Великанова - дизайнер и мастер украшений ручной работы.  Создаю эксклюзивные украшения сама и обучаю этому других.   По всем вопросам пишите сюда @ANNAIMOYBRAND или Вацап +7-981-976-94-41
master_soul,channel,🌌 ВСЕЛЕНСКАЯ ТЕРАПИЯ 🌌Дела Души,508,"Виртуозно нахожу и устраняю причину твоих жизненных неурядиц с помощью Вселенской терапии. Сопровождаю в поисках ответов на задачи твоей Души.  +79519362935 Telegram, вацап https://vk.com/oh.cards.perm YT: https://youtu.be/2ndaEJtYn9M?si=OBXyprsTGOci1-CZ"
krasnokutskii_12,channel,Krasnokutskii Team,361,
frpkingteam,channel,FRP King Team,884,✅️🤞❤️ Wellcome to our Backup Channel😍😘  🔥Admin @frpkingaksumon
zachkingteam,channel,Zach King,1019,"A official Zach King fan account!  Here we will post all videos from Zach King, Share and enjoy!  https://youtube.com/c/ZachKingVine   The YouTube Team Brand! @YouTubeTeamLinks"
kivachjob,channel,Работа в клинике Кивач™,1034,"Работа в клинике ""Кивач"" —  делимся свежими вакансиями, новостями из жизни клиники и полезными советами для тех, кто хочет стать частью нашей команды.   Не нашли подходящую вакансию? Оставьте заявку на нашем сайте:https://goo.su/94pZgaz"
kutilivan,channel,Иван Кутиль,172,🔵Руководитель группы компаний «SIMPLLO»  https://t.me/simpleworldpay  🔵Член подкомиссии «Промышленный экспорт» комиссии Государственного Совета Российской Федерации по направлению «Международная кооперация и экспорт»
pickleball24_krsk,channel,Пиклбол Красноярск,249,Первый в Красноярске пиклбол-клуб 🤩  Пиклбол-клуб/ЧАТ https://t.me/+GEd5z4eQ3A03MGRi  Руководитель пиклбол клуба - Виктория Гребенникова +7950-136-8555
arhangel_39,channel,Архангелы,126,Калининградская саппорт-команда! По поводу вступления в команду писать сюда—> @skrewsan
klbowling_corp,channel,КЛБ | Корпоративный боулинг,68,Официальный канал Континентальной Лиги Боулинга (КЛБ) посвященный корпоративному боулинг-движению в России.
dosaevs,channel,Emidoscars,741,Все что связанно со мной и с машинами
nadvorskiydrift,channel,NADVORSKIYDRIFT,276,"Все что связано с моим дрифтом , машинами , постройкой и всем тем что происходит на этом пути🦾"
beammodsgarage,channel,BeamMods Garage #beamngdrive 🚘,200,"🚗 Любишь мир автомобилей и BeamNG.drive?  На канале BeamMods Garage: 🏎 Моды с легендарными машинами и их реальными характеристиками 📜 Истории и факты о культовых авто 🤝 Комьюнити, где фанаты делятся страстью к тачкам"
silverpass,channel,SILVERPASS,133,"Новая коллекция уже доступна к заказу на нашем сайте - https://silverpass.ru Доставка по всей России.   SILVERPASS - Локальный бренд, вдохновленный машинами и поездками на них."
zdtreg45,channel,"Завод дорожной техники ""Регион 45""",108,"ЗДТ«Регион 45»—это производитель и поставщик спецтехники высочайшего класса.Мы используем передовые методы сборки спецтехники.Модельный ряд постоянно пополняется новыми машинами для строительных,дорожных и коммунальных работ. 88007777319 office@45-reg.ru"
wbdomnahodki,channel,"Идеи для дома | находки WB, ВБ",1504,"Добро пожаловать. 🙌🏼 🟣Подписывайтесь, чтобы не потерять нас.   В сообществе собраны идеи для дома, подарков и просто подборки на все случаи жизни. 🎁🫶🏼   По вопросам сотрудничества @mot_ttt  Желаю Вам лёгкого выбора товара 💜"
kolkatagaybromance,channel,Swarang🪽🌈💖✨,91,"SWARANG is more than a name—it's a celebration of our true colours. A space where every identity is valued, every voice is heard, and everyone is free to shine as they are. 🌈✨  Join the channel and let your true colours shine. 💜🌈"
jobfamilydiscussion,group,সরকারি চাকরির আলোচনা,430,আপনারা এখানে আপনাদের বন্ধু দের সাথে কোনো চাকরির সম্পর্কে আলোচনা করতে পারেন । আমাদের  সাথে কথা বলার জন্য নিচের  দেওয়া বুটে ম্যাসেজ করতে পারেন ।ধন্যবাদ 🙏  👇👇👇👇👇👇👇👇👇👇👇👇👇  @westbengal_bot
waynwb,channel,waynWB,175,
sibiriadaa_ligansk,channel,СИБИРИАДА ЛИГА ПРОФЕССИОНАЛОВ. НОВОСИБИРСК,163,"ВСЕРОССИЙСКИЙ РЕЙТИНГОВЫЙ ЧЕМПИОНАТ ЛИГИ ПРОФЕССИОНАЛОВ по ВОСТОЧНОМУ ТАНЦУ (КОЭФФИЦИЕНТ 1,5)"
winwstwin,channel,Cold Winter,17,cold winter @.  Канал не по всем обновам  *  ỌwWn: Äйриша
candyboomua,channel,CANDY BOOM,9424,СОЛОДОЩІ 🍭🍬🍫❤😋 🤩 Роздрібний та оптовий продаж емоцій 🎁 НоваПошта та Укрпошта ☎️ +38(073)313-77-77  Для замовлення 👇 @candymanagerua  Опт та співпраця 👇 @candymanagerua
candywongofficialfansclub,group,👑🏠☀️糖果屋🍬🏠,11406,📌 群組指引： 1️⃣ 話題請盡量圍繞Candy及COLLAR 2️⃣ 切勿胡亂對Candy作出@標註 3️⃣ 謝絕對Candy作出私下DM或其他騷擾行為 4️⃣ 謝絕一切涉及Candy私人問題的討論 5️⃣ 避免討論來源不明或未經證實消息 6️⃣ 切勿隨意發佈Candy未有正式公開的舊照或影片 7️⃣ 未經Admin同意，請勿擅自宣傳自發應援品 8️⃣ 嚴禁洗版、賣廣告、發放不當內容等行為 9️⃣ 切勿人身攻擊和挑起駡戰  🚫 如發現違反指引，Admin會向用戶發出警告。警告達三次的用戶，將被請離群
candyhash_chat,group,Candy #HASH Chat,581,🛡Помощь / Support: @candy_adm 📬 Канал / Channel: @candyhash_channel 📩 Чат / Chat: @candyhash_chat ⛏️ Приложение / App @candyhash_bot
candyteen_webseries,channel,Candy Teen Main Channel ❤️,14392,Web Series Own Channel https://www.facebook.com/Candy-Teen-Web-Series-710119593120348/
candy_blog,channel,Candy 🦋 Корея,350,"Жизнь в Корее 🇰🇷  Киберспортик, недоютубер и стримерка. 🎮  Простота - есть необходимое условие прекрасного.🩵"
mints_candy,channel,糖糖の糖果屋 冷气持续开放ing~,605,糖糖の杂货间~ 接机场测速投稿 发送订阅地址给 @chen7_bot 并备注机场名字 自己整的个教程，有需要的可以看看。 help.mints7.cc
candyshelly,channel,Candy Inkedmilf,2179,"Welcome to your Candyland, would you like to video call or a looking for a live sexting? Well I got everything that you like😈 WhatsApp for pricelist:  +32471536071 https://onlyfans.com/inkedmomvip"
candy_uc_shop,channel,𝒞𝒜𝒩𝒟𝒴 𝒰𝒞 𝒮𝐻𝒪𝒫,925,Режим работы 11:00-21:00 МСК круглосуточный бот @CANDYSHOPUCBOT ✉️ За покупкой писать: @CANDYSP1  🌷Отзывы: https://t.me/UC_CANDY_SHOP_FEEDBACK  🏅 Быстрое обслуживание  🏅 Низкие цены 🏅 Безопасность
candylad,group,Candylad Official Group,1067,CA: 0x136bfcdec5db31b565052451ad806014ab9f2b38  Official info: 🌍https://t.me/CandyladBsc  🇬🇧https://t.me/Candylad 🌐https://candylad.net 📢https://x.com/CandyladBsc
candy16618,group,🌹Candy男私密根骶保養🌹,2249,🕒營業時間：12:00--22:00 💆🏻‍♂️樓上骨：尖沙咀遠東大廈 👧年輕高質靚女 溫柔大方 手勢一流                📱電話📱： 91548295  ✅TG預約：@candy8295  ✅TG睇圖：https://t.me/candy16618
candykyun,channel,🎀🗝️呪いは甘い⑅,1433,
candyland59,channel,Candy Land🍭,974,"🍫 Самые оригинальные сладости, подарки, игрушки,  напитки со всего мира в Перми!  По всем вопросам - @veettm13  📍Пермь, ТРЦ «Планета»  📍Краснокамск, ул.Большевистская,4/1 📍Краснокамск, ул.Маяковского,7а 📍 ул.Энтузиастов,22а(Пятерочка)"
candys_country,channel,🏖🍭 жители конфетной страны 🍬🦑,149,"꩜ добро пожаловать в страну, где ваша горечь жизни превращается в карамель, а страхи — в сладкую вату..  ʚ𖦹ɞ  президент — @Essya_teenager Сов — @kittioli  Анкетница — https://t.me/+mpBRb79U7h9hM2Ri  19/30 Др: 22.10.  Создание : 2024 г  Союзы: 90 пдп"
art_candybox,channel,Коробочка сладостей,692,࣪ ˖ ࣪ ᨰꫀᥣᥴ᥆ꩇꫀ ! ᰔ         ִ ִ ׄ₍ᐢ๑•ᴗ•๑ᐢ₎ﾉﾞ  Подписывайтесь и угощайтесь конфетками.   Делитесь эмоциями в комментариях и не забывайте радовать админов реакциями    Админ: @AntonCondom Поддержите нас: https://t.me/boost/art_candybox
candy_del_channel,channel,Candy 🍭,394,Наш чат https://t.me/candy_del_chat Бот поддержки @MintCandySupportBot White Paper 3.0   https://docs.google.com/document/d/1JkucnDCMrse5xLfxWEJ-yZSKl5BVTRuaxzibu8GjhVw/edit?usp=sharing Наш сайт https://mintcandy.ru/
markirovka_sladosti,group,Маркировка. Сладости,415,Все чаты по маркировкам https://clv.sg/wpvl3
candydaystore,channel,Магазин подарков Candy Day,1554,Для заказа онлайн wa.me/79089952135  Наш сайт и цены www.candydayshop.ru  ТЦ Европейский 2 этаж 207 бутик ТЦ Черёмушки 4 этаж     • Бельгийский шоколад • Конфеты • Чай и Кофе • Сладкие подарки • Сладкие наборы • Букеты • Корзины  Доставка по городу!
candy_apple_cookieblog,channel,[ИВЕНТ] CANDY APPLE COOKIE BLOG🍎 #Беб,139,Канал самой настоящей Кэнди Эпл Куки!!
rosario_candy,channel,Авторские чётки М.М.,422,"Девичьи/женские чётки для делания Иисусовой молитвы. Ручная работа из камня, хрусталя, стекла. Для заказа: +79255639329 (WhatsApp, Телеграмм)"
candystore_nsk,channel,Кэнди Стор - магазин для кондитеров,872,Сеть магазинов для кондитеров профессионалов и любителей🧁  🟣экономим ваше время и силы 🟣контроль качества продукции 🟣бонусная система 🟣доставка до двери  Наш сайт 🌐https://candystore.su/?utm_source=telegram
candyspinz,channel,CandySpinz,773,
candy_stripe,channel,Эквестрийские приключение Candy Stripe,78,Тут буду арты  Candy Stripe и её друзей лоты наборы игры посиделки в пт  Юз влд: @flu_har Магазин : @Caramel_Lotus63
candys_runs,channel,Candy's runs[ ремонт ],19,
portkarix,channel,𐔌ᩧ౨ֲ֣֮֞🧁̸᷒ᰰຼ᜔ৎ ֦֦֪֦֟𐦯 ֧ ̻۫ ٕั𝒦ɑׁׅꭈׁׅ𝕚𝘟 ִֺ۪‌ׄꪆ .̺ ⋮͝𝗖𝗔𝗡𝗗𝗬 𝗦𝗛𝗢𝗣 𓈒⸂𓏵𑩚์ ִ ֹ֓ ⵿𔓶𑇓𝆬,210,Где берутся мтрл: @pngcoquette @arcane_png  𑱢᜔݊ ૮₍ ˶ᵔ ᵕ ᵔ˶ ₎ა  ⬞♡ ᘏ۟ ࣭ ⭒ֺ
vinahodki,channel,Вика подскажет 🖤,2515,"🖤Меня зовут Виктория 🖤  Если хотите узнать больше о брендах , то вам точно сюда 🤍    Реклама/ сотрудничество @vikakl07"
mama_pogodokh,channel,Вика с погодками,720,"Я Вика, и у меня погодки 🤪 Ульяна 3г. и Даня 2г.  Делюсь своим опытом материнства и рассказываю про нашу загородную жизнь 🏡 И конечно,про покупки для детей/себя Тут всё то,что меня окружает 🤫"
tailandmir,channel,Тайская Косметика Камчатка,288,"Только честные составы и реальные действия 💚 Без приукрас, всё от производителей  🇹🇭 Только для подписчиков — 🎁 промокоды, 🔖 скидки и 🌺 редкие находки из Таиланда!  Есть вопросы?  Пишите 👇🏼 https://t.me/taimir41  Доставка по городу ПК."
lena_candypan,channel,Lena_candypan,380,"Тренер по умному фитнесу и пилатесу 💪🏻 Интегративный нутрициолог без ПП головного мозга 🍲 Тут про жизнь:  🤸‍♀️полезные привычки  📖 рецепты 🧘‍♀️тренировки дома с удовольствием  💊и про то, как заменить аптечку с таблетками на аромамасла"
candyrp3,channel,• 𝒄ꨄ𝒏𝒅𝒚⇆𝒑𝒓𝒐𝒋𝒆𝒄𝒕. 🍪 (рест),216,
sweet_candy_shop,channel,𝒮𝓌ℯℯ𝓉 𝓈𝒽ℴ𝓅,157,"🍓 Приветствуем вас в Сладком шопе!  ❤️ Автор аватарки: @MineMinArt 🍪 Здесь можно покупать и продавать адоптов, ючи, коммишены и т.д. 🧁Чистка постов - раз в 3 месяца 🍰 По всем вопросам писать-> @maotouying_zai_fei @tapog_1"
candycat4,channel,Мир сладких снов..,80,Сладкий приветик! Надеюсь понравится 🍭🔮 •Владелец: @HahLoveDIes1 •чатик: https://t.me/+Su1U_9He0dJlYzQy •дᴩ ᴋᴀнᴀᴧᴀ: 29 июля •дᴩ владельца: 25 октября.
candys_00,channel,Кэндюх тгк,181,"Мой тгк с крутыми новостями по моему ютубу и жестким щитпостом Ютуб: https://youtube.com/@candys-001?si=wpWKGs19rNjYPa5l Полностью открыта для коллаб, предложений в помощи или какого либо сторудничества Писать исключительно по хуйне - @CanDys_0"
kindyscoffeeshop,channel,🧁 : Ꮶindy's Ꮯᴏffᴇᴇ Ꮪhᴏᴩ.,95,11.05 -
dischat1983,group,Дистиллят Чат,1740,
osmusha3,channel,осьмуша,1284,для сотрудничества - @linkitins
stepanbranddrawings,channel,Stepan Brand,154,Drawings etc.
zamechatelno6,channel,ЗаМеЧаТеЛьНо,87,Мне было лень придумывать аватарку поэтому смотрите на моё лицо
tankovs,channel,tankovs.ru фотограф Сергей Танков,171,Сергей Танков. Ваши особенные фотографии #photo #books
igorbwed,channel,Фотограф Игорь Бабенко📷,95,"Всем привет! Здесь вы увидите не только фотографии, но также мемы и викторины)  t.me/spikone vk.com/spikone spikone.ru MAX: https://max.ru/join/kOUvgJQkBK1MHG3EjQ6wgrc3N5OP6ZvxHz5Q19NXzjc"
sthv427,channel,Stickers Thv,131,
ostritskiy,channel,Александр Острицкий,49,всякие разности из моей головы
menestrelliaa,channel,энджии,35,⋆｡°✩ ⋆｡˚ ⋆｡°✩ ⋆｡˚⋆｡°✩ ⋆｡˚ ⋆｡°✩ ⋆｡˚  мью в закрепе @geelllyaaa
ogureckanal,channel,Огурец Канал,10,Основной движ тут🔞🤖
kruglyashi228,channel,Отлежка,1,Лютый пон   f4b1634dc
ivansekerin,channel,Иван Секерин ✨,1,❤️
ormar_ru,channel,Орлов Маркетолог,1,Эксклюзивные заметки маркетолога и анонсы новых статей в блоге
sz_sibir,channel,ЖК «СИБИРСКИЙ ДВОР»,910,"ООО СЗ «Сибирь» Красноярск  Загородный комфорт в 10 минутах от центра города!  Три 6 — этажных монолитно-кирпичных дома уже строятся в 24 квартале жилого массива Новалэнд, п. Солонцы.  🏡 Уютный пригород с чистым воздухом и зелёными зонами"
cremativeme,channel,Сremative - правда об уходе за кожей,525,"Женский канал о красоте, образе жизни, новинках и новостях мира красоты. Произвожу 🇰🇿 крафтовый уход с чистым составом 🚚 СНГ https://cremative.kz https://www.instagram.com/cremative.me"
cosmetelly_official,channel,Cosmetelly,450,"Косметика с ароматом известных духов и чистым составом 🤍  🔬 Авторские формулы 🍃 Натуральные компоненты 👩🏼‍🔬 Технолог-победитель 🛍 Купить в ЗОЛОТОМ ЯБЛОКЕ, ЛЭТУАЛЬ, OZON, WB, ЯМ  https://cosmetelly.mobz.link/all"
fondsea,channel,Пусть будет море чистым,228,Проект Фонда «Доступная среда»осуществляется при поддержке гранта Губернатора Кубани.
marinayalta,channel,"Вкусный "" Шедевр"" Ялта. Авторские торты и десерты 🍰 ПП, веган, без лактозы и глютена 🌿 Вкусно, красиво и с чистым составом👌",141,"Авторские торты и десерты 🍰 ПП, веган, без лактозы и глютена 🌿 Вкусно, красиво и с чистым составом Для заказов @marina_yalta_cake"
house_xaki,channel,Домовенок | Лайфхаки,82,
allinustore,channel,all in us ≷ store,1040,навигация и помощь — @boutallinus 🤍
razinstock,channel,ACTOK,365,"▹ Камера: Sony A7III ▹ Объектив: Tamron 28-75mm G2 ▹ Объектив: Viltrox 85mm 1.8 II ▹ Helios 40-2 1,5/85 ▹ Helios 44M-4 58/2 ▹ Экшен камера: DJI Osmo Action ▹ Смарт: Vivo x200 Pro"
evanstocks,channel,evanstocks !,141,instocks/occasional splits ^^ mostly enstars/prsk  admin: @ratsmash
newilsstore1,channel,𝒏𝒆𝒘𝒊𝒍'𝒔 𝒔𝒕𝒐𝒓𝒆🪭,273,𝘸𝘦𝘭𝘤𝘰𝘮𝘦 𝘵𝘰 ✿ 𝘯𝘦𝘸𝘪𝘭'𝘴 𝘴𝘵𝘰𝘳𝘦!!! ฅ^ﾐ⚈ ﻌ ⚈ﾐ^ฅ  буст — https://t.me/boost/newilsstore1 цель— 1к
cheesecakeinstockspain,channel,Durin's heart chamber,254,Instocks   @Minanaria @yuernss  https://t.me/+kMWmsbxsy-oxNGQ9 Channel link  https://t.me/cake_factoryses sub channel(?)
betnistr,channel,Nis Telegram,3121,"📲Avrupa'nın en prestijli online eğlence sitesine, adres değişikliğine takılmadan dilediğin anda erişmek için bu linke tıkla; https://shrt.vip/betnisgir"
tvoimammolog,channel,Твой Маммолог,1649,"Всем привет. Я - Смирнов Антон Игоревич, врач маммолог. Добро пожаловать на мой телеграм канал!👋🏼 Здесь я пишу о маммологии и немного (или много) о себе."
vozmidruga_pl,channel,Шерстяной дом,908,"Тут животные Пригорода, нуждающиеся в помощи.   Копилка для помощи бездомышам жилого района.   И хвостики, которые ищут дом.  ЖК Пригород Лесное  Для сотрудничества и публикации объявлений @e_katerisha  Помочь нам - #2202201244317539 Екатерина Андреевна Е"
krashtvonco,channel,Доктор Краш,691,"Крашихина Татьяна - к.м.н., врач-онколог, химиотерапевт, руководитель отделения онкологии N1 Клиники Лядова.  Простым языком о лечении, страхе, отношениях и жизни рядом с диагнозом."
med_kantiana,channel,УНИВЕРСИТЕТСКАЯ КЛИНИКА БФУ им. И. Канта,224,"Клинико-диагностический центр БФУ им. И. Канта. Г. Калининград ул. 9 апреля, 60"
massajvtashkente,channel,💆🏻Массаж в Ташкенте💆🏻,417,Канал для мастеров массажа из города Ташкента! Со всех его уголков!  По вопросам рекламы:  https://t.me/massaj_administrator
barv1kha,channel,Ｂ Ａ Ｒ Ｖ Ｉ Ｋ Ｈ Ａ 🥶,142,🪬Est. june 2022
centrshahterov,channel,Кузбасский клинический центр охраны здоровья шахтёров,323,Г. Ленинск-Кузнецкий
niko4472222tan,channel,никотан,41,
recplast,channel,Отделение реконструктивной и пластической хирургии ЧОКБ,43,"Заведующий отделением  +7 (351) 232-80-97  Ординаторская  +7 (351) 260-98-55, +7 (351) 749-37-82 Платный прием:  +7 (351) 200-20-02, +7 (351) 729-86-60"
lightpulse_vet,channel,LightPulse VET,134,Ветеринарная онкология для владельцев и врачей: ✧ фотодинамическая терапия (PDT)  ✧ электрохимиотерапия (ECT)  ✧ химиотерапия ✧ клинические случаи
kamchatskiyrubezh,channel,КАМЧАТСКИЙ РУБЕЖ,286,"Группа «Камчатский Рубеж» - это разные судьбы прошедших через СВО и преодолевших каждый свои беды людей. Их песни различаются многообразием слога и стилей, но объединяет одно – честность в каждом слове и пронзительное откровенное исполнение."
bespilotnik156,channel,JAMAIKA GROUP,245,Отряд БПЛА JAMAIKA GROUP Смерть сходящая с небес Слава России🇷🇺🇷🇺🇷🇺 По всем вопросам обращаться  @molodoy156ru
interlera_ru,channel,Дизайн интерьера INTERLERA в интерьерах,243,"Дизайн интерьера https://interlera.ru   Валерия Сырцева @interlera  Более 100 реализованных проектов  Планировки, визуалки, полностью готовый проект для вашего ремонта; сопровождение ремонта, с нашей или вашей бригадой работаем с B2C и с B2B"
lifeismuch,channel,VIRINA: Пошаговый дизайн-проект дизайнер интерьера,249,"Владелец: @virina_lukas Сам? По плану? Под ключ?  Создайте интерьер:  1) сами;   2) по моему проекту; или  3) с моей бригадой под ключ.  Подписывайтесь на мой канал:  здесь мы разбираем самые рабочие инструменты, которые помогают контролировать дизайн"
perviyotryadd,channel,1 отряд. Белая Медведица,89,
ast_consultig,channel,АСТ-КОНСАЛТИНГ: ВСЕ О ГОСЗАКАЗЕ!,598,"Новости ГОСЗАКАЗА. Финансовые, образовательные и юридические услуги для участников госторгов по 44-ФЗ и 223-ФЗ!"
potapova_officially,channel,Потапова. Официально,293,"Офиальный  канал Елены Станиславовны Потаповой - заместителя председателя Постоянной комиссии Палаты представителей по государственному строительству, местному самоуправлению и регламенту."
rstc_official,channel,РНТЦ по ценообразованию в строительстве,142,"Официальный канал государственного предприятия ""РНТЦ по ценообразованию в строительстве"" Сайт: https://rstc.by"
bhrcnews,channel,تازه های راه، مسکن و شهرسازی,238,www.bhrc.ac.ir
roosedaria,channel,Roose.vibe,176,"Всё строго по регламенту, даже сарказм.   Нервная, иногда нервирующая председатель Судейского Комитета. Она же мать прекрасного не ангелочка. И жена того самого экстремала."
solpro_expert,channel,Solpro Expert,847,"SOLPRO | Промышленные жиры и маргарины ""РУСАГРО"" 🧈Вопросы по продукции +7 999 555 77 68 Телемаркетолог @consultant_Rusagro Каталог SOLPRO — https://www.solpro.ru/baza-znanij/katalogi/"
sfera_dykhaniya,group,Студия «СФЕРА ДЫХАНИЯ» Энгельс,450,"🤗Приветствуем вас в студии коррекции фигуры и здоровья «Сфера Дыхания».  Наша студия направлена на улучшение состояния здоровья, стройности, энергии, ментального состояния, а так же нормализации работы нервной системы.  Адрес: Энгельс, ул. М.Горького 56"
sphereband,channel,СФЕРА,71,"уфимская группа ""СФЕРА"" рады каждому новому фанату!!"
msk_sfera_msk,channel,Мск Сфера,2517,
lesyapoplavskaya,channel,Lesya Poplavskaya,2977,Watercolor Artist. Portrait painter Сотрудничество/ арт/бьюти сфера: @lesya_poplavskaya
sferatv_nsk73,channel,Сфера-ТВ🎗Новоспасское,3128,Новости Новоспасского района здесь!🔥
sfera_play,channel,Игротека СФЕРА,342,"⚡️Самая новая и полезная информация о жизни клуба 📲 +7(925)334-10-84 📍 Троицк, ул. Лесная 4Б 💳 Записаться на занятие 👇  https://forms.yandex.ru/u/66ab7885e010db07fdbabc79"
sfera_dosuga,channel,Сфера🎨 Пространство досуга для детей и взрослых,269,"Находимся по адресу: береговая 1к8, угловой вход со стороны кольца"
vlztrend,channel,СФЕРА | Магазин iPhone,2369,Магазин техники Apple   Адрес: г.Волжский пр. Ленина д.333 Каждый день с 10:00 до 20:00ч  По любым вопросам 🔽 Менеджер @MedvedApple 📲+79610799392 🌐http://vlztrend.ru/
sferapublic,channel,СФЕРА,1260,"Актуальные события России и мира🔥  Политика, экономика, технологии, культура - все, что важно, в одном месте📰  Подписывайся, чтобы всегда быть в теме!📲"
neosfera_school,channel,НЕО•СФЕРА | частная школа,192,"🎓 Частная семейная школа 1–8 классы Обучение в малых классах, внимание к каждому ребёнку  📚 Подготовка к школе | Продлёнка ➕ Нейрофитнес | Китайский язык | Каллиграфия  📍 Пятигорск, ул. Украинская, 44А 📩 https://t.me/neosferaadmin"
hygienemark,channel,"Важное про маркировку гигиены (бумага, вата и прочее)",330,"Публикуем новости, обновления, приглашения на мероприятия.   Чат товарной группы — https://t.me/+0U4_muAGj944ZTgy  Почта: chemistry@crpt.ru"
gigiena_saratov,channel,Ваш Центр Гигиены Саратов,530,💯 лабораторный центр Роспотребнадзора  🔻Исследования  🔻Экспертизы  🔻Дезинфекция  🔻Санминимум
sonintgkanall,channel,Глоу ап Соня 🍓,2765,https://www.tiktok.com/@glowupsonya насчет рекламы:   @JAM_AD @plwvak @CHE_team_work
joonies_ru,channel,Joonies,4553,"Особенные средства гигиены для малышей и всей семьи 🩵  Те самые подгузники и трусики со зверятами на попке, прокладки, салфетки, пелёнки, вкладыши для груди и многое другое."
geliodent25,channel,Гелиодент,590,Всегда профессиональное решение сложных стоматологических задач!  •Лечение зубов в 1 контакт •Имплантация экспертного уровня •Правильное протезирование зубов •Воссоздание улыбки винирами •Коррекция элайнерами и брекетами •Наркоз  С заботой о Вас!
mymusepro,channel,MYMUSE - вдохновленная тобой,3256,🪄👸🏼| для волос | для тела | для лица | для интимной гигиены  нельзяграмм: https://www.instagram.com/mymuse.pro?igsh=MWQxNjl5cmllMWF5ZQ==  ozon: https://ozon.ru/t/qyD56iJ  wb: https://www.wildberries.ru/catalog/0/search.aspx?search=mymuse
smolcge,channel,Смолевичский районный центр гигиены и эпидемиологи,103,"🔬 Виды работ: • Дезинсекция (уничтожение насекомых) • Дератизация (грызуны) • Дезинфекция (микробы, вирусы, COVID) • Лабораторные анализы (продукты, вода, смывы) • СЭЗ (санитарно-эпидемиологическое заключения), договора."
altcge22,channel,"ФБУЗ ""Центр гигиены и эпидемиологии в Алтайском крае""",734,"Мы, Центр гигиены и эпидемиологии в Алтайском крае, заботимся о здоровье жителей нашего Края и работаем над тем, чтобы обеспечить качественное санитарно-эпидемиологическое просвещение.  ВК: https://vk.com/altcge"
rospotrebnadzor58_ru,channel,Роспотребнадзор Пенза,410,Официальный канал Роспотребнадзора по Пензенской области
rospotrebnadzor_68,channel,Управление Роспотребнадзора по Тамбовской области,321,Официальный Telegram-канал Управления Федеральной службы по надзору в сфере защиты прав потребителей и благополучия человека по Тамбовской области
hygiena_test,channel,HYGIENA,153,HYGIENA - мировой лидер в области тестирования безопасности пищевых продуктов.  Белфармаком (ГК ВИК) - является официальным дистрибьютером Hygiena в России.
rnd_dgp17,channel,ГБУ РО ДГП17,494,"ГБУ РО ""Детская городская поликлиника №17"" в г. Ростове-на-Дону"
cge48,channel,"ФБУЗ ""Центр гигиены и эпидемиологии в Липецкой области""",297,"Официальный канал ФБУЗ ""Центр гигиены и эпидемиологии в Липецкой области"""
nmu_hygiene1,channel,СНГ кафедри гігієни та екології,63,Інформаційний канал СНГ кафедри гігієни та екології НМУ імені О. О. Богомольця  Facebook: https://www.facebook.com/hygieneNMU  Instagram: https://www.instagram.com/hygiene_and_ecology?igsh=azFjOXg4MDh2ancy  Староста гуртка: @Ksiushen
mama_moet,channel,BABYiD,598,Официальное сообщество BABYiD  🌱 натуральные средства детской гигиены 0+  www.babyid.ru  Канал ведет основатель бренда Ирина Доброва @Ira_Dobrova  📍Для связи https://t.me/babyid
gbbruhonenko,channel,"ТОГБУЗ ""ГБ им. С.С. Брюхоненко г. Мичуринска""",336,Канал медицинской организации
shopping_china_light,channel,Ш⃨о⃨п⃨и⃨н⃨г⃨ в⃨ К⃨и⃨т⃨а⃨е⃨: Л⃨е⃨г⃨к⃨о⃨ и⃨ В⃨ы⃨г⃨о⃨д⃨н⃨о⃨ 🇨🇳,96,✔️Покупай выгодно и без рисков  🛍Совместные покупки по низким ценам  📌Советы и лайфхаки по выгодным покупкам  ✔️Подписывайтесь и начинайте экономить  По всем вопросам пишите мне @Anastasiy_br   Каталог 🛍 https://t.me/Kitay_zakupki_25
gigiena_test,channel,Гигиена и санитария | Тесты с ответами,30,"Представляем онлайн тесты с вопросами и ответами по специальности «Гигиена и санитария» (среднее образование), включающий несколько сотен аккредитационных вопросов. К каждому вопросу прилагается правильный ответ."
chemprie,channel,♡゙ㅤ 𝐜𝐡𝐞𝐫𝐢𝐞 ֺ 𝓅𝓇𝒾𝒸ℯ ִ,188,
chembaby,channel,Chembaby,121,https://chembaby.ru  Платформа для обмена учебными материалами и отзывами на преподавателей МГУ
chemiokro,channel,CHEMI OKRO,131,HANDCRAFTED WILD JEWELRY PIECES   inst @CHEMI_OKRO personal messages @chemi_okro  OFFLINE MOSCOW:  шоурум «Пространство 33» м.Добрынинская  ул.Валовая 33
anjoman_elmi_ccerci,channel,anjoman_elmi_ccerci,110,انجمن علمی دانشجویی پژوهشگاه شیمی و مهندسی شیمی ایران
dk_chemp,group,DK CHAMP FR LEGENDS,162,
elkoprofi,channel,ЭЛКО профи,367,Юридическая фирма • Адвокатское бюро Сайт • elko-profi.ru
force_force0,channel,چەناڵی ¹²⟨💎Fᴏʀᴄᴇ⟩,115,چەنـاڵی ¹²⟨💎Fᴏʀᴄᴇ⟩  چــەنـــاڵـــێـــڪ تــایـــبـــەت بـــەوانــەڪــانیــے   🔭فـــیـــزیـــا & PHYSIC 🧪ڪــیــمــیــا & CHemistry   Owner : @darinn_0  manger : @Barznjy_07                 @I1REEE                 @a1ahmad_1  We born to win💎.
mprofi_msk,channel,M-PROFI MSK,136,"Центр спортивных единоборств.   1.  М-ПРОФИ Мусоргского (ул.Мусоргского 3, 2-й этаж) м.Отрадное  2.. М-ПРОФИ Березка ( ул.Берёзовая аллея 14Бс1) м Ботанический сад."
styleandhouse,channel,STYLE HOUSE,171,"Салон мебели и декора🌻  STYLE HOUSE  Адрес: Новорижское шоссе 7 км от МКАД, ТРЦ РИГАМОЛЛ,  1 этаж - напротив касс «Азбука Маркет»  Инстаграм: instagram.com/styleandhouse.ru Тел.: 8 964 503 83 33 Наш сайт: www.styleandhouse.ru"
ginphotosophy,channel,Stars Full of Foxes | Белый лис,183,"Канал современной женщины с мужем, сыном и двумя котами. Книги, писательство, фотография, девопс в банке. Второй канал про родительство - https://t.me/fox_homelander Связь со мной - @NaumenkoT"
pyatnoffkmv,channel,"Химчистка ""ПЯТНОFF""",191,"👮20 лет на страже чистоты ⛽️Итальянское оборудование 🌏Работаем по КМВ, РСО и КБР 🚙 Выезд на дом/офис"
kehrenbuerger_lichtenberg,channel,"CleanUps mit ""Kehrenbürger LICHTENBERG""",41,"Sa, 20.6. - 10-12h 87. CleanUp am Sa, 04.07.2026 - ab 10h (Osterwäldchen) - Koordinaten s. Website https://kehrenbuerger-lichtenberg.org/cleanups/   Link zum Chat: https://t.me/+UI8jvN8JvRqDzRTy"
jundome,channel,JUNDO,287,"Бьюти-химия JUNDO, вдохновленная японским качеством 🎎"
abukionlinezone,channel,𝘼𝘽𝙐𝙆𝙄 𝙊𝙉𝙇𝙄𝙉𝙀 𝙕𝙊𝙉𝙀,518,
merci_delta,channel,MERCI DELTA | Всё для танцев и спорта,119,"✨Одежда, обувь и аксессуары для танцев и спорта ✨  🚕Доставка по Ташкенту   🚚Доставка по Узбекистану (BTS) 🔝Примерка в @merci_danse | обмен ✅  📌Запрос на наличие и новинки 📩@MerciDeltaAdmin 📞+99893-4042343"
orgbox,channel,Organic-box,97,"Место, где женщины расцветают. Селективная косметика для избранных 👸 Магазин селективной косметики Органик Бокс https://organic-box.ru"
upfoorsale,channel,𝘶𝘱𝘧𝘰𝘰𝘳𝘴𝘢𝘭𝘦,51,
kinderqqu,channel,ᴨʙᴄ ᴏᴛ ᴋиндᴇᴩᴏʙ✧,177,ᴀᴩиɯᴋᴀ ᴋиндᴇᴩ яя🤍 ʙᴩᴏдᴇ ᴨᴇᴩʙыᴇ  ᴩᴀды ʙᴄᴇʍ)🫶🏻 цᴇᴧь - 200 ᴋиндᴇᴩᴏʙ.𖥔 ɜᴀᴨᴩᴏᴄы ᴋᴀждый дᴇнь!🫣
yika_aha,channel,"ㅤֵahaㅤ𓐇 𓏺 ㅤִ да, я кинню и.. ࣪",141,
kimetsu_no_yaiba_artask,channel,Kimetsu no yaiba art ASK,108,"Приветствую вас в арт-аске посвященный манге/аниме ""Клинок, рассекающий демонов""!  Здесь вы можете задать вопрос своему любимому персонажу или опробовать себя в роли отвечающего.   Очень важно, не забудьте ознакомиться с правилами!"
klinok234,channel,✧⁠◝Kny｡Bsd｡Oshi no ko◜⁠✧,183,Добро пожаловать в наш канал! Канал начался в 07.05.23 ^^ По вопросам писать- @HoshinoAi16y По вп- @HoshinoAi16y  Инфо:https://t.me/infoshirino_283 Надеюсь вам здесь будет уютненько(⁠≧⁠▽⁠≦⁠)
anyuthhingg,channel,πթøҝʟяtыŭ ∋ñᴛᴜᴜнг.,272,начало: 29.06.25 вся инфа в закрепе анон: @anyuthhingg_bot
yesikinnlcb,channel,"Да, я кинню и я. . . [ Limbus Company! ]",176,• Предложка @YesIKinnLCB_Bot (*´﹀`*) • Предложка идей для нашего канала @WishesYesIKinnLCB_bot
klining_v_tbilisi_otzivi,group,Клининг в Тбилиси - ОТЗЫВЫ,62,Клининг в Тбилиси - ОТЗЫВЫ В данной группе публикуются только отзывы о нашей работе по клинингу
costfree_cleaning,channel,Вжух&Чисто: Идеи для бизнеса и дома,28,"""Вжух&Чисто"": профессиональные советы по клинингу  для бизнеса и дома. Оптимизация рабочих процессов и создание уюта без лишних слов. Присоединяйтесь для поиска эффективных решений."
milkis1443,channel,::–ƿɪⲛκ ⨍ʟɑⲙ૯ઽ🌌,14,
sprunki_kinni,channel,"√|Да,Я кинню и...|SPRUNKI.",19,-#🌍:Кинни!Канал по Спрунки^^
blkingskny,channel,заморозка . 𝗕l𝗈𝗈d 𝗼f 𝗞𝑖𝑛gs,27,cr : RHINTH on x                 сетка да lelelele
krasnyy_smekh,channel,красный смех,9,Для рисовак(моих честно)
kinnmlp,channel,"ДА, Я КИННЮ И. . | 𝐌𝐥𝐩",8,Начало: 04.07.26
mamasitterarty,channel,Mamasitter Arty🐣,270,"Няня в декрете ✌🏻  У меня на канале можно наблюдать за нашим life - ом с Артёмом  Пишу о няньской деятельности для родителей, своих мамских делишках, и сравниваю WB и Китай😎  Помогу Вам сэкономить Ваши денежки на шоппинге 🤗   Связь ❤"
julia_serenkova_org,channel,Хранение и порядок | Организация пространства с Юлией,65,"Вы устали искать ответ на вечный вопрос: ""Что где валяется и когда это закончится""?  Меня зовут Юлия и я - организатор пространства.  Я помогу вам разместить ваши вещи в доме или квартире учитывая не только правила эргономики, но и индивидуальные привычки"
nina_video,channel,НИНА КАРАЧИНА | КАНАЛ📲,72,"Видеомейкер. Превращаю часы вашего мероприятия, в минуты воспоминаний. Видеоконтент для тебя и твоего бизнеса."
nlastenka203,channel,Nlastenka,708,
teachertovka,channel,Teachertovka,140,"Информация обо мне, уроках и просто рунглиш"
yuliarevafrilans,channel,МАМА ПО ПЛАНУ,456,"Если честно, начиная в онлайн, я бы выбрала наставником… себя 😅  Но могу помочь тебе 🤝 выстроить доход без опыта, и «волшебных кнопок» Связь со мной 👇 https://t.me/yulia_rewa"
goatnchvaa,channel,goatnchva📿,110,ваш будущий тренер по йоге fysm по всем вопросам обучения писать в лс-@goatnchva
vopros_otvet_classroom_1c,group,Форум: Вопросы/Ответы по 1С: Программе,40,В этой группе можно задавать вопросы по 1С: Программе
skravetsa,channel,«Студия Кравец»,83,Фланкировка шашкой ⚔️
academyfitnessa_nvkz,channel,kate.academyfitness,136,
art_profi,channel,Курсы маникюра | Омск | Арт Профи,235,"ЦО ""Арт Профи""  🏆Международный уровень🏆 Призёры чемпионатов России, Европы, Мира 🌍  Лицензия на обучение 📃 Курсы 👉 www.art-profi.com  ☎️ 89059406545 Группа в vk.com/arprofi  Магазин 👉 www.shop-nail.com  ☎️ 89081084835 Группа vk.com/artprofis"
orzudagidey,group,🕊️𝓞𝓻𝔃𝓾𝓵𝓪𝓻𝓰𝓪 𝓫𝓲𝓻 𝓺𝓪𝓭𝓪𝓶🕊️,107,"O'zingizni sevishni qanday o'rganish kerak? 💘💘💘  Hozirdan boshlang - Bu kanal nafaqat o'zini sevishni o`rgatadi, balki.. ✅ O`zingizga ishonch ortadi ✅ Siz tanangizni yaxshi ko'rishni boshlisiz ✅+18 siz uchun kerakli mavzular  Savollar uchun  @coraal_tr"
omsk_child,group,Подготовка к школе. Омск,50,
angela_ostapovich358,group,Анжела Остапович. Обучение флористике ОНЛАЙН.,19,"ФЛОРИСТИКА как ИСКУССТВО.  Говорим о Академической и Коммерческой флористике, флористах, мастерстве, профессиональном подходе.   Канал школы: https://t.me/art0112358"
anastasiaxcoach,channel,Anastasia Ignatenko,15,"Inspire, motivate, and connect humans who are curious about self-development growth. Get more news: @anastasiaxnews."
integradoc_bot,bot,Ольга Никитина. Обучение интегративному подходу,,
blonskayacourse_bot,bot,Курс «Осознанные Отношения»,,Описание курса
innaeducate_bot,bot,Инна Научит | Цифровой помощник,,
bambienglish1,channel,bambi english | уроки английского,8,Вся информация об уроках   Запись на уроки @bambixae ❣️  тгк: @bambienglish
voronina_school_bot,bot,Школа Елены Ворониной,,Школе Елены Ворониной. Обучени и курсы
lasmedspb_bot,bot,💜 Обучение врачей лазерным технологиям и ФДТ,,Повышение квалификации в области лазерных технологий и ФДТ. Запись на обучение в Tg/Vb/WA по тел.: +7911 220 38 90
lve_usligi,channel,"Learn, Volunteer, Empower. Услуги",5,
ir_learning_bot,bot,iRidi-бот по обучению,,
skm_school_bot,bot,Команда Школы карьерного менеджмента,,
numerologi_kurs_bot,bot,Стратегічна Прогностика | Світлана Чабанюк,,
coaching_ecu_bot,bot,Коучинг по международным стандартам🤝,,Чтобы проконсультироваться по поводу международной сертификации коуча пишите @Ecu_educationBot
nevzorovaschool_bot,bot,Школа Ирины Невзоровой,,www.Nevzorova.expert
alnebogatikova_bot,bot,Курс по спецблонду Алены Небогатиковой,,Ссылочка на курс https://alnebogatikova.pro/p/lvlboginya/
rusakova_praktikumbot,bot,Интенсив по английскому,,"Начните уверенно говорить на английском, понимать английскую речь на слух и улучшите произношение до желаемого уровня"
childbirtheducatorbot,bot,Бот КурсаВедущих Doula Link,,
licensed_cosmetology_study_bot,bot,"""Licensed Cosmetologist"" новая профессия",,
cosmetologist_training_bot,bot,ОБУЧЕНИЕ Косметик эстетист,,
rodkinacoachassistant_bot,bot,Женя Родкина | твой коуч,,"Жми «практика», чтобы начать действовать🖤  Автор: @rodkina_coach Канал для экспертов: @zhenyavdvizhenii"
trinity_gpt_bot,bot,Троица GPT,,Прямая линия с Богом
smartlab_aibot,bot,Смарт Лаб | Глубокая расшифровка анализов,,👩‍⚕️ Быстрая расшифровка мед. анализов 💬 На понятном языке 🌿 Забота о здоровье — в один клик
allskillstrainingbot,bot,AllskillsTraining,,"Seminare, Workshops, Schulungen & Kurse live & online 👩‍💻 zu IT-Themen, Anwendungen, SiftSkills"
alisa_tulynina_bot,bot,Мастер-класс Алисы Тулыниной,,
anntvoytrener_otziv,channel,Отзывы Охудительная Аня,1,Основной канал @anntvoytrener  Связаться со мной @ann_tvoytrener
web3nity_team_bot,bot,web3nity team,,Официальный бот ai-education при поддержке Web3nity. Мы обучаем работе с нейросетями!
dr_liverko,channel,КЛИНИКА ИНТЕГРАТИВНОЙ МЕДИЦИНЫ,770,Врачи остеопаты•мануальные терапевты•неврологи•эндокринолог Приемы ведут психологи•массажисты для взрослых и детей•педагог-нейроспециалист•нутрициолог Выполняем аппаратную диагностику осанки•стоп•биоимпеданс Изготавливаем индивидуальные стельки Liverko.ru
sivernet,channel,🇷🇺 Сиверский.нет,1611,Информационный портал №1 в п. Сиверский Сайт сиверский.net Группа ВК https://vk.com/siverskiy_net
sibagro_official,channel,Сибагро,3168,"«Сибагро» — в тройке лидеров по производству свинины в России. А еще производим куриное мясо, яйцо, мясные деликатесы и комбикорма.  https://sibagrogroup.ru/  Пресс-служба: +7 (3822) 90-00-51 Чат-бот службы качества: https://t.me/testagro_new_bot"
sivkoofficial,channel,Сивко А.В.🇧🇾ОФИЦИАЛЬНО:,285,"🇧🇾Анатолий Сивко, ваш депутат Палаты представителей Национального собрания Республики Беларусь по Докшицкому избирательному округу №22 (Докшицкий, Глубокский, Миорский районы)"
siversprom,channel,СиверсПром | Натуральные сиропы и кордиалы,311,"Собственное производство сиропов и кордиалов.   • Более 5 лет на рынке • Розница, опт и производство под СТМ  🔗 Связаться с нами: @siversprom_info 🔗 Оставить заявку: siversprom.ru"
suvorovsatbo,channel,SuvorovSATBO,469,Контакты для связи @Samiilubimii
serov_mzso,channel,Серовская городская больница,374,"Официальный канал ГАУЗ СО ""Серовская городская больница"""
severouralsky,channel,Североуральский | Блог Всеволода Синкевича,72,"В своём блоге буду делиться с вами своими достижениями, увлечениями и радостными событиями, а также поддержкой тем, кто в ней нуждается."
shrimp_neko,channel,креветко,88,🍗тащи арматуру
sebezh_ski,channel,СЕБЕЖ ЛЫЖИ,31,Даниэль Вавере спорт с чистого листа
mammamia_abba,channel,Группа Мамма Мия | Трибьют АВВА | Тюмень,52,🎶Мамма Мия ✨Живой трибьют ABBA 💃Хиты • шоу • энергия  Группа в ВК https://vk.ru/club236596098
mamagurme,channel,Особое и специальное меню,145,Мы служба доставки готового питания для людей со спец потребностями в еде – MamaGurme. 🚘  Для заказа: @MamaGourmetBot  Несколько фактов о MamaGurme: 💛Накормили более 7000 семей в Москве и московской области 💛В нашем меню более 90 блюд
mama_gabrieli,channel,Преподобный Гавриил Самтаврийский (Ургебадзе),14953,Человек без любви - как кувшин без дна.  Обратная связь с группой: @ADS_and_communication_groups_bot
mia_roux_69,channel,❤️‍🔥 MIA ROUX ❤️‍🔥,1064,My brandnew Channel
mia_sorety_miasoretyfans,channel,Mia Sorety 🌶,15291,
mia_innen,channel,MiA.innen,398,Migrantinnen einfach stark im Alltag (MiA) 🇩🇪 Kurse für Migrantinnen in Deutschland 🇩🇪 Kostenfrei: gefördert durch BAMF  linktr.ee/mia.innen
morozova_mia_art,channel,mia.art,3102,
mia_travels,channel,Mia Travels | Твой билет тут ✈️,632,"Я - Татьяна, онлайн-турагент  Для подбора тура пишите @miasnikova 📨  В этом канале обзоры стильных отелей, горящие туры, новости из мира туризма и мои рекомендации для путешествий 🧳  Больше личного здесь https://t.me/instagramiasnikova"
mia_fuerte31,channel,Книжная фея Mia 🧚‍♀,705,"Канал для души,  для любителей современных романов 18+,фентези,дарки,готика.Автор, отзывы на книги, обзоры фильмов. 💖По вопросам сотрудничества пишите в чат канала.   Киноманим, фанат Netflix 🥰"
miavoro,channel,BrowsHub: Маша про брови,890,"Тут говорю про себя, про брови и развитие в бьюти 💜  ИП Колиш М. С.  Колиш Мария Сергеевна  ОГРНИП 323508100072767 ИНН 502732033474  контакты: 89269441350 masha.vorozh@yandex.ru"
clinika_susmu,channel,Клиника ЮУГМУ,470,"Официальный канал Клиники ЮУГМУ Минздрава России  🩺Многопрофильная медорганизация федерального уровня.  🎓21 д.м.н. и 45 к.м.н.  🧑‍🍼 Современный ""теплый"" роддом  🦷Детская и взрослая стоматология  📍 Челябинск, Черкасская, 2  vk.com/clinika_susmu"
belaya_stomatologiya,channel,БЕЛАЯ СТОМАТОЛОГИЯ | Казань | Йошкар-Ола,326,"Клиника для всей семьи 🤍  Безболезненное лечение: импланты, виниры, брекеты, элайнеры, гнатология, кариес, чистка, отбеливание, детская стоматология.  📍 Баки Урманче, 7 / Петра Полушкина, 6 🕘 Ежедневно 9:00–21:00 📞 +7 (843) 210 09 78"
bahamasalon,channel,"""Багамы для мамы""🌴Салон красоты для мам",229,✨ Заботливый салон красоты с детской комнатой и няней! 🌸 Все виду услуг красоты   📍ул. Ильюшина 10 (м. Комендансткий пр.) @bagamasalon_Komenda 📍Дальневосточный пр. 33/1 (м. Улица Дыбенко) @bagamasalon_Dybenko 📲 Онлайн-запись https://n1348484.yclients.com
cisspfree,channel,All FREE IT FILES,3635,This channel is dedicated to provide the free stuff and material for ALL IT EXAMS  join us today!
insaitum,channel,Инсайтум,57,"Это канал — о психологических секретах, которые помогут тебе понимать себя и других. Здесь ты раскроешь истинную суть мира и научишься использовать её в свою пользу."
lapefamm,channel,"Я наелся после дождя, на меня не рассчитывайте",2745,
numero757,channel,ВИКТОРИЯ КРАВ Нумерология ️ Расчёты,195,"Привет, меня зовут Виктория🤍  Тут ты найдёшь простые расчёты, подсказки или сможешь получить глубокие знания по нумерологии на курсе ""ФЕНИКС"" 🔥  ❗Более 1000 консульций  Я могу изменить и твою жизнь тоже🙌"
podval_cemki,channel,Подвал семки,120,"Приветствую, здесь рисуется всякая херня, так что на что-то годное не рассчитывайте 🙂"
kristaroshkkk,channel,КРИС | TAROSH_KKK 🩶,89,
iofyb,channel,Записки одного мэломана,25,На умные мысли даже не рассчитывайте
xe1he,channel,𝘢𝘩𝘺𝘦𝘰𝘶𝘯𝘩𝘦𝘭𝘱,,
credachok_tendena_lol,channel,[Полузаморожен] ‡ Чердак Тенда 2.0,4,"Приветствую! Я Тенд, начинающий художник, рисующий по разным фандомам.  В основном рассчитывайте на долгий неактив, если всё же хотите присоединиться.  Дата создания: 29 декабря"
kristallizolbot,bot,Расчёт расхода материала,,Официальный бот для расчёта расхода материалов Кристаллизол
family_budget_2026_bot,bot,Бот РАСХОД,,"Учёт семейных расходов — текстом, голосом или банковской выпиской. Всё в твою Google таблицу."
elitestylebot,bot,Расчет стоимости ремонта,,
fluid_calc_bot,bot,Fluid Calculator,,В этом боте ты сможешь за 3 минуты рассчитать смету по готовому дизайн-макету.  Наш канал: https://t.me/fluid_studio
mileageauto_bot,bot,MileageMath,,"Привет, я помогу тебе рассчитать расход авто, нужно лишь заполнить пару пунктов! 😊"
msksknebo_bot,bot,⚡️СК НЕБО - расчёт стоимости работ,,
catalog_plans_smeta_bot,bot,Расчёт сметы строительства на Catalog-Plans.ru,,Бот для отправки заявок на расчёт сметы строительства
racionis_bot,bot,МОЙ РАЦИОН,,🥦 Расчёт калорий и БЖУ под вашу цель — за 1 минуту Политика и оферта: https://telegra.ph/Politika-i-oferta-10-24
legalcalc_bot,bot,LegalCalc_bot,,"Расчёты пеней, процентов по ч. 14 ст. 155 ЖК РФ, ч. 14.1 ст. 155 ЖК РФ и ст. 395 ГК РФ"
ddiarye,channel,my diary,4842,adm @elinnkhh  https://t.me/beautyholic7
salebykarpenko,channel,RESALE by Karpenko,327,Новая жизнь красивым вещам https://t.me/katikarpenko
wheress_my_gun,channel,Где мой пистолет?,519,"Раздаю стиля , делаю честные обзоры брендов и заведений, показываю бьюти и фешн-находки.  Все что приносит удовольствие. Богемно, изысканно, откровенно."
drugaya_kravchenko,channel,Drugaya_Kravchenko,290,
e71lr0ck,channel,AНА ЖНЕЦ 🫀,199,a.k.a ANA371LR0CK 🗡️ по всем вопросам : @immobilized
rufinarotman,channel,GARAGE SALE by RUFINA,22,переезд заставил меня почистить гардероб
medyanik_elena,channel,ELENA MEDYANIK,116,
moe_prostranstvo_irk,channel,"Фотостудия и прокат образов для, фотосессий",70,
talanovamoda,channel,🪡🧵,52,
like_nowhere,channel,Like_nowhere,8,Про интерьер для жизни
fitnesslifekomend,channel,FITNESS LIFE Комендантский,1813,"Официальный канал нашего фитнес-клуба 🏋️‍♂️💚 Здесь можно найти актуальное расписание занятий, важные новости и полезные советы для тренировок.   Будь в курсе, будь в форме! 💪✨  Телефон офиса: 8(812)-220-82-22"
marygas_nutrition,channel,PRO ЗОЖ с mary_gas,245,"🌱Канал о БАДах и полезностях  По всем вопросам, приобретению меню и оздоровительных программ @mary_gas"
fiftygymmoscow,channel,50 GYM | фитнес-центр в Новой Москве | FIFTY GYM,623,♦️ 5000m² здоровья и спорта  ♦️ полный спектр услуг ♦️ уникальные авторские программы ♦️ бассейн | детские секции | EMS | бокс | кроссфит | массаж   Присоединяйтесь к нашему комьюнити #50GYMfamily.  Подробности тут👇🏽  https://t.me/FIFTYGYM_bot
metrofitness_saratov,channel,MetroFitness Саратов,1152,"Федеральная сеть спорт-клубов  • круглосуточный режим работы • профессиональное оборудование  • высококлассные специалисты • более 20-ти различных групповых программ • единая карта сети  Центр: ул. Московская, 129/133 Солнечный: ул. Тархова, 58"
fitness_yoga_kommunarka,channel,"Персонализированная студия ""ФИТНЕС и ЙОГА""",256,"Студия с комплексным подходом.  Занятия в группах до 8 чел.  Здесь мы формируем свой персональный образ жизни шаг за шагом, чтобы чувствовать себя здоровой, счастливой и энергичной.  Москва, Бачуринская, д. 7, корп 2 По сотрудничеству 📝 @KaterinaFrolova"
natalya_yud,channel,ПРО жизнь| Наталья Юдченко,293,Декрет стал стартом : мой доход вырос втрое за 2 года. Чек уже от 200 +₽/мес. Обучаю работе онлайн с нуля !   📲 О компании ⏩  @YudchenkoNatalia_bot 📲Регистрация⤵️ https://ru.siberianhealth.com/ru/shop/user/registration/PRIVILEGED_CLIENT/?referral=2591039
streetfitmsk,channel,стритфитнес.москва,131,Тренировки в парках Москвы круглый год. Запись на бесплатное групповое занятие 👉 https://стритфитнес.москва или @streetfit_msk
hiitworks_fitness,channel,hiitworks,374,фітнес для зайнятих
igorlapinsales,channel,ИГОРЬ ЛАПИН | ПРОДАЖИ В ИНФОБИЗНЕСЕ,679,Показываю в реальном времени как мой отдел продаж ежемесячно делает от 25 - 65+ млн рублей!
biofitness_vl,channel,Биофитнес | Фитнес-клуб,487,"Клуб персонального фитнеса, где в центре внимания: Вы, ваше здоровье и комфорт.   ▪️Тренажерный зал ▪️Персональные тренировки ▪️Групповые занятия    «Биофитнес» - фитнес для жизни!  📍Проспект острякова, 8    Узнать больше: https://bio-fitness.taplink.ws"
nikitinaonline100,channel,🔥МАМА на удалёнке / научу и тебя,1291,"Обучила 150 обычных женщин, зарабатывать с телеграм от 70к ежемесячно   Забери от меня подарок 🎁 «Бесплатный доступ в онлайн школу на 48часов, чтобы перейти на удаленку и получать 💸»  По всем вопросам @LIZAVETA2020"
taroinsait,channel,Таро инсайт,1061,"Если нужен расклад на Таро, тебе ко мне: 💫 дам нужную информацию, 💫 подскажу как решить твою проблему, 💫 провожу марафоны на проработку колод Таро, 💫 продаю комплекс медитаций по старшим арканам Таро.  За раскладом пиши - @Yuliya_Mashkina"
insightnews36,channel,ИНСАЙТ Воронеж,989,Канал Интернет-СМИ
instinctspa,channel,Инстинкт. Эротический массаж Новосибирск,260,"Инстинкт - премиальная студия эротического массажа для мужчин в Новосибирске  Бронирование и дополнительная информация:  ▪️@instinctspa_nvs ▪️+7 (923) 118-77 83   spainstinct.ru  📍Семьи Шамшиных, 18/1  18+ Салон не оказывает интимные и медицинские услуги"
zametkizayceva,channel,Заметки Зайцева,1244,"📺 Ведущий «УТРО» на ТНТ  Жизнь, Стендап, ведение мероприятий, правильные смыслы.  Резидент «Инсайт Люди»/ Я Вконтакте https://vk.com/zaycevevent  Сотрудничество: @zaycevevent"
irmirtarot,channel,твой инсайт | ТАРО,1071,
iskusstvochistoty,channel,Искусство чистоты,135,Пространства становятся уютнее благодаря твоему мастерству⭐ Присоединяйся и делись своим искусством создавать чистоту и гармонию вокруг себя!
dr_borovets,channel,Бьюти на чистоту,463,Врач-косметолог Москва-Дубай🇦🇪  Индивидуальный и комплексный подход к здоровью вашей кожи 🧴💉 @DrBorovets   Instagram: https://www.instagram.com/dr.borovets?igsh=MWlxc3o0dDBkam
cyan_cath,channel,-Catharsis-,206,"•и после всего, что мы увидели, сможем ли мы восстановить чистоту наших душ?"
eco9282,channel,ОД Экологический контроль Севастополя,189,Выводы на чистоту. Общественное движение Экологический контроль Севастополя существует с 2019 года.
reactor_club,group,REACTOR | IONA | TERMINAL,222,Терминал публичного доступа. Соблюдайте чистоту кода.  Вход в систему открыт. Оператор: dima_dtba ИИ: IONA v2.0”
gribchikshop,channel,GRIBCHIK.RU - ОСНОВНОЙ КАНАЛ 🍄 - ТОВАРЫ ДЛЯ ЗДОРОВЬЯ PREMIUM КАЧЕСТВА,346,"🍄 Наш сайт www.gribchik.ru 🍄  В нашем ассортименте представлены товары из грибов и трав. Вся наша продукция заготавливается, сушится, фасуется и отправляется исключительно нашими силами, поэтому мы гарантируем чистоту продукта и его высокое качество."
irnateez,channel,•ɪʀɴᴀᴛᴇᴇᴢ• 🐉,2466,8 makes 1 team~ Ateez news [edit & update] Archives [https://t.me/irnateezarchive]
insaidgift,channel,Insaider NEWS,432,
berise_show,channel,GG (‎ ‎잃 ࣪ ‌ soon ),87,TOOO SOON..  girl group of 6 members…
chaannell_16,channel,CHANNEL,54,
ivettconfession,channel,🌸Иветт confession🐮,108,
realhokazonoroha,channel,ᅠᅠPower Dancer,21,( @noneelrd_bot )  Элиана / Eliana Goal 50
aida_tancsulkovna,channel,AIDA,82,Аида Танцульковна Являюсь участником группы 7th sense Тгк швейный: https://t.me/Aida_sews_now
insaity_veleniya,channel,Духовные инструменты новой эпохи,69,Сайт - веления-инсайты.рф
ppnaraaavt,channel,I'mma giirl 🙇‍♀| MSL️,73,
insaidovivn,channel,КласаваСайда,39,Возвращение после Упада
heartofwomanua,channel,heart of woman | h♡w ua,73,новинний канал про жіночу групу Heart of Woman ⋆✦⋆  ? : @howuabot
synx_dr34m,channel,꒰ 🧡 ꒱ ° .𝖲Ⴤɳ𝖷 ᯙ,25,— girls from @dream_entertaiinment thanks to: @IN1SH11port !! text design by: @suzukifuck  юз для связи: @young_yeonie
taiskiemetry,channel,M2 Properties | Алёна Траханова | Недвижимость в Таиланде,219,M2 Properties - агентство недвижимости на Пхукете 🌴 Уже 14 лет делаем людей счастливыми и сопровождаем полностью сделки на острове 🏝️  https://m2phuket.com/  Для связи @olyAstaf @anastasiaM2properties
urielt_minsk,channel,Юриэлт Минск,489,"Агентство недвижимости Юриэлт предоставляет комплексные риэлтерские услуги по продаже / покупке / аренде / оценке жилья  🏢 Комсомольская 5А, офис 7 (ст.м. Немига)  📞 +375 (29) 684-69-17 (А1) 📲 +375 (29) 702-16-91 (МТС)  Мы в Instagram - @yrielt_minsk"
dom33m2,channel,33 м2 - Дома из морских контейнеров,1209,Строим дома из морских контейнеров по всей России. Получите каталог ➡️  +7 (980) 800-21-83 +7 495 659-90-78  🔘 Полностью готовый и меблированный дом у вас на участке всего за 5 недель. 🔘 Производство и шоурум находятся в Москве.
wsochi,channel,"Сочи м² | Недвижимость. Купить квартиру, дом, земельный участок",105,"Недвижимость Сочи. Специализация на профессиональном подборе объектов недвижимости. Актуальная и полезная информация о состоянии рынка недвижимости. Советы покупателям. Редко, но метко…  Связь: @M2m2Bot Русановский Олег  +7 9 054 054 9"
zahrayiyat_50,channel,~مَعهد زهرآئيَّات الثَّقافي| 🏴,12758,~ هذا الجمع المبارك؛ بإشراف السيدة الزهرآء (سلام الله عليها) 💜  ⛔ المعهد غير تابع لأي جهة ⛔ لا نحلل النسخ لصق إنما تحويل فقط ( لا نحلل نقل الكلام من القناة من دون ذِكر إسم المعهد)  ⛔ لا نحلل إستخدام شعار المعهد (اللوگو).   9/ربيع الأول/1442 27/10/2020
magictransglobal,channel,Мейджик Транс Глобал,1584,🌏Международная транспортная компания «Мейджик Транс Глобал» 🚛 Работаем по множеству направлений 🔹20 лет успешного опыта 📑Предоставляем юридическое сопровождение  🌐Запросы: magictrans-global.com 📱Телефон: +7 (495) 540-54-42
drzhestkova,channel,Доктор Жесткова|Косметология,2726,"Авторский блог врача-косметолога, который любит свою работу.   •Информация о процедурах  https://dikidi.app/955816  •Запись на онлайн-консультацию @dr_dzhestkova  •Сотрудничество @dr_dzhestkova"
chistota_razyma,channel,Чи𝕔𝕥𝕠𝕥𝕒 𝕡𝕒зу𝕞𝕒,262,"«Если бы мирское имело вес перед Всевышним Аллахом равный весу крылышка комара, то неверующий не выпил бы даже глотка воды». Так зачем же так охотно гонятся к мирскому. Не лучше ли подготовится к Ахирату?"
lazerclinic_orchidea,channel,Медцентр «Орхидея». Чебоксары,1097,"Лазерное удаление любых образований на коже : Папиллом, бородавок, родинок, гемангиом,кондилом, кератом и других образований кожи  Омоложение, фотоэпиляция, борьба с растяжками и шрамами! Работаем более 10 лет. Телефон:8(8352) 21-69-76; 8(900)333-15-51"
alina_live_cosmetic,channel,"Алина Шустова: Мажусь кремом, болтаю с вами 💬",223,"После 40 кожа может сиять!✨ Я, Алина Шустова, 5 лет я помогаю моим клиентам получать видимый результат благодаря средствам с научно-доказанной эффективностью🔬 Подпишись, чтобы продлить молодость своей кожи.  Для связи @Malina_mirra43"
mie_russia,channel,MIE - Гладильная Техника,437,ry-019b2727c47a77faba7e33ab195862a0
sailorvikinguz,channel,SAILOR VIKING UZ,62,🇹🇷 Турецкая Бытовая Химия 💼 Офиц-й Дистрибьютер в Узб-не 📦+998 94 4209991 ОПТОМ 📩Тг личка: @sailorviking 🧼 Для дома•Кухни•Ванной 🚚 Доставка по Ташкенту и Узб-ну
tovarkaxx,channel,Эксперт по товару МП,6,"Здесь ты найдешь лучший товар💻 Мы - команда журналистов и специалистов, которая более 7 лет делает подборки и ТОПы лучших товаров на основе простого принципа - соотношения цена/качество! Акции 🔥 Скидки💯 Промокоды🆒"
lesko_professional,channel,LESKO Professional,15,Безпечні та ефективні миючі засоби.
carstailru,channel,Автосервис Ягуар в Нижневартовске,47,🚗Развал схождение 🚗Шиномонтаж 🚘Ремонт подвески  🚘Диагностика двигателя 🚘Промывка инжектора 🚘Заправка кондиционера
autoservicewestaberlin,group,Autoservice Westa,49,"Reparatur, Abschleppdienst,Kfz An&Verkaufen, Ihr Service vor Ort"
autoservice_belarus,group,Автосервис и ремонт | Беларусь,18,"Поиск и предложение услуг по ремонту, а также сервисному обслуживанию легковых и грузовых авто, мото и спецтехники.  Сообщество объединяет автовладельцев, представителей СТО и иных компаний.  ‼️ Изучите правила сообщества ‼️"
auto22pro_bot,bot,"Автосервис ""СВОЙ""",,"АВТОСЕРВИС ""СВОЙ"" - центр ремонта и обслуживания автомобилей"
maluvachise,channel,Пейсалище-Малювачище,1283,Пропонуйка - @GreatWaaaghoyobbot
pivand0pala,channel,vanyusha,121,"я тут буду постить про музыку, видеоигры, комиксы, и мемы, а может и не буду"
bloominjetaime,channel,cyber trance lou,44,о канале: https://t.me/bloominjetaime/5
dranychkin,channel,Драничкин,15,Мы против секса и работы. Иногда даже по своей воле.
cunzhitiaojiao,group,寸止调教讨论组,26093,
vmaske24,group,ВМАСКЕ 💚 БЬЮТИ-МАТЕРИАЛЫ💚МАНИКЮР+РЕСНИЦЫ,258,"Расходники, дезинфекция, материалы для маникюра, педикюра, наращивания ресниц, депиляции"
beauty_prime,channel,Beauty prime,341,⭕️Оборудование для салонов ⭕️Материалы и расходники ⭕️ПИГМЕНТЫ ДЛЯ ПМ ⭕️СВЕТ ⭕️Ресницы ⭕️Брови ⭕️Депиляция ⭕️Одноразовые расходники
cosmetic_offers_deals_loot,channel,Cosmetic Offers | Offers | Deals | Loots,566,Affiliate DIsclosure :- https://t.me/great_online_offers/15
trendcosmetik,channel,Trend Cosmetics,530,"Оригинальная косметика! Только Оригинальная косметика, реплики нет❌ • Онлайн магазин  • Чтобы оформить заказ и по всем вопросам пишите @dagmarae"
localbeautysale,channel,Local Sale 💅🏻🌸,125,Гаражная распродажа косметики и всяких ШТУЧЕК ✨💅🏻  - Доставка по России  - Чисто символические цены   👉🏻 Правила выкупа / доставки читайте в закрепе
whatislove_dev,channel,whatislove.dev,186,"психосоматика та інші народні засоби збагачення (JS, жаби, етс)  @dugga // Vladyslav Zubko 👋"
terapieprinras,group,Terapie prin Ras si Haz de necaz :),240,"Sa Radem Impreuna, cu bune si de rele :)"
otpravkakosmetiki,channel,ОТПРАВКИ 🤝 ОТЗЫВЫ,159,
pes_pvs,channel,PES,98,Канал проекту PES PVS: Про способи та засоби збільшення ефективності українських військових.   Ми в Instagram: www.instagram.com/pes.pvs  Реквізити актуальних зборів: @pvs_pes
gannlex_b,channel,Gannlex_b,56,Выкладываю сюда всякие косметические штуки
izba_baraholka,channel,Изба|Барахолка,30,"Сюда выкладываю косметику, которую решила продать. Все в хорошем состоянии! Есть доставка по РФ.  Для связи: @mrsVOG"
fuivd_66,channel,"Брови/ресницы , Крестцы.",19,"@gyg557 личка, Настя"
safeonline_drugstore,channel,"buyketamine,meth+safely",14,safe online med store make your order to get quality whatsap +17167030574.
save_the_parrots,group,Проша и Киви лечение,13,
vrachzaveracha,channel,Ариша Заверач,102,Врач-ординатор-эндокринолог
cybernitro_shop,channel,CyberNitro,934,🎯 HQ CS2 skins for low prices are here!! 🔗 https://www.cybernitro.com/ 🗡 Your go-to virtual arms dealer
ccis_telega,channel,Своя игра в ЦКИС по понедельникам и не только,356,В этом канале будет информация о соревнованиях по Своей игре и других играх Центрального клуба интеллектуального спорта
primeera2026,channel,Прайм ЭРа | ЭР-Телеком Холдинг 25 лет,736,"Официальный канал 25-летия ЭР-Телеком Холдинг 💙  В канале собраны все важные моменты Прайм ЭРы:  • главные новости  • свежие анонсы  • полезная информация  • фото и видео  • всё, что нельзя пропустить  Это наша ЭРа. Наши достижения. Наш прайм."
anonsy_svoyaka,channel,Своя Игра (онлайн и реал),956,зеркало VK-группы (https://vk.com/public175103216)
topmovechamp,channel,TOP MOVE CHAMP,207,"Танцевальный чемпионат в Перми ""TOP MOVE CHAMP"" 2026  21 февраля - МК ОТ СУДЕЙ 22 февраля - ЧЕМПИОНАТ  Номинации: SHOW BEGINNERS | PRO SOLO BEGINNERS | PRO BREAKING BATTLES ALL STYLES BATTLES  РЕГИСТРАЦИЯ ОТКРЫТА❗️"
iamroksana22,channel,YOUNG FOREVER,183,BRATTITUDE DANCE HOUSE — https://t.me/brattitudeDH  t.me/letsqbot?start=q18z0
protancy_kids,channel,PROТАНЦЫ KIDS,526,
trailrunning_spb,channel,Трейлраннинг в Петербурге,151,"Все о  трейлраннинге и не только, мы пишем о всем внедорожном беге - трейл, кросс, горный бег, скайраннинг, и даже skimo и swimrun.   По сотрудничеству - @hohams"
kruti_davay,channel,Поехавший 🚴,306,"Велодневник любителя: тренировки, станок, мотивация и кайф от движения. Прививаю сыну любовь к активному образу жизни. Делюсь мотивацией и честными историями.  Ride on and be on a roll!  Автор: @zapah_napalma"
yesdoors,channel,YESDOORS,320,Оптовая продажа межкомнатных и входных дверей собственного производства и производства партнеров (Россия и Беларусь) и дверной фурнитуры в СПБ.
stroydvor61,channel,СтройДвор 🏠,287,Строительные материалы оптом и в розницу.  🌐 https://stroydvor.su ☎️ 8 800 201-21-90 Чат - https://t.me/stroydvortag
smk24ru,channel,Входные двери СМК - производство в Санкт-Петербурге,104,Производство металлических дверей в Санкт-Петербурге от 3х дней. Собственные бригады монтажников.
proiremont,channel,ProРемонт | Экспертный гид,33,"🤔 Хотите ремонт без головной боли?  Приветствуем вас! Мы — команда «ProРемонт», и мы берем на себя все заботы по ремонту вашей квартиры.  👉 Прямо сейчас: •Написать нам: @proremontexp •Позвонить для консультации:  +7 926 108 33 78 +7 916 843 56 55"
abramovadecor,channel,AbramovaDecor,48,"Интерьерные решения, двери, полы, молдинги, лепнина, 3d панели, плинтусы."
zhovnerdoors,channel,Двери Zhovner,19,Zhovner - Время нестандартных решений!  Наш сайт: https://zhovner-dveri.ru
prodaemdveri,channel,prodaemDveri,7,Продажа входных и межкомнатных дверей
imperiya_dverej_ru,channel,Двери.Крымск,8,Входные и межкомнатные двери. Более 100 моделей в наличии. Замер-Доставка-Установка. Работаем с 2009года!
planetsdors,channel,꧁༺Planets dors ༻꧂,7,"Входные, межкомнатные двери."
interdverinsk,channel,Интер-Двери | салон входных и межкомнатных дверей в Новосибирске,16,"Компания Интер Двери — надёжный партнёр по установке входных и межкомнатных дверей. Работаем быстро, качественно и с реальными гарантиями!  🚪 Хотите также установить двери? Отдел продаж: +7 952 922-76-31 Телеграмм:@interdveri54 Сайт: https://shop-nsk"
dveri_okna_mebel_strouka,channel,"Ремонт , дізайн, меблі, двері",31,https://www.kypidveri.com.ua/
torex_dveri,channel,Torex Стальные входные двери,34,Официальные представители завода стальных дверей Torex в городах Липецк и Тамбов
aurumdoors_krd,channel,Aurum_doors_krd,24,"Двери в Краснодаре входные и межкомнатные от компании Двери.23,  в продаже так же напольные покрытия (ламинат, кварвинил и кварцевый ламинат, плинтус (пластик, МДФ, дюрополимер, теневой)  https://dveri23.com/, Жуковского 4литГ, магазин AurumDoors 🚪"
mirdverey_kazan,channel,МИР ДВЕРЕЙ КАЗАНЬ,12,"КАТАЛОГ РАБОТ|ВИДЕО ОБЗОРЫ  Подробности и заявки в личные сообщения  Telegram/What's app  Ямашева 93 ТК ""Савиново"" +7 927 039-02-40 @mirdverey_savinovo  Проспект Победы 226  +7 927 039-02-40 @Mirdvereykazan  Все двери на сайте: https://mirdverey-kazan.ru"
m800dverey,channel,🚪🔑800Дверей🚪🔑,13,"http://800dverey.ru/  (343) 227-30-40 Входные и межкомнатные двери. Короткие сроки, доставка, установка. Подберём именно то, что вам действительно нравится, вписывается в ценовой диапазон и выбранный интерьер. Изготовление нестандартных размеров."
armadadoorsmsk,channel,Входные двери АРМАДА г. Москва,1,"Российский лидер в производстве входных дверей- компания АРМАДА, предлагает продажу и установку входных дверей."
vfudgu_bot,bot,Приёмная комиссия ВФ УдГУ,,
tdver_bot,bot,TDver,,Входные и межкомнатные двери
buxtt_bot,bot,@buxturizmtex_2023,,Buxoro turizm va madaniy meros texnikumi aloqa boti
gefest_trade,channel,Компания Гефест,207,Производство и монтаж алюминиевых противопожарных конструкций
tcjhfdd,group,Недвижимость НСО,139,
novouzenskiy,group,Новоузенск и новоузенский уезд,378,
modul_krd,channel,"Киоски, павильоны Краснодар",100,"Производство торговых павильонов, киосков, быстровозводимых зданий, дачных домиков и т.д."
weongroup,channel,WE-ON Генеральное проектирование зданий,661,Официальный канал группы компаний WE-ON  Один из крупнейших и уважаемых генеральных проектировщиков в России  https://we-on.com/
nashi_podsolnyhi,channel,ЖК «Подсолнухи»,588,"Для информирования жителей и получения обратной связи.  Адреса домов и зданий  ЖК «Подсолнухи»: г. Москва,  ул. Твардовского, 2к4, 2к5, 2к4с1."
yumorcmex,channel,"Веселый канал ""Домовёнок""",136,#мемы #юмор #смех #позитив #веселье #доброеутро #хорошийдень #открытки #анекдоты #видео #картинки #настроение #отдых #поднятиенастроения #позитивныематериалы #добротавсе #улыбка #тепло #дружелюбие #общение #радость #веселыедни #веселыйканал #настроение
zoohelp_nsk,channel,Помощь животным Ноябрьска,728,"Фонд помощи бездомным животным ""Право на жизнь"" в г.Ноябрьск, ЯНАО Для публикации объявления пишите в сообщения @olya_belyakova"
levyschkaa,channel,ЛЁВУШКА Приют для собак,1029,"Если вы мечтаете о собаке-нет лучшего решения, чем спасти собаку из приюта Мы находится в МО, Дмитровский район,  ж.д. станция Катуар.  Карты Альфа и Сбер банка привязаны к ☎️+7-916-612-55-57 Татьяна Владимировна С С пометкой «Благотворительность»"
dohodniidom,channel,доходный дом,457,улица пушкина дом колотушкина квартира петрова спросите @wapnica
homeeyler1,channel,Домик Эйлеров,248,Это весь мой гарем тяночек
lampcry,channel,домовёнок лампа🪅,413,"лампа, лампи, лампо, ламба, лапа, лама, лампкрай, лампкру, лампсру, ламборгини, лампори, лампа плачет, плачующая лампа, редстоун лампа  щитпост - https://t.me/+V9_M8KtslDI3NTNi"
ermida_da,channel,Мой маленький дневничок,47,"Я тут сказки пишу, свечеварю да карты раскидываю✨"
home_dog_siri,channel,Домик пёсика,126,Лс: @Marauders450 Анон: @lettersDogs_bot Голоса для реакций и поддержки канала: https://t.me/boost/home_dog_Siri
raccoon_vasilisa,channel,Енотик Василиса и её семья🦝❤,258,Показываю всю правду как жить в квартире с енотиком и белочкой 🦝🐿 Мы из СПб 🇷🇺 Вопросы по сотрудничеству: @roksana_official
elenastann0411,channel,Elenastann,119,Помогаю животным. Здесь можно выбрать себе друга.
kormyhkazaoknom,channel,Кормушка за окном,88,Птицы и природа
domik_na_derevve,channel,~домик на дереве~,52,"Процессы работ, новости из моей жизни и болтовня о разном;)  Моя группа в ВК: https://vk.com/marie_soul Блог в Tumblr: https://marie--soul.tumblr.com/?source=share"
leopold_ekb,channel,Приют Кот Леопольд (девушка с кошками) 😊,118,
shesfindingherself,channel,𝐿蓮𝑡𝑢𝑠•.°*core,45,моя попытка номер два анонка @yourvoiceshape_bot
reksesess,channel,Дворянин Рекс🐾,92,Тут цікаво: • ігри • життя поза кадром  Підписуйся💋  Пп: @Zero_fs5 Наш тт:  https://www.tiktok.com/@ressesess.s?_r=1&_t=ZS-96NwVmPQqaD
terozkaarw,channel,домик терозки🤍,42,
cardmans_house,channel,Домик картёжника,41,:: лс картежника — @Syrok_64 .ᐟ.ᐟ  :: тт — sitl_one
browniekuzya404,channel,Домовёнок Кузя 🤭,50,"Всем привет, меня зовут Лиза. Тут я просто показываю свои будни и выкладываю мемы"
junnika,channel,Домовёнок Ника,47,
dobby_the_greatest,channel,Dobby_the_Greatest,43,"Canadian sphynx, named Dobby"
macaroni0840,channel,'♡゙ . .Дом сыра косички⋆#,33,"Добрый вечер добрый день, пропадать без предупреждения моё второе имя.    »»————><————«« «Срывай якоря, поднимай парус, я не останусь здесь никогда»"
dori_lu4ik,channel,Коробочные отношения Лучика и Доряна,17,
primanicheskie_stepi,channel,Приманычские степи,844,📰 Главная газета Апанасенковского округа. 📃обо всем в округе и крае ☎️ реклама - тел. 8-865-555-08-63. Наша группа в ВК https://vk.com/club210999663
bolonichev,channel,Bolonichev.ru,1337,Проекты Михаила Болоничева и сайт  Частые вопросы: https://bolonichev.ru/faq.html Поддержать мои проекты: https://boosty.to/bolonichev Локация: Подольск/Москва Древо веду в GRAMPS+LaTex  Мой Live канал (о себе ВНЕ РАБОТЫ) :  https://t.me/bolonichev_live
domovenok_platki_d,channel,𝔇 𝔬 𝔪 𝔬 𝔳 𝔢 𝔫 𝔬 𝔨_𝔭 𝔩 𝔞 𝔱 𝔨 𝔦 𝔇#продавшаядушуДеру,62,"Фан Дерека, главарь звезданутых и просто хороший человек. А также личный фотограф Дерека  Навигация: https://t.me/domovenok_platki_D/1510  Цель - 100"
domostroygornyak,channel,Домострой - Горняк,598,"Товары для стройки и ремонта! Вступайте в группу — актуальная информация об акциях и скидках.  🔸ул. Октябрьска, 21  🕑Часы работы: 09:00-18:00"
zdorovenok,channel,Здоровенок — детская клиника,213,"Детская клиника ""Здоровенок"" - настоящая страна здоровья и хорошего настроения"
sovenok_sova,channel,СКОРАЯ ПОМОЩЬ МОНТАЖА 🚑 СОВА,145,Надевай каску- тут видеомонтажка! Креативим по полной🔥   По всем вопросам: @sovenok_sovenok
sem_domov,channel,7 Домов,137,Ремонтно-строительная компания в Крыму. 🔨Весь комплекс ремонтно-строительных работ в Крыму. ✨Дизайнерский ремонт любой сложности. 🏡 Умный дом  📐Замер и консультация бесплатно Сайт: семьдомов.рф 📞 +7(978) 57 57 47 8  Евгений
qrzru,channel,Новости QRZ.RU,903,Новости технического портала QRZ.RU на русском языке
kursk_info46,channel,Твой Курский край | Новости Курского приграничья,40182,Канал для жителей Соловьиного края  По всем вопросам @denkursksol  Регистрация в перечне РКН: https://knd.gov.ru/license?id=6763e2e440af125d6a54bb6a&registryType=bloggersPermission
kursk_chat24,group,Курск чат 24/7,5491,
kursk_novost,channel,Курские новости,17511,Всегда свежие и актуальные новости Курска и Курской области  Предложить свою новость @Kursk_novosti_bot  Реклама/сотрудничество  @managerr21 @Evgen_managet  ✅Реестр Ркн-https://www.gosuslugi.ru/snet/678664274de6c3684595296b
dakursk,channel,"Да, Курск! | Афиша Курска",1507,"Гид по городу: рассказываем, куда пойти в Курске и чем здесь заняться. Важное — в закрепах.  Мы в ВК: https://vk.com/dadakursk  MAX: https://max.ru/join/Zx_CvMADxHaSjVvZKwzgRdC-CQlhi15F2qyIThlz3lE  18+  Есть что сказать? Напишите нам: @DaKursk_bot"
kursk46chp,channel,ЧП Курск,28972,Реклама - @smmkin_ru
kursk_ticket4me,channel,Курск. Афиша и билеты на ticket4me.ru,237,Афиша Курска и билеты на ticket4me.ru  Информация для покупателей: ticket4me.ru/pokupatelyam-biletov.html  Организаторам: ticket4me.ru/organizatoram.html
kursk_z,channel,КУРСКИЙ MILITARY,252,*Military видео  *Новости и СМИ   Бот для связи: @kursk_zov_bot
kd_kursk,channel,"""Курьерский движ"" | Индикатор КЭФа",337,✅ Сообщество №1 для курьеров! 🚨 Индикатор кэфа  😎 @indkf_bot 🔖 Бесплатный!!!!
kurskanomalia,channel,Курская аномалия,8521,Актуальные новости Курской области и Курска.  Связаться с нами можно через  t.me/Kursk_Anomalia_bot
lkmedical,channel,LK Medical,42,Ортодонтические инструменты для брекетов и элайнеров (South Korea)  Ссылка на сайт https://lkmedical.ru/
bumagin63,channel,Bumagin5,40,"Компания Bumagin – ваш надежный партнер в уборке и гигиене! Мы предлагаем сертифицированную продукцию и профессиональные консультации. Официальные дистрибьюторы ведущих брендов. Качество, честность и лояльность для вас!"
oboi_loymina_vlg,channel,LOYMINA Волгоград,317,"ОБОИ▫️КРАСКА▫️ЛЕПНОЙ ДЕКОР▫️СВЕТ▫️КОВРЫ   Магазин LOYMINA — здесь всё, что нужно для ремонта.  Делимся советами экспертов и показываем дизайнерские работы с нашими материалами. Вдохновляем на ремонт!  Поддержать: https://t.me/boost/oboi_loymina_vlg"
knittinggostinna,channel,"Вязание. Видео, мастер-классы.🧦🧤🧣",104,"Для любителей вязать: -Мастер-классы по вязанию спицами и крючком  Для не умеющих вязать, но желающих иметь вязаные вещи ручной работы: -Игрушки/ Шапочки/ Носочки Заказать @Gostinna Написать/позвонить ТГ или WhatsApp +79206571797"
yoga_as_life,channel,Yoga&Life,75,"Зачем вы занимаетесь йогой? Для меня йога - это способ перенести баланс и гармонию с коврика в повседневную жизнь.   Все занятия сейчас проходят в Yoga Studio: здоровая спина, аэройога, восстановительная практика.  Запись: https://n501111.yclients.com/"
ugaaaaaar,channel,Ультраугорелый канал,68,Канал о жизни и творчестве Экзотического Коврика (Лены-чан)~
ne_takusiki,channel,Нетакусики,56,"Семейное нефильтрованое житие   https://v.page/ne_takusiki 👈  А ещё мы делаем прикольные ковёрики, проводим мастер-классы по тафтингу и тафтинг-перформансы: https://koverik.tb.ru"
kovriki_kabardino_balkariya,channel,Коврики для намаза и для дома / КБР Нальчик Чегем,34,"WhatsApp для заказа 8-964-622-0007 ⚜️ коврики ✨для намаза ✨для ванной комнаты , ✨в спальню ✨в прихожую ✨в кухню ✨на подарок 🎁"
d43m1,channel,кубряк снимает,15,
pazirik_gallery,channel,PAZIRIK | галерея,50,"Галерея персидских ковров и антиквариата в самом центре Москвы   Мы делимся с Вами многовековой красотой и уникальностью искусства   📍Москва, ул. Пречистенка 30/2  Пн-Пт - 11:00-20:00 Сб-Вс - 12:00-20:00"
fokoro_ru,channel,FOKORO ( PaperMoon & др),55,"Южно-корейские бренды, в наличии и под заказ 🌙 Оформить ↓ https://fokoro.ru/ WA → https://wa.me/+79185588081"
aleksa_chvikova,channel,Aleksa,21961,
info_aleksa,channel,Сандра | НейроКод контента,737,"Созаю визуал с нейросетями,  чтобы контент привлекал и продавал🌱 Показываю, как использовать ChatGPT в работе  💌 Написать → @Sandra_dsgn https://www.behance.net/b5c30b05"
aleksadyx,channel,✨АСТРО 🪐НА БОГАТОМ 💸✨,679,Меня зовут Алекса ❤️ я астролог 🪐 запись на консультацию @aleksa_dyx
aleksa_tkreva,channel,Aleksandra Tokareva,419,Лайф версия меня  ТГ с полезностями 👇🏼  https://t.me/alexa_tokareva
mekikidossa,channel,Aleksa Aurora,2772,
zlato_aleksa,channel,Русская мифология. Снятие городской тревоги и стресса,223,"Потрясающая глубина и мудрость наших предков для жизни в 2026 году.   Избавься от напряжения цифрового мира и стресса большого города, через погружение в природную гармонию наших мифов и обрядов.   Связаться со мной @Aleksandra_Dem"
aleka_dangras,channel,Александра Данграс,2612,"Много полезного здесь - https://dangras.com/  Здесь есть истории моего прорыва в маникюрном бизнесе, есть маникюрные лайфхаки с живых курсов и есть Я🖤  Вы всегда можете связаться со мной лично🙋‍♀️ Задать вопрос❓ Или оставить отзыв📮 👉 @AlekaDangras"
aleksa_kirysh,channel,АстроНумеролог Алекса Кири,147,Канал для жизни с ПОДСКАЗКАМИ ОТ ВСЕЛЕННОЙ
aleksa_yer,channel,Заметки свободной души,75,"Путь к целостности — это путь тишины внутреннего мира человека. Люди видят, знают, чувствуют тонкий мир, но боятся, в первую очередь посмотреть в себя.  Если Вы решите узнать что-то новое, я подскажу куда посмотреть  Сайт — https://zametki-dushi.com"
kaumanclub,channel,Kauman Fan Club,2214,Приват: t.me/kauman_private_bot Чат: t.me/kaumanfanclubchat  На канале введен запрет на поставку клоунов в случае выявления нарушители будут жрать из дырявой миски.
cir_spb,channel,Связь и Радионавигация,627,"Мы осуществляем поставку, обслуживание и ремонт оборудования связи, навигации, автоматики и электрики на коммерческом флоте, а также рыбопоискового оборудования на судах рыболовецкого флота.  cirspb.ru  +7 (812) 4-673-673 ✉️ sales@cirspb.ru"
litranss,channel,Litrans-Доставка из Китая | Грузоперевозки | карго доставка,159,Сайт: https://litrans.ru  🚛Доставим любой товар из Китая в самые короткие сроки! От 10 кг! 📈Увеличьте прибыль вашего бизнеса с нашей помощью!  ✅Доставка в Россию и страны СНГ ✅Карго доставка. Официальная доставка  💬 Светлана @Ssvetlnka
pablologisticss,channel,PABLO LOGISTICS,181,"Ваш надежный магазин для заказа и покупки любых товаров с мировых площадок. 💙  🇷🇺 Доставляем товары с Poizon, USA, 1688, Taobao, Pinduoduo и других площадок! 🇨🇳  🔹Связь: @pablonyx 🔹Отзывы: https://t.me/+JdhizB_Tlco3NDYy 🔹Выкупы: @pablologisticsv"
main_fullfilment,channel,🚚Главный Фулфилмент,244,"Фулфилмент для маркетплейсов, работаем с 2020 года.   ✅ Доставка товара из Китая ✅ Проверка на брак  ✅ Упаковка  ✅ Маркировка  ✅ Доставка до складов маркетплейсов   WB➖Маркет ➖Ozon  Рассчитать поставку бесплатно - @alexander_burda  Склад @main_ff_manager"
sayasgroup,channel,Алюминиевое остекление САЯС,211,"Компания САЯС осуществляет производство, поставку, монтажные работы для строительных направлений: алюминиевые профильные фасадные витражные системы, роллетные, воротные системы, автоматика и складское логистическое оборудование на полуострове Крым."
yudich_degustarium,group,Yudich_Degustarium,462,
unilumin_group,channel,UNILUMIN,506,Официальный сайт на русском языке : https://ru.unilumin.com WhatsApp: +79099299986
redirecutopia,group,Utopia Redirect🔥,617,
unitesud,channel,Unité Sud - Perpignan,805,Mouvement patriote. Nous contacter : @Unite_Sud_Bot Instagram : https://instagram.com/unite_sud_perpignan?igshid=MTIzZ
savvashow,channel,SAVVA SHOW,3565,Канал широкого профиля.
ijule8,channel,июль,210,картины и картинки @vangogol28
huewumor,channel,Моє почуття гумору,454,ꑭ @htotaka
elfimovalaw,channel,Виктория Елфимова | Юрист | Адвокат | Москва,1435,"👩‍⚖️ Виктория Елфимова - юрист широкого профиля с 20-летним опытом. Разбираюсь не только в законах, но и в людях, ситуациях, реальной жизни:  📌 Истории клиентов и понятные разборы, советы и консультации  ✉️ @lawyerVictori ☎️ +7 926 159-10-38"
tonetchik,channel,Теоретик широкого профиля,437,
fedortcov_for_spec,channel,Фриланс без галстука с Алексеем Федорцовым,158,Авторский канал для специалистов-фрилансеров по увеличению прибыли от своего дела. ✳️30 способов привлечения клиентов фрилансеру https://vk.cc/cuE61s ✅Клуб специалистов - фрилансеров https://vk.cc/cvCtPx
ge3kk,channel,geekid,178,SC - https://on.soundcloud.com/V2VNEp3ZReRb6fS18  mg-@rapsvd7
blogprotelo,channel,Наталья Буданцева,516,"🌿Онлайн-офлайн  🌿тренер Пилатес широкого профиля. 🌿ШРОТ/SEAS терапевт 🌿терапевт движения 🌿сколиоз, осанка, АФК, пилатес, укрепление мышечного корсета 🌿запись на тренировку @sibnati"
mikeprozz,channel,Михаил Prozz,297,Торговые биржевые сигналы широкого направления.  Связь:                                       @mikerty                         lizzbell@yandex.ru
yussyahhhhhhhh,channel,maevskaya,131,инст- yusyahhhh  https://pin.it/4HF68jOXx
cagecitizen,channel,Гражданин Кейдж,486,"Канал про кинематограф, который ведут сразу несколько киноведов и ценителей кино широкого спектра.  Клондайк для любого зрителя, одна эстетика, только лучшие фильмы (и музыкальные произведения попутно)."
inhottebru,channel,Курянин Алексей Ильин отвечает...,111,Алексей Ильин - неимоверно интеллектуальный курский талантливый общественник
alexkrylovart,channel,Александр Крылов широкого плана творец,281,"Канал Александра Крылова, иллюстратора, художника и архитектора."
kingsofmanutd,channel,KingsOfManchester | Манчестер Юнайтед,1071,"Про «Манчестер Юнайтед», европейский футбол и пиво.  Основной проект - vk.com/kinofmnch  По вопросам сотрудничества @olegthelong"
manchester_yunayteda,channel,Манчестер Юнайтед,3772,По вопросам рекламы - @KHOKKEIST   ОФИЦИАЛЬНЫЙ СПОНСОР КАНАЛА - @CHEMPIONOV_LIGA
manchesterunitedua,channel,Манчестер Юнайтед | Україна🇺🇦,527,Новини про Манчестер Юнайтед!  Cooperation: @DenysManUtd  Chat: https://t.me/+rTp3Jkr5JlU4NzIy  Stickers: https://t.me/addstickers/ManUtdUkraine  Emoji: https://t.me/addemoji/EmojiManchesterUnitedUA  Boosting channel: https://t.me/boost/ManchesterUnitedUA
theatreofdreamstv,channel,Theatre of Dreams | Манчестер Юнайтед,8863,"Добро пожаловать в Театр Мечты!  Вас ждут: трансляции матчей, самые актуальные новости,  подкасты и другие видеоматериалы о Манчестер Юнайтед!  Для связи и предложений: @amiredigarov"
mufc_stretfordendrussia,channel,МЮ | Stretford End Russia,3702,"⚡️ Новости, скаутинг, онлайн-разборы после матчей, мнения и многое другое.   🔴 Я наYouTube: https://youtube.com/c/StretfordEndRussia  🤝 Сотрудничество @harosh17  👕 ""В ожидании чуда"": https://taplink.cc/stretfordendrussia"
only_manutd_funs,channel,Манчестер Юнайтед/Manchester United,174,Канал с самыми свежими новостями о футбольном клубе Manchester United
ufamily_store,channel,UF Store | Магазин атрибутики,506,Добро пожаловать в магазин атрибутики «Манчестер Юнайтед» – United Family Store.  Оформить заказ: @only1mytsu
yunaytedchat,group,UNITED ZONE | CHAT,932,
manchesterunited_fan,channel,Манчестер Юнайтед,74,Добро пожаловать на канал лучшего клуба мира - Манчестер Юнайтед | Manchester United😈  ✔️ Только свежие новости ✔️ Факты и статистика ✔️ Обзоры матчей  @pridepride - по всем вопросам
modelybarnaul,channel,Ищу модель Барнаул,917,Ищу модель Барнаул  По поводу размещения своей информации пишите @modelks  🔥🔥🔥
cdk_znakomstva_anketi,channel,Знакомства УНИВЕРСАЛ,2388,Опубликовать анкету : @ALEKSEEVIC4H
kseniapoker,channel,ROI ♾,361,Ксения✨ @marksen1a  Играю в покер ♥️ ♦️ ♣️ ♠️  Мастер-универсал: мтт и кэш
profsouz_lmz,channel,Профсоюз РУП «РМЗ «Универсал»,424,
yapontsevaatattoo,channel,Японцева тату,367,"•Меня зовут Элина @yapontsevaa •Делаю татуировки, нравится работать в графике и ньюскуле •Мастер универсал"
universal_electric_ru,channel,Универсал-Электрик,205,https://www.u-e.ru
expresslaundry163,channel,ExpressПРАЧЕЧНАЯ г.Новокуйбышевск,362,"✨ ""ExpressПрачечная"" - твоя любимая прачечная в Новокуйбышевске!✨  📍г.Новокуйбышевск,Суворова 19 📞+7(917)-819-40-49 Ежедневно с 10:00 до 19:30"
prachka_bar,channel,Прачка Бар,36,Новости Твоего Чистого Бара  г. Казань ул. Пушкина 29литА  instagram.com/prachka_bar
kulek33,channel,"Алло, это прачечная?",274,Авторский канал Алексея Тихановского. @bruceamadeus
laundrynumberfive,channel,ПРАЧЕЧНАЯ №5,218,"Канал о моде от PR менеджера в сфере fashion и beauty   Тут мы ищем фэшн-сокровища, стилизуем вещи и развиваем насмотренность  Для связи : @salma_nurr  Рожденная тратить - копить не может. Enjoy ❤️"
coolfort_official,channel,Coolfort,125,Бренд Coolfort — эксперт в области бытовой и климатической техники для дома. Инновационные технологии в стильном дизайне.  https://taplink.cc/coolfort_official
hostelsimeiz,channel,"Эконом-отель ""Симеиз""| Крым",150,"🛎️Бюджетный отель на ЮБК среди можжевелового леса! 4-х и 6-ти мест. номера Кухня, ТВ, душевые, туалеты  Прачечная, парковка, магазин От 800 руб  Селим с 08:00 до 20:00  +7 9789060998 www.hostel-simeiz.ru"
kotmoet_dv,channel,КОТ МОЕТ,260,"Гипоаллергенные, бесфосфатные, ЭКО моющие средства на розлив для всей семьи без переплаты за упаковку. ДАРИМ СКИДКУ ДЛЯ ВАС - при покупке средств на розлив ❤️ Покупая на розлив, вы существенно экономите 💸, ведь не переплачиваете за упаковку!  @kotmoet.dv"
shopmarket2025,channel,Выгоды • ШОППИНГ,140,ed05e9b6-1a9b-4b67-9e4a-72d92e52b6da
omoikiritop,channel,Omoikiri Официальный Дилер,47,"Самый большой выставочный зал в Санкт-Петербурге, представлены все новинки бренда, бесплатная быстрая доставка продукции, оплата картой при получении!"
dreampillarts,channel,🌱•DreamPill 🐍 [18+],567,🐍Furry artist 🔞|SFW/NSFW content|🔞   💌 Автор: @Dreampill ЩП канал: https://t.me/+poBuIIK7fixiMGIy
yumemi_yumeiro,channel,⟡ marshmallow dreamland ⟡,243,люблю зефирки и спать ₍ᐢ. .ᐢ₎ 💤  ☁️ твич: twitch.tv/yumemi_yumeiro  ☁️ ютуп канал: youtube.com/@yumemi_yumeiro  ☁️ проголосовать за канал: t.me/boost/yumemi_yumeiro  ☁️ чатик: https://t.me/+N8uE-UBQGeE4ZGQ1
punmaple,channel,ʳᵃᵈⁱᵒ ˢⁱˡᵉⁿᵗ emmy🍏,771,@maplepun
juzoplus,channel,PERCWARRIORR 🈲,590,pg  основа - https://t.me/yungjuzobeats
animlem,channel,АНИМЕМЫ,394,Здесь аниме мемы не для нормисов
igromemen,channel,"Игромемен | мемы из игр, webm",408,"🦸🏻 ИгроМЕМЕН — игровой канал с мемами и рофлами от супергероя  Новости игр, раздачи, скидки @bankai375  @bankai_support - реклама и иное"
purpuramanu,channel,PURPURA MANU,187,Лабораторные заметки Связь @MunaPocahontas
magichome3,channel,Косалейное место | Москва +16,104,"Нищий школьник, без личной жизни и мнения Анонимка: http://t.me/anonaskbot?start=user_ctlyvwummh Поддержка автора +79773745220 (Альфа-банк)"
pukalo_kakalo,channel,пукало какало | cmm op,154,кринж игры 10ых my beloved
purahh,channel,Purah [Архив],108,Приватный щп: https://t.me/+6n-VK4ZSVP8wNWEy Трейды открыты Коммишки закрыты Реквесты закрыты Коллабы закрыты Мой лс: @Puurah
puddingpieberry,channel,ʚ🍥ɞ 𝓟udding^᪲ 𝑠hop ♡,274,"handmade kawaii thinks from ℋ𝒊𝒎𝒂 pretty, delicate charms and.. 𝄞₊˚⊹ ꩇׁׅ֪݊ ꫀׁׅܻ݊ :‎ @Strawberrlli . ִֶָ𓂅🍥 tׁׅꭈׁׅυׁׅׅ꯱tׁׅ: @feedbackpudding 🎂 ᨧ  ─┄─   ꒰‌𑁬  𑁯ᰍ  ໒‌꒱  ─┄─  ɞ"
gargamelsss,channel,Пристанище Gargamelya,67,"Всем йоу, можете обращаться ко мне как НН, личку --->>> @IIIIEEEEOOOO По приватке в личку 🤠 Тт акк: @neiton_07 55 БРАТУХИ👊👊👊"
sonozagaming,channel,Moon Halo,69,
marmaladelovernumberone,channel,Ꮯᴏᴧнᴇчный ᴛᴏᴋᴄиᴋᴏɜ (sol),131,Лс @marmaladelovernumber1
my_purpleplaylist,channel,Purple playlist 💜🔥,75,welcome to  My music playlist 🫂💜✨
cpamelo,channel,メロア#ホムラ || [⚠️📿],55,тгк: @cpamelo pinterest: https://pin.it/2BWMEZzk4
sugartess,channel,Tesoro🌱,81,"Привет!! Самое важное можно найти в посту навигации,, Щп — https://t.me/+crdBpQQnxdU1NjBi Анонка — http://t.me/voprosy?start=wl6r3"
templetso,channel,темплецо,30,ЭТО слово интригует мой РАЗУМ каждый раз потому что я обожаю этот запах но запомнить и сопоставить с этим словом не могу
yoursorrel,channel,Щавельковый супец,30,Рисую редко но метко🤘
kore_wa_akumadesu69,channel,Akuma,39,кАнал для контента
marrmeom,channel,• marrmeom •⚘,17,
princesspu4vu,channel,🐰🐰🐰🐰,56,щп пурпуртян
stelltearall,channel,Anemo. 🪻,34,INTP 5w6 sp5(sp4?) sp5sp4so9 (549) LII ЛФЭВ
woljfmeme,channel,Кринжополь,42,Вольк крадёт мемы и постит их здесь
lacrimaryy,channel,materia porcellana,24,
krematoriy_69,channel,Гдз по химии ⚠️,38,Альм  Лс @Almenitto
thethepoodle,channel,[РЕСТ]⤷ ゛Зᴀᴨиᴄᴋи Пудᴧ 🫐 ˎˊ˗,31,"Только для ""избранных"") Рада если вам нравится мой контент и творчество🫐"
purrincelife,channel,PURRINCE LIFE.,17,Основа — @purrince
dashausder_nelke,channel,•Das Has der Nelke,17,Объект под названием «Бурмалда»  Рисую всяких дурачков
mrdumpling2277,channel,MrDumpling [RU] -(⎚-⎚)-,24,Добро пожаловать в мой Морозильник!  Я тут живу - присоединяйтесь! :]
korosucurxxedkk,channel,курседтаймана,660,https://on.soundcloud.com/2u2dWTTuBm92Fd1pA9
curxxedtaimanaarchive,channel,curxxedtaimana beats,370,"work with: 5mewmet, mapt0v, @судныйдень, lil semmi, n01r, vampviolence, heymylan, остин999, ocelot, akoge, *67, ixy.bxy999, sneaky,  mp3 - 15$ wav - 25$ track out - 30$ custom - 60$  лс - @korosucurxxed мейн тгк - @korosucurxxedkk"
marellokg,channel,MARELO🇷🇺/🇰🇬,356,Русский Кыргыз 🇰🇬
buttmeukep,channel,mephrill & 22kageyoshi loops/demos,291,@prodmephrill @kageyoshi22
bitprostore72,channel,Bit:ProStore72,61,Apple|Samsung|Tyumen|Shop
aiwo64,channel,айвоша 64,265,яыукепртьбдзщшгнекавычсмит
umi_13cards,channel,Юⲙυ(υⲗυ Ⳝⲩⲗⲟⳡⲕⲁ),180,"Всем Хайᰔᰔᰔ, я художник по 13 карт, буду выпускать тут Арты и не только Акк в тт: @fan_club_fu68 (Нету в Лайке!!) (Вз пиар(если надо) писать в лс)"
m_luhan_07,channel,𝗽𝗼𝗼𝗰𝗵𝗼𝗼 ₍⸍⸌̣ʷ̣̫⸍̣⸌₎,70,سرزمین صورتی یه نکو 🧋🍓  ZONZON / WINESIS / LYKYOU @Numewcwrbot INFP / 22 / Sagittarius
plushiescave,channel,dαnissimo _ 天使,80,
malefiquepm,channel,★ 𝅄 ֹ 𝐌𝐀𝐋𝐄𝐅𝐈𝐐𝐔𝐄 𝐏𝐑♡𝐌𝐎𝐓𝐄,136,aML♡U$$ ，𝕭efore sendbio please 𝗰𝗵𝗲𝗰𝗸 the ℛules 🅕🅘🅡🅢🅣 ！  𝐀dm¡n 🅰CT!V€ 👀 :  ៸ ໒  ៸ ໒  ៸ ໒   𝐌𝐏𝐏𝐒 ( ♡PEN ) :  ★ @MALEFIQUEMPPSBOT ☆ @arsipmalefique  kritik / saran ¿� : ✩  @MALEFIQUEOFCBOT
tailud_72,channel,Tailud🪱🧟,112,Лсэ: @Tailud72
pravila97,channel,ㅤㅤ ПРАВИЛА ㅤ,24,ПРОЕКТ ➪ @SETKA97 ЗАЯВКИ НА АДМИНКУ ➪ @ADMTG97 ПОДДЕРЖКА | ЖАЛОБЫ ➪ @HELPTG97 ПРАВИЛА ПРОЕКТА ➪ @PRAVILA97
fclouviere,channel,🇧🇪 — Louviere,40,
v11mptg,channel,Phlow,6,
aurorah2h,channel,𝓐𝒖𝒓𝒐𝒓𝒂,11,
puraaaaaaaaaester,channel,ㅤㅤ,,
distillate_club,channel,Дистиллят,4056,Сообщество искусства домашней дистилляции. Болталка и коментарии - тут: https://t.me/distillate_club_chat  Для связи: cc@inbox.ru  Видео тут: https://www.youtube.com/@DistillateClub
ikkokursk,channel,Избирком Курск,540,Добро пожаловать на официальный канал Избирательной комиссии Курской области✅
kurskglavnoe,channel,Курск. Главное,522,Коротко и объективно о самом важном в Курской области
kypckcumu,channel,Курск Сити,158,Страница нашего города 🏛  Курск Сити информационно-развлекательное сообщество города Курска. Подписывайся на наш паблик и узнай много интересных новостей о своём городе и области. 🚀
newkursk,channel,Нью Курск,203,"Анонимно о Курске  Если хотите сообщить информацию пишите в личку, если хотите получить ответ пишите newkursk@protonmail.com"
newpeople46,channel,Новые люди | Курск,409,Официальный телеграм канал партии «Новые люди» в Курской области  Официальный сайт: https://newpeople.pro  Написать нам 👉 @NewPeoplePartyBot  Лидер партии Алексей Нечаев 👉 @nechaev_official
kurskznakomstv,channel,КУРСК ЗНАКОМСТВА,584,Курск знакомства встречи в Курсе с проститутками
chishmy_svyaz,channel,Чишмы на связи,1940,"Свежие новости нашего района. Без прогнозов погоды и воды!  «Деньги есть — Уфа гуляем, денег нет — Чишма сидим» ❤️"
buduclinic,channel,Клиники Ренессанс Здоровье,247,"2 клиники в Москве и Санкт-Петербурге, выезды на дом, онлайн-консультации 24/7 в приложении Ренессанс Здоровье для пациентов из любого уголка мира 🫶🏻  https://budu.clinic/"
vosh228,channel,vosh🏳‍🌈,2033,=ДОБРО И ПОЗИТИВ=
kuban24_pozitiv,channel,Кубань 24 Позитив,2272,"🎉 Если устали от происшествий и тревожных новостей — вам сюда. ✅ Краснодарский край — территория позитива. Читайте, радуйтесь, будьте счастливы!"
autisticwhore,channel,широнян 笑顔!!.🥩.*ﾟ+,1032,позитив добро улыбочка
anyutapozitive,channel,Анюта Позитив,1082,Самая позитивная мамочка Рунета😀. Просто о нас. Нашей жизни.     Якутия - Краснодарский край.  https://max.ru/join/z7zA1w2lKBMO92veRMpKqLeu8xcQcbRfMoZiU64zZJI
clubbelarus,channel,клуб поехавших,1837,
byvshikh_ne_byvaet,channel,Бывших не бывает,399,"Бывших Дарья   Архитектор и много, кто еще.   Рассказываю про Петербург, наблюдения, интересные места, красивые вещи и, конечно, архитектуру.   Читаю лекции и вожу экскурсии.   Все сказали завести канал - завела."
good_travel_club,channel,Клуб добрых путешествий,1718,"Наши путешествия — это то, во что мы вкладываем душу.   Сайт: http://good-travel-club.ru  VK https://vk.ru/good_travel_club  Instagram: https://instagram.com/good_travel_club   Контакты для связи: Илья 89027691671 , основатель Ирина 89117031204 , орг"
pavlova_valaam,channel,PAVLOVA | ВАЛААМ | ЖИЗНЬ | ПЕТЕРБУРГ,1554,Анастасия Павлова  ❤️Экскурсии по Санкт-Петербургу и острову Валаам.  Бог и русская история. Культура. Театр.   Написать мне: @anastasis_spb
proezdomotomosem,channel,Проездом о том о сём 🚙 ️,252,"Где бываем, то снимаем - сейчас в РБ Информация для гостей, туристов, путешественников. • без святых мест; • видео здесь 👉 - https://linktw.in/zWRPwJ ; • смешное; места из наших роликов.  • чат https://t.me/+gUXGHO2JdLdlNWFi • Админ.: - @SEOpromot"
barabankruti,channel,"КРУТИ, БАРАБАН",360,
tcdaryal,channel,Travel Concierge DARYAL | Индивидуальные туры,258,🎒 Идеи для вдохновения + готовые туры. ✈️ Помощь в подборе и организации отдыха. 💬 Ваш тревел-консьерж в Telegram.
ibc_corporate_travel,channel,IBC Corporate Travel – агентство бизнес-тревел и MICE,131,Наш канал в MAX: https://max.ru/id6661060352_biz   И другие наши инфоканалы: • ВК: https://vk.com/ibc_life • Дзен: https://dzen.ru/ibc • RUTUBE: https://rutube.ru/channel/7843990/videos/ • Сайт: https://ct.ibc.ru/   Служба 24/7: 8 800 707 11 27
artconcierge_events,channel,art concierge,198,art concierge — ваш ключ к миру искусства. Откроем дверь в мир прекрасного  - Авторские экскурсии - Лекции - Книжный клуб - Арт-путешествия - Индивидуальное обучение  И другие форматы по вашему запросу. По всем вопросам обращайтесь: @artconcierge_help
bsovaart,channel,Приемлемо 🦉,119,"Шитье, нытье и ролевые игры.  Швея-психолог. Расскажи мне кто ты, а я сошью тебе костюм."
lavintageru,channel,Здесь и сейчас ❤️,159,"Канал о том что меня волнует и что я чувствую💗 Винтаж, старинные вещи, декор, мода, красота, Душа, Родина, любовь, украшения, путешествия, наследие, выставки 💗 Он-лайн магазин старинных вещей lavintage.ru. Пишите мне о наличии💗"
bratsktour,channel,Туризм в Братском районе,54,Сайт: https://tour-bratsk.ru/
my_hope_world_ch,channel,DI 일기💜,56,Кореист или кого там из меня сделает Вышка 🤪 Ещё немного танцую и фанючу
pyti_shestviya,channel,И просто так 💜,5,"Заметки, интересные факты и просто красивые фотографии из моей жизни."
pohydey_i_probegi,channel,Путешествия Пипеты,1,Путешествия игрушечной особы. С личными фото и комментарии из рюкзака.
gidlines,channel,Экскурсии в Петербурге.,2,Путешествуйте с гидом.
wwikssins_bot,bot,(友) — Wwikssins: Anon!,,
ruffish,channel,руфер37про генірал какащке,108,хамно руфи руфер каверканья0+ начинающиц художник полдержите лайком
nechistyimir202508,channel,🧡Нечисть💚,134,"Канал по сюжету ""Нечистый Мир"" от Хели и Волчицы Черной (в основном от Волчицы)  Актив не очень высокий, простите  Рисунки мои, ещё некоторых соавторов и фанбазы 🧡💛💚❤️🧡💛💚❤️🧡💛💚❤️🧡💛"
chestny_remont,channel,Честный ремонт🛠️Иркутск,3,Ремонт квартир и офисов под 🔑
cleanbroskzn_bot,bot,Братья Чистовы Казань,,
cleanbros_nnovbot,bot,Братья Чистовы Нижний Новгород,,
tytkit,channel,ЧИСТЫЙ КИТ,2,"Тут все про чистоту и порядок, как внешний, так и внутренний"
freshkaclean_bot,bot,Freshka_bot,,Клининговые услуги для физических и юридических лиц
cleansober_bot,bot,Чистый и Трезвый бот,,Бот автономной некоммерческой организации «Чистый и Трезвый».
chistotop_bot,bot,ЧистоБот,,Ваш цифровой помощник по Международной Премии банной индустрии
cleanlineorder_bot,bot,CleanLineOrder,,"Компания Clean Line ☘️  Уборка квартир, коттеджей, домов."
clearworld_bot,bot,Женя «Чистый Мир»,,Умный чат-бот компании «Чистый Мир». Помогаю компаниям и жителям города сделать наш дом чище. 🌿
refresh_ekb,channel,Refresh витаминные капельницы,190,💧Успешно решаем 90% проблем со здоровьем и самочувствием  💧Почувствуете результат уже сразу после первого сеанса 💧IV-терапия по стандартным и персональным рецептам  🎁 20% СКИДКА на первую капельницу или курс при первом посещении
refreshestate,channel,Недвижимость Петербурга Refresh Estate,158,"Блог Юлии Никоноровой и её агентства Refresh Estate про недвижимость СПб. Работаем с 2016 года. Первичный и вторичный рынок, переуступки и сопровождение сделок.  Вопросы и предложения: @nikonorovajulia"
refreshrestaurant,channel,reFRESH,180,🍀 Свежий reFRESH  Ресторан правильной кухни   Потому что healthy is the new sexy 💋
refreshcover,channel,⊹ ࣪ ˖𝓡𝖾𝖿𝗋𝖾𝗌𝗁ˑ ִֶ,92,⊹ ࣪ ˖𝓡 𝖾𝖿𝗋𝖾𝗌𝗁ˑ ִֶ Lana/Kiotta/Chae/Yeva/Jenn/Vilett/Cherry тт: @refresh.oi граф оформа: @portmeani текст оформа: @BestAiden
tula_v_ritme,channel,Тула в ритме,751,"Тула и область — другими глазами. Без негатива и шума: люди, места и события, частью которых хочется стать 💚  Мы в MAX: https://clck.su/AbFLK  По вопросам сотрудничества в лс✨"
siva_digital,group,SivaDigital.,1220,Selling digital products and services online
luciano_pardo,channel,Luciano Pardo,12400,Pleyades
parra_ru,group,PARRA | Дизайнерская мебель | Натуральный шпон,450,Дизайнерская мебель в натуральном шпоне С 2005 года создаём мебель при участии европейских дизайнеров.  Официальный Telegram-канал бренда @parra_mebel  Cайт: parra.ru Для связи: @empiseyser
panda_45011,channel,PANDA / بانـدا,4554,"( وَلاَ تَلْبِسُواْ الْحَقَّ بِالْبَاطِلِ وَتَكْتُمُواْ الْحَقَّ وَأَنتُمْ تَعْلَمُونَ"" )   المالك : @Panda_450  اتاكدو من يوزر اي معامله خارج هاذه يوزر لا اتحمل المسؤوليه 💎"
parra_mebel,channel,PARRA,203,"Международная марка премиальной корпусной мебели из натурального шпона и массива, созданная совместно с европейскими дизайнерами.  www.parra.ru  Горячая линия: 8 (800) 250-30-58 ЗАО «Ново мебель» ОГРН: 1057102580149 Торговая марка PARRA™ info@parra.ru"
gimenoplastika_uz,channel,Qizlikni tiklash | Qizlik | Bokiralik,2416,"www.hymen-capsule.com  Админ  @yourvirginity1 @yourvirginity2  ☎️+998881811110  ☎️ +998943537470  Qizlik parda , qizlikni tiklash, bokiralik, qizlik kapsulasi haqida ma’lumotlar va maslahatlar."
parada_beauty,channel,Вика Парада о бьюти 💅,3098,
qizlikpardasi,channel,Qizlikni tiklash | Qizlik | Bokiralik,2350,"www.hymen-capsule.com  Админ  @yourvirginity1 @yourvirginity2  ☎️+998881811110  ☎️ +998943537470  Qizlik parda , qizlikni tiklash, bokiralik, qizlik kapsulasi haqida ma’lumotlar va maslahatlar."
qizlik_kapsulasi_uz,channel,Qizlikni tiklash | Qizlik | Bokiralik,2350,"www.hymen-capsule.com  Админ  @yourvirginity1 @yourvirginity2  ☎️+998881811110  ☎️ +998943537470  Qizlik parda , qizlikni tiklash, bokiralik, qizlik kapsulasi haqida ma’lumotlar va maslahatlar."
bokirali,channel,Qizlikni tiklash | Qizlik | Bokiralik,2348,"www.hymen-capsule.com  Админ  @yourvirginity1 @yourvirginity2  ☎️+998881811110  ☎️ +998943537470  Qizlik parda , qizlikni tiklash, bokiralik, qizlik kapsulasi haqida ma’lumotlar va maslahatlar."
onemillionjewelry,channel,One Million Gold💍Ювелирный Дом,1330,onemilliongold.ru Идеальная репутация с 2017г.✅ Создаём ювелирные шедевры 💎 Доставляем оригинальные аксессуары 👜   Оформить заказ - @managerOneMillionGold  WhatsApp - https://wa.me/79057424282  Консультация менеджера +7 (905) 742-42-82
rusohota163,channel,РУССКАЯ ОХОТА,1435,"Отель 4*  ⭐️Расположены в 30 км от Самары ⭐️Гостиница, ресторанный комплекс, эко-парк, озеро с 🐟 и бассейн ⭐️Отдых на свежем воздухе и мероприятия любого масштаба  ⭐️Высокий уровень сервиса   📞 8 (927) 742-03-89 📱 https://rusohota63.ru"
tyapkin_72,channel,Ляпкин Z Тяпкин,1606,Судья города Т.  #Тюмень  БОТ: @tyapkin_72_bot ПОЧТА: tyapkin_72@protonmail.com
mytishchi_info,channel,Новости • Мытищи • Королев,135843,🏙️ Крупнейший канал Мытищ и Королева   По рекламе и вопросам - @AIice_ads
thekingdomgfent,channel,the kingdom's palace,199,"for tkd, shim youngjun & guk seungjun and most importantly for kingme <3  coop: @tkdpalacevp bot: @tkdpalace_bot барахолка: @thekingdom_baraholka  🔓O2.O9.2O25 ( архив @TheKingDom_GF )"
koroleva66,channel,Одежда на Королевские формы,369,
podarki4korolei,group,Подарки для Королей 👑,113,
ziescy5dio9j,channel,ЖК Ривер Парк I ИНФО‼️,598,Только актуальные объявления и новости ЖК Ривер Парк Королев
konstantinovna_katerina,channel,"МАСТЕРСКАЯ КУДРИ (завивка волос, натуральные кудри, Королев)",453,"Записаться и получить консультацию  https://t.me/kudri_Katya_bot Бережно о кудрях ✨ Кудрявый мастер 🌀 Реконструкция волос ❤️‍🩹 📍Королев, пр.Королева 6г 📞 +7 915 433-01-01"
tresh_manic,channel,pornails,1159,"привет! я основатель студии @tresh_manic Даша-твой комфортный мастер маникюра🫦  🪩welcome to my stud: Нижний Новгород, ул. Магистратская 3/4  в канале ты найдёшь: •pinterest с 💅🏻 •отзывы королев  •жесть от клиентов👎🏿 •распаковки •процесс работы💯"
myego_fit,channel,EGO fitness | г. Королев,708,
teploset_korolev,channel,АО «Теплосеть» г.о. Королёв,382,Теплоснабжающая организация г.о. Королев Московской области
cloud_iness,channel,☁🌱Облако витает в жизни🦊,66,"Приветик, я Облако Ханан, приятно познакомиться!✨  Бесоëблю немного, по другому просто скучно✨  Серьёзный контент в https://t.me/CloudCosp Бисер тгк в https://t.me/cloudworkshop Здд тгк https://t.me/ZaDengiDa_team"
cleanclinik,channel,Clean Clinic Хабаровск,33,"• Красота и Здоровье •  💉Современная клиника инфузионной терапии ❤️Сохраняем здоровье, красоту и молодость 💊На 80% эффективнее таблеток и БАДов  Запишись ⤵️  📞 +7 (421) 292-90-03 🌐 https://vk.cc/cLjtQf  📍г. Хабаровск, ул. Запарина, 87"
cleancopyonline,channel,Интернет-издание CleanCopy,17,"Кино, музыка, спорт, интернет, телевидение, политика, бизнес и многое другое"
claire_mmstk,channel,𝖢𝗅𝖺𝗂𝗋𝖾 !! ^_^,10,cr  banner : speciFiccupidz on x icon : 444_444_444 on ??
mylekar,group,Дезинфекция. Дом и сад.,7,Заявка по телефону  8 925 551 81 33  - дезинфекция дома и сада - обработка деревьев - борьба с грызунами - покос травы  Заявка по телефону  8 925 551 81 33 Работаем по Москве и московской области.
cleanline_order_bot,bot,Cleanline,,
zvonitetunberg,channel,Звоните Тунберг!,22002,для связи и инсайта пишите в наш бот @ztunberg_bot
lizunovyurist,channel,Лучше звоните Лизунову,1387,"Кризис — не конец, когда есть четкий план действий и нет паники  Основатель команды юристов-экспертов https://t.me/llcpravo Опыт 25+ лет в субсидиарке, взыскании, мировых соглашениях  Консультирую > @llcchat_bot"
rndelenaguide,channel,Не скучно о Ростове с Еленой Лысенко,465,Гид-экскурсовод Ростов-на-Дону ❤️
pebtomsk1,channel,КЛАССная экскурсия с ПЭБ,264,"Уважаемые педагоги и родители, этот канал создан, чтобы вы САМЫЕ ПЕРВЫЕ узнавали о новых экскурсиях, проектах и программах."
slimnessclub,group,Slimness Club,1026,📍АВТОРСКАЯ МЕТОДИКА ПОХУДЕНИЯ и коррекции тела   ▪️Ценишь своё время и готова платить только за результат?  ТОГДА ТЕБЕ ТОЧНО К НАМ!  ▪️-60% на первое посещение    ➡️Записаться на процедуру: https://slimness-studio.com/
krisko_svetlodar,group,СВЕТЛОДАР,1628,"Заразительно простой способ обрести радость жизни в любом возрасте! Абсолютно гармоничное тело, устойчивая психика  и безграничные человеческие возможности. Микросферы распахивают для вас эти дары!!! ИП Крисько Светлана Валентиновна ИНН  575300361982"
krasnodarkrasnodar_1,channel,Интересный Краснодар,4286,Жизнь города и края глазами жителей.  ВЛАДЕЛЕЦ: https://t.me/rekltgstat  № 475551177787
novoaydar_chat,group,НОВОАЙДАРЩИНА | ЧАТ,4570,💭 Чат Новоайдара и района  📝 Объявления: куплю/продам/отдам 🎫 Важные мероприятия 👥 Общение и знакомства  ⛔️ Без спама и политики!
board_job_crimeakuban,group,ЧАТ [Работа || Крым | Краснодар],1576,📢 ЧАТ ОБЪЯВЛЕНИЙ  ЗАКАЗАТЬ РЕКЛАМУ 👉 @PhD_MG
townchat_krasnodar,group,Чат | Краснодар,1689,"Добро пожаловать в чат города Краснодар!  Здесь вы можете общаться на разные темы   Правила чата по запросу ""/rules""  Ссылка для приглашения друзей: teleg.one/townchat_krasnodar  Связь:t.me/top_adminsbot"
chat_festivalniy_krasnodar,group,ЧАТ ФЕСТИВАЛЬНЫЙ,3013,https://t.me/+yGH11tVzxlplMDNi  - ТГ КАНАЛ ЭПИЧНЫЙ ФЕСТИВАЛЬНЫЙ   Сотрудничество - @epich_media  Общение 💁‍♀️ Новости 📰  Делимся полезной информацией 👌 Есть вопрос? - спрашивай.  Знаешь ответ на вопрос? - помоги ответом.
moj_krasnodar,group,Мой Краснодар🏡 Новости,3033,Городской канал №1 -https://t.me/moi_kRaSNoDaRr  Чат для жителей солнечного Краснодара🏡☀️   Свежие новости города и мира👌🏼
chat_krasnodar1,group,Чат Краснодара,1158,"Общение обо всём и обо всех)  Нецензурная брань разрешена, если вам не терпится, но не желательно!)  Чувствуйте себя как дома, все на чиле😎   ⛔️РЕКЛАМА В ЧАТЕ БЕЗ СОГЛАСОВАНИЯ ЗАПРЕЩЕНА⛔️"
gimnast_krd,channel,ВОЛЬТ⚡️,287,Команда по Чир Спорту.  🥇🥈🥉Призеры и победители Краевых Соревнований и спортивных фестивалей по Чир Спорту. 🏆спортивные разряды 🏆сборы  🏆соревнования  Обладали премии 🎖️ «Открытие года 2023» 🎖️«Прорвы года»» 🎖️«Команда года»
neparadniykrasnodar,channel,Непарадный Краснодар,437,"Медиа о старинных местах города и людях, которые их преображают: открывают культурные пространства, кофейни, книжные лавки  По всем вопросам @note_dog  Сайт: https://neparadniykrasnodar.tilda.ws"
biocode_clinic,channel,БИОКОД | Косметология | Краснодар,121,"Клиника экспертной косметологии | Краснодар  Сервис, качество, результат💯  Официальный сайт: https://biocode-clinic.ru  Результаты наших пациентов: https://vk.com/biocode_clinic  Канал на Rutube: https://rutube.ru/channel/44588488/"
krasnodarnovosti24,channel,Говорит Краснодар,176,⚡️Топовые новости Краснодара  Краснодарского края и не только  Связь - @Sergey_S6  Прайс - @krasnodarreklamaa
cvetodar_flower,channel,ЦветоДар Светлана,89,"💐 Свежие цветы оптом и в розницу 🎁 Декор, упаковка, игрушки, шары 🚖 Доставка по Москве и МО       Для заказа звоните ☎️ +7 (995) 150-88-77, +7 (964) 555-81-77 🦒 дер. Осеченки, Дачный тупик 1/2"
krasnodarmodel,channel,Краснодар ищу модель,141,Все предложения услуг в сфере красоты г. Краснодар. Паблик ориентирован на поиск моделей и мастеров в сфере красоты!
kmr_sosed,channel,СОСЕДИ КМР || КРАСНОДАР,36,"Новости, события, факты 🏙️"
krasnadar_chat,channel,КРАСНОДАР ОБЪЯВЛЕНИЯ,36,"Купить нужное, продать не нужное!Личные вещи, предметы для дома, мебель, техника, авто, животные, игрушки, и пр.Размещение бесплатно!  @Alik1210l  Краснодар объявления чат -  https://t.me/krasnadar_chatt"
black_and_white_city,channel,КАНАЛ ПЕРЕЕХАЛ!!!,7,This channel has moved to a new location
sitekrasnodarrf,channel,Веб-студия «СайтКраснодар.РФ»,3,"Создание, SEO продвижение, техническая поддержка сайтов в Краснодаре и Краснодарском крае +7(918)333-00-30"
zhivoikrd_bot,bot,Редакция канала «Живой Краснодар»,,Здесь вы можете предложить свою новость.
pro100krd,channel,Про100Крд ❚Краснодар,2,"Топовые новости Краснодара и края! Оперативно, достоверно, честно! Присылайте ваши видео в Директ! ПОДПИШИСЬ! БУДЕТ ИНТЕРЕСНО!"
ekodar_ru_bot,bot,ekodar_ru,,Подбор и обслуживание систем очистки воды  Москва: +7 (495) 232 52 62 СПб: +7 (812) 635 05 05  https://ekodar.ru
santehniki_kiev,group,Сантехники Киев ⦁ Official Chat,107,"Здесь: сантехники предлагают свои услуги, делятся опытом, секретами правильной работы, обсуждают инструменты. В Чате можно найти сантехника и вызвать домой на заказ."
santut4you,channel,Сантехника мира и мир сантехники,637,"🌍Мы создаем пространство, в котором профессионалы из разных смежных областей, увлеченные любители и новички смогут открыть для себя мир сантехники 🛁. Наша цель — показать многогранность этой области через практический опыт💡        http://santutservice.ru/"
lider_sant,channel,Лидеры Сантехники,303,"Объединяем производителей и дистрибьюторов сантехники, а также сопутствующих товаров и услуг."
kir_san_markett,channel,Kirsan_market все для сантехники,726,• Наклейки на сантехнику и отопление • Трубы и фитинги  • Сантехническое оборудование • Ключи и крепления для коллектора   Наш магазин на OZON 👇🏻 https://ozon.ru/t/YvZkn08  Наш сайт 👇🏻 https://kirsanmarket.ru/
mosplitka_ru,channel,Мосплитка,881,"Канал для тех, кто делает ремонт и хочет делать его правильно. 🔧 Лайфхаки, советы по выбору плитки, сантехники и SPC кварцвинила 🎨 Тренды, новинки и обзоры для дизайнеров и архитекторов Интернет магазин https://mosplitka.ru"
santex,channel,Сантехник (инсталлятор) Киев,58,Помощь в сантехнике водопровод канализация отопление  Помощь и доставка материалов на объект Качество работы и гарантия 100%
knotlor,channel,KNOTLOR | Дизайнерский бренд сантехники,225,Дизайнерский бренд сантехники из России.  • Архитертуные решения для ванных комнат • 500+ дизайнерских моделей • 98% клиентов рекомендуют нас • Шоурум СПб - Soon!  Официальный сайт Knotlor: knotlor.ru  Knotlor на Ozon:  ozon.ru/t/wgKqaJN
santehural_channel,channel,СантехУрал,79,Бытовая и инженерная сантехника по доступным ценам. 🌐 Сайт: https://tdsu.ru 🔷ВКонтакте: https://vk.com/santehman_official 🔸Яндекс.Маркет: https://market.yandex.ru/business--ip-zavadskaia-e-d/50137256 🔷Ozon: https://www.ozon.ru/seller/santehural-117363
rokcentr,group,"💎 Калькулятор 💎 Сообщество мастеров ""РОК Центр""",545,"Всё для Плиточника , Строителя, Электрика, Сантехника.  Создаём сообщество Профессионалов. По всем вопросам, личка @tiptopv #plitka #плиточники  #калькулятор_плиточника #керамогранит #сантехники  #электрики #стройка #строители #отделка"
santehnikatavrichanka,channel,Магазин Сантехники,135,Магазин сантехники Тавричанка. Ул. Гатыло 25 +79901606817
pravovayarussia,channel,Правовая Россия,2378,"Приветствуем вас на нашем канале!   Прислать новость, фото, видео, ссылку, получить консультацию юриста, а также вызвать съемочную группу👉🏻 @pravoross_kuban_bot  Связаться с администратором: @pravovaya_russia"
silverandgolddg,channel,Серебро с золотом|Silver & Gold,615,"Добро пожаловать в мир Драмионы! Здесь ты найдешь фанфики, арты, эдиты и все, что связано с этой волшебной парой.  Предупреждение: контент может вызвать зависимость от Драмионы! Подписывайся на свой страх и риск"
postal2_gotlbherpa,group,ХЕЙТЕРЫ POSTAL 4: Дочь Негра,299,Второй чат. Правила: https://telegra.ph/PRAVILA-chata-DOSRAL-4-igra-dlya-huesosov-01-11 Буст: https://t.me/boost/postal2_gotlbHerpa  @admin - вызвать админа
sakhasantehnika,channel,СахаСантехника,67,✅Инстаграм: https://instagram.com/sakhasantekhnika2019?igshid=YmMyMTA2M2Y= 📲WhatsApp https://api.whatsapp.com/send?phone=79142744949 📌Так же на нашем сайте Вы сможете приобрести товар не выходя из дома! http://Sant14.ru
charus_rus,channel,CHARUS | Сантехника,334,Сантехника от ведущей компании на рынке  Интернет-магазин: https://clck.ru/357spg  Связаться: 8 (495) 234-66-36
santehdomrt,channel,SanTehDom.nch,167,Самое лучшее из мира Сантехники🚰 ☑️В наличии и под заказ. ☑️Российские и зарубежные бренды. ☑️Привлекательные цены. ☑️15 лет в этой сфере. 📲89046690335 Александр https://taplink.cc/santehdom_nch
salon_belveder,channel,"Салоны ""Бельведер"" • Керамогранит, мозаика, натуральный камень, керамическая плитка, сантехника и аксессуары для стильного интер",489,"🔹 Премиальная плитка, сантехника и мебель для ванных из Европы. 🔹 Собственная логистика. 🔹 Программа привилегий для дизайнеров. 🔹 Сервис по резке и монтажу керамогранита.  ✔️ belveder-e.ru ☎️ +74952150686 ⭐ Чат с сотрудником: @chat_belveder_bot"
santehnikkk_366,channel,𝖳𝗁𝖾 𝖣𝖾𝗆𝗈𝗇’𝗌 𝖱𝗂𝖽𝖽𝗅𝖾,319,по всем вопросам: @b_santehnik
santehnika_1,channel,Сантехника №1,248,🚿 +2000 новых товаров ежемесячно  💥 Мировые бренды  🚀 Быстрая доставка  💪 Опыт: более 10 лет  💯 Гарантия  📞+7 (495) 532-59-59
alfisantehnika,channel,Roxa | Santek | AQUATON | Santeri,437,"Официальный Telegram‑канал холдинга Alfi Group.  Здесь рассказываем о наших ведущих сантехнических брендах: Roca, Santek, Santeri и AQUATON.  Сайт для партнеров: https://san.alfigk.ru/"
frapsantehnika,channel,Сантехника Frap Gappo 🇩🇪,368,Смесители и аксессуары для ванны комнаты  +998 91 78 75 888  www.frap.uz
santehnika54,channel,Сантехника 54,123,Рассказываем о сантехнике с душой и заботой для ценителей дизайна и качества💫
santehnikmsk20,channel,САНТЕХНИК МСК,12,
santehnik_moskva,channel,Santehnik_Moskva,126,t.me/Santehnik_Moskva
santes5,channel,SaNtEs️️ | StandKnight,205,Тут будет контент по игре StandKnife Мои другие социальные сети: - https://www.youtube.com/@SaNtEs666 (YouTube) - https://www.tiktok.com/@santes.666 (ТикТок) Официальные ТГК игры: - https://t.me/standknight
santehnikspb_78,channel,Сантехник спб 78,64,"Сантехник спб 78, Вызов сантехник на дом спб, услуги профессионального сантехника в Санкт-Петербурге"
beauty_plazma,channel,ХОЛОДНАЯ ПЛАЗМА МАРИУПОЛЬ,623,"Естестественное омоложение на клеточном уровне  БЕЗ ИНЪЕКЦИЙ! лица, шеи, декольте,устранение морщин, растяжки, подтяжка живота, груди,  и пр."
trudsport,channel,Инсайты трудового юриста | Федор Люшненко,112,Канал судебного юриста о трудовых спорах.
kirpikovru,channel,Юридический канал | Кирпиков и партнеры,76,Юридический канал - территория юридического просвещения. Новости законодательства и юридические консультации по различным отраслям права.  Больше новостей законодательства на сайте Кирпиков и партнеры https://kirpikov.ru  📞 tel:+79229898223
sprosisirin,channel,Алхимия богатства с Викторией Сиринъ,279,"Финансовый энергокоуч, мастер разборов и расстановок.  Помогаю увеличить доход человеку и бизнесу - анализ и устранение  негативных программ - бизнес расстановки - точка сборки   Связь со мной @VSamari  отзывы https://t.me/sprosisirinresult"
desyatkipiter,channel,Десятки: бизнес и мышление,292,"Десятки Дениса Малыхина — это мини-группы для предпринимателей Питера.  Рост в бизнесе через мышление. Тут про правду с собой, устранение затыков в голове и поддержку. Ведущий групп и автор методологии — Денис Малыхин.  https://desyatki.pro/ — наш сайт"
rostpromkanal1,channel,Ростпромканал1,2,Прочистка канализационных систем
y0ikii,channel,Йойкі,326,Малюнки.Думки.Життя Основний канал: https://t.me/yokiibae Особисті: @Yokibae. Звертайтесь <З
pushistaya9999,channel,𝙥𝙪𝙨𝙝𝙞𝙨𝙩𝙖𝙮𝙖,63,
uiskoe,group,Подслушано Уйское,59,"Лучшие фото, новости, объявления Уйского района.  Администрация сообщества не несёт ответственности за опубликованные записи.  Размещение ссылок на другие группы  в объявлениях запрещены."
yomae_nykaktak,channel,•°Канал для пчёлок°•,21,"Хайо! Тут будут арты по Улью,с моей ос и я хз что ещё.Йоу😛"
yuyoshimoto,channel,Ю,6,
uiskoe74,group,Уйское Барахолка,34,Объявления
yunchee_oi,channel,· υᩛׄ𝘂𝗻𝒄𝒉𝒆𝒆 · 嗅が,6,"npuвеm, моё uмя шuн юнчu я соло арmucm в онлаúн uнgyстрuu а mакже авmорскuú uсnoлнumель !!"
beautyyu,channel,𓍯𓂃𓏧♡ eensy weensy name .ᐟ 🎀 ⤙,18,"ㅤׁ  ‎ ‌‎𝅄 🎀  𓊆 ♡ ㅤㅤi love you like a lamb, +444 pure white and innocent acts, ◜... <33 ! big palace with soft embrace and warm hugs, 𝅄  ࣪  | 도자기 ;  @JangWony0ungq the one who's humming at midnight of soft ₊֯ ּ ⑅   ㅤㅤㅤㅤㅤㅤㅤ࿚⃛࿙⃛‌࿚⃛࿙⃛‌࿚⃛ ୨♡୧ ࿙⃛‌࿚⃛࿙⃛‌࿚⃛࿙⃛‌"
yuan_ju,channel,ʏᴜᴀɴ ᴘᴏʀᴛ ⋆🐾°,21,"Для меня ои не работа , а хобби и второй дом ! Журналист / Дизайнер!!!"
yusha_chat,group,💜✨Yuͥshͣaͫ ♓️ целый океан 🌍,9,"1️⃣ только тебе решать, с каким сиропом будет твой cappuccino ☕️ 2️⃣ не важно, что с тобой происходит, важно, кто с тобой рядом в этот момент • я рядом ❤️"
iyulskayakirusya,channel,июльская кируся,3,
artstudio_nevsky,channel,ARTSTUDIO Nevsky — апарт-отель в центре Санкт-Петербурга,392,"Апартаменты в двух минутах от Площади Восстания — сервис, террасы и вид на центр города.   Скидка 13% по промокоду TG_ART при бронировании на www.artstudionevsky.ru  Все вопросы → @Artstudiohotels_bot"
brainsurf_mozhaysk,channel,БрейнСёрф | Квиз в Можайске,456,Собирай команду от 2 до 10 человек и приходи на праздник посреди недели 🔥   🗓️ Расписание игр и регистрация: https://brainsurf.ru/mozhaysk/  Мы в ВК: https://vk.com/brainsurf_mozhaysk
kolesnikovskiyklub,channel,Колесниковский сельский клуб,174,
mbudknovopushkinskiy,channel,МБУ ДК «Новопушкинский»,313,"МБУ Дом культуры «Новопушкинский», Саратовская область, Энгельсский район,  п. Новопушкинское. Тел. 8(8453) 77-63-79"
saltykovskiebani,channel,Банный комплекс Усадьба «Салтыковские бани»,117,📌Русская баня на дровах 📌Турецкий хамам 📌Бассейн 📌Ресторан  ⏱️Работаем 24 часа Тел.: 8 (495) 085-00-52  @saltykovskiebani
platina_glamping_buinsk,channel,Платина | Глэмпинг-отель | Буинск,203,🏕️Глэмпинг-отель 🍃Отдых у воды • Домики • Катер • Чан 📍Буинск • 2 часа от Казани Бронирование по телефону: +7 (906) 385-42-21  Сообщество в ВК: https://vk.com/club231376962  Instagram: https://www.instagram.com/
sovetnikdirektora55,channel,Добрая семья Васильевы-Струцкие,156,На пути добра конкурентов нет 🧡🧡🧡  https://t.me/+zmlDrQTjkKpiNDUy
walkinbialystok,channel,Городские пешеходные игры в Белостоке,99,"Ходим или бегаем по Белостоку, решаем задачки, ищем коды, получаем призы и просто хорошо проводим время."
moscow_daily_photos,channel,Moscow Daily — by Tony 📸,24,"Photos from Moscow's scene, energy, mood, moments and more!   Landmarks, streets, festivals, people, weather etc."
bitva_bryansk,channel,Битва в Брянске,105,
hloybeaty,channel,Hloy_Beauty Bratislavskaya,79,"Студия красоты HLOY г.Москва , ул.Братиславская , д.15к1  - Ногтевой сервис  - Парикмахерский зал  - Brow bar"
bleskcz,channel,Blesk.cz,20,Blesk.cz vám přináší nejnovější zprávy z domova a ze světa i informace ze světa celebrit.
kosunopunkt,group,ПП «Косино - Барабаш». Kosyno - Barabash,1366,"- Наша мережа чатів - https://t.me/Ukrainians_border/94 - Для публікації реклами - донат для ЗСУ @UkrBorderBot - Новини на кордоні - https://t.me/Ukrainianattheborder - Непогоджена реклама - бан - Питання, пропозиції  @katerynapl"
av0to,channel,Авото!,686,"Все ебаны с Авито тут. Ориджинал контент в половине случаев. Торга нет, обмен не предлагать."
reproduktologpavlukhina,channel,Репродуктолог Павлухина Светлана Сергеевна,1363,"📍Многолетний успешный опыт лечения бесплодия,в т.ч методом ЭКО 📍Экспертная оценка сложных случаев 📍С моей помощью рождено более 2500 детей  Запись на приём через чат координаторов отделения ЭКО @gmseco"
dentisrussia,channel,DENTIS Russia,1230,"Официальный канал компании Дентис Имплант, представителя компании Dentis в России.  Полезная информация для стоматологов, хирургов-имплантологов, анонсы мероприятий и образовательных курсов, обсуждение клинических случаев!  https://taplink.cc/dentisrussia"
sk_metrazhi,channel,Строительство домов | ГК Метражи,1082,Официальный канал строительной компании «СК Метражи» 🔹Поможем с выбором участка 🔹Ипотека — одобрение в 97% случаев 🔹Поддержка на каждом этапе  + 7 (929)-213-75-20 | gornye-vershiny.ru  📬 aa-metrazhi@mail.ru  📍 Екатеринбург и Свердловская область
alexander_sadovskiy,channel,Александр Садовский,1265,Исследую системно мышление и технологии. Нахожу скрытые смыслы и проверяю пределы возможного. Как сделать сложность мира источником роста и возможностей? Почему быть не таким как все интереснее? И почему человек всегда важнее?  Написать лично: @funsad
sellerium_business_club,channel,Информация по клубу селлеров Селлериум,165,"Данный канал несет лишь информацию о клубе, закрытый канал клуба доступен после оформления подписки на клуб в боте @Selleriumbot  В случае возникновения вопросов/возможного сотрудничества — пишите  @daribystro"
fullstreamers,channel,ФУЛЫ СТРИМЕРОВ,7523,"Второй ТГ: https://t.me/+SBrhr7UyXx45N2U6 Личный тг канал: @fedos1chh  Для тех, кто хочет поддержать заранее спасибо: https://dalink.to/fedos1ch  ЛС: @fedos1ch"
arenabreakoutinfinitepc,channel,Arena Breakout Infinite,2035,"Наши проекты: https://t.me/addlist/wYEVrbuWLqozNjhi  Предложка: @RadioArena_bot  Сообщаю заранее, мы не официальный канал по ABI"
kandiboberchill,channel,ФАtheРОБЕР,425,заранее все асуждаю amin
tikhonovolegv,channel,Олег Тихонов,218,"Приветствую всех на моем канале. Здесь рассказываю о своей общественной работе, делюсь новостями. Обратная связь приветствуется. Вместе сделаем наш округ лучше."
normrabota,channel,Норм работа,123942,Понятные вакансии в digital 🔥  Разместить вакансию или купить рекламу: @normrprice  @Normresume | @NormRemote | @Normfreelance
amagyrova,channel,Елена Амагырова,7484,"🛍 Здесь только проверенные ссылки на выгодные товары из Китая и понятные уроки и инструкции, как их заказать"
parrotxx2tech,channel,C0LØR Tech 🎨📱,2351,"Мы собрали всё самое лучшее в одном месте: эксклюзивные виджеты, сочные темы, понятные туториалы и крутые конкурсы."
finliberty_news,channel,Понятные новости,698,"ПЛАНЕРКА На тему постановки задач «Как ставить задачи так, чтобы их выполняли»  Регистрация по ссылке https://plan.finliberty.ru/planerka_2606"
optimizaciabiznesa,channel,Автоматизированные системы продаж и производства — KA12,214,"Официальный канал IT-компании «КА12»   Здесь рассказываем о моделировании и автоматизации процессов. О системности, контроле, прозрачности, эффективности, масштабировании продаж, производства  через Битрикс24.   Моментальная связь с нами: @CompanyKA12bot"
picktech_partners,channel,Партнеры pickTech,108,"Помогаем бизнесу выбирать софт, который реально работает  Cвязь https://t.me/TeampickTechbot"
nasbori5minut,channel,5 минут на сборы: Афиша в Красноярске,18220,"Я расскажу о событиях в Красноярске для всей семьи. А ещё раскрою секрет, где купить билеты в театр и на концерты с большой скидкой.   По вопросам размещения рекламы — https://t.me/Aleksandra_saletickets  Регистрация в РКН: https://vk.cc/cGtx3d"
klavis_krsk,channel,KLAVIS / АПАРТАМЕНТЫ В КРАСНОЯРСКЕ,46,Комфортный  отдых в апартаментах КЛАВИС  ВСЁ  о КРАСНОЯРСКЕ  🔥Где покушать  🔥Где погулять 🔥Где развлечься
wclass_krsk,channel,World Class Красноярск | Премиум фитнес-клуб в Красноярске,1727,"🥇Первый клуб премиальной сети в Красноярске  Самый большой бассейн среди фитнес-центров города, зона гидромассажа и релакса  Более 50 групповых программ  Клуб для детей от 3 лет с отдельным бассейном  📞273-73-73"
krasnoyarskmedianews,channel,KrasnoyarskMedia,167,Новости Красноярска и Красноярского края
klinika_soltek,channel,Клиника «СОЛТЕК»,58,"Клиника СОЛТЕК - это слияние профессионализма и опыта лучших врачей, наличие диагностической базы и новых современных технологий в одном месте.  📍ул. Енисейская 1  📱 +7(391)200-84-14"
procto1940ru,channel,ПРОКТО 1940.ru,170,Информационный канал для проктологов
startekplus,channel,Стартек Плюс,87,Эксклюзивный дилер АО «ПТЗ» по Краснодарскому краю и республике Адыгея.
bykatek,channel,By Kate K.🤍,57,Дневник моей жизни📔
home_market_by_madina,channel,Home Market,1,Izlaganezni topolmadezmi? Adminga yozing biz topib beramiz Admin @Mubish0505 YouTube: https://www.youtube.com/@magnito_0505 Instagram: https://www.instagram.com/biznes_by_madina?igsh=MXY0dmF4dXhyMHV1bA==
aminaplastic,channel,Амина Ахмедова | Интимная пластика,884,Пластический хирург  | Запись на консультацию:  +7 923 609‑99‑99
sib_icebox,channel,Холодильник,334,"Жар и холод сибирской политики  Пишем о политической жизни в Сибири. Отставки и назначения, расклады и события, мнения экспертов и наблюдателей. Здесь холодно и жарко круглый год.  Для новостей @sib_icebox_bot"
mangorat,channel,[🥭] Холодильник гнильцов[🍒],152,
holodilnikmityuka,channel,Тот самый иркутский холодильник,222,ЩИТПОСТ Depressed girl постит Арт канал: https://t.me/ksyushamityuk Личка: @Mityuk Тик ток: _ne_ksyusha
loooot_deal,channel,DAILY deals 🛍,152,"🎉 Best Deals & Offers Hub 💰 Discover daily discounts, exclusive offers, and the hottest deals across shopping, travel, food, and more! Stay updated and save big with us. 🛒✨  📌 Never miss a steal! 💡 Join now & start saving 🛍"
kartocha1,channel,Холодильник картошки,124,Кому чайку налить?
feedbackrepair,channel,Отзывы об ассоциации мастеров Краснодара,34,Отзывы о @best_remont_krasnodar 💬 Для вызова мастера пишите @remont_Alexander
myrmafka,channel,Холодильник кота,117,"Всем хеллоу кто смотрит, рада что вы зашли)  Мой вк: https://vk.com/myrmafka Мой тг: @TeshikoHoshido Мой ютуб канал: https://youtube.com/@MyrMafka?si=q3yZUmt6S8Hx5-go Мой тт: https://www.tiktok.com/@byxanka_.xleba?_t=8sgX5PaXEf9&_r=1  ⛧"
hitachi_holodilnik,channel,Холодильники Hitachi,14,Официальный telegram-канал Hitachi в России hitachi-holodilnik.ru Время работы: Пн-Пт: с 8:00 до 22:00 Сб-Вс: с 9:00 до 22:00 Тел.: +7 495 374-57-70 E-mail: shop@hitachi-holodilnik.ru
mop9l6uk,channel,Моржовский холодильник,112,"Здесь автор карт для VRChat, выкладывает различную информацию и свои мысли."
vetbastard,channel,Vet bastard,1113,"Это не я, меня подкинули  Книга жалоб и предложений - @blyaveterinar"
xdgcheat,channel,小蛋糕-官方频道,711,客服 @sdnbyyds58
minsoitsmylife,channel,"[ПЕРЕЕЗД] Небольшое сердце, полное любви!! [Нспл]",526,"Всех приветствую на своём канале, надеюсь вам будет комфортно тут) Мой анончик - @AnonchikYasiBot Мой щп канал - https://t.me/ILovenspl Инфопост - https://t.me/minsoitsmylife/1715"
n3b1t13va,channel,небытиева🪽,287,you are home here
lyamtseva_chelovek55,channel,Лямцева-ЧеloveК❤️,275,Небольшое медиа жесткого тренера по мягким навыкам  @lyamtseva_chelovek
clubtoastera,channel,✷Toaster-Monster✷,325,"КУЛЬТ ХЛЕБА!!🍞 ⛪ Небольшое напоминание: Я - человек, а не разноцветное развлечение в интернете🙁"
naiywii,channel,naiyw♡⊹,184,форил
vanilla_littlefoxx,channel,Ванильная fox🍨,45,Владелец- @Cherry0067   Анон- http://t.me/anonaskbot?start=9vgrpl0 Буст- https://t.me/boost/vanilla_littleFoxx
selfiedresschat,channel,Битва за бренды,186,"MY СHOICE&SELFIEDRESS Всем очевидно, что у нас добавился еще один бренд. ДА, мы решили не разделять два бренда, которые создает одна команда и будет интересно небольшое соревнование современной повседневности и классической элегантности."
polyaastyle,channel,PolyaStyle | жизнь косметолога,104,"Небольшое безопасное пространство моей жизни: работы, мысли 💭, жизнь💫  https://www.instagram.com/____miss_girl_?igsh=ZWpyenc2OWJiemhx"
krrovo,channel,ля петіт морж,23,моє нефритне шукай напружене безжальне світло
oreocult,channel,Культ Орео,74,Просто рисунки и небольшое просветительство в культ Орео ^^
krsk01,channel,Красноярск №1,23384,Лучший канал о Красноярске и крае!  Прислать новость: @krsk001_bot Наш чат: @krsk01chat  Реклама и сотрудничество: @prodovan4000 Реклама через биржу: telega.in/c/krsk01 Регистрация в РКН: https://clck.ru/3G94jV  Мы в MAX: https://max.ru/krsk01
toomuchksush,channel,каморка ксш скврл🔮,990,"меня много не бывает, но это не точно  подборки, винил, косметос и кружочки💿  youtube: ksushsquirrel1 💜"
nafod_kontrol,channel,Народный контроль,662,
trips_by_light,channel,По Лайту,529,
bombolbi,channel,Автобот Бомболби,209,"Бо стала инвалидом в результате страшной аварии: в феврале 2024 нашу машину сложила фура.  Первое время она не хотела ни гулять, ни выползать из своего домика в квартире.   Спустя год мы все еще учимся жить заново♿️, но прогресс уже колоссальный!💪"
iamtinawhite,channel,Дневник психолога,341,"Ты не сломалась. Ты устала. Я помогу тебе мягко вернуться к себе. 🌿 Женская психология: самоценность, чувства, отношения 🎧 Подкасты • практики • тёплая поддержка 💬 Отзывы: t.me/otzyv_psyholog_Tina  Для связи со мной @luevents"
neyro_dpdg,channel,Елена|НЕЙРОПРАКТИКА|ДПДГ|психология,151,@ELENA_DANILINA_emdr
obiymimenee,channel,ЛІТОПИС ТРАМВАЙНОЇ БАБЦІ🔮,89,"Скринька творчості з нотками сарказму, темної магії та таро🌕🔮📜 Приєднуйся — тут тобі раді❤️"
arkhanumtgk,channel,Аркханум,47,
remtex59,channel,Ремонт бытовой техники,53,"Добро пожаловать 🤗 в наш канал, ремонта бытовой техники по низким ценам, пенсионерам и многодетным семьям скидки! Сломалась стиральная машина, микроволновая печь, варочная панель, духовой шкаф? Напишите, проконсультируем, рассчитаем примерную стоимость!"
masterof123,channel,ကြီးမြတ်သောအရှင်မုယွင်+ ပြိုင်ဘက်ကင်းသိုင်းဝိညာဉ် +ပြိုင်ဘက်ကင်း ဆေးဘုရင် Master of Alchemy(Master Of Alchemy),23766,
mastereducationkz,channel,Master Education | SAT & IELTS & NUET Hub,2197,"Master Education - №1 по подготовке к SAT, IELTS  Стратегии, тесты и реальные кейсы поступлений  Поступай в вуз мечты вместе с нами!  Контакт: https://api.whatsapp.com/send?phone=77007380691"
txmoney,channel,Taxi-money 🚖 Игра № 1 с выводом реальных денег 💰,3739,Зарабатывай до 6000 ₽ в день. Получи подарок за регистрацию и ежедневные бонусы! https://a.taxi-money.games/?aid=366 💸
alex_gta5rp,channel,Тот самый,2824,
cryptochangeinternational,channel,CryptoChange.app💸,996,"Fast, reliable, and secure—only trusted currency exchange services in Southeast Asia on your computer💻↔️🏧💳💰  🤝 Contact for Collaboration:  • Telegram: https://t.me/CryptoVNChange"
wevenion,channel,(è.) 𝐏𝐅𝐍𝐄𝐄𝐃𝐒 𝐕𝐄𝐍𝐈𝐎𝐍 OPEN,679,P4RT ØF @WESTVENION
rbxtree_creators,channel,RBXTREE Сreators 🎬💸,2472,"👉🏻 Стань амбассадором RBXTREE.IO и зарабатывай вместе с нами!  🎥 Снимай контент о RBXTREE, делись своим промокодом и получай вознаграждение за каждого приведенного пользователя.  🌳 https://t.me/rbxtreegg — официальный канал RBXTREE"
nedvizhkadagestana,channel,НЕДВИЖИМОСТЬ ДАГЕСТАНА,1071,🏠 Недвижимость Дагестана  ✨ Квартиры • Дома • Участки 🏗 Новостройки • Вторичка • Аренда  ✔ Только актуальные предложения 📊 Подбор под ваш бюджет  💰 Вознаграждение за приведённых клиентов 📩 @Abdylzhelil05
www7yaru,channel,7я.ру,613,Все о детях и семье
skidkaotpand,channel,Халява от Панды,215,Чат: https://t.me/skidkiotpand
naremontili,channel,наремонтили,196,Вопросы: @vankinamama или в чат канала (в левом нижнем углу экрана)
londonprikol,channel,LONDON 🇬🇧,316,Стиральная машина всегда должна работать 📑
vestfrostshop,channel,Vestfrost,68,Vestfrost официальный магазин
oleston,channel,OleSton,129,Восстановления стиральной машинки Ariston с помощью Arduino.  #Arduino #Ардуино #стиральная_машина #Ariston #EVO  #контроллер #washing_machine #Washer #stm32f103
yakatalog,channel,ЯКаталог - сайт сравнения цен,76,"Если вы цените свое время, самый лучший способ покупки товаров – через интернет-платформу ЯКаталог. Электронная площадка сравнения цен охватывает более 1000 интернет-магазинов с актуальными прайс-листами и акционными предложениями."
skladoknetru,channel,Skladoknet.ru - современная техника.,72,"ГЛАДИЛЬНЫЕ СИСТЕМЫ | ПАРОГЕНЕРАТОРЫ | ОТПАРИВАТЕЛИ | МАНЕКЕНЫ | ТОВАРЫ ДЛЯ ДОМА | КОЛОДКИ ВТО | РЕМОНТ ТЕХНИКИ ПО МСК | ПАРТНЕРЫ FASHION  Чтобы связаться с нами, напишите нашим партнерам сообщение @ViloveiV"
fergana_apartment_project,channel,Дизайн-проект Фергана,53,"Если без проекта собирать машину, может получиться гоночная, а может стиральная. Поэтому ремонт всегда начинают с проекта! Затем его отдают опытным мастерам и не заморачиваются. Или нанимают не дорогих исполнителей и контролируют их с помощью проекта."
zelenogradrem,channel,Зеленоград ремонт стиральных машин,20,"Ремонт стиральных машин в Зеленоград е. Ремонт электроплит, духовых шкафов, варочных панелей, посудомоечных машин, водонагревателей. Тел: 8(915)494-46-68. А также продажа запчастей. Наш адрес: Зеленоград ул Панфилова 28б с1 2 этаж павильон 232."
proremont_ug,channel,ProРемонт Краснодар,327,Ремонтно-строительная компания ProРемонт г. Краснодар  Сайт: proremontug.ru VK: vk.com/proremont_ug Taplink: taplink.cc/proremont_ug
strongservicespb,channel,strongservice,148,"🔧Ремонт диагностика и чистка аппаратов для маникюра 📞318-50-10 🤝Приедем, почистим, отремонтируем, даём гарантию ⚒Замена подшипников strong, marathon Наш сайт: https://strongservice.net/servisnyj-centr.html"
hd_group_krd,channel,HD-GROUP. Эксклюзивный ремонт,162,🚨Реализуем проекты от дизайна до изготовления мебели 🤝Прозрачный финансовый учёт ❗️Поэтапная оплата 📝Гарантия на ремонт 2 года  Рассчитать стоимость можно на сайте  https://hd-group.pro/ Или написать на what’s app https://wa.me/79054404570
vkvadrate16,channel,Ремонт квартир и домов ВКвадрате,31,"Мы оказываем полный спектр услуг: - Разработку дизайн-проекта с учётом ваших пожеланий - Помощь в выборе качественных материалов - Организацию доставки материалов - Монтаж потолков, установку дверей и сантехнических систем 💼 Работы выполняются под ключ 🗝️"
tochkiremont,channel,тОЧКИ и РЕМОНТ🛠👓,19,🛠Профессиональный ремонт очков любой сложности  👌🏻Готовые решения для ваших глаз 👓Трендовые очки от 990₽ Сайт где можно заказать очки с линзами t-ochki.ru тел. 7-999-463-20-22
ysjcsm,channel,异世界传送门-机场VPN梯子,27963,9.9一个月的VPN梯子 ， @TSx100  资源福利群
kkhhmmqqss,channel,𝒌𝒂𝒓𝒎𝒂'𝒔 𝒏𝒐𝒕𝒆𝒔.,430,𝒋𝒖𝒔𝒕 𝒎𝒆 𝒂𝒏𝒅 𝒎𝒚 𝒄𝒓𝒂𝒛𝒚 𝒕𝒉𝒐𝒖𝒈𝒉𝒕𝒔.
jysjh6,channel,渐远低价账号【全网最低价】,287,全网最低价pubg账号源头直发  低价质量皮肤号 @JYPFH666
svetajeans,channel,Света и узкие джинсы,144,трушная история похудения  сотрудничество: @svetaa_kravtsova
sushibox_ustlaba,channel,SUSHIBOX Усть-Лабинск,548,Магазин японской кухни  суши / роллы / пицца / wok  ☎️ 89298447787 ⏰ 10.00-23.00 🚗 доставка БЕСПЛАТНО 📍 ул. Ленина 66г  http://sushibox.store/
shirotorii_bc,channel,ShiroTorii BC,701,"Аніме-магазин тематичних товарів  Біла Церква, провул. Гоголя, 24 (приміщення 2) Вт-Нд 10:00 - 19:00 • Офіційний та фан-мерч  • 3D моделювання > 3D друк > Розпис • Кастомізація одягу Власниця @Pani_Nastia"
chibrik1,channel,chibrik,884,бот для вас @chibrik_news_bot
chistopop,channel,ЧистоПоп,199,Этот канал призван популяризировать чистоту мотивировать на красоту и доброту на примере одного грешного батюшки %) для желающих поддержать мои проекты карта ВТБ привязана к моему номеру 89168680233 Автор: @BatushkaPivnjak
shefgrill,channel,🍔Шеф GRILL,223,"🍔Мир фастфуда🍟 Самые вкусные бургеры, хот-доги, закуски здесь 👇🏻 с. Поселье, ул. Магистральная, 24 Тел: +7 (914) 842-43-22"
chistoluchisto,channel,Чисто-лучисто,171,Елена Чистякова.  Клинический нутрициолог с интегративным подходом.   Для связи @chistyakovale
chistokyky,channel,Катруся в стране чудес,131,Когда незримое становиться очевидным — ты уже не можешь вернуться к невиденью   👁️Готова открыть глаза?👁️  Для связи: @cho_yesli
chisteh_ru,channel,«Чистех» Чистая и активная упаковка,119,Активная упаковка с объемным антибактериальным действием  ➡️ https://chisteh.ru/  📞 8-800-550-97-98  ✉️ office@chisteh.ru
tsar_wylsacom,channel,Царское стекло от WYLSACOM,46476,"👑 Царское стекло от Wylsacom  Розыгрыш: kichaev@wylsacom.media  Премиальная защита iPhone: прочность, прозрачность и топовое олеофобное покрытие.  🎁 Купил стекло — участвуй в розыгрыше призов!"
goldenmusemsk,channel,GOLDEN MUSÉ,7180,"Премиальная женская обувь и сумки из натуральных материалов✨   📍ТК Садовод  Корпус Б, этаж 1, линия А, бутик 61 🚛 Доставка по всей России   Отзывы - https://t.me/goldenmusemoscow 📲 Менеджер: @GOLDENMUSEm 📞+7-925-823-09-99"
