nekotolive,channel,#янеnekoto,185,Прайс — лс канала  вопросы — в лс канала  будущее..? а будет ли оно..
librarysochi,group,ЦБС города Сочи librarySochi,200,"📚Библиотеки Централизованной библиотечной системы города Сочи теперь работают для своих читателей на гостеприимной площадке Телеграм канала.🌿 Мы продолжим знакомство с книжными новинками📕, проведем мастер-классы, напомним о литературных событиях.📚"
desolyator_live,channel,Мысли (в)слух,159,"Всем привет! Меня зовут Александр, я из Кирова (который Вятка) и мне нравится писать. Веду ЖЖ с 2006 года и одной из моих любимых рубрик в ЖЖ является рубрика, в честь которой и назван этот канал. Продолжим тут.  ЖЖ: desolyator.lj.ru Автор: @DESolyaToR"
longrangestunscf,channel,#𝙇𝙊𝙉𝙂 𝙍𝘼𝙉𝙂𝙀 𝙎𝙏𝙐𝙉::𝘾𝙊𝙉𝙁𝙀𝙎𝙎𝙄𝙊𝙉,4,Лонг стан конфешн (Канал создан по рофлу но если станет популярным/будут подписчики то мы продолжим дело)
myslebambuk,channel,Мыслящий бамбук,2194,"Воевал, учился, путешествовал, теперь обнажаю реальности...  Обсуждение: https://t.me/+aldrohi-4hQ5ZDAy Жалобы и предложения https://t.me/alex_kozl91"
chillingandthinking,channel,Chilling and thinking,128,"I find myself consumed by the notion of not measuring up, and I witness my own destruction."
restchik,channel,rest,174,trust God
mrbrnk,channel,мысли мрбрнк,55,"дневник моей жизни-эмоции, состояние и рассуждения 💞"
zah0rybook,channel,Inked Thoughts,56,
thinking_landscape,channel,Мыслящий ландшафт,20,
strukturolog,channel,Заметки директора по стратегическим инсайтам,294,"Про развитие в маркетинге и исследованиях. О стратегии и тактике, методах и фреймах, командах и карьере через призму 20+ лет с P&G, Wrigley, SABMiller, McDonald’s, МегаФоном, кейсов Яндекса, Efes, Kraft-Heinz, Multon и других"
labelmen_spb,channel,Labelmen,198,Агентство внимательного брендинга из Санкт-Петербурга  Сайт: label-men.com Для связи: @label_men
nemarkitingg,channel,не маркетинг,56,"маркетинг, как его обсуждают после работы  cooperation & collab @lizaromashaa"
mama_prosto,channel,Семья. Дети. Рецепты. Путешествия.,71906,"Семейный блог🧑‍🧑‍🧒‍🧒  ЗОЖ🍀 💊Всё о здоровье, медицине и бьюти красоте.  📚 Образование и воспитание детей 🌍 Семейные путешествия 🍽️ Автор полезных и вкусных рецептов ✅по сотр-ву писать ✍️ @pr_tanin_blog   РКН https://clck.ru/3RQaq5"
careprost_russia,channel,"Careprost Russia | Карепрост. Сыворотки для роста ресниц, бровей и волос",678,Официальный канал бренда. Для заказа и по любым вопросам пишите @CareprostRussia | careprost-russia.ru
masha_neprosto,channel,NeProstoMasha,346,"Все о фитнесе, тренировках, питании.  Теперь и про восстановление после родов 🤌🏼 Со мной не скучно и даже вкусно 😜"
lardauxofficial,channel,LARDAUX jewellery,403,"Мультибрендовые ювелирные бутики Lardaux   Carrera y Carrera  Crivelli Messika Damiani  Piero Milano   Получить консультацию @Lardaux_Unimall  Перейти на сайт https://lardaux.ru   📍МОСКВА СИТИ 📍Новорижское ш., 7-й км, ТЦ «Юнимолл»"
ld_ll_a,channel,ـ عقل،مُشوش .,1353,مزاج خاص مش محتوى لأي عين .
flowersrune_cf,channel,DELTARUNE FLOWERS CONFESSION,112,cr:: https://ttaranza.tumblr.com/?source=share мы все любит Зелёного. это лучший персонаж во всём Дельтаруне. Зелёный просто смотрит и улыбается. все бы так делали................
delta_floodd,channel,INFO DELTA_FLOOD,15,"Владелец - @Kameni0  TT - @delta_flood5   Cr: к сожалению мы не знаем кто автор, рисунок был найден в Пинтересте, так же на просторах интернета были найдены баннеры. Если вы знаете авторов, то дайте знать!"
tmoontaco,channel,Taco reflections (TMoon),7,"Рисунки персонажей, фанарты, скетчи, мои мысли."
deltaruinednsfw,channel,дельтарун нсфв конфа переходник,22,cr: Tornad0Tommy (x) на всякий случай сразу переходник будет ага
zihzhadoomed,channel,ЖИЖА,28,WE'RE DOOMED 😶‍🌫️ присутствуют рисунки эротического подтекста 🙌
ncuxoemo3,channel,??,12,вп-@emolun3
abandonedmachine,channel,зин,14,your adhd artist
handplates_gaster_rins,channel,ᵂ. ᴰ. ᴳᵃˢᵗᵉʳ,12,art cr. — Zarla-s in Tumblr avatar cr. — It's me.
fatam20078,channel,ڪراڪيب 🙊❤️'>>>>!.,464,ليست مجرد اتشانل ، إنها عالم كامل ملئ بالفن🙈❤.
ikdyrina,channel,Ttakeo🤍,79,Ttakeo лс: @irishkkkaaan
ekkrn15,channel,hysterical vibe,71,inst: ekkrn_
cheryazam_blog,channel,cheryazam blog💗,34,
photo_irina,channel,Ирина Ниазбаева,28,
mk694am,channel,𓋜 أَوْج | 𝒜𝒰𝒥 𓋜,75,نحن مرتبطين بالطب حلمًا وشغفًا وروحًا ، فنحن من الطب وإليه 🩺🥹🤍.
plumpcom,channel,.,7206,
plumpih,channel,arsip @fumikou,32,
wwwrem25ru,channel,Рем25 | Ремонт квартир | Дизайн интерьера | Москва,113,"Рассказываем о правильном ремонте квартир. Делимся советами, помогаем избежать ошибок. Подписывайтесь!  Наши контакты:  WhatsApp/Тел: +7 (965) 439-36-46 Сайт: rem-25.ru VK: vk.com/rem25 Youtube: youtube.com/@rem25ru Отзывы: yandex.ru/profile/175568295574"
plumpann,channel,Студия Сав🅰️нна,73,"Анна Савицкая — создатель студии, копирайтер и веб-дизайнер для бизнеса и экспертов.  Создаем сайты под ключ, пишем контент, который продаёт без агрессии. Упаковываем аккаунты.  Кейсы и услуги на сайте: http://copywritersavitskaya.ru"
plumcore,channel,plumcore,23,
sputnik_psycholog,channel,Про психологию и кошку Стрелку,188,"Канал про психологию, кошку, вас и меня  Автор: Леонов Александр, психолог, супервизор. @sputnik_psy  Консультации онлайн, офлайн и супервизии https://taplink.cc/sputnik_psy"
mikeymlbbsavdo,channel,MIKEY MLBB SAVDO,6016,Asosiy kanal - https://t.me/mikeymlbbchannel✅  Garant/Reklama - @xolmurodov_o7✅ Obmen yoq❌ Boshqa garantlar bilan bolgan savdoga javobgar emasmiz❗️  owner: @mikey_yt  Fake kanal va mashkalardan xushyor boling‼️
moexmon2,channel,MOEX Monitor #2,651,Описание - https://teletype.in/@moexmon/info Канал с кнопками - @moexmon Админ - @moexmon_admin
do_not_for_all,channel,!!! Don't for all,4,
graperyurye,channel,Биттер - Свит .𖥔 🥢 류령,68,‧₊ ♪˚⊹  алекса ，включи ❛ lovesong ❜ by adele  [  the cure cover  ]  🍋‍🟩🍱  cr. gong_iiil ，lcruniverse ，bblofitzy ，chaerbbl ，srj_global
imhasooyoung,channel,Ha Yves,30,owner Lita
school_shooter666,channel,Школьный Стрелок,34,[Depressive Suicidal Black Post-Punk] Яндекс музыка: https://music.yandex.ru/artist/10334730?ref_id=B17E11A5-AD7A-4069-B59D-B06CAE9FE971 YouTube: https://music.yandex.ru/artist/10334730?ref_id=B17E11A5-AD7A-4069-B59D-B06CAE9FE971
yuqi99song,channel,„ Gırlfrıɛnd Yưqı ೃ КАМБЕК,36,Mina's Archive 🧡 #WeMade Gimme Dat Love @MinaMessengerBot
cupidhyun,channel,Cupid Yi,12,owner - @ManyaLuv (Маня)  anon – @ImManyabot Goal 20...
megafon929,channel,m929 official channel,5,
mashka28292,channel,mashka28292,,
itsjustmeallalone,channel,Music Warehouse,65,پلی‌لیست
o4oday,channel,～ 𝐎𝐧𝐥𝐲 𝟒 𝐨𝐧𝐞 𝐝𝐚𝐲 ! ¡,29,владелец — @kviisig
aliaztehran,channel,ALI AZed,227,ID: @Ali_azed_official
ali_al_saadi_20,channel,تذكير | السور,190,
bboyaliop,channel,B-BOY ALI,112,На моём канале я выкладываю много достижений в брейке и много интересного из жизнь
alisashamusic,channel,Ali Sasha Music,117,
slilkitai,channel,Слил Китай,78,"✅ Али ДЛЯ ВСЕХ [Нужные и уникальные товары, а также много скидок и акций] https://t.me/pro_aliexpert  🔖Xiaomi |  Скидки | AliExpress (Xiaomi - Горящие товары, скидки до 90%) https://t.me/pro_xiaomi  😎 НАСТОЯЩИЙ МУЖИК ОЦЕНИТ https://t.me/shops_bro"
ali_infochanal,channel,Али #гикотец,9,мазафак
intali,channel,Интересное Ali,2,Добро пожаловать на наш телеграмм-канал! Здесь вы сможете найти ссылки на все интересные товары. Мы в яндекс дзен: https://zen.yandex.ru/id/62a58fd2976862692a186665 Epn
alirezaivanofficial,channel,Ali ivan official,5,The Official Telegram Channel of ((ali_ivan)) Instagram:ivan_baztab My channel: @alirezaivanofficial
aliboomx,channel,AliBoom,1,"💥 AliBoom – דילים חמים מאלי אקספרס כל יום דילים מטורפים, חיסכון ענק, מוצרים מובילים עד הבית. הצטרפו עכשיו – אל תפספסו! 💸 Hot Deals Daily | Save Big | Fast Shipping"
onlya4vlad,channel,A4 Vlad Bumaga,1098,own — rita & lina t.me/A4Reabot - НЕ ПИСАТЬ С 13-15 ИЮНЯ TRUE VLAD BUMAGA
onlytruemi,channel,Angel Miyeon,192,Sally’s  @sallyqibotbot Архив не по всем обновам !!
r21onlyfans,channel,R2one1 Only Fans,185,Onfans 🫴  @r21onlyfans  FB ➡️ facebook.com/groups/761453238562774/?ref=share  Fb2 ➡️ facebook.com/profile.php?id=61552171508767&mibextid=zLoPMf  Click here ➡️ t.me/beatiful21v2
onlyoneofj,channel,arvnars,141,arvnars making edits n stuff ; best kim junhyung editor ever   shakes are mostly @/wessuni
wznt0nlyxu,channel,You're All I Want,135,suck it and see.
onlyarchw,channel,Arch.,62,Arch to arch. Задонатить: https://donatex.gg/donate/theresa_sarkaz  pfp by: @cadenceieee
onlyalivefootball,channel,Онли живой футбол и МЮ),29,"Лучший канал про АПЛ,Серию А и Бунлеслигу,также называемые ""Самые интересные и живые лиги мира"""
onlyforh2h,channel,Only Ujuz,13,
dosieoi,channel,𝜗𝜚 𝘿𝙊𝙎𝙄𝙀 || 𝙎𝙊𝙇𝙊,35,"— н᧐ʙᥲя ᥴ᧐᧘᧐ ᥲρᴛᥙᥴᴛκᥲ Д᧐ᥴᥙ 🦢     ᥴ уюᴛныⲙ κ᧐нцᥱᥰᴛ᧐ⲙ 🐋 ᥴʙяᤋь — @lilisip    (🦢) ᴦᴩᴀɸ. ᴏɸᴏᴩʍᴧᴇниᴇ :: @azzzumisport             ʙ 𐌏И 7 ᧘ᥱᴛ, ʙ᧐κᥲ᧘ᥙᥴᴛκᥲ 2-3 ᴦ᧐дᥲ 🐋—  @archivedosie"
j1ng_ws,channel,– Mꪗ : JꪝS » 🔒,25,Start - 02.01.26. Owner - tyler Репосты держаться 30 минут.
enhypenissevenoi,channel,Solo Minji,4,
only2winter,channel,Kim Minjeong,10,Вета
onlyparkju,channel,Park Minju,7,Kelly/Кэлли @OnlyMyJuBot не по всем обновам ‼️
iranazadiii,channel,تاریخ ایران| Persian Gulf,161,
itihaspathshala,channel,Itihas Pathshala,230,History Knowledge (Bengali & English) all regional translate version available in our website 👇 https://www.itihaspathshala.in
oailhli,channel,أثَر,81,‏ ‏يَفنىٰ الِعبّادُ وَلَا تَفنىٰ صنَائِعُهُم ‏فَاختَرْ لِنَفسِكَ مَا يَحلُو بِهِ الأثَـرُ . ᥫ᭡ .  .  ‌‏قال ابن الجوزي رحمه الله: من أحب ألا ينقطع عمله بعد موته فـ لينشر العلم 💜.
res8nance,channel,پِژوآ,34,پس اگر مرا یافتی ، برایم از عشق بگو  از امید ، از نور ... از هر آنچه خوبی در این دنیا هست ، بگو و دلم را گرم کن ؛ به اینکه ، هنوز این زندگی  ارزشِ زنده بودن را دارد .
auror_20,channel,𝓐𝓾𝓻𝓸𝓻𝓪 🕯.,36,هَل يعلمُ الليلُ كَم ذِكرى تمرُّ بِنا  ‏من أوّل الحُلمِ حتّىٰ طَعنةِ الفَجرِ 𝑠𝑖𝑡𝑒:
loraitalia_umbria,channel,LoraItalia - Umbria,15,
ukonteam,channel,ЕНЕРГІЙНА ЮКОН ХАТА🥰❤️‍🔥💋,187,spreading смішні слова і гарні кавери since 2018
megaaksiya2026,channel,megaaksiya2026,157,
afkon,channel,Афкон Металлоконструкции,86,"В данном канале будем рады с вами делиться нашим опытом в сфере изготовления и обработки металлоконструкций. (Порошковая покраска, сварка, штамповка, гибка листового и профильного проката). Направляйте нам ваши предложения и вопросы на @afkon_bot"
ukon_tx_live,channel,Ukon_tx ☮️ LIVE ☮️,61,Streamer
arkonatrans,channel,ARKONA,33,"Российское предприятие «АРКОНА» - сертифицированный производитель «умных» светофоров SMARTLIGHT, не имеющих аналогов в мире  📌 Наш сайт: https://arkonatrans.com/"
muzalevaa,channel,Бабушка Алиса👵🏼,68,
for_fashion_girls,channel,Før girlş💕,7,
winrinaarch1ve,channel,Drift Winrina,11,Only For Winrina Kitty Jimin & Puppy Minjeong @winterovna_bot @karinovna_bot
webcampersona,channel,Work For Girls | Актуальная ссылка,1,"Канал-переходник Тут вы всегда найдете актуальный и резервный контакт для связи  Мы объединились с лучшими, чтобы сделать что-то действительно крутое, чего не видела индустрия🔥"
vahnin_ir,channel,•حُ‌ب•,946,وقد بعثك الله لی و کأنی اٺذوق شیئاً من الجنة.  و خدا تو را برایم فرستاد  که گویی چیزی از بهشت را چشیده‌ام.. 🦁🫶🏻 1001🤍 چنل لوگو https://t.me/aho_grafi
ka2020h,channel,𝐓𝐇𝐄 𝐄𝐍𝐃⁰¹,2,علي قيس افعالك تاخذ قدرك 🩵👏🏻
pashto_quotes,channel,پشتو ليکنې او شعرونه,10326,د پښتو شعرونو، لنډو لیکنو، ناولونو او تفریحي لیکنو چینل ته ښه راغلاست.
lanerett,channel,Ланеретт||Ланя,211,"Ланеретт, Ланя, Котенок Чмоня Тамблер: https://www.tumblr.com/lanerett?source=share Тикток с рисунками: https://www.tiktok.com/@lanerett?_t=ZS-90Y85Kxe8Je&_r=1 Щитпост: https://t.me/+scHYuactmMllZDdi"
dogsy_gav,channel,догси,91,"привет, меня зовут Ляля💕фотограф из Пензы!  оформляю блокноты, рассказываю о приколах и веду блог с:  https://vk.com/dogsy_gav - мой магазин вк💛"
lobionline,channel,Домик для проведения лоботомии💉,110,Апчхи
bl00nyy,channel,B.LOONY👺,62,from t.me/adscdteam  - dancer  - painter
ladkikiphoto,channel,Ladki Ki Photo,39,site: https://www.ladkikiphoto.in/
moonienaloonie,channel,Муні на луні,20,[ 16+ ] - хоррор ((іноді))  Творчі завалини
kiinnnyy,channel,КIINNNY,30,
orbai_group_chat,group,OrbAI Chat,85,"The AI of AI - Chat to us. Lets Build this Community together. OrbAI is built for people, not big corporations."
odaasport,channel,Odaa Sport,77,Chaanaalii oduulee kubbaa miillaa bifa hawwataaf adda ta'een isiniif dabarsu dha
vcarbb,channel,Lindblad.,112,2026's rookie. — @Arviddc
ookib_pub,group,Инфекционная больница ГАУЗ «ООКИБ»,22,"Уважаемые гости, мы рады приветствовать вас! На этой странице вы можете задать вопросы, оставить отзывы о работе учреждения и специалистов, а также поделиться предложениями по повышению качества оказания медицинской помощи."
sirawabcamera,channel,أواب 📸,55,بعدستي المتواضعة أرشيف الصور
ookib_orenaids,group,Оренбургский центр СПИД,5,"Уважаемые гости, мы рады приветствовать вас! В этой группе вы можете задать вопросы, оставить отзывы о работе Оренбургского центр СПИД и специалистов, а также поделиться предложениями по повышению качества оказания медицинской помощи"
ookib_orsk_bot,bot,ГАУЗ «ООКИБ» «Орский центр профилактики и борьбы со СПИД»,,Я чат-бот ГАУЗ «ООКИБ» «Орский центр профилактики и борьбы со СПИД»
sursiendo,channel,Sursiendo,767,"Canal de Sursiendo, Comunicación y Cultura Digital. Tecnología e internet como espacio social. Análisis, textos y actividades que realizamos.   Si quieres contactarnos: sursiendo(arroba)sursiendo.org; somos @sursiendo en Mastodon y Twitter."
pedristaa,channel,𐙚‌‌ᴘᴇᴅʀɪsᴛᴀ,273,What should I say?  @Zaramyybot https://t.me/HarfChatBot?start=a6109becdcb5
veloraaand,channel,Velora,1328,
sienafree,channel,Sienafree,645,Quotidiano online di Siena e provincia
sienaar,channel,Sinar | سينـــار,286,بيني وبينك خمرةٌ وأغاني
thesalvationarmysoundcast,channel,PALABRAS DE VIDA,199,Palabras de Vida es un programa semanal de 15 minutos de esperanza para los adultos de todas las edades de habla Hispana.  El programa salió al aire en 1992. Cincuenta y dos programas son producidos cada año y actualmente están siendo transmitidos
silendoll,channel,Мастерская Силен ~ Фандомные куклы на заказ,88,Наколдую вам куколку любого героя ❤️
daily_sendo_shuto,channel,𝐃𝐚𝐢𝐥𝐲_𝐒𝐞𝐧𝐝𝐨_𝐒𝐡𝐮𝐭𝐨,169,"07.05.25 Если хотите стать админом пишите--> @amir_17_05 (лучше звоните или пишите в анон) !!ПРИСУТСТВУЕТ 18+!!  @DailySendouShutoBot —предложка.  Если на админа будет три и больше жалоб, то он не будет админом."
ixclusters,channel,AlyssBlog,2963,🌟El mundo solo se limita con las fronteras de tu imaginacion. 🌙 ᴀᴛᴛ: ᴀʟʏꜱꜱ ʟᴇᴇ. ᴛ  Nuestros amigos (canales): @liter_cafe @Waaattpaaad @Bookgram_ve @wattpadhistoria  Creado 09 de Julio. 2020 Visita @AlyssinfoBot
ceipreyescatolicosmelilla,channel,CEIP REYES CATÓLICOS MELILLA,860,Este canal ha sido creado para recibir noticias del colegio.
aguilasmonumental,channel,Águilas Monumental,698,Sitio independiente creado por la afición azulcrema.
canalalazanesgrm,channel,TODO BÉISBOL ⚾️ GRANMA,891,Canal oficial en telegram de los Alazanes de Granma⚾️⚾️⚾️ Creado: Septiembre 2020
justkim2009,channel,justkim2009,247,Мой официальный канал. @mgmt_tg по всем вопросам.
onethinglife,channel,Один Нюанс,206,
justtheotherlife,group,Just The Other Life,115,Правила группы по ссылке.  https://docs.google.com/document/d/1lVSO312OiWtA1PSbL7-pH5GAAaQn4wQbcQirECdYcBk/edit?usp=sharing
lmaokinglife,channel,🐗Кабаний Fлекс🐗,88,"Здарова :3  Здесь у нас загон самых отборных кабанов, готовых расчехлить свой банкай на полную.   Всё что касается рисования, стримов и просто моей жизни, находится прямо здесь.               Найди меня на твиче - ""LMA0_KING"""
skippinglife,channel,Eat Worms Up!,98,I'm Kay or Finn. Not a promising artist.  +18 content.   As Michael Scott taught: KISS - Keep It Simple Stupid
oootakomi,channel,TAKOMIvision [OnlyOneOf],29,"Привет! Меня зовут Такоми и это мой личный канал lyOn, посвященный группе OnlyOneOf!"
just_po_life,channel,JUST_PO🤗 Дневник медитаций,55,
prostoknyazen,channel,просто🪆кнЯзен,84,"мы не команда , мы — просто князен"
justblack2233,channel,JUST BLACK ⛓️🖤,51,
laughinglife,channel,Laughing Life,45,Все о моей жизни✨
justsongsbaby,channel,𝗝𝘂𝘀𝘁 𝘀𝗼𝗻𝗴𝘀ᵇᵃᵇʸ,20,
seven_2510,channel,шепот сердца,57,it’s never over
fa1ry4sure,channel,Stay Pure,53,
shitpostkokinglife,channel,Щп Коконата 21+,22,
justkinoru,channel,JUST-KINO.RU | ПРОСТО КИНО,11,JUST-KINO.RU | ПРОСТО КИНО - Смотрим и читаем самое интересное
thejustlikeheaven,channel,the cure,21,hi I don't want to be here!! 🦋𝄞⨾𓍢ִ໋ ray | 15 | cabin 7 - We all love jason grace in this house  .𓂃  i would listen if anyone wanted to talk about books
justkazabel,channel,"Kaz Abel/Books,Cosplay,Life☕",826,Kaz⚜️ Writer&Cosplayer&Photographer🤎 Your personally God🕰 BookBloger&Geek☕ He/she📚 Boosty https://boosty.to/justkazabel/showcase Моя книга https://www.litres.ru/book/kaz/kd-73269583/ Лайв @kazlovespossumandyou - - - - Пиратский король опоссумов🫦
justcfs,channel,"Максим, ну ё-моё",595,"Авторский блог о фильмах, сериалах и комиксах. 18+  По всем вопросам - @JustMaks2"
justnbx,channel,ꜰʀᴏᴍ ᴛʜᴇ ᴅᴀʀᴋ.,525,"по вопросам - @amphetaminerave ✉️ не присваивать авторство работ, не стирать вотермарку, а так же не использовать в коммерческих целях."
justkeepondancing,channel,уголок душевнобольных евробитом,325,Hypertechno & eurobeat      Для связи: @redcrips                    @Janowska
just_hosting,channel,Just.Hosting,200,https://just.hosting/?utm_source=telegram&utm_medium=social&utm_campaign=brand
justkwon,channel,Matz made in heaven 💕,163,"Меня зовут Квон, а если вы любите фики по ATEEZ, то вы по адресу.  Главное помните — my ship my rules  Профиль на фикбуке: https://ficbook.net/authors/018d046c-e0d9-7238-bc42-a87723422999"
justsnoowing,channel,пусть идёт снег,149,"здесь о жизни в Петербурге, путешествиях и моём пути к Богу  // Свято, что идет снег;  может, это Бог,  а может и нет - ничего, все равно идет снег."
just1dk,channel,ⴷⵉⵍⵉⴰ -15.6°C ❄️,322,hmmm ... .. .  🌸  •~•~•  Owner  @ik_di   second ch @thalja    bot @ik_di105BOT  https://t.me/addstickers/MyBdilia
justtalkeng,channel,"JT Channel Английский, китайский, французский, немецкий, испанский",224,"🔹Английский, китайский, французский,  немецкий,  испанский, с 2008 г.  🔹ЕГЭ, ОГЭ 🔹Свое мобильное приложение 🔹Образовательная лицензия  🔹Мат. капитал 🔹Личный кабинет ученика"
justkengeex,channel,just ken,219,all links: https://linktr.ee/kengeex my flowframes: https://t.me/kengeex_flowframes tiktok : kengeex inst : kengeex_ ads - ig
justfuckingfan,channel,JUST FAN,129,"Может присутствовать 18+, кровь и остальное."
justwings0,channel,⋆. 𐙚˚࿔ 𝓂𝑒𝑜𝓌 𝜗𝜚˚⋆,116,"₊ ⊹𝓞𝓷𝓮 𝓭𝓪𝔂 𝓘 𝔀𝓲𝓵𝓵 𝓰𝓻𝓸𝔀 𝔀𝓲𝓷𝓰𝓼, 𝓪𝓷𝓭 𝓘 𝔀𝓲𝓵𝓵 𝓼𝓸𝓪𝓻 𝓱𝓲𝓰𝓱 𝓲𝓷 𝓽𝓱𝓮 𝓼𝓴𝔂 ₊ ⊹"
justaposting,channel,завтрак руручи,74,"just a post, nothing more  хотите что-нибудь узнать или вас что-то заинтересовало?  @nazeetskyyy"
justkelberr,channel,❄️ Just kelberrrr✨,153,Прошу не засирать предложу  Инфа о заказах тут https://t.me/+WuXmkoLQTZZkYmFi
onlyhyeins,channel,이혜인 Hyein,126,"ⓘ Only For Hyein Сэйлор @arushaanon_bot Прайс на стикеры, скрины и оформление @OnlyGfNing"
justtalkingbabe,channel,Rawan's space,103,Your fav dentist Short and sweet 🍭  وهواي اشخصنها ويه الوادم  @Dentistrawanbot
spacemember,channel,www.internet-2010.co.jp,286,Менеджер @dear_gatekeeper
remember_the_promise,channel,This is my safe space,71,Летопись плёночных пиктов
remembermd,channel,—𝙸'𝚖 𝚓𝚞𝚜𝚝 𝚊 𝚖𝚊𝚗...⟨𝟷𝟾+⟩,54,"Просто чел прокростинатор, со своими секретами и тараканами в голове✨   Майнкрафт и Epic the Musical просто обожаем. Косплеер, вокалист, Гачер и ленивый засранец в одном лице...А вы чего ожидали? Это же MD:)  ""I'm Just a man.."" вот и всё🕊️"
thesupremememe,channel,Memini,50,The memes I find funny. So you will too.
krasnoturinsklive,channel,Краснотурьинск LIVE,7677,"Если хотите опубликовать новость или разместить рекламу, пишите нам: @admkrasnoturinsklive или https://telega.in/channels/krasnoturinsklive/card  Наш чат: @krasnoturinskchat  А еще есть Инстаграм: https://www.instagram.com/livekrasnoturinsk/"
centr_pilugina,channel,"Работа и стажировка в АО ""НПЦАП им. Пилюгина""",713,"Канал о возможностях трудоустройства или прохождения практики в АО ""НПЦАП"". https://www.npcap.ru/ - наш официальный сайт."
giftpickme,channel,Подарки Пикми,28744,ТОЛЬКО @kittycursed    Сотрудничество: @reklama_nikita @Diggsale @Mannakww @sellwwads @lordgamestv @Spiral_Yuri @Darks_777 @egor_unique @Diman_zhe_nu @AbdullaKZ @grek_rek @maxvane  чатик: https://t.me/+UAG1QnmI9ko4YTE6
zhem4,channel,"Zhem: книги, игры, видео, стримы",2225,Книги: https://youtube.com/@zhem Игры: twitch.tv/zhem Чат тут: https://t.me/zhem4at Пост со всеми ссылками: https://t.me/zhem4/5694
zhecaz,channel,Женя я,741,
zhezlbet,channel,ZHEZLBET,1769,канал со ставками на спорт  основа- https://t.me/ludozhezl337
the_host23,channel,COACH LOVETH ONLINE CLASS,2647,If you want you rpc code chat me on this my telegram account below 👇   👉(http://t.me/adikiloveth)👈
zhe_kostya,channel,Константин Жеребцов,96,"Про диджитол штуки. Наборы слов и картинки, сгенерированные и скомпилированные продюсером цифровых проектов.  Об авторе: помогаю бизнесу улучшить свою видимость в ИИ-системах • цифровые продукты с 2004, финтех с 2015 • ex-Yandex, Lido etc."
nitroteamchat,group,NitroTeamChat,658,https://telegra.ph/Privet-i-dobro-pozhalovat-My-kak-polnocennoe-obshchestvo-imeem-svoi-pravila-a-gde-zhe-oni-A-vot-zhe-oni-06-18
keonowaq,channel,"⋆K-on!!! авы, стикеры ꔛˎˊ˗",967,"приветики, это канал по k-on!  заходи на чай! влд. — @AfgKotikiSlibkoiMav / @Julia13Lamanova (пишите в коммы отмечая юз, если не можете написать в лс)  взаимный пиар с каналами у которых аниме тематика."
koinoniwa,channel,𝓚𝓸𝓲 𝓝𝓸 𝓝𝓲𝔀𝓪♡,101,Первое русскоязычное мейд-кафе в VRChat! Поддержать нас : https://boosty.to/koinoniwa/donate
tomai_izna,channel,переезд моя милая девочка маи,61,"ㅤㅤㅤ 🦩 томиока маи – участница группы izna, сформировавшаяся на шоу iland2, в финале которого маи заняла 6 место ㅤㅤㅤㅤㅤㅤㅤㅤㅤ ㅤㅤ⾕ @tomiokamai_bot ㅤㅤ⾕ @coopmai ㅤㅤ𓂅 ㅤ since 29.O4.2O24"
kkontainer,channel,kyoonight's kontainer,61,"@pengusama 's art channel!  dm for any questions, ideas, requests, etc. i don't bite :3"
kokosiiina,channel,𝑪𝒐𝒄𝒐𝒏𝒖𝒕 𝒅𝒓𝒐𝒑𝒔,27,
kozinaalexandra,channel,campanula.,32,Разговоры с жизнью  и искусство видеть  — страницы визуального дневника  автор: Александра Козина  kozinaa.com
okiiidokiiniii,channel,𑁭ᰍ ꫶ ໋ 𝘱𝘪𝘯𝘬𝘪𝘸𝘪𝘯𝘬𝘪 . 🫧 ֹ ♡ ―,94,"Кавердэнсер, косплеер кароче дура и ей похуй Лс: @kiki_kosik Тт: www.tiktok.com/@kk_xzsyhi"
kohaifish,channel,La pecera de Kōhai 🐠,78,"Rinconcito para cosas que quiera compartirr~ prometo contenido de pecesitos, vents, posible nsfw, fotos de mi vida diaria y otros logros ;3 ✨🍀"
nadmirom,channel,НАД МИРОМ,64,Журнал инженера истории. Побиск Кузнецов: «…потребность Человечества в проектировании своего собственного будущего должна будет породить новую профессию — профессию инженеров истории».
koir22222,channel,koi2,17,хамам
knypngprice,channel,инфо,7,
coopmai,channel,coop w/ iki,4,
anzorolegovich,channel,Анзор Балкаров(Канал),85,Проекты: www.soyuzprizivnikov.ru www.cityhack.ru  Автор:@anzorwin
nezwanaisny,channel,Незваные сны,14,"записываю сюда свои бредовые сны, собираю коллекцию. Ирка МБ @nezwanka"
toslovenia,group,"Словения: удивление, унижение и уходи",667,Jeblo te veslo koje tebe prevezlo
voronasnest,channel,Гнездо,131,"Приветствую тех, кто заглянул в наше заведение. Оно потрепано, но здесь на удивление тепло, хотя снаружи вечный туман."
ne_fa_ct,channel,НЕ ФАКТ,100,"Канал, где развлечение встречается с наукой, а удивление становится вашим личным проводником в мире фактов, мифов и интересных открытий!"
techno_flat_3d,channel,Techno_Flat (3🐝D),109,Ваш друг в мире 3Д👇  🧬 Адаптивно-аддитивный блог Никиты Техно_Флэт   🎯 Чем полезен?  • Показываю возможности FDM • Есть образовательные материалы  • Здесь оживают идеи 💡 • Какое-то время может вызывать удивление 🤯
za_glaza_me,channel,Отраженное в моих глазах,43,"Я однажды увидел, что фотографии, это маленькие окошки в миры, что пока ещё сокрыты, но обязательно будут проявлены!"
xyrce_music,channel,XYRCE,70,"С древнелатинского - крайнее удивление  Нитрит сладжа с гаражным активирующим веществом, мгновенно взрываются при выходе на сцену силой 1000 киловатт в нойз-роковом эквиваленте!!!"
akitoclaude,channel,ㅤ ݁ ۫ ⃪ 𝒶𝐤𝐢𝐭𝐨,79,в канале присутствует упоминание спиртных напитков прайс - @pricemilks
tastebytala,channel,Taste By Tala🍰,659,"Recipes I adore, shared with love.♡  🍓ناشناس و درخواست رسپی: @Tastebytala_bot 🍋My Blog: https://talatabletale.blogspot.com"
koneva_official,channel,Anastasia Koneva,191,Реклама/сотрудничество: ✉️ work_koneva@mail.ru  👤 @real_koneva  🎧TikTok - https://www.tiktok.com/@koneva_official?_r=1&_t=ZS-91qzTRuZmpc  💜 MAX: https://max.ru/join/viRUY7IDDrX8SrGC9C0M-1Uo-WK1v_ej89I_coM6Ot8  🌟 https://t.me/boost/koneva_official
profiterole_cake,channel,Profiterole,490,Самое актуальное прямиком из кондитерской Profiterole Написать нам в ТГ: +7 917 996-34-37 Наш ВК: https://vk.com/profiterole.cook
kuvertyur_krsk,channel,"Кондитерская сеть ""Кувертюр""",350,"💥Кондитерские сеть 💥Торты, десерты, выпечка 💥20 лет опыта 💥Нестандартные торты по Вашей картинке"
bogatova_cakes,channel,Две минутки | Шоколадная мастерская Ольги Богатовой,279,"Богатство вкуса в 1 конфете. Создаю десерты без сахара — не просто вкус, а состояние.  Шоколадные мероприятия, где каждый создает свой шоколад с авторским вкусом.  Для организации десертов к бизнес встречам и вашим событиям @bogatova_o_cakes"
little_pleasures,channel,Маленькие радости,33,
lizavetka010,channel,Lizavetka✨,46,Личная страница  Пинтерест: https://pin.it/33hvtq4C6
pro_chocolate,channel,Lavrenteva.Art,38,"Корпусные конфеты, трюфеля и шоколадные плитки ручной работы в Санкт-Петербурге  ⁣⁣🔹Корпоративные подарки⁣⁣  🔹Комплименты на свадьбу ⁣⁣  🔹Конфеты для близких.⁣⁣  ⁣⁣ https://lavart.shop"
qchatofficial,group,Q Official Chat🌛🌝🌜,381,Q Chat Official
qdotfinance,group,Q.Finance Protocol,167,Seamless Token Swaps. Innovative Launchpad. True Decentralization.
qint_sol,group,Qaicoin.io,63,
cryptomrq,group,"Crypto Mr.Q -Airdrop,Gamefi,Socialfi",50,"Here you'll find the latest updates on airdrop, P2E Gamefi, Web3 and Socialfi.  Twitter: @CryptoMr_Q Telegram: https://t.me/CryptoMrQ Discord: https://discord.com/invite/D6T4K6Bvap Articles & Guide: https://www.chainxiu.com/profile/wenqiangli"
quilson_xyz,channel,QUILSON THE QUOKKA,3,Quilson. World's first Quokka Meme with 0% Dev and 100% fun. Socials and HOW TO BUY ⬇️⬇️⬇️
shirerott,channel,Царство Юмора,162,"Канал для поднятия настроения, смеха и веселья  Контакт для сотрудничества: @vladimirshiganov"
ctste17,channel,ctste,57,
peemonster44,channel,Peemonster,50,He/Him @Ichneumonidaebot
itsmechstain,channel,mech'ur gar,47,"edit and art here!!! im from kz ,,, istp core  boost (pls) https://t.me/boost/itsmechstain"
moonbeamart,channel,РЕСТ 𝗠𝗼𝗼𝗻 𝗕𝗲𝗮𝗺 𝑨𝑹𝑻,12,www.tiktok.com/@moon_beam.yay -мой тт
hlebomnekormitg,channel,Хлебом не корми,41,https://www.twitch.tv/hlebomnekormi - стримы  Всё остальное пока что на этапе реконструкции за синим забором
teosshit,channel,Боґдю ✨🎀,15,"Jerboa, raven, bat  Основний канал: https://t.me/teoxxxill"
moonstallker,channel,@allMiighht гандон,2,
ke_mellstroy,channel,Mellstroy,1,"Официальный сайт Мелстрой казинo — вход и регистрация через рабочее зеркало. Быстрые выплаты и честная игра. Турниры с крупными джекпотами, демо режим для новичков. Акции и бонусы!"
ulpanmorasha,channel,Иврит и Ulpan Morasha HebreWay,5544,"Иврит с ульпаном ""Мораша""  https://www.facebook.com/morashaishere  https://www.youtube.com/channel/UCIlMizgGU4BsY96KaOi06XQ"
maqtaqyzzz,channel,𝙼𝚊𝚚𝚝𝚊𝚚𝚢𝚣☁️.,189,
tequiilllaa,channel,Tequila,91,
llrsv4,channel,🌺,259,9/21
moscowoblst,channel,LAPTA_MO,196,Московская область
lipovitskiy,channel,Lipovitskiy Test Drive - LTD,106,"Я - Евгений Липовицкий, автожурналист, Подчеркну: не блогер, я настаиваю на этом. Информацию обо мне можно найти в сети. Здесь буду писать все про автомобили, гаджеты, ПДД-ГИБДД… и никакой политики. Подписывайтесь, контент воспоследует!"
motor_town_ua,channel,MOTOR Таун,78,"Авторський інформаційно-розважальний канал, насамперед, для спільноти автомобілістів та мотоциклістів, які проживають та працюють у ЖК «Комфорт Таун» та Соцмісті. Тут діляться досвідом і порадами, допомагають з вирішенням проблем, а також продають і ку..."
wwviyo,channel,Ops,199,Don’t trust
pipidastrflatov,channel,𝐅𝐋̲𝐀̷𝐓̷𝐎𝐕 #𝐁𝐔𝐒͢𝐘,107,
swagazavoz,channel,я не придумала,69,описание я ьоже не придумала
xxjwqs,channel,555,29,0WN3R — @xxqwsty ❕ пости ніяк не відносяться до мене.
istpm,channel,Always Half Ready,1,
inu2049,channel,no way,2,
ladufey,channel,@H2H_GURL. $$,1,"I couldn't even care, less 💋"
a_mahzon,channel,- محزون ؛,199,آشفته دِلانیم، در این وادیِ مَحزون..
musclemommycosplays,channel,Linnea Onlyfans,319,
beautycraves,channel,beautycraves,310,
a4onelove,channel,Телеграмм канал для любителей добра,89,А названия типа не хватает ОнлиФанс - https://only-fans.uk/MashaBro Предложка - @mashabro134ukrf  Бустик:https://t.me/boost/a4onelove
posholnahuy,group,Fraer Show,2194,
mafiafatherr,group,⚜️︎ 𝐌𝐚𝐟𝐢𝐲𝐚 𝐀𝐳𝐞𝐫𝐛𝐚𝐲𝐜𝐚𝐧⚜️︎,1534,⋆› ʙᴀɴ səʙəʙʟəʀi 📌  ⋆› söʏüş / ᴀʀϙᴏ   ⋆› ʀᴇᴋʟᴀᴍ / ғʟᴏᴏᴅ / sᴘᴀᴍ  ⋆› xᴀɴıᴍʟᴀʀᴀ şəxꜱiᴅə ʏᴀᴢᴍaq  Qrup daşıyan hər kəs hər sözü götürməyi və fban'ı gözə alsın🫶
ferochkaa,channel,ферки. 🌹🌹,68,порисульки всякие:3
as1ancountr1es,channel,asian countries confession-daily!!,116,
eroicacf,channel,фристайл секта,52,Фристайл секта @генш:люди шипперят фушейранов. человечество останавливается и деградирует.
weferonotziv,group,WEFERON | Отзывы/выплаты,49,
hetaliaworlddomination,channel,Hetalia Sierra,33,Буду выкладывать свои арты и могу даже рисовать запросы)
austrofranians,channel,!набор в админы Австрофранцы cf👁🥀,63,ЛС — @Barsik0066
searchrphetalia,channel,ᴨоиᴄᴋ ᴩоᴧᴇʙых и ᴄоᴩоᴧоʙ ᴨо хᴇᴛᴀᴧии,17,
genfursita,group,General Furries 🇮🇹 ~SFW - Anticamera,4,
core_frequency_sobw,channel,ИВЕНТ||Omnipresence𒆜,13,ⲇⲟⳝⲣⲁ ⲡⲟⲿⲁⲗⲟⲃⲁⲧь ⲥⲉⲧⲕⲁ: @Stars_of_Bright_Worlds Cr: https://www.tumblr.com/shynetyme06?source=share Cr: https://www.tumblr.com/goopy-goose/712436440163893248/day-21-free-day-corefrisk-by-dokudoki?source=share
mirfanaconfession,channel,Три Явления Мирфаны Confession🌿,20,
norwayaaaa,channel,идите нахуй кф,7,сосите бот @gofuckurselfpizdabot
starleynf,channel,՞ᰍ‌ ࣪ 𝐼𝘯𝒇𝑜۪ ׂ ִֶָ,12,
flokifi,channel,flokifi,3,
fr1zzzzy_nftchat,group,𝙵𝚛𝚒𝚣𝚣𝚣𝚢_𝙲𝚑𝚊𝚝,4,
kayfarik_otziv,group,Отзыв кайфарик,2,АССАЛЯМУАЛЕЙКУМ ДОРОГИЕ ДРУЗЬЯ! ❤️ СОЗДАТЕЛЬ! 👤 @aydos_admin  ГАРАНД/ДАНАТЕР 👤 ГАРАНД @aydos_admin ✍️МОЙ ОТЗИВ  @kayfarik_otziv ✅МОЙ КАНАЛ @prodaja_kayfarik     ФЕЙК ЛЕРГЕ АЛДАНИП КАЛМАН ❗
deathinjunediscography6,channel,Death in June - Discography,120,unofficial discography of Death in June
askforsakenultimate,channel,⋮ ⌗ 𐔌 𝓕𝘰𝘳𝘴𝘢𝘬𝘦𝘯 𝒜𝘴𝘬. !៸៸ ꒱ ﹫𝓤l𝘵𝘪𝘮𝘢𝘵𝘦,79,Спросите любой интересующий вас вопрос любимому персонажу и вам точно ответят! Задать вопрос : @qnaforsaken Бот поддержки: @UltimateForsakenASK_bot
death_to_the_world,channel,Death to the world.,31,Смерть миру!  Orthodoxy content
historyoftheingush,channel,𖥂 History of Ingushetia 𖥂,50,
tiny_hoof,channel,деревянный репозиторий,23,когда наступила смерть?
deathofsaints,channel,пізня стадія розпаду,33,🌙🕯⚰️🌹🍃🍷🗡 що з тієї графоманії..
deathcollab,channel,DEĀTH.NOTE,8,
odwss,channel,Mons Sancti Michaelis [филиал Шубкофд],25,"Встань и иди! Иди ко мне, смерти больше нет, Тавифа."
worsexme,channel,worsexme #сдохни,14,
ctrlsupport,channel,Dead💀,3,
anithoght,channel,•Anime everyday thoughts•,651,"Цитаты, фразы, идеи из аниме каждый день  Предложка и не только:  https://t.me/Ani_Suggestions  По всем вопросам: @idontknowanditdepressin"
aka_silikus,channel,Arcana arcanissima,34,Arcana arcanissima aka-silikus
teology_rsuh,channel,Факультет теологии РГГУ,241,Канал о жизни факультета теологии Института истории религий и духовной культуры РГГУ
arsmoriendl,channel,ars moriendi,179,Артмедиа     #история #философия #искусство #классическаямузыка #живопись
bibleoxchannel,channel,Библеокс/Bibleox,207,Православный миссионерский проект
aesvisual,channel,Ａ Ξ ＳＴＨ Ξ ＴＩＣＳ,83,Искусство. Картины. Живопись.  https://t.me/+9g0rrUayS28xMDQy
artiumscienti,channel,Artiumscienti,95,
taeralis_art,channel,taeralis_art,25,Анонимка: @Taeralisbot
general_artist,channel,Генерал,22,
odinkarate,channel,odinkarate,155,Спортивное общество
sailingfox_team,channel,SAILINGFOX YACHT SCHOOL,560,"Наша главная цель — выпускать грамотных Капитанов. Здесь мы делимся своими знаниями  для того, чтобы как можно больше людей, увлеченных яхтингом, постигали Хорошую морскую практику. ➡️ Сайт: https://www.sailingfox.pro ➡️ Связь: @sailingfox24"
katerasibiri24,channel,КАТЕРА СИБИРИ канал,442,"Магазин лодок, катеров, моторов и оборудования.   📞8-902-990-43-71; 8-991-373-61-41  💻Сайт: 24kater.ru 💻Сайт: long  Г. Красноярск, ул. Калинина 169 строение 11"
chillboarding,channel,Chill boarding,132,"Ламповое лонгборд-комьюнити! 🛹  Анонсы райдов · фото и видео · истории и конкурсы. Москва · окрестности · все, кто на доске.  Хочешь выступить в роли ведущего со своим маршрутом пиши @saynyanyaplz @svetochev @evamusic21  Chill vibes, long rides! 18+"
chooskop,channel,Чоткий гороскоп,37,"Тут тебе звёзды по-братски растолкуют: где лавэ катить, как чику зацепить."
novostyboeviskusstv,channel,Петр Калинин,49,Новости боевых искусств
aliytsvetkarate,channel,Алый Цвет Каратэ ❤️,28,Екатерина Бахнян Будо Академия Москва  Фудокан каратэ Всестилевое каратэ Врач спортивной медицины www.aliyshiba.com
pilotkartrus,channel,Pilot Kart 🏁,29,Пилот Карт - ведущий производитель картов для проката и обучения🏎 Pro-Kart - интернет-магазин и производитель запасных частей для картинга. Актуальные цены и ассортимент товара на сайте http://www.pro-kart.ru‼️ Заказывать на сайте http://www.pro-kart.ru✅
kotovich_uprising,channel,На приеме у Котовича,16,"+ АВТОРСКИЙ КОНТЕНТ + СВЕЖИЕ МЕМЫ + АКТУАЛЬНЫЕ ТЕМЫ ДЛЯ ОБСУЖДЕНИЯ + ЧАСТЫЕ ВЫКЛАДКИ + ОТСУТСТВИЕ БАЯНОВ + ЛАМПОВАЯ АТМОСФЕРА  всего этого на нашем канале вы не найдёте, спасибо за внимание."
iceflaming,channel,Школа фигурного катания Flaming Ice,8,Фигурное катание для взрослых и детей
sagwaru,channel,Корейская косметика - Sagwa❤️ Все для идеальной кожи,633,"Менеджеры:  ТЦ Юпитер - t.me/@sagwaupiter ТЦ Река - t.me/@sagwa_reka  Адреса в Новосибирске: 🛍️ТЦ Юпитер, Гоголя, 15, 10.00-20.00 🛍️ТК Река, Большевистская, 45/1, 9.00-21.00  Подберем Вам лучший уход для лица и волос! 9 лет консультаций!⚡️"
rest_volgograd,channel,Сделано в Волгограде,633,17 мая бизнес форум «Сделано в Волгограде» на территории отдыха Река&Песок 🌳 Билет : https://clck.ru/3T56un Присоединяйся и следи за обновлениями! 💫
kwifportal,channel,KWIF PORTAL,328,
okokinawa,channel,OKiNAWA,740,"Не знаю, какие насущные проблемы можно обсудить, но если хотите — пишите в л. с. Глубокославу, обсудим. А так — ну Л Е Т О катит, чё."
katyakaksmyslshizny,channel,Катя как смысл жизни🤡,131,Люблю клоунизм а что
proofi_dlya_sovkov,channel,Александр Дударев official,227,Силлогизм не катит  @connection_with_proofs_base_bot  https://t.me/addlist/WxOMWh5uW4UyNWYy
the_kitty_kult,channel,A portal to Ж,76,
cargolive24,channel,КАРГОЛАЙФ,127,"Авторский блог, про логистику, мир грузового авто.   Все что катит Ваш бизнес 🤝"
cwjportal,channel,Cat Wif Jacket,89,
katakeeholol,channel,катя которая не катит️ 💤💤 #mln,116,мем
katekashu,channel,катя кевин | кейт,47,intro: walk the line
novikova_garden,channel,Наш путь к дому,66,"Всё началось с мечты о своём уголке. Теперь у нас их два: один в деревне, а второй катит нас к новым горизонтам. Это канал о нашем пути к дому, постоянному и временному, о жизни в деревне и свободе путешествий!  Ссылка - https://t.me/+FBcJCZWwqsIyN2Iy"
qwinxit67,channel,𝐐𝐰𝐢𝐧 𝐱𝐢𝐭,42,
kitty_kult_ai,channel,Ж AI Portal,23,
katykatykats,channel,Кить Кэт💖🌺💄,7,
catscoineth,channel,Cats Coin ETH,34,
catomicbomb,group,CatomicBomb Fams 🐱💣,21,Welcome to CatomicBomb! Your NFT Best Partner.  🌐 Website : www.catomicbomb.com
uservived,channel,﹫акеми вивед,16,"катит лада турбо спейс двести пять по встречке , сабик долбит дикий бейсс каждый новый вечер ! @vivedchu"
katenkatkat,channel,Кэт Кэт Кэт😈👾😍,10,
heykatybot,bot,𝗸𝗔𝗧 ᗢᕡᓗ,,Multi-tasking bot powered by Artificial Intelligence.  /ᐠ > ˕ <マ ₊˚⊹♡  Support @ElixirAnecdotas Dev @ProdPK
katknight_bot,bot,Kat Knight Bot,,🐈 Kat Knight: The Ultimate RPG on TON. Collaboration: @Kevin_KatKnight Support: @Cris_KatKnightSupport
skachat_ket_kazino,channel,скачать кэт казино,,"🐾 Представляем вам ""Кэт Казино"" – ваш путь к захватывающему миру азартных игр и большим выигрышам! 🎰  🎰100 фриспинов за регистрацию🎰"
reklamakatyanekatit,channel,Реклама от 🫧Катя не катит🫧,3,Отзывы о рекламе на момент канале: https://t.me/katyanekatit06 По всём вопросам писать админу: @Bulbulibat
zzzinovievaaa,channel,ZINOVIEVА,397,Как будто бы beauty тут Inst: zzinovieva
murmagicbooks,channel,Мур-магия страниц🐱📖,368,Как будто бы книжный блог с уютом и котиком🐱
otel_na_volne,channel,На волне,154,"«На Волне» — это новый, современный, стильный гостевой комплекс, расположенный на берегу моря 🌊  https://otelnavolne.ru  https://instagram.com/otelnavolne.ru  https://vk.com/club220327748  ✅ Семейный гостевой комплекс на берегу моря  ✅ Собственный пляж"
flowboardingru,channel,FLOWBOARDING rus info,66,"Информация о правилах проведения соревновании, баллы, даты ближайших мероприятий, рейтинг спортсменов."
lovu_volny,channel,ЛОВИ ВОЛНУ,315,Молодежь церкви «Дом Евангелия» г.Набережные Челны 💒
imenisebya,channel,"Радио ""ИМЕНИ СЕБЯ""",277,Настройся на свою волну и воплоти все свои мечты!
astro_analitik_group,channel,Астролог Алена Бельмас✨,406,"Ваш канал АстроПоддержки. Понятная астрология для жизни. Общие прогнозы, личные консультации. Идеальный инструмент планирования  Подпишись, чтобы поймать волну Удачи!  Ведет-астролог с 10летним опытом консультирования @astro_analitik"
mechaset,channel,Бизнес на Волне 🌊 с Маргаритой Козловой,507,"☝️Твоя Волна - Твои Правила!  Я Эксперт по МЛМ, покажу как создать свою ""Волну"" стабильного дохода в сетевом онлайн, используя только проверенные стратегии и инструменты    ☝️ Связь со мной https://t.me/Margaritakz      ☝️ Мой канал  https://t.me/mechaset"
ciolkowska,channel,Ciolkowska,239,🚀 музыка о полете человека в свой космос  https://band.link/ciolkowskaband
smashing_pumpkinses,channel,меллон колли и тыквенный пирог,108,фанклуб меллон колли пристанище музыки и щитпоста
shamsi_fox,channel,🍜Лисися Макото🍜,87,—————— короче мой папа и папа оптимус прайм и мишка фредди —————— Пилю контент по Бобуксу и Кукисрану ——————
shamseeblog,channel,Shamsee,1649,"Маркетолог. Продюсер. 5+ лет опыта в сфере. 80+ млн выручки в онлайн ✅  Стремлюсь быть сильным мусульманином  В своем канале транслирую путь своего развития и делюсь пользой по саморазвитию, заработку и маркетингу  Мой личный тг: @shamseeq"
systemadminbd_black_force,channel,ODUL TOOLS,1539,
aboutblanksound,channel,ABOUT:BLANK,530,Телеграм-канал российской рок-группы ABOUT BLANK.
singleanons,channel,❤️Single Anons TM,519,"Single Anons is a friendly social club where Conservative singles come together to celebrate love❤️, life, liberty, and freedom. Join us to connect with like-minded individuals and discover meaningful friendships and lasting connections.🌟"
douwannareadmyletters,channel,تن‌های‌تنها,456,زن‌زندگی‌آزادی یه وقت یادت نره زنده‌ای. @hersarah9_bot
atlasetanha,channel,اطلسِ تنها.,33,زخمی، از عدم قطعیت دفترچه‌ای از سفرهای درونی دنبال معنا در خلأ زندگی همراه با کلمات، فکرها و خیال‌ها  Talking: @lonleyexistancebot  YouTube channel: https://youtube.com/@mybookishstuff?si=338H35oMjAdjDaKu
the_unique_cute,channel,@The_Unique_Cute,2,
lonelylonelylonely,channel,Lonely,1,
byroncf,channel,♡⃕ ִ𝓑𝐲𝐫𝐨𝐧 𝒸𝒻 ׁ𝒹𝒶𝒾𝓁𝓎,101,
rowerrtu,channel,alexxxa,161,личное публичное
until199,channel,𝗦𝗵𝗶𝗿𝗼🚩,43,"-Здравствуйте, здесь я буду прокачивать свой скил в рисовании) зовут меня Широ.буду рад вам. ❗️Присутствует контент 18+❗️(я за вас не отвечаю.) 🔥 буст https://t.me/boost/until199 Фф: #широч #развратник #шр Непротив вл."
byronfml,channel,Byron,42,
exs3o,channel,현서 HYUNSEO,14,. ݁₊ ⊹ . ݁ 07's 🪽 tisha  ݁ . ⊹ ₊ ݁. 🐯 t.me/beafraidofurselfbot
bbdarch1,channel,sfugi!,7,
kyr0_solo,channel,KYRO,2,from SWE
vlivli,channel,планета марс ↜,1425,أذا الكلامَ صعب بّادر بأُغنية @VllVII ↜ @ameer13377bot  ↜
moragaioh,channel,افضح يا دولي😁,262,
ok_n9,channel,🎧ꪀ᥆Ꭵℛᥲ️🎶,113,ل نويرهة🎧🤍
timix_stk,channel,𝐓𝐈𝐌𝐈𝐗 𝐬𝐭𝐤 . . .,55,всефандомная сетка с сюжетом.   открыто 27.10.25  #ЕДА_ШЕРШУЛЯFOREVER
waitforyourtimekeeper,channel,WAIT FOR YOUR TIME,36,"Да, вы по адресу, если вы на марафон:)"
vafshipfma,channel,| - ͝ твой ваф - канон | фма/фмаб ♡,10,владелец - @enfich админ - @Kwa1zii тейк бот - @Vaffmaship_bot
archivebok,channel,أرشيفبوك!,31,أرشيفٌ لما راقني من منشورات الفيسبوك (عليه من الله ما يستحق)، كفيتُ المتابع لها مؤونة خوض غماره، فلن تجد هنا ما يخدش حياءك، ولا ما يريق وقتك على قارعة السفاسف.
time_ver_off,channel,ΤιΜεVΛεζ off,18,Наш архив: @time_ver_arch  | Эйвана |  Джися  |  Рэй  |  Ида  |    |  Наксу  |  Юнона  |  Сало  |  Некки  |  За графическое оформление благодарим порт @dome_church_cat
philzastime,channel,Philza's time,16,"By the way... Children don't really like my subject.  But I'm good at it, probably that's why they listen to me."
fingerbend,channel,Казанский Фингербенд,22,"Привет, соседи! Мы уже дебютировали с нашим щщщщщикарным выступлением, но на этом не останавливаемся!"
bayerdjumagul,channel,ОПТОМ ТОВАРЫ ИЗ ДОРДОЯ,371,Я Байер на рынке «ДОРДОЙ» Товар/Услуга 💫 #рынокдордойоптом 🌟 #рынокдордойодежда ⭐ Закупаю и отправляю товар ✨ Доставка по всему СНГ 💫 #тканибишкек #ищубайераизкиргизии 💲 Услуга Байера 5-7%  📞 Вотсапп +996502373737
mistypark_ivanovo,channel,Мисти Парк Иваново,740,"Парк приключений и развлечений! ""Мисти Парк"" Это 2500 квадратных метров крутых детских развлечений! Наш адрес: ТРК ""ЯСЕНЬ"", пр-т Строителей, д. 25, 2 этаж. Call центр: +74932500525 Отдел праздников: +79612651611"
blagodarspb,channel,БлагоДар | Массаж. Флоатинг. ПравИло,516,"Записаться: @blagodar_spb  Сайт: https://blagodarspb.ru/  Адрес: СПБ, ул. Боровая 14 https://yandex.ru/maps/org/blagodar/80907775424?si=y7yt96gugzz2knd0t58xf6jyag  Пространство для отдыха в центре Петербурга 🧡"
park1yarhotel,channel,"Парк Отель ""ЯР"" Истринский район д. Мансурово",69,Отличная возможность отдохнуть от городской суеты и набраться сил на свежем воздухе!
konfetticlab,channel,Сеть клубов КонфетТи. Саратов. Детские праздники.,217,🎉Стильные праздники под ключ 🤹‍♀️Профессиональные аниматоры ‼️Эксклюзивные костюмы 💥Более 200 шоу программ 👨‍👩‍👧‍👦Зоны отдыха для родителей
rentapartevp,channel,Аренда Жилья🏡/Экскурсии🏕️ Евпатория/Крым🐚,194,Варианты проживания на период летних отпусков и не только !!!  -Прокат автомобилей🚘 -Экскурсии и походы по Крыму⛺️ -Джипинг по заповедным местам полуострова🚙 -Морские прогулки⛵️  https://evpa-leto.ru   https://vk.com/evpalet0krim82  +7 (978) 935 04 00
neptun_club_official,channel,Нептун | Яхт-клуб & отдых,62,"Яхт-клуб ""Нептун"" — место, где отдых становится привычкой.  🛥 Прогулки на яхтах   🍽 Ресторан с видом на воду   🏨 Аренда домикоков/бунгало 📍 Подмосковье, 40 мин центра Москвы и 7 км от МКАД 📲 Бронирование: @kristin_tin_tin"
ahmed_hussein_tel,channel,🌴Ahmed Hussein🌴,692,
naqlat,channel,نَقَلات,73,"""فَاِنتَقَلَت مِن فَنَنٍ إِلى فَنَنْ وَجَعَلَت لِكُلِّ نَقلَةٍ زَمَنْ"""
qp_l12,channel,مِؤقِتَ,22,الحياة قصيرة مهما طالت سنرحل وينتهي كل شيء
tialotobg,channel,Tialoto.bg,7,"Вземи своята дневна порция вдъхновение на тема мода, красота и стил на живот."
iamkris_ti,channel,justKris🐆,478,
annastaiy,channel,"Просто здравствуй,просто как дела",279,life
itsjustgloria,channel,It's_Just_Gloria | 18+,134,Здесь рисунки СОЧНЫХ мужиков с большими бубсами и иногда другая тематика артов
kyungpack,channel,𝖪𝗒𝗎𝗇𝗀𝗒,104,𝖩𝗎𝗌𝗍 𝖺 𝗁𝗎𝗆𝖺𝗇 (?) 𝖬𝖾 : @oivcxr 𝖴𝗇𝗄𝗇𝗈𝗐𝗇 : @kyungpackbot
axtrevex,channel,ᅟ🌌 ː 𝖬𝗂𝖽𝗇𝗂𝗀𝗁𝗍 𝖱𝖺𝗂𝗇ᅟ,80,‌ ‌‌‌﹝𝘞ꤋ 𝖣꤀𝗇𝃛𝗍 #𝖯𝗋𝖺𝗒 𝖥꤀𝗋 𝖫꤀𝗏ꤕ៸ ✨‍ @VextraBot ᅟ ‌ ‌‌‌𝕏   𝟪𝟣𝟪 ﹢‌‌‌‌‌ 🔗  𝘞ꤋ 𝖩𝗎𝗌𝗍 𝖯𝗋𝖺𝗒 𝖥꤀𝗋 #𝖢𝖺𝗋𝗌﹞
butiamjustkid8,channel,𝕿𝖍𝖊 𝕷𝖔𝖓𝖊𝖑𝖞 𝕯𝖗𝖎𝖋𝖙𝖊𝖗ᡣ𐭩,61,Welcome to the channel of the 𝗧𝗲𝗻𝘀𝗮𝗶 𝗔𝗿𝘁𝗶𝘀𝘁!  My name’s 𝗥𝗲𝗱 𝗧-𝘀𝗵𝗶𝗿𝘁 for kinda dumb reasons but you can just call me 𝑅𝑒𝑒𝑒𝑒𝑟𝑑𝑜𝑜𝑜 with four e’s and three o’s💥.  For chat(@Reeeerdooo27BOT)
justjumpae,channel,~JUST JUMP~,11,"Всем привет! Вы на моем конном канале, где я буду развиваться полностью с нуля!"
prosto_spoken,channel,Просто разговорная,17,Все о моей жизни 🔥
justperfecttouch,channel,Just Perfect Touch,1,Eyelash Extensions Melbourne
whisisane,channel,raccóón.,43,
opl814,channel,814,17,
panteon_kundaligi1,channel,Panteon Kundaligi,154,(Очиқ Форум Канали)
argumentua_com,channel,Argument,55,"Це офіційний канал видання ""АРГУМЕНТ"". Через те, що Facebook видалив сторінку видання за публікацію фото знищених окупантів на початку війни, ми вимушені створити канал у Телеграм"
v_anzrrr,channel,valyaanzrrr,138,Анонка Ани:http://t.me/anonaskbot?start=09swvi50Wh3ey2j Анонка Эли:http://t.me/koncheniygolokellinbot ⲧⲓⲕⲧⲟⲕ- valyaanzrrr💘 inst: valyaanzrrr 💘 ТГК Вали:https:valyaanz Связь со мной:@Anyko0
pl9lt,channel,‹ 𝐒 𝗄 𝗂 𝗉 ִ ׂ ⋆,730,#/ 𝐈 𝗜𝗻 𝓛𝗈𝗏𝖾 𝖶𝗂𝗁𝗍  ᗰ𝗒𝓢𝖾𝗅𝖿 𝖭𝗈 𝗈𝗇𝖾  #𝗖𝗮𝘁𝗰𝗵𝗲
iskx7r,channel,‌ ‌‌ ‌ ‌ ‌ ‌ ‌ 𝚰𝚺𝚱𝚪𝚨.‌,306,"‌ ‌ ‌ ‌ ‌ ‌ 𝖳𝗁𝖾 𝗍𝗋𝗎𝗍𝗁 𝗐𝖺𝗌 𝖻𝗎𝗋𝗂𝖾𝖽, 𝖳𝗁𝖾 𝖿𝗂𝗅𝖾𝗌 𝗌𝗎𝗋𝗏𝗂𝗏𝖾𝖽. ‌ ‌ ‌ ‌ ‌ ‌ ‌ ‌ ‌ ‌ ‌ ‌ ‌ ‌ ‌𝖮𝗉𝖾𝗇 𝗈𝗇𝖾. 𝖥𝗂𝗇𝖽 𝗍𝗁𝖾 𝗍𝗋𝗎𝗍𝗁.   ׁ ‌  ‌‌ ‌ ‌ ‌  ‌ ‌‌ ‌  𝖶𝖾𝗅𝖼𝗈𝗆𝖾   @MinAnvilBOT ⊰"
tt1save_edit,channel,𝖔𝖓𝖊 𝖘𝖆𝖛𝖊,196,
cortweet,channel,ㅤ 𝖼𝗈𝗋𝗍𝗐𝖾𝖾𝗍,155,"ㅤㅤㅤ𝗐𝖾 𝗍𝖺𝗄𝖾 𝗈𝗇𝖾 𝗂𝗇𝗍𝖾𝗋𝖺𝖼𝗍𝗂𝗈𝗇 𝗂𝗀𝗇𝗈𝗋𝖾 𝖺𝗅𝗅 ㅤㅤㅤㅤㅤ ‌ ‌ㅤ𝗅𝗈𝗀𝗂𝖼,𝖺𝗇𝖽 𝖼𝖺𝗅𝗅 𝗂𝗍 𝖿𝖺𝗍𝖾."
croree,channel,𝗕𝗼𝗽𝗖𝗼𝗥𝗻,106,. 𝗐𝖾𝗅𝖼𝗈𝗆𝖾𝗌 𝖾𝗏𝖾𝗋y 𝗈𝗇𝖾 𝗐𝖾 ، 𝗐𝖺𝗇𝗍 𝖾𝗏𝖾𝗋y 𝗈𝗇𝖾 𝗍𝗈𝗈 𝖻e 𝗁𝖺𝗉𝗉𝗒 𝖺𝗇𝖽 𝖾𝗏𝖾𝗋y 𝗈𝗇𝖾 𝗍𝗈 𝖻𝖾 𝖻𝖺𝖻𝗒 𝗐𝖾𝖾 #𝗅𝗈𝗏𝖾 𝖾𝗏𝖾𝗋y 𝗈𝗇𝖾 𝖽𝗈𝗎𝖻𝗍 . - owner : @BB_Vl .
mafia_universe_ua,channel,Mafia Universe,123,"Граємо мафію у Вінниці. Кафе Incanto, вул. Трамвайна, 3В"
uralesportsbs,channel,URAL Esports,51,Добро пожаловать в канал URAL Esports!  Ютуб: https://youtube.com/@uralesports?si=1G-2kqBKGv82HoCK Итд: https://итд.com/ural_esports17 ТГ-чат: https://t.me/UrAlcHAttt
idealesc,channel,🇨🇭 IDEAL Eurovision Song Contest | 2025🇨🇭,24,IDEAL Eurovision Song Contest - это когда сгорела
moonkxn,channel,huh,22,
mafia_gg_tmn_final_2025q4,channel,GG Мафия финал (осень 2025),14,"Канал с объявлениями по финалу осеннего сезона 2025 GG Мафия (8 февраля 2026, тайм-кафе ""Чердак"", 14:00)"
wing13shelter,channel,Wing13,5099,Бункер Wing13
omnscnt98,channel,Omniscent,747,https://band.link/omnscnt
zippermaer,channel,Zippermaer | Ретро ігровий канал,187,
dubgamesru,channel,Игры и Озвучка | DubGames,242,"Игры и русские озвучки: новости, релизы, локализации.  https://dubgames.ru https://t.me/dubgamesru?direct"
metalmusic_cf,channel,METAL MUSIC CONFESSION!!,150,
elvira_alchemida,channel,Elvira Alchemida 🎸🎼🎧🤓,136,"Лаборатория metal-музыканта. ⚗ Взгляд на мир профессора-алхимика, кандидата около-гитарных наук ✨🤓 Моя музыка: ☑️ sdz.sh/HJ5nYz"
germesunique,channel,Victim,48,Анон: @ARMATYRAanon_bot  кр на аву: @COOLsharaga Лс не дам😝
vishnya354,channel,виша 🍒,87,лс: @h1ghlvst
discheldi,channel,УШЛА|| {𑀉V} Dischel,123,йоу по вопросам писать: @Lera_eeba
akimsters,channel,AKIM,54,"Пишу тут всякое, знаете ли"
tele_htw,channel,Игорь П.,50,Мой взгляд на популярную культуру и её историю
forescapedigital,channel,Enlusion Channel,30,"Enlusion and Forescape stuff mainly, plus more!"
mvgchannel,channel,~ l Kventerion l ~,25,~ l  Квинтэссенция образов иных миров  l ~
rokovaskarbnychka,channel,РОКова скарбничка,13,
arhivskyrimlinera,channel,архив Культа Масильды,3,архив канала https://t.me/skyrimlinera1
kream23,channel,ilia.smirnov,15,"В первую очередь это трансляция моего твиттера - twitter.com/kream23. Ну и прочий интернет-мусор, что понравился, тоже сюда планирую постить."
roclobstaru,channel,Обзоры хоррор-игр | roclobsta.ru,6,Обзоры хоррор-игр разных лет https://roclobsta.ru
gnews_media,channel,Game News,3,
boshy71,channel,boshy,5,обосраться можно
theirbrokenhearts,channel,#𝟏𝟎𝟎， 𝐛𝐫𝐨𝐤𝐞𝐧 ⸝ 𝒉𝒆𝒂𝒓𝒕𝒔,57,© 𝖺𝗅𝗅 𝗋𝗂𝗀𝗁𝗍𝗌 𝗋𝖾𝗌𝖾𝗋𝗏𝖾𝖽 @jardimdasrosas
a701014,channel,make your OWN MIND UP,13,
telefonok,channel,Телефон ОК,9,"Ремонт iPhone, android"
aetautoteile,channel,AET-AUTOTEILE,2,"Lada Ersatzteile & Zubehör, Restauration, Tuning sowie Styling - Lada Werkstatt & Fahrzeugverkauf"
iwannasixtynine,channel,‌‌‌𝖲𝗂𝗑𝗍𝗒-𝗇𝗂𝗇𝖾 . 𝟨𝟫,266,‌‌‌  𝖨 𝗃𝗎𝗌𝗍 𝗐𝖺𝗇𝗍 𝖺 𝖲𝗂𝗑𝗍𝗒-𝗇𝗂𝗇𝖾 . 𝟲𝟵‌‌       🗯️    ‌‌‌‌  talk to me ? Channels first pin !!
jiuioy,channel,سَبأ .,9006,إني صابر كما أمرتني فبشرنِي كما وعدتني . . ◖𝖲𝗂𝗍𝖾 : @Amidor_bot .
r_rrm2,channel,مِشكَاة ألنور.,1098,﴿ وَقَالُوا الْحَمْدُ لِلَّهِ الَّذِي هَدَانَا لِهَٰذَا ﴾. - ◖𝖲𝗂𝗍𝖾 : @RllNQ1v79bot
i5i5x,channel,- أرشيّف نَون .,260,يّا عزيِز سوالفَي المحِد عّرفها . ◖𝖲𝗂𝗍𝖾 : @lixll3_bot .
stxsit,channel,‌ ‌‌‌‌𝖲𝗅💤𝗉𝗒,163,𝖲𝗂𝗍𝖾 𝒻𝗈𝗋 𝖡𝖾𝖿𝗈𝗋𝖾 𝖲𝗅ee𝗉 @Bedsafe : 4 𝖴
rh_xc,channel,⤾ شـيــّآ مِــن آلَلَطف🦋.↺.,195,𝖧𝗈𝗐 𝖽𝖾𝗌𝗉𝗂𝖼𝖺𝖻𝗅𝖾 𝗎 𝖺𝗋𝖾 𝗍𝗈      𝗅𝖾𝖺𝗏𝖾 𝗆𝖾 𝗐𝗁𝖾𝗇 𝗂'𝗆 𝗌𝖺𝖽 . 𝖲𝗂𝗍𝖾  :  @Tcs_T  ㅤ  .
max_iio,channel,لــَ 𓏲 ࣪SH,16,ㅤㅤ⁕ طاب مـقامك في فـؤادي .     : 𝖲𝗂𝗍𝖾 . @lll_yyf
sitemcobot,bot,sitem.co,,
m8r2rbot,bot,سايت مُنتَظࢪ,,
a_uo25bot,bot,سايت محمد,,
artoorie_bot,bot,سايت حور,,
moneybagdaily_bot,bot,Website,,
c1cadanon_bot,bot,🇬host. 𝗐eb,,
okleim_bot,bot,okleim.com,,
site_rental_bot,bot,site_rental_bot,,
iptelsiteuabot,bot,iptel_site_ua,,
qotrsbot,bot,سايت قُطرس,,
sitcomgulibot,bot,Guli.Com :3,,
by_dialects_bot,bot,ByDialects.org,,
seoanthome_bot,bot,Anthome.ru,,
hus69bot,bot,سايت حسين,,
corolewa_bot,bot,Corolewa.com,,
nodba20282bot,bot,بوت سايت,,
ritaa39bot,bot,رُمــانة سايت,,
situscuanhokibot,bot,Cuanhoki,,
transcoursebot,bot,transcourse.online,,
samabi20132_bot,bot,/بوت سايت,,
artvillagebot,bot,Artvillage.club,,
situsraja138bot,bot,Raja138,,
swebs_bot,bot,S-WEBS,,
raskolamnetbot,bot,Raskolam.net Feedback,,
sibtime_bot,bot,Sibtime.ru,,
terracinaweb_bot,bot,terracinaweb,,
zovhomeru_bot,bot,zov-home.ru,,
webtu_bot,bot,vivodar_bot,,
hlorka_bot,bot,hlorka.in.ua,,
startumbot,bot,Startum.net,,
birzha_km_ua_bot,bot,birzha.km.ua,,
situs_naga169bot,bot,Naga169,,
narjis28_bot,bot,سايت السَّدَف,,المَرْءُ تَوَّاقٌ الى مَا لَم يَنَلْ
zenrohub_bot,bot,ZENROHUB.SITE,,
webmens_bot,bot,WebMens,,
officehome_bot,bot,officehome.by,,
hardeco_bot,bot,Hardeco.ru,,
neyaslibot,bot,Немножко с.,,
real_steklo_bot,bot,real-steklo.ru,,
webmixa_bot,bot,webmixa,,
p3yzavjypbs5kivhe7yclvio6axz_bot,bot,Лавка местных мастеров,,
xrooyalbot,bot,𓏺 𝖲𝗂𝗍𝖾 𝖱𝗈𝗒𝖺𝗅 .,,- ارسل رسالتك وانتظر الرد . - بوت تواصل قنوات Royal . - قنواتنا وبوتاتنا الخدميه : @xRooyal .
rady_ch,channel,كابشن . ميمز 𝅄 𓏺 SKY 𓏺,1865,"𓏺 𝖲𝗈𝗆𝖾 𝗌𝗈𝗎𝗅𝗌 𝖺𝗋𝖾 𝗆𝖺𝖽𝖾 𝗈𝖿 𝗊𝗎𝗂𝖾𝗍 𝗇𝗂𝗀𝗁𝗍𝗌, 𝗌𝗈𝖿𝗍 𝗆𝗎𝗌𝗂𝖼 𝖺𝗇𝖽 𝗎𝗇𝗌𝗉𝗈𝗄𝖾𝗇 𝖿𝖾𝖾𝗅𝗂𝗇𝗀𝗌   ✧  𓏺 𝖣𝖾𝗏  ✧  @r_d_l    ✧"
itsfirex,channel,‌ ‌ ‌ ‌ ‌ 𝓕𝘰𝘳𝘣𝘪𝘥𝘥𝘦𝘯 𝓚𝘪𝘴𝘴 ;seven forever and one day.,325,"‌ ‌ ‌ ‌ ‌ ‌ ‌ ‌ ‌ ‌""‌ ‌ ‌ 𝒴𝗈𝗎𝗋 ℰ𝗒𝖾𝗌 𝗅𝗈𝗈𝗄 𝗅𝗂𝗄𝖾 𝗍𝗁𝖺𝗒 𝖺𝗋𝖾 ""ℳ𝗂𝗇𝖾"". ‌   ‌              ‌ ‌ ‌ ‌     @Fireisoutbot."
norofurlife,channel,ㅤ（𝖼𝗂𝗀𝖺𝗋𝖾𝗍𝗍𝖾）𝗌𝗍𝗎𝖻 ！ㅤ,69,𝗍𝖾𝗅𝗅 𝗁𝗈𝗐 𝗈𝖻𝗌𝖾𝗌𝗌𝖾𝖽 𝗒𝗈𝗎 𝖺𝗋𝖾 𝗐𝗂𝗍𝗁 𝗆𝖺𝗆𝖺'𝗌 𝖾𝖽𝗂𝗍𝗌 （ @talkwnorbot ）🚩
decompoiseur,channel,ПЕРЕЕЗД | 𝗆𝖺𝗅𝖾́𝖽𝗂𝖼𝗍𝗂𝗈𝗇 𝖽𝖾 𝗅'𝖺𝗆𝖺𝗇𝗍.,54,⌁ 𝖮𝗎𝗋 𝖿𝗋𝗈𝗓𝖾𝗇 𝗁𝖾𝖺𝗋𝗍𝗌 𝖺𝗋𝖾 𝖻𝗎𝗋𝗇𝗂𝗇𝗀 𝗁𝗈𝗅𝖾𝗌 𝗂𝗇𝗍𝗈 𝖾𝗍𝖾𝗇𝗍𝗂𝗇𝗒.
viollents,channel,‌ ‌ ‌. gēnjuțsu ‌,65,"‌ ‌ ‌ ‌ ‌‌ ‌ ‌ ‌‌ ‌: 𝖺𝗋𝖾 𝗎 𝗌𐔎𝖼︎𝗄︎ ᦅ‌𝖿︎ 𝗆︎𝖾 , 𝖶︎ᦅ‌𝗎𝗅︎𝖽 𝗎 𝗅︎𐔎𝗄︎𝖾 𝗍ᦅ‌ 𝖻︎𝖾 ?? ‌ ‌‌ ‌ ‌ ‌ ‌‌ ‌ ‌ ‌‌ ‌ ‌ ‌ ‌‌ ‌  ͏ ͏( @Six6psbot ) ͏ ͏ ͏͏──͏ ͏ ͏͏ ͏ ͏𝖳𝖺𝗅𝗄 𝗍𝗈 𝗆𝖾"
orewaruffy,channel,one piece stickers,2549,‌⁪⁬⁮⁮⁮⁮⁪⁬ ⁪⁬⁮⁮⁪⁬⁮⁮⁮⁮⁪⁬⁪⁬⁮⁮⁮⁮⁪⁬ ⁪⁬⁮⁮⁪⁬⁮⁮⁮⁮⁪⁬⁪⁬⁮⁮⁮⁮⁪⁬ ⁪⁬⁮⁮⁪⁬⁮⁮⁮⁮⁪⁬⁪⁬⁮⁮⁮⁮⁪⁬ ⁪⁬⁮⁮⁪⁬⁮⁮⁮⁮⁪⁬⁪⁬⁮⁮⁮⁮⁪ ⁪⁬⁮⁮⁪⁬⁮⁮⁮⁮⁪⁬⁪⁬⁮⁮⁮⁮⁪⁬ ⁪⁬⁮⁮⁪⁬⁮⁮⁮⁮⁪⁬⁪⁬⁮⁮⁮⁮⁪⁬ ⁪⁬⁮⁮⁪⁬⁮⁮⁮⁮⁪ 𝗋𝖾𝗉𝖺𝖼𝗄 𝗈𝗋 𝗌𝗍𝖾𝖺𝗅 ? 𝗀𝗈𝗆𝗎 𝗀𝗈𝗆𝗎 𝗇𝗈 𝗃𝖾𝗍 𝗉𝗂𝗌𝗍𝗈𝗅 ! 𝗃𝗎𝗌𝗍 𝖺𝗇 𝖺𝗋𝖼𝗁𝗂𝗏𝖾  𝗈
hucomundo,channel,bleach stickers,2208,"⁪⁬⁮⁮⁮⁮⁪⁬ ⁪⁬⁮⁮⁪⁬⁮⁮⁮⁮⁪⁬⁪⁬⁮⁮⁮⁮⁪⁬ ⁪⁬⁮⁮⁪⁬⁮⁮⁮⁮⁪⁬⁪⁬⁮⁮⁮⁮⁪⁬ ⁪⁬⁮⁮⁪⁬⁮⁮⁮⁮⁪⁬⁪⁬⁮⁮⁮⁮⁪⁬ ⁪⁬⁮⁮⁪⁬⁮⁮⁮⁮⁪ 𝗋𝖾𝗉𝖺𝖼𝗄 𝗈𝗋 𝗌𝗍𝖾𝖺𝗅 ? 𝗁𝖺𝖽𝗈𝗎 𝗇𝗈. 𝟫‌‌‌𝟢 , 𝗄𝗎𝗋𝗈𝗁𝗂𝗍𝗌𝗎𝗀𝗂 ! 𝗃𝗎𝗌𝗍 𝖺𝗇 𝖺𝗋𝖼𝗁𝗂𝗏𝖾  𝗈𝗌𝗍 : @bleachosts 𝖼𝗁𝖾𝖼𝗄 𝗈𝗎𝗍 :‌ @orewaruffy"
yoonhani1004,channel,𝖣𝗋𝖾𝖺𝗆,331,𝗇𝗈.𝟣𝟢𝟢𝟦 𝖶𝖾𝗅𝖼𝗈𝗆𝖾 𝗍𝗈 𝗍𝗁𝖾 𝖠𝗇𝗀𝖾𝗅'𝗌 𝗁𝗈𝗆𝖾🪽 𝖳𝗈 𝖱𝗂𝗇𝗀: @junjungi_bot
alina_no_jaehyun,channel,𝖺𝗅𝗂𝗇𝖺 𝗇𝗈 𝗃𝖺𝖾𝗁𝗒𝗎𝗇,336,GSS’ choreo личка — @aalinaa_pp анонимка — @alina_no_jaehyun_bot
sunofurekuo,channel,谷 𝖸𝗎𝗄𝗂 𝗇𝗈 𝗒𝗈𝗋𝗎 .,202,ㅤㅤ𓉳   ˚ 𝟬͟𝟬 ... 𝒮𝗇𝗈𝗐 𝗌𝗍𝖺𝗂𝗇𝖾𝖽 𝗐𝗂𝗍𝗁 #𝐁𝗅𝗈𝗈𝖽ㅤㅤ
ladyregina_1,channel,Rest. ⃕$ 𝐑𝖾𝗀𝗂𝗇𝖺 𝐃.𝐘𝐒𝐋,155,𝗌𝗍𝖺𝗋𝗍𝖾𝖽 → 𝟐𝟖.𝟏𝟏.𝟐𝟎𝟐𝟑.  мью читаю в выходные.      ﹙𝖸𝖾𝖺𝗁 𝗐𝖾'𝗋𝖾 𝖦𝖮𝖫𝖣𝖤𝖭. 𝖡𝖺𝖻𝗒 𝗀𝗂𝗋𝗅 𝗐𝖾'𝗋𝖾 𝖦𝖮𝖫𝖣𝖤𝖭. ⚜    —﹙𝐈 𝖽𝗈𝗇'𝗍 𝗇𝖾𝖾𝖽 𝗇𝗈 𝗆𝗈𝗇𝖾𝗒 — @luriti  #𝐋𝖺𝗂𝗍𝗄𝗂𝗌𝗌𝖾𝗋 #𝐋𝗎𝖻𝖾𝗇𝗄𝗂𝗌𝗌𝖾𝗋 🪽
imageryshop,channel,Imagery sh꤀p ⋆˚.🍸,4389,𝖧𝖺𝗇𝖽𝗆𝖺𝖽𝖾 𝗍𝗁𝗂𝗇𝗀𝗌 𝗐𝗂𝗍𝗁 𝖨𝗆𝖺𝗀𝖾𝗋𝗒 . ⚒ ˙ ☘  ★ ثبت سفارش: — @lDragonFirel ★ رهگیری و رضایت: — @ImageryCode ★ ناشناس: — @GrayNLbot  ★ Insta: https://www.instagram.com/imagerysh0p?utm_source=qr&igsh=ZWc3endzaDhvMjJw
nightstarkdrama,channel,‌‍‍‌‌ ‍‌‌ 𝖭𝗂𝗀𝗁𝗍 𝓢𝗌𝗍𝖺𝗋 کیدراما,2506,"ㅤㅤㅤㅤㅤㅤ‌◜달 𝗐𝖾𝗅𝖼𝗈𝗆𝖾. ㅤ‌ㅤ‌ㅤ‌ㅤ‌𝖾𝗏𝖾𝗋𝗒 𝗌𝗍𝗈𝗋𝗒 𝗅𝖾𝖺𝗏𝖾𝗌 𝖺 𝗍𝗋𝖺𝖼𝖾, ㅤ‌ㅤ‌ㅤ‌ㅤ‌ㅤ‌𝖺 𝗆𝖺𝗀𝗂𝖼𝖺𝗅 𝗉𝗅𝖺𝖼𝖾 𝖺𝗆𝗈𝗇𝗀  ㅤ‌ㅤ‌ㅤ‌ㅤ‌ㅤ‌𝖿𝗈𝗋𝗀𝗈𝗍𝗍𝖾𝗇 𝗆𝖾𝗆𝗈𝗋𝗂𝖾𝗌, ㅤ‌ㅤ‌ㅤ‌ㅤ‌𝖳𝖺𝗄𝖾 𝖺 𝗆𝖾𝗆𝗈𝗋𝗒 𝗐𝗂𝗍𝗁 𝗒𝗈𝗎!◞"
drmaurora,channel,⎯͟aurora‌,995,‌‌         ‿꣄᷎᷎̼֑ᩘꨶ🦢 𝗐𝗁𝗂𝗍𝖾 𝗌𝗐𝖺𝗇 ៸   𝖼𝗈𝗅𝗅𝖾𝖼𝗍𝗂𝗇𝗀 𝗆𝗈𝗆𝖾𝗇𝗍𝗌 𝗐𝗂𝗍𝗁 𝗀𝗋𝖺𝖼𝖾 𖹭 ‌‌
dramajourney,channel,𝖩𝗈𝗎𝗋𝗇𝖾𝗒 𝗍𝗈 𝖽𝗋𝖺𝗆𝖺,843,"𝗁𝖾𝗋𝖾, 𝗐𝖾 𝖿𝖺𝗇𝗀𝗂𝗋𝗅 𝗈𝗏𝖾𝗋 𝗌𝖾𝗋𝗂𝖾𝗌 𝖺𝗇𝖽 𝖿𝖺𝗅𝗅 𝗂𝗇 𝗅𝗈𝗏𝖾 𝗐𝗂𝗍𝗁 𝗍𝗁𝖾𝗆 .﹙🩰﹚ 𝗍𝗈𝗀𝖾𝗍𝗁𝖾𝗋, 𝗐𝖾 𝗃𝗈𝗎𝗋𝗇𝖾𝗒 𝗂𝗇𝗍𝗈 𝗍𝗁𝖾 𝗐𝗈𝗋𝗅𝖽 𝗈𝖿 𝖽𝗋𝖺𝗆𝖺𝗌. › 𝗍𝖺𝗅𝗄 𝗐𝗂𝗍𝗁 𝗆𝖾 ? @Clubdramabot"
forjgcl,channel,𝖩𝖾𝗈𝗇𝗀𝖼𝗁𝖾𝗈𝗅'𝗌 𝖼𝖺𝗌𝗍𝗅𝖾 ٭,218,"- 𝖠 𝗌𝖺𝖿𝖾 𝗉𝗅𝖺𝖼𝖾 𝖿𝗈𝗋 𝗆𝗒 𝖻𝖾𝗅𝗈𝗏𝖾𝖽, 𝖩𝖾𝗈𝗇𝗀𝖼𝗁𝖾𝗈𝗅 - 𝖸𝗈𝗎 𝖼𝖺𝗇 𝗍𝖺𝗅𝗄 𝗐𝗂𝗍𝗁 𝗆𝗒 𝖻𝗒 @Sleepliabot"
channelaboutme1,channel,365 субличностей Фло,212,"Друзья зовут меня Фло. Здесь ты найдёшь мои воспоминания, инсайты, вдохновения и мысли.   А еще мои мысли про #кофе и кофейни, отзывы про #книги и много фотографий.  Все, что я слышу, вижу и чувствую... я оставлю здесь.   Для связи @Florimel115"
tgkzlt,channel,всем привет это я,413,catch the balance dm: @zlt173
zottova_dari,channel,Zotova🤍,168,This is about me. Это обо мне. Это про меня  life  канал - https://t.me/+cFYu0oxecuViOGJi  💌 связь со мной: @dariazottova
dark_sunny_bunny,channel,Под лампой темно,55,"Говорим о литературе, писательстве и культуре 💃 Смотрим на красивые фотографии 📷 И другого понемногу 👀"
promanagement_by,channel,@proMANAGEMENT,109,про МЕНЕДЖМЕНТ для взрослых взрослых
ashupaidfile,channel,𝐀s𝐇ᴜ 𝐏ᴀ𝐈ᴅ 𝐅ɪ𝐋ᴇ 🫠🌸,1700,
ovo777win,group,OVO777 OFFICIAL,148,"LiveChat : https://direct.lc.chat/12008847/ LINK AKTIF  : https://cli.re/LINK-ALTERNATIF-OVO777  hallo bosku, mohon jangan berikan ID & DATA - DATA lainnya ke grup maupun ke siapapun ya, karna banyak oknum penipuan, mohon untuk berhati-hati ya bosku"
luanbiii,channel,сомнамбулизм невротика,621,https://linktr.ee/luanbi  по всем вопросам @luanbii
latterfl_yu,channel,latterflu,176,16+  щитпост: https://t.me/latterflushitpost все косплей посты в закрепах 👀  анонимка: t.me/anonaskbot?start=1071649474
elision_lifereport,channel,⌞ⳐⲒϜⲈ⌝ • 寒さꈼﻉใìรì໐ຖ🎄,26,"07.10.2125. - Начало отчёта о внутренних делах экипажа 205 корабля ""Лайн-8"" Инфо: @Elision_info"
lutikiiii,channel,lutiki🕊️,40,Мы подростки Лютеранской церкви. Здесь вайб нашей жизни с Богом🕊️🤍
luciluise,channel,°•---{Лю..?}---•°,23,
lll8ll88l888,channel,восемь красных лун.,45,
luu7mi,channel,луми и что? кто?,19,Пикми луми показывает свои никчемные эдиты и свою жизнь
lunatiua7,channel,•ЗеМлЯнКа•РуБи•^(*´˘`*)♡,13,˚∧＿∧  +  — ͟͞͞💗 ( •‿• )つ — ͟͞͞ 💗   — ͟͞͞💗 + (つ  <    — ͟͞͞💗 ｜  _つ  + — ͟͞͞💗   — ͟͞͞💗 ˚ `し´ Кароч ет ЩТ  Мой буст: https://t.me/boost/Lunatiua7
luminous_cvr,channel,ℓυмιn𝑜𝑢𝑠 group 🍨,11,
luka_alien_stage_13,channel,#𝗟𝘂𝗸𝗮,22,"#Луᴋᴀ — ᴀдʍиниᴄᴛᴩᴀᴛᴏᴩ бᴏᴛᴀ ""Сᴨᴏᴋᴏйᴄᴛʙиᴇ ʙ нᴏчи"" Вᴀɯ ᴧичный ᴨᴏʍᴏщниᴋ ʙᴏ ʙᴄёʍ ⛧"
luzyaoch,channel,Luzyao(｀^´*),19,-🐭∠※。.:*:・'°☆
likantropiyaaa,channel,ЛИКУСЯ,16,всем вкусных бутеков с сыром
justlivebs,channel,𝙹𝚞𝚜𝚝𝙻𝚒𝚟𝚎𝙱𝚂,536,🔥!Канал по новостям бс и не только!🔥  ОТЗЫВЫ: https://t.me/+gooqXIw10KxmMjgx
forureyezon1y,channel,explicit content,73,Good vibes or goodbyes adm: @theycallmesheilaa
holoololooo,channel,هلووو...🍑,44,Never give up
khodeamiryal,channel,AmirYal,63,🟢Spotify: https://open.spotify.com/artist/6nYPqIHB77wlaTVDHzHKrj?si=vcX8nrJlQeuWYHxO5wG6Sw 🟠Soundcloud: https://soundcloud.com/amiiryal 🔴YouTube: https://youtube.com/@amiiryal ⚫️Apple music: https://music.apple.com/gb/artist/amiryal/1840883494
justcastle,channel,Замок с призраком,69,Просто канал графического локализатора с АниЛиберти Just Noname...
lustful_lbl,channel,🎬 — 𝙇𝙐𝙎𝙏𝘍𝘜𝘓 𝙇𝘼𝘽𝙀𝙇 ’ ’ ❕ˢᵉˣʸ,19,
realstroykrd,channel,Realstroy,29,"Дизайнерский ремонт, комплектация объектов, строительство домов/бань. Подключение зарядных станция для электромобилей."
justlapki,channel,Just LAPKI 🎬,37,"Не надо быть «кем-то», просто будь собой"
jellyjiwoo,channel,Jelly Jiwoo,46,own 🤍 жуля @ccherryanobot не по обновлениям
raph4444el,channel,RAPH4EL,34,Yeom Taegyun from ONE PACT — @OnlyMyTaegyun owner: Нурру @Nurru67bot all stickers - @YeomTaegyunStickers
mirel_solo,channel,"*MiReL""SoLo*",18,
chuu_skyline,channel,{ 🍓 } CHUU`•°,36,solo artist from @skylineprod debut : 28.08.25 design : @HAEMIPORT
justllal,channel,[РЕСТ??]ХомосешуАЛ,12,Ну началось опять
stroyrem_44,channel,"Канал ""СтройРем44""",5,Строительно-ремонтные работы
justff,channel,Just For Fun Паблик,2,
justscoo,channel,?,1,
twotalkgirls,channel,2 talk girls,17662,Говорим о книгах ❤️ Для связи: 2talkgirls@gmail.com  https://knd.gov.ru/license?id=6735d6bb7de0911509eaf53e&registryType=bloggersPermission
naushko_skazki,channel,"""На Ушко""",367,"«На Ушко» — библиотека уникальных аудиосказок для детей от 1 до 10 лет. Не просто развлекают, а помогают:  • прожить эмоции  • справиться со страхами  • научиться стойкости  • узнать правила безопасности  • засыпать спокойно  Сайт: https://na-ushko.com"
encantopedagogi,channel,"""Энканто"" | Поющие педагоги",217,"Мы рады видеть тебя среди наших слушателей! 🤍  Оставайся с нами, тут мы расскажем все о наших репетициях, мероприятиях, интересных случаях и многом другом! 🎤  🔗 https://vk.com/encantopedagogi"
unnamed_house,channel,Kirana's Archive,27,Следы на спине - Noize mc
valuable_discounts,channel,БЕСЦЕННЫЕ СКИДКИ🛍,38,"Канал создан для экономии семейного бюджета. 🤑Perfluence Здесь собраны промокоды,акции и скидки. Есть БОТ для быстрого поиска промокодов t.me/DiscountSELA_bot  По вопросам сотрудничества и рекламы ▶️ @ani_valuable_discounts"
swa1ls_s,channel,🔒.swa1ls tsuyú,72,
verasonchat,channel,Не Сон,36,Заметки из жизни с нотками материнства и любви к прекрасному.
nonsensewithlena,channel,nonsense with lena,26,
nadenkasad,channel,SAD,22,(SAD не потому что грустно)
redusense,channel,не спи,15,
ph_kawther_16,channel,أسِيتامينُوفين.,129,لـ كلاسيكيّة مُعاصرة. لـ مُنطلقة خجولة. لـ قويّة ليّنة. لـ صيدلانيّة. لـ خضراء.  أي ملحوظة.. @Kawther16_bot للفتيات فقط..
kufrakanequtab,channel,کوفرەکانی قوتابخانە,14,بـانگەوازی تەوحیـد  لەسەردەمی ڕووبەڕووبونەوەی کـوفر وئیلحاد
daydreamcdt,channel,daydream,34,cover dance team
daydream_cdt,channel,DayDream cdt,27,Всё о нас
my_last_daydream,channel,my last daydream,142,Всем привет мы шугейз группа играем шугейз мы шугейзеры шугейз круто шегйзе гунещй сургейш гунгейзш шургейзнш шыргаейз
daydreammechannel,channel,DayDreamMe|Ethical,880,www.daydreamme.ru
d_day_dream,channel,☀️D-dayDream🌙,75,"Бесконечная любовь к Соупам и не только💜 Амбассадор тэгихоупов 🐿🐈🐻  Авторский бложик☀️  🔞18+  Фикбук: https://ficbook.net/authors/018d74fb-ff16-7b5b-b80a-6657d48ad6b2  P.S. Настоящее название этого канала - ""D-dayDream Layover"":)"
daydream_ki,channel,"It's my love, daydream...",44,I'm going to sleep cause you live in my day dream 💤
daydreamergallery,channel,daydreamer gallery ✨,91,Канал посвящённый моему творчеству | автор аватарки - @samakichh
felix_daydream,channel,⊹ ࣪ ˖LeeLace,56,own Lina  ⊹ ࣪ ˖по всем вопросам писать в анон  only Hyunlix
daydreamtheboyz,channel,˖᯽ ݁˖ daydream w the boyz,60,theb forever 🖤  anon : @daydream_theboyz_bot coop : @coopjjyubiss juyeon : @lovejuyeoni
doc_4dream,channel,Доктор для души,577,"Блог про здоровье: психическое и физическое, сознательное и бессознательное, про то, как понять себя, других и сделать свою жизнь счастливой  Бундина Дарья Дмитриевна - кандидат мед наук, психиатр, сексолог, психолог, репродуктолог  https://doc4dream.ru/"
iswan21,channel,𝘴𝘸𝘢𝘯🦢,433,A place to daydream🥣. 💌 @SRosita_bot
julydaydreams,channel,июльские цветы,493,"в этом и есть загадка. лабиринт - символ жизни, или смерти?  ─ омут июльских грез. | 鏡花水月  пинтерест: https://pin.it/25MrF2m38"
dofidream,channel,Зооателье DofiDream,329,"🧵 Маленькое ателье с большим вниманием к деталям 🐾 Шьём для тех, у кого есть хвостик и характер ✨ Работы, закулисье, вдохновение  📩 Вопросы и заказы @dofi_attire"
by_miracles,channel,Drops by Miracles,1470,"вайб-кодим, развиваемся медийно и иногда в крипте мутим всякое   chat: @talk_miracles  owner: @ogmiracles  projects: @projects_miracles"
miracleasal,channel,ꫂৎ ᴍɪʀᴀᴄʟᴇ ꫂৎ,544,
miracleapparel,channel,PACE,451,"🌐 Вдохновлённые волнами, дорогами свободой"
astromauni,channel,Астрология Мауни,112,"Авторский взгляд на астрологию 🪐  Беру за основу реальное положение небесных тел на небе, относительно Земли."
miracleof2004,channel,Damsel's Poetry,615,Канал-друг: @sasha_unfiltered  Мой бот с текстовыми квестами: @king_says_hello_bot
miracleprty,channel,miracle,254,По вопросам: @ProjectXtsk
islamandpeacepulse01,channel,نبض الإسلام و السلام,172,
mimimiracle,channel,𔓘Мечталкина хижина Фэн Юя𔓘,133,Наверное пришло время рассказать чуточку про свою жизнь и увлечения ✨ Добро пожаловать!
miracle19code,channel,Миракл! (или как там ее),277,"Пр1вет-пр1вет!  Рисую тут всякое и веселюсь👾  Небольшие правила, а так же вся остальная информация в закрепе."
paofvnotonline,channel,Pufff's Channel,127,"D&T: ICT (UTC+7) / HKT (UTC+8)  Monstra illa nihil nisi voluptatem caedis sentiunt. Servīs eōrum nulla iam fuga restat; quī tamen, umbrīs oppressī, lūcem tantum animō fingunt.  Music: @mahoump"
excepttemptation,channel,everything except temptation,143,"могу сопротивляться всему, кроме искушения  о доступном и не очень, мировом и локальном. о том, что я хочу или рассказываю, почему стоит хотеть и какая у этого *стоит* цена. ну, и где это найти."
excepti0nn,channel,Exception ⚡️,23,"Здесь появляются идеи раньше, чем проблемы."
dollpassions,channel,кукольные страсти,1158,"Приветик, я Лерик!  по всем вопросам — в сообщения канала или dollpassions@mail.ru  отдать голос за канал — t.me/boost/dollpassions  наша группа в вк — https://vk.com/doll.passions"
shamanstories,channel,шаман в космосе,374,"Королева флешбэков Ксения Шаманова. Пишу, читаю, размышляю и рассказываю шаманские истории. Заходите на огонёк!  💫Личка: @chamanowa 💫Мои книги на ЛитРес: https://www.litres.ru/author/kseniya-shamanova/"
passion_pursuie,channel,روزنگار!,378,روزنگار جایی برای انتشار روزمرگی و روزمردگی‌ها. گاهی یه کانال خونه‌ی دله! به خونه‌ی دلم خوش اومدید.
passion_dream_teatr,channel,ММХТ «Пассион»,418,"«Говорят, что при своем  рождении театр был средством лечения, лечения города», – Питер Брук «Нити времени».  Ссылка на группу ВК: https://vk.com/passion_dream  Приобрести билет: https://mmhtpassiondream.timepad.ru/"
passiongadgets,group,Passion Membership & Promotions & Discussion,719,‼️ NOTICE ‼️ This group is open for PassionGadgets related discussions only. We hope to keep this group productive and informative for our fellow supporters.
passionnews,channel,𝐏𝐑𝐋 | Голос народа,332,Заметил несправедливость или произошло что-то интересное - пиши в предложку и об этом узнают все в Passion RAY Live!
passion_market,channel,Passion | Бренд электроники,144,Passion - технологичный друг для вас и вашего бизнеса! Актуальные акции и обновления о компании здесь 🙌🏻  ⚡️Открытие первого магазина  в ТРЦ «Афимолл» осенью 2025.
passion_h1p,channel,Passion Help. ①사랑,75,Писать по всем вопросам – @yujhiaz
iskliuchitelnaia,channel,Ольга Исключительная ТАРО АМУЛЕТЫ,384,"Эксперт по предназначению, Таролог, Энергопрактик.  Авторские методики  Здесь вы можете получить ЗНАК подсказку от ВСЕЛЕННОЙ и узнать как раскрыть свой потенциал 🙏❤"
exceptionalmeasureofpunishment,channel,Исключительная мера наказания,15,Музыка камаза
isklyuchitelnaya_suchka,channel,"""Исключительная Сучка""",5,"Вот как Вы понимаете термин «Исключительная сучка»? Расскажу, как понимаю его я..."
dacha_vibes_log,channel,Дневник дачных вайбов,1605,
good_vibes_whatsappstatus,channel,𝗚𝗼𝗼𝗱 𝘃𝗶𝗯𝗲𝘀 🎵🎶,623,~ Best videos about love 💕 ~ Best videos about emotions 😐      𝗛𝗮𝗿 𝗽𝗮𝗹 𝗡𝗮𝘆𝗮 अंदाज 🙏❤️‍🔥
hreyasno,channel,вечное сияние Насти Рустамовой,833,такую херню нарочно не придумаешь
imsootireeed,channel,This is IMSOOTIREED,178,Пупупу🍓
bichonblog,channel,Бишон Фризе - Bichon Frise 🐶,895,Канал создан для всех тех кто любит как я такую замечательную породу Бишон Фризе.
daryupitera,channel,Дар Юпитера,616,"Астрология.АстроБредоГенератор. ""Если бог придумал такую сложную небесную конструкцию,то точно не просто так"".Учитель"
girlsthatsdope,channel,"Девочки, это топ",883,"«Где мне найти новых подруг?»  the GIRLS club — пространство для девушек, которое объединяет и дает такую возможность.   Дружба, стиль, новости, мероприятия, бьютики, советы, общение и просто поддержка 🫂🩷"
temnayayj,channel,Тёмная лайф,133,
fatmermaiddegradation,channel,Деградирующая русалка,348,"💫тут хлам Спасибо за подписку 😘💜  запомни брат такую фразу, годнота будет но не сразу.     https://t.me/+NWaYhiwm_5EwYjBi чатик 💜"
romanovamari03,channel,Romanova,244,💋❤️
alsu_nasyrova_prodyuser,channel,Алсу про женский бизнес,381,"Алсу Насырова | Блогер, продюсер, тантрика | Автор программ «Провокатор продаж» и «ВЕРХОВНАЯ»  Делаю 300К+ на онлайн-услугах без выгорания. Построю тебе такую же систему и выведу из пахоты 24/7  Подробнее на моём сайте 👉 https://alsunasyrova.tilda.ws/"
sotcrw,channel,713,166,"""под такую музыку только мир идти ебать, не иначе""  связь @vld713koin & @n3foru"
ballsykittens,channel,Ballsy Kittens,348,"Они расценивают жизнь студентов как мячик Играть в такую игру их развлекает Баллсы Киттенсы выпускают когти против тех, кто гладит других по шерсти Они так отвечают за свои ложь и зло Не давайте себя обмануть ! будьте Баллсы ! ballsykittens@proton.me"
telochuvstvaa,channel,Чувствуй. Тело.,74,"https://telosomalu.tilda.ws сайт с подробностями🤍  сообщество тех, кто интересуется своим телом и головёшкой (психикой) и их взаимосвязью🧘🏼‍♀️"
olgalitvinovamf,channel,Ольга Литвинова #ЖивоеТело,684,"Тело, как главный инструмент нашей жизни Медицинский диплом 🍓Вернуть здоровье и осанку  🍓полюбить свое Тело 🍓почувствовать Жизнь телом   Связаться @olga_litvin_ova"
kochevnika,channel,🏴 Вася наблюдает,69,"Родился и вырос в России. Прожив несколько лет в Калифорнии и Нью-Йорке я путешествую по миру и Соединенным Штатам. Говорю на русском, английском, португальском и испанском. Подкаст techlifepodcast.com."
zxc_kurama,channel,Общага Лайта,83,"«Любви не существует — есть лишь зеркало, в котором человек с упоением наблюдает собственное разрушение, принимая агонию за истину.»"
shkiper_777777,channel,Просто о жизни 🫂,90,"«Кто понял жизнь, тот больше не спешит, Смакует каждый миг и наблюдает, Как спит ребёнок, молится старик, Как дождь идёт и как снежинки тают…»                                      # ©Омар Хайям"
nightcrypt_scary,channel,𝙽𝚒𝚐𝚑𝚝𝚌𝚛𝚢𝚙𝚝|‌𐋏᧐чн᧐ᥔ ᥴκ᧘ᥱᥰ,90,"🌑 Приветствуем в 𝙽𝚒𝚐𝚑𝚝𝚌𝚛𝚢𝚙𝚝. 🕯 Ты готов пройти квесты, где каждая ошибка имеет последствия? 👁 Решай мудро, ведь тьма наблюдает за каждым твоим шагом… ⚡ Сможешь ли ты выбраться живым или останешься в мраке навсегда?  Цель: 100 подписчиков"
mak_smile,channel,"Карты, деньги и слова. Анна Месс",80,"Шеф-редактор Бомборы/Эксмо Анны Месс - наблюдает с улыбкой за тем, как причудливо тасуется колода и рассказывает о том, «из чего только сделаны девочки» и их любимые книги."
kersxp,channel,kers,33,
polya_napishi_mne,channel,Дневник Ханны Р,12,Нежить наблюдает за миром живых
lifeeisbeautiffullll,channel,𝓛𝓲𝓯𝓮 𝓘𝓼 𝓑𝓮𝓪𝓾𝓽𝓲𝓯𝓾𝓵,860,♥️
peoplewatching_kz,channel,Пиплвотчинг,426,"Про коммуникации и рекламу – в бизнесе, культуре и политике. Автор @dmitriyeva, Client Service Director и сооснователь RA Kombinat"
aykanlll,channel,Archfiend,569,@IKlUIR_bot
simbatina,channel,Simbatin (RamenLo),68,
idvideo0,channel,goddamn IDV’🇺🇸,222,information - @infaaughle
monasteryilvi,channel,обитель | ilvi 🌙,105,
lifebotly,channel,BOTLY LIFE🍀,100,
arxonly,channel,Arxangel's hell,17,типо live 🇱🇻 LV - PROJECT: @tmesportsorg PM: @showmatchpro CB SMM: @pubgmobileesportscis SMM / PM / PROD MANAGER — 5 y. exp.  ADS / MARKETING
justmedoo,channel,Pulse44,154,Still we rise   @OqqooqiqBot @oczys
fmlboo,channel,only boo — Channel,99,
onlymoths,channel,Only Moths,299,I post moths and vtube stuff sometimes  Owner @emperormoth Admins:  @Frea_Stormwing @RudiGarrett @Vaxia @Wendigowak  Group chat:  @OnlyMothsGC https://t.me/+unQFz2QycrplMTUx  Other channels:  @OMshitpost   Discord: https://discord.gg/Btn3uZFe7t
bloqtwave,channel,BLOQ,227,Myanmar Subtitle Bl series
onlymaddox,channel,𝖭𝖮 𝖮𝖭𝖤 (𝟣) 𝖫𝖨𝖪𝖤 𝖬𝖤 (HIATUS),164,𝗗𝗮𝗻𝗰̧𝗮𝗿 define até mesmo a menor vontade de viver. Então as pessoas dançam na borda do 𝗱𝗲𝘀𝗲𝘀𝗽𝗲𝗿𝗼.
mikotomodess,channel,mikoto\\::star-solo🪽,60,привет!!★     ↳ я соло артистка микото  под прототипом :: хёнджин  ≡; анон :: - t.me/anonaskbot?start=KBnPA04z4Eljcv_
mayleensolo,channel,|| 𝗺𝗮𝘆𝗹𝗲𝗲𝗻 𝘀𝗼𝗹𝗼..♰,94,"приветствую, на связи мэйлин!!💙 я - соло артистка, которая ранее была в ои вайбера, но вернулась, только в тг. буду безумно рада вашей подписке!! :: начало - 24.05.2026 :: конец - 00.00.0000 по поводу вопросов писать: @mayleennbot"
onlymid0,channel,🦇,64,My safe space no judge🦇@tHeMiddlieoftHenigHt  AND IF YOU GO I WANNA GO WITH YOU AND IF YOU D1E I WANNA D1E WITH YOU TAKE YOUR HAND AND WALK AWAY
de_lulo,channel,lulo,26,ничего кроме любви
vanellopink,channel,ꞌꞋ𝐎𝐧𝐥𝐲 𝐌𝐞.,30,‌    ִֶָ 𝐖𝐥𝐜 𝐓𝐨 𝐌𝐲 𝐃𝐚𝐢𝐥𝐲 ִֶָ   𝖬𝖾 ; @CallMeDanDan
onlycashzlo,channel,𝟢𝟥 * 𝓒ashあZlo,20,ㅤㅤ ㅤㅤ ㅤㅤ ㅤㅤ ㅤㅤ ㅤㅤ ㅤㅤ ㅤㅤ ㅤㅤ by podzabornaya/подзаборная چو سثوذانمزژ.     (05.06)
onlymock,channel,Multilevel📪📫📬📭📜,23,
imnemark,channel,NEMARK,47519,№ 7652293784  📩Предложения : nemarkPR@outlook.com booking / manager: @mgmtnemark / +7 934 093 2327    VK : https://vk.com/nemarka4  Инст : https://www.instagram.com/nemark.a4?igsh=MWt0cDRsMTN0bmJtdQ%3D%3D&utm_source=qr  Мой ТикТок : https://www.tiktok.com
yamakasi_2323,channel,yamakasi,776,
adequate_woman,channel,АДЕКВАТНАЯ БАБА,290,"Голос женщин, сарказм, самоирония и здравый смысл 🤍  Авторский канал by @Alyona_Fofina"
k1chigay,channel,Кичегайᵗʳᵉᶻᵛᵛ,744,Адекватное поведение в данном канале карается БАНОМ.  Юзаю любые местоимения 👍  Кр авы: @streak4s (❤️) @sunw13d (яйца)  Бусти: https://boosty.to/k1chigai/donate  (верните мои деньги)
psychologyolga,channel,Кормушка для кукушки🧠 таро/психология,873,"Ольга Богомолова — таролог и психолог Адекватное таро без шизотерики🃏  Психология отношений, поведение и внутренние сценарии через карты и психологию  Чтобы лучше понимать себя, людей и причины происходящего в жизни и отношения👩‍❤️‍👨"
pashok_pishet,channel,ПАШОК,624,"Канал про: 1. СТРИМЫ ТАРКОВА 2. БАБАХИ и ПУКАЛКИ 3. Иногда про TON 4. Мои мысли о LIFE 5. Путе шествия  Чат только для FRIENDS, пишем адекватное, БРЕДИК не пишем."
redme75,channel,Красный Я,529,"Канал с мемами. Срез времени через призму юмора. 18+  Канал ненавязчиво помогает сформировать здоровое чувство юмора, вкус и адекватное восприятие современных реалий.  Добро пожаловать. Ваш @krasnovtv"
hustparovoz,channel,HustParovoz🫀,271,DTIYS в закрепе активен всегда Когда нибудь тут будет что-то адекватное
m2milmash,channel,Олтман вайб 🌊,122,Ловим вайбы ❤️‍🔥
gonchuklasheeesssss,channel,Gonchuk.Lashes,146,+7 905 887 5332 - запись в лс
myrmyrnails,channel,myrmyrNails,172,основа: https://t.me/+Gm51raDBjg1kYzRi
yunlientemicoints,channel,MMA OI PREMIA,28,Новая от компания которая проводить премии °MMA OI PREMIA°• Связь с владельцем-→ @YOUNOTMEYES
xxxktyyy,channel,Xkty51,91,
opydaily,channel,ору daily,10,ору
sa11550088,channel,﴿يُدَبِّرُ الْأَمْرَ﴾,34,تدبيرٌ إلهيٌّ مُحكم، يسري من السماء إلى الأرض في نظامٍ لا يختلّ.
a9jer,channel,أجر 🤍,22,(سَيَجْعَلُ اللَّهُ بَعْدَ عُسْرٍ يُسْرًا)
urgkgy8,channel,الصحبة الصالحة 👑🌻,343,
mustajabchannel,channel,مُسْتَجَـاب,176,{ وَذَكِّرْ فَإِنَّ الذِّكْرَى تَنْفَعُ الْمُؤْمِنِينَ }
eabaqaleilm,channel,عَبَق العلم 🍃,341,قناة مختصّة بعَبَقِ العِلمِ والعُلماء🌾
tianxiaproject,channel,Проект Тянься 天下 | Артем Кхан,157,"Канал Артема Кхана. Здесь о том, как Китай и страны Центральной Азии строят новую архитектуру региона"
aibulatahmetov,channel,Айбулат Ахметов. Авторский канал,110,"Руководитель Общественного объединения казахов Волгоградской области, ветеран боевых действий."
hsarhan1_1,channel,31 الباني Gjuha shqipe 🇦🇱 Islami- Insituti i Sunetit. Nën drejtimin: Docent.Hejthem Serhan!,58,31 الباني Mësoni dhe luani fëmijët Channel  Për fëmijët në gjuhën angleze 🇦🇱 Faqja e dr. Hejthem Serhanit në gjuhën shqipe
etefagheman,channel,[اتفاق 🛋],67,[اتفاق]:با هم یکی شدن، یکی گشتن  «موج رنگین رویاها، در ملال روزهای یکسان،  روشن‌ترین سهم او از زندگی بود.»
taabadtanha,channel,😢💔ټـااَبَــدتَنـْْْهـا❤️😊,226,متنــ غمگینـ😔 عـا‌شقانه😍 آهنگـ 🎧  اینجا واسه حرفـ دلــ خـودمـ و خـودتهـ💔 پسـ ڪنارمونـ بمونـ شاید حرف دلمونـ گفتیم حتے با یڪ متنـ😢  @Aliyaz  . . . . اینستاڪانال Instagram.com/taabadtanha . . .  بیــ🔇ـصدا ڪنـ
ustradvaharho,channel,بيت مر,38,"хьуна кхана карор дериг, ахь тахан дийриг ду!"
tiu9g,channel,تُقَـىٰ || صدقه جاريه,73,وارْحَمْنِي إِذَا انْقَطَعَ مِنَ الدُّنْيَا أَثَرِي
tokyopostmodernart,channel,後現代藝術,11,The abstract art of a madman.
nicutin_cod,channel,TAHA ♰ NiCUTiN By cod,161,بنده طاها نیکوتین از امروز فعالیتم رو شروع میکنم مخلص همه تونم
almuhtaseb1,channel,المُحتَسِـب,20,للتواصل @ALMUHTASEBBot
latolotam,channel,لات و لوتا🤝,49,مخلص همه داشای بامرام ❤👉🏻
luvevrywone,channel,be there for me,25,
onlyyyou4,channel,IV.,248,
onlyyyyrein,channel,only REIN.,157,
wertyqqslx,channel,𝗐𝖾𝗋𝗍𝗒𝗊𝗊𝗌𝗅𝗑,233,"NKEEEI, UNIQE, ARTEM SHILOVETS 3️⃣  мой личный тгк – @marinwerty  поддержать канал – https://t.me/boost/wertyqqslx"
joynami1,channel,Jo Yuri 🍎,209,owner — namisha @yunenll1_bot мьювзсз — мимо
onlyyyywe,channel,101,51,"Сегодня люди намного дешевле, чем их одежда"
sankaijeong,channel,NUMBER ONE GIRL 01,62,
ayreezzx,channel,™Ayʀᴇᴇ ′ 𝗌𝗈𝗅𝗈 𝖺𝗋𝗍𝗂𝗌𝗍,32,thanks @dixonstudio !!
jangwonyoungonlyy,channel,Jang Wonyoung,4,Ameya t.me/meJangWonyoungbot
onlyryuryeong,channel,Only Ryuryeong,4,Алина — @xlxoala_bot Софа — @chearyeong_bot
onlycashme,channel,Илья OnlyCash 🤓 OnlyFans / Fansly 🤓,943,"Здесь я буду публиковать доп. информацию к моим видео на YouTube для менеджеров и создателей контента на таких площадках, как OF и Fansly."
pegov_i,channel,Пегов. Налоговый консультант без ПИ...,1588,"Налоговый консалтинг без воды и понтов. Как это устроено на самом деле: требования, комиссии, факапы, шаблоны, ИИ. Для тех, кто делает, а не изображает. Для связи https://t.me/lizabezpibot Обсуждение - https://t.me/+UTC-vc7zi7DXrBXQ"
attorney_moscow,channel,Адвокат Александр Васильев,747,"Корпоративный адвокат   Защита от субсидиарной ответственности, налоговых рисков и корпоративных конфликтов    Консультация: @ru_attorney   Сайт: https://attorney.moscow/"
chatroadworkers51,group,Дорожники Териберки 51 Chat,1157,
traktoristigor,channel,Тракторист Игорь,439,Реклама/сотрудничество: @tkrey_mg
artem65762,channel,Пикми трактор🫍,42,частичку не брать-> трактор тракторист  трактористы ❌️  about: https://t.me/tulenov_tema связь я влд–>анон начало фд: 3.10.2026 пара/нету.
uchebamirtg,channel,Тракторные-права.РФ | Обучение 8.000 ₽,160,"🎓 Тракторные-права.РФ — это место, где каждый может освоить востребованную профессию, получить новые навыки и уверенно продвинуться в карьере.  📞 8 (800) 533 76 59 (звонок бесплатный)"
mirniy_traktor,channel,мирный советский трактор 2.0,22,
kubagro_minitraktor,channel,Минитракторы КУБАГРО,21,Продажа минитракторов и навесного оборудования
aluminumkk,channel,Трактор ой блен🚜,14,Клан самого умного человека!1!!!!1!1 #КланВашТекст  пшеница символ канала 🌾
traktor_chat,group,Трактористи механізатори чат 🚜,3,"Чат для спілкування тих хто працює з тракторами. Обговорюємо ремонти, експлуатацію, роботу, запчастини, настройки, ділимося досвідом та ін."
tolko_zhivi,channel,ТОЛЬКО ЖИВИ ❤️,166,"Спасённые с улицы хвостики ищут дом 🐾🏡  Стерилизуем, лечим, пристраиваем 🫶🏼"
yoga_ine_tolko,channel,✨Anna Yoga ~ 365,198,"Анна Ивановская, преподаватель йоги. Друзья, я запустила этот канал, чтобы сделать Наш Совместный Путь в Мир Йоги максимально полезным и приятным!  Добро пожаловать на мой сайт : https://taplink.cc/anna_iwanovskaya"
tolko_voda,channel,tolko_voda,35,Только Вода Производитель бутилированной воды Если хочется пить 💧  По вопросам сотрудничества⬇️ +7 (988) 241-11-19 +7 (918) 442-67-79 brand@aqwater.ru tolkovoda.ru
tolko_tvoi_msk,channel,Словообразовательная комната,104,🙈🙉🙊
grishavdele,channel,Гришечная,11732,Просто жизнь одинокой волчицы. Регистрация в перечне РКН: https://clck.ru/3F87mD
loneraccoonchat,group,Lone Raccoon Chat,821,
mrezmje,channel,CLmje,50,🎠𝟐𝟎𝟎𝟕🎰
artovip,channel,Obito Uchiha,283,@melancholy_alonevibe
lonely_dlm,channel,archive,32,( ╯°□°)╯ ┻━━┻ dm: https://t.me/l_lonely loop: https://t.me/l_lonelyLoop 🇺🇦🇺🇦🇺🇦
bladitg,channel,forever alone,15,
wisdomofthelonelyones,channel,мудрость одиноких,19,"мне не важно, в чьей ты кровати,                                               пока ты в моем объективе"
blogcapitalcanada,channel,𝘰𝘥𝘦𝘵𝘵𝘦 𝘷𝘪𝘤𝘵𝘰𝘳𝘪𝘢 𝘣𝘭𝘰𝘨!!❀,32,блог одинокой столицы канады. . . cr авы: @vvilk0ag
giwpxf,channel,Просто самокатер 2,12,
teach_me_alina,channel,"Алина, научи! 🇬🇧",494,Учу английскому взрослых B1-C1 индивидуально и в группах. Со мной можно:  💫 повышать свой уровень качественно и с удовольствием 💫 сделать английский частью жизни 💫 обсуждать интересные темы в разговорных и книжных клубах  Для связи  📩 @akimovalinaa
nauchimenyazhit2023,channel,Научи меня жить (2023) смотреть фильм онлайн,175,"Здравствуйте! Твой новый фильм ""Научи меня жить"" (2024) доступен для онлайн просмотра в интернете в хорошем качестве HD 720, также можно смотреть бесплатно в качестве 1080 и 4к, казахский фильм полностью в дублированном переводе и с хорошим звуком."
oxykashinskie,channel,Светлая дубрава,226,"Добро пожаловать в нашу маленькую обитель. 🌳 Данный проект ведется в юмористических целях, прошу не обижаться по мелочам. 🎶 ОксиКашины мои нежные папы, если они расстанутся я перестану верить в любовь! 🍅"
thvseins,channel,(не)дай мне утонуть,160,я не хочу перестать ощущать тебя. я просто не могу позволить тебе вновь бесследно исчезнуть.
froggybones,channel,Притон лягушки🐸,101,Когда я перестану связывать все свои названия с лягушками?? 🤔
miraaaaajjjj,channel,щитпост МИРЫ номер 5,76,когда перестану удалять
dregon_fox2,channel,Drafix,78,Иконописец пиксельных ликов😇 Для связи @Drafix02  Перестану рисовать когда в мире всё будет  хорошо☺️✨
stopgazingbastard,channel,do what comes natural,30,inner view report  gimme your money i'll buy some cigs: 4874070011094271
lalalalalalalalash,channel,"yaz, dostum",36,"мадридская парижанка. allez france 🇫🇷  трофеефанка, 15 лч, зм дембеле, выбираю исключительно «денежные мешки» (как только обеднеют — перестану саппортить), целуйте трофеи, а не эмблему🙄 что еще добавим?  t.me/anonimnyye_voprosy_bot?start=nbfqx"
db689,channel,Перестань...,4,💋🤍
trueedisaxm,channel,REST || disaxm.m,19,Archive by DISAXM. own - Yuri | @yurianonkkbot The archive is not up to date . 29.06.26
drobi_m,channel,"""ДРОБИ"" - множество бесплатной и ценной информации",312,Ведёт канал Жиренков Андрей Сергеевич - учитель математики (АЛГЕБРЫ и ГЕОМЕТРИИ) Записаться на занятия по номеру: +7-902-404-84-81 или https://t.me/Andreyzhirenkov
megafizika1,channel,МегаФИЗИКА,180,"Физика становится понятной! Разбираем сложные темы просто. Решения задач ЕГЭ пошагово. Поддержка, мотивация и результат 80+. Начните путь к успеху! 🚀 Записаться @KubrakovaES"
juliamatem2,channel,Теплая математика с Юлией Кулик | 5-9 класс,103,"Помогаю детям понять математику без стресса: объясняю простым языком, разбираю пробелы с самых основ, даю понятные схемы и наглядные разборы.  Здесь вы найдёте объяснения, подсказки, сказки, визуализации и поддержку для подготовки к школе и ОГЭ"
deti365,channel,Елена Николенко| Дети 365👩‍🏫,100,"Создаю путь к успешной учебе с любовью и заботой ❤️  🧠 Эксперт в обучении и развитии детей 5-12 лет, руководитель центра, социальный предприниматель.  С 2015 года более 700 довольных семей. Делаю учёбу простой!  deti365.com @ElenaNikolenko_deti365"
studying_with_diana,channel,Учись интересно с Дианой!,38,"Диана Девятова — ваш гид в мире знаний!   Опытный преподаватель с более чем 5-летним стажем  🎓 Эксперт в подготовке к ОГЭ/ЕГЭ 🌍 Работаю с учениками по всему миру  Помогаю достигать успехов, современные методики обучения  Для связи - @diana_aleksandrovnaaa"
mathbyyu,channel,Юля решает | Подготовка к ОГЭ и ЕГЭ по математике,19,Со мной математика станет понятной! :)  Подготовлю к ОГЭ и ЕГЭ (базе) на уверенную 5!
nnneptuness,channel,Sick Neptune ( ꩜ ᯅ ꩜;)⁭,4,Нептунка eng|russ
jabuka,channel,Я́бука,23,Этичный и экологичный маркетинг. Курсы не продаём. Найдём своих и успокоимся. Проект артели «Джеб»: https://jab.art Контакт: @jabdotart
kratook,channel,Blunt Kratkyu ⁭ ( ⸝⸝꩜ ᯅ ꩜⸝⸝;)..,3,
academic_touch,channel,Полина Смирнова 🚀 Создавая возможности,26,Цифровые решения и технологии в бизнесе: академический взгляд
math_freetutor,channel,Математика | FreeTutor,4,
igroteka_review,channel,Игротека - отзывы,11,
poleine_feedback,channel,отзывы 📔,6,"канал с материалами и анонсами @poleine  — записаться на обучение, купить материалы poleine.ru — задать вопрос @poleinehelp"
prof103moscow,channel,prof03moscow,648,
novocelinskii_dk,channel,Новоцелинский Дом культуры,217,Кинозал Новоцелинского Дома культуры
nashe_vse_p,channel,Наше всё,235,"Канал человека, который обожает Пушкина и открывает для себя мир классической и современной литературы, а также рассказывает о своей жизни❣️"
overheardcsfamily,channel,Подслушано CSF,169,Cheer Smol Family - спортивный клуб по чир-спорту в городе Смоленске.  Присоединяйся к нашей огромной семье! ★  Официальное сообщество в VK: https://vk.com/csf67  Предложка канала: @predlogkaCSF_bot
mir_exyptos,channel,🔵Египтус/Egyxos🔴,647,"☀️Привет зайчик, это канал по мультфильму Египтос, здесь мы вам устроим целое путешествие по миру Египтоса☀️"
bmx_dvizhh,channel,Bmx lIve,122,
oekakiclub,channel,oekaki club,973,"оекаки это целое сообщество в сети интернет, если и вы хотите прикоснуться к этому интернет искусству, то можете посетить доски для рисования  вот парочка из них!!  https://img.heyuri.net/o/ https://paintbbs.sakura.ne.jp/"
netsusiowa,channel,₊ .🔥🍒˖𝐍𝐞𝐭𝐬𝐮𝐬𝐢𝐨𝐰𝐚 𝐅𝐢𝐫𝐞𝐀𝐫𝐭𝐖𝐨𝐫𝐤🍒🔥₊ .,443,🍒 ENG/PL » @NetSushi 🔥 Commissions: CLOSED! ๋ ࣭ ⭑๋ ࣭ ⭑༉‧₊˚.༘⋆°❀.ೃ࿔*⁺‧₊˚ ཐི⋆♱⋆ཋྀ ˚₊‧⁺ 🍒 Price list / waiting list   https://netsusiowa.carrd.co  ๋ ࣭ ⭑๋ ࣭ ⭑༉‧₊˚.༘⋆°❀.ೃ࿔*⁺‧₊˚ ཐི⋆♱⋆ཋྀ ˚₊‧⁺ 🔥 Sticker channel   t.me/NetsusiowaStickers
netsetmh,channel,"नेट/सेट,महाराष्ट्र",575,"NET/SET Alerts/Exam Dates/Results/Job Advertisement(Maharashtra) etc.  सूचना, जाहिरात  सेंड करा...  👇👇👇👇  @netsetmhbot"
netsepio,group,NetSepio,354,Sovereign internet. Sovereign mind. True freedom is offline AI and a private internet — Be free from anyone else's control.  https://x.com/NetSepio
netunets,channel,НЕ ТУНЕЦ | Интересные люди,216,"Добро пожаловать в канал НЕ ТУНЕЦ 👋  Честные диалоги с теми, кто строит будущее. Бизнес, наука, саморазвитие, творчество. Личные стратегии успеха.  Если ты тоже хочешь стать участником ✔️ смело пиши мне +7 910 598 2551 @kishinevaa"
netsnoser,group,CrashPizza • Отзывы,100,Отзывы проекта @CrashPizza Бот @CrashPizzabot
nassttyussha,channel,nastush_aa❣️,137,
netsk1y,channel,Netsk'y,68,Я щас прям тут и упаду
nessjourney,channel,NessJourney,22,➫ Hope aboard to moi            ➫➫➫Rhetorical Journey   Ukuaji 📊📉📈 nissiness.dev
netsymiii,channel,NETSUMI | INTERVIEW 🍓,101,
misinyaa,channel,миси ня,103,
rayh33nneshar,channel,RAYHEN NESSHAR,99,"Сводим, слушаем, кайфуем   Связь : https://t.me/anonaskbot?start=fKs6MWHo8Kyo_R4  Сотрудничество : @RAYHEENNESHAR"
natessister,channel,Сестра Нейта ✨,29,"💜Вы у нас сможете найти: фоны,видео,разговоры,игры, конкурсы,вайб,музыку Надеюсь вам понравится мой канал.🌕"
akasha_sotka,channel,xᴀᴛᴋᴀ ᴍᴀᴋᴏᴛᴀ,95,"приветствую! это телеграм-канал личности под именеᴍ Makot_Nesterov 𝚊𝚔𝚊 лидер Nesterov связь со мной : @Makot_Nesterov tgk : https://t.me/Akasha_Sotka спам/флуд, а также угрозы пропускаю и автоматом кидаю в ЧС."
netsirot,channel,Разуменский дом детства,32,Новости Разуменского дома детства. Наш сайт - netsirot.ru
nusyatttt,channel,нусечка,45,
nstshma,channel,НЕНАСТЬЕ,45,
mirasicc,channel,noniipisya,37,Nana from SCARS @scarscover
sertrust_markirovka,channel,ХайМарк | Маркировка под ключ,250,"Помогаем бизнесу внедрять маркировку без штрафов и хаоса — Честный знак — Оборудование и расходники — Настройка и сопровождение 📌 Разбираем кейсы, ошибки и изменения в законах 📌 Показываем, как упростить процессы 👉 Консультация: @Sertrust"
mnsrv_ru,channel,МэйнСервис|Разработка.Консалтинг.Интеграция,149,"Официальный канал «МэйнСервис» 🔹Новости маркировки, изменения в законах, связанных с торговлей 🔹Кейсы по автоматизации бизнеса Группа в vk: vk.com/1cmainservice Сайт: mnsrv.ru/ Бот техподдержки в Tg: t.me/mnsrv_bot"
begovaya_dorozhka_kupit,channel,01sport - тренажеры для дома купить,55,ЗДЕСЬ ВСЕ ТРЕНАЖЕРЫ ДЕШЕВЛЕ! - Доставка в любой город России.  - Подбор и консультация онлайн - Подпишитесь на канал для получения скидки  По всем вопросам - пишите @vvgorban  Полный каталог на сайте https://01sport.ru/?utm_source=telegram_channel
maniacreviewer,channel,Ракета,106,
polinamagic,channel,Проводница Теней,18,"Меня зовут Полина - я проводник, практикующий эзотерик и таролог ⚡️🪄🦇 Услуги:  https://t.me/polinamagicprice Связь со мной: https://t.me/pobsikpolya"
girlglish,channel,Girl English,1184,it's all fun and games here  getting philosophical at https://vk.com/girlglish my fashion magazine: @paperdollzine
girlsgirlsgirlsru,channel,girlsgirlsgirls,710,Girls. Smart pics.
girl2girlsclub,channel,Girls To Girls,797,"soft heart, wild mind🦢 Unknown✨ https://t.me/Nashenasnika_bot Group🌞 https://t.me/girls2girls_group"
girlies_town,channel,Девчонки,592,"Про женское счастье и личную трансформацию. Девичники,  женская энергия, эстетика, советы и юмор.  Открой мир внутри себя!"
lg52211,channel,🇹🇼學生妹專區18~22歲 #高中生 #大學生,505,預約聯絡方式👇👇 TG： @lg5221 Gleezy：lg5221 熟女大奶人妻： @yt0315 北中南選妹專區： @tw0315 全台學生妹專區： @lg52211 台灣本土外流區： @Taipei99168 營業時間每日下午13：00~凌晨04：30 外送地區：雙北 台中 高雄 新竹 彰化 台南
sweet_girls_onlyfans,channel,SWEET GIRLS 18+,319,"Канал 18+ !  Сливы OnlyFans, TikTok 18+ и много других красоток. У нас тебе не будет скучно 💋❤️‍🔥   @grillris - ВП, реклама"
jjsdiso,channel,學生社團Gleezy:k754856,265,LINE：kk7545 原則： 一次性的合作不做、彼此浪費時間的不接， 勉強開房、結果打槍，對誰都沒有意義。 要配合，就踏實認真；不合適，就坦白說清楚。 我用誠實與誠信做招牌， 合適的自然會推薦，不符合喜好的也會直說， 留下的是舒服的體驗，而不是下一次的踩雷。
tg98921,channel,💕恩客好評Gleezy：why337,179,找欣果喝茶送2000優惠券喔！！  🌱Gleezy：why337 🌱Telegram諮詢： t.me/txy789  🍒TG正妹外約茶： t.me/txy788 ❄️外流影片： t.me/txy889  上班時間：早上10點—凌晨2點
fb1015,channel,台灣援交妹/巨乳/爆乳/大奶妹F奶/G奶/H奶Gleezy:wx7894,146,預約聯絡方式👇👇 TG： @wx7894 嫩妹專區 @fb7894 淫蕩大奶區 @fb1015 輕熟女專區 @av1016 營業時間每日下午13：00~凌晨04：30  #清純 #大學生 #調教 #後入 #合集 #甜妹 #反差 #自拍 #清純學生妹 #猫屋少女 #少女 #蘿莉 #美胸 #自慰 #外送茶
linegogo589,channel,女生報班名單約加Gleezy：gogo589 或 TG：good6060,88,每天女生報班名單  及時更新 看照網：www.good606.com
justagirlblogging,channel,girlblogging🌷,33,i’m just a girl!🌺🎀🌷🐚🌸🩰🪷
meow_girls,channel,Girls&Cats,68,There are only two things that inspire me.  Feedback: @glavnaya_kiska
multyashxxx_for_girls,channel,МультяшXXX Для Девушек,38,"Только для Девушек! Самые горячие мультяшные эро картинки. Вы сможешь найти любой мульт персонаж себе по вкусу Симпсоны, Футурама, Аладин, Время Приключений, Гравити Фолз, Ким 5+ и еще много много другое вы увидите у нас на канале! Только для взрослых 18+"
linegood6060,channel,台灣 MM 外約 Gleezy ： good6060,94,時刻更新最新報班女生名單  看照網：  www.good606.com
girlmadegg,channel,𝗚𝗶𝗿𝗹𝗠𝗮𝗱𝗲 | 𝗚𝗚 🌴,21,Lik𐐼 | Sᥙmin | Eunhყun |  B𐐼lᧉ‌n | ??? | Nᧉ‌kom𐐼 | ??? ⭐️ our TikTok: girlmadeoigg связь: @GirlMadeoi_bot
girlkuko,channel,𝙜𝙞𝙧𝙡 𝙠𝙪𝙠𝙤,78,"“Личный дневник с нотками творчества: мысли, чувства, история моих дней и маленькие творческие находки”"
girlteens,channel,@girlteens,34,"Уважаемые подписчики, когда у вас есть свободное время, просьба скидывать ссылку на канал    t.me/girlteens    в любом месте интернета. Это будет самая большая ваша благадарность, за наполнение канала новым контентом!"
kiiikiiigrw,channel,𝒟elulu 키키 、w͟o͟rk 🌱,50,"( 🦎 )  www.rpwp 、com  ; . .  ✉️ —  @kiiikiiiwork_bot  admins.. ♡ 🦚  — @yunkhii , @yvn1o"
abdgirls_say,channel,abd glitter girls ᶻ 𝗓 𐰁,26,t.me/abdgirls_bot
girlsandboyskissing,channel,"grils and byos kissing,,,,",19,
tw11779,channel,學生白虎嫩妹+Gleezy：zh06255,35,
g1r2k,channel,girly kkura,1,
galax_girl_oi,channel,Galaxy Girls,5,
ggcsac_bot,bot,Girlgroups Charts the SAC,,
thegirls2_bot,bot,Dana,,
worldsgirlsbot,bot,Girls Love Diamonds,,
girldiva_bot,bot,‌ ‌ ‌ ‌ ‌ ‌ ‌𝖳𝖺𝗅𝗄 𝖶𝗂𝗍𝗁 𝗆𝖾,,
girlstakebot,bot,Тейки герлс групп кф,,
get_girlbot,bot,Relationship,,
badgirlsssbot,bot,𝖦𝗂𝗋𝗅𝗌 𝖺𝗋𝖾 𝗁𝗈𝗍,,
ggbrazil_bot,bot,Girlgroups Brazil • SAC,,"Seja bem-vindo ao SAC do Girlgroups Brazil, acesse o canal e nos acompanhe!  ★: @ggbrazil"
im_just_a_girl_m,channel,I'm just a girl🩷,191,من محدثم ؛ دانشجویِ پزشکی سابق؛تغییر رشته ای به دندونپزشکی🦷 خدایا شکرت بابت همه چی 🫀🌱
justmusicshow,channel,**🍓 𝘑𝙪ׅ꯱𝗍 — 𝗆𝗎𝙨𝙞𝙘𝖺𝗅 𝘴𝘩𝗼𝗐,66,"ㅤ     🍓 — ყოველ კვირეული მუსიკალური შოუ ონლაინ ინდუსტრიაში, შექმნილი რელიზების გასავრცელებლად .. ﹏﹏﹏﹏﹏﹏﹏﹏﹏﹏﹏﹏﹏﹏﹏﹏﹏﹏        ყველანაირი გაფორმება ავტორულია, Თუ იყო ᲨემᲩვნეული გაფორმების მოპარვა, გᲗხოვᲗ დამიკავᲨირდეᲗ: @ivbtnm"
siihuiiree,channel,teenage girl,301,
ijustkelya,channel,келя (знаменитость),129,"пр, я келя, стример, я стримлю 👅👅  в этом канале выходят только новости, и оповещения о выходе моего творчества, все остальное выходит в моем щп"
ijustdraw,channel,Trying,102,I will post my drawings here and everything I do as art 🧶
ijusteviel,channel,неділяяя.ijusteviel,120,Інст: ijusteviel  Привіт я Неділя  Роблю бантики 🎀  Пп: @whattievil rus dni 31.07.2023
justgirlymemes,channel,just another bipolar millenial's meme page,111,🔞
ijustwamm,channel,Nightmare,44,This channel can help you
stargirlthebest,channel,Catherine/solo||Strawberry #мини #клубничковая🍓 #мантекки,38,"sᴏʟᴏ ᴀʀᴛɪsᴛ ________ ᴘʀᴏᴛᴏᴛʏᴘᴇ::ʀʏᴜᴊɪɴ, ʏᴜɴᴊɪɴ, soojin  __<> ɢᴏᴀʟ:50 ꜰᴏʟʟᴏᴡᴇʀs __ ᴛᴩу::ʀʏᴜᴊɪɴ, ʏᴜɴᴊɪɴ _____ ᴀɴᴏɴ:: @CharlieNews_bot"
just_s_irl,channel,꒰ . ⋮ 🦴𝖨𝗇𝖿𝗈 〣''꒱,26,
idonchi,channel,dear.ida,51,•.•
onlyjoonie,channel,주니 Joonie '🐻🖤,24,"Flatte's / Nura's Gallery @.krapeinooj 🗯️ t.me/flsjoo Goal 50, Не по всем Обновам iMessage Fлатти thisbamsobot.t.me"
onlyleerora,channel,Only Rora,22,own - неви ♡ не по всем обновам
signalfound,channel,signal found! || cdt,7,
stick3rys,channel,Ilikeit×GG,3,[ канал со стикерами только с жг ] читается как айлайкит 🫧 kiyu / кию — @yewonkiybot
molodoypr,channel,Молодой пиарщик продал душу за Xbox,1826,"Привет! Меня зовут Саша и я пиарщик в компании «СофтКлаб»  Здесь я буду писать об играх, кино и пицце! Даже иногда постить мемы.  Реклама: @karimov_choi"
molodoyyan,channel,@molodoyyan,479,Альтруист
molodoysotka,channel,Берлога 𝐌𝐨𝐥𝐨𝐝𝐨𝐲,558,
molodoy21ru,channel,тгк:molodoy,330,
molodoy_chemodan,channel,чемодан со сказками,470,лиходей и лицедей
jesustheonlylove,channel,"Следуя за Иисусом: Путь, Истина и Жизнь",2180,"Стремясь всем сердцем к Господу, мы вникаем в Его Слово, укрепляемся в вере и растём в любви. Размышляя над Писанием, учимся видеть глубину Божьей милости и поддерживаем друг друга на пути, ведущем за Христом."
pastor_fedor,channel,Пастор Федор Желноваков,614,"Пишу про веру, христианскую жизнь и как исполнять волю Божью каждый день. Автор книги ""Размышления о славе Божьей"" https://ridero.ru/books/razmyshleniya_o_slave_bozhei/"
pshtb33,channel,аудиокуколд,333,официальный менеджер АННЫ ПАВ и сырная проститутка
brothersemv16,channel,Կᥲᴛ 𑀝ᴛᥙʙᥲ 🪓,197,🥀🥀🥀
wery_lost,channel,⁴²Изечка бубнит⁴²,103,"Чекай инфопост, епта🙄🙄🙄"
xskeeffx23,channel,"мяу, блять!",68,я люблю эчпочмак
bolotoabobi,channel,Болото Абобы,51,ТТ акки Основа: @sultanbek126 Эдиты по борщу: @gregborshfan5 Опениум заебал Ванять класс ванят фу
somefuckedupguy,channel,We'll never say Mayday(Ethan),88,He/they 💛🤍💜🖤 از زندگی فقط گی بودنش به ما رسیده. ISTP https://t.me/iRoChatBot?start=sec-bjbhaaciej
bandits_in_a_hole,channel,|||скобка|||,19,"Творческие бедолаги, работяги —   на этом канале чисто сборная солянка."
stfumefblya,channel,паническая контратака мефедрона,66,ебёт?
wellinweks_editor,channel,велинвекс,36,‼️весь материал брать с отметкой‼️ анон: @wellinweks_bot лс: @wellinweks_offic
mmef_f,channel,Мефедроновая ебака,29,А
glogloglo5,channel,🏚️🏚️🏚️ нищта,35,
beast_or_not,channel,EБЛAНOИД,20,Я не буду здесь ничего публиковать потому что вы все зажрались.
imperfectsp,channel,"Итаква, пошёл нахуй.",18,
ya3eee,channel,я3,16,
adbullaeva18,channel,velsivy,22,
fatboybru,channel,"Oh my god, I'm so fat, damn, awesome.",12,Титаник.
bambaleylaept,channel,🥞⁠✧)Ⲕⲩⲗυⳡ(✧🥞,7,"Дивиз канала:, Кулич куличём, а в ебло кирпичём. ❤️"
gmilika22,channel,Музей культуры Алтая,329,"Государственный музей истории литературы, искусства и культуры Алтая (ГМИЛИКА)  📍 Барнаул, ул. Л. Толстого, 2 ☎️ Телефоны: 50-42-43, 50-14-12,  🌐 gmilika22.ru  По вопросам и предложениям: +7 952 003-07-99"
anton_ochirov,channel,вода во всех вещах,149,anton ochirov
olrs_glagol,channel,Глагол - литературное общество,141,Творческие встречи. Проза. Поэзия. Искусство. Русская литература. Родная земля. Активная жизненная позиция
letasip,channel,Пишись оно всё пером!,69,"Степан Зозулин - писатель наизнанку; сомнения, страхи, неврозы - и их преодоление через творчество.   Поговорить о том о сём - @zozulin"
tilevig,channel,𝔈𝔳𝔦𝔤,231,
cherry9arden,channel,Вишнёвый сад | Литература,153,Место для встречи с любимыми писателями и их героями.  🍒  Для связи @rovinskayanastya
rivercine,channel,РЕЧНОЙ КИНЕМАТОГРАФ,35,"Канал посвящён не только внеигровому кино, не только дикоросской поэзии, не только искусству братьев по Аполлону."
thisroomismine,channel,The head’s cage,61,«…и да здравствует электричество человеческой мысли!» — Ф.М. Достоевский
ksanako_live,channel,всё-таки @ksana_ko,60,"потому что везде я @ksana_ko )  с самого начала интернетов.   Оксана Ковтуненко.  кошки, мысли, ситуации,  чувства, юмора  иногда.   привет)"
skobelevart,channel,Skobelevart,50,"Здравствуйте! Меня зовут Елена. Здесь делюсь творчеством художника Скобелева Станислава (мой отец), мыслями на тему творчества и инфо о выставках и событиях в мире искусства."
sova_klubsinteresom,channel,СОВА клуб с интересом ✨,15,Приветствую на канале клуба интересных и познавательных встреч! Меня зовут Дарья @DarikDance Приглашаю отдохнуть с пользой в приятной компании и уютной атмосфере ☕ Говорим об уникальных личностях в:    литературе 📜📖📚    искусстве 🎨🎼🎭    науке 💡🧬🔭
infinitena,channel,Infinite International,234,Infinite international Organization. #8OnTop
q2_halal_chat,group,Quan2um | Crypto Halal Chat,46,
q2_helal_chat,group,Quan2um | Kripto Helal Chat,17,
drevlepravoslav,group,Древлеправославна Україна,581,https://www.facebook.com/drevlepravoslav
mir_ohoty_i_rybalky,channel,"""МИР ОХОТЫ И РЫБАЛКИ"" МЕЖДУНАРОДНАЯ ВЫСТАВКА",671,Официальный канал Международной выставки «МИР Охоты и Рыбалки»📯🎣  У нас много интересного👇🏻 📍Охота и рыбалка от экспертов своего дела 📍Информация о наших участниках и партнёрах 📍И многое другое  Подписывайтесь и не пропустите грандиозное событие года☝🏻🌏
chudo_tomsk_ru,group,Обыкновенное чудо,199,
graanddd,channel,курилка гранда,25,
gdlfreedomcell,group,Guadalajara Freedom Cell,41,
infinity_rol,group,Infinity Rol,30,
thebiggestlibrary,channel,المكتبة الكبرى,4,
loadium_group,channel,Loadium | LADM GROUP,14,Dm » @loadium Грандиозное величие Loading...
genealogiya_i_cerkov_tg,channel,Генеалогия и Церковь,10,
k0rean1,group,...,2,
chpunkkk_askk,channel,команда никитоса,2330,тут я может быть часто буду разговаривать и делиться чем-то Чучи больше не будет🕊️
filatova_feel,channel,Психосоматика в жизни | Филатова Кристина,301,"Симптомы возвращаются снова и снова?  ЖКТ реагирует на стресс, голова болит постоянно, замучили кожные высыпания. Молочница и цистит.  Здесь вы поймёте почему тело так реагирует и  как его исцелить.   Начните с закрепа.   Консультация @kristafilatova"
kawaicat_life,channel,Kawaii Cat life,374,"Тут я часто буду о чём-то рассказывать, и сможем с вами часто общаться)"
lemangrazzz,channel,леманграззз,715,Рисую - красиво. Посты - часто. Заказы - беру. ПРАЙС ЛИСТ(личка) https://t.me/lemacommission
jakspwleme,channel,Данила Кашин-Ягуаров ^_#,456,"часто выебываюсь, строю из себя хуй пойми че"
hlrarm,channel,𝗛 | 𝗥 𝗔𝗥𝗠,623,"Так часто ошибался в людях,но не в музыке, сечёшь о чём я?)"
olya_se_blog,channel,меня часто спрашивают…,191,"Привет! Я Оля, рассказываю с своем канале про HR и жизнь.  Для связи: @SmirnovaEremeevaOlga Podcast: https://t.me/+MAjPjNPQzzoxYjBi"
samoetihoemesto,channel,самое тихое место,9,"во-первых, это красиво. во-вторых, все там будем.  может пора перестать табуировать эту тему? 🌱 тихое место: https://t.me/tishe_ttishe"
iamkuharuk,channel,Тихое богатство,349,"Будни fashion-эксперта Анастасии Кухарук.  Пишу о том, что меня вдохновляет: книги, бьюти, мода, искусство.  Наряжаться каждый день💔  Для связи @Itskuharuk"
usadba_blagodat,channel,"Благодать. Усадьба в Сибири. Жизнь, быт, истории, анонсы.",578,"ТИХОЕ МЕСТО ПОСРЕДИ БЕЗУМНОГО МИРА, ГДЕ МОЖНО БЕЗ ПОМЕХ УСЛЫШАТЬ СЕБЯ И ВСТРЕТИТЬСЯ с бОльшим  http://siberianblagodat.ru/pogruzhenie - погружения ""За пределами опыта""   http://siberianblagodat.ru/svidaniestabunom - свидание с ТАБУНОМ"
tihoemesto72,channel,Тихое место,234,Гостевые дома и мини ферма
tihoe_bogorodskoe,channel,Тихое Богородское,220,"Телеграмм-канал храма Тихвинской иконы Божией Матери Троицка г. Москвы Сайт: https://tihvin-hram.ru MAX: https://max.ru/join/ja9zF2T6yn-203qK-0w7oVcK7Cs_TeFTbFGYDdaMCeg Адрес: Москва, Троицк, Богородская улица, 12  Храм открыт каждый день с 9:00 до 15:00"
digitalgarde7,channel,digital hortus,170,тихое место
alexnanive,channel,Жизнь нивавода🦄,419,"Здорова 😁, ну что будем знакомиться, я саня тот самый безумный костомайзей у которого отработка вместо мозгов 😂, строю проекты на любой вкус, если тебе интересно то добро пожаловать, у меня тут ты увидешь гаражный движ, лайф, тихое семейное и кучу всего"
alexsa_arr,channel,«Тихое местечко»,160,"В этом канале, я буду выкладывать свое творчество✨ -музыку  -рисунки  -творчество (чтото по мимо артиков)  -и чтото из жизни:D"
kwa_c,channel,Ква-с,134,Тихое болотце с милыми животными
aquietboxlocation1,channel,Тихое место✨,144,
petrunchovv01,channel,"Кавалергарды, век недолог",121,Просто тихое место. Когда-то тут что-то взрывалось..
toonpoint_nufc,channel,TOON POINT | Ньюкасл Юнайтед,217,"TOON POINT — тихое место для тех, кто живёт «Ньюкаслом».  Inspired by Ragnar 🇪🇪 ( https://t.me/Ragnar_Mae_Tammert )"
black_gaboon,channel,🌌Black Gaboon🌌,195,"Тихое, ламповое местечко, где Ви публикует картиночки. И не только картиночки хе"
calmeatrepeat,channel,Тихое искусство жить,198,Когда устанешь – приходи
mille_motion,channel,Миля звучит🪐,106,"Тихое пространство о звёздах, музыке, жизни и пути души. 💫"
thecryptomamont,channel,Crypto Mamont,3801,ⓘ Channel is suspected to be a part of crypto insider organisation.  Лучший криптовалютный 𝚋𝚢 @CryptoMamont  ▪️ᴀᴅꜱ - @cryptomamonttg ▪️yt - www.youtube.com/@cryptomamont
mskevashop,group,𝙳𝚘𝚗𝚊𝚝𝚎 𝚜𝚑𝚘𝚙 𝚋𝚢 𝙼𝚜𝚔 & 𝙴𝚟𝚊,1785,
dyavolexe,channel,𓂀 𝐷𝑒𝑣𝑖𝑙 𝐵𝑢𝑚𖤍,632,𝙰𝚛𝚝𝚜 𝚊𝚗𝚍 𝚜𝚝𝚞𝚏𝚏 𝙲𝚑𝚊𝚗𝚗𝚎𝚕 𝚙𝚏𝚙 𝚋𝚢: @mivvvvka 𝙰𝚗𝚘𝚗: @DevilsAnonBot
audeblanc,channel,🐛🌼,474,ㅤㅤㅤㅤㅤㅤㅤㅤㅤㅤㅤㅤㅤㅤㅤㅤㅤㅤㅤㅤㅤ 𝚜𝚗𝚎𝚎𝚣𝚒𝚗𝚐 𝚕𝚘𝚞𝚍 @lookingpop 𝓅𝓁𝒶𝓎𝑔𝓇𝑜𝓊𝓃𝒹  𝚋𝚢 𝚝𝚑𝚎 𝚜𝚠𝚎𝚎𝚝 𝚍𝚞𝚜𝚝 🧬👁🫟
twicatly,channel,𓈒ੑ૮ཾ ꠆ 𝚃𝚆𝙸𝙲𝙰𝚃𝙻𝚈 | 𝙾𝙿𝙴𝙽 ১ིྀ̥♡,362,"𓂋     ᡴ ◜  ͡    ͡    ͡   ╮⑅つ   💬🎀   ⊹    ྀི  .  ꒰  𓏼  ◞  ˔  ◟ 𓏼  ꒱  𝓱andle 𝚋𝚢 @empenwg        ╰-   ⑅  -╯ ⸝⸝⸝⸝    ) ഒ   { wm, qr, setup }           ૮      ૮◟  _ ノと @twicatly_bot 3!"
stickerverseby,channel,࣪˖ !𝚜𝚝𝚒𝚌𝚔𝚎𝚛𝚟𝚎𝚛𝚜𝚎 𝚋𝚢 𝚌𝚎𝚛𝚢𝚍𝚛𝚊! ࣪˖ (стикеры по всем фд),424,!Ⳙⳃυⲧⲉ ⲥⲧυⲕⲉⲣ ⲡⲁⲕυ ⲡⲟ ⲭⲉⲱⲧⲉⲅⲁⲙ ⲏⲁ Ⲁⲏⲅⲗυύⲥⲕⲟⲙ!
shirsuun,channel,shirsun опять переезд,54,
realhussein98,channel,𝙷𝚞𝚜𝚜𝚎𝚒𝚗-after me,289,𝚂𝚘𝚗𝚐𝚜. 𝚃𝚑𝚘𝚞𝚐𝚑𝚝𝚜. 𝙵𝚎𝚎𝚕𝚒𝚗𝚐𝚜. 𝚂𝚒𝚕𝚎𝚗𝚌𝚎. 𝙰 𝚙𝚎𝚛𝚜𝚘𝚗𝚊𝚕 𝚊𝚛𝚌𝚑𝚒𝚟𝚎 𝚋𝚢 Abbas-Hussein. 𝚆𝚛𝚒𝚝𝚝𝚎𝚗 𝚕𝚒𝚔𝚎 𝚒𝚝 𝚠𝚊𝚜 𝚝𝚑𝚎 𝚕𝚊𝚜𝚝 𝚝𝚒𝚖𝚎. 𝘛𝘢𝘴𝘩𝘬𝘦𝘯𝘵 🇺🇿
sofikobuss,channel,Архив | 𝙳𝚛𝚊𝚠𝚒𝚗𝚐𝚜 𝚋𝚢 𝚂𝚘𝚏𝚒𝚔𝚘,158,Я художница страдающая всякой хернёй :р. В основном рисую арты по Undertale.
d2qpw9klleymzi6,channel,𝚋𝚢.𝚜𝚌𝚑𝚒𝚣𝚘𝚙𝚑𝚛𝚎𝚗𝚒𝚊,111,
malllqst,channel,РЕСТ|| ~ 𝙰𝚝 𝚑𝚘𝚖𝚎 𝚋𝚢 𝚝𝚑𝚎『𝑀𝑎𝑙𝑞𝑠𝑡』,67,
honkaitel,channel,🪼 𝐘𝗈𝗎𝗋 𝐀𝗇𝗐𝗌𝖾𝗋~,8,
art_by_coward,channel,𝚊𝚛𝚝 𝚋𝚢 𝙲𝚘𝚠𝚊𝚛𝚍,35,𝙲𝚘𝚜𝚙𝚕𝚊𝚢𝚎𝚛 𝚏𝚛𝚘𝚖 𝙺𝚑𝚎𝚛𝚜𝚘𝚗 𝙽𝚘𝚠 𝚒𝚗 𝙺𝚛𝚘𝚙𝚢𝚟𝚗𝚢𝚝𝚜𝚔𝚢𝚒 💅🏻
zeykwoncommissions,channel,𝙲𝚘𝚖𝚖𝚒𝚜𝚜𝚒𝚘𝚗𝚜 𝚋𝚢 𝚣𝚎𝚢𝚔𝚠𝚘𝚗,28,"Здесь я публикую выполненные заказы с ценами за них, а также мои заказчики оставляют отзывы на выполненную мной работу⋆˚꩜｡🫐"
sam_op6,channel,💟,8,
podaro4cu,channel,ПодарочCu,4,"Под блюром 18+ контент Автор аватарки - @leeadel_lee  здесь находятся не только подарки, но и просто любые с персонажами @Cu_tto, но авторством других людей  В коммах нельзя критиковать авторов, только восхищаться!"
antiutop,channel,к вам пришла 𝐀нтиутопия 🫵,535,Канал имени Оруэлла. Невероятное будущее наступает!
dabstepchik001,channel,а что по обзорчикам,601,"тут всегда что-то будет   Потратить один час на книгу,чтобы окунуться в невероятное✨   Вопросы и связь со мной: @kous999"
mamaa_spb,channel,Мамы Питер |Детский СПб,596,"Стать мамой и заботиться о малыше — это невероятное счастье.   Тайм-менеджмент для мамы, актуальные советы и ответы на многие вопросы касаемо жизни для вас и ваших малышей  Связь -  @Katya_admin2024  Второй канал  -  https://t.me/mamochkii_1"
aamoozande0,channel,🔥دنیای عجیب | حقایق شوکه‌کننده🔥,240,دنیایی از حقایق عجیب و دانستنی‌های شوکه‌کننده 🌍 هر روز چیزهایی که نگاهت به دنیا رو عوض می‌کنه 🤯  خوشحال میشیم با وجود شما دوستان🙏🏻 📩 برای ارسال پیام و پشتیبانی، وارد ربات شوید و پیام خود را ارسال کنید. t.me/cillianmurphy_ai_bot
mgnoveniezh,channel,Мгновения жизни,3960,"Мгновения, которые скрываются между строк. Рассказы и истории о чувствах, людях и времени, которое так стремительно ускользает. Купить рекламу: https://telega.in/c/Mgnoveniezh  По вопросам сотрудничества и размещения рекламы: @liikssii"
dudkaaaaaaaaaa,channel,Dudka style🤌🏼,149,С чистого листа…
hgfktg,channel,RAYZEN 🇹🇷,172,https://t.me/xazazazaa мои отзывы  Мой лс @Rayzen1234 Мой тт канал https://www.tiktok.com/@rayzen12246?_r=1&_t=ZS-979FB93rYzS
unastxsp,channel,꩜ unastx sp ꩜,66,space program
skiocamp,channel,Ски-О-Каникулы в Ильинском,76,
spiral_traveller,channel,Inexperienced spiral traveller,26,
nowthatsahit,channel,rare angel 😇,78,не смотри как ускользает
gogakasradze,channel,Papashultz Mugam Club,31,Happiness Not Included.
lada228_1488,channel,ᅠкрутой канал лады,26,
httpssbnkx18,channel,sbnkxxxxx🦈⛸️,31,деятель искусств 💳
coldat_merznet,channel,Руки мёрзнут,29,
usefulnext,channel,Usefulnext,1,Colorful Royalty-Free Stock Images and Animations for all your Projects. #stockphotos #stockimages #animations
pinklook_48,channel,Pinklook,833,Студия красивого взгляда 💖
golittle2lpar,channel,ТУЛПАР С ПЕРВОГО ВЗГЛЯДА,694,Тулпар — твои крылатые друзья! Давай вместе разукрасим в розовый это лето 💗  ЛИГА ФОРУМ × ТУЛПАР
ustviksa,channel,Эстетика взгляда 🖤,249,"Пространство для любителей литературы и искусства.  Выставки, театр, книги, кино и увлекательный контент о мире культуры - все это вы найдете здесь  🫶 Связь со мной - @Viksa98"
tromsh,channel,Троицкая Междисциплинарная Школа (ТМШ),417,Влюбляем в науку с первого взгляда! Научно-образовательные смены в Троицке. Чат сообщества: t.me/tromshOpen
neskusound,channel,Нескучный Саунд,10280,"Информационный канал Нескучного Саунда. Новости, объявления, анонсы и от случая к случаю ссылку на нечто полезное/интересное."
nechto221b,channel,нечто,283,"не ноунэйм, а андерграунд. 18+ пообщаться и по всем вопросам: @doctornechto аву паньтюха нарисовала🥺"
insidetoken,group,Token inside in BLUM,250,🚀 Грядет нечто особенное... 💖
oxygen_sh,channel,OXYGEN,433,"Oxygen (Оксиджен/Кислород) Мода и стиль как нечто необходимое, как воздух для самовыражения ПРИБЛИЗИТЕЛЬНЫЕ сроки доставки 15-20 дней  Наши отзывы - https://t.me/oxygen2k25"
ugaragey,channel,улицы забытых гаражей,115,
m3lluu,channel,m3llu,196,анонка: t.me/voprosy?start=i0anmpf
goosefeet,channel,Крякенство (на ремонте),26,
saand_peso0k,channel,мусорное ведро песка ༢,19,
lilianaheartsss_only,channel,Lilianaheartsss,26129,
miymiyk,channel,19191999ᥫ᭡,4156,"Ig:leokkse единственный канал. анонимка: https://t.me/askrubot?start=971513644  сотрудничество, реклама: https://t.me/miymiykkkk"
juliettelovesyou,channel,Juliette Claire,2432,"Hello babe, welcome to my channel. ❤️  Julietteclaire.com JulietteIndependent.com"
smoljessi_official,channel,Jessica Beppler Onlyfans,2419,
cecerosee,channel,Cecilia Rose 🔞 Cece Rose Onlyfans,1793,
rocketbabey_video,channel,Rocketbabey Onlyfans Viral Video Leaked Download Free,241,
hellomeimei,channel,HelloMeiMei OnlyFans,163,OnlyFans Leaks
mucizegar,channel,me,347,
dear_isabe11a,channel,⋆.˚𝗱𝗲𝗮𝗿 𝗶𝘀𝗮𝗯𝗲𝗹𝗹𝗮||🦢.,176,𝘄𝗮𝗿𝗺 𝗽𝗿𝗲𝘀𝗲𝗻𝗰𝗲 | 𝗾𝘂𝗶𝗲𝘁 𝗱𝗲𝗽𝘁𝗵 | 𝗶𝘀𝗮𝗯𝗲𝗹𝗹𝗮. -𝘀𝗶𝘁𝗲: @vio_11et587BOT.
trueleechaemin,channel,Lee Chae Min,53,own:oka(ока) start: 08.06.26 goal 100 ⓘ Не по всем обновам About me: @ReallyOka связь: @TrueChaeMinbot
ch4g1,channel,𝘮𝘦𝘭𝘰𝘥í𝘢 РЕСТ,46,...
iloveorcas,channel,"I swear, I'm really trying",32,"Фотографирую штуки pfp: @redcofu  🚩 Нытик  They / she Общая информация: https://t.me/iloveorcas/1969 Мерчик: https://vk.com/market-148832019  ⚠️ пожалуйста, указывайте авторство при репосте"
satelliteofalonelystar,channel,∞ рест || a satellite of a lonely star,102,"[ 18+ :: ни к чему не призываю, ничего не пропагандирую ] ㅤ why did you burn that letter? | r.a.b.'s version  — more : @satellitesmap"
haiiit_t,channel,Love Letters To Her,77,
bbyshidoll,channel,龍 ` shionami,80,Я Просто хочу спать
anyavsyook,channel,anya vsyo ok ?,59,
ichliebedi,channel,8,34,ft
story_of_me_and_you,channel,قصه منووو💋تووو 👫,16,
solspletenie,channel,нурия это я,76,"фотографирую, дизайню, пишу ⊹ ࣪ ˖⋆  тут — моё творческое, вдохновляющее и лайф-контент  ✮⋆˙ для связи: @nurjja"
cutoutcollage,channel,CUTOUT COLLAGE NEWS,126,Перший Український Фестиваль Сучасного Колажу CUTOUT  Новини та анонси подій
scorpiogoesmad,channel,Океан души человеческой,134,"Заметки о психологии, искусстве и жизни  для связи @dstartsevaa"
shurik_prosto,channel,ProstoShurik,54,• Коммишки открыты  • Рисую концепты по двум своим сеттингам
bulatova_ph,channel,Булатова,86,Препод о фотографии на пальцах  9 уроков о настройке камеры:   http://dominoforsure.com/fototehnika  Скринкаст моей обработки «Живой цвет»:  https://dominoforsure.com/cvet  Фотопроекты: https://dominoforsure.skillspace.ru/l/marafon
kaaatvoid,channel,KATVOID▪️,108,Про творчество и так
kompleksnoe_prodvigenie_biznesa,channel,💻КПБ💗 Комплексное Продвижение Бизнеса с холодным расчетом но с заботой о вашем бюджете,73,"Карточки Яндекс.Бизнес, Карточки для маркетплейсов, Инфографика для соцсетей, ""Бартер-шоп"", для полных нолей в онлайн-бизнесе."
creativecome,channel,КОМА,55,креативные инсайты и наблюдения
observerartroom,channel,(РЕСТ) Художническая Комедианта (16+),48,
supervanyamusic,channel,SUPERVANYAMUSIC,37,Ваня СуперМузыка
arghvan_editor,channel,ارغوان | ادیتور🦋✨,17,من ادیتور و ادمین تولید محتوا هستم🤓 در زمینه ی ادیت و تدوین ویدیو،  طراحی پست های اسلایدی و موشن گرافی و ادیت پست، کاور هایلایت ، کاور پست...  فعالیت دارم👩🏻‍💻 تمام نمونه کارها با گوشی طراحی شده🫀  راه ارتباطی در تلگرام: @M_0827
xxzxzxzzxzz,channel,Подарки от Крис 🌸,324,@Xzxzx_z владелец  @toxrtx менеджер по всем вопросам 👨‍💻
bobro123556,channel,chanell bobro,68,"ᴨо ᴨоʙоду ᴋᴀᴋой ᴧибо инɸы ᴨиᴄᴀᴛь ʙ ᴧᴄ - @Bobro_2, @ofamericaa отзывы- https://t.me/otzivibobro"
geometriyipiti,channel,Жизнь по-другому | Елена Соснина,133,"Предприниматель Продвигаю технологии российских учёных — через ценность и заботу о людях  Здесь про жизнь, смысл и новые возможности Буду рада, если вам откликнется 🤍  Связь 👉 @elenbiser ❤️"
gjx7h,channel,︎︎ ︎︎ ︎︎ ︎︎︎𝑃SICHO̶̶S1S,37,
alwarozz_ong,channel,Слияние,82,
peremena_bg,channel,Перемена без галстука,80,"Личный рабочий журнал об образовании, воспитании, управлении и проектах. Пишу, чтобы сложить мысли в систему; если откликнется — отлично."
tatanoticed,channel,Тата заметила,85,"Женщина с багажом (в смысле опыта). Жизнь петляет — я фиксирую. Тут — заметки, повороты, открытия и немного иронии. Пока не унесло. Заходите — может, откликнется.  Автор: Тата Маляр @tatamalyar"
psy_soma_1856,channel,✨Лаборатория психического»,28,"Это уютное пространство для тех, кто ищет опору в себе и в отношениях с близкими. Неважно, разбираетесь вы в психологии или нет, здесь вы найдете то, что откликнется именно Вам."
n1mg24rs,channel,results,2,
gorbushkacontentbot,bot,Предложка Горбушки,,"Здесь можно предложить что-то для канала. Воспоминания, истории, цитаты, мысли вслух. Если откликнется — появится пост."
only_phonk,channel,𝗢𝗡𝗟𝗬 𝗣𝗛𝗢𝗡𝗞,450,PHONK | Реклама: @Shxmdxk  ANGELCORE  HARDJUMP  HARDTEKK   FUNK
onlyggarch,channel,— * 𝗢𝗡𝗟𝗬 𝗚𝗚 ( द्ध ),22,"канал, в котором вы можете высказать свое ЛЮБОЕ мнение"
biji_str,channel,𝗢𝗡𝗟𝗬 𝗦𝗧𝗢𝗞 𝗕𝗜𝗝𝗜 𝗦𝗧𝗥,17,𝗥𝗘𝗔𝗟 𝗨𝗦𝗘𝗥𝗡𝗔𝗠𝗘 @OWNER_BIJI_STR
annavorona2002,channel,Vorona2002,8781,Полезная профессиональная информация.  Всё про семинары и мероприятия. Все обучающие видео  здесь: Crowstore.ru YouTube канал https://www.youtube.com/channel/UCAK6onDc5-HMVEIk6bV6scQ?view_as=subscriber Лирика тут:  https://t.me/oskolkivechnosti
rianaa102,channel,riana📿,61,
rlymomo,channel,Hirai Momo,125,Yume’s gallery for Hirai Momo lovers Anon - @yuumeqbot G - 150
ryonap1h,channel,рёна кфс,47,"рëна japane, korea, thailand p1harmony stan tt: haku_ryona soul stan"
pionone6,channel,𝗥𝗘-𝗗𝗘𝗕𝗨𝗧 > 𝗣:𝗢𝗡𝗘 <,80,tt: pion_one связь: @pion_onebot оформа: @a_qqwz
leeyy0off,channel,LEE YOOYEON | 이유연 #17.07.2026,21,"LEE YOOYEON — Рофл/ОИ артистка, дебютировавшая как рои артист 3 декабря 2024 года под крылом @rediskiofficial под крылом @pussyent"
cha1rita,channel,Chaikong Rita #SHIT,34,sushka @Sullyoonanon_bot files: t.me/filesjon info: t.me/ritainf
mayunalol,channel,маюшина,31,связь - @MAY6NA
r0aj0rnal,channel,❕๑. 𝗥0A 𝗃𝗈𝗎𝗋𝗇𝖺𝗅𝗂𝗌𝗍 . #𝗈𝗂 ( 또는 ),6,𝗂𝗄𝗈𝗇 𝗃𝗈𝗎𝗋𝗇𝖺𝗅𝗂𝗌𝗍 .   `         ·           ִ            ۫    ꒰  𝗍𝗋𝗎𝖾 𝗇𝗂𝗇𝗀𝗇𝗂𝗇𝗀 !     .  <3.  🩷 𝗂𝗇𝗍𝖾𝗋𝗏𝗂𝖾𝗐 — н𝖺𝖻𝗈𝗋 𝗈𝗍𝗄рыт 0/3 .
alnstocart_roona,channel,𝓡𝓾𝓷-𝓻𝓾𝓷~,1,
mysli_vsluh_d,channel,Мысли вслух 🖤⛓,218,"Админ: @Dasha_Ostritskaya 🦊  на каждый характер, найдётся любитель.🗝"
myslivslyx2005,channel,Мысли вслух,172,Freestyle 🤍
myslivslyhsakhalin,channel,Мысли вслух!,158,Мысли вслух: театральные читки с подростками. Организаторы:  Центр чтения https://t.me/Natalya_Petrovskaia  и Сахалинский театр кукол https://t.me/sakhteatrkukol
mysslivssluh,channel,Мысли вслух. Стихи🌺 Ольга Кобылкина,76,"Когда долго пишешь для себя, а потом понимаешь, что хочешь поделиться частичкой души.  Мечтаю, чтобы стихи обрели музыку и стали песнями 🥰 Можно пересылать и использовать мои стихотворения для своих каналов, указав автора и сделав ссылку на мой канал😉"
videogamesnevergetold,channel,у видеоигр нет срока годности,721,soul > graphics
infinitymoscowtg,channel,— INFINITY —,395,Чат: https://t.me/+9V4Wg2Hfn0U0NDNi
sillyciousse,channel,Sillyciouss_,178,Дворец БЕSSКОНЕЧН0ГО ДУРАЧЕСТВА🌈🌈
chudaikrnewala,channel,"CHUDAI ""ग्राम"" 🔥 (expose hawabaaz)",97,
infinixcoverdanceteam,channel,INFINIX,11,Cover dance team
finik13370,channel,BATISKAF | 1nfinityinst1nct,13,$nu$boy$
corsionline_infinity,channel,INFINITY - Corsi Online,9,"Impara nuove skills e aumenta le conoscenze, per raggiungere i tuoi traguardi personali e professionali."
upovaaayy_bot,bot,Бот مصلحة,,
huquqvodiysi,channel,HUQUQ VODIYSI | UMIDJON,5574,Huquq fani o'qituvchisi Umidjon Qoʻchqarovning mualliflik kanali    📍Manzil: Namangan viloyati                                       Tel: +998 (94) 0942906  Admin: @Qochqarov_Umidjon
marina_gubenkolaw,channel,Марина Ивановна,1757,"Канал Марины Губенко—преподавателя РГУП, НИУ ВШЭ.  — арбитражный процесс,   — корпоративное право,  — вещное право.  https://project12123827.tilda.ws/  Gubenkom@yandex.ru  https://vk.com/id722808884"
pravilavoronkinoi,channel,Правила Воронкиной,67,"Ирина Воронкина — стажёр коллегии адвокатов г. Москвы «Ваша защита», правозащитник.  «Чужих невиновных не бывает» — моё главное правило."
verbopromotor,channel,Você Promotor de Justiça | Verbo Juridico,106,Um canal dedicado exclusivamente a concursos para Promotor de Justiça.
modelkoni,channel,Модель уголовного суда имени А.Ф. Кони,131,
verbomagistratura,channel,Verbo Jurídico | Magistratura,85,Acesse conteúdos exclusivos para a sua preparação para concursos da Magistratura.
yuristzamira,channel,Юрист Замира,204,"ЮРИСТ | СЕМЕЙНЫЕ СПОРЫ | ГРАЖДАНСКИЕ ДЕЛА ВОЛГОГРАД   ПРЕДСТАВЛЯЮ ВАШИ ИНТЕРЕСЫ В СУДЕ ⚖️  Член ассоциации юристов  Ваш проводник права📖 Рассказываю о том, о чем многие предпочитают молчать Запись на консультацию 📲"
neshemyaka,channel,неШемяка! ИИ для юристов,93,AI Legal Tech
osetiapravo,channel,Осетия вправе,105,"Scire leges non hoc est verba earum tenere, sed vim ac potestatem"
vertas_bankr,channel,VERTAS Банкрутство,9,Інформація про торги (аукціони) в системі Прозорро.Продажі Продаж активів банкрутів
i17boy,channel,17Boy,1015,17 alone in the void💤  Instagram: https://www.instagram.com/i.17boy?igsh=MWxyYjdtNDk1OGg0ZQ%3D%3D&utm_source=qr  SoundCloud: https://on.soundcloud.com/D21ljj2KobWBFgDkSu  Spotify: https://open.spotify.com/artist/3JQH5MpulqXTbUm0TWEVdM?si=XDNpkjGhTtaRzXkj
lonelinessoffate,channel,Unf0rgettable Memory..*,227,@RitualPentagram
aloneti1,channel,"""👩🏻""",123,
zzaboy,channel,zzv6o!,218,SICKKID
m1i9ksrkpvrinmq6,group,☀️Я САМ. ЛЕТНИЙ КЛУБ☀️,33,
futuretogether,channel,Great Commoner,39,"Дерево когда растет, оно гибкое, а когда умирает, оно черствое и сухое"
up_all_night,channel,|•UP ALL NIGHT•|,58,Best At Everything 🔗♥️
one2fan,channel,One2fan,241,"One2fan – Get Closer to the Creators  Join our platform, monetize your content and grow your TikTok profile right now!  Become an independent creator and watch your income rise.  Check our website to learn more: https://one2fan.com/how"
onepremiumcoin,group,ONEPREMIUM ERC-20 Token - Chat,161,"🚀 Introducing ONEPREMIUM (OPM) – an exclusive ERC-20 token with a limited supply of just 10,000 tokens! 🎉  🎟️ Holders unlock access to exclusive products, VIP events, and partnerships with global brands. 💎"
k200mofficial,group,K200M OFFICIAL GRUP,282,K200M OFFICIAL GRUP
freevipon,channel,ONE BULLET VIP FREE,194,
onelovecomm,channel,One Love Comm,258,Ti diamo il benvenut* sul canale Telegram di One Love Communication👋  Qui troverai contenuti esclusivi per la community del gruppo Telegram.  Scopri di più su di noi qui: www.onelovecommunication.con
oneboxesports,channel,One Box eSports,177,"One Box eSports - киберспортивная команда в дисциплине «Standoff 2», состоящая из перспективных игроков СНГ региона."
onexcdt,channel,ONE-X cdt,122,мы не ставки  debut 21.01.24  youtube: https://youtube.com/@ONE-Xcdt?si=SZgkkHYu3sFBGpP3  🥉 Fire Champ summer 2024
oneroyalpt,channel,OneRoyal Portuguese,38,"OneRoyal: Invista com um corretor líder, multi-licenciado e premiado, desde 2006.  Mais de 1900 instrumentos em Forex, Ações, Commodities, Cripto, Índices, Futuros e ETFs.  Regulado pela ASIC, CySEC, VFSC & FSA."
onewaycdt,channel,oNeWay cdt.,32,cover dance team from Volgograd🎪🐉  Дебют: 10.01.26
onewe_cdt,channel,ONEWE CDT❕,22,Приветиk  Создание:30.01.26
designerontheblock,channel,Nick | Графический дизайн • Анимация • 3D,10,Сделать заказ: @TwentyOneGraphics
barf_shadii,channel,Barf shadi,254,یه فضای دوستانه طور
rouzane60,channel,روزنه...,20,اینجا روزنه ای برای نفس کشیدن من است✨🌸🍃 👈🏻کپی نه.... لطفا فوروارد🙏🏻
shotkeychill,channel,ШАТКИЙ ЧИЛ,43,музыка для отдыха
atmospheremesto,channel,Атмосферный Уголок,5,Основной канал Творцов — t.me/FzuingYPB
yourmusicplaylist,channel,Music,4,
newhope1,group,الامل الجديد,2,
christian_music01_bot,bot,music🤍,,
ahrorr98,group,9-V Legenda☆,1,
ghmcyp,channel,𝗨𝗻𝗖𝗹𝗘 | 𝗗𝟕 𓏺 𝗘𝗺𝗶𝗿𝗮𝘁𝗶↬.,4517,هتلاقي عندي كل ما يخص المجال حرفياً لي التواصل : @EM_RT2
shaghaf133,channel,شَغَف,54,شَغَف: عشقی که به دل نفوذ کرده  گویند علی میزده صد وصله به کفشش ای کاش دلِ خسته من کفش علی بود   کپی درصورت فرستادن صلوات جایز است📚  دانشجوی روانشناسی|عکاسی|تدوین|عاشق اهل بیت  ناشناس: https://t.me/HarfChatBot?start=6dc302c969a6
std2a,channel,2A студио,192,АРХИТЕКТУРА и АРХИТЕКТУРА ИНТЕРЬЕРА. История которая создает ВАШ ДОМ СЕЙЧАС  2astd.com  https://t.me/2astd  https://youtube.com/@2Astd?si=EcsgXyfnVzlxplKH  https://vk.com/2astd
stdsc,group,SPOILERS ST+Орвилл,90,
prosecco_creativo,channel,[ПРО]SEC.CO CREATIVO,652,"Резиденция дизайна с итальянским послевкусием.  PROcreativo.com  Локация: Санкт-Петербург, Почтамтская 13"
yunost_na_futbolke,channel,Юность на футболке,116,a special presentation   Личка для связи: @kid_kvlt  Letterboxd: https://boxd.it/3Ga2D
mrtprsqa,channel,вопрос/ ответ mort à paris,69,
feelflkz,channel,sympathy subtraction,43,"@feelhoshi i love football, but i am not interested in seeing football. i love basketball, but i don’t care about playing basketball, i love eating, but i am not interested in cooking yet?"
sokhranit_kak,channel,сохранить как,36,перформативная реконструкция идентичности в акте письма K•Ʞ
tutvsechetkos,channel,aywkyq,32,"в жизни главное не лениться,  захотел поспать - поспи)"
sorryimcrazy,channel,𓂀,13,@travokour
walkingdustsw,channel,Пыль шагающих катков,9539,"""Броня не любит слабых мышц"".  Канал по истории и современности бронетехники и артиллерии.  По всем вопросам @KirillKovorotniy.    Предложить материалы в публикацию можно через сообщения каналу."
writereadsleeprepeat,channel,ТЮЛЬ,448,Творчество  Юных Литераторов Ь  Предложка @writereadsleeprepeatbot  Редактор @skorlll  Админ @SEMOLU  Памятка Автора https://shorturl.at/fb92g
hygger,channel,Хюгге Хуюгге,2723,"Рефлексируем скандинавскую культуру, выкапываем забытое, сдуваем пыль с легендарного. Привет  Бусти: https://boosty.to/hygger Второй проект: @today_i_see  Реклама и связь: @hyggerbot"
awindyday,channel,A windy day in Philadelphia,845,Tell Your Friends about A Windy Day
anatomxays,channel,Анатомия Хаоса и Пыли •РнД•,198,
skaredneva,channel,Евгения Скареднева. Заметки на полях: стихи и не только.,523,Стираю пыль с пульта управления Вселенной
plain_dust,channel,Степная пыль 🌅,497,"📝 Что было, что есть и что будет. 🏜️ Хроника скифских степей. 📸 Любительская  фотография."
faustnnn,channel,"пивет, это Шерлин",138,
prodbyshpellik,channel,шпингалетская усадьба🏛,221,"не то живу, не то играю|| #театр"
proshloep,channel,Пыль вещает,282,"я не ищу правосудия, лишь хочу чтобы люди знали. прежде чем начинать гнать за что-то, прочитайте пожалуйста посты. если это не будет соблюдено, то, к сожалению, прилетит бан."
utilization_gallery,channel,пыль,202,Мастерская.
storyaboutpeople,channel,"Звёздная ""пыль""",205,Привет! Здесь мы публикуем РЕДКИЕ видео и фото. А также новости из мира шоу-бизнеса и кинематографа. Присоединяйтесь!)
staffunique,channel,Звездная пыль,178,Тайная жизнь Стафа Уникальных
budni_murlo,channel,Кристальная пыль),177,"Я живу пока не сдохну , а как сдохну досвидос. Инфо пост — https://t.me/budni_Murlo/184?single"
keroxs1n,channel,``КЕРОсин,142,
voytovayulia,channel,Выбираю себя. Проявленность и самореализациия_Юлия Войтова,348,"Блог для фрилансеров и бизнес леди. Про реализацию и доход через расслабленность и свободу в теле и голове без жёсткости к себе, страха и скованности.  Сдуваю пыль с твоего потенциала💎  ЛС: @Yulia_Voytova_psy Диплом.психолог, арт- и телесный терапевт"
dustnpowder,channel,Пыль и пудра,236,"Духи, книги и мода Промокод 10DUST  Личка - @flo_ks 18+"
teatralnii,channel,В театральный с Боровской,570,"— Собираешься в театральный ВУЗ? — Ты по адресу!  Всё о поступлении и искусстве от актрисы театра им. Е. Вахтангова, Ольги Боровской.  По всем вопросам: @olyavroli"
st_teatro_mgn,channel,TEATRO Life,440,Образцовый детский коллектив Челябинской области
teatralny_roman,channel,Адвокат об искусстве,504,"Заметки о театральных постановках Москвы и Санкт-Петербурга, живописи и литературе. Адвокат @MariyaKalinina"
teatralnnsk,channel,Театральный НСК,376,"Спектакли, фестивали, концерты в Новосибирске"
dobriyludi,channel,"Молодежный театр ""Добрые люди""🎭",424,"Сейчас о создании театра в ЕАО - это тоже о ПОЛИТИКЕ! О политике культурной, о молодежной политике! Это тоже линия фронта! За молодежь! За театр! За культуру! ✌️"
teatrtreya,channel,Театр Озарений Трейя,929,"✨Билеты в наш театр http://teatrtreya.ru/   Создаем не просто спектакли, а моменты Озарения, пробуждающие Красоту в Человеке 🌙"
teatraly_m,channel,"Театр-студия ""Мы""🐭",369,Кто Вы? -МЫ!
theatrediary,channel,всё начинается с любви!,328,современное—это настоящее.💌
verateatr,channel,Нижегородский театр «Вера»,626,"«Вера» – театр сказки! Добро пожаловать в нашу группу для тех, кто любит и посещает, а также хочет знать как можно больше о театре «Вера»."
teatralno_omsk,channel,Театрально! Омск,326,Наш сайт: teatralno.ru  VK: vk.com/teatralno.omsk  Max: https://max.ru/join/l1Zk5zzSYrs99_lXsIJOPxkfwAbpehyhJDC0l1JwCn0  Театр вне стен!
dkstroitelhanimey,channel,"Отдел ""ЦКС Пуровского района"" в п.Ханымей 🎭",122,В культуре с любовью ❤️
teatrallll10,channel,11д-общительные,302,Искусство рождается в подвале
teatralcot,channel,Конкурс-фестиваль «Театральный кот»,208,"«Театральный кот»— это уникальный конкурс, где участники могут проявить свои таланты и получить новый опыт в мире театра. Основная цель конкурса — создание доброй атмосферы между жюри и участниками, открытого диалога и обмена знаний😸  16-19 апреля, Казань"
preludetophilosophy,channel,прелюдия к философии,88,(с)еня андреева
bryansktuz,channel,Брянский театр юного зрителя,125,
tutejshy_teatr,channel,Тутэйшы Тэатр,183,"Тутэйшы тэатр ў Варшаве.  Тут можна сачыць за аднаўленнямі і афішамі спектакляў, або паразмаўляць   Сувязь з Tutejšy Teatr | Тутэйшы Тэатр: Тэлефон: +48 792507224 E-mail: tutejshyteatr@gmail.com Тэлеграм: @AssaAssaAssaAssaAssaAssa"
teatralnyroman,channel,Театральный роман,109,Меня зовут- Бирюкова Екатерина. Здесь буду рассказывать об интересных событиях в сфере культуры.
cofoundermafia,group,Find a Co-Founder,2277,🦄 120k Digital Community for Global Founders 🚀 Community Ecosystem: @unicornholding 📬 Send us a message @Yamotomo 📖 Rules/How it works: @unicornmafiarules
helpbrutal,channel,🏳️‍🌈Apollosexual ~🇦🇷🇪🇦🇬🇧🇧🇷,313,Oh I'm so fucked up and confounded. We're Sb forever.  @Nushasibbot
modestdamm,channel,шепот звезд,61,
sled_conf,channel,набор в адми | СЛЕД confession [👤🚔],33,НАШ БОТ (неанон) -  @SLEDconfa_bot по вопросам - @cicivap (влд)    #СЛЕДтейк ▫️ @SLEDconfa_bot  тихонов попал в кадр
beetlemysterynumbers,channel,[🪲] — 𐌁𐌄𐌄𐌕𐌋𐌄//АРХИВ,16,Анонка: @anggelicvoicce_bot Сетка: @CETKAthemysteryofNumbers811
kamnevvvprod,channel,kamnevvv,168,"Ранее - ISKA.PROD, Babyyoda_prod, kamnevvv #левче"
ja_ke01,channel,제이크 공지 매입채널,392,문의 @Ja_ke0I0z  제휴문의 받습니다
jolofcoin,channel,Jolofcoin,175,"🔥 Jolofcoin 2.0 (JOL) 🚀 Live Oct 4, 2025 | ERC-20 Token 💰 Trade with ease | Store in major wallets 🎉 Airdrops • Early Access • Community Power 👇 Join the movement"
joro_photo_editing,channel,JORO🎬__♨️editing_photo_📸,33,Wll__fatah_📸/0947395016/💫🤍
jamescoerosbot,bot,‌ ‌𝖩𝖺𝗆'𝗌,,💭 just text
jokercryptomemes,channel,🍀Joker & Ко : Crypto Memes🔪,1,"Joker & Ко — не компания, а банда криптодегенов.  Тут хуячат мемы, разоблачают скамы и показывают, где прячутся x100.  🔪 Репостишь — значит свой. 🍀 Молчишь — значит лох.  #Крипта #Мемкоины #JokerCrypto #CryptoMemes #Трейдинг #Аирдропы #HODL #Биткоин #Мемы"
ghoyum2003,channel,⌝غُیـوم ⌞,32,"و لَنا بينَ الغُيوم أُمنيات مُعَلقة ,"
mec0re,channel,/me/,629,купу лайна навалили мені за пазуху
viellasticker,channel,۫ ּ𝓥𝑖𝑒𝑙𝑙𝑎,2001,࣪˖ 𝕴 𝖼𝖺𝗇'𝗍 𝓛𝘰𝘴𝘦 𝗆𝗒𝗌𝖾𝗅𝖿 𝖺𝗀𝖺𝗂𝗇 @TenebrisLuna ༨ 𓂃 .  @TenebrisLunaBot  𝓗𝒆𝒍𝒑 𝐦𝐞 𝐫𝐚𝐢𝐬𝐞 𝐭𝐡𝐢𝐬 ℌ𝐞𝐚𝐫𝐭 ༨
carlwhitecandle,channel,🦌•ʚ°𝐖𝐡𝐢𝐭𝐞 𝐜𝐚𝐧𝐝𝐥𝐞◝´-🕯️,891,-`𝐂𝐚𝐥𝐥 𝐦𝐞 𝐂𝐚𝐫𝐥 !˖ ࣪⭑ - 𝐈𝐧𝐟𝐩 - 𝟐𝟏 . 💿   - 𝐈'𝐦 𝐬𝐭𝐮𝐝𝐲𝐢𝐧𝐠 𝐫𝐧  𐙚𝐖𝐚𝐧𝐧𝐚 𝐭𝐚𝐥𝐤? (فقط برای ارتباط.) -` @CarlsDoves_bot 𔓕  - @Carlstimelapse
darkdrawing0,channel,⸾𝑻𝒊𝒗𝒚 𝑵𝒐𝒊𝒓˖,671,‌‌    ‌      🕸️‌𝟐𝟐𝟏⊹˖𝐇𝐚𝐯𝐞 𝐰𝐞 𝐦𝐞𝐭 𝐛𝐞𝐟𝐨𝐫𝐞?⛓      - 𝐀 𝐥𝐚𝐳𝐲 𝐚𝐫𝐭𝐢𝐬𝐭 &  𝐥𝐚𝐰 𝐬𝐭𝐮𝐝𝐞𝐧𝐭 ⊹  𝐘𝐨𝐮 𝐜𝐚𝐧 𝐜𝐚𝐥𝐥 𝐦𝐞 ⸾𝐓𝐢𝐯𝐲⸾ @Charlotteholmesbot
informasixenomz,channel,𝐚𝐛𝐨𝐮𝐭 𝐦𝐞 #𝐱𝐞𝐧𝐨𝐦𝐳,375,"all about me, thanks for you 🥰👋 testi t.me/testiautoorderxenomz info update bot t.me/infoupdatexenomz admin : t.me/hamzzcollabies"
st1llher3,channel,˖𓍢ִ໋❀ still h͟e͟r͟e͟ ||성화,455,"𝙏𝙝𝙚 𝙬𝙖𝙮 𝙨𝙝𝙚 𝙢𝙤𝙫𝙚𝙨, 𝙬𝙞𝙡𝙙𝙛𝙞𝙧𝙚~ ⊹ ࣪ ˖🪽                            — 𝙬𝙧𝙞𝙩𝙩𝙚𝙣 𝙗𝙮 𝐏𝐚𝐫𝐤 𝐒𝐞𝐨𝐧𝐠𝐡𝐰𝐚.  • 𝐦𝐞 : @th3blackcatnero • 𝐚𝐧𝐨𝐧 : @eternalhwaa_bot • 𝐜𝐨𝐨𝐩 : @st1llher3coop"
hsrweddingcollab,channel,♡ ʜꜱʀ ᴡᴇᴅᴅɪɴɢ ᴄᴏʟʟᴀʙ ♡,231,𝐰𝐢𝐥𝐥 𝐲𝐨𝐮 𝐦𝐚𝐫𝐫𝐲 𝐦𝐞?
a_cassiopeiae,channel,Даша - ваш гид в Крыму ❤️,1738,
qayavibes,channel,QAYA vibes,76,"🧡🫂Тут вы найдете мероприятия, встречи, объединяющие молодежь QAYA. Saint Petersburg."
lastochkasmr,channel,Яхт-клуб «Ласточка»|Самара,283,"Эксклюзивная точка на карте Самары, где эстетика Волжского пейзажа сочетается со вкусом европейской кухни и желанием наслаждаться моментом.  - Ресторан - Банкетные залы до 120 человек  - Мини-отель на воде - Активный отдых: сап-серфинг, электрокатамараны."
yana_beskrovnaia,channel,Yana Beskrovnaya,254,"как дожить до 100 лет //книги, мысли и еда//   http://vechnostbook.ru"
yachting360,channel,"Яхтинг360, Парусные приключения",231,"Тут про яхтенные приключения, свободу которую дает наше увлечение, эмоции и энергию.  А еще это спорт, азарт и адреналин. И вообще, часть нашей жизни.  Приходите и приглашайте друзей.  По вопросам участия в мероприятиях и бронированию яхт @yachting_360"
sail_navigator,channel,SAIL NAVIGATOR,80,🌎 УНИКАЛЬНЫЕ ТУРЫ НА ПАРУСНЫХ ЯХТАХ ВДОЛЬ ПОБЕРЕЖЬЯ ТУРЦИИ ⛵️ АРЕНДА ПАРУСНЫХ ЯХТ И КАТАМАРАНОВ С КАПИТАНОМ  ⚓️ ОТДЫХ И ПРАЗДНИК НА ЯХТЕ ПО ДОСТУПНОЙ ЦЕНЕ 📲Для брони звони +79850274378 (старпом) 👨‍💻Пиши Telegram/WhatsApp +79787487468 (кэп)
kruiz_shamora,channel,Ресторан Круиз,34,⛴ресторан у моря 👼🏼детская комната с няней ⛴три этажа с панорамным видом на пляж  ⛴терраса 🍽8(423)246-87-64
guidesea,channel,Гид Приморья,3,
amail_2r,channel,آمال |مَساحةُ آمِنَة .,227,مَثلما قال كافكا، تسَتطيُع كلمَاتي أن تتجرُد أمامُكَ تمامًا، كمَا لا يمُكن لها أن تفعَلُ مع غيُرك .  يمكنك إن تعبر لآمال عن ما تودهُ، من خلال  @M887d38cd1e169BOT
nadayahya482,channel,父صوت الہهموم父,6,
justmeeeeeeeeew,channel,justme,157,lifestyle 🤍  spb & rostov-on-don  hse spb медиаком’29  owner - @nastyaaa_ka
justhumor,channel,Just Humor,5667,💯 𝗝𝘂𝘀𝘁 𝗛𝘂𝗺𝗼𝗿 𝗰𝗵𝗮𝗻𝗻𝗲𝗹 https://t.me/+P6T3vPTxMNiS71RZ  По рекламе писать: @NED0908
justmiao,channel,Moscow Diary 🤍,408,"Канал Александры @justmiao об архитектуре, фотографии, искусстве и прекрасном."
justmoveon,channel,MOVE ON?,629,Terima kasih untuk semuanya. Untuk semuanya yang mengata dan kutuk belakang aku.   Terima kasih.
justmood1,channel,#justmood,360,по вопросам сотрудничества  t.me/ruzik_ruz
yoredance,channel,yore.,223,cover dance group from Ekaterinburg date of creation - 21/11/2024 debut - 15/03/2025 creator - @onlymonke  yore – time past (especially long past). yore = youth obsessed rabid energy.  yore = your.
mirage_kazan,channel,ГРК «Мираж» | Казань,795,"ГРК «Мираж» расположен в историческом центре города Казань, ул. Московская, 5✨  Отель «Мираж»: +7 (843) 278-05-05 Ресторан «Milli»: +7 (987) 238-07-07 Ресторан «Pivovar»: +7 (927) 464-07-07"
annafabersamples,channel,ANNA FABER SAMPLES,660,
misaangel07,channel,˗ˏˋ Миса Ангел ‌᭡࿔𝅄 ۫ 𖹭,672,! >w0  。 чат ー https://t.me/+5UUSdcZlCR0zYTc6 。 лс - @MisaAngel888 。 инфо ー @infomisaangel 。анонー t.me/anonaskbot?start=misaangel 。 лайф ー https://t.me/+pIvb7p9ME5A4MmIy
bac2027inchalah,channel,Bac2027 دُفْعَــــة طُلاَب🥼👩🏻‍🎓👨🏽‍🎓,381,Bac 2027..⏳ قناة ترافقك نحو الامتياز في شهادة البكالوريا✨  مرحبا بكم في قناة جزائرية 🇩🇿  هدفنا اسعادكم❤ و جعل طريقكم مليئ بالنجاحات💦  نسأل الله التوفيق و النجاح لنا و لك🤲
mikiwear,channel,MIKI,164,"Это ты, но громче Менеджер: @ksushavampp Отзывы: https://t.me/FeedbackMIKII"
mn_689,channel,النَّـبَـأْ||١٤٣٠هـ .,160,‏(وَأَن لَّيْسَ لِلإِنسَانِ إِلاَّ مَا سَعَى). استغفر الله العظيم واتوب اليه ❣️.
m_m7_12_2003,channel,مـــيـم💙,63,أنسان يحيى على يقين بأن رحمة الله أوسع من متاعب الحياة💙☁  💙.  @Ph_mem7  @maimahmbot
pocrovskiy,channel,Покровский,5262,Основа - t.me/pocrovi  boosty.to/pocrov Для связи: @ivan_mingaz
poshlusttt,channel,posh lust,2034,chronically online: @dissolvation
krasnopolskiye,channel,Милослава Краснопольская,1263,
ovsyanayakashaaa,channel,M(k)ASHA,447,активничаю не только здесь   вк: https://vk.com/kasha.s.imenem.masha  инст: mkasha._
eivin_drs_bot,bot,KOSUMOV.,,
fyrtryr_bot,bot,Анонка хофсы,,
nummynummy_bot,bot,ням ням,,🐣
konchyxaxa_bot,bot,Софа,,
phamsetbot,bot,Dasha,,
hosnasunknownbot,bot,Hosna’s Unknown,,My Chanel : @hosnasdiary
maybeinau_bot,bot,Ꮻᴋнᴏ ʙ дᴩуᴦую ʙᴄᴇᴧᴇнную,,
drakolvr_bot,bot,⃟Dracophilia .,,t.me/drakokiss
imhuman2bot,bot,Vision (・o・),,o(〃＾▽＾〃)o
imbess_bot,bot,Ksusha🐰,,
soniakreedixx,channel,𝑆𝑜𝑛𝑖𝑎𝑘𝑟𝑒𝑒𝑑𝑖𝑥𝑥 ❀🤍,67,"~В ʙᥲɯᥱᥔ нᥱᥙдᥱᥲ᧘ьн᧐ᥴᴛᥙ, κᥲκ ρᥲɜ ᥙ ɜᥲκ᧘ючᥲᥱᴛᥴя ʙᥲɯᥲ ᥙдᥱᥲ᧘ьн᧐ᥴᴛь~🖤 ⳅᥲ᥈ᥱⲧᥲύ ⲃ ɥᥲⲧ: https://t.me/ChatEgorkrig ᥲⲏ𐔖ⲏ: @Soniakreedixxbot ⳝ𐔤ᥴⲧ :/t.me/boost/soniakreedixx ⲙᥱⲏᥱⲇⲿᥱρ: @sef_fd 07.27.25🖤🫶"
woonmyungzbnd,channel,.𖥔 ݁ ˖ bound by 운명z,39,🤍
sun_a_o,channel,РЕСТ • sunao || сунао ೀ,25,07.02.2026  Info post: https://t.me/sun_a_o/6  boost: https://t.me/boost/sun_a_o
johnwoohyang,channel,johnwoo hyang (향),32,love johnwoo !!  향 coop ;; @coopdonya 향 anon ;;
wndlif3,channel,временно частный,1,
club004,channel,004.RU,53,"Магазин бытовой техники и электроники.  Мы ближе, чем ты думаешь Доставка. Гарантия. Рассрочка под 0%   📲 8 (861) 240-8-004"
poluavtobia,channel,ПОЛУАВТОБИЯ,55858,Глав. ред. (основатель): @lanel_rich Реклама: @showmefivesix Администратор: @showmefivesix По пустякам не беспокоить!  Обсудить в чате 👉 https://t.me/PoluavtobiaChat
metodpolianny,channel,Метод Поллианны,57,Зарисовки из жизни. Моей (Клочковой Евгении @janeschklo) и других замечательных людей😊. Ищем свои эндорфины в любой ситуации.👌😉
polotna_by,channel,Полотна,33,Здесь собраны главные новости и актуальная информация по текущей ситуации из разных источников по проверенным❗️ссылкам. Полотна выходят в самом конце дня. В тексте каждой ссылки содержится основная информация по ней. @polotna_bot
psy_polynkova,channel,Полынкова здесь и сейчас,154,Психолог. Специалист по пищевому и зависимому поведению. Помогаю людям жить трезвую жизнь и ставить себя и свои потребности на первое место.  Подкаст: видео https://t.me/polynkova_video аудио https://t.me/polynkova_audio  Запись на консультацию @polynkova
radioshlak,channel,RAÐIØ$CØB$,90,"Телеграм канал нашей группы, где мы будем выкладывать информацию про новые релизы и приколдесы из жизни участников нашего коллектива."
pollysworld17,channel,pollyэтилен,54,
itstemari,channel,Логово Темари,30084,Обычный канал по Майнкрафту Бедрок 🦦  По рекламе: @mio00k   @Mannakww @AbdullaKZ
bocem8,channel,S8CA.KX20U.44HSD,375,q @sei754
strategprotocol,group,Leave this group,292,
obyvatel52,channel,Обычный Z Обыватель 🇷🇺,442,"Мнение Обычного Обывателя о жизни нашей страны, стран ближнего и дальнего зарубежья, простых людей, немного юмора. Обсуждаем все что беспокоит...   Наш чат: @obyvatel_chat  Для связи: @OBYVATEL52_bot"
obblchnbli_stile,channel,ОБЫЧНЫЙ,146,"Проведу экскурсию о вас, найду историю, по которой создам вам образ ↓ Личный блог автора одежды «Обычный»."
prophecyproject,group,OLD OLD OLD OLD OLD OLD,141,OLD OLD OLD OLD OLD OLD OLD OLD OLD OLD OLD OLD OLD OLD OLD OLD OLD OLD
bozrojdenie,channel,NN - обычный лис Аниматор,293,"Да это же тот самый аниматор, который был у пандекса, а еще уже 3 год не может выпустить мульт Лисья предложка- @Lisiu_bot +16 По поводу рекламы и заказов анимации/артов: @fight650  Мой ютуб канал: https://youtube.com/@Obuchnuu_Lus_net?si=TSI3yqMRv4P3-0fr"
nikimade_day,channel,Обычный день,114,"@niki_sandra  Сын Лукьян (3,4) Казань  🗝️"
akudao3d,channel,✨Акудао ✨,257,"Обычный человек, который просто хочет быть счастливым  Портфолио – https://www.artstation.com/akudao"
teichmelart,channel,teichmel • art,148,"Я просто обычный фандом-художник, господа"
mc_andruha,channel,Цитадель Безумия🤯,115,Обычный канал обычного человека
toffeiclub,channel,🐻toffei club🤠[no name],189,Обычный тгк-обычного человека + пары админов💖 Что-то типа 🌷blog🌷 Ноунейм
dbult,channel,Default,211,очередной обычный канал какого-то добряка из чатиков  Альфа/смарт(и не очень) мувы от @brogm
avtorlink_bot,bot,Avtor Link | Получение скриптов,10192,🤖Бот для получения скриптов и контента с популярных каналов 🖥️РЕКЛАМА: @AvtorManager
maaaaaaayyyyylol,channel,"Кошка на рассвете даст мне любви, а (Мяу!)",434,i<3u
coda1905,channel,КОДА на Рассвете,270,"Кофе, винил, книги на Столярном, 3к8.  С 10 до 19, пн-пятница  Для связи — @oi_marina"
murrassvet,channel,mür на рассвете,188,Рыбный ресторан на Рассвете  12:00-00:00  Столярный переулок 3к16  сайт: http://mur.fish/ маршрут: https://clck.ru/3Qfk5x inst: https://www.instagram.com/mur.rassvet
zakatiki_rassvetiki,channel,10000 закатов и рассветов,266,Самые красивые закаты и рассветы. Фото и видео только от авторов и подписчиков канала.   Линк для публикации ваших снимков: https://t.me/+kjCW4Yqrz0o4Mzc0  To post your pictures: https://t.me/+kjCW4Yqrz0o4Mzc0
k_sup_rassvet,channel,Канал Встречаемся на рассвете🏄🏻🏄🏻‍♂️ САП Хабаровск,198,"Встречаем рассветы, провожаем закаты.  Сплавы с детьми.  г. Хабаровск  Все сплавы организуются участниками группы БЕСПЛАТНО!  По вопросам сотрудничества: @Rudenkova_Tatyana"
babysitiii,channel,nikabuster🫦,165,#моилюдивсегдасомной
eto3akat,channel,Закат моей жизни,23,Фотографирую закаты для успокоения души
henrydoll,channel,Rott Dołł,61,"Угараю по своему творчеству, желаю вам развлечения.  Подростковый максимализм в рассвете сил.  Щп https://t.me/+HCjyIilgiHFjN2Vi"
dead1soul,channel,;; круассан с вишней,43,"и снова в окно светят лучи солнца, пока я в одиночестве попиваю крепкий кофе на рассвете."
augustatsunrise,channel,Август в рассвете,34,
secretplacesmsk,channel,Hidden Places — Необычные Экскурсии,667,"Исследуем скрытые уголки Москвы: уникальные бары, неочевидные локации и интересные истории. Узнайте столицу с новой, неизведанной стороны.  Заказ экскурсий по необычным местам @Hidden_Places  Присоединяйтесь к путешествию по необычным местам Москвы!"
xyecoc,channel,"xyecoc.com — Больше, чем почта",1235,"Почтовый сервис с необычным доменом. Новости, обновления и важные анонсы.  〰️ Что в канале: • Новости и обновления сервиса. • Планы и детали развития. • Ответы на вопросы.  Обратная связь: hello@xyecoc.com Версия обновления: v.1.1.3-beta.1 ⚡️"
autumnwine,channel,Осеннее вино,734,"Канал посвящён десертным, креплёным и другим необычным винам. Автор @anokhinp  Дзен: https://zen.yandex.ru/id/5bb9ef69f538c600b2d14864  Группа в FB: https://www.facebook.com/groups/autumnwine/"
tmtkosi,channel,В поисках прекрасного,305,"""Галерея впечатлений - путешествие по искусству и необычным местам""."
zvukisveta,channel,Звук Света,557,"Современный музыкальный проект с необычным взглядом на музыку, объединивший опытных музыкантов для поиска Звука Света! Зеркало культурной и эстетической потребности эпохи уйти от рефлексии и найти новые Смыслы и Звуки.  Сайт: https://zvuksveta.ru/"
homefluffy,channel,Fluffy Home,400,"Добро пожаловать в канал посвященный самым необычным домашним животным🦊🐺🐱 Наш чат: @A_Fluffy_Home  У нас живут: Лисы, Песцы, Енотовидные собаки,  Саванны, Каракалы, Чаузи, Сервалы, Геннеты."
irrealcube,channel,Irreal Cube Studios,571,"Официальный канал студии-разработчика видеоигр Irreal Cube Studios  По всем вопросам пишите на marketing@irrealcubestudios.com  Наш сайт, который возвращает в 1998-й  https://irrealcubestudios.com"
nadia_kokoliya,channel,Nadia Kokoliya blog,420,"https://nadiakokoliya.com Direct:  @kokoliya_nadia  Business coach  Psychologist  Trainer   Я работаю там, где глубина встречает ясность. Где терапия возвращает целостность, а коучинг — движение."
arenda_domvrn,channel,ДЕРЕВНИНГ в Пекшево,269,Деревнинг-новый вид отдых в Воронеже❤️  Город забирает энергию — деревня возвращает 🌲 Подборка уютных домов для отдыха на природе Свободные даты и бронирование внутри канала
olga_khristoforova_psy_channel,channel,"Ольга_Христофорова_психолог | Экспертка, которой доверяют",312,"Женщина, которая возвращает женщину к себе — Психолог | Сексолог | Семейный терапевт — Восстанавливаю тело, либидо и самоценность — После измен, кризисов и потери себя 📍Ты можешь снова хотеть. Чувствовать. Жить. ❤️Запись в Директ"
cephirluv,channel,cephíry,135,📄 : @cephiry_bot  . t.me/boost/cephirluv
cartongroup,channel,Carton group,205,"Архитектура смыслов: проектируем ресурсное пространство под ключ, которое возвращает легкость и стабильность   ☎️ +7 910•465•43•76 https://agcarton.com"
opora_psychologist,channel,ОПОРА. Когда не справляешься 🌱⚓️🧠🛞🔆🌳,255,"Канал для тех, кто потерялся. В кризисе, в сложных обстоятельствах, в жизни «на бегу». Здесь психология, которая возвращает опоры внутри и учит жить по-своему: честно, тепло и глубоко. С собой как дома!"
fanteskacomehere,channel,fanteska - song of god.,17,"великая вернулась, боже"
profdeformdis,channel,ПРОФдеформ - из дизайнера в эксперты.,119,"Делаешь красиво, но типография постоянно возвращает твои макеты? Подписывайся. Расскажу, как правильно."
imprezzzzzzz,channel,imprez,215,Artem  ID:39641841🇷🇺 18 years связь: @impreznn vk.page👇🏻 vk.com/imprezzzzz
infosonyatko,channel,TeaWithMilkoholic,114,"Люблю участвовать в интерактивах, если вы ещё не поняли🩵  Ваши резы —> https://t.me/resultsotsonpee"
snowboard52,channel,Школа Сноуборда Нижний Новгород,203,"🏂 Мы команда профессиональных тренеров и педагогов, обучаем катанию и фристайлу на сноуборде зимой и летом.  ➡️ К вашим услугам все передовые технологии:  ✅снежный склон  ✅батутный парк ✅снегозаменяющее покрытие ✅огромная надувная подушка ✅секция джибинга"
bitva_nn,channel,Битва в Нижнем Новгороде,262,
drum_killah,channel,ndls404,561,Band.link/ndls404
copp_neftegaz,channel,ЦОПП нефтегазового профиля,81,"Центр опережающей профессиональной подготовки нефтегазового профиля ЯНАО - агрегатор ресурсов округа для профессиональной ориентации, ускоренного профессионального обучения, подготовки, переподготовки, повышения квалификации всех категорий граждан"
jlinaf,channel,🐾𝖏𝖚𝖚𝖚𝖑𝖑𝖋 🐾,23,don't kill my vibe
nauchfanpro,channel,"ООО ""Научфанпром""",3,"Приборы лущильщика, влагомер шпона ВЛШ-15А, электронный угломер УПЛ-180Ц, механический угломер с нониусом УПЛ-018"
t788tcom,channel,🇧🇷788T.com🇧🇷-Canal Oficial ®,10007,
jom178official,channel,JOM178 OFFICIAL CHANNEL,3978,Welcome To 𝐉𝐎𝐌𝟏𝟕𝟖 𝐎𝐅𝐅𝐈𝐂𝐈𝐀𝐋 𝐂𝐇𝐀𝐍𝐍𝐄𝐋 !
liwuju,channel,礼物局,2,
ap_capuch,channel,капуч на овсяном,305,"путешествую по кофейням, много читаю и делюсь здесь всем самым интересным   тг: @apanaran Inst: a.panaran"
grauoff,channel,Grau🫧,1188,"Сап гайсе, рисую, также я капельку music creator. Люблю всеха💕💕🦶🏻 Анонка t.me/anonaskbot?start=Grau___"
viardaniya,channel,Виктория Вардания | Про жизнь,682,"🍀 Любите свой продукт и гордитесь! 🍀 Создаем полезные корпоративные подарки 🎁  Амбассадор компании SADHU_OPT,  COLLA GEN Связь: @vik_vardaniya"
uchilka_v_kapushone,channel,Училка в капюшоне,159,Вымышленный персонаж
skotelnikova,channel,Саша Сихтин,156,"Стример, ютубир чут чут, немножко лайф блогер, дизайнер, капельку фотограф и самую малость киборг   Все полезные ссылки (соц.сети, бусти, важные посты): https://t.me/skotelnikova/2720  Мой магазин: https://t.me/lavkakotelka  Сотрудничество @paindotaa"
poyushiyole,channel,Поющий Оле,1546,"Занятия иврита через песни. Профессиональный музыкант Helena Gaon-педагог с большим опытом. Слышим иврит, повторяем и легко запоминаем! По вопросам сотрудничества и рекламы https://t.me/Helena_Gaon"
pop_poy2,channel,ℍ𝔸ℝℙ𝕐 𝔼𝔸𝔾𝕃𝔼 ²,145,Owner @Konlabubu   Admin @ 📌 all acc one login no refunds
poystg,channel,Patrols of your soul,549,"В основном фд артер. Активно рисую сейчас по: Винкс, Зайчик, Клуб Романтики Коммишны открыты, пишите в личку @VaasyaPoys"
possumtime,channel,POSSUM TIME,820,Possums uwu  Admin: @oohwooh (feel free to dm me submissions or if you want me to boost your gfm/other mutual aid)
poxyu_midiks,group,чат MiDix,482,По всем вопросам @MiDiX_ks Разбан в чате - 5к Разбан в тгк - 15к
poyda_z,channel,Дмитрий_Z_Пойда,180,"Журналист, политический обозреватель. Сопредседатель Харьковского общественного Совета"
ponyo_with_i,channel,•پونیو•,275,وارث روح آزادی اینجا کُلبه بود!
poyon7,channel,poyon,94,
ponoy_so_mnoy,channel,«ПоНой» со мной,42,"Здесь можно ныть и ругаться, материться и размазывать сопли. Здесь можно все, за что в обычной жизни говорят:  «Тебе нельзя, ты же сильная девочка»   Здесь можно быть плохой и слабой! Нойте на здоровье🥲  Ссылка на чат 👇 https://t.me/+nkiWtjhZ8vZmN2E6"
poyurukami,channel,Их песни - моими руками,61,РЖЯ и музыка
poyushie,channel,Поющие люди🎤Женя Холодок,54,"Мой канал про ГОЛОС, про ВОКАЛ, про самовыражение через звучание. Я  Женя Холодок! Певица, автор-испонитель, педагог по эстрадно- джазовому вокалу, практик Интегративной Голосовой Терапии!"
theaftertimes,channel,The After Times,16804,Мемы и IT. С 06.11.2016 года делаем жизнь чуточку веселее.  Купить рекламу: https://telega.in/c/theaftertimes По всем вопросам -> @aftertime Статистика: https://telemetr.me/content/theaftertimes https://tgstat.ru/channel/@theaftertimes
kknockoutmom,channel,иви: mood♡,559,"Сама пошучу — сама посмеюсь, расскажу о любимых баночках, покажу красивые места Петербурга, распакую новые шмотки и просто поделюсь своей жизнью 🧿  Связаться со мной @knockoutmom <3"
bars20_krd,channel,Отряд имени святого Ильи Муромца БАРС-20,912,Официальный канал БАРС-20 🇷🇺🔥 Только свежие новости🚀 Немного политики 🔥 И чуточку юмора🤌 Связь @bars_20_krd
castelul_bran,channel,Castelul Bran,375,Входите свободно и оставьте чуточку своего счастья...
svnteen1,channel,svnteen,340,квинтэссенция остроумия и страданий *страданий чуточку больше
nastya_livetmn,channel,Настя | Обзоры | Худею | Тюмень❤️,3555,Дышу полной грудью похудение на седжаро✨🕊️ и ещё немного экономлю тут👇 https://telega.in/c/skidki_next
nastyamizgir,channel,Анастасия Мизгир,7740,
onewomanpoetry,channel,"Be bae, do rhymes | Ольга Влáсенко",645,"〰️ Писательница, фанфикшн-энтузиастка 〰️ «Щучьи сплетни» https://alpinabook.ru/catalog/book-shchuchi-spletni/ 〰️ Авторка «Птицы»  💬 Анонимка: @PtitsaReadingBot 💬 Для связи: @olgabowtie  18+, в канале мелькают мат и приколы"
tanypoetry,channel,"Таня Донгузова | актриса, чтец, поэт",180,Канал про речь и выступления
buryanpoetry,channel,Оле Лукоївна,228,Олександра Хопта  Поетична сторінка в інсті https://instagram.com/buryanpoetry  Тікток з косплей-декламаціями https://www.tiktok.com/@buryan_poetry?_t=8iifhzvq6cf&_r=1
poetry_of_m1ne,channel,Перо Нахимовой,187,"☆ ~° Елизавета Александровна Нахимова ☆ ~° 3 октября 2008, Москва ☆ ~° Творчество, общение, фотографии, жизнь, музыка ☆ ~° Православный символизм ☆ ~° Рекламные/интерактивные посты на 1-2 суток (см. информационный табель)  🤖🚫 No AI used"
askpoetry,channel,Культура Кравцова,113,Канал поэта и ведущего Алексея Кравцова. Авторские стихи и мысли о культуре.  Проекты:  🦅Поэтический клуб «Птицы» 🗝️ «Здесь и сейчас» 🎙️Свободный микрофон  📝Поэтическая атмасфера
dgpoetry,channel,Дмитрий Гаранин: стихи и мысли,54,"Здесь стихи и прочие тексты. Если автор не указан, то это я, Дмитрий Гаранин"
textmuzzem,channel,З Сарсадских,43,"Чтения, Слэмы, да что."
belpoetry,channel,беларуская паэзія,58,паэзія й толькі паэзія
althaqafia,channel,عصائب اهل الحق - الشؤون الثقافية,2060,
althoax,channel,althoax,852,Лс - @altrage
altha5hbat,channel,مَا فِيَّ,174,••إنّهُ عالمي الصَغير . . هُنا تُشبهني أشيائي 🩵✨️
althatters,channel,Шляпник изредка косплеит,157,Это просто канал о моих косплеях и немного о жизни
taktpraha,group,TAKT space,270,
althaayirr,channel,الثّـ𓂆ـائِرْ 🥷🏼🔻.,111,وَما ماتَ مَن أَبقى ثَأرَهُ حَيّا    وَلا عاشَ مَن ضَيَّعَ الحَقَّ وَالدِّما💚🔻 بوت القناة : @althaayirr_bot
official_code_7,channel,۝ ℂ 𝕆 𝔻 𝔼 : 𝟟 ⁠۝,163,𝑺𝒊𝒍𝒆𝒏𝒄𝒆...   📫 Hidden chat...  http://t.me/HidenChat_Bot?start=151772527  🔖 Boost:  https://t.me/boost/official_code_7
althaus_spa,channel,АЛЬТХАУС СПА | Москва,106,"За красотой к нам! Массаж, ногтевой сервис, парикмахерский зал, косметология. Актуальные предложения, жизнь салона, свободные окна, скидки для своих"
kger7net,group,KGER7,72,
miloslavskaya_ks,channel,Этичные продажи,660,"Бизнес психолог   Помогаю предпринимателям в условиях неопределенности и кризиса. Выйти из точки усталости и перегруза, снизить тревогу, обрести ясность и выстроить бизнес, который приносит прибыль, а не выжигает."
private_jewelry_collection,channel,Частъная Коллекция,109,"Ювелирные галереи  «Частъная Коллекция»  📳Контакт для связи @orlova_zakharova   ✨Редкие камни 💍Вальсирующие бриллианты  ✨Итальянское серебро   Адрес галереи: 📍Цвиллинга, 44 🛜https://private-jwl.ru/"
tyekb196,channel,Девичники Екатеринбург,410,🌸 Душевные девичники и встречи 🎨 Творческие мастер-классы 🕊 Погружения и практики. Ретриты. Буду счастлива видеть ваши предложения и пожелания в комментариях или личных сообщениях. @uniqueEKB Давайте создавать наши события вместе! ❤️
novo7elovaplssize,channel,NOVO7ELOVA | СТИЛИСТ MIDDLE&PLUS SIZE,610,"▪️ Instagram @novo7elova  ▪️Обзоры брендов с размером +  ▪️Переодела более 400 девушек с формами и тебе помогу 🤝  ▪️Шопинги, разбор гардероба  ▪️Находки, полезности  ▪️По работе/сотрудничеству пишите в TG: @enovo7elova"
elviramoiseeva,channel,Бережно и эффективно | психолог Эльвира Моисеева,194,"Семейный психолог, супружеский терапевт, психолог-сексолог, сертифицированный КПТ-терапевт, ведущая групп, спикер и преподаватель. Опыт с 2008г.  О профессиональном и личном.  Написать лично ⤵️ @moiseeva_psy"
egorenkova_ru,channel,По привычке ◦ Психология КПТ,253,"ПРИВЫЧКИ И ПОТРЕБНОСТИ  Автор канала ✨ Юлия Егоренкова, анти ➛ кризисный психолог КПТ  ➛ сайт https://egorenkova.ru/   Записаться на консультацию ➛ @egorenkova  Супервизионная группа КПТ - вступить по завпросу в лс."
eternal_flowers_bv,channel,ЦВЕТЫ . St,412,"Ариана. Флорист с душой | Стабилизированные цветы🌸  Что это? Настоящие живые цветы, которые проходят особую обработку. Результат — они остаются идеальными 3-5 лет и более без полива и солнечного света! Никакой пыльцы, только чистая красота ! 📍Уссурийск"
ecologymusic,channel,@ecologymusic/kapadzong,248,"Дорогие друзья фонда, нынешние и будущие, именно сейчас для нас открыто множество возможностей для созидания нового, для светлого и творческого осмысления нашей Российской действительности, для помощи и поддержки людям. Написать Президенту @vezdehott"
kabinet_psyholog,channel,Кабинет психолога 18+,106,"Краткосрочная семейная и индивидуальная терапия для тех, кто хочет жить в удовольствие. Научно-доказательные методы  Семейный и сексотерапевт, КПТ-терапевт, PWS мастер  Емельянова Ольга https://t.me/nycwdc  https://psychologist-emelyanova-olga.ru"
candelosobyy,channel,Надежда | ОСОБЫЙ УЮТ,57,"Привет, я Надежда 🤍 Делаю ароматические свечи и декор вручную - с любовью и вниманием к деталям. Здесь - идеи для подарков, вдохновение и любимые ароматы. Заказы, просьбы, пожелания - в чат канала 💬"
etnikaphotostudio,channel,ЭТНИКА l Cтудия автопортрета,30,"Студия автопортрета в Москве Только вы, камера, зеркало и пульт Место, где просто быть собой 🧑‍💻: https://etnika-studio.ru 📷: @etnikaphotostudio 📞: +7 999 846 54 11 (Tg, WhatsApp, Max)"
luxuryuu2,channel,𝐋𝐔𝐗𝐔𝐑𝐘 𝟐.𝟎 | 𝐱𝐱.𝟎𝟕.𝟐𝟎𝟐𝟔,110,"На нашей вечеринке ты сможешь получить максимальное удовольствие от музыки и атмосферы вокруг, которой тебе так не хватало.  Здесь ты забудешь о своих проблемах и полностью погрузишься в нашу особую атмосферу."
chanalslezdysh,channel,Слёзы Души,67,"О восстановлении психического здоровья, ТАЙНАХ развития психики и общения. Спикер канала:  Богатова Елена @Elena_Bogatstvo Ссылка для друзей https://t.me/+a7N17czTiRsyY2Yy"
mywatchru,channel,MyWatch,10391,"Все о часах - о сложных механизмах и красивых вещах.  Канал журнала ""Мои часы"" www.MyWatch.ru https://vk.com/mywatchmag https://dzen.ru/mywatch https://rutube.ru/channel/23798942/ https://boosty.to/m1971 Регистрация в РКН 5229617019"
myonlysol8,channel,утешение? 🔒,49,записная книжка велась с 25 февраля по 28 июня 2026 года. все самое важное в закреплённом посте.  ©kiiikiiibbl ©leesolchive
heavenlywatch,channel,Небесный дозор,15,
primeonlyfansfree,channel,Prime Onlyfans free,18,Videos Premium free: https://primeporn1.com/
myonlybucks,channel,My Only Bucks,3,
only_pay,bot,ONLY | P2P,,Канал: @p2pru Комьюнити: @forum_by_only
levisaipha,channel,Levis Calls,32348,"Welcome to my trading journal.  Disclaimer: Anything I share here is not financial advice, always do your own research. All content should be viewed as paid promotion.  Owner: @P_rof_eth"
levin_synagogue,channel,Levin's homeless shelter,10,Фонд для помощи бездомным Г.Саппоро
knyazevleonid,channel,Леонид Князев,1780,https://youtube.com/c/LifeisGameTV
vluxlevin,channel,Lev's cosplaying,386,Levin he/him 22 Mostly golden kamuy cosplays 👍 Buy me a coffee~  https://daramet.com/vluxlevin  Msg me here : https://t.me/HarfBeManBOT?start=HBM12697541
wesrang,channel,Mayo’s,158,
playlibrary,channel,PLAY:RENT LIBRARY,15,
elumiti2024,channel,EL UMITI CUP 2026,789,Оқушылар арасындағы ұлттық пікірсайыс гранд турнирі  Онлайн іріктеу күндері: 22-23 тамыз
kebuntehgirl69,channel,📍 Kebun Teh 💋YYDS夜夜都市👉👌💦,329,
studykitet,channel,StudyKit ET,13,🇪🇹 StudyKit ET — ለኢትዮጵያ ዩኒቨርሲቲ ተማሪዎች  An AI-powered study app where you upload your materials and get: 📚 Organized study kits 🤖 AI tutor on YOUR notes 🃏 Flashcards & quizzes 📊 Progress tracking
enot_style_search,channel,"ЕНОТ | есть, что надеть",18,"Поиск одежды, аксессуаров и украшений  https://enot.style/"
systemet7,channel,System-ET,4,System-ET🇪🇹 💻 Code • Learn • Build 🚀 Ethiopia’s growing developer community 🎯 Tech tips | 💡 Learning | 🌐 Web & A
ethio_neshida_bot,bot,Ethio Neshida & Menzuma™,,የ Ethio Neshida & Menzuma  አባል ስለሆኑ እናመሰግናለን 😍 ወደ ቴሌግራም ቻናላችን ለመቀላቀል 👇 https://t.me/joinchat/AAAAAFIm4_IuVzUnR8hDGA
shagzhitarovvp,channel,Валерий Шагжитаров,463,
freedom_bjj,channel,FREEDOM // BJJ & GRAPPLING,93,"Адрес зала: ул.Бестужевская, д.10 БЦ «БЕСТУЖЕВСКИЙ ДВОР», 2 этаж (Калининский район)  В клубе занимаются дети от 4 лет и взрослые. Занятия подойдут как начинающим, так и опытным спортсменам.   Запись: +7 (999) 514-96-02 – тренер Руслан."
studymrcpi_mrcpi_part2_written,group,StudyMRCPI_MRCPI Written Part 2,2023,"Welcome to MRCPI Intensive Preparation Hub!   Get ready for MRCPI exam with StudyMRCPI by your side.   Master all exam concepts, clarify doubts with OBG experts, https://studymrcpi.com/"
written_by_moro,channel,Nikolai Moro,248,Про заработок в DeFi  Founder bendbasis.com — funding arbitrage screener  Чат канала @moro_chat
riskygemshunterscalls,channel,⚔️ Risky Gems Hunters ⚔️ Calls Channel,2980,For collabs dm: @SimplyAlexx  Partner: GemPad.app  Everything written on this channel is NOT financial advice. DO YOUR OWN RESEARCH!
vr3ed,channel,cheers,997,just about scars written in rhythm
writtendirected,channel,Written and Directed by... film lovers,329,Диванное мнение о кино и не только
vintt2,channel,Vintter,308,
gusto_family,channel,ГУСТО ВАЙН,336,бутылки и дегустации
wineshopper_krd,channel,Винотека Вайн Шоппер,300,"🌐 https://krd.wine-shopper.ru ☎️ +7 989 269-57-77 📧 krdwineshopper@gmail.com 📍г. Краснодар, ул. Казбекская, 1 🍷Проводим регулярные дегустации 18+"
vinttesw,channel,𝑉𝐸𝑅𝐿𝑂𝑉𝑆𝐾𝐼𝐸.,156,𝐎𝐰𝐧𝐞𝐫 — @purityitselfbitch  @ElenaGilbertsi — (обращаться по поводу вп/оп) 𝐈𝐧𝐟𝐨 — @INFFuu
vino499,channel,🍷𝙑𝙞𝙣𝙤𝙙𝙚𝙡𝙞𝙚🍷,219,Фан хештег: #вино   • Юз влд: @KimDokja499 Инфо: @infopraisj • Буст: https://t.me/boost/vino499 • Анон: http://t.me/ananimnyye_voprosy_bot?start=xcgkw Щп: @citty34 Репосты: @vinodel67
frenchvine,channel,об одной тенденции в французском вине,56,разнородные заметки о кино и прочих искусствах  cr: @roidumondee
vino_feelings,channel,Вино и чЮвство,43,"О вине сквозь призму чувств. Журнал винного драматурга. 🎭 Киносюжеты, мизансцены и чистые чЮвства.    18+. Только личные мысли и инфо-характер. НЕ реклама алкоголя.  Связь: @phelanataly"
dppspssp_bot,bot,Бот с песнями,21374,
lspfan,channel,ЛСП | Fan Channel,14589,"Крупнейший фан-канал о группе ЛСП. Здесь ты найдёшь фото и видео с концертов, эксклюзивную информацию и многое другое  Предложка: @lspfan_bot Канал с песнями: @lspchannel"
kosmeya_house,channel,Дом Космеи | #Kosmeya #Космея,3576,"Анонсы, новости и кружочки от Космеи https://www.twitch.tv/kosmeya https://vkplay.live/kosmeya https://www.youtube.com/c/KosmeyaMei - ютуб с песнями https://discord.com/invite/D3cKnqW - сообщество в Дискорде"
karmanuri,channel,KarmaNuri🌹,1929,Певица и автор треков KarmaNuri  Путешествие 🧳  Африканский лайфстайл🦒   Сотрудничество: karmanuri79@gmail.com  💙VK: https://vk.com/club227996940 💙Instagram: https://www.instagram.com/karmanurimusic?igsh=MTJpOGZrbjNyMTVheQ== 💙YouTube: https://yout
songsshenki,channel,группа щенки,875,канал с песнями:: @SongShenki
ps_krestnye,channel,Крёстные и их крестики,202,Открыто болтаем о чувствах и верим в сказки о родственных душах.  Ваши Крестные  p.s. наши песни и концерты https://pskrestnye.ru/  p.p.s. а с вопросами и предложениями к Ксене @SenyaaSoloma
h0fmannita,channel,"HOFMANNITA Tracks | Тексты, Клипы и Неизданное",746,Канал со всеми песнями Хофманниты (Основной) — https://t.me/hofmannita_tracks  По всем вопросам — @arsux
hodiki_music,channel,🎼ПОЮЩАЯ МАМА | Муз.игры 0-6 лет,208,Всесторонне развитие ребенка через пение мамы | Песни-игры 0-6л. | Православие через семейные традиции  По всем вопросам: t.me/hodiki_music?direct
taminoxamir,channel,Tamino / Тамино,729,"Тамино-Амир Мохарам Фуад (родился 24 октября 1996 года в Антверпене) — автор-исполнитель египетско-бельгийского происхождения, очаровывающий своих слушателей изумительным голосом и проникновенными песнями."
senketsu_a_ko_chan_music,channel,– archive 鮮血A子ちゃん ! ⛑🔪,491,ку ! 🐼 этот канал посвящен песнями японской вкей группы 鮮血A子ちゃん (сенкецу акочан) !
krujochik,channel,конструктор с печеньками🍪,317,мои кружоки с песнями @soapeverywhere
music2baby,channel,Музыкальное развитие детей,369,Все для музыкального развития детей раннего возраста.  Группа для педагогов и родителей. Группа также есть ВКонтакте. Авторский канал Елькиной Анджелы www.2099.ru
radiopomehivsepesni,channel,Радиопомехи - Все песни Дискография,359,Неофициальеый канал с песнями Радиопомех и Рудакова Канал Радиопомех - https://t.me/radiopomekhi Канал Рудакова -  https://t.me/rudakov_sb  Добавил все что знал все что нашёл не добавил лишь синглы с повторенными песнями  Слушайте на здоровье❤️❤️❤️
karolsevillarus,channel,Karol Sevilla | Кароль Севилья✨,375,Hola Karolistas!!! Это канал о мексиканской певице и актрисе Кароль Ициттери Пинья Сиснерос🌙✨   https://t.me/+QbIJahPw-gQyMjE6 - канал с песнями
kirstenfire,channel,Kirsten Fire | Песни Силы,457,"Добро пожаловать в обитель Скальда! Здесь вы познакомитесь с творчеством певицы, музыканта и поэта Кирстен Файр, а также с Песнями Силы разных времён и народов. Реклама и сотрудничество: @Free_Way108"
vosmoiden,channel,Восьмой День,524,привет! здесь два автора песен - Жека и Лис!💘 связь: через чат канала 🫶 канал с аккордами: https://t.me/accordsvd • наше сообщество в вк с песнями - https://vk.com/zekaandlis • поддержать донатами -  https://www.donationalerts.com/r/vosmoiden
chay_s_ykylele,channel,Бирюзовый чай играет на укулеле (Improkanon),211,"Более известный, как Improkanon)  Самостоятельный музыкант с песнями под струнные инструменты)"
asetclinicaoz,channel,АСЕТКЛИНИКА | Орехово-Зуево,481,АСЕТКЛИНИКА | Орехово-Зуево   *более 3000 довольных пациентов  *много полезной информации *запись день в день  Контактные телефоны: 8 (496) 422-12-22 8 (916) 422-12-22  Наш сайт:  https://asetklinika.ru/  Наш INSTAGRAM : https://www.instagram.com/asetclin
coracaoazull,channel,𝓬oração 𝅄 ࣪ 𝐚zul ',113,"Se o obstetra saúda a aurora, o legista organiza as memórias do crepúsculo; ambos são guardiões da história humana"
ortoped_pahomov,channel,Ортопед Игорь Пахомов,353,"Канал Игоря Пахомова, доктор травматолог-ортопед, хирург, ДМН. Ведущий научный сотрудник в Новосибирском НИИТО им. Я.Л. Цивьяна. Автор ряда статей, посвященных проблемам стопы и голеностопного сустава. Провел более 10 000 операций. 📨 pahomovigor@inbox.ru"
inter_doc,channel,МЕДИЦИНСКИЙ ТУРИЗМ InterDoc.Ltd,68,"Медицинский туризм, сотрудничая с лучшими клиниками Ю. Кореи, Турции, Италии, Польши, Китая, Грузии, Франции, Германии, Тайланда, Албании, Испании 🌍🩺  Присоединяйся к нам и мы организуем для тебя отдых и заботу о твоем здоровье одновременно ❤️"
artistom_ru,channel,AРТ,163,"Экспертный канал о здоровье и красоте вашей улыбки и кожи.   Профессиональные советы: развенчиваем мифы, выбираем лучшие процедуры и средства вместе!"
liqtechnologies,channel,ሊቅ Technologies,69386,☎️ 09-11-67-59-21  ቦሌ ዪጐ ቸርች አጠገብ Reality Building 3ኛ ፎቅ ሱ.ቁ B-303  የተለያዩ  🖥አዲስ እና Dubai used💻 ላፕቶፖችን እንዳቅማቹ  በዝቅተኛ 💵ዋጋ፣ በከፍተኛ ጥራት👌 እናቀርባለን🤲  ከቅናሹ ያጣጠሙ!!!
abdallazim,channel,Azim,228,مجرد أوثق رحلي للعالميه  @abdallazimbot
salih_al_faqih,channel,القناة الرسمية للشيخ صالح الفقيه,3696,"قناة علمية شرعية خاصة بدروس ومحاضرات وخطب وفتاوى فضيلة الشيخ | صالح الفقيه حفظه الله |  •القناة تحت إشراف الشيخ صالح الفقيه ""حفظه الله"""
haqiqatlar_bu,channel,🔐𝑯𝒂𝒒𝒊𝒒𝒂𝒕𝒍𝒂𝒓 𝒃𝒖...,11,"Kanalimizga hush kelibsiz👋 Haqiqat - egiladi, bukiladi, lekin sinmaydi...☝️  #Motivation💪 #Pictures🖼️ #Musics🎶 #Books📚 Kanal: @Haqiqatlar_bu Kanal ochilgan kun:  🇺🇿 25|09|2019  Murojaat: 💌 @Haqiqatga_bot  👉Telba insonning telbanomus haqiqatlari👈"
sulook_channel,channel,سلوک,96,سلوک | یادداشت‌هایی از مسیرِ درون و اندکی از همه چیز!
comm_unities,channel,Сообщники,49,"Открытое исследование сообществ как инструмента для бизнеса  Исследователь, фаундер сообщества и биздев: @puniapple"
mos_republicans,channel,Московский Альянс,158,🇷🇺 Региональная организация Общественного Альянса Республиканцев в Москве @alliance_republic  🔵 Вступить! 🔵 https://t.me/alliance_republic?direct
kultura_uchastia,channel,Культура участия,66,Жизнь и проекты АНО «Культура участия»  ▫️строим визуальные коммуникации для брендов ▫️создаем и проводим культурные ивенты ▫️проектируем и оформляем пространства
muzil_audio,channel,Кооператив озвучки «Музиль»,115,Озвучка иностранных либертарных фильмов на русский язык
beshenaya_babka,channel,Логово Бешеной Бабки,47,Рассказы о путешествиях Бешеной Бабки  и её подруг. Другие бешеные бабки приглашаются к соучастию...
tairovpechataet,channel,фиксатор аппарели,198,транслирую добро
piraat_77,channel,пират77,167,
stihater,channel,Стиховычитание. Александр Кудряшов.,70,Поэзия Александра Кудряшова. Сотрудничество @alexanderkudryashovhere
stribnachmir,channel,strib nach mir,38,Поэтическая сторона психического расстройства Свалка слов
stihisvobodaars,channel,Стихи. Свобода. Арс-Пегас,67,
poeticpraxis,channel,Поэтическая практика,18,"Здесь я буду рассказывать о приемах в творчестве и рассуждать о поэзии. Сайт: poeticpraxis.ru  Все совпадения случайны, весь контент носит исключительно развлекательный характер"
eliastix,channel,Стихи Реймис,11,Мои стихи моя душа
veronicaponomareva,channel,Вуаль Вероники,789,"Канал кинорежиссёра и художника, сооснователя платформы художники.рф           Вероники Коржевской.  Личные заметки о Красоте, искусстве, художниках; поэзия  и кино. 🎥🎨"
deepgenryazan,channel,DeepGenealogy: Рязано-окцы Мещера Рязань Галинды Мурома Шацк Шатура Гжель Воскресенск,760,"Здесь будут все данные о Средней Оке. Ветвь проекта ""История Евразии""  По вопросам копирования и перепостов - пишите,  каждый запрос рассмотрим.  Тестируем в России"
gestaltmarx,channel,Марксистская ветвь гештальт-терапии,545,Обратная связь: @danir1984
sittingonatree,channel,сижу на дереве,107,"кушаю траву  🍌веган еда, экология, мысли, события, мемы"
devochka_vitya,channel,Девочка Витя: здесь рассказывают истории,125,"Поэтесса, танцовщица и мемовница с ломаной менталкой расскажет про жесть"
krutoibanan4ik,channel,Крутой Банан.,344,"Крона истинны, розга ненависти, ветвь иронии.  Предоставленный контент не несёт в себе цели оскорбить чьи бы то ни было чувства по религиозным, гендерным, политическим и каким-либо другим признакам."
vetocka_sv,channel,Студия Фитодизайна Веточка от Светочки,153,"Меня зовут Светлана @vstar72 -  я твой проводник в мир озеленения коммерческих и частных интерьеров. Я сертифицированный фитодизайнер с опытом работы более 3 лет.  Работаю со мхом, ягелем, стабилизированными и искусственными растениями."
mevxedavmzes,channel,Я вижу солнце,126,Да будет свет
vinturaro,channel,vintura несёт чушь,62,По всем вопросам: @vintura_no_ne_chainik Щитпост: временно закрыт
thelostmayy,channel,thelostmay,93,
linvinstrayy,channel,Ветвь древнего дуба wiwiwi,128,
myrrtuss,channel,Миртовая ветвь,85,"Канал о поисках баланса тела, души и духа"
lifeineyesandphotos,channel,Повседневность и андеграунд 🌃.,155,"Здесь будут фотки, видео с андеграунд тусовок Москвы 📸, ну и просто живописные фотографии 📹.  Ну и музыку свою, нравится м  https://t.me/boost/LifeInEyesAndPhotos  По всем вопросам: @Shilo_Serebrannoe"
sottigul,channel,rare (ソッティ),143,
iamkikimoraki,channel,Меркот,87,"рандомные факты, история, мемы и волшбеный ты!  📍астрологический канал @astromerkot 📍РЕКЛАМА/КОНСУЛЬТАЦИИ: @xenia_merkot  идущее от сердца доходит до сердец!♥️ база: https://kikimoraki.ru"
oldlighthouse_stories,channel,Сказки Старого Маяка,7,"Сказки Старого Маяка Маяки, их истории, сказки, стихи, песни и всё, что с ними связано, а также тепло, идущее от них, пригоршня песка, морские брызги и щепотка чуда.  По всем вопросам не стесняйтесь, обращайтесь:  @lighthouse_den_sun"
malayatokmachkamosch,channel,Взята ли сегодня Малая Токмачка?,5721,
zoo_malenkaya_strana,channel,Зоопарк «Маленькая страна»,73,"Балахна, Площадь Советская, 1, https://meconnect.ru/Malenkayastrana"
man_rsya,channel,ГАНОУ РЦ Малая Академия наук РС (Я),544,Малая Академия наук Республики Саха (Якутия) – координатор системы работы с одаренными детьми в Республике Саха (Якутия) по образовательной и научно-исследовательской деятельности.  Ректор Василий Климович Павлов  Телефон +7 41144 2-45-62
stihooe,channel,стихи в матюгальник,141,обсценная лексика в поэзии массовой и не очень
suhankonstantin,channel,Константин Сухан,319,@konstantinsuhan  https://ontheair.bandcamp.com/music
archangelmusique,channel,АРХАНГЕЛМУЗЫКА,159,MGMT @micism
stihvstol,channel,Мария Соль. Стихи,178,"пишет Мария Соль Стихи о том, как уходят люди, чувства, и почва из под ног.  💔  Я тебя понимаю. сборник «ПЕРЕСТИХОВАЛА»"
stihihihikf,channel,Некультурная литература cf,112,@UnculturedLiterature_Bot
yami_rus,channel,ЯМЫ. Творческое объединение,171,"""ЯМЫ"" - это творческое объединение, создающее фильмы, иллюстрации, костюмы, украшения и продвигающее славянскую культуру. https://t.me/kosolapik_craft крафт и дизайн https://t.me/jhonnyhlebnuai рисунки https://t.me/jhokoy косплей"
artkatura,channel,Творческий источник с Екатериной Поляшовой,124,"🎨Канал о том, как восстановить связь с собой через творчество  15 минут творческой перезагрузки в день, чтобы: ✅ найти энергию и силы ✅ снять стресс и выдохнуть ✅ подружиться с критиком внутри себя"
talant4god,channel,Таланты для Бога - Христианская творческая студия,117,"✨ Таланты для Бога – когда творчество встречается с вечностью! 🎨 Мы вдохновляемся Иисусом Христом, чтобы: 📖 Писать книги и раскраски 🎶 Создавать музыку и озвучку 🎥 Снимать видео и нести благую весть  Для сотрудничества пишите - @ilinz 🙌"
tmnatalisaart,channel,🌺Творческая мастерская Наталисы🌺,65,Творчество = познание себя и мира.
jtvorcheskiy,channel,Я ТВОРЧЕСКИЙ,8,Творческий - состояние души. Вдохновение для идей может подстерегать за любым углом. Главное не упустить 😂😏🙂  По вопросам: @jtvorch
byblu4ka_channel,channel,Byblu4ka,33,"Канал про жизнь, креатив, работу и опыт. Здесь мысли, обсуждения, рубрика про музыку и различные факты. В общем и целом - уютный бардак для своих 🥖🥯 Про книги рассказываю тут - https://t.me/po_oblozhke"
oberezhno_tvori,channel,Творильня 🐾,8,всякое будничное и необязательное волшебство   творческий дневничок радости ради автор — Мария @o_berezhno
put_hudoznika,channel,Путь художника | челлендж,8,"Челлендж по книге ""Путь художника"" Джулии Кэмерон  12 недель творчества, поддержки и возвращения к себе  Старт: 1 июня  по всем вопросам: @anutkin_o"
nsolomina,channel,Мой Мир🌏Я Художник🖼️,2,Учусь Творить🎨 Рисую✏️
bassarus,group,Маникюр. Комкова К,2,Рада приветствовать Вас в своей уютной студии.  Меня зовут Екатерина. Я мастер маникюра и педикюра.  📍Моя студия в центре Москвы.  К вашим услугам :  🤍 аккуратный Маникюр 🤍 педикюр 🤍 наращивание и коррекция
kh4mk0v,channel,рома хамков,2335,"показываю всё, что остается за кадром и за кулисами  18 y.o. реклама/сотрудничество — @randi_agent2, @LabXMedia"
homyawka,channel,Хомявка/Анонсы стримов,102,
hanma77777777777777,channel,"""Hҽll̷̘͉̝̑̋̈̉̀̕o̷̭̩͕͓͆̉̈́́̌̔͝ ̧͉̯̩ Wö̷́͌rld̶""",100,👾† Hanma the glitch †👾 دهه نود👍🏼  @TalkToHanma_bot
hey_its_sammi,channel,deers & co 🦌,61,"меня зовут сэмми, будем знакомы 🫶🏼  флуд и разгоны по опупее ввк и не только"
hkartss,channel,HKarts,226,Осторожно! Здесь присутствует взрослый контент! https://vk.com/hkarts
bella_phosphorus,channel,¿Bella?,157,✦Привет   ✦Рисую тут всякое   ✦Оставайтесь на подольше   ✦Что ещё хмммм.... ✦Целую тебя в попку  ✦Если есть 18 (остальных только в лобик)
lyumi_mushroom,channel,✧⋆｡˚Le murmure de Lyūmis⋆｡˚✧,85,"Здесь я выкладываю немного жизни, немного мыслей и много артов 🩷  Вк: https://vk.com/lymiis?from=groups"
ammm_gaysss,channel,Эмм... Гайззз???,26,Белеллелке
gomxungu,channel,Дом Хинди журналист,1,"Всем привет вы на моём канале.  Меня зовут Хинди. И я журналист буду писать статьи, мнения и реакции."
api_proxy,channel,💎 Api Proxy 💎,9598,BOT : @APIs_PROXY_BOT SITE Free Proxy : https://vip-proxy.com/pages/proxy Channel : @API_PROXY  Admin : @MAHDI_BAYAT
mopremium,channel,Premium +,1386,👨🏻‍💻 Поддержка - @SuppModer 🔘 Наш канал - t.me/MoPremium  Наш бот - @PremierTGBOT ‼️Остерегайтесь фейков. Этот бот - единственный
u22hnpfumkrmzmjm1,channel,COSMIC ( MAIN HUB ) CHANNEL UPDATES,601,(Main hub). This channel owned by CosmicPrime And this channel is he's updates channel and Ads
shibamusk_airdrop_bot,channel,پروکسی برای دانلود,304,
prioritynews_bot,bot,Priority News & ULTIMATE | Подписка,,Профессиональные инструменты для трейдеров торгующих на MOEX  Обратная связь: @Adm_PN_bot
scprior_bot,bot,СЦ ПРІОРИТЕТ,,Чат-бот сервісного центру Пріоритет
primebery1_bot,bot,Primebery online,,Онлайн платформа магазина PRIMEBERY🛍️ Оформление заказов 24/7🤖
mementoproxybot,bot,دریافت پروکسی | Memento,,
primemind_topversion_bot,bot,вПрайме,,вПрайме— персональный ассистент в достижении целей и выстраивании отношений с собой и людьми.
primefoodshoreca_bot,bot,PRIME FOODS,,
onionprimebot,bot,💜 OLinks Prime | Safe,,"🕸 Гид по даркнету. Всё нужное — уже тут. Личный опыт, реальные кейсы и закулисье рынка. Приобщайся."
premiiumcorn_bot,bot,Premium corn poster,,Best free premium corn videos
primeraimpresionbot,bot,Primera Impresión,,"Expertos en Impresión Digital, Offset y Gigantografías."
exwriterr,channel,ЭксРайтер🔞,1851,Поговорим об этих ваших интимах?  Сотрудничество и консультации: @pnmrvk
souchastnitsy_tmsk,channel,Соучастницы. Томск,392,"Группа ""Соучастницы"" — это томские активистки и организаторки классных штук. От женщин и для женщин."
leelingua,channel,LeeLingua,345,"Тут у нас информация, ивенты, полезные штучки А тут можно записаться на занятия — @leelinguamanager (не кусается)"
pogovorim29032026,channel,"""Поговорим"" II Междисциплинарная научно- практическая конференция.",452,"I I Междисциплинарная научно- практическая конференция ""Поговорим?»профессиональный рост через коллаборацию."" 25.04.2027г."
neobyatno,channel,Необъятно,457,Украшения ручной работы для самых стильных девушек 🌷верим в красоту и уникальность каждой
obretayaya,channel,Обретая Я,158,"🤍Очерки из жизни разных ипостасей -   бизнес-консультанта,мамы, женщины, практикующего психолога, и просто человека  🤍 Проявляю непроявленное https://обретая.рф  🤍 Вижу систему https://mentalia.site"
po_neobyatnoi,channel,А.Д. | #хеллпринцыканон,196,"Этот пост посвещается всем моим бывшим эксдрузьям подругам и любовницам, а также... Пусть плачут те кому я недостался и сдохнут те кто меня незахотел и еще... всем тем кто меня ненавидет, мне тааак вообще похуй на всех вас, fuck you!!🖕😁"
neopytnaya_musa,channel,Неопытная муза,177,"Елена Кочнева, искусствовед и музейный хранитель. Мои заметки о музеях, портретах, искусстве, выставках, путешествиях. И просто размышления."
polunochnayaaa,channel,любаня,45,инст: polunochnayaa VK Видео: https://vkvideo.ru/@club228788148 youtube: https://www.youtube.com/@polunochnayaa
slysh_erudit,channel,слыш эрудит,17925,нескучно пересказываю ваших преподов и расширяю вокабуляр умными словечками 😎🎓💡  сотрудничество: @zubar89  Канал включён в перечень РКН: https://rkn.link/gcP
ofigennyigenichesk,channel,Офигенный Геническ,463,
hey_marketing_ru,channel,Гениальный маркетинг🤑,163,Новости - Маркетинг| Дизайн | Реклама Все свежее 🍀 и гениальное 🤑  Канал команды HMA  https://heymarketing.ru  По вопросам: https://t.me/the_tony_ru
gorkiymaax,channel,Максим Горький,698,"Без солнца не цветут цветы, без любви нет счастья, без женщины нет любви, без матери нет ни поэта, ни героя.  Каналы всех писателей - @hiiitttt"
moskvinawriter,channel,Марина Москвина,284,
store_annarad_eng,channel,магазин материалов_английские ништяки,318,Это каталог авторских разработок от @annarad_eng1
womensgenius,channel,💮КЛУБ Гениальных Женщин💮,139,"🔹2025 год в этом канале будет годом Челленджей и Аскез 🔹12 месяцев = 12 челленджей 🔹С 1 по 21 число каждого месяца новый Челлендж 🔹Ведёт Антонина Носкова @progenialnost  - автор 3х книг, женский наставник, нейропсихолог Взнос 2025 ₽ 89953120416 Сбер"
iserea,channel,ISEREA institute 🔎,153,ISEREA institute 🔎 Institute of self-research and actualization Институт самоисследования и реализации
nastyavillagel,channel,Nastya_village_lifе,128,"О простой сельской жизни, без фильтров и пафоса: рецепты, сад, огород, ремонт, птицеводство от ""яйца до мясца""  ВСЁ ГЕНИАЛЬНОЕ ПРОСТО✅ https://vk.com/nastya_village_life https://ok.ru/group/7000003796 https://rutube.ru/channel/63809378"
designer_to_your_liking,channel,Дизайнер по душе | Екатерина Ажинова,117,"Я - Екатерина, дизайнер интерьера.  Чтобы придумать что-то гениальное - в голове должно быть тысячи идей.   Здесь я скидываю еще больше информации про дизайн и ремонт! И немного делюсь личным ❤️  Контакты @Keti_Des ☎️ 89888981283 ☎️ 89286211928"
gingerteaches,channel,Мила и её пряники,47,"здесь про уроки, материалы и методику для малышей 3+.  закулисье занятий, идеи, фишки, ресурсы и мои авторские материалы для маленьких учеников.  для связи: @memoryrave"
geniusname,channel,Гениальное,55,Я Кирилл Кузнецов и это сборник фото и видео моих приключений
twinn_channel,channel,Twinn's Channel,22,This channel is art
international_guild_of_writers,channel,МГП + видео,47,"📹 Наши репортажи, презентации, чтения"
genie_katze,channel,Выдержки и отрывки,21,"Имея привычку читать за едой, в транспорте, в кровати, в ванной и обладая неуёмным желанием поделиться с другими, что ещё остаётся, кроме как создать канал?"
rodoslovierf,channel,Центр генеалогии Семейная реликвия,1174,🎓Лучшие генеалоги 🔎Более 455 успешных исследований 📜Восстановим историю вашей семьи  📖Издадим родословную книгу  🌳Напечатаем древо Подробнее⬇️  @my_rodoslovie +7 (921) 349-40-92
nedvizhimost_osetiya,channel,Недвижимость Владикавказ | Осетия,1732,"Объявления о недвижимости Владикавказа и всей Северной Осетии   Что бы опубликовать объявление, пишите https://t.me/adm_nedvizhimost  ❌Продажу, сдачу без фото не размещаем"
trollingchannels,channel,ЛУЧШИЕ ШАБЛОНЫ ДЛЯ ТРОЛЛИНГА,3201,"Канал носит юмористический характер. Не призывает к травле, давлению или оскорблениям. Все материалы  для сатиры и личного общения."
shummorgan,channel,ГРОБ МОРГАН,1518,TW. CW. 18+  Канал ничего не пропагандирует!!!! и ни к чему не призывает!!!
vmange,channel,Манга Комиксы | vmange 🖤,1099,"Контент взят из открытых источников, не нарушает законы и ни к чему не призывает"
saimasenn,channel,saimasenn,615,Мое творчество ничего не пропагандирует и ни к чему не призывает  Для инфы читайте закреп ❤️
mosbm0,group,Миродольный Буддийский Монастырь,30,
kirov_kprfmsk,channel,Кировский Партком | Москва,146,"Кировское местное отделение КПРФ и ЛКСМ РФ расположено на северо-востоке Москвы и включает в себя 7 районов: Алтуфьевский, Бибирево, Лианозово, Отрадное, Северное и Южное Медведково, посёлок Северный."
offshorezone,group,Offshore Zone,33,"Пространство Реализации Идей   Coliving&coworking в Сочи  Мы находимся по адресу:с.Раздольное,ул.Механизаторов,д.29"
komela35,channel,База отдыха Резиденция Комёла,45,БАЗА ОТДЫХА РЕЗИДЕНЦИЯ КОМЁЛА  Ваш личный курорт на берегу реки 💦 Территория комфорта 🌲🌳🏡  🔗 https://www.komela35.ru 🔗 https://vk.com/komela35  🚘 Построить маршрут - https://yandex.com/maps/org/1741896446
shark1703,channel,DEAF🦈~Экскурсии~Лекции~Кино~,1152,
naumnichala,channel,Оля наумничала,190,"Заметки по истории искусств и искусству жить. С элементом спонтанности, щепоткой волшебства и ощущением праздника, который всегда со мной  Написать мне: @olganaumkina"
enelsnotebook,channel,Тетрадь Энеля,136,Летопись безвременья
neskuchno_life,channel,Жизнь как суперпроект,121,На этом канале рассказываю о жизни за городом и ведении нескучного хозяйства.   л.с.@dorofeeva_nata
sumarokova_julia,channel,На лавочке| Юлия Сумарокова,60,"Маленький блог взрослой женщины во времена перехода  Смыслы, книги, продажи, системы, кошка, деньги, кухня, согревать, 35-летний брак, трое взрослых сыновей etc.  Личный аккаунт @SumarokovaJuliaV"
mozhajski,channel,Можайский район Москвы - новости из официальных источников,38,
bayproject,channel,Bay Project,21,"Авторский канал Алены Смирновой. Это  культурно- лингвистический вайб : лекции, экскурсии, беседы на 3х языках ( русский, английский, французский), а ещё встречи с интересными людьми, коллаборации, инклюзии и, в скором времени, путешествия!!!..."
marunchik,channel,Primavera,13,Легко и просто ✨
paymentssmusic,channel,paymentss,93,mp3 discography @paymentssmp3 beatstore @paymentss55  слякоть мьюзик сео
fotobysoubi,channel,щепотка магии,22,
pavlopoems731,channel,Pavklick,17,Pablo_poems
mappkooteez,channel,скучали? 🌙,18,что то на память
breakingpolys,channel,Фриковство нэла,5,
shhhit_n,channel,Шоть тсаке,13,трохи ентропії  admin: @psew_donim
jsbsudugskan,channel,депрессия и бедность,4,
wavescontest_bot,bot,Конкурс от Waves Platform & ForkLog,,
d3solated,channel,desolated,1338,#sewer
isolationdubna,channel,ИЗОЛЯТОР 18+,363,"Всё, что можно, и всё, что нельзя😶‍🌫️"
isolatorlab,channel,ISOLATOR Labor,77,"⌈⛧⌋ LABORATORY «ISOLATOR»  там, где эксперименты становятся частью истории.  ⊶ связь с влд: @AK_47qp  ⊶ набор в администрацию открыт открытие лаборатории 16.06.26."
emaciateddevil93,channel,ИСТОЩЕННЫЙ ЭМА #ZMF 🇪🇺&🇰🇿,68,"Участник таких лейблов как :greatsadness*, zhuzmynflow писать только по поводу сотрудничества dm- @ema2ciated  inst/sc/tt/twit - http://solu.id/20625"
isolatedpersone,channel,переходник,36,переходите по сс https://t.me/isolatedpersone
gbousosh4troickoe,channel,"ГБОУ ""СОШ √4 с.п. Троицкое""",485,
nordglanz_1488,channel,NORDGLANZ,759,Völkischer Schwarzmetall
sonyanism,channel,𝐬𝐨𝐧𝐲𝐚𝐧𝐢𝐬𝐦 ♛ соня егорова фан,653,୧ ‧₊˚🪬 восхищаемся и поддерживаем главную герлбосс всея бс2 ‧₊˚ ⋅  по вопросам в лс @jullapshina  pinterest с обработками с соней: https://pin.it/2HaiVG4CU  пост с навигацией по каналу: ᝰ.ᐟ  https://t.me/sonyanism/1418
enduro_12ru,channel,эндуро водик🥰,158,по вопросам писать сюда @g321gl
linsi_gift,channel,Продаю.,183,
randomarti,channel,𝐓𝐡𝐞 𝐒𝐩𝐚𝐫𝐤𝐥𝐢𝐧𝐠 𝐀𝐛𝐲𝐬𝐬⋆₊ɞ (16+),134,"─── ･ ｡ﾟ⟡ 🌑 ⟡ ˚｡ ･ ─── ⊹⋗⊹ Quick navigation  ᴛρᥱᥔды - ᧐ᴛκρыᴛы κ᧐ʍᥙɯκᥙ - ᧐ᴛκρыᴛы ρᥱκʙы - ʙ᧐ɜʍ᧐жн᧐ ɜᥲκᥲɜы ᧐ᴛ 500 ρуδ. М᧐ᥔ ЛС @LarGKyc ""Аρᴛ-κρᥱᥲᴛ᧐ρ ᥙ ɸᥲнᥲᴛ ᥱдᥙн᧐ρ᧐ᴦ᧐ʙ"" ─── ･ ｡ﾟ⟡ 🌑 ⟡ ˚｡ ･ ───"
vijaypath_prabodhini,channel,"विजयपथ प्रबोधिनी, पुणे ®",16827,विजयपथ प्रबोधिनी App 👇 https://play.google.com/store/apps/details?id=com.dnyanankur.academy.pune  🔥मार्गदर्शक - सचिन कुरुंद सर (राज्यकर निरीक्षक-STI)  ✅ संपर्क लिंक - https://wa.me/9075381000
simpletiktokmod,channel,SimpleTikTokMod β,13289,Простой TikTok Mod который работает и не раздражает.  По рекламе пишите в ЛС канала. Есть проблемы? t.me/c/3592461529/3  Ссылка-приглашение: t.me/SimpleTikTokMod
simplexuz,channel,Simplex ITC,24,
simple_retro,channel,sımpleretro,2465,Oʻqiyotgan kitoblaringiz sizni oʻzgartirish barobarida yillardan ham tezroq ulgʻaytirib yuboradi.   Kontakt. @H_23_56  ınstagram. https://www.instagram.com/hiilola__23?igsh=cjlscWhxZzg2aWhr
imperfectcircle,channel,xandr.vasiliev,475,"All those moments will be lost in time, like tears in rain..."
asgardperfection,channel,ASGARD,464,Для связи с нами - tg: @AG_ASGARD 💚  Совершенство Тела и Души 🌿  Создай себя Совершенного и твори свой мир в нашем Центре ASGARD  📍Водопроводная 10/2
imperfect_book,channel,Неидеальные. Стендап-книга,268,Канал сборника реальных историй лидеров мнений📖  Литературное агентство «Авторский метод»  https://avtorbooks.ru
tastyflad,channel,illusion of life,449,– блог Флада.
notesofimperfection,channel,записки неидеальности,183,"про красоту в мелочах, sport & beauty, вкусные места и просто life  Moscow  для связи пишите в сообщения канала🤍"
imperfect_psy,channel,Прекрасно несовершенна,119,
ashperfection,channel,Алексей Митрейкин ASH-Perfection,92,Улучшаю бизнес через имитационные игры и практики. Обучение\Практика\Разборы\Внедрение\Бизнес игры Отзывы - https://t.me/ash_blago Закрытый Клуб - https://t.me/tribute/app?startapp=skpl Сайт - www.ash-perfection.ru
perfectionpt,channel,Perfection,151,Where you find lectures & references together - UoKufa 41
official_perfection,channel,Салон PERFECTION auto 🇺🇦🇪🇺 🇺🇸,168,✅ #ПІДБІР_АВТО - підберемо автомобіль під Вас ✅ #ПРОДАЖ_АВТО - допомога в продажі вашого авто ✅ #ВИКУП_АВТО - викупимо Ваш автомобіль  ✅ #ОБМІН_АВТО - обміняємо Ваше авто на наше   @perfection_auto - твій авто єксперт 🫡 +38 (050) 388 99 93
shashkoguru,channel,💥Елена Шашко|Квантовая Ψ,1661,"Лайфхаки от мастера невозможного по управляемым изменениям в жизни - всё, чтобы ПРОЖИТЬ ЖИЗНЬ СВОЕЙ МЕЧТЫ! 🗣https://t.me/ShashkoElena 🎁 https://t.me/Elena_Shashko_podarki_bot 💬 https://t.me/ElenaShashko_otziv"
yulianna_perfection,channel,YPS. Шестакова Юлия. Уверенность и реализация.,132,"От сомнений — к уверенности, которую не скрыть. Психолог-коуч-стилист. Помогу расставить приоритеты в жизни, голове и гардеробе. Научу понимать себя и выбирать лучшее — от решений до выгодных покупок. Ваш проводник к осознанной жизни @YuliannaP"
modest_perfection_ent,channel,❤️‍🔥MODEST PERFECTION Entertainment ❤️‍🔥,78,YouTube https://www.youtube.com/@ModestPerfection/videos  TikTok https://www.tiktok.com/@m_p_team?_t=8npXcp7x82n&_r=1  Instagram https://www.instagram.com/m.p_team/?hl=r
dreams_graveyard,channel,Dreams Graveyard,1336,Boss:  @BingeEater   Posts are completely random and from Pinterest so don't expect perfection ;)
ifc_agr_piktools,channel,IFC в ПИК (АГР МГЭ),377,
graficosummer,channel,🚪GRÁFICO Летняя Школа Дизайна 2025,365,В этом канале пройдут мероприятия перед стартом основных обучений дизайн-направлениям в летней школе дизайна Gráfico💚  чтобы узнать подробнее и присоединиться пишите в @graficodes
aterionstudio,channel,Aterion Studio,403,Aterion Studio - студия графического дизайна.  Для связи: @VEIMIX
acolors,channel,A-COLORS COMPANY,81,Творческий коллектив профессионалов в сфере граффити оформления!
lucie_coach,channel,lucie_coach,4355,«Перфоманс обычного человека»   https://www.instagram.com/lucieaires?igsh=e  Performance coach  C-UEFA⚽️ C-РФС Физическая подготовка  Тренер по физподготовке FC Broke Boys  По поводу персональных тренировок и ведения => https://t.me/lucieaires
bpmtemnoe,channel,Будни Пати Мена (БПМ),463,Жизнь и бытие обычного патимена
just_ordinary_qa,channel,дневник троечницы,61,пример обычного человека без истории успеха
eva_seniverse,channel,Евсюша и ее мама Ксюша,1066,"Твоё вдохновение в декрете 🤍  ▫️ Артикулы для мам, малышей и уюта  ▫️ Всё о визуале: съёмка, обработка, настройки камеры, подборки ▫️ Личный опыт первого материнства  Здесь обычная жизнь становится красивым контентом📸  Связь: @seniverse"
ladyleoniscosplay,channel,Обычная жизнь косплеера,310,Обычная жизнь косплеера
guitarcustom,channel,CustomToysMSK | Кастомные электрогитары,740,По всем вопросам: https://t.me/DimacustomT  Кастомная и обычная покраска электрогитар🎸 Изготовление электрогитар🎸 Детейлинг электрогитар🎸
v1000watt,channel,Женщина с солнца,283,"Я знаю, ты хочешь тепла. Но ты сама - тепло.  По всем вопросам -» @olga_yoh"
chronodontlike,channel,chronosterva,776,🚫  https://t.me/chronodraw https://www.tiktok.com/@chronodontlike?_t=ZN-8y3NmyJW9qg&_r=1  сигна обычная 150 сигна на пьятъке 5000  2202208465127596
xxxtwitterss,channel,X Twitter,706,"Обычная беседа: https://t.me/+LhUN2WdrcBJiM2My Анон: http://t.me/anonaskbot?start=vxmtBZa1wbSe62A Никаких оскорблений, расчленёнки или порно без блюра и предупреждения в чате. Обойдёмся без спама и рекламы.  Все медиа и видео материалы принадлежат не нам."
microdec,channel,MicroDec,236,Микроцемент. Микробетон.  Декоративные покрытия.
alpinefloor_official,channel,Alpine floor_official,223,Виниловых напольные покрытия LVT и SPC
ghostdetailing_spb,channel,GHOST DETAILING | ДЕТЕЙЛИНГ СПБ,2376,"Детейлинг центр в СПБ | GHOST DETAILING ™  • от покраски дисков до оклейки авто • 850 кв. М • зона ожидания/собственная мойка  Бугры, Петровский бульвар 35/4, GHOST Записаться: @ghost_detailing 📲 8(993)987-98-98"
mmcarsdetailing,channel,MM CARS DETAILING,1100,
lv12tuningdetailing,channel,𝐓𝐮𝐧𝐢𝐧𝐠 𝐕𝟏𝟐 𝐃𝐞𝐭𝐚𝐢𝐥𝐢𝐧𝐠,111,"Всех приветствуем в новом ателье V12 Detailing!  наши услуги: красивые нарисованные обвесы, шильдики, фирменные номерные рамки, и номера, красивые гиперкары в разных спеках.  наши мастера: @quarsen (номера) @the_malushovski (авто)"
luxury_car_detailing,channel,LUXURY CAR Detailing Studio,59,#polish#nano#dry
allximika,channel,Бизнес алхимик,1119,"Добро пожаловать в канал ""Бизнес алхимик: идеи, превращающиеся в золото""!🤑 По рекламе 👉 @Anton_smm1 РКН https://gosuslugi.ru/snet/67ae86606857085566bc47f8"
tvoyremzona,channel,Шиномонтаж и сервис,75,Занимаемся своими и берём в работу чужие машины 🚘
ivanorkld,channel,IVANOR_Калининград,414,"🟠От шиномонтажа до сварки порогов ✌🏻20 лет на рынке! ✔️Гарантия качества   📲 77-77-05  Сайт: https://kaliningrad.ivanor.ru/  Проверка и активация бонусов: https://t.me/IvanorKlgBot  📍 пр Победы, 221 📍 Челнокова, 43 📍 Дзержинского, 244 📍 Докука, 47"
gazhikurban,channel,гаджикурбан шиномонтаж базар мясо,794,*смех* а потом *погнали 😈*  доктор слэйных наук кафедры ржаки  http://t.me/anonaskbot?start=glvr9vs5x760n
moia_okolica,channel,Моя Околица,577,Сайт- https://moia-okolica.ru  По любым вопросам - @nastya_shcher  или @ulkiorra1
oniyformoka,channel,Magical Moka,60,Eri ( Эри ) 🤍  For Sakai Moka     ⓘ Не по всем обновам
moiknigy,channel,Vyacheslav Books 🧅,235,Мой ЛЛ - https://www.livelib.ru/reader/vekuzin  Мой MAX - https://max.ru/join/w6Dzw1ei3U4LjDtsly9pCkkYFhYBmpkPtQdmqCeWcJk  Мой ВК - https://vk.ru/im/channels/-236579073  Вишлист - https://followish.io/mywishlist/cuinteaze0itbj
ribalubeyaroslavl,channel,🎣Рыбалюб Ярославль,380,"🎏 Рыболовные магазины Рыбалюб и   Рыбацкая Хата  в Ярославле.  ""Рыбалка должна быть доступна!""🎣 🤳8-(910)-810-38-43"
old_car_land19,channel,Old Car Land 🛵,618,
nik_mo2,channel,Madout_Northcar.com || Nikolas,115,
itssaharsworld,channel,Before Sunset,253,نه منتال دارم نه هلث. the saddest girl to ever hold a martini. Unknown:t.me/HidenChat_Bot?start=237935075
bhththtb,channel,Meeee weeeeeeeee,262,"There are things I can't say, but they  exist  بوت –  @Gotgggbot"
rustyclassic,channel,Rusty classic,96,
mammamia4x4,channel,Mammamia.4x4,33,Jeep CJ7 1985 Ford Bronco 1983 International Scout II Traveler 1976
retrotechworld,channel,✧Retro Tech World✧ Tashkent,65,"Моя коллекция Ретро Техники. Компьютеры, приставки и прочие реликты прошлого."
cryptocarsworld,group,CRYPTO BROS,64,
retrocd,channel,RCD,38,"Ретро СД диски, игры и культура нулевых  Создано @retroroom51"
astracgbs19,channel,ЦГБС | Библиотека-филиал №19,104,Добро пожаловать в официальную группу филиала №19 Централизованной городской библиотечной системы города Астрахани
yolamaslenica,channel,Масленица с Царёвым городом 🎈,184,"Традиционная русская масленица в Йошкар-Оле от фольклорного объединения Царёв город. Живая музыка, детские площадки, игры и танцы для всех, мужские состязания, большой костёр. 🔥 Ждём всех! ❤️"
akumatata_nvrsk,channel,"АКУНА МАТАТА детские праздники, аниматоры",280,"Праздничное агентство 🌟АКУНА МАТАТА🌟 Здесь живёт праздник🎉 🎈Аниматоры 🎈Шоу-программы  🎈Воздушные шары 🌎 Новороссийск, Анапа, Геленджик 📞8(918) 64-33-125"
keyt_meyker_ai,channel,AI в жизнь & бизнес | Захарова Екатерина,85,"Работаю с бизнесом, экспертами и частными запросами. Создаю контент: нейрофото, AI-визуал и видео, AI-помощников и автоматизацию для человека,  бренда и проекта. Помогаю привести онлайн в порядок, с помощью ИИ, когда есть ощущение, ""всё делается впустую""."
maskori_life,channel,Корги МАСКОРИ,99,🏡🐶 Питомник вельш корги пемброк  Нижегородская область  Купить щенка: @MASKORI
maslakovastudio,channel,Студия живописи Маслаковой АМ,111,Обучение интуитивной живописи  https://maslakovastudio.getcourse.ru/proyavlenie    Работы наших учеников ❤️💫 https://instagram.com/maslakova.studio
nasledilitaknasledili,channel,НАСЛЕДИЕ,43,Детско - юношеский коллектив сценического фольклора
ruswear_ru,channel,RUSWEAR.RU,135,ry-2560909560082931905 Интернет-магазин правильной одежды в Москве / Русич Сделано на Руси  По всем вопросам писать:  https://t.me/info_ruswear
tsarevgorod,channel,Царёв город. Только фольклор,107,"Рассказываем о русской традиционной культуре и о том, что делаем для её сохранения. 🧡 Анонсы концертов, выставок и праздников от Царёва города.   → Царёв город ВКонтакте: https://vk.com/tsarevgorod"
rc_sevastopol,channel,"АНО ""Ресурсный центр поддержки СО НКО""",69,
raskraski365,channel,🌈Раскраски для малышей✨,5,Добро пожаловать в наш уютный канал с раскрасками! Здесь малыши и родители найдут множество красочных раскрасок на любые темы: от любимых зверят и весёлых смайликов до волшебных домиков и сказочных приключений 🌈🐻
starkisekate,channel,Starki blog ver 0.0.1,45,"Работаю флористом и в свободное время хожу по музеям/разным выставкам 🐈‍⬛ Подмечаю флористику в фильмах.  Когда-то давно, я собирала фигурки. Прошло много лет и на рынке появились блайндбоксы 🐰Я пока переключилась на них)"
matyrsky1,channel,Матырский №1,39,"Матырский №1 — главный канал о жизни и событиях в нашем районе! Свежие новости, полезные советы, местные истории и тд.  ВК: https://vk.com/club233262411"
kiragalina1701,channel,ИССЛЕДОВАТЕЛИ❤️КОТИКОВ,20,Все про котов 💫🐈‍⬛!
maslova_band,channel,MASLOVA BAND,8,"Rock'n'Roll band by @nadiamaslova_singer  📍 Россия, Краснодар Организация выступлений: @alexanderborovik"
plutos_oil,channel,PLUTOSOIL | ТОПЛИВО КРЫМ | ОПТ/РОЗНИЦА,294,"Главное направление группы — актуальная информация по наличию топлива на наших заправках Симферополя в реальном времени  Свободные заправки и наличие топлива (ДТ, АИ-92, АИ-95)  Информация обновляется оперативно, следите за постами, чтобы не тратить время"
cdo_melitopol,channel,Центр внешкольного образования города Мелитополь🌍,499,"Официальная информация Муниципального казенного образовательного учреждения дополнительного образования ""Центр внешкольного образования"" 🌍"
memy_dlya_komkov,channel,dorime,317,you have been dorime'd by @tracktor_tyan
fedor_komkov,channel,komkov.fm,93,На своей волне.  Я делаю футболки в технике ручной набойки  Написать мне: @Fyodrrr
komitoday,channel,КОМИ Today,276,Самые интересные новости каналов Today.
komarova_club,channel,Komarova community | Фотография как бизнес,608,"Канал для фотографов, которые хотят превратить любимое хобби в успешный бизнес.  И чат для душевного общения и поддержки https://t.me/Komarova_community  По поводу рекламы писать в ЛС автору канала Валерии Комаровой @komarova_blog"
kovrov_ps,group,Ковров Полезное Соседство,368,Список всех  чатов👉🏻👉🏻 ПОЛЕЗНОЕ СОСЕДСТВО (https://t.me/c/2107437037/20) Все вопросы связанные с качеством фруктов  пишем в личку в отдел качества  @otdelkachestv  указанием фото/видео и  номер телефона для связи.
kommkova,channel,комочкина,204,прошлое здесь и давит каждый вечер на мои обугленные плечи
korza_kov,channel,KorZa's Art Burrow (SFW & NSFW),183,"(SOMETIMES NSFW!) Hello! I'm an anthro artist, in this channel you will find all my drawings: WIPs, commissions, gifts, personal art/OCs, etc.  Boost channel: t.me/KorZa_kov?boost  Contact me by sending a DM to the channel."
komizyat,channel,Коми зять,39,"Я книгу пишу, а пока в краю немеренных зэка боятся только Бога без меры и порога"
alexpremoli,channel,Alex Premoli Photographer,1895,🏆 Award-Winning Portrait Photographer with Natural Light   www.youtube.com/@alex_premoli (140K)  www.instagram.com/alex_premoli (130K)  www.tiktok.com/@alex_premoli (10K)  www.facebook.com/alex.premoli.ph  twitter.com/
keomainstore,channel,𝑴𝑨𝑰𝑵 𝑲𝑬𝑶 𝑺𝑻𝑶𝑹𝑬,323,Only selling Clean Codm and ML accounts ^^ Dm me: @its_me_moshii Proof of legitimacy ni moshi: https://t.me/moshproofs
vem_130,channel,V э m,12,Больше актива тута
h1z7nshop,channel,Haezon Shop,24,
life_pro_100k,channel,💚 КАЧЕСТВО ЖИЗНИ 💚,61,"Для тех, кто любит все сразу - быть здоровым, богатым и счастливым. Написать автору @FinastaBY"
f1sherd0xx,channel,тёплый комочек ᴗ̈,207,☀️ОНИ ИХ💭  редко пощу проститен  впервуб очередь я рисую и делаю то что мне нравится ведь это добрый канал про моё творчество обязательно читайте инфо пост https://t.me/neki_fish/26  ☀️ Хиполинк- https://hipolink.net/f1sherD0xx
tenmeiork,channel,🈴️Рисовый комочек.ﾃﾝﾒイ,86,тт: mchan0l_ / lem.676 [   oshikatsu activity; oshi/honmei: yuriko 、(kaneto juusei)  ] Jirai kei / sabukaru http://t.me/anonaskbot?start=user_ffyysjxtwv
yoohoofox_info,channel,Рис инфо,32,
komorka_wcshnika,channel,⊱Коморка квшника༄,19,Тут мои рисунки Канал про мою жизнь https://t.me/diana_bedolaga
venakomission,channel,CoMmission🪽,4,Продаю камишки на авито и в тг ^_^
deathroaddotio,channel,DeathRoad.io Announcement,9035,THE FIRST METAVERSE RACING GAME ON BSC! 🏎  🐦 Twitter: https://twitter.com/DeathRoad_io  🎉 Community: https://t.me/deathroadrace 🎤 Discord: https://discord.gg/BxcwfgrrpD 📚 Medium: https://medium.com/@deathracedotio  Website: https://deathroad.io
microraceleague,group,Microraceleague,652,Play to Earn blockchain based racing game on BSC Chain  Global: https://t.me/microraceleague Chinese: https://t.me/microraceleague_cn  http://linktr.ee/microraceleague
standrise_officialnews,channel,StandRise || News,1279,🔥 Добро пожаловать в StandRise News! Мы — новостной канал проекта StandRise. Здесь публикуются только актуальные и проверенные новости проекта! 📌 Паблик — @StandRise_Public 📜 Правила проекта — @StandRise_Rules
sharkracecomnews,channel,SharkRace Announcements | sharkrace.com,1628,Incredible collection of NFT Sharks with play-2-earn games  🦈 Web: https://sharkrace.com Official chat: @sharkracecom Discord: https://discord.gg/yqZYyXhCJS  Twitter: https://twitter.com/sharkracecom Inst:https://www.instagram.com/sharkracecom/
theraccoonspace,channel,The Raccoon’s Space,397,"Welcome! This is Spacesar’s little art corner. I mostly talk about my characters, DnD and art tips. Enjoy! 🌸✨  Instagram: @spacesar Twitter: @spacesar_ 🔞 Hornee side: https://t.me/+eBY9Hl_X7Z83ZWRk My links: https://beacons.ai/spacesar?fbclid=PAAaYKqdE7km"
nikasrace,channel,Nika’s race🏎️,543,enjoy life and be kind 💫  Lando Norris’ appreciation zone 💅🏻  https://app.leadteh.ru/w/dETwi?id=hziphK  – анонимка 🤪  https://www.tiktok.com/@nkpxxx?_t=8rlf98xaGVb&_r=1
prorace_team,group,PRORACE.ru / мото тренировки 🏍️,198,
mugivavto,channel,Mugi | Авто,248,"Здесь вы найдете последние автомобильные новости, инфу по устройству автомобиля, и узнаете многие фишки современных и старых авто!!!  Сотрудничество - @osma_nd"
shmeksikcars,channel,sʜᴍᴇᴋs1ᴋ (69),348,📱 - Vivo X200 pro mini + DJI Osmo  mobile 7 Canon 650d  Связь - @CARL0V3R
forbesbot,channel,@forbesbot,253,@NotHuade - @huade
rewenze_music,channel,𝑟𝑒𝑤𝑒𝑛𝑧𝑒-𝑚𝑢𝑠𝑖𝑐,237,сотрудничество через менеджера - @yappaev_095
minsksem,channel,минсксемь,23,
ssound_m,channel,Ssound,20,
merlion,channel,@merlion,3,@NotHuade - @huade
bmw_cars_official1,group,°/BmW/°Official,2,Salom azizlar bizning kanalga xush kelibsiz🤗 Kanal ochildi:01. 01.2021 Bu kanalda  ⚬BMWning suratlari ⚬videolari ⚬va boshqa qiziqarli narsalar joylanadi Creator: @Bahodirovich_2006 Kanal: @BmW_car_drift
zaglushka,channel,@zaglushka,6,@NotHuade - @huade
denjell_pubg,channel,БВМ,2,
stars_by_bmw,channel,.,2,
car_bmw,channel,BMW,3,
bmwm5rusuzavtomir,channel,BMW M5 G90,2,BMW M5 G90
drimusic,channel,🔥𝕸𝖚𝖘𝖎𝖈 𝕷𝖔𝖛𝖊𝖗🔥,,
bmw_russia_official,channel,BMW Россия,990,Официальное сообщество для любителей тех самых баварских автомобилей.  Новости из мира BMW. О покупке и об обслуживании.
moroshka51_10,channel,"ТСХ@БМВ""Протеиновый удар""✏️🌲",820,"Тот самый художник. 🇷🇺 Ничего не пропагандируем, просто шутеечки и рисуночки.  Слава России."
mamabmw_ru,channel,MAMABMW.RU - Авторазбор БМВ из Японии в Москве,147,Авторазбор БМВ из Японии в Москве  BMW E38 E39 E53 E60 E85 E46 E65 E82 F10  MAMABMW.RU +7 977 780 0668
bmwstarss,channel,БМВ головного мозга,116,
zolotnik_25,channel,Золотник (или просто Никита),110,"От мечты к реальности.  Делаем красиво, близко сердцу и душе.   От БМВ до самолёта.  Сообщество в ВК - https://vk.com/club229439084"
donywtf,channel,донэОМГ КРУТОСТЬ БМВ 😎,95,автор арта на аве @askmeXD
o_reytern,channel,О. Рейтерн | Писатель,89,"Обычный автор, который иногда пишет действительно хорошие вещи."
svfest,channel,Фестиваль «Северный Ветер»,174,"25-26 июля 2026 года в Печенгском районе Мурманской области, в поселке городского типа Никель пройдет яркое событие, которое надолго запечатлится в нашей памяти – фестиваль «Северный Ветер - 2026».  Присоединяйтесь к нам!"
moryakomore,channel,Моряк о море,79,"Старший помощник капитана. Рабочие моменты, быт.  Все, что вы хотели узнать о работе в море, но стеснялись спросить.   «Море? Я люблю его до безумия, сидя на пляже.»"
polimanski_wind,channel,ветерок,195,делаю красивое  по всем вопросам @limpomanski основной канал @polimanski
vladckkvks,channel,vladickавказ,62,"лайфстайл бро, отдыхаем"
forevertempest,channel,american teenager,39,
veterok_glamping,channel,Glamping Ветерок,136,
veterzz,channel,ветерок 🕸,89,sex-funk
lord_of_the_winds,channel,Lord of the Winds,66,"С 17 февраля по 15 марта 2026 года стартует международная зимняя онлайн-серия парусных гонок «Владыка Ветра».  The ""Lord of the Winds"" International Winter Online Sailing Series!   www.lordofthewinds.com  @Lordofthewinds_bot  lordofthewinds2026@gmail.com"
planosadhdhellhole,channel,Planos ADHD Hellhole,328,"Im Plano, i do things"
communitydriven,group,CommunityDriven 🚀,23,
velodrivebot,bot,Velodrive,,
geodrive_bot,bot,GeoDrive,,
rentdriveru_bot,bot,RentDrive Аренда Электро 🛴🚲🛵🏍,,
cardrivemarketbot,bot,🏁CarDriveMarket🛞,,👋 Benvenuto!   💬 Pubblica il tuo annuncio 🚘https://t.me/CarDriveMarket
modelsdrivebot,bot,Modelsdrive.com || ModelsdriveBot,,A Part of https://modelsdrive.com ✴
gdriveup_1bot,bot,𝔾𝕠𝕠𝕘𝕝𝕖 𝔻𝕣𝕚𝕧𝕖 ♻️,,𝗨𝗹𝘁𝗶𝗺𝗮𝘁𝗲 𝗚𝗼𝗼𝗴𝗹𝗲 𝗗𝗿𝗶𝘃𝗲 𝗠𝗮𝗻𝗮𝗴𝗲𝗿  𝗕𝗼𝘁 𝗗𝗲𝘃𝗲𝗹𝗼𝗽𝗲𝗿 :  @ImSafone 🔥
usedrivebot,bot,Google Drive Uploader ❤️,,
passdrivebot,bot,PassDrive,,Сборник всех билетов как в ADrive и Новый поворот. Тесты ПДД Беларуси 2026. Новости бота: @PassDriveMedia
anteidrive_bot,bot,antei-drive,,
yandexdrivesupportbot,bot,YandexDriveSupport,,Единственный и неповторимый бот поддержки сервиса Яндекс.Драйв
geobridgebot,bot,GeobridgeBot,,
ghostdrive_bot,bot,Ghost Drive AI,,Join the GhostDrive Data Guardians in mining the Web3 space for profit! Participate in our exclusive airdrop event
onedrivexbot,bot,OneDrive X⚡️,,Remotely uploads files to Microsoft OneDrive  Channel: @botxupdates Group: @botxsupport
mediadriveappbot,bot,mediaDrive,,Todo para aprender a manejar.
cnxbtokenbot,bot,CNXB-TOKEN AIRDROP BOT,,START
gdrive_xbot,bot,Google Drive X⚡️,,Upload files to your Google or Team Drive without consuming your internet.  Channel: @BotXUpdates Group: @BotXSupport
andryushhenkobot,bot,Bot | Want to drive,,🏎️ Предложка канала Want to Drive: t.me/wtdrive
tronrocketbot,bot,TRON ROCKET TRX AIRDROP,,
global_drive_chat_bot,bot,GlobalDrive Оператор,,
azurdrive_bot,bot,AzurDrive,,
pomplay_warpdrive_bot,bot,WarpDrive,,Official: https://t.me/PomPlayOfficial X: https://x.com/PomPlay_
citydrivesupport_bot,bot,Поддержка Ситидрайв,,
a_vostok1,channel,А-Vostok,1355,Официальный канал сервисной компании «A-Vostok». По всем вопросам: @Avostokpolina  https://a-vostok.com/
avtopodbor60,channel,АНДРЕЙ АВТОПОДБОР ПСКОВ,714,"☎️ +79532337653  Меня зовут Андрей 🤝  ✅ Подбор автомобилей под ключ  ✅ Разовая проверка авто перед покупкой  ✅ Проверка сервисной истории обслуживания авто из Европы  ✅ Продажа авто ✅ Выкуп авто  ✅ Оформление документов, регистрация авто"
freelance_chat,group,FreeLance Чат,647,
freelance_shablon,channel,Freelance Shablon,443,Powered by @novqa_group
freelance_spain,group,Freelance Spain 🆓💯,342,"Canal con pretensión de ser un referente en España para conseguir trabajo freelance o bien ofrecerlo, ademas de que se publiquen consejos y experiencias que ayuden a nueva gente a dar el salto a ser freelance o bien mejorar su forma del dia a dia. ES ONLY"
sportcyber_ua,channel,Новини Кібер,1127,"Головний український канал по CS:GO, CS2, відеоігри та активне життя!  Зв'язок - @Arkadiyilua"
cubegamenews,channel,CubeGameNews,374,"Здравствуйте,дорогие подписчики,этот канал создан для того, чтобы Вы всегда были осведомлены нынешними скидками и акциями, а так же погрузились в мир игровых новостей.  Сотрудничество - @shizob  Ссылка на приглашение: t.me/cubegamenews"
extranexus_esports,channel,EXTRA NEXUS ESPORTS,202,Since Season 6 Until Now Leader : @hamid_09hh Public: @ExtraNexus_Public
ruanimenews,channel,RuAnimeNews - Аниме новости,558,Новости и мемчики.  Все материалы взяты из открытых источников.
gameneeews,channel,Игровой Макан,318,
racenewsru,channel,Новости The Race,123,Новости и анонсы игры @race  t.me/race/beta
yessirraff,channel,RAF,298,
aimgamenews,group,AIMGAME.RU - Новости,98,Чат AIMGAME - https://t.me/+Z3TYZS63oSplY2U6  Канал файлов - https://t.me/aimgamefiles
tiernewscs2,channel,Tier News | CS2,26,Tier News — новостник в мире CS2. По коммерческим вопросам ✍️  Обращаться в личку канала
echossense_news,channel,Echossense NEWS,126,Привет! Это новостник киберспортивной команды находящийся на т3 про сцены ECHOSSENSE  Руководитель команды- @XLendyyy  Писать по пиару @XLendyyy Спасибо за учтеную информацию   Подпишись на Echossense News
nox_esports666,channel,NOX ESPORTS,37,
bilybbb,channel,°𓏲.˚ 君の名は。 BILY♪⋆.,320,you can hate me for me.  baby that's your loss.  don't love me for somebody i'm not
vecherab,channel,Вечерний рабочий,246,Жертвы заводских гудков
auto_dtp1,channel,Битые Авто Москва,327,Только битые авто РФ 🇷🇺  ‼️ Наш основной канал: https://t.me/auto_dtp1  Подписывайтесь ☝️
iafuml,channel,IAFUML,171,скоро снимусь в молодёжке
maximsvishiov,channel,YOmoYO,156,"YOmoYO - безумный мир художника Максима Свищëва. Диджитал фреска, медиа скульптура, ии эксперименты, размышления о искусстве, битые пиксели прошлых работ, мечты о будущем. Вытаскиваю слепки сознания в новостную ленту. Делюсь идеями и открытиями. Более 15"
hooliganbtsver,channel,Hooligan,81,Birth : may 16th 2024 🎀 Just for fangirlin' 🙌🏻 💓 @winedevainebot
inside_minhal_witch,channel,Inside Minhal,448,"Магически-оккультный плейс, практика из Узбекистана. Минхал.  Эта группа известна не количеством подписчиков, а тем что аккуратно превосходит других.  Инсайды, курсы, подкасты, ритуалы, лайв 🥀  Связь : @minhal_witch  Инстаграм: https://bit.ly/MinhalWitch"
bitem3plss,channel,bitemeplss,167,tiktok: bitemeplss
blyablyasha,channel,дрифтуля тайп бит,91,найти возможности не стало
sopesoup,channel,:: bangteez home˚໑₊,80,"привет и добро пожаловать в хаотичный, но уютный уголок о любви к ateez и bts.  здесь от хиханьки до хаханьки.  надеюсь, тебе будет комфортно 🐾  анон.бот: @chickensoup_bot тт: arsi.usha"
prodtaiji,channel,prod taiji,33,биты для крестьян   основной канал - https://t.me/taijihopegodbless
playbackunit,channel,Блок відтворення (PBU)🍅,53,
ebalmetallll,channel,ТГК ДЛЯ ДВУХ ЧЕЛОВЕК😘🧚🏿🧚🏿🧚🏿🧚🏿,46,кто поня тот понял
sonicq76,channel,сонякона,34,
neetpgmeducate,group,NEET PG Counselling 2026-MEDUCATE,4757,
mneducationgroup,channel,MN Edu Counselling Group,1611,MN Education Counselling Group is registered in Malaysia as an official Representative of Malaysian Universities since 2007 to promote Malaysian Education to international Student .with Free Consultation - FREE admission Tell: +601170096587
counsellingdaily,channel,COUNSELLING DAILY,49,"Counselling for your issues in Career, Family, Love, Relationships, Online & Offline Earning thru counsellingdaily.com"
hmdcounsellingcenter,channel,مرکز مشاوره دانشگاه علوم پزشکی همدان,176,💎 حال خوبت با ما 💎  راه‌های ارتباطی: ☎️ 08138381047 🌐 https://www.umsha.ac.ir 📱 eitaa.com/hcouncelling 📧 counselling@umsha.ac.ir
medicineconfession,channel,переходник медицина кф,740,ь
modnix_krovei,channel,Модных кровей,12555,Культурный и всякий разный лайфстайл Насти Никифоровой 📍Saint-Petersburg 💌 @Anastasia_Salut  Inst: https://www.instagram.com/modnix.krovei?igsh=NG5peWR5ZmM2NjVp&utm_source=qr MAX: https://max.ru/grafinya_nikiforova
modniyprorab,channel,Модный прораб,18227,"Канал Анны Зиновьевой про моду и интерьеры. Эстет, визионер, дизайнер интерьера, инфлюэнсер.  Колумнист BURO 314 Регистрация https://clck.ru/3EdQUj  По всем вопросам ✉️ @modniyassistant (ассистент)  Бюро https://zinovievagrig.ru"
modnie_ludy,channel,МОДНЫЕ ЛЮДИ Натальи Бедняковой,372,Красота с результатом 🔥  ▫️ Эндосфера ▫️ Volnewmer ▫️ Мегаскульптор - 7 см за 1 сеанс ▫️ Ultraformer MPT4 ▫️ Фотоомоложение M22 ▫️ Удаление сосудов и пигментации ▫️ Лечение акне и купероза ▫️ Кинезиолог  💌 Записаться → https://t.me/modnie_ludy_admin
modniystyleby,channel,MODNIY.STYLE.BY.,191,
modnayaya,channel,Modna.You_are Жіночий одяг опт/дроп,1019,Жіночий одяг 🛍Україна🇺🇦
modnajj,channel,Модная Грация Plus,823,"Помогаю выйти из тени и стать неотразимой PlusСтиль без диет и правил Поддержка, рабочие приемы от стилистов, юмор размера и вдохновение для тебя  Для связи: @textelen"
carnegiiiea,channel,карнегия,354,ex-slowcore//shoegaze  youtube.com/@carnegiiiea  instagram.com/@carnegiiiea   vk.com/moldavianemo (вк)  carnegiiiea@gmail.com  бездарный лейбл (наш дом)  https://carnegiiiea.space - сайт  @moldavianemo – для связи
modniki63,channel,modniki,332,by @rmwonthebeat & @glory6a6y
modniy_hvost,channel,Модный хвост,24,Модный Хвост — уход и красота для питомцев 🐾 Стрижка • мойка • забота
mocik_is_lie,channel,хто такі моцік?,132,хто такі моцік?
lokilokp,channel,локи арты,79,
talizorya,channel,Talizorya_Art🍀,133,"Привіт! 🍀 Радо вітаю тебе на каналі де ти знайдеш мої арти, скетчі й трошки дичини)"
solosovi,channel,Дом Лигинды 💊,183,"Ваш любимый C# dev.  Чат - https://t.me/+HSkk0IBP7OthN2Ey  Инфо - https://tapy.me/liginda  Вообще я против всей рекламы наебальни, но наебалова тут нет, так что всё нормально"
rim0archive,channel,rim0 archive,96,"Фролов Богдан (родился 1 сентября 2009 года) – русский исполнитель из Смоленска, проживающий в Москве."
burmaldeckiyplug,channel,вкусная пакостность,25,"ск: soundcloud.com/1myriadtruths тт: ruspluggers фиты, опены, по хуйне: @myriad556 #родныерекордс #лонеливулвз🥀 #summerGANG"
mxlzr,channel,Макс Лазаренко. Блог,50,Бложе мой 🔴 Вход в Логово https://t.me/mxlzr/3121 По сотрудничеству: @feelos МЕНЯ В ИНТЕРНЕТЕ БОЛЬШЕ. Здесь про другие каналы: @aboutfeelos
sishka_loll,channel,Архив,15,мой лс: @sz0qq_ua (писать по причинам) анон: t.me/anonaskbot?start=vd3fqyu
spacewwlk,channel,spacewalker | ушла,46,"им нужен свидетель — бог. мне нужна та, кто помнит мой голос даже в полной темноте"
lokiluckyu,channel,локи страна кукурузы,8,Пр рисую и часто щитпощу˙𐃷˙ Инфо:@l0kilonely Сашанами не канон потому что знаете почему? Да потому что Саша НЕНАВИДИТ Нами...... она буквально использует её ПОСТОЯННО😢😢😢 и на постерах она смотрит на неё с желанием убить Нами а Нами такая
losinoegnezdo,channel,losinoegnezdo,7,Copy VKgroup: vk.com/losinoegnezdo
ping_localhost_blog,channel,ping localhost,1,
pikakal0rk284,channel,tagged by @dog3t,1,
avalonsforumm,channel,AVALON,631,"Добро пожаловать в анон-проект. Здесь обсудят весь вирт и не только, включая тебя и твою личную жизнь.  Ссылка другу:  https://t.me/+9TU9UOa7JKgzZDky"
semivest,channel,Семикаракорские вести,358,"Копирование и использование полных материалов, опубликованных на сайте ""Семикаракорские вести"", запрещено, частичное цитирование возможно только при условии ссылки на сайт https://semivest.ru/."
catfloodmeowww,channel,𝓒𝓪𝓽 '𝓼 𝓯𝓵𝓸𝓸𝓭💖,162,— The best flood ever... 𝓒 𝓪 𝓽 ' 𝓼   𝓯 𝓵 𝓸 𝓸 𝓭 —  — В поисках союзов! 𓂃۶ৎ — 💖
prefectofplatinum,channel,АРХИВ 𝐏𝐑𝐄𝐅𝐄𝐂𝐓'𝐒 𝐄𝐌𝐏𝐈𝐑𝐄,49,"— ведь я при тебе краснею, как сквозное ножевое. солнце, мы с тобою будто, мы с тобою как. . .    |   #печатьсмерти .  по всем вопросам – @dennmorozov .  арты сгенерированы лично мной, просьба брать их с отметкой данного канала."
cats_mooninfo,channel,Заморожены ❄️ - ℭaׅȶs M𑄈oׄn,156,ᅠᅠᅠᅠ ФЛУ͟͟Д  ПО  К-ПОП ᅠ( 🩵 )  26 ' 01 ' 2025 - Open ! ᅠᅠ @WriteByShinRyujin  /  @anonimkaanonimabot ᅠᅠᅠᅠАрхив  — @catsmoonarch
floodoriginalsfamily,channel,𝐨𝐫𝐢𝐠𝐢𝐧𝐚𝐥 𝐜𝐨𝐦𝐩𝐨𝐮𝐧𝐝 𝐢𝐧𝐟𝐨.,205,писать: @tedismee51 ебанатам вход открыт
lurientutorials,channel,Luiren Craft косплей туториалы,177,"Канал для полных видео и фото туториалов, мастерклассов, обучения. Следите за тегами, переходите по ним чтобы увидеть полный процесс чего-либо."
savageerafloodinfo,channel,РЕСТ 𝒮𝒶𝓋𝒶𝑔𝑒 ℰ𝓇𝒶 𝒻𝓁𝑜𝑜𝒹 INFO,149,"​✨ 𝒩𝒶𝓈𝒽 𝓂𝒶𝓁𝑒𝓃'𝓀𝒾𝓎 𝓀𝑜𝓈𝓂𝑜𝓈, где каждый камбэк — праздник, а каждая фотокарточка — сокровище. 🎐 Место, где музыка стирает расстояния, а разговоры не утихают до самого утра. Влд:: @Zara_kim11 Совлд/доп:: @Ziyy_7744 ​14.06.2026 - начало"
khrask,channel,Ask 🔞 Katekyo hitman Reborn,99,"Вступая в эту группу, вы подтверждаете, что вам 18+ полных лет.  Все персонажи, изображенные в ответах нашего аска, достигли совершеннолетнего возраста."
raspakovka1268,channel,Фея распаковок🧚🏻‍♀️,81,"Добро пожаловать в мой маленький уголок тепла, радости и коробок, полных сюрпризов.💫"
role_playing_river,channel,"Role-Project ""Playing River""/Заморозка|Иправление и добавление разных неканоничных вещей/доработка сюжета и его линий",51,"Лицам, не достигшим 12 полных лет не допускаются к рп  Если влд не верит, что вам 12, то она имеет полное право отказать"
thepiercefamily,channel,𝑡ℎ𝑒 𝑃𝑖𝑒𝑟𝑐𝑒 𝐹𝑎𝑚𝑖𝑙𝑦 | 𝔣𝔩𝔬𝔬𝔡 🐾ⁱⁿᶠᵒ,41,
haterichconf,channel,Hate Rich Confession,23,Бот для тейков: @haterichbot  В браке с @richconfessions <3
wisteriafl00d,channel,𝟧𝟢𝟩 | 𝖶𝗂𝗌𝗍𝖾𝗋𝗂𝖺 𝖥𝗅𝗈𝗈𝖽,27,𝗈𝗐𝗇 𝟣 @m10vq / 𝗒𝗎𝗇𝖺𝗁 𝗈𝗐𝗇 𝟤 @W1STERI3 / 𝗂𝖺𝗇 𝗌𝗍𝖺𝗋𝗍 : 𝟢1. 𝟢𝟩. 𝟤𝟨  𝖾𝗇𝖽 : 𝗇𝖾𝗏𝖾𝗋..
pdsetern,channel,подслушано у bunny drift,13,@bunny_drift
valpurcitynet,channel,ѴѧƖⱀυɍҁϊϯƴ.ƞєϯ,9,
allfdfl00d,channel,all fandom flood (MP) ㅤ♡,3,
zastroirf,channel,Застройка РФ | Недвижимость,8934,"Элитные Новостройки, Жилые комплексы, Клубные дома - все о стройке в Российской Федерации.  По всем вопросам: @nedvijasmm"
vorobevadeaf,channel,Воробьева Марина | Личный блог,2513,"Буду рассказывать о своей жизни, о работе, делится полезностям❤️  ЛС @WonderWomanM  Мои каналы:  M² CLUB - клубные вечеринки для глухого сообщества   https://t.me/deafevent  Конспирология / Пророчества / Политика https://t.me/WonderWomanDeaf"
arturterisayan,channel,Артур Терисаян,764,"Честно о бизнесе, инвестициях, недвижимости, строительстве и жизни предпринимателя с 22-летним опытом.  Строю клубные резиденции papushevo.ru monavie.ru Развиваю цифровые сервисы uremont.com migtorg.com domohotels.ru"
mercedesw222chats,group,Mercedes S W222 Club,1241,Чат автовладельцев Mercedes-Benz. Чат в MAX: @mercedes_clubrus По сотрудничеству: @advisable_admin
car_4arking,channel,Car 4arking,155,связаться с администрацией @ghost_silhoue44e (Настя) @Munis65 (Мунис)
brpinside,channel,InsideBR,64,Тут только свежие инсайды!  По вопросам - t.me/brpinside?direct
bmw_ska,channel,⚠️ 🅱🅼🆆 🅶🆁🅾🆄🅿 ⚠️,65,Про BMW и не только 😅
secretcarsclub,group,SECRET CARS CLUB,35,"SECRET CARS CLUB  • Клубный автосалон  • Премиальные автомобили в наличии и под заказ  • Лизинг и автокредитование  • Тюнинг и дооснащение   г. Москва, Хамовники, Большой Саввинский переулок, д.12с16. Телефон: +7 (925) 010-04-64"
obshchenieus,group,Группа для общение 𝐒𝐓𝐈𝐅𝐊𝐏 💭,66,Ꭰᴏбᴩᴏ ᴨᴏжᴀᴧᴏʙᴀᴛь ʙ нᴀɯу бᴇᴄᴇду)   Правила чата: @PRAVILA9 👈 Поддержка чата: @chatadminu 👮‍♂️  Все розыгрыши тут >>> @stifkp ✅
bmwonanisty,channel,BMW_ONANISTY,92,Для добавления в чат - пишем в сообщения канала
nabor_kapsaps,channel,набор 𝐾𝑎𝑝𝑠𝑎𝑝𝑠 𝑠𝑞𝑢𝑎𝑑,27,
n1ghtcl0b,channel,ɴɪɢʜᴛ ᴄʟᴜʙ (ᴅᴡ ʀᴜɴ),12,"Начнем проводить раны с +20 пд ㅤㅤㅤㅤㅤПривет посититель!  ㅤㅤТы попал в Night Club, это канал по ㅤㅤㅤㅤㅤранам в игре Dandy World.                            ↓↓Правила↓↓                      ссылка тут *клац*                  https://t.me/n1ghtcl0b/1"
natfabrichnova,channel,"Наташа о жизни, змее и машинах",9617,Cogito ergo sum
michailhw,channel,Міша HW,476,
alexterribleofficial,channel,Alex Terrible,21948,
angryguysol,group,JUST AN ANGRY GUY CTO,415,Angryguy.io You missed that PRICK CHILLGUY DONT MISS ANGRYGUY😡 https://x.com/ANGRYGUY_onsol TikTok: https://www.tiktok.com/@notsochillguy YouTube: https://www.youtube.com@OfficialANGRYGUY LinkTree: https://linktr.ee/angryguysolana
aggressive_chair,channel,Агрессивная Табуретка,57,"А я что, я ничего...."
agressian11,channel,База агрессии,135,"Карта привязана к номеру телефона, а я к люстре"
aggrpbbsor,channel,Агрессоррр⁶⁵ 🪐,26,Важные ссылки: Инфо – @InfoAboutDevil Тик ток – https://www.tiktok.com/@aggrpbbsor?_r=1&_t=ZS-93yZoCjy4Ek ВК – https://vk.ru/aggrpbbsor
franklininhighland2008,channel,Кабаре постмодернистов №13,21,
t_w_z_t_d,channel,агрессивный twztd,71,"о музыке, педалях, работе осветителем и о потугах в рисование"
sexqmen,channel,Рест🔒. Развратный отец.,44,
hynbnd,channel,小杰惨死现场,32,
ultraviolence_by_me,channel,Ultraviolence,44,Эксклюзивный Реабилитационный центр
angryavendaily,channel,злой авантюрин каждый день,6,собственно здесь будут фото злого авантюрина каждый день
formula1inside,channel,F1 Inside,1162,"Формула-1 и автоспорт. Только главное и чуть больше, чем у остальных.  Следим за сезоном 2026.  @formula1inside"
porkyinside,channel,PorkyInside,679,Личный канал про автоспорт и не только.
bro_autosport,channel,Бро Автоспорт / Новости про автоспорт,11,Все новости про автоспорт сегодня
dontbrakekeepthrottle,channel,Don't Brake Keep Throttle,441,"Вітаю) Канал про автоспорт, а точніше - про його історію 😉"
angrydog6,channel,AngryDog🌻,304,"Сашка/AngryDog (Энгри) Для ВК старичков - Злой Хорь  иногда мелькает 18+ (Фуллы онли в щп, если это не гуро)  Лс - @mechanisms_6 Щп - частный, можете ткнуть в лс Анонимка ↓ http://t.me/anonimnyye_voprosy_bot?start=gfye5"
maryanchikfur,channel,Марянчиk!,228,⊹₊˚‧︵‿₊୨ᰔ୧₊‿︵‧˚₊⊹
clastrwbrry,channel,CLA // Confession of Little Authors 🍓,634,Нафигация: https://t.me/clastrwbrry/26  авторка арта на аватарке: @Wistewli0oN
angrycorgi,channel,AngryCorgi - Компи для ППО,155,
angrycatann,channel,Angry Cat Channel,158,
odnklcf,channel,ОДНКЛ || cf,41,"Все, кто ненавидит или обожает своих корешей по парте  👻Бот для тейков: @Anontaiksconfbot"
vxicesinmyhexd,channel,.cripnikka,301,#REVENGE #GARDENBOY
angryzov,channel,Агрессоры ZOV,116,"Актуальные новости о СВО. Обзор жизни в России и за рубежом.  Будем рады вам в нашем чате. В него можно вступить по ссылке - https://t.me/+B9HBklF9Z5gyMDEy Для вступления в чат требуется одобрения администратора, поэтому вступление происходит не сразу."
durachok_s_karandashami,channel,Дурачок с карандашами🎉,47,"[🎉]:;—Прр,коммишки продаю🤣🤣‼️ Бобры плаксики,банан,батон,баклашка,балбес,бь"
svalka_minsata,channel,:: — Днᥱʙнᥙκ Тʙ᧐ρчᥱᥴᴛʙᥲ 𐌑ᥙнᥴᥲᴛᥲ.,131,"Юз влд канала: @crazy_minsat Я есть в лайк, тт, пинтерест.  Тт/лайк/пинт акк: crazy_minsat  Анон - http://t.me/anonaskbot?start=05i4wod (Отвечаю на них в своем щп канале, могу и здесь иногда)  Щп—https://t.me/+l0mfzvCgMepkZTMy"
clancyblog,channel,꧁₣₳₦₡¥ ₡Ł₳₦₡¥'$ ฿₳₹₹₳₡₭$ ꧂,63,
angryelo,channel,Angry Revelationposting VII (The Hope Awakens),90,Dicono di me:  “te devi cambiare hobby datti alle scommesse sui cani virtuali” - @magicalcorner  “Peccato tu esista davvero” - @KeehlZone  “Non è colpa mia se hai quality content” - @NemoForevermore  “Bald nigga yearning” - @Zasker
angryway,channel,English Boom,84,"This is my way for learning English  If you want to meet new friends, to discuss about programming, languages and any topics, you should go to our kindly chat too  Chat: @angryway_chat Contact to admin: @angrywebdev  Russian channel: @sbsforweb"
scream66_66,channel,SCREAM!,19,Design. Vintage. Bastards. Rock’n roll!!  https://t.me/boost/scream66_66 - Boost
angrycrewhome,channel,angry crew home,50,Angry crew Танцоры💃 Заходите здесь круто🔥 Ученики - https://t.me/School_dance_luxe
animaticbattlecf,channel,Animatic Battle Confession,92,"В данном кф будут тейки и новости, так и тизеры с постами JammedJacket !   Бот для тейков — @AnimaticBattleConfessionBot (жалобы можно сюда! )   Посты с 10:00 по 22:00 по мск,  вп в любое время,  дейли в 16:10  ФЛУД https://t.me/+WHd1CfB_0EY4ZTUy"
dynamiteheadcf,channel,dynamitehead confession!,31,Добро пожаловать в бомбическую конфу по DYNAMITEHEAD TNTSON!  Бот для тейков: @dynamitetakebot
crunchy_chip_sgc,channel,𝐶𝑟𝑢𝑛𝑐ℎ𝑦|𝐶ℎ𝑖𝑝•𝐵𝑙𝑜𝑔,10,
angrycybercat,channel,AngryCyberCat/Миска Киски,17,Осторожно злая кошка
vivatel_level_5,channel,WONDERFUL MODERN SPA,1424,
level_up_markazi,channel,Level Up Education Center,1183,💡Level Up - bilim ulashamiz!  Markazimiz haqidagi barcha ma'lumotlarni administratorlardan olishingiz mumkin. Murojaat uchun: ☎️+99894 291-99-49 📞+99897 751-99-49  Manzil: G'uzor tumani Passport stoli orqa tomoni Mo'ljal: Tibbiyot texnikumi
go_high_level,group,GoHighLevel,723,Community of GHL Software
level_up_olga,channel,Бизнес-расстановки Ольга Мухамеджанова,678,"Канал для бизнесменов,  предпринимателей и экспертов топ-уровня, кто хочет масштабироваться, реализовываться, иметь больше влияния и перейти на новый уровень дохода. Ольга Мухамеджанова @olga_mukha"
ldesign_space,channel,LDesign Space - Все о дизайне уровней,1251,"Меня зовут Артем, я Level Designer, 10 лет в геймдеве, веду образовательный блог для дизайнеров уровней. Пишу статьи, разбираю игры, собираю ресурсы для обучения.  Сайт - LDesign.space ЛС - @ashgdev"
performancelab_official,channel,Перфоманс Лаб,149,Обеспечиваем производительности высоконагруженных ИТ-систем. performance-lab.ru Канал конференции «ПерфКонф» @performanceconf
smilevpn_shop,channel,SMILE | VPN,7757,"Best and fastest Services in Iran 🔥🇮🇷 For Game, Web browsing, Trade and ... ⚡️  • Instagram : Instagram.com/... ☀️  • Admin : @SmileVpn_Support 🌀  • Buy : @Smile_vpn_bot ❄️"
skskeheheheh,group,💠💠💠스마일 치즈 마케팅💠💠💠,6517,
smile_homa,channel,✨ smile_homa ✨,549,"Boosty: https://boosty.to/smile_homa   🎄Стример Twitch, YouTube и VKPlay 🎄 🎄Музыкант🎄 🎄Лидер группы Vasanta🎄  🎄Ярый фанат жареной картошечки и просто хомяк 🎄  🎄Живу чудесную жизнь полную впечатлений и недосыпов🎄"
smileyglobal,group,Smiley Coin😃,1067,SmileyCoin is a global currency standard you can trust. https://www.smiley.ws
cosmo_smile,channel,Cosmo Smile,686,"Сарказм и юмор, пёсики и киноцитаты, хардкор и мимими, - всё смешалось. Здесь.Огнщ О Владелец: @fedotoff116"
smilzhr,group,SMILZ HR JOB ALERTS 😊,141,
smileoneru,channel,SMILE ONE RU MEMES ❤️,809,Официальный телеграм канал онлайн магазина Smile One 💎 https://www.smile.one/ru/
smilefh2,channel,Smile Shopping 🛍️🛍️🛍️,227,Welcome to smile online shopping
vsjopodrjad,channel,▄▄▄▄▄▄▄▄▄▄▄▄▄,4141,#котик #cat #smile #пікчі  #меми
officile_smile,channel,گروه بادکنک آرایی لبخند,661,فروش ویژه بادکنک ( عمده) اجاره لوازم بادکنک آرایی 🎈 گروه بادکنک آرایی لبخند  📍با ۳ شعبه فعال در استان البرز #هشتگرد#کرج#کردان#سهلیه ۰۹۰۳۳۶۰۹۰۰۹_۰۹۳۹۷۳۲۵۶۰۳
chimperstg,channel,Chimpers,4563,On a mission to make you smile!
smile_terminator,channel,Улыбка Терминатора,1448,
smileshop18,channel,𝔰𝔪𝔦𝔩𝔢 𝔰𝔥𝔬𝔭,1791,
smile_star10,channel,.°● Smile pizza ●°.,87,"Лс ~ @smile_cheese_chat Бот ~ @smile_star_bot  Привет! Раз ты зашел[а] на мой канал значит тебе интересно моё творчество. Тут будут арты, скетчи, анимация по моей вселенной и многое другое  Надеюсь тебе тут понравится ♡"
joy_new_smile,channel,Учебный центр Joy New Smile,416,"🦷Дополнительное обучение для стоматологов 🎨Event by JNS   💻Наш сайт: https://joy-newsmile.ru 📖Предстоящие курсы: https://joy-newsmile.ru/kursy-dlya-stomatologov  Вконтакте: https://vk.com/juliausacheva  ❓Вопросы и предложения +79101337090, +79108986395"
prokatmontazh,channel,ПРОКАТМОНТАЖ Life,650,"Официальный канал о деятельности и жизни АО ""Прокатмонтаж"""
igoran52,channel,Игорь Анатольевич Шарков,5284,Официальный канал Игоря Анатольевича Шаркова в Telegram 🇷🇺  ВКонтакте: vk.ru/igoran52 📲 Телефон: +7 (999) 888-88-91 (TG) ☎️ Пресс-служба: i@zetvia.ru 📧
igororganize,channel,"ИГОРЬ, ОРГАНИЗУЙ",248,"меня зовут Игорь и я могу организовать все, что только можно и нельзя придумать  @idbboyko  vk.com/idbboyko"
dmitriyogly100,channel,DMITRIY OGLY,355,"🥋Мастер спорта России по карате киокусинкай (IKO)  ⚫️Чёрный пояс, 1 Дан Боец и тренер клуба «God hand”  🥊"
igortgm,channel,Игорь Токарев делает Татуировки,269,"Тату мастер для тех, кому за 35.  Если для тебя это не просто рисунок, а часть  истории - ты про адресу."
krugballchik,channel,Круглый мяч,412,Круглый год про круглый мяч  Ютуб: https://youtube.com/@krugballchik?si=E4QwAn76vsoKf82J  На связи тут @vadzimek
igorsum,channel,Игорь Сумин и его команда,208,"Игорь Сумин о партнерствах в бизнесе, о личном пути в медиа и СМИ, о развитии тематических сообществ и новых подходах   Био: https://игорьсумин.рф  Книга: https://books.yandex.ru/authors/FRAYmWEg  Сайт: типичная-москва.рф 👉 @igsumin"
igornewlp,channel,Игорь Латышев NewLP,479,"Новая Логистика - взгляд со стороны грузовладельца, автоперевозчика, экспедитора и жд Оператора; Поставщика сырья и Потребителя, Грузоотправителя и Грузополучателя, Коммерсанта и Заводчанина."
igorsedow,channel,Седов И. Ю. Гордума Астрахани,462,Информация о деятельности Председателя городской думы Астрахани и не только.
iliagrinenko,channel,Гриненко Илья,640,"Руководитель клуба «Югра», тренер высшей категории, мастер спорта России, участник общественного совета г. Сургута. #командаюгра"
igor_guskov61,channel,Игорь Гуськов,612,Заместитель Председателя Законодательного Собрания Ростовской области  ВКонтакте: https://vk.ru/guskov_igor61 Одноклассники: https://ok.ru/profile/910418764908
bbacompany,channel,🟠Оранжевый в Бородатом🧸,253,"Концерты, аренда сцены, свет и звук, барабаны и бэклайн, эффекты и крио, фото и видео, трансферы и туры, студийная работа и обзоры групп"
ts09k,channel,twixtors & замедления,1728,
saren_cold,channel,Saren💕📲,89,https://t.me/saren_mtk چنل قبلی http://t.me/safeCht_bot?start=h2Exm9 ناشناسم
d3structt,channel,d3struct,337,CEO @fjordsmusic
bimohemmat,channel,مهمات، ولی نه زیاد,25,http://t.me/HidenChat_Bot?start=138623855
nemezis_nibiru,channel,НИБИРУ,569,"Нибиру, Времето и Смяната на Системата, Великият Учител на Човечеството, Системата Немесис  Голямата Трансформация, Божествения Чистач, Последните Времена 🇧🇬🌀🌏🦅  Facebook - https://facebook.com/groups/3843992352495445/"
buriedheartsmmsub2025,channel,Filing For Love MMSUB စဆုံး,72355,
myanmar_movies_mmsub,channel,ဒုတိယမြောက်လက်ထက်ခွင့် စဆုံး မဟာ မြန်မာဇာတ်လမ်းတွဲ,4765,
bon_appetit_your_majesty_mmsub,channel,Bon Appetit Your Majesty 🤎,37364,https://t.me/+mzdLipmhbxxkOTY1
scandal_mmsub,channel,နန်းတွင်းထဲကကျွန်မချစ်သူ,463,
seriallarolamiuzb,channel,Seriallar Olami 🎄,538,Sevimli seriallaringiz endi shu kanalda🤩 Faqat “Seriallar Olami”da 😉  YouTube: youtube.com/@SeriallarOlamiUZ Instagram: instagram.com/Seriallar.Olami Dzen: https://dzen.ru/id/645be05ebfd2bd08158fae65  Murojaat: @SeriallarOlamiUZ_Bot
webseries33,channel,WebSeries,182,💦🤩 Webseries collection🤩💦
smotretanimeoki,channel,"АНИМЕOKI - Смотреть аниме,Магическая битва3сезон,Адский рай2сезон,Повседневная жизни бессмертного короля 5,Звездное дитя❤️",1161,"♥️Добро пожаловать на АнимеOki — место, где живут тайтлы 💫 💡-По вопросам рекламы или сотрудничества обращаться @SkuziOki /  🎯Присоединяйся к нам !Следи за свежими новостями индустрии 👀/Делись впечатлениями от новых серий .АНИМЕ❤️‍🔥"
deasolytor11,channel,deasolytor,346,тут я буду выкладывать разные туториалы по ае и свои видео
nowtvdizi,channel,Зависть | Ревность | Турецкий сериал,856,"Все о сериале «Зависть» 🧙‍♀️  Новости, фрагменты, закадровые моменты и обсуждение серий.  В главных ролях: Озгю Намаль и Селахаттин Пашалы ❤️  Другие наши каналы по турецким сериалам: https://t.me/kinoliraturk   Наш сайт: kinolira.ru"
sorrowican,channel,sirius,173,@imstoryoflovebot
palmira_book,channel,"ПАЛЬМИРА | Vita brevis, ars longa",296,Издательство «Пальмира»: от малых тиражей до классических серий.
sborseriy_turkshoes,channel,Сбор серий ™ КАБЛУЧОК™👠👜,236,"Качественная обувь и сумки из Турции, Пекина и России ⚜️ Предоплата 100% Возврата и обмена нет❌ Оплата наличными, картой, пайнет Доставка по Ташкенту 30000  В области через BTS, STAREX, EMU Для заказа ✍️ @victoriasshop @regisha9090 🤩 @vnalichiishopterapy"
therookielapd,channel,The Rookie/Новобранец🚓,396,"Фан-канал по сериалу Новичок. Новости, обновления из соцсетей актёров, кадры из серий и всё о сериале."
avtoterritoria,channel,Авто Территория | Женя Продает,3288,Здесь продаются варианты на которых ты точно заработаешь! Бронировать автомобиль строго после публикации и только после звонка! Связь держим здесь: @znautvse Телефон: 89625538687 Евгений Инстаграм: Evgeniu.olegovich Канал: https://t.me/+jkfBVWn33I45YTUy
matdestudio,channel,màtde studio | фотостудия,500,фотостудия   бронировать - http://appevent.ru/w/16412
turmechti2,channel,О ПУТЕШЕСТВИЯХ l АВТОРСКИЕ ТУРЫ,348,С нами вы узнаете про:   ✅ куда и когда стоит бронировать тур по самым выгодным ценам ✅ оформление визы в любую страну ✅ авторские путешествия в различные страны ✅ групповые туры с экспертами  👇🏼 подбор тура по вашему запросу @astrobach
boyarskiy_dvor,channel,Boyarskiy_dvor,71,"🍁Гостиница в горах Адыгеи 🍁Баня 🍁Беседки, мангалы 🍁Ресторан Бронь по телефону 8(928)467-83-83 Или по ссылки  https://reservationsteps.ru/rooms/index/d81fa300-415e-47eb-9220-0aa3ef3f782c"
soulcitysochi,channel,ДУША ГОРОДА,149,🎧 Аудиоспектакль по историческому центру Сочи!   90 минут погружения в историю и легенды Сочи в сопровождении Хранителя🧙  Специальные тарифы для групп и школьников📩  Бронировать: +79882342244
travelgoby,channel,travelgo.by,209,"TravelGo — это онлайн-сервис для поиска и бронирования туров по туроператорам Беларуси и России в одном месте.   Можно сравнивать цены, выбирать подходящие варианты по датам и отелям, а также быстро бронировать онлайн.  💬 Поддержка — @travelgoby_bot"
porogiauto,channel,Пороги-Авто - кузовной ремонт,167,Производство кузовных деталей. Канал по кузовному ремонту. porogi-auto.com vk.com/porogi_auto
avtokrab72,channel,Автозапчасти| Бампера| Кузовной ремонт,189,"В этом канале можно наблюдать за нашими работами, узнавать наличие товара, стоимость услуг и запчастей.  С 2003г мы продаем детали кузова на весь автоВАЗ и иномарки среднего класса, занимаемся кузовным ремонтом автомобилей. Пишите https://t.me/lena100983"
porogga,channel,Пороги и арки AUTOGEIZER,62,Производство и продажа кузовных деталей
russians_in_chicago,group,Русские в Чикаго,11134,Подписывайся на новостной портал для эмигрантов @ExpatFM  Другие чаты по США https://t.me/expatFM_chats/25  Все чаты сообщества t.me/expatFM_chats/28  По вопросам рекламы обращайтесь к @otkidachos Администратор @asselozturk
russkayaobchinaaleksandrov,group,Русская Община (Александров),926,https://vk.com/obchinaaleksandrov
americancommunityinrussia,channel,Americans living in Russia,2136,Join our chat: https://t.me/ALIRChat  💬 Contact: @ElB20
veruscommunity,group,Verus Community,3222,https://verus.io
csspace_chat,group,CS Space Chat,442,"Computer Science Space — научное-технологическое сообщество с открытыми курсами, лекциями, митапами и соревнованиями.  • Сайт: csspace.io • Канал: @csspace"
secrets_of_marriage,channel,Семейный проект | Ярославцева,590,"К СЕБЕ И К СЕМЬЕ - ЧЕРЕЗ ЗРЕЛОСТЬ И ДУХОВНЫЙ РОСТ  Быть честными и открытыми, Создавать отношения на доверии, Беречь любовь и гармонию, Развиваться вместе с детьми и друг другом!  https://life-accelerator.ru ⚜️Семья — твоя сила⚜️  ©️Наталия Ярославцева"
grande_del_mare,channel,"Отель ""Гранде дель Маре""",282,"🌅Гостиница  ""Гранде дель Маре"" ⭐️⭐️⭐️  📍Республика Крым, Черноморский р-н. пгт. Черноморское, ул. Сигнальная, 2В, строение 16  🌐Наш сайт: grandedelmare.ru"
geo89124816826,channel,✈️GEOТуры горячие как пирожки и просто классные как с картинки 89124816826,719,Канал про выгодные путешествия от турагента-эксперта  Горящие и просто захватывающие дух путешествия.  Ссылка на канал: https://t.me/geo89124816826  Консультация: @GalinaChu
grandhotel_ekd,channel,Гранд Отель Екатеринодар 5*,151,"Пространство для отдыха и написания вашей личной истории 💌  • круглосуточный ресторан русской кухни  • локация для проведения свадеб, мероприятий и бизнес-встреч  Сайт https://grandhotel-ekd.ru Ресепшн +7 (861) 217 76 73 Ресторан Груша +7 (861) 267 05 05"
gastropark_krd,channel,Гастропарк | КРАСНОДАР 🍽️,586,🌿 Amavi-средиземноморская кухня 🥐 La Rosee-кондитерская и завтраки 🍸 Monmart-коктейльный бар 🍝 Calcio e Pasta-итальянская кухня
geovkusa,channel,"ГЕОГРАФИЯ ВКУСА: чай, кофе, подарки",435,"«География вкуса» — это чай, кофе, подарки!  • Огромный выбор чая и кофе собственной обжарки • Подарочные наборы,  собираем и оформляем на заказ • Аксессуары для заваривания • Сладости • Доставка"
avax_hotel,channel,Grand Spa Hotel Avax | Краснодар,351,"Официальный канал Grand Spa Hotel Avax.   Новости, акции, скидки, мероприятия и лучшие предложения в Краснодаре.  Бронирование @avaxhotel_bot  avaxhotel.ru +7 861 222 00 22"
malenkaya_gruziya,channel,Маленькая Грузия,225,"Доставка грузинкой еды 🛵 Павшинская Пойма, Красногорск, Строгино, Митино, Тушино   📱 +79039728569 Адрес кафе: Подмосковный бульвар 12  Наш сайт 🌎 http://www.malenkaya-gruzia.ru"
best_ru_tours_in_armenia,group,"Трансферы, туры, экскурсии по Армении и не только 😋",19,"Граница Армении и Грузии, страховка и туризм, отели и музеи"
lesbianlobby,channel,Лобби,22968,Медиа о жизни и культуре квир-женщин. Ютуб-шоу «Блестки и карабины»: youtube.com/@glitterandcarabiners. Связь — через личные сообщения при канале.
geyiklobisi,channel,Geyik Lobisi,2250,"Debdebeli, tantanalı, eğlenceli ve istihzalı"
ffgavich,channel,𝑔𝒶𝓋 𝒻𝒻,138,tt: origffgav  насчёт деф видосов 150₽ @trexiws
cryptomonkeyzz,channel,Monkeys Money лобби,787,"Крипта, AI, финтех, инвестиции и цифровые тренды.  Все наши ресурсы: https://monkeys.money/links  Канал: @nefomoeb Chat: https://t.me/+MifW_zynHrIzMDhi  Youtube: https://www.youtube.com/@cryptomonkeys888  🤝 Партнерство: @museDead"
leopardlobby,channel,Леопардовое лобби,545,Фром Раша виз лавэ💸  Люблю искусство в себе и себя в искусстве.
no_whois,channel,papa no.,69,
rubbybubby,channel,нет это не руби,141,Руби это ты?  Рабочий тгк: https://t.me/sivriduphoto
hoshi_ho,channel,львиное логово ХоДжисов `🐾,68,"Любимый муж миллиардера,плэйбоя и просто любителя крапивы"
mafianotoxic,channel,Mafia No Toxic Community,327,🎩 Крупнейшее сообщество любителей классической онлайн мафии  ● ежедневные лобби на polemica или inetmafia ● турниры с призовым фондом ● обучение новичков
uharena,channel,Unhistory Debates,264,🌌Владельцы: @Ex112358 / @nothinginteresd 🎇бот поддержки: @RzxRix_Bot 🌠рег лобби по системе ммр: soon…
emmanoah_daily,channel,Non-daily emmanoah + cf🎪,86,
cryvalek,channel,лобби вали аникей,183,
bibibtopibi,channel,KERADAY!!!!!!!!!!!!!!!!!!!!!!!!!! spooky scary lobotomy 💥💥,40,
heyqbnk_chat,group,qbnk // Лобби,111,
matveeeeeeyskibidi,group,Логово спикеров (скибиди туалет рп чат),90,"Ролеплей по вселенной скибиди туалет. Здесь вы можете выбрать роль - перед тем, как играть за неё нужно поговорить с Владельцем на счёт этого. Анкеты не нужно. Канон ломать нельзя, сюжет с самого начала мы не начинаем"
lingvo_lobby_mpsu,channel,Лингво-Лобби,105,"Погружаемся в язык, постигаем культуру, создаём свою историю"
crocco_pubg,channel,𝘾𝙍𝙊𝘾𝘾𝙊,20,Platka: 5k  Device: Android  Lich: @Turabek_1
hatrby,channel,HARTBY,91,https://on.soundcloud.com/bdO7MTXtoUUGDBpHcK
tanyako_pro,channel,Ремонт | Комплектация | RD-agency,573,"Канал о том, как сделать  ремонт без переплат. Чек-листы, советы, разбор ошибок  Консультация по комплектации, сопровождение проектов @tanyaKo_p  По рекламе @vepras"
stoletmebel,channel,100 ЛЕТ Мебель. Столярное производство МО,90,Кухни на заказ. Мебель на заказ. Гардеробные на заказ. Изготовление в лучших традициях. Столярная мастерская
rucsheaven,channel,Ослиный рай!,815,"Каталанское коктейльное бистро Ruc's Heaven от команды perfectbarsteam.ru  Режим работы: Пн-Вс, Чт 13:00-01:00. Пт, Сб 13:00-02:00.  Забронировать столик: @rucsheavenadmin"
fromstinttostint,channel,От стинта к стинту,934,Канал об автогонках на выносливость - в России и за рубежом  #гонкинавыносливость #enduranceracing
disesporty,channel,MARCHENKO 🍑,633,Качаю 🍑с сухим прессом  Научу много есть и оставаться сухой   Попасть STABLE MASS по ссылке   https://t.me/disesportybot
pitstopendurancechamp,channel,Пит-Стоп Марафоны,706,Официальный telegram-канал командного чемпионата гонок на выносливость Пит-Стоп
leyliz_therapy_channel,channel,Психолог Лейла Избенко,75,"Ваш характер влияет на деньги, продажи и бизнес сильнее, чем кажется.   Здесь о том, как психика создаёт результат, строит карьеру и создает бизнес - или мешает этому.  Записаться ⤵️ @Leyliz_therapy"
mohammedfa97,channel,معهد الاوائل للتدريس الخصوصي,336,طلابنا لا يعرفون اليأس ولا الاستسلام  ديالى_ بلدروز_ شارع الجمعية للتواصل @m_fr_9
tkbnvqvqzes0mz2,channel,اللجنة العلمية قسم الرعاية التنفسية( الدفعة الثانية) معهد جامعة عمران للتعليم المستمر,47,قناة خاصة باللجان العلمية   قسم الرعاية التنفسية _ معهد جامعة عمران للتعليم المستمر. قناة تهتم بكل مايتعلق بالدراسة من كتب وملخصات ونماذج
english_with_nafisa,channel,English with Nafisa,379,
anekday,channel,Английский по мемам 🇬🇧😂,153,"Британские ученые доказали, что изучение английского по мемам гораздо веселее. 👉 Пришли свой мем в сообщения канала 🤗 Приглашай друзей https://t.me/anekday"
itzteamlegendrich,channel,TEAM LEGEND,65029,Owner @itzdhruv
official_bitcoinlegend,channel,Official-Bitcoin Legend,13627,This channel is for user of Bitcoin Legend.
legend_tery,channel,天使 🎴𝖳𝖤𝖱𝖸,448,для удобства: @legend_tery 11.06.22  влд - @NotNoeni
leha2077legend,channel,Leha2077,5276,Чат: https://t.me/+IK9NfrTh04Q4MjMy
legendtech93,channel,LEGEND TECH,4276,"🌸 Assalam u Alaikum 🌸 🚀 Get Daily Verified Airdrops – No Fake, No Scam 🚫 🎁 100% Trusted & Real Earning    For Promotion Any Help 👉 DM  @LegendTechContact_bot    Stay Updated, Follow"
legendcall,channel,Legend calls🦁,829,For all booking enquiries dm @legend_b or email: info@legendcalls.tech AMA host : @ChiTownOG Twitter: https://twitter.com/Legendcalls1 Website: https://legendcalls.tech/
aspect_one,channel,Aspect_MLBB (UZ),696,Almaz: @Aspect_Admin_ORG 💎  Chat: @aspect_family 🩷  Akkaunt savdo: @Aspect_Sale
ton_squirrel,channel,Squirrel Legend,6099,A CEO's Counterattackk！！！
solba_legend,channel,سلبا لجند,653,
boltalka_legend,group,«ЛЕГЕНДАРНАЯ БолталкА»,1401,
marcusverse,group,Marcusverse,361,a little Stoic army on Algorand https://MarcusFurrelius.com
marsondon,channel,Марс-на-Дону,147,"admin: https://t.me/veres_did_it,  admin’s screenshots https://t.me/sidetsmotret"
marsecosystem_vietnam,group,Mars Ecosystem Việt Nam🇻🇳,214,"Xin chào, đây là nhóm Mars Việt Nam.  Website : https://marsecosystem.com Twitter : https://twitter.com/MarsEcosystem"
mlmreverse,channel,𝒅𝒂𝒊𝒍𝒚 + 𝒄𝒇 𝒎𝒍𝒎 𝒓𝒆𝒗𝒆𝒓𝒔𝒆:1999,325,кр закрепа hldjpg в tumblr / Helado_jpg в x
marisverse,channel,проекты мари,12,владелец: @NWI8ZK •прайс: @price_mari
mars1qq_stream,channel,mars1qq🚀,67,"Здарова, бродяги! Для связи - t.me/mars1qq_manager Стримы - twitch.tv/mars1qq        live.vkvideo.ru/mars1qq Ссылки - t.me/mars1qq_stream/8"
terminusportal,channel,Terminus Portal,178,
beautiful_life_top,channel,На Марсе классно,152,Идеальное сочетание: умные мысли и привлекательные девушки - твоя атмосфера.
marsecosystemturkey,group,Mars Ecosystem Türkiye 🇹🇷,104,Mars Ecosystem'i Türkiye grubuna hoş geldiniz!  Direkt olarak yüksek APR'li Mars pool'larına ve farm'larına ulaşmak için bu linkleri takip edebilirsiniz:   https://app.marsecosystem.com/farms  https://app.marsecosystem.com/pools
marbleverse_io,channel,MarbleVerse,59,Welcome to MarbleVerse 🔮 the first 🥇 to release P2E game on Cronos ✅
capybombbot,bot,Capybobo,25230,"🎮 PYBOBO, Your Capy, Your Culture, Your Coin. News Channel: https://t.me/CapybombNews"
bridginadchannel,channel,Bridginad 👻,721,Поддержать - https://boosty.to/bridginad  По рекламе в тг: @WorkBridg По сотрудничеству: bridginadcommercial@mail.ru  📃Наш чат - https://t.me/+X7DdW2RUYVc3NTZi
cointswap_chat,group,Cointswap Chat,1199,"🌉 Welcome to Coint Community! 💬 Connect, discuss, and explore seamless token bridging and swapping.  🔗 Start bridging & swapping: 🌐 https://coint.xyz/exchange"
luxfiofficial,group,LuxFi Official,1123,Bridging the gap between real-world luxury assets and NFTs.
utkarshiaspcs,channel,UPSC UTKARSH,11587,Welcome to @utkarshiaspcs Telegram Channel. ✍️  Online Education App 🏆 🔰 Download Android App  http://bit.ly/UtkarshApp  🔰 YouTube🔔 http://bit.ly/UtkarshClasses ☟
utkacrp,channel,утка.жпг,1564,Made by @Seraya_utkaa щитпост - https://t.me/utkapng
uppss_telegram,group,Uttar Pradesh Prathmik Shikshak Sangh,335,
uttarakhand_govt_jobs,channel,Uttarakhand Govt Jobs 2023,365,Get Latest Uttarakhand Govt Job Vacancy Updates 2021 Daily - UKPSC UKSSSC Uttarakhand Police Job Bharti Online Form 2022-23
utkaser,channel,UtkaSer🪲,210,"Канал создан 14.12.24  Йой, я Утка Сергеевна , всех люблю  Буст для канала воот↓↓↓  https://t.me/boost/UtkaSer ~ Барахолка(шоп) @baraholkaytkaandcarpet Писать по вопросам сюда»» @Utka_Ser"
utkahome,channel,Утиное гнездо 🦆,162,"Привееет! Я - Утка, в косплее с 2023 года  Анон- @quackUtka_bot Всегда рада коллабам/знакомству и тп"
uttarakhand_government_jobs,channel,Uttarakhand Government Jobs (AllGovtJobs.Com),167,Latest Uttarakhand Government Jobs (AllGovtJobs.Com)
elegantmannera,channel,ELEGANT MANNER🗽,889,❕Доставка по всей России 📱Заказы: @Elegner26 🛍️Авито: https://www.avito.ru/user/7c25d6451507e9bc3ad7269bc0f8bb33/profile?src=sharing 🌐ТТ:https://www.tiktok.com/@elegant.manner8?_r=1&_t=ZS-97l98iXfZ7E ✨ВК:https://vk.ru/id1115383912
elegantsoul_brand,channel,ElegantSoul женская одежда,456,🟣Капсульные коллекции /42-62/  Наш бренд на 🟣WB: https://www.wildberries.ru/brands/elegantsoul 🟣OZON: https://ozon.ru/t/Y40Bkq3  🟣ВКонтакте: https://vk.ru/elegantsoul 🟣НЕЛЬЗЯГРАММ: https://www.instagram.com/elegantsoul_
myemporio,channel,MYEMPORIO,294,"Мультибрендовые салоны итальянской одежды и аксессуаров ________  • Орджоникидзе, 27  📲 + 7 (383) 239 - 51 - 41   • Красный проспект, 30 📲+ 7 (913) 382- 32 - 42   🌍 также заказываете на нашем сайте: myemporio.ru"
elbrandus,channel,ELBRANDUS | бренд комфорта,353,Наш магазин на WB: https://wburl.ru/tg-kanal-bs3t  Наш магазин на Ozon: https://ozon.onelink.me/SNMZ/dw5jxqg5
fashion_edit,channel,Fashion Edit,91,Твой гид в мир моды и стиля Здесь ты найдешь образы:  • на каждый день • на любое мероприятие  По вопросам и заказам: https://wa.me/+79163131306 @leya_369
domstems,channel,СТЕМС Цветочный дом,417,"Букеты, вдохновлённые эпохой элегантности  Мы находимся: Москва | ЖК «Серебряный фонтан» | ул.Новоалексеевская 16к5  Режим работы: с 9:00 до 21:00  Заказать цветы: 📞 +7 (965) 700-60-20 @STEMS_RU  Мы в запрещенной сети: https://www.instagram.com/stems.ru?"
elegance_for_you,channel,Саквояж этикета и элегантности,203,Саквояж - рекомендации для современных  Леди и Джентельмов. Этикет и элегантность для жизни и бизнеса.  Добавляем 0 к контрактам!  Запись на личную консультацию тг @LAWR_ru
elegancesuisse,channel,Club de l'elegance,41,https://elegance-suisse.ch
eleganzza_65,channel,ELEGANZZA 👜,88,
maticnetwork_china,group,Polygon官方中文社群,3426,欢迎加入Polygon(Matic)中文社区，我们的目标是将Polygon(Matic)打造成以太坊安全性能更高、更独立、更多生态的系统。  QQ群：636357294 官方公众号：Polygon 官方微博：@Polygon官方 英文社区：https://t.me/polygonofficial
prigimdv,channel,Жертвы Priжима,3810,
iagon_official,group,Iagon [Old Group],2426,This group is for project development updates  and discussions only.   Please follow IAGON Announcements Channel - https://t.me/iagonofficial  For Trading Discussions please go here - https://t.me/IagonTradingGroup
polygondaily,group,Polygon Daily,962,"#Polygon Daily News, Guides & Featured Projects.  Announcement: @polygondailyann Join us on Twitter for fastest update: twitter.com/polygondaily  📍 Contact @tk_media for business inquiries."
polygonofficial_global,group,polygon official community✪,1279,We aim to transform Ethereum into a multi-chain ecosystem with secured Layer 2 Chains & standalone chains  🗣 @PolygonCommunityAlerts 📢 @PolygonAnnouncements 🇨🇳China: @maticnetwork_china 🇯🇵 Japan: @polygonjapan 🇮🇩Indonesia: @maticnetwork_i
prigorodny_rayon,channel,Пригородный район РСО-Алания,1359,Официальный телеграм-канал Пригородного муниципального района
polygon_public,group,POLYGON CHAT,267,
minereumpolygon,group,Minereum Polygon [CAREFUL WITH SCAMMERS! WE WILL NEVER PM YOU!],556,First Self Mining Contract on Polygon Blockchain How To Section : https://polygon.minereum.com/howto Platform : https://polygon.minereum.com/web3/
perm_prigorod,channel,Пермская электричка,613,🚆 АО «Пермская пригородная компания» 🗞 новости ppk59.ru
aboutvoron,group,Voron Chat,538,Чат о 3d-принтерах Voron
polygon_ru_community,group,Polygon - Русскоязычное сообщество,265,Официальное Русскоязычное сообщество Polygon Matic Network  🌏 Оф Сайт : https://polygon.technology/ 📢 Ру анонсы: @Polygon_CIS_Announcement 🗣 Англ Чат: @polygonofficial 📢 Англ Канал: @PolygonAnnouncements
platoon_team,group,PLATOON TEAM,242,"PLATOON - киберспортивная организация.  Центр Киберспорта :  +375 (33) 900-77-47  Адрес :  г.Гомель, ул.Советская, 87  ТГ канал : @platoonteam   Наши соцсети : https://platoon.team/links"
scv_at_prison,channel,Изменник|Григорий Скворцов,565,По вопросам: @Amotnik ;  @gadeeva_elena
pogonuenen,group,Pokémon GO Nuenen,261,Registreer je eerst om Raids te maken en je hiervoor aan te melden. Lees het vastgepinde bericht goed!  Dit is een Raid kanaal voor Gerwen en Nuenen. Je kunt geen tekstberichten plaatsen. Heb je vragen? @MissVamous
pogo_group_ita,group,𝑃𝑜𝐺𝑂 𝐶𝑜𝑚𝑚𝑢𝑛𝑖𝑡𝑦 🇮🇹 𝕂𝕚𝕟𝕘𝕕𝕠𝕞,309,💠 𝗚𝗿𝘂𝗽𝗽𝗼 𝗣𝗥𝗜𝗡𝗖𝗜𝗣𝗔𝗟𝗘 💠 —> 🄻🄴🄶🄸🅃 & 🄵🄻🅈
koreaprigon,channel,Авто из Кореи | Подбор и доставка,247,"🚗 Пригон авто из Кореи – быстро, выгодно, надёжно! 🇰🇷  📩 Свяжитесь с нами для консультации! 🕵️Эмиль - @Globaladmi 🕵️‍♂️Илья - @NebaLzin88 👨‍💼 Владислав - @Voynov_Vlad"
polygonkorea,group,Polygon Guild Seoul,412,Guild Seoul. Here we discuss about web3 / NFT / Metaverse / Blockchain.
study_real_estate,channel,Сергей Заводских [Кодекс Надежности],658,Защита капитала и права собственности в сделках с недвижимостью. Персональная работа — через сайт https://trustcodex.ru/
pegas_touristik22,channel,ПЕГАС на СОЦ107 БАРНАУЛ ✈️,1344,Путешествия от ведущего Туроператора из Первых рук!   Здесь - 🔥акции✈️свежие идеи и секреты экономии от офиса продаж «ПЕГАС-ТУРИСТИК»  📞Мы на связи с вами 24/7 Работаем офлайн и online  🏆Гарант надежности: директор Ольга Ришко  👉🏻📱https://vk.cc/cs51Zp
mfzhupikov,channel,ГРУППА КОМПАНИЙ «ЖУПИКОВ»,425,"осуществляем свою деятельность в сфере сельского хозяйства, специализируясь на животноводстве и растениеводстве. Также предприятие располагает собственным элеватором, обеспечивающим хранение сельскохозяйственной продукции высокого качества и надежности."
sobinanv,channel,Надежда Собина - формула Надежности,147,"В этом канале я делюсь опытом и практическими советами в страховании и финансах, полезными инструментами для уверенного будущего, лайфхаками по балансу между работой и личной жизнью.  Нужен подбор программы или есть вопрос — напишите @nvsobina"
katie_zdes_zdes,channel,katie_zdes все еще здесь,514,"Друзья, всем привет! Добро пожаловать на мой телеграмм канал, в котором я буду делиться самыми свежими новостями мира фитнеса и своей жизни 😛"
vhod_zdes,channel,ВХОД ЗДЕСЬ,220,"Летняя тюменская резиденция художников от книжного «Никто не спит», которая проходила в июле 2022 года. Печатный каталог можно полистать: книжный «Никто не спит», мультицентр «Контора пароходства», библиотека МК им. Словцова."
ckr_zdes,channel,Театральное пространство ЗДЕСЬ,94,"Мультижанровая площадка, где каждый жанр — отдельная стрелка, указывающая направление и выбор зрителя.  Площадка является частью ЦКР «Арт кластера»: t.me/ckr_artcluster"
mpowerwb,channel,Тайны Маркетплейсов / MPower / Wildberries & Ozon,1069,"👋 Привет, мы 2 Артема с опытом на МП более 5 лет. Мы умножаем прибыль селлеров на маркетплейсах.  У нас на канале полезные разборы, гайды, видео.  Подписывайся!  Написать админам @MPowerOS  Увеличить свои продажи - mpowerwb.ru"
imobirad,channel,اِم,659,دچار.
m_store006,channel,عــروض M STORE 💙,87,مــتــجــر الــكــتــرونـــي  📍 🇱🇾
mprostore,channel,M-PROSTORE,30,Онлайн-магазин запчастей для сельхозтехники ⚙️
m_space_in,channel,M — Space Акции,139,"Агентство коммуникаций  Занимаемся продвижением Telegram-каналов 6 лет, а теперь и в MAX  По вопросам @ggreat_of_development_bot  С нами становятся лидерами PR-пространства."
melonpowerrr,channel,melon_power,41,
learnerslodge_alvl,group,Learners' Lodge A-Level x Kai Academy,159,📚 Welcome to the Learners' Lodge Telegram Channel! 🎉    We are delighted to have you join our community of eager learners.   Find out more about our programme: https://linktr.ee/learnerslodge
yogalearners,group,Yoga learning🧘‍♂🧘‍♀,3072,International yoga learning group   English language 👌  Meditation yoga asanas 🎆  Positive Affirmations 📑  Self Help yoga books 🌠  Motivational more information see @yogasuper our channel don't pm anyone please ask doubt's in group
skull_memoris,channel,Skulls memories,5133,
memorizun,channel,Memorizun,35,"Меморизун помогает учить стихи, а здесь вы можете делиться обратной связью и помогать улушать сервис. Новости об улучшениях и изменениях тоже здесь."
learnamharicfast,channel,Learn Amharic Fast,709,Amharic is easy. You Just need to study and memorize lessons little by little. VISIT my site https://EasyAmharic.com. And you can contact me here https://t.me/LearnAmharicLanguage
memoamore88,channel,Hedgewitch Memo 🐋,1387,"Книги, коты, еда и кусочек жизни  По всем вопросам сюда: @NadezhdaRyk Нельзяграм тут: https://www.instagram.com/88_memo_88"
memori_lane,channel,Memory lane.,405,
memoriaa95,channel,memoria 🍀✨,29,
memoriesscamp,group,MCamp «Наследие»,430,Сюжетно-ролевая программа
memoria_nsk,channel,МеМория ☽ | Легенда о Вратах,235,"Любительские постановки в Новосибирске  ▲ Наши проекты: - ""Кендерские байки: Легенда о вратах"" - ""Песнь о Берене и Лютиэн"""
memorization_bot,bot,Memorization,,Helps to memorize anything you want
docopsymnemonics,channel,🏆 Docopsy Mnemonics🏆,216,
klyudektiv,channel,Клюдектив,925,"Клепаю різні фандомні, і не тільки, кривульки  Особисті - @teryini  щп - @klyudektivchik  Анонімка -  t.me/non1m_bot?start=oc9kl  На каву - https://send.monobank.ua/jar/gDaicoRqu"
cemetery_en,group,Cemetery 🪦,259,
mdl_academy,channel,MDL ACADEMY,63,Учебный центр для начинающих и практикующих косметологов в мини группах с акцентом на практику   📲 +7 981 276 89 89 💬 @mdlacademy
anesthesia_ebooks,channel,Anesthesia Books,984,ANESTHESIA & CRITICAL CARE   ▪️Anesthesia Snippets 🔻Newer techniques 🔹Updates 🔺Intro to articles from Journals 🔸Guidelines 📚Learning efficiently 🔗Mnemonics 📝Concepts useful for exams 💡Anaesthesia sub-specialization ideas
mnemonic_wala,channel,Republic Medicine,44,https://t.me/Republic_Medicine
mnemoneg_blog,channel,Евгений Домнушкин,316,"Основатель студии «Арбуз» https://arbuz.studio Пишу про то, как управляю сотрудниками, процессами и собственным развитием. Написать мне: @mnemoneg"
mnemozte,channel,франн №1 🕊️,93,"берёте работу - оставляйте юз этого тгк idk, idc & idgaf"
afk_izdorov,channel,Мотивация Здоровья,127,"Фитнес Успеха - PRO здоровье: адаптивная физкультура,  фитнес для мозга - нейробика здоровые привычки"
memesdotzone,group,memes.zone,40,Private Memecoin Incubation Community https://memes.zone
mayakmemes,channel,Mayak — Memes,37,
daccock,channel,DeAndreCarte |||,27,
mewtakebot,bot,тейки мьюмет кф,,БОТ ПРЕНАДЛЕЖИТ @mewmet_confessions
tuningpa,group,Proshivka-Avto,145,Добро пожаловать. Общение только по профессиональной деятельности.
crimea_avto_simf,group,Авто Крым Взаимопомощь,28,Группа для общения взаимопомощи гостей и жителей Крыма.
bronirovanui,group,АВТОМАНИЯ😍,14,Група только для настоящих ценителей и фанатов авто
avtolav_khimki,channel,Автолав Химки,13,
autozoneru24,group,AutoZone RU,5,"autozoneru АвтоБарахолка feat vazooka.ru     Размещайте тут ваши обьявления о продаже.обмене авто, запчастей, услуги и прочее"
avtoauto,channel,Автомобильный портал России — Avtoauto.ru,6,"Обзоры, тест драйв новых автомобилей и с пробегом, характеристики, комплектации, мнения экспертов, новости автопрома. Статьи по ремонту и обслуживанию, тюнингу, автозвуку, советы в выборе покупке авто, ПДД, ретро кары и история, автопутешествия, автоюмор."
novayasamara,channel,ЖМ «Новая Самара»,568,
novosel18,channel,Novosel18.ru | Новостройки Ижевска Москвы и Питера,191,"Свежая информация о новостройках ИЖЕВСКА, Москвы и Санкт Петербурга - новости застройщиков - закрытые старты продаж - румТуры со стройплощадок - только нужный и важный контент т. +7(3412) 233-611 и 793-000 Чем больше реакций, тем больше информации"
nurionbuilding,channel,NURION GROUP | NURLI MANZIL,286,"ORZUYINGIZDAGI UYLAR ✅ 🏗 Yangi qurilayotgan ko‘p qavatli uylar 📍 Loyihalar, jarayonlar va yangiliklar 📞 Ishonchli qurilish — sifatli va mustahkam uylar"
x6750km_mlpt,channel,🎋 6750km ML Product Thinking 🎋 Варя Новожилова,286,"Заметки CSO AI Lumiere (ex Head of RnD Skyeng) про ML с pov PM своими словами. О том, чему я учусь, что вижу нового и интересного. Возможно, сюда будет пролезать спорт, инфа по релокации и работе в мире и что-то еще.   Связь с автором @x6750km"
newyar76,channel,Новый Ярославль|НЕДВИЖИМОСТЬ,199,
taxduo_cf,channel,𝒯𝘢𝘹 𝒟𝘶𝘰 𝒞𝘰𝘯𝘧𝘦𝘴𝘴𝘪𝘰𝘯 | 𝓓𝘢𝘪𝘭𝘺 🪽,554,По всем вопросам вне темы кф обращаться — @mapl3w
festsolkrug,channel,"38-й Слёт ""Солнечный круг""",504,"Мероприятие для самопознания, творчества и здоровья. Практика осознанной жизни. Круг удивительных друзей и мастеров различных сфер.   Твой параллельный мир единства, радости и волшебства.  Реклама и сотрудничество @adesaund"
status_avto_ufa,channel,STATUS | Авто Уфа,326,"STATUS | Авто Уфа 🇷🇺🇨🇳🇰🇷🇺🇸🇯🇵 🚘 Авто с пробегом по РФ 🌏 Параллельный импорт: Китай, Корея, США, Япония 📩 Контакты:  +7 (961) 044-74-00 @nikita_status  @sergei_status  @ilmirmir 📍 Уфа"
vasilii_orestofff,channel,Vasilii_Orestofff,2208,История Новороссийска
zhk_novorossijskij,group,ЖК Новороссийский - Ставрополь: чат жильцов,505,Сообщество жильцов и собственников ЖК Новороссийский.  ✅ Цель — объединить соседей для помощи и обмену полезной информацией и просто для общения.  📌 Переход на личности бан на неделю. 📌 Публикация рекламы по согласованию с админом.
novslovo,channel,Новое Слово | Издательский сервис,197,Литературная мастерская «Новое Слово»
sss_irinanovozhilova,group,Сурья-Сиддханта: чат с куратором Ириной Новожиловой,196,✔️ Этот чат ВКонтакте: https://vk.me/join/ASqUVRIHKREVqUJo_AvXddzn4IJfmMftARY=  ✔️ Сайт школы: http://sss1.ru/ ✔️ Мой сайт: https://abhijit.ru  ✔️ Гороскопы с точным временем рождения: https://t.me/astrodatabank ✔️ Основной канал: https://t.me/abhijitru
likemaket,channel,Макетная мастерская LikeMaket,262,"Официальный канал макетной мастерской. Мы делаем модели техники, сооружений, а также художественную миниатюру  По вопросам рекламы, заказа и продажи моделей и миниатюр- @Novozhilov_artem_modelmaker"
virt18_chat,group,Вирт Чат | Знакомства +18,3978,"Этот чат для реала/вирта ♥️  Админы: @xirecx, @r_qm4  Реклама: @xirecx"
greka_progorod,channel,Грека | культура,1091,"Я Стеша. И здесь объясняю реальность через культуру   предложения, сотрудничество @dunaeva_s"
chat_forum_pro_gorod_2024,group,ЧАТ ФОРУМ PRO ГОРОD,2718,
primgorod,channel,Арсеньев - Primgorod.ru,587,Новости города Арсеньев и Приморского края
prodavaydorogo,channel,ТГ Продвижение с Ирой Андре,696,"Маркетолог, стратег и практик в ТГ.  Создаю сильные продукты и позиционирование, даю способы продвижения и продаж  👉 Бесплатный экспертный час @IraAndre88"
mbcgear,channel,МВС - Модульное военное снаряжение,2070,"Заказы продукции только на сайте  https://mbcgear.ru/  Официальная группа в ВК: https://vk.com/mbcraidgear  Неофициаольно об официальном. Снаряжение для войны и не только, но под другим ракурсом."
ytbrewq71,channel,Rewq,477,Официальный канал.
x_x_x_x_90,channel,لــــ 𝙀𝙇 3𝙎𝘼𝘽è🍃,855,انا من يترك الأثر في #عقلك وليس قلبك #وهذه هي متعتي..📱   . ˚ . ★⋆. . ✦ ˚★⋆. . ★⋆. . ˚ ✦ . . ˚ . . ✦ ‏
miymiyxr300,channel,Будни XR м5 f90❤️🤭,170,От милиции только на хр300
novostirussia_1,channel,Новости | Москва 🇷🇺,10693,Полезный канал для москвичей. Коротко и интересно про столицу.   Сотрудничество: @TestarFerma  Номер РКН 5339619825 ✅  Ссылка для приглашения:  https://t.me/novostirussia_1
novosti_onlain5,channel,Я люблю Москву️,8450,"Реклама -> @admiH8  Самые горячие и интересные новости Москвы. Жизнь москвичей.🤗ДТП,ЧП Москвы. 🚨 Интересные места Москвы⛳️ Подписывайтесь москвичи 🙏на наш канал. Присылайте свои фото и видео ⚡️"
vestimoskow,channel,Вести Москва — Москвы,372,Канал для москвичей и не только...  связь  @Vladislav_adminn  Прайс  -@price_moscow1
moscowskypravdorub,channel,Московский правдоруб,471,www.youtube.com/@MoscowskyPravdorub  Пишите: moscowskypravdorub@gmail.com
dnyanwen,channel,东南亚大事件/东南亚头条🔥,50448,东南亚灰产热点资讯。黑市、暗网、诈骗、菠菜、币圈最新动态，独家报道，曝光爆料，保证真实性.及时性。加入掌握第一手消息！  #东南亚 #柬埔寨 #菲律宾 #缅甸 #越南 #泰国  官方飞机频道  ：@DNYANWEN 商务/广告合作：@DSJ112
yaapupdates,channel,YAAP Updates,2960,Update channel for all YAAP builds  Other Chats: @yaapcommon - Common Chat @yaapop7 - OnePlus 7 Series @yaapop8 - OnePlus 8T/9R @yaapop12 - OnePlus 12 @yaappantah - Pixel 7/7 Pro @yaapot - OT Chat @yaapraphael - Redmi K20 Pro/Mi 9T Pro
codenamedev,channel,codeName dev,109,"мой метаюмор, творческий путь и всякие программистские штучки admin: @igor_igorevych"
shadmanxcodex,channel,𝗟𝗘𝗔𝗗𝗘𝗥 𝗦𝗛𝗔𝗗𝗠𝗔𝗡 𓊈𝑽꯭𝑬꯭𝑹꯭𝑰꯭𝑭꯭𝑰꯭𝑬꯭𝑫𓊉,1929,"Hello, this channel does not violate Telegram policy. Thank you @durov❤️"
antebotstakeuscodes,channel,Antebot: Stake.US Codes,422,
oneplus15rglobalchat,group,OnePlus 15R & 15T / ACE 6 & 6T | Community,846,Global Community for OnePlus 15R / ACE 6& 6T ( 15R/ACE 6T - codename - macan ) 🗨 Channel: @OnePlus15rGlobal 📸 Cam: @OnePlus15RGcam Initiative by @CROSSCREW
oneplusnordce4community,group,OnePlus Nord CE 4 | Oppo K12 Official | Discussion,677,"• Codename - BENZ , CPH2613 • CHIP - CROW  • Channel  @oneplus_nordce4  •Photography - @oneplusnordce4photography  •OffTopic  @Oneplusnordce4offtopic"
syedtnpsc,channel,Syed TNPSC group 1 /2/4,16505,
ptspecialdrishtiias,channel,Drishti MPPSC YouTube,3454,"Welcome to the official Drishti MPPSC YouTube Telegram Channel! Join this channel to get PDFs, video updates, and notifications for MPPSC preparation. Never miss an update on the daily programmes designed to help you succeed!"
tnpsc_exam_free_coaching,channel,VIJAYAKUMAR SCIENCE,912,
jobsfortripura22,channel,Jobsfortripura.in,1062,"Here we provide all types of Central, State Government and private job notification and apply link  নিজেদের ভাই, বন্ধু সবার সাথে গ্রুপটি Share করে তাদেরকে সাহায্য করুন।  Our Youtube Channel Link :- www.youtube.com/@jobsfortripura/videos"
tnpscguruin,channel,TNPSC GURU🏆🚨🏆,667,TNPSC Group 2/2A NEW SYLLABUS Test Batch 2022 BY www.tnpscguru.in Total-32 Tests.  25 Tests - Syllabus Topicwise Test 5 Revision Test 2 Full Mock Test Both Online test & PDF with Answers in Mail   Join soon POSTAL TEST BATCH Rs.2000/-  ONLINE BATCH Rs 600
xi_manhawluna,channel,Manhwa - [Luna 2],3247,Owner - @Lunanoyume
nowki_off,channel,Илья Новки,80607,Ссылка для друзей - https://t.me/+OXMhSVwzm-ZlMzRi
feiobn,channel,ГНЦ РФ – ФЭИ,1154,Государственный научный центр Российской Федерации - Физико-энергетический институт им. А.И. Лейпунского
fxbdupdate,channel,FXBangladesh,5249,ট্রেডিং সার্ভিস - https://fxbd.co/tradingclub প্র্যাকটিস অ্যাকাউন্ট - https://fxbd.co/exdemo লাইভ ট্রেডিং - https://fxbd.co/live যোগাযোগ - https://fxbd.co/email
jossybuilds,channel,JossyBuilds,230,"Senior Full-Stack Engineer 🛠 | Exploring the intersection of AI, React Native, Typescript, C#, Python and Vibe Coding.   📍 Based in Addis Ababa | 🌍 Shipping Worldwide. 📩 For more: https://yosefashenafi.github.io/"
azenithci,channel,AZenithCIs,309,All my commits and progress of my module will be saved here
relict_ballistics,channel,RELICT BALLISTICS | Мастерская Мувса,266,"Разрабатываю и крафчу антуражные реплики из игровых вселенных. Стараюсь приблизиться к максимальному сходству, при этом делаю функциональные, а главное безопасные вещи.  Группа ВК - https://vk.com/moves_craft"
diuragga,channel,Diuragga,113,[ˈdjuːræɡə] Inst: @diuragga Music: https://linktr.ee/diuragga
team_rlp,channel,T ~ RIP,497,CaTcH Me iF YoU CaN !
diertlag,channel,прямая кишка,233,Мой тамблер!! https://www.tumblr.com/diertlag
floppism,channel,КРК (Канал Руслана і Котів),133,Caracal supremacy
raphlender,channel,raphlender.,98,Хочу семечек
repyspopys,channel,ㅤrepys,121,кхекхесукапомогите
unappsystem,channel,(REST) Unappsystem,24,Архив работ unapproachablesystem (или unappsystem)
artcomicsi,channel,Дядя Саня сам не знает что рисует,111,"Здесь немного творческого контента , каждый может поделиться своим творчеством , коль желанье есть Мой тамблер : https://www.tumblr.com/comicstart?source=share Мой ЩП : https://t.me/+KWGI9Fe0FGBkMDli Чатик : https://t.me/+UkrNmgCPLPJmNzJi"
ner_pusha,channel,сливочная нерпуша🥧,112,https://t.me/boost/ner_pusha - бустик!!  все важное - в закрепе
rebt_tho,channel,Мир КПТ,41,"Канал о нейропсихологии, психопатологии и КПТ. Приятно, лаконично и с иронией😁"
cukaiku,channel,Andrew__135.,26,"Привет, как дела, дайте пж свой логин и пароль от своего роблокс аккаунта  По рекламе писать в соо для канала (если будет)"
lunathedoll_gal,channel,𝓛𝓾𝓷𝓪'𝓼 𝓭𝓸𝓵𝓵𝓱𝓸𝓾𝓼𝓮#GAL🐆,46,
kaku_confession,channel,Kaku confession × (non)daily 🦒| ONE PIECE,27,
retroviolence1,channel,Retro Violence [R.I.P] 🥀,12,"Я-Я?!!!! ЦУНДЭРЭ?!! Н-Н-НЕТ, НЕ МОЖЕТ БЫТЬ?! ЭТО Н-Н-НЕВОЗМОЖНО!! ХМФ?!!!~ *сильно краснеет* Ч-Ч-ЧТО ТЕПЕРЬ?!!!! Я-Я-Я-Я КРАСНЕЮ?!!!!! Н-НЕТ! Я НЕ ПОКРАСНЕЛА, ПРОСТО В ЭТОЙ КОМНАТЕ СЛИШКОМ ЖАРКО!! ХМ!!~ ХМ!!~ *краснеет еще сильнее* Т-ТЫ ЭТО ДЕЛАЕШЬ НАРОЧН"
yoin_reklama,channel,yoin reklama,5,
mohetku,channel,впустоте,7,@PAHA_HA_PAHE
reklama_everyday,channel,рекламы на каждый день,4,"лампабикт, лсп, бродский нкд"
themadusya,channel,D,2,
ewlogistic,channel,WLogistic ✈️ Белая доставка,1004,"Задать вопрос: https://t.me/lucky_well Чат: https://t.me/EWlogistic_group Белая доставка сборных и генеральных грузов из Китая Поиск товара и выкуп, представление интересов на фабрике Предоставление официалиных закрывающих документов на груз"
scslogistic,channel,SCS | Кейсы. Логистика. Китай,737,"Надёжный и опытный партнёр в сфере грузоперевозок из Китая во все регионы России и Казахстана.  Работаем быстро и качественно, предлагаем гибкую систему ценообразования как для физических, так и для юридических лиц."
buz03cbjapan,channel,Авто из Японии под ключ| БузинАвто,4884,"Помогу купить авто на 200–400 тыс ₽ дешевле, чем в РФ. Без скрытых накруток и подводных камней.   📊 Уже привезли 2000+ машин    ⚡ Напишите “РАСЧЕТ” → @BuzinAleks   Сделаем расчёт за 5 минут и покажем лучшие варианты"
douglas_pumpon,channel,ДУГЛАС плюш от ПУМПОН,2262,"Канал Байера Анны ПУМПОН • мы самые первые привезли ДУГЛАС В Россию • 13 лет опыта, привозим больше 5000 ваших заказов в месяц 😱  Общение ПДБ, поддержка и опыт ПРОДАЖА  Конкурсы и скидки 🔥  ❌ нет ссорам и негативу"
miracarvl,channel,MiraCar - Авто со всего мира,1276,"❗️ Привезём авто из Азии, Европы и США под ключ с доставкой в любую точку РФ ❗️ Честный подбор и выкуп авто с аукционов ❗️ Привезли уже более 2500 автомобилей ☎️ 8(800)550-00-90 ❗https://mira-car.ru 📍г. Владивосток, ​пр-т Острякова, 8 строение 2, офис 5"
autosoyuzmotors,channel,СМ | Авто под заказ,803,"🔸 Работаем по всей России 🔸 Авто из Китая под ключ 🔸Привезли более 1000 машин 🔸Русификация и свой автосервис 🔸Доставка от 7 дней   @soyuz_motors_used 📞 +7 965 589 75 77  🌐 Сайт https://soyuzauto.ru/  📰 Канал с новостями @alibabacarsru   📍г. Казань, д. Зва"
carasia38,channel,Car Asia🎌,579,"Авто под заказ из Японии🇯🇵, Кореи🇰🇷, Китая 🇨🇳 Привезли более 700 машин в Иркутск за 9 лет. Исполним и вашу мечту!  WA 89950500525 МAX https://max.ru/join/If5tCUBKHlx1k_uKF4OwHkdZlDEUNE1m5lZA-_6F3rY Сайт https://carasia38.ru/"
transglobalauto_import,channel,TGA - импорт авто из Китая и Кореи🇨🇳🇰🇷,378,"TransGlobalAuto - офисы в Бишкеке 🇰🇬 и Хоргосе 🇨🇳  Привезем ваш автомобиль в любой город СНГ! Привезли более 1200 авто📈 На рынке более 3 лет📍  🛞АВТОМОБИЛИ ИЗ КИТАЯ, ЮЖНОЙ КОРЕИ WhatsApp📲 +996999444390 Китай +996555888523 Китай  +996550753353 Южная Корея"
noboxinnolive,channel,турбо таджик🇹🇯,272,
ajax_cargo_foto,channel,Фото/Видео от Клиентов,238,"Ajax Cargo Привезем за 20 дней ваши товары из Китая.   Выкупайте самостоятельно и отправляйте на наш склад, или доверьте выкуп нам. Выкупаем в течение одной минуту по лучшему курсу Юаня на рынке.  Для заказа 👉 https://clck.ru/3AmPi8"
ripkaspipkoy,channel,Рыба с рыбы🐡,175,Посредник с goodish и tao bao из Москвы
pulvoronovskij,channel,Пул Вороновский,1029,Официальный Телеграм-канал Вороновского райисполкома
molozhbrsm,channel,Молодежь Жодино | БРСМ,301,Активная жизнь активной молодежи нашего города!
inurbane_hinterland,channel,(Не)изящный хинтерланд,582,"Места и ландшафты в серьезной науке, ошеломительном искусстве и безоглядном бытии. Средний Урал, Западная Сибирь, далее везде"
yolka_art,channel,YOLKA art,566,Галерея Ходынский бульвар 20а +7-977-5505522 YOLKA.art
kritlka,channel,KRITIKA.STORE,517,"Связь и заказ: @kritika_shop Отзывы: https://t.me/krtkArchive  Сайт: https://www.kritika.store/ Inst: https://www.instagram.com/krltlka  📍Магазин: ТРЦ ""АВИАПАРК"" — SOCIAL MARKET Москва, Ходынский б-р, 4 (3 этаж)"
kudenchuknn,channel,Куденьчук Николай Николаевич,166,Депутат Палаты представителей Национального собрания Республики Беларусь По Рогачевскому округу
premiumwellness,channel,Premium Wellness,293,"Проектный шоурум для ванных комнат г. Москва, Ходынский б-р 20А  premiumwellness.ru"
maya_kotlyar,channel,Туризм с Майей Котляр,17081,"Авторский канал одного из самых цитируемых экспертов в медиа. Лектор МГИМО. CEO & Founder @mayel_travel. Инсайдерские новости, тренды, прогнозы, путешествия  Связь - СМИ, туры: @ViMayel  Тур.компания: @mayel_travel www.mayel.ru  Член РСТ РКН № 4982344681"
easy_peasy2020,channel,Тур клуб «ПРОЩЕ ПРОСТОГО» | EASY PEASY,1333,"🔥 5 + лет создаем эксклюзивные маршруты 🚐 Авторские туры и походы выходного дня 🌍 Путешествия, в которых продумано всё.  Связаться с нами 👇 +79283399212 ✅ https://t.me/maxvill26  Бесплатный номер для звонка: 📲 +7 928 339-92-12 Максим"
maya_simf,channel,Салон красоты MAYA симферополь,323,•Волосы•Маникюр•Брови•Макияж•Массаж•Косметология• MAYA - это образ жизни  Тел. +79788614804 Севастопольская 30/4 Тел. +79782283108 Жигулина роща Онлайн-запись 👇🏻 Наш сайт mayasalon.ru Онлайн запись https://n1943352.yclients.com
mayskiicanal,channel,Твой Майский Котик🐱,666,"Музыкант, имею своё оборудование. по вопросам сотрудничества и организации концертов   Писать https://vk.com/id124438217  Звонить 89963249254"
mc3madeonmars,channel,<3,56279,menshechem3.com  https://t.me/mc3_support  СДЕЛАНО НА МАРСЕ
threefoldnews,channel,ThreeFold News & Updates,1317,"The official ThreeFold Telegram Channel, operated by members of the ThreeFold Foundation. Two-way: https://t.me/threefold"
v2rayng_mohsn7453,channel,"""vipra vpn""",943,⚜️معتبر ترین و بهترین کانال VPN⚜️ 🚀پشتیبانی ۲۴ ساعته🚀 ربات فروشگاه👈🏾@V2rayng_mohsn7453_bot ارتباط با پشتیبانی👈🏾@mohsn7453
mdcweb3community,channel,MDC WEB3 COMMUNITY,114,"A Web3 Enthusiast Community ready to develop more on this space. BlockChain, AI, Web3"
vynxbadhal,channel,Vynx :3,323,Soundcloud :  https://on.soundcloud.com/R7xBBncaPpoDoBgaHx Spotify : https://open.spotify.com/track/41o78tEe7OgimYbWpUq4ro?si=9xSJHOkwTl-Zo58BWC_gng
cryptoteam_agency,channel,Web3 Marketing | CryptoTeam,130,"Integrated 360° Web3 marketing solutions to scale blockchain, DeFi, AI, SocialFi, and next-gen infrastructure projects.  🔗 Website  https://cryptoteam.agency 💬 Telegram @nick_cryptoteam"
coinmventures,channel,CoinM Ventures Announcement,16,CoinM Ventures is a world class Venture Capital investing in top blockchain projects of the future .   Chat : @coinmvietnam @coinmcommunity Twitter : https://twitter.com/CoinMVentures  Contact : @vincentcoinm
meffcomm,channel,ᴍᴇғғ. ᴄᴏᴍᴍ. ᴀᴅᴏᴘᴛ,17,
verstappenracingg,channel,Verstappen racing,287,I yap about Max Verstappen and Vroom Vroom ;  and for Verstappies ONLY🐳  t.me/HidenChat_Bot?start=5213012422
mvstap,channel,Verstappen,1787,"Own – Bull For connect @FkwgBot Files @Buffi7le  Строго запрещено брать материал с этого канала, к себе на канал."
maxverstappencf,channel,max verstappen cf,31,
formula_pieramohi,channel,Formuła Pieramohi | Ф1 па-беларуску,893,"Формула Перамогі — Ф1 па-беларуску. Формула-1 на беларускай мове: навіны F1, вынікі гонак, кваліфікацыі, статыстыка і расклады. Ф1 па беларуску."
goteamver,channel,go team verstappen wacing!,32,
khristya_ya,channel,Опустивши візор | Ф1 з Крісті💖🏁,632,📹 Тікток: https://www.tiktok.com/@khristya_ya?_t=ZM-8w1IgMoh99i&_r=1  📥 Для будь-яких запитань чи пропозицій писати @krstn_ysn
verstappencf,channel,𝐕𝐞𝐫𝐬𝐭𝐚𝐩𝐩𝐞𝐧 𝐂𝐨𝐧𝐟𝐞𝐬𝐬𝐢𝐨𝐧,3,🇳🇱 КФ по лучшему автогонщику Формулы-1!  ВП - 0+
jwhawthorne_empire,channel,🇪🇸🇦🇷𝐈𝐧 𝐓𝐡𝐞 𝐌𝐢𝐝 𝐎𝐟 𝐍𝐨𝐰𝐡𝐞𝐫𝐞(9-1-1 era),370,"Lestappen illegitimate child. ""JOS VERSTAPPEN NO.1 HATER"" Buddie is the ship I drown in. Seb's slut The DuDe(Real one) Daryl Dixon's OG child There ain't nothing but a lil bit of everything in here. عضو انجمن کتاب‌دوست های فقیر."
verstakstudio,channel,VERSTAK | Мастерская 3D-печати,193,"Мы — VERSTAK, мастерская, специализирующаяся на 3D-моделировании, 3D-печати. Создаем уникальные фигурки, основы, маски и разного рода стафф своими руками."
olegovich_sa,channel,𝒮𝒶𝓋𝒾 🩶,1426,"25.05.2025  Наш бережный мир 🕊️  🍁Материнство без фильтров и суеты 🧸Игры, в которые хочется играть ✨Честные обзоры и проверенные советы 🧩ПРО Аутизм - это путь с любовью и принятием для ВАС   Растим, чувствуем, живем. Реклама/сотрудничество: @Wiskikolla"
chuvstvuicult,channel,культ жизни,570,мы чувствуем
agenstvoevgeniafilimonova,channel,Agency_by_Evgenia,692,Чувствуем Ваш стиль и превращаем его в визуальную историю.  Создаём премиальный визуальный контент для брендов.  Полный цикл съёмки: от концепции до финальной ретуши. • Lookbook • Catalog • Studio / Outdoor / Интерьерные локации 📍 Выездные съемки в Москву
greeencom,channel,green.com,273,"«Мы чувствуем, а чувства движут»"
jannanah_arabic,channel,Jannanah. Арабский для семьи,492,"Живой арабский: читаем, говорим и чувствуем смысл с первых шагов 🌱 Книги, пособия и курсы по методике Ксении Рябевой для детей 0+ 🌱 Сообщество мам  🌱 Программы для педагогов   🌙 Для семей, которые прокладывают путь осознанной веры  ✍️ @Ksenia_qurancoach"
shulechkasmediacoma,channel,шулечка с медиакома💜,259,"немного странных новостей, мемов, фотографий и копаем то, что чувствуем"
teatrpervie,channel,Театр-студия «Чувствуй»,270,Театральная студия регионального отделения Движения Первых Ростовской области  Мы тебя чувствуем 🖤
lavrikfisher,channel,Lavrinenko Dmytro,1288,Мої соціальні мережі👇👇  Facebook: https://www.facebook.com/lavrinenko.di  Instagram: https://www.instagram.com/veslik1/  YouTube: https://youtube.com/@dimalavrinenko3371?si=iLddswrhg6ntzQLZ
energolyaa,channel,EnergOlyaa,721,"Меня зовут Оля, здесь я буду выкладывать разные сюжеты из своей жизни, поэтому смело делайте вывод, что со мной не соскучитесь💦"
evnoazef,channel,Карацупа,1355,"Продолжаем дело легендарного пограничника. Ловим шпионов, предателей и диверсантов на дальневосточной границе и внутри регионов."
almazautobuyer,channel,Автобайер | New Auto,18458,"Всё о покупке авто из Китая, Кореи, Казахстана, ОАЭ, Японии и Европы! 🇷🇺🚘🔑   Наши отзывы и адреса https://t.me/almazautobuyer/2248  По всем вопросам пишите в личку @zakazautobuyer"
xqr6rudgzlxjzdky,group,Ali车Auto- Авто из Китая и Кореи новые и БУ🇨🇳🇰🇷,747,"☎️89181594679-Дмитрий г.Краснодар  Сайт: https://aliauto-krasnodar.ru  Новые и бу авто из Китая и Кореи 💰Лучшие цены! 📅Лучшие сроки! ✅Официальный договор поставки  Доставка в Краснодар или Сочи под ключ, а так же в любую точку России!🚛"
am_rf_avto,channel,Авто из Японии🇯🇵Китая🇨🇳США🇺🇸/Алиякберов Эльдар,391,"Привет, друзья! Меня зовут Эльдар Алиякберов, и я с 2018 года помогаю покупать хорошие автомобили из когда-то Армении, Грузии, а с 2019 года из Японии, США, Европы, а теперь из Китая и ОАЭ! Буду рад помочь и Вам😉🤝Пишите👉 @Eldar_Alber"
d1_qazaqstan,channel,ЕNCAR.COM.KZ // АВТО ИЗ КОРЕИ И КИТАЯ 🇰🇷🚘🇨🇳,397,"🤝🇰🇷🇨🇳 Добро пожаловать! Авто из Кореи и Китая в Казахстан и в страны СНГ. Подбор под запрос, гарантия доставки и сопровождение сделки. @AdletD1CompanyExportCarsKorea  https://wa.me/77764393111 - АДЛЕТ https://wa.me/821059271303 - ДОСЖАН"
your_dream_car,channel,Auto 4 Less. Авто. Честно. Цифры.,361,"Авто по заказ из Японии, Ю.Кореи, Китая и ОАЭ. 913-061-82-68.   Группа ВК https://vk.com/auto_4_less Сайт https://auto4less.ru Старый сайт https://auc.auto4less.ru Для заказа и расчета @rambox360"
alikitotziv,channel,Отзывы ALIKIT,107,"Канал создан для реальных отзывов о работе ALIKIT. Клиенты делятся опытом, а мы — доверием.  💬 Есть вопросы по закупкам или логистике из Китая? Пишите — поможем! 🚀  @alikitmenedger"
nikitcar,channel,Никита Авто из Японии Кореи и Китая,101,"🚗 Авто из Японии, Кореи и Китая под ключ Помогаю привезти живой автомобиль с проверкой, расчетами и сопровождением сделки. Бюджеты от 1.3 млн и выше. Пишешь — получаешь проверенный аукционный вариант + расчёт 📩 Связь: @NikitSns"
gusikasiamotors,channel,Gusik Asia Motors | Машины из Азии,183,"Привоз автомобилей и запчастей из Азии Корея • Китай  Работаем по договору, с полной прозрачностью сделки 🛞 Экономия от 300 000 ₽ 🛞 Срок доставки от 14-20 дней 🛞 Бесплатный расчёт стоимости авто 💻 @derugad @gusik80khv"
notesbuyer,channel,Записки Байера | Кирилл КИТ,60,@kirillkitauto - 💬 Рассказываю о своих находках в этом огромном автомобильном мире 🫶🏻
ligan_prokat,channel,ЛИГАН АВТОПРОКАТ,25,"Автопрокат📍 Владивосток 🔥за 10 минут по двум документам  🔅 Автомобили стандарт / комфорт / премиум 🔅 Консьерж-сервис / бронь гостиниц, ресторанов  📞 +7 984 208-80-40  🌐 https://ligan-prokat.ru/"
alifit_studio,group,AliFit_studio,663,
ficusik_ebat,channel,"🔒ᕼᗣᖇᙓᗰᘉᑌᏦ ᕼᎽᗣᏦᏦᖗᗰᗣᖇᑌ - Ван Пис • Дороро авы, стикеры и т.д.",169,Канал закрыт
nikita_alise,channel,Капуцин Никита и Кошка Ариша🐒😼,195,Жизнь Капуцина Никиты и кошечки Ариши
m_alikh1,channel,M_ALIKHAN,129,
uhhh_spotting,channel,UHHH_Spotting,49,•Aviation Photographer• Location:KHV/UHHH  📷Canon EOS 60D+55-250mm #khv_spott
worldofspotting,channel,World Of Spotting✈️,307,
spotinguiii,channel,Ikt_spotting,24,Canon EOS 650D+ Sigma 120-400 mm 1:4.5-5.6 APO HSM
spottymob,channel,@spottymob,1410,
aviaspotting_uzb,channel,Авиаспоттинг. Узбекистан.,920,"Авиаспоттинг в Узбекистане. Канал для авиаспоттеров и любителей авиации.  Официальный магазин авиасувениров @aviaspotting_uzb_market. Большой выбор моделей самолётов и др.  Для связи: @bekalas Также мы доступны в Facebook, Instagram, Youtube, X, Threads."
sargatskoeomsk,channel,Охотник за красотами Омской области,274,
svoyspottingteam,channel,SVOy Spotting Team,109,Канал любителей споттинга в Шереметьево/репосты приветствуются
cashcontentco,channel,Cash Content - OFM & Chatting,1787,"Des tips uniques, mes résultats et ceux des élèves de la communauté CA$H CONTENT"
gullybetcontent,channel,GullyBET content,602,Share the content
clinic_reavet,channel,Ветеринарная клиника РеаВет l Ветклиника Воронеж,155,✅ Запишитесь на прием на нашем сайте: https://reavet.ru/?utm_source=tg
privetcontent,channel,"Привет, КОНТЕНТ! Алена Рычкова",151,"✅Все о том, как вести контент без выгорания ✅Разборы контент-стратегий, прогревов и запусков ✅как выстроить продажи через контент легко и ненавязчиво  Для разбора контент-стратегии твоего канала пиши сюда 👉 @ralyonka"
studio_contentt,channel,Центр прототипирования КазГИК,208,Центр Прототипирования при Казанском государственном институте культуры  Анастасия +79053103250
vetmobil,channel,ВетМобиль - ветеринар на дом!,367,"Выездная ветеринарная клиника, вызов ветеринарного врача на дом, онлайн косультация ветеренаров: терапевт, кардиолог, невролог, диетолог, психолог, нефролог.    https://vetmobil.clients.site/  Вызов врача на дом -  +7 (495) 989 53 32"
vettech_hub,group,VetTech Hub,62,"Экспертная среда для ветеринарных врачей  Практичные кейсы ИИ для ветеринарных клиник: бот Vetus, речевая аналитика звонков, аудит медкарт. Демки, best practices, Q&A.  ARBA Agency"
vetavtoritet,channel,Ветеринарный центр «ВетАвторитет»,249,"Круглосуточный ветеринарный центр в Санкт-Петербурге 🏠 СПб, ул. Камышовая, 17, корп 1 🚊 Метро «Комендантский проспект» ☎️ +7 (981) 205 87 88"
vetempreendedor,channel,Vet Empreendedor,159,Olá Veterinário! Aqui você vai receber dicas valiosas Vet Empreendedor e as novidades em primeira mão.
clinicaveterinariavittoria,channel,Clinica Veterinaria Vittoria,76,"Canale per aggiornare su novità, avvisi e progetti della nostra struttura e fornire in modo diretto informazioni rilevanti ed esclusive per il benessere e la salute del pet."
veket_ir,channel,ویکت | veket.ir,32,وبسایت ویکیت ، مرجع دانلود طرح های گرافیکی ، افزونه و قالب های وردپرس https://veket.ir https://www.instagram.com/veket.ir
vetkitru,channel,Ветеринарная клиника КИТ,96,"Официальный телеграм канал ветеринарной клиники КИТ.  Адрес: Химки, мкрн. Сходня, 4-й Мичуринский тупик, 5  Телефон: +7 (495) 120-40-90 Сайт: https://vetkit.ru"
vetzdrav_apteka,channel,ВетЗдрав | Ветеринарная аптека | Мурманск,160,"Всё для счастливой жизни питомца❤️ Просто свяжитесь с нами любым удобным способом и мы Вам поможем🤗  📪 Связаться с нами можно в Telegram, Вк 📲 +7(911)337-19-97 🌏 г. Мурманск, ул. Баумана, д. 3 (ТЦ Гермес, этаж 2) Следуйте за лапками🐾"
content_void,channel,ⴼєӡџʜѧ κѳʜϯєʜϯѧ,73,
veshanartcontent,channel,Вешан 🍀,44,Мой тгк!!
clubvet,channel,CLUBVET,78,https://clubvet.info/  Поставщик оборудования и инструментов из разных стран для ветеринарных клиник по всей России.   Авторизованный сервисный центр 💪
quran_hz5,channel,منبه دعاء ثبات القلب,823,- فعل الإشعارات لأجل أن يوصلك التذكير🤍.    ««يا مُقَلِّبَ القُلوبِ ثَبِّتْ قَلْبي على دِينِكَ وطاعَتِكَ» . جميع قنواتي و بوتاتي @channls_bots_hz  - شاركنا الأجر بنشر رابط القناة 👇🏻:
the7thdivision,channel,7th division,565,"گردن ن-میگیرم Asirpa simp club Do not speak of ogata. اساساً جامعه تشکیل شده از فعل و انفعالات منفعل "" GOLDEN KAMUY SPOILERS "" چیزخر.  Buy me a coffee~  https://daramet.com/vluxlevin  Bio : https://t.me/c/1601529610/3"
e_0_ko,channel,𝑭𝒐𝒓 𝒎𝒆,166,--آلَقــــــهِرآوُيـــــــّهِ.↻  ـ إستثنائـيه ، ୪ تليق بـيّ المقارنـات.↻  ـ لـِ فتاهة تبلغ مـِ العمࢪ 19 سنـهة.↻ 𝐌𝐞 : @E_v_v_a4 𝒎𝒚 𝒄𝒉 . @h_or45 𝒎𝒚 𝒄𝒉 @Go_dy19 𝒎𝒚 𝒄𝒉 @E_0_ko  شيفاني فاللسماء عاليه وفالارض غاليه🫶🏻.
hajio_pa_menbariash1,channel,حاجی و پامنبریاش,385,حاجی و پامنبریاش جنب هستید وارد نشوید +۲۴ پیج جدید: Instagram.com/hajio.pa.menbariash
ddyekarish2,channel,"یکاریش میکنیم دیگه,",35,بخدا خودمم نمیدونم ولی گفتم که یکاریش میکنیم.
