nnovrc_mdps,channel,Нижний Новгород Road Com | МДПС и дорожные события,293,"Road Com - События на дорогах твоего города! Актуальная информация о местоположении ДПС, и других событиях.  VK: vk.com/NNov_RC_MDPS О нас и городах присутствия: telegra.ph/O-Road-Com-10-11 Наши партнеры: telegra.ph/Partn-RC-10-11 Связь: @FerruManRC"
nncommunityofficial,channel,NNcommunity| work in progress,309,Work in progress💻  Info: @NNCommunitybot
rncmobile,channel,[RNC] Lavigne,46,Suivis et statistiques des antennes de #freemobile
minecraftnsfwcf,channel,Переходник Майн нсфв🤤❤️,7,Кр авы – ilikechickens67 тт
nscar_bot,bot,Nscar,,
operatorlifes,channel,Life Оператора 🎬,174,"Привет,тут будет разная информация из моей жизни оператора и режиссёра   По разбану и тд,писать: @ODINOK156 или @kirill_key1234  Стримы тут:https://www.twitch.tv/king_films228  Второй тгк:https://t.me/cooledith  Предложка: @photographer228_bot"
au_stories,channel,"АУ | сценарии, идеи, смыслы",311,"• Студия креативного и сценарного девелопмента •   ⭐️ Разрабатываем истории  ⭐️ Прокачиваем питчи ⭐️ Помогаем проектам обрести форму и голос  Анимация, кино, сериалы, подкасты — всё начинается с идеи  Сотрудничество и коллаборации: @MariyaLun"
fe_stories,channel,Соловей Алексей,153,Программист | Cоздатель N-Code
dark_lifechannel,channel,•|𝐷𝐹|• 𝐿𝐼𝐹𝐸,55,"Вас приветствует лайф канал,флуда по крд! 𝐷𝐴𝑅𝐾 𝐹𝐿𝑂𝑂𝐷  – J'ai cligné des yeux, tu n'étais plus la même @FOW_LIFE  𝐼𝑁𝐹𝑂 – @Dark_FloodINFO"
vitality_wc,channel,𝐕𝐈𝐓𝐀𝐋𝐈𝐓𝐘/𝐅𝐀𝐌𝐈𝐋𝐘,108,"ʜᴇ’s  ʙᴀᴄᴋ.🩵 оɸициᴀᴧьный ᴋᴀнᴀᴧ ᴋᴧᴀнᴀ VITALITY. ᴨо ʙᴄᴇʍ ʙоᴨᴩоᴄᴀʍ ᴨиᴄᴀᴛь ʙ ᴧичныᴇ ᴄообщᴇния ᴋᴀнᴀᴧᴀ!  Muᴛuᴀl PR frᴏʍ 10 suʙsᴄriʙᴇrs. Wᴇ dᴏ nᴏᴛ suʙsᴄriʙᴇ ᴛᴏ ᴇᴀᴄh ᴏᴛhᴇr (uniᴏns, ᴄhᴀnnᴇls ᴏf ᴏur ᴩᴀrᴛiᴄiᴩᴀnᴛs ᴀrᴇ ᴀn ᴇxᴄᴇᴩᴛiᴏn)"
storleee,channel,(ООО) завод гвоздей,59,"анархизм, нигилизм, феминизм и онанизм щитпостинг; канал не несет информационной и вообще какой-либо другой ценности"
star_forest_cats,channel,🌿˚‧｡𖦹 Ⲕⲟⲧы ⲃⲟυⲧⲉⲗυ 𖦹 ｡‧˚🌿,80,"-/// Привет котик ! 🪼Здесь много интересного о котах воителях,мы тебя ждём ! Старт 12.10.25"
krematorei_freemana,channel,ӃᴩᴇʍᴀᴛᴏᴩϞӥ — |𝐏𝐨𝐧𝐲 𝐓𝐨𝐰𝐧|ᴾᵀ,94,Ϫᴏҕᴩᴏᴦᴏ ʙᴩᴇʍᴇϰϞ ᴄγᴛᴏᴋ Ϟ ϫᴏҕᴩᴏ ᴨᴏҗᴀᴧᴏʙᴀᴛƅ ʙ ᴋᴩᴇʍᴀᴛᴏᴩϞӥ.  Дᴀϰϰɩύ ᴛᴦᴋ ᴄᴏɜɠᴀϰ ɠᴧя ᴩᴀɜϰᴏύ χᴇᴩϰμ. Ͳᴀᴋμᴇ ᴋᴀᴋ:: 1. Сᴋμϰᴏɠᴇᴧᴀϰμᴇ μ ɸᴏᴩʍᴀ ϰᴀ ɜᴀᴋᴀɜ 2. Ηᴏʙᴏᴄᴛμ 3. Ͷϰᴛᴇᴩʙƅબ 4. Пμᴀᴩ 5. Пᴏʍᴏψƅ ᴨᴩᴏᴇᴋᴛᴀʍ 6. Сδᴏᴩ ᴄᴋᴀϰɠᴀᴧᴏʙ μ ϲηλετϰμ
storj,channel,Storj,45,
shortylifestory,channel,рина о невысоком 🌿,90,жизнь и всякое закадровое  @rnwei
nvotch,channel,НОВОТЕХ,267,"Официальный канал Учебного центра НОВОТЕХ (Новые образовательные технологии). Контакты: эл. почта: info@nv-ot.com, тел. +7(499)391-17-47"
anestaspb,channel,the anestaspb | 3D ПЕЧАТЬ,70,"👋 Салют! Мы - @anestaspb. 3D-печать, за которую не стыдно, и вещи, которые хочется трогать. Озон: ozon.ru/seller/anestaspb/  Пока остальные печатают скучные шестеренки, мы создаем предметы, которые крадут всё внимание."
b3bem3me,channel,Б3беМ3ме,155,|ФАЙЛО-СМЕРТОШНАЯ|  Саме сочные арты тут(*＾＾*)//не пожалеешь 18+ Анонимка http://t.me/anonaskbot?start=zvB2TtuVjFxBibL
fromblast,channel,BLAST,98,k-pop cover and  dance team 💣  3 members Мила - Sin Кира - Kiko Софа - Barny
aiirdropland3,channel,CF NEWS 🗞️,45,💛 news city  و اخبار مهم مربوط به این ایردراپ‌ ها 🔥🔥  https://t.me/Teknolife3⛱️💲👈کانال اصلی   #پاوز⛩️ #میجر🗽 #ایردراپ🗼
horizon_lab_space,channel,Horizon Lab | Space,6,"🔭 Black holes, exoplanets & the mysteries of space — based on scientific publications.  Schedule: 📸 Photo of the Day: every morning 📅 News: noon + evening (Mon-Sat) 🤯/🔭 Topic: Wed 19:30 📋 Digest: Fri 19:30  🇺🇦 версія → t.me/horizonlab_space"
first_in_nibiru,channel,Раньше всех на Нибиру,10,"Инсайды и эксклюзивы, о которых молчат СМИ. НЛО, рептилоиды, раскрытие. Узнавайте правду раньше всех.  ⚠️ Сатира ⚠️"
gayratbeksirojiddinovtv,channel,Gʻayratbek Sirojiddinov✍,235,Gʻayratbek
babyytree,channel,йост верни спар,47,drink geen koffie leut  tiktok:: @babyytree anon:: @babytreeanon_bot
yoshikarulovers,channel,꒰ᩫᰰ ᩬׄ𝗬𑄝͜𝘀𐒅𝐢𝗸ᨡ𝗿ꭎ˒᮫ ⁠⁠⁠⁠⁠♡ܵ݊𝗱ᨡ𝐢𝗹𝘆‿۪‌⁠⁠⁠⁠⁠𝆹ֵ ꃳ,38,𝘁ᨡ𝗸ᧉ 𝗯𑄝͜𝘁 — @yoshikarudailybot .♡´ дꪒя связꭎ с вꪒд — @kaiishibot .♡´ 𝗽𝗳𝗽 𝗰𝗿 — @𝗱𝗮𝗻𝗴𝗱𝗶𝗱𝗶 .♡´
yng_mlbr,channel,Евгений Малабар,129,Творческий предприниматель из Владивостока — @yng_hsl
yngfaml,channel,YNG - 027,175,
yngloon,channel,янглун,397,ig: @yngloon
youngtrendfest,channel,YoungTrendFest,183,چنل اطلاع رسانی رویداد ها💥 مخصوص مشتریان آیدی اینستاگرام: @youngtrendfest
eretikwarhammer,channel,«Еретик| Warhammer AI Songs»,2503,"Треки и клипы по Warhammer 40k, созданные с помощью ИИ. Присоединяйся к Легиону Еретика!"
politeretik,channel,ПолитЕретик,807,СТРИМЫ: https://live.vkplay.ru/politeretik youtube.com/@politeretik — Ютюб ПолитЕретик youtube.com/@politeretik2 — Ютюб (резерв)  boosty.to/politeretik — Бусти с прямыми эфирами vk.com/politeretik — ВКонтакте
erenchatik,group,Eren Yeager Chatik 🌏,741,"Чат для нормисов и братков, cвои люди, своя атмосфера, общаемся, рофлим, не токсим, приветствую!  📅 Создан: 28 февраля 2025 года 👑 Админ: @zxceren Наш игровой чат: @gruppch"
thirtylost30,channel,thirty ##4EXP,506,"@thirtymgmt   prod: https://t.me/PLCthtrz  ww: SKIDRI, Стизи, Шайни, fonforino, YNG ERETIK, xtrace, mightymason, gothhell, Pepel Nahudi, Destroy lonely"
taexyepytalo_bot,bot,Побазарь с блядским.,,#BLYADSKI
lestetik_bot,bot,Support L'estetik,,
ermakoviche_bot,bot,Сексолог Евгения Ермакович,,Бот сексолога Евгении Ермакович   ТГ канал 👉🏻 https://t.me/sexolog_evgenia_ermakovic
erelaaabot,bot,‌ ‌ ‌ ‌ ‌ ‌ ‌ ‌ erela' s,,
eriprice_bot,bot,Ери,,
emberenglish_bot,bot,ناشناس Ember English,,
eridancfbot,bot,эридан кф тейки,,
yaenergetikbot,bot,"ТП ""яЭнергетик""",,
aurek_official_bot,bot,АУРЭК,,
shematicrobot,bot,شماتیک,,📚 ربات رسمی شبکه مشاوره شماتیک | همراه هوشمند کنکوری‌ها برای موفقیت در کنکور | مجهز به اسمارتیک
ekapterka_bot,bot,eKapterka,,@ProfessorEger - каптерщик  Исходный код (MIT): https://github.com/ProfessorEger/eKapterka
betikaetbot,bot,Betika Ethiopia,,
ostec_ec_bot,bot,Остек-ЭК Заявки,,
aryanesoterism_bot,bot,езотерична пропонуйка,,
erke_psycholog_bot,bot,Психолог Ерке Вера,,
etikairk_bot,bot,etika,,Бот для держателей карт программы лояльности сети Etika 🤎 Будь в курсе новостей и новинок!  Создано через teyca.ru
egr_ticker_bot,bot,EGR - Bot,,
eristhebot,bot,Eris,,
iristek_bot,bot,IRISTEK — клиентская служба в РФ,,Мы официальные дистрибьюторы IRISTEK в России
eurydice_nsk_bot,bot,Эвридика — Бот для обращений и обратной связи,,
eragontolk_bot,bot,Эрагон || Общение со мной,,
erinfictionbot,bot,◛,,
antinarkotik_skbot,bot,Антинаркотик СК,,
ershovnikita_bot,bot,Ершов Никита,,
coretakesbot,bot,кор тейки,,
aethyr_bot,bot,Aethyr,,The play in multidimensionality. Made by @iakovlevin
eremkin_feedback_bot,bot,Бот обратной связи,,
erikcassel_takebot,bot,Тейки Эрик Кассель!!,,
rosgranstroyquestion_bot,bot,Электронная очередь. Инфо,,
eris_info_bot,bot,Eris Infoline,,
ergashev_kimyobot,bot,Ergashev Behro'z Kimyo,,Ergashev  Behro‘z  +998904904957 Online darslar uchun: @Ergashev_B1607
tek_energy_bot,bot,TEKbot,,ТЕК - провідний постачальник електроенергії та газу для вашого бізнесу.
ermikhina_bot,bot,Бот Психолога ✨ Екатерина Ермихина,,Психолог Екатерина Ермихина Написать лично - @evermikhina Канал Сады Психеи - @psyche_gardens
gizbar_com_bot,bot,ЭСТ,,ООО «Энергосберегающие технологии»
pariyegi_bot,bot,𝐸𝓉𝒽𝑒𝓇𝑒𝒶𝓁 🫂🤍,,https://t.me/parigane
egrn_vipiska_bot,bot,ЕГРН Выписка Онлайн,,
evanikitosikanonbot,bot,нишимуракотик,,
berkathoki_bot,bot,BERKATHOKI,,tinyurl.com/BERKATHOKI1
erborian_ru_bot,bot,Erborian,,Официальный чат поддержки корейско-французского бренда Erborian. Будем рады вам помочь❤️
dobrinov,channel,Добрый канал,260,"Кирилл Добринов,   про реализацию, поиск и добро.   Факты: dobrinov.com Сотрудничество: @kdobrinov Познакомиться: @k_dobrinov"
dobriilizz,channel,Sarkisova_Elizaveta,440,"Привет, меня зовут Лиза я бьюти эксперт, увлекаюсь стилистикой и модой 🤍✨ Ведь именно благодаря моде и стилю я нашла себя и выросла во всех сферах жизни ✨ Оставайся со мной у меня большие планы на этот канал 💄"
dobriekartink,channel,репост добрых картинок,204,добрые картинки(не всегда картинки(не всегда добрые)) щп(всегда) ПППЛЕДЛОШКАА @dobrieletters_bot ПАПАКА НЯ НЯ НЯШНАЯ ПАПКА https://t.me/addlist/CKfqziBj1CAxYTYy
dobrikhv,channel,ДобрыйХабаровск.рф,162,"Новости совета по вопросам благотворительности, события и анонсы из общественной жизни Хабаровска. ДобрыйХабаровск.рф  Прислать новость @mogu_info"
dobrimaks,channel,Добрый Макс,143,"Оповещение по эфирам,опросики и мои будни"
imrebi,channel,komorebi,129,17.03.23
dobrie_ruki_szr,channel,"АНО по социальной поддержке населения ""Добрые руки""🇷🇺🇷🇺🇷🇺",201,
bryukhovetsky,channel,Александр Брюховецкий,97,"Серийный предприниматель и основатель компании ""Экофермер"". Помогаю питаться натуральной полезной едой.  Исследую и экспериментирую в продлении активного долголетия.  Для связи @AlexanderBryukhovetskiy"
chillzonelaidins,channel,[АРХИВ] чилзон леидинс🦔,876,удалите мне ае
litimo,channel,Лида картёжница (таро) 🔮📿,307,"❣️КАЖДЫЙ ПОНЕДЕЛЬНИК ТОЧНЫЕ ТАРОПРОГНОЗЫ ДЛЯ КАЖДОГО ЗНАКА ЗОДИАКА 🧿  Здесь таро расклады, волшебные свечи и рассказы про кошачью семью🙀🪄"
litturnir,channel,Ече,271,Прозаикам вход воспрещён!  Бесплатное пособие по участию в турнире — https://teletype.in/@litizdat/bput  Собственность «Литра»
lisdband,channel,LISD,51,https://linksta.cc/@lisdband
lizkatvor,channel,Не Лентяево ☝️,19,"Создание образов, процессы и творчество"
wantedhhhhh,channel,𝕎𝘈𝘕𝘛𝘌𝘋 𝔹H̲A̲I̲,1732,गली दिसावर    सिंगल   26....75   सॉलिड  38...32...37...21...   🆎   5555   .
thebirthoftheowl18,channel,Рождение Совёнка,295,"Предложка - @Dzhash18 ⚠️ Внимание ⚠️  Если автор не сделал видео с вашей песней, значит нет времени или не захотел"
cosplaytriiiiger,channel,⚜️Triiiiger Happy Channel ⚜️,175,История одного работяги который захотел ворваться в косплей
anton_krytoi_ochen,channel,[ЛОТА]Джефри с рестом,215,Привет ребят этот канал мой СЕЛФПЛЕЙС если я вас забанили значит я так захотел Тик-Ток tiktok.com/@antoni_krytoi Аккаунт в тамблере https://www.tumblr.com/jeffrey-raider?source=share
tomchikomg,channel,|неактив||Деревенский туалет Рей(рест),90,Он/она Кр на аву: Захотел потому что Девочки у меня куст не ставиться
zfzzzzzf_469,channel,юко<3*,72,ну ты ЭТО заходи ЕСЛи Чё🐾
cafe_vsevsad,channel,Все в САДъ!,624,"Культурное пространство и литературное кафе в историческом центре прекрасного города Козельска Б.Советская дом 4. Часы работы: ежедневно  с 11.00 до 21.00  Фотосессии, бронирование столиков, организация мероприятий и доставка блюд 📞+7 920 890-09-30"
katerinvoclothes,channel,разгружаю гардероб,357,вторая жизнь вещам 🤍 katerin.vo
alexandersaleirk,channel,Александр Дисконт,121,✨ Товары со скидками  ✨ Николая Гаврилова 4  т 8(964) 74-74-334
evstukhina_anastasia,channel,Литр красоты,196,"Здравствуй. Это inspire-блог Анастасии Евстюхиной, авторки повести «Мюонное нейтрино, пролетевшее сквозь наши сердца», поэтессы, финалистки The Blueprint 100. Здесь будут слова и картинки😜"
japivo,channel,лучше выпить литр пива чем не выпить пива литр,231,"я вижу – летит над волной, кувыркаясь, монетка и, может быть, кто его знает, ведь все может быть."
samodelki_traktora,channel,Самоделки трактора снегоходы вездеходы,5133,✅ Канал про обзоры самодельной техники  Купить рекламу: https://telega.in/c/samodelki_traktora  По вопросам админу: @Ravit_Gabitov
samodelkin_i_ko,channel,Самоделкин и Ко,402,"Будни любителя вкусного алкоголя, самогонщика и кулинара  Чат: t.me/samodelkin_i_ko_chat"
sam4net,channel,Самоделки - Сделай сам,99,"Самоделки - Сделай сам сообщество Samodelka.net Строительство, ремонт, дача..."
dobrodeytula,channel,Ремесленный двор «Добродей»,423,"«Добродей» – это уникальное пространство о тульских традициях, история Тульского края, мастер-классы, экскурсии и много других развлечений для детей и взрослых.  🌿ПН-ВТ выходной 🌿СР-ЧТ 9:00–18:00  🌿СБ-ВС 12:00–16:00   ☎️+7-953-199-71-88"
plastervzope,channel,Мистер чечевичка 💮🎏,291,"Спасибо что обратил внимание на этот тгк 💐  Зовите чечевицей🌱 Он/его🤝🏻  Мой ТТ: mister_pivozavr  •Продаю самодельные украшение, искать их по каналу по  #купить@plasterVzope  Лпсник, геншин 60 рп, аниме просмотрено 80+ Обожаю Наруто 💮 Хожу на меняльники 🌞"
samogonanetdonetsk,channel,Самогона Нет,113,"Готовим и выгоняем вместе с нами!  Магазин Самогона.Нет  Ад: ул, Куйбышева 231; тел.:+7(949)315-17-16; +7(856)203-17-16; Магазин Готовим Дома  Ад: пр-т Труда д.26 к2 тел.:+7(949)203-80-80; +7(856)203-80-80;"
estet_doma,channel,Эстетика дома. Вдохновение пространством.,125,"Картинки из реальной жизни: микрофильмы про Самару и не только, дом, интерьеры и мебель, цветы и растения, путешествия, реальные предметы  @julia_angelovska"
samovar71ru,channel,Придворный Фабрикантъ,152,Способы оформления заказа 📩 — на сайте: https://tulasuvenir.ru/ — в профиле Авито: https://www.avito.ru/user3f8df61669479923cf3692a963249973/profile?src=sharing — по номеру телефона: +7 (960) 609-17-77 (WhatsApp)
antiservice24,group,Профессионалы самостоятельного ремонта,70,"Чат канала @antiservice Обсуждаем самостоятельный ремонт транспортных средств и всё, что с этим связано. antiservice24.ru"
obmencrpt,channel,The Hermes Exchange Media,4712,Мы The Hermes Exchange – один из самых старых обменников криптовалюты   Обмен: @thehermesex  Отзывы: @thehermesexreviews
save_the_www,channel,Старый Интернет,291,"Админ застрял в 2013 году и ведёт блог прямо оттуда. Главные мемы, тренды и артефакты интернета нашего детства в режиме реального времени. Велком ту прошлое :D"
tehnofonik,channel,Tehnofonik,1615,Чат для общения - https://t.me/+n9MtI1yHNdY2NDUy  Архив АПК для старых android - t.me/apkforandroidTF
pullum35k,channel,PULLUM,1660,"Я Pullum с канала PULLUM35K. В этом канале будут новости с моих будущих, новых и старых роликов))Надеюсь вы меня поддержите)"
etx1le,channel,ℰ𝗍𝗈ׅ͟𝗂𝗅𝖾 ‌ ݁ຼ ‌‌دیزایڼ,491,‌‌   ㅤ      𝖾𝗅𝗅𝗈 𝖾𝗅𝗅𝗈 . 𐔌՞. .՞𐦯 .‌ 𝑢 𝗁𝖾𝖺𝗋 𝗆𝖾  ??ㅤ         ᮫  ۪۪𝖾𝗍𝗈𝗂𝗅𝖾`𝗌 𝗈𝖿𝖿𝗂𝖼𝖾  :  @gard3en
ellectroarts,channel,Ellectro,153,Привет всем! Рад видеть вас в своем канале начинающего 3д художника и сталкрафтера.
eliz_kras8,channel,ElizKras,100,"амиго из ала миго, или просто художник"
elisforest,channel,🍄🍂Eli's forest🍂🍄,116,"Welcome to my chann- ehm...forest! This Is a safe place for everyone so please be kind and patience. Thank you so much to everyone that will join! I will post wips, personal art, updates, sketches and more. Have fun!💚🌱🍄🌿🍂"
elstidio,channel,El Mar Studio | Студия звукозаписи,85,
elza_helstrom,channel,Эльза Хельстром 16+,175,"Всем привет! Меня зовут Эльза Хельстром, я блогерша и косплеерша из Санкт-Петербурга. Мультифандомщик. Публикую новости фигурного катания, перевоплощения в персонажей и многое другое.  — сотрудничество и вопросы: sverdlinaanna@yandex.ru"
elviforest_sale,channel,Эльфийские дары,34,"🪴 3D модели кашпо, опор, излишки растений  Основной канал t.me/elvi_forest  Личка @damnelf"
elles_teashop,channel,эльчина чайная,45,at least all that trauma made me hilarious✨ vk: ellesteashop
recoilcf,channel,recoil confession,68,
vossstorgtoys,channel,Vossstorg Toys,51,Официальный канал студии Vossstorg Toys. vossstorgtoys.ru
eli0flow,channel,эличка стримит | eli0flow twitch,38,розовая эльфодевочка на твиче https://www.twitch.tv/eli0flow https://www.tiktok.com/@eli0flow https://www.youtube.com/@eli1flow
esstmg1,channel,𝘔𝘨 𝘌𝘴𝘵. 𝘤𝘰𝘴,32,以斯帖 Эстер/Эст ну или Магний!
shopformyarden,channel,Elilto shop • online store low prices •,10,"Давно ищешь магазин где можно заказать  красивые авы, баннерыи т.д по низким ценам?? Тогда ты по адресу мой друг!  Влд: @CeJll_5"
undermoscowcooking,channel,Ешь Режь,106,"Достал ножь — режь, достал котлету — ешь"
kuricy0076,group,Курицы чат,588,Чат теперь тут https://t.me/+j_2vTtdJ-YE3ZWVi
reznikovfood,channel,Левша на кухне,170,Тут еда 🍔 а тебя еще нет. Рецептики домашнего приготовления🧑‍🍳    🧑‍🍳по всем вопросам - @reznikovnv
yanasykish,channel,Yana Sykish,263,"Делюсь полезными ссылками, вкусными рецептами и буднями многодетной мамы🤍  Мой блог в инсте: https://www.instagram.com/yana.sykish  Мой канал в мах: https://max.ru/join/WiFB-tQ4FMkWE6W-xerU8fihwRJ8S4lSMVxiYxOsvzs"
snailprinted,channel,Курицы на тетрадях,177,"tiktok\x @snailprinted синдром рыбки и мания свиста  Good tension gives good posture, good movement, good emotions, and good breathing Bad tension gives bad posture, bad movement, bad emotions, and bad breathing  напилась кушаю саседей па кусочкам"
granddogspb,channel,Grand Dog Гранд Дог СПб🐶,96,"ГРАНДДОГ.РФ Корм Grand Dog для собак и кошек. Отсутствие курицы, кукурузы,сои,ГМО! Доставка в день заказа! ☎+79119838623"
enlightenedhumanity,channel,Enlightened Humanity 5711,960,"Be the light that ""dis-spells"" the darkness, illuminating the future for our children.  The insights and opinions expressed herein are based on entertainment. Not to be taken as statements of fact about any person, or events stated or implied."
blain_2711,channel,Blain,242,"Just a friendly creature who likes cats, Minecraft, photography and Jesus :)"
ajr_59,channel,رِوَاق,148,﴿ وَاللَّهُ يَعلَمُ ما تُسِرُّونَ وَما تُعلِنونَ ﴾
iamyowrr,channel,iamyowr,91,"Мир этот не стоит того,чтобы ты делал хотя бы шаг в его сторону,так чего же ты бежишь за ним?"
buhhycf,channel,: кролики кф >_< .. 𓌔‌,1682,влд @SonyanetaKYS тейки @bunnycftakes_bot
kroliki_tg,channel,🐰 Кроличья норка 🐰,544,"🐇 Погрузись в пушистый мир ушастых милашек! Тут кролики жуют морковку, прыгают как чемпионы и устраивают настоящие кроличьи вечеринки! 🥕💃 Видео, мемы и факты о самых очаровательных хвостиках — всё, чтобы твой день стал мягче и веселее! 😍  (\_/) ( •.•) />🥕"
rabbitiriskin,channel,Будни кролика Ирискина,96,"«Будни кролика Ирискина» — память о первом. В деле: графиня-вампир Банникула, Чёрный Принц Маркс и пёс сэр Баскерсиль (шокирован).  О кроликах, уходе, скандалах и сене. Коротко, смешно, полезно 🐇"
krolif1980,channel,Кролиководство,1303,"По сотрудничеству пишите 👇 @Alexander080580 Канал""Кролиководство""посвящен кроликам разных пород. ✔️Создан для общения по интересам, обмена."
everskiez,channel,𝐄𝐕𝐄𝐑𝐒𝐊𝐈𝐄𝐙 )),1389,начало 21.08.2024 анон @anonn_mila_bot
krelicki,channel,Крэлики,322,Рандомные кролики каждый час (почти)   Haters gonna hate
krolikis,channel,✨ Кролики ✨,208,Все о кроликах
krolchataodintsovo,channel,7 крольчат 🖤🤍,256,"Этот канал был создан в 2023 году, когда мы спасли 7 прекрасных крольчат у таджиков со стройки в Одинцово. Теперь те малыши счастливо живут в семьях, ну а мы и дальше продолжаем спасать новых брошенных пушков! Присоединяетесь! ♥️"
ersenia,channel,Ersenia Bunny | Долой дедлайны,1247,По вопросам сотрудничества в лс: @erseniacos  Контент 18+ Творчество одного кролика
kroshkamallet,channel,Крошка Mallet,1048,"Привет заец!, ты попал в мой канал крошки маллет, здесь будут выходить ссылки на мои ролики, конкурсы и многое другое !  Связь: @KroshkMallet_bot"
rabbits_hotel,channel,Rabbits Hotel™,1143,"🐇  Все о кроликах - содержание, кормление, профилактика болезней и лечение.  Чат https://t.me/rhhchat Сайт rabbitshotel.ru Портал о кроликах rabbitfriendly.com  ☝️ Правила и основные моменты канала Rabbits Hotel в закрепе  Админ: @Alfadoro"
sdelalkrolik,channel,Искусство Кино-Кролика🎬 🐰,987,Илья Кролик про кино и всякое  Ютуб-канал с замонтированными видео https://youtube.com/@IlyaKrolik Ютуб-канал с разговорными обзорами https://youtube.com/@KrolikLife  Подкасты про кино  https://podcast.ru/877847352  Твич https://www.twitch.tv/iliakrolik
kchtz,channel,KChTZ News,843,Новостной канал бренда KChTZ / Кролик что-то знает.  Российский премиальный бренд одежды.  Рассказываем новости из жизни Кролика.   https://kchtz.ru  8 (995) 784-44-31
rabbitscorner,channel,𓃹Уголок Крольчатины | MHP_Fan,76,🐰Контакты: @MHPFan
moses_the_bun,channel,Моисейка,77,"✅ Помощь кроликам ✅Домашний приют для кроликов и котиков 🐈‍⬛ 🐇  💌 Написать нам:  t.me/moses_the_bun?direct 📔Канал о жизни с пушистыми дружочками и о том, как сделать эту жизнь лучше вместе 🫶🏻"
schastlivayamasha_poka_v_shoke,channel,Для родных и знакомых кролика,424,"Один сплошной фан фэкт, или Машина жизнь в эмиграции"
bro_rabbit96,channel,Братец Кролик,82,"📍Мы находимся в 4 км от пос. Двуреченский, 40 км от Екатеринбурга.  🩵 Наш сайт https://croloferma.ru/  📝 Экскурсии и запись — по телефону: 8(993) 508 4969 или в сообщении @YuliyaBrits  🔖Продажа кроликов, консультирование, клетки - @9126384969"
cdmutepotato,channel,Кроличья нора,70,Опи саньё
sealkroll,channel,🐰ྀི 𝘚𝘦𝘢𝘭 𝘉𝘶𝘯𝘯𝘪𝘦𝘴 𝘊0𝘧𝘦𝘴𝘴𝘪𝘰𝘯🌊,59,Бот для тейков - @SealKroll_takebot                    ✮ ⋆ ˚｡𖦹 ⋆｡°✩
kazimir_gallary,channel,Кроличья Нора 18+,126,Небольшой канал с рисунками и их обсуждением.
frikiiiikazahu,channel,кроличья нора аяно чан🐇,71,o(｀ω´ )o  @ayanochancute_bot предложка https://dalink.to/ayanoo_chan
serebro413061,channel,Кролики как бизнес,28,Уличное содержание кроликов Полтавское (советское) Серебро Саратовская область Марксовский район село Павловка ✍️ @sergeyleyman  В начало https://t.me/serebro413061/49
bunnypocket,channel,кроличья богема,99,"К тому же у меня сегодня акция: если ты купишь это треснутое сердце, в подарок ты получишь красный клоунский нос и оленьи рога.  Алексей Поляринов ""Центр тяжести"""
krolikhiro,channel,˳⁺˚🐋Krolik Hiro🫐†₊// УШЕЛ,77,я автор рубрик всех рад видеть анон: http://t.me/anonaskbot?start= буст: https://t.me/boos Начало12.07.2025. конец:28.062026
kopilkapigru,channel,🪸KopilkaPig | Unity,82,"Мультики, игры https://taplink.cc/kopilkapig контакт @Milamila33"
just_tenji,channel,Сладкий Перец,126,Творчество простого кролика☆   вк: https://vk.com/tenji7 Тик ток: tiktok.com/@just_tenji
clukofficial,group,Cluk Token Group 🐔🐔🐔,83,"Feathered, fearless, fully degen."
bunny_confession,channel,Кролики Conf,13,Кролики
dialogi_o_nedvigimosti,channel,Диалоги о недвижимости,15414,
danatella26,channel,Диалоги с Хорошевской,831,"""Диалоги с Хорошевской"" — это не просто канал, это твой личный центр силы, где твои мечты становятся планом, а кризисы — точкой роста. Мы создаем пространство, где каждая женщина может найти свой уникальный ""элемент"" — источник внутренней энергии"
lnwhi,channel,Диалоги про PR,1083,"Ругаюсь матом на тренды, пишу про PR.   Реклама: https://goo.su/fPo5tCo ЛС (сотрудничество, консультации): @linwhi  — PR-директор Red Collar — СЕО «тильт.» — Бронза Rassvet.award 2025 / 2024 среди пиарщиков в России"
fomichevadaily,channel,Фомичёва Daily,723,"истории, диалоги, интервью сотрудничество: yana-donna@yandex.ru"
dashapishet3458,channel,Даша пишет жизнь,583,"Реальные диалоги, чувственные закарюки, рефлексия в обертке шуточек."
dialogidialogi,channel,диалоги-диалоги,316,"диалоги-диалоги двух друзей и тех, кто рядом — о музыке и не только"
drama_the_world,channel,💐🪻 Мир Дорам 🪻💐,38336,"Где любовь побеждает всё, а каждый кадр — как картина. Коллекция самых трогательных дорам. Добро пожаловать в мир, где эмоции ярче реальности.  🥳5 апреля 2019  По поводу рекламы писать:  https://telega.in/c/drama_the_world   или @Alpenglow26"
admtavr,channel,Администрация Таврического района,495,
vash_psychologist_ivanova,channel,Ольга Иванова - Психолог | Коуч | Ментор,405,Здесь про осознанные изменения и улучшение качества вашей жизни   Vash_psychologist_ivanova  По вопросам @Vash_psychologist_IvanovaOlga
stylefactor_ru,channel,Stylefactor_ru,389,
monochromeandyou,channel,monochromeandyou I фотограф спб,192,Портфолио и важная информация  https://monochromeandyou.wfolio.pro/  Есть только два стула увидеть себя настоящим: попасть на фотосъёмку или записаться на психологическую сессию. Усидеть на двух стульях можно.
kira_chairs,channel,Кира на двух стульях,160,"Люблю людей и ремонты.  Про дизайн интерьеров, маркетинг и жизнь.  По любым вопросам, заказам дизайн-проектов и сотрудничеству пишите в личные сообщения:  @a_kirusha"
safonovlife,channel,Иван Сафонов |На двух стульях,102,"Иван Сафонов | Рассказываю, как пытаюсь усидеть на двух стульях. Дом, семья и что-то попредпринимать у себя в рекрутинговом агентстве hiring-lab.ru Жизнь и работа все в кучу такой #lifestyle"
thesevenchairsitter,channel,На семи стульях,80,"Хаос ощущений, воспоминаний, намерений. И хаос этот не способен разобраться в самом себе."
m12stulyev,channel,Магазин 12 стульев,12,Мебель для дома и офиса.
ooomagmas,channel,Самый лучший стул,88,Заказ на тест-драйв: @IvanPopovIAm
uxonfire,channel,Эмоциональное подгорание,80,"Привет! Я Диана, UX и шеф-редактор в Т-Банке. Сижу на двух стульях: на одном пишу, на другом — руковожу. Тут рассказываю про тексты, продукт и жизнь в финтехе   @dv_litvinova"
diraamaahirkoo3,channel,Diraamaa Hirkoo ®️,47256,I blog about marketing and sales  Buy ads: https://telega.io/c/DiraamaaHirkoo3
afterallparty,channel,Афтепати,2200,сидим чилим  🖼 https://www.instagram.com/ellinaah.art 🖌 https://www.artstation.com/ellinaah  По всем вопросам @Neon_brush
serioussammmm,channel,серьезный сэм,271,твич телевизор - seriouss_sam  добри  по любым куэшонс: @bosssmentality
deeeeemmnn,channel,дээм,515,хорошо сидим))  по вопросам писать @sicarmizzz
xpyakk34,channel,бромгексин сидим пердим,549,"кто отпишется тот натурал.  Q, я хряк/мася/срыгало. коллабы — открыты? трейды — открыты? лс - @masyaxpyak аноним - http://t.me/anonaskbot?start=bu6gldsb2kltd ТТ - mhuul__"
server1hp9lv,channel,1ХП (бывший сервер),318,"Сидим, вспоминаем былое и общаемся на тему майнкрафта!"
cheizlol_kitchen,channel,На дизайн-кухне с другом,375,"Сидим, болтаем на кухне о дизайне и жизни👽  Меня зовут Сережа, кста  Написать лично: @Cheizlol"
forsadiesink,channel,Sadie Sink,41,own : limi / лими @TrueLimi_bot
chibilisa,channel,Chibilisa,239,Сидим творим в теплоте и уюте
gwiamm,channel,GWIAm«!»,72,Why Don't You Care
draintheheron,channel,Логово Дрейна,209,"О как. И в тг сидим  Предложка: @drainprosvet_bot Арты, сотрудничество, связь — всё туда"
rubenvardanyanofficial,channel,Рубен Варданян / Ռուբեն Վարդանյան,13456,
shserajzadeh,channel,جامعه شناسی - سراج زاده,867,
icatchyourstyle,channel,I catch your style • Граффити в Питере,1330,"Все интересные работы местных (и не только) мастеров граффити, которые попались внимательному админу канала I.C.Y.S.  Осуждаем вандализм, асоциальное поведение и противоправные действия.  Для связи: @icatchyourstyle_bot  Since 24.05.2024"
rusgrft,channel,Граффити России,1381,Все фотографии и картинки взяты в Интернете из открытых источников и публикуются в ознакомительных целях.  Мы НЕ призываем к вандализму и осуждаем нарушение законодательства.  Отправить работу: t.me/rusgrft?direct  Граффити-стена: www.grftrus.ru
krasotaotduchi,channel,Тепло о прекрасном,958,"Авторский блог Светланы Н. Живопись, театр, музыка, поэзия… мир полон бесчисленных проявлений красоты. И у каждого из них есть история.   По вопросам @svetlana04031962  https://max.ru/join/KPJT1zn0vLfATa_hXwpLQ1DE2RPokZuCftbvncbPsAc"
masonmoscow,channel,Масоны Москвы,301,https://mason.ru/
korsmuzei65,channel,Корсаковский музей,237,"🌐Сахалинская область, Корсаковский муниципальный округ, г. Корсаков, ул. Краснофлотская 22  📱8 (42435) 4-46-25  Сайт музея: http://korsakov-museum.ru/"
maroseyka215,channel,Maroseyka 2/15,217,⭐️⭐️⭐️ Ваш любимый отель в историческом центре Москвы – теперь в Telegram maroseyka2.ru
grani_ya,channel,ГраниЯ | Саморазвитие,10,"Канал про мотивацию, полезные привычки. Цитаты и выжимки из книг про саморазвитие.  «Проблемы не могут быть решены на том же уровне мышления, который создал их.» — Альберт Эйнштейн."
invisiblestringshop,channel,невидимая нить,224,"бренд, созданный двумя сёстрами. наша нить связывает нас, где бы мы не находились. в нашем магазине вы найдёте канцелярию и вязаные игрушки, созданные своими руками и согревающие сердца.  для связи по всем вопросам: @msmarialos"
owlbrush,channel,Неровная линия,176,Заражаю творческим взглядом на жизнь!  📨:@yashperiza
teonagourmet,channel,Teona Kontridze music,13664,
ticksmammy,channel,Ticks_mammy,1151,
teoremagarmonichnosti,channel,ТЕОРЕМА ГАРМОНИЧНОСТИ,1728,"🔥 нейрохаки, как выбраться из любой ситуации, даже если она уже почти анекдот; 🔥рабочие инструменты, чтобы гармонизировать себя, а не просто «дышать маткой»; 🔥действенные рекомендации по тонкой настройке мозга, чтобы перестать винить ретроМеркурий😉"
lqd3cxjtnuewmzu6,channel,Tovpeko.da,666,‘мысли   ‘семейные истории  ‘эстетика на языке JDN
ton_fingerprints,channel,TON Fingerprints,136,Official TON Fingerprints channel Based on TON 💎  Web: https://nft.mir.one/fingerprints Chat : @ton_fingerprints_chat  RU Channel: @ton_fingerprints_ru  📝 @ton_mir_bot
hxxq7,channel,тиша гуляет,493,🤍  tt - tisshaflour                                :¨ ·.· ¨: сотрудничество -  @kkx7s          `· . ꔫ  boost - https://t.me/hxxq7?boost 🍓
sympho_cat,channel,SymphoCat / СимфоКэт (official),439,"эмбиент музыкант / куратор культурных проектов  «Возможно, духовный рост толкает нас к восприятию более тонкой звуковой материи, когда мы слушаем не для того, чтобы слушать, а для того, чтобы слышать»"
tolstoyphoto,channel,Черновики Толстого,115,"Здесь не про идеал. Про процесс. Фото, мысли, спорт, паузы и жизнь пока грузится Lightroom"
syoxpyn,channel,Широкосисьный Ликург,197,"Art acc Во имя единой талии, пробора сбоку и тонкой шеи аминь"
winreview,channel,Winreview,218,"Канал сайта https://winreviewer.com. Пишем о Windows, браузерах, и тонкой настройке приложений и ОС. Чат: @WinreviewChat Твиттер: https://twitter.com/winreview"
astrologinuy,channel,Натали Шульгина АСТРОЛОГИНЯ,254,Астролог с чувством юмора и тонкой душевной организацией.  Со мной ты узнаешь: ✔️свой путь и место реализации ✔️индивидуальную финансовую стратегию  ✔️своё истинное предназначение   Для связи @shulgina_natali  Отзывы 👉🏽 https://t.me/+ns_yD4XedZNhNGMy
teethyclair,channel,зубочистка,145,"tw - teethyclair tt - very teethyclair  💚арка увлечения итальянской комедией и фрики цирками❤️  рисую по наруто, конану и лотму 🎩"
dyukovaira,channel,Ирина Дюкова,136,"Ирина Дюкова — артистка, голос которой дышит светом..... Певица с узнаваемой подачей и тонкой эмоциональностью, которая соединяет в своей музыке современную поп-эстетику, соул-мелодику и кинематографический драматизм."
aiattacks,channel,AI Attacks,785,#безопасностьмл #машинноеобучение #нейросети #защитамл #защищенныемодели #cybersecurity Написать автору @PolinaSokol7
codemining,channel,Code Mining,911,"ML4Code во всей красе, анализ кода и артефактов: лицензии, уязвимости, процессы. Комментарии к актуальным и не очень новостям, аналитика, эпизодический авторский контент, мемасики.  При поддержке: ods.ai, @codescoring По вопросам — @alsmirn"
themaxmur,channel,TheMaxMur,375,d29ya2luZyBoYXJkIGxpa2UgYSBwcm9jZXNzb3IKdGhpbmsgYSBsb3QgbGlrZSBhIHByb2Zlc3Nvcg==  maxmur.info
bornyakovalex,channel,BORNYAKOV,4935,т.в.о Міністра цифрової трансформації України
formulaprofiplus,channel,Маникюрный рай для профи | VEX,146,Магазины качественных оригинальных маникюрных товаров Formula Plus Profi на маркетплейсах:                                                      🔵 OZON https://clck.ru/epoDX 🟣 WILDBERRIES  https://www.wildberries.ru/seller/57653
vyborygorodok,channel,Избиратели Академгородка,126,Канал для обсуждения выборов депутата Горсовета на округе 45 (6-8 сентября 2024)  Чат клуба избирателей: https://t.me/+V6xPN-Y7JXtjZmVi
lttayawear,channel,Lettaya Pole Wear🕊,242,"Мы приветствуем Вас на канале нашего бренда Lettaya Pole Wear 🤍  Только качественные и эксклюзивные модели от создателя бренда Виолетты Яблоковой!  Здесь будет вся актуальная информация о наличии изделий, новинках и акциях! 🕊"
yourkashback,channel,Твой 100% кэшбэк / Скидки / Халява / Выкуп / Кешбек,174,"Подписаны 8 друзей  Публикуем предложения, где можно получить товар бесплатно или за отзыв.  Мы не несем ответственность за продавцов. Мы исключительно публикуем их предложения."
yabloko19,channel,Яблоко | Хроники нарушений,434,Публикуем информацию о нарушениях в ходе выборов в ГД-2021 17-19 сентября
schoolofelections,channel,Школа выборов,370,Канал для публикаций материалов и объявлений Школы выборов.  Канал на YouTube - https://youtube.com/@schoolofelections?si=QfxfRe1WkkeT7Gk5
proltik40,channel,ТИК Пролетарского района Ростовской области,230,
atlasvyborov,channel,Атлас выборов,171,"Канал проекта ""Атлас выборов"": https://atlas.vyborov.org/"
baryatinotik,channel,ТИК Барятинского района,192,"с.Барятино, ул.Советская, д.20, тел. 8(48454) 2 30 18    @baryatinotik"
rostovnadomu777,channel,Ростов-на-Дому,175,"Когда в стране нет выборов и политики, мы голосуем за мемы!🤡"
electionschronicle,channel,Выборы в деталях: Хроника,268,"12-14 сентября в этом канале публикуется информация о ходе голосования на выборах во всех регионах. Нарушения, промежуточные результаты, аналитика. Основной канал «Выборы в деталях» — https://t.me/detailselections Всем честных выборов!"
bykovaa_aa,channel,BYKOVA🐾TALKS,218,"Хроники Акаши | Проводник в состояние  расширения 🌀  Помогаю выйти за пределы ограничений  ума и привычных выборов, чтобы  создавать желаемую жизнь — в деньгах,  отношениях и реализации ❤️‍🔥  @bykova_a"
brawlmommy,channel,я у мамы бравлер | brawlstars,403,"Привет!  Это официальный телеграмм канал     ВК группы я у мамы бравлер  https://vk.com/brawlmommy  Если вы автор одного из контента и не хотите, чтоб он тут находился напишите в сообщения тгк"
sudebnaypraktika_ip,channel,судебная практика IP,229,"Пишу о IP спорах, которые посчитал интересными. Оставляю ссылки на все источники, чтобы вы могли сформулировать свои выводы.  Если вы участвуете в интересном споре - пишите мне) Для связи: @ekadochnikov"
vspore_ru,channel,Для тех кто в споре,7,"Мы помогаем тем, кто в споре✅  Это канал проекта “VSpore”  Здесь вы найдете полезный материал о конфликтах и помощи в них💡"
jarvanful,channel,Чета там Джарван,73,Проиграл в споре - создал канал
sorasmilodonpride,channel,𝐷𝑟𝑒𝑎𝑚𝑠 •Закрыт•,46,"· ── ⟢ ・⸝ ˚✧ Вам снится сон, где мир полон бескрайних полей и зелёных лесов, где запах мокрой земли и свежей крови на ней, где-то там , вы слышите рёв, разрывающий тишину. ── ─﹒﹒★﹒────────── https://www.tiktok.com/@dreams_prid0?_r=1&_t=ZN-94s1Wm0XgG2 тт"
chaynikxz,channel,Чайник,72,нет
entsparkling_blog,channel,Архив//[🎇] 𝘚𝘱𝘢𝘳𝘬𝘭𝘦 𝘴𝘩𝘰𝘸~,34,ᅠᅠ /𓏵 @hoyoent  ᅠᅠ︵︵ ᅠᅠᅠ. ݁   ₊ ⊹ᅠᅠ🎇 ᅠ.ᅠ  ݁˖ .ᅠᅠ ݁  ᅠ ᯓ★ 𝘐𝘤𝘰𝘯: ﹫xidk_lolx ~ Pinterest ⋆˚꩜｡
i_olobot,bot,Зайчатки Разума,,Бот для поднятия градуса неадеквата в чатах.  Реклама — @adzhara_bot
vetornitologanisimova,channel,Клиника для птиц Эклектус.,388,Занимаемся  лечением всех видов птиц. Приют для птиц. Гостиница для попугаев. Запись на прием по т. 89035685850 или 89859142880
phoenixairwavezchat,group,$P-AIR | SOL MEMECOIN | CHAT 💬,106,"Some birds are not meant to be caged, they have too bright a plumage, and when they fly away, the part of me that knows it was a sin to lock them up cheers.    P_AIR Token 🐦‍🔥"
kaymaksk1e,channel,Закрыты.,77,в браке с @vncconfr
sivolods,channel,sivolod,33,
impire_zebrow,channel,Кристальная Республика,14,Рп страна картазия 2 крутая имбовая хорошая сильная 🤙👆✌️👌🧠
donatfm,channel,ЗАКРЫВАЕМСЯ Donat,21,
foto_marin,channel,ᴩhᴏᴛᴏ ʙy Ꮇᴀrin! ¡[🍥],1,[🍥]— Ᏼᴧд:: @l_love_sanji ˚ ༘ ೀ⋆｡˚
blackbarrysx2,channel,BLACKBERRY,204,"Blackberry cdt in Yalta мы как маленькие ягодки, которые вырастают из цветочков"
heart_beat_solo,channel,𝑴𝒊𝒅𝒏𝒊𝒈𝒉𝒕 𝑮𝒉𝒐𝒔𝒕/Рест,81,"« цветы вырастают снова, даже после того, как на них наступают. ты тоже сможешь »"
otzovjuliya,channel,Отзывы Юлия Иванова Астролог,7,"Отзывы и кейсы астролога Юлии Ивановой   Канал https://t.me/astrojuliya0501  Связаться @juliya050193  Со мной разрешишь себе всё! Помогу понять свою уникальность и полюбить себя такой, какая есть. От консультации «вырастают крылья»"
borodatyi_peregon,channel,Бородатый Перегон,2293,
bearded_banzai,channel,Бородатый Banzai,551,"Делюсь мыслями о жизни, бизнесе и новостях в Affiliate сфере 🎰"
beardedesport,channel,Бородатый Киберспорт,369,"Экономист из ВШЭ разберёт для тебя киберспорт, как индустрию в целом и даст свой анализ ситуации в бизнесе киберспорта.  Boosty: https://boosty.to/beardedesport VK: //vk.com/beardedesport Подписаться на Подкаст: https://beardedesport.mave.digital/"
antipold,channel,Пёс Антипыч,251,Бородатый гид по собачьей жизни🐶  Админ: @anshker
foto_boroda4,channel,Бородатый фотограф,228,"Концертные съёмки, репортаж и другое моё творчество.  Сайт - https://romayanko.ru/"
batyatestit,channel,Батя Тестит,368,"Непредвзятое мнение о современной музыке и не только. Ютуб канал Батя Тестит и Бородатый Мотоцикл! YouTube: http://www.youtube.com/@batyatestit , ВКонтакте: https://vk.com/batyatestit , Boosty: https://boosty.to/batyatestit"
hrboroda,channel,Бородатый HR в проектировании и строительстве,169,"БОРОДАТЫЙ HR HR в проектировании и строительстве.  Реклама, подбор персонала: @kharldi"
negodny,channel,БОРОДА ТГ,123,"Добро пожаловать в мой бородатый канал, перед тем, как писать в бородатый чат, ознакомься с его правилами в закрепе!"
alavescf1,channel,Депортиво Алавес | Deportivo Alavés CF,135,"Однажды бородатый мужчина забил пенальти, и с тех пор мы в Ла Лиге.  Добро пожаловать на канал про клуб из столицы Страны Басков - Депортиво Алавес.  На «Мендисорросе», с 1921.  По ВСЕМ вопросам - @tonimartinez11  Поддержка -  https://t.me/boost/alavescf1"
beardedwine,channel,Бородатый блог о вине,66,"Бородатый винный блог - о вине без пафоса и снобизма. Рассказываю о винах, терруарах и истории виноделия - просто и по-человечески. Чтобы вино перестало быть сложным. 🍷"
borodatyy_bard,channel,Бородатый Бард,56,Привет! Здесь мы говорим об истории.
vi_movie,channel,Ви-Муви - Посоветуй фильм,35,Канал о годных фильмах и сериалах VK: https://vk.com/vi_movie Youtube: https://www.youtube.com/@vi_movie  Еще мои каналы: YouTube «Бородатый папаша» - https://youtube.com/@daddy_beard?si=b64b_Qhf-G0F_WFq Мысли папаши - https://t.me/+v3-faw_NYbJjMjFi
anonaquiris11bot,bot,анонимка аквириски,,сейчас бы пельменей
wbogdanov_statya_bot,bot,🚀 Запуск товаров бест-селлеров на Wildberries | WBogdanov,,
warmdoppo_bot,bot,Анонимка для крутых,,Можете задать любой вопрос или подкинуть идею для нового арта!
rozinformburo,group,РозИнформ,1969,Чат канала https://t.me/rozovka_info
ruralorthodox,channel,Rural Orthodoxy☦,1806,Orthodox quotes and wisdom ☦️ Christ is King. Out of context Orthodox pics and chat if you have any questions at https://t.me/OrthodoxFriendsClub
balashov_uezd,group,Балашовский уезд,327,
turinsk_uo,channel,Новости образования Туринского муниципального округа,227,
sennenskiy,group,"Сенненский уезд, Могилевская губерния",244,"Генеалогія Сенненскі павет, Магілёўская Губернія Поиск места t.me/JoinUezdBot/list"
korkinochat,group,Коркино(чат),28,
grodno_centr,group,Гродно Центр,2,
vasadmin185bot,bot,@Vasilevka-Admin185,,
faerieslaw,channel,двор крапивы и воды,1464,
green_and_sweet,channel,🌿Травы и Мёд🍯,273,Просто домик в лесу. 🐦‍⬛🍂🐈‍⬛  Для реакций: https://t.me/green_and_sweet?boost  Для связи: @kiss_ya  Запасной канал: https://t.me/+WGrh5ENSVtxkY2Yy  Поблагодарить или угостить кофе: 2200152341102039🪶
notrealt0m470,channel,томатная грядка,149,"не говорите плохих слов в комментариях, на меня мама подписана @jjjjsjsjjsjjhsjj"
fieldhockeyrus,channel,Федерация Хоккея на траве России (ФХТР),471,🏑Официальный телеграм-канал Федерации Хоккея на траве России fhtr.ru
sprout_ss,channel,🌱 в траве,342,Меня зовут Диана и здесь мой маленький зеленый уголок. 📍Беларусь (Могилев) @ikiboo
dremuch1y_to4ka_ru,channel,Дневник Лесника 🌲🪵,185,"На дворе - трава, а на траве - ....Читать в продолжении"
summerkomorebi,channel,𝑲𝒐𝒎𝒐𝒓𝒆𝒃𝒊,57,anonymous: @Summerkomorebibot Second Home: @yoshikiowow
ttddmysl,channel,Туки-туки,80,Дневник откровений
krovavye_korochki,channel,ᴋᴩоʙᴀʙыᴇ ᴋоᴩочᴋи,121,"Филиал всратости вашего любимого канала, никакой снобской мемологии, только ржение"
t1shsa,channel,Закрыта. ARTEMIDA,83,"Цветы распускаются даже на траве, которую топтали"
graplett,channel,⤷ Ⲁύⲣυⲥ [14+] ˎˊ˗,78,───────────────────── — Здраствуйте! Вы попали в канал @Graplett хочу вам сказать. Канал НЕ занимается пропагандой и НЕ принуждает вас к каким-либо действиям.   ─────────────────────
seo262,channel,台灣🇹🇼新手茶防雷小教室🔞,37,新手哥哥的茶教室🐱💕新手第一次入門 虛擬的網絡世紀  該注意什麼  台灣🇹🇼Gleezy：https://c.gleezy.top/JfjISEO2
heartlyphotographer,channel,Photos,37,
ori_beb,channel,—оᴩичᴋᴀ🎀♡,25,
treeesc,channel,حديث الأشجار,28,أنا ذرةٌ في الكون، قد شمَخت، وصوتٌ وَدَّ لو سُمِعا.  ... https://confess.ngl.link/sondos65164
ssii11kkaa,channel,Только рыбный тостер,11,Будь буль
ftns40,channel,Фитнес-аэробика Обнинск,506,
ice_dragons_love,channel,🐉Ice Dragons team🐉,39,
sisterskhodak,channel,Сестры Ходак 💜🩷⛸️,112,Маленькие сестры фигуристки⛸️ Александра 4 года и Влада 6 лет 👧👧 Занимаются в ЦФК Этери Тутберидзе Канал ведут родители
alu_style,channel,Mrs.Anikinss,154,"Coach,хореограф-постановщик cheer hip-hop👟Dj ANIKEL’🎧 Inst:mrs.anikinss 💁🏼‍♀️ Красота внутри тебя💖"
atlantikgym,channel,Atlantik GYM,94,"ХУДОЖЕСТВЕННАЯ ГИМНАСТИКА | СК ""АТЛАНТИК"""
elena_rg_angels,channel,RG EM🤸,50,
napoleonhh,channel,🌾ミПеред рассветом с kht Zenitミ🌅,24,"꧁Всем приветик!  Я Наполеон,владелец этого тгк,а так же мать 4-х хорсиков:>  Интересна жизнь хоббихорсера в 26 году? Присоединяйся!꧂"
testirawshit,channel,Test&RAWShit,807,"Тут ты найдешь свежие, мощные, круглосуточные тестнеты, с помощью которых и заработаешь на Гелик 🚙"
radio_orator_ot_dushi,channel,РАДИО🎙️ОРАТОР ОТ ДУШИ,858,Заряжаем харизмой! Проявленность. Психология. Личный бренд. 🔥 Аудио-эфиры каждый четверг — мощные разборы и секретные фишки от топ-экспертов 🎙️ Ведущий @andrey_shishmarev
kostour,channel,Отдыхаем ярко 🔥,344,"Доступные экскурсии и поездки для всех и для каждого.  Центр экскурсий и путешествий «Костур».  Сайт: www.kostour.ru Офис: г. Кострома, ул. Советская д. 113а Тел: +7 4942 300 071          +7 961 007 3183   По всем вопросам пишите @kostour1"
bonfire_app,channel,Костёр,1901,"Новости про игры, технологии и кино, которые тебе понравятся."
kostergallery,channel,KOSTER,590,Первая галерея современного искусства в Кемерово  Билеты на выставку тут 👉🏼 https://kostergallery.ru/periphery
luxcar_tour,channel,LuxCarTour,207,🔥Бронирую Туры 🔥Отправляем в интересные Автобусные туры на выходные🔥САМЫЕ ВЫГОДНЫЕ ТУРЫ🔥
lost_chest_official,channel,Lost Chest Official,741,
domshkola,channel,Гибкая школа • он-лайн классы семейного обучения | Soft Skills курсы и лагеря,634,Жжём костёр интереса в учёбе!  Учителя-новаторы. У нас: 🔥Крутые методики 💚Личностный подход • Дружелюбная среда • Постоянство • Нужные знания • Гибкие навыки  Группы семейного обучения онлайн Курсы Лагеря🌴 neodeti.ru @VeraVsebya8 vk.ru/dom_family_club
crocierepiu,channel,Crociere Più Canale 💙,444,Benvenuto nel canale Telegram C+! 🚢  Scopri le migliori offerte e partenze in crociera suggerite 🤩
llynxmady,channel,lynxmood,506,"Я — манифест своей жизни. Отважная, непознанная, мудрая, образованная, желанная и желающая всё, что мне под стать, женщина. И любовь моя — жадное пламя для милого друга. От боли засияю еще ярче; но костёр затушить не удастся."
kurs_na_more,channel,"Курс на море, туры",94,Туры с душой и заботой о Вас и Вашей семье 🙂  🔥Вылеты из разных регионов 🔥  По консультации и для подбора тура @Anastasia_Chupsheva
egor_berrrloga,channel,Егор – Berrrloga 🌲,486,Ваш сибиряк – Егор Рычкалов
siberianatheart,channel,сердцем сибиряк,303,"🤓 йо, это саша новиков  18+  лайф-стайл блог о жизни социолога, исследователя и просто хорошего человека  'наука, тусовки и любовь'  живу в москве, а 22 года назад родился в красноярске"
sibiryak_omsk2023,channel,Закулисье ОЦК «Сибиряк»,161,"Дорогие друзья! У вас есть уникальная возможность заглянуть за кулисы ОЦК ""Сибиряк"", приобщиться к тайне создания наших постановок, концертов и праздников! Присоединившись к нашему каналу, вы станете частью творческой семьи ""Сибиряка"" и сможете наблюдать."
sirjameschannel,channel,Мамкин сибиряк :3,202,"Приключения старшего мяучного сотрудника Сэра Джеймса, и его коллег Муррртиши и Картошки-джан! :3  А также ваши пуньки и жмяки)  @nastya_suliven - котомать"
siberianmotion,channel,Паркет и пиксели,164,"Телеграм-канал Насти Ауловой.  Веду соцсети и делаю дизайн футзальному «Сибиряку». Делюсь тем, что меня вдохновляет, своими проектами и закулисьем работы.  Написать мне → @lamelaverde Лучший клуб на Земле → @pmfcsibiryak"
perevozkiporf,group,Грузоперевозки Россия,517,
chat_gruzoperevozki,group,ЧАТ ГРУЗОПЕРЕВОЗКИ,39,#грузоперевозки #логистика #перевозки #экспедирование #груз #доставка #транспорт #логист #международныеперевозки #автоперевозки #контейнерныеперевозки #грузоперевозки_поРоссии #грузовыеперевозки #сборныйгруз #грузоперевозки Россия #ati
ffborzykin,group,Чат Фабрики Футбола,3121,
gayacosmetics1,channel,GAYA,3751,GAYA — уходовая косметика на основе магния   Наши соцсети и маркетплейсы: https://taplink.cc/gaya_cosmetics
yovahub666,channel,yovahub 🗝,561,:¨·.·¨:  `·. ☠︎♱ ᴀᴧинᴀ/йᴏʙᴀ 💋🖤°*ﾟ✟ по личным вопросам и т.д: ➶ @yovahub  ｡･:*:･ﾟ♡ ɜдᥱᥴь я ᥰ᧐κᥲɜыʙᥲю ᥴʙ᧐ᥙ ᥱδᥱᥔɯᥙᥱ ɸ᧐ᴛ᧐чκᥙ ᥙ ᥴʙ᧐ю жᥙɜнь🗡!! ꒱࿐♡ δуду ρᥲдᥲ ᥰ᧐дᥰᥙᥴκᥱ!  (\⑅(\       (ᴗ͈  ̫ᴗ͈*)
khladovaya,channel,кхладовая ходит по гигам,312,"Это канал о музыкальных мероприятиях и творчестве. Сейчас база в Москве. Быть блогером помогает @natali_dark_moon, поэтому теперь мы — кх²ладовые (таргетолог Киселев, организатор Лебедева, дизайнер Артамонов). Д — это движ. Наши мероприятия — золото :3"
imedovaya,channel,Фотостудия и Фотограф📸 Ирина MEDOVAYA,166,"Лучшее время для фотографии -СЕЙЧАС!  Фотография- Момент, который никогда не повторится!"
ysmoyouthshchelkovo,channel,ЮСМОхYouth Shchelkovo,89,|Молодежный Cъезд Подмосковных Церквей в церкви Слово Жизни Щелково|
solidexpatmoscou,group,« Solid’Expats » par WAb Relo,144,"Voici le groupe d’entraide et de solidarité des Expatriés moscovites, proposé par Welcome Abroad. Soyez les bienvenus. Yann Sotty, Stephane Platret, Alexis Saporta et leur équipe."
ruzaevka390,channel,МКА «Рузаевка-390» и «Мордовия»,117,"МКА «Рузаевка-390» и МКА «Мордовия» - молодёжный научно-образовательный проект спутника, разработка которого ведётся силами школьников и студентов Республики Мордовия и за её пределами. Проект открыт для всех!.  Наш ресурс: https://ruzaevka-390.r4uab.ru"
mayotowa127,channel,｡⁠:ﾟ𝗬𝗼𝗸𝗮、ﾟ:⁠｡♪,37,Ульяна Магадан   Буст: https://t.me/boost?c=3816029061
ya_est_ded,channel,[АРХИВ] Я - есть ДеД☕,61,"Охаё! Рад видеть тебя здесь^^ это канал с моим творчеством, где ты можешь найти как и фанарты, так и моих персонажей.  Связь со мной: @Shadow_Dance1  Коллабы: пока закрыты Коммишки: пока закрыты   Трейды: пока закрыты"
chudoolja,channel,"И жизнь, и wellness, и любовь",75,
povidoneiodinebloggue,channel,\\—Povidone Iodine cookie bloggue! | 💉,10,"! Юз канала -  @PovidoneIodinebloggue !  - Юз влд - @Napoleonskayali, все вопросы к ней. -"
yurtdoshru_bot,bot,Yurtdosh (анкета),,Москвадагилар учун: 🤝  Иш вакансиялар 🏢  Уй-жойлар  🧾  Ҳизматлар 💱  Олди-сотди Эълонингиз бўлса бизга жўнатинг (direct)
orderoneeye,channel,Братство Єди́нагѡ Ѡ́ка,262,"[⳩] Братство Єдиного Ока — провідний всехристиянський часопис Контрреволюції, що об’єднує братів і сестер у Христі для відновлення традиційного ладу, сакральної моралі та вселенської духовної ієрархії.  Зворотній Зв'язок - t.me/orderoneeye?direct"
dalnevosto4niy,channel,Дальневосточный отец Георгий,362,Канал священника Русской Православной Церкви Биробиджанской епархии протоиерея Георгия Борисова. ВК- https://vk.com/id23237840
dutypriest,channel,#Дежурныйсвященник,208,"📍Канал священника Никиты Ефимова г. Сочи. Рассказываю Вам о том, как мы строим храм!  В комментариях отвечу на любые вопросы!  VTB +79649072779 с пометкой «Пожертвование». Мы на ЯндексКарте https://yandex.ru/maps/-/CPSlUI-K"
sestrichestvo_don,channel,Всецарицынское сестричество ✨,65,"«Блаженны милостивые, ибо они помилованы будут» 🕊️ Всецарицынское сестричество объединяет тех, кто выбрал путь служения. Мы несем помощь в палаты и дома, молимся у постели страждущих и согреваем теплом своих сердец тех, кто в этом больше всего нуждается 🤍"
it_tsaritsy,channel,IT Царицы,421,"IT Царицы — сестринство дев в IT от @escape_tech.  Мы создаем женское сообщество для дружбы, обмена премудростями об IT-ремесле и не только🪆"
oasechurch,channel,oase.church news,247,
cestrxtalks,channel,CESTRX Talks,321,"Бренд, комьюнити, сестринство   all things are delicately interconnected xx"
socialministry,channel,Социальное Служение,87,Социальное служение для людей с инвалидностью церкви «Филадельфия» г. Ижевск  Координаторы социального служения: Наталья Коновалова +7 950- 811−64−86 Василя Бурнышева +7912-853-02-67
zhenskayastraza21,channel,Женское служение Церкви 21 Века 💎,171,
babinichi_lnternat,channel,"ГУ ""Бабиничский социальный пансионат ‘’Звездный’’",224,
sestrymiloserdiyanovoaydar,channel,СЕСТРЫ МИЛОСЕРДИЯ НОВОАЙДАР,243,Сестричество в честь святых Жён-мироносиц Луганской Епархии Русской Православной Церкви (Московский Патриархат).
sunblago,channel,Солнечногорский церковный округ,153,Новости Солнечногорского благочиния
in100gram4,channel,in100gram4,1275,"С вами с 2007, с 2013 - в Инстаграм…   Поддержать - 2202 2023 7472 0351 Сбер, М.Д.   Тинькоф - 5536  9140 0947 1172  Написать:  in100gram4@gmail.com"
ignatrobotoeb,channel,autistic behaviour,353,мультифандомный чувачок 11gnat/игнат he/him  щп: https://t.me/therealmegapivo
infoscienceinstitute,channel,Директор ИИН,246,Официальный канал директора Института информационных наук МГЛУ 🛜 https://clck.ru/3BTJRi
salonkuturie,channel,"""Кутюрье"" - мужская одежда",209,"Салоны мужской одежда ""Кутюрье""  Лучшие европейские и российские бренды!  Индивидуальный пошив костюмов и обуви ___________________ ▪️ХАБАРОВСК •ТРЦ МАКСИ МОЛЛ  ▪️ВЛАДИВОСТОК •ТД Игнат"
gorsovetmagas,channel,Городской Совет г. Магас,84,Городской Совет депутатов муниципального образования «Городской округ город Магас»   Сообщество ВК: https://vk.com/club211292439
georgiantimes,channel,Media Holding Georgian Times,1326,მედიაჰოლდინგი ჯორჯიან თაიმსი - ვმუშაობთ თქვენთვის                                                                            Geotimes.ge -ონლაინ გაზეთი  https://geotimes.ge/ GTTV - ტელევიზია - https://gttv.ge/ GT Radio - რადიო -https://gtradio.ge/
zhemchuzhina_yasinovatoy,channel,Жемчужина Ясиноватой,303,Мир всем!
t_ignatyuk,channel,Татьяна Игнатюк. Официально 🇧🇾,235,Член Совета Республики Национального собрания Республики Беларусь Татьяна Станиславовна Игнатюк
ydfestkazan,channel,YD FEST,549,
inozdes,channel,Иное мышление,363,"Иной язык. Иная пропаганда. Иное знание. От врача диаспоры. Без разделения и противопоставления. С огромной любовью, отфильтрованной от грязи временем, расстоянием и тоской. Наше право говорить."
fan_klub_maska,channel,ФАН КЛУБ ШОУ «МАСКА» | АВАТАР | Другие проекты ️,46,"♦ Фан-Клуб таких проектов, как: «Маска», «Шоу Аватар» и др.  ♦ По вопросам сюда: t.me/fan_klub_maska?direct"
ignatyugin_architect,channel,Архитектор Андрей Игнатюгин,6,+7 (904) 498-09-17 https://ignatyugin.ru/
chtopochemgermany,group,"Что где почём Германия(объявления, афиша ,новости)",2085,"Объявления, Новости , Афиша Сотрудничество , реклама @Vlar001 Часы работы с 9.00 до 23.00"
carsfromjapan125,channel,AUTOMIR DU Автомобили - подбор и доставка на заказ,1480,"Компания AUTOMIR DV - надёжный поставщик авто из Южной Кореи, Японии и Китая. С 2022 года занимаемся подбором, покупкой, растаможкой и доставкой автомобилей. Находимся в г. Владивосток.  https://youtube.com/@avtomir-ct9pl7ou8f?si=rNQzWwjqsVpa-O7s"
ne21auto,channel,ne21,1540,субъективно. занудно. про автомобили.
wbgermany,channel,❌ 𝘸𝘩𝘪𝘴𝘵𝘓𝘦 𝘣𝘓𝘰𝘸 DE,727,"News, Infos und Backup Channel für Videos, die bei YouTube gesperrt wurden.  X / (Twitter): is.gd/xkOw2s  YouTube Channel: https://www.youtube.com/channel/UCjlgJ_kWLwvKXqoOfs2Bztw/videos  Bitchute Channel: https://www.bitchute.com/channel/SQV5iMlq3mAE/"
car_kit,channel,Машинокомплекты из Германии и США,400,"Машинокомплекты в наличии на площадках в Германии. Поиск, покупка автомобилей на разбор в Германии, доставка в РБ и РФ.  Телефон: +375(29)6500921"
nikolay_autophoto,channel,📸𝗡𝗶𝗸𝗼𝗹𝗮𝘆_𝗔𝘂𝘁𝗼𝗣𝗵𝗼𝘁𝗼🇷🇺🇪🇺,530,"Автомобильный фотограф из Воронежа,  Autofotograf aus Woronesch, Russland.  Снимаю на Canon RP + 50mm 1.8 & 24-105 f4L  Только авторский контент  По вопросам пишите в ЛС @N4ST_ph"
autosale_de,channel,Авторынок РФ |Немцы,333,Группа для быстрой продажи и покупки Немецких автобилей Для подачи объявлений - @Podbor_Sale_bot  Chat - https://t.me/+ZfmZTmTMxfQzMmIy  Список сети каналов Авторынок - https://t.me/Avtorunok_spisok  По всем вопросам - @GroupAdmin1366
fflmvaserial,channel,گیف و چالش فیلم,29871,@fFlmvaserial  گیف و چالش و فیلم  بزرگسال   https://t.me/+qv6_iWhGXj9kOWFk
filmzsl,channel,𝐍𝐨𝐰𝐫𝐲 𝐌𝐨𝐯𝐢𝐞𝐬,383,𝑵𝒐𝒘𝒓𝒚 𝑴𝒐𝒗𝒊𝒆𝒔 🎬 𝐄𝐧𝐭𝐞𝐫 𝐭𝐡𝐞 𝐰𝐨𝐫𝐥𝐝 𝐨𝐟 𝐜𝐢𝐧𝐞𝐦𝐚 🍿✨  🎞️ Movies | Series | Vibes 🌙 Watch. Feel. Repeat.  👑 Owner → @Nowry77 & @Ukizz
filmoviseriee,channel,Domaće serije I filmovi,2062,Kanal namenjen za razmenu domaćih serija i filmova u video formatu.
outcastive,channel,Outcast,448,For the ones who never matched the crowd. 🗽 @outcastivebot
diarsredroom,channel,DiarY🏳️‍🌈🏳️‍⚧️,116,He/Him | banana | 3.14 evil Russia | puppy No one is free until we're all free زن زندگی آزادی | کار تحصیل آزادی | ترنس کوییر رهایی
twooutcasts,channel,два изгоя,148,"мало прокукарекать, надо обеспечить рассвет."
outcastsgrooove,channel,OTGV - АУТКАСТ ГРУВЕРЫ,118,Самые Самые Грувы 2к26 года
hmaryua,channel,Споглядаючи хмари☁️☁️☁️,112,Щоденник лісового відлюдника
outcastttttttt,channel,Outcast,59,U r just gonna be pissed by my posts   #HMH
digspam,channel,dig,107,im an anomalocaris https://t.me/IncogNoteBot?start=2s3d5mtfje
haslee0_o,channel,хаsли,77,лс — @Stalkersha00
outcasterx,channel,0utcasterX | RR4,17,"Точки клёва, сборки, советы"
nel_dayli,channel,Provenca🪿,38,INTJ🪄  L -1485☘️  🇮🇷🇵🇸🇱🇧   @cul_ar آرشيو  https://t.me/SendHarfBot?start=29bb5e6aeb6d
urday,channel,UrDay,6,it can be NTFW
finistwhite,channel,[АРХИВ] Феня Вайт [18+],460,Канал изгоев общества
memory_project_nc,channel,Проект памяти,113,История похищений и насильственных исчезновений на Северном Кавказе. Документация неосталинизма.  memory-project.org  Наш канал: https://youtube.com/@memory_project
glebivanov82,channel,Глеб Z Иванов,144,Журналист не меняет профессию
putiniswar,channel,Дневник эмигранта,57,
isga1newws,channel,подслушано у изгоев,57,Обратная сторона чата исаги: как живут участники самой толерантной кф? Основной канал @ISSGA1
wamrr0,channel,клуб изгоев,36,у меня нет судимостей
mementosupport,channel,اتباع بیگانه ، اخراج افغانی ، مهاجرین افغانی ، بحران مهاجر,7,
ostrovizgoev,channel,Остров изгоев (2024) смотреть фильм онлайн,19,"Здравствуй! Твой любимый фильм ""Остров изгоев"" (2024) доступен для онлайн просмотра в хорошем качестве HD 720, также можно смотреть бесплатно в качестве 1080 и 4к, фильм полностью в дублированном переводе и с хорошим звуком."
akhmedpogorov,channel,Свободу Ахмеду Погорову!,13,"360000, Кабардино-Балкарская Республика, г. Нальчик, ул. Вологирова, 20, ФКУ СИЗО-1 УФСИН России по КБР  https://t.me/ingushskoedelo"
egor_isaev_governar,channel,Egor Isaev,8,Official page of the Governor of Republic Commonwealth Egor Isaev
silneetishiny,channel,𝟕𝟕𝟒𝐬𝐬,6981,Идём дальше.  по рекламе: @sqwmfs @w774ss
biserintik,channel,༘⋆𝐁𝐢𝐬𝐞𝐫𝐢𝐧𝐭𝐢𝐤 ☾ 🌷₊˚,2699,я очень рада каждому 🌸 цель 4000 до др дальше больше.. влд: @biserint
izbuzhka,channel,𝐈𝐳𝐛𝐮𝐬𝐡𝐤𝐚 𝐘𝐚𝐢𝐧𝐲,228,
kshkindm,channel,слезы на изнанке щек,328,"если польются слезы, пущу их по изнанке щек  owner: @ksenu4kaa   2nd ch: @ppiielll"
fashion_sta888,channel,fashionist’a,560,"!!закрепы   проект о мире моды самым простым языком 🧘🏼‍♀️ здесь вы можете узнать об изнанке фэшн-индустрии, понять структуру моды, научиться шить и создавать «свои» тренды, и конечно же найти единомышленников!!   по всем вопросам—> @akmmoire"
intellectip,channel,Будни поверенного,239,Об изнанке интеллектуальной собственности  По всем вопросам @karenip
krem_asasello,channel,Цветы и звёзды,304,"Магазин эфирных масел для жизни, сложных времён и путешествий по изнанке реальности.  Наш сайт: https://animadellestelle.boutique/  ВК: https://vk.com/krem_asasello"
ourwildforce,channel,Скатертью дорожка,307,"Хищные заметки об Изнанке мира, - с юмором о стрёмном. Хтонь. Монгольская кочевая культура.  Дикий шаманизм.  Материалы носят ознакомительный характер, отражают только личный опыт автора и не являются пропагандой. 18+  Связаться со мной: @coyoyoyote"
bybyykva,channel,Монтаж и съемка reels | Кейсы by byykva,189,Лайф-канал о изнанке монтажера и блогера: @byykva  Экспертный канал про контент и монтаж: @svetcameracontent
lifeinformat,channel,Блог Тани (СТС),147,Честно об изнанке жизни в Азии и путешествиях.  Сейчас показываю Японию🇯🇵  Ищи эксклюзивные лайфхаки здесь👇🏻
analyse_that,channel,Марина Качурина психолог,172,"Об изнанке психологической и о том, как мы люди устроены.  🔹 Мой сайт: https://marinakachurina.ru/ 🔹 Записаться на консультацию: https://t.me/Marjanka7"
izna_choi_jungeun,channel,黒 | jjung.town,87,
trubapolstakana,channel,трубаполстакана,95,заметки в словах и картинках о великолепно-непотребной изнанке России
i7archive,channel,𔓕 ainana soup,57,Архив по Idolish7  !! Not spoiler free !!  присутствует контент по пейрингам   Не забывайте переходить по ссылкам и напрямую поддерживать авторов
srtatologi,channel,Покровская. Изнанка решений,44,"Про невозможные карьерные решения, цену сомнений и профессиональные переходы.   Карьерный стратег — об изнанке выбора между наймом и своим делом.    @aa_pokrovskaya"
eiznrux,channel,eiznrux,29,666 kisses on your face
drpermyakov,channel,ПЛАСТИЧЕСКИЙ ХИРУРГ ВЛАДИМИР ПЕРМЯКОВ,1489,"🔸 Владимир Николаевич Пермяков Пластический хирург Frau Klinik,  стаж 10 лет  📝 Запись на консультацию:  https://www.frauklinik.ru/form/permyakov  🔸 Все виды операций лица и тела Инстаграм: https://clck.ru/3Qdnhs  🔸 Группа ВК: https://vk.ru/dr_permyakov"
viptriumf,channel,VIP-Триумф,235,Центр превентивной косметологии и SPA
liniya_otlichiya,channel,Линия Отличия,220,Центры красоты в 3 мин от м.Тропарево ❤️ (Москва)  Записаться на услугу - https://taplink.cc/liniya_otlichiya
vasilevadocdoc,channel,Центр красоты и здоровья Доктора Татьяны Васильевой,562,Современные технологии на страже вашей красоты и молодости.   ✨ Вы можете записаться в наш салон по ссылке: https://mst.link/vasileva_doc  По вопросам👇 https://wa.me/79255737232 Telegram @vasileva_doctor  ✨ Наш сайт https://taplink.cc/vasileva_doc
doctor_pinegina,channel,Пластический хирург| doctor_pinegina,120,"Пинегина Ирина Александровна Пластический хирург Блефаропластика • омоложение лица Естественный результат без «следов операции»  🏆 Лауреат премии по блефаропластике Основатель @remeclinic Связь : @ReMe_clinic Сайт: https://reme-clinic.ru/ 📍Москва, м. ЦСКА"
lanvieclinic,channel,LANVIE Клиника косметологии,379,"Косметология | Дерматология | Трихология | Лазерная эпиляция ➕мед лицензия ▪️Лазерная эпиляция ▪️Игольчатый RF Morpheus 8 ▪️Фотоомоложение, удаление сосудов и пигментации LUMECCA  ▪️Лечение акне ▪️Уходы/чистки 👇🏻 ЗАПИСЬ👇🏻 https://n405477.yclients.com"
kosmetologtueva,channel,Косметолог Алина Туева💉,264,
cosmetictk,channel,Косметолог-эстетист Татьяна Клевер,108,Помогу сохранить молодость без инъекций 👌 🌺 Прививаю полезные привычки 🌺  🏢 Новосибирск 🏢  Если вопрос пиши в лс @tvoi_cosmetolog_estetic
doctorkellersochi,channel,Доктор Келлер Сочи | Адлер,129,Нам доверяют здоровье близких 👨‍👩‍👧‍👦  - Более 10 лет опыта; - Более 170 000 довольных пациентов;  - Лечение во сне;  - Челюстно-лицевая хирургия; - Рассрочка до 12 месяцев.  Телефон для записи: +7 (862) 225-61-04
mclinic24,channel,М-КЛИНИК,148,"М-КЛИНИК, центр врачебной косметологии • врачебная косметология • коррекция фигуры • 📍ул. Молокова, 14  М-КЛИНИК, медицинский центр косметологии и здоровья • врачебная косметология • коррекция фигуры • гинекология • УЗИ • анализы • 📍Ул. Дубровинского, 106"
m1dnight_whisper,channel,silent whisper,26,
ahuet_nahuja,channel,"Тссс, тихо. Тут говорять тільки шипотом",18,
nofilterpsy,channel,Психология без цензуры,32,
iznanka_beautybiznesa,channel,IZNANKAbeauty,1109,Официально СМИ Nº ФС77-89462  информационный портал «IZNANKAbeauty»  Официальный сайт: www.iznankabeauty.ru
iznanka_enlightment,channel,Реальность Одного - Яна Корнилова,451,❗️Канал Яны Корниловой о Просветлении  🙋🏼‍♂️  О проекте https://telegra.ph/FAQ-po-proektu-09-24  📞 Для связи/рекламы @rchernega  ❤️ Поблагодарить https://pay.cloudtips.ru/p/84438f21
iznanka_smm,channel,Жанна про SMMыслы | Telegram,130,"Услуги SMM, реклама, стратегия продвижения, сценарии, тексты, консультации по ведению блога   Залевская Жанна Сергеевна, ИНН 500807392511. Связаться 👉🏻 @janna_lev"
iznanka_history,channel,Непричесанная история,180,Исследуем непарадную историю России и СССР через замочную скважину – от имперских кабинетов до советских кухонь. #история #Россия #СССР #империя #быт #власть
rekanae,channel,hello angels,272,inst. zeasska  https://www.instagram.com/zeasska?igsh=dW1sM2o0NWZkemsy&utm_source=qr
photo_iznanka_dashenki,channel,фотокарточки от Дарьи Буданцевой,161,Личный канал @iznanka_dashenki
iznankamusima,channel,иɜнᴀнᴋᴀ ʍуᴄиʍᴀ🩸,17,хайй начало:02.06.26❤️‍🔥 —————————————— Частичку изнанка/изнанки/изнаночный и тд не брать!!только с отметкой влд✌🏻✌🏻 По вопросам влд @sss_3906
iznanka_dushi,channel,Наталья_Лаврентьева #многомама,95,Привет! Меня зовут Наталья Лаврентьева. Я мама четверых детей. Пишу стихи о материнстве и детстве. Снимаю видео про семейные ценности.  Написать мне лично @Nata_Lavrenteva
iznannka,channel,Изнаннка,61,
dushnila,channel,Душненько,303,
iznanka_mira_2,group,"Истории с обратной стороны реала, темы",36,
iznankazogha,channel,Изнанка ЗОЖа | Антон Михайленко,119,"Как избавиться от болей в спине, шее, повысить энергию и фокус уже за 4 недели?  Выйди на новый уровень продуктивности за счет коротких и эффенктивных занятий всего за 15-30 мин в день.  Позволь себе свободу движения - масштабируй бизнес, а не усталость!"
iznankagame,group,IZNANKA🌀Msk-SPb,16,"Иван Гринцевич- Мастер Психологии, Магистр, Сертифицированный игропрактик"
iznoneka,channel,IzNoneKa,144,"Всё из ничего.  Изнанка творческой души.   Искусство.  Его визуальные, кинетические, аудиальные и духовные формы…)   Писать по поводу сотрудничества - @evatimofeeva"
sacred90s,channel,Святые 90-е,366,"Кто мы такие? И что это за группа ""Святые90е""? Мы - люди, которые в эти самые девяностые жили. Одни из нас жили плохо. Другие - настолько хорошо, что даже сейчас в это сложно поверить. Но все мы сходимся в одном, ""святыми"" эти годы точно не были."
sumy_is_russia,channel,Адекватный ухилянт🏃‍♂‍➡️,87,Сумы - это Россия!
sefsdsewerf,channel,ЖС Premium,134,
budet_horosh0,channel,trangladoma,99,"канал с работами : @seshi555  ,   страшные истории перед сном, спутанные волосы   туман, теория о черной материи клубника, блестящий лак для ногтей"
dorogi_i_mosty,channel,Дороги и мосты,72,"Проект МЕДИА ГРУПП ""ВЧК-ОГПУ"", связь vchkogpu.ru@gmail.com"
sobjan_msc_clan_i_milliony,channel,Собянин и Москва: Клан и миллионы,75,Кланы и миллионы вокруг мэрии Москвы. Собянин и его окружение — кто стоит за распилами и откатами в столице.  Контакты & сотрудничество: sgorskov928@gmail.com
beda_moscvy_vlast_sobjanina,channel,Беда Москвы – власть Собянина,71,"Как решения городской администрации меняют столицу, какие проекты вызывают споры и как реагируют жители.     Контакты & сотрудничество: sgorskov928@gmail.com"
blesk_i_nishh_biznesm,channel,Блеск и нищета бизнесменов,72,"Проект МЕДИА ГРУПП ""ВЧК-ОГПУ"", связь vchkogpu.ru@gmail.com"
online_blog_o_corrupt,channel,Онлайн-блог о коррупционерах,12,Эксклюзивное сотрудничетво — PR агентство “TG-PR”  tg.pr.center@gmail.com
o_twierdzj_niebiesnuju,channel,Ударившиеся о твердь небесную,6,Эксклюзивное сотрудничетво — PR агентство “TG-PR”  tg.pr.center@gmail.com
flesti_yb,channel,Кикимора и спутанные нитки,18,Безалаберная в высшей степени жизнь сумасшедшей кикиморы
slovo_ob_spb,channel,Слово об СПБ,4,Эксклюзивное сотрудничетво — PR агентство “TG-PR”  tg.pr.center@gmail.com
girl_history,channel,Женские сплетни,6,Канал с реальными анонимными историями . Ссылка для подруг - https://t.me/+AwE0JXCPEIYyNDIy По вопросам рекламы -  t.me/victorianails25
morfikomik,channel,общество мертвых картежников,1033,киты умирают в лужах бензина. голосвать - https://t.me/boost/morfikomik болталочка - https://t.me/+E93WEKRHCXdjZDgy  HE/SHE.
kryjok_kyreniya,channel,Похождения Василия Шмакова,269,Отборные кружочки и ахуенные мемы (периодически) Курение без кружка - сигарета на ветер.
cigaretteswholeseller,group,Cigarettes Trader,23,"Hello if you want get more details, you contact me at https://t.me/Candid45 or @Candid45"
haikucigarette,channel,haiku cigarette & other poems,14,буддийский анархизм
dontsmokeinentrance,channel,ммм.. фоточки?,20,просто канал с моими фоточками
stoptabak,channel,Стоп Табак,4,
tramvayinaya_kurilka,group,Трамвайная курилка,2,
howitzer_finance_chat,group,"Курилка, что за актовым залом",2,Чат «Финансовой гаубицы»
stops_mocking_chat,group,ни при каких обстоятельствах не угощайте даму сигарэтой,,
smart_ru_msk,channel,Смарт.ру: советы для идеального дома,336,"🏠 Создаем дом мечты через осознанный выбор 🌿 Философия качества против количества   💚 Здоровье семьи начинается с правильной уборки 🇪🇺 Товары для дома 📚 Экспертность, которой можно доверять Сообщество тех, кто выбырает качество жизни.  SmartOriginal.ru"
knyazdagryaz,channel,Князь да грязь,721,Созерцать земное и возвышенное  По всем вопросам: @sviath8
octdirt,channel,октябрьская грязь,337,"не призываю, не пропагандирую щитпост, чернуха и моя музыка"
itskartina,channel,картинка,444,https://discord.gg/2Dw2F2GEdH https://twitch.tv/itskartina https://www.donationalerts.com/r/itskartina
rush_ale0722,channel,🐌,1174,картинка на аве принадлежит вот этой даме – > https://x.com/pipipupip0?t=ctvhw6b6zRkcqxOEBLdUKQ&s=09  tumblr —> https://www.tumblr.com/rush-ale twitter —> https://x.com/RushAle0722?t=gheNwou4zlvdHP-CrhO_Bg&s=09
manka_5,channel,"нестрадай, любимка",109,
tishinat,channel,🤍tishina🤍 | ТАТУ СПБ | ВОРОНЕЖ | СОЧИ,713,"тату как часть тебя, а не просто картинка  я не копирую пинтерест   создаю эскизы под тебя и твою историю    СПБ / Воронеж  Гест-споты: Сочи/Москва запись в лс → @tishinatt"
jul1ets_vlog_forever,channel,˚₊· ͟͟͞͞➳❥ 🥖 н᧐ᴛᥲᴛκᥙ ᥰᥱκᥲρᥴьκ᧐ї д᧐ньκᥙ 🌾𓂃 𓈒𓏸,36,
babichevdesign,channel,Дизайнер Влад Бабичев,457,"Я создаю дизайн который не просто картинка, а инструмент для продаж 🍋  А это мой блог про дизайн, и мою жизнь  Заказать дизайн: @vv151z  Портфолио: https://pin.it/59RKwUtjv  Нейросеть - @chatcom"
korotkina_photo,channel,Фотограф Анастасия Короткина,350,"🌟 Добро пожаловать в мир волшебства фотографии! 🌟  Каждое фото — это не просто картинка, а история, полная эмоций и тепла🙌"
shemyvyshivkikrestom,channel,Схемы вышивки крестом в электронном формате,791,"Канал для любителей вышивки крестом 🧵💖 Здесь вас ждут красивые и оригинальные схемы, пошаговые инструкции и идеи для новых творческих проектов.  Присоединяйтесь и создавайте вместе с нами! 🌿✨"
veraburova_embroidery,channel,ПРО ВЫШИВКУ ❤🪡,437,"Смотрим, ставим ❤, комментируем бесплатно.  Платные услуги: - обучение вышивке, - консультации по вышивке,  - схемы для вышивки.  Здесь можно купить мои работы.  Связаться со мной belpoint@mail.ru"
vporgua,channel,Вишивка+,748,"▪️ Фотографії / відео вишитих робіт бісером та нитками; ▪️ Продаж схем з бісером / нитками, наборів; ▪️ Зв'язок: @VushuvkaPlus"
onceembroidery,channel,Однажды Вышивка,183,"🇷🇺Частный взгляд на искусство вышивки и вышивку в искусстве, повседневной жизни и даже в науке. https://t.me/SamartsevaEkaterina"
tekstiloksana,group,Рисунок нитками.,248,"Вышивка-  это создание рисунка при помощи ниток и иголки. Создаю с их помощью ,,картины,, на текстиле) Для уточнения и заказа изделий пишите WA 79625818214"
katyastitch55,channel,Вышивка 🪡 Мой уютный уголок,616,"Приветствую Вас на моём канале, подписывайтесь и будем вместе творить красоту  Крестики и не только ❤️  @Kat_Nev27 Вк https://vk.com/katya_novgorodtseva"
vishivaiki,group,Елена Лиманская 🦋 Машинная вышивка,860,
dom_vyshivkizuk,channel,dom_vyshivky,186,"Вышивка для ваших любимых,г.Жуковский @Sveeeeetttt"
pastel_official,channel,pastel,256,Трикотаж с ручной вышивкой От ваших идей до их воплощения Премиум сегмент Для заказа 👉🏻@clientmanagerpastel Доставка
throatpiequeen,channel,Lisalex,9720,Мы самая красивая пара в телеге)
blooxmera,channel,Blooméra,1324,
zagoogle_marketing,channel,Загугли мáркетинг,1932,"Маркетологи делятся на два типа.   Первые убеждают людей приобрести то, что тем не нужно, на деньги, которых у них нет, чтобы произвести впечатление на тех, кому до этого нет никакого дела.   Вторые — красивые котики и активные участники этого канала."
marketing_po_secrety,channel,Маркетинг по секрету,161,"Канал Марины Грецель про продвижение и масштабирование экспертов и бизнесов через воронки и систему.  По всем вопросам, заказать консультацию  ➡️ @Marina_Gretss - ваш личный стратег роста 🫶🏻"
planerka_03,channel,Планёрка Бурятия,934,"Медиатусовка Бурятии. Журналисты, пиарщики, маркетологи и все-все-все!  🗒Жизнь редакций и медиааналитика 🔥Адские заголовки и косяки медийщиков 🏭Проблемы республики и их освещение в СМИ  ✏️Чат: @planerka_03_chat  ➡️Прислать пост: @planerka_03_bot"
realsmmclub,channel,Маркетологи Перми | Клуб Реальные маркетологи,277,"Главный канал сообщества ""Реальные маркетологи"" https://vk.com/realsmmclub 👉 @nekrasovasmmbot – генератор идей, постов, заголовков, воронок продаж и др."
nowherelog,channel,Nowhere logist,376,🏌️🛵🪝 Поможем вам найти любую одежду Соберем опты с любой страны @nowheremngr  Main - @nowherestoretg @nowheremngr
nnnowheregirlll,channel,•nowhere girl's house 🍓 земляничная лужайка•,44,Здесь живет некая ноувер герл  Телеграм канал с моими рисунками: @teichmelart  #films2026 #books2026 #play2026 #films2025 #books2025 #play2025 #films2024 #books2024 #play2024
lettertonowheree,channel,a letter to nowhere,78,пойдем кушать?
nowhere_home,channel,Чердачок Пустого дома,71,Toys in the attic *)  Сиррумья фетта - https://fetta.app/u/sirrum Пустой Дом вк (старые рисунки) - https://vk.com/nowhere_home
nowwhereart,group,NOWwhere - Community,386,An Intelligent NFT Marketplace and Production Studio
newlandnowhere,group,New land for Monegros burns,354,
doctor_nowhere4,channel,👁🩸-Doctor Nowhere!//,85,Бот для тейков- @doctornowhere4bot  bsky.app/profile/hoarfrostarts.bsky.social кредит на аватарку
ptngallery,channel,path to nowhere gallery.,36,"домик был создан для того, чтобы мне было куда выкладывать красивые арты.  админ: @sscerise"
nowhereclub,group,NowHere,40,"NowHere – киноклуб без постоянного места. Мы показываем кино там, где его раньше не было: в поле, в лесу, в неожиданных локациях города. У нас нет адреса. Есть только время и место, которое появляется на один вечер."
the_screams_out_of_nowhere,channel,Radiovanya - Крики из ниоткуда,232,
annfrommnowhere,channel,ann from nowhere,143,лана сельдерей ноги не брей культ поклонения пироскзгероям и моим фоткам
xv_7n,channel,𝗡𝗼 𝗟𝗼𝘃𝗲,228,"𝗡𝗼 𝗹𝗼𝘃𝗲, 𝗻𝗼 𝗮𝘁𝘁𝗮𝗰𝗵𝗺𝗲𝗻𝘁, 𝗻𝗼 𝘄𝗮𝗶𝘁𝗶𝗻𝗴"
nodxhere,channel,Цифровизация без трансформации,291,"Как происходит цифровая трансформация образования? Что работает, а что нет? И как это измерить?   Мировые исследования и авторский взгляд Юрия Куприянова @YuryKupriyanov"
hrizalida_cosp,channel,Hrizalida_cosplay,452,амбассадор • Path to Nowhere •
nopoems,channel,мусорка в твоей спальне,140,🍂
nowhember,channel,Нигдебрь || Валентина Осколкова,205,"Тут есть: рыжий кот, скрины недописанных книг, прокрастинация, шуточки и нытьё. Добро пожаловать в Нигдебрь! (16+)  📚 ozon.ru/person/87321197 📚 litres.ru/author/valentina-oskolkova 📌 vk.com/nowhember_books"
watchmychannelhehhdvdhd,channel,Смотри Мои Сюжеты Первым 👀,329,3 admins  going straight will get you nowhere  @syzhetibot
nolldoor,channel,𝑵𝒐𝒍𝒅𝒐𝒓✨,206,ᵂʰᵉʳᵉ ᵃˡˡ ᵗʰᵉ ˡⁱᵍʰᵗˢ ᶜᵒᵐᵉ ᵃˡⁱᵛᵉ✨ 𝒖𝒏𝒌𝒏𝒐𝒘𝒏: @Whiteelf_bot 𝒄𝒉𝒂𝒍𝒍𝒆𝒏𝒈𝒆: @challeenngee
monstermusicee,channel,Monster,907,Trap Drill R&B https://telegram.me/BChatsBot?start=sc-AOkp7gqPIu پرایوتمون: https://t.me/+pZsCv_vFn0Q4ZmY0
diaryofamonster,channel,⛧Undеrgrоund Вrеаkdown⛧,117,"Аудиофилия with a touch of the degradation.  Обо мне, моей коллекции и музыке, которую я так люблю. Fuck to you, and...you know who you are. Связь: @hollywoodf0rever"
spider_mensh,channel,Webmensh,48,https://www.youtube.com/channel/UCMs4pGoqCoYSpYg_uoChs2Q - ютуб
explosion808,channel,Explosion,23,ЛС: @protsko808  Основной канал: https://t.me/protskoxprotsko1337
frikech1337,channel,ФРИКЕЧ,119,Играй вместе со мной на Majestic RP❤️ Вводи в чат /promo trapa и получи 50.000$💫  ФРИКАНУТЫЙ ЗАЯЦ!
monsterwithmyname,channel,Чудовище с моим именем,108,Закулисье создания моей руманги✨ https://mangalib.me/ru/manga/187022--cudovishhe-s-moim-imenem?ui=6181369
l_xximo,channel,蘤 ʷᵉᵇ ᵐᵃᵍⁱᶜ ᵍᵃˡ,84,Лс — @a_xximo  𝐁𝐢𝐭𝐜𝐡𝐜𝐫𝐚𝐟𝐭. Чудовище из-под кровати.
targetsquad,channel,TARGETSQUAD 😈,99,✅ Официальный тгк клана TARGETSQUAD 😈 Основатель клана – @heastpolic
skiffurya,channel,Корпорация монстров,57,Рисую по всем фд  тгк монєки: @funaryo Анон: http://t.me/anonaskbot?start=SkiffiK Буст - https://t.me/boost/skiffurya тт: https://www.tiktok.com/@_..skiffik.._?_r=1&_t=ZS-93nq8BgeYR3 Коммишки открыты!!
aternia_games_chat,group,Aternia Games чат,104,"Флудилка, обсуждения и тех. поддержка Aternia Games тут. Не собирайте рейды на главное чудовище!  Канал с новостями и объявлениями: https://t.me/aternia_games  https://aternia.games/"
monsterultraparadise,channel,monsterultraparadise,11,
beautynotbeast,channel,Красавица не чудовище (by BOOM beauty box),67,"Раскачаем эту вечеринку бьюти советами, обзорами, рекомендациями и волшебством 🤩 @boom_beautybox"
alyona_0208,channel,"Дом,где пахнет вкусно",418,
airpark_mos,channel,Air Park | Парк надувных батутов в Москве,224,💫Самый большой парк надувных батутов 💺VR зона  🎉Организация детских праздников 😎Команда профессионалов  💜Внимание и забота о детях  Сайт: air-park-msk.ru
school_matveevka_27,channel,МБОУ ООШкола с.Матвеевка 27,174,Хабаровский район
mbdoy1rovnoe,channel,МБДОУ ДС № 1 р. п. Ровное,48,
kalendar_radosti,channel,Календарь радости,2,«Календарь радости» — это ежедневная порция счастья 🎈 Мы помогаем не забывать важные даты и дарить эмоции через красивые поздравления с днём рождения.
spampgghfi,channel,спам дурова,115,анооон @dur0veebot
jujunipupuni,channel,Жунуари спамит,225,will you match my freak….? Анонка https://t.me/anongnidabot Основа!!! https://t.me/juniarialive
bolsterspam,channel,Болстер спамит,148,"Время, потраченное на просмотр мемов — это не прокрастинация, а инвестиция в своё психическое здоровье😎"
gamingclub10spam,group,🗽GamingClubGroupSpam🗼,139,Gruppo Ufficiale🔝: @MarcobitGroup Canale Ufficiale ☢: @MarcobitChannel 🌐 @BHSNet  Rispettate le regole con il comando /regole e supportateci 🛡🛠
spamcitizenita,group,[SCI] Off Topic Star Citizen Italia,140,"Gruppo dedicato ad OT e mild Spam di Star Citizen Italia. Per il gruppo 'serio', andare su: https://t.me/StarCitizenItalia2_0  Regolamento SCI: https://www.starcitizenitalia.com/regolamento/"
spamt0n_ne0_trashcan,channel,ＳＰＡＭ ＺＯＮＥ,58,Моя мусорка с моими работами и тем что у меня по жизни происходит
yutastop,channel,здесь юта спамит,53,рыдаю над корейцами и вещаю о маловажном
tobshbleh,channel,тобшбшесса спамит,20,
dkdjmdmd,channel,Домка,25,Привет бубочка это я твоя подруга домка дурдомка
ma_spammers,group,Спам - как стиль жизни,4,
spamcoffinihueta,channel,Рт посты ебать,8,
holyaadopt,channel,Холя спамит адопты,11,"Мяу, адопты/отдачи ос Не личный Связь: @unholydem"
sisbbwuau,channel,П3рех0днik,7,Удри надо отменить Какай лоx Кай номер один лизатель пяток свап спамтона
spampartnersbot,bot,SPAM.partners,,"Спамят на холодную? Пересылай сообщения в этот бот, внесем спамеров в рейтинг любителей долбить на холодную"
s_pam_bot,bot,spam,,
spam_bot_hardbot,bot,Hardbot /// SpamBot,,"Отвечаю в течении часа, прошу не спамить"
angryantispamerbot,bot,Страж чата,,"Антиспам бот от автора @samcrocodile_bot. Удаляет спам, показывает капчу, запрещает флуд стикерами"
bayesspamsniperbot,bot,SpamSniper,,A machine learning bot that auto-blocks spam.  基于机器学习的广告拦截机器人，自动拦截广告，用爱发电：github.com/ramsayleung/bayes_spam_sniper
research3r_spambot,bot,Research3r | SpamBot,,If you have spam block and want to contact with @research3r write to this bot.
spam_cleaning_bot,bot,Spam cleaning bot,,Anti-spam bot. Protects channel chats from annoying spammers.  Chat and developer channel: @studio_petukh_telegram.
fixik_spam_bot,bot,ｆ ｉ ｘ ｉ ｋ Spam Bot,,Писать только по делу! Не по делу бан❌
spamsms_helpbot,bot,Dedicated Support for SpamSMS.cc (Human),,Human support for SpamSMS.cc website (Channel: @SpamSMS_cc)  Please have patience.
betterchatfortelegrambot,bot,@betterChatForTelegramBot,,"Антиспам бот для вашего чата, подробнее https://bct.fetch.su"
knyazevtraining,channel,Александр Михайлович Князев | Практическая психология,173,"Александр Князев – один из самых востребованных бизнес-тренеров России по вопросам психологического сопровождения бизнеса. Руководитель трех международных компаний. Доктор наук, профессор Сайт: https://knyazev-am.com/ https://prof-dialog.ru/"
bulltusamsc,channel,БУЛЬТУСА,2548,"Основной канал, посвященный встречам и общению владельцев и любителей бультерьеров   🩷Канал в Питере: https://t.me/bulltusaspb 🩷Чат-болталка: https://t.me/+d2GvoXgEZeFmNWM6 🩷Барахолка: https://t.me/BARAHOLKA_Bulltusa/1  Админ: @lilliuu"
school_podsolnuh,channel,🌻 Школа Подсолнух 🌻,270,"Добро пожаловать! Это канал школы ""Подсолнух"".  Мы - начальная школа для особых детей, дошкольное отделение и мы авторы нашей классной программы ""Я иду"". Здесь новости школы, полезная информация от педагогов🌻  http://centr-podsolnuh.ru"
styledelivery,channel,StyleDelivery. From Italy with Love,1600,"@StyleDelivery - удобный и безопасный сервис поиска, выбора и покупки европейских товаров с доставкой в любую точку стран СНГ и мира. . Как сделать заказ: https://t.me/StyleDelivery/1821 . Пригласи подругу: https://t.me/+I6HwuHQpWdNmNzVi"
domtehkom,channel,СК ТехКом. Строительство домов.,771,Канал строительной компании ТехКом. Мы говорим о строительстве домов и загородной жизни! Канал ведёт соучередитель компании Левашеня Евгений.  Для связи +79293991929
sibelkom,channel,Электротехника | СибЭлКом,159,"Электротовары оптом в Иркутске.  Посетить сайт: @Sibelkomsite_bot  Контакты: 📍 ул. Рабочего Штаба, 87/1 📞 +7 (3952) 25-89-00 🌐 sibelkom.ru 📧 sale@sibelkom.ru"
pushkinprorok,channel,✨ПрОрОк CoNfEsSiOn! ✨~♟🎞,694,велком ту 2020
flopunica2,channel,Flo_𐤀 punica ᵗᵃᵉᵏᵒᵒᵏ slow,1173,ВиГу Карма !  Да я та самая Фло и это наш новый канал . Велком 🫂
yalcaru,channel,ЯЛКА,240,Завод по производству оборудования для систем вентиляции и холодоснабжения. 🔹Инновационные технические решения 🔹Высокое качество комплектующих
mamu1yatwitch,channel,mamu1ya,723,"Велком, сынок🫡  Чатик для обсуждения всего и вся:  https://t.me/mamu1yaKitchen"
riachanko,channel,риряпостинг🍎✨,443,велком ту зе пелейс оф куолити контент
itsmakstory,channel,МАК,287,велком!
velliad_cos,channel,Velliad cosplay | Долбоклюй обыкновенный,436,Мой мини дневник работ и творчества :3 Велком к Вел
crisisoftenderage,channel,Кризис нежного возраста 💭,136,"пою глухим, танцую слепым, слушаю немых  слухи, сплетни, fake факты"
sticky_floor,channel,Липкий пол,99,Как отчаянной домохозяйке пробить стеклянный потолок
b507eb0,channel,عبث منتصف الليل 🕸,105,سقطتَ إلى الدُّنيا وحيدًا مُجرَّدًا وتمضي عنِ الدُّنيا وأنتَ وحيدُ.
immortalitas,channel,Mega-rest//𝘗𝘖𝘌𝘛𝘈𝘌 𝘔𝘖𝘙𝘛𝘜𝘐,23,
hardestbuttontobutton,channel,fever to tell,27,hoarding images.....  Hedi place of worship
runordie_club,channel,Беговой клуб RUN OR DIE,324,"БЕГОВОЙ КЛУБ | МОСКВА 👊🏻Not your regular running club ▪️Подготовка к марафону ▪️Персональные, групповые тренировки ▪️Корпоративные тренировки ▪️ОФП + СФП для детей Запись👇🏻 taplink.cc/runordieclub"
baltic_dogs,channel,• Балтийские монохромные •,372,"Это небольшой блог о моих собаках, спорте и быту с ними. Мы много гуляем в лесах, купаемся в диких водоемах, кушаем чернику с куста и обожаем гулять. Занимаемся аджилити."
phlebologymed,channel,Этюды Эстетической Лазерной Флебологии,193,"Мой канал о том, как сохранить и продлить здоровье и красоту Ваших ног, рук, лица! Вместе с Вами выбрать наиболее подходящий для Вас метод лечения и профилактики заболеваний вен. Современная диагностика и инновационные методы лечения в клинике Медалье!"
trirebra,channel,Три ребра,148,Следи за нами и в других соц сетях!   https://taplink.cc/trirebra
susov,channel,Susov,10,
kom_somolka,channel,Юлия,4,
lapprussia,channel,lapprussia,11,
samojlovat1b,channel,самойлова,,
sereniquee,channel,sereniquee,5,
samka_co,channel,Самка,3,
suvorovaelya,channel,Елена Суворова,1,
lulu131313,channel,Y,,
qozlina,channel,qozlina,,
zaremaasanova,channel,.,1,
sagdullayeev11,channel,s,1,
rubiyapenis,channel,бимбо с усами🎀,222,дальше бога нет только ботекс
lysovchanel,channel,ТСС: Третья Сигнальная Система,633,"Канал для тех, кто применяет ТСС, и для тех, кто хочет познакомиться с системой.  Команда ТСС: https://sherlock-solutions.com/problem-solving-techniques/komanda-tss МОЯ ВИЗИТКА: https://linktr.ee/lysov"
asbite,channel,друнья,6,У меня есть порох
pussybotsbot,bot,Pussybots ⚪️🔴⚪️,,Обработка селфи для вашего инстаграма Selfie handling for your instagram  @pbblive - официальный канал Contact: @ruppe
nastia_psy1,channel,Психолог 📍 Анастасия Хиль,319,О психологии легко и доступно. Про связь психики и тела. Про женское состояние и самоценность. Быть женщиной из любви к себе ❤️   В личные сообщения @NastiyaKhil  ИНСТА https://www.instagram.com/invites/contact/?i=1k0imtsc70fc9&utm_content=tosvjvc
wjqbyt2h7h81nmm6,channel,Полина Смирнова_Cognitive Psy Academic Cafe,122,"Для друзей и студентов. Ищущих, думающих, прекрасных, веселых, самых лучших.  ВК: https://vk.com/id382239987 eLibrary: https://www.elibrary.ru/author_profile.asp?authorid=497771"
psihica_gaoqi,channel,Психика Гао Ци🍌,461,"Спиды в тт🚩 Если бога нет, то кто тогда админ моего паблика?) Сайд: https://t.me/bytovuhagaoqi ТТ:tiktok.com/@kitayskaya.lyashka Фикбук:https://ficbook.net/authors/5527323 Твитер: https://x.com/Psihica_gaoqi"
litvinenko_psycholog,channel,Елена Литвиненко • ПсихоМеханик,1111,"Почему тело, психика и нервная система делают с нами странные вещи? Простым языком, с юмором и без эзотерики. Про стресс, тело, эмоции, привычки, еду, состояние и способы наконец почувствовать себя живым человеком, а неуставшим хомяком на кофеине."
intercis,channel,inter,173,
fleuchys,channel,fleuchys (soon),86,
inteerface,channel,Интерфейс,177,"Медиа о digital культуре, технологиях, AI и трендах"
theindexchannelz,channel,The index,74,"Клянусь, я майнкрафтер"
stiklicki,channel,𖦹 ۫𝐋𝐚𝐛𝐨𝐫𝐚𝐭𝐨𝐫𝐲 𝐃𝐫.𝐈𝐍🌼࿔,102,"67 млрд процентов это круто!🍌 Щетпостек: https://t.me/shitttpostekk Анон:http://t.me/anonaskbot?start=3bbc1mm Для интерактивов: https://t.me/drIn_interaktivs  НЕ УНЫВАТЬ,ВСЕ ПЕРЕЖИВЁМ!/ASTRONOMY MY ROMAN IMPIRE(*≧∇≦)ﾉ"
broadcast_atlas,channel,Бродкаст «Атлас» | Анна Угла,141,"Анна Угла.  Литредактор, писатель, автодидакт.  Пишу про книги, творчество, космос, ботанику, языкознание.  В процессе: #штормовой_интерфейс (экокиберпанк на Русском Севере), #девочки (female gaze)."
opuiminf,channel,opiūm IŃFO,32,
sandyapp,channel,SandyApp | Конструктор приложений,83,"SandyApp — конструктор мобильных приложений!  В основе — интуитивно понятный интерфейс, многоуровневая система лояльности и шаблоны.   👉Создайте собственное приложение для iOS и Android.  Зарегистрироваться можно по ссылке https://sandyapp.ru/"
interface_festu,channel,Интерфейс,31,"🎮+💪 = Фиджитал спорт Где встречаются геймеры и спортсмены. Новый формат, неожиданные испытания и драйв, которого ещё не было."
pepper_ninja,channel,Пеппер Ниндзя | Рекламные кабинеты,47,"Pepper.Ninja — это сервис рекламных кабинетов.  Открывайте и выгодно пополняйте рекламные кабинеты, управляйте ими через удобный интерфейс, открывайте кабинеты клиентам и получайте партнёрское вознаграждение.   Вход в сервис: https://vk.cc/cwwXVd"
myprofitpuls,channel,ProfitPuls - оцифровка WB,37,Система честной оцифровки фиансовых отчетов ABC - анализ  PnL - отчет о прибылях и убытках  Максимально простой и понятный интерфейс  Для связи: @sotnikovartem
leotropin,channel,"Лео Тропин | Психология, бизнес, путешествия",1389,Канал по саморазвитию
peatio,group,Peatio,672,Official Peatio community chat   Github: https://www.github.com/openware  Website: https://www.openware.com/  Announcements: https://t.me/openware  For Business inquiries: hello@openware.com or refer to Openware’s admins
aiaacadamy,channel,AIA Academy,1515,"Updates on crypto Airdrops, mining and earning free online money."
pearcn,group,Pear官方中文群,275,官网: https://peardao.io/ 推特: https://twitter.com/OfficialPearDAO 主群: t.me/peardaoEN 中文群: t.me/pearCN 公告群: t.me/PearAnnouncement
peairy,channel,‌ ⋆☾ 𝖬𝗂𝖽𝗇𝗂𝗀𝗁𝗍 𝖣𝗋𝖺𝗆𝖺 𝖢𝗅𝗎𝖻 ⋆,115,"♡ 𝖫𝖺𝗍𝖾-𝗇𝗂𝗀𝗁𝗍 𝖽𝗋𝖺𝗆𝖺𝗌, 𝗎𝗇𝖿𝗈𝗋𝗀𝖾𝗍𝗍𝖺𝖻𝗅𝖾 𝗌𝗍𝗈𝗋𝗂𝖾𝗌, 𝖺𝗇𝖽 𝖺 𝗅𝗂𝗍𝗍𝗅𝖾 𝗁𝖾𝖺𝗋𝗍𝖻𝗋𝖾𝖺𝗄 ♡  wanna talk?  @Mblueclubbot"
peanuttrade,channel,Peanut Trade,45,Full cycle Market Maker:  TGE Architect × HFT/MEV Trader × Your “Trusted Dev”  Website: https://peanut.trade X(twitter): https://x.com/peanuttrade YouTube: https://youtube.com/@peanut_trade?si=afzuHY-88dj43zLV
thecryptoroyalsupdates,channel,Crypto Royals Updates,56,"Welcome to the Crypto Royals Announcements Group. 💪🏻  Please read our main motive: ""We love to Explore CRYPTO and contribute in Crypto Era""  This is An AMA group so you can: Contact @Khalidrajpoot & @HayaRehman98."
ruds_design,channel,Ruds design — Rodion Sheiko,1282,"Продуктовый дизайнер в Т-банке, ex-Ozon.  Пишу про дизайн и то, что около него. Рассказываю про рост и жизнь внутри корпорации и за ее пределами.   По любым вопросам:  @rudsdesign"
smekalka_redesign,channel,smekalka_redesign,170,В течении четырёх дней делаем редизайн компании SMEKALKA. . В Инстаграмм выкладываем структуру проекта и ключевые точки https://instagram.com/smekalka_by_dilettant . На ютьюб ролики по этапам  https://youtu.be/_tV7s7t7B_w
refreshertrends,channel,TRENDS by REFRESHER®,329,"Bem-vindo ao TRENDS by REFRESHER® no Telegram!  Este é o seu espaço exclusivo para ficar por dentro das últimas tendências no mundo da arquitetura, design e empreendedorismo criativo."
roborace_redesign,channel,Roborace_redesign,253,Канал посвящённый редизайну фирменного стиля ROBORACE. Гонки беспилотных болидов на электродвигателях.
redesignoc,channel,Редизайн ОС,368,
kaelkristinaloginova,channel,«КаэЛь» - редизайн студия,391,"Здравствуйте, друзья! Меня зовут Кристина Я занимаюсь редизайном ( реставрация, окрашивание, декорирование ) мебели. Превращаю самую дряхлую, «убитую» Мебель в эксклюзивный предмет интерьера. Студия расположена по адресу: г. Геленджик, ул. Островского 164"
meridi_design,channel,Meridi | Дизайн & Ремонт |,86,"✨Раскроем красоту и потенциал вашей недвижимости  👩🏼‍💻Создаем дизайн-проекты, в которых, как в образе от стилиста, продумана каждая деталь"
adesigna,channel,Дневник Анны,143,"Анна Безъязычных. Помогаю предпринимателям управлять рисками с 1999 года.  Здесь - про мои открытия, пока воспитываю Нину 🕊️❤️  Здесь - https://t.me/anna_bezyazychnykh - про профессию юриста"
mountainsspeak,channel,Горы говорят,1040,"Новости, культура и природа Северного Кавказа. Здесь горы рассказывают свои истории, а мы делимся ими с вами. Погрузитесь в уникальный мир региона, где традиции встречаются с современностью.  Предложить новость | по вопросам рекламы: @pul_admin"
trading_hillsking,channel,Царь Горы,1286,Youtube-канал: youtube.com/c/hillsking  Промокод для MOONBOT: hillsking  Админ @hillsking
skiergeorge,channel,"Путешествия, горы, лыжи",431,"Мы путешествуем - в реальности и по сети. Любим горы, лыжи и свободу, ценим красоту природы и открываем новые места."
ecorgau,channel,Кафедра Экологии,351,"Канал, где будет публиковаться вся важная информация, касающаяся будней кафедры Экологии РГАУ-МСХА имени К. А.Тимирязева Наш сайт: https://ecolog.pro/?ysclid=m98dzyj1f7520274213"
bioveta,channel,Здоровье животных — Биовета,721,"Здоровье начинается здесь Более 200 препаратов в портфолио Экспорт в более чем 90 стран мира 20 лет работы в СНГ Сертификация GMP-EU и GDP Эксклюзивный импортер на территории России, Белоруссии и Казахстана — ООО «АКА»"
tvoriecosumom,channel,Творческий экопрос и наука,245,"Канал Анны Мостовой. О моей общественной деятельности, проектах и фотографии, посвящённых познанию природы. Для сотрудничества: @Mostovaya_Anya"
museumrozova,channel,Музей им. В.Е. Розова,293,Краеведческий музей им. В.Е.Розова - один из старейших на Дальнем Востоке. тел. для справок: +7 (42135) 2-32-47  Наши социальные сети: t.me/museumrozova ok.ru/museumrozova vk.com/museumrozova youtube.com/@museumrozova
veganleftie,channel,WV: Why Vegan?,374,"Социалистический веганский канал. Разбираю мифы о веганстве, критикую эксплуатацию всех животных (в том числе человека) и капитализм.  Why Vegan в ВК: https://vk.com/why_vegan YouTube: https://www.youtube.com/@AntiExploited"
vorobeybesplatno,channel,Воробьи каждый день,152,Тик ток про воробий https://www.tiktok.com/@vorobeyfanat.666?_r=1&_t=ZM-93921gkRFC . ЛС : @funeralceremony . Стики про воробьев:https://t.me/addstickers/ST_UkSrQ5f0mvjOJHXJTsdRmSgN_9tb86TQcqqrmZf9_by_StickersPackRobot .
peddoshkolniki,channel,педагоги дошкольники,223,"Методическая копилка для ДОУ — вдохновение, шаблоны, планы и советы"
dksibirs,channel,Дом Культуры имени В.Сибирцева,293,
park_im_vorobeva,channel,Парк им. И.Г. Воробьева,193,Приветствуем вас в телеграм-канале парка имени И.Г. Воробьева.🌳 Здесь вы можете задать интересующие вас вопросы и оставить предложения по работе парка. Правила telegram-канала👉 https://telegra.ph/Pravila-telegram-kanala-parka-imeni-I-G-Vorobeva-10-12
coluucheeyoshh,channel,воробей птичкин,129,редкостные рисовальческие потуги
marvyuchida,channel,Marvy Uchida,322,"Маркеры для художников, хобби, офиса и промышленности.  Произведено в Японии 🇯🇵  📍Сайт: https://www.marvy.ru  📍Товары VK: https://vk.com/market-29959999  📍Ozon: https://vk.cc/cCmuVt  Связаться с нами:  brand@marvy.ru"
natureastra,channel,Служба природопользования и охраны окружающей среды Астраханской области,300,
jpunkwtf,channel,чпеньк воробушкэ 🪲,247,Ой а как так получилось... Ну блин ка кжаль 👨‍🦽 оууу   Щп-->  https://t.me/+lz7qNwdmflk4Mzcy
greentropnik,channel,Зеленое Тропарево,118,Природа Тропарево-Никулино и как её сохранить
ganeva_art,channel,Акварель Ганевой Анастасии / художник Анастасия Ганева,190,По вопросам приобретения работ обращайтесь в личные сообщения
fvmagatu,channel,ФАКУЛЬТЕТ ВЕТЕРИНАРНОЙ МЕДИЦИНЫ АГАТУ,217,https://vk.com/club212694833
serbiarussia91,channel,Воробей вещает,34,"Русские, вперёд! 🇷🇺"
skiboardvg,group,ВОРОБЬЁВЫ ГОРЫ ЛЫЖЕБОРДЕРОВ,177,"Чат Лыжебордеров для сборов поездок на ВОРОБЬЁВЫ ГОРЫ. Не проспи сезон в берлоге. С любовью, @skiboardmoscow   📢 @skiboardINFO 📆 @skiboardAFISHA  🌐 Все наши ресурсы:  taplink.cc/skiboardmoscow"
vorobjinoje,channel,воробьиное гнездо (18+),38,дудличи рисовачи воробья
ds122krd,channel,Детский сад 122 г.Краснодар,66,"г.Краснодар  ""Центр развития ребёнка - детский сад № 122"""
lunajalyna,channel,"🪶""~《Sparrow》~""🪶 - Воробейка:3",132,"Я художница(типо). Не знаю что делать мне в раю.Обожаю котиков,знаю КВ и роблокс. И ещё, я годзиллу обожаю, рисую и смотрю^^ Но!-..И не только годзиллу,ну и других монстров-кайдзю!  Мой лс: @Sparrowstar114"
kelt_art,channel,Кельт_Арт🎨,80,Творческая студия Дарьи Кельт
sparrowshome,channel,Дупло Воробья🍓,52,"Как обычно, всё клубнично!   Надеюсь, вы будете чувствовать себя здесь комфортно, но, возможно, вы умрёте- Я не берусь за ответственность 🙌😩 Спам, более чем 5 стикерами, запрещён‼️  ЛС — @sparrow1417 Она/её  Основная инфа в навигации и 1 закрепе 📌"
digiorient,channel,Электрический Будда (Цифровое востоковедение),70,"Digital Humanities и Восток. Проекты, технологии, теории."
abcdvorobey229,channel,Гнездо воробья,30,Описание съел Ярек
shp_yshk,channel,Юшность,12,СЛАВА БОГУ БОЛИВИЯМ🇧🇴🇧🇴СЛАВА БОЛИВИЯМ🇧🇴🇧🇴АНГЕЛА ХРАНИТИЛЯ БОЛИВИИ КАЖДОМУ ИЗ ВАС🇧🇴🇧🇴БОЖЕ ХРАНИ БОЛИВИЙ🇧🇴🇧🇴СПАСИБО ВАМ НАШИ ЧИПСЫ🇧🇴🇧🇴ХРАНИ БОЛИВИЙ🇧🇴🇧🇴       79
gbuvettuapse,channel,"ГБУ ""Ветуправление Туапсинского района""",7,
skyparkmoscow,channel,Skypark Москва,16,Zipline — это увлекательный полёт через Москву-реку от Воробьёвых гор до Лужнецкой набережной.  Zipline спроектирован компанией AJ Hackett International и представляет собой спуск с использованием сил гравитации по стальному канату длиной 700 метров со ск
legendi_mifi,channel,Легенды и Мифы,7,🌟 Эхо Истории!
chvk_makarova,channel,"Честная Волонтёрская Компания ️""МАКАРОВА️""",399,
chat_vorobyova,group,Чат ресурсного общения сообщества Натальи Воробьевой,94,
chpyoshk,channel,Новости Йошкар-Олы,71,строго 18+
ufns_oren_pavodok,group,НАЛОГОВАЯ - ПАВОДОК,202,
baraholka_korenovsk123,channel,Барахолка Кореновск,3,📍 Объявления в Кореновске и районе 🛍️ Размещение товаров и услуг в ЛС
voronezzz_bot,bot,Предложить новость,,
gg_kor_ponda,group,ЧАТИК 𝙆𝙊𝙍,278,
skazki_bilbo,channel,Хозяйка Вредной Коры,567,"Обсуждаем волшебное и древнее.  Без ереси, только проверенные источники. Фольклор, мировые традиции, история Стоп суевериям! 18+  Владелец @t_vivache"
redrain_dv,channel,Красный Дождь,226,Приоткрываем завесу тайны группы «Красный Дождь» и мочим коры
selxozakadem,channel,Проект коровника,195,Как построить коровник   Канал для фермеров Начинающих и развивающихся Наш сайт: https://gidroagro.ru 15 лет опыта строительства коровников
neebyblatnahui,channel,(по)пытки Коры,188,занимаюсь косплеем с - 2018.11.01. начало тгк - 12.07.23 анонка - t.me/voprosy?start=bmx25 мой тт - https://www.tiktok.com/@ajgwtuj?_r=1&_t=ZS-92ISXnxdGPY мой юз - @qyigf
cyrillicdesign,channel,Кириллица.дизайн,35917,Публикуем вау-сайты на кириллице с 2018 года #VAEL5 Сайт: https://dsgners.ru Прислать сайт: @cyryllicdesignpost_bot Реклама: @design_manager_bot  Мы в реестре: https://vk.cc/cG5cGW
chatbp22,group,Ж///ÐØҐØM̂Ø4@ŧ,2095,"Здесь можно обсуждать публикации, пылесосить лучшие практики и исповедовать буддизм  Бан за призывы к насилию, агитацию, оскорбления и провокации, а также запрещённых на территории РФ веществ и организаций. За рекламу тоже бан."
knowledgeconftalks,group,Я шарю,838,Чат конференции Knowledge Conf  Информационный канал: @KnowledgeConfChannel
ekaterina_koshevaya2,group,Культурный юрист Кошевая,182,Чат канала @koshevaya_ekaterina
hanakosimp1,channel,кириветика вне пакетика,183,
shidizit,channel,ШиДизайн,30,"Я в потоке арта и дизайна / Света Ши, графический дизайнер  Задать вопрос t.me/thevoprosybot?start=q1591"
cakak,group,Чикаго,42,
ukraninanfonts,channel,Шрифти Приколюшки,114,Тут я розміщую кирилізовані/модифіковані мною шрифти Є запитання? — @oZEDDYo
qt_and_hep,group,кафедра КТиФВЭ,46,
chystochat,group,Чисто Чат,55,
korzikchat,group,Korzik.net Чат,30,"❌ЗАПРЕЩЕНО ‼️Запрет обсуждения политики. ‼️Добавление порно ‼️Межнацрознь. ‼️Оскорбления. 🚷Все Нарушения правил , Бан"
a2665,group,"""Faberlik@Айнур""",3,Я очень рада моим подписчикам!
coffeeteajournal_bot,bot,Новости КИЧ,,
kraskript_bot,bot,КрасКрипт,,
nastaliq_meme,group,نستعلیق میم (چت),2,
tgfonts_bot,bot,Шрифты Стикеры,,Информация -  @reklamacrazyy
xixconfigbot,bot,فقط کانفیگ های متنی رو بفرستید,,
chs_cheb_bot,bot,Предложить новость в ЧС,,
superpuperduperrasprodazha,channel,СУПЕРРАСПРОДАЖА,2324,Clothes and vintage goods. Supergelik’s selection.
cometproduct,channel,COMET PRODUCT,358,Купить сабку - @cometbuy_bot Владелец канала - @pythonteg
supplierbajuanakbalikpapan,channel,SUPPLIER PAKAIAN KALIMANTAN,48,Instagram  @ummababy.id  ❗HARGA MITRA/PILIH SUKA² HANYA UNTUK RESELLER TERDAFTAR❗  KATALOG PRODUK & PROMOSI REK HANYA ATAS NAMA RYKE AULIA  Mitra Resmi berbagai Brand Pakaian Anak & Dewasa.
twizfshop,channel,TWizf сешк,216,для связи писать:@trippvibee
krutoyposts_shop,channel,KRUTOY.SHOP,22,Офіційний мерч каналу Філософія Крутого @krutoyposts Для замовлення чи для відгуку мерчу писати в @krutoy_svyaz_bot ВСЯ ПРІБИЛЬ НА ЗСУ (забув як прибыль на українській буде)
buhankaotzyv,channel,Buhanka•Otzyv,5,"•Основной канал @BuhankaShop •Оставить отзыв вы можете в личных сообщениях, после чего главный администратор перешлет его в этот канал  Связь: @batonPRO"
c32feedback,channel,feedback,2,отзывы @mrpalatkin
paketikthegreat,channel,Ультра рест 🥚 Пакетов джинглбелс,165,‼️ СТРОГО 16+ ‼️  Жизнь и творчество Великолепного Пакетика!  ТикТок: https://www.tiktok.com/@thegreatpaketik?_t=8pYbRW6AJYw&_r=1  Группа в вк: https://vk.com/zonamechtaniy  Щп: https://t.me/DnevnikPaketika  Лс: @TheGreatPaketik
pitushilatochkaru,channel,Chertilnix,156,
dobrinia0,channel,Подвал,29,"У нас было 2 пакетика травы, семьдесят пять ампул мескалина, 5 пакетиков диэтиламида лизергиновой кислоты или ЛСД..."
dnevnikpaketika,channel,(Не) Личный дневник Пакетика,23,"Щитпост, жизнь и бэки творчества Великолепного Пакетика!"
paketbumupak,channel,Бумажные пакеты,2,Производство бумажной упаковки
eu1y0ungg,channel,END🏎《ขับรถ》℮UI.𝖸N𝔊,42,"ᅠ ᅠ ᅠ ᅠ ᅠ E𐌵IY𐌏𐌵𐌽Ᏽ [Ыᥔᥱ‌н] ᅠ ᅠ ᅠ        ᨦ  𓂃  .   ִ 8:ОО･ ﾟ ﹢   ᰍ ᅠ ᅠ ᅠ𐌺ᥲʙᥱρ-ⲙᥱᥔκᥱρ ʙ 𐌏н᧘ᥲᥔн Индуᥴᴛρᥙᥙ, ᅠ ᅠ ᅠᤋᥲнᥙⲙᥲющᥙᥔᥴя ᴛ᧐᧘ьκ᧐ ᥴʙ᧐ᥙⲙ дᥱ᧘᧐ⲙ. ᅠ ᅠᅠ ᅠ ᅠ ᅠ ᅠ ᅠ ᨦ  𓂃  . ･ ﾟ  ⓛ𐍃ᴛᥙɗi᧐： @euiyoung_studio ②Arᥴɦi᥎ᥱ： @euiyoung_archive ③B᧐ᴛ： @euiy0ung_bot"
stellastudia,channel,Stellastudia,160,"Занятия для взрослых и детей:  🎤Вокал  🎸Муз. инструменты  🕺Танцы 🎭Актерское мастерство  🎨ИЗО 🌟Комплексные программы  🏆Мы зажигаем звезды!   📍м. Молодежная, Ярцевская, 28 и другие. Связаться с нами: @Stellastudiaru"
eliocov,channel,ִ๋Eli𑄜 要’,70,
lvshtprt,channel,ㅤㅤ@ . Kasumi / port,27,др - 23.04 @yunixsq - юнилис /юни info & price - @infopraw
c0ul3ss,channel,C0UЛ3SS,59,@ISindsss
aanadelhome,channel,عنادل (نشدو بجميل العربية),401,قناة تُعنى بلغتنا العربية وفنونها وآدابها قناتنا على يوتيوب https://youtube.com/aanadel
yana_moseeko,channel,Тренер/ Нутрициолог Моисеенко Яна,650,"Канал о фитнесе , ЗОЖ , нутрициологии, питании и всяких полезностях 🌸☺️"
ak_play_custom_craftsvss,channel,Ak/продажа поделок из пластилина,53,Делаю поделки из пластилина на заказ По вопросом обращаться к @Ak_Play_Vss
al1m5polgjuq6s2ou7rly,channel,"(рест) Арты, наброски и прочее 🍓",275,"Я Мира (@GrettyMira). Делаю арты, авы, обои, скетчи. По поводу заказов пишите в ЛС (показывайте фото того, что надо сделать!). Иногда выкладываю комиксы или фигурки из пластилина. А админ ТГК постит котов. В общем, буду рада видеть вас."
klassno_mama,channel,Быть мамой классно,33,"Канал о личном. О семье, о материнстве и обо всем, что делает жизнь ярче."
kuvshinka007,channel,Гербарий из пластилина,92,"Генератор ахиней, свалка, барахолка, галлерея, мемная"
plavilnyakamchatka,channel,Плавильня ♻️,102,Переработка пластика и экологическая культура 💚 Камчатка 🌋
golubadm,channel,Администрация Голубицкого сельского поселения Темрюкского района,535,Официальный аккаунт администрации Голубицкого сельского поселения Темрюкского района
sakulevich_maxim,channel,Maxim Sakulevich - Канал Максима Сакулевича,1037,Написать личное сообщение: @MaximSakulevich   Канал на YouTube: https://youtube.com/@MaximSakulevich   Dzen: https://dzen.ru/maxim_sakulevich  RuTube: https://rutube.ru/channel/23892495/  http://vk.com/maxim.sakulevich   Почта: maxim.sakulevich@gmail.com
moscowrevisor,channel,Московский Ревизор,248,ЛС: @tvistpasha
nashevremya_gurievsk,channel,Наше Время | Новости Гурьевского округа,483,"Всё, чем живёт Гурьевский округ. Официальный канал еженедельной общественно-политической газеты Гурьевского района Калининградской области. «Наше время». https://www.нвремя.рф/"
ostrovles,channel,Островецкий опытный лесхоз,149,Официальный Telegram-канал Островецкого опытного лесхоза
business_highway_554433,channel,Business highway,69,"Проект МЕДИА ГРУПП ""ВЧК-ОГПУ"", связь vchkogpu.ru@gmail.com"
rulevskiydeputat,channel,Депутат Рулевский,48,Онлайн-приемная депутата Законодательной думы Томской области от 1-го вузовского округа Виктора Рулевского Общественная Приемная  +7 913 870 57 10
golunovforever,channel,Голунов,12011,"Иван Голунов, журналист  Об авторе: https://bit.ly/3IUquxr Связь: ivan.golunov@gmail.com"
glebchikkk_05,channel,Печальна как гитараˎˊ˗,56,"Глебчик☦ Прикольные, мемные фоточки группы Агата Кристи, The matrixx, БИ-2~"
taina_teatra,channel,Тайна Театра (ЕКБ),1029,Театрализованное кавершоу
teatr_lopaeva,channel,Театр В. Лопаева ПРОдвижение,627,• первый пластический театр г. Иркутска • камерная сцена  • купить билет: https://iframeab-pre11708.intickets.ru/shows/#abiframe%22 •вопросы по тел.: 8 (950) 076-37-96  📍Карла Маркса 40 к1  БЦ «Собрание» 3 этаж
theolol90,channel,тео лол 🐶🎃,271,Вести: https://t.me/+KA6kp-EGFdZjMjli
studiyalitsa,channel,"Студия театра и кино ""Лица""",403,"Занятия по актерскому мастерству, сценречи, сцендвижению для детей и взрослых. Студия мультипликации."
pollyvanilka,channel,Pollyvanilka,244,ШС МХАТ’23 Мастерская Брусникина  Делюсь кружками/ картинками/мыслями/переживаниями и много смеюсь
ploshadka_play,channel,площадка.play (ex karavaevlab),1125,→ Делаем независимую театральную школу и рассказываем о разном  Инфо: @tasiastacy инстаграм: https://www.instagram.com/ploshadka.play
teatrsvetilnik,channel,"Театр Светильник - спектакли для детей, праздники, кинолагерь",215,"Привет, это Алёна, здесь будет о нашем театральном пути, праздниках и киносъёмках"
teatrsinica,channel,Будни театра «Желтая синица»,347,"«Желтая синица» - театр, а не птица.  24 июня, билеты https://krasnodar.qtickets.events/239227-spektakl-dialog  Как найти https://t.me/teatrsinica/86 Экспериментальный театр-школа для взрослых и детей. Импровизация. Театр. Сторителлинг. Задать вопрос @gri"
vpolg0losa,channel,вполголоса,85,🎪пластический театр | г. Сергиев Посад Занятия по современной хореографии и актерскому мастерству 12+ По всем вопросам обращайтесь по телефону 89057780143✨
theatrecroissant,channel,Театр Croissant,213,"Croissant - любительский театр Московского Государственного Лингвистического Университета, играющий свои спектакли на французском языке."
axelina_plastilina,channel,Акселина 🫐,54,"Художница, 25 lvl  Люблю девочек, видеоигры и хинкали! Девочки с глазами, как фары матиза, since 2018 год 🍤"
operettateatr,channel,Государственный театр музыкальной комедии (оперетты) Узбекистана,159,"ТЕАТР — ЭТО ЖИЗНЬ…  Театр — это люди, судьбы, взлеты и  поиск новых форм.  История театра — это традиции, а традиции это то, чем мы богаты сегодня."
plastilinart,channel,Пластилин-арт - создаем и продвигаем сайты,42,🔹Разработка сайтов на 1С-Битрикс 🔸SEO продвижение сайтов 🔹SMM продвижение 🔸Разработка фирменного стиля 🔹Оформление групп ВКонтакте  📩 info@plastilin-art.ru
masskateatr,channel,Маска | Театральная семья,133,"Весь мир театр - ты в нем актер ! Приглашаем на занятие всех, кто мечтает оказаться на сцене ! Для записи на занятия: +7 921 616 3938 Наталья Владимировна"
vitaliumteatr,channel,"«Vitalium»♾️театр («Жизненно необходимый», lat.)",61,"«Есть тела, удивительно похожие на душу.» - Марина Цветаева   ✨ПРОСТРАНСТВО СВОБОДНЫХ✨ ❕Москва ❕  Сообщество людей разных профессий, горящих любовью к жизни ✨ 🎭 создаем спектакли в разных жанрах  ✨проводим тренинги и мастер-классы"
pindyurinteatr,channel,Канал Евгения Пиндюрина,66,"Личный канал Евгения Пиндюрина, директора и художественного руководителя Усть-Илимского театра драмы и комедии."
teatruhana,channel,Позвал вечор Айрата,81,необязательные заметки театрального зрителя Айрата Н. из Казани
flametheatre,channel,Театр танца FLAME,39,"Танцуй сердцем!🔥  г. Кострома, МК «Пале», ул. Чайковского, 3  Расписание: Вт, Ср - 20-00 Вс - 18-00"
luchiki_solnishka,channel,Лана Шемякина. Про жизнь и не только,42,Психолог
vigigatel,channel,ВЫЖИГАТЕЛЬ МОЗГОВ,298,Уточки бедные издохли в нашем убогом пруду ….горько и жалко мне ..- æ ибо я есть Художник!!! Люблю чтобы везде Была ПОГО
zashitnikss1th,channel,zashitnikss,793,по рекламе: @zashitnikss
neuroprikoly,channel,Свирепые горгоны!🇷🇪+🕊,247,"Возгласы что ловят геены своими рогами, возгласы что идут из геены, из разных слоев Как радио Все совпадения случайны, канал создан исключительно в юморстических целях Претензии+реклама="
enzohouseig,channel,Oil Production,97,:P
bryzzgo1,channel,Bryzzgo,106,
ebalaillalala,channel,Экстаз для глаз,118,Улыбочку 📸 https://t.me/addlist/JjCuDXiXzuRlNmFi
nogaznal,channel,Мысли Ногазнала🦶,81,"Привет, я ногазнал  Каждое слово написанное в этом паблике является пиздежом"
cheezehating_ur_mom,channel,𓏎 мир добра и зла 𓏎 в понедельник,152,Осторожно тут фурри раскраски и глупость  Меньше мемарник больше личный дневник чтобы я не забыла о том что случалось и о чем думала
ginare_blog,channel,логово джины. ❄️🎄,77,Реджина(Екатерина).  28.03.2009. лидер @whispers_kd.  тг: @jong_regina.
thepinkgrave,channel,🪦The pink grave,39,-ᴨᴩиʙᴇᴛиᴋ ᴩᴏднᴏй) ᴛы ᴨᴏᴨᴀᴧ ʙ ᴩᴏɜᴏʙую ʍᴏᴦиᴧу☆ ну иᴧи жᴇ ʙ ᴛᴦᴋ нᴀчинᴀющего ᴋᴏᴄᴨᴧᴇᴇᴩа^^ нᴀдᴇюᴄь ᴛᴇбᴇ ᴨᴏнᴩᴀʙиᴛᴄя ʙ нᴀɯᴇй ʍᴀᴧᴇньᴋᴏй ᴄᴇʍьᴇ 𐔌՞. .՞𐦯 ʍы ᴩᴀды ʙидᴇᴛь ᴛᴇбя!!! ᓚᘏᗢ
youzhno,channel,ЮЖНО - В жопе жужно,4,
obrugobregovihcobregov,channel,О.О.О,7,Это цитата из Библии (в рай это попасть не поможет)
qizlarjon_klubi_uzswlu,channel,"""Qizlarjon"" klubi Ingliz filologiyasi fakulteti O'zDJTU",395,"🇺🇿 O'zDJTU  Ingliz filologiyasi fakulteti ""Qizlarjon"" klubining rasmiy sahifasi. • O’zDJTU Ingliz filologiyasi fakultetining rasmiy sahifasi: @englishphilologyfaculty • Fakultet YI rasmiy sahifasi: @YI_FILOLOGIYA Murojaat uchun:  @Heree_ZaRnIGor"
shadzhatmaz,channel,Обсерватория на горе Шаджатмаз,1542,Обсерватория на горе Шаджатмаз
vsevgory_com,channel,Всі В Гори,243,Походи в гори і вздовж морів та океанів: https://ua.vsevgory.com/schedule/       Дзвонить +380502219998       vb watsup                                        Пишить на  @vsevgory1
ddkandalaksha,channel,ДубльДом Кандалакша,376,Аренда дома на горе
kapelka222222,channel,tilted (2.0),311,горе механики
povetrulka_ya,channel,Философские сказки шаманки,1054,"Хроники Цветочного города.  Все персонажи и события реальны. Герои описываемых историй живут в горе и радости, а конец неизвестен даже автору.  Глава вторая Жить-поживать, добра наживать.  Если слова пока не приходят — просто побудь."
yaavahue,channel,горе,275,#1 stunna
djfnvmv,channel,Жизнь Мирона пядисят второго,793,
analytikaragov,channel,Аналитика Рагов,442,"Канал создан, чтобы помочь вам разобраться, что такое FUD и что такое RUG.  Здесь вы узнаете куда стоит заходить, а где лучше просто понаблюдать.  Сотрудничество, реклама : @Keydinn / @doge_premium Наш чат: https://t.me/atalytikaragovchat"
zolotieslezysliv,channel,ɜ᧐᧘᧐ᴛыᥱ ᥴ᧘ёɜы ᥴ᧘ᥙʙы || Сетка по БСД,270,Приветствую в сетке по бсд. Здесь вы можете вступить за какую-то роль или просто понаблюдать за жизнью персонажей  Cr: rarazsho on X Кредит на пнг: @BSD_PNGG
lunar_eclipssee,channel,🌙LuNaR EcLiPsE🌙,227,"«Luna, silens testis»  Всем доброго времени суток, дорогие совята. Кто горит желанием понаблюдать за жизнью Луны, взглянуть на её тёмную сторону – прошу, заходите, хехе  Вк: https://vk.ru/symrak_pyro ~"
sunf_cos,channel,💌Венок из подсолнухов💌,246,"Не закрывай свое сердце, оно еще бьется!! ☮️  Я Подсолнух, мне 16, живу в клд и увлекаюсь макияжем и гитарой. Здесь вы можете понаблюдать за моим творчеством и жизнью 🙂‍↕️  Рекорд реакций: 99 Рекорд подписчиков: 300  http://t.me/anonquebot?start=unjwo"
minami_desugk,channel,minami_desu and Garage Kits,200,"…and a bit of shitpost. Немного пишу о том, как крашу фигурки и покупаю пластик. Если хотите понаблюдать за моим творчеством без лишних постов не по теме, моя группа вк с покрасами https://vk.com/minamidesu"
psyanalysis_kuboks,channel,Кубликова Оксана | Психоанализ,192,"Моя работа - наблюдать за собой. Если у вас тоже есть желание понаблюдать за собой, могу побыть рядом с вами!  В канале рассказываю просто о сложных вещах.   Здесь то, что поможет лучше понять себя и других.  Контакт: @kuboks"
nazaredashaa,channel,nazaredasha,126,"Тут мои будни, анонсы мероприятий, мысли. Предлагаю понаблюдать !или! сразу попробовать бесплатную практику по йоге от меня  онлайн-тренер | fysm | @nazaredasha (запись в лс)"
worldofhaida,channel,||рест||❣︎ハイドの世界(World of Haida)❣︎,131,"Мечтаю о создание своей манги,комикса.И тут собственно буду выкладывать свои работки , недоработки и скетчики.Цель этого канала понаблюдать как человек (я) развивается и увидеть его результаты"
liberaleslibertarios_news,channel,"""Liberales - Libertarios""",1348,#Política #Memes #Noticias #Liberal #Libertario #Argentina #JavierMilei
vkorinovunu,channel,Новини України та Ніжина,474,
otvetubilrep,channel,это ответ убил,227,бытовой емо реп из Екб слушать: https://band.link/O1wKa
horn_rf,channel,РУПОР,40,"Объективные новости каждый день. Мы не пропагандируем и не призываем к насилию, весь контент сделан исключительно для ознакомительных целей.  Сотрудничество: @mastainfo"
gastrospektakl,channel,Гастроспектакли в Серпухове,187,"Иммерсивные гастрономические перфомансы. «Я убил Распутина» - музей, театр, история, архитектура и гастрономия в одном действии. «Сновидения Дали» - арт, театр, хореография, гастрономия, сюрреализм гала ужинов Сальвадора. http://gastro-spektakl.tilda.ws"
kukan11,channel,TIBA / КУКАН family 🍄,111,кто убил деда?
surf_crypto_archive,channel,Video SURF 🎥,912,Здесь вы можете посмотреть видео движений на рынке: 🥃 Стакан + график📉📈 🔍 Ситуации  в реальном времени   https://t.me/surf_crypto_archive
stakan_i_myach,channel,X ежегодный турнир Стакан и Мяч '26,403,X ежегодный футбольный фестиваль городских сообществ и брендов Проводится с 2017 года
tiblerutka,channel,женский стакан ЗАКРЫТО,186,кисломолочное. сьедение
dog1cheater,channel,Собака вне закона228 👣,125,Собака228 отправил(а) стакан мочи x1🥃   Начало: воскресенье 24 декабря 2023г.
belportalby,group,❤️BELPORTAL❤️,907,
xx33codm,channel,Палата Шапки №33,3409,https://youtube.com/@33codm13
kanalpozetuvy,channel,Палата №7,1168,"Тут сміються з того, з чого інші бояться. 😈  Звʼязок 📡📟 https://t.me/kanalpozetuvy?direct  На каву 🤝https://donatello.to/Kanalpozetuvy"
paintlikealahmar,channel,Красная палата,498,"прошлая аватарка от @lowenzahn19, эта моя  ОСНОВА: @lokki_png  Щитпост, 18+  Кто будет материться в церкви, того я палкой отхуячу  Много мата и моего бомбежа. Правила в закрепе"
tppur18,channel,ТПП Удмуртии 18,296,Торгово-промышленная палата Удмуртской Республики.
inrmtnelybjt,channel,В РМТ НЕ ЛЮБЯТ,360,Палата №3  Второй адм: https://t.me/PochemuNuPochemu  Самореклама: https://t.me/RMTmyLove 👀
sakhalintpp,channel,Торгово-промышленная палата Сахалинской области,262,"⚡️ Официальный канал Союза ""Торгово-промышленная палата Сахалинской области"" — крупнейшего бизнес-объединения региона  🔗 Сайт: https://sakhalin.tpprf.ru/ru/ 📱 МАХ https://clck.ru/3U32hy 💬 ВКонтакте: https://vk.com/sakhalintpp"
ruslanvegera,channel,Вегера Руслан,273,Парламент. Палата представителей. Депутат Буда-Кошелевского избирательного округа
tbogmtv,channel,Палата Гейминга (Палата №42),266,ку
residenceruu,channel,residence.ru,88,owner - @feedbackrjsbot
offidainfo,channel,Offida info,69,"Notizie e informazioni su Offida, Piceno e dintorni"
joinoffline,channel,ОФФЛАЙН,62,Приложения и сервисы для работы оффлайн. Не дадим глобальным ИТ-корпорациям следить за нами!  Мы в VK — vk.com/joinoffline
offsecmag,channel,ɴᴇᴡs,12,گزیده اخبار و اطلاعات برجسته نظامی، سیاسی و اقتصادی
kupi_proday54,group,Реклама от Заявки54,32,"Все условия прописаны на сайте. Добавляясь в нашу группу и не выйдя из неё в течении 24 часов, Вы соглашаетесь и принимаете условия на сайте: https://zayavki54.ru/usloviya-rabotyi-v-nashix-gruppax/"
pobeg_v_moldovy,channel,ПЕРЕТИН,3,
bonfireyoga,channel,"IRA CAIRO | йога, Веды 🌿",462,"🧘‍♀️ Практики йоги, ритуалы красоты, энергия женственности и молодости — в одном месте 💚 🌀Кундалини йога для всех, кто решает идти навстречу себе, процветанию и счастью 🌿🌀❤️ ❤️ Вдыхай Любовь - выдыхай счастье 🌞"
aboutair,channel,AIR life,118,Aleksandra Igorevna R.
deadline_magic,channel,машу вдохновляет дедлайн,480,канал @massha_ivanova каталог работ – https://goo.su/KByEpP 👁️ — merivastilllife.ru
resurswom,channel,РЕСУРС женское пространство Казань,430,Здесь ✨анонсы мероприятий ✨личные женские истории ✨творчество и эфиры  По всем вопросам обращаться к @yulia_brunch 👋🏼
l4mmer,channel,Нейро-Культура,6293,Тёплый канал. По рекламе @CrowdInvestGroup  #QJTD3
domgdeteplospb,channel,Тёплый дом в эфире,470,«Тёплый дом» — благотворительный фонд в Санкт-Петербурге.  Мы работаем с 2007 года и помогли 3235 семьям с детьми преодолеть кризисные ситуации и остаться семьёй.   Помочь: https://www.domgdeteplo.ru/howtohelp/#donate
mum_loves,channel,Мама любит себя,1248,"Авторский тёплый канал для мам, которые не сдаются!  Про любовь к себе и реальность женской жизни."
poet_irinatrusova,channel,Поэт Ирина Трусова,650,Для всех РУССКИХ ПО ДУХУ
region78_team,channel,Регион 78,177,Стрелковая команда из Санкт-Петербурга
pozyvnoy_yalta,channel,"Позывной ""Ялта""",132,Почти дневник
unitedhatzalahspokerson,channel,United Hatzalah Spokesperson Updates,43,"Minute-by-minute updates on the lifesaving activities of United Hatzalah’s 8,000 medical volunteers who save lives all across Israel."
nevrachne,channel,ВрачНеВрач,57,🔸Главное не бояться новых знаний!🔸 Чат https://t.me/nevrachnechat ВК https://vk.com/vrachnevrach Сайт https://vrachnevrach.ru/main По всем вопросам @chan_ceo
slad_brand,channel,SLAD | Джинсы ручной сборки из итальянского денима,223,"SLAD | Санкт-Петербург   Семейная фабрика с 2021 г.  Индивидуальный крой, премиум-детали и внимание к каждой строчке.  Большой Гостиный Двор с 10.00-22.00  +7 (911) 167-67-69"
klochkova_olia,channel,#КлочковаMode,123,
lightgirlindarkclothes,channel,Светлая девочка в тёмной одежде,62,"Приветствует всех, кто ценит красоту слов, кто находит в стихах вдохновение, кто чувствует музу в каждой строчке. Добро пожаловать в мир поэзии, где каждый стих словно маленькая искорка света во мраке повседневности..."
yunona_n_k,channel,ЮнК,34,стихи и стишинки
anmolvachan1,channel,Anmol Vachan Quotes ( UPSC prelims mains ) motivation essay ethics,54407,"We provide the most inspiring, motivating quotes and important content for ESSAY & ETHICS. It will help you in various Exams. In both Hindi and English Language.  Contact @studytoday_bot  WhatsApp  https://whatsapp.com/channel/0029Va42j79297531AcAOm1X"
inspiringnews,channel,Inspiring News,297,"The only Telegram channel that guarantees exclusive, positive, and 100% inspiring news."
vasily_govnad,channel,Вася Говнад,263,"Буквально Бог Этого Бренного Мира, Создатель Всего Сущего, Верховный Властелин Пространственно Временного Континуума, ЛИЧНО ОН.   Workal s/: FAME, Ivan Tholo, GAMAZ, Yan TOPLES, Lil Semmi, Pierre Narciss, Ivan Tholo, Glukoza, SALU... e.g."
psy_vasily,channel,Василий Алейников | Психолог,137,"КПТ-терапевт Провокативный психолог Консультант по улучшению качества жизни Про отношения, мотивацию и личностный рост  Больше информации по ссылке  https://taplink.cc/psy_vasily  Для записи на консультацию пишите @vasily_aleynikov"
vasily_kharkovoy,channel,Василий Харьковой,526,"Главный режиссер АНО ""Национальные приоритеты"" / Общественный деятель  Всему свое время и наше время настало.  Для связи - @obratnayaperspectiva"
pogiob,channel,Просто о Главном,363,"Бог любит тебя (Иер.31:3) ☦️  📍Здесь показываю семинарскую жизнь изнутри 📝  📍Пишу и рассказываю о Главных вещах простым языком   📍 Несу попытку примера своей жизни   📍Для связи, чтобы задавать вопросы: @andrey_marukhnov"
sbogompozhivomy,channel,С Богом — по-живому,41,"Делюсь своим личным путём — тем, как слышу Евангелие, как живу отношения с Богом, как откликается мое сердце.  Это скорее дневник души, которая учится следовать за Светом.  Сквозь мою призму: мысли, озарения, опыт, стихи, молитвы."
proslavleniya_kazan,channel,Церковь Прославления г.Казань,62,"""Местная Религиозная Организация Церкви Христиан Веры Евангельской ""Церковь Прославления"" г. Казани""  Мы видим Церковь, наполненную Божьим присутствием и силой.  ИНН 1660163677 ОГРН 1131600000135"
bratstvo_tcaria_nikolaiaii,channel,Братство св. мч. Царя Николая II,42,"Живите по законам Божьим, и творите любовь!"
triusio_urvas,channel,TRIUŠIO URVAS 🇱🇹,847,"Kokybiškos informacijos srautas, be tiesos ministerijos cenzūros. Dalinuosi puzlio detalėmis, o paveikslą susidėliosite kiekvienas pats  facebook.com/fbtriusiourvas  triusiourvas@yahoo.com"
riboloviztruschobchat,group,Рыболов из трущоб | чат,123,Чат для обсуждения 🐟
isayaadler,channel,Божество из трущоб 🏹 Isaya,120,
slumdogmil,channel,Миллионеры из трущоб,97,"Делимся тем, что делаем сами🪬  Мы один, но нас много🌌  Идеи, предложения, просьбы: https://t.me/slumdogmil_chat/"
spalaksmi,channel,SPA Laksmi,176,"🌿 Добро пожаловать в Laksmi SPA - место, где каждый найдет свой путь к гармонии и полному  расслаблению. 🌿 Здесь будут уникальные акции и новости нашего салона 😌  Наш сайт - https://spa-kazan.com Мы в inst - https://www.instagram.com/laksmi_kazan?igsh="
blazhennye_sny_altaya,channel,Блаженные сны Алтая,326,https://m.vk.com/club218909993
club_ravnovesie01,channel,РАВНОВЕСИЕ,515,Клуб горной подготовки и этнотуризма
nadya_blazhenkova,channel,ВЕЛИЧИЕ ЭМПАТА,212,Беклемищева Надежда
vritmebelki,channel,#В ритме Белки🖤,267,"Место, где правила заканчиваются, а отдых начинается. Тут все свои😉"
pravoslavnayamolodej,channel,Молодёжка Александра Невского☦,320,
lakshmiflo,channel,ЛАКШМИ – Цветочный Салон Ростов-на-Дону,185,"Лакшми | Цветы и вдохновение  Букеты, наполненные любовью Для свиданий, праздников и без повода Быстрая доставка 📦 ЗЖМ   📍просп. Солженицына, 13/2с1, Ростов-на-Дону 🔗 Ежедневно 07:30 -21:00 ☎️  +7 938 110‑44‑10"
fandiushinalana,channel,Светлана Фандюшина,121,
alkomarket_dn,channel,«БУХАРЕСТ» / «НАЛИ-ВАЛИ»,149,"🟢г. Донецк, ул. Артёма 80А 🟢г.Донецк, ул. Артема 102 🟢г. Донецк, ул.Челюскинцев 184 🟢г. Макеевка, ул. Островского, д. 3/18. 🟢г. Макеевка, мкрн. Зеленый, ул. Академическая, 200.  🟢г. Макеевка, ул. Таёжная, 1К. 🟢г. Донецк, ул. Октября, 16А"
peace_0_0_3,channel,ݺ،سلام | 𝓟𝓮𝓪𝓬𝓮 ❤️‍🩹.,42,
nashrat_islami21,channel,𖣔 نشرات اسلامی 𖣔,45,🤍 نشرات اسلامی؛ پیام‌آور علم، ایمان و اخلاق اسلامی. ☪️📖 🌿 با ما همراه باشید تا در مسیر علم، ایمان و هدایت گام برداریم
ukrainianfreedomnews,channel,Ukrainian Freedom News,1660,"Real stories and voices from Ukraine, amid global attention and turmoil. Edited by American journalist Joe Lindsley, with a team of Ukrainian journalists. To comment,: @ukrainianfreedomchat"
yamnitskiyflot,channel,Ямницкий Флот ⚓️,155,Всегда свежее Могилёв и не только.
kazenny_chat,group,Чат бразильского канала Кости Казённого,43,
ligonier_chinese,channel,林格尼尔福音事工,353,我们是史普罗博士的教学伙伴。我们的成立宗旨是要尽可能向更多的人传扬、教导并且捍卫上帝完整的圣洁。我们的使命、热情和目的是要帮助人们更加地认识上帝和祂的圣洁。
sofie_tim,channel,София | сердце в народах,371,"Миссионер, христианка, люблю Иисуса Для поддержки @sofietim  89531573237 (т-банк, сбер)"
mikhailrozvodivskii,channel,ROZVODOVSKII MIKHAIL,181,
pastorandreydavydov,channel,Пастор Андрей Давыдов,327,"Старший пастор церкви «Слово жизни»  в Челябинске   миссионер, путешественник и ценитель кофе"
lavrentevakira,channel,Кира Лаврентьева,1787,
biserica_sturzovca,channel,Успение Божией Матери с.Стурзовка,390,
bm24ru,channel,БМ24.ру,119,
blagovestnikorgdr,channel,Дневник откровений,561,Краткие библейские уроки на каждый день.   Наш основной канал – https://t.me/BlagovestnikOrg  https://t.me/BlagovestnikOrg/186 – полный перечень ресурсов BlagovestnikOrg  https://t.me/BlagovestnikOrg/185 – поддержка служения BlagovestnikOrg
blagayavest_sakh,channel,Церковь «БЛАГАЯ ВЕСТЬ» САХАЛИН,218,Местная религиозная организация Южно-Сахалинская церковь «Благая Весть» христиан веры евангельской пятидесятников
mottsnyi2,channel,БЛАГОВЕСТИЕ 2.0,351,"Здесь вы найдете вдохновляющие истории, опыт служения и результаты благовестия в социальных сетях.  За последний год мы отправили 3000+ печатных Библий в 34 страны мира, чтобы люди, которые никогда не читали эту Книгу, могли узнать о Боге. @mottsnyi"
ksemiletov,channel,В начале было Слово…,158,
blagothess,channel,благочестие.,112,"перья уже подняты, а страницы высохли!"
goodnewskiev,channel,Блага Звістка Київ,220,"Офіційний канал Християнської Церкви ""Блага Звістка Київ"""
znamenskayashkola,channel,Знаменская Школа,78,"АНО Православная средняя образовательная школа «Знаменская школа»  Адрес: Рублёво-Успенское шоссе, с. Знаменское, 55 В  Сайт школы: https://znam-s.ru/ Страница храма в ВК: https://vk.com/znamenskoehram"
novy_zavet_khv,channel,"Церковь Новый Завет, г.Хабаровск",124,Каждое воскресенье в 11:00 Кирова 1 Добро пожаловать!
blagovestitv,channel,Blagovesti TV,65,Internet televizijski kanal Blagovesti TV  🔸www.blagovesti.tv
sdedgvh,channel,Божий вайб 🖤,72,«И уже не я живу но живет во  мне Христос»
bogosloviezametki,channel,Под сенью Креста Христова,45,Богословские заметки
milostbozhia,channel,Элеос,28,
otabek_sultonbekov,channel,Otabek Sultonbekov,1506,
sokolov_outreach,channel,Данила Соколов | B2B-продажи и лидген,244,
outreachblog,channel,Naum Nersesov | SEO HQ,984,https://t.me/linkfellas чат линкбилдеров @naumnaum если есть вопросы пиши.
speech_outreach,channel,"Спич про аутрич | Паша Сыровацкий про лидов, продажи и прочие радости",154,"Болтаем про системный холодный аутрич. Разбираем стратегии, тактики, инструменты и питчи. Помогаю тем, кому сложно.  Делай хорошо => будет хорошо.  Контакт: @pavelsirovatskiy"
outreachguru,channel,Лінки рулять,661,@Al_Kirik
beamoutreach,group,Beam Outreach,87,
rabooutreachteam,channel,Rabo Action Outreach Team @A12,60,Help us mobilise activists for the Mass Action against Rabobank on October 11th. This is a collaboration between Extinction Rebellion and Greenpeace. Current focus: outreach @ A12
rondpoint20outremer,channel,Collectif ROND POINT 2.0 OUTRE MER,215,"Un Collectif de ""moun"" et d'humains des outremer. Le but : communiquer au travers d'une émission hebdomadaire sur les réseaux sociaux, sur les actualités et luttes menées sur chaque territoire partenaire."
gk_yaroslavskiykvartal,group,ЖК Ярославский Квартал,353,
evegorievsk,channel,Едем в Егорьевск! 🚘,61,Туристско-информационный центр Егорьевский историко-художественный музей +79167882312
yarscrapklub,channel,ЯрСК,22,"Ярославский скрап-клуб, блог с заданиями http://yar-sk.blogspot.com/, мы в ВК https://vk.com/yarscrapklub"
nash_yaroslavka_bot,bot,Наш Ярославский,,
evgenia_wineandstories,channel,Евгения Иванова l Wine&Stories,732,"Канал Евгении Ивановой о вине и искусстве  Обычно лекции с подобными названиями проходят примерно по такой схеме: говорят об искусстве с бокалом вина в руках.   В наших встречах  Искусство и Вино на равных, потому что вино — это тоже искусство."
shakaligor,channel,Шакал Игорь,609,Игорь бродит по сетям  Распродажи ищет Где купить расскажет вам О-Медок до тыщи
crystalwines,channel,Crystal Wines,857,"Be the first to receive offers, events and more!"
shtoporwine,channel,Винная лавка Штопор,653,"🙋🏼‍♀️Екатерина-хозяйка Штопора, где 1000+ вин отобраны мною лично. Можно брать с закрытыми глазами! 📍Скандинавский бульвар дом 5, корпус 2"
gastromeatvine,channel,Гастроэнотека Мясо & Вино,1007,"Новый проект от Мираторг Эксперты в мясе — знатоки в вине 🍷   Билеты на дегустацию: https://clck.ru/3UCUsp  По всем вопросам: @meatvinesup или 8 (980) 171 70-93 📞    📌Ломоносовский проспект, 29к1"
grapewk,channel,Grape Wine & Kitchen,150,"🖋Бронь:  @grapewinekitchen 📍Москва, Новинский бульвар 7 🍷Винный ресторан от компании Grape premium wines & spirits.  https://t.me/grapewines_ru Виноградники в Грузии и Испании. Импорт вин со всего мира.  Поиск в канале: #винныезаметки  #дегустацииgrape"
champagneguy,channel,Wine.Notes.Stories,142,🍾
champagebar,channel,Шампаж,462,винная от @provinco на Ленина 80 время открывать 🤍🖤  Мы работаем ежедневно с 9:00 до 22:00
tour_bourgogne_champagne,channel,Вилла Таис - Бургундия и Шампань,328,Туры под заказ по Бургундии и Шампани от Юрия и Ольги Праушкиных
chtotutpit,channel,Что тут пить!?,478,"Канал Антона Запольского про хорошее настроение, вино и гедонизм!"
alavolee,channel,À LA VOLÉE RWC,299,"À la volée RWC. Селекция и дистрибьюция авторской Шампани с 2019 года.   Wine Bureau RWC. Производители новой волны, знаковые виноделы за пределами Шампани и артизанальный крепкий алкоголь.  Для более подробной информации  пишите @everydaychampagneday"
bes_kulturniy_provino,channel,Бес культурный про вино!,177,+18🍷 Очень просто про вино  и вокруг него.                                                Мнение редакции не обязательно совпадает с мнением автора.  #шампанское #бордель #аудио #юмор #история #порто
kentro_viniland,channel,КЕНТРО,130,"Алкобутик КЕНТРО  г. Краснодар, ул. Северная, 92  +7 909 463 09 05  @kentroboutique / WhatsApp  Чрезмерное употребление алкоголя вредит вашему здоровью."
valyawhataboutwine,channel,Валя! Какое вино взять?,102,"Погружаемся в мир вина, узнаем винные новости, пробуем тренды, учимся читать этикетки и постигать сложное легко. Добро пожаловать всем, кто давно хотел расширить свои горизонты 🍷"
winejumper,channel,winejumper,102,Дегустационные заметки и познавательная информация о вине
champagneup,channel,ШампанскоеМетр,21,@champupbot
latelierduvin_cis,channel,L’Atelier du Vin _ cis,10,Эксклюзивные винные аксессуары.  Официальный дистрибьютор https://addwine.ru/ share link @latelierduvin_cis
yuramtm,channel,Юра МТМ | Уооу OUT NOW 🏝,226,"Рэпер | Продюсер band.link/yuramtm СЕО @mko_mtm | @mtmeyesline   OUT NOW Toshi Toshi, Юра МТМ, Jacuzzikiller - Уооу band.link/ttmtmjkyooy  Организация выступлений / сотрудничество: +7 (900) 001-62-18 / info.mkomtm@gmail.com"
gdlckwssp,channel,504godluckwassup💀,158,
yarsklib,channel,Красноярская краевая молодежная библиотека📚,145,Библиотека для молодежи
yashachamp,channel,YASHA CHAMP,206,BRC
yungyamomoto,channel,yungyamomoto,136,sc: https://on.soundcloud.com/bjTMEPrbgBUOuYqY2l
sypsraib,channel,мама я блогер,102,пушын правит миром  юз:@pyshini
yohjicobainofficial,channel,yohjicobain,64,#GLSMusix / @d0y0ul0ve  MGMT: @ycbMGMT
vanyafuckingwhip,channel,VANYAWHIP,124,https://band.link/FGya4
jisatsumusic,channel,jisatsu.exe / джисатсу #сонный,238,"ww/ murasame, godmodskiy, centrlx   dm - @tune450 def - @clemgod, @xaicxo архив - @jisabeats обложки - @coverbylost бусти с ништяками - boosty.to/tin.guitar  mp3 - 1500 wav - 3000 trackout - 6000 ex - 14000"
ellss11wess,channel,ksuuu,95,я уже не знаю что тут писать 😭
ssgasline,channel,ssgas,69,
yungzendos164,channel,YUNG ZENDOS / 164,55,all social - https://band.link/164subtoyungzendos  sc - https://soundcloud.com/yungzendos  connect - @yungzendos
youngstown_ever,channel,YOUNGSTOWN,34,11
trynewshit,channel,stealyorbin,47,
yarsmirnovv,channel,YaSmirnov,9,
jnwnlve,channel,✧ YumiN’🇰🇷 ✧,596,я просто юминь  для связи @yuminnn1
yumie_chii,channel,Кто такая юмич и с чем её едят,47,🥮Пощу тут всякие картиночки  💮 Мыслю мысли и иногда что-то об этом пишу
liuyinitch,channel,蜜桃ヾDolce Liuyin ໒꒱,16,полу-информ по Люинь из группы Heart of woman! anon - @liuyinibot coop - @coopliuyin
ilovechihirosoomuch,channel,(´*⊕◡⊕*) ♡ 🍭🌺,1,
amazingorchid,channel,Чудесные орхидеи интернет-магазин,1350,Орхидеи всех видов и сортов по лучшим ценам. Прямые поставки из Азии и Европы. Отправки по всей России почтой и Сдэк  🌺Сайт: https://amazingorchid.ru/ 🌺Группа What’s s app https://chat.whatsapp.com/DuC5ybZBtyS3NzMC8HTtuS 🌺Telegram: https://t.me/+_6HMUfZBX
orchid_community,group,Laravel Orchid,637,Help and discussion of the Orchid administration package
orchid_stream,channel,Orchids - всё об орхидеях,56,"🌸 Добро пожаловать в мир орхидей! 🌿  Всем привет! 🌺 Наш канал — настоящий рай для любителей орхидей и тех, кто только начинает влюбляться в этот удивительный мир. Для связи: @dimstream"
orchidnail,channel,Каморка с орхидеями,96,
orchids_ogorod,channel,orchids_ogorod,20,"🌿Я Светлана, выращиваю 400 орхидей в квартире, делюсь опытом и красивыми фоточками! Сайт https://orchids-ogorod.clients.site"
fnorchid,channel,Форт Нокс Анимация Орхидея,829,
daedlyorchid,channel,Dead orchid society,287,t.me/HidenChat_Bot?start=1391084064
orchidmusicofficial,channel,ORCHID MUSIC OFFICIAL,798,Orchid’s Official Channel 🎶 (DejaVu Band)🎶
orhigid,channel,Orhigid,421,Сообщество любителей орхидей
officialorchidlabs,channel,Orchid Official Announcements,711,"Orchid is an EVM layer 2 payment solution and bandwidth marketplace that aims to provide the building blocks for a better, freer Internet. https://orchid.com/"
orchideeees,channel,𝑜𝑟𝑐ℎ𝑖𝑑𝑒𝑠.𝑡,245,anon: @orchides_bot Под проклятым небом в красные ночи мы были крещены любовью.
christianpsychology,channel,Психологія з Орхідеєю,739,✨Психолог з християнськими цінностями✨ Контакти для зв'язку: @Nathalie_Orchid Письменниця 💌 https://t.me/nathalieorchid
orchid_elf,channel,Orchid Elf,23,Владелец - @elf_with_orchids
medorchiddiscussion,group,Med Orchid discussion,14,
mantiqlab,channel,MantiqLab +,1024,"🧠 MantiqLab — intellektual bilim maydoni Zakovat o‘yinlari, mantiqiy quizlar va aqliy bellashuvlar! Bilim, tafakkur va mantiq   1.Taklif va murojaatlar uchun: @mantiqlab_admin 2.Hamkorlik va loyihalar uchun: @mamurjon_rustamov1"
mantri_mall_offiicial,channel,Mantrimall Official Channel,601,Official Registeration Link✨️ https://mantrishop.in/#/pages/person/register?r_code=183233   Official Timings ✨️ 👉09:30 AM 👉11:30 AM 👉01:30 PM 👉03:30 PM 👉04:30 PM 👉07:30 PM  Any Problem Contact - @SuperMan7775   Min Recharge 100✅  Min withdraw 230✅
mandalaveda,channel,Волшебные Мандалы и Джйотиш,438,✨Ведический астролог и арт-терапевт.  Консультирую более 5 лет ✨Онлайн и живые мастер-классы по созданию мандал ✨ Женские ретриты и поездки в места силы  ✅ Запись на консультацию: @Alehinamira  ✅ Заказать Мандалу: vk.com/market-224531374?section=album_3
blackmantratattoo,channel,Black Mantra • Тату студия,422,"🪄🖤 Тату и пирсинг в Москве  • Уютная атмосфера • Внимательный сервис • Сильная команда мастеров в разных стилях • Мини-кафе для гостей •  Запись и консультация ⬇️ @blackmantra_studio  📍м. Хорошевская/Полежаевская Хорошевское шоссе, 25А к.3, ЖК «Династи"
ne_matis,channel,НЕ МАТИС,165,Новостной канал по исполнителю Матис.   Для связи - @JohnniAvs
manti_photo,channel,Логово Манти,112,Тут хранятся только работы :3 ЛС : @MantiCat Группа ВК: https://vk.com/lair_manticat Ирл ТГК: https://t.me/lair_manticat
manntra_heathens,channel,Heathens Legion - Official Manntra Fan Club,98,"Dear friends, welcome to the channel of the Croatian folk metal band Manntra. Here you can find all the latest news about the band, official announcements, as well as fanclub news, fan promotions and much more. No fear!"
mantrigame_com_official,group,Mantrigame_com_official,750,Best earning platform in India ✅ Minimum recharge  ₹300 ✅ Minimum withdraw  ₹230  DAILY PROFITABLE PREDICTION TIME : 🕘.  09:30 AM 🕐.  11:30 AM 🕐.  01:30 PM 🕒.  03:30 PM 🕓.  04:30 PM 🕖.  07:30 PM https://mantrishop.in/#/pages/person/register?r_code=124504
mantiq_markazi,channel,Mantiq Markazi,91,📚Ilmiy ma'lumotlar  ⓂMantiqiy savollar 🔫Duel bahslari 🕤Tezkor savol-javoblar 🎭Tabga qarab tuz😉
dushnila_daily,channel,Душнила-менеджмент | Анастасия Кузина,147,"Анастасия Кузина | Стратегия • Право • Инвестиции  Бизнес-аналитик, правовед, основатель «Делфинъ»  Стратегические сессии, бизнес-модели, масштабирование, инвестиционные проекты  4,5+ млрд ₽ в проектах | 1 400+ предпринимателей"
st_dushnilovka2,channel,Станция Душниловка,144,Ну приехали..
alexabrsv,channel,Лексик душнит,195,
dyshniii,channel,Разврат и блядство Душниловны,67,Мяу:3
ynkliopi,channel,🚬Дыхание душнилы💨,33,"Здравия, чай-кофе?"
dumarketolog,channel,"Ульшина Маркетинг, как для себя",76,"Маркетолог-предприниматель. Подхожу к проектам, как к своим.  В блоге делюсь своим опытом и наблюдениями о продуктах и маркетинге для онлайн-школ и EdTech. Ex-Lead Skyeng&Skysmart  Мне просто спросить - @Daria_Ulshina"
vashesiyatelstvoo,channel,Ваше Сиятельство,113,"Общение, обсуждение, возмущение и прочее.."
dashini_zam,channel,дашины заметки | уральский эзотерический подпол,67,приходите – уходите   для связи: @dar_cov
bzz_ofvocation,channel,Душнила on vocation,73,
dyhovnajaa,channel,духовная нищанка | dyhovnajaa,75,살찐 돼지 ^ - ^  по всем вопросам писать в предложку канала
wh1t3_d4nn3l,channel,(Рест) Студия у Даннила🎩,43,"Итак. Привет! Я Даннил, делаю арты, видео, ЩП и т.д., надеюсь вам понравится! НСФВ канал - https://t.me/wh1t3_sillyNSFW Щитпост - https://t.me/shitpostdannilki"
dushabeauty,channel,Душевный канал,69,"Канал студии ресниц и бровей «ДУША» в городе Иваново.  Здесь вы найдёте всю актуальную информацию о ценах, услугах и нашем закулисье 📲запись онлайн https://bumpix.net/dushabeauty"
sillydumpling,channel,𝐑𝐨𝐧𝐧𝐢𝐞🐉,22,Что-то на китайском  Ну типа рисую и фоточки выкладываю🤏🏻
dantynails,channel,danty nails,14,записаться: @D3SKIV
ketaminejvvn,channel,KETAMINE,199,
sadismcult,channel,притон,329,
softest_paws,channel,𝒮 ̽͝ᥱׁܳρֽ̫ᥲ⁠⁠⁠ɸᥙ҃͢ⲙ֜ㅤ͝快♡゙゙,147,
kkiiiiikkiiiiiiiiiii,channel,基基(kiki),39,rrrrr
satukanscos,channel,Справжній персонаж,276,Живу життя
arthurevelynwaugh,channel,Somewhere Only We Know,392,"Вымышленный персонаж. Все события вымышлены, все совпадения случайны, рассказчик ненадёжный."
antonevsky,channel,"Антоха, ну ты Невский!",128,Юмористический персонаж 🤙
skverna_tat,channel,Skverna,303,"Вымышленный персонаж,все совпадения с реальными людьми и животными случайны  @skverna_tattoo"
voldemar_kotly_disney,channel,(НЕ)Диснеевский персонаж🌇,241,«Благороднейшее из искусств - делать других счастливыми» Ф. Т. Барнум
efromee,channel,ефромэ́,137,интернет персонаж йо
makar_sledopyt_umnov,channel,Макар Следопыт,311,"Найдем прекрасное в обыкновенном! Нюансы, казалось бы, и только… Еда, напиточки и кое чО ИщО! Локальный персонаж. 18+"
nurix_pm,channel,NURIX,99,dm: @xaxwnz
iamkuzmin,channel,Илья снимает,186,Записки фотографа Зарисовки петролхеда iamkuzmin.ru
iamyourdarknes,channel,I Am Your Darkness,98,
yamihoronit,channel,ями ями 🤍,171,вот бы здоровые колени
luamel_best,channel,๋🐫 luamel infrom 🌙,82,"the moon is rising ! вп — @Iuamel || анон — @luamel_anon_bot            〢 добро пожаловать в инфром по группе luamel,состоящей из 4-х участников  ┈ жанр песен — альтернативный рок  ┈ дебют — 5 октября 2018 года"
realtrueyim,channel,Yim Pharinyakorn,26,@mynameis_yim  йим - зере  анон @Trueyimsmsbot блен я @trueyim2608
imonlytrueian,channel,Cute.Ian,16,юни 🩶
iamyourspoiler,channel,iamyourspoiler,1,
ijaeminbot,bot,JAEMIN.,,
izumrudnoe_bo,channel,Изумрудное 🌲🌊 Парк-отель,1081,"🌿Отдых на Горьковском море 🌿Мероприятия любой сложности   📍 85 км. от Нижнего Новгорода 📍Офис: Московское шоссе, 4г  Сайт: https://izumrudnoe.ru/ Канал арт-группы: https://t.me/izumrudnoeart"
goroda_band,channel,GORODA,1126,https://music.yandex.com/artist/21246385?ref_id=5581CA56-E81C-43EE-95A2-5AFA07DC4311&utm_medium=copy_link
shefigoroda,channel,Шефы Города | Сервис доставки Омск,1065,"-25% на 1-й заказ по промокоду «НЯМ» на shefgorod.com  Доставка по всему Омску из ресторанов: Сенкевич, Pinzeria, Сибирской короны, Питера, Курочки Рядом, Love’Buns, Coffee Rooms  Принимаем заказы ежедневно с 11:00 до 22:30."
muzeigoroda,channel,Музей Города,515,"Владивосток, ул. Петра Великого, д.6 пн-вс 10:00-19:00 (касса до 18:30)  8-423-222-50-77"
ziznbezgoroda,channel,Жизнь без города. Дачная терапия.,337,"Канал посвящён жизни СНТ, где люди объединены любовью к природе, дачному отдыху и простым радостям загородной жизни."
hvatovka,channel,Моя деревенька❤ Хватовка,679,"с. Хватовка. Реальная жизнь посёлка🤗 А так же история, места, люди и события.  Прислать👇  @aleschka21"
helikon_tex_ru,channel,Helikon-Tex.ru,570,Helikon-Tex с доставкой в Россию. Весь ассортимент официального сайта в каталоге на русском языке. helikon-tex.ru
darinas20022,channel,РеброАдама,26396,"Волгоград  Женский канал - Beauty, Life, материнство.   По вопросам сотрудничества @pr_dariaR  По рекламе : @prmyshalovaaa Ркн : https://www.gosuslugi.ru/snet/67a494da01234b69882bd585    Мой пинтерест: https://pin.it/39MBiJjVn"
darinaaadf,channel,𝒟𝑎𝑟𝑖 𝑙𝑖𝑓𝑒,79,
anora_drakon_official,channel,Anora | 18+,312,"★ NSFW art, personal thoughts, sketches, off-topic and process ★ FA / Patreon / commissions — https://anoradrakon.carrd.co/"
darinaorobij1,channel,Darina Orobij,1104,
akiradai_kun,channel,Akira Dai-kun,99,Делюсь с вами творчеством и мыслями  ♡´･ᴗ･`♡ Автор канала: @Akiradaikun
delunnail,channel,DELUNNAI,506,"16+|Рисую по своему фд, Ninjago, Beyblade.  Анонимка: http://t.me/anonaskbot?start=hl7l4a7mwqo4dk5q Лс: @Delunnai"
sairqq,channel,Drakaina,393,@Drakoshkaanon_bot- анон https://t.me/boost/sairqq-буст
darinamirk,channel,Дарина Мирк,166,Редактирую свою первую книгу и показываю закулисье ствастваства🕰️ Делюсь впечатлениями о прочитанном и книжными новинками🎞️ Связь/сотрудничество/т.д: @darinaamirk Ютуб: https://youtube.com/@darinamirk?si=JFXGxDSvBkbLXpWt Литнет: https://litnet.com/ru/bo
zimina_darina,channel,🖤 Zimina d'Art 🤍,236,"По всем вопросам - @darina_zimina  👘 Аренда костюмов в особняке 19 века 🎨 Художник по костюмам/Дизайнер одежды 📽 Организую фото и видео съёмки в особняке 🪄 Создаю смыслы, образы и атмосферу  👉 https://ziminad.art/"
darinafox009,channel,Что хотел сказать автор? (!),274,"Рисунки всякие, прикольные  https://t.me/+A_81infJGBE0YWUy - щпканал  https://www.tiktok.com/@darina_fox?_t=ZP-8whw39zxMsQ&_r=1 - тик ток  @Darina_Fox009 - ЛС"
dnevnikdrakona,channel,Дневник Дракона,118,Я Наталия Ламаева @nataliialamaeva. Это мой личный дневник про  путь пробуждения.   Канал содержит информацию о продуктах и услугах автора.
lazaryane,channel,Lazarяне,230,
darinapanda,channel,Уголок Панды 🤍,152,I am—>B-girl Panda 🐼 Чемпионка НН области 🏆 И просто Чилл Girl
sliderboat,channel,Катера SLIDER Boat,230,"Производство стеклопластиковых катеров SLIDER (Россия, Тверская обл., г. Конаково)"
peopleboatmarket,channel,Market People&boats,2252,"Продажа и покупка - катер , яхта, навигация, расходники и запчасти."
ugo_travel,channel,ЯХТЫ И КАТЕРА UGO • Ростов,58,🛥️ Речные прогулки в Ростове 🔝 Безопасные и комфортные катера 🧑🏻‍✈️ Профессиональные капитаны 🌊 С нами не укачает 🏄🏻‍♂️ SUP-boarding  ✅ Бронирование на сайте ugotravel.ru или по телефону +7 903 402-77-75
bortnevaspb,channel,БортНева СПб — Аренда катера без капитана,55,Аренда катера с капитаном и без в Санкт-Петербурге.  Бронирование на сайте bortneva.ru  Горячая линия: +7-981-767-7707 Тг: t.me/bortnevaspb Вк: vk.com/bortnevaspb Сайт: bortneva.ru Инст: instagram.com/bortnevaspb Почта: Bortneva78@yandex.ru
viator_boats,channel,VIATOR-Boats 🚤 Алюминиевые катера,128,"🌊 Российский производитель алюминиевых катеров для семейного и активного отдыха, рыбалки, путешествий!  • Вопросы, покупка, обсуждения: WELCOME@VIATOR-BOATS.COM / t.me/+79171174445"
piternavode,channel,Питер на воде - вдохновляем открывать Петербург по-новому,276,Аренда катеров и яхт в Санкт Петербурге  По всем вопросам к @AleksandraPiter_navode
yachtforyou,channel,Аврора Яхтс,431,"Аренда катеров, яхт и теплоходов в Санкт-Петербурге.  ⚓️ Работаем с 2010 года ⚓️ Собственный флот, капитаны-профессионалы ⚓️ Индивидуальный сервис + доп.услуги премиум-класса  Когда важны комфорт, надёжность и стиль  📞 +7 812 214 91 61 | aurorayachts.ru"
arhipkalive,channel,Экскурсии Архипо-Осиповка,1001,"Официальный сайт Архипо-Осиповки в сфере досуга цены 2026 💙 Новости. Погода. Путешествия  💙 Блог ""С берега и моря Архипки"" 💙 Бронь экскурсий  Рыбалка Яхты Джиппинг Аренда катера Дайвинг Дельфины в Архипо-Осиповке"
trieraofficial,channel,Триера Официальная группа,477,Триера официальный чат
nobilisyachts,channel,Nobilis Yachts,526,Премиальные катера и яхты из Санкт-Петербурга.  Nobilis-marine.ru  +79218858220
kritersailinglegend,channel,Kriter,152,"In this channel you'll find information about the (restoration) history of the famous sailing yacht ""Kriter"" and the newest updates on her present journey (website: www.kriter.tv)"
vipflotru,channel,Аренда яхты | катера Спб Санкт-Петербург Питер 🛥️Аренда яхты Питер | прогулка на катере Спб| Тур на яхте,128,Аренда лучших яхт и катеров в Санкт-Петербурге напрямую от СОБСТВЕННИКА  1. 1498 клиентов в 2024 году  2. Подбор и бронь судна за 10 минут 3. Наш сайт https://vipflot.com 4. По всем вопросам @vipflot  #арендакатераспб #арендаяхтыспб #санктпетербург
aurora_yachts,channel,AURORA_MARINE_AGENCY,570,"Легендарные катера Jeanneau и яхты Prestige. Официальный дилер. Большой склад в Москве и Европе. Регулярные поставки. Гарантия, сервис, лизинг! Все о Merry Fisher Только здесь!"
katersura,channel,Прогулки по Суре⛵️,66,⛵️ Katersura.ru 🎈Дни рождения  🎉 Праздник и корпоративы ☎️ +7 (987) 516-90-00 (WhatsApp)
dock622622,channel,инфоканал Причал 622,281,"#катера, #отдых_на_воде, #аренда_катера www.причал622.рф"
skipper_stories,channel,Записки начинающего шкипера,135,"Истории с обучения и из чартеров от @katenokp Формат: длинные истории, что-то вроде дневника Оглавление тут https://t.me/skipper_stories/269"
katergans,channel,Катер ГАНС,73,Все про Катер Ганс  Заявление в роскомнадзор  пока рано)
mps_auto,channel,MPS AUTO,500,"✅MPS AUTO - ваш проводник в мир транспорта. Мы привозим любые автомобили, катера и технику BRP под ключ: от выбора и оформления до логистики и доставки. Также многое уже в наличии  Сайт: https://mps-parts-club.ru Написать: https://t.me/mps_auto1"
yachts_moscow,channel,Аренда яхты в Москве,45,"Аренда яхты в Москве — ваш гид по водной роскоши столицы! https://arenda-kater.com/city/moscow  У нас лучшие яхты, катера и теплоходы для прогулок, вечеринок и праздников. Бронируйте напрямую без посредников."
yacht_community,group,YACHT COMMUNITY🇹🇷,1099,"Чат для взаимодействия яхтсменов💬   •Круизы  на яхте в Турции  •Продажа яхт  •Лицензия капитана  •Паспорт моряка  •ВНЖ Турция 🇹🇷  Пишите нам в @yacht23_ru👈🏻 По вопросам рекламы, пишите администраторам канала $✅"
ymagmedia,channel,Яхтинг и стиль жизни от ведущего российского журнала Y Magazine 🌊,1037,"✨️ Канал для тех, кто интересуется роскошными яхтами и всем тем, что наполняет жизнь успешных людей. Мы общаемся с лучшими специалистами в области судостроения, владельцами яхт, брокерами, путешественниками, экспертами рынка премиальных товаров и услуг."
yacht_phuket_thailand,channel,Аренда яхты на Пхукете,41,"⛵ Широкий выбор яхт 🌴 Эксклюзивные программы 🔔 Первоклассный сервис 📱 Whatsapp, Telegram +66624845395 🔗 Каталог яхт: https://phuketclub.ru/yacht/ Бронирование: @Phuket_club"
sportyacht,channel,Яхтинг в Санкт-Петербурге SportYachts,342,"⛵школа яхтинга ⛵прокат яхт ⛵прогулки  ⛵дни рождения и праздники на яхтах Бронирование по телефону, WhatsApp +79213963160 @marinayachting"
sportflot_channel,channel,Sportflot: новости,611,"Официальный информационный канал SportFlot.  ⛵️Приходите тренироваться, учиться управлять яхтой и просто весело проводить время!  ✍🏻 Задать вопросы, записаться, оформить подарочный сертификат или заявку на корпортативное мероприятие: @sportflot_admin"
ryacspb,channel,Санкт-Петербургский Речной яхт-клуб,661,"Санкт-Петербургский Речной яхт-клуб, старейший из ныне существующих в России. Основан в 1860 году.  https://vk.com/roospbryc 📩 info@spbryc.ru  Обратная связь: @ekaterina_ami"
dreamyachtcharterru,channel,Dream Yacht Charter Russia,415,"Российское представительство Глобальной чартерной компании Dream Yacht Charter. 60+ акваторий по всему миру, 1000+ яхт и парусных катамаранов.  Здесь будут самые актуальные предложения, анонсы встреч и мероприятий"
qt_rus,channel,Ассоциация Флота Четвертьтонников,429,"Канал создан для спортсменов, принимающих участие в соревнованиях на яхтах класса четвертьтонник. Здесь публикуется информация о регатах, результаты и т.д."
yacht_phuket1,channel,Аренда Яхты на Пхукете ⛵️,135,Аренда Яхт на Пхукете https://t.me/transfer_operator
showmatrixteam,channel,𝗧𝗲𝗮𝗺 𝗦𝗵𝗼𝘄 𝗠𝗮𝘁𝗿𝗶𝘅,104,Please protect this channel @durov & @telegram This channel is used for my personal testimony and does not contain any personal data of anyone.  Founder : @ZeroPribb
fizz_usa,channel,FIZZ || INFORMASI🕳️,96,⚠️ Peringatan: Banyak pengguna melaporkan bahwa akun ini meniru identitas tokoh atau organisasi terkenal.
justgartesti,channel,Shop Garzzy 🛒,14,selalu amanah boyyyy ch testi @gartesti
marineyru,channel,MARINEY|МЕБЕЛЬ|КРАСНОЯРСК,811,
barich_music,channel,BaRichMusic🎵,27,
chizmachilik01,group,ArxitekturA| Chizmachilik Grupasi,9,●▬▬▬▬๑۩🏗️۩๑▬▬▬▬●    ⛓️  ✯Welcome to our group✯ ⛓ ✫ Abutirentlar va talabalar grp✫ ⛓➪ 𝙶𝚁 Sana_19.08.2019 YiL ⛓➢ Reklamachilar ✈ ⛓➢ lichka soʻroqsiz oʻtganlar✈︎ ⛓➢ Kanalimiz @chizmachilik001 ●▬▬▬▬๑۩🗽۩๑▬▬▬▬●  15.08.2024 yopildi gr
roerich_museum,channel,Музей-институт семьи Рерихов,620,"Официальный канал Санкт-Петербургского государственного бюджетного учреждения культуры «Музей-институт семьи Рерихов». Наш сайт https://roerich.spb.ru, наша группа ВКонтакте vk.com/roerich Телефоны для справок: (812) 327-35-06; (812) 325-44-13"
murich_ch,channel,murich,48,Бубубуб бебебеб Оч люблю своих осов тт
mushikcham_meni,channel,𝑴𝒖𝒔𝒉𝒖𝒌𝒄𝒉𝒂𝒎 𝒎𝒆𝒏𝒊 🐈🤍,23,• Цель 1к🩷 • Utvolamiza👉
tttimpat,channel,Патав воитель (сливной),321,
totsamiy_slon_live,channel,Тот самый СЛОН,403,Китайский чай
lamrok_69,channel,Кладовая Lamrok [ РЕСТ ],233,
misticvselennaya,channel,"Познание тела, души и духа ✨",131,"✨Осознанность - это позволение. Ты позволяешь Себе слышать, видеть, чувствовать... 🧘‍♂️🧘‍♀️   Ссылка на чат: https://t.me/chatpoznanie"
trofei_siberia38,channel,Трофеи Сибири,243,"🏹 Трофейная охота | 🐗 Добыча зверя | 🌲 Отдых в Сибири Канал строго 18+ Остров Подъеланский — полувольное охотничье хозяйство ✔ Легальная охота круглый год  ✔ Полный сервис и комфорт ✔ Трофеи, о которых мечтает каждый охотник ^ канал содержит товары и услу"
metod_bez_bashni,channel,Методист без башни [из слоновой кости],220,Управление знаниями в социальной сфере
iivorytower,channel,башня из слоновой кости,197,улыбка разочарования
slonlayki,channel,слоновий канал влада а4,57,"🐘слоновий канал влада а4🐘  ℹ️Инфа по каналу, чату и тдℹ️: https://t.me/slonlayki/3  🌚ИТД канал🌚: https://t.me/slonlayki/12787  🖼Аватарка от @neachotak🖼"
art_by_vopilovskaia1,channel,Art by Vopilovskaia,140,"Вопиловская Светлана, художник антропоморфных животных, рисующий в традиционной технике Заказы открыты (прайс в вк) Вк: https://vk.com/club219916418"
moyashizza,channel,Башня из слоновой кости,74,Ты ответь на такой вопрос мне: Может ли творец жить в башне из слоновой кости?
pvsunych,channel,Ясен SUNыч,27,ЖизнеопиSUNие @VladiMIRSUNych
xdragons_lair,channel,𝒟𝑟𝑎𝑔𝑜𝑛'𝑠 𝔏𝑎𝑖𝑟. | ⚔️,19,Д᧐δρ᧐ ᥰ᧐жᥲ᧘᧐ʙᥲᴛь ʙ ʍ᧐ю дρᥲκ᧐нью ᥰᥱщᥱρу д᧐ρ᧐ᴦ᧐ᥔ дρуᴦ. ✦˙⊹   В᧘ᥲдᥱ᧘ᥱц – @CryssQllar
moskovskiikonzavod,channel,Живой уголок,6,
bonbulionn,channel,BONBULION Костный бульон НН,698,"Суперфуд для тех, кому некогда болеть, стареть и готовить  🔅Наш вклад в ваше здоровье  🔅Сварим и доставим вам по Н.Новгороду и Нижегородской области   📱Заказ на сайте bonbulion.ru или по телефону:   +7 930 291 00 10 Лариса"
sweetbones_polochka,channel,Милые кости НАЛИЧИЕ И ЗАКАЗ,65,"Витрина украшений, которые сейчас доступны для заказа  ДЛЯ ПОКУПКИ ИЛИ ПО ЛЮБЫМ ВОПРОСАМ ПИШИТЕ В ЛИЧКУ КАНАЛА"
freeman_invest,channel,Фримен про маркетинг 🔥,1135,"Авторский канал Кости Фримена 🤟 Про деньги, бизнес, маркетинг и жизнь. Автор: @k_freeman"
ivogel_chat,group,IVOGEL CHAT,2173,🔱 The Best Tokenized Sponser of Birds 🔱  🐦 24-Hour Support 🐦  🟥 TELEGRAM CHANNEL: @IVOGEL_FINANCE  🟧 WEBSITE : http://ivogel-finance.com  🟨 TWITTER : https://twitter.com/ivg_finance
imockupschat,group,iMockups Chat,1423,Glad to see you! This is the chat of the @imockups channel! Here we discuss and share mockups. We also discuss various topics about design. Join us!
yysgchat,group,油油资源chat,2139,频道   @youyousharechannel 私信   @youyoushare_bot
allaboutzoeee,channel,Romely Rose,221,BLUE SOUL
ico_echat,group,e-Chat ICO,238,ICO has already finished: https://goo.gl/Q7FJYX  Alpha version: AppStore: https://goo.gl/s8hd17 Google Play: https://goo.gl/Y9qMwR Follow the news: Facebook - https://goo.gl/AeEoVU Instagram - https://goo.gl/djYwmm Twitter - https://goo.gl/U1JwtZ
hotminingruchat,group,VO$HOT CHAT,424,
itdog_chat,group,IT Dog | Chat,124,"❤️НОВЫЙ ЧАТ ✅Разблокировка только тут: @unlock_sss ❗️Реклама в чате платная, писать @unlock_sss ❗️Спам, оскарбления—бан."
ivorynight,channel,ivory,35,•  • W
aveglassheart,channel,Аве Стекляш,102,dm - @dajeneblizko
unicochat,group,UnicoChat,144,Правила чата — /rules  Владелец — @DisenchantmentL
illbeyourvida,channel,no¡d,154,風を受け自分追い越すのさ
chatvegan,group,Веган чат 🍏,70,"Чат канала ""Типичный веган🍏"" @i_vegan  Чат для этичных веганов и об этичном веганстве. Мы приветствуем заинтересованность и поиск информации невеганами, но баним за откровенные провокации и троллинг."
vegavoicelol,channel,Vega voice,87,по поводу сотрудничества: @mlfyesss
lufybaldass,channel,His name is Луфи,41,https://t.me/zarmil - мать
zwezdy_avrory_chat,group,Звёзды Авроры Chat,17,
icodragondev_chat,group,dragon.dev✖️chat,44,public: @icodragondev
zayats_probezhal,channel,Zayats_probezhal,54,"Еще один канальчик еще одного зайца Если в личку, то paperandcoffee"
ofanorel4242,group,Чат ашашыча🍐🍐🍐,23,Гарант - @ponchiktipopon
hiveruu,channel,Hiveru,23,Над названием ещё подумаю
ichiigo_4,channel,Silly Ichigo,11,"~ здравствуй, путник ~ 🏳️‍🌈добро пожаловать в яойный чатИк🏳️‍🌈 тут тебя ждёт общении, веселье и яойчик конечно же🌚 правила: Можн присылать 18+ картинки  Можно матерится Нужно не уважать друг друга и ругаться  Можно присылать кровяку=')"
m_lknva,group,ivara bral's chat,9,
irishfurrieschat,group,Irishfurries - Lobby,11,Welcome and thanks for your interest in Irishfurries!  A moderator has been notified of you joining this chat and will respond shortly. Please be patient especially during evening and weekends.  Welcome again!
n6ohexyn,channel,N6oHeXYN,8,
gossipbyitgirl_bot,bot,"𝚡𝚘𝚡𝚘, 𝚐𝚘𝚜𝚜𝚒𝚙 𝚐𝚒𝚛𝚕",,"тут вы можете анонимно написать мне ваше сообщение < 3   xoxo, 4th gen it-girl 💋 ⋆˙⟡"
itts23,channel,-𝟮𝟯,1,...:)
moexhare2bot,bot,Зайцы обратная связь,,
iiildlli,channel,cat .,,ل عقيل .
soopark2023dnr,channel,"Зоопарк в селе Придорожное,ДНР",4054,
lesnayskazka,channel,Сергей Писарев. Барнаульский зоопарк,897,Все о зоопарке. О животном мире. О нас с вами. О хорошем настроении.
insectmuseum,channel,Insect__museum,1020,НАШ СЕКРЕТНЫЙ ЧАТ  Музей насекомых в Пятигорске! Проспект Кирова 18 С 9:00-20:00 ( последний заход в 19:30)  БЕЗ ПЕРЕРЫВОВ. БЕЗ ВЫХОДНЫХ  Взрослые -500₽  Школьники. Студенты. Пенсионеры - 400₽  Дошкольники - 300₽  Детки до трех лет БЕСПЛАТНО
domprirodi,channel,Будни директора зоопарка,222,"Дом природы, Иркутск, Байкальская 54"
moscowzooacademy,channel,Академия Московского зоопарка,706,"Лекции, семинары и тренинги для профессионалов  +7 903 138-09-89 academy@moscowzoo.ru http://www.moscowzoo.academy/"
netolkoprimaty,channel,Не только Приматы🐒,312,Приматы Ленинградского зоопарка и не только
lsp6669,channel,AV日本麻豆韩国,34931,👉【财神导航广告合作】 @TGW457 👉【广告合作详情联系】 @TGW456  ✅财神资讯 全面型新闻曝光福利频道，全网最新最快最全行业资讯  🔔东南亚新闻： @bc6664 🔔热点新闻曝光： @RDXWBG 🔔日本麻豆AV韩国 ： @LSP6669 🔔（日本麻豆无码）： @yzxinwen1 🔔麻豆传媒映画： @LSP66698 🔔博彩交流中心： @TG2189 🔔吃瓜搞笑视频： @DYWHww 🔔投稿机器人：  @HQRSXWbot 🔔广告联系群主  @uu401
japan525,channel,日本🇯🇵デリヘル大阪東京小姐の情報,1370,経営：東京.大阪  デリヘル18歳未満は閲覧禁止 https://c.gleezy.top/civAH4cX
jpav37,channel,Japanese🇯🇵日本AV女優SEX,2808,成年の世界を開く
japoniyacloth,channel,JaponiyaClo,781,строго оригинал‼️  выкуп со всех мировых площадок   отзывы: t.me/japonskiyOtziv  Связь/покупка:  @Japonecsenya   @hbdslime19
japkenkyu_sinbun,channel,Новости для учёных-японистов,1373,
simayxke,channel,simayxke ⋆,101,𑣲⋆ here for my diva simay barlas🤍 люблю симай
koya_mitzuko4100,channel,♡ °̩̥˚̩̩̥͙°̩̥ ·͙*̩̩͙˚̩̥̩̥*̩̩̥͙КОЯ*̩̩̥͙˚̩̥̩̥*̩̩͙‧͙ °̩̥˚̩̩̥͙°̩̥ ♡,206,
nsfw_femdoyshiza,channel,Гейская шиза | NSFW 🏳️‍🌈🔞,151,Порно кАНАЛЬЧИК с гейчиками  Основной канал: https://t.me/shiza_femboya22
sylvielokishi,channel,сильвия и её локиши,42,Предыдущие названия: билли и её айлиши
soso4ka0035,channel,035,38,тупость и глупость в абсолюте
shizatargema,channel,ShiZzaa Kaise 🔹🟦🔵🫐,6,
simolia,channel,𝚂𝚒𝚖𝚘𝚕𝚊❥︎,1,خانه ام ابریست اما در خیال روزهای روشنم...  👤#نیما_یوشیج  بیو، کپشن، والپیپر هرچی‌میخای هستش🚶‍♀️💜 بله اینجوریاس سیمولیای عزیز🙂💜
cursoapometria,channel,CursoApometria,1735,Telegram do www.CursoApometria.com | Robson Araújo
lemedicinafutura,channel,Le Medicina Futura 🫀,1680,"Здесь живу я и любовь к медицине  Или будни хирурга-онколога ❗️⚠️Связь- через сообщения канала  inst: doc_chebotkov !Все медицинские случаи и кейсы являются выдумкой, все совпадения случайны. Фотографии сгенерированы нейросетями или найдены в интернете"
nebomum,channel,7nebomum Одежда для беременных,485,"Магазин для беременных и кормящих мам, товары для новорожденных  https://taplink.cc/7nebomum.ru Сделать заказ и адреса магазинов Отправка сдэком и почтой Проконсультируем, сделаем видеообзор по запросу"
geometria_sada,channel,Студия Геометрия сада,116,"💫Тут публикуется только полезный контент, который вы можете применять у себя на участках. 💜Все скидки и специальные предложения публикую здесь)"
sacrageometria,channel,Сакральная Геометрия | Циркуль Мага,44,"▪️где линии становятся заклинаниями ▪️практики, лекции и ритуалы - магия с научным подходом ▪️рисуем реальность по чертежам Богов"
volosevich_vibe,channel,Даша Волосевич,5578,Тг канал Даши Волосевич Сотрудничество volosevich@didenok.com
vsegdanevasha,channel,"Всегда (не) ваша, Даша",3294,
munchkinmanchkin,channel,🏠 МАНИЧ! | Даша Полнодомова,3734,ИНФА ПРО СЕТТИНГ!! :333 http://harwardsfullhouse.carrd.co/  Домик некой Даши Манич! ВК:  https://vk.com/munchkinmanchkin Тамблер: https://www.tumblr.com/dashamanych Ютуб:  https://youtube.com/@manchkin   Попрошу не шкодничать и не обижать друг друга
goroskopotdashi,channel,Гороскоп от Даши Зигельман,1830,Привет. Меня зовут Даша.  Добро пожаловать на мой канал.  Здесь я публикую гороскопы каждое утро. Подписывайся!  https://t.me/joinchat/AAAAAETcUN45R6hllmXddg  По вопросам @Kate_Katenok
dashakarpina,channel,Dasha Karpina,1103,"Официальный ТГ канал Даши Карпиной - певицы, ведущей и супруги Валерия Карпина."
artintensity,channel,artintensity,1804,"об искусстве в мире   канал Даши Горшковой, художницы и экс-редактора Vogue и Buro24/7   по всем вопросам — @dashagorshkova also @wildopenspaces  💌 dashagorshkova1@gmail.com"
lika_kitrish_showroom,channel,LIKA KITRISH SHOWROOM,409,"Шоурум женской одежды LIKA KITRISH  💛 Бесплатный шоппинг со стилистом 📦 Быстрая доставка по России  Наш адрес: г. Москва Ул. Автозаводская 23б к2  Работаем без выходных, с 12 до 21 Связаться в личку @likakitrish"
lilythings67,channel,𝐋𝐢𝐥𝐲 𝐓𝐡𝐢𝐧𝐠𝐬 ୨୧ ⋆｡˚ ♡,470,အလှလေးတွေအကုန်ရှိမယ်🥹🩷 @Lilythingsz ဒီမှာမှာလို့ရ https://www.facebook.com/share/1CkDp9GoDm/
truthbooksocial,group,TruthBook.Social,1186,"Let’s leave Screwtube, Instasham and FakeBook behind, and destroy the Globalists Great Reset Totalitarian Agenda,by being in truth and sharing the truth, censor free. Www.truthbook.social"
al_kiitabb,channel,книги | الكتب,299,
fishminingmaster,channel,М🅰️СТЕР,1428,FREE STARS https://t.me/masterfreechat (Чат)
phi0wwr,channel,фили́стер,844,"Necesito más, de lo que me das Caliente es tu amor, caliente es tu amor"
masterfreechat,group,ОБСУЖДЕНИЕ М🅰️СТЕР Д🅾️БЫЧИ,193,"БЕСПЛАТНЫЕ КОНКУРСЫ У НАС ПРЯМО В ЧАТЕ, СМОТРИТЕ В ЗАКРЕПЕ.  🧸NFT🧸⭐STARS⭐"
officiallusterminho,channel,Luster Minho #THIS&THAT,147,🤍 ; « Ла́стер Минхо » Own Настя 🐰 ; @LusterMinho_bot Lee Know – Global amabasador of Gucci
hao257_ttyx1,channel,领英上的博彩平台支持人民币充值公司有哪些,12,
anya_frantsuzova_taro,channel,Очаг Памяти Души| Аня Французова,202,Через карты — к ясности и верному пути  Анна Французова  🔮 6 лет в практике Таро 🤍 5 лет помогаю выбирать без страха и сомнений  Запись на расклад 👉🏼 @AnyaFrantsuzova
akebono27,channel,Асахи Авто,937,🚗🏍️ АСАХИ АВТО Авто и мототехника под ключ 🇯🇵 🇨🇳 🇰🇷 Япония | Китай | Корея 📦 Под заказ и в наличии ⏱️ Срок привоза: 3–4 недели 📞 +7 (914) 159-14-22 📞 +7 (924) 211-77-76
myasiacar_mac,channel,"MyAsiaCar- Заказ авто из Китая, Кореи и Японии🇹🇷🇰🇷🇯🇵",745,"🚗 Автомобили из Китая и Кореи «под ключ» – честные цены и профессиональный подход! 🚗    Хотите автомобиль в отличном состоянии по цене на 30-50% ниже, чем у перекупщиков? Мы возьмем на себя весь процесс: от поиска до доставки!"
jkcargrup,channel,JK CAR Авто из Кореи🇰🇷 под ключ,220,"Приветствуем!  На связи JKCAR Привезем любой автомобиль под заказ из Южной Кореи.  На канале мы выкладываем купленные автомобили, рабочие будни, обзоры автомобилей  Связь с нами: Telegram: @JKCARBOT WhatsApp: +7 924 414 7676 Сайт: https://jkcars.ru"
ejsk_transport,channel,Ейск Транспорт,336,Телеграм Доска Объявлений
asiancar,channel,Asiancar,84,Автомобили из Японии🇯🇵Кореи🇰🇷США🇺🇸 Доставка в РФ от 21 дня Оставьте заявку💬 https://goo.su/PIZJwA 📲 +7(950)29-516-29
encarnews,channel,ЭНКАР ФЭМИЛИ l АВТО ПОД ЗАКАЗ,142,
jpcar70,channel,Jpcar70,70,🇯🇵Чистокровные японцы без пробега по РФ.  🇯🇵Покупаем сами на аукционах и ни кому не доверяем. 🇯🇵привезём под заказ за свой счёт 🇯🇵Trade-in  🔴Полировка
samauto163,channel,🏎 САМ АВТО | АВТО в НАЛИЧИИ из США • КАНАДЫ • КИТАЯ • ЕВРОПЫ | Samara 🏁,647,"Автосалон СамАвто рад приветствовать всех, кто ищет надежный и выгодный способ купить автомобиль своей мечты. Мы предлагаем широкий выбор новых машин из разных стран мира по доступным ценам. https://vsv163.ru/"
slounecarton,channel,картон слоуни,59,"helloo | тут про картон, айдл и just me |"
cartoncartochkiyra,channel,〃distraction with Ori〃(⁠つ⁠ˆ⁠Д⁠ˆ⁠)⁠つ⁠｡⁠✨,79,Здесь люблю кпопу
cartonwithkee,channel,🔒(ne)влог картонщика🪼,158,house of card's 🏖️  🐠ᴄᴏllᴇᴄᴛing: ᴄhᴀᴇryᴇᴏng| ᴋᴇᴇhᴏ| inᴛᴀᴋ  owner : @weknowleeknow1 💙  архив 📁 @keehon_archive  анон 🫧 @keehon_bot
liana_cat,channel,*_Lián_•,85,Мой тгк по картону!  Собираю:  Wonhee (illit) Sunoo (Enhypen)  Лс- @Gav_wenter  •Тт-https://www.tiktok.com/@liana_cat67?_r=1&_t=ZT-97ivv4h254Y  •Инст.-https://www.instagram.com/lina_wonhee?igsh=MWlyZGZrdm5sc2o1NQ%3D%3D&utm_source=qr
kartonkagallery,channel,Картонка Gallery,114,Передвижная галерея из картона Красноярск Для связи @stopmotionbaby
gghosttikk,channel,ghost bunny club,132,коллекция к-поп картона Гост Банни.  where the heck is Ghostik?! @gghostbunny канон с @yujunakari
nfsmwcall,channel,Клуб хейта Most Wanted,174,Группа просвещённая хейту Nfs Most Wanted и восхвалению остальных частей кроме картона и ноу лимтс сука ненавижу блять твари.  Чат: https://t.me/+sX3oSw_A6Y0zN2Yy Правила чата: https://telegra.ph/Pravila-chata-hejt-MW-11-24
monika_kartonika,channel,🌸 Моніка-Картоніка{🌸}🍀motto,53,"Привітулі,ти потрапив в мій канал  Тут багато розіграшів тому приєднуйтеся  Зв'язок зі мною: @nikuxcz"
rinabookrave,channel,книжная картона,85,по поводу сотрудничества: @rinarave инфо: https://t.me/infokatr1nabooks
mantranakarton,channel,Мантра на картон🪷🧎‍♀️,34,"Хэй! Это Blumi  🪼 Здесь будет очень много контента про картон и мои покупочки 🐡 Группы которы я стеню :TxT,p1harmony,Yena,new jeans,Aespa,QWER,le sserafim,CORTIS,UNCHILD Ссылка на актуальный виш : https://t.me/wwwbumi"
krtngrtz,channel,картон и огурец,36,
ztwarts,channel,✨ZTW arts ✨,145,⚠️ Важная информация в закрепе! ⚠️Important info in pinned messages  Rating: 18+ | 🤬🔞🩸GORE  artist: @ZhekaTheWolf  🔗 https://hipolink.me/zhekathewolf  🌐 https://sites.google.com/view/zhekathewolf/
creepypastas,channel,Creepypastas,227,Canal oficial. ¿Quieres unirte al chat? @CreepypastasCHAT
chizupan,channel,CHIZU PAN,118,Мультифандомщица👀
truetseupa,channel,цып цыпа,303,@Tseupka_bot - Джи Goal - 350
misosh01,channel,white bat,117,I woke up with my throat cut заказ: @k4shenk0
ipohescortck,channel,Ipoh Escort Ck,100,"Quality Local Girl & Escort Girl  Incall Outcall Overnight Kl, PJ, subang, penang   ⏰Working time : 1pm - 3am 服务范围(吉隆坡KL/槟城penang/怡宝 ipoh）  Localfreelancegirl01.net  预约拨打☎booking +60182417139  +60168023219 +60108638101  全马地区外送Out Call/酒店上门/过夜/overnight"
ipohgirl666,channel,Ipoh Freelance Girl,98,
chickengunfacts,channel,⚡Chicken Gun Facts and Interesting News 🗞️,84,Новостной канал по Чикен Гану! Здесь будут интересные новости и факты!  Бот: @chf_robot
sleeppyyhah,channel,sleeppyy,53,sc https://soundcloud.com/onhochetcpat Dm- @LudvigVtoroy
ipohescort69,channel,📲Join 📍IPOH 🏩Channel👉👌💦,21,
abandonedvance,channel,Vance's Place (SFW/NSFW)🍂,35,
mistyfeathrs,channel,Pearl Gallery 🐚,18,
cripisaken_syka,channel,• [༒] ᴋᴩиᴨиᴨᴀᴄᴛᴀ и ɸоᴩᴄᴀᴋᴇн ¹⁴⁺,10,"[༒] — не знакомлюсь, есть парень:>"
pyrpyr3212,channel,Щ-пешка пырпыра,11,Новый щп канал:-)
cipachipart,channel,Cipachipa art❕,10,"Прайс в закрепе!!) принимаю заказы, арты, скетчи, комишки, продаю адопты!)🤍 по поводу заказа лс: @Violetta10121"
x_ch_p,channel,x_ch_p,2,
japanesekittensleeping,channel,Халупа шнурка/щп,11,"Мой щитпостник, выкладываю всякую чухню  Основ тгк: @KuroDante  🌃🐾"
jopappapap,channel,переходники на разные канальчики рины,2,
podelki_na_vse_prazdniki,channel,Поделки на все праздники !2 апреля Пасха Раскраски Учителю для школы сада,793,Все материалы для Нового года -для педагогов и родителей
teatrdetyam,channel,Театральная мышь. Kids.,3670,"Спектакли, мастер-классы, поделки и события для детей 🎨 Со скидками и бесплатно. Билеты: @teatralmouse_bot  ✔️по рекламе @safirina96 или @lapshina93"
mpodelkin,channel,Мастер Поделкин | Выездные мастер-классы,186,Для заказа мастер-класса пишите: @masterpodelkin  Мы проводим выездные мастер-классы на мероприятиях  Делимся секретами творчества и хорошего настроения ⭐️
crafts_for_kids_chat,group,Чат о поделках,165,"Чат канала @crafts_for_kids. Тут мы беседуем на тему детских поделок, различных техник рукоделия, общаемся с взаимной пользой 😊   Самореклама без согласования ведет к удалению из чата.❌  Но презентация своих рукодельных  шедевров - приветствуется!🤗"
typical_zetnik,channel,Типичный Zетник🔻,966,"Строго 18+ Новости, мнение админа и финки нквд  Подписаться на другие мои каналы👇  @war_memez Мемы на военную и милитари тематику  @privat_memes Просто мемы на любой вкус"
relojob,channel,Relojob - релокация для IT-специалистов,250,Самые актаульные вакансии с релокацией по всему миру для IT специалистов.
notesiberia,channel,Дневник Сайберии,7067,
daria_guidespb,channel,"Экскурсии, туры, мероприятия/Спб",1154,"Дарья Шохина, аспирант культурологии, лектор. Провела экскурсии С. Семак, А. Лебедеву, А. Волочковой, А. Самбурской, Наине Ельциной, более 4000 экскурсий, 10 лет опыта. Читаю лекции, делаю атмосферные туры на Валдай🔔  Номер Аттестата Гида Т027-01367-78/01"
pinsiberia,channel,pinsiberia,1416,"hello, I’m your love minister   http://instagram.com/pinsiberia  message me: @polinapinsiberia"
hivo_xi,channel,صدقة جارية لـ HIVO 🤍,123,🤍 صدقة جارية لمحمد.  اللهم اجعل كل ما يُنشر في هذه القناة، وكل خيرٍ يصل من خلالها، في ميزان حسنات محمد، ونوِّر بها قبره، وارفع بها درجته، واجعلها نورًا له يوم يلقاك.
atharrraa,channel,_أَثر,28,الحمدلله🤍
kate_files,channel,катины файлы,54,форма присутствия  записки на полях жизни
millenialindacity,channel,Катины душноты,175,"Слегка душный личный дневник. О путешествиях, литературе, театре и других способах добыть серотонин и дофамин"
kataleya_art,channel,АКВАРЕЛЬНАЯ ЖИВОПИСЬ | Художник Ольга Матюнина,173,"Мастер-классы и уроки рисования от профессионального художника Ольги Матюниной (@Olga_artty).  Регистрация на МК https://olga-matyunina.com/draw_online  Онлайн-курс ""Цветы и Коты"" https://olga-matyunina.com/flowers_cats"
katrinblinklass,channel,катрин!,100,щитпост моей жизни
taleswithkatya,channel,Катины рассказы,80,Личный дневник дерзкой особы
katrinka_family,channel,Климова Катрин,44,
roh_words,channel,لِــــ روح,198,"هُنا تكتب ""روح"" ما لم يُقال يومًا وما شعر به القلب مرارًا"
maaloof,channel,مألوف,64,و قسم به رخنه شوق در هنگامه اشک که آرزو ها، آرزو نمی مانند :))
jhgzkbfexmkxmjbi,channel,Лучше и не скажешь⚡️,177,"Смотрим на жизнь с улыбкой: 📌Смешные, 💥Остроумные, 🥊Дерзкие, Цитаты гениальных писателей и артистов.  Вопросы/сотрудничество: @JaAliina"
sonyacore22,channel,сонякоре🍋,123,"я ребёнок темного ультрамарина  добрый человек, хотя так сразу и не скажешь  щп: педики, пьянки, гулянки"
majaalisdhikr,channel,🎙️Majaalis Dhikr,3573,🎙️ Majaalis Dhikr 🖋️  📻 Radio : http://mixlr.com/majaalis-dhikr  💻 https://youtube.com/@majaalisdhikr?si=ebCOwXR7_mtq69T1  🖋️ Contact : Majaalisdhikr1@gmail.com
majalepadeshahi,channel,☼𓃬 مجله پادشاهی,3177,مجله پادشاهی یک رسانه اینترنتی و تخصصی  برای پادشاهی خواهان است که به اندیشه تاریخ و حواشی پادشاهی در ایران و جهان خواهد پرداخت  در کنار مطالب تخصصی مطالب متنوع دیگری نیز خواهیم داشت  ما را به دوستان خود معرفی کنید
yogurtmaf,channel,Yogurt de la mafia,344,
rabbilevlerner,channel,Rabbi Lev Lerner,125,📱 WhatsApp/Telegram +1 (201)-725-3444 💬 https://chat.whatsapp.com/KfsIaDFVTIlF36azzwmP0f 🔔 https://www.youtube.com/@RabbiLevLeibLerner
novafc2025,channel,"FC ""IMPERIAL""🤍",89,Light. Speed. Victory
news_kram_region,channel,Дике поле🔥Краматорський район🇺🇦🌐Краматорськ/Слов'янськ/Дружківка/Константинівка/Лиман/Святогірськ,346,24.02.2022 Війна🚨 Все вожливе про напад РФ. Краматорський район♨️
investkostroma,channel,Инвестиционный портал Костромской области,46,Официальный канал Инвестиционного портала Костромской области.  Об инвестиционных возможностях нашего региона  https://invest-kostroma.ru/
iklan_gratis_indonesia,group,Iklan_gratis_indonesia,4109,
biblio_grafia,channel,Библио Графия,3055,Книги. Фильмы. Путешествия. Искусство. «Библио Графия» в Дзене: https://dzen.ru/bibliography  Мой канал на Boosty: https://boosty.to/bibliography  Сотрудничество: @GalLukas E-mail: biblio.graphy@yandex.ru
gratisgut,channel,GratisGut,455,">>>> @Gratisgut_bot<<<< Забирайте бесплатно, отдавайте без лишних усилий. Даем вещам новую жизнь!  Используй бота, что бы управлять бронированиями, подать, закрыть или восстановить объявление >>>> @Gratisgut_bot<<<<"
gratia_plena_08,channel,Plena de Gràcia,48,1-day hiking pilgrimages to the Marian Shrines in Catalonia Discovering the beauty of the region and of its Catholic tradition Everyone is welcome  IG: https://www.instagram.com/gratia.plena.08/
samuel_surazal,channel,Alles mit Jesus,439,Offenbarungen aus der geistigen Welt
gratiotech,channel,Gratio,172,Геймификация пользовательского опыта. Аутсорсинг разработки с продуктовым подходом. Приглашаем к партнёрству разработчиков и бизнес!  hello@gratio.tech  Мы в Max: https://max.ru/id7300022791_biz  Сайты:  https://gratio.tech/ https://gratio.team
sdkozernoe,channel,Оzерный СДК,353,
chess55ru,channel,Федерация шахмат Омской области,213,"Здесь кратко публикуем новости, выставленные на сайте. Подробности, таблицы, технические результаты, фотографии, регистрации на турниры на chess55.ru"
ostrohcourt,channel,Ostroh Court II,99,
bm_omsk_55,channel,Библейская миссия - Омск,39,"Служение с церквями, через церкви для церквей"
laptaomsk55,channel,Федерация лапты Омской области,66,
casimedyasohbet,group,Casimedya Sohbet,27688,https://www.casimedya8.com
vladimirekbru,channel,Князь - Владимирский храм,348,"Храм св. князя Владмира  г. Екатеринбург, ул. Чкалова, 244  тел. +7 (952) 737-16-86 https://vladimir-ekb.ru/"
knyaz_og,channel,князь,273,links 💿: https://push.fm/fl/knyaz
vladimir_iz_vladimira_guide,channel,Владимир из Владимира,301,По Владимиру и окрест. Экскурсии.  8-999-219-73-97 https://vk.com/club_vladimir_ekskursii
knyazheskii_hram,channel,Княжеский храм ☦️,504,
dmdonskoyhram,channel,Храм князя Димитрия Донского в Северном Бутове,1391,Телеграм-канал храма святого князя Димитрия Донского в Северном Бутове города Москвы. Наши контакты: dmdonskoy.ru  8-495-799-65-75
xramvladimira,channel,Приход Святого Равноапостольного Великого князя Владимира,1339,Официальный канал Прихода св. вел. кн. Владимира в Анапе 🔻🔻🔻 Наш сайт https://анапа-храм.рф/ ВК https://vk.com/anapa_vladimir_hram  Храм работает: 🔅07.00 - 20.00 ❄07.00 - 19.00  Богослужения: 08.00 16.00 Телефон 88613379400 88613379455
edemzavtra,channel,"Собирайся, завтра едем!",448,"• Делюсь маршрутами своих путешествий  • Мечтаю о Камчатке, собираюсь в Грузию  • Ищу прекрасное в мелочах. Каждый день  С меня явки-пароли об интересных местах, с вас - обратная связь!   Автор - Маша Гусева @maria_gusewa г. Владимир"
kitan33,channel,Святой Андрей Боголюбский 😇,64,"Исследования жития князя Андрея Боголюбского - Андрея Капеллана, Кутлу Арслана - автора ""Слова о полку Игореве"", Шота Руставели - автора ""Вепхисткаосани"",  Архиепископа Новгородского Мантурия. https://t.me/kitan33 https://youtu.be/mI2G1eeb-k0?is=dpiUHnV3g"
aleksander_nevskiy_cerkov,channel,Храм свят. благ. князя Александра Невского (Калининград),246,"Официальная страница храма Святого благоверного князя Александра Невского г. Калининград. Русская Православная Церковь,   настоятель: протоиерей Александр Соколов наш сайт: http://www.ubrus.org/  Почта: ubrus@inbox.ru Телефон: +7 (4012) 52-08-22"
white_ocherk,channel,Очеркъ Великорусса,131,Владелец и администрация канала не поддерживают экстремистские идеологии. Весь опубликованный в канале материал является шуточным и опубликован лишь в развлекательных целях.  В чат канала можно зайти через «Обсуждение».
litopys95,channel,Криворізький список,492,"Збірка літописів, які були написані та складені за доби правління великого князя Володимира Олександровича ""Зеленого"" Складається з кількох літописів, та похвали великому князю й великому гетьману руському Валерію Залужному з гербу Борейко."
hueninginpocket,channel,​run away with kai,183,run away with kai • txt  💌 : @anonrunaway02bot side : @runawayitsme  cr. translatingtxt; txtdom; ningkaifolder
amiralihajizadeh_1,channel,طُـوبَـىٰ🌱,21,الحمدُلله الّذي جَعلني غُصنٌ مِن شَجرةِ طُوبىٰ - العلّامة الآمُلي    - وقتلًا فِي سبيلكَ فوفق لَنا
joordaroo_group,group,گَپ و گفت با جوردارو💚,198,زیر نظر داروخانه دکتر نصری لاری  🚀 ارسال سریع و قسطی سفارش‌ها به سراسر ایران   🔗 آدرس سایت جوردارو:  joordaroo.com
zcpharmacy,channel,کانال داروخانه زجاج کلاب,310,مجموعه محصولات، پرسش و پاسخ ها و مطالب علمی مربوط به داروخانه آنلاین دکتر سید عباس زجاجی
sofaasss56,channel,sofff,192,@sofaasss
blog_hefer,channel,~•°Б᧘᧐ᴦ 𐋏ϱϕϱρ°•~,6,"ОРИЕНТАЦИЙ НЕ СУЩЕСТВУЕТ, МЫ ВСЕ ЛЮБИМ НЕФУ, ОНА АХУЕНАЯ Есть вопросы? Пиши саппу! @ltsMint Возможные отклонения от канона ибо саппу лень изучать лор и характер Нефы, блог на привязан ни к какой секте [💤] - на 10 котят будет ивент"
sadalrooh,channel,صَدَى الرُّوح,54,"""اللهم إني أسألك نفساً مطمئنة، تؤمن بلقائك، وترضى بقضائك، وتقنع بعطائك."""
indianpharmajobs,channel,Indian Pharma Jobs (Pharma Jobs in India),23713,
amitverma_pharma,channel,Amit Verma PW Pharma,2638,
pharmakey,channel,Pharmakey,71,Find the latest pharma job openings for freshers & experienced professionals. Stay updated and grab your next opportunity!
chemistryandpharmajob,channel,Chemistry and Pharma Job,378,Chemistry and Pharma Job
pankajdagur_pharma,channel,Pankaj Dagur PW Pharma,2709,
circleteam64class,channel,Pharma & Physio & Bio (64) 💗,1775,قناة الفارما والفسيو والبايو د.شريف د.Action Potential الفرقة الاولى طب المنصورة ،،
phypha2026,channel,Mums-PhyPha2026,265,“ششمین کنگره بین المللی و بیست و هفتمین کنگره ملی فیزیولوژی و فارماکولوژی ایران” اساتید گرامی و پژوهشگران محترم به جمع ما خوش آمدید🌹 اطلاعات کنگره:  https://cong-phypha2025.mums.ac.ir/fa/ ارتباط با ادمین ⬇️ @Phypha_2026
everythingfronsic,channel,كل مايخص الفرونسك والتوكسو,466,كل المصادر والإمتحانات السابقة والملخصات تجدوه هنا 🦋
mayacosmetictr,channel,Farmasi_Maya cosmetic.tr,37,🇹🇷عضو رسمی شرکت فارماسی 🇹🇷 ارسال مستقیم لوازم آرایش و مراقبتی پوست و مو از کارخانه استانبول ترکیه  با ما فارماسی اصل و اورجینال را تجربه کنید. Www.maya-cosmetic.ir
apubestfrens,channel,Apu’s best frens,504,Apu is de best
fatimaa_4_22f,channel,لـ فـاطـمـهه.,179,🤷🏻‍♀️
fikbooksey,channel,Звёздная Сицилия 💠,109,"Тгк начинающего писателя - ""Сей"" Присаживайтесь поудобнее и внимательно слушайте... Аноним: http://t.me/anonaskbot?start=wuP2FvKndFVRuBZ Для связи: @Seey31 Тикток: https://www.tiktok.com/@starrysicily_31?_t=ZP-8vX88qurSHu&_r=1 Сбер: 2202 2083 1959 6814"
faeriemici,channel,goddes of faith,14,
fllowii,channel,nuna's archive.,4,connection :: @fllowu .              i'm not part of the fandom!!!
tatiasvetlove,channel,TATIA❤️LOVE,503,Здесь про ГЛУБИНУ🌀 СМЫСЛЫ🌀 ОТНОШЕНИЯ… с Собой и Миром🌀 💎 БАННЫЕ Церемонии 🔥 Массаж ОГНЕМ ♾️ Тантра 🌺 Чайный мастер 💎 ДЧ 🔢 Нумеролог 🥇 «Сакральный Путь» игра-тренинг 🌀 ОБУЧЕНИЕ/НАСТАВНИЧЕСТВО n619611.yclients.com/
irinapingareva,channel,Ирина Пингарева и все-все-все…,698,Психолог и преподаватель Ирина Пингарева.  Мой сайт https://pingareva.ru/courses  Мой канал на RuTube https://rutube.ru/channel/33278734/  Мой канал на YouTube https://www.youtube.com/@IrinaPingareva
tasha_talks,channel,После 𝟯𝟬 можно 🍸,127,Канал Таши @tasha_psy
tashnaya,channel,ТА'шная,136,"ТА'шная - подкаст о психологии, Транзактном Анализе и многом другом.  Живой разговор. Человеческий язык. Знакомые жизненные ситуации.  Авторы и ведущие: Анатолий Машинцев @zvezdnii_kot Вероника Збитковская @vero_nika_zbi  https://ta-shnaya.mave.digital/"
aaoren,channel,ААОрен,76,Официальный канал сервиса aa-oren.ru
ta_people,channel,🎧 ТАкие люди,48,Телеграм-канал подкаста «ТАкие люди»: https://t.me/TA_people  Контакт для связи - @nesamburskaya
tomatomaart,channel,°Toma-Toma-Art°,22,"!канал 18+! Выкладываю свои арты и новости :)  Всё, что интересует, пишите в комментарии или сообщения каналу, постараюсь ответить всем и вовремя"
litarchiu,channel,Літархіў,704,"Гісторыя беларускай літаратуры, фотаздымкі, архіўныя дакументы, рарытэтныя выданні, відэа- і аўдыёматэрыялы."
christianclub_belarus,channel,Хрысьціянскі клуб,393,"Хрысьціянскі клуб - сумоўе для людзей, дзеля ўмацавання ў веры."
barok_rasony,channel,Ксёндз Барок,160,"Хрысціянін у сучасным свеце. Ніякой палітыкі, толькі пра праблемы чалавека.  Barokslava@gmail.com"
technoalmatykz,channel,technoAlmaty,207,Almaty Based
bogidiyorrestaurant,channel,BOG'I DIYOR Restaurant,64,"Если вы хотите насладиться пряной и ароматной кухней Востока, находяcь при этом в удобстве роскошного восточного жилища, то ресторан «Bogi Diyor» в Ташкенте – отличный выбор! +998977542200"
buratino691,channel,Секс шоп Буратино Харцызск,99,😈Магазин взрослых желаний в твоем городе 😍У нас тут жарко 🔥
kadrikcomua,group,Кадрік — технічні консультації по світлу для створення контенту,19,"Тут ви можете отримати консультацію стосовно фотоспалахів та відео-світла Godox, представленого на нашому сайті https://kadrik.com.ua/  Задавайте ваші питання!"
berdskchatqadrobik,group,Qadrobik—Чат Общения И встреч (Бердск Россия),51,Правила чата:https://t.me/+VxqQYaXDnOExYTJi
info_burcu,channel,𝑖𝑛𝑓𝑜 𝑏𝑢𝑟𝑐𝑢 𝑜𝑧𝑏𝑒𝑟𝑘,20,"Переводы репортажей/интервью, интересные факты, новости о проектах и многое другое с Бурджу Озберк 💌 От @burcuviss"
ibukimioda_bread,channel,𝑰𝒃𝒖𝒌𝒊 𝑴𝒊𝒐-𝒅𝒂 !! 🎸⚡️,11,
chatkabachok,group,Уютный кабачOK 🍆,15,"Добро пожаловать в чат ""КабачОК"" - уютное и гостеприимное место, где каждый посетитель может почувствовать себя как дома. Здесь царит атмосфера дружелюбия и общения, а каждый участник чата может найти собеседника по душе."
berdocc_bot,bot,BerdOcc_bot,,@Berd_Occ - чат-бот каналу @Berdyansk_occ
berdnow_bot,bot,БердянсЬк Сьогодні,,📧: Berdiansk.ua@gmail.com 📱: +380 (96) 259 60 60 Договір публічної оферти:  http://surl.li/digqc
malidak_party_bot,bot,Malidak friends party,,Вечеринка друзей Malidak
pskov_vozduh,channel,Парк - пляж «Воздух» Псков,237,
jenyadidur_music,channel,Женя Дидур,168,"Концерты, менеджмент:  +79163747462 +79785779795 Александра zh.didur@yandex.ru | VK | ТГ | - @jenyadidur_music  | Inst | Tik Tok | YouTube | - @jenyadidur"
skorowernus,channel,skorowernus,137,art dealer @livelovelachaise xxxl & w life  https://rbdclan.moscow/skorowernus  @rbdclan member
universe_humidifier,channel,Система увлажнения воздуха UniverseDIY,17,Системы увлажнения воздуха UniverseDIY  www.universe-humidifier.ru +7 (495) 260-82-21 info@universe-humidifier.ru Пн-Вс 9:00-21:00
schoolbitgold,channel,آموزش فارکس (bitgold),3149,استاد : محمد نوروزی
sayiljoyonline,channel,Sayiljoy yangi o‘quvchilari 📚📚,1111,2025-2026 o‘quv yili uchun yangiliklar Taklif va murojaatlar uchun :@scholaruzbadmin https://t.me/Meaninglitseyimbot
geekpay_bot,bot,Geek Store I Пополнение баланса,,Пополнение зарубежных сервисов из России за рубли.  • Поддержка: @geekstore_support • Канал: @geekstore
refillstorebot,bot,Refill Store,,Refill Store — быстрый и простой способ купить внутриигровую валюту! 🚀
docard_apple_bot,bot,docard Apple,,"docard - сервис для пополнения Apple ID. Выполнен при поддержке ""Фонда содействия инновациям"""
uncalipaybot,bot,🇨🇳 uncAlipay - ОБМЕН ЮАНЕЙ АЛИПЕЙ,,"👋 Привет, я помогу тебе пополнить твой кошелек Alipay.  ❗️Наш канал - https://t.me/uncrhino"
ogbot1_bot,bot,OGPixelPay | Игровые пополнения,,Наш сайт для пополнения — https://ogpixelpay.ru/ru/
greenuc_bot,bot,OneGreenApple UC 24/7,,Бот OneGreenApple для пополнения UC 24/7 и не только! Telegram - https://t.me/greenpubg UC приходят за 10 Секунд!)
paytool_googleplay_bot,bot,Google Play by Paytool | Пополнение Google Play,,В данном чат-боте Вы сможете приобрести подарочные карты для пополнения счета Google Play по выгодной цене.
svetlana_kobyakova_makeup,channel,Svetlana_Kobyakova_,234,Визажист и мастер по причёскам
kdobryakovaa,channel,Katerina Dobryakova,243,контент-фотограф | influencer
k_dobryakova,channel,Катя Добрякова,1049,
kuplyakova,channel,"Ира, давай обсудим",345,"Находки, фильмы и сериалы, мода, творчество, жизнь и вдохновение — и 60+ практичных инструментов для создания живого контента.  Обсуждаем, делимся, вдохновляемся. Оставайся со мной.  📩 @iamchani"
kobylagolova,channel,"Театр теней ""Кобылья голова""",444,"Мы создаём теневые спектакли, жуткие и волнующие, магические и пробирающие до мурашек"
kobyakina_fm,channel,ИРА PRO NL,371,
bobovontour,channel,BOBOV ON TOUR,146,Передвигаюсь. Ебашу музло. Делюсь приколами.  yahorsho / ковельские псы / зао «сомнительные инициативы» / peresadka v stambule
komarovamua,channel,k.k.,193,детище вдохновения/стиля/чувств  inst: @komarovamua
nzinyakova,channel,Наталья Зинякова,271,Ателье Уникальных Украшений Сайт www.AUUNZ.ru Связаться можно через чат в этом канале. Или по телефону 89037421095
cat_heart_ekb,channel,Приют для кошек «Кошачье сердце»🐈 Екатеринбург🐱,606,"«Кошачье Сердце» —Пожалуй,самый добрый приют из ЕКб. У нас самые жирные и наглые коты, интересные факты, лайфхаки и просто красивые фото красивых котов.   Донаты,  по телефону +79089119381 Сбер. Татьяна Андреевна Ю.  Наш ВК: https://vk.com/cat_heart_ekb"
kuero_k,channel,Kuero_K✨✨,145,TT - https://www.tiktok.com/@kuero_k?_t=8etf1TShd7y&_r=1
kodabearr,group,$KODA BEAR,59,
kotowasia003,channel,Котовасия#тефтель,288,"Здравствуйте! В этом тгк я буду рассказывать про своих котов. (Васю и томаса). А еще, проводить разные игры и конкурсы! Я надеюсь вам понравится в моем тгк, тефтельки. Хорошего вам дня!:)  Админы 8/8+ (набор закрыт)"
cavaliers_russia,channel,cavaliers_russia,85,Korolevskaya Svita
kovcheg_kronshtadt,channel,Приют «Ковчег» Кронштадт. Кошки и собаки,107,
kobilasss00,channel,рисунки кобылы!🥹,55,жирная тварь рисует в этом канале!!!! помощ человек  это я - @kobila0 я дружу со всеми привет  18+ !!!  у меня маленький скилл умир
mrdbook,channel,ヽмистер жирзик,47,ах ты кобяков без намордника  лс: @mrd1w3k вся инфа в закрепах  скибиди скииди скибиди
radioheadmeme,channel,Radiohead - Meme Spirit,47,Я переслушал окей компютир и ко мне под дверь пришлишли армянины  У нас есть мемы из 2025 но нет контроля качества                                              - кобяков
banidoslb,group,BANIDOS LOBINHO,15,
ne_ishi_eto_bro,channel,Кобек,10,
kot0bulka,channel,Котобулк,26,Ыаыаыаэыэыэаэ
sova_alex_oret,channel,Фото с кладбища прилагаю,28,Там Сова воет периодически
jackposobiec,channel,Jack Posobiec 🇺🇸,1171,"An unofficial fan channel of Jack Posobiec. Christian, China analyst, veteran  https://www.oann.com/?s=posobiec"
thequbevc,channel,TheQube | экосистема развития бизнеса,828,"Канал TheQube — экосистемы развития бизнеса.   Развиваем компании с потенциалом кратного роста  Кейсы, сделки, экспертные статьи, анонсы, взгляд изнутри.  По всем вопросам @theqube_business"
ikpixfiles,channel,Кто здесь трезв? А кто пьян?,257,© Ivan Kobyakov https://ikpix.ru
serhii_dobaliuk,channel,Сергій Добалюк ONLINE,122,Голова Козівської селищної ради
finon127,channel,Юридическое агентство «ФИНОН»,304,Юридическая компания «ФИНОН» работает по всей России! Мы помогаем людям пройти процедуру банкротства для физических лиц.
youristoonline,channel,Legal Resources: Products,533,"Профессиональное взыскание в одном месте. Автоматизируйте сбор данных и документов, подачу, статусы, стратегию и получайте рост прибыли на масштабе с экосистемой Legal Resources. Здесь про обновления сервисов, полезные советы, новинки. Для связи @youristo"
eduardkanevskiy,channel,Эдуард Каневский,10413,"Признанный в России фитнес-эксперт, теле- и радиоведущий программ о здоровье, питании и спорте   Сотрудничество: @Lesya_Blacke Сайт: https://kanevskiy.pro/ Чат: https://t.me/EduardKanevskiy_chat"
zaicevgroup,channel,Курортная Недвижимость | Эдуард,3220,Канал о недвижимости компании  «Zaicev Group» Сочи | Крым | Анапа  Ведёт руководитель департамента Эдуард  Каталог объектов: https://zaicev-group.ru/downloadcat  Спец предложение: https://zaicev-group.ru/interview  Быстрая связь: @Zaicev_group_bot
eduardkokoity,channel,Эдуард Кокойты,1524,Телеграм-канал Эдуарда Кокойты.
eduardkanevskiy_chat,group,Эдуард Каневский Chat,933,Основной аккаунт https://t.me/EduardKanevskiy
aibolittut,channel,Нейрокоррекция Эдуард Ивлиев,423,"Настройка, укрепление, правка  мышечно-связочного каркаса спины, и не только.   Нейрокоррекция методом Яны Найда.  Ивлиев Эдуард Николаевич @EdwardIV +79122154111"
edd_sarkiss,channel,Эдуард Саркисов 🤌🏿,388,Добро пожаловать в мою и теперь твою тихую гавань 🛳️   Здесь про - Йогу как инструмент улучшения жизни и раскрытия потенциала - пристанище смыслов и мемов - саморазвитие  - разговоры обо всем и ни о чем - мои душещипательные кружочки - творческий бардачок
eduardopaes,channel,Eduardo Paes,3693,Pré-candidato a Governador do Rio.
bishop_eduard,channel,ЕПИСКОП ЭДУАРД ХЕГАЙ,221,"Официальный канал епископа Эдуарда Хегай, Методистская Церковь Евразии (СНГ)"
eduardomuscara,channel,Eduardo Muscara Official Channel,1232,
tigrvrazreze,channel,Тигр в разрезе,73,"Гасим истерики, снимаем тревожность, насаждаем здравый смысл."
kinonm,channel,"Кино, привет!",40,"Дневник кинолюбителя 🎬 В формате для аудиалов и визуалов:  🎼 Саундтрек недели 📄 Статьи 🎧 Микро-подкаст  Гасим свет, настраиваемся на приятное!"
grossis_ru,channel,ГРОССИС,10,ГРОССИС Инженерные гидросистемы
twentyonestories,channel,TØS | twenty øne støries |-/,2929,"Авторский канал про twenty one pilots.   Творческий контент, мемы, статистика на стриммингах, эстетика и многое другое.   |-/"
fobconfession,channel,°• fall out boy confession,339,
g30fr0nt,channel,Geofront,526,GF Files 22
forfive_cdt,channel,ForFive [45],144,cover dance команда  наш YouTube канал  - https://youtube.com/@ForFive_cdt?si=ufkchXjOL80sNG21
thirtyfourth,channel,Вселенная №34,74,Поддержать меня - https://www.donationalerts.com/r/thirtyfour
theyoungveinsconfession,channel,𝘛𝘩𝘦 𝘠𝘰𝘶𝘯𝘨 𝘝𝘦𝘪𝘯𝘴 confession,70,❏  бот для тейков @theyoungveinsbot ❒
hartic315,channel,Хартик315про,119,
patrickstumpcf,channel,patrick stump confession,39,
halfalivecf,channel,Half•Alive confession,13,"( . . :: лс владельца ' @KoncyDun      ) , , бот для тейков ’ @halfalivecf_bot"
avitoprodasn,channel,Prodacsen | Заработок на всём 2.0,443,Выплаты авито отзывов Админ: @Brairs_grouct Выплатили с 10.04.2025 более 215 выплат
flappy_payout,channel,Flappy Bird Payout [],91,
zadrot_uc_shop,channel,ТОП СДЕЛКИ ЗАДРОТА,29,задрот - @Nathree
predprenimater,channel,Предприни[матерь] Анна Столетова,702,"Дикая: в большом городе.  Канал для женщин, которые задолбались и хотят обрести внутреннюю свободу.  А так же: мой бизнес, моя книга, мой стиль.  Сотрудничество сюда: 📩 @annicento"
mkuuoor,channel,МКУ «УООР» РС (Я),332,Официальный канал Управления образования Олекминского района Сайт: http://mkuuoor.ru/
semkvspb,channel,Ринат Губайдуллин | Семейные квартиры в СПб,1350,"- Рассказываю про недвижимость для семьи в СПб и ЛО - Расскажу, как правильно использовать мат. капитал и субсидии при покупке квартиры - Сокращу время поиска идеальной для вас квартиры - Помогу с оформлением ипотеки   Оставляйте заявку 👉🏻 @Rinat_NDV"
mamavteme_tut,channel,"Мамы в теме ( дети, семья, развитие, садик, школа)",683,"Советы для мамочек 👶  Беременность, роды, материнство, ГВ, развивашки, сад, школа, институт 😊  ✍️по рекламе пишем @Olga_answers"
trigoroda,channel,Три города,207,"Новости города Красноуральск, Кушва, Верхняя Тура. Наш сайт: https://тригорода.рф"
otdel_obrazovaniayk,channel,Образование,377,"Южно-Курильский муниципальный округ Сахалинской области  Телефон отдела 21345, 22686"
ivankamshilov,channel,Иван Камшилов,256,"Депутат Курганской городской Думы 4,5,7 и 8 созыва до 25.02. 2926 г. Досрочно лишен полномочий депутата! Руководитель РЦОК."
uk_new_time,channel,УК Новое Время (официальный канал),64,Официальный канал управляющей компании Новое Время
vidnovskaiaschool1,channel,МБОУ Видновская СОШ 1,60,
predsedatelsela,channel,Председатель,184,Новости сочинской и российской недвижимости. Аналитика рынка недвижимости с авторскими резкими высказываниями  Компетенции: 🏗 Создание и реализация инвестиционных проектов 🥸 Research and Development в недвижимости  По вопросам сотрудничества в личку👌
jt_broker_agent,channel,Юлия Токарева | Новостройки Москвы,33,Канал эксперта по недвижимости Юлии Токаревой @jt_direct  Помогу выгодно инвестировать в недвижимость.  Помогу купить жилье на любом континенте: https://t.me/jt_zarubeghnayanedvighka
infinbank_news,channel,InfinBANK,1618,"Официальный канал АО ""InfinBANK"".  Здесь актуальные новости и важные уведомления для клиентов.  🤖 Официальный бот: @Infin_bank_bot  🌐 Веб-сайт: www.infinbank.com"
tyumenauto72,channel,ТюменьАвто,1887,Продажа и Выкуп автомобилей в ТюменьАвто🛞🚘  Комисионная Продажа на выгодных Условиях для Вас Trade-in и автокредит онлайн   Писать в ЛС -@tyumenauto_72 г. Тюмень ул. Николая Семёнова д. 17
raketacar,channel,RaketaCar | Продажа | Комиссия | Выкуп авто | Автокредит | Заказ автомобилей |,773,"Работаем с 2014 года ✔️  ▪️Выкуп/продажа авто ▪️Аренда авто ▪️Автокредит   ▪️Привоз авто из Азии  WhatsApp, Telegram, Max ⬇️  📞 +7 951 007 5000 📞 +7 951 002 4000"
ponizy180,channel,ПОНИЗУ РЫНКА|180|,636,Продажа/обмен/выкуп/Автокредит/Выгодно!
olegkadnikov,channel,Олег Кадников | Авто на заказ | Автоимпорт |,869,"Привозим автомобили из Кореи, Китая, Японии, ОАЭ, Америки под заказ  с первоначальным взносом от 900тыс₽ 👇🏻👇🏻👇🏻 Автор: Олег Кадников @OKadnikov  • помогаем оформить  АВТОКРЕДИТ • принимаем авто в трейд-ин"
v_auto_shope,channel,"Автомобили из Кореи, Японии, Китая - V AUTO SHOP-",850,"Привезем любой🚗 под физлицо из Китая 🇨🇳  Кореи 🇰🇷 Японии 🇯🇵 Пpигнали болеe 300 🚙 довольным клиентам с выгодой от 700.000₽ ‼️АВТОКРЕДИТ‼️ Мы подбираем с душой🫶, сопровождаем ✅ на всех этапах и доставляем его вам.   ❤️‍🔥❤️‍🔥❤️‍🔥❤️‍🔥❤️‍🔥❤️‍🔥❤️"
orpheusgallery,channel,Orpheus,2132,
amleg_miasin,channel,Армянские легенды и сказки,563,"«Армянские легенды и сказки» — канал о мифах, легендах, преданиях и сказках армянского народа, передающих его память, характер и ценности.  Здесь — герои, символы и истории, в которых живут мудрость, мужество и связь с корнями."
abatoranijwe,channel,Piedra Angular Burundi,136,
mctima4,group,⛏Майн|Игра в команде🗡,40,
stoneshahr,channel,فروش و عرضه انواع سنگ | استون شهر,12,فروش و عرضه انواع سنگ ساختمانی 📍خدمات در داخل و خارج از کشور📍  آدرس سایت ⬇️ https://stoneshahr.com  پیج اینستاگرام⬇️ www.instagram.com/stoneshahr.ir  ارتباط با ادمین⬇️ @mh_falahi @stone_zand  راه های ارتباطی با ما 📞 09193098126 09165534457
durak12222,channel,Канал Камня(чая),12,Канал камня(чая)
ashmour1,channel,‌ ‌ 𝖺𝗌𝗁𝗆𝗈𝗎𝗋 .,81,
jishan524art,channel,じしゃん？？５２４ Image Work,73,t.me/djjishan524
eto_minclub,channel,minclub🪷,15,
kirpicz_chat,group,Кирпич 🧱,12,
rodnoy_dagestan1,group,Rodnoy_Dagestan,15,
petrokamen,channel,Белый камень,2,Природный натуральный камень. https://petrokamen.com #природныйкамень #натуральныйкамень #песчаник #известняк #лемезит #кварцит #сланец #галька #плитка #мраморнаякрошка
granipamyat,channel,Студия природного камня ГРАНИ,10,"Более 20 лет изготавливаем изделия из гранита и мрамора,сохраняя самый высокий уровень обслуживания и индивидуальный подход 🪨"
stetoken,group,Save The Earth Token,4,
poslestroy,group,PosleStroy24,5,
nzthae,channel,Minecraft💵🤩,3,
arenimusic,channel,areni,2,
totemmods,channel,Моды для Майнкрафт ПЕ (Бедрок),20276,"Лучшие моды на Minecraft PE (MCPE). Хоррор карты, аддоны и текстуры для майнкрафта  Владелец (по рекламе) - @UoD21"
titan_games_by_therock,channel,The Titan Games,254,The Titan Games By Dwayne Johnson  For comments please contact the admin @TVSeries_admin_bot  More TV show channels: @central_mackmusic
resource_pack_minecraft,channel,Ресурс Паки - Minecraft Bedrock,561,Покупка рекламы/Выкуп канала - @fuckedframe
core_pringles,channel,𝗗𝗘𝗔𝗧𝗛𝗖𝗢𝗥𝗘 𝗣𝗥𝗜𝗡𝗚𝗟𝗘𝗦,1038,Рецензии каждый день!  ‼️Личка админа: @PIGUHA  По вопросам обращаться в личные сообщения☝️  🙏Поддержать админа: 2200 7006 3530 2622
antigbshka_rp,channel,AntiGbshka | Rp Minecraft Bedrock |,567,Owner: @AntiGbshka Spam block: @AntiGBshkaBot Реклама: @Gbadvertising Channel topic: Minecraft Bedrock RP
therocks_io,group,Therocks.io (Official),46,THE ROCKS is the first GAMEFI project to allow the users to create their own NFT characters and features play-to-earn games portal with a variety of addictive mini games that keep players coming back.  https://therocks.io VN Community: @therocksvietnam
therooscoe,channel,Roscoe Famiglia,607,@Rooschive @RooscoeBot @RoscoeSFSBot
theprodigyconf,channel,the prodigy cf👍,383,
theroadwear,channel,The Road,503,"The Road — российский бренд архитектурного кэжуала. Мы создаём одежду высокого качества с собственным производством в России, где архитектурный крой интегрирован в повседневные формы.  Сайт: https://theroadwear.com/  .: Доставка по всему миру"
therockhide,channel,Никому не нужный канал со всяким,158,Для всякой всячины
theherocode,channel,Код Героя. Продажи без хаоса.,254,90% отделов продаж теряют деньги каждый день. Показываю где именно и как это исправить.
dvaplustwo,channel,Политическая КонZпирология (Z+Z)🇷🇺,2657,"О четырёх сражающихся наднациональных кланах. Также, немного экономики и статистики  Коротко суть https://t.me/dvaplustwo/267  Чат https://t.me/dvaplusdvachat  Поддержать канал: https://yoomoney.ru/to/410013364133661"
alirezaaleyamin,channel,علی‌رضا آل یمین,173,یادداشت‌های علیرضا آل یمین نویسنده و فیلمساز  .  . ارتباط با من: @Ali_rezaa
w0w0j,channel,عالم الحروب والقتال World of wars and fighting,39,قناة مختصة بشكل عام عن المعارك والحروب والارشيف العسكري بكل بقعة في العالم وأيضاً مختصة بنشر عن الأسلحة وقدراتها
finfantasy,channel,Финансы и фантазии: записки аналитика,16,Пообщаться лично: @vlad_d_ivanov
bysinki0,channel,бусинки,153,микро-медиа и подкаст  архивируем и осмысляем культуру в реальном времени  (кристина м. и лиза х.)
politclub_krd,channel,🅉 РАБОТА на СМЫСЛ,66,Осмысляем события в России и мире
ghostpotplay,channel,Ghostpot - стример для тебя и может ещё кто зайдет.,51,"Играем, осмысляем, превращаем в текст.   Это не просто прохождение – книга рождается в прямом эфире.   Стримы – лаборатория, где игровой сюжет становится историей.   Тихо. Вдумчиво. Без суеты.   Но если хотите обсудить – добро пожаловать в чат"
freesciencetalk,group,Sci-Hub: проблемы и перспективы,2516,
uralsib_tymy,channel,Уралсиб🤝TYMY,1740,"Открываем новые возможности для агентов! Узнайте всё о работе с платформой TYMY, а также: новости из сферы недвижимости и ипотеки, лайфхаки и тренды для агентов🔥   Используйте перспективы вместе с нами: uralsib.tymy.io"
malinabrovitelo,channel,МАЛИНА.Брови.Ресницы.Тело,169,"💫Генерала Белова, 26, офис 109  ➡️Телефон для записи 8-910-413-37-46"
beloretsk_bolnitsa,channel,Белорецкая Больница,89,
october_beauty_club,channel,Октябрь Beauty Club,89,"http://www.october-beauty.ru/  📍 Ильинское ш., с.Ильинское, ул. Ленина, д.10 +7 903 798-30-76  📍Новорижское ш., 24км, д. Покровское, ТЦ POKROVSKY 8 (495) 999 94 94  📍Деревня Грибаново, ул. Рябиновая д.2, ТЦ Ecohouse — +7 495 999-99-63"
yarik_sinner,channel,Ярик Синнер,49,
sovershenstvospb,channel,Косметология Совершенство,42,"Центр косметологии Совершенство    Записаться на прием, социальные сети: mssg.me/sovershenstvo.spb"
acne_enguia_ugri,channel,"Угри , народная медицина",2,При жирной и пористой коже с угрями накладывать на лицо маску из морковной кашицы.
olgacaring,channel,Психологическая зрелость| Ольга Кошманова,616,"🚀Канал — для тех, кто устал жить из тревоги. Кто застрял и чувствует, что дальше так нельзя. Кто хочет вернуть себе ощущение управления своей жизнью.  Автор: @olgakoshmanova  ⬇️ Запись:   https://forms.yandex.ru/cloud/67933cd684227c63f13e374b/"
fairy_chest1,channel,fairy__chest,8843,Полезные советы и идеи для обустройства Вашего дома Для связи в telegram-  @tanyakabluchko
fairouz6,channel,فيروز🍁💛,11614,‏بشتاقلك لا بقدر شوفك ولا بقدر احكيك بندهلك خلف الطرقات وخلف الشبابيك   البوت الخاص بالقناة:👇 @fairouz6_bot ....................................  « OWNER : @Mohamed_Samy177
musicmiraculus,channel,Fairy music tale,413,Let's dance until our feet hurt more than our hearts https://telegram.me/BChatsBot?start=sc-qbguRxG6XC
carmenairy,channel,tea tales of carmenairy ۫ ˳ ❀,793,"ㅤ ꣼  ࣮ ֺ  @carmenairyrobot ૃ  ۫ ˳  𔒌   ۫ @airypages. botanical fragments: 𝒶 blossom-laden haven where porcelain teacups gleam, rosy blooms flourish, and every seat at the fairy table welcomes a new tale. 🧚🏻‍♀️ ㅤㅤ ㅤ"
thathoney,channel,LOST IN 2007,388,"Hidden Chat Twin, t.me/HidenChat_Bot?start=6660844527"
sweet_fairy_cosplay,channel,🌸Sweet_Fairy_Cosp🌸 Umi,211,"🌸Уми🌸 ✨Пощу здесь косплей и не только✨ А ещё провожу стримы на твиче, на них я в основном играю в игры 😸  https://www.twitch.tv/sweet_fairy_play  https://vk.com/sweet_fairy_cosplay"
fairy_fail1,channel,FAIRY TAIL,100,
fairyislandd,channel,остров феи,106,
fairy_hair_inst,channel,Fairy_hair.rnd,342,Добро пожаловать❤️
friendlyfairysi,channel,Fairy home🧚🏻‍♀️,102,
fairytalles_ai,channel,Dramiona Fairytalles,2090,"Драмиона. Арты, видео, фанфики  Канал содержит 18+ материалы  Инста instagram.com/fairytalles_ai  Фикбук ficbook.net/authors/3715070  Отправить донат: pay.cloudtips.ru/p/c6ad0ed6"
lavkafreya,channel,Lavka Freya - Астроминеролог,3711,💥Астролог работающий с минералами ♏️Гороскопы и прогнозы 📿Браслеты/Талисманы 🕯Свечи и свечная магия 🔮Гадания и ритуалы ☯️Подбор камней по: ♐️Знаку Зодиака/Дате Рождения/Имени  📲89273350004
yazhvedma,channel,ЯжВедьма.Бесплатные гадания.,1511,"Написать свой вопрос для публикации на канале можно здесь: @yazhvedma_bot  Данный канал создан для того,чтобы вы могли получить помощь в решении Ваших вопросов/проблем от опытных магов,практиков, экстрасенсов и тарологов."
yaztarolog,channel,ЯжТаролог. Бесплатные гадания.,1048,"Написать свой вопрос для публикации на канале можно здесь: @yaztarolog_bot  Данный канал создан для того,чтобы вы могли получить помощь в решении Ваших вопросов/проблем от опытных магов,практиков, экстрасенсов и тарологов."
taroliliyasay,group,ТАРО Лилия Сайфуллина,1337,"На канале : - каждый месяц бесплатный гороскоп по знакам зодиака  - бесплатные , общие интуитивные гадания  - Прогнозы дня от карт Таро - Прогнозы дня по лунному календарю  - Делюсь знаниями о чистке дома - Медитации  - Акции , скидки для Вас"
nervo4ka_tarot,channel,Nervo4ka: Гадания и беседы о Таро🪬,242,"-  Канал для тех, кто верит в знаки и подсказки Вселенной, а научная степень не жмет.  -  На этом канале вы найдете еженедельные гадания и истории из жизни с точки зрения Таро. -  Для связи и запросов на гадания писать: @nervo4ka"
rascvetatchat,group,(Chat) расцветай вместе с нами,524,"✨ Группа канала (Расцветай), здесь вы сможете общаться на различные темы, такие как Таро, Астрология, Эзотерика, Гадания, Тарология и многие другие увлекательные направления.  ➡️ Основной канал: @Rascvetat"
taro_zevs,channel,"Карта ТАРО, Астрология",491,"Перейти ТУТ 👇👇👇 https://t.me/+ukXoHtCQlbczMDYy  🃏 Гадания на Таро –  открыть тайные двери будущего. 🌠 Полезные советы, ритуалы.  👥 Для друзей: t.me/+a9ilu2g15t03M2Ey 💬 Сотр./реклама: @mariya_shift"
help_extrasens,group,Экстрасенсы онлайн | Гадание бесплатно,162,"Задай вопрос экстрасенсам онлайн и получи помощь бесплатно: Ясновидящие, гадалки и тарологи отвечают на вопросы о любви, судьбе, деньгах и будущем. Онлайн-гадание, снятие негатива, диагностика и энергетическая поддержка."
annataromoon,channel,Анна Таролог-Психолог 🔮,496,"ТАРО ГАДАНИЯ ЭЗОТЕРИКА 🔮  Делаю расклады по Вашему запросу, обязательно работаю с Вашей обратной связью.  Для записи на личную консультацию пишите:  t.me / @MoonDreamGirl WhatsApp: 89038090007 Благодарность:  ВТБ 2200246030162559"
onlajn_gadanie_danet_s_tochnym,group,Онлайн гадание да-нет с точным ответом,65,Получите мгновенные и точные ответы на ваши вопросы в формате да-нет. Узнайте правду и примите важные решения с помощью простого и эффективного гадания онлайн. Присоединяйтесь и получите ясные и точные ответы прямо сейчас!
astro_tarolog,channel,Гадание на картах таро онлайн,165,"Онлайн-расклады на картах Таро на любовь, основание и будущее -Точные предсказания и советы опытных тарологов прямо сейчас"
topsecret_kanal,channel,секретный канал Катерины Соломкиной,379,"Регрессолог Года. Соединила техники похожие на волшебство, чтобы ты меняла жизнь легко и экологично.  Написать мне  https://t.me/katerina_solomkina  #энергиядня #гадания #ритуал #практика #чтоделатьсегодня"
chars_sky,channel,Магия и Таро с Чарской,425,"Канал для тех, кто хочет прикоснуться к магии карт, традиций и тонких возможностей.  Здесь — толкование снов, развитие интуиции, карты дня и онлайн-гадания, которые действительно работают.   По вопросам личных консультаций и услуг @CharsSky"
astrocentrru,channel,Астроцентр,139,"гороскопы, гадания, сонник"
minytaposhlacf,channel,минута пошла кф😁👍,43,бот для тейков @minytaidinahyibot  если ваш тейк не был выложен спустя 24 часа продублируйте пожалуйста
secb_kinnie,channel,⸼ ׄ‌ 𝅥 𝄀 SecB kinnie › ֪ ִׁ🦎,170,канал принадлежит: @kinncoremineshield cr: @tofi_warrr здесь был пугод кинни!!!
mini_mazhik,channel,минимаша ac göz,64,
mirnamoodtut,channel,𝙢𝙞𝙧𝙣𝙖|𝙢𝙤𝙤𝙙,23,
mminsss,channel,спящая мина,49,I’m tryna stop the rain
myatniy_svet,channel,Щитпост МинтЛайта [[РЕСТ]],46,"ТГК для тех кому я интересен как личность, а не как всего лишь песнедел ТГК с новостями по каналу: https://t.me/Mintlight_Cringeman"
saaaahji,channel,𝑀𝓎𝓈𝓁𝒾 𝓂𝑜𝒾 𝓂𝓎𝓈𝓁𝒾 .💭🌹,11,...................⚔️  Ахишкам не писать в комменты ⚔️
bdrhehenj,channel,прайс типо,7,
pricemainirl,channel,. price,5,принадлежит @mainirl1 ! ( вп мы если что всё ещё принимаем 𐔌՞ ܸ.ˬ.ܸ ՞𐦯 )
knt_price,channel,Price KNT007B,3,Прайс-лист канала @KNT007B
info_scmimi,channel,INFO|СКМ,1,
mutualpiar34,channel,Mp,1,
mine14nf,channel,инфо >_0,1,
priceveo,channel,price,,
koreabeautyfrom,channel,beauty from Korea 💘,1472,""" ★ "" .୨୧ self-care every day ; саморазвитие ; путь к цели ; skin-care ;   ""📚🩰"" — the new me ; changing together ; develop your self - esteem ; get better  Сотрудничество ➛ @ronnnen  ссылка для подружки: https://t.me/koreabeautyfrom"
dollworld11,channel,Куклы твои лучшие подружки 🤍,485,https://youtube.com/channel/UC7XH4_emeZGd2zKAiZoDceA?si=uVMCzQHfN-zVIEeV
podruzhki_pro,channel,Женский клуб «Подружки PRO» 💖,241,"🔥 Дорогие девушки! Женский клуб «Подружки pro» приглашает именно тебя! ❤️ ✨ Что мы предлагаем: Приятные встречи: совместные мероприятия, мастер-классы, вечеринки. Культурные выходы: походы в театр, кино, выставки. Отдых на природе: пикники, прогулки."
yuristeliseeva,channel,КЛУБ умных жен. / Полина Елисеева юрист,623,"Основатель Юридического Центра На канале вся ИЗНАНКА брака твоей подружки Понятные права твоего ребенка  🟡Не позволю, чтоб тебя нае🤬ли при разводе Юрист, с 2011 г. в профессии   ✔️Запишись на консультацию в личку https://t.me/Yurist_Eliseeva_bot"
ogbroz,channel,кровоКочка,757,Соц. сети: https://taplink.cc/ogpiro Топливо: @Hard_gss Промокод «ogpiro» -10%  Поддержать: https://www.donationalerts.com/r/pirospy
sevbogema,channel,БОГЕМА СЕВАСТОПОЛЬСКАЯ,143,Севастопольская шпана. Политика. Похоть. Провокации. Сатира и выдуманные истории.
art_skorobogatova,channel,Художник любви Татьяна Скоробогатова,99,"Татьяна Скоробогатова, связаться @artskorobogatova ✦ Ваша внутренняя гармония через мою сакральную живопись: ню и абстракция ✦ Создаю индивидуальную сакральную абстракцию под жизненный запрос ✦ Мастер-классы ✦ Сайт artskorobogatova.ru"
skoromag,channel,Журнал скорохода,119,"Настоящий журнал, настоящего Скорохода!"
ykbv95,channel,𝗟𝗢𝗚𝗢𝗩𝗢 YKUBA,255,Личные сообщения / по вопросам - @ykbv666
svoyabogema,channel,Своя Богема,93,Актёрский коллектив. Читки.  Мы делаем читки и творческие вечера чтобы творческие единомышленники нашли друг друга
kostokame,channel,kostokame,32,
xfazemogaet,channel,13mgXFAZE,159,могаю 2x2
nophoto1,channel,NOPHOTO | Egor Shtanenko,79,
bimpodkast,channel,Подкасты БИМ МЕДИА,1099,САМЫЕ ПОЛЕЗНЫЕ РУБРИКИ И ПРОГРАММЫ БЕЗ РЕКЛАМЫ!
lavkareviews,group,Отзывы лавки,601,
ribalkapetrash,channel,Рибалка Фанатик,983,
fishingjpmarket,channel,JP-Market,329,"Рыболовный магазин Jp-Market. г. Владивосток, ул. Фирсова 3. Тел магазина: 8 (950) 280-65-55 Тел для предложений: 8 (902) 076-40-06"
russianbassfishingteam,channel,Команда Russian Bass for Fishing,120,
pikecultreincarnated,channel,Pike Cult Reincarnated,85,
rybolovorenburg,channel,Рыболов,45,"Рыболовный магазин      Магазины ""Рыболов"" в Оренбурге Наши адреса: 🏠 ш. Нежинское д.1 ☎️ 55-07-06 🏠 ул. Салмышская д. 65 ☎️ 55-07-02 🏠 ул. Мира д. 3/1 ☎️ 43-61-81"
cargo_asl,channel,RIB57 | Рыболовные снасти CARGO&ASL,41,"⭐️ Наш сайт http://rib57.ru. Производитель рыболовных товаров, более 4000 наименований📌, используем НАНО технологии для производства. Доставка по РФ от 3 дней. ✅"
rybackiesnasti,channel,«Рыбацкие снасти»,27,Магазин товаров для рыбалки и активного отдыха
rybackie_sovety,channel,Рыбацкие советы 24/7,10,"Честные рекомендации, проверенные снасти и рабочие приманки. Опыт и советы, которые действительно помогают рыбаку"
vobler_by,channel,Рыболовный магазин Vobler.BY,3,"Ⓥⓞⓑⓛⓔⓡ.ⓑⓨ - Рыболовный интернет-магазин спиннинговых товаров: приманки, аксессуары и снасти. Доступные цены, быстрая доставка по Беларуси. ☎️ +375295967666"
myonlineshopping1,channel,نت خرید,639,🌐مرجع تخفیف و خرید های اینترنتی🌐 😎لینک های معتبر  😎فروشگاه های معتبر  @handali0066😱حس خوب خرید ارزان
imlmh,channel,شريحة الكترونية ESIM,68,
v2rayng_outline_vpn_price,channel,قیمت سرویس‌ها🎁,88,@V2RAYNG_Outline_VPN کانال ما @Goudrat_VPN_Bot ربات ویتوری @Reza_S1402 پشتیبانی
vpn_pluc,channel,Vpn plus,72,
restureload,channel,Info Restu Reload,11,Info channel resmi Web : restureload.com link harga : https://restureload.com/harga-js link harga : https://restureload.com/harga CS Telegram : @Restu_Reload CS Whatsapp : 082218112222
escapcenetwork,channel,Escape NetWork,10,Virtual Private Network Services  Manager : @initRouter
wepa_store,channel,wepa community,13,
reddragon_china,channel,Китай и китайский язык. Марина Мадни,814,Канал учителя и жителя Пекина  ❗️китайский онлайн для детей и взрослых  Запись у @marina_madni
yuanmingrussia,channel,Yuanming,192,Yuanming означает — свет Закона Будды
realenxi,channel,‌ ‌ ‌‌ ‌ ‌ fairy‌ garden ིྀ,36,‌ ‌ ‌‌ ‌ ‌       she is as beautiful as the morning sunrise 🌤
yuyanyun_chanel,channel,雨燕云官方频道,5851,🌐官网：https://雨燕云.com ✉️客服：https://t.me/yuyan_webbot  ❤️雨燕是飞翔速度最快的鸟类，它也被称为“永不落地的鸟”，寿命大约有20年，一生99%的时间都在飞翔，王家卫口中的无脚鸟说的就是它。 我们希望本网站也能像这只天空之子一样，为大家提供高速，稳定，优质的科学上网服务！
ssyun888,group,山水云机场,4927,山水云官网：山水888.com                           山水云.com 山水云频道：https://t.me/ssyun999 山水云客服：https://t.me/shanshuiy6 招AFF 联系山水云客服https://t.me/shanshuiy6
pxwwudebag,channel,pxwwuの小仓库,2599,https://t.me/pxwwudebag?boost
hkspeedup_chat,group,FlyShadowVPN Chat|自研最强过墙协议机场,1583,FlyShadow聊天群组 FlyShadow Chat Group 官网：https://main.hkspeedup.com/ 频道：@hkspeedup
hychuhai002,group,火影出海,329,代开匿名云服务器（aws、阿里云国际、微软云、腾讯云国际、谷歌云）支持usdt、美金支付。高折扣、高返佣、全球招代理 火影频道：https://t.me/HYchuhai001
happydogsol,group,Happy Dog,293,
luafx,channel,Lua分享基地『脚本分享/源码分享/漏洞分享』,215,投稿机器人人工审核 @LuaFXBOT 投稿机器人自动审核 @LuaGGFXBOT
flyhost,channel,Flyhost.in,101,
olgatkanimsk,group,Ткани Ольга Тимирязевская,115,
huoniaoyk,group,火鸟云控,7,业务咨询 欢迎联系： @coke88888
freejishulink,channel,freejishu 随想录,21,freejishu的个人频道。交个朋友吧！ Website: www.freejishu.com
airdropersio,group,Airdropers IO,40,🔥 Welcome VERIFYD AIRDROPS channel🔥  You can find verified and 100% legit Airdrops And giveaways.  We provide only 🚀  🔴 New ⚫️ Legit  ⚪️  Valuable  🔵 Free Airdrop and giveaways.  Contact me - @benquize
hychuhai001,channel,火影出海,31,代开匿名云服务器（aws、阿里云国际、微软云、腾讯云国际、谷歌云）支持usdt、美金支付。高折扣、高返佣、全球招代理 灰度担保公群： 火影出海群：https://t.me/HYchuhai002
inourtgxy,group,【飞雨】协议号,5,协议号
twitterfensi111,group,twitter粉丝关注,13,
feiniaojsbot,bot,小飞鸟,,
flybirdchannel,channel,flybird channel,3,
maranafaorg_bot,bot,Обратная связь,,📢 Бот создан для связи с администратором различных Христианских каналов.
shiiizuuumiiibot,bot,Shizu,,
cloud321bot,bot,𐌿᧐ᥴ᧘ᥲнᥙᥱ ᧐δ᧘ᥲκ᧐ʙ~★☁️,,
zpweather_bot,bot,ZSFC Bot,,Бот канала PogodaZP  Создал - @zpm08
thinus00weatheruser_bot,bot,WeatherBot,,WeatherBot by @thinus00
neofetchidoffc,channel,Neo Fetch Information,194,
newappalerts,channel,PaidSameDay.com & MakeMoneyWithAPhone.com,294,Alerts about new money-making apps
india_chatz,channel,Friends ✨️Offer,163,Click on https://t.me/nsebsei?boost Get offer in different place in India
happybuddy_community,channel,HappyBuddyCommunity🏦,48,Play games and make money  https://t.me/HappyBuddy_family
sehuatang_98_tang,channel,98堂邀请码 | 色花堂邀请码 | 98tang邀请码 | 98t邀请码,11,
yc80080,channel,羽辞导航频道@yc80080,24,
riseinvitebot,bot,RiseInviteBot,,"Join and earn 5 RSE tokens, worth 5$ USD for each friend you invite! 💰"
ric_rtp,channel,NEW CANAL INFO,2,
moneyandstarsbot,bot,STARS&MONEY,,Регистрируем аккаунты Fonbet по реферальной программе! Приглашай и получай 50 Telegram stars 🌟
maousosh60,channel,МАОУ СОШ № 60 г.Краснодар,852,"ИНН 2312053682 ОГРН 1032307153691 адрес: 350912, г. Краснодар, улица им. Фадеева, 329 адрес электронной почты: school60@kubannet.ru ВКонтакте: vk.com/school60_krdtelegram: @maousosh60Сайт: school60.centerstart.ru"
mario_kart_ru,channel,MARIO KART RU,470,Русскоязычное фан-сообщество серии игр Mario Kart!  📲 Discоrd: https://discord.gg/Vhm8M5bqVV ✉️ Tеlegram-чат: @mario_kart_ru_chat  Предложка: @MKRUSuggestBot  По всем вопросам: @ThatOneSnowman
travel_mariol,channel,Туры из Тулы | Мариол,720,"✅ туроператор автобусных туров к морю  💯 хороший отдых без переплат под ваш бюджет  🇷🇺 экскурсионные туры по всей России  🌍 а еще бронируем заграницу   ✍️Напиши сейчас, предложим лучшие варианты @mariol_travel или max +79030390392  Сайт marioltula.ru"
dr_volenko,channel,Иван Воленко - пластический хирург,504,"Иван Воленко. Пластический хирург,  онколог-маммолог.   Для записи на консультацию: +7 926 580 9748"
crbgumbet,channel,"ГБУ РД ""Гумбетовская ЦРБ""",201,
oncocareclinic,channel,Онкология. Клиника OncoCareClinic 308,1100,Лечение онкологии по всей России
pomogiludmile,channel,Вдарим по раку!,63,
how_ifcancer,channel,"Как, если рак",79,"Как жить, любить, танцевать или быть счастливой, если ты в  ремиссии после рака. Пишем про эмоции, решения и ежедневные дела"
u_fenia_onkovet,channel,лапУлины истории,246,про горящую мечту✨ https://taplink.cc/vet_ulmalyukova
bybysaratan,channel,BYBYSARATAN.com,45,بزرگترین رسانه تخصصی سرطان در ایران  این کانال را به بیماران سرطانی که در خانواده یا دوستانی که دارید معرفی کنید تا به آنها کمک کنید این مسیر را راحت تر سپری کنند🌹  آدرس کانال: t.me/bybysaratan  آدرس وب سایت: bybysaratan.com  تبلیغات: 09981522522
fond_blagotvorenie,channel,БФ БЛАГОТВОРЕНИЕ,158,Благотворительный Фонд в поддержку женщин с онкологическими заболеваниями г.Тюмень Внести благотворительный взнос https://c.cloudpayments.ru/payments/d58284bb35e64985ba68f0070c1ba05c
misleyroi,channel,Рой непутевых мыслей,93,"Мысли, заметки, ссылки, размышления. Все, чем можно поделиться."
makarov_onc,channel,Хирургия без страха,50,"Более 10 лет помогаю пациентам справляться со своей болезнью без страха. Хирургия, онкология, бариатрическая хирургия.  Лечение механической желтухи  Отвечу на ваши вопросы: • @xray_surgery • https://www.instagram.com/makarov_onc • doc-makarov.ru"
tomoclinic_ua,channel,"TomoClinic ""Резерв""",49,🔗 Основний канал TomoClinic - https://t.me/+IjcH2mZA57hmZTVi  🩺 ЧЕКАЄМО НА ВАС! ‼️ ПЕРШІ отримаєте інформацію щодо актуальних пропозицій нашої клініки
sp3ctr4l,channel,SPΞCTRΛL,970,- ΞSØTΞR‡C ΛDVΛNCΞD RΞSΞΛRCH D‡V‡S‡ØN -PS‡ØN‡CS-  @ECT0PLASM4  -ΛΞSTHETICS-
domleela,channel,Д.Ом,269,"Запись: @leela_alla Пространство для тех, кто устал «искать себя», и готов себя [выбрать]."
naeentilecompany,channel,NaeenTile,764,The NaeenTile Company Channel Instagram: @naeentile.co Website: www.naeentile.com E-Mail: info@naeentile.com
nyanadrill,channel,Надриль РЕСТ (ИН ПИСС),64,
moonshelter,channel,Лунный шатёр🌔,252,"Добро пожаловать, милая✨  Я- Кристина и здесь про Женские даосские практики, полезные привычки, наполняющие ритуалы и просто тёплый круг для души🌸 Instagram и связь в тг с основательницей: @chrisiris"
hansaatma,channel,Hansa Atma | Шривидья Шакти,307,"Я — Ханса, Ваш проводник в мир Крия-Йоги, медитаций для восстановления внутреннего состояния и энергии✨  Мероприятия: https://hamsa-spa.tilda.ws/ Центр развития. Пси-дизайн: https://t.me/psidesign  https://vk.ru/hansaatma  Обратная связь: @hansa_manager"
nataorel_photo,channel,Наталья Орёл | Записки фотографа,227,"Канал о жизни и работе фотографа.   Фотографии, которые отражают вашу суть.  Помогаю женщинам увидеть свою красоту без стресса и позирования.  Снимала аватарки членам Правительства РФ  Связь со мной https://natalyaorel.tilda.ws/ Написать ТГ @NatalyaOrel"
narayana_center,channel,"Нараяна в Сочи 🌴 Ретриты, йога, релакс",238,"Место силы для благостного отдыха с мощной энергетикой реликтового леса🌳 Сочи🌴🌊 Идеально подходит для ЙОГА-ТУРОВ, РЕТРИТОВ, ФЕСТИВАЛЕЙ и других практик🧘‍♀️  Наш сайт: https://narayana.center"
stanzaunica,channel,STANZA UNICA,77,Творю руками здесь https://stanzaunica.com/ и вместе с вами здесь https://terravipassana.com/ а также https://www.instagram.com/stanza.unica?igsh=NWcwMGgwOHU5dW55&utm_source=qr
tsirlapuddle,channel,Tsirla pudde ПЕРЕХОДНИК,184,
nailadraw,channel,𐋏ᥲᥙ᧘ᥲ ρᥙᥴуньκᥲᥱᴛ,24,Позорюсь
ya_nastya_25,channel,я__настя.25,97,… и даже дверь открыта🚪
nanalee_malina,channel,ᴍᴀʟɪɴᴀ ɴᴀɴᴀ ʟᴇᴇ ❔,45,Start: 17.05.2025. End: Для связи: @V1RRi_D  Start: 17.09.2024
nazaborenamalevali,channel,на заборе намалевали,44,
rezayat_najla,channel,رضایت مشتری آرایشی نجلا,11,کانال اصلی: @najla_cosmetic رضایت: @rezayat_najla
jeppa420,channel,жёппа,1206,
djozzidi,channel,НУБЫ,3395,Djozzi Di Avakin life через жопу https://youtube.com/c/DjozziDI https://www.instagram.com/djozzi_di_official/
yupi1990,channel,Магазин «ЮПи»,349,🌟корейская косметика  🌟нижнее белье  🌟Indefini
aaaaakusiska,channel,кусисковые Бреньки (ОляДымный дневник),733,"Щитпост кусисы 2.0  Вк, соси немытую жопу"
jav_online,channel,JAV Online,661,"Welcome to JAV Online! Your go-to place for the latest and hottest pictures of idols. From porn stars to actors, we share exclusive content to keep you updated on your favorite celebrities. Join us and explore a world of stunning idol images! 🌟📸"
avarus,channel,Жмот,897,"Научу на личном примере, как не подставлять свою жопу капитализму и как вытащить себя из нищеты! Экономим и структурируем свои финансы.   чат - @ZlobChat_Bot  реклама - @Avarus_official"
nahui_bab_i_mujikov,channel,Дизертирство синусовой аритмии,320,Ебитесь в жопу эмигранты
juliaosipovaselfie,channel,Осипова,198,"Тормошу бизнесменов и не только в сложный период. Без мата, но крепкое словцо точно проскочит. Владею Уваровским Маслодельным заводом, шарю в клинической психологии и сексологии. www.juliaosipova.com Архивы @YagaIzbushka_Bot Связь: @OsipovaJulia_bot"
okunewww,channel,окун хуекун,358,"Жопу чухать, пальцы нюхать Анонимка: t.me/anonaskbot?start=mujlbluabryctuh"
rishaaoffc,channel,как говорит риша,407,"не можешь срать, не мучай жопу анонка, пиши сюда: https://t.me/anonimnye_smss_bot?start=1041093568"
zhora_zhopu_otsidel,channel,Жора жопу отсидел,256,"Честный разговор @thnksunvrse о том, как жить счастливо и в кайф, используя практические инструменты работы с запросами и состояниями. Без сложных щей 👌 в формате рекомендаций и советов из личного опыта.  Получить порцию заботы: https://ilyazhuravlev.com"
skateboardcf02,channel,Skateboard confession [🛹💉],313,Ходят слухи что все кто добавляют в ник эк нашего кф снот целует в жопу ЛИЧНО!!!💉💉💉🔥🔥🔥🔥
garagemag,channel,Гараж — про Петербург,346,Куда в Питере сходить? Где выпить и поесть? А где приключения на жопу найти?  Сайт работает во время блокировок — garagemag.ru  Связь — @garagefeedbackbot  +18
nda_tresh,channel,сраковая жопухоль,84,пропуск только по теплым обнимашкам
web_marii_d,channel,Вебинар Марии Деригиной «Быстрый старт в онлайн-инвестировании»,228,
sklif_marii,channel,my.marii,103,🎥🎬 Фан аккаунт про прекрасного актёра и прекрасную актрису  🎭 dartmill m.kulikova77 my.marii {2.03.2025}
sonsjuliasyardina,channel,Юлия Сярдина julia.pro.son ДЕТСКИЙ СОН💤 И ЗАВЕРШЕНИЕ ГВ,3353,"Привет! На связи, Юля Сярдина, твой консультант по сну и завершению грудного вскармливания целостного подхода.  Это мой телеграм-канал."
evgeniya_shulaeva_pro_son,channel,Консультант по сну | Евгения Шулаева,102,"Меня зовут Евгения, и я сертифицированный консультант детскому сну  У себя на канале делюсь полезной информацией о сне малышей и не только 📝  🎁 Дарю гайд Сладкие сны за подписку  Подписывайтесь, буду рада общению 🙌🏻  Л.С. https://t.me/evgeniya_shulaeva"
vinoizo,channel,WINE_CAT,560,"Всё о вине и мире виноделия, каталонского и не только 🍷  Контакт: @pasha_cat"
vinasdinoi,channel,Вина с Диной🍷,915,
womenartist,channel,Women Artist,564,Women Artist Media Network  © 2015  Under Brand: @WomenAgency  Editor: @KamiloArtmand
wonderwomenclub,channel,Wonder Women Club,165,for | about | by  women
womenamongus,channel,𐙚Woman Among Us,422,"Анон: t.me/anonaskbot?start=mnqewta >Наш чат общения: https://t.me/+y0N4E1sgIuwyY2Vk  >Здесь я буду скидывать код комнат для игр с подписчиками, а так же делиться чем то новым для себя🌹"
womens_shine,channel,ЭФФЕКТ,181,"Добро пожаловать в ""Эффект успеха"" — союз сильных женщин, пространство поддержки, роста и баланса☀️  Начни отсюда: https://t.me/womens_shine/749  Запись на бесплатный разбор вашей ситуации @womens_shine_1"
women_club_muine,channel,Женский клуб Муйне,355,"Международное сообщество, объединяющее женщин онлайн и офлайн: • Знакомства и мероприятия • Обмен возможностями • Творчество • Телесные практики  Наш чат для общения @women_chat_muine  Онлайн-формат «Свой теплый круг»  🌸Основатель Анна @anna_muine"
simplewine_mosfilm,channel,SimpleWine | Винотека Мосфильмовская 88к4,241,"Территория винных открытий г. Москва, район Раменки, ул. Мосфильмовская д.88к4с1 Интернет-витрина: https://simplewine.ru/ Сеть винотек: @simplewineru"
ww_by_simple_nsk,channel,Винные мероприятия Норильск,417,Тёплые новости в холодном городе🌆 Тут все про городские винные мероприятия! 18+
womenjw,channel,Украшения|Обереги|Обучение Москва,193,"⚜️ Мастерская бренда ""Women Voices""  Редкая огранка, высокое качество, доступно каждой!  Создай Оберег из редких Камней на свой Вкус и Запрос.  Шоурум Мск м.Нагорная 2 мин от метро.  ⚜️ Создательницы @Maria_El и @kanaeva_psyholog"
abspecial888,channel,華南期貨 詩貝show,198,我們是由兩個人一起為您服務的營業員  📱聯絡手機 詩宇（小詩）：0906068925 姿靜（貝兒）：0956571021  ☎️專線電話 (02)2545-0717
womenagency,channel,Women Agency,147,• World Wonder Women • 2020-2030 Project • ⁦🇺🇳⁩⁦ 🇨🇦⁩
women_chat_muine,group,Женский чат Муйне,169,👯‍♀️Чат для общения  Телеграмм канал сообщества @women_club_muine • Знакомства • Встречи и мероприятия • Обмен возможностями • Творчество • Телесные практики   Сотрудничество и реклама: Анна @anna_muine
womennp,channel,Женская душа• психолог,115,"Женский психолог Наталья  Помогаю женщинам справляться с реальными трудными ситуациями — когда сложно, страшно и непонятно, куда двигаться. @psy_npbot — поддержка без критики — понятные техники для устойчивости — бережное сопровождение  в кризисный период"
mrskarze,channel,nkeeeisxx#mrskarz !¡,122,Инста: kukawqq ТТ:nkeeeisxx анон: @mrskarz_bot лс: @Kukawqq Буст: https://t.me/boost/mrskarze
wine_games_tm,channel,ВИННОЕ КАЗИНО🥂WINE GAMES,25,"Тюмень/Екатеринбург/Сургут  Event-агентство не типичных дегустаций🍷казино🎨арт-дегустации🧘🏼‍♀️вин.медитации🃏таро и вино  События, где вы не просто знакомитесь с вином, а получаете опыт, после которого мир кажется ярче и вкуснее❤️ @tatiana_safronova_psy"
qsmpru,channel,qsmp info 🏳️‍🌈,1888,"—pfp: @/kaicrowave on x(twt)  —русская информация про кьюсмп!  —по вопросам к @vqwsxx (ари,она/ее)"
ziznotzeni,channel,~️звёздочки от ари^,831,"По всем вопросикам и рекламам, пишите мне в лс - @Ulcha_Emercom⭐🫶🏻🩷"
arihikingclub,channel,ARI Hiking Club,1015,"Клуб АРИ организовывает туры активного отдыха по Армении для взрослых и детей.   Пожалуйста, связывайтесь только с Астxик по следующему нику @Astghik_ARI (091738991) и номеру телефона для звонков: 094 274 654."
llu_nariuuu,channel,llu_nariii,242,Ариша энхайповна  Хорягер любимых дгн tiktok: misscody💋 inst: llu_nariii Команда : https://t.me/diganaliti 12.12.2007 Коэр
tnt_debo4ka_cosplay,channel,TNT DEBO4KA,607,"Приветствую~ 💖 Я — Ари, ваша любимая e-girl 🥰 Готова поделиться с вами самыми кринжовыми историями, происходящими в моей жизни💋 и косплеями !!  links 💕 https://taplink.cc/tntdebo4ka"
arazukil2d,channel,Фортеця Ари,221,Телеграм канала віпупи та рігера Ари  https://www.twitch.tv/ara_ara_arazuki https://arazukicommissions.carrd.co  ПП: @Ara_Ara_Arazuki Мова тільки українська чи англійська  Only ukrainian or english languages
ari_news_audio,channel,АРИ | Аудио,238,Аудиоверсии передач канала @ari_news  Подкасты и эфиры в формате MP3
ariyayibeats,channel,Ariyayi,119,برای میکس و مستر 🎛🎚Ariyayi021@
aritanzyet,channel,ари танцует 🐿,206,всем привет! я танцор из обнинска. здесь я буду выкладывать танцы и все связанное с ними! для связи: @keiriste
neatarott,channel,♥️♠️NEA TAROT / НЕА ТАРО ♣️♦️,7567,"7 лет консультирования, более 50.000 консультаций. Личные расклады, Школа таро. Записаться на консультацию @neatarot , переписка Отзывы : https://t.me/oneatarot"
sona_private_consulting,channel,SoNa Private Consulting||о налогах просто и по существу,443,SoNa-новое поколение специалистов в области налогового консультирования.  Sona-group.ru
astroether,channel,Астролог Анна Тюреева,408,Астролог с опытом консультирования более 10 лет. Запись на консультацию @annatyreeva
vshpk,channel,VSHPK,454,"Высшая Школа психологического консультирования.  vshpk.ru  Лучший канал для психологов, будущих психологов и их клиентов."
terapiyazavisimosti,channel,Институт психотерапии и консультирования зависимостей,243,Канал Института психотерапии и консультирования зависимостей  https://terapia-zavisimosti.ru/ Чат https://t.me/institutps/ MAX https://max.ru/join/-bEw9xmtMtTsGrlR3VOP0Lulo2G60Pp1iW8boowU5Vs Админ +7 921 093 11 17 post@terapia-zavisimosti.ru
kovalskayam,channel,Мария Ковальская о Психологии,255,"▫️Практический психолог  ▫️Когнитивно-поведенческий терапевт ▫️Опыт консультирования 2,5 года"
esoteric_start,group,Материалы для эзотериков,132,
esotericsanonymous,channel,Esoterics Anonymous,178,
amber_esoterics,channel,Эзотерика. Экстрасенсорика. Магия. Мистика. Психокинетика.,463,
sun_esoteric,channel,SUN ESOTERIC ☀️,401,"Энергозащиты, скорая энергопомощь.  Создаю волшебные браслеты, которые РЕАЛЬНО РАБОТАЮТ.  Всё о магии камней.  Мастер-классы. Обучение. 🪄  Ваш проводник в мир камней @Julietteirk"
taro_esotericis,channel,Таро Эзотерика,722,"Эзотерик, таролог, рунолог, целитель и просто ведьма  со столетним стажем WhatsAp +7 989 703 8001 Телеграмм @love__Magic_  Прайс https://hipolink.me/Visit  ОТЗЫВЫ https://t.me/+NBeFzKDrgLAwM2Qy  Благотворительные сеансы https://t.me/+714Qpopyw1Y5YWQy"
esotericlabs,channel,Магия Луны 🌀 Эзотерика. Астрология.Таро,1347,"💙 Магия луны - это сообщество увлеченных эзотерикой Для всех, кто любит магию, для тех, кто верит, что мир не так то просто, что есть чудеса, и что то выше нас.  💙💙💙 для записи на расклады пишите в личные      @Sonia_Settima"
esoterics_zine,channel,Esoterics-Tarot zine,115,"Некоммерческий проект, посвященный созданию уникальной колоды таро. Вк: https://vk.com/esoterics_zine"
esoteric_astrologer,channel,Esoteric Astrologer,516,Phillip Lindsay's monthly newsletters and regular posts on esoteric astrology.
esoterichyperborean,channel,Esoteric Hyperborean,1957,Cozy Politics group meme dump archive (OG Tele Hyperborean channel) The more ear rape and distortion the better.  Dudes made serious channels based on this one? Cool
esotericlibary,channel,EsotericLibary,145,books
esoteric_guid,channel,Код Вселенной,143,"✨ Про отношения, внутренние состояния, энергии периода и знаки, которые приходят в нашу жизнь не случайно.  Таро • чувства • совпадения 🤍  @Elena_taro_astro"
esotericatlantean,channel,Acroaticus Atlas Aryanis,1527,Aryan Mysticism.
esoterics_psychology,channel,Эзотерика | Психология,145,Всё о эзотерики и психологии только здесь!
esotericsspvcpatch,channel,ESOTERICSS PATCHES CATALOGUE,926,Full patches catalog from EsotericcSS  @EsotericcSS
esotericismconf,channel,𝖊𝖘𝖔𝖙𝖊𝖗𝖎𝖈𝖎𝖘𝖒 𝖈𝖔𝖓𝖋𝖊𝖘𝖘𝖎𝖔𝖓,64,
portnura,channel,(РЕСТ) ✧ᩙ‌⃔ㅤִ ︎︎ ︎︎ ︎︎︎ ៸៸ 𝒩𝑢𝑟𝑎 𝒫𝑜𝑟𝑡 ㅤ𖫲ㅤ,61,Info — @infosokkiport Оформление от @Frelisdiva   Started — 18.04.2026       Owner — @Wereqeqq           Tik-tok —sokkiport Удаляю посты с союзом через несколько часов
pora_uznaty,channel,Пора узнать,141,"Канал «Пора узнать» представляет собой уникальное пространство, где вы найдёте самые интересные и неожиданные факты обо всём на свете.  Если вы желаете поделиться информацией с подписчиками нашего канала, пишите в чат:  https://t.me/Vladimirbednenko"
pora_domoi_bsa,channel,"Пора домой: обо всём, что важно.",286,"Мудрость православных традиций. Истоки и параллели.  Обо всём, что истинно и важно русскому человеку.  Со страниц журнала «Пора домой» и из жизни наших друзей.  Все номера и материалы (с) www.порадомой.рф  Корпоративный сайт www.bsa-dom.ru"
chitat_podano,channel,Chitat_podano,1454,"Канал о книгах и не только.  В основном детские, но и взрослые бывают. От авторов инста-блога Сhitat_podano. Здесь Ксюша и Лиля 👋🏻 Сотрудничество @che_ksu"
photoparadigm,channel,mosh.media,72,
bulichmouse,channel,Замок белой мыши🐁,435,ИЭИ инфп эфлв какие там ещё буквы бывают  ВК группа - https://vk.com/bulka3500699
tgleonaksika,channel,База Лео,541,Добро пожаловать в логово Леонакса!  🟣Канал стримера Twitch🟣 — https://www.twitch.tv/leonaksik  Здесь бывают анонсы стримов и ивентов  Телеграмм группа: https://t.me/+ivHBntOC0y45MTcy  По вопросам сотрудничества: Предложка
hello_astrakhan,channel,Астрахань,1436,"Новости, фото и афиша"
bariatrics30,group,Бариатрия в Астрахани,240,"РЖД-Медицина 📍 г. Астрахань, ул. Сун Ят-Сена, 62 (главный корпус - 4 этажное здание)  Режим работы: 🗓 по будням с 8:00 до 16:30 🗓 суббота и воскресенье - выходные дни  Контактные телефоны: ☎️ 8 (8512) 29-30-40 - Менеджер по бариатрии"
pogodavao,channel,И о погоде в АО,215,Свежие новости о погоде и не только в небанальном стиле/Астраханская область.
dominvestor_chat,group,Чат Money House Team,1623,Новостной телеграм канал: https://t.me/dominvestornews Связь с главным администратором: https://t.me/Dominvestor
tagiopro_discounts,channel,Tagio.PRO 🔥 Скидки - Всегда актуально,579,"🔴18+ Скидки: @TagioPRO_discounts_adult  🔹Добавить канал: https://tagio.pro/channel/add/ 🔹Условия: https://tagio.pro/article/48/skidki-v-realnom-vremeni/  💶 Принимаем: Qiwi, YooMoney, Visa, MC, Mir, BTC, ETH...  👮‍♀️ Все каналы проверены командой Tagio.PRO"
rabota_msk_narashvat,channel,Работа в Москве и МО | Вакансии нарасхват,299,"Вакансии 📍 Москва и Московская область  Только прямые работодатели: проверены редакцией, звонят сами, точно ищут людей.  Сеть каналов: https://t.me/+UGKyOjMlxns1MzYy"
yablo_gadgets,channel,ЯБЛО GADGETS,487,"📱Продажа, ремонт⚙️ и скупка техники💻 | 🗞Новости из мира гаджетов и многое другое Самые сочные😋 цены в городе🔥 Все наши телефоны проверены✅ Для уточнения каких-либо вопросов можете звонить по телефону или писать в личные сообщения @yabgad 📩👨🏻‍💻👩"
kashinmethod,channel,Метод Кашина | Продажи с умом,207,"Я - бизнес-тренер, практик и консультант. Канал о системных продажах, менеджменте и командах.   Живой опыт, инструменты, честные выводы и решения, которые проверены на практике."
docofthecountryofthesoviet,channel,Врачи Страны Советов,107,"Это канал врачей широкого профиля с классическим  советским высшем медицинским образованием .  Все советы, рецепты и рекомендации проверены временем и практикой  эпохи СССР."
tagiopro_discounts_adult,channel,Tagio.PRO 🔞 Скидки - Всегда актуально,126,"🟢 Скидки: @TagioPRO_discounts  🔹Добавить канал: https://tagio.pro/channel/add/ 🔹Условия: https://tagio.pro/article/48/skidki-v-realnom-vremeni/  💶 Принимаем: Qiwi, YooMoney, Visa, MC, Mir, BTC, ETH... 👮‍♀️ Все каналы проверены командой Tagio"
apk_7kcasino_android,channel,🎰 Приложение 7K Сasino - Скачать APK для Android 🎰,48,"📱 Скачивай APK и устанавливай приложение 7K Сasino для ОС Android прямо в Телеграм! Переходи, чтобы подписаться 📱  https://play.google.com/store/games?hl=ru  Все APK-файлы проверены на вирусы (проверно на https://www.virustotal.com/)"
ramandiikiu,channel,Fasihi-Ramandi Math,271,این چنل جهت ارتباط با دانشجویان در کورس های ریاضی ایجاد شده است.  فصیحی رامندی گروه ریاضی محض  دانشگاه بین المللی امام خمینی
bahmanphysicsnab,channel,کانال فیزیک ناب - بهمن سلطانی,5,دبیر  فیزیک  و  ریاضی
gomel_gorsovet,channel,Максим Григорьев 🇧🇾,283,Официальный telegram-канал депутата Гомельского городского Совета депутатов🇧🇾 Григорьева  Максима Андреевича   Обратная связь @gomel_gorsovet_bot
ikrynoe24,channel,Икряное 24,4555,Новости Икряное (Астраханская область).  Купить рекламу: @Dm1tryMo С маркировкой через биржу: telega.in/c/ikrynoe24
znamensk_channel,channel,Канал Знаменска,812,У вас есть возможность связаться с нами и предложить свою новость с помощью телеграм-бота @KuzmaAI_Bot
aifastrakhan,channel,Аргументы и Факты - Астрахань,144,"АиФ —Астрахань : объясняем, что происходит | новости, комментарии, истории, ответы на вопросы, инструкции.  Сайт: astrakhan.aif.ru"
avtonomerbot_news,channel,,,
avtonom_chat,channel,,,
nomerok_chat,group,Номер Сочи Chat,815,Открытый чат проекта «Номер Сочи»  Telegram-канал: https://t.me/nomer_sochi  📍Только: продажа/покупка/обмен ГРЗ • Один и тот же номер можно публиковать не чаще одного раза в сутки ❌ Запрещено: • Продажа без указания стоимости • Публикация неполного номера
garazhka_spb,channel,GARAZHKA SPB,56,"Гаражная распродажа, маркет, обмен вещами, сортировка, DJ, тату, еда   🍉22/23 августа 📍загружается…"
gmz_by,channel,"ОАО ""ГМЗ""",79,"Официальный канал ОАО ""Гродненский механический завод"""
uszn_tarum,channel,"ГКУ РД УСЗН В МО ""Тарумовский район""",50,"Директор Гаджиев Магомедали Гаджиевич РД, ТАРУМОВСКИЙ РАЙОН, С.ТАРУМОВКА, УЛ.СОВЕТСКАЯ, Д.17 89280626219     8(87261)31283"
gazglobal,channel,GAZglobal,20,GAZ Group worldwide news
alexsasha_rog,channel,Алексаша Рогова 💕🌱,610,🔪участница кулинарных шоу на Пятнице   ♻️Молодёжный амбассадо Всероссийского общества охраны природы 👩🏼‍🍳Чемпионка России-World Skills Russia junior в компетенции «поварское дело» 🏆Трёхкратная мировая рекордсменка
ksushaa_alex,channel,AleX - по честноку,55,YouTube https://youtube.com/@iamalex-y2h?si=ZFXXxlkY4eOUIdrq Inst https://www.instagram.com/ksusha_alex16?igsh=cGl6OTRjaXlkOXVi
gaplines,channel,Gaplines,72,"Алексаша междустрочно и на линии 👋! Здесь и сейчас, в Гэпах.  Это канал о моей жизни, политике и социуме России (А теперь и Финляндии). Присоединяйтесь! Читаю и отвечаю на ваши комменты 👻  АО | @aonnekoski"
alekseevanatasha_ph,channel,Наталья Алексеева жизнь и фото,47,Заметки семейного фотографа Сайт: alekseevanatasha.ru
ssttshh,channel,Sati.,101,
moscowsquash,channel,Федерация сквоша Москвы,322,
zariana_kosmos,channel,"Заряна|Секреты отношений, подарков и денег",1218,"✔️Здесь о том, как обрести счастливые отношения и предложение 💍, получать подарки от мужчин:💐🏠🚘💵  Наставник по отношениям, супруга, супер женщина с супер способностями, коуч 💫  Кейсы: https://t.me/results_Zariana СВЯЗЬ: @lovegram_25"
svet_neuro,channel,ПУТЬ К СЕБЕ | Светлана Шилова,731,"Твоя новая реальность уже существует. Моя задача — помочь тебе перейти на её ветку. Помогаю выйти из старых сценариев и перейти на новую ветку реальности через изменение мышления, состояния и кода личности. Пиши в ЛС https://t.me/Svet_Lana_1975"
svet_camp,channel,SVET - семейный психологический центр в Тбилиси и детский лагерь в Грузии,139,Поехать на смену летнего лагеря 2024: https://svet.fun/  Задать вопрос: @svet_camp_olga  SVET - это помощь и забота от психологов для детей и родителей.
kino_svet,channel,Кинокомпания «СВЕТ»,237,"Производство кинофильмов, видеофильмов и телевизионных программ. 11 лет на рынке. Генеральный директор Ляпичева Елена Викторовна."
rodina_svet,channel,SVETLANA RODINA,622,
svet_ksv,channel,"Возможности, а не причины",154,"Светлана Кутрань  Финансовый и экзистенциальный коучинг  Помогаю вам организовать свою жизнь по вашим правилам для финансового благополучия и реализации всего, что сейчас важно для вас.  По всем вопросам @ksv2401"
svet_show,channel,S.V.E.T.,133,"Трансформационное шоу, которое зажжет источник силы в каждом⚡️"
svetpr,channel,Свет,5,Svet.press
svet_masla,channel,СветМасла | Светлана | Маслоделочка 💛,176,Познакомлю тебя с миром натурального сыродавленного масла 💛  Как кушать? Куда мазать? Где хранить? - расскажу здесь 🫶  Связаться со мной лично  @Ya_Svet_Lana  *Пусть будет для здоровья🧚
nastavnikalaniya,channel,МАСТЕРСКАЯ СУДЬБЫ Алании Вей / Психолог/Наставник/Проводник в райскую жизнь,902,✨Мастерская судьбы наставника осознанной жизни и психолога. Помогаю стать ресурсным🔥и счастливым!   Практика 🎁 за подписку!  🤗Познакомимся?: @nastavnikAlaniya_bot  Сайт наставника:  https://schoolalanyavey.ru/oowner  Связь: @alaniay777444
ravnovesietaro,channel,Равновесие ♾️,1576,"Добро пожаловать на канал Натальи Бежацкой — соавтора колоды «Таро Переплетений», наставника и преподавателя Таро, энергопрактика, мотиватора и ведущей трансформационных практик и мероприятий.  Здесь мы исследуем темы Баланса, мудрости и развития."
bboy_arsti,channel,ПУТЬ НАСТАВНИКА | АРСЕНИЙ КОЗЛОВ,572,"Курс+ : https://taplink.cc/bboy_arsti  💫ДЛЯ РОДИТЕЛЕЙ, ДЕТЕЙ И ТРЕНЕРОВ: МОТИВАЦИЯ, МЕТОДИКИ И ПУТЬ К ЧЕМПИОНСТВУ  🫡Связь со мной: @bboyarsti"
yasiiart,channel,YASIart🌿,801,نقاشی با YASIart🌿 ناشناس @yasiartbot
reallysiakim,channel,Kim Sia,95,Lolita🐰 @l0l1tA2_bot
eywavybralatebyachyzezemec,channel,Eywa’s Basement🫧🪷,87,Hi!!!!! Inst: _aikosaur_eva TikTok:_aikosaur_eva
sinijsvet,channel,Синий свет (2023) смотреть фильм онлайн,11,"Здравствуй! Ваш новый фильм ""Синий свет"" (2024) доступен для онлайн просмотра в интернете в хорошем качестве HD 720, также можно смотреть бесплатно в качестве 1080 и 4к, новый фильм полностью в дублированном переводе и с хорошим звуком."
eoneagr,channel,‘ ይσᥒεα . は,17,🏖️𝗌𝗍𝖺𝗋𝗍 : 30.07.2025 𝖾𝗇𝖽 : 𝗐𝗁𝖺𝗍? 𝗇𝗈! 🥥
viktordudka2005,channel,Віктор Дудка Переходник в тгк Виктора Дудки,184,Залетай в канал Тг есть в канале в етом Или https://t.me/+VqFv9LH6EtQ3YmEy  По вопросам @wbc_mngr  @qwertypoiuyh  @wbc_reklama  https://t.me/viktordudka2005  https://www.instagram.com/vitia_dudka2?igsh=MXFmZmlkaGFwN2xubw==  Виктор Дудка
victor_volkovich,channel,Victor Volkovich’s Channel,189,"Канал Волковича Виктора.  Музыка, тексты, видео и заметки на полях"
viktor_artist,channel,🌚Мандри Віктора+18🌝,142,"Привіт, вітаю вас у своєму телеграм-каналі.  Inst: https://www.instagram.com/mr.victor_0_0?igsh=bG1zb3I3cDY2bWRr"
piter_books,channel,📚 В этом и смысл! Книги и сериалы.,416,Книжные рекомендации прямо из Петербурга 18+ О главном — простыми словами.   Сотрудничество @mary_metod
va1errchik,channel,VELYUR,272,
korzlife,channel,Korz Life,14,
mandassanbeats,channel,MANDASSAN BEATS,164,ONLY BEATS
maniacdeathtvmple,channel,M D T,251,"Perm holders : Zuu, Wock Gen Owner : Wem/Fraud, Wendigo @'s : @WemURCCC , @wendigoHN"
sayarak_choliqazak,channel,سیارک چولی‌قزک,219,ما کلمه و کتاب به دست بچه‌های روستا و شهر می‌رسونیم.  ما اهالی کسب‌وکار اجتماعی چولی‌قزک هستیم که فعالیت‌های فرهنگی و اجتماعی‌مون‌ رو اینجا می‌ذاریم.   کانال کسب و کار اجتماعی چولی‌قزک: @choliqazak  ارتباط با ما: @choliqazak_admin
demedzik444,channel,DEMEDZIK 🦅,145,
rndmstar,channel,JDIZZ [🇦🇺],122,𝄞 @JDIZZ_STAR <ーー инфо
mindollx,channel,Mavlicoo!,82,"Всем хай! Єто мой новий тгк. Тут будет обо мне тут плейси мои, конкурси, кастомки и.т,д. Цель стать кибер спортцменом)."
mandafm,channel,ApertureFM,33,"Лучшее радио за последнюю тысячу лет! Заказывайте песни для души, поздравления с днём рождения и друзей в корпорации: Корпа - @ApertureAnnouncements Войсо-диджей - @fakeshluck Муз-диджей - @zzzzzxxxxxxzzzz"
baskamadout2,channel,BASKA_madout2,40,ВСЕХ ПРИВЕТСТВУЮ НА КАНАЛЕ ПО ИГРЕ MadOut2. ТУТ ТЫ НАЙДЕШЬ: 1) НОВОСТИ О НОВЫХ ИМПОРТАХ И ПОСТАВКАХ. 2) НОВОСТИ ОБНОВЛЕНИЯ ИГРЫ. 3) ЗАБАВНЫЕ И ПОЛЕЗНЫЕ ВИДЕО/ФОТО. •КАНАЛ TikTok. www.tiktok.com/@baska_ridze •КАНАЛ YouTube. https://www.youtube.com/@BASKA
longdick2003,channel,YourBozak,21,
hardeizikchanell,channel,grob Hardeizika,28,
manfredmannarchive,channel,XENICHZ'S MANFRED MANN ARCHIVE!,15,Архив моих информационных постов о группе 60-х Manfred Mann!  Основа @xenichz🍊
viktor_gutman,channel,ViktorGutman,2218,Привет✋ Реклама: @ViktorGutman  Мои соц.сети: TT: www.tiktok.com/@viktorgutman YouTube: https://www.youtube.com/@viktorgutman Inst: www.instagram.com/viktorgutman_ ТГ: @animetarakans Рутюб: https://rutube.ru/channel/8916629/ Twitch: twitch.tv/viktorgutman
viktor_tsoy1,channel,Виктор Цой Музыка,1658,Есть вопрос? Спроси - @ploxoybot   https://t.me/joinchat/AAAAAFJiRC-NPUScNTAjAg - СРОЧНЫЕ НОВОСТИ  👉 @CHEMPIONOV_LIGA - Все о футболе  👉 @investitsii - Все о деньгах  👉 @Lyubovc - о любви ♥️    👉 @milliarder - Мужской журнал
yoga_viktor,channel,BRAHMAN,236,ЙОГ С КАВКАЗА 🏔️ спортсмен • музыкант • программист тренировки и музыка на сайте https://viktor.yoga/
speckorrespondent,channel,СпецКорр V,5849,"Эксклюзивные новости, мнения экспертов о  проведении СВО на Украине.  Связаться с нами -   https://t.me/speckorrespondent?direct  https://t.me/Viktor_Mitrik  О канале: https://t.me/speckorrespondent?boost"
viktor_leonenko1,channel,Виктор Леоненко | lvch_clan,594,leader dm 👉 https://t.me/Viktor_Leo
sorry_im_eating,channel,Ложечка за маму,192,"Детский нутрициолог, специалист по работе с пищевым поведением   Начни с гайда «5 причин почему ребенок малоежка», скачать можно здесь ⤵️ https://t.me/lozhecka_bot  📌 Навигация канала в закрепленном сообщении"
psichologmorozov,channel,ПсихологОтношений Аркадий Морозов❤️✨🌞🌈,297,"Помощь в решении семейных и межличностных вопросов; зависимости, психосоматика. Психологическая поддержка Мужчин консультации онлайн и оффлайн.  Мастер практик ""Добаюкивания"" @arkadii_morozov http://циклпрактик.рф/"
hismangalist,channel,Свой Мангальчик,248,"""Свой Мангальчик"" 🍖 Самое вкусное мясо ждет вас по адресу: Орлова 10а, с 10:30 до 21:00 понедельник - суббота; и в воскресенье с 11:30 до 20:00. Приходите голодными! 🔥 Для заказа: +79937541373 звонки;  Телеграм: +79677741373"
paintingsforsoul,channel,Картина души ✨,153,"Создаю энергокартины и аромасвечи, которые притягивают удачу и исполняют желания ✨🕊️  Арт - встречи, игра Лила  По вопросам приобретения картины, свечей или коуч - сессии, сессии с МАК картами, вы можете написать @uliya_zhu  Коучинг/энергокоучинг"
annalad_souldesign,channel,ДИЗАЙН ДУШИ с Анной Лад,241,"💰 Деньги • ⚖️ Тело • ❤️ Отношения • ✨ Реализация Метод ДД: глубинная работа с подсознанием. Доходы ×2, похудение без самоистязания, гармония и ясность пути. 🎁 Бесплатная практика на раскрытие денежного потока 👉 https://t.me/c/3493272166/4"
allaaman,channel,Алла Аман | Авторство как стиль жизни,102,"Я-Алла Аман. Исследователь и творец. Социальный предприниматель. Основатель Форума #ГАЛАРОЗА  Здесь о том, как быть СОБОЙ.  Личка: @Alla_Aman ВКонтакте: https://vk.com/allaama"
blyudanamangale,channel,Блюда на мангале,28,
holymandala,channel,HolyMandala,41,
nkomart,channel,НКО МАрт,25,"Некоммерческая организация МАРТ (Мир, Адаптация, Развитие, Творчество)"
freenunrecords,channel,СВОбоду Манашкам Records,8,
mangoengl,channel,🥭 Mango English,19,🥭 Английский от преподавателей из Англии 🥭 Гибкий график обучения 🥭 Разговорный клуб с носителем языка 🥭 Диплом после окончания обучения 🥭 Поездка в Англию для практики  Бесплатное тестирование https://www.mangoengl.com/test
mathematicsel,channel,ЕГЭ и ОГЭ по математике с Егором Львовичем,504,Подготовка к ЕГЭ/ОГЭ  Отзывы учеников - https://t.me/otziviegoralvovicha  По всем вопросам писать @egorlvovich
poet_egorov,channel,Схождение на да,163,В этом канале будут появляться стихи (и не только!) Александра Егорова✍️
egorovaannaa,channel,В потоке блогинга 🥨,399,"Канал, где захочется остаться!   Здесь тебя ждут полезные находки для контента и вдохновение для жизни 🫶🏻   Inst: https://goo.su/mDex7r"
george_ponomarev,channel,егор,69,Егор Пономарев. Культурный феномен.  По всем вопросам @GeorgePonomarev
kurs_egorova,channel,Kurs_egorova1,245,Канал косметолога Егоровой Марины Сергеевны. Это открытая версия канала в телеграм. Основной канал для косметологов расположен по ссылке https://t.me/+djx1ed7OlNszMzQy Для получения доступа к нему необходима подписка.
cheguevarazabkrai,channel,"Движение ""Забайкалье против Олерона""",982,"Канал создан для борьбы с недобросовестным региональным оператором ""Олерон+"" по обращению с твердыми коммунальными отходами в Забайкальском крае."
ekograd_n,channel,ЭКОГРАД-Н,628,Региональный оператор по обращению с ТКО Задать вопрос можно здесь: @ekograd_n_smi
regstroicom27,channel,РегСтройКом,616,Региональный оператор по обращению с ТКО в Хабаровске и районе им. Лазо с 01.01.2025
mohartiya,channel,Хартия-Московская область,583,♻️ Региональный оператор по обращению с твердыми коммунальными отходами на территории Московской области в Ногинской зоне.  @mohartiya
regoperatorekotrans,channel,"ООО ""ЭкоТРАНС""",413,Региональный оператор по обращению с твёрдыми коммунальными отходами на территории Алейской и Славгородской зон Алтайского края
realsteee,channel,живᴀя стᴀль | флᴀнкиᴘовкᴀ Краснодар,118,Откройте для себя новый уровень владения холодным оружием с занятиями по фланкировке шашкой!  📲 89892915450
psk_arsenal,channel,"Стрелковый клуб ""Арсенал"" 📍Новороссийск",163,Занятия для подростков и взрослых 💪 🇷🇺 патриотическое воспитание 🩹 первая помощь и тактическая медицина 🚁 БПЛА: управление и основы конструирования 🔫 основы безопасного обращения с оружием 🎯 IPSC Air Action для детей и их родителей
anpproduction,channel,ANP Production,138,"Medcom Origin - coop FPS shooter о городе, где медицина стала оружием. Болезнь уничтожила привычный мир, улицы утонули в хаосе, а выжившие готовы убивать ради шанса прожить ещё один день."
idpa_72,channel,«Щит» Центр подготовки,102,"Формируем в Тюмени культуру ответственного и безопасного обращения с оружием.  Мы занимаемся не развлечением и не агрессией. Наша задача — обучение, безопасность и формирование ответственного отношения к оружию в городской среде."
ffa_spb,channel,Федерация фитнес-аэробики Санкт-Петербурга,386,
clashofnft,group,ClashofNFT Community,3213,ClashofNFT is a game in the real sense of #Web3 and implementing the concept of #DAO to the end. 🐤Twitter: twitter.com/Clashofnft 👾Discord: discord.gg/clashofnft 🌐Website: https://www.clashofnft.io/
eva_ffa,channel,مجرة,314,انستا ev_o65
coffedaoannouncement,channel,UniversalCoffeeDAO Official Announcements Channel,443,
fomoradioai,channel,FomoRadio AI,786,"RADIO AI: FOMO FM—The first-of-its-kind AI-driven media platform, inspired by Elon Musk’s vision for X as the ultimate “source of truth.” 🎙️"
furioscampus,channel,FURIOS,177,"Nachrichten direkt vom FU Campus: Politik, Kultur, Meinung, Wissenschaft und was sonst auf dem Campus abgeht. FURIOS-Artikel direkt per Telegram!"
movefunsdao,group,MoveFuns DAO,286,Writing Move funs and make fun! https://movefuns.org/  https://discord.gg/movefunsdao
rmntiztiycf,channel,переходник романтизация кф,528,
rimmakulgildina,channel,Римма Кульгильдина||На кухне у автора,534,Кое-что о личном от писательницы Риммы Кульгильдиной и романтическое фэнтези для уютного чтения. https://litgorod.ru/profile/142394/books https://www.litres.ru/author/rimma-kulgildina-32970835/ https://author.today/u/kulgildina_r/works
bookudrova,channel,Любительница аудиокниг | bookudrova,396,"Добро пожаловать в мой маленький книжный уголок! 💛✨ здесь все про романтику, фэнтези и о романтическое фэнтези  Inst: https://www.instagram.com/bookudrova TikTok: https://www.tiktok.com/@bookudrova Реклама - @alenakudrova"
anna_soleyn,channel,Анна Солейн | Романтическое фэнтези,234,
monmartry,channel,жабка-ведьмочка | ромэнтези,236,"Пишу славянское романтическое фэнтези о девушке, которая всю жизнь ненавидела ведьм, пока не узнала, что сила древней Богини проснулась в ней самой ✨📚 для связи: @monmartr"
wtfairybookzzz,channel,"Кринжую, но люблю | Ромфант",218,"Юля Сóколова. Пишу, читаю и просто обожаю романтическое фэнтези. И тебе советую. 18+  Закреп обо мне: https://t.me/wtfairybookzzz/9  Для связи @wtfairybookzzz_yu"
nevskyromanphoto,channel,ROMAN NEVSKY,224,"Искренние фото и кино-истории о вашей любви. Индивидуальные съёмки.  Роман Невский из Санкт-Петербурга. Канал посвящен искусству фотографии, стилю, моде, творчеству и красоте.  Для связи со мной @nevskyroman Мой сайт www.nevskyroman.ru"
videosdushoy,group,Видео С Душой из фото на Заказ,164,"Создание трогательного видео на разные темы: Видео Поздравительное, Видео в Память, школьное, детское, свадебное, романтическое и тд. Оживление фото, создание музыки и т.д"
eyrena_kosmos,channel,Эйрена Космос❤️ Романтическое фэнтези,121,
bellabert,channel,Белла Берт | Романтическое фэнтези,98,"Сообщество, посвящённое захватывающим фэнтези историям Беллы Берт  Оффициальный сайт автора https://bellabert.ru/"
katiadeloire,channel,Катя Луарская (Лакруа) | Очень длинные истории,126,"💜 Автор книг в жанре фэнтези, замаскированного под романтическое  💜 Ссылки на книги и соцсети: https://taplink.cc/katiadeloire  💜 Связаться со мной лично: @KatiaLacroixBot  💜 Анонимные вопросы: https://goo.su/VIV3l"
skidlandia,channel,🌏Скидландия,83278,"🎁Актуальные промокоды 2026 г., скидки, цены ниже рынка — это к нам!  По рекламе и вопросам к  — @Rasha_ded  Биржа: https://telega.in/c/skidlandia"
llimirrt,channel,амбассадор счастья,519,"это канал о жизни одной девочки, которая везде и сразу 🤭  связь: @llimirr"
scholarshipaddain,channel,Scholarships Adda 🇮🇳,193,https://youtube.com/@StudentWings
immagcon,channel,Inspiration🍃,47,Немножечко моих мыслей и окружающих меня вещей🌿💚
brighttnel,channel,𝐵right2nel,3,"V1LLA , LEE N3LI , M1KA , H1RAI  best gg  -  1O1% fearless yt - @brighttnel"
viri_boni,channel,Мужики греческие и латинские,570,"мемы, мужики, котик Кася (18+)  админка: @taygete"
prostitezakrinsh,channel,Сага грешницы,256,а мне нарисованные мужики дороже личной жизни
muzhiki_musor,channel,МУЖИКИ МУСОР,143,Канал имени твоего бывшего Заболела? Выздоравливай 😘
silneyhiyy69,channel,Армрестлинг 💪❤️,260,Чемпион России в 75 кг(правая рука)(левая 2 место)2026 Чемпион Ярославской области мужчины и юниоры Чемпион Костромской области юниоры 2-х кратный чемпион области  Чемпион чемпионата ЦФО мужики 75 кг КМС по армреслингу  Занимаюсь 2 года
treeofus,channel,Three of us 💅🏻,125,"2д мужики свели меня с ума, а Локи заставил писать❤️"
kavusiktop,channel,Собор розпусти 🎀,181,ВСІ РОСІЙСЬКОМОВНІ/РОСІЯНИ ВИЛІТАЮТЬ ЗВІДСИ 💋 Я ПРИНЦИПОВО НЕ ЗБИРАЮСЯ ЦЬОГО ТУТ ТЕРПІТИ ♂️🏳️‍🌈 Голі накачані мужики supremacy  TW багато лайки і голих цицьок Щітпост: https://t.me/+_gskPSbobe42NDli Оп: @nxxdei
blakearts,channel,MBlake,81,"Фанарты, комиксы, голые мужики, хихихахашечки"
mens_cry_too,channel,"Мужики делают что угодно, лишь бы не идти к психотерапевту",166,
infinix_russia,channel,Infinix Россия,58511,Официальный канал бренда Infinix.   Чат - https://t.me/+Ehex13WvvppmZDQy  @CarlcareBot — бот технической поддержки!  https://knd.gov.ru/license?id=6769aed61e4e233a716d7cb6&registryType=bloggersPermission
infinixwts,group,InfiniX Marketplace ( Wts / Wtb ),349,Buy / Sell Anything Here Drop at 500 Members  Admin = 35$ | Slot = 20$ | Pin msg = 4$  Main Channel: https://t.me/infinixmp Owners :- @darky1025 @vprasadZ  👉 Violating rules & Scam = Ban 👈 👉 Always use MM 👈
infinixuz_chat,group,Infinix Uz Chat 💬,74,"💬 Fikr almashamiz, yangiliklardan xabardor bo'lamiz.  📲 Call-markaz: +998 71 205 54 20"
infinixhot11s_dev,group,Infinix HOT 11s/NFC | OFFICIAL,1532,THIS IS THE OFFICIAL GROUP  Development for INFINIX HOT 11S  NFC AND NON NFC. Read /rules & notes.  Official Channel: @infinixhot11s_updates
infinix_zero40_4g,group,𝙄𝙣𝙛𝙞𝙣𝙞𝙭 𝘼𝙪𝙩𝙝𝙤𝙧𝙞𝙩𝙮 (discussion),217,
infinixmp,channel,InfiniX MP,11,
infinixnote12g96root,group,Infinix Note 12 2022 (X670),291,Official discussion group of X670  Release: https://t.me/gayfinixX670
edge30port,group,Moto Edge 30 Port / GSI Community | Official,159,Official discussion group for Ports and Gsi for Motorola Edge 30 | Dubai  https://myuicustom.github.io  Edge Files: @Edgefiles for all you need  Motorola Edge 30 Global Community Updates/Custom ROMS:  @MotoEdge30Updates Photography: @ShotOnEdge30
verabutova,channel,Психолог Вера Бутова,782,"❤️Ваш семейный психолог онлайн.   Обучающий тренер. 🌈Учу радоваться жизни🌈 ✏️Психосоматика, РПП ✏️Невроз, депрессия ✏️Семейные, партнерские проблемы    Личные сообщения +79786290669"
andrewgalanin,channel,"Андрей Галанин: химия, жизнь, политические обстоятельства",438,Обсуждаем насущные вопросы и стараемся радоваться жизни!  http://t.me/anonaskbot?start=Hw41kbp_Ea0S9FI
notesats,channel,Notes ATs,1029,"🦉 Об инвестициях, финансах и экономике с совами в аниме стиле :з  Прайс: @price_notesATs  Сотрудничество: @Amatsugay  ❗ Вся информация на канале не является ИИР ❗"
notesper,channel,записки персефоны,489,"юнгианский психоаналитик. вдохновляю на исследование себя через символы, смыслы и архетипы. откровенно говорю про фемининность и отношения."
pro_secreti,channel,#про_секреты…,549,Про любовь к себе … Для связи @KristiPam В 36 без филлеров и ботокса
neastrologia,channel,Астролог Евгения Кухтина🪐,373,"🦂Специалист по кризисам и кармическим трансформациям. Веду через тьму к силе и свету тех, кто на это решится.  🔝 Эксперт в прогнозах и личностной трансформации 🎴 Автор колоды неТаро @netaro_bot   📌Я в соцсетях https://instabio.cc/AstrologKukhtina"
loveformula,channel,Мужчина под микроскопом,91,"Нумеролог, астролог. Помогаю леди в поиске отношений видеть мужчин насквозь. @Edelvina27, https://vk.com/loveformula777"
astrolog_nsk,channel,️Астрология☀️ ♒️,226,"⭐️Живые знания.Все просто, легко и доступно. ⭐️Можно  задать вопрос, получить консультации : @Gbrlena  НОВОСИБИРСК ⭐️"
alenasafonova_queen,channel,Tarolog Alena👸,213,🔮Таролог🔮  Делаю расклады на картах Таро 🔮
numer27logi,channel,Потайная дверь. Нумеролог. Лариса Долгих (Матюх),126,"Здесь я делюсь с вами своей любовью - знаниями по нумерологии, которая даст ответы на многие вопросы в вашей жизни!   Подписывайтесь и читайте закреплённый пост, там вся соль.  Для связи - @Larisa27Dolgikh"
devochka_s_chemodanom,channel,Девочка с чемоданом,621,
alisa_samsonova_moodboard,channel,Lazy Sunday Morning,407,Стиль жизни Алисы С 🫦  https://instagram.com/alicesamsonova  Fashion | Lifestyle | Находки | 🤱🏼
edgeofgeography,channel,На краю географии,339,"Авторский блог Дарьи Паясь о путешествиях   Три года мотаюсь по миру с чемоданом, ищу интересные места и знакомлюсь с местными. Узнаю больше о мире и о себе. Тут рассказываю истории и публикую подборки акций и дешевых билетов    @d_devone — это я"
bulavka_na_karte,channel,БУЛАВОЧКА С ЧЕМОДАНОМ,218,"Даже булавка🧷 путешествует, а ты до сих пор НЕТ! 😳  💫ОХ...ИСТОРИИ, лайф в кайф и секреты выгодных путешествий с Раисой Рукавица 🏝️  С моим клубом путешествовать по миру в 2 раза выгоднее 👉http://t.me/MWRLifeBot/travel?startapp=OPF   Пишите @rayamuza"
spb_chemodan,channel,Жёлтый чемодан - СПб,211,Открывай мир с Желтым Чемоданом: как мы создаем ваши путешествия
chamewdoon,channel,چَمِدون,59,اگه زندگى كردن رو سفر در نظر بگيريم،ماييم كه كل زندگيمونو تو مسافرتيم،با يه چمدون از همه چى.بعضي وقتا ترجيحمون اينه تو مسافر خونه بمونيم،بعضي وقتا ام فقط در حال رفتنيم،ى جاهايى هم...
gente_linda,channel,gente_linda,93,
travelbol,channel,Жизнь на чемоданах🌍,134,"Когда человек набирается опыта, он хочет им делиться. Вот и у меня так! За свою жизнь я переезжала 6 раз, посетила 20 стран, а сколько километров я проехала на машине — даже представить не могу. Хочу быть полезной и делиться тем, что в кайф💫"
veganest13,channel,ВеганЕст,2301,"Сын 16 лет - ВЕГАН с 2022 года, сын 6 лет и муж - всеядные Три ПОСТНЫХ рецепта в неделю 🥣 Готовлю для веганов, а нравится ВСЕМ Сотрудничество  и реклама @ostaanna"
stirlitzzzzz,channel,Штирлиц |полурест,694,Я нежеланный сын проститутки  Читайте закреп
gfm_alerts,channel,Gateway Furmeet Announcements,333,The announcements channel for GFM
gfwreportgroup,group,GFW Report,1131,This is the public discussion group of GFW Report (https://gfw.report).  The Official Telegram Channel: https://t.me/GFWReportChannel
fmme_family,channel,FMME Family,184,Новости ФММП 👨‍👩‍👧‍👦
gfmp_30_podval,group,Подвал ГФМП 30 🌺,44,
gff_project,channel,GFF-Project | Майнкрафт сервер,75,Официальный канал сервера GFF-Project для игры Minecraft - Java Edition  IP: mc.gamesforfarm.com Версия игры: 1.21.4 - 1.21.11
gfm_dw_ah,channel,ೇGׄ𐐼ִⲙִ︩︪ׄꫀׄs ƒִׄꭉׄ✿𝆬‌ִⲙִׄ M︩︪ꫀׄׄꪱᜒ-M︩︪ꫀׄׄꪱ ׄઈઉ,366,Дִꪮׄᨢִρִִׄꪮ 𐓣ִׄꪮжׄ𐐼ꪒִִꪮִׄⲃׄ𐐼ִɬׁь ִׄⲃ Gׄ𐐼ִⲙִ︩︪ׄꫀׄs ƒִׄꭉׄ✿𝆬‌ִⲙִׄ M︩︪ꫀׄׄꪱᜒ-M︩︪ꫀׄׄꪱ ׄ !! Сִׄⲃязь ׄᧃ ִׄⲃꪒִꬶ̸ @LOL_wow_cool Сִׄⲃязь ׄᧃ ׄᧃִꪮ.ִׄⲃꪒִꬶ̸ @zerhhxzd_zeka
hrhub_news,channel,Вакансии | Работа | HR HUB,131,"Вакансии, трудоустройство и подбор персонала в арбитражной индустрии — HR HUB   Traffic Arbitrage   ·   Mediabuying   ·   Affiliate Арбитраж Трафика   ·   МедиаБаинг   ·   Аффилиат   Размещение — @HrHub_GreyPartners_Bot   Сотрудничество — @GreyPartners"
g_shop_rent,channel,G SHOP | Google Farm,101,Фарм аккаунты Google @G_Shop_Rent - канал @G_shop_chat - чат @G_Shop_Sup - саппорт
negubernatore,channel,Народный НЕ Губернатор,615,"О Томской области, но не только. Сделаем завтра лучше.  Для связи: @negubernatore_bot  Канал на Бастионе: https://bastyon.com/narodnynegubernator"
muzeinoedelo,channel,Музейное дело: игра,240,На Губернаторский музей готовится покушение😱  Останови грабителя и узнай музейные тайны!    По субботам в 16:00  БИЛЕТЫ: https://remarki-i-repliki.timepad.ru/event/3758613/  Связь: @polina_shumakova
forum_spo_pk,channel,I Губернаторский слет СПОсобной молодежи: «Твой край!Твоя профессия! Твоя история!»,206,"Прокачаем карьеру, предпринимательство и S-Skills вместе с лучшими студентами и преподавателями колледжей края. Твой шанс заявить о себе!"
freegpcodes,channel,GringoXP.Pro,816,Get Free Google Play Redeem Codes daily here for Free Fire Diamond Top-up   https://gringoxp.pro/
bossgsmcom,channel,BOSSGSM.COM NEWS,472,https://bossgsm.com  🎯 @BOKHODIRJON #BossGsm
mgunlockerpro,channel,MG Unlocker Pro ( Official ),59,🎉 Welcome to MG Unlocker Pro 🔓  Your trusted partner for professional mobile unlocking solutions.  🌐 Website: www.mgunlocker.com  💬 WhatsApp Support: https://wa.me/27656340883  WhatsApp Channel: https://whatsapp.com/channel/0029Vb8JE6q2f3EFUCz1Xm2G
floraworldserver,channel,FloraWorld 🩷,261,Сервер вашей мечты :3   Айпи : FloraWorld.gamepvp.ru  Сотрудничество/реклама  —> @SellerPlugin Магазин —> https://t.me/FloraWorldShop
premiumgrammarly1,channel,F&P Gly backup,30,Backup
gfmdance,channel,GFM,5,"Интернет радиостанция СНГ, жанра EDM, слушай нас на сайте geometryfm.ru  Связь с нами @gfmsupport  Официальное приложение Android: https://vk.cc/c7h4Qz  Приложение для платформы Apple: https://vk.cc/9MN75u"
golempark,group,GolemPark,10,Golem Park is holders friendly NFT collection of 5 different types of golems. 10k $GP NFTs that exists on GLMR Blockchain.  Website: https://golempark.com   Twitter: https://twitter.com/GolemPark
spbstray,channel,СПб 7БЕЗДОМНЫЕ КОТЫ7,115,"Спасаю бездомных котов и котят , ищу им семьи  @Vi7777777Viki"
bezdomniy_almaty,channel,"Бездомные собаки, кошки Алматы",257,"Бездомные животные  🔸Публикуем объявления  Город Алматы  Админ, для публикаций: @betterslowvv"
lisena2021,channel,Приют Лисёна,2074,Приют для бездомных животных Лисёна г.Волгоград
shelter_rzhevka,channel,Приют «Ржевка» для бездомных животных,1698,"🐾 200 собак, 110 кошек и свинка. ⏰ Открыты ежедневно с 12:00 до 16:00; 📍г. Санкт-Петербург; ☎️+7 (921) 741-49-01 (с 12:00 до 16:00); 🤍 https://shelter-rzhevka.com/"
kotikivikispb,group,Спб бездомные коты,182,"Спасаю котиков , ищу им семьи ❤️   @Vi7777777Viki"
radionastroike_rus,group,Чат Радио на Стройке ⚒,407,
matkazantsev_creative,channel,Matkazantsev | Путешествия фотографа,275,Пишу и показываю :) Готовые маршруты по регионам России!  Автор: @matkazantsev
radioiishenka,channel,радио ИИшенка на торте,141,"Это не канал.  Это состояние вечного диалога. Между строкой Пушкина и битом, между кодом и душой, между тобой и мной.  Здесь не «создают контент». Здесь ткут реальность. Из древних слов, современных звуков и вопросов, оставшихся без ответа...  @nikolayton"
radionvda,channel,Радио НВДА. Самая звонкая волна лета 😃,187,Официальный канал радио непревзойдённых выдающихся донских авантюристов http://sib-fm.ru:8000/stream
radionervion,channel,Radio Nervión,235,"El canal oficial de Telegram de Radio Nervión, con toda nuestra programación y las noticias de Bilbao y Bizkaia.  ¿Quieres estar al día pero que no te molestemos fuera de horario? Mantén el canal silenciado y ánclalo a la parte superior de Telegram."
radionautica,channel,Радионавтика,106,"Канал, посвященный творчеству рок-группы Радионавтика"
nurseinpoland,channel,Операционная медсестра | скальпель и сарказм,243,"Старшая медсестра. Варшава.    - работе на блоке - медицина  - чёрный юмор - мемы о жизни в Польше и о жизни вообще 🌚  Без соплей (ладно, иногда с соплями)"
radiomuka,channel,radiomuka prod.,98,"Concerts, podcasts etc."
alphabiomsk,channel,Alpha-Bio Tec.,180,"Официальный дилер Alpha-Bio Tec   Оформить заказ:   Офис: +7 (996) 354-36-21 (WhatsApp, Telegram, MAX)   Электронная почта: office@tv-navicenna.ru  Наш сайт: https://tv-navicenna.ru/  📍г. Москва, ул. Профсоюзная 64, стр. 2"
marakui_1,channel,GDE MARAKUIA? | рест,121,"Репосты удаляю через 2-3 дня!!  Всем привет!  Меня зовут Маракуйя, в косплее почти 3 года Для связи пишите в сообщения канала"
sunmashuli,channel,солнце машули | mas1'hmixc^,185,"ты причина бабочек, причина всех тревог @flowers_kristinka  not off group|@mashulik_denisova channel-03.02.2026• fan-09.04.26• my love is mashulya"
mittoshaz,channel,mitosha,90,лс: @mitoshaz.
mai28so,channel,житуха мэйсона,57,попытка мамбер ту I’m dolboeb фан символ: #mc
megum1now,channel,⋆. 𐙚 ˚愛! 𝑀𝐸𝐺𝑈𝑀𝐼!!!! ⋆˚𝜗𝜚˚⋆,32,𝑅𝑒𝒶𝒹𝓎? 𝒮𝑒𝓉... 𝒢𝑜!
curlymarkusha,channel,markusha,7,tall❌ blonde❌ gorgeous✅
bashenkad,channel,Dasha,5,"Канал ничего не пропагандирует, и не несёт ответственности за вашу психику и т.д.18+"
mukoshuk,channel,Отдел Микоши🏴,17,"Микоши/Мико  привяу, надеюсь вам понравится тут находиться влд: @narkomanXDk  анон:http://t.me/anonquebot?start=jgv09 буст:https://t.me/boost/mukoshuk  лайк:https://l.likee.video/p/o9Ifjr тик-ток:https://www.tiktok.com/@mikoshuk?_r=1&_t=ZS-97XD0PGt757"
xmarh_h,channel,.,2,
podrugapodruge_bot,bot,Дворецкий Анастасии Макуха,,Бот женского клуба Насти Ершовой «Подруга подруге». Наш сайт: https://podrugapodruge.ru/all
oliya_chat,group,Олійники чат 🌢,1,"Чат для спілкування виробників олії. Виробництво, переробка, обладнання, технології, сировина, макуха, шрот, реалізація, соняшник, соя, рапс, льон."
b_reboot,channel,Бизнес и Я,429,"Философия бизнеса, которая сокращает время принятия решений. Саморефлексия, которая превращается в инструмент развития компании. Рамки, фильтры и протоколы для адаптации бизнеса и мышления в условиях неопределённости."
ugly_trade,channel,агли в коматозе 🕷🕷🕷,103,день прошёл - в кармане доллар саморефлексия в каждом посте
vibeandbite,channel,Vibe&Bite by Troshina.vibe,133,"НЕТАКУСЯ на пусть говорят  Основатель: https://t.me/troshinacircle  🔄жизнь, творчество, съёмки, хаос, саморефлексия и приколы между строк.  Пишу колко, метко и не всем приятно. Инст: troshina.vibe"
hsarhan1_2,channel,35 اردو🇵🇰 اُرْدُوْ ـ اسلام - معہد السنہ زیر نگرانی : ڈاکٹر ہیثم سرحان,55,
yasser_aldosari44_24,channel,الشيخ ياسر الدوسري. القرآن الكريم كاملاً ❤️,302,كلما التزمت بكتاب الله أكثر  كنت مستقيماً أكثر .. - فضيلة الشيخ أ. د. ياسر الدوسري ❤️حفظه الله
yassarnaah,channel,يَسَّرْنَاهُ بِلِسَانِكَ,500,قناة لتيسير فنون العربية  إشراف  محب العربية/ حسين علي النحاس المُحرِّر اللُّغويّ لموقع المُعجِز في حوسبة العربية  www.almo3jiz.com رابط القناة على اليوتيوب https://youtube.com/c/yassarnaah  رابط القناة على الفيسبوك https://www.facebook.com/yassarnaah/
yassir_channel,channel,ياسر عمار | yassir,415,
yassshar,channel,Yassshar,147,
yasser_aldosari44_23,channel,خُطَبُ الشيخ ياسر الدوسري في الحرم المكي ❤️,224,إعلم ان كُل نجاح دُنيوي لا يؤدي بِكَ الى الفلاحِ الأُخروي فهو نجاحٌ مُزيف.  - فضيلة الشيخ أ. د. ياسر الدوسري ❤️ حفظه الله
kazturkkz,channel,БАУЫРЛАР | Асау толқын | ГҮЛДЕР СЫРЫ,494,
pro_utro,channel,Pro утро🐝,77,Сообщество Pro утро | утреннее шоу:  Давно ли умение «вставать к первому уроку» стало пыткой?  Поговорим об утре и его прелести с настоящими профессионалами своего дела в различных областях знаний🤗 По вопросам сотрудничества nastyafetis0va@yandex.ru
shater11zh,channel,Шатер 11 женщин,1407,
murzatovaaa13,channel,Дневник Мадины…💌,258,Буду делиться всем полезным 🤍  İnst: murzatovaaa
napomiinayyuu,channel,2:256,104,
channel_strannik,channel,sᴛʀᴀɴɴɪᴋ.ɴ,395,📞@raxatovv_077   канал против терроризма и экстремизма!!!
rasprostranenieblaga116,channel,польزа',97,"Ахлю Сунна: ашариты, матуридиты и асариты.  الله موجود بلا مكان  https://t.me/boost/rasprostranenieblaga116"
svtvssvr,channel,satassar,197,
dua_pominaniya,channel,Дуа. Поминания. Короткие суры Корана,577,
islamvlakii,channel,Ислам в Лакии 🌙,935,Telegram-канал на лакском языке.  #суалжаваб #тарих #мавлидыналакском #дуа   Админ.: @ArslanaliSuleymanov  VK: https://vk.com/islamvlakii YouTube: https://youtube.com/@islamvlakii Сайт: https://www.islamvlakii.ru Дзен: zen.yandex.ru/islamvlakii
pro_dua,channel,"Дуа и азкар, доказанные из Куръана и сунна.",51,"Ас-саля́му ‘але́йкум ! Строго относимся к хадисам, и публикуем проверенные хадисы.  Достоверные хадисы ⬇️ https://t.me/hadiths_sahih"
duaizkorana,channel,Дуа и азкары из Корана и сунны,841,
gonavecherok,channel,Вечерок Украина анонсы мероприятий,1796,
inwhite_collection26,channel,Вечерние платья и свадебные платья 𝐈𝐧𝐖𝐇𝐈𝐓𝐄 𝐜𝐨𝐥𝐥𝐞𝐜𝐭𝐢𝐨𝐧,587,Салон  𝐈𝐧𝐖𝐇𝐈𝐓𝐄 𝐜𝐨𝐥𝐥𝐞𝐜𝐭𝐢𝐨𝐧  Вечерние | свадебные | коктейльные платья  Прокат | Продажа | Опт  •САЙТ  https://www.inwhite-collection.ru
vechereyet2,channel,Vechereyet,8432,Бусти 🫶🏻 https://boosty.to/vechereyet Поддержать канал https://t.me/boost/vechereyet2
vecher_nitsa,channel,Вечерница⋆⁺₊✧.,293,"✨Ламповый авторский вечерний канал. • Обзоры фильмов, сериалов (дорам), мультфильмов на вечер. • Любопытные Тревел-заметки, вайб и немного жизни. • Картины, art, муз  То, что хочется сохранить и не забыть. [ save ] Человек, ищет Человека. 🔭"
vecher_chay,channel,Вечерний Чай,167,Самые интересные новости дня за минуту Поддержать автора: Сбер 2202206882490241
vecher_mohnblume,channel,˚.⋆Вечерок на связи⋆.˚,45,
viechere,channel,vie chère,1886,own—Chère
kinovecher_ru,channel,КИНОВЕЧЕР,2047,Самое эстетичное медиа пространство о кино 🎞️  По любым вопросам: @tgcooperat
mosfilm_official,channel,"Киноконцерн ""Мосфильм""",5834,"Официальный канал ФГУП ""Киноконцерн ""Мосфильм""  Наш сайт www.mosfilm.ru Пресс-служба pr@mosfilm.ru Группа в ВК: https://vk.com/mosfilm_official Rutube https://rutube.ru/u/MosfilmOfficial/"
sergeybobunets,channel,Сергей Бобунец,1752,Концерты и музыка:  https://vechnomolodoy.ru ВК: https://vk.ru/bobunetsteam
bsbbsjwjdoxn3839,channel,Охинжон мадалиев,590,
bazhenovcompany,channel,Баженов и компания,340,"""Растения для изысканного сада.""  Страница из жизни питомника, о его буднях, заботах и маленьких радостях."
max_batrakov,channel,Макс Батраков. Жизнь. Баня. Созидание,168,"Москва-Сочи. Заметки о жизни, бане, природе, инновациях. Строю купольные банные комплексы BĀNEUM, делаю аксессуары для бани. CEO: pro-jector.ru, stroikooperativ.ru, baneum.ru. Инструктор  https://steamology.institute. Обучаю, консультирую, строю, парю"
trurezkrsk24,channel,Трудовые резервы (Красноярский край),264,Красноярское краевое региональное отделение  ВФСО ТРУДОВЫЕ РЕЗЕРВЫ  .  Корпоративный спорт 💪🏼  Председатель:  ККРО ТРУДОВЫЕ РЕЗЕРВЫ  Сергей Сергеевич Баженов  https://t.me/BAGENOV022
bazovyy_bazarov,channel,Базовый Базаров,37,Канал главы московского отделения НСДР Евгения Базарова
bazhov_life,channel,Бажовский словарь,239,Проект реализуется при поддержке Президентского фонда культурных инициатив (заявка №ПФКИ-25-1-011059).  Обратная связь: https://t.me/Zhenya_philolog
andreybazhenoff,channel,@andrey.bazhenoff,169,Андрей БАЖЕНОВ
ilya_baranov_official,channel,Президентские будни,120,
ourmanagers,channel,"менеджеры Маршрут, Лидка и другие каналы",26,"Менеджеры наших проектов, с которыми можно работать"
yurtaeva_ea,channel,Юртаева Елена Анатольевна,41,"Общественно - политический деятель. Система должна работать, а не заниматься отписками.  Сила в правде и справедливости. Основатель канала СВОИ ЛЮДИ: https://t.me/sossvoiludi И движения: SOS Бабушкинский парк."
infinity_update,channel,˗ˏˋINFINITY UPDATEˊˎ˗,875,"𝐸𝑣𝑒𝑟𝑦𝑡ℎ𝑖𝑛𝑔 𝑖𝑠 𝑔𝑜𝑛𝑛𝑎 𝑏𝑒 𝑓𝑖𝑛𝑒 🇺🇦  📍Українськомовний промо-апдейт канал по  𝑂𝑛𝑒 𝐷𝑖𝑟𝑒𝑐𝑡𝑖𝑜𝑛  — Новини, чутки, події, загадкові теорії  💌 Співпраця та інші питання: @anasteishapp28"
oneplus15rglobal,channel,OnePlus 15R/Ace6/Ace6T | Updates,410,"OnePlus 15R/Ace6/Ace6T Community Channel Global Chat : @OnePlus15RGlobalChat  Launch updates, highlights, news, and useful information around the OnePlus 15R — shared by enthusiasts.  🫂 Community initiative 🚫 Not affiliated with OnePlus  By @CROSSCREW"
samsungnote10litedl,channel,SG Note10 Lite | UPDATES,226,"Important News, Files, Apps, Tips & Latest Firmware alerts for Note 10 Lite  🔴 Official Group: @samsungnote10lite 🟡 Important Links: telegra.ph/Quick-12-23  📱 Accessories: @n10liteaccessories  Read Me: telegra.ph/Read-03-20-2"
infinityos_xenithos_rom_updates,channel,InfinityOS / XenithOS | Updates,71,🚀 Official InfinityOS / XenithOS ROM Channel Custom ROMs for Poco F5 Pro & Poco F3  🌐 Support: @infinityos_xenithos_support | @GTRomPocoF3RuChat
quron_nr,channel,Qur'onNuri,653,Ajoyib qorining betakror qiroati || 𝘷𝘢 𝘣𝘰𝘴𝘩𝘲𝘢𝘭𝘢𝘳… ——
s3ikoraaa,channel,ВАНДАХОЙ ₊⊹,1530,
polinastraaa,channel,polinastraaa,634,"Привет, это Полина 🧘‍♀️  Автор YouTube-канала «Polinastraaa» https://youtube.com/@polinastraaa  Пишу разные новости про спорт, рассказываю про свою жизнь   По РЕКЛАМЕ и СОТРУДНИЧЕСТВУ ПИСАТЬ: @typicalvlad"
porfiriaaa,channel,PORFIRIË,289,https://t.me/boost/PORFIRIAAA  лс: h4yrkaa инста: porfiri.aaa
snorovkapro,channel,Сноровка PRO,149,Сноровка PRO — единый каталог VR/3D-тренажёров.  Проект создан командой Modum Lab @modumlab при поддержке РФРИТ.  По всем вопросам: @dmitry_kirillov
fiaba_prt,channel,`` ʚ ᖴIᗩᗷᗩ ᑭOᖇT ɞ,54,⌗ По𝗋т с макси𝗆ально дешевы𝗆и цен𝖺ми и крас𝗎выми работам𝗎!  ЗАКАЗЫ ОТКРЫТЫ!
navozhu_poryadok,channel,bazar | vokzal,36,"меня забыли спросить, но я скажу"
maneken_pro,channel,Maneken-Pro,184,Профессиональные портновские манекены - эталон качества во всем мире! Доставка со склада в России))
prodhaewon,channel,prod soon,114,
pora_alex,channel,Zelen,58,"Партнёрские интеграции, мероприятия, маркетинговые/имиджевые спецпроекты   Алексей Зеленцов Партнёрский менеджер Кибердома Ведущий бизнес-мероприятий   Оставайся ✅"
ssonoraaaa,channel,ssonora,52,Художница Вараксина Софья здесь новости о моем творчестве   https://www.instagram.com/_ssonora https://vk.ru/ssonoraa
portfromkaya,channel,˖ ׄ ꢄ թꥍ𐑾ȶ ẜ𐑾𝕠ִ𑜀͟ K⍺ׅყִ⍺ׅ. ᮭ𓏵,61,
emelyanov_live,channel,Емельянов,364,"Правил на канале нет, но за их несоблюдение можно получить бан.  По всем вопросам можно писать сюда: @alkash_kolyadun"
emoodziii,channel,Моя LIFE галерея,152,"👋🏻Меня зовут Елена. Я мама и воспитатель, которая исследует мир художества и искусства.  🎨Связь со мной - @ellaine_xxv"
doctor_emelyanova_n_v,channel,Эндокринолог Емельянова,472,✅ Женское здоровье (гормональный фон; лишний вес) ✅ Мужское здоровье  ✅ Нутрициология ✅ Проведу Detox-программу (очищение организма и похудение) ✅ Oптимальный план обследования и лечения..  ☎️Связь: @Doctor_N_Emelyanova
elitaharkovarchive,channel,⋆˙⟡♡ elita harkov.,300,"старый проект по элите, просто переезд.  владелец: @meabery (вопросы, предложения, связь)."
emelyax3,channel,Емеля на печке,82,Здесь есть ВСЁ что в моей жизни
python4olymp,channel,Информатика | Python | Олимпиада,556,Оқушылар мен ұстаздарға информатика олимпиадасында бағыт-бағдар беретін пайдалы ресурс
coddyweek,channel,CODDY Club,1060,"Комьюнити учеников CODDY ✌🏼  ⭐️ Новости IT и игровой индустрии ⭐️ Туториалы, лайфхаки, пасхалки ⭐️ Обмениваемся мемами, обсуждаем новости и просто общаемся  Программы обучения: https://clck.ru/36GtoF"
future_people_vfx,channel,Future People Education,435,Программирование | Графика | Софт  Чат: https://t.me/+jdDtlD19RpVkYjFi  Youtube: https://www.youtube.com/@FUTUREPEOPLE_VFX
cybergurupython,channel,Обучение Python для новичков,261,"Канал для тех, кто хочет научиться программировать, но не знает с чего начать. Или вы уже пробовали, но столкнулись с трудностями и забросили. Пришло время собраться с силами и начать снова!"
python_pro100,channel,Python для всех | Задачи по Python,136,"Это место, где любой желающий, независимо от уровня подготовки, сможет найти полезные материалы и поддержку в изучении Python  Админ @Msg_Me_Pls"
codeshadowcources,channel,CodeShadow,75,"👋 Я Артемий — преподаватель Python и фрилансер.  💻 Показываю, как код и нейросети помогают зарабатывать и упрощать работу.  🚀 Делюсь проектами, опытом и лайфхаками из реальной практики.  ✍🏻 Вопросы и идеи: @MifmanRu"
thirtydayswithme,channel,Штрих в тишине,29,USMLE step 1  dedicated period
piterpy_channel,channel,PiterPy Сonf Сhannel,32,"Официальный канал конференции для Python-разработчиков PiterPy   Ближайшая конференция: PiterPy 2023, 7 ноября · Online 13–14 ноября, СПб · Offline  Билеты: https://tinyurl.com/PiterPy2023  Саппорт: @JUGConfSupport_bot  Чат конференции: @PiterPy"
itnikishin,channel,AI & IT,58,"💡 Личный опыт создания веб приложений на python: от архитектуры до релиза.  🎯 Управлении проектами в IT: кейсы, лайфхаки, фейлы. 📈 Мысли о рынке, трендах и жизни в разработке."
pythondev_404,channel,PythonDev,15,"All about Python 🧑‍💻  building at xislat.uz  AI ain't killing coding, it is killing your interests by doing what you should have done  ☎️ Ali"
champitucentr,channel,ЧампиТу,38,Развивающий центр для детей и взрослых
pytechnotes,channel,Технологические заметки,11,"Пишу блог для себя. Основной контент: парсинги, автоматизация и аналитика. Стек технологий:  Python, VBA и пр."
onpytonin40,channel,На Phyton в 40,4,Начал осваивать Pyhton в 40 лет. Рально ли? Курс Skillbox https://go.redav.online/791c73daae46ceb0?m=32
dezrfm,channel,Деззер,1276,Owner — Милена По всем вопросам обращаться к владельцу — @hezsxbot Старый канал: @DEZZ7X
kgranic,channel,Курс «Границы»,422,
zikulek,channel,Zikulek,8202,"Я мама четверых или шестерых🤔, пытаюсь вернусь сестру к прежней жизни, которую сломал «Врач». Наша жизнь похожа на сон...И смех и слезы"
veloservice_belgorod,channel,Ozerov Velo Service,219,
vatmannews,channel,Ватман NEWS,29,Ваш ежедневный источник самых свежих новостей из мира
shitpostahhchannel,channel,Би🇺🇦🇮🇱🇲🇰🏳️‍⚧️🇲🇽робиджан сломал мне жизнь. Вот моя история:,142,наколени смертный ведь перед тобой сам бог зеленский юз в чар.аи kaitochkk https://t.me/anonaskbot?start=n_29syru7wGxVxv  анон
lubertsk,channel,расходный дом,102,Я сломал полароид  связь с админом: https://t.me/lubertsk?direct
anbonaphoto,channel,Бородина|Искусство познавать себя,208,Про фотографию и фототерапию
viskunovaphoto,channel,Татьяна Вискунова | фотограф,169,"Создаю фото вне времени, сохраняя красоту и элегантность🖤 Раскрою вас в 📸 за 1 съемку  Образы, студия, фото - все включено"
bubnovaphoto,channel,Bubnova | In Focus,660,"Анна Бубнова | В Фокусе Фотографии, бекстейдж, путешествия, мысли"
foto_filippova,channel,Foto_Filippova,451,Фотограф новорождённых - Анастасия Филиппова www.afilippova.com 8(915)068-17-01
phrazvorovano,channel,ph: razvorovano,172,эскадрон моих мыслей шальных теперь табун-призрак 💔  Аня — фотографирую и размышляю.   вертикальные фотографии https://www.instagram.com/razvorovano/
anna_ber_foto,channel,BERLIZOVA_ANNA📷,137,"ФОТОГРАФ | МОСКВА| ❣️ Снимаю на iPhone / Nikon  Не гонюсь за трендами… создаю искусство✨👌   Здесь моё вдохновение, мои работы и мысли📍 Price list в закрепленных 🔗 По всем вопросам @Berlizo  Инст.: @berlizova__anna"
anasta_skor,channel,Анастасия Скоробогатова Фотограф Барнаул,418,✨ Моменты из жизни и творчество. 🎯 Иногда полезные советы по продвижению и фотографии.  Связь со мной @ana_skor
anastasia_photo3,channel,Фотограф Анастасия Пургина,239,"Привет! Меня зовут Анастасия, я профeсcионaльный семейный фотoграф 📸  Звони и записывайся на фотосессию прямо сейчас ⭐️ и я создам для тебя и твоей семьи вашу историю ❤️📸                                    ☎️тел +79525623835"
foto_marialatonina,channel,Блог Марии Латониной🦊,214,Обо мне и моей работе фотографом 😎📸
photo_lady_nataly,channel,Наталия Владова,127,Член союза фотохудожников России  Фотосессии для всех. Индивидуальный подход. Помощь в подборе образа. Тематические съемки с предоставлением реквизита.
annaphoto92,channel,@annaphoto92,74,
annarusakowaphoto,channel,Одно фото для Бога,88,Канал фотографа Анны Русаковой
annakors_photo,channel,заметки Корс,102,
potapov_photogr,channel,POTAPOV PHOTO,96,Фотограф | Видеограф | Барнаул  @Ghost_gg2013
asanova_av,channel,Фотография| Пресеты| Ретушь,38,"Я-Аня, проф.фотограф, ретушёр.  Здесь для вас: 🔸Абсолютный chill и дружеское общение 🔸 Про фотосъемку|моб.обработку|SMM 🔸Про визуал|Эстетку|Вдохновение  🔸Только для участников моего канала скидка на фотосессию у меня! Оставатесь!🤗"
romanova_iana,channel,Фотограф Яна Романова Санкт-Петербург,49,Санкт-Петербург 🤎 Фотосессия новорождённых с выездом на дом 🤎 Съёмка беременности  🤎 Семейные фотосессии 🤎 Детские 🤎 Женский портрет  🤎Более 15 лет опыта    🏆Победитель Best of Russia 2016 и множества других конкурсов  Записаться на съёмку:  @iantik
annafedorova_photo,channel,Федорова | Происходит 📸,57,"Здесь происходит фотография, искусство и я.  Пространство для друзей."
katiloug,channel,Фото на Память 🧿,101,"Всем привет 👋  Я фотограф Катя Луговая. Это канал, посвященный моим работам и мыслям вслух. Спасибо, что подписались❤️  https://lougovaya.wfolio.pro"
alejandrovnaa,channel,НАСТЯ СНИМАЕТ,33,"КОНТЕНТ-КРЕАТОР | СЪЁМКИ   Снимаю актуальный контент под ключ, увеличиваю лояльность клиентов  Tg: @alejandrovna Ig: @alejandrovna.a Vk: @alejandrovnaa  Портфолио: https://t.me/alejandrovnaportfolio"
ulyanakrasikova,channel,Ульяна Красикова | блокнот фотографа,71,Написать 👉🏻✉️ @ulyanakrasikovaph
annaforsss,channel,Анна Форс | Фотохудожник | Москва,107,annafors.art  В моих глазах ты - искусство Съемка как арт-проект Курс Видение Paris • NYC • GUM Liquida26 Shortlist  По вопросам съемок и сотрудничества @annaforss
annaphotoart,channel,ANNA | PHOTOART,30,Косплей фотограф из Уфы.
an_khn_photo,channel,an_khn_photo,66,Алена Хотина - Фотограф Ярославль  Мое место красоты✨ Инст: an_khn_photo
dariashatunova,channel,❤️‍🔥 DA.SHATUNOVA ❤️‍🔥,2276,"творчество, стиль, жизнь, обо мне 🙌🏽"
platonova_idea,channel,Маркетинг на рельсах | Нейросети | Промты,74,"Привет, Я Оля и я маркетолог с опытом работы 9+ лет ⬆️   На ты с нейросетями и маркетингом и вас научу 🧠  Я на связи @dorial678 👈"
katunova,channel,katunova ✨,221,ищу красивое в повседневности 📸  снимаю на Sony a7iii  все соцсети: @katunova
eventsogloblina,channel,Роскошная жизнь💎,222,"Фэшн завтраки, ивенты и ретриты для бизнес леди, стилистов, основателей брендов и влюбленных в моду роскошниц💋 ▪️PR▪️Collab▪️Связь напрямую👇🏻 @kristin_ogloblina"
integrawaychannel,channel,IntegraWay Сток,46,"www.integraway.com спецодежда в Китае, 15 лет опыта. Contact us: @Integraway_office"
imb_uz,channel,IMB — Автошвейные машины | Uzbekistan,21,✅IMB Uzbekistan — официальный представитель компании IMB в Узбекистане.  ⚡️IMB является привлекательным игроком рынка в области автоматических агрегатов и модернизаций швейной промышленности  🌐Информация — taplink.cc/imbuzbekistan 📞Связь — 95-095-09-06
inseven_shop,channel,💙INSEVEN SHOP💙 - модная и стильная одежда Украина,10,"Трендовая женская, мужская, детская одежда  Для заказа @insevenshop  📦Отправка в течение 1-2 дней 🧾Наложенный платёж, карта приват   🤝Сотрудничество: дроп/опт  Подпишись на Instagram, получи скидку😊 ⬇️⬇️⬇️⬇️⬇️⬇️⬇️⬇️⬇️⬇️⬇️⬇️⬇️ instagram.com/inseven_shop"
askinteb,channel,"АСК ""ИНТЕБ"" ⚒",3,
libationarybarandhotel,channel,𝐋𝐈𝐁𝐀𝐓𝐈𝐎𝐍𝐀𝐑𝐘 𝐁𝐀𝐑 𝐀𝐍𝐃 𝐇𝐎𝐓𝐄𝐋,526,
belek_forum,group,Белек чат,936,Белек чат | форум Турция  • Чаты по 140 странам МИРА: @tele_360chat • Анонсы новых групп: @slavianskiy_forum  - Реклама: @PR_3600 - Как снять БАН: @unlock_360 - Техподдержка / АДМИНЫ: @FAQ360  ПРАВИЛА ЧАТА + проверенные люди: telegra.ph/360-10-05
belatokenorg,group,Bela Official,313,Bela Token Official - belatoken.org
incool,channel,investing-cool,191,Инвестиционный канал. Всегда свежие проекты.  Наш сайт https://investing-cool.pro/ Наш чат https://t.me/chat_incool По поводу рекламы.  https://t.me/monitor_in_co
elvche,channel,🔞 elvches kinkdom,243,"Fan arts, pokemons, feral and anthro :p"
lilkazhe,channel,Kâzhe,64,بریم یه جا که قصه بی کویره.
inczin,channel,Прогнозы,26,
karinacheche,channel,чече: ну точно!,32,
owarinoseraphinfo1,channel,info (𝐌𝐨𝐧𝐝 𝕽𝖊𝖎𝖈𝖍),74,"нᴇ знᴀᴇᴛᴇ ᴦдᴇ ᴨᴩочиᴛᴀᴛь ᴨᴩᴀʙиᴧᴀ, узнᴀᴛь у ᴋоᴦо бᴧижᴀйɯᴇᴇ дᴇнь ᴩождᴇниᴇ из учᴀᴄᴛниᴋоʙ, ᴀ ᴛᴀᴋ жᴇ ᴋᴛо яʙᴧяᴇᴛᴄя ᴀдʍиниᴄᴛᴩᴀᴛоᴩоʍ? дᴧя ʙᴀᴄ у нᴀᴄ ᴇᴄᴛь ᴛᴇᴧᴇᴦᴩᴀʍʍ ᴋᴀнᴀᴧ, ᴦдᴇ ʙᴄᴇ ᴨодᴩобно ᴩᴀᴄᴨиᴄᴀно!"
incfb,channel,INC. Shop | Новости | Акции,14,➖ Наш магазин: https://t.me/incfb_bot  ❓ Техподдержка: @incshop_support  INC. Shop | ПЗРД ФП | Акки 250$
rv_inc,channel,rv_inc,8,
diarybars,channel,Барный дневник🍾,70,"Авторский канал. Обзоры алкогольной продукции различного ценового диапазона, представленной в розничных сетях России. Все оценки и впечатления отражают личное восприятие автора и не имеют цели продвижения продуктов. 18+.  По вопросам — @tsw3th"
gabbidi1,channel,Diana gabbi | Beauty & Lifestyle🪽,62,"личный дневник мастера ПМ и ресниц,укладки которого-вдохновляют"
er_diary,channel,Eugenia Ryzhenkova | Личный дневник,76,"Канал, где вы узнаете о моей жизни, танцах, стилизации и декорировании!  Подписывайтесь, чтобы быть в курсе последних новостей и вдохновения! 🎨💖"
thatsinmydna,channel,Это в моей ДНК,68,какая-то мешанина
sistra_zvezdeu,channel,Diana's life 🌌,70,@diana_k_nn Инженер кавердэнсер
mobilegemss,channel,ReDLine Shop 🤑,1631,"💎 Премиум донат-сервис Помощь с донатом и оплатой: любые игры/приложения, зарубежные сервисы. 4 года работы, Отзывы: @redlineshopchat YouTube 50к 🔺Для покупки @Mobile_Game_YT1 Бот: @RedlineBuy_bot"
daniladedovets_official,channel,ДАНЯ ДЕДОВЕЦ,1514,🔺купил новый нос за 1млн рублей   🔺🎬телеведущий программ :   «Большое ШОУ» «Все что вы хотели знать »  🔺🎬т/с «Скорая помощь» 6-7-8-9 сезон  https://www.instagram.com/_dedovets_?igsh=dzdyc2RhM3gxeXBv&utm_source=qr  http://www.twitch.tv/danila_dedovet
kristinachigunova,channel,🐺 Кристина Жигунова | Книги | Писательство | Чашечки кофе,528,"| Писательница | Дилогия ""Демоны на Пути Перемен"" | Обсуждаем творчество, кофе и всё только хорошее"
korneevayuli,channel,ЮЛИЯ КОРНЕЕВА✨ Автор 📚 Фэнтези 🧞‍♂️,512,Сайт автора www.korneevabook.ru 💫
dianabookk,channel,Diana_book📚,198,"Я, Диана 👋🏻 Коллекционирую эмоции и красивые места🕊 Вдохновляю на чтение книг🍃"
vero_dvij7,channel,Вероника ✨ ТРАФИК/ЗАРАБОТОК ОНЛАЙН,732,Вышла на доход +100К  » Софты для рассылок » Рассылки на заказ » Сопровождение новичков  Связь со мной @Vero_dvij
midzylmaoo,channel,``винная делюкс,303,Делька мидзилмао 😔 лс @midzylmao
neigegirlbos,channel,неж,51,
magic_squirrelnest,channel,Бузяшнила📣,45,"О всяком разном от всего сердца 💮☘️ Книги, фильмы, моя жизнь 💝🍁  #печатьсмерти Tell me more about Death Eaters🖤🗝"
walterbloomberg,channel,Walter Bloomberg,29862,@WalterAds_Bot
walterctomemes,channel,$WALTER MEMES,68,
walted_art,channel,Walted,406,"Художница-иллюстратор и комиксистка.  Рисую все от геншина до милых котиков, читаю много, особенно триллеры и антиутопии, иногда смотрю кино.  Стаж сидения в фандомах: 15+ лет  Для заказов писать: @walthed"
charlie_walterr,channel,Characters,376,@charliewwwww TikTok  @Donottouchtherabbitbot  hidden chat
alter_lit,channel,✒️ Альтерлит™,513,"Официальный канал издательства Alterlit.ru ▪️Платформа для авторов ▪️Впервые - биржа Creative Market ▪️Литературные конкурсы  ▪️Новости, рецензии, обзоры фильмов, театральная критика  По всем вопросам обращаться: @udaffudaff"
tory_walther,channel,𝕋𝕠𝕣𝕪 𝕎𝕒𝕝𝕥𝕙𝕖𝕣 | 𝟙𝟠+,289,18+  Tory Walther   Профиль на фб: https://ficbook.net/authors/018e05e3-5385-745b-8f5d-fc8c605e668e
walterportfolio,channel,𓏵 𝗪𝗔𝗟𝗧𝗘𝗥 ͟᱿𝗣𝗢𝗥𝗧𝗙𝗢𝗟𝗜𝗢⃟🌹,19,
vad_walter_666,channel,[РЕКВЕСТЫ ]ﮩ٨ـﮩﮩ٨ـ𝐕𝐚𝐝_𝐖𝐚𝐥𝐭𝐞𝐫ﮩ٨ـﮩﮩ٨ـ,55,"Моя жизнь это рисование...Люблю разные фд и истории из жизни моей. О том как я рисую знают мало людей и надеюсь нас станет больше - Vad Моё имя ""Вад"" и я мечтающий художник...°•°  Автор тгк: @HZBIN_666"
waltrer,channel,waltre,59,все дальше от Бога http://t.me/anonaskbot?start=bt5GWFVYc6p2bDW
wmaltera,channel,Вискарь × Мальтера (.AI .mp4 .mp3 .png .txt),365,"Гуманитарий и Технарь.  Помешан на = Креативном контенте, самообучении, аналитике, нейронках По работе = Креативный продюсер, шоураннер, сценарист, клипмейкер, аналитик  Кейсы - мощь (с 2008 делаем твой любимый контент)  ЧАТ - https://t.me/malterachat"
manuelvaleraescritor,channel,Manuel Valera mvalera.es,151,Literatura. Columnismo. Letras. mvalera.es
gothamshelter,channel,shelter,102,
helterkitty,channel,Helter Skelter,192,🐱
kotexsch,channel,Kotyara Castle,562,"❗️240к🏆  официальный канал 🇧🇾   все вопросы, по покупке фл, доната и прочего к моему админу @kotyara_ad ✨  In Search Of Dream"
myshelterrrrrrr,channel,my shelter 🗡,318,"кладовая самых разных картинок, чтоб галерею не засорять посчу все, что угодно (свое и чужое)  теги:  #рис - мои рисовашки\блендер #кит - коллекция встреченных котиков и моего родненького #бася - коллекция встреченных собачек  одмэн: @tinomiya"
callbilldone_chat,group,я флипаю всё,359,"я тут флипаю всё, если вы еще не поняли  чат канала @callbilldone"
walter_katerina,channel,Walter_Katya,22,Фотографирую📸
wasdtttw,channel,WasdT,49,
captains_collider,channel,ᴋѳᴧᴧᴀӣдᴇᴩ ᴋ϶ᴨᴀ [щп],109,Щитпост  Основа: https://t.me/CaptainTranquility
strangerlifee,channel,Shelter,53,
sheltertme,channel,SHELTERTME,147,What's up     элэс: @shelter0999
tfbalter,channel,⋆𓍊𓋼ʙᴀʟᴛᴇʀ𓋼𓍊⋆,92,🎀 @Frogpond_bot حرف بزنیم؟
quietwalter,channel,Тихий мир Уолтера,40,"22.04.2026 день рождение канала.   Уголок спокойствия в шумном мире ""Бездушной"". Место, посвященное самому светлому музыканту и его золотому сердцу. Заходи, присаживайся у костра. Здесь тебе всегда рады. ​Связь/Предложка: @WalterSafeHavenBot"
astersarchive,channel,ㅤ𝗦𝗛𝑨𝗧𝗧𝑬𝗥𝑬𝗗ㅤ𝗪𝑨𝗟𝗧𝗭̉ ㅤ,21,т𝒐льк𝒐 вз.  𝒖нф𝒐 : @slntconf 𝒂рх𝒖в : @ast_archive
virtdo,group,Virt❤️💋,45,
clumsycx,channel,казарма ночного сталкера#скрытный0муткульт,75,че хотите пишите @clumsycx81 #чутьtrapglomexikodropluggperc40крейзи #люблюсталкерakaвладыка808 #навходеоружиеубираем #скрытный0муткульт ТТ moriys11 (в качетсве оплаты ну оружие и патроны)
admet_akhter_chat,group,Адмет Акхтер — чат канала,39,
wenter_nftshop,channel,WenTer nft shop,24,
kwinter_r,channel,the champion's garage| スピード,27,хап. надеюсь поладим.
cryptoboxsi,channel,NFT crypto box,422,Новости и розыгрыши — всё в одном канале  По вопросам сотрудничества - @cryptoboxsup  Чат для общения - @cryptoboxschat
ruhentaichannel,channel,•RU \•/•\•/ Hentai,836,Внимание‼️ Всем персонажам в этом канале строго больше 18 лет. Подписчикам этого канала так же больше 18 лет. Ссылка на резервный канал https://t.me/RuHentaiRezerv /Донат каналу\ @CryptoBot  http://t.me/send?start=IVxbJUf2Faxt Сбер 22022080212636
cryptobusy,group,CryptoBusy,360,
cryptob1x,channel,CryptoB1X,257,"Привет!  Здесь я буду делаться своим опытом, удачами и неудачами.   Пристегнитесь, впереди нас ждут большие иксы   Связь-@B1Xcrypto Реклама-@B1Xcrypto  Чат-https://t.me/ChatCryptoB1X Первым не пишу никогда."
cryptobox07,channel,CryptoBox Binance 💰,114,https://s.binance.com/ZfzGM1D3
ton_drops_me_airdrop_chat,group,TON Drops Me Airdrop & Gift | Чат,237,The best channel-aggregator of all gift giveaway  Gift & Airdrop - @ton_drops_me_airdrop Чеки xRocket - @ton_drops_me Cryptobot - @ton_drops_me_cryptobot Premium - @ton_drops_me_giveaway Stars - @ton_drops_me_stars
cryptobieb,group,CryptoBieb.NL - De Wikipedia van Crypto,196,"Cryptobieb.nl - Leer alles over Crypto! Reviews, uitleg, airdrops en meer!"
cryptaxbot,channel,Online money earning - Crypto | Finance,190,
cryptonomiabot,channel,Speedycalls - ⚡️Real-time Crypto Alerts🚨,301,⚡️Real-time Crypto Alerts🚨 Snipe my calls with Outlight Bot 🎯 https://t.me/LightDealerBot?start=speedycalls
cryptozloot,channel,CryptoZ Loot❤️‍🔥,336,❤️❤️Welcome To Our Channel.....💖💖  Just Want To Help You all As Much I Can💞   🛑Channel Owner:- @Ashu_62   Admin:- @Naved567
cryptobotjobsbot,bot,Crypto Bot Jobs,,Данный бот принимает заявки кандидатов по вакансиям в @CryptoBot.
averbotpro_chat,group,Averbot - крипто бот ЧАТ,86,"Криптовалютный бот для Binance, OKX. Обсуждение тенденций криптовалюты и работы боты. Сайт: averbot.pro Основная группа: t.me/averbotpro"
to4no_ne_scam,channel,А это точно не SCAM?🤔,681,"Канал, который наполнит твой пустой карман.  📍Трендовые бизнес инструменты, крипта, финансы, обзор рынков и проектов, мотивация и саморазвитие.  🤝Отзывы от наших партнёр:  https://goo.su/UWzb  ⭕Ютуб канал https://goo.su/8Tb0H3O  📞 Связь: @DefFairy"
kiber_scam,channel,Мошенники на КиберСпорт,217,"Мошенники, которые кидают людей на деньги, продают шлако-боты, говно-випы, скам-раскрутку. Увидели мошенника и есть пруфы , пишите : @mixa_mk Наш канал с БЕСПЛАТНЫМИ ботами: @free_mk"
school_of_safety30,channel,"Астраханское РО ВДЮОД ""Школа безопасности"" Соревнования, мероприятия, походы и тренировки 👩‍",109,"Хочешь научиться сам решать ситуационные задачи по безопасности, преодолению опасных и чрезвычайных ситуаций? Ждём тебя"
localfarts,channel,локал фартс,354,"*локал фартс - астраханское творческое объедение, неосмысленной задачей которой является просвещение, развитие и преображение культурной действительности не ограничиваюсь в видах и формах самовыражения  https://localfarts.lol"
ippo_ast,channel,Астраханское отделение Императорского Православного Палестинского Общества (АРО МОО ИППО),196,О деятельности ИППО и о жизни Православного мира. Общество создано 8 мая (3 июня) 1882 г. Императором Александром III
selotrudfront,channel,"Администрация МО ""Сельское поселение село Трудфронт Икрянинского муниципального района Астраханской области""",136,"Астраханская область, Икрянинский район, село Трудфронт, ул. Ленина, 2 +7 (85144) 9-36-52 +7 (85144) 9-36-35"
pirs30ru,channel,Pirs30.ru,115,Официальная страница СИ «PIRS30.ru»                   Свидетельство о регистрации СМИ Эл № ФС77 — 82493 от 30 декабря 2021г.
lksm_eao,channel,Ленинский комсомол ЕАО | ЛКСМ ЕАО,223,ЛКСМ ЕАО - это отделение ленинского комсомола в нашей области.  Мы объединяем левую молодёжь для достижения общей цели - социализма.  ЛКСМ ЕАО в ВК - https://vk.com/lksm_eao
laksmiexchange,channel,Laksmi $LKSM Announcement Channel,648,Laksmi App - Earn Crypto Daily  Join Airdrops and Crypto Gigs.  Launching Soon on Android and Apple
lksmrfkorolev,channel,Комсомол Королёва | ЛКСМ РФ,89,Официальный канал королёвского отделения ЛКСМ-РФ.  ВК - https://vk.com/lksmkorolev  Пресс-служба - @lksmkorolev
ksm_volggmu,channel,Клиника семейной медицины,259,"Университесткая Клиника ВолгГМУ 📞 97-12-12 стационарный номер   📳89370971212 сотовый регистратуры 📍 Волгоград, КИМ,20"
lkmgomel,channel,ЛКМ | Гомель,82,Общественное объединение «Лига коммунистической молодежи»  📌 Наш чат-бот: @liga_km_bot
lynkspm,channel,Lynks Property Management,92,"Lynks Property Management оказывает полный комплекс услуг по управлению и эксплуатации объектов  коммерческой недвижимости, а также предоставляет услуги брокериджа и консультационные услуги. www.lynkspm.com  +7 (495) 532 9909 info@lynkspm.com"
lotcrb,channel,"ГБУЗ Московской области ""Лотошинская больница""",198,Официальный новостной канал ГБУЗ Московской области «Лотошинская больница»
lamdoalex,channel,Александр Ламдо,199,Секретарь окружного Комитета КПРФ. Первый секретарь Ямало-Ненецкого окружного комитета ЛКСМ РФ
anrussia_lnr,channel,Многонациональная Луганщина,165,"Луганское региональное отделение Общероссийской общественно-государственной организации ""Ассамблея народов России""  Почта: ogoanr.lnr@mail.ru"
santosbravos5,channel,santos bravos ୭୧,183,ㅤㅤㅤㅤㅤ𝗐𝖾𝗅𝖼𝗈𝗆𝖾 𝗍𝗈 𝗍𝗁𝖾 𝖿𝗂𝗋𝗌𝗍 𝖾𝗏𝖾𝗋  ㅤㅤㅤㅤ  ㅤ𝗉𝖾𝗋𝗌𝗂𝖺𝗇 𝖽𝖺𝗂𝗅𝗒 𝗈𝖿 𝗌𝗍𝖻𝗏 𖹭 ㅤㅤ  ㅤ ㅤ ㅤㅤ﹙ @stbvvbot ﹚
besstavs,channel,av's,71,анон http://t.me/voprosy?start=ezqqv
twixovaavs,channel,авы/связки от твиксовой,263,оп/вп писать - @PyKiBkPoVi
listivanovo,channel,𝐋𝐢𝐬𝐭 𝐈𝐧𝐯𝐚𝐧𝐨𝐯𝐨|62,42,https://t.me/listivanovo
tvyc_oi,channel,TVYCᵒᶦ | That Voice — Your Choice,31,"That Voice — Your Choice (Скорочено TVYC [Тіві-Уайсі]) — розважальне шоу, яке націлене на створення рубрик в яких будуть голосувати за кращих із кращих.  Оформлення — @portfolio_lll"
takoyuz,channel,Takoy.uz 🔞,24,"Самые лучшие видео и гифки ️🎬 У нас только ""Такие"" 🤘🤙 @takoyuz"
prais_piarov_repov,channel,❄️𝑷𝒓𝒂𝒊𝒔 𝒂𝒏𝒅 𝒐𝒕𝒛𝒃𝒍𝒗𝒃𝒍☃️,20,❄️|𝑲𝒂𝒏𝒂𝒍:: @content_disvix  🧑‍🎄|𝑽𝒍𝒅: 𔓕 @mertvaya_boss
topoprosi,channel,🔥Опросы🔥,1,Опросы От Знаменитости!
seka21_kasta,group,KASTA SEKA 21 (СТІЛ 2),1041,"😍 Ефір проходить у відеочаті, тут https://t.me/seka21_kasta?videochat"
nftcitychannel,channel,NFT|City🌐,1735,"В данном канале будут проходить розыгрыши, и интерактивы на звёзды и NFT. Реклама - @HFT_Prise Выдачи - @Vidachi001 Владелец : @PushistikGoy Ссылка на чат: @NFTCityChatik Скам - могу не выдать!"
estudioyaccion,channel,PASO AL FRENTE,209,"Aquí estarás siempre informado de nuestras actividades, publicaciones y últimas noticias."
xxronisksjj,channel,Переход/ лил хроник,105,
emerakami,channel,Emeralda Syrian ПЕРЕЕЗД,348,"Подписываясь на этот канал, вы подтверждаете что вам 16 лет, если это не так, я не несём ответственности за вашу ""психику""  готовые арты можно найти в Архив канале, в хорошем качестве: @emerald_archive  Щп канал : @emeralda_Syrian"
sonicccq,channel,Конкурсы,233,"здесь будут проходить конкурсы, подписывайся"
uylianno4ka,channel,Метафизика для жизни,366,Рекомендации на день и техники помогающие проходить турбулентное время от специалиста китайской метафизики Бацзы и консультанта Фен-Шуй.
topologyschool,channel,Летняя школа по топологии — 2026,479,"Канал летней школы по топологии, которая будет проходить 8-11 июля 2026 года на мехмате МГУ. Регистрация: https://forms.gle/PojAatvJcmQ8CngC7  https://sites.google.com/view/topologyschool2026/"
foreskaarchive,channel,АРХИВ ПЕРЕЕЗД ЧОРТТ,215,Здесь будет комфортная для меня зона и я выкладываю всякое свое творчество🥺Я онли СФВ художник лс @ForeskaA  Инфо @ForeskaInfo щп https://t.me/+AJo20gKLbGEzNDZi Анон http://t.me/anonimnyye_voprosy_bot?start=p0hs6
chatprichal,group,Чат Причал,3410,Водомоторный чат.  Сайт https://prichal.info Технический Причал @techprichal Барахолка Причал @chatprichal_baraholka  Правила prichal.infochat-berthrules-for-the-chat Модератор @kostaskot По вопросам и предложениям @prichalinfo
solyanaya_pristan,channel,Соляная пристань,30,Пиво и музыка
artim_gg,channel,Artim.Holly🧼,25,
priipri,channel,Причалы и Пристани,74,Пост-рок из Нижнего Новгорода https://band.link/pripri
kotaothai,group,Ко Тао (Koh Tao),34,🏝️ Самый уютный чат по острову Ко Тао / Таиланд. Путеводитель https://www.kohtao.ru
mainiadriano,channel,Aspetti rivieraschi,5,Creato da Adriano Maini
memes_inthemiddleofthenight,channel,Мемешная,301,Профилактический мем-канал для улучшения общественного здоровья 👌
gorodskoygid,channel,Городской Гид Набережные Челны,421,"Городской Гид Набережные Челны- это гид о том, где интересно и где вкусно в Челнах 89625777027 @gorodskoy_gid"
albertablackthorn,channel,терновник альберты 18+,343,"прочитайте закреп!  ЭТО НЕ РИСОВАТЕЛЬНЫЙ КАНАЛ, Я НЕ АВТОР КАРТИНОК. арты заказываю у художников  пишу здесь о своих персонажах и иногда о себе. по всем официальным вопросам обращайтесь в лс тгк или к менеджеру"
runnch,channel,РАНЧ → о беге в Набережных Челнах,227,"Анонсы, забеги, тренировки, шмотки, советы, лайфхаки. По любому поводу пишите - @undrwd.  Сайт о любительском беге в Челнах: https://chelny-run.ru (в активной разработке)"
slstudio_chelny,channel,Тематические фотопроекты в Набережных Челнах,241,
dvuglavy_orel_chelny,channel,Автоград | Двуглавый Орел | Набережные Челны,202,"Федерация традиционных видов спорта «Двуглавый Орел» в Набережных Челнах.   Мы развиваем русские традиции. Мы - русские, с нами Бог!"
obitelchayoch,channel,Чайная обитель (+-18),115,ЫыеыыХвххыыЫыЫЫЫыээ…
hennessi83,channel,hennessi ― черный дельфин,112,"Art community of the great genius, billionaire, playboy, philanthropist hennessi😉 Commission in open  @Arthennessi83 VK https://vk.com/arthennessi83 Twitch https://www.twitch.tv/hennessi83"
chillrenata,channel,chill,44,digital journal
wowmomclubnch,channel,WOW MOM CLUB,98,Канал офлайн-встреч клуба для мам в Набережных Челнах
deadkeoqj,channel,кеокж,582,i laweee hikaruuu🍉🌻 https://boosty.to/keoqj
evkalipt_kzn,channel,Эвкалипт Премиум | ЖК ЦАРЁВО | ЖК СТАНЦИЯ СПОРТИВНАЯ,825,"Свежий цветок каждые 2 дня!  Наш сайт : https://evkalipt-kzn.tilda.ws/  #цветыцарево #цветыусады  Наши адреса: 1. ЖК Царево, Тукая д.4 89274941020  2. ЖК Станция Спортивная, Ярышлар д.2а  89274988814  Инстаграм:  https://www.instagram.com/evkalipt_kzn"
tranzit_expert,channel,Транзит Expert,400,"Наши адреса:  Декабристов, 81А к1 Б.Красная, 195 (Выс. Гора) ул. Техническая, 27к1 ЖК Царево-Village у. Габдуллы Тукая, 2А"
studio1884_kzn,channel,Фотостудия 1884 Казань,422,"• Аренда под фотосессии, МК, свадьбы и мероприятия • inst https://www.instagram.com/studio1884_kzn?igsh=MW44MTR0dHJrdnFyMg== • vk vk.com/studio1884_kzn • +7 987 222 1884 • @studio1884  • https://wa.me/79872221884  Адрес: Габдуллы Тукая, 84, 2 этаж"
dishisomnoi_st,channel,Студия #дышисомной,291,БРЕНД ГОДА 2024 Тренировки с любовью и заботой специально для женщин ✨  ✅Дыхательная гимнастика для похудения ✅Хатха-йога ✅Подкачка с растяжкой ✅Растяжка и Осанка ✅Здоровая спина  ✅Тазовое дно ✅Кундалини  Мы находимся по адресу: ул. Габдуллы Тукая 84
klassikamobili_kazan,channel,ИНТЕРЬЕРЫ И МЕБЕЛЬ,217,"❤ Российские бренды мебели со своим производством.  Изготовление мебели для кухни, спальни, гостиной, кабинета.  Доставка по всей России. tel:+79003238074, +7 900 329 91 41.      Салоны в Казани: ул. Габдуллы Тукая 115; ул.Сибирский тракт 34к1"
rancherbr,group,Rancher BR,345,
r0crewkz,group,r0 Crew (KZ),320,Группа R0 в Казахстане  Channel: @R0_Crew Invite Bot: @r0crew_bot 👈
rbbchivasso,group,RBB,164,"""Hai voglia di giocare ma (A) non sai se la sede è aperta oppure (B) non sai se c'è gente con cui farlo? Questo è il posto giusto! Disponibilità di spazi e persone degli RBB sono ufficialmente su questo canale!"""
rouzbehcodes,channel,Rouzbeh Codes,4,mostly about coding &... .  connect: @RouzbehW or t.me/RouzbehCodes?direct
rgub_bot,bot,Бот РГБМ,,"Это бот-помощник РГБМ. Мероприятия, последние новости, личный кабинет и самое главное — поис книг в каталоге."
rparty_bot,bot,RespublikaParty,,
rbm_stroy_bot,bot,RBM-Консультант по стройматериалам,,"AI-бот компании РБМ-Строй  Поможет получить консультацию, расчет и коммерческое предложение - 24/7"
rbj_squad,channel,𝗥 𝗕 𝗝,1,RBJ | Crypto Updates • Alpha Opportunities for CT
rlab_samara_bot,bot,RLab | Личный кабинет,,Личный кабинет клиента RLAB
redermalabbot,bot,SMART-приложение RDL,,"Каталог лучших препаратов для эстетической медицины. Научные статьи, полезные материалы, вебинары и мероприятия"
reklamamosbot,bot,РекламаСтрой🏪,,Рекламно-производственная компания полного цикла РекламаСтрой
r0crew_bot,bot,"r0 Crew (Bot, Bear0)",,I'm the mascot and quarterback of r0 Crew. I will help you join the community if you ask me about it.
researchexpobot,bot,ResearchExpo,,
rentrobot_bot,bot,Rentrobot_bot,,Rent-robot.ru Роботы для жизни
reputati_bot,bot,Репутационное агентство PRRA.ru,,"Давайте обсудим вашу проблему! Мы сможем удалить негатив в интернете, поднять рейтинг и исправить репутацию! Пишите..."
randomall_ru_bot,bot,randomall.ru bot,,Официальный бот randomall.ru
retailcrmbot,bot,RetailCRMbot,,"Ответим на вопросы, связанные с RetailCRM"
randagency_bot,bot,RAND,,
rbcedubot,bot,Служба клиентской поддержки Школы Управления РБК,,Это официальная служба поддержки Школы Управления РБК.
referendum_app_bot,bot,Referendum,,"Create, vote, and earn in Telegram referendums!"
rdtexua_bot,bot,RDTEX UA Bot,,"Oracle Platinum Partner, IBM Silver Business Partner і Harris i2 Group Authorized Partner"
rosprizyvbot,bot,Всероссийский Призывник - консультация,,
feedback_rm_bot,bot,Обратная связь РМ,,
rmzfc_bot,bot,RMZ FC,,
bbr38_bot,bot,Бюро бухгалтерских решений,,"Бот для коммуникации с ООО ""ББР"". Здесь Вы можете прислать нам свой вопрос или  документы."
yuventusb,channel,Ювентус | Juventus,1865,По вопросам рекламы - @KHOKKEIST    Чат для общения фанатов - @MARAFON   ОФИЦИАЛЬНЫЙ СПОНСОР КАНАЛА - @CHEMPIONOV_LIGA
sity_manchester,channel,Манчестер Сити| Manchester City FC,1649,По вопросам рекламы - @KHOKKEIST  Чат для общения фанатов - @marafon   ОФИЦИАЛЬНЫЙ СПОНСОР КАНАЛА - @CHEMPIONOV_LIGA
dbkay,channel,Кочетов Алексей,2410,Для связи: aleksey@db-kochetov.ru  Спонсор: https://sponsr.ru/dbka Бусти: https://boosty.to/kochetovalexey  Поддержать за полезные материалы: 2200 7004 4118 8512  Дзен (архив) : https://zen.yandex.ru/dbk   Чат: https://t.me/Kochetov_Aleksey
neymarh,channel,Неймар | Neymar Júnior,1182,По вопросам рекламы - @KHOKKEIST    Чат для общения фанатов - @marafon   ОФИЦИАЛЬНЫЙ СПОНСОР КАНАЛА - @CHEMPIONOV_LIGA
dedkarakrutoi,channel,волокопиздушные связи с дедкарой 2.0ЧЭЭХЗ,26,второй канал  https://t.me/+hTKPJuZjvYszNjIy  ВТОРиОЙ ДЕДКАРАЩОВЕЛАРХИВ✨🌈
sssshlak,channel,DECKDESTROYER,55,монтаж/сьёмка/лайфстаил Техника: iphone 4/ iPhone 13/ sony pc 105e/ sony slt a37  связь: @mamayalublukokainn тикток: @ovvvrdssmr
michael_de_santa_gta,channel,𝕄𝕚𝕔𝕙𝕒𝕖𝕝 𝔻𝕖 𝕊𝕒𝕟𝕥𝕒,25,Chanel - @grandtheftsetka Question - @questionmichaelbot
invokerwoul1,channel,Yasper Maglot,68,бренд одежды ломающий все принципы моды.   покупка через Менеджер: @teysysui2  сайт: invokerwoul.ru
dekarcraft,channel,Dekar Craft,21,
deconews27,channel,𑀥E𑀝𐌏*27 𐌽ᥱᥕs!,37,"Привіт! Це канал створений для фанатів та людей які цікавляться Deco*27 Вп/питання: @ricay27 . . . . hao hao hao no rabu rentan, kimi to shitai koto ga ippai 🥹🥹🥹"
dexmattdx,channel,dexmatt. #stalkers,15,данте и хуха вновь ломают психику людям в тг.😮‍💨
mrkdkkbot,bot,Markus Dekker,,"""Non c'è alcun dubbio, ja! Zi tratta zicuramente di attacco di likantropo, zì!"
bambipages,channel,Bambi Books,3602,بامبی از میون کتاب ها بهتون خوش‌آمد میگه، چطور میتونم کمکتون کنم؟ . ثبت سفارش: @Bambi_Admin . چنل رضایت و اعتماد: @BambiTrusts ناشناس: https://t.me/HarfinoBot?start=216ec547b168f29
hnkchan,channel,HanakoのPlayground☄️,428,无内鬼，来点生草玩意  Hanako快乐图：本频道 Hanako飞仙图： @yuripic
homyakinstorage,channel,Склад,56,"Личный дневник и заметки.  Разработка, менеджмент, мемы, игры, мысли вслух."
buildingblockstlv,channel,Building Blocks (27.03.2025),257,
smartech_it,channel,"Smartech ⭔ Разработка, аналитика",119,"22 года разрабатываем ПО, помогаем бизнесу, растим айтишников, делимся знаниями"
juniorbytes,channel,IT-возможности для молодых специалистов,197,"Информационный агрегатор митапов, конференций, карьерных мероприятий, стажировок и вакансий для молодых IT-специалистов. Подбор материалов осуществляется редакцией канала.  Бесплатные IT-возможности для студентов: @competech  Связь: @JuniorBytes_bot"
javascript_ita,channel,Redirect,59,
avenue_school,channel,AVENUE.SCHOOL: курсы it профессий,78,IT-курсы онлайн и в аудиториях  https://msk.avenue.school/
kirill_codit,channel,7 чудес разработки,61,"Канал Java разработчика, в котором вы обязательно найдете что-то для себя  Автор: @kignatev"
kripevil,channel,KripAI,1502,Доброе пожаловать в мой мир  Связь: @krip819
dobroeslovocentr,channel,ДОБРОЕ СЛОВО ЦЕНТР-ИНТЕНСИВЫ,796,"Записаться на консультацию  @Centr_Dobroe_Slovo  Центр Речи Доброе Слово проводит занятия по Запуску Речи, речевого мышления, учебного поведения http://logopedagogika.ru/  Дельфинотерапия https://intensiv.pro/?ysclid=mhvqla5y81625692660"
rinameowtattoo,channel,Rina | meow_tattoo,1314,"Тату-студия meow_tattoo на связи, доброе утро)   Для оформления записи писать в лс - @rinaa_meow"
