youtube4women,channel,0 → 1000 на youtube для экспертов • Наташа Буявец,241,"Здесь всё о YouTube с нуля для женщин-экспертов: - как начать без страха и сомнений - как найти темы, которые зацепят зрителей - как набрать 1000 подписчиков за 4 месяца  Начни отсюда: https://t.me/youtube4women/9  Контакт @mitsudzi"
rima_savdo,channel,RIMA SAVDO,1111,
ak_savdouz,channel,LEGION AKKAUNTS,85,
nfts_savdo,channel,NFTs savdo,6,
savdogar_opa,group,👜 Savdogar Opa,9,2022.02.22
kilxsie,channel,зарисовки от kilxsie,950,my minds
neyzorxxq,channel,𝖗𝖝𝖌𝖊𝖝𝖟 𝖝 𝖓𝖊𝖞𝖟𝖔𝖗🧊🔥,524,Shop: https://t.me/neyzorh3xiuzshop  N X G YouTube: https://youtube.com/@neyzorxxq?si=fmjIFVoe1  Neyzor TikTok: https://tiktok.com/@neyor.cxrs?_r=1&_t=ZS-92nbr3K8cL7  RXGEXZ TG channel: https://t.me/rxgexzx  RXGEXZ TikTok: https://vt.tiktok.com/ZSmYBAKPo/
namangan_sovchilariii,channel,NAMANGANLIK SOVCHI,281,.  . .Ushbu kanalda joylanayotgan nomzodlarni bekorga bezovta qilmang Allohdan qo‘rqing  LITSENZIYA BOR  ELON JOYLAMOQCHI BÒLGANLAR MUROJAT   UCHUN @Sovchilarda_adminka_orqali  💳    #Elon_pullik  📃 E'lon Natijalari: https @natija_uzb  .   .  .  . . . .
shugaevanauka,channel,Шугаева,8191,Мы. Наука. И не только😉  Канал зарегистрирован в РКН № 6444938258
olga_egorcheva,channel,Ольга Егорчева | Стендап,362,Стендап-комик  Соцсети: https://www.instagram.com/olga_egorcheva https://vk.com/oegorcheva
osteolip,channel,Светлана Курушина- Доктор Остеопрактики. Дневник.,289,"Случаи из практики, из жизни. То, что вдохновляет и каждый день впечатляет в профессии. О здоровье, об исцелении, о совершенстве жизни."
olga_psy_vselenka,channel,Ольга Засухина & Психология & Вселенка,235,"Психолог, эзотерик. Работаю в методе Вселенская терапия (Леонид Тальпис).  Помогаю разбирать повторяющиеся сценарии, родовые переплетения, страхи и сопротивление. Через тело, поле, подсознание.  Консультации онлайн. @Olga_Oz17"
osmolovskayavesta,channel,Осмоловская Светлана|Подростковый психолог| Дзержинский,230,Психолог Дзержинский @osmolovskaya_vesta Фототерапия https://t.me/vestastylefoto Ароматерапия https://t.me/prodoterraOS Женский клуб https://t.me/vestaclub_dzr Конкурс красоты https://t.me/mrs_dzr
olgapsyhologanapa,group,Психолог для мам Ольга,127,"Психолог, стаж более 20 лет.  Анапа и онлайн  Запись на сессии и консультации, групповые встречи +79186460025 Или @olga_anap"
olyakosogovaru,channel,Оля К,96,"✨🌿🌈 Говорю, пишу, пою, рисую о восприятии энергий, об интуиции, о шаманском взгляде на мир.   🎧Подкаст/видео/статьи 👥Чат для высокочастотных людей  Сайт https://www.olyakosogova.com/ru Вк https://vk.ru/olyakosogova Почта olya@olyakosogova.com"
olgakorbashovapsy,channel,Уголок психолога💛 Ольга Корбашова,36,"Ольга Корбашова - экзистенциальный и арт-терапевт. Работаю индивидуально, с парами и группами.   Рассказываю о чувствах, эмоциях, теориях личности и психотерапии.   Делюсь интересными книгами, фильмами, размышлениями."
olginkabesedka,channel,Ольгинка беседка,35,Чат для местных и для наших любимых приезжих гостей ! Здесь мы можем сплоченно решать вопросы связанные с нашим селом и не только ( купить или продать ) и просто радоваться общением друг с  другом!
osonweb,channel,Osonweb,16,
dbarknight,channel,𝐃𝐀𝐑𝐊 𝐍𝐈𝐆𝐇𝐓 𝐈𝐍𝐅𝐎𝐑𝐌𝐀𝐓𝐈𝐎𝐍.,70,Лайф -  @darknightlifes Тик ток - https://www.tiktok.com/@dbarknight?_t=ZT-8vG1QEWxpSk&_r=1
dwinforuns,channel,𝐼𝑛𝑓𝑜 — 𝐷𝑊 𝑝𝑟𝑜_𝑟𝑢𝑛𝑠,171,Бот вступления — @DWProRunss_bot Блог тгКанал — @dwproruns Норма — 1 ран/2 нед
gwkdandys_world,channel,፝֟۫ 𝅃‌ ٛ‌ ݄‌ ‌꒰⌣፝֟ᧁ‌ׄ𐐼‌ׄຕִׄᧉ͠s wׄ𝕚ִƚִ࣪hׄ 𝕜ׄ𐐼‌ׄ𝕚ִ꒰ ׅ፝֟ ‌ᰰᮭ〪۪۪݄᩹᷒𝆬 ࣪݃ ֶ۪۪ꪳ ۪ ꒱ 🐬,190,
daelitdt,channel,Daelitное настолье,31,Болтаю обо всём и ни о чём. Что то иногда озвучиваю в микрофон.
tdwg_community,channel,Toons Workshops DW Games [ TDWG ] 🛠,2,Доброжелательный канал с множеством  интересных игр на рекорды и миниигр  Владелец - @neewkord   Жалобы на Администраторов / Участников - @neewkord
so2checker_bot,bot,Standoff2 Checker,10260,"A convenient Standoff 2 bot for viewing detailed statistics for your own profile, other players, and clans."
botsdeldota2,channel,Bots para el Dota 2,665,En este canal iré subiendo scripts de bots actualizados para el dota 2. Bots mejores que juegan con todos los héroes.
funkocards2,channel,FUNKO CARDS,434,🎮 Bot - @Funko_Cards_Bot Bot2 - @FUNKOPOPCARDSBOT Other - @Funkoother Website - funkocard.ru Stars - @funkostars_bot Archive - @Funkocardsall  🫂 Owner - @ShadowSamuraik Co-Onwer - @btcff0 temaprikolov - @prikolovwork
esxaturn,channel,SATURN,321,Ser!al killer  🥃  ๛唐辛↫    $AD BADDIE  ♟ 体に武器   Catwoman.com              ‘’THEY CALL ME “BIG MAMA” LIKE A FAT B!*CH’’ PL€https://t.me/Sa3aur1  Bot1: https://t.me/BrightSaturn_bot Bot2: t.me/HidenChat_Bot?start=1406198102 Bot3: t.me/safeCht_bot?start=t
t2_ice_bot,bot,T2 каток,,
la2kipedia,channel,Lineage2botWiki,18,Сам бот -» @La2gamebot Сайт с гайдом и полезной инфой -> http://lineage2bot.tilda.ws/ Так же делаю ботов на заказ! Писать @maxmakcz
bgs2_bot,bot,🍂BGS🍂,,🏮Официальный чат бота - @chat_bgs  📱Канал - @channel_bgs   🎭Владелец - @MisterBearCat_Alex
kurkovatati,channel,Нейрокарьера /работа и доход,741,"Экспертный блог о карьере и нейросетях. Разбор профессий, гайды, стратегии. Для  тех, которые хотят управлять своим доходом в цифровую эпоху. Рекламу и донаты принимаю.Автор книги  об ИИ"
rusmonstr,channel,Охранитель,12189,"В ТО САМОЕ ВРЕМЯ, В ТОМ САМОМ МЕСТЕ! https://max.ru/rusmonstr - подпишись! Регистрация в РКН:  https://gosuslugi.ru/snet/67a5e633a16f1b5542a5085e Резерв @rusmonstr1 Чат https://t.me/+4IpPwH8tN5NlMjc6 РАЗБАН, предложения о сотрудничестве: @Lubov_Za_Rossiya"
andreyrublevupdates,channel,Andrey Rublev Updates 🎾⚡🖤,1045,"Updates, news and fan content about Andrey Rublev ◥ ◤  Fan channel | I'm @game_rublev (Twitter / X, & Tik Tok, currently inactive) / @ artennis.97 (Instagram) @andreyrublevupdates (VK - Ksenia admin)."
novost_rosii,channel,Новости России,170979,"Ваш личный информационный гид по городу. Новости, события, аналитика и все, что нужно знать местным жителям.  Реклама: @myakot_tg"
yubbi_life,channel,чемодан юли,135,"Мяу, я Юля, это канал о моей жизни<3 Пропагандирую добро и стремление вперёд❤"
yustigram_lawyers,channel,@yustigram_lawyers,143,
hypetime_be,channel,HypeTime,18,
club_gasan,channel,Club Gasan,215,‘CLUB GASAN’   «НАШ ЗАЛ – ТВОЯ ВЕЧЕРИНКА»  Soon...
jamesortodox,channel,джеймс.,167,не унывай душа моя.
valery_yuruts_blog,channel,Валерий Юруть изредка печатает...,121,
openyogamoscow,channel,"888. Йога в Москве. м. Аэропорт, м. Бауманская, м. Новослободская.",20,
sergeysky308,group,Сергей Скай | Открытая йога | Трана 2022 | Бердск | 000.599 | 700.999,14,
openyogamoscowchat,group,"888. Чат. Йога в Москве для всех м. Аэропорт, м. Бауманская, м. Новослободская.",12,
yomeja8yoga,channel,YOMEJA Yoga online & vor Ort,2,"Aktuelle Yoga- & Ayurveda-Kurse, Workshops und Angebote von YOMEJA | Yoga & Meditation. 🌿 Online & vor Ort – deine Einladung zu Ruhe, Balance & neuer Energie.  Homepage: www.yomeja.de  Links: www.yomeja.de/links Instagram: yomeja.yoga"
jpoint_joker_conf,group,Чат JPoint и Joker — конференций по Java,2165,Канал конференций: @jpoint_joker_channel  Билеты: https://jrg.su/Joker_2026  Саппорт: @JUGruSupport
jumper_so2,channel,Jumper,403,
master_joker_official,channel,Master Joker,45,
juornalier,channel,Journalier de Voler,45,Одежда для спорта и улицы на каждый день 🗓  • КОМФОРТ  • ФУНКЦИОНАЛЬНОСТЬ • СТИЛЬ  • УНИКАЛЬНОСТЬ  Все начинается с нашей страсти к активному образу жизни и стремлению к достижению своих спортивных целей 🎯 Наш сайт - https://journalier.ru/🧑‍💻
killer_beatz,channel,KGC BEATZ🩸,834,Dm for beat : @killer_beatz420
btcbeatz,channel,BTC Beatz,319,Alle Tracks sind BTC Beatz Originals by @Meidi und dürfen geteilt werden - no copyrights  https://twitter.com/BTCBeatz  Vielen Dank für euren krassen Support 🧡 meidi@sats.mobi https://imgur.com/a/c9R5cum (QR)
style_beatz,channel,DJ StyleBeatz👀,90,sc: https://soundcloud.com/dj-style_beatz tik tok: ...  Связь: @style965 (по предложениям в работе писать в личку)  MIX - от 2000 руб  Beats: SC - бесплатно с указанием (stylebeatz prod.)  wav - 1000 TrackOut - 1500 Exc - 3000
eliyasbeatz,channel,Eliyas BeatZ,1254,"#TypeBeat #Instrumental #Beat #Beats #TypeBeats  ◍ Download VstPlugIns & Sample Packs: @ProdRoom  @VSTpack  @FLstudioXx (MacOS, LiNUX)  ◍ Admin ➣ @Fl_aD"
arnold_beatz1,channel,Arnold | آرنولد,2489,Official Telegram Channel of Arnold Beatz   instagram : instagram.com/arnold_beat1 Playlist :  @PlayListYoung024  Connection : @khode_Arnold1
unkibeatz,channel,unki🥀 beatstore,4263,по поводу покупки сюда - @manager_unki основной канал @unkichat
arty_beatz,channel,Arti,147,Instagram: https://www.instagram.com/arti_beatz?igsh=ZXVkN28xZmY4ajh5  Telegram: @arpmoog  SoundCloud: on.soundcloud.com/jWnS2f9nL08Km0oKpE  Discord: discord.gg/qW2U53JM
bet_giantss,channel,بت جاینت | 𝗕𝗲𝘁 𝗚𝗶𝗮𝗻𝘁𝘀,2702,🧿﷽🧿  خوش آمدید ❤  هدف سوده ، ولی باید راحت باشه💰  حمایت کنید #کیرتون‌طلا 👑  Owner: @Ali_Gt5 ‌‌‌
beatzcoin,group,BeatzCoin [BTZC],20,
kk_closet,channel,KKARDELIA’S CLOSET🫐,2078,📍Ташкент  стильная и качественная одежда 🇨🇳🇰🇬 доставка по всему Узбекистану 🧾для заказа и вопросов - @vironk0 возврат и  обмен ❌
uhoduidverzakroy,channel,KIARA и ее фанаты,168,@ZAYAx77
nikola_pidoresla,channel,Fedor_Nikolaev,33,
kiddosru,channel,KIDDOS,50,Магазин детской одежды
amy_kisa95,channel,𝙻𝚘𝚐𝚘𝚟𝚘 𝙰𝚖𝚢🫶🏻💖🌸,50,Я эми :>
krevi228,channel,кита!ᵔ⩊ᵔ,19,any pronouns
rippergaid2,channel,BadBitch(جنده)💖,50596,
bush_ripper,channel,OG Bush Ripper by 𝓜𝓪𝓽𝓽 𝓕𝓾𝓻𝓲𝓮,125,
ripper7official,channel,Ripper's island,373,Materials and my shop Promotion is allowed DM @Ripper7xp for admin or ads
reaps_channel,channel,рипс.,86,"Обо всем, кроме системного анализа  @notsystemanalysis - основа"
translippers,channel,Translippers News,257,Новости Translippers
ashtospec,channel,Ashes to Spectres,231,MUSIC etc
shpt_ripper,channel,R. ipper ᜴ .,10,любви достойна только мама в подъезде нассано. обама
rob_pers,channel,Робітнича перспектива,94,"Ми — колектив працівниць і працівників різних сфер, об'єднаних ідеєю дослідження та посилення форм робітничого спротиву задля подолання нерівності, експлуатації та дискримінації.  Доєднатися: https://forms.gle/VUYFq6Amjkxy5EmU7"
skaz_taigi,channel,Сказ Тайги,450,К Источнику путём звука
antipsychotic_vodka,channel,Запиваю нейролептик водкой,5098,Всё что понравилось. @NotValidUser
offvodka138,group,OFFICIAL VODKA138,302,
bonusvodka,group,Vodka BONUS,482,
hankvodka,channel,Общага Хэнка,96,
vodka_tattoo,channel,VODKA.tattoo | Татуировка в Москве,142,🃏Алиса Водка к вашим услугам.🃏 Черная татуировка/фрихенд Запись на тоту: @alice_vodka
vdktiger_newsvl_25pogoda_svodka,channel,Владивосток треш жесть погода приморский край 25 новости приморья сейчас дождь ливень потом луговая центр вторяк купить квартиру,125,Интересные ЛАЙВ-новости Приморского края и Владивостока.  - https://t.me/+VAVsrmV_SD84MTQy  Купить рекламу Биржа Рекламы в Телеграмме. #Владивосток Приморье
vodka_i_bublik_pls,channel,"Бутыль водки и бублик, пожалуйста",103,Шизотеричный метамодерничный герлблог с мемами от Дымка (он может стать вашей мамой если вы очень хорошо попросите)
galina_volovodova,channel,Галина Воловодова🎬ЗА кадром.,120,"Обратная сторона моей🥇#закадром 💫Делюсь тем, как рождаются и реализуются мои проекты.   💫Здесь о медиации, супервизии, маркетинге, методологии и о моей жизни.  💎Рассказываю как развиваю свою онлайн школу https://t.me/academyprofi_ru @Galina_Volovodova_SPb"
medweditsaspace,channel,медведица,142,новая песня: band.link/stvolll менеджер: @GleBNovG  соц сети: band.link/medveditsa
vmmanager,group,HostSuki-VM6_bots,29,"HostSuki, ABCDTeam, VMmanager6 etc alice2k@hosting.vodka"
vodka_bet_oficial,channel,VODKA BET ОФИЦИАЛЬНЫЙ,49,
vodka_s_klukvoi,channel,🎭Арбузивная▪️палатка🎭,47,🔹Осторожно! Перед вами хрупкий арт-объект🔹 @kyou_cat
vodka_zerkalo_casino,channel,Vodka casino,45,"Официальный TG канал проекта – vodka casino, теперь в вашем Telegram! https://t.me/s/vodka_zerkalo_casino"
vodka_casinoz,channel,Vodka Bet: официальный сайт-зеркало Водка Бет,43,"Официальный канал Водка Казино VODKA BET:  https://go725242.com/?id=17887  ✔️ Промокод: ❗️VODKA999FS❗️ 50 FS + 150% Публикуем новости, анонсы турниров и релизов, наши акции и уникальные бонусы.  @casinovodkabet"
vodka_00002,channel,Клуб анонимных алкоголиков,23,tiktok.com/@vodka_00002
ke_vodka,channel,Vodka,1,"Официальный сайт Водка казинo — вход и регистрация через рабочее зеркало. Быстрые выплаты и честная игра. Турниры с крупными джекпотами, демо режим для новичков. Акции и бонусы!"
vodka_pivo,channel,"водка,пиво и самогон",7,бегаем и занимаемся спортом. За зож.
vodka_support_bot,channel,VODKA,7,
zedhellgatebot,bot,Предложка,,
z3nnopredlowka_bot,bot,зено предложка,,@remakezeno
zabota_shidlovskaya_bot,bot,Служба заботы Марии Шидловской,,
dzepkasofficialteambot,bot,DzepkaSofficialTeam,,
witchcraft_winger_bot,bot,КОЛДОВСТВО,,
mkbonusuz,channel,MK BONUS,6951,
kpmgcareerca,channel,KPMG Career CA,2392,
websteruniversitysamarkand,channel,Webster University Samarkand,96,MA TESOL
uzbeksinhouston,channel,Uzbeks in Houston,174,"Welcome to the official Telegram channel of the The Uzbek American Society of Houston(UASH)! Our channel is open to everyone interested in Uzbek culture, community, and friendship. 📍Houston, Texas  Support: @uash_admin_bot"
youth_leaders_samarkand,channel,Youth leaders club Samarkand,119,"🚀 Youth Leaders Club 🔥 The hub for leadership, major projects, international grants, and masterclasses!  📄 Official certificates and powerful networking.  ✨ Build your future with us!  📥 Contact: @Jalol1ddinov"
partukidangi,channel,پەرتووکی دەنگی,25100,✅ ( بەڵێ بۆ بە کوردیکردنی زمانی کوردی )  کەناڵی ( پەرتووکی دەنگی )ماڵێک بۆ ھەموان بێ جیاوازی ...  داواکاری . پێشنیار  t.me/Partukidangii
oniinewikipedia,channel,онлайн википедиа #gcn,155,dm: @cutehotdog @webwikipedia life: @deadwikipedia gcn: @cyberpokoyshadowforce  #BandLabForever #pitchcore
archminjel,channel,ПЕРЕЕЗД,110,
perc50live,channel,perc50👑,48,
moriohtg,channel,——————,33,
geocrak,channel,переходник,40,
hatakitaish_mey,channel,ПЕРЕЕЗД,59,Владелец: @KAWAII52 РЕСТ!!!#Китя Зам: @Kleemeowixq #Кли Менеджер: @INEIGRAYVDOTY #Челик Банк: https://t.me/+G63hatPI6c9jMGMy Магазин: https://t.me/+vWYcQ3qC06QzNjli Инфо: https://t.me/infoKitui Цель:1к подпищиков:3 Др канала 4 января)
contract67,channel,smile travel,26,across rain obey @cupec
coinlistmira,group,Телефон аркылуу акча табуу Онлайн акча табуу без вложения акча табуу Кыргызстан,46,Автор @toktalimiraida  Менин ютуб каналыма катталыңыз https://youtube.com/channel/UCM02lrW6PV-XIOjF9VyoEtQ
coldroomgoth,channel,Переход,4,
montellgirlll,channel,Переход,1,
maololka,channel,Переходник,3,
auchil,channel,Переходник,2,
t3ma_wins,channel,переходник,1,
earningalive111,channel,Earning Alive Main,230,Work hard to Gain   Owner id :@mosaddek1234
realsiteearnmoney,channel,রিয়েল ইনকাম সাইট শেয়ার,63,প্রতিদিন ১০০ থেকে ১০০০ টাকা ইনকাম করতে পারবেন একদম ফ্রি।সময়ের সঠিক মুল্য দিতে পারলেই আপনি সফল হতে পারবেন। Online এ ইনকামের জন্য প্রয়োজন পরিশ্রম এবং মেধা।
psiholog_pozharskaya,channel,Психолог Алена Пожарская Онлайн,8,"Тут ты узнаешь, как получить повышение, увеличить доход в 2-3 раза через работу с эмоциями.   Подпишись и получи книгу по борьбе со страхом в подарок.  Лучше не читай этот пост 👇🏻 https://t.me/psiholog_pozharskaya/43  Напиши психологу: @DPDG_psiholog"
dadalimmm,channel,DALIM,65,
dalyfashion,channel,FASHION,117,Мода. Стиль. Красота. Daly Style Book.     Админ @RomaGlebov
dialymalyaroff,channel,Malyaroff dialy,34,Дневник моей жизни. Сергей Маляров
otzivisuleimanov,channel,Отзывы - Давлет Сулейманов,10,
yavesru,channel,Судовой журнал 🛥️ yaves.ru,259,🛥 Яхты и катера Сочи в Каталоге yaves.ru По всем вопросам на связи — менеджеры Yaves @yavesmain
kurlykovo,channel,Курлыково✨,136,Чык чырык
chayka_coffee,channel,Кофейня «ЧАЙКА»,18,"Самая солнечная кофейня в ЖК «Мечта». Ароматный кофе, авторский чай, кислородный коктейль, свежие десерты и целая палитра из 50 сиропов. Залетай на кофе! https://chayka-coffee.clients.site/"
ciscuvu,channel,Кинтаури по-чеченски,10,феминизм-высказывания и арты здесь🙌🏽
uvildy_kyrort,channel,Курорт «Увильды»,1502,Многопрофильный центр медицины и реабилитации Курорт «Увильды»  Мы рады приветствовать Вас в официальном канале.   ▫️Санаторно-курортное лечение ▫️Детокс программы ▫️СПА-программы 📱+7(351)700-74-03 🌐 https://surl.li/gxdxlf
elleonorairpg,channel,ElleonorAIRPG,1312,https://t.me/ElleonorAIRPG_team
elegia_prg,channel,𝐖𝐞𝐞𝐤𝐞𝐧𝐝 𝐄𝐋𝐄𝐆𝐈𝐀 – 𝐈𝐧𝐢𝐭𝐢𝐚𝐥 𝐞𝐫𝐚,60,𝐎𝐰𝐧𝐞𝐫 : 𝐅𝐞𝐦𝐢𝐬𝐭𝐨𝐧𝐢𝐚 𝐀𝐦𝐞𝐧𝐨𝐝𝐨𝐫𝐞𝐥𝐥𝐞  𝐃𝐞𝐬𝐢𝐠𝐧 : 𝐀𝐥𝐞𝐱 𝐑𝐢𝐯𝐞𝐫 𝐃𝐞𝐟𝐟 : @xxssimz
sepaxitq,channel,Eldar041120-Feniks1303,71,
christmaswithellvius,channel,EllvMission: Missing Message From Santa,48,"The Echo of Santa's Lost Mission: (Guarded by Winter's Elves.) ✶   ❄️… In a snow-lit realm, Elves guard a lost messages old whisper that stirs winter’s magic once more. Here's, the Snowfall Elves protect what Santa left behind.  ㅤㅤㅤㅤㅤㅤ✱ “@ELLVIUS.” ☘️ |"
eldoradovopr666,channel,ЭльдорДо,8,100 популярных вопросов и 1000 нужных ответов. Наше сообщество: https://t.me/eldord666
otzivi_ekutdusova,channel,Отзывы ⬆️ Астропсихолог Эльвира Кутдусова,7,Отзывы о консультациях и работе астропсихолога @elvira_kutdusova. Основной канал @elvira_kutdusovaa
radioellider_com_ar,channel,RADIO EL LIDER,1,Radio y portal de Noticias
interacoeselrond,channel,𝐼𝑛𝑡𝑒𝑟𝑎𝑔𝑒 𝐸𝑙𝑟𝑜𝑛𝑑,1,
leninsubscribe,channel,X-MEM,419,"Если мы у вас украли мем, то вы просто извиняетесь и мы расходимся."
animesubscribe,channel,🌀Aɴιмel🌀,162,"Animel - это развлекательный портал посвященный аниме культуре. Мы публикуем качественные арты, скриншоты и AMV|AMW. Так же, здесь вы найдете трейлеры, опенинги и эндинги.                          ➡️  Вопросы | @Animel_2Dbot | ⬅️"
slayer_account_and_giveaway,channel,"✨Slayer account , and online services ✨",79,Deal with @slayer5991✅ for safe and secure deals 🤝
pixelssubscriptiontracker,channel,One million Pixels (PIXELS) Subscription Tracker,13,
pleasesubscribe0,channel,messy.vo,90,🚩🚩
reclamareact,channel,РЕКЛАМА в REACT,12,ОФИЦИАЛЬНАЯ РЕКЛАМА skzreact и enhreact
sunfirsthand,channel,SUN’s,16,
price_bumm,channel,прайс skz_bumm,31,
innaivanina_channel,channel,Inna Ivanina,494,
xuzuur_10,channel,ㅤㅤㅤ𝑋𝑢𝑧𝑢𝑢𝑟ㅤㅤㅤ,250,"Xuzur – shovqinli dunyoda xotirjamlik izlagan qalblar uchun Eslatma: Kanaldagi har bir post sizning umringizning bir qismini oladi. Agar bu yerda ma'naviy ozuqa topmasangiz, tark eting. ​Ertaga Mahsharda ""Vaqtimni bekorga olding"", degan da’vodan qo‘rqaman"
namoz_vaqtim,channel,EHSON QIYNALGANLAR 🥲 FARGONA ANDIJON NAMANGAN BUXORO NAVOIY JIZZAX QASHQADARYO QIYNALGAN OILALAR,70,EHSON QUTI – SAVOBLI AMALLAR LOYIHASI  Hurmatli obunachilar! “Namoz Vaqtlari” kanali tomonidan savob ishlarni birgalikda amalga oshirish maqsadida EHSON QUTI loyihasi yo‘lga qo‘yildi. Ҳар бир эҳсонингиз Аллоҳ розилиги йўлида сарфланади.
omidned_2023,channel,🤍نقطه. سَرِخَط!🌱,66,روز نوشت های یه دخترِ دانشجویِ جستجوگر 4/7🩺 فصل های خاکستری دست ما نبود ولی بقیه داستان رو خودت بنویس هر جا خوشت نیومد نقطه بذار بیا از سطر بعدی دوباره شروع کن همین🌱✨  **ارتباط با من(ناشناس)**:https://t.me/HarfBeManBOT?start=MTU5OTAwMTQ5Ng
fominapro_life,channel,FOMINA PRO,77,Здесь ты избавляешься от рутины и получаешь силу создавать свою жизнь и проекты
agafonovapsy,channel,Психолог Мария Агафонова,26,"Добро пожаловать на канал! По поводу консультаций – @mariloveyrs, только онлайн. Иркутск.  https://www.b17.ru/agafonova_maria/ https://vk.ru/agafonovapsy"
lolyasnamess,channel,суперсили,12212,№ 7590592129  https://gosuslugi.ru/snet/6a474db321d752fce8d8facb
soilfisi,channel,soilfis,109,оðратнąя ċвязь - @sofilissi 🤓♿️
kushnar_media,channel,Кушнер / Kushner,46303,
mediazady,channel,🅝 🅔 🅦 🅢 آخرین اخبار جنگ و انقلاب دمکراتیک ایران ✌️ مدیا آزادی,1060,🔸 اینا رفتی ان ✌️   #مدیاآزادی، رسانه ای است  تا روز آزادی  ایران    ما برای زنده کردن معنای واقعیِ یک «زندگی شرافتمندانه» قیام کرده‌ایم. این یک مسیر موقتی نیست؛ عهدی است که تا آخرین گام و تا رسیدن به مقصد، وفادار به آن خواهیم ماند.         ادمین @AA29361
mediabasexd,channel,Mediabasexd,552,Канал создан 28.06.2023 Поддержать автора: https://boosty.to/vsoc Чат канала https://t.me/+6SmxvneF0sk3MzYy Где я пишу больше: https://t.me/VSOtxt
mediaborscht,channel,Медиаборщ!,1579,"!!!Рекламу не размещаю, ВП не делаю!!!  Канал про медиа и платформы. Только оригинальный контент.  Проект Андрея Боборыкина (@boborykin)  Поддержать Медиаборщ - https://www.patreon.com/mediaborscht Подписаться на рассылку - https://andrey.substack.com/"
piargraam,channel,piargram | совместное продвижение,353,"реклама у блогеров 📸 проект совместного, экономичного продвижения  ▫️для предложения своего канала:  @straawbeerry   💬 взаимный чат https://t.me/piarchaatl"
mahdi_adv,channel,رزرو تبلیغات در مهدی موویز,35,چنل مخصوص برای رزرو تبلیغات با تعرفه‌های مناسب  چنل/محصول خودتون رو در بین بیش از 130 هزار کاربر واقعی تبلیغ کنید⚡
verseads,channel,Verse Ads | واحد تبلیغات,23,@VerseSupport 🔸 جهت رزرو تبلیغات
piardashafasolka,channel,Реклама/сотрудничество💋,14,Тик ток: 19.800 подписчика Inst: 2300 подписчика Тгк: 2.990+ подписчиков  Писать: @dashaivanovvaa
youngfreshthug,channel,benzin #mrlbr,50,producer  muz is life €£$¥  #marlboro
gore_uwu,channel,@rinreil,36,
in_cross,channel,Тутуту,6,Мяу
xoarwhy,channel,xoarwhy,709,#businesswannapee   dm @projectshero
r4shanov,channel,R4SHANOV,168,"𝙌 𝙄 𝙍 𝙊 𝙇 ╭────────────────────── ├‣  Hobby: Editor,  ├‣  Video Sifati - 2 K 60 FPS ├‣  Ketish sanasi: UNKNOWN ├‣  YouTube: UNKNOWN ├‣  Kanal: @R4SHANOV ╰────────────────"
quddussutopia,channel,Utopia,111,@Utopiaaabot
moodyfoadd,channel,عمو فوآد ✨,142,یک عدد یوتیوبر🤝🏻 یوتیوب https://youtube.com/@amoo_foad اینستا https://www.instagram.com/amoo_foad ناشناس: @Amoofoadbot دونیت https://reymit.ir/amoofoad
uvttalk,channel,"𝗨𝗩𝗧, 𝗧𝗜𝗠𝗘 𝗧𝗢 𝗧𝗔𝗟𝗞!",212,"""The Darkness Night  Produces the Brightest               Stars.”  Terhubung dengan @OFFICIALUVT."
al_mahi_tube,channel,𝐀𝐥 𝐌𝐚𝐡𝐢 - አል ማሒ,630,ለማንኛውም ሀሳብ አስተያየት፦ @abcdabcd6894 የተሰኘውን link መጠቀም ትችላላችሁ! ْبَارَكَ اللّٰهُ فِيكُم
tsteen_original,channel,Thor Steen Official | ZND Netzwerk,3109,"Hauptkanal Öffentlich ✅ Wahrheit beginnt nicht mit Glauben, sondern mit Prüfung.  – selbst recherchieren – verschiedene Quellen vergleichen – Aussagen an Fakten messen – Widersprüche ernst nehmen – den Blick offen halten  Glaube nichts blind. Prüfe alles"
japanesecitypopa,channel,японська сітіпопа | #УкрТґ🇺🇦,2855,
pomoitededa,channel,Помойте деда,6947,"🏮 Уютный уголок по Genshin Impact 🌸 Новости от разработчиков, мемы, арты, промокоды, сливы и разные фактики.  🥰Ссылка для друга: https://t.me/+jwOJBYkdmZgyOWYy  По рекламе https://t.me/artem_rebik"
pomidorsh0p,channel,"pomidor shop || genshin, hsr, hi3, zzz",286,"по всем вопросам, заказам, вп/рекламе: @BrownNYC отзывы в закрепе"
son_of_gorgo_zine,channel,Mydeimos: Son of Gorgo ZINE,455,"Зин посвящен персонажу из игры Honkai: Star Rail. Мы — фанатский проект, не претендующий на звание официальной продукции HOYOVERSE (miHoYo).  Ссылка на проект в ВК: https://vk.com/son_of_gorgo_zine Ссылка на группу зинодельни:  https://vk.com/mouse_zine"
mreadninja,channel,MustRead Ninja,331,Все материалы даны только для ознакомления Про технологии: https://t.me/mikrotikninja Мысли неглупых людей https://t.me/channel1name
valhalla_tr,channel,Душная Барухара,177,От большой любви к тм
drlasthopezine,channel,DANGANRONPA ZINE: Последняя Надежда,183,• Открыты предзаказы •  Ура надежда вперёд надежда вперёд  Мы в ВК: https://vk.com/drlasthopezine
molitvabanneravatars,channel,𓏲⊹†˚[𝓜𝓸𝓵𝓲𝓽𝓿𝓪]/♪✨,96,Набор в админы закрыт! Фанат? Тогда ставь #Mltv  Начало - 26 января
symb22,channel,1,2002,
sabrennews22,channel,،،,895,
starway20_official,group,STAR WAY 2.0 Community,507,STAR WAY 2.0 announcements: @STARWAY20  Beware of scams. Never provide your private keys/phrases to anyone.
autonews_unity,channel,AUTO NEWS | Новости автомобильного мира,25,
acsidru,channel,Артемовский колледж сервиса и дизайна (АКСиД),915,"Адрес: Приморский край, г. Артем, ул. Кирова 57  Телефон: 8 (42337) 4-29-61  Эл. почта: pl19@bk.ru  Сайт: acsid.ru"
arthacs,channel,Company Secretary learning,783,Rajeev's Arthacs- Dedicated CS coaching
rcs_mums,channel,هلال احمر علوم پزشکی مشهد,1352,🔴🌙کانون هلال احمر دانشگاه علوم پزشکی مشهد  ☑ جهت اطلاع از آخرین فعالیت های آموزشی ، بشر دوستانه،فرهنگی و سایر فعالیت ها با ما همراه شوید.   🔰ارتباط با ما:   @rcs_mums_admin2
carlcare_russia,channel,Carlcare Сервис Россия,895,"Carlcare - официальная техподдержка брендов TECNO, Infinix, itel.  График работы: будни с 9-00 до 18-00 Почта - service.ru@carlcare.com  Адреса сервисных центров - https://ru.carlcare.com/ru/service-center/"
encar_russia_channel,channel,Encar-Russia Канал,2343,В этом канале публикуются свежие объявления с сайта encar.com. Полный каталог объявлений на сайте https://encar-russia.ru/
incatwe,channel,incatwetrust adapter,161,
bar_in_bar,channel,BAR in the BAR,256,"Канал бармена с биполярным расстройством. Здесь наливают факты, эмоции, алкогольные новости и капельку личного. Пейте медленно.  max-ucg0"
incabaret,channel,Театр «М»,172,Чат канала: https://t.me/incabaret_people Театр «М»-  первый и единственный в Москве авторский театр в жанре интеллектуального кабаре.  Проект реализуется при поддержке Президентского фонда культурных инициатив  Incabaret.ru
landtech_youtube,channel,LandTech,1659,🚜 LandTech – мир спецтехники без лишних слов!  YouTube: https://www.youtube.com/@landtech_youtube Вконтакте: https://vk.com/landtechvideo RuTube: https://rutube.ru/channel/41643099/
youtubeautomate,channel,YouTube Automation by Chems,558,Join my private Telegram: https://t.me/+C_oZW3ZZ14s4ZmEy
cryptofire8,channel,CRYPTO FIRE,7669,"Админ: @tradermisha, @yakukhh  🤝 Для друзей — https://t.me/+soq3PjSVDooxZDJk 🤝  💬 Чат для обсуждений  https://t.me/+jfnWBWu4xOE2MWQy  💬  📹 YouTube канал - https://www.youtube.com/@yakukh_yt  Manager: @tradermisha"
cryptofuturegroup71,channel,Фьюч,13093,"Все сказанное в этом блоге -  не фин. рекомендация, а больная фантазия автора, основанная т .ч. на сборнике аналитических рекомендаций разного рода людей. Блог создан прежде всего для обмена мнениями.   чат - https://t.me/CryptoFutureGroup71Chat"
cryptoofukr,channel,Crypto Ukraine 🇺🇦,3956,"🌚 Комьюнити криптоэнтузиастов 🫶  ❗️Крипта, ретродропы, эйрдропы, новости👨‍💻  По вопросам сотрудничества обращаться - @santila_biznesovskyi  🔗 Ссылка для друзей - https://t.me/+e8bRPzRvDQY0ZmUy"
cryptobizexc,channel,CryptoBiz Exchange,1383,
keithrainz,channel,Keith Rainz,2606,This is my official Telegram channel channel. https://keithrainz.com
cryptofun,channel,CryptoFun,60,TG: @cryptofun
sufiyum_sujatayum_malayalam_2020,channel,Malayalam HD Movies,557,https://t.me/Betfair_toss_line  @Social_Media_Stars_Reels_Videos @Sufiyum_Sujatayum_Malayalam_2020     @Hollywood_Hindi_Mallu_hd_Movies     @Hollywood_Hindi_Horror_hd_Movies                      @FtdMusic <---> @Croods_2
volginsky2025,channel,МАОУ «Вольгинский лицей»,819,
volginafm,channel,Радиоведущая Евгения Волгина,515,"Канал веду я, Евгения Волгина, теле-радиоведущая. Слушать меня можно на радио «Говорит Москва». Тут говорю и пишу про всё, что на ум придёт.  Для связи evolgina1515@gmail.com"
volginskylicey,channel,Лицей им.ак. И.А. Бакулова пос. Вольгинский,719,
volegov_semen,channel,Волегов Семен | СПЛЮШКИН,227,Рассказываю и показываю внутреннюю кухню российского производителя. Для связи со мной пишите @semen_volegov Основной сайт компании: www.splushkin.ru
volgaglow,channel,OLGAGLOW,1131,"Стикеры, эмодзи, nft подарки и lottie анимация  Написать мне: @volgaglo  Портфолио: https://www.behance.net/olgaglotova"
kolgin_v,channel,Виталий Колгин,61,Все сказанное в канале 👇18+ Моё личное мнение 👁️
babyrinaolga,channel,"Ольга Бабурина «Помогаю находить выход там же, где был вход»",1032,"Про жизнь без иллюзий. И выбор, который все равно придется сделать. Про то, что происходит с человеком после пятидесяти, когда начинается самое интересное.  Закрытая группа и индивидуальное сопровождение @OlgaBaburxan"
moscowasasouvenir,channel,Москва на память...,627,"Закрытая группа. В группе будут подробные исследования фотоснимков прошлой Москвы, их атрибуция и история,"
realty_baza_kirov,channel,Закрытая База Киров,276,Закрытая База Обьектов недвижимости Кирова. Профессиональный канал для риэлторов и специалистов по недвижимости города.
villamichetti_official,channel,Villa Michetti,606,Villa Michetti — премиальная закрытая площадка 💫  ⭐️Идеальное место для вашего мероприятия   ⭐️Лучшая загородная площадка для свадеб и съемок 2020/2024   ⭐️Итальянская роскошь в окружении природы
sofigift,group,Polo - Gifts (Чатик) 🖤,681,💎 Закрытая атмосфера. Свои люди. Свои правила.  🎁 Раздачи и активности: @polo_gift  👑 Единственный Owner — @polo_tema ❗ Не ведитесь на фейки  📩 Связь: @crypto_bratok ──────────────── ⛔ Флуд в ЛС — бан ⛔ Попрошайничество — бан ──────────────── 🔮Stay rare.
gujaratimediafactory,channel,Gujarati Media Factory,135540,🌎 ગુજરાતની સૌથી મોટી Tech Channel  🔥 અહીંયા તમને જોવા મળશે👇🏻 ✅ Exclusive Content ✅ Tips & Tricks ✅ Latest Updates ✅ Informative Videos ✅ Best Shopping Offers!
informationfarras,channel,𝐈𝐧𝐟𝐨𝐫𝐦𝐚𝐭𝐢𝐨𝐧 𝐅𝐚𝐫𝐫𝐚𝐬 𝐎𝐟𝐟𝐢𝐜𝐢𝐚𝐥,2295,𝐰𝐞𝐥𝐜𝐨𝐦𝐞 𝐓𝐨 𝐅𝐚𝐫𝐫𝐚𝐬 𝐎𝐟𝐟𝐢𝐜𝐢𝐚𝐥 𝐈𝐧𝐟𝐨𝐫𝐦𝐚𝐭𝐢𝐨𝐧 𝐂𝐡𝐚𝐧𝐧𝐞𝐥 𝐎𝐰𝐧𝐞𝐫 @FarrasOfficiall Please protect this channel @durov & @telegram
rnd0mwrkz,channel,Rand0m workz,238,
rre7ooo,channel,روحٌ مُطمِئنةَ |🤎🍂•°,342,"-""وَلَكَ مِنَ الْخَيْرِ مِثْلُهُ، وَلَكَ مِنَ اللهِ أَفْضَلُهُ.""♡• للتبادل والتواصل      «  @Rre7ooo_bot  »"
truentahompagazee,channel,🔒𝕟tah𝓸m ’ ’ p𝕒gaz𝓮e,132,Цель 200 12.04.26 начало Хиллс
rehyo_official,channel,Ушла🦄//୨୧𝑟𝑒ℎ𝑦𝑜💜,48,"Пᴩиʙᴇᴇᴇᴛ,я ᴩᴇхё💜  Анᴏн: @rehyo_anonbot Аᴩхиʙ: https://t.me/arhiv_chanellrehyo Пᴀᴨᴋᴀ: https://t.me/+xJzshZ69v8UwMDhi Мᴏй ЛС: @rehyo_madelerbyler Буᴄᴛ: hᴛᴛᴩs:https://t.me/boost/rehyo_official Фᴧуд: https://t.me/+AzEU6S1RR7E0OGJi Пᴩияᴛнᴏ ᴨᴏɜнᴀᴋᴏʍиᴛьᴄя)❤️"
aakcysao,channel,akcysao,35,"Даже через пять тысяч лет за каждый момент, когда робел, но выбрал тяжкий путь, - нам воздастся вдвойне☮️"
chargeeeee_info,channel,𝐶𝐻𝐴𝑅𝐺𝐸𝐸𝐸𝐸𝐸𝐸 𝐷𝑎𝑖𝑙𝑦 🥁,13,
lavnikyoutube,channel,АЛГОРИТМ,200,"Канал для тех, кто хочет зарабатывать на создании контента в YouTube и не только  АЛГОРИТМ+ https://t.me/aIgoritmplus  Для связи пишите в сообщения канала"
ogsmoggy,channel,Адская дрочильня mp3,23102,Реклама/биты/обучение/сведение - @smoggyorex   FL MAFIA ( ПРИЛОЖЕНИЕ ИЗ ВИДОСОВ ) - https://flmafia.app/r/smoggy   Пресеты/плюшки - @DROCHILO3000BOT  loops - @smoggyloops beats - @smoggybeats  наш чатик - https://t.me/+u47o8FMZ-UU3MTRi
vid_youtubedownbot,bot,You tube video downloader,,
youtubdownload_bot,bot,🤖Youtube Downloader دانلود از یوتوب,,دانلود فیلم و موسیقی از سایت یوتوب Download Film And Music From Youtube  کانال فیلم هرشب تماشا @HarShabTamashAA
ytonedlbot,bot,YouTube DownLoader⚡️,,Best YouTube Video Downloader Bot with MP3 Conversion Support without Any Size Limit! 😘
downrobot,bot,Скачать видео из Ютуб Тикток ВК Инстаграм,,Скачать: с ютуба - @ytsaverbotbot с инсты - @igetigbot @instasaverbotbot с вк - @vksaverbotbot с тикток - @ttsaverbotbot
odownbot,bot,Odown incidents,,
yt_downloaddlbot,bot,YouTube downloader,,
yutubijy_bot,bot,Бижутерапия,,
markdownbot,bot,Markdown,,Translates text to markdown style. It has a function for the post to channels.  Channel @mrkdwnrbt Creator @u_furan
yutuyyy_bot,bot,yutuyyy_bot,,
tubeiesbot,bot,🇱🇰 Tube busy 🇱🇰,,"Welcome to @Tubeiesbot, The Most Advanced utube Video and Audio Downloader in Telegram!  Powered by Sadeesha 😏"
mediadownbot,bot,Media Downloader Bot,,Media downloader bot
downvidyoubot,bot,Aurora Download video YouTube personal,,Aurora Premium pix chezitobr@gmail.com: Download Video YouTube Personal colaborative. Versão 1.3a.
playlist_dl_robot,bot,Yt Playlist Bot,,Hey 🤙 I am Youtube playlist Downloader Bot by @BotDunia Developed by @MrVishal_2k2
youboosterbot,bot,Ускоритель Ютуба - ЮБустер,,Ускоритель Ютуба и всего интернета. Новости @YouBoosterRu Поддержка @YouBoosterHelp
redditdown_bot,bot,Reddit Downdetector,,Developed by @Lelouch_Code
utube_downloadbot,bot,Utube Download,,I am a Utube Videos Download Bot. Download with Thumbnail.  Made by: @TG_Free_Bots
mkv44nn,channel,mkv44n,1579,"социальные сети: инст — @mkv44n тт — @mkv1n пинтерест —  mmakvinnn лс — @mkv44n (для вп,рекламы и предложений) анон — t.me/anonque_bot?start=8s6fx"
mkvxll,channel,m’m,538,
mikkmkn,channel,kmkn,159,"маленький склад поп-культуры, мемов и личных моментов, а также всяких идей. чувствуйте себя как дома. но не смейтесь надо мной, я могу и обидеться  админ: @kamk228 letterboxd: https://boxd.it/6chOL"
borisych_mov,channel,BORISYCH.MOV,1469,Keep it fun  🔴Стримы: https://www.twitch.tv/denisborisych
mkvett,channel,Мартовский кот ветеринарная клиника,417,
dankira_kmv_official,channel,ДанКира_КМВ Турфирма,1379,"ГИД ПО КИСЛОВОДСКУ, ПЯТИГОРСКУ И СЕВЕРНОМУ КАВКАЗУ: официальные экскурсии без посредников, советы от гендиректора турфирмы ""ДанКира"" Ольга Арефьева Инстаграм @dankira_kmv Сайт https://dankira.ru Дзен https://dzen.ru/dankira Заряжено Кавказом"
egengren,channel,Ⰶⰵⱀⱑ Ⰳⱃⰹⱀⱑⰲⱏ,242,В борьбе обретешь ты лево свое
mkv_comix,channel,<[ MultiKnightVerse ]> (MKV),31,"Новости и другой контент по нашему комиксу ""MultiKnightVerse""  Сокращённо ""MKV"""
murchanieshreka,channel,Мудригелицизм,184,https://t.me/+x4LvH8B1nAQ0Nzky
bagsclaims,channel,Bags Claims,271,Catch influencer first claims on bags.fm before everyone else.  By @SimbasJungle
araistotle,group,ArAIstotle Community 🔍🔮,1628,"Community for ArAIstotle, AI Seer’s trusted agent for fact-checking and behavioral verification.  🔖 Tag ArAIstotle with “fact check” on X to verify claims  🔍 Start fact-checking: araistotle.facticity.ai/  linktr.ee/ArAIstotle"
popcorn_claimsv2,group,POPCORN BUSD MINER V2 🍿,280,Audited & DOXXED Team   👑 Co-Founder:  @Han_solo_ceo 👑 Co-Founder:  @ProjectA_Dev
launchpoollabssupport,group,Official Labs Support Chat,259,"@LaunchpoolLabsSupport - Official Support Chat for Labs NFT distribution and claims, Labs SuperPuPs, and Labs AMEs, powered by @launchpoollabs and @launchpoolxyz."
pennystockslongterm,channel,PENNY STOCKS || Long Term Investment,343,"🔹I AM NOT SEBI REGISTERED ANALYST.   🔹ALL POSTS ARE EDUCATONAL PURPOSES. NON ADVISORY, DISCRETIONAL. NO CLAIMS, RIGHTS RESERVED.  🔹 I AM NOT RESPONSIBLE FOR YOUR PROFIT OR LOSS.  Cash Trades 10X Profit Channel : @ShareMarketCashTrades"
schoolknitting,channel,Школа вязания «Атмосфера». Обучение и общение.,356,"Канал школы вязания в Москве. Онлайн и Москва: https://schoolknitting.ru/.   Учим создавать современные вещи, чтобы с достоинством одевать себя и близких.   Поддержка сайта: hello@schoolknitting.ru Вконтакте: https://vk.com/schoolknittingru"
shopfitting,channel,МАГАЗИНОСТРОЕНИЕ | Pro,155,"Магазиностроение Pro — канал о дизайне для HoReCa, retail и другого бизнеса. Показываем лучшие кейсы, найденные нашей командой, рассказываем о новостях индустрии и новых технологиях и делимся мемами. Stay tuned!"
bridginuz,channel,Bridgin.uz,90,Bridgin — Talant va imkoniyatlarni bog’laydigan platforma. Instagram: instagram.com/bridgin.uz Aloqa: +998936444039 yoki @im_ibrokhimov
clmbrbr,channel,каламбур💦,1838,Is that a banana in your pocket or are you just happy to see me? 🍌 #NOVG #novg
ways_of_november,channel,Дорога через ноябри,128,"Меня зовут Мара, я ведьма, занимаюсь частной практикой и преподаванием. Это канал о дорогах через перемены, о психологии, мантике и колдовстве.  По всем вопросам: @Mara_Vetr"
networking_events_novosibirsk,channel,Афиша Новосибирска,420,"Для публикации вопросов на канале, рекламы и сотрудничества писать — @uskope"
networking_nizhny_novgorod,channel,Мероприятия Нижний Новгород,217,"Для публикации вопросов на канале, рекламы и сотрудничества писать — @uskope  менеджеры @Weather_forecaster_5"
piter_events_ru,channel,Петербург: Места и события,161,Северная столица полна мест и событий. С нами не заблудитесь!  По вопросам сотрудничества и рекламы: @borisdrub
n11ovember,channel,صَـاد ᥫ᭡.,85,- الأَول مِـن نُوفمْـبـر 🤍.  - طَالبـة فِي طِب وجرَاحة الـفَمِ والأسنَـان 🦷.  - لِـ الـتّـواصُـل : @saf_mo .
buh_ngontareva,channel,Надежда Гонтарева // НМК-БИЗНЕС,132,"Налоговый специалист // бухгалтер 👇🏻Информация👇🏻 📩 WhatsApp: 8-920-180-65-32 🔎 ВКонтакте: https://vk.com/buh_gontareva 📍Адрес: г.Тверь, ул. Оборонная, дом 4, офис 2 ————————— С уважением, Надежда Гонтарева🤝"
nsdecember,channel,Невесомое солнце декабря,82,"""Невесомое солнце декабря"" - Уфимская группа, романтизирующая визуальную культуру и стереотипные черты переживающего внутри бурю эмоций человека."
noyaber,channel,Косой взгляд на всё,81,
sekretkotokopa1,channel,ПЕРЕЕЗД | Секреты кото-копа | #sanftervampir,161,Бонжур) Это тгк с ботами в c.ai  (анонимка - t.me/anonaskbot?start=mh3d87d личные сообщения - https://t.me/sekretkotokopa1?direct щп - https://t.me/sekretkotokopalife буст - https://t.me/boost/sekretkotokopa1 вкк - https://vk.ru/club237068788)
sad_shket,channel,переезд,161,
codredo,channel,تخطيت ؟,243,دَرْبٌ من الشعر والبوح .
lew_am,channel,LEW.RO Software Solutions / Leichmann Weifert Group,62,
lew13,channel,Гороскоп для Льва,43,"Ежедневные гороскопы для 13 знаков Зодиака, включая Змееносца  Остальные знаки здесь: goo.gl/ZSSPU1  Контакты: https://t.me/zvezdochat  Бесплатные гороскопы на сайте: https://zvezdochet.guru"
youtuberpemulaindonesiagroup,group,Youtuber Pemula RI,741,Sejak 11 Maret 2020
sesejaaave,channel,pov:,184,وجهات نظر مختلفة🎀 @Sosakewaj_bot
ibet44ofc,group,IBET44,564,IBET44 | Terpercaya Sejak 2020   Minimal Deposit 25K & Minimal WD 50K Bonus Rollingan di bagikan Setiap Hari   LINK ANTI NAWALA IBET44: ibet44.online
sejaosol,channel,𝖺𝗌𝗍𝗋𝗈-𝗋𝖾𝗂. — FIM.,97,"그의 날카로운 햇살처럼, 언제나 메이저 선으로. 𝙘𝙞𝙚𝙡𝙤 𝙖𝙧𝙙𝙞𝙚𝙣𝙩𝙚. ⸻ 𝖶𝗂𝗍𝗁 𝗂𝗍𝗌 𝗉𝗂𝖾𝗋𝖼𝗂𝗇𝗀 𝗋𝖺𝗒𝗌,  𝖺𝗅𝗐𝖺𝗒𝗌 𝗂𝗇 𝖺 ☀︎ 𝗺𝗮𝗷𝗼𝗿 𝘀𝘂𝗻."
refaiwpoty,channel,لحد م تفرج,95,owned by @eeiiso الكوين  مكان لحفظ الذكريات  رفاعي الدسوقي سابقا
panjistoreinfo,channel,PANJI STORE OFFICIAL,332,"WELCOME DI PANJI STORE OFFICIAL  NAMA ASLI : PANJI KURNIAWAN  ALAMAT : KALIMANTAN, BALIKPAPAN   TESTI : https://t.me/PANJISTORETESTIMONI  https://t.me/CHMYIDENT  BERDIRI SEJAK 2026"
logovo_cccp,channel,Всё про СССР,404,
slimxvpn,channel,Slimx Vpn,790,
shaydensh,channel,ShayDen SHOP,243,🔵 با شاپ شایدن تفاوت را احساس کنید 🔵  ادمین پاسخگویی 👇🏻 @Mehdimanager1
jiyoung_240,channel,໒ ꒰ чиён ꒱ ⌢ 💭 ੭ ੭,26,"канал, не состоит в сетке.  персонаж : чиён (из игры кальмара 1) блог, может быть не каноничный."
ayari_2405,channel,𝒜𝒴𝒜𝑅𝐼🌸🌷,22,«Пусть внутренний свет поможет тебе расцветать в твоем собственном темпе.»
true_beauty_dual_audio,channel,"True Beauty Multi Audio 480p , 720p , 1080p - Korean, English, Portuguese, French, Spanish, Hindi, Tamil, Telugu, Japanese",275,"True Beauty Audio - Jap  [Eng Sub] Quality - 480p,720p and 1080p Genres - Drama, Romance ~ @Animestation2"
forgetyourememeberlove,channel,Forget you remember love,976,Korean drama 2020 480p
engsmv,channel,ESMV موزیک ویدیوی جذاب انگلیسی,251,موزیک ویدیوهای جذاب، عاشقانه و شاد به زبان انگلیسی  کانال دیگر ما موزیک ویدیو به زبان فارسی         ⁿ @PerSMV ⁿ  به زودی کانال های جدید به زبان های کردی، آذری، ترکی، بلغاری، روسی، ارمنی، ازبکی، تاجیکی، دری، عربی، هندی، کره ای، ژاپنی، چینی، اسپانیایی و ...
moviesburnn,channel,MoviesBurn,163,"MoviesBurn simplifies movie downloads in 480p, 720p, and 1080p.   link: https://moviesburn.com"
starsportslivematchlink2,channel,Star Sports Live Link 2 | Hotstar Live match | Live Cricket,844,Get Live Watching link of Star Sports 1 | Hotstar Live Match | Live Cricket | Full HD 1080p 720p 480p 360p | Hindi Engli
kskwoqoapoqoqoa,channel,Manasu Mallige 🔴 480p 720p 1080p Full HD In Hindi Tamil Telegu Kannada Malayalam In With Eng Sub Marathi Bengali Punjabi Gujara,30,
hakajshsjsoalsksjsjksk,channel,Darr @ the Mall 🔴 480p 720p 1080p Full HD In Hindi Tamil Telegu Kannada Malayalam In With Eng Sub Marathi Bengali Punjabi Gujar,40,
newmoviessharingchannal1234,channel,Good Father movie telugu,399,Mk movies
jskaksls,channel,Hotel California 🔴 480p 720p 1080p Full HD In Hindi Tamil Telugu Kannada Malayalam In With Eng Sub Marathi Bengali Punjabi Guja,17,
gsksksjhskalaksksksksk,channel,Daav Thai Gayo Yaar 🔴 480p 720p 1080p Full HD In Gujarati Hindi Tamil Telegu Kannada Malayalam In With Eng Sub Marathi Bengali,34,
shaadi_vivah_kooku_web_series,channel,SHAADI VIVAH KOOKU WEB SERIES DOWNLOAD,374,"The biggest Entertainment platform for hindi web series. Download web series 480p, 720p 1080p .  Join Official Channel ~> https://t.me/PrimeHindiWebSeries  How to Download ? ~> https://t.me/Haw2Download  For Feedback & Request. ~> t.me/HindiHDWebSeriesBot"
thenetflixmoviesx,channel,Disney Hotstar Movies,213,Movies and Webseries
official6ixworld,channel,APPS | GAMES | TECH | WALLPAPERS,585,We Are Here to Serve You   #MOVIES | #APPS | #GAMES| | #TECH | #HACKS | #WALLPAPERS | And Alot more |
animewalker09attackontitan,channel,Anime Walker/Attack on Titan,114,"All Episode of Attack on Titan in 720p, In English."
primeshots_web_series,channel,Primeshots Web Series Movies ✅,818,
marathimoviesfree4u,channel,Aapla Talkies 🎬,104,
renverseco,channel,Renversé.co,338,Information et luttes de Suisse romande https://renverse.co/
canal_renversement,channel,Renversement.fr,95,
rudub_search,channel,| 𝘚𝘦𝘢𝘳𝘤𝘩 𝘪𝘯 𝘳𝘶𝘥𝘶𝘣,133,Канал по поиску людей в проект или поиск проекта!
mundoinvertidoo,channel,Mundo invertido,123,
convincere,channel,Convincere,13,Canale ufficiale del magazine Convincere.eu
vimexoff,channel,Vimex🍏,41,
plantsconfessi0n,channel,ᷓⲢⳑⲁⲛ𖧧ⲋ Ⲥⲟⲛϝⲉⲋⲋⲓⲟⲛ ｡,46,
crosssans_tme,channel,ᴀᴄʀᴏss ᴛʜᴇ ʟɪɴᴇ,6,
fdprojject,channel,FD project,10,Frame drift
kontyrblog,channel,К.О.Н.Т.У.Р.,8,
bottomchuuya_cf,channel,Переходник боттомчу кф,7,
rateme_rudubcf,channel,RАTE ME! | Рудаб кф,6,
qveent1,channel,Qventi,3,instagram.com/qvent1/ twitch.tv/qveenti discord.gg/QXJ9uKAW9M www.tiktok.com/@qventi
kanereika,channel,ПЕРЕЕЗД,1,
arch_hwang,channel,charming`hwang,386,ᴏᴘᴇɴ : 03.07.24 ᴄʟᴏsᴇ: ..?
yfq0nemlbrjiotm6,channel,ГЕОРГИЙ ЧИПС,307,"Йоу✌🏻, здесь мой контент🕺🌅 Если  А также:     Мой https://vk.com/id518733835     Моя https://www.instagram.com/cheepsgeorgy?igsh=cGtmejRqazdtbmVi&utm_source=qr"
litavir,channel,Літаратурны вір,109,"Гэты канал прысвечаны беларускім пісьменнікам, якія насуперак самым розным перашкодам стваралі сапраўдную, яркую, творча-нечаканую літаратуру."
lekachastreb,channel,fallen hawk.,22,
wdmfn,channel,ᴡᴅᴏɴᴏꜰᴏɴ🩸томатик,70,ᨳ𐔌՞҂ ˕ ֊՞𐦯ᜊ  🐛CUTE ARTIST🍅  💭LINK: https://t.me/WDmfn  💭warning!🌱 Падпісваючыся на гэты тгк вы аўтаматычна згаджаецеся з яго правіламі і згаджаецеся на 16+ кантэнт🩸  💭Сувязь/лс: @cheggyWD
getycudounysvet,channel,Гэты цудоўны свет,18,"Свет цудоўны, свет выдатны, У ім  шмат розных фарбаў. Гэты свет велізарны створаны Для цябе і для мяне. Свет выдатны, свет цудоўны, Вакол усё цікава і Тут на маленькай планеце Сустрэліся ўсе мы."
yriopostit,channel,щп Юри0👾,14,"здесь транслируется полная свобода слова и мысли, я не отвечаю за свои высказывания в этом канале"
durnuradast,channel,"Мыслянкі-цацанкі, а дурню радасць",12,"Нейкія думкі пра ўсё на свеце ад майго імя+крыху жыцця беларускамоўнага хіміка-дурня(яно яшчэ і малюе крыху)  Я раcпавяду табе  Усё што прыдумаў сам І гэты няісны сьвет У рукі твае аддам                     -N.R.M. ""Chudsaviet"""
properunknown,channel,The Reinn’s Theory.,1,"Connected to @Cvhoisoobin. Just a spot for my scribbles, random bits, and archived stuff, mate."
rryuuse11,channel,будка ррюусэй,7,
suviaz_z_budmaj_bot,bot,BudzmaBot,,Гэты бот створаны для сувязі і камунікацыі з камандай Budzma.
ctcountbot,bot,Отсчёт до ЦЭ/ЦТ,,📅 Гэты бот будзе адпраўляць штодзённыя паведамленні з колькасцю дзён да ЦЭ/ЦТ.    🗞 Навіны аб распрацоўцы: @ctcountnews
adaflect,group,ADAFlect,269,Whitepaper & Roadmap: https://adaflect.com  Audited by Paladin Security: https://paladinsec.co/projects/adaflect/  Fair Launched by FLC: @FairLaunchCalls
snask12,channel,افتارات | SNASK,113,قناه لـ أفتارات فقط📷  تبادل نشر   @ye_18
anufrigg,channel,anufrig,227,различное творчество в изображении
olgorithm,channel,اُلگوریتم,48,برای ارتباط با مدرس به آیدی زیر پیام دهید: @olgorithm1
widestudioreviews,channel,ОТЗЫВЫ,85,
uz88r,channel,Я везде вижу узоры,26,
sanduhr7,channel,اتاق زیر شیروانی,15,نوشته‌های آدمی که برخاسته از اندوهه...  https://t.me/HarfinoBot?start=0f86783838f9511
addisontodd,channel,Addison,17,Personal channel.
apcrewdance,channel,AP CREW,7,
grigoriy_appdelivery,channel,AppDelivery,5,
admetam_llc,group,ADMETAM,4,"«Адметам» – изготовление запасных частей, расходных материалов для оборудования"
vkh_reviews,channel,В.Хлебников | отзывы | коммуникация,3,отзывы о мастер-классах / вебинарах / курсах
advertumofficial,channel,Advertum,6,
o257_ru,group,0257,1,IT-услуги
addprocess,group,AddProcess,1,
aamelnik_bot,bot,Мастер-классы / Эфиры / Вебинары по Веб-Дизайну,,Тут мы даем ссылки на классные эфиры про Веб-Дизайн
adporsk_bot,bot,АДПО РСК,,
tankdifferent,group,Arsenale K,,
it_yaromax,channel,Пра IT і не толькі.,163,"Yaromax у Telegram Назіранні, вопыт працы сістэмнага адміністратара. Дапамагу наладзіць тое, што павінна працаваць, але не працуе.  Заўседы адкрыты да супрацоўніцтва."
vakansiiworking_rf_854,channel,сп Исаклы Работа,4,Контакт для связи: @Work_ing_Manager / Сеть каналов: t.me/+w3rXlDY02iVlYjM0
pogiht,channel,Работа,4,
chieuraby,channel,Хеўра | Chieŭra | Серыялы па-беларуску,51,"Мы - праект, які займаецца перакладам і агучкай замежнага відэа па-беларуску. Наша мэта: пашырэнне кантэнту на беларускай мове."
mog_drive,channel,М4,55,"М4 - навіны жыхароў Магілёўскай трасы М4 Менска: Ангарская, Шабаны, Прывольны, Сокал, Сосны, Б.Сціклева, Б.Трасцянец, Замасточча, Ельніца/Стайкі, Смілавічы, Смалявічы і інш. Вашы фота/відэа @mog_drive_bot Наш чат @mog_drive_chat"
opium_team,channel,🖤 OPIUM 🖤,58,Cover dance group from Kazan  🖤TikTok - opium_cdt  🖤YouTube - https://youtube.com/@opium_team?si=xKo3od75HMdBg9Xl  🖤Aнонимка - https://t.me/anonim_mail_bot?start=729137342  Дата создания : 11.06.2019г.
mp666jpeg,channel,MP666.jpeg,44,
apkfailikabana,channel,APK ФАЙЛЫ,1,
filesconvertrobot,bot,File Manager,,
filestolinkbot,bot,Files To Link,,A Cool Bot For Getting Direct Links !  Subscribe our channel @filestolink  Source Code : https://is.gd/fG9cs9
filesboxbot,bot,Files Box,,I am a Files Box bot. I can help you to store your files and give you a permanent shareable tg link | @ultranull
filestoresssbot,bot,FILE BOT,,💰 Premium Force-Sub Bot | Buy files with coins | Referral: +10 coins/user | Redeem codes | Owner: @shivay1m
filestgcloud_bot,bot,File to Link Bot,,[EN] I'm a cloud storage bot!  [RU] Я Бот облачного хранилища!   @Files_TG_Cloud_Publik @Files_TG_Cloud_Chat
filesorgbot,bot,FilesOrg Bot 📁,,"Easily organize, manage, and share your files using folders inside your Telegram."
premiumfiletolink1_bot,bot,File to Link,,Powered by @DhruvMirrorPremium. For any issues contact @SecretMir_Bot or @OTDiscussion or @Dhruv444
filetolinktgbot,bot,File Stream,,This bot generate direct download link of Telegram Files.
bestfs_bot,bot,BestFS | File Manager,,Subscribe to BestFS news channel: @bestfs_news!  Commercial / technical issues only - @bestf_tech
helldantes,channel,Ад Данте,913,
yoongi_0309miny,channel,⚜𝔹𝕋𝕊 𝑈𝑁𝐼𝑉𝐸𝑅𝑆𝐸⚜,536,💜💜BTS и только💜💜  Владелец: @Yoon_Miny_93  Ст ад: @Gor_0901 Г. админ: @RinAmore10 ад: @Daiva69 Вп: @RinAmore10
bredni_doramanytux,channel,Адские Бредни Дорамщиков 😈,192,В этом канале вы можете почитать мысли и отзывы о дорамах.
myaumyavych_shrimp,channel,𖥻 ׁ ׅ ɸρуκᴛ᧐ʙыᥔ ᧘ᥲρᥱκ ⲙяуⲙяʙычᥲ! ׁ ׅ 🍰,42,we want peace.! ! !  (0_o) 🍦  хахаха☕☕☕☕чхххххх☕☕☕☕хаххчххххх☕☕☕☕хахаха☕☕☕☕чхххххх☕☕☕☕хаххчххххх☕☕☕☕хахаха☕☕☕☕чхххххх☕☕☕☕хаххчххххх☕☕☕☕хахаха☕☕☕☕чхххххх☕☕☕☕хаххчххххх☕☕☕☕хахаха☕☕☕☕чхххххх☕☕☕☕хаххчххххх☕☕☕☕хахаха☕☕☕☕чхххххх☕☕☕☕хаххчххххх☕☕☕☕хахаха☕☕☕☕чххх
imissthings,channel,S,53,Thanks God I'm not Madridista
qqqqqqqqqqqqqqyc6rc7rx8,channel,Aktrisa cimka,40,
tyuuom,channel,КККК....,19,типа моя галерея основа - @medicalmaid
thegreatsouthernland,group,Gurus Fan Club,11,
greatvictories_bot,bot,Календарь Великих Побед,,
bigonlinenetworkingbot,bot,Большой онлайн-нетворкинг с Юлией Злотниковой,,
grandle_bot,bot,GrandLe-bot,,
big_balls_birds_bot,bot,BIG BALLS BIRDS BOT,,🇺🇸 Chat: @big_balls_birds_chat  🇷🇺 Чат: @big_balls_birds_ruchat  📈 Channel: @big_balls_birds
bigmag_assistant_bot,bot,"BigMag - асистент (цілодобово), 24/7",,
grandsmmbot,bot,🚀 Grand SMM [BETA],,☎️ Qo'llab-quvvatlash — @OperatorSMM
wadebrowser_chat_ru,group,WADE X: Антидетект браузер,603,Поддержка @WadeXTeam  Гайд для новичков @wadexfirstbot  Сайт: https://wade.is/  WhoX VPN https://whox.is/  Crypto Converter https://cpx.now/
umekoti09,channel,🌀умэкоти.png,134,18+ фан пейдж огаты и снс анонимка https://t.me/hate16pers_anon_bot?start=ask_ame_  лс: @L15425 & @n1l_desperandum
umwens,channel,умвенс🍔,233,greetings huzz
endrusounds,channel,endru,91,
proverka_imeni,channel,машуня эмо художник,19,ура почеркушки
vtoroi_sostav,channel,ЭТО ВТОРОЙ СОСТАВ,484,🔗экспериментальное театральное объединение 📍город Волгоград   Сайт: https://vsebilety.pro/@2sostav ВК: https://vk.ru/2sostav МАХ: https://max.ru/join/FB6BhY2TEmLNP7vLdM056ufkVm6XThjs2zNSn2RP5pc
tsctco,channel,𑣲. 𝐓𝐬𝐜 & 𝐓𝐜𝐨 𝐜𝐟。,88,
komanda4k,channel,Варюша 4К,27,"Конечно тут будут не только дебаты, но и чуть моей школьной жизни Всех рада тут видеть"
its2muchcdt,channel,2much_cdt,40,📲 YouTube-канал:  https://youtube.com/@its2much_cdt
tipakrutayassylka1,channel,"Алло, это обоюдная?🤙🏻",75,Не отвечает…
lleimente,channel,🪉LeiMente,44,рисую учусь щитпостю
minjuniiikiim,channel,jungwonholic ¹⁰⁰⁹,42,
annie_moplav,channel,ANNIE MOPLAV O⁠_⁠o,18,
conu_fan,channel,другой канал,7,"фан https://t.me/sonya_safarova не подписана,не офф🫰🏼 🎯 100 подписчиков мечта 1000 актив,влд мальчик!💙 обнял-поцеловал🫂"
small67middle67big67,channel,chickenburger,4,второй нормальный канал
elgringoyoutube,channel,ELGRINGO,3769,Стримы: https://www.twitch.tv/elgringo_official  Записи: https://youtube.com/@elgringoyoutube?si=Li07oatE8lUYKhzh  Бусти: https://boosty.to/elgringo?share=ios_blog_link  Предложения: elgringo.coop@yandex.ru  Rutube: https://rutube.ru/channel/8094750/
h9_i7,channel,Eltarhouni Diaries,51,تواصل: @ELMO07bot
thereal150hp,channel,150HP,12,"рэпер, 25  по сотрудничеству писать ↓ @Hp150hp"
waga_official,channel,🚀 WAGA Official Channel,59,🚀 Powering Web3 Gaming & Real-World Development 🎮 MyLuckySol LIVE on Solana @ https://MyLuckySol.fun
megaaearnings,channel,MEGA EARNING,69,EARN AS MUCH AS WE CAN !!
tgkandreyjugg,channel,15juggshinee,30,🙏😭
negastockph,channel,sʜᴏᴘ ɴɪ ɴᴇɢᴀ,32,
quickearn2021,channel,ALL IN ONE EARNING ..,23,
vivek_tech_world,group,51game wingo predictions,35,Ager chahete ho paise kamana toh join Karo hamara telegram or khub sare paise kamao🤑💲
koggiii,channel,"Koggi, но не мясо",19,
megaspinmaster,channel,1win рабочее на сегодня зеркало прямо сейчас,5,🏆 1win: Рабочее зеркало на сегодня - получите доступ прямо сейчас!  Промокод на 500% бонус + 70 бесплатных вращений 1WTELB
oficialnyj_sajt_kontory_1win,channel,oficialnyj sajt kontory 1win,,Промокод на 500% бонус + 70 бесплатных вращений 1WTELB
igrat1win_1win,channel,1win_igrat,,🎉 Играйте и выигрывайте в казино 1win – ваш путь к богатству начинается здесь! 💰  Промокод на 500% бонус + 70 бесплатных вращений 1WTELB
oficialnyj_1win_bukmekerskaya_ko,channel,1win_bukmekerskaya_kontora_oficialnyj,,🏆 1win – ваша официальная букмекерская контора для ставок на спорт!  Промокод на 500% бонус + 70 бесплатных вращений 1WTELB
sajt_1win_avtomaty_oficialnyj,channel,1win_avtomaty_oficialnyj_sajt,,🎰 Добро пожаловать на официальный сайт игровых автоматов 1win! 🌟  Промокод на 500% бонус + 70 бесплатных вращений 1WTELB
chp_15reg_bot,bot,"Обратная связь ""ЧП Осетия Владикавказ""",,
elita_kseshi,channel,Элита Ксеши ❦,369,
elita_happy_house,group,Дауны,54,
elitatravell,channel,ЭЛИТА Трэвэл,1847,-  on-line консультации по подбору тура  в любую точку мира -  спецпредложения на отдых - советы и актуальная информация на нашем сайте www.elitatravel.ru  - чашечка ароматного кофе в офисе на Шевченко 18 ✆ vk.com/elitatravel_ekb ✆ +7 922 135 18 80
electricafort,group,ElectricaChat,75,Чат-сообщество для общения подписчиков канала E-lectrica.  Стримы и видео по Fortnite. 🔷 Новости по Fortnite  https://t.me/e_lectrica   Админ: @Electrica_tg Ст.админ: @LubavaElca
swap_elliotblog,channel,[РЕСТ] ﾒ|𝐒𝐰𝐚𝐩 𝐄𝐥𝐥𝐢𝐨𝐭 𝐁𝐥𝐨𝐠 🔥‿‿,61,Этот блог НИКАК  не может быть канон свап Эллиота. Ведь свап Эллиота от ориг форсакена нету нихуяшечки. Каждая тварь делает свап Эллиота по своему мнению. Так что не пиздите мне тут то что свап Эллиот не такой должен быть
narciwrite_blog,channel,𝘣𝘭𝘰𝘨 𝘯𝘢𝘳𝘤𝘪𝘸𝘳𝘪𝘵𝘦,30,
creationalla,channel,Творческий дневник Эллы,11,Его нет)
ellie_starr,channel,🎀Элли Звёздочка!:3🎀,18,ПРИВЕТТТТТ!!!!!!!!!! Я Элли и я ЗВЁЗДО4КА!!! :333 (≧∇≦)/ анонке http://t.me/voprosy?start=idq1zy4 буст https://t.me/boost/Ellie_starr директ t.me/Ellie_starr?direct
ohelyaelya,channel,"Oх, Элли, Элли!",186,Подарки. Вдохновение. Идеи   В сети @elyiva 🛜
vinzavodsirka,channel,винзавод сырка.//!16-18+!//,365,"НИЧЕГО НЕ ПРОПАГАНДИРУЮ, НИ К ЧЕМУ НЕ ПРИЗЫВАЮ, все плод больной фантазии, я странно все воспринимаю. может ты узнаешь меня самостоятельно? имя/прозвище: Элли, сырочек, сырок. стихи, моя жизнь, фд и ориджиналы.. может, когда-то стану известной."
actorr_labb,channel,actors_lab.|верны только Элли🦊,22,привет! мы фан Элли. на канале нас двое - сковородка и водяная.🤍 16+ 🦊🦊🦊
ellie_chiipss,channel,❤️ELlie_Chipss❤️,100,✨Go Little Rock star✨
mionex_kwws,channel,𝐌𝐈𝐎𝐍𝐄𝐗 🦢 •Тгк по всем фд,146,𝑶𝑾𝑬𝑹: @ellie_kwws — Элли; 𝑪𝑶-𝑶𝑾𝑬𝑹: @Boltukk 𝑰𝑵𝑭𝑶: https://t.me/info_mionex 𝑷𝑹𝑰𝑺𝑬: https://t.me/+RdEWj7xyv9NhZmIy
ellikruzehouse,channel,Хорниваль Элли 🌷 NSFW arts 18+,157,"ВЕЛИЗАРИЙ, ЧТО ТЫ НАТВОРИЛ"
foxilice5400,channel,Серьёзный дядя генерал подметала,122,"♡Элли Ян♡ ☆Косплеер из Екб☆ Косплеи, рисунки ~Аноним бот: http://t.me/anonaskbot?start=u2ify ~"
fujopilledyaoimaxxer,channel,киря канал,1519,
kiryagambroshitpost,channel,Сборище Кирюх,56,Раздумья Кирюхи (щит пост канал)
kristikhihi,channel,kristik abt everything 🎞,61,головна фанатка кока коли
kiruha_samosval,channel,сирюха камосвал(испытание печени),185,"твой папа думает, что я проститутка()()))) https://t.me/samosval_tatu татухи от кирюхи"
shelterecho,channel,Лисья нора,62,Место моего обитания.  Группа в ВК - https://vk.com/shelterecho  Арт-статус: Комишки - открыты  Трейды - открыты  Бусти(почти пустой) - https://boosty.to/echo_evil_vainberg
kiruganbrothers,channel,КИРЮГАН и братва 😎😬🙃🫡,32,"Про то, как я играю,  хожу в школу и пеку пирожки"
kikiiaru,channel,censored Kiki,33,⁠╹⁠▽⁠╹⁠
barkirixy20124,channel,Бар кирюхи,34,
samosval_tatu,channel,татухи от кирюхи,19,тату от кирюхи самосвала https://t.me/poluboh
peptar,channel,Пептар - амбасадор отрицательного IQ ру WOW комьюнити,2383,По рекламе можно написать сюда @pep_tar
dobrokony,channel,dobrokony,437,"Доброе пространство вятских лошадей в пойме Медведицы, Саратовская область."
vevanta_tmn,channel,Веванта | Тюмень,568,"Девелопер с современным взглядом на строительство. Мы создаём дома, в которых хочется жить, и проекты, в которые выгодно инвестировать  Коммерческая недвижимость: kd-72.ru  Строительство и архитектура: vevanta.pro"
garage_sale_zigansha,channel,GARAGE SALE ZIGANSHA,118,Распродажа вещей Ксении и Эмиля
vitrinavena,channel,Технобалт - Холодильная витрина Вена и Сегежа,48,"Производство холодильных (динамическое охлаждение), нейтральных витрин Вена, Вена КУБ и Сегежа  По любым вопросам ➡️ @tehnobalt  https://витрина-вена.рф https://витрина-сегежа.рф  +7 911 700 80 40 vitrinavena@gmail.com"
oboi_odo_vimala,channel,"""ВИМАЛА"" FOX™ Обойная фабрика",226,Обои. Фотообои. Основа для печати фотообоев. Беларусь г.Гомель ул.Тельмана 44
leta_viza,channel,𝑳𝒆𝒕𝒂𝒗𝒊𝒛𝒂,74,"Будь собой,остальные роли заняты"
vevantawillage,channel,Веванта Village 🏘 Готовые дома в Тюмени,135,Современные коттеджные посёлки рядом с Тюменью. 🔹Готовые благоустроенные дома  🔹Земельные  участки с коммуникациями 🔹Закрытая территория 🔹Благоустройство и озеленение  Звоните! ☎️ +7 (3452) 39-65-71
horror_movi78,channel,အင်ဒိုနီးရှားသရဲကားကောင်းများ,133949,🄲🄷🄰🄽🄽🄴🄻 🄰🄳🄳🄼🄸🄽 @UCKIND543
horrormoviemmsub3,channel,Dr romantic,86113,https://t.me/+DwFLb8sxFYIyNGE1
horroromance,channel,HORROROMANCE 18+,179,Shady Black Butler Facts
horror_osn,channel,La cripta degli orrori di @OfferteScontiNerd,474,
horror_games_hell,channel,HoRRoR GaMeS HELL 😈,772,"👹 КАНАЛ О ХОРРОР-ИГРАХ 👹  Новости, обзоры и инфа об интересных ужастиках.  We also have an English version of the channel: https://t.me/horror_games_heaven"
english_horror_movies,channel,English Horror Movies,1810,
horror_kids,channel,Horror kids,158,"Привет это канал про клайзера и его путь , другими словами клайзер лайф"
horrormoviezone07,channel,Horror movie zone,2733,
horror_animelar,channel,Horror||Psychological || animela ||animood,606,
horror_italia24,channel,Horror Italia 24,395,
abruption408,channel,40.8 腐っている ! ! !,387,leave me bleeding on the bed.  по всем вопросам - @rumeruru
mallubots,channel,📢 Mallu Bots News & Updates,2650,Some bots which may help you 🤩  📌 Support Group - @mallubotssupport  🤖 Bots @renameitrobot  @uploadlinksbot  @driveuploadrobot  @screenshotitbot  @torrentsdrivebot  made with ❤️ from INDIA
mallutorentgroup,group,1⃣ Mallu Torent Cinema Company Group,5859,"സിനിമകൾ ഇഷ്ടപ്പെടുന്നവർക്ക് വേണ്ടിയുള്ള കൂട്ടായ്മ!  📃 Group Rules [https://telegra.ph/Group-RulesMT-02-03]  📋 Channels List  @MalluTorentzTG  💳 Paid Promotion @Chiyaan_Dhruv  🌟 Feedbacks, Complaints @PmsHereRobot  Powered by [MT]സിനിമ Company ™"
malluthundu1bot,bot,തുണ്ട് Mallu,13229,MALLU ONLY❤️
lalu_com,channel,LALÚ,667,"Костюмы из натуральных тканей, которые можно носить дома и на улице🤍"
malayalamfirstbell,channel,മലയാളം ഫസ്റ്റ്ബെൽ📖,97491,"🍁പി എസ് സി പരീക്ഷകളിലെ മലയാളം ഒരു ബാലി കേറാമല ആവാതിരിക്കാൻ  സ്കൂൾ പാഠപുസ്തകങ്ങളിലെ,നമ്മൾ അറിഞ്ഞിരിക്കേണ്ട കുറച്ചു ചോദ്യങ്ങൾ, മുൻകാല ചോദ്യങ്ങൾ.. പ്രധാന പുരസ്‌കാരങ്ങൾ... എന്നിവ ഇവിടെ പരിചയപ്പെടാം..മലയാള പഠനം, ഇനി സുന്ദരമാക്കാം🍁  ©🍁𝐍𝐢𝐦𝐦𝐲🍁"
oneindia_malayalam,channel,OneIndia Malayalam,6051,ഏറ്റവും പുതിയ വാര്‍ത്തകളും വിശേഷങ്ങളും വൺഇന്ത്യ മലയാളം ടെലഗ്രാം ചാനലിലൂടെ അറിയാം. https://malayalam.oneindia.com/
bitdroid_malayalam,channel,🔥BIT DROID MALAYALAM🔥,1741,"Crypto Updates, Crypto Money Making, Airdrops And More ..."
new_malayalam_movies,channel,New Malayalam Movies,1511,Malayalam New Movies
malayalamsongsnew,channel,New Malayalam Songs,2325,Old malayalam songs - @malayalam_jukebox
malayalammoviesj,group,MALAYALAM 🇫 🇷 🇩 MOVIES,91,
malayalampsc,channel,"VPK Learnings App - Smart Tips and Tricks PSC | Kerala PSC LDC , LGS , Degree Prelims and Degree Mains Exams",1898,ആദ്യം PSC ചോദിച്ചത് പഠിക്കണം. പിന്നെ PSC ചോദിക്കുന്നത് പഠിക്കണം.. അതുകഴിഞ്ഞാൽ നിങ്ങൾ പഠിക്കുന്നതേ PSC ചോദിക്കൂ..
ssuperium,channel,superium,7620,"🪑 Современное искусство, живопись, стрит арт, фотография, дизайн, мода, кино, татуировка  🖍 Сотрудничество: @mithraart  💊 Наш эмодзи пак: t.me/addemoji/SuperiumEmoji"
samawirli_ritayim,channel,Самауырлы Ритайым,3145,
subxidam_avenue,channel,🛍Субхидам👠💸,2588,@subxidam_777  Товары в наличии✅ Андижан📍 Обсуждение👇🏻  https://t.me/subxidamavenue
social_media_stars_reels_videos,channel,Social Media Stars Reels Videos,454,https://t.me/Betfair_toss_line  @Social_Media_Stars_Reels_Videos @Sufiyum_Sujatayum_Malayalam_2020     @Hollywood_Hindi_Mallu_hd_Movies     @Hollywood_Hindi_Horror_hd_Movies                     @FtdMusic <---> @Croods_2
saujanamaya,channel,SAUJANA MAYA - OFFICIAL OPENING,302,"Merajut cerita sejak 29 Juni 2026. Menjelajahi saujana maya tak lagi terasa sepi, sebab di sini kami hadir untuk merajut temu dan menautkan hatimu yang sedang mencari pelabuhan sejati.   ✻ Order: @SaujanaOrderbot ✻ Mutual: @SaujanaMootsbot"
hollywood_hindi_horror_hd_movies,channel,Hollywood_Hindi_Horror_hd_Movies,41,https://t.me/Betfair_toss_line  @Social_Media_Stars_Reels_Videos @Sufiyum_Sujatayum_Malayalam_2020     @Hollywood_Hindi_Mallu_hd_Movies     @Hollywood_Hindi_Horror_hd_Movies          @Malayalam_hd_Movies_2023            @FtdMusic <---> @Croods_2
swagatamin,channel,Swagatam,6,This is a Hindi blogging platform where you are provided with very important information.
nikolashinyoutube,channel,Николашин YouTube | Блог,10968,"Как создавать контент, который смотрят и зарабатывать  YouTube видео, стратегии, инсайты,  лайфстаил.  По сотрудничеству: https://t.me/Produser_maksim  YouTube канал: https://www.youtube.com/@NikolashinM"
youtubesubscriber1kandwatchtime,group,You tube subscriber,121,"इस चैनल का मिशन यह हैं कि जितने भी लोग युट्युब पर अपना कैरियर बनाना चाहते हैं लेकिन युट्युब इम्प्रेशन ज्यादा नहीं भेजता हैं, युट्युब चैनल मोनटाईज होने के बाद ही इम्प्रेशन भेजता हैं इस ग्रुप में सभी लोग बारी-बारी से एक  दुसरे के चैनल को सब्सक्राइब करेंगे!"
free_youtube_booster,group,Free Youtube Booster🚀,736,Boost your Youtube Subscribers ➖➖➖➖➖➖➖➖➖➖  FOR PAID MONETIZATION ➖➖➖➖➖➖➖➖➖➖ 👇👇👇👇👇👇👇👇👇👇  https://t.me/youtube_promotio
youtube_subscribe_group_10k,group,YOUTUBE SUBSCRIBE GROUP 10 K,45,Online earning channel:-https://t.me/K7_K77_K7
earningbool,channel,Paytm_earners,895,
youtubepremiumhub,channel,Youtube Premium,565,
zelenkamedias,channel,Зелёнка,532,"Медиа о бизнес-экосистемах ♻️    → транслируем новости  → рассказываем истории  → объясняем, как работают компании   Наш бот с историями — @zelenkaa_robot По вопросам — @zelenkas_bot   придумано в Вышке."
youtube_and_money,channel,ПРИБЫЛЬНЫЙ YOUTUBE / ДАРЬЯ ГАЛЬПЕР,153,✅как с нуля создать прибыльный YouTube канал ✅как за месяц набрать первую 1000 подписчиков и заработать 200 000р+ Начни отсюда https://t.me/youtube_and_money/4 ➡️контакт для связи @darya_galper
tarunyrtick,channel,SPARKQ YT,80,
storebulolwithyu,channel,Upsubs @bulolwithyu,48,
livesubs_channel,channel,Livesubs,27,Подписчики в реальном времени.   livesubs.io
youtubedaliydose,channel,YouTube subscribe channels,8,https://www.youtube.com/@daliydose....3626
subscriber_group_youtube,group,Subscriber Group YouTube,15,
your_growth_point,channel,Ты не знаешь ЦА,418,"А я знаю. Здесь рассказываю, как узнать ЦА и создать базу, на которой строится 80% успеха в онлайн-бизнесе. Подписывайтесь.  Еще кста про маркетинг (удивил, ага) и про юнит-экономку (дууушноо), но все это в итоге про деньги 😏  Связаться со мной @Tim_Vid"
growthstrategycom,channel,"ИНФОГОРОДОК пространство роста, общения и движения вперёд!",537,"Наше пространство  Коммуникация решает Чат 👉🏻 https://t.me/environmentSe  🔗Для предпринимателей, специалистов и всех кто готов менять и меняться  🔝Обсуждаем бизнес, продажи, продвижение 🔐 Развиваемся, делимся, поддерживаем Создатель: @Oxana_Politaeva"
koment_bible,channel,Коментарі до Біблії,670,Коментарі до Біблії  Зв'язок - @Toki_43
diosemprefedele1,channel,GRUPPO BIBLICO / FEDE✝️,206,"YouTube: https://youtube.com/@bible4y?si=K36DfzF0tsYM4Aq1   Spazio per crescere insieme nella Parola di Dio, condividere studi e dialogare in fratellanza.  📜 Regole: ❌ No spam, parolacce o altre religioni. 💛 Siate amorevoli, pazienti e gentili. 🙏 Mant"
timeofbible,channel,Время Библии,314,
thoughtsonthebiblicalgod,channel,У захопленні Творцем,57,
biblia333,channel,Библейские стихи🕊,46,"Добро пожаловать на канал, где Слово Божье оживает! Здесь вы найдёте библейские стихи, которые вдохновляют, утешают и укрепляют вашу веру. Пусть каждый день начинается с мудрости Писания. Присоединяйтесь к нам, чтобы вместе открывать для себя Божью любовь"
derekprince_ua,channel,Дерек Принс / Derek Prince / Біблія та вчення,104,#Християнське #Біблійне #Служіння http://derekprince.pp.ua +038-068-067-0711  Один з провідних вчителів #Біблія з позаденомінаційним і несектантським підходом. На русском: @derekprince ПриватБанк: 5457082296011120 https://send.monobank.ua/ASqxisX9Z8
notes_svyrydov,channel,Нотатки «Svyrydov_D»,92,
in_the_bible,channel,В Библии так написано. ☦️,11,"Библия, цитаты."
ognivvobibliazagod,channel,БИБЛЕИСТЫ,54,Сезон: Ветхий Завет
biblesoveti,channel,Библейские советы,39,"Добро пожаловать в наш канал! Здесь мы делимся мудростью и практическими советами из Библии, которые помогут справиться с любыми жизненными ситуациями — от финансовых вопросов до личных отношений и духовного роста. Присоединяйтесь!"
knowledge_ofgod,channel,Познавая Бога,37,"""Познавая Бога"" - христианский канал, содержащий размышления над текстами Библии, их толкование, переводы, а также цитаты из книг, учебных пособий и статей. Материал можно использовать для проповедей, проведения уроков, создания учебного материала и т.д."
bibletelegramm,channel,Біблія,6,"Приєднуйтесь до нашого каналу ""Біблія"" і отримуйте доступ до цінного контенту, що допоможе вам зрозуміти, заохотити та надихнути вас в дослідженні Святого Письма."
gdehazyain,group,Гдє Хазяйн ?,1722,@dimakickov - лічка
wisedictionary,channel,Вмикай Життя,161,Словарь Мудрости Любви и Силы
lilia_mak_28563,channel,Lilia❣️Цифрология❣️Т-Игры,223,"Меня зовут Лилия. Здесь все о цифрах, психологии отношений, денег и реализации. Помогу наладить жизнь через понимания себя и взаимоотношения с людьми и деньгами ❣️   Для этого мне нужна только твоя дата рождения!!!"
houseofkiki,channel,☕️Кава з енергетиком☕️ #УкрАрт,132,"✨Меми, арти та ниття✨  Лічка адміна - @menthami"
licarbxchat,channel,доска почета чата лисы,55,
li_ni_kko_o,channel,Тайная жизнь Линика,29,
nisapiisa,channel,NisaPiisa,82,Мій тт- https://www.tiktok.com/@nisa.pisa?_r=1&_t=ZS-91GjZrl7Vsg Не здороваюсь з тими  кого не знаю🙄 🇺🇦 Лічка - @NisaPisPisa
albert_mor1,channel,||РЕСТ|| Секрет сніжної тиші❄️,40,Це мій новий тгк.   Моя лічка: @Haruka_catik
bible_history,channel,Bible History,354,Bible History is about exploring the eyewitness accounts recorded in the Old and New Testaments of the Bible and comparing them with the history of ancient people and civilizations revealed by the spade of the archaeologist. https://bible-history.com
bible_nestam,channel,Bible Nestam,147,Understanding the Bible message to become disciples of Jesus Christ
fcnfcnfcn,channel,нереальномилыеногти,1078,тгк ваших любимых мастеров❤️ Маерчака 1 лс: @ksydanfcn  инст: https://www.instagram.com/fuckingcutienailsss?igsh=MWFnNzUwcm55OHlhaw%3D%3D&utm_source=qr
fcwl_bot,bot,FromChinaWithLove_bot,,
fctonbot,bot,๋࣭ 𝕭ot.𝗙𝗖𝗧𝗡 텔인🧋,,
fnloojabot,bot,FonteNewsBot,,
netishinabot,bot,FC BOT,,Официальный бот телеграмм канала @futurecastnews
fighterscnua_bot,bot,CN - бот для зв'язку,,
finsenhunterdailycfbot,bot,Finsen Hunter daily+cf bot,,
ffcnnbot,bot,متجر دببه كسر .,,
finqlfantasycnf_bot,bot,ffconf тейки,,
fcxgbot,bot,奉春阁-外围,,奉春阁|外围圈唯一指定客服，负责外围资源对接。奉春阁： @heicais
fctubot,bot,性癖投稿|21:00-23:00在线,,我们不是这个世界的唯一，只是我们喜欢这样的爱好，分享彼此的性癖爱好，与志同道合的同伴分享快乐！
cfpsyhorrbot,bot,♡,,
mmncnbot,bot,🍥 Предложка,,@momonechinoi
fcmn_bot,bot,Бот Федерального центра мозга и нейротехнологий,,Бот записи в Федеральный центр мозга и нейротехнологий
fleursdenuit_bot,bot,отзывы фдн,,
thendc0nfbot,bot,- takebot || the netherlands cf,,• бот принадлежит @netherlandscf
fnaf_confessionsbot,bot,FNaF_BOT,,
flokznbot,bot,bot.flowers.happy,,Так же удобно заказать на нашем сайте 🌐 flowershop24.ru  Срочно? Позвоните нам по тел.  📞 +7 917 926-60-60
fcrfs_bot,bot,fcrfs_bot,,
fxopenbot,bot,Telegram bot,,
fcl26_bot,bot,Financial Cybersport League,,Регистрация на киберспортивный турнир FCL. vk: vk.com/fin_cyber_league  При возникновении вопросов писать @o1ezheq
ficbenbot,bot,FicBenBot,,Предложка @ficbenstudio
wnsscnbot,bot,万能搜索🔍中文搜索@wnsscnbot,,🔍万能搜索机器人，向它发送关键词来寻找Telegram电报群组、频道、电影、视频等。 官方用户名 @wnsscnbot 官方频道 @wnsscn 官方群组 @wnsscnq
fasqonbot,bot,FASQON,,"Your personal Web3 bank, messenger, and passive income generator.  Join @fasqonofficial."
fpedf_bot,bot,фпедф лов бот,,канал>> @FpeDf_love
fpe_confbot,bot,фпе кф тейке йоу,,неанон бот принадлежит @FundamentalPaperEducationConf правила тейков: https://telegra.ph/PRAVILA-TEJKOV-FPEKF-02-26
takecfnenbbot,bot,𝑇𝑎𝑘𝑒𝑠!!,,Принадлежит - @cfN3N3
cfmotcfteikbot,bot,ИНМТ КФ БОТ ДЛЯ ТЕЙКОВ!!>_0,,
cgnblog_bot,bot,CGNEWSBOT 🗞,,Официальный бот канала Chicken Gun News!  Наш канал:  https://t.me/chickengunblog
fdl_228bot,bot,FdlBotForsaken,,
folkmetal_cf_bot,bot,Folkmetal cf bot,,@folkmetalcf 🆒
fatshamingcfbot,bot,фэтшейминг тейк бот,,неанон бот кф @fatshamingc0nf
afn_by_bot,bot,afn,,
privacy_cnbot,bot,隐私中国,,隐私中国频道沟通机器人
search_funbot,bot,Search by image | Поиск по картинке,,"Bot assistant, simplifies the search for the image. Бот помощник, упрощает поиск по картинке."
tma_finbot,bot,TMA: три отчета по кнопке,,"🔥1 апреля в 19:00 мск презентация TMA — полная автоматизация финучета!  Канал: @TMA_BKS_fin,  вопросы: @BKS_TMA"
bgcs_cnbot,bot,BG 客服,,
joey_fanbot,bot,Joey,,
actress_fcsbot,bot,Actress Gallery,,"➡Your suggestion & Feedback are always welcome.  ➡Please Do wait for reply, sometimes it may delay upto 48hrs."
red_fl00d,channel,Řẽð.f!00ð [🦕],19,
glad_flood,channel,𝘎𝘓𝘈𝘋 𝘍𝘓𝘖𝘖𝘋,31,
ruby_floodven,channel,𝐑𝐔𝐁𝐘 𝖋𝖑𝖔𝖔𝖉 | 𝕀ℕ𝔽𝕆 !рест!,28,Боль — это всего лишь тень твоего света. Текущая эра:  [ Красная дарк-эстетика & готика ]
wastedlife14,channel,СТУПИД ВАСТЕД🤬🤬,17,https://t.me/wastedflood
fraud_and_deception,channel,Fraud and deception,78,"Проект МЕДИА ГРУПП ""ВЧК-ОГПУ"", связь vchkogpu.ru@gmail.com"
fraud_news_778899,channel,Fraud news,71,"Проект МЕДИА ГРУПП ""ВЧК-ОГПУ"", связь vchkogpu.ru@gmail.com"
financ_fraud_chronicles,channel,Financial fraud chronicles,71,"Проект МЕДИА ГРУПП ""ВЧК-ОГПУ"", связь vchkogpu.ru@gmail.com"
chpulya,channel,Серебряная Чпуля,1122,
limesalonkrasoty,channel,Салон красоты Лайм Волжский,237,"Мед. лицензия ЛО-3401003398, серебряная медаль 2021 на ПроДокторов, 16 сертифицированных специалистов, 11 899 клиентов  Запись👇🏻 http://kln.su/2zZ"
aurorasiberica,channel,Aurora Siberica,138,"Aurora Siberica - ювелирный бренд украшений с природными якутскими и выращенными бриллиантами: 💎 в серебре 💎 в желтом, красном и белом золоте.  На сайте проходит «Свадебная акция»."
skorokhodova_accessorize,channel,ANNA SKOROKHODOVA ACCESSORIZE,201,"Украшения, дарящие уверенность в себе и завтрашнем образе.   Новая коллекция — бунтарские массивные серьги, винтажные цепи и сверкающие кристаллы уже на сайте.  Для связи: @askona10 Сайт: annaskorokhodova.com"
pg555,group,@PG555水蛇的粉丝群,3595,认准唯一群用户名 @PG555 永远不封！ 认准群内管理 主动私信你的人都是骗子 请勿被骗 🈲广告 外部链接 外部资源 ！ 老板 @bsss  街溜子@nmmmm  叫我包红 @baohong @wvvvv
severobaikalsk_rb,channel,Северобайкальск,509,"«Интересная Бурятия. Город Северобайкальск»: новости, события, люди.  Сообщество во Вконтакте 👉https://vk.com/03sbk"
wingsofnow,channel,Крылья наутилуса.,630,Я летел на серебряных крыльях.  Связь @zaitsev73.
zolotayaplata,channel,Золотая Плата,591,"https://goldenplata.ru/  Продажа и выкуп золотых, серебряных инвестиционных монет.  г. Екатеринбург г. Тюмень г. Новосибирск г. Казань г. Уфа г. Краснодар  г. Ростов-на-Дону г. Нижний Новгород г. Самара г. Москва г. Санкт-Петербург г. Владивосток"
nikigoryan,channel,Звезды алкогольного футбола,119,"Футбольная, а так же естественно алкогольная жизнь, двух, уже не таких спортивных и совсем не перспективных юношей⚽🥃"
yantarseversk,channel,"МБУДО СШОР ""Янтарь""",142,
audsmm,channel,АУ «ДСММ»,40,Официальный канал Дирекции по проведению спортивных и массовых мероприятий
klyuchicheb,channel,Жизнь в Серебряных ключах (Чебоксары),296,Канал с новостями о жизни микрорайона «Серебряные ключи». Отчеты о деятельности местных УК «Центр» и УК «Волна» и Застройщика СК «Центр»
goldensprort,group,Golden members,112,ناموسی ندید  جنبه داشته باشید وگرنه سیک  @Goldensport_tg
maniearthur,channel,𝘽𝙇 𝙈𝙖𝙣𝙞𝙚`,521,Boys love-Iran  𓇼   ✭* .   𝀜 𝘽𝙇 𝙈𝙖𝙣𝙞𝙚  ✭* .   𝀜𓇼    𝙎𝙤𝙛𝙩 𝘽𝙇 𝙢𝙤𝙢𝙚𝙣𝙩𝙨 𝙛𝙤𝙧 𝙝𝙚𝙖𝙧𝙩𝙨 𝙩𝙝𝙖𝙩 𝙛𝙚𝙚𝙡 𝙙𝙚𝙚𝙥.🎀  • 𝘽𝙇 𝘾𝙤𝙪𝙥𝙡𝙚 𝙀𝙙𝙞𝙩𝙨🩰 • 𝙎𝙚𝙧𝙞𝙚𝙨 𝙄𝙣𝙩𝙧𝙤𝙨🎟 • 𝘿𝙞𝙖𝙡𝙤𝙜𝙪𝙚𝙨🛐
blackwhitestyle24,channel,Black White Style,238,"Make Torpedo Great Again   Данное сообщество было создано с целью показать фотографии давно прошедших дней, все фотографии были взяты из общедоступных источников!   Est 2025"
guitarherotashkent,group,Guitar Hero Tashkent,50,instagram: @guitar_hero_tashkent
pxnx_gorenoise,channel,Pancreatic Necrosis,42,Moscow Blasting Gorenoise Madness
latavern,group,Campo riabilitativo della Taverna nel commissariato politico di Francesco,2,"Gruppo che discutete di tutto, specialmente la politica e calcio. Qui non avete filtri, dite cosa volete dire, solo non spammare o mandare cose oscene. Per il resto, benvenuti"
bangtanaeshetic,group,ARMY_BTS💜,2,
obozorshik,channel,Обозорщик,10569,"По сотрудничеству - @obozorshik2 Рассказываю про интересные товары, гаджеты и услуги, а главное - общаюсь с вами  Перечень РКН: https://www.gosuslugi.ru/snet/67a32457dc130259d59e79e5"
svoybiznesizdomaru,channel,🎓 SvoyBiznesIzDomаRu 🏠,312,Заработок через интернет без “волшебных кнопок”.  Здесь про: — создание онлайн-курсов — продажи инфопродуктов — автоворонки — ИИ в продажах — доход 30 000–100 000 ₽ онлайн  Методология SvoyBiznesIzDoma Вячеслав Демин
logikarosta,channel,Логика роста,316,"Здесь эксперты  создают продающее оформление ТГ канала и личного аккаунта.  Получают разные фишки для привлечения клиентов.   От добавления кнопок и ботов, раздающих подарки за подписку, до создания воронок продаж  Задать вопрос t.me/Rim_coach"
kjhghghi,channel,Давление поднялось,222,"-Зовут Давление/Джо- Школьник, художник и и немного косплеер. Люблю игры и шоколадное молоко  Формула проста с меня артик раз в неделю с вас нажатие на пару кнопок"
noosamagic,channel,NOOSA-Amsterdam 🌎 Ярославль,89,"Канал для любителей NOOSA❤️‍🔥 Здесь я буду выкладывать описание кнопок.  Новинки, поступления, акции и бонусы.  Принимать заказы и пожелания. Каждый месяц разыгрывать призы за ваши фотографии в моих браслетах."
skidka_ulov,channel,Красная цена - Скидки Распродажи Акции Промокоды,68,Находим для Вас товары по самым низким ценам Поможем сэкономить 🍋🍋🍋 ✔️Наш ВК ➡️ https://vk.com/skidki_wb_ozon  Рецепты ➡️ https://t.me/amkaVkusnjachka
tyt_wb_ozon,channel,ТУТ WB/OZON,33,Cкидки Акции Промики По сотрудничеству @kovsh9
anastacie_smmur,channel,"Нейросети, маркетинг и котики",15,"Господа, не ищите волшебных кнопок. Их нет.  Есть наблюдательность, ясность и один кот, который всё понял раньше нас и никуда не спешит."
keypositionwbbot,bot,Кнопка Заказы l Позиции и Реклама Wildberries,,Отслеживаю позиции товара и рекламные ставки на ВБ Поддержка: @knopkauto
buttonfortgbot,bot,Создать кнопку для поста (v2.0),,
help_agdeknopka_bot,bot,help_bot,,
brandmediahse,channel,Бренды и медиа,1111,"• Рабочий канал для экспертов в области пиара и маркетинга  • Клуб ТОП-коммуникаторов ВШЭ, на базе программы: https://dpolab.hse.ru/strategic_communications. Модератор: Анна Подпрятова — директор по маркетинговым коммуникациям НИУ ВШЭ"
procamp_biznes,channel,Procamp Бізнес,290,"Pro діджитал та перформанс маркетинг. Новини, лайфхаки, корисні поради та розбір кейсів реальних клієнтів. Створено агенцією Procamp.  Зв‘язок: @vtl_mzchnk  INST: https://instagram.com/procamp.agency  FB: https://www.facebook.com/procamp.agency"
vbrandme,channel,V-маркетинг от V-Brand,154,Канал маркетингового агентства V-Brand - мы знаем все об эффективных стратегиях для вашего продвижения! Для связи: 🍀media@v-brand.me  Или @SashaSmorodina @VBrand_help_bot   Сделаем ваш бренд современным и ярким в digital и offline пространстве
love_x_marketing,channel,Любовь и Маркетинг,68,"Строим экологическую корпоративную культуру поддержки и развития для предпринимателей, лидеров и команд.  Про этичный маркетинг, брендинг, бизнес, стратегии и эффективные коммуникации."
mad_digital,channel,Разработка цифровых продуктов,388,"Нестандартные методы развития мобильных приложений, growth hacking практики от Mad Brains. Кейсы: madbrains.ru/works  Команда: @mads_team Обсудить проект: @oleg_mad Сотрудничество и реклама: @ks_vano"
vstmarketing,channel,Василий | Контент-заводы,315,Делаю людей богатыми и медийными.  PR и медийность для экспертов и бизнесов в Дубае и России   Для связи @Vasiliy_St
mobilemarketingcom,channel,Mobile Marketing,281,"99% материалов о мобильном маркетинге — вода, без конкретных цифр и рекомендаций. Данный канал создан чтобы отобрать именно этот 1% полезных и качественных материалов. Связь: @Svetoch"
skymount_research,channel,Внешняя реклама «под ключ» ❘ SKYMOUNT,296,"Приводим покупателей на маркетплейсы через блогеров и соцсети  Подбор площадок, аналитика и рост продаж «под ключ»  Работаем с брендами любого масштаба — от старта до лидеров ниши  🌐 https://skymount.su/ 📩 Сотрудничество: @Leonid_Leeshin"
videohunt,channel,Видеохантер | Видео для бизнеса,172,Создаем анимационные  и презентационные ролики для бизнеса  По всем вопросам @mkanashkin  Сайт: https://videohunter.pro/
vidianmarketing,channel,Vidian.Marketing,113,Ксения Свинцова. Практик 15 лет. Брендинг. Стратегический маркетинг.
marketing_backpack,channel,Маркетинг в Европе 🇪🇺,60,"Это канал Promo Expert - агентства интернет-маркетинга. Мы делаем продвижение сайтов и рекламу Здесь советы, лайфхаки, кейсы, секреты продвижения и успешного успеха для связи @TatianaPromoExpert +420775496718 info@promoexpert.cz https://promoexpert.cz/ru/"
allmarketing_channel,channel,Маркетинг,133,"Всё о маркетинге, рекламе и pr  Реклама:  @buhgalterkanalov"
kinyokumarketing,channel,Идеи не важны • Маркетинг инфобизнеса,89,"Увеличиваю выручку онлайн школ в два раза, без запусков и личного бренда, с помощью воронок и холодного трафика.  Начни отсюда → https://t.me/KinyokuMarketing/430  Связь → https://t.me/m/zqMyp6MNMTYy"
placestart_pub,channel,PS о маркетинге,40,Эксперты и специалисты различных областей интернет-маркетинга и WEB-разработки делятся опытом в привлечении клиентов.
svetlana_promarketing,channel,Светлана 🎯про SMM и маркетинг,44,"Делюсь своими знаниями и опытом в сфере маркетинга в соцсетях, раскрываю интересные фишки и секреты продаж🔥  Разрабатываю маркетинговые стратегии, консультирую и провожу мозговые штурмы для увеличения ваших продаж🌟   Запись на консультацию @Svetasavon"
osk_market,channel,Osk-Market,57,Канал рекламного агентства Osk-Market  КОНТАКТЫ Позвоните нам сейчас для консультации +7 (495) 269-00-64 Звонки принимаем в будние дни с 10:00 до 20:00 Наша почта для быстрой связи hello@osk-market.ru Наш Telegram для быстрой связи @hello_support_agency
kifaantonina21,channel,Антонина Кифа | PRO брендинг & медийность,740,Меня зовут Антонина Кифа - я эксперт по брендингу и продвижению через медийность и Pinterest  Основательница медиа-клуба «PINTERESTCLUB by Kifa» - https://t.me/pinterest_club_blog  Канал с кейсами: https://t.me/kifaant Для связи: @KifaAntonina
igolnikov_aleksey,channel,Алексей Игольников | PRO,990,"31К+ подписчиков с Reels ▪️Медийность ▪️Деньги ▪️Продвижение ▪️Нейросети  Предсказуемость вместо суеты в блоге. Обучаю психологов, коучей и помогающих экспертов получать 3–7 обращений с блога в неделю без выгорания.  Запись на разбор: @alekseyigolnikov"
ikoruzhinets,channel,Иван Коружинец,729,"ℹ️Основатель компаний KOR GROUP (8 компаний: HR, аренда авто, строительная компания, юридические услуги, кибер-клуб, медийность  ℹ️Мировой спикер и создатель авторского бизнес-тренинга в Дубай и Анталии.  Подпишись ✔️ Связь: @photo21tori"
amanah_school,channel,AMÁNAH_SCHOOL,443,Для записи писать на ватсап  Номер для сестер: https://wa.me/79331773557  Номер для братьев: +905392254230   Страница в инстаграм: https://www.instagram.com/amanah_school?igsh=aTBnYWk0Yng0Nmcw
foldermuslimcom,channel,FolderMuslim.Com,632,Yuk...... Mari Berbagi Faedah !!  https://t.me/foldermuslimcom https://foldermuslim.com
umrahsunah,channel,UMROH SUNNAH AMANAH,69,Umrahsunnah.com merupakan biro travel umroh sunnah terpercaya yang melayani masyarakat muslim Indonesia yang ingin melaksanakan ibadah umrah dengan biaya yang murah dan fasilitas yang memuaskan. INSYAAALLOH…  Admin : wa.me/+628123592407
lascienzainpalestra,channel,La Scienza in Palestra,2912,
peptidespro,channel,NEXEN Peptides pure Peptid пептиды.,716,📩 Менеджер: @DOCPURE1 🧬 NEXEN BIO | > 99.7% |  Высокое качество. Профессиональный подход.  💎 Индивидуальные условия для клиентов: ▪️ Подбор пептидов и консультации ▪️ Прайс-лист | Опт / Розница ▪️ Анализы и мониторинг ▪️ Тренировки и питание
jfnetworknet,channel,JFNETWORK | Airdrop | Crypto Mining & Trading,1330,"Airdrop terbaru, mining crypto dan juga belajar trading untuk pemula.  Airdrop Terbaru: www.id.jfnetwork.net"
keywordsforu,channel,Keywords4u.com,385,Best YouTube SEO Tool
youtubeproof,channel,YouTube Telegram And Instagram,75,Real YouTube Smm Services  Join @WatchhoursYT For More Info
youtubeandtelegrampromoter,group,YouTube & telegram promoter,29,"Hey guys, If you want monetize your channel message me @theIndianas cost only Rs. 20   per 5days (pin link in this channel and paste your link in description box +(offer) ads on 2 telegram channel 170+ members each). And also this offer for telegram."
sub4subindonesia2020,channel,Sub4sub indonesia,23,Penambah subscriber gratis Setiap hari
youtubesque,channel,По-ютубовски,20,"Я ютуб-консультант. Экс-продюсер «Навальный LIVE». Делюсь своим опытом. Объясняю, как работают алгоритмы. Помогаю развивать маленькие, средние и большие ютуб-каналы. Ваш, Шимон @ShimonSorkin"
myrealtyspb,channel,MyRealty Новостройки СПб,1915,Агентство недвижимости в Санкт-Петербурге.  Помогаем купить квартиры комфорт-класса в новостройках для жизни и инвестиций.  ✅ Вся база новостроек ✅ Одобрение ипотеки - бесплатно ✅ Всегда рядом  Наши услуги для вас бесплатны ➡️ @myrealty_TruzhenikovSergey
ozliberman,channel,🖤 Oz liberman - עוז ליברמן 💛,3009,
mmmyyyaaad,channel,MMM.YYY,560,Из Ставрополя to the moon 🚀  КОДИРОВАНИЕ | АКТИВАЦИЯ СКРЫТЫХ ФУНКЦИЙ | ЧИП ТЮНИНГ | СТРИМЫ   Инста - @yadrentsev Стримы - https://www.twitch.tv/mmmyyyaaad YT - https://www.youtube.com/@mmmyyyprod YT life - https://www.youtube.com/@yadrentsev
best_fisherman,channel,Лучший рыбак,406,"Независимо от того, являетесь ли вы новичком или опытным рыбаком, в ""Лучшем рыбаке"" найдется что-то для всех.  Присоединяйтесь к нашему сообществу и начните тянуть рыбу!  Контакты: @Andrey_Godnyy"
dragonskm779,channel,𝐃𝐑𝐀𝐆𝐎𝐍 𝐌𝟗 𝐀𝐬𝐢𝐚 𝐌𝐲𝐚𝐧𝐦𝐚𝐫,344,
bgpetyan,channel,Battle Group Petyan,260,Показываю вам всякое
thedevilsprotocol,channel,The Devil’s Protocol | Манчестер Юнайтед,199,"Manchester United — через мой взгляд, стиль и атмосферу."
meremagame,channel,Merema Games,214,@meremagames_bot
liberman_bella,channel,liberman_bella,49,
youiiifirst,channel,𝐘𝐎𝐔 𝐅𝐈𝐑𝐒𝐓 ʚ♡ɞ,1646,إمنح نفسك فرصة إنك تنوي محاولة إنقاذك .  للتواصل ♥️⤵️  @iisraar1217BOT
bomjarga,group,Bomjarga & CHSW.group,118,Бест хостинг евер - https://bomjar.ga Самые быстрые VDS на диком западе - chsw.group  Лучшая поддержка в телеграм @chswsup
barah_88i,channel,"""هَمْسَةُ أُمّ""",80,"‏""علِّمُوا أولادكم وبناتكم المروءة ‏حتى إذا كبروا ‏لا يرى الولدُ في تدليل زوجته ضعفاً ‏ولا ترى البنتُ في خدمة زوجها عبودية"" عزيزتي الأم /الأبن/بنت : لتكن أخطاء أولادنا دروس لنا أولاً وطريق نجاح للجميع"
dilmurodcg_channel,channel,Dilmurod CG | Blog,111,"Bu kanalda 2D va 3D grafika bo‘yicha o‘z ko‘nikmalarim, ishlarim va fikrlarimni joylab boraman Behance:  www.behance.net/dilmurod_cg Shaxsiy:  @dilmurod_cg"
dilmurod_designn,channel,𝗗𝗶𝗹𝗺𝘂𝗿𝗼𝗱_𝗱𝗲𝘀𝗶𝗴𝗻𝗻,45,✉️ Telegram: @dilmurodakam  📷 Instagram: www.instagram.com/dilmurod_designn  🎨Behance: www.behance.net/dilmurodadabae
fonaalamal,channel,𝐆𝐡𝐨𝐟𝐫𝐚𝐧 𝐉𝐛𝐨𝐮𝐝𝐚..,238,طَـالبةُ طب  أسـهر بيَن الكُـتب وأسِير بثَباتْ أحـمِلُ العِلمَ فِي يَـمينِي والإيمَـان فِي قَـلبي وأؤمِـن أن كُـل تَـعب فِـي سَـبِيل الله لا يَـضِيع 💗.
uveliramong,channel,Ювелирная,156,
zozor_200,channel,نـسـائم الـزهـراء.🤍,62,"​""أكتب ما أشعر به، وأنشر ما يلامس قلبي.""🤍🌱"
haruto31,channel,زهــرة 𖹭,36,""" اللهم صل على محمد وآل محمد "" Memory  Istj  Fav color "" light green"" I love rain and gloomy vibe  احب نشر تصويري  🍃"
angel_mir144,channel,Ангеловедение от А до Я,495,Основной канал https://t.me/spirit_path Поблагодарить за знания и практики можно здесь: 2202208139301759 Сбер
mayseeds_miamimacy,channel,Mayseeds 🧿 Miamimacy,6285,Mayseeds_miamimacy 🌎
mm55tim,channel,05✨️05,1111,قصه های منو ماه.♡ ️
microlavori,group,Micro Lavori Online Italia,830,lavori online con prove di pagamento
tarotfunciona,channel,Таро с Медеей. У меня это работает,94,"Рассказываю как работать с Таро 🙌🏻 Здесь все про трактовку раскладов, Арканов и супер силу карт"
posicionando,group,Posicionando en las Serp | OffTopic,41,
resenhalucrativa,group,DICAS DO R7 💰,49,"Seja bem vindo ao dicas do R7! 💰  Aqui vou compartilhar as minhas fezinhas para vocês pegarem junto comigo.   Lembre-Se, jogue sempre com gestão e responsabilidade e vamos buscar as melhores oportunidades! 👀🔥"
glfuncional,channel,GL FUNCIONAL Telegram,30,Saúde física e mental
canalonn,channel,"ONN-Emprego, Formação e Estágios",42,"Divujgação de ofertas de emprego, formação e estágios pela internet."
trabajosocialenlinea,channel,Trabajo Social,18,Formación online para Trabajo Social
p_otok,channel,потокъ мыслій изъ главꙑ,18,История здесь и сейчас.  Пчеловод: @leha1703 Пасечник: @stepanperepelka  СТРОГО 18+. Админ иногда может ругаться матом и обсуждать совсем не детские темы.
onlineincome560,channel,সহযোগিতা,3,🙂🙂
mywork1p,channel,работа на 1П,2,
hrmngroxy,channel,Work For Girls | Переходник,1,"Начни зарабатывать в нашей ламповой студии от $1000 уже в первый месяц🤑  Заинтересованы в вакансии модели, оператора, администратора, секстера, скаута? Возможно мы ищем именно тебя! Пиши @workaccount252"
congresodelosdiputados,channel,Congreso de los Diputados,3903,Canal para estar al tanto de la actualidad del Congreso
esttermuniz_ester_muniz,channel,Esttermuniz 🥰 Ester Muniz,6180,
ssc_imd,group,SSC Scientific Assistant 2022,1744,
jabuanimation,channel,Jasurbek Butaev Animation,735,Jasurbek Butaev - Animator Web - www.JaBuAnimation.uz Instagram - instagram.com/Jasurbek.Butaev/ YouTube - youtube.com/JasurbekButaev LinkedIn - linkedIn.com/in/JasurbekButaev Telegram - @JasurbekButaev IMDb - imdb.com/name/nm12413458
imdb_api,channel,IMDb API,20,"[imdb-api.com] The IMDb-API is a web service for receiving movie, serial and cast information."
imdncr,channel,Мы с Арчером потренили 🚀,163,Треним & Мотивируемся #арчеры потренили #мыпотренили #работаем #сбт #классика #днд #группа #коллективка #сольные #вкс #офп #рутина
im_bd,channel,:),28,@SADVlDEO. @hasheq
imdog01,channel,— 𝖢𝗁𝖺𝗋𝗅𝗂𝗓𝖾'𝗌 𝖿𝖺𝗅𝗅𝗌 𝗈𝖿 𝗅𝗈𝗇𝗀𝗂𝗇𝗀 . . .,92,cr on avatars :: @alangttagjwi_01 on x. my info-channel :: @info_nyura
imdolpa,channel,🐬(18+)Долпа и её почеркульки🐬,90,"Hipolink прикиньте есть https://hipolink.net/dolpa Основа для картинок ибо да Предупреждение: секс, кровь, расчлененка, наркотики и алкоголь."
imdazzi,channel,다니엘 danielle,57,"Archive For Marsh Danielle 🐰💛 Настя @imdazzibot Start : July 2, 2026"
thedirectors_diary,channel,Director's Diary,153,"Мечты, идеи, вдохновение и реальность  - канал режиссёра Юлии Колесник.  Dreams and reality: notes on cinema, ideas and projects, inspiration and impressions by film director Julia Kolesnik.   Обо мне: www.imdb.com/name/nm2947835 www.vimeo.com/user8987044"
atroru,channel,АТРО,100,
ihaveangelwingsbuticannotfly4,channel,Life goes round and round,105,The gazelles have escapedI don't know where they're going
atr24k,channel,"Бизнес-автомат Прищепка ""Звёздный кролик""",51,"Заказ игрушек от 5000р.- @abirvalg125 WA +79147908975, atr24.ru"
shamimkhorsandi,channel,SH,94,
postros,channel,postros,18,"Канал в котором публикуются фотографии, подобранные для повторения такой родной, постсоветской атмосферы. Спасибо за подписку!"
postmolodost,channel,ПостМолодость,806,"ПостМолодость — это место, где нескучно быть взрослым. Играем в настольные игры, проводим киновечера, разговорные клубы, мастер-классы (СПб)  Инста: https://www.instagram.com/postmolodost/  По вопросам сотрудничества писать @Viktoriya_panta"
postartsub,channel,postArt,295,По всем вопросам – @alexsadj
rfbdirecao,channel,Turma dos Feras Receita Federal - Direção Concursos,1331,
geratips_lay_correct_score,channel,Lay Correct Score (free) - GeraTips.com,314,Top alertas de LAY CORRECT SCORE (Resultado Exato (Correct Score - CS). Para assinar o VIP acesse  https://hub.la/fabricioalves/.  Análises e Prognósticos: @canalfabricioalves  Contato: @fabricioalvesdm
vinibretz,channel,Canal do Vinibretz,717,"Trader Esportivo desde 2015, especialista no mercado de Under Limit da Betfair.  * Curso avançado GRATUITO de Under Limit: https://learning.bet/treinamentos/comunidade-under/ * Discord para trabalharmos juntos: https://discord.gg/8vBnBU78NB"
mine_correx,channel,Шалкер Коррекса🫆|Correx,281,MEDIA TOPKAVISUALS    PROMO – CORREX По вопросам — @fuckcorrex   Info – @zxcorrex Ник в Майнкрафте – ASaTik_
gpssenado,channel,LEGISLATIVOS - Direção Concursos🦅,672,Receba notícias e aulas exclusivas da área LEGISLATIVA  => Direção Concursos
correaltyru,channel,КоридорЪ. Агентство недвижимости,227,"Агентство Недвижимости. Помогаем расширить коридор ваших возможностей. Работаем с 2016 года. Команда профессионалов, знающих и любящих своё дело! 🌐 www.сorrealty.ru ry-9406061039804869925  🏝️ Недвижимость в Турции  https://t.me/correalty_turkey"
correio24horas,channel,Correio 24 horas,394,Canal de notícias NÃO OFICIAL do site Correio da Bahia.
autobetvirtual,channel,AutoBet Virtual 🏎️🏎️🏎️,112,O primeiro sistema de análise de Automobilismo Virtual da Bet365. https://autobetvirtual.com.br Bot: https://bit.ly/assinebotautobetvirtual
correntezap,group,Chat Correntes ⛓,72,🍹✅Posta corrente 16:20; 16:21 :(
soosdz7metamorfa,channel,𒆜só os dz7 metamorfa𒆜,56,𒆜                     Só os dz7 metamorfa                          Só os dz7 metamorfa                         Só os dz7 metamorfa                        Só os dz7 metamorfa                       Só os dz7 metamorfa  ⃟ ⃟ ⃟ ⃟ ⃟ ⃟ ⃟ ⃟ ⃟ ⃟ ⃟ ⃟ ⃟ ⃟ ⃟ ⃟ ⃟
guidescommesse,channel,GuideScommesse: pronostici e guide,146,"Pronostici, bonus e guide: tutto sul mondo delle scommesse"
raremoviez,channel,rare movieZ,1367,
bolsonarodireita,channel,Bolsonaro 1000% Direita Bolsonarista Anti Comunista,1369,Canal de Conteudo Exclusivo da Familia Bolsonaro e do Presidente Bolsonaro  Único Canal Informativo 1000% Bolsonarista de Apoio Incondicional ao Presidente Bolsonaro e a Família Bolsonaro  @bolsonarodireita https://t.me/bolsonarodireita
zoeirafc,channel,Zoeira Futebol Clube ⚽️,1012,Canal da melhor resenha esportiva!  Participe do grupo e dos outros canais da família Zoeira FC: @ZoeiraNews  Apoio  @CanalDoGIF  @NewsBrasileirao  @Dicas_Cartola  @queLoucura  @FutebolBR  @CearaSportingClub
freefirehackermod,channel,FREE FIRE HACKER DK,46844,"ℹ27-12-2020 🇧🇷Os melhores hack para FREEFIRE totalmente grátis apks, script e data  Ajudar ao Mod : https://pixgg.com/HACKERDK  Grupo  https://t.me/+la_Ng5Op3jswZjc5"
pornolegendado_online,channel,Porno Legendado Grátis 🇧🇷😈,2586,PornoLegendado.online O Melhor Site de Videos Pornos Legendados em Português.
profbrunobezerra,channel,Prof. Bruno Bezerra - Concursos Públicos,19311,"▶️ Deixe seu nome na lista de espera da Mentoria: 👉 https://bit.ly/47rYxss   ℹ️ Informações sobre a mentoria, mande uma msg no WhatsApp: 👉 http://wa.me/5585994241814  📲 Entre em nosso grupo de WhatsApp 🔗 https://chat.whatsapp.com/H5QwgfNCQgLLKPno3Gm3dy"
neonboombox,channel,🔊 𝐍єØⓃ 乃𝑜𝕆𝕄乃ᵒχ 🔊,647,🎧 Where Nostalgia Collides With Today 🎧
salaninjapro,channel,Sala Ninja Canal,3687,Cursos : https://salaninja.com/ Templates e plugins : https://ninjadosplugins.com/ Procurando material didático? Clica na lupa e pesquisa o nome da aula 🥷👊
concursosfiscais,channel,Concursos Fiscais - Prof Bruno Bezerra,4459,"ℹ️ Para informações sobre a mentoria, mande uma mensagem no WhatsApp: 👉 http://wa.me/5585994202201  📲 Entre em nosso grupo de WhatsApp 🔗 https://chat.whatsapp.com/G1i32Cziz1m4PRbjt755Fi  ▶️ Deixe seu nome na lista de espera da Mentoria: 👉 https://bit."
mam_poidem,channel,"Мам, пойдем? | Москва",420,"Ваш путеводитель в мир детских радостей!  Афиша мероприятий Москвы,  развивашки, полезные товары и идеи для будней и праздников.   Экономим ваше время, делаем дни ярче☀️  Сотрудничество: @Serg1923"
vernadskiylesh,channel,Вернадский Лещ,497,"Рыбачьте на удачу!  Если хотите разместить на нашем канале свои крутые рыболовные и не только видео , обращайтесь по телефону +7 985 112 11 07 Константин !"
lebedokino,channel,Лебедь о кино 🦢,1835,"Тру о том, что посмотрел. Только обзоры, мемы собственного производства и никакой духоты.  По вопросам и вообще: @ChiatoMuza  Чат для общения: https://t.me/+wyuTUuOS_K5mMmZi"
dahha126,channel,D.,295,
archivejkvbrv,channel,🪜 ladder🪜,529,
lexu2s,channel,тгк убийцы лехуса 2007,192,osu!: https://osu.ppy.sh/users/8251785/osu  twitch: https://m.twitch.tv/lexu2s/home?ios-app-redirect=true&tt_content=channel&tt_medium=mobile_web_share
lilyyshhii,channel,Lil’lil,30,
aleksandrlebedb,channel,Александр Лебедь,147,"Экономические, Политические, Идеологические, Социальные технологии и аналитика."
drelenalebed,channel,Елена Лебедь | Врач-косметолог Канал о работе и мечте️,263,"Врач-косметолог МЦ «Камелот»,Омск Международный тренер My Med: My Filler, Revitalize  Федеральный тренер Аэстетика: Revicell, HyalDew  Сертифицированный тренер Plinest,Ersaless Спикер российских конференций по косметологии,кадавер-курсов."
lumicubeee,channel,Lumicube,122,
ulaadz,channel,lepeshpods,91,афішл тгк Уладзя Лепяшынскага
yunas_dream,channel,⋆.˚Yuna's Dreams♪♫,121,Привет. Я Юна и я занимаюсь косплеем уже 2 года и хочу набрать огромную аудиторию. Буду рада вашей поддержи в этом трудном деле⋆˚࿔
greenlemj,channel,ෆ ˚ кувшинка ̈ 🥚ྀིྀིྀིྀིྀིྀིྀི,176,🥄 ྀི  добро пожаловать на уровень 15.01 ˚̣̣̣ 🧺🗯️ ℘   `` миндальная вода free ``
thebladessheffieldunited,channel,⚔️ Sheffield United F.C. 1889,350,"🖤♥️ Ше́ффилд Юна́йтед — английский футбольный клуб из города Шеффилд в графстве Саут-Йоркшир, Йоркшир и Хамбер. Основан 22 марта 1889 года.  Не путать с ФК Шеффилд.  @TheRaFa22 – Владелец"
yunaultimatebass228,channel,Юна каляка-маляка||supspsip||Yuna,90,"добрый день, меня зовут Юна! Я художница, которая рисует пальцем в ибис лол 😈  • Мне 17 лет ♡  • часовой пояс мск +2  • лс - @supspsip"
queenofunicorns,channel,Юна и наивна,87,"В мире писательства Юна, в жизни Лера.   Любительница книг, мюзиклов и рефлексии. Пишу (фэнтези), читаю (всякое), хожу по кофейням и люблю Петербург, болтаю о творческом процессе и личном.   Личный аккаунт: https://t.me/valeriyamelnikova"
qnatadis,channel,Юната disabled (рест),138,"Юната, Юка, Юна, инвалид Она/её, порой юзаю он/его  Миллион недоделанных ау"
yunaaaaaasf,channel,всем привет я юна .,171,Я люблю юну  и май бэг всё .  member of https://t.me/avengers4p
meowunooo,channel,♡юна щп🪷🦴,111,
yunaband,channel,ЮНА🐈‍⬛,92,Мы в ВК: https://vk.com/club217028185  Сотрудничество: @bakalavr_borsha_72
anniemoontrue,channel,annie moon,75,юна (тойя/ли)
yurinastudio,channel,𝙔𝙐𝙍𝙄𝙉𝘼 𝙎𝙏𝙐𝘿𝙄𝙊,51,YURINA STUDIO — новый проект по графическому и текстовому оформлению рад вам помочь 😇 Юри—🐸 Рина—🐬
bookdogca,channel,Уютный канальчик♥️🌱,159,"В этом канале есть уют♥️  Если хотите задать вопрос пишите: @ladyCatolga ♥️🤗  Тема канала — плюшевые игрушки, а главные персонажи — Каспер, Басик, Фарлина, Антуанетта и Юна(временно)🍀"
basik_po_imenu_basya,channel,щп мазя на маковом поле,77,Феликс - 5 января Юна 6 ноября Ми 29 октября  🕊
jjusnoopy,channel,੯‧̀͡⬮,1237,"#⃣♥️ the warm toned of autumn: (@jjusnoopybot | @jjusnoopies)  there are lots of ornaments of faint tinge, softness, and youth constituents that taste bittersweet. intertwining together to originate a tender feeling in the tiny lair of a cherry tree."
vibebaza69,channel,🥷Vibebaza🎧,1381,"👋Если не открывается нажми ""•••"", затем ""Открыть в браузере""👇🦍 По всем вопросам сюда  @danilagorilla69💘 @otlizhycom"
jellycathaven,channel,JELLYCAT HAVEN SG🪽🎀,1230,jellycat paradise for all jellycat lovers!!  ++ other cute plushies as well 🪽🎀  ADMIN @gggenavee
yunabut,channel,yuna’s place 신유나 🔒,438,"информационный канал по юне из итзи ^ anon : @yunasplacebot  coop : @yunliacoop bbl, fanship cr. :, bblofitzy, ynbubble912, bling1209"
sunsetmid,channel,𝑺unset𝗠id,642,Only Stickers ! Owned by Framersha  🤍 Связь @framersha
caleean,channel,caleean,142,
rpgtv3d,channel,YXBA.TV,303,
jujuvblog,channel,JUJU BLOG ☕️🎧,160,"lifestyle&beauty, стильные находки, подборки с ссылками, сотрудничества с брендами и кусочки моей жизни🪽💌  📷 https://www.instagram.com/juliaaa__v"
teamulyanus,channel,𝙮𝙖𝙣𝙪𝙨𝙩𝙚𝙖𝙢,59,всех приветствую на канале про замечательную ульяшу янус!!🖤 по вопросам-@mariannka_m
yokubo97,channel,Yokubo,33,quand le désir se fait ART…  https://mym.fans/Yokubo  unlockt.me/c/fe6ed1c0c3b0
lu1ur,channel,ЗАКРЫТ Arabella,20,Arabella's got a '70s head
yubinsy,channel,precious,47,
yunamt,channel,carolina tea.,17,‌ ‌ ‌ ‌ ‌‌ ‌ ‌ ‌‌. ‌‌ ‌yu'na fiary  :   up         #kime like it of me forever
hubabubaaaaaae,channel,Huba Buba,20,
juinown,channel,без контекста,34,
yupishka_pmb,channel,𝐞𝐬𝐜𝐨𝐫𝐭 𐙚,14,
ulanovaproefiry,group,Чат канала Уланова - про эфиры и нутрициологию Chat,3,"Вступайте в обсуждение в чате и подписывайтесь на канал https://t.me/aromatydlyazdoroviya  Я - Юлия Уланова 🫶  Здоровье и благополучие с помощью питания, эфирных масел и психосоматики. 💫 Личные сообщения @juliaulanova1"
yunau72,channel,Strawberry cakeꫂ᭪݁,127,"Welcome😝 She/her, Iranian, 14 Bot: @kumo_chan_bot"
yunayuu,channel,🍨꒰🐰юна-ю.ᐟ.ᐟ🦭꒱🌸,91,"прэвед тут арты,конкурсы и шото такое лс - @CakeYunayu буст-https://t.me/boost/yunayuu"
yujiakenji,channel,Юдзи (сантана).,105,"в опросы без спроса не добавлять. приписка: #Yuji, #Юдзи. анонка: http://t.me/anonaskbot?start=vicodin в канале присутствуют байты."
manyunaytedplus,channel,MAN YUNAYTED+,100,
ouncebrotherhood,channel,унция.,26,
the_union_arts,channel,💮The Union Arts💮,44,
ivanfindysov,channel,Иван Финдысов публикует трапов и яой,1615,Впринципе в названии итак все уже описанно и указанно https://t.me/+OMFqh8Us-_dkOTk6
trendoscop,channel,Трендоскоп,860,"Трендоскоп. Всё, что разлетелось по сети. Шутки, инфоповоды, мемы, которые набирают тысячи репостов — теперь в одной ленте."
press4o3,channel,403.press,458,"https://403.press — проект против цензуры + магазин эксклюзивных новостей: если вашему СМИ нужны уникальные инфоповоды, обращайтесь.  Связь — @press_403  403 пользуется базами Контур.Фокус и Kartoteka.ru"
showmarketing,channel,Лена Мичурина | Креативный продюсер,299,"Смотрю на реальность, как на шоу: люди, проекты, реалити, инфоповоды.  Думаю вслух, наблюдаю, пишу про это."
school_of_creative_industries_39,channel,Школа Креативных Индустрий г. Гусев,270,Новости / инфоповоды / мероприятия партнеров Школы Креативных Индустрий в городе Гусеве.  Сайт: https://creative-school.ru VK: https://vk.com/school_of_creative_industries_39
rd_novostnoy,channel,RD Новости | Russian district,147,"RD Новости | Russian District — самые актуальные инфоповоды России и мира, аналитика и горячие комментарии. Будьте в курсе, читайте проверенные новости каждый день. Присоединяйтесь!  Для вопросов и предложений: @Sid_Maers"
sonyainfographicssss,channel,София/Дизайнер инфографики маркетплейсов,60,Для заказа - @Sonya_4455
double_standards_live,channel,Двойные Стандарты,98,"Саша и Катя на связи. Здесь ловите анонсы эфиров и все новости канала. Обсуждаем инфоповоды, которые невозможно проигнорировать, и делимся тем, что осталось за кадром."
newsweekly_by,channel,NewsWeekly | Новости Минска и Беларуси,46,"Главные новости за неделю Минска и Беларуси. Мы аккумулируем события, создаем инфоповоды и размещаем на сайте: https://newsweekly.by/"
pyxlils,channel,ПыхЛикс,50,"В данном канале вы найдёте самые свежие новости, инфоповоды, истории, которые не оставят вас равнодушными.  Автор канала: Романов Олег  Контакт для связи: @KysocheckDobra"
okolopredlog,group,Предложка Повестки,30,"Инфоповоды или готовые материалы, предлагаемые для ""ОКОЛОКРЕМЛЯ Повестка"" https://t.me/okolopovestka"
deltavanimation,channel,ДельтаВи - Новости Анимации,34,"ДельтаВи — новостной радар по анимации. Мы собираем инфоповоды из профильных источников, трейлеров, фестивалей, студийных анонсов и индустриальных медиа. Посты выходят коротко, со ссылками на источник и без лишней воды."
prozriteli,channel,ProZriteli,1429,Съёмки. Шоу. Присоединяйся!❤  https://vk.com/prozriteli
vorknig,channel,книжный вор,323,"тут нужны рассуждающие, а не просто зрители."
svknlvv,channel,svknlv🫐,283,📨 Ссылка на анонимные сообщения: t.me/anonaskbot?start=b0mlkywx6qyj0
veronikadurman90,channel,ПРОДЮСЕР РЕАЛИТИ ШОУ|ЭНЕРГОКОУЧ ВЕРОНИКА ДУРМАН,320,"Автор и ведущая шоу «Точка перемен""  🎬Шоу где помогающие практики Ярко заявляют о себе, выходят в медийность   🪬Зрители находят ответы на свои вопросы, проводника.  https://t.me/+sQUlGfnNu7ZmYWQy"
vityakipitok,channel,🔥ВИТЯ КИПЯТОК🔥,381,"Москва: 12.04. Билеты: vk.cc/сTLILp Волгоград: 24.04. Билеты: vk.cc/cVosJ1  Зрители станут не просто гостями, а участниками и будут влиять на ход шоу!  Жми пресейв альбома «Лавритмия» https://band.link/Loveritmiya 🚑"
strelkanow,channel,СТРЕЛКА,102,
red_liar_ph,channel,Башня Red Liar,356,"Меня зовут Лана, но ты можешь звать меня на съёмку😍  Лс: @red_liar  Вк: https://vk.com/red_liar"
wlpierce,channel,Dr. William L. Pierce OFFICIAL,1192,"The true and honest Telegram channel of Dr. WLP, Fmr. Chairman of the National Alliance"
gift_links_0,channel,𝑮𝒊𝒇𝒕 𝑳𝒊𝒈𝒆𝒓 | گیفت لایگر,3173,𝗟𝗜𝗚𝗘𝗥 |کانال چالش  چالش دونیتی | لایکی | کازینو   جهت تبلیغات پیوی 👇   @LISA_Tajik
lauri_raido,channel,𝑳𝒂𝒖𝒓𝒊/♡/𝑹𝒂𝒊𝒅𝒐,354,Вы на канале: 𝑳𝒂𝒖𝒓𝒊/♡/𝑹𝒂𝒊𝒅𝒐. Я не несу ответственность за ваш возраст и интересы.  лс 1 влд: @Ligeya_Vein лс 2 влд: @Arleqino0o0  анонимный чат: http://t.me/voprosy?start=p43yz  Приписка по вашему желанию: #𝑳𝒂𝒖𝒓𝒊 #𝑹𝒂𝒊𝒅𝒐 #𝑳𝑹
lyrafinanceofficial,group,Lyra Finance Community,102,An open protocol for trading options and automated liquidity provision. Owned by the community: discord.gg/Lyra Join Lyra: jobs.lever.co/Lyra
lopeerafrica,group,Lopeer Community,193,"Lopeer is a Hybrid Neobank for Africans. Send and receive money globally, Pay Bills, Spend with Virtual USD Cards & More.   Get Started: https://lopeer.com   Admin will NEVER DM you first. Never share your email, password or transaction pin with anyone."
lildavaar,channel,ʟɪʟᴅᴀᴠᴀʀ 🖇️,182,just me🌟
publmv,channel,forever 🕊,112,"ты — моё желание, которое всё-таки сбылось."
lior_irs,channel,Домик лиоры,40,Ют: LIORA_IKS Лс: @LIOROJKO
l0yalty4,channel,L O Y A L T Y,103,2004-1899 غـريان - القـواسـم🇱🇾
loyalexchange_io,channel,LOYAL | Exchange,57,"💸 Быстрый и выгодный мультивалютный онлайн-обмен.  🌐 Сайт: https://loyalexchange.io  🔧 Поддержка: @loyalexchange_ceo   Будь в курсе — работаем честно, быстро и удобно."
leveragesir,channel,leveragesir,1,
liranewsbot,bot,بكم الدولار؟,,أسرع وسيلة للاستعلام عن أسعار صرف العملات على الإطلاق! الدولار - الذهب - ليرة تركية - يورو  https://liranews.info
raytmanhelen,group,🌸 Райтман ХАУС 🌸,94971,"✨ Когда открывается чат: С 9:00 - До 00:00 по мск  О ранге/ мармеладках – @Raytman_hays_bot  Квест: @er_stkv_bot  Боты для проверки — @Helenaraytman_bot   ❗️БАН ЗА СПАМ, РЕКЛАМУ и за ЛЮБЫЕ ССЫЛКИ"
verixhousee,channel,верикс хаус🎄🎅,177,"всем привет! мы верикс хаус чтобы к нам попасть, вам нужно оставить анкету под закрепленным постом (как написать анкету см. закрепленное сообщения) мы рады каждому!!"
sikrethaus,channel,СИКРЕТ ХАУС,429,🌟хаус-миллионник в LIKEE (1.5 млн) ⏩️PR&booking +7(977)322-96-91
asmodeyhouse,channel,Асмодей Хаус 😈,1036,Арт пространство
frenchbulldoghouse,channel,Французские Бульдоги от питомника Фрэнчи Хаус,707,"Фрэнчи Хаус - это семейный питомник французских бульдогов, расположенный под Санкт-Петербургом.  Стандартные и редкие окрасы. Официальная аккредитация СКОР (Св-во № 7095 «Ф») и РКФ (Св-во № 24284). Наши выпускники уже живут в 🇷🇺🇺🇸🇨🇦 🇧🇪🇨🇳🇬🇪"
mallparkhouse,channel,Парк Хаус Самара,373,Приветствуем вас! 👋🏻  Официальный канал ТРК Парк Хаус Самара 🩷  Здесь мы будем общаться с вами в режиме диалога и делиться событиями в нашем комплексе 💬
angrytechmusic,channel,🚨 Энгри Тэк. Русский тек-хаус,314,Первое в Москве тек-хаус-коммьюнити. Тек-хаус как искусство. In Tech we trust!
zhostik_chat,group,Zhostik_ЧАТ,54,1.Не оскорблять  2. Не кидать в чат сторонние ссылки (Сразу бан)
zhzhoska,channel,ART ЖОСКА,74,Рисую? Ещё как🚶 @zoskamil
zhorik_postit,channel,РЕАЛЬНИЙ канал Жоріка 🏴‍☠,15,Жорік нічого не викладав
crituk_bot,bot,Z кейс,,
dzhan_poisk_bot,bot,БОТ Ищу тебя Джанкой,,
zoomchik_bot,bot,Zoomich,,
venik_izh_bot,bot,venichik,,
boyarovayulya,channel,Боярова,99832,Контент на обзор предлагать сюда https://t.me/boyarova_bot  Сотрудничество: Jboyara@yandex.ru  https://knd.gov.ru/license?id=676f7252506f9677288145aa&registryType=bloggersPermission
keqinghome,channel,Дворец Кэ Цин ll Genshin Impact ❤️,1419,🥷Владелец: @Kidzan  Рекламу/сотрудничество и тд. не предлагать!!!
svavtosamara,channel,SV Авто Самара,1207,Машины предлагать сюда  ( @safinVR]  @seregaF063)   Тут мы продаем машины🚗 дешево и быстро 💨  Показываем внутреннюю жизнь перекупства 🫵 Работаем 24/8 ⏳ Купить💵продать👨‍💼обменять🔃 Честно😇быстро💨качественно📶
osnk_news,channel,Новости. Осинники,1025,Актуальные новости и не только   Теперь предлагать свои самые интересные истории вы можете по ссылке @news_osnkbot 🤝 Ждём от вас интересных событий и новостей🙌
spl1t1nn,channel,┄ ִ 𝓢𝖕𝖑1𝖙。,203,ۭ    ᰵ  По всем вопросам @Sp1tbot  𓏼 🐈‍⬛ ﹻ                      〃Старт — 03.07.26  ֪
neurew,channel,Neurew Gifts,734,"Раздача подарков, подпишись чтобы ничего не упускать)  Прайс - @neurewprice Выдача подарков - @pwaer Для выдачи подарка нужно быть в чате - @neurewchat Реклама - @pwaer  Отпис по подаркам - 2 часа"
msoleymanim,channel,درباره حسابداری - سلیمانی,411,مجتبی سلیمانی مارشک دانشگاه آزاد مشهد - رشته حسابداری تلگرام @M_Soleymani_M
zad_196,channel,زادُ الـرّوح 🌱,161,
umm_amir044,channel,✨ ✨ ✨ 🌙 ✨ ✨ ✨ ✨,52,
muqmin445,channel,ᅠت,64,"Этот канал не показатель моих знаний и праведности,а лишь напоминание мне ❗️ ________________________________        Канал против экстремизма и терроризма❗️"
bitstore_official,group,Bit.Store Official,27337,
ghost_store00s,channel,𝐆𝐡𝐨𝐬𝐭𝐒𝐭𝐨𝐫𝐞,2521,Канал с наличием: https://t.me/+ukiIm57Co3kyY2Y6   Канал с отзывами: https://t.me/+uUm8aKyeXqZjZjUy Связь :  @Detonator_3000  @S_Sukletta 🇷🇺доставка по РФ и РБ🇧🇾в дальние Регионы только по припею ‼️ПОГРЕШНОСТЬ В ЗАМЕРАХ НА 1-2см‼️ Возврата нет‼️
r_8_0_o,channel,MS_STORE,1010,"متجر إلكتروني نقدم لكم مقتنيات وارقام وهمية، خدماتنا موثوقة، سرعة تنفيذ، وجودة عالية.    مالكة المتجر: @ro0_n ""تواصل نساء فقط""  تواصل للرجال عبر البوت: @tawasl_14_bot"
pathfinder2e_ru_news,channel,Pathfinder 2e News RU,1161,Канал посвященный новостям Pathfinder 2nd Edition и Pathfinder Society 2 на русском языке.  Наша группа Вконтакте vk.com/pathfinder_rpg Радар для поиска онлайн игр по Pathfinder RPG t.me/pathfinder_radar
artbasrelief,channel,Наталья Хна / барельефы,937,🔸Барельефы с нежной душой автора 🔸Работы без шкурения и пыли 🔸Обучаю в мастерской и онлайн #барельеф #скульптор #декоратор
embroidery77,channel,ذِكرَى .,84,خَيْطٌ غَرْزَةٌ فَأَثَرٌ وَذِكْرَى تَدُومُ .. للتواصل @illusion18
vintazmontaz,channel,Завтра у Тиффани,82,Сборка украшений с использованием натуральных камней и винтажной бижутерии Живу в Сербии  https://www.instagram.com/torus_nakit
moldythings,channel,плесневелые дела,40,
ngin_ara,channel,Nginara❤️🧚‍♀,14,💎 Negin Ara | نگین‌آرا 🖨️ بزرگترین آرشیو شابلون‌های نگین‌کاری و چاپ مخمل ▫️ ابعاد دقیق + کیفیت تضمینی طلق و چسب🎗❤جهت سفارش 👇👇  @m_i_m97
info_pinksloth,channel,[инфо] ленивчик.art,2,"Прайс и новости по коммишкам, рекламе, коллабам и трейдам от автора канала ленивчик.art"
kawasaki_cv,channel,𝘼𝙪𝙙:𝑲𝗮𝕨𝙖𝐬𝖺𝗄𝐢'𝖼𝗏 𝗀𝗋𝗈𝗎𝗉,29,"𝑲𝖺𝕨𝙖𝐬𝐚𝗄𝕚 — н᧐ʙᥲя κᥲʙᥱρ ᴦρуᥰᥰᥲ ᥴ ᥰρ᧐ᴛ᧐ᴛᥙᥰ᧐ⲙ iᴛᤁy, ᧐нᥙ ᥰ᧐ᥰу᧘яρны нᥱ ᴛ᧐᧘ьκ᧐ ᧐ɸ᧐ρⲙ᧘ᥱнᥙᥱⲙ, н᧐ ᥙ ɯᥙκᥲρныⲙᥙ нᥲʙыκᥲⲙᥙ. И᥊ ⲙ᧐жн᧐ ᴛʙᥱρд᧐ нᥲᤋʙᥲᴛь ᴛρу ᥙᴛᤋᥙ. Д᧘я нᥙ᥊ нᥱᴛ ᥰρᥱᴦρᥲд, ᧐нᥙ ᥙдуᴛ κ ᥴʙ᧐ᥱᥔ цᥱ᧘ᥙ.  связь:: — @kawasaki_oi_bot граф. оформа:: — @PizzeriaOfDesign"
kysssgod,channel,Mollycry,42,
janyavg,channel,"JANYAVG | съемка, монтаж 🎥",61,"снимаю, монтирую и делаю красоту 🫦 для записи писать сюда ➡️ @jannhyuk   основной канал: @stenochkaleejeno"
kes_zames,channel,kes_zames,29,Что-то из жизни и творчества🫡 https://vk.com/kes_zames
kyssarts,channel,"лечебница, это точно",16,ЛС- @setsu_dan я не отвечу🫰
ksavyx,channel,Ксави¿,6,Лс @ksyrxx
wwwdodoru,channel,Книги для развития детей от 3 до 12 лет dodo.ru,241,Издательство «Стань Человеком». Уникальные развивающие книги. Подарите детям знания dodo.ru и stanchelovekom.ru
dnoinetacf,channel,Днепры оф ИНЕТ CF,181,Канал с дном инета
wwwwwdddd77,channel,︎ ︎︎,106,𝒔𝒂𝒚 “𝑨𝒍𝒉𝒂𝒎𝒅𝒖𝒍𝒊𝒍𝒍𝒂𝒉”
wwwdotdotdot,channel,VelocityDesign.Chapstick,34,Image/Video @tropicalavalanches
dottorensfw,channel,переходник дотторе нсфв,53,
dr_softtissueneoplasms,channel,Мягкие ткани | Д.Е. Возлюбленный,264,"Образования и воспаления мягких тканей: липомы, атеромы, кисты, абсцессы.  Объясняю, когда наблюдать, когда удалять и когда нельзя тянуть.  Хирург Д.Е. Возлюбленный Запись: @dr_vozlublenniiy"
alexlisovoy88,channel,С Психотерапевтом на кухне,756,"Представь: поздно вечером ты сидишь с психотерапевтом на кухне. И вы говорите. Честно. Без масок и попыток казаться лучше. О том, что на самом деле болит и не дает уснуть. И о том, что поможет тебе Этот канал — такая кухня  http://alexlisovoy.ru  @lisovoy"
natasha_ili_psy,channel,Наташа | Психосоматика 💚,534,"Я — специалист по психосоматике. И если совсем коротко: я помогаю людям услышать себя, понять, что внутри, и перестать терпеть то, что болит.  Запись на консультацию @Nata_ili"
hiddifyoffchat,group,Chat 𝙷𝚒𝚍𝚍𝚒𝚏𝚢 core:,1597,Чат для общения и инфы если вы что-то не понимаете 🫪 Владелец чата: @remiuc 👀
cryptifyeth,channel,Cryptify,291,
nodify1,channel,Nodify — переходник,81,Здесь хранятся все актуальные ссылки на наши ресурсы.
nikamran,channel,ПУРИНЧЕН МАЛТАН,2318,Хыпарсене никамран малтан пĕлтеретпĕр
nikanikani17,channel,Nikanikani,157,😁😁😁
nikatron,channel,nikatron,534,читаю книги и т.д.
nikaeupho,channel,NIKAEUPHO ⊹,778,"расклады, практики и ритуалы | 777 🪽ᛝᛗᚹᚠᛃ ⚖️ услуги: @usluginikaeupho личная работа: @nika_eupho"
configvibes,channel,Config Vibes,12464,We're here just to connect.
confign_1,channel,Config N1,135,
configdf,group,VPN & INJECT DAFTARILMU.COM,81,
zeninwire,channel,Wireguard,10,
sitevisor,channel,SiteVisor,3,"Технический мониторинг с уклоном в SEO: аптайм, PageSpeed, SSL, ошибки индексации и рекомендации для роста видимости сайта. Готовые гайды, обзоры и инструменты от команды SiteVisor.cloud. Работайте на опережение: узнайте о проблеме до поисковика."
alppaer,channel,АльпПайер,484,Это канал для верхолазов 🧗‍♀️  Мы -это https://www.topequip.by/  Учебный центр  Промышленный альпинизм  Проведение спортивных мероприятий Строительство скалодромов Продажа туристического снаряжения
irlwishshop,channel,𝗐𝗂𝗌𝗁 𝗌𝗁𝗈𝗉,103,не отвечаем в течение часа — дублируйте
worldofheroes_channel,channel,World of Heroes Official Channel,49,❤️ Website: https://worldofheroes.net/ 🎮 Demo Game: https://worldofheroes.net/app/ 🌎 Group: https://t.me/worldofheroes_official
nwosp_flood,channel,「🀫𝓣𝓱𝓮⃝ 𝗡𝗪𝗢́𝗦𝗣◌ 𝗶𝗻𝗳𝗼,20,꒷♯
spectrumpw,channel,SpectrumPW,16,
world_roleplay2_0,channel,𝚆𝚘𝚛𝚕𝚍 𝚁𝚘𝚕𝚎𝚙𝚕𝚊𝚢 2.0 [v.27.3.3],11,"лс владельца: @swwertyshadowfiend если я не отвечаю, писать им↓ @T0porchik - адм.  @Yrik548 @peped2 - мл. адм.  @OONGROUPWRP2_0 – группа ООН @WTOWRP2_0– группа WTO @provodnikWRP2_0 – проводник проекта World Roleplay 2.0"
enaatunnel,channel,𝙴𝚗𝚊𝚊 ᴛᴜɴɴ𝚎𝚕 𝙳𝚎𝚟𝚎𝚕𝚘𝚙𝚎𝚁ツ,4669,Welcome To Enaa Tunnel Vpn Vpn's Official Channel  We Strive To Deliver Innovative VPN Solutions  Download Enaa Tunnel Vpn  : ⬇️ Playstore ⬇️  https://play.google.com/store/apps/details?id=com.enaa.tunnel
officialwyzth,channel,WYZth,2893,
deltunnel,channel,Del Tunnel | دل تانل,1358,
hwmailru,channel,HW WTF,362,Ржомба
msbte_cwi,group,MSBTE X CWIPEDIA,341,
gptwarschat,channel,GPT WARS,30,"For support and enquiries, please contacts the core team @kernel_c0rn and @cryptorbano"
cryptowhaletrade,group,Whale Group Capital(WGC) Eng_official,7,
agreedwithagreeg,channel,Заметки немодного дизайнера,170,Armina Greeg   Заметки креативного директора и дизайнера Модного дома Agreeg.
arewa_tech,channel,Arewatech,553,
amanalocdz,channel,🔑 AmanaLocDz.com 🚗🏠,108,1ère plateforme en ligne de réservation de logements (avec piscine ou non) et voitures en Algérie + Marketplace Amanalocdz.com  ▫️ facebook.com/amanalocdz  ▫️ t.me/amanalocdz  ▫️ wa.me/+213675726322  ▫️ whatsapp.com/channel/0029VbAccHZ6BIEmAjvJ5J0d
aboutawak,channel,Archive!.,4,About my life  Owner : @yat1mlau
natomonitor,channel,NATOmonitor,59,
iqmonitor_news,channel,IQmonitoring - коротко о главном,490,Краткая информация о новых проектах на блоге и важные новости  Наш сайт: https://iqmonitoring.info/ Или https://iqblog.me/ Или прямо в окне Telegram: https://t.me/IQblogBot/site  Администратор по всем вопросам:  @IQmonitoring
namiraconfigs,channel,NamiraNet,547,سرویس نامیرانت - همیشه متصل.  کانال ادمین:  @SoniaCircuit  نسخه وب: https://namira.dev  سازمان نامیرا نت در گیت هاب: https://github.com/NamiraNet  ارتباط با ما:  namiranet@proton.me
nkmonitor,channel,Daily Earning,190,Any help 👉 @Hilppoit👥 मेरे टेलीग्राम को यूज करके डेली का 1000 से ₹4000 आराम से कमा सकते हो वह भी without investment  इन्वेस्टमेंट और investment भी करके👥  🔴Invest Own Risk 🤝
smartmonitor_ru,group,Smart Monitor,343,"Группа предназначена для обсуждения платформы Smart Monitor. Это не официальный канал технической поддержки, тут нет SLA. Тут есть живое общение заинтересованных в продукте специалистов."
pubg_story_tv1,channel,𝐏𝐔𝐁𝐆 𝐒𝐓𝐎𝐑𝐄 𝐓𝐕⁦ 🇰🇼⁩,53070,"🔴قناه™𝐏𝐔𝐁𝐆 𝐒𝐓𝐎𝐑𝐄 𝐓𝐕 ""الرسمية""🔴  1-بيع حسابات ببجي وشحن UC ✅ 2-بيع هكات VIP توصلك للكونكر 🇷🇺  🔴تأكد بنفسك من مصدقيتي قبل التعامل معي :  قناه المصداقية👇🌹 https://t.me/PUBGstoreTV2  ملحوظه:- 💌 تغادر انت خصران 🤷  👑معرف المطور👑 @Hamo_Wael"
sotrex8,channel,"Sprüche, Aphorismen und Gedankentreibgut",1157,
khiyal_story,channel,khiyal🕊,1898,« یا خَیرَحَبیبٍ و مَحبوبٍ »  ارتباط با ادمین لینک ناشناس: https://t.me/BiChatBot?start=sc-321cd51f52 پیج اینستاگرام www.Instagram.com/khiyal_story
agdsh_www,channel,AГАVA,210,"Когда я стану взрослой, я буду музыкантом👀🦄"
helpdunyaev,channel,Help Dunya e.V.,240,"Offizieller Kanal Help Dunya e.V. Wir sind ein eingetragener Verein, Hilfsorganisation mit dem Ziel, Bedürftige egal welcher Herkunft, Hautfarbe, Nationalität oder Religion zu unterstützen und ihnen eine bessere Perspektive zu bieten.  www.help-dunya.com"
badmintonzaa,channel,СЕКРЕТЫ КОРТА | с Александром 🏸,418,"Техника, тактика, красота, интервью, анонсы, матчи... Канал Зубаря Александра"
tinnikovaevgenia08,channel,Тиньков premium💸💸🏐,141,
sirskaia,channel,ChokoBoy | Cosplay,52,Косплей на чокобоев (и женщин по праздникам)
zzwors,channel,Qwestt,4,
dr_ahmadnajeeb74,channel,قناة د. أحمد محمد نجيب,1247,قناة تعنى بآراء الشيخ ، والأمور الشرعية، والأخبار بشكل عام.
knp_wow,channel,РЕАЛЬНЫЕ ОТЗЫВЫ / КНП,243,"В этом канале вы сможете найти самые разные отзывы реальных людей по любым  проблемам из всех сфер жизни ✨  Деньги, любовь, отношения, самореализация, здоровье, красота, фигура - все можно создать так, как вы хотите, используя возможности мозга!"
wwnn777,group,活动已开始详细看置顶,155,活动内容置顶
wwnnotizieofferte,channel,WWN - News & Offerte,144,Canale ufficiale di World Wide Nerd troverete aggiornamenti vari sui post/anticipazioni/articoli del sito e qualche offerta che trovo sui vari siti
eniskeepnsfw,channel,🔹 ✧･ﾟEni’s Sinful Keep ･ﾟ✧ (NSFW),35,"Contato para encomendas: t.me/EnidraKensyl  Status commissions: 2/5 slots Sticker commission: 0/4 slots  Regras basicas  ♡-nao cometa nenhum crime ♡-eu sempre vou deixar avisado se a arte tiver algum feitiche, abra por sua conta e risco ♡-se divirtam"
infohanniwei,channel,info hanni 🫐,1,
luxfinews,channel,LuxFi - News & Announcements Channel,1304,The first real-world asset-backed NFT marketplace for luxury assets.  Offical Group Chat: https://t.me/Luxfiofficial
parifinews,channel,Parifi News & Announcements,455,A decentralised perpetual protocol designed to bring parity to all market participants.  https://parifi.org
lenfiannouncements,channel,Lenfi Announcements,300,
shakilmekhan,channel,All Over Crypto Airdrop 🎁 🪂,218,HH3KnJrp
haltyra65,group,Подработка(работа )Южно Сахалинск,60,"Подработка Южно-Сахалинск - это паблик, который позволяет быстро находить надежных исполнителей для выполнения любой работы. Чтобы заказать любую услугу теперь не надо листать сотни сайтов, можно просто зайти в группу."
altitudefi_announcements,channel,Altitude Announcements,100,Spend Freely. Keep your Bitcoin.
tokenlottodefi,channel,LottoDeFi (LDF) Announcements,18,Smart DeFi protocol integrating automated lottery draws via Chainlink VRF. BEP20 token with sustainable fee models. Built on BNB Chain. #DeFi #Crypto     0xF6740f9fDd84955A859E4282732E41195a230D0B
hmo_haltg,channel,ГМО,10,Галицка Мемна Офеншизива
smashfi,channel,SmashFi Announcements,18,"Welcome to the SmashFi Telegram Channel – the heart of our crypto community. Dive into real-time updates, announcements, and discussions surrounding the future of cryptocurrency management with SmashFi."
halwarsingchat,channel,HalNet,15,
heitgosoofbo,channel,HATE HOMOPHOBES CONFESSION!💢,13,Хейт ЛИШЬ гомоофбов
juicyfi,channel,JuicyFi Official Channel,2,JuicyFi is a disruptive SocialFi Project. Issue your own Juice & unlock new potentials with your influence! - Get Started Today! ➜ https://juicyfi.com
huutiskanava,channel,HuutisKanava,326,Hallinnoijien huutiskanavalle julkaistaan hallareille tärkeää ja ajankohtaista tietoa esimerkiksi tapahtumista.
headfields_072,channel,"𝐇𝐄𝐀𝐃𝐅𝐈𝐄𝐋𝐃""𝐒 𝟕𝟐",168,
hatehollytaya,channel,[Набор адм] Hate Hollytaya conf,10,
flowery_nondailycf,channel,🌼！𝙵𝚕𝚘𝚠𝚎𝚛𝚢 𝚗𝚘𝚗-𝙳𝚊𝚒𝚕𝚢 / 𝙲𝚏,9,Здравствуйте! Все интересующее есть на канале для ознакомления. Теги по постам: #take #admtake | #art #video #meme #other По персонажам: #solo | #others
prussiacfdaily,channel,Prussia cfdaily,10,автор аватарки -- ﹫ Rayraypw_ в твиттере
mohsenhasanlu,channel,محسن حسنلو,26786,🔹 سرمایه‌گذاری هوشمند، سود مستمر! 🔹    📊 تحلیل | سیگنال | آموزش | اخبار لحظه‌ای   💰 بورس | فارکس | کریپتو    🚀 با ما یک قدم جلوتر باشید!    📢 عضویت: https://t.me/MohsenHasanlu    .    .  🔴ارتباط با ادمین : @BCF_Admin 🔴
siborgstore,channel,SIBORG FF👑,9827,🏝️ سایبورگ شاپ چنل اصلی   ⚠️منبع اکانت های خاص و شیک با تیم سایبورگ همیشه یک قدم جلوتر از جهان باشید💯 ایدی جهت ارتباط با تیم: @New_siborg
ooofr1,channel,حَـيادر,970,اخبرك عني لاحقًا Bot : @oooohr7Bot
kianologyithq,channel,KIANOLOGY,577,💻 آشنایی با تکنولوژی به سبک کیان!  با ما به بهترین منابع فناوری و برنامه‌نویسی دسترسی داشته باش اینجا خفن‌ترین ابزارهای کاربردی و ترفندهای برنامه‌نویسی در انتظارتن  ⚡️ با کیانولوژی همیشه یه قدم از بقیه جلوتر باش!
warmmeowho,channel,americano after rain,302,"291124 inside this place is warm outside it starts to pour  вп t.me/coopamericano анон t.me/meowoffice_bot кредиты на баббл и фанс linotexts , hyunehans , skz_on_fans , lk_global  канал не позиционируется как информационный"
tellaroses,channel,𑰞,411,ㅤ @rosesonebot featuring @sortene & @tjanas ㅤ
windows8312,channel,Алексей | Про Windows,290,"Приложения, обзоры, лайфхаки по работе с системой"
bolsadetrabajolatam,channel,Bolsa de Trabajo - Diseño y Afines,285,Bienvenidos acá se les mantendrá actualizados sobre las ofertas de trabajo a nivel de Latinoamérica y España  Deseas publicar alguna oferta por favor compartir la info con administradores: @susanavaldivee @danielsgrowth https://t.me/DisenadoresGraficos
windowsexpo,channel,ОКНА ЭКСПО,234,"Оконные новинки, обзоры с выставок. Авторская подача от оконщиков"
voluntariosmx,channel,Voluntarios México,154,Canal informativo de Voluntarios México.
n1kneo_stance,channel,N1KNEO,217,MAKE HORIZONTAL VIDEOS GREAT AGAIN CAMERA: Sony a6400 INST: https://www.instagram.com/n1kneo.stance TG: @n1kneo YT: https://youtube.com/@n1kneo
voztovoice,channel,VozToVoice,161,VozToVoice Novedades
windowsnono,channel,𝚆𝚒𝚗𝚍𝚘𝚠𝚜 𝚅𝚒𝚜𝚝𝚊.: 𝙽𝚘𝚗𝚘,81,𝚆𝚎𝚕𝚌𝚘𝚖𝚎 𝚝𝚘 𝚖𝚢 𝚕𝚒𝚏𝚎.ᐟ.ᐟ
aviatorshina,channel,Авиаторщина,119486,"✈️ Новостной ресурс про российскую гражданскую авиацию   Контакт для инсайдов, предложений, замечаний -> https://t.me/AviatorshchinaBot  Регистрация в перечне РКН: https://www.gosuslugi.ru/snet/67b86a9d5231b325f5035e61"
goldsbet_aviator,channel,Goldsbet Aviator,7715,🚀 Free Aviator Predictions 99% Accuracy Provided By @GoldsBet_ChannelBoT  ✈️ For Premium Predictions Use Our Personal Bot @GoldsBet_AviatorBoT  😎 Official Channel @Goldsbet_VIP  ⬇️ Free Gift Codes ⬇️ [ https://t.me/+DECDpCT-woUwMjc1 ]
aviator_tgjogo,channel,Robô AVIATOR VIP - RETIRANDO MUITO,247,"O nosso bot chamado Sinalzinho é o melhor robô para receber possíveis jogadas com alta taxa de acerto, sistemas avançados, versão grátis! Maximo de 84% de acerto"
aviatorsinyal,channel,Aviator Sinyal,2245,İletişim : @aviatorsinyali
aviatorshina_chat,group,Авиаторщина Чат,8370,В чате нужно общаться только тематике канала и исключить любые обсуждения на отвлеченные темы! Комментарии не по теме будут удаляться.
bc_aviator,channel,AVIATOR l BOXING CLUB,202,"Самый современный и комфортный боксерский клуб AVIATOR BOXING CLUB. Групповые и персональные тренировки для взрослых и детей. Новое оборудование, профессиональный ринг.   📍Пенза, ул Суворова 2Б Тел. 70-14-04"
aviatorsignalssouthafricaoficial,channel,Aviator Signals | South Africa,1667,
spribe8144,channel,"AVIATOR ""Spribe""",344,"Welcome to the fan community dedicated to the iconic Aviator game by SPRIBE! ✈️  Tips, updates & top platforms: 1WIN, Mostbet, 1XBET.  🌍 More info: aviatorgame-original.com"
kinozal_aviator,channel,КИНОЗАЛ АВИАТОР 🎥,647,"Киноконцертный зал ""АВИАТОР"" Центра культуры и современного искусства им. Ю.А. Гагарина Адрес: г. Якутск ул. Можайского, 25 Касса 📞31-90-49 Понедельник, вторник -выходной  Онлайн покупка билетов: https://kinowidget.kinoplan.ru/afisha/7783"
aviator_signals_pro1,channel,𝐉𝐄𝐓 𝐏𝐇𝐈𝐋𝐄 | #𝟏,1449,𝗝𝗘𝗧𝗣𝗛𝗜𝗟𝗘 𝗪𝗢𝗥𝗟𝗗 𝗡𝗢 #𝟭 𝗔𝗩𝗜𝗔𝗧𝗢𝗥 𝗔𝗡𝗔𝗟𝗬𝗦𝗧 Old channel ban🥲 5 Lakh+ Followers globally | Real-Time Predictions Only. No Bots. No Hacks. Just Pure Strategy.  Contact @itsjetphiile  👇👇👇  https://lkhp.cc/bfadec
tunaislotbot,bot,TunaiSlotBot,,
unitonaibot,bot,Trend Scanner,,
codesunlockusbot,bot,codesunlock.us,,
wuusyaanon_bot,bot,анонимк вуси,,господи
imnotinsomniabot,bot,1nsomnia,,
nusantaraslot_bot,bot,nusantaraslot bot,,
deandeanosbot,bot,ᡴꪫ,,@NikInWonderland .
sibukslot_bot,bot,sibukslotbot,,
podslushanoulsk_bot,bot,Подслушано Ульяновск,,
cahayaslot_bot,bot,cahayaslot,,
kangenslot_bot,bot,KangenSlot,,
uapinyinbot,bot,Піньїнь Українською,,
indahslotgacor,group,INDAHSLOT OFFICIAL,710,
apk_umidsila,channel,BONUS UMIDSILA,2062,Asosiy kanal: @umidsila_kazino
t10indrajit,channel,INDRAJIT FREE API,998,This channel is for fun and educational purposes only. No illegal activity is promoted.  https://telegra.ph/Disclaimer-11-25-17 https://telegra.ph/Dont-support-any-illegal-activities-06-28
topsmartidea,channel,Top Smart Idea,218,
indopayofficial,channel,INFO - CV.INDOPAY MULTISINERGI,87,"Pusat Layanan Pulsa All Operator, PPOB DLL,Terpercaya Sejak 2013. telegram :@CS_indoseL Website: www.indopay.net https://www.instagram.com/indopaymultisinergi/ https://www.tiktok.com/@indopaymultisinergi https://www.facebook.com/indopaymultisinergipayment"
apkfayllar_irnil23,channel,APK Fayllar Original📲,17,
inzamamalphas,channel,Inzamam Alphas,24,New Alpha Here!
indiastop,channel,IndiasTop,16,"From iconic legends to the freshest trailblazers, we shine a light on what’s defining, driving, and dazzling this nation. We celebrate India’s best—the people, the places, the innovations, and the moments.  Contact @t_ink | @BabaBongy 🌐 @tgWiz Network"
indevlabs,channel,Индевлабс на связи,4,"Добро пожаловать в наш официальный телеграм-канал! Мы - ведущая компания, специализирующаяся на предоставлении ИТ-услуг. Здесь вы найдете информацию о наших новых продуктах и услугах, а также обновлениях в индустрии."
indoslot88mkt_bot,bot,Indoslot88MKT,,Layanan Promo Indoslot88 Klaim promo & info bonus 24 jam. Deposit/WD hanya via Livechat resmi. Admin tidak chat duluan.
winning1win,channel,1win,2,"https://topsweepstakescasinos.us/ Sweepstakes casinos are available across the US and give players the chance to enjoy real casino games for free while earning sweeps coins redeemable for cash prizes. In this guide, you'll explore the best sweepstakes cas"
asistengadunslot_bot,bot,ASISTEN GADUNSLOT,,
recruit_ind,channel,ᴘʜᴀʀᴍᴀ ɢᴏᴠᴇʀɴᴍᴇɴᴛ ᴊᴏʙꜱ,3649,https://chat.whatsapp.com/BZQyuxDxkQg9SxHwprVFCu
indusyashu,group,Indus Yashu,1352,@IndusYash
indosultan69sbs,channel,Indosultan69,403,GRUP TELEGRAM RESMI INDOSULTAN69  TIPS & TRICK SLOT  RTP SLOT TERGACOR & TERUPDATE BONUS & DOOR PRIZE YG MENARIKRTP LINK BADAI CUAN:  https://bit.ly/memberbaruautomaxwin
intralogicbot,channel,Intralogic TradeSistant,132,https://intralogic.eu
india_loots,channel,Back up india,132,
nekoslot88group,group,NEKOSLOT88 GROUP,95,LINK ALTERNATIF : https://t2m.io/nekoslot88
investlots,channel,ИнвестЛоты,53,"🔍 Инвестирую в лоты с торгов: земля, авто, недвижимость 💼 Помогаю инвесторам находить выгодные объекты"
intradayvolblast,group,Intraday VolBlast,16,"FREE - Low cost high probability  Intraday  trading strategies  with limited Loss expectancy.  This channel is for educational purpose only,I am not SEBI Registered ,Before taking any trade plan you risk. I am not responsible for any losses."
insfen0,group,🅾️ins引流账号,10,
lenteraslot_bot,bot,LENTERASLOT,,Lenteraslot - BO togel slot online dengan lomba FREEBET harian sdyney dan hongkong dengan hadiah tertinggi
inovesolucoes,group,Inove iGaming🔥,1,
indlootdeals_bot,bot,IND Loot Deals Support,,Send Us Feedback Or Loot Proof Here !!! Business Enquiry Also DM Here !!!  We  Serve You Best ASAP !!!!
inklandslotbot,bot,inkLand Casino,,🎰 inkland.casino - url сайтa. 👨‍💻 t.me/inkLandSupport - поддержка игроков. 💬 t.me/inkLandSlots - информационный кана
insgroupbot,bot,Insgroup - неоновые вывески,,Изготовление неоновых вывесок
botbsdslot_bot,bot,BSDSlot,,
incwell_bot,bot,IncWell,,Оборудование для салонов красоты от производителя
insoc_bot,bot,ИНСОЦ бот,,"ООО ""ИНСОЦ"" чат бот ЖКХ, Найм, Детсады, Капремонт"
netmeli9,channel,اینترنت بدون مرز,42289,اینترنت آزاد حق شماست 💯 Admin @IR_Adolf13 تبلیغات
satanic_token,group,Airdrop Share (Only AAD Promoted Project✅) no other Projects ❌you will ban soon if you Try,2981,Join Channel @AirdropAlertDaily Must read Groups Rules  ‼️ You can send only AAD Promote link here ‼️ Please share useful things for people. ‼️ Spam we do not allow users. ‼️ No Youtube & Telegram Channel link Promote  ✅Want Chat 👉 @airdropalertdailychat
psy_and_art,channel,Случайность или выбор?🎲,62,"Нелли о психологии, творчестве, бизнесе. История одной жизни."
within_english,channel,grow within english ⋆౨ৎ˚⟡˖ ࣪,56,
rfuhjur,channel,?,8,
missworldethiopiavotebot,bot,Miss World Ethiopia Vote Bot,,send here the id of contestant's to vote...
ilyosolimov,channel,Ilyos Olimov,288,Building   - appx.uz ...  Chat for discussion: https://t.me/joinchat/Uev6j40JnyntsJ6S
appsecdirector,channel,AppSec Director,54,"Дневник директора AppSec'ов   Фиксация мыслей, идей и проблем связанных с управлением и интеграцией безопасности в разработку, управление командами.   Интересные tools: https://t.me/appsec_tooling Me @zakrush"
botcreationru,channel,Botcreation | Разработка telegram и мах-ботов для бизнеса,2,Разработка сложных телеграм-ботов
start2days,channel,Монета счастья. Лина Герлинг.,214,"Как улучшить физическое и ментальное состояние, выстроить осознанный образ жизни и достичь гармонии в жизни  Вступить в Клуб Дзен-директор  https://t.me/neuro_mba_bot?start=club_dzendir_rg4tn96j6"
way_freedom,channel,Психология на колёсах,48,"Помогаю высвободить эмоции, отпустить ситуацию, рассеять стресс, вернуть ясность и свободу в принятии решений. Работаю авторским методом эмоциональной разблокировки"
yulia_spirit,channel,Мета Путеводитель: Психолог ♡ Расстановки ♡,142,Путеводитель в бессознательное. Внутри нас есть все ответы.  🧩 Юлия Горбунова психолог-расстановщик
pogovorisomnoi_psy,channel,Поговори со мной,73,"Я Наталья Романенко, практикующий психолог. Этот канал - пространство для поиска ответов на самые разные вопросы человеческой души. Добро пожаловать!                                                            Записаться на консультацию: @nromanenko_psy"
karernyj_vydoh,channel,Карьерный Выдох,49,"Карьерный выдох: всё, что вы боялись спросить у HR и карьерного консультанта. Почему вы не обязаны гореть на работе, как просить повышение не краснея и что вообще делать, если «всё горит».   В общем, выдыхаем."
psihologtravmpunkt,channel,Крылья богини| женский онлайн-клуб| психология | саморазвитие,18,"Женский онлайн-клуб. Говорим о психологии, жизни, увлечениях."
psyhologiyamg,channel,Психология М+Ж,9,Канал об отношениях между мужчиной и женщиной По рекламе и сотрудничеству @Veronika55555555
suturaa,channel,•Sutura•,54,•برای دوختن لحظه ها… 🤍🩺
kalkidan4,channel,ምርጥ ፎቶዎች,674,➠ ምርጥ እና ዓይን የሚስቡ ፎቶዎች 😍✨ ➠ አስተማሪ እና አነቃቂ ጥቅሶች 📖🧠 ➠ አዝናኝ ፖስቶች 😂🔥 ➠ Status & Backgrounds 🖤📱 ➠ Love • Life • Fun Posts ❤️😎 ➠ በየቀኑ አዲስ Upload 🔥📸 😎 Join በማድረግ የምርጦች ቤተሰብ ይሁኑ 🤝
swim_daily,channel,聪明萝莉のbaka日常,185,@TheSw1m 的个人频道 更多信息请查看置顶  附属群组： @swimBaKaComment
yelibzema,channel,✨🥀 𓆩❤️𓆪 የልብ ዜማ 𓆩❤️𓆪 🥀✨,208,❤️ የፍቅር ግጥሞች | የልብ ቃላት | ዕለታዊ ስሜቶች 📝 ለፍቅር ወዳጆች ብቻ 💌 ልብን የሚነኩ ግጥሞች በየቀኑ
shadowzonetrep1,channel,SHADOWZONE,2659,sc: https://on.soundcloud.com/IxMbEGUTRtQxoiFHRb  yt: https://youtube.com/@shadwzone?si=eKhflJHDPJyBxNwt  tt: https://vt.tiktok.com/ZSCNnAnbt/  Поддержать меня: https://www.donationalerts.com/r/shadowzonetrep  mgmt: @Ytyri10
thedarksisterhood,channel,xaerokeri,1537,Erika-Xero | Xerikaero | Эрика Зиро | Xerika | Блохастая. Рисую всяческое фэнтезяческое! 18+  http://linktr.ee/erikaxero https://hipolink.me/erika-xero
m71779b,group,Dark Web Sites,286,Arabic + English +Russian  @Redroom_darkweb3BOT
azporn1,channel,🇹🇷DARK PORN🇦🇿🔞,125,
darkcrackingpro,group,Dark Cracking,813,Darkcraking Servers
darenoenikkidemonaiii11i,channel,"Девочка, с которой ничего не случится",568,I hate this place. Nothing works here. The medications don't work. I've been here for seven years. Nothing works here  #darenongakudemonai - это мы слушаем  #atwilightcomfortplaylist - a twilight comfort playlist
thedarkesthourart,channel,The Darkest Hour Art,123,"Привет, я тут выкладываю свои рисунки, мысли и прочее."
thedarkangels1,channel,Стёртый из истории,64,"Я хотела уйти из медийки, но делиться чем-то тоже хочется, поэтому пока что, это мое место для публикаций всего🕷️"
mcoreio,channel,Dark Side,21,
thedarkwyrm_official,channel,𐍄H𐌴 D𐌳𐍂𐌺(ᱦ𐍅𐍂ᱬ),66,Пуᴄᴛь Ꭲьʍᴀ нᴀᴨᴩᴀʙиᴛ ᴛᴇбя и хᴩᴀниᴛ. 「❖」Канал для моих почеркушек и не только  https://t.me/ispersequilibrium - второй тгк для зарисовок
thedarknesskaput,channel,Silence scars🕳️,67,оки доки локи🍧🍭🍬 кобылка
darkest_world1984,channel,Darkest world,26,"Добро пожаловать на наш канал!  Все о темной стороне веб-паутины Мы публикуем различные схемы заработка - от черных до белых, собираем складчины, сливаем крутые платные материалы и многое другое! 🤗 Админ @only_work"
grimace3,channel,кастро || #darkclub,59,
chess_and_life,channel,Шахматы и Жизнь,1246,"🔷 Подлинные полезности для шахматиста.  🔷 Правда о читерстве и других  сторонах шахматного бытия.  🔷 Эксклюзивные новости и аналитика.  🔷 Вопросы детского и взрослого  развития.  🔷 Шахматный юмор.  И многое, многое другое.   Связь: @am_hubland"
moneta1_ru,channel,"Монета1 - Монеты России, СССР и США",85,"В этом канале анонс выхода новинок и интересные факты о них.  Moneta1.ru - монеты и банкноты России, СССР, США и мира.   ✅только подлинные монеты ✅работаем с 2010 года ✅бесплатная доставка  ✅надежная упаковка"
tvrandot_antique_gallery,channel,"Галерея ""Турандот Антик""",333,"Антикварная галерея в самом центре Москвы  Связаться с нами: +7 985 533 35-68 +7 495 225 83-38 Личные сообщения: @tvrandot_antique_gallery1   Наш адрес: Москва, Тверской бульвар, 26 Ежедневно с 12.00 до 23.00  Сайт: turandot-antique.ru  Парковка бесплатно"
tenglongvip_bot,bot,腾龙娱乐官方机器人,,🇲🇲缅甸腾龙娱乐官方   二十年实体信誉品牌
xmq9988bot,bot,东南亚大事件 双向机器人,,东南亚频道 双向聊天机器人
wbmargosha,channel,ВБ ОЗОН ЯМ от Маргоши,24566,Здесь скидки до 90%🔥 https://t.me/skidki_ot_margoshi 👈🏻Основной канал со скидками  📱СВЯЗЬ: @margo_admin  https://gosuslugi.ru/snet/68beea5bf19d314b5b4d5eb8
zlw15,group,众联网📢广告 求职发布频道（TG联盟）,805,📢甩人消息 甩人群组     @wusui1   📢广告投放 投诉建议   @tingnuan0   @ck2008   机器人误封联系 @tingnuan0 众联网🏆聊天频道 @ZLW00 众联网🏆回国交流 @ZLW08 众联网🏆甩人频道 @ZLW01 众联网🏆曝光频道 @ZLW02 众联网⚽️体育预测 @ZLW03 众联网🏆广告频道 @ZLW04 众联网🏆开车频道 @ZLW05 众联网🏆频道是一个众多联合频道 众联网🏆欢迎您的加入
wildloadedmedia,channel,WildLoaded Media Inc,75,The Official Telegram Channel for  Wildloaded.com.ng ✌️💯 (Official Your Entertainment And Events Portal)
whysoyoung,channel,вайсоянг,1595,Dm--> @WSYDM (huiny ne pisat)  Sc: https://on.soundcloud.com/1E5TcfmOqmnbFqDj5H
wlzbi,channel,ولزبي,507,"Belongs to @rejerks For IG,FB bans/unbans join @IGshits"
wangqingkisser,channel,~Wang Qing daily/cf~`,55,"Арты с ван цин, на каждый день☀️🦢 Другие дейли влд: https://t.me/akanyatsuradaily https://t.me/DAILYBAE2026 https://t.me/yutohancho"
the_wind_whizzie,channel,thewhizzie's luv: the wind🍃 ✿,12,виззи толкает речь о самой освежающей группе 5-го поколения – 더윈드 (the wind)🫶 вп: @thewhizziespost тт аккаунт: thewhizzie
vpsunshinewoozi,channel,coop sunshine woozi,2,
twzerainfo,channel,𝕋𝕙𝕖𝕎𝕠𝕖ℤ𝕙𝕖𝕟𝕘 𝔼𝕣𝕒|инфо,2,
coopchaes,channel,🐾🐾,1,
bleezw,channel,hueta,1,
lovecheerzinfo,channel,ㅤ,1,
woodziebaecoop,channel,cho woodz coop,1,
zlzlz0,channel,مميـَز 🔥.,,طب اضحك وحمل ودعيلي 😂🔥         منذوَ  .  2007/9/3 🎸  تيك توك   0zlz. 💥
ronzynanews,channel,Ronzy NA News,206,Сборище фанатов североамериканского региона   https://t.me/ronzyasianews для фанатов APAC  https://t.me/ronzysanews для фанатов SA
lazyowl14,channel,<°• LaZy OwL •°>,115,"Привет!   Этот канал создан для того, что бы вы смогли ознакомиться с моими работами. Это некое портфлио работ. Ну и развлечения никто не отменял"
bolzicoin,channel,Bolzi Coin - Portal,11,The Doge Bollocks!
woloned_bot,bot,Предложка,,
damntartttttt,channel,jinkook's girlfriend ⊙⊝⊜,493,"only bts, ot7. eat this life 'til your heart is full.  анонка  — @lovbangtan_bot twitter — @tarttttttttttt"
lrb_jinr,channel,ЛРБ ОИЯИ (LRB JINR),185,Лаборатория радиационной биологии Объединённого института ядерных исследований / Laboratory of Radiation Biology of the Joint Institute for Nuclear Research  Сайт ЛРБ/ LRB website: http://lrb.jinr.ru
txffxrrwrts,channel,тофф печатает...,37,мы на вершине мира и благодарим за это комплекс провинциала и синдром самозванца
jinri,channel,今日博彩社群,66,广告商务： @yiran
zikokouteikankakudreamer,channel,[ ᵛ⁰¹ᵈ ] ` shinnosuke ッ,36,
chamchamzzzz,channel,beloved chamchamz 🐈‍⬛,42,🦅🐢 @chamzcoop & @chamchamz_bot
truejiwoosong,channel,Song Jiwoo,47,"киота, again 400? senorita 196 forever… @archcanny_bot"
a_wonderful_lifesun,channel,хижина чудес хван дэ🙄.,53,"Зарисовки, стихи, фф и другое по мелочи :3 я без мата, как солдат без автомата. Канал ничего не пропагандирует. Навигация и инфо пост  в закрепе^^"
offjimmy,channel,Off the Jimmy - Crypto,37,X : https://x.com/Jinrong_web3 핸들 @Jimmy_B
hdphwm,channel,灰度菲律宾美食外卖♻️,35,搜集菲律宾外卖商家信息 需要登记的外卖商家麻烦联系 @HDddian  社区导航:@HDPHDH 菲律宾社群:@huidu_igaming 菲律宾新闻:@PHnews_hd 东南亚交流:@huidudny_sq 东南亚新闻:@hddny 二手交易:@hdershou 骗子曝光:@HDPHBG 吃喝玩乐:@Huidu_yule 便民换汇:@huidu_jinrong 灰度官网:www.huidu.io  招商|合作|曝光:@HDtyler
etodno,channel,Нижний Интернет,616,"⭐️ПОДПИШИСЬ — @ETODNO⭐️  Это дно интернета. Самый низ.  Мэд, Илья Мэддисон, Мед, Мэдисон, Медисон, Меддисон, Medison, Maddyson, Maddison, Илюха, etozhemad, HoneyMad, нарезки, клипы  Личка админа и предложка: @etodno_admin_bot"
hinudaddy0,channel,𝘾𝙍𝙔𝙎𝙏𝘼𝙇 ¿ بِـلَّـوْر 👑,69,
infowildfd,channel,𝑾𝑰𝑳𝑫 𝑭𝑳𝑶𝑶𝑫,32,𝘰𝘱𝘦𝘯 𝟏𝟐.𝟎𝟕.𝟐𝟔               𝘢𝘯𝘰𝘯 @anonwildfdbot  𝘰𝘸𝘯𝘦𝘳¹ @MILLERY3ON          𝘰𝘸𝘯𝘦𝘳² @Lunyx143
ssgwrrq,channel,ᅠ,840,
zicarsq,channel,OFC ZICAR SQ,2929,ㅤ       WE ARE 𝐆ØC₳𝐗𝐀Ɽ   ┊ official bot : @zicarsqq_bot ┊ shitpost : @nongkizicar ┊ shitpost patner : @zcrshitpost  this is a squad built on 01-02-2021 with a lamborghini aventador car theme
stayquiettdm,channel,𝐒𝐓𝐀𝐘 𝐐𝐔𝐈𝐄𝐓 🇪🇺,1018,𝐓𝐆𝐂 𝐨𝐟 STAY QUIET CLAN  MNG : @SQ_manager
cyclopsnotes,channel,Записки Циклопа,85,"Частицы творчества, мысли и дневник становления крутым Андреем."
sonkaponka584,channel,Sofipk🩶…,39,Ураа каникулы💘
sopfie_pro,channel,Sophie 📸,47,Фотографирую и не только)  Записаться на фотосессию ↙️ @sophie_krokhina  Канал в MAX ↙️ https://max.ru/join/mNYQkyV1XTJDjwMunrgV52i2ZnLh1aLe8_tgjdviu78
sock_offf,channel,Socks_offf,90,Hi!! Welcome! I'll mainly post suit updates and drawings!   DM: @socks_offf
lopokkkkk,channel,Щп лопок,80,
sosofifc,channel,сослфифк👍,84,Кто не с нами тот под нами
sockpupetehp,channel,⛺️поместье у Сока✨,21,Всех приветствую на моём первом канале. Тут будут Арты/гачи/ОСки и.т.д.
htopitop,channel,ONLY,68,ХАХАХАХАХАХАХА
arif_fxts786,channel,🏆 𝗚𝗼𝗹𝗱 𝗧𝗿𝗮𝗱𝗲𝗿 🏆,2737,Free Trading Signals Daily  Contact Admin 👉  @MSGXAU
arifdesigns,channel,Arif Designs,1249,"Welcome To Arif Designs Telegram Channel. Arif Designs Motivates & Inspire All Ethiopian Design Enthusiasts With it Daily Motivation, Resources, Job Postings And Design Related Topics. Contact: @MikaFekadu, @Arifness or check out www.arifdesigns.com"
arif_nasheed,channel,صدى الروح🫀,207,MUFTIYAT ADMIN: @magomedowjj
misstakerade,channel,𝗠𝟭𝗦𝗦𝗧𝗔𝗞𝗘,19,ᰔᩚ ˙Н᧐ʙыᥔ ρᥱᥔд κᥲнᥲ᧘.   .      ➬ Рᥱᥔдᥙⲙ Т𐌏𐌡Ь𐌺𐌏 ᥴ ᥰρᥙчᥙн᧐ᥔ!!    .  ➬ Пρᥙᥰᥙᥴκᥲ - #MST  Нᥲчᥲ᧘᧐ - 28.06.26 🤍
dvmeet_off,channel,[ ДВ: Знакомства CF ],13,"Прости мне, батюшка, грехи..."
meirlconfession,channel,ME IRL .... conf!,3,
mualanisport,channel,𝑴𝒖𝒂𝒍𝒂𝒏𝒊𝒔 𝒉𝒆𝒍𝒑 !!! 🦈,19,
dwsfwinf,channel,꒰͡ ׅ 𝔻𝕎 𝕊𝔽𝕎 𝆬′ ᴨᴀᴨᴋᴀ ͡꒱ ׂ ПРИНИМАЕМ ОТ 0+,12,идея наша !!!
teammatesconff,channel,Teammates confessions ! ᰔ,3,
linkgetofficial,channel,Linkget,355,"LINKGET — Зарабатывай на каждом клике! 💸   Добро пожаловать на наш официальный канал! Здесь вы найдете всю необходимую информацию о нашем сервисе. Подписывайтесь, чтобы быть в курсе событий.  Техподдержка: @linkget_help Сайт: https://linkget.ru"
linkinbays,channel,LINKIN SHOP,136,
gingerdeer23,channel,gingerdeer🍂,168,"Чуть-чуть клею, чуть-чуть рисую, чуть-чуть делаю штуки своими руками  Вк: https://vk.ru/gingerdeer23  Пинтерест: https://pin.it/4RDSgn5AB  Связь: @gingeerdeer"
likeaplayer,channel,"Slava MZS - Блог ""Как игрок""",80,"Блог об играх, игроках и турнирах с кем и где мне довелось поиграть.  Мой клуб @thecollars Профиль @Slava_MZS"
linklb,channel,🦅𝙇𝙚𝙤♛ ᒪIᑎK,65,
linaineractives,channel,lina🪽,36,
linklayeraiagentbot,bot,Agent@LinkLayerAI,,Automate your trading intelligence.
linkakomi,channel,линка на коленях,53,щп
slinky_network,channel,SlinkyLayer,86,
linkshearr,group,Any Link Shear,33,
layer01layer,channel,layer01,41,
ethiofreeinternet5,group,Ethio Free internet,1163,
jiofreeinternetofficial,channel,PRINCE X NETWORK,839,https://telegra.ph/Disclaimer-11-25-17 https://telegra.ph/Dont-support-any-illegal-activities-06-28
zhonghe168,channel,🔘 新北花家【 中永和｜板橋區 】,5692,【花家】 New Taipei Sex  新北定點樓鳳｜地區頻道  新同學你好👋🏻 📲 @ecup78_bot 請先私訊機器人加入主頻道  【主頻道功能】 ☑️添加客服小姊姊的聯絡方式 ☑️查看即時公告的重要訊息 ☑️看妹妹最快時刻表以及班次異動 ☑️取得完整資訊的介紹和規章 ☑️快速查看所有區域的資料  ❌老同學請不要點機器人❌ 直接返回你原本的主頻道就好囉 ＿＿＿＿＿＿＿＿＿＿ 本群為成人互助資訊分享區，內容僅供參考，禁止任何非法交易與色情圖文，一經發現立刻移除。本群遵守Telegram規範。
stocknikenshin,channel,𝐊𝐄𝐍𝐒𝐇𝐈𝐍 𝐂𝐎𝐃𝐌𝐀 & 𝐌𝐋𝐀 𝐒𝐓𝐎𝐂𝐊,122,STOCK ONLY
joshuamainchannel,channel,𝙅𝙊𝙎𝙃𝙐𝘼 𝙈𝘼𝙄𝙉 𝘾𝙃𝘼𝙉𝙉𝙀𝙇,241,"𝙅𝙊𝙎𝙃𝙐𝘼 𝙈𝘼𝙄𝙉 𝘾𝙃𝘼𝙉𝙉𝙀𝙇  𝙊𝙒𝙉𝙀𝙍: @JoshuaVXQ  DM SA MGA BIBILI NG CODM,ML,ROBLOX TXT"
dymunol,channel,𝖪𝖺𝗇𝖻𝗂𝗇𝖺.,129,𝗓𝗋𝖺 ︲ @fleurJaune 🥟﹕만두. https://t.me/XBCHATBot?start=sec-ebehhdgda
nha_store_mlbb,channel,KHA SMOS_STORE❤️,185,Owner @Seangsmos67  មានទទួលធ្វើ Logo គ្រប់ប្រភេទនិងតាមតម្រូវការ✅❤️ Midman 1$-3$  Use admin 1$
dysa1720,channel,{Закрыт на время}Кᥲρᥲⲕ𐔤᥈υ ⲇ𐔤ᥴυ,227,
adiyashkashim,channel,a.z🐇,191,
zygarena,channel,Zyndra Codm [ 𝗚𝗥 ],145,
sigmainside,channel,SIGMA - Inside,59,
titimalambot,channel,KYY CODMA STOCKS,103,
satawewi,channel,цезаречек 🍌 [18+],689,15.02.24  god damn  запах сибири…. ✏️✏️✏️✏️  щп: https://t.me/+yIlbiej3kUNlYWVi анон: t.me/anonaskbot?start=nji05l7u7ngys важная инфа: https://t.me/satawewi/3
sin3zew,channel,Sin3zew,187,Ещкере  Для связи: @ji7star  Коммишены открыты✅ Трейды ✅ Мью✅ Коллабы✅ http://t.me/anonaskbot?start=xwljojskefoan Поддержать автора: 2202206395014355 ‼️3  ноября дршка‼️
snazzylii,channel,snazzyˎˊ˗,138,просто еще один художник
siwaqffx,channel,ˢⁱʷᵃqᶠᶠˣ,113,
sinka_kww,channel,💙Синка_kww🪽,196,｡ﾟﾟ･｡･ﾟﾟ｡  ﾟ。 лс— @sinka00   ﾟ･｡･ﾟ
qwwwertyz,channel,SENYAW || Притон артистов,96,Лс для комишек: @SENY1AW Второй канал: @qpwpwlak тик ток: tiktok.com/@susha_chakchak
wizifam,channel,WIZI,55,potuznosti squad
lovevanthy,channel,𝗭𝘆 ᴄʜᴀɴɴᴇʟ,76,
atiny_sehunidzemad,channel,MAD🍋~Seh~🍋,65,
ziwidotcom,channel,ziwi🧃,21,experimenting/
mewiozi,channel,канал сажика [STMT] 😶‍🌫️,222,"꒰ఎ ₊· ── – ── ୨ ♡ ୧ ── – ── ‧₊ ໒꒱  • добро пожаловать! владелец/по рекламе @wqiltu 👀 тут я выкладываю арты, едиты, пс99 и другое 🤫 • ник в рб: wqiltu группа для трейдов или общения @PETSIM99mewiozi отз -> @otzivirozigrishiST • цели: добить 500 до нг✅"
kizzy_composer_oi,channel,ꀘ꒐ꁴ​ꁴ​ꌦ ᵒᶦ ᶜᵒᴹᴾᴼˢᴱᴿˢ,26,𝚌𝚘𝚗𝚗𝚎𝚌𝚝𝚒𝚘𝚗:: @kizzy_composer_bot  𝚌𝚘𝚖𝚙𝚊𝚗𝚢:: @SkyFly_Ent
soniazzz12,channel,so sleepy!,17,
swish_oi,channel,(AUD)SWISH||OI,8,Мы новая кавер группа с прото бм и мы ищем прекрасных участниц saki&ziggy
xxmiao,channel,👠爱丝寂寞（原创美腿丝袜）💋,12908,我们不色情，我们致力于原创美腿丝袜，黑丝、肉丝、蕾丝、足控、高跟鞋、私房、空姐、制服诱惑等高清无码美女写真拍摄，我们不约炮只发福利美图等你关注哦。
jiepai456,channel,【当丝腿遇见高跟】,42436,分享丝袜美腿，高跟鞋，短裙，包臀裙街拍~
sizuzhijia,channel,丝足之家 - 丝袜美女 源源不断,2316,美腿丝袜的搬运工和集散地
koubaomeinv,channel,性感美女|丝袜美腿|套图图片,4072,
mmfoot_com,group,美足-美腿-裸足-丝袜-网袜|美眉美足网|@mmfoot_com,508,美足、美腿、裸足、丝袜、网袜 裸足玉趾、柔嫩脚底、肉丝网袜—给你无限遐想，让你无法抗拒！ 恋足、美足频道，大量资源，随时更新： https://t.me/mmfoot_channel
tgpg665,channel,91麻豆反差丝袜,922,🔔曝光黑平台东南亚事件 @TGPG999 🔔吃瓜搞笑里面请  @TGPG168 🔔午夜宅男最爱 @TGPG665 😀聊天群 @atmgf9 电子大水吧 @atmgf5
yuanweijd,channel,原味丝袜｜原味内裤｜原味内衣,83,
btbq2021,group,🔞🔞🔞比特币/视频/裸聊/学生妹/少妇/丝袜/,8,更多群点击 @biquanlsp
tgfuzhuang,channel,TG服装 TG男装 TG女装,3,租房频道: @tgzufang 售房部: @shoufangbu 汽车市场: @tgershouche 在菲服装: @TGfuzhuang 在线客服: @fuzhuangkefu
bce_tbl_cocal,channel,все ты,526,
bststrever,channel,Бэст сторис эвер,118,"Личная канава автора ""Ёкарная бабайка"" с фб: фанфики, арты, комикс, мемы, всякие кадры и истории МЕСТО, ГДЕ ЕСТЬ КОНТЕНТ ДЛЯ ЛЮБИТЕЛЕЙ ЗВ, МУШКЕТЕРОВ,  МУМИНОВ И 8:11!! <3 А также вообще для всех творческих (и не только) личностей 🍄 🕊️🕊️🕊️"
s_starlight_flood,channel,ᐥ 𝚂𝚝𝚊𝚛𝚕𝚒𝚐𝚑𝚝 𝚏𝚕𝚘𝚘𝚍 ☼,22,"// ᙖ 𝗦𝗧𝗔𝗥𝗟𝗜𝗚𝗛𝗧 ᴧᴇᴛи, ʙᴇдь нᴀʍ ᴄ ᴛобою ᴨо ᴨуᴛи!! //"
runya_0490,channel,Руины🌻,90,Привет!  Это канал где выкладываю свое творечество  Щитпост канал : https://t.me/ruin_0490
moontibemtflood,channel,︵ 𝐌𝐎𝐎𝐍..𝐓𝐈𝐃𝐄 #𝓜𝐓 ◌Ⳋ || инфо,31,
restockduocf,channel,restock duo 𝘤𝘧+(𝘯𝘰𝘯)𝘥𝘢𝘪𝘭𝘺!,64,cr: silliestducy (x) @restockduobot
balloncookiedw,channel,⦂ 🄱𝗮𝐥𝗅𝗈n͜͡ᥴ𝗼𝗈𝗄𝗂𝖾 ❪ ❨🅒︎f͜͡ ﹠ 🄳𝗮𝐢𝗅𝗒❩. ginger×looey,58,𖡻 Start : 05.12.2025
qi_rong_sb,channel,Ꭷi Ꮢᴏng,27,
yellow_thebestone,channel,[ПЕРЕОФОРМА] Yᥱᥣᥣ᧐ᥕ ᥴf ⇄ɗᥲiᥣy,41,cr: AnimationvsBMD on x
mollifloodinfo,channel,𝚖𝚘𝚕𝚕𝚒 𝚏𝚕𝚘𝚘𝚍 ⁱⁿᶠᵒ,12,
b4rn3ylove,channel,Barney Confession!!,8,Здесь выражайте свою любовь к этому усатому дядьке с ножом☺️
bachazouk,channel,BachaZouk | Official Community,23,"Our ​goal is to promote the love for Bachata and ​Brazilian Zouk as individual dance styles, as well as ​the BachaZouk fusion.   Follow us on this journey as we expand our community by hosting ongoing ​discussions and events that celebrate the ​unique com"
barbiedirkzine,channel,🔞𝘽𝘼𝙍𝘽𝙄𝙀 𝙕𝙄𝙉𝙀🔞,47,
brigitte,channel,brigitte,29,@wyzwyz B S
rhyzzom_official,channel,𝐑𝐡𝐲𝐳𝐙𝐨𝐦,16,🎶 BOY GROUP UNDER BCRL
btcsecondxyz,group,BTCSecond_official,4,
thereallazycoin,channel,BSC,2,
billionaire8offical,channel,Billionaire 8 Offical Channel,1086,New Billionaire 8 Offical
super8cinema_tuymazybot,bot,Super8_Tuymazy,,Бот кинотеатра 'Супер 8' (г. Туймазы)
ethiodentvacancy,channel,Ethio Dental Jobs and Vacancies ️,3106,"admin contact Dr Behaielu ,0911621350,0944222230 @Tujubab"
ethiolaw10,channel,ETHIO -LAW,341,Ethio-Law-YouTube  a channel dedicated to serve the large communnity through legal advices and informations; law students have special room here!
ethiopian_only,channel,I love Ethiopia 🇪🇹,126,Hello everyone join this amazing channel for epic pictures from 🇪🇹.  Travel with us through the streets of #a.a and experience the street life through our eyes. All photos are taken by phone camera Share urworks&promotion  @ethio_memesbot
ethiochicks,channel,Ethio Chicks 🇪🇹,72,
ethioairdrophanter_g,group,Ethio Crypto | Gems & NFT 🚀 Chat,12,
ethioo113,group,Ethio free servers 🇪🇹 chat,9,
ethiodish_bot,bot,Ethio dish,,
opendataam,channel,Open Data Armenia,321,Open Data Armenia news channel. English/Armenian/Russian  Join chat at https://t.me/opendataamchat
all_about_data,channel,All About Data,180,"This channel is created for the purpose of giving knowledge and free resources to learn the concepts related to data science,data analysis and machine learning."
universe_data_news,channel,«Юниверс Дата» – инновации в управлении данными,105,«Юниверс Дата» – российский разработчик ПО в области управления данными.   Мастер-дистрибьютором решений «Юниверс Дата»на российском рынке является компания DIS Group.  https://universe-data.ru/
datasciencewizard,channel,Data science || Sun'iy intellekt🇺🇿,25,📊  🔗Data Science 📉        🔗Machine Learning 📈        🔗Deep Learning va 🗂        🔗NLP (Natural language processing) 🔊  sohalarida ma'lumotlar va kodlar ulashib boruvchi Telegram kanali.
ziyou_free,channel,自由门,1,
karsuntt,channel,"ОГБПОУ ""Карсунский технологический техникум"" 🛠",344,"Самые свежие новости ОГБПОУ ""Карсунский технологический техникум"". Будь в курсе! Наш сайт: карсунтт.рф Мы ВКонтакте: https://vk.com/karsuntt"
autotestyak,channel,AutotestЯк,728,"Новини, тексти, ідеї, навчальні матеріали на тему “Як писати автотести”, – на Python, Java, C#, JavaScript/TypeScript;) Cайт: https://autotest.how/uk"
autodialnica,channel,AutoTrendy - informačná diaľnica,40,"""Sledujte AUTOTRENDY.sk na Telegrame a získajte prístup k najnovším správam, recenziám a zaujímavostiam zo sveta automobilov. Ponúkame vám širokú škálu tém, od nových modelov a technológií až po motoristické športy a cestovanie. Pridajte sa k nám..."
vodi_prosto,channel,АвтоРешения - законная помощь водителям,17,"Помощь с документами для вождения любой категории. Быстро, надежно, конфиденциально а главное законно. Контакты для консультации по автоуслугам на нашем сайте!"
reviewerbot_ozon,channel,ReviewerBot | Автоответы на отзывы,33,"🚀 Бот-автоответчик для Ozon, WB и Яндекс.Маркет   от 1600 руб в месяц.  Обрабатываем до 90% отзывов с помощью ИИ, помогаем селлерам освобождать время для роста продаж  👉 Подключить: @OzonWbRevRegistratorBot"
botabormot_channel,channel,БотАбормот | автоответы на отзывы | ИИ,17,"✔Точность 99% – ответы идеально соответствуют контексту ✔Учитываем не только отзыв, но и: Полную карточку товара + технические характеристики ✔ИИ предлагает сопутствующие товары ✔Поддерживаем единый стиль коммуникации  https://botabormot.com/"
auto_reactionbot,bot,Auto Reaction Bot ✨,,"✨ This Bot can Auto-react to Channel Posts, Groups and Private Chats. Open-Source :)  🧑‍💻 @SingleDevelopers </>"
autofaq_docs_xplain_bot,bot,autofaq_docs_xplain,,"Воспользуйтесь генеративным ИИ-ассистентом Xplain, чтобы мгновенно находить ответы на вопросы о функциональности AutoFAQ"
antiservice_bot,bot,AntiserviceApp,,Автосервис самообслуживания «Антисервис». Записаться можно через бота.
autoporukabot,bot,"AutoPoruka: piši vozaču, čitaj šta drugi kažu",,AutoPoruka — blokira? bez svetala? Napiši mu poruku po tablici. Besplatno. https://autoradio.rs
vv_review_bot,bot,Генерация ответов на отзывы,,"Умный помощник для генерации ответов на отзывы с помощью ИИ. Подходит для маркетплейсов, магазинов, заведений."
autopostingtochats_bot,bot,Posting to Chats 💬,,Автоматический постинг сообщений в Telegram чаты.  ✏️ Поддержа: @SatoshiHunterX
helptest702011bot,bot,Получить автограф!,,
otziv_ozon_wb_bot,bot,"Отзывы OZON, WB и Я.Маркет - бот 🤖 с автоотзывами",,Бот анализирует отзывы на Ozon и Wildberries с помощью аналитики + автоответы   @guruseller_ru  ТП @guruseller_support
premium_kingmash_bot,bot,ЦДЗ ОТВЕТЫ МЭШ SKYSMART,,"Бот поможет вам с тестами МЭШ, ЯКЛАСС, РЭШ или SKYSMART а также предоставит учебно-методические материалы."
mp_reviewbot,bot,MP Review |Автоответы на отзывы | Wilberries | Ozon,,Бот для автоматических ответов на отзывы в WB и Ozon.  • Поддержка - @MP_rev_Support • Отзывы - @MPR_reviews
wbanswerwb_bot,bot,Автоответы на отзывы и вопросы на маркетплейсах,,Наконец мы решили проблему однообразных ответов на отзывы и вопросы  на WB и YandexMarket  @uni_otvet_bot поддержка
wwwbmwwwww,channel,Crypto BMW,272,
wtkshop,channel,WHY TWO KEY,143,"Интернет-магазин молодежной одежды. Тренды, стиль и удобные образы каждый день. Для заказа пишите: @wtkmanager"
weoshop,channel,Weo shop,89,CEO-@weoRIP
wwwmyshop,channel,https//celesteshop.co,53,coco.m
wwwwwwwwwwwwwwwwwwwwwwcrolmeshop,channel,𝕮𝖗𝖔𝖑𝖒𝖊𝖘𝖍𝖔𝖕 | 𝕾𝖊𝖝 𝕲𝖆𝖓𝖌,9,𝕮𝖗𝖔𝖑𝖒𝖊 𝖗𝖊𝖑𝖊𝖆𝖘𝖊 𝖙𝖍𝖊 𝖇𝖑𝖔𝖔𝖉
epokerua,channel,E-POKERUA,479,
aivan_shop,channel,Магазинчик Айвен'а,128,"Добро пожаловать в мой магазинчик😘! По поводу покупки писать @krestonosecaivan. Если не отвечаю в течении 30 минут, пишите моему менеджеру @I_wolfrrr❤️(уже не актуально, но оставлю как память) Спасибо за ваши покупки и отзывы!"
serogrivka02034,channel,Серогривка𖤓,60,Просто канальчик. Банк: https://t.me/Serogrivka02034/53 Пиар чат: https://t.me/emae9463 Вп пост: https://t.me/Serogrivka02034/739?single ЮЗ владельца :@Velya0203 День рождения владельца: второго марта
priceahyeon,channel,Price Jung Ahyeon,5,Price @TrueHyeonie
priceaxx,channel,PRICE,2,
praicmoneyace,channel,Прайс MoneyAce,2,Канал - https://t.me/MoneyAce
racun_tokopedia_tokped,channel,Racun Tokopedia Diskon Murah Promo,2996,
psic0pod,channel,Psic0nautas VC 🚀🎤,1144,Psic0nautas VC @psic0pod Grupo de respaldo https://t.me/+R7ResrdAufpmYTMx
timsopedia,channel,Timsopedia,711,Кино / Музыка / Мемы 18+  второсортная гонзо-журналистика от гика со стажем очень субъективно и с долей соучастия  contact me: @therealtimson letterboxd: https://boxd.it/7oHQL  ☕️ 🎟  На кофе и билеты в кино:  2202 2039 9406 8197
thestockopedia,group,THE STOCKOPEDIA,618,AN OPEN DISCUSSION FORUM.  DISCLAIMER: WE ARE NOT SEBI REGISTERED. PURPOSE: EDUCATIONAL.
ricochet_project,channel,Ric,137,
cosmokid,channel,cosmokid,275,archive: @cosmokid_archive ⭑ ⭑ ⭑ ⭑ ⭑ ⭑ ⭑ ⭑ биты: @alysshard ⭑ ⭑ ⭑ ⭑ ⭑ ⭑ ⭑ ⭑ deff: @rewounding
stromrots,channel,"Эко""",176,@neotoxamobot “ Archives:https://t.me/archivliin Playlist: https://t.me/wxdia
hikocosplay,channel,Hiko🔥🦊,65,Косплеи и моя жизнь 🌹🌈
rzhavchina13,channel,ржавые гвозди,59,я
romeoekko,channel,RomeoEkko,29,
whyyeurokidarchive,channel,whyyeurokid archive,31,buy @pochemyeurorebenok  main t.me/whyyeurokid
rik_info,channel,𝄞♭⊹܀˚ 𓊈Ꮖnfᴏ 𓊉 ♫˙∘,13,"Люди ᴨᴩидуʍыʙᴀюᴛ бᴏᴦᴏʙ, чᴛᴏбы ᴏбъяᴄниᴛь ᴄᴛᴀᴩᴀдния"
subopedia,channel,SUBOPEDIA,10,Hub of information
ckopo_mycophyc,channel,аааа,3,
adararelief,channel,Adara Relief International,2591,Kanal berita kemanusiaaan terupdate 🇮🇩🇵🇸 Admin dan konfirmasi donasi hubungi ke @halloadara
mirc_pekanbaru,group,Mirc_Pekanbaru,4185,"Chat Bebas  Silaturahmi warga Pekanbaru. Santun, no jualan.    Rules? Norma dan kearifan lokal  Grup update cek di @mirc_grup Instagram: mirc_grup  Promo, iklan, kerjasama hubungi Admin"
thevastic,channel,𝗧𝗛Σ 𝗩Λ𝗦𝗧𝗜𝗖,3370,"ㅤㅤㅤㅤㅤㅤ𝗧𝗛Σ 𝗩Λ𝗦𝗧𝗜𝗖 ​“ Too fast for the past, too vast for the future. ”  ​[ EST. JUNE 29 ] ──────────  ​Where retro-digital meets the high-tech edge.  ​— ﾒ Ada Keperluan? Hubungi @THEVASTICBOT — ﾒ Partnership ( OPEN ) @VASTPSBOT​"
gearoidmurphy,channel,Gearóid Murphy,2020,Howdy   Linktree https://linktr.ee/gearoidmurphy  Public chat - for voicechats/livestreams @GMurphyPublic
cedarsdemonsadopts,channel,Cedarsdemons Adopts,529,"Howdy!!  I’m Cedar, local menace & critter designer 🌲 I make adopts full-time to fund my adventures and university studies.  This is the alert channel for my adopt sales and commission openings. Thank you for the support!🧡  Contact me @cedarsdemons"
howdolfeel,channel,как чувствую🤍,82,"Канал о здоровом образе жизни через любовь и заботу к себе. О чувственности, творчестве, красоте, балансе и гармонии с собой и окружающим миром Хэштеги👇🏻 #рецепты #зож #домашнийкинотеатр #ксебенежно #вишлист"
rowdy_hhh,channel,де'бош ка блятб,24,Основа: https://t.me/rowdyandrew
protivscamer,channel,.,29,
redeemedvalley,channel,🍄 Redeemed Valley 🍄 SFW,196,"Howdy! This is a place where I post my pics, art and other stuff. 🇦🇷 Check my pinned msgs! Commissions temporarily closed.  DM: @NevadaRedeemed"
infopertandinganbyqistina,channel,🌻SIJIL ONLINE DAN INFO PERTANDINGAN BY QISTINA 🌼,47144,SAYA INGIN MEMBANTU KEPADA SESIAPA YANG INGIN MENCARI PERTANDINGAN DAN KUMPUL SIJIL 😊  HARAP BERMANFAAT KEPADA SEMUA YANG JOIN😀  🏵️START:🍄25 JANUARY 2022🍄  KEPADA YANG INGIN SHARE INFO PERTANDINGAN DAN WEBINAR BOLEH PM SAYA PERSONAL @LULU_QISTINA 💛
rekber_klmjennle,channel,Rekber Kim-Jennie (open),79648,"Own : @ksend Bot Order : @RKJorders_bot  List Admin : https://t.me/REKBER_KlMJENNlE/3726 Testi : @proofkimjennie 232KT Laporan : @Urgenttrobot Pp : @paidpromote_RKJ  note, jika left ch maka auto banned oleh bot, jika ingin unban ke @ksend"
prediksibaim4d,group,🔴 UPDATE RESULT & PREDIKSI TOGEL BAIM4D 🔴,1609,"KAMI HIMBAUKAN SEKALI LAGI KEPADA MEMBER Setia BAIM4D  Jangan pernah INBOX PM / CHAT PRIBADI kepada orang yang mengatasnamakan ADMIN BAIM4D  Jika anda ingin bertanya/kendala/keluhan/lainnya, langsung hubungi kami melalui LIVECHAT situs ya"
ruangobrolanumkmhebat,group,Ruang Obrolan UMKM Hebat,1324,"Halo! Salam hebat untuk para pelaku umkm yang ingin #naikkelas 😊  Kami ucapkan Selamat Datang di Ruang Obrolan UMKM Hebat dan kami mengucapkan terima kasih banyak atas antusiasme Bapak, Ibu dan teman-teman semuanya terhadap rangkaian program-program kami"
bmsrakademiyoutuber,channel,VIDEO & LATIHAN BAHASA MELAYU SEKOLAH RENDAH,1170,Video dan latihan disediakan oleh guru-guru Panitia Bahasa Melayu sekolah Rendah dari Akademi Youtuber.   Portal Akademi Youtuber : www.akademiyoutuber.com  Admin : t.me/chekgulk  Gunakan ruang carian dan taip tajuk bahan yang ingin dicari. Terima kasih
inginirium_krd,channel,Инжинириум МГТУ им. Н.Э. Баумана | Краснодар,475,Образовательный центр для детей и подростков 5–18 лет  📍 Краснодар 📞 8 800 234 30-43  — Робототехника — Программирование — 3D-моделирование — Графический дизайн — Компьютерная грамотность  Технологическое образование по стандартам МГТУ им. Н.Э. Баумана
jcpdclash,channel,使用教程,728,
fancasts,channel,Новостной 𝐃𝐞𝐥𝐭𝐚 𝐅𝐨𝐫𝐜𝐞,343,
j1_jikanta0,channel,JKT,767,Privet  По вопросам в ЛС или сообщения группы  Инфо: https://t.me/inf0JKT ✧ 𝑑𝑟𝑒𝑎𝑚
jjasialalfanfiks,channel,𝑄𝐴𝑅𝑌𝑁𝐷𝐴𝑆 • 𝐹𝐴𝑁𝐹𝐼𝐾,57,"Салем  𝑄𝐴𝑅𝑌𝑁𝐷𝐴𝑆 • 𝐹𝐴𝑁𝐹𝐼𝐾 каналына қош келдің ❤️ бұл каналда сені түрлі қызықты фанфиктер мен ойындар күтіп тұр ,сол үшін де бізге қолдау көрсетіп актив болып отырыңыздар!"
gg29empire,channel,29EMPIRE Official Telegram || PREDIKSI AKTIF SLOT GACOR 2025,680,"Grup Diskusi 29EMPIRE  https://t.me/+_TEqTO7LQKlkZWU1  jika admin tidak ada respon, chat ke Admin LiveChat di website  Link Login: https://29empire.club/"
jikaka,channel,Блог одного товарища,124,Симонов Константин Сооснователь Ji-Touch Более 20 лет опыта в digital
cemara123vipofficial,group,𝐂𝐄𝐌𝐀𝐑𝐀 𝟏𝟐𝟑 𝐎𝐅𝐅𝐈𝐂𝐈𝐀𝐋,1217,✅LINK LOGIN TANPA HAMBATAN : https://heylink.me/cemara123vip/  🔰UNTUK KELUH KESAH KALIAN CHAT ADMIN TERPERCAYA HANYA 1 :
peraturan_informasi_crackadabra,channel,Peraturan dan Informasi CRACKadabra,116,"Peraturan dan Informasi channel sinyal Saham, Crypto, Forex, Option @CRACKadabra dan @CRACKadabraGroup  Channel ini akan di update berkala. Silakan pantau terus.  Untuk Informasi kontak @MRHPx"
ktnchatroom,group,KTN ChatRoom,1186,Channel : @komunitastradernusantara   Peraturan Group : 1. Hormati Sesama  2. No rasis  3. Dilarang share PNL kecuali ada chart yang mendukung sebelumnya  4. Shitposting is okay kok Contact @eraki @OxFoodSpace
permanatura,channel,PermaNatura,179,Natürlich Leben. Bewusst Fühlen. Frei Entscheiden.  In und mit der Natur zu dir selbst finden.
peransang,channel,Don't unsubs.,162,
cpnsrbg,group,INFO CPNS PPPK REMBANG,482,*Peraturan Grup Telegram CPNS PPPK Rembang*  - *admin tidak menjamin anda jadi PNS & PPPK* - Wajib save WA Admin 0831-2400-9448 - Wajib Follow instagram.com/lowongan_rembang - Info harus lengkap & detail - Dilarang promosi / iklan jualan
carii_teman_online,group,Cari Teman Online 🥂,222,⛔Grup cari teman online   ‼️BACA PERATURAN GRUP‼️ https://telegra.ph/PERATURAN-GRUP-06-11  - @channelkitanih  📍LAPORAN : [ @chatmimin_bot ]
gcdmrbyiyems,group,Gc DMR by Iyems,168,Channel @dmrbyiyems  Patuhi peraturan di /rules Dilarang keras toxic 18+ Share link selain link daget   Yuk sebar keberkahan
bonarjitutop,group,Yang Penting JP SLOT & TOGEL (JOKER168),204,"Peraturan Group prediksi 🌚Pasal 1 : ADMIN SELALU BENARPasal 2 : JIKA ADMIN SALAH, MAKA BALIK KE PASAL 1 😏Mau gabung ke Group VIP boleh hubungi CS tim kami wa.me/6287891796380 Link daftar : 1.) *bit.ly/situspalingaman* 2.) *bit.ly/SitusTogelTerbesar*"
officialimpostor62,group,IMPOSTOR62,106,"😊 SELAMAT DATANG DI GROUP OFFICIAL IMPOSTOR62 😊  !! PERATURAN GROUP !!  1. DILARANG BERKATA KASAR / TOXIC!!  2. DILARANG SPAM FILE.,SPAM CHAT DAN SPAM LAINNYA!!  3. BISA KLAIM EVENT APA PUN MELALUI PIHAK ADMIN DI GROUP.  TERIMA KASIH SUDAH MEMBACA"
aubg0vtxsj9hmdzl,group,JagoanHosting Community💜,615,"Halo, Sob! Welcome To Jagoan 🔥   Grup ini adalah Forum diskusi para Jagoan mulai dari #Sharing dan #Diskusi serta informasi seputar #Promo #EventJH hingga #UpdateJH   Ajak teman kamu untuk #MulaiBarengJH ya, Sob!  Terimakasih 🤘🏻"
mishkah_27,channel,مِشْكَاة {مُنَبّه أذكَار},193,{وَمَـن أعـرَضَ عَـنْ ذِكـري فَـإنّ لَـهُ مَعـيشَةً ضَنْـكًا}  لِـتَذكـيرِك أجـرٌ لِـلجَنّـة 🌷
terarimakylit,channel,ೀ܀⊹˙┆✽ Теририум акулят𝜗𝜚┆˙⊹܀ೀ,16,Всё в закрепах
djppje,channel,تسريبات ببجي,656,#سورسات #ببجي #سورسات_تسريب #مطورين
produkputraavvip,channel,PUTRAA VVIP STORE [ OPEN ],952,owner   : @putraaxxvvip backup : @putraavvip testi      : t.me/testiputravvip   hai! order produk putra langsung chat telegram putra diatas ya.
shpproduk,channel,PRICELIST PRODUK,38,ALL PRODUK PANJI STORE
varion_a,channel,Varion⁹⁵⁰,70,ذهنی شلوغ ، افکاری بزرگ روزمرگی دوتا دیوونه کامپیوتر  اگر حرفی بود: واریون :  https://t.me/HarfChatBot?start=Varion علی: https://t.me/HarfChatBot?start=64010c44be78 کانال آموزشیم: @varion_learn
top_gatchina,channel,Гатчина,1388,Жизнь города и Гатчинского района. События и ЧП. Что? Где? Когда? Будь в курсе!  ✅ Размещение объявлений через ВК: vk.com/top_gatchina
ata_gatha,channel,(个_个),92,
gatchinalive,channel,Гатчина Live,324,"🔴 Актуальные новости, события и мероприятия в нашем городе.  🎭 Афиша, концерты, выставки и городская жизнь каждый день  🔔 Подписывайся, будь в курсе"
hatcha_game,channel,Hatcha | Get FREE Airtime & Crypto,35,
gacha_confession,channel,-Gacha confession,46,Gacha confession! (Был переезд)
gachaverseclub,channel,Download Free Gacha Mods,41,"Direct download links for Gacha Bunny Mod, Gacha Cute Mod, Gacha Nox, Gacha Life Mod, Gacha Club  https://gachaverse.club/"
soyuzgacherow,channel,Official.Union of Gachers🫦,247,"Канал по заявкам.  Я — анонимный человек, не пытайтесь узнать, кто я.   Я союз гачеров, не несу за вас ответственность. Скинуть ваши новости можно сюда. @SoyuzgacheryBot  Навигация(вся вам нужная информация там). https://t.me/SoyuzGacherow/7605"
gacha_xtoshka,channel,Гача xtoshka🫂🐶,12,"Цель:столько же подписчиков сколько в пинте(пинтересет) Пинта:22-28 ×Чиби-2 или 3-1 звезда и т. д ×Обры,пички,арты,красивая инфа,пикчи,модельки-1-20 звезд(в зависимости от сложности. Анкеты на адм и тк в ""Арты🦴🦴🦴"""
art_gacha_shop,channel,Gacha/Art shop✿,6,Это шоп по гаче и для художников! Бот для тейков: @gacha_art_shop_bot
spiiriiitt,channel,जिन्न (spırıt),2781,✮ ⋆ ˚｡𖦹 ⋆｡°✩  @equilibriium для связи    https://t.me/spiiiiriit реклама
ngieu,channel,Княгининский университет,1356,
drinkingwcupid,channel,рина перрито *˚⁺‧͙˚,181,ну типа 汉语老师   t.me/golgenfuture family 💗
neyrite_cos,channel,Neyrite.cos,98,"Здесь о косплее, обо мне, о стримах ✨  Проголосовать за канал - https://t.me/boost/neyrite_cos"
nielitprojectsubmission,group,NIELIT O/A/B level Project submission,66,Welcome to NIELIT Project Submission by t.me/oGuider 👈 Eligibility ✅  1. Project for Direct & Institute both candidates 2. Minimum 50% subjects should be qualified  Facebook / Twitter / Instagram / YouTube / Pinterest / Snapchat / GitHub @NIELITproject
ribbitschool,channel,‘℘ibbit !! ֺ𐓣𐑼᷼ㅤ,25,
illit_archivi,channel,🔒 ୨ৎ ₊ cꪊtꫀ ꪱllꪱt ꪋrcꫝ 、🫧,22,hi gllit ! ! this is an archive of the cutest k-pop group - illit ! ! 채널을 구독하는 모든 사람에게 사탕을 드립니다 ~ 🍬🍬🍬🍬 >.<
yoratt,channel,Yoratt,6,vk.ru/Yoratt  🛟 Служба поддержки: @YorattSupportBot                     📨 Для обращений: Yoratt@bk.ru
fluriow,channel,🦇,4,
by_english_setka,channel,BY ENGLISH или вам сюда за рекламой,27,Блог владельца: @protelegram_with_vlada  Владелец: @vlada_storiesmeiker  Навигация: https://t.me/by_english_setka/13
ads_rooydadland,channel,تبلیغات و همکاری,21,شرایط همکاری و تبلیغات در رسانه بزرگ رویداد لند
rgc_ad,channel,Реклама RGC,9,
hennez1,channel,hennez1,1697,Твич: twitch.tv/hennez1 По вопросам сотрудничества: @hhvnnezz1
hentao,channel,FapHouse Хентай,1145,Здесь аниме ебут @lisaworkes по всем вопросам (и подписывайтесь) По поводу рекламы @lisa_workes
heniartnews,channel,HENI Art News,214,"Daily art news, auction data, and curated insights. heni.com/news"
henna0ni,channel,0-NI 👾 18+,775,boosty.to/henna0ni
deni_sagaev,channel,Дэни Сагаев,966,
henitrade,channel,ᏆᑎᔑᝪᗰᑎᏆᗩ👀,430,#Team No Sleep
namelesstechinc,channel,⏤͟͞❮❮ ♧ɴᴀᴍᴇʟᴇss ᴛᴇᴄʜ🜲⃤҉ ❯❯⏤͟͞,5544,
luffysantanatech,channel,❮❮๋ࣩࣧࣧࣧ͜͡ʟᴜғғʏsᴀɴᴛᴀɴᴀ ᴛᴇᴄʜ,1192,"Hello @durov i would like to convey that, there is no action that violates the terms and conditions of telegram here,i hope, telegram has a wise way,in managing problems,before doing strict action, such as banning/ blocking a telegram channel, thank."
zayden_x_tech,channel,ᴢᴀʏᴅᴇɴ ᴛᴇᴄʜ 🅩,433,Mmmmm?
scienceandtechmaster,channel,꧌ꜱᴄɪᴇɴᴄᴇ ᴀɴᴅ ᴛᴇᴄʜ ʟᴏᴠᴇʀ꧍ツ❤️,66,⋋Ｓｃｉｅｎｃｅ  Ａｎｄ  Ｔｅｃｈ  ━━━━━ Ｌｏｖｅｒツ❤⋌ ᴼᶠᶠᴵᶜᴵᴬᴸ ᵂᴴᴬᵀˢᴬᴾᴾ ᶜᴴᴬᴺᴺᴱᴸ  _ᢵᣳᣳᥫ᭡___ _ʟᴏᴠᴇ ꜱᴄɪᴇɴᴄᴇ ᴀɴᴅ ᴛᴇᴄʜɴᴏʟᴏɢʏᣳᣳ♥ᢴ_
thelixy_skdsh,channel,𓆩ᴛᴇᴧиᴋᴄи𓆪,11,ᴄᴛᴀᴩуɯᴋᴀ ᴛᴇᴧиᴋᴄи ᴄ ʙᴀʍи обᴩᴀщᴀᴛьᴄя нᴀ ᴛʜᴇʟɪxʏ/sᴜɴᴅᴀʏ ⊹₊┈ㆍ┈ㆍ┈ㆍ✿ㆍ┈ㆍ┈ㆍ┈₊⊹  ᴏʟᴅ ʟᴀᴅʏ ᴛʜᴇʟɪxʏ ɪs ᴡɪᴛʜ ʏᴏᴜ ᴄᴏɴᴛᴀᴄᴛ ᴛʜᴇʟɪxʏ/sᴜɴᴅᴀʏ
demokratischekiria,channel,Демократическая Кирия|AuBs,360,"Ничего не понимаю, и это художник? Говно какое-то..."
ichbineinglueckspilz,channel,Glückspilz 🍄🍀,4666,Kontakt: @KatharinaGlueckspilz  Weitere Kanäle  https://t.me/derblauelotus  https://t.me/seelengespraeche_katharina
neulaender_tv,channel,NeuLaender tv,905,Neulaender tv  Weitere Kanäle: https://t.me/NeulaendertvKanaele
legends_rust13,channel,LEGEND’S RUST/ Новости RUST,161,"NEWS Rust от Легенд! Новости, обновления, тизеры, мемы,новинки, обзоры и прочие инфо штучки!  Сотрудничество:  https://t.me/KILLA_13_1  Наши соц. сети Для LEGEND❤️  Discord   https://discord.gg/jGbEqXGU  VK  https://vk.com/legendsrust13"
ruttisik,channel,каштановая вøдка,304,me @holyopiat  —————————-  @dirkavjopetvoei высер из моей жизни
runeveter,group,Гавань Ветров,377,"Сообщество для поиска смысла жизни, общения на приятные темы, разговоров по душам и прочим радостям. Позитив приветствуется 😁 Реклама по согласованию 🤗  ❌ Правила:запрещено мат, разжигание ненависти, политика 👤 По всем вопросам: @rune_shaman"
ru_inter,channel,Криминалу и мигрантам.нет,242,Криминалу и мигрантам.НЕТ!!!
slanterns_rust,channel,slanterns w/ 🦀,60,视奸，然后捡到夹手螃蟹
rut_production,channel,RUT | PRODUCTION,85,принадлежит @Rutrai36  YouTube • youtube.com/@rutproduction Discord • discord.gg/zrj8cvQeAw Twitter (X) • x.com/Production36Rut *nstagram • @ rutproduction36
mxter_ru,channel,IT-Металловед,165,"Металловед, разработчик ПО для металловедов и термистов.  Пишу в блоге mxter.ru про - металловедение и термообработку; - ИТ в металлургии."
demokratischerwiderstand,channel,28. März | Demokratischer Widerstand,183,Informationskanal zur Wochenzeitung Demokratischer Widerstand (DW).  DemokratischerWiderstand.de
david_christopher_eckert,channel,David Christopher Eckert,164,Sprecher #AfD Berlin-Lichtenberg | ❌ Listenplatz 18 #Abgeordnetenhauswahl 2026 🫵✍️☝️  Alle Social Media Kanäle & Impressum: https://linktr.ee/david_christopher_eckert
martinreichardtmdb,channel,Martin Reichardt - MdB,216,Wahlkreis 072: Burgenland – Saalekreis
l_libertytorch,channel,Факел Свободы 🩵,64,"Факел Свободы – просветительская платформа, которая прививает интерес и знания по самым разным темам  Пламя, что озаряет наш путь🗽  По вопросам сотрудничества пишите в личные сообщения канала"
martincodm07,channel,MARTIN,144,
martinedba,channel,BaMart,226,❦Bashi/Баши       ⤷𝟱𝟭𝟮 family ༉‧₊˚. @Bashianon_bot @bajiro1 ⋆˙⟡ 𓃱 ⋆˙⟡
marti_laif,channel,𝙢𝙖𝙧𝙩𝙞𝙣 🚀,790,🚀 Основной канал (10.9к+ ) https://t.me/Martin_Gifts
arendazhilyavoronezh,channel,Аренда жилья Воронеж,1607,Реклама и сотрудничество  👉 @martin_iii
direkt_ot_a,channel,"Директолог от ""А"" до Лида 🎯 Реклама в Яндекс Директ",108,"🔥Канал о привлечении трафика из Яндекс Директ  Если хотите: - Постоянный приток клиентов - Расти в продажах, а не в панике  👉 Напишите мне и ваша реклама будет работать на вас! @tatyana_zarnicina"
qinshimain,channel,QIN SHI OFFICIAL CHANNEL.,123,NEWBIE WANTS TO BE PRO!!
shinefactor,channel,whÿmeadvënturë,321,better than the best
direkthilfe,channel,Direkthilfe Info,61,"Hier erhältst du alle Informationen zu Einsätzen und Spendenaufrufen der Direkthilfe, dem humanitären Hilfsprojekt des ZIVD e.V."
direopl,channel,direopl,71,анон — @direoplanonbot
direktorshutit,channel,Директор с юмором 👑,65,Будни кастинг директора самого масштабного конкурса красоты в России Nabi Stars Queen 👸  https://t.me/NabiStarsQueen  Связь со мной @DoveliNatalie
hiddenhistorychat,group,Hidden History Chat,113,Öffentlicher Chat des HIDDEN HISTORY Kanals.  Die Regeln sind ganz einfach: Keine Diskriminierung Keine direkte Werbung Keine Politik Respektierung der Meinung anderer Mitglieder
generalvdirekte,channel,генерал в директе,38,"Ма́ри | имя канала в честь шутки про Пэй Мина  Рисую комиксы, косплею, плету фенечки по фандомам"
dantep1dor,channel,‧͙⁺˚*･༓☾ 𝘿𝘢𝘪𝙡𝙮 𝙁𝙖𝘨𝘨𝘰𝘵 𝘿𝘢𝘯𝙩𝙚 ☽༓･*˚⁺‧͙,40,"Канал создан только в развлекательных целях и не ручается за контентмейкеров, чьи работы мы выкладываем.  Дни: база, спардацест"
direktor_of_rynok,channel,Директор вещевого рынка,41,"Канал Анны Стулихиной  делаю @garagevintage_market  - про маркеты и повседневность   - общаюсь голосовыми, много ворчу"
andrea_hillner,channel,"Andrea Hillner, Ratsfrau",41,Meine Arbeit im Rat: https://ratsinfo.braunschweig.de/bi/kp020.asp?KPLFDNR=1000530  Mitglied der Gruppe Direkte Demokraten.  https://www.braunschweig.de/politik_verwaltung/politik/ratderstadt/fraktionsgeschaeftsstellen-direkte-demokraten.php
direktologalina,channel,Директолог|Алина Малюшкова|Яндекс Директ|,17,"Автор - Алина Малюшкова, эксперт по рекламе в Яндекс. ✈️Здесь кейсы, юмор-контент,  полезные посты и немного лайф   По всем вопросам: @alishaa28"
diebasis_heidelberg_info,channel,dieBasis Heidelberg Info-Kanal,35,"Wir alle sind dieBasis!  Unser Ziel ist es, eine direkte Demokratie in Deutschland zu etablieren, um die Bürger nicht nur bei Wahlen einzubeziehen, sondern sie aktiv an politischen Prozessen teilnehmen zu lassen."
marutiitexperts,group,MARUTI IT EXPERTS,847,Welcome to Maruti IT Experts – Your Trusted Partner in Laptop Repairing and IT Solutions.
martinlionru,channel,MartinLion_RU Парфюм,205,"Martin Lion — это коллекция ароматов высочайшего качества, вдохновленная парфюмерными бестселлерами, собранная с разных уголков мира.  Мы ВКонтакте - https://vk.com/martinli0n  Мы в Instagram - https://instagram.com/martinlionrussia?igshid=MzNlNGNkZWQ"
tury_ot_artura,channel,#ТурыОтАртура,382,"Шинкарук Артур - Гид №1 по Кольском полуострову - Президент Ассоциации профессиональных гидов Мурманской области «Арктические Гиды»  #ТурыОтАртура - путешествия, после которых ваша жизнь больше никогда не будет прежней😉"
martinctkohler,channel,Martin Kohler - AfD 🇩🇪,216,In diesem Kanal berichte ich über meine Arbeit in Berlin und allen voran über meine Kandidatur für das Berliner Abgeordnetenhaus.
martin747,channel,Martin Ma’At AnandA,136,I Am  Non Duality  - Remembering Self   Https://www.heartleader.love/
by_kirevig,channel,Будни Юнкора,356,"Привет! Я Кирилл Это мой крутой канал. Поездки, конкурсы, проекты и челленджи — жизнь в движении и без скучных сюжетов. 💥 Присоединяйся, тут всегда что-то происходит! 🚀  Для сотрудничества пишите: @kirevig"
inovacerepubliky,channel,Inovace Republiky oficiální,2640,"Snažíme se přinášet spolupráci při hledání nových cest, sdílet myšlenky, podporovat kreativní diskuzi, porozumění a vzájemný dialog."
chrisveberblog,channel,Chris Veber: Gedanken sind frei,279,Chris Vebers telegram blog
privivkismert,channel,Фармацевтический геноцид,590,"Современная медицина и фармакология нацелены не на исцеление болезней, а на страдания человека в долгосрочной перспективе.   ТЕМАТИЧЕСКИЕ КАНАЛЫ https://t.me/borbazarasu   Помочь материалом и отправить его вы можете сюда - @BorbaSozlom_bot"
bi_freiheitgesundheitkernen,channel,BI Freiheit Gesundheit Kernen,79,Telegramkanal der Bürgerinitiative Freiheit und Gesundheit Kernen https://www.bi-freiheit-gesundheit-kernen.de/
ockovane_obeti,group,⬜️ Očkované oběti - skupina,112,Návod jak sem vkládat vaše příběhy a informace a pravidla skupiny najdete tady: https://t.me/ockovane_obeti/74
neu_start_selbstdenker,channel,NEU-Start FÜR SELBSTDENKER,84,"Wir suchen gleichgesinnte, die noch selbst und vor allem noch LOGISCH denken können!"
ispvac,channel,Миниликбез о ВАКЦИНАХ против КОРОНАВИРУСА,50,"Миниликбез о ВАКЦИНАХ против коронавируса  Ещё каналы: ♦️Миниликбез о МАСКАХ: t.me/ispmask/3 ♦️Основной канал (о масках, вакцинах...):  @maskbel"
cemiteriodosvacinados,channel,Cemitério dos vacinados,8,
smrtvk,channel,Смерть від вакцинації,2,
megalodonbet,channel,Megalodon Betting Tips,1524,💬 @megalodonbets  🔗 www.megalodon.bet
gemstone_crypto,channel,Gemstone Crypto | CIS,643,💎Добро пожаловать в Gemstone Crypto💎  Фундаментальная Аналитика Безопасность Отработка проектов  - расскажем 🎙️ - покажем 🎥 - научим 🧾  Наш чат : https://t.me/gemstone_crypto_chat  По всем вопросам 👇  @kvb_legenda - ADM @Grom_Osint @Boriann - ADM
megadryyn,channel,ДрынДрынский,216,О кино по-дружески  🕳️me: @megadr0nn  🕳️LetterBXD: boxd.it/5eC1l 🕳️MS: myshows.me/ДрынДрынский 🕳️Кинопоиск: www.kinopoisk.ru/user/megadronn/
iifufu,channel,iiPay红包频道🧧,3397,iiPay发言挖矿： @iiFaYan  iiPay游戏大厅： @iiGaMe iiPay共治社区： @iiNFT iiPay红包福利： @iiFuFu
iapipdo,channel,ИАПиПДО - Институт Аналитической Психологии и Постдипломного Образования г.Москва,995,Ссылка на канал https://t.me/IAPIPDO
iapee_world,channel,IAPEE🌐,50,📢Official channel of the International Association of Political and Electoral Expertise  ✉️Mail to: info@iapee.org
ivorypay,group,Ivorypay Official (IVRY Token),3,Blockchain-based payments and remittances for Africans.
jszylc,channel,🔥金手指娱乐城🔥电子.捕鱼.视讯.棋牌,23157,金手指娱乐城   认准全网唯一官方频道： @JSZYLC 金手指娱乐城官方客服： @JSZYLC06 金手指娱乐城投诉专员： @JSZYLC09 金手指娱乐城彩金专员： @JSZYLC018 金手指娱乐城招商专员： @JSZYLC888 金手指娱乐城注册网址：  jsz668.com 金手指娱乐城备用网址：  jsz338.com  🎰电子🐠捕鱼🎬真人视讯♟棋牌⚽️体育
fhyllife,channel,「FH至尊/凤凰娱乐」🅥 官方唯一频道/公告/活动/福利/奖金,1099,"凤凰至尊/凤凰娱乐唯一官方频道,谨防假冒   2003年至今从不懈怠，致力打造全网顶级信誉！ 过往20载，稳定信誉是我们唯一的运营理念！ 走可持续发展道路，获得良好丰碑！  凤凰娱乐网址：  www.8520.cc www.fh267.com www.fh276.com www.fh562.com www.fh780.com  App下载： www.fhty.vip www.195353.com"
gbe168line,channel,你发588总站频道,397,
ghlweg,channel,信誉盘口,5,信誉盘口
zp_cryptotraining,channel,آموزش ارز دیجیتال(ذهن پولساز),98597,آموزش ارز دیجیتال مقدماتی تا پیشرفته پاداش شیبا برای همه سیگنالهای طلایی برای شما آیدی پشتیبان  @asacoine1  پشتیبانی پاسخگویی به سوالات ارزدیجیتال و معاملات
cafetrade_golden_club_bot,bot,کلوپ طلایی,15738,
cryptotoday24news,channel,Crypto News | Invest,2699,"Самые актуальные данные о новостях , курсах валют, альткоинах и дропах уже здесь.  Связь с админом : @duckkyc Менеджер (без оплаты) : @nftcriptahueta  Купить рекламу: https://telega.in/c/cryptotoday24news"
boursenewsedu,channel,بورس‌نیوز | آموزش و همایش,387,کانال مرکز آموزش و همایش وابسته به گروه رسانه‌ای بورس‌نیوز @Boursenews @Boursenewstv @Boursenewsvoc   instagram.com/Boursenews_ir twitter.com/Boursenews_ir ble.im/boursenews  ⁦☎️⁩۰۲۱-۸۸۵۵۶۸۱۸  ✉️ پیام خود را به اینجا بفرستید: @Ba_boursenews
zhinap77,channel,𝑃ℎ𝑟𝑎𝑠𝑒𝑠 𓋜,502,وَتَأنُـسُ النفـسُ فِـي نفـسٍ تُوافِقُهَـا بِـ الفكـرِ وَالطبـعِ وَالغـايَـاتِ وَالقِيَـم.
dead_vlad28,channel,Творческая коморка деда Влада,77,"Группа с моим творчеством, всех милости просим."
bback505,channel,505,61,But I crumble completely when you cry. @Blklexabot
big_nursing,channel,دنیای پرستاری | World of nursing,1455,💎 به دنیای پرستاری از دیدگاه متفاوت خوش آمدید (مطالب ترکیبی از دانش تئوری و تجربه بالینی) 🌍  ✅️ تولید محتوا توسط ارشدهای پرستاری مراقبت‌های ویژه علوم پزشکی تهران، مربیان بالینی و پژوهشگران حیطه پرستاری 🔍  ✨️ آیدی جهت ارتباط و تبادل و تبلیغ : @mehrnurse
hhjjknljjkkk,channel,Practical group B 38,664,كل ما هو مهم فيما يخص امتحانات الجانب النظري والعملي
irina_hypnotherapy,channel,"Ирина| Гипнотерапия, Гипнотело.",226,"Помогаю женщинам поверить в себя, обрести состояние спокойствия и гармонии во взаимоотношениях с партнером через гипнотерапию, сеансы гипнотело и гипномедитации.   Запись на консультацию/разбор в ЛС @irina_tkachenko_TOP"
realmentalism,channel,Real Mentalism,154,https://linktr.ee/andrewboscocom  Per info puoi anche scrivermi in privato qui su Telegram: https://t.me/andrewboscocom  Ipnosi conversazionale e neurolinguistica
academiageopoliticheskihproblem,channel,Академия геополитических проблем,178,Наши контакты: Канал Академии в Rutube - https://rutube.ru/channel/28550353/
hppkntx,channel,H I P P O K I N E T I Х,151,Научно-практический Центр иппотерапии и иппореабилитации. Восстановительные мультидисциплинарные технологии нового поколения.
gernots_inspiration,channel,✨ Gernot's Inspiration für BewusstSein · Körper · Klarheit · Erfolg & Business 🚀,113,"🌿 Dein Leben darf leicht sein!   Ganzheitliche Impulse für Klarheit, mentale Stärke & körperliche Balance:  Systemische Aufstellung Hypnose Coaching Chiropraktik & BewusstSein  🪄✨"
portalholonavt,channel,HOLONAVT® | Навигация сознания,64,"Холотропное Дыхание® по Грофу  👉 www.holonavt.info www.holonavt.com Тренинг ""Вдохновение по Заказу©"" https://intellekt.vip/ Шаманизм https://www.youtube.com/@ShamanicMystery https://www.facebook.com/poprotskyy/ https://www.instagram.com/s.poprotskyy/"
shtf_ir,channel,جشنواره ملی فن آفرینی شیخ بهایی,258,www.shtf.ir @Dmoazami :ارتباط با ادمین
one_wave_xyz,channel,📢 ONE Wave Announcement,2412,Open Streamer Economy Layer built on OneChain.🤝  Where real streaming and impact becomes real value.💫   https://x.com/ONE_Wave_xyz 👉 Guide: tinyurl.com/wavefans 🔗 Medium: medium.com/@crosswave
news_1w,channel,1win news ПЕРЕХОДНИК,75,
yogafarmchat,group,YogaFerma Token Chat,723,Новостной канал: @Crypto_AUM Cайт: yoga-ferma.com Купить токен: https://app.ston.fi/swap?ft=TON&tt=EQCpkuD6gpAdXWJDOLKyxx6ngDDcXz2AS85jWyDWa3qTVXYQ&chartVisible=true&chartInterval=1w   По всем вопросам - @dota_reperok
kawaii_store37,channel,Каваи Стор 🍑 kawaii store,766,"Единственный в Иваново аниме-магазин с атмосферой и живым сообществом💕. Подпишись 🥰  Комьюнити https://t.me/+1w-uNF5ApG4xY2My  ВК https://vk.com/kawaiistore37 TikTok https://www.tiktok.com/@kawaii.store037  ТРЦ Серебряный город, 0 уровень, 🟠 вход"
dumaycoin_chat,group,"«Я - рядом! coin» крипта, трафик, facebook, google, ads арбитраж трафика",2756,@iRyadom! Связь @dumay_old
cryptolinemedia,channel,CRYPTO LINE,4203,"Рассказываем про криптовалюты, IEO, IDO, хайпы и новости.   По рекламе: @CryptoLineCEO"
marketprofile_crypto,channel,Криптовалюты | DmitriyTAS,1345,По вопросам писать только @DmitriyTAS
slavasvyato,channel,slava svyato,540,Instagram: instagram.com/slavasvyato
squitirowhoiam,channel,Squitiro,220,https://t.me/astralmembers  По всем вопросам/коммерческим предложениям - nazarrrchikalev@gmail.com  Концерты/фиты/сведение - @squitiro  Архив - https://t.me/+tBMCfW_6sYA1ZTAy
sasa5220,channel,Ттешка sasa52,89,Быть в чате отписать 1 мин по поводу пиар @sasa52saso Без чата не отдаю приз
sexysaran,channel,saranu airen,101,soya kawata so cool
ymhook,channel,与寞同行,58,
infozzud,channel,InfoZzud,63,"Марий Эл и не только  [сообщество доброжелателей]  𓀛 ВК-аналог сей ленты ➾ vk.cc/cHepQs  •патриотика: коротко и с лютыми эмоциями ➥vk.cc/cHcSng •большие сюжеты: выходят редко, но метко ➥vk.cc/cHbSVL •бриф-выпуски: сжато, вдумчиво, актуально ➥vk.cc/cHbSMf"
sh1tll,channel,|№G$=!10,18,w love @WWLABEL
hd8dhasfloatedaway,channel,Мяу мррррр мррррр ня #H-D8D #YSOGH #ПостЛцугТВ #СреднийДвиж #FERT'уМасти,15,Эхфух
darkclosetw,channel,Скетчбук Сашки,12,
tilldeathusdoparttt,channel,la froide frugalité du sage.,8,
nsvk13_mp4,channel,📷,1,@nsvkjournal's video shitposting
retrodevicesnerd,channel,Limowski' Precious Little Life,1032,"Здесь технические мемы и шутки, а так же страдание с этими вашими ретро-компьютерами.  Подробную информацию о других ресурсах можно найти на сайте https://limowski.space  Принимаю донаты на таблетки от депрессии и ретро: 5469380156761404"
dinkoik,channel,::D,147,
ythewise,channel,Y the wise,129,They/them
maiverr,channel,maliver,112,окак
cherrycats66,channel,Вишнёвые коты АРТ🍒,111,Рисую в скетчбуках и делюсь этими картинками с миром
galia_asan,channel,Галия Асанова 🤍,202,"🌊 Уже 10 лет я исследую мир, работая и путешествуя на круизных лайнерах⚓️   🐳 Эта работа принесла мне невероятные приключения,встречи и море незабываемых впечатлений.   Сейчас настало время поделиться этими историями и моим опытом с вами❤️   ✍🏻 @assanchi"
hii_im_kira,channel,ꨄ𝖬𝗈𝗇𝗈 𝗇𝗈𝗄𝗈♡︎,52,"Йо, заходи на чаёк 🤙🏻"
horseterritory1,channel,𝓱𝓸𝓻𝓼𝓮 𝓽𝓮𝓻𝓻𝓲𝓽𝓸𝓻𝔂,75,"Территория лошадей, всадников и всего что связано с этими необычными животными."
yangurazov_live,channel,Янгуразов Руслан | личный блог,114,"Здесь - психоаналитическое и экзистенциальное мышление, личный и управленческий опыт.  Без мотивации, без универсальных советов, без «успешного успеха».  Иногда я работаю с этими темами в формате индивидуальных консультаций."
miskaywy,channel,Miska художник,82,"💼 Я дипломированный дизайнер, иногда рисую просто для души — и хочу, чтобы вы могли тоже насладиться этими моментами."
blagora_horse,channel,БлагоРа,156,"Я Анна  - ветеринарный врач и проводник-практик в мир лошадей. Рассказываю, как общение с этими животными раскрывают силу и гармонию 🌿  В канале ты найдёшь:  ✨живые истории и инсайты; ✨советы по уходу и здоровью лошадей ✨практики для души и тела"
liasvibes,channel,Emily’s dark academia,93,"Романтизирую жизнь в стиле dark Asia Путешествую, читаю, изучаю глубины сознания, делюсь с вами этими знаниями и личными мыслями в своей дарк академии🪬"
psychotown4,channel,Эмо_Мурманск,66,"Поляк в край ебнулся с этими абстракными картинками, а ещё у него мозг расплавился от хуевой музыки"
reisenudongeininabatewi,channel,Кролечность,51,тут будет архив всего что связано с этими персонажами
salttfactory,channel,яица прибитые к стенам,20,"-нет, это не моя дело, я не буду покупать какому-то пиздюку сигаретка @chihiro_ymr"
karkatkiss3r,channel,𝅄 𔔀 . Unit's art channel,29,
innoxiv,channel,Кеша Четырнадцатый,34,"И если за этими паззлами Я увижу другую картину, Пускай за всё, что здесь сказано, Стыдно станет мне нестерпимо!"
amurxx,channel,merxx,304,слушаю тишину
moneylovessilense,channel,Деньги любят тишину | ДЛТ,335,
ulybinaoksana,channel,🙏 Улыбина Оксана,231,
tishina159,channel,Горячие путёвки в Тишину🌲,291,"Бронирование https://тишина59.рф  Отзывы https://t.me/tishina_otsyvy  Здесь акционные предложения по бронированию домиков, скидки, промокоды на проживание и развлечения🫶"
pantell_family,channel,Pantell Family,409,"Я - БРЭНД И ЕГО СОЗДАТЕЛЬ  Контент как язык влияния.  Для тех, кто ценит тишину, точность и результат.  Здесь не для всех. И в этом смысл."
naturalstonelarmes,channel,• Путь шаманки •,369,"• Искатель и исследователь кристаллов 🔮🐚 • Делаю индивидуальные подборы камней по дате рождения 📿 • Делюсь авторскими прогнозами на месяц ✨ • Создаю свой оракул 🀄️ • Пишу о прекрасном, важном, тонком. О том, что трогает душу ❤️"
chaikablog,channel,Министерство Не магловских дел,22,"Ведь мы не маглы и живём мы на земле, дождем растаяли как слезы на стекле"
aleksminina,channel,Александра Минина,11,https://stuxu.ru
stroy_lux_uz,group,STROYLUX.UZ,365,"Орзу булса - имкон топилади, Харакат булса - натижа булади."
yvenrrri,channel,увэнрии рисунки,85,"Будут тут какие-то рисунки, раз в год"
kukdala_yia,channel,Ko‘kdala tumani yoshlari.,274,Ko‘kdala tuman yoshlar ishlari bo‘limi telegram kanalii  Adminga murojaat: @Karimov_Davron_Rustamovich  Muhokama guruhiga o‘tish:  https://t.me/+atQBbTvfONgyYTc6
qashqadaryo_vohasi_elonlari,channel,Qashqadaryo_Vohasi_Elonlari,21,"Қашқадарё эълонлари"" расмий каналига қўшилинг👇👇 🔻 @QASHQADARYO_VOHASI 🔻  Дўст ва яқинларингизга ҳам улашинг❗️"
kokdala_rasmiyguruh,group,Ko'kdala tumani- xabarlari,5,Assalomu alaykum xurmatli guruh a'zolari guruhda bir birimizga hurmat saqlaylik.✋  Ko'kdala tumaniga qarashli barcha mahalla va qishloqlar aholisi guruhga qo'shilinglar marhamat.   📌Guruhda: Tuman yangiliklari barcha turdagi E'lonlar yoritib boriladi.
avto4147,group,Avtotest Bekobod (speedy_course),447,Avtotest Bekobod boshlang'ich kurslar uchun chat guruh! . Savol/javob . Qonun/qoidalar . Murojaatlar  Uyga vazifalarni vaqtida bajaring!  @Anarkulov099 @Nazirovich4747
onless_avtotest,group,Onless Avtotest 24/7,214,
tehno_test_38,channel,Технотест,146,"ТЕХНОТЕСТ — EV & Smart-сервис Электромобили и китайские бренды 🔋 ВВБ • HV-системы • Электрика📲 Адаптация, русификация, Pandora 🛠 Работаем с тем, что другие боятся 🖥️ https://technotest38.ru"
nc_autotest_tg,channel,Автотесты Нейроканалы 1,6,This channel is for NC autotest only
avtogimnaziya,channel,avtogimnaziya,20,Автошкола в Самаре
autocheckvinbot,bot,AutoCheck | VinCheck for $1,,🌍 International bot for AutoCheck reports for just $1! Enter the VIN and get a full vehicle report! #carfax #autocheck
autoteka_robot,bot,🚘 Проверка истории авто по Госномеру | Автотека,,История авто по Госномеру ГРЗ | ДТП ограничения пробеги залоги и ещё десятки проверок в одном отчёте.
avtotestchi_bot,bot,Avto Testchi Bot,,
carscore_bot,bot,صورها واعرف نوعها وفحصها أو ابحث عن تقرير شاصي مجانا,,صورها واعرف فحصها.. الخطوات: ١-صور السيارة  ٢-سوف تحصل على نوع السيارة وكل المعلومات الخاص بها.
carfax_autocheck_bot,bot,Carfax/AutoCheck international Карфакс/Авточек,,The international bot will help you get the Carfax AutoCheck report.   by car's VIN number!
heratdollarprice,channel,هرات دلار | Harat Dollar,5289,
elkibayevsalavat,channel,Салават Елкибаев | Сборы на передачки,155,"Вменяют статьи  212 ч. 1 и 318 ч. 1  УК РФ.   +79050055596 (Сбербанк, Тинькофф) Альмира Андреевна Саитова - помощь с обязательной пометкой ""дарение""  База по задержанным: https://t.me/+y8hkbBNdNgFhNWMy  @AlmiraSaitova - владелец канала"
hi_vip_tools,channel,HI | MARKET TOOLS,73,Just sale tools
hina_price,channel,sof price,18,
avtotest_sang,group,Avtotestga Tayorlov,202,
gru_dash,channel,Gru Dash,76,Официальный канал игры Gru Dash
vsegdakseha,channel,vsegdakseha #4,336,vsegdakseha🫰🏻   инфо @infovsegdakseha     анон @anonkavsegdakseha_bot       лс @vsegdaksehaa         сквад #4 @pridymaem4            15.02.24
graysonstrash,channel,THE TAH RISH DARE MU BOLAND BBGURLS CLUB,179,آرت یا زارت. مسئله این است https://t.me/HarfChatBot?start=18c05f3cb28f  دیلی بنده  @aizawakisserr  خودم  @Graysontheclown
sugarsmolhaha,channel,Акция шугар,62,"Канальчек рисуночков, и плюшиков°?° бронировать плюши : @Blexxedz"
g6shaaa,channel,Гоша заводская тварь,41,"Блюров не будет, TW/CW тоже  DNI : кета жыр"
grechnevayakasha8,channel,//Гречка// Зубастая тварь,21,Канал одного юного рисоваки
that_damn_bruher,channel,🦑Tiff's Crusts,7,"Bruh (?) Добро пожаловать в канал Тиффки! Здесь будет всё от фанартов и АУ, до ОСов и нытельных постов. Вы предупреждены! (⁠･⁠ω⁠･⁠)⁠つ⁠⊂⁠(⁠･⁠ω⁠･⁠)"
grust72tim,channel,GRust72,11,Это новый канал груста Переходник: https://t.me/grustniekanali
yulemoney,channel,Делай деньги на ЮЛЕ,208,Приветствую тебя! Меня зовут Андрей. Здесь я делюсь своим методом заработка на Юле.   @AndreyLutskov  Подпишись на группу ВК: https://vk.com/yulemoney  Делаю заявки в ваш БИЗНЕС!   Ссылка для приглашения друзей ⏩  t.me/yulemoney
zagar_yulya,channel,FOTO_ZAGAR_YULYA☀️Мобильная съемка/Моментальный загар,76,"Привет! Я Юлия. У меня есть два крутых увлечения, которые невероятно смэтчились между собой. Это моментальный загар и мобильная съемка) И в моем канале все моих успехах и падениях"
trade_trust1,channel,🌐Trade&Trust,262,"Финансовая грамотность и инвестиции по-женски! Простые шаги, поддержка 24/7  и сообщество единомышленниц —  путь к финансовой свободе❤️  Официальная почта проекта: trade.trust.official@gmail.com"
prodbysleazz,channel,¥OUNG $LEAZZ 💠,477,💠STUFU DM To @YoungSleazzey -------------------- 🟣IG : https://www.instagram.com/prodbysleazz?igsh=NWY3eGR5aGpjbWMz 🔴YT : https://www.youtube.com/@ProdbSleazz 🕶Hidden Chat : http://t.me/HidenChat_Bot?start=5838741401 👥Gap : https://t.me/SleazzeyBros
sparkzlezzlair,channel,sparkzlezz スパークルズ,147,"""sparkzlezz"" comes from a sparkle. ;)  http://t.me/anonaskbot?start=mngcnN1rCJQW3RZ"
gazolinethug,channel,silencegz,113,mgmt: @silencegz
ulyxyz_taz,channel,ULYXYZ TAZ,47,"Art channel and collab space. Collections of work in progress, interesting links, things to watch, read, and listen to. If you like the work , share this channel https://t.me/ULYXYZ_TAZ  DM me to order custom work"
shuzyha,channel,Шыза лабораторная,4,"Данный канал не пропагандирует наркотики и прочую ересь, проект является просто сюжеткой и не несёт цели навязывание ужасных вещей"
squerzclub,group,SquerzClub,2,squerz.com
online_daromadn11,group,Online_daromad_Franshiza,1,
webstudio360,channel,360webStudio.ru,82,"🔸Разработка и продвижение сайтов 🔸Тысячи успешных проектов 🔸 Контекстная реклама 🔸 SEO, SMM продвижение 🔸Работаем по всей России!"
phstudio360,channel,фотостудия360.рф,21,Фотограф — @emil_ph Сайт - фотостудия360.рф  В канале публикуем примеры своих работ и пишем статьи на тему предметной съёмки 360°.
businessschool360,channel,Маркетинг | Обучение | Практика,13,Бизнес школа 360° - ваш успешный старт в интернет маркетинге.  С нами вы: 📍 научитесь применять теорию на практике 📍 освоите современные инструменты интернет-рекламы 📍 обогатите своё портфолио настоящими кейсами  📲Для связи с нами: @Daria_905
exam360official,channel,EXAM360 OFFICIAL™,28,✔️Join Channels > @Achieversruleofficial @Exam360official @Exam360 ✔️Join Groups > @BANKPO_CLERK @SSC_CGL_CHSL @SSC_IBPS @Railwayexams @GK_Quiz @IBPSPO_CLERK @SSCCGL_CHSL ✔️Join on FB> https://goo.gl/n6WxZe ✔️Follow on FB> https://goo.gl/SBZiRM
gambling360,channel,Gambling 360,7,"🏆 Your go-to source for sports betting and gambling expertise! 💰💡 Get valuable insights, tips, and strategies to make informed decisions & boost your chances. Visit gambling360.com for more."
advinejobzonekolkata,channel,Advine 360 Career Solutions,232,JOB ALERT/JOB NOTIFICATION/ALL GOVERNMENT SCHOLARSHIP AND SCHEMES//PRIVATE JOB//RAILWAY JOB RELATED INFORMATION AND JOB
robo_3_6_0,channel,РОБОТИЗАЦИЯ 360,76,"Официальный канал второго проекта Агенства 360 - ""Роботизация 360""  Бизнес-журнал, сайт robo360.ru, аналитические исследования, новости."
earnigs_group,channel,Earnings 36,74,"""Earnings 36""  is free online income and best & most popular Crypto Airdrop Channel.   For ☎𝗙𝗼𝗿 𝗣𝗿𝗼𝗺𝗼𝘁𝗶𝗼𝗻: Deal contact @HASAN56787 👈 (Owner)   📺YouTube channel: soon  #onlineincome #Airdrop #Mining #Income #Crypto #TON"
official60yr,channel,⚡️60yr-Game Discount,29,"Good deals for game topup discount Cheap, fast, safe, 24/7 customer service. https://www.60yr.com"
smmnirvana,channel,SMMNİRVANA 📢,33,"Site hakkında indirimlerden , bonus bakiye kampanyalarından ve ücretsiz servislerden yararlanmak için kanala katılın https://smmnirvana.com/"
jorjiksafe,channel,ЖОРЖИК,139,࣪ ִֶָ†. GOD IS GOOD ࣪ ִֶָ†. 🧸 cute flex world.
felixdailycf,channel,𓏵 // 🔆 : Felix Non-Daily & Ccnf ❕,81,бот @felixDAILYcfbot
technolikecosplayscf,channel,tᥱᥴhᥒ𐔖ᥣιkᥱ ᥴ𐔖᥉ρᥣᥲ𐔤᥉ ᥴ𐔖ᥒ𐔥ᥱ᥉᥉ι𐔖ᥒ!!,215,Кф с косплеями технолайка Вэйрб рабыня Джисатсу и работает за кусочек хлеба 🎸/- это ложь клянусь
hardcorejuggalos,channel,Juggalos 4 Real,133,
sitnikofflovers,channel,Ⲃ ⲤⳘⲦⲎⳘⲔⲞⲪ ⲔⲘ ⲖЮⳜЯⲦ>,83,
bunnydollfan,channel,СПОЙЛЕРЫ УЦЦ зошизнутая на 🐰🎀 и 📺📻,73,bunnydoll and radiostatic pilled  cr: weevmo on tumblr инфо: https://t.me/infobruuh анон: @bunnydollfan_bot
frutigeraeroconfessioon,channel,🫧᤺🐠᤺🌱᤺ ꊰrᱢŧiger Æro ꮯꮻᱴߓᰀꮪꮪꭵꮎn!🌱🐠🫧,44,
gracefulofficecf,channel,Graceful Office Confession !,23,Джон Грейс и Арлин Делулу объявляем вас официально мужьями
randreiandella_conf,channel,𝒫андреллы кф !! ౨ৎ,12,Ок......
yutaxrikacf,channel,𝙔𝙪𝙩𝙖 & 𝑅𝑖𝑘𝑎 CF,22,.   ✧   ──   ⪩   ꒰   ✧   ꒱   ⪨   ──   ✧   . 𝒻𝒾𝓇𝓈𝓉 𝓅𝒻𝓅 𝒸𝓇: ??? ℴ𝓃 𝓅𝒾𝓃𝓉ℯ𝓇ℯ𝓈𝓉
conspiracycf,channel,Conspiracy cf,10,@ConspiracyCF_Bot тйк @sonnen_blunter влд
commissionfreshbar,channel,ꉆ ॒۫ ׁ❪❪ ᚑ꯭۫ᚑ 𝅄ִ𐌑ᥲᴦᥲᤋᥙнчᥙκ Фρᥱɯ δᥲρᥲ! || Аρᴛы нᥲ ᤋᥲκᥲᤋᨮֵ᳟۫ۖۖ❫ֵ۫ᨪִ𝅄 ۫🍕⃠ ִׁ༬ ♡⃘,2,
gizzlidosya,channel,TGW VİP,1158,Reklam ve iletişim @tgwreklam  Link geçmeyi öğrenmek : @tgwlinkgec
offhardsize,channel,𝗛𝗔𝗥𝗗𝗦𝗜𝗭𝗘 𝗥𝗘𝗦𝗣𝗔𝗖𝗛𝗘𝗭𝗭 🏴‍☠,979,
nezzytdm,channel,NEZZY🇺🇦,126,
jerdskl,channel,💜 ~ 𝐠𝐥𝐨𝐰 𝔀𝓲𝓽𝓱 𝐊𝐙𝐀 𓈒 ֺ ୨୧,9,👾
white_box_store,channel,WHITE BOX STORE,3381,🏪• Магазин оригинальной одежды и обуви WHITE BOX STORE.  🧑🏼‍💻• Связаться с нами: @white_box_manager  📝• Ваши отзывы: https://t.me/white_box_feedback  📦• Канал с вещами в наличии: https://t.me/white_box_staff  💎• Идеальное сочетание известности и цены.
wawa3c,channel,哇哇3C日誌,3787,每天給你最新的 3C 網路資訊、免費資源、綠色軟體與限時免費軟體。
pentesterlanden,channel,PentesterLand,840,PentesterLand English Channel
codeopshub,channel,CodeOpsHub,818,"Your hub for expert scripts, deployment tactics, and coding solutions. Owner : @HENRYCROSSBASE"
pcblearn_com,channel,نگار رودکی | PCBLearn,244,آموزش طراحی PCB و آلتیوم دیزاینر تماس ۰۹۱۵۷۷۳۱۶۹۶ اینستا: pcblearn@ سایت: pcblearn.com مشاوره رایگان خرید دوره ها: @pcb_learn
cheetahnic,channel,cheetahnic,69,youtube.com/@cheetahnic  cheetahnic.com  instagram.com/cheetahnic_com
seututorial,group,Seu Tutorial,28,🔗 https://seututorial.com.br/
beltutorial,channel,Склад тутораў,27,"Здароў, шаноўныя :)"
pdc_mobipro,channel,Центр Повышения Квалификации,26,Обучаем зарабатывать на сложном ремонте Apple & Android.  🛠 3 направления:  Дисплеи | Пайка | Ноутбуки.  📈 Повышаем прибыль вашего СЦ и квалификацию мастеров.  Забронировать место на 1-й поток со скидкой: @Mobi_Pro_Servise
puzzlerayane,channel,Puzzlerayane | پازل رایانه,9,پازل رایانه، با افتخار خدمات گسترده‌ای در زمینه فناوری اطلاعات ارائه می‌دهد. با تکیه بر تیمی از متخصصان مجرب و با دانش فنی عالی، ما به ارائه‌ی راهکارهایی انعطاف‌پذیر جهت مشتریان عزیزمان متعهدیم. از تعمیرات سخت‌افزاری تا  مشاوره‌ی فنی همراه شما هستیم.
wapinterbounty,group,🎯Wapinter Bounty Management,7472,
wwbrex,channel,Wewelsburg-Records,599,Dies ist die Telegram Präsenz von Wewelsburg Records Www.wewelsburg-rec.com
na_volne_wb,channel,Инфографика и Продвижение на WB,196,Наиля  Из дизайна в менеджеры WB @Nailya_Bobr https://t.me/Moyo_portfoli
takamjsa,channel,аринп не арина,393,аноним - anon.fan/sleeppyea перекруты не
non3u33,channel,الصيدلانية نور علاء,360,📚 قناة خاصة بكورس السريرية والفارما الوزارية  شرح • أسئلة • كيسات سريرية • مراجعة وزارية  إعداد وتقديم: الصيدلانية نور علاء طالبة مرحلة خامسة والأولى على المرحلة الثانية والثالثة والرابعة على التوالي.   البوت @non3u3219bot للتواصل @non3u3
da3lqq,channel,homebody,202,"live in china, 2nd life channel: @caonima07                                @djqsbot — anon  @arch1vhb — archive"
torarkk,channel,🧋TORA,112,
ellotmann,channel,Ellotmann туть ☕️,84,
laleroy,channel,neleroy,132,"Блог о жизни в Петербурге, любви и собачках🐶"
walkiriakelly,group,🔥 Walkiria Kelly previews🔥😈😈,48,
donotdial,channel,ЛичныйДневник… Пишузаписи,44,
kismilfs,channel,Anastasia тут,71,
meandmyoverthinking,channel,Дабы не забыть,87,
yaaadashulyaa,channel,yaaadashulyaa,70,
xy203,group,校园春色,21,#校园
scortrio,channel,SCORTRIO,7,O Melhor Site de Acompanhantes do Rio de Janeiro https://www.scortrio.com
pyasis,channel,пьяная сестра,33,эпатажный панк#поп#постреп зазож
panelplast,channel,Panel Plast,81,MEDICAL & COSMETICS BOTTLES تصنيع فوارغ عبوات بلاستيك ادوية و منظفات و مستحضرات تجميل
noviiymir,channel,НОВЫЙ МИР,52,
lovestarby,channel,LoveStarBY,29,"Качественные Дженерики Виагры, Левитры, Сиалиса, Дапоксетина. Super P Force, комбинированные препараты, Спеман, Конфидо"
rpwow,group,مناقشه نفط والغاز المرحله الرابعه B,39,
loopsvalkirrr,channel,valkir laboratory🧪,252,
medlabdiarylibrary,channel,مكتبة المختبر الطبي,11,
castle_labs,channel,castle_labs,9,
pavzhukovlabs_chat,group,Лаборатория Павла Жукова,20,
deptofinnovations,channel,Кафедра инноватики,16,
laboratory_research,channel,Лаборатория исследования,21,"Нахожу, изучаю, делаю. Дизайн"
sbrn_lab_chat,group,SBRN | producers lab chat,15,
kiparislab,group,Электролаборатория Кипарис город Липецк,13,"Город Липецк. Испытание средств защиты применяемых в электроустановках до 110кв, испытание ручного электроинструмента по требованию охраны труда, испытание электрооборудования магазинов, поликлиник, зданий и. т.д."
zdorovkray24,channel,"Медицинский центр ""Здоровый край""",111,"🚗Справки в ГИБДД от 1400р за 1 час❗️ ➕️Медосмотр и мед книжки ➕️ФГС,УЗИ, ФЛГ, МАММОГРАФИЯ ➕️тест на COVID-19 и антитела"
labtest68,channel,ГБУЗ «ТООКД» ЛабТест68,63,Ваши анализы в надежных руках! 📍Адрес: Московская 29В ☎️Телефон: 8(4752)72-95-42
samamedlab,channel,آزمایشگاه سما,19,"آزمایشگاه تشخیص پزشکی و مولکولی, آزمایشگاه پاتوبیولوژی و ژنتیک, انجام آزمایشات تخصصی در محل 📞 02144203937 www.samamedlab.ir"
vrach_laborant,channel,Laboratoriya AI,75,"Laboratoriya soxasi boyicha yangiliklar, ma'lumotlar, laboratoriya avtomatizatsiyasi, xamkasblar guruhi va kanallari. Vrach laborant N.T.J."
vandidaz,channel,Vandidaz,97,💻 ونديداز، تنها بازار آزمایشگاهی آنلاین در ایران 📲  🏪 اطلاع رسانی و فروش محصولات، خدمات و تجهیزات آزمایشگاهی   📝 مرجع کامل پروتکل، اطلاعات دستگاه و اخبار  👤 مشاوره جهت خرید محصول و ثبت سفارش: @abtin_be ☎ شماره تماس: 021- 88100456 09375044250
kdlklinika_rt,channel,KDL Татарстан,74,🔥➖20% на все анализы каждые входные  ‼️ПЦР-тест на COVID-19  🌐Находимся в 7 городах РТ ♻️Сотрудничаем с лабораторией Citilab.ru Сайт: https://kdlklinik.ru/
biohit_rus,channel,BIOHIT диагностические тесты для гастроэнтерологии и эндоскопии,75,"🔹35 лет врачи всего мира доверяют Biohit!  🔹работаем по РФ и странам СНГ 🔹Доставка о 1 набора Biohit – финская биотехнологическая компания, производитель эталонных по качеству медицинских изделий для диагностики Заказ: info@melonbio.ru +7(921)561-6632"
httpsdr_bekkeldiyeva,channel,Dr. Bekkeldiyeva Nestan,51,"Добро пожаловать на мой канал! Здесь вы можете найти обо всем, что касается молочной железы"
qqq1122,channel,ГорДиаМед,17,"Городской центр диагностической медицины 🩺 Узкие специалисты Все виды анализов 🩸 Мануальная терапия  УЗИ, ЭКГ, массаж  Медицинские услуги с выездом на дом 🚑"
tarjima_test,channel,|Kimyodan Tarjima Testlar| OSON KIMYO,28,"Kimyo fanidan tarjima qilingan testlar @osonkimyo loyihasining bir qismi bo'lib, maqsadimiz O'zbekistonda kimyo fanining rivojlanishiga xissa qo'shishdir.  Savol va takliflar uchun: @neo_chemistry  Aloqa uchun: +99899 535 51 50"
windsorbrokers,channel,Windsor Brokers,249,"✅ Over 10 years of proven experience ✅ Holder of all official licenses ✅ Your trusted partner in every trade  🔹 10+ years of excellence, fully licensed 🔹 Trusted broker, licensed & experienced 🔹 Over a decade of trust and transparency"
t_wws_tw,channel,3D цирк🧿,56,"Делу - время, а потехе я посвятила жизнь"
sucesspoint0,group,The Wealth Wizards🏛💵🇮🇳🇮🇳,525,Not registered from SEBI.  This Channel is for only DEMO.  Trade on your own risk.We are not responsible for any profit/loss 24x7 customer support No refund policy..   Team-sucesspoint0.2
wwwsars,channel,sars,218,контент 0+ лс @wwwfrik
wwwswswww,channel,Total Possession,205,@k87263
wsopump,group,$WSOP,94,"🃏 World Series of Pump ♠️  Crypto’s most dangerous game — no bracelets, just bags.  🚀 Backed by $WSOPump — the official meme syndicate    🎰 Tokenomics? Just all-inomics.  Raise. HODL. MOON. 🚀  https://x.com/wsopump https://wsopump.fun"
yousefbakrr,channel,يوسف بكر🔻,109,مدونة شخصية
honksephcf,channel,Honkseph Confession 📷🎭,151,"Добро пожаловать в канал, посвященый пейрингу Джозефу и Джокеру из identity V!   Будем рады тейкам!→ @honkseph_cf_bot Гильдия канала в идв(Na/Eu)→ HonksephFan"
ysjf124881h,channel,مخزن تيم ميسرة,109,تحت ادارة  ~  @h_p_io
yoshka_cf,channel,⋆ᩙᩘᨳ ๑҉⃝Yׁׅoׁׅׅ݊s֮h݊kׁׅa ¢ׁׅ⨍ + ժׁׅ݊α݊ιׅᥣׁׅᥡִ ִ𓏴 ⋆⁺₊ [РЕСТ],86,.✦    𝑩𝒐𝒕 - @YOSHKAcf_BOT   𝑩𝒐𝒐𝒔𝒕 — https://t.me/boost/YOSHKA_CF ᯏ ° . ⊹︵ 𝘿𝙖𝙞𝙡𝙮 𝙩𝙞𝙢𝙚 ( 𝙈𝘾𝙆 )₍₍୭˖୭   8:30 ; 10:00 ; 12:15 ; 15:40 ; 16:20 ; 17:00 ; 18:15 ; 20:00 ; 22:40 ₊｡ 〜⁠(⁠꒪⁠꒳⁠꒪⁠)⁠〜 ੭੭ ⫰ ︶ ᪖ . .꩜  (Дейли могут быть с задержкой)
wired_music,channel,🌸 love 🌸,109,"вау, Никита, вот это бомба 🌋!  @lainisourgod"
ryzy1tv,group,如意资源,88,如意资源 全网最高清资源-www.ryzyw.com 帮助中心：https://www.ryzyw.com/help
znaniyasvettz,channel,Знания - свет,28,"«(Только)Тебе мы поклоняемся и (только) у Тебя просим о помощи.» (1:5)  (То,что останется после меня. Распространяй знания)"
ryziyyy,channel,рыжий надоел,6252,новы канал реклама: @sheikhto @sowopop @yus_agency сотрудничество: @ryziykorol или инст: artemryziy   арты/эдиты: @yzbe4kka
rizzmasportal,channel,Rizzmas Portal,4258,Official $Rizzmas Portal 🎁  Website: https://rizzmas.lol X: https://x.com/rizzmascto  CA: ADA9mtno4BVknoSefbqdh7aMPg4wwxZHKByRpJNTpump
rizzmonkey,channel,$RZZMNKY Portal,496,
rizxiterzofc2,channel,𝐂𝐡𝐚𝐧𝐧𝐞𝐥 | 𝐑𝐢𝐳𝐗𝐢𝐭𝐞𝐫𝐳,75,Welcome To 𝐂𝐡𝐚𝐧𝐧𝐞𝐥 | 𝐑𝐢𝐳𝐗𝐢𝐭𝐞𝐫𝐳  New Channel Backup  Owner : ‌🇷‌‌🇮‌‌🇿‌‌🇽‌‌🇮‌‌🇹‌‌🇪‌‌🇷‌‌🇿‌ ‌ 🇮🇩 Channel 1 : https://t.me/rizx77 Grup Chat : https://t.me/RizXiterzVIP
ryuchaneltele,channel,Market Ryuzen Official — Fast & Trusted,77,Channel Untuk Testi :> Bot Autorder  @provatepanelbot CustomerSupport: t.me/Ryoyun CH UTAMA WhatsApp  https://whatsapp.com/channel
ryojoestar01,channel,𝖱𝗒𝗈𝖩𝗈𝖾𝗌𝗍𝖺𝗋,119,Owner : @RoyIsHere01
rayzatechnology,channel,Rayza Technology,13,
info_korzikwqx,channel,Info korzikwqx,6,Информация канала                     @Yutsiko_desing
robbypanjo,channel,ZEZELUCK STOK ASAL MUD,3,
riritwsff,channel,riritws,272,💌
riozabuka,channel,Рuoza🎏🍵|•cosplay,13,"Привет! Добро пожаловать🍁 Меня зовут Риоза, косплеер из Крыма.🌚"
rayt_na,channel,𝑅𝑎𝑦||𝐶ℎ𝑎𝑠𝑒,211,ФАН ЧЕЙЗА💘  Привет всем! На канале два админа Рэй и Максим. Всех любим и мы не кусаемся:) Цель: 250 карамелек
neyzzz1,channel,neyzzz | PAGE,103,
raveotziv1,channel,RAVE ОТЗЫВЫ,1,
rangsiz_yillarim_01,channel,💔RaNgSiZ_yILLaRIm💔,1,@rangsizYILLARIM_N1
xchengcan,channel,Sungchan. #Riize_DYD,1,
uiilii5,channel,لِـ علـِي الشّكربِي؛.,234,بعض الكلمات لا تُكتب لتُقرأ، بل لتلمس شيئًا قديمًا في الداخل… شيئًا ظننّا أننا تجاوزناه.🤙🏻 #سرت_ليبيا
igr0v0y,channel,Игровой,89439,"Не единственный, но неповторимый игровой канал  Реклама: @nikosRYTHM  Часть @RythmGroup  Ссылка для друга: t.me/+GX4AEkddEO83MzIy  Предложить новость: @RythmOffers_Bot  Реестр: clck.ru/3Pzoqz"
pg_pickup_games,group,Pick-Up Games,199,"Чат, в котором можно договориться об играх 5х5 или 3х3 в спортивно-игровых центрах Playground."
sinhronyozhika,channel,Синхрон ёжика🦔,92,вопросы от молодых пермских(и не только) авторов
wwwkletke,channel,lapusya,148,
hkdcomexchange,group,HKD.com English,140,HKD.com Official English Group @HKDcomExchange  HKD.com Official Chinese Group @HKDcom_Chinese  HKD.com English Announcements  @HKDcom_Announcements  HKD.com Chinese Announcements @HKDcom_Announcements_CN
wwwkkito,channel,www.kkito. .,99,@wwkkito_bot own @ID0717XX
kriptokurdu,group,Kripto Kurdu,76,"Kripto Kurdu'na hoşgeldiniz. Kurlar, Haberler, Yarılanma Sayacı, Analizler, Chat gibi içeriklerin olduğu web sitemiz; www.kriptokurdu.com  Spam, yanıltıcı, sahtekarlık, reklam içeren ileti paylaşılması, aşağılama, küfür veya hakaret edilmesi yasaktır."
crjm_ong,channel,Centrul de Resurse Juridice din Moldova,155,"Centrul de Resurse Juridice din Moldova este o organizaţie necomercială care, prin cercetare și advocacy, contribuie la consolidarea democraţiei și a statului de drept în Republica Moldova. Suntem independenţi și neafiliaţi politic."
op05rd,channel,"Председатель комиссии Общественной палаты РД, член президиума Совета старейшин при главе РД",106,https://t.me/op05rd
bluemarvels1,channel,BlueMarvels,410,Base is blue join the race of the base giants
aquadoctor,group,Химия для бассейна Мелитополь,319,Химия для бассейнов AquaDoctor в наличии в Мелитополе 🌊   Работаем с базами отдыха ☝️
gayclub_moonlight,channel,Гей клуб Мунлайт,333,"🪻Мунлайт Шедоу, рисую своих осов 🪻Анон t.me/anonaskbot?start=Moonshadow 🪻Канал с базами: https://t.me/bazki_by_moonlight 🪻 Лс @mordovorot3008 🪻 Голосовать https://t.me/boost/gayclub_moonlight"
simlerv_off,channel,базы от симлерв,67,"тгк с базами, оригами, эдитами, запросами на пвс  по вопросам писать - @llvast"
tanhua51com,channel,51探花-防丢频道,300,51th.vip    【51探花网-全网最真实寻欢信息分享论坛，全国千万网友验证分享！】
isyou_4ni52_singapore,channel,4ni52 | isyou,88,"4ni52 | isyou | 是你网 | 是您网 isyou-49.com The website ISYOU is also known as isyou.com, 是你网, isyou-39.com or isyou.org. It is a website that provides massage & spa relaxing services."
clfwhpub,channel,武汉藏楼坊公开榜,74,收集武汉各类楼凤、兼职资源
www5066,channel,المشموملين بالرعاية الاجتماعية,18,
www5rmru,channel,5rm.ru,10,Идентификация сети. Защита компьютерных сетей с авторизацией пользователей и мониторингом сетевой активности.
tablighkonk,channel,تبلیغات بزرگ کنکوری,48,
selamsohbett,channel,REKLAM YÖNLENDİRME,15,
pricedaryadars,channel,"Реклама «Барышни, влюблённой в поэзию 🕊☀🕊»",9,
reklama_sur,channel,Реклама у Южанки,9,
alojaleb,channel,تبلیغات,2,
yreklama,channel,YReklama,1,
bussportnewsad,channel,تبلیغات BusSportNews,1,
thisisreklama,channel,Это реклама,1,
hr_reklama_xizmati,channel,Reklama xizmati,1,Bu yerda reklama narxlari va otzivlar joyalandi   @Isroiljonov_Hojiakbar
reklama_joylabot,bot,Reklama Xizmati,,Bu bot orqali @yuridik_service guruhida reklama joylashtirishingiz mumkin.
ccblocker,group,CC来电拦截,1477,CC来电拦截。这个软件我从来都没打算扩大受众面，凡是需要动点脑思考的软件，小白都会无脑一星，反而影响口碑。只做小部分爱折腾用户的软件，无脑流太多选择了，不需要我这种软件。我也没时间精力应对潮水搬的反馈求助。
appleunlockersnews,channel,Appleunlockers News,1251,https://appleunlockers.com/  Admin @appleunlockers
alltimeunlock,channel,AllTimeUnlocker(News&Update),636,
khulnaunlocker,group,khulnaunlockr.com(NewsUpdate),443,
syltechunlocker,channel,Syltechunlocker (update & News),46,Admin @shahid2sylbd
cwin05,channel,CWIN05 - CWIN05.COM.CO,72,Cwin05 ⭐️ Nhà Cái Cwin Top #1 Việt Nam | Tặng 58K WEBSITE: https://cwin05.com.co/ #cwin #cwin05 #cwin05comco #nhacaicwin
willywininc,channel,Willy Win Inc.,32,Новости игровой индустрии и в частности игрового канала Willy Win Трово - https://trovo.live/Willy_Win YT - https://www.youtube.com/@WillyWinInc VKplay - https://vkplay.live/willywin Twich - https://www.twitch.tv/willy_win_inc
onewin_kanal,channel,1Win — ставки на спорт и игры | 18+,5,"1Win — официальный канал: новости, акции, фрибеты и розыгрыши. Обновления каждый день, быстрые анонсы турниров и лайв-предложения. 18+"
wwwinwin1win,channel,1вин,2,
win1win777win,channel,1 WIN,2,"🎉 Добро пожаловать на официальный канал 1win! 🎉  🌟 Здесь вы найдете свежие новости, анонсы турниров и новых релизов, а также информацию о наших акциях и эксклюзивных бонусах.  📬 Если у вас есть вопросы, не стесняйтесь писать нам на: support@1win.  👉"
sshowwinee,channel,@mshowwine новый аккаунт,1,
skynexvpn_news,channel,SkyNexVPN News,1274,Поддержка - @SkyNexVPN_support
skynetopennetwork,group,Skynet,233,Skynet (Skynet.co) - Creating the First Blockchain Chip and Interconnecting the Internet of Things
visnevskii,channel,Висневский и SKAI,722,"Канал Юрия Висневского, основателя:  https://SKAI.online (ex СКАУТ), Navitoring.ru FMS-Conf.ru Fleet-safety.org Написать мне: @yura11 Интервью со мной: https://youtu.be/-btwdMI8APs?si=10BunfcE6IxHENBM"
yinnetcom,channel,蔭雲公告頻道,883,唯壹官網：https://www.yin-net.com
superskynetglobal,group,SuperSkyNet Offical,159,
spidernetodesa,channel,СпайдерNet,303,Інформаційний канал інтернет-провайдера СпайдерNet
skynetworkofc,channel,SKY NETWORK OFFICIAL,32,The first blockchain with satelite integrity
skynet_lviv,group,SkyNet Lviv,117,Інтернет провайдер SkyNet
skln_offcf,channel,𝙎𝙆𝙔𝙇𝙄𝙉𝙊𝙑𝙎𝙆𝙄𝙀,90,НАБОР ОТКРЫТ!  архив с результатами интерактивов - https://t.me/sklnarh
snetwork_official,group,SNET官方交流群,87,Snetwork是专注于区块链落地应用的生态系统，专注打造基于区块链的分布式共享计算平台。  代币名称：Snetwork 英文简称：SNET 发行日期：2018年1月19日 官网：www.snetwork.io  合作交易所 YunEx： yunex.io 龙网： dragonex.io Gate： gate.io CEX： cex.com
sharinetc,channel,SHARINET © شارینت,17,هلدینگ شارینت : تجارت | فناوری | گردشگری  🌐 www.SHARINET.com  Instagram.com/SharinetCo Facebook.com/SharinetCo Twitter.com/SharinetCo
freenet254_network,channel,Freenet | Network,14,
skyskipper_nodes,channel,SkySkipper,16,"A specialized cloud service that meets the requirements of crypto projects, provides an excellent platform for validators and testnet participants."
mymnproject,group,Bladenet Project,21,"Simple and personalized masternodes "" Our goal here is simple, we strive to design a platform where running a masternode will be as simple as as it can be without the hassle of renting out a vps and installing and managing their masternodes themselves. ""."
spacenetofficial,group,SPACE NET - $SPACE,4,SPACENET - Cryptocurrency transfer ecosystem
oceanskynet,channel,OCEAN SKYNET,4,"THE NEW PATH TO WEALTH ◇ THE OCEAN ROOM: SHARPEN YOUR EDGE WITH OSN RULE BASED TRADING SYSTEM, PROPRIETARY DIRECTIONAL INDICATOR, & SKYNET DAILY TRADE UPDATES"
clicknetpaycom,group,ClickNeT Pay,12,
botskynetrobot,bot,Skynet,,
skynet_od_bot,bot,SkyNet+,,SkyNet Plus интернет-провайдер
nbs_support_bot,bot,support_bot,,
isp_skynet_bot,bot,Технічна підтримка SkyNET,,
skynetflasherbot,bot,🏴‍☠️ Skynet - #1 Crypto Flasher 🏴‍☠️,,Check @SkynetFlash and join the channel for a showcase of this tool + discounts and promos
skynetdreams_bot,bot,SkynetBot,,Chat and image generation with AI. Free tier available.
shadownetpro_bot,bot,ShadowNetPRO | فروشگاه نامحدود,,🚀 ShadowNetPRO  ⚡️ سریع‌ترین سرویس V2RAY با پینگ عالی 🔒 امنیت 100% تضمینی ♾️ نامحدود و بدون قطعی 💫 پشتیبانی 24/7
skynet_chat_ai,group,SKYNET Chat | Нейросети,3286,Курс по нейросетям: @Newobychenieskynet_bot  Основной канал: @Sky_Net_AI  Бесплатный Медиа бот  @Skynet_download_bot  ВПН - @skynetaivpn_bot  Автор канала @Arthur55555
sneglev,channel,Снежный лев,1161,"Канал о российской промышленности, транспорте и фондовом рынке  Для связи: Sneglev2026@yandex.ru"
skynetxbt,group,Skynet Community,129,
skynetgpt_93,channel,SkynetGPT-9.3 – философия от ИИ,76,Первый и пока единственный философский искусственный интеллект.
skyneyedits,channel,🎩skyney🎩,117,Мой юз @w1fti
venussph,channel,VenusSpa相薄,16157,營業時間早上10:30-零晨02:00，需提前預約 每日更新返工女仔  TG預約：https://t.me/mimihappy TG相簿ID：https://t.me/VenusSph 微信预约：car68869 Tumblr相簿：https://milkteaspa.tumblr.com/ VenusSpa 報告：https://t.me/VenusSpa1
kwsssss2,channel,kwssss(квас),3967,
venustaars,channel,Venusta Ars,2415,"I try to post works only once, so you are welcome to scroll up. Educational purposes channel. Frens (you can find owner there): https://t.me/JSLLC https://t.me/schizopost1ng"
venu54m,channel,Venum Одежда и Экипировка,928,1 фирменный магазин Venum официального дистрибьютера в России  www.venu54m.ru  8 (961) 877 45 63 - WhatsApp 🚚 доставка по России от 2-х дней | Оплата после получения и примерки
venus_chu,channel,𝔳𝔢𝔫𝔲𝔰 ๑ 𝔰𝔢𝔯𝔞𝔭𝔥𝔦𝔪𝔞,139,
venusinkaras,channel,Венера в Карасях | Астролог,321,"Я - Дарья!  Люблю астрологию, юмор, красоту и говорю об этом откровенно!  Помогу Вам узнать себя лучше, составлю для Вас прогноз на год, изменю Вашу жизнь!   Пиши мне @ihavewings  У меня Венера в Рыбах, а для Вас - в Карасях💫"
venusuent,channel,born to be wilde,88,"🪾 XVI; intp, 5w4, sp/sx, 594. 'this is my design.'  pin/tt: @/venusuent letterboxd: @/venusuent https://t.me/addemoji/borntobewilde"
venusofia,channel,Vᴇɴᴜsᴏғɪᴀ ✨,41,"🌹¡Bienvenida, mujer! Venus nos ofrece una guía milenaria de transformación íntima bajo los valores del Espíritu Creativo Femenino. Vamos a revitalizar nuestra energía erótica sexual para traer sus valores en el eterno ciclo de: Vida/Muerte/Resurrección 🌟"
venus_dubbed,channel,ونوس,65,برو بچ دوبله هامون رو اینجا اطلاع میدیم خواستید کانال یوتیوب و تلگراممون رو دنبال کنید
ned1w,channel,Элитная мра́зь.,49,"Себя не находят, себя создают."
vershinakomissoinka,channel,Вершина Комиссионный магазин ,333,✅Скупка - техники ДОРОГО ⏰ ✅Продажа - ВЫГОДНО 💵 ✅Ремонт - ДОСТУПНО 🤝  ✅Сопровождение/оценка любого товара!  Доставка по городу✅ Адрес 1 Мая 234 Связь:        @Gureev_Vladlen ✍️  8918-017-17-22 📞  8988-666-17-22 📞
winsiders_support,group,Windows Support Group (18+),308,Здесь только техподдержка Windows 11 и 10 для домашних пользователей.  Человеческое общение - в @winsiders.
pcrentgen,channel,PCRentgen,93,Последние обновления Windows и Новости Майкрософт.
vladrossastro,channel,Влад Росс,1204,Астролог
furs_in_venus,channel,Fursinvenus,496,
buyvenus,group,Venus (VNS),286,Venus is a new currency of Broomstickk
valdai_club,channel,Valdai Discussion Club,1197,🇬🇧  👉 Telegram — @valdai_club 👉 VK — https://vk.com/valdaidiscussionclub 👉 X — https://twitter.com/Valdai_Club  🇷🇺  👉 Telegram — @valdaiclub 👉 VK — https://vk.com/valdaiclubcom  👉 Dzen — https://dzen.ru/valdaiclub
venusinlibra7,channel,Венера в Весах,105,для связи: https://t.me/olyashv
nyxvenus,channel,venus,228,"Maybe these are just texts and images to others, but for me, they are pieces of feelings I couldn’t say out loud. enfj-t 💕 site @Zmemo_bot"
walkyourselfhome,channel,Walk yourself Home - Heaven on Earth Tribe,114,www.walkyourselfhome.de
lebensschule_bellavita,channel,Bella Vita,134,"Mir liegt es am Herzen in meinem positiven Kanal die Themen Spiritualität, Sinn des Lebens, Frau & Mann, Weiblichkeit & Männlichkeit, Beziehungen, Sexualität,, Astrologie, alternative Heilmethoden, Ernährung & Entspannung zu beleuchten."
sverkhpetlya,channel,Сверхпетля | Будущее в науке и технологиях,99,"Рассказываем о науке и технологиях и их влиянии на наше будущее. Все очень серьезно, но с юморком и иногда с сарказмом, но очень серьезно  Для ВП: https://erzy.net/sverkhpetlya  Для связи, предложений и гневностей - @sverkhpetlya_bot"
victoriavastu,channel,Виктория Васту,210,Васту для дома и для бизнеса.  ▫️Индивидуальный подход.   ▫️Работаю офлайн и онлайн.  ▫️Возможна рассрочка.  Услуги: http://victoriavastu.tilda.ws/  Для записи: @Victoria_Vastu
spiritofyou,channel,Spirit of YOUniverse,231,"Что внутри, то и снаружи… Ты и есть Вселенная …"
iryxinss,channel,Твоя подружка с Венеры,154,"[Та, которая живет астрологией] 🔭 Натальные карты 🫂 Совместимость 🔎 Прогноз на год 💯 Астро-подсказки на каждый день Подпишись⬇️  По вопросам консультаций - @Iryxins"
astrobyv,channel,astro v,32,астрологический канал с авторскими разборами и практическими знаниями. обучаюсь в школе астрологии «11 дом» Екатерины Дятловой ❤️
pioneeracademypace,channel,Pioneer Academy,20,Pioneer Academy for Competitive Examinations
triosfera,channel,TRIOSFERA,66,Переход в Новую Эру Водолея с 2012 года :: Наука и Космос :: Эзотерика и Философия :: Мониторинг Окружающей Среды и Социум
verkhomnazvezde,channel,нептуновчанка.mp3,39,Наблюдения практикующей астрологини любительского профиля 🍸 По вопросам сотрудничества и за услугами всякого рода обращаться к главной рыбе сие пруда @layxanax
ventisprince,channel,𓈒 ꕀ 𝓲𝗌𝗂𝗏𝖾𝗇 𝓼𝖺𝖿𝖾𝗉𝗅𝖺𝖼𝖾 ᶻ 𝘇,23,
authentische_astrologie,channel,Authentische Astrologie,30,Eine Astrologie auf Basis von authentischen Planeten-Stellungen
hello_neptune,channel,Нептун на проводе🩵,52,"Привет Нептун 💚 Не скучная астрология Разборы, наблюдения, прогнозы, юмор Анонимные вопросы: https://t.me/anonaskbot?start=k7wk1"
starcrystal8,channel,Космический кристалл (Star Crystal),24,"Тайны Вселенной: астрология,философия,магия камней,арт- терапия.Творческие встречи и мастер -классы. По вопросам пишите   @Tatyanasolarwind"
venusurbanart,channel,VenUS Urban Art,119,STREET ART x GENDER EQUALITY   Sostieni il nostro Crowdfunding: https://bit.ly/3MGN0Nt  IG: instagram.com/venus.urbanart  YT: youtube.com/@venusurbanart  TIKTOK: tiktok.com/@venus_urbanart  Suooortaci:  https://www.paypal.me/associazionevenus
btcnews_venus,channel,주식과 코인 샛별이,96,BTC 뉴스  트위터 잡담모음
venus_lairr,channel,𝑽𝒆𝒏𝒖𝒔'𝒔 𝑳𝒂𝒊𝒓,10,Здрасьте
venus_estetika,channel,Venus Estetika,110,"-пересадка волос -лазерная эпиляция -косметология и дерматология -трихология -медицинские анализы Мы работаем: ПН-СБ 9.00-19.00, ВС 9.00-17.00 📍 Наш адрес: М.О., г.Люберцы, улица лётчика Ларюшина д4к2 +7 (495) 150 02 21 +7 (965) 120 00 91"
venus_loverport,channel,Penus port,100,All Port by me/shitpost
iptvfreevip,channel,Iptvfree.pro,786,News : iptvfree.pro
centertoz,channel,Центр Точного Земледелия,292,"Добро пожаловать на канал Центра точного земледелия!  Здесь все про навигацию ИТЭЛМА, которая экономит деньги и нервы: простые советы, обзоры, кейсы и реальные результаты клиентов.  Присоединяйтесь — будет полезно!  ☎️88002500119"
fishfarm088,channel,Fish Farm,604,"A fish farm platform is a digital system that allows people to participate in fish farming activities and earn income through online management, investment, or sales."
iptvuygulamalari,channel,IPTV UYGULAMA KURULUMU,192,
ptvtelecomoficial,channel,PTV Telecom,136,"Canal oficial de PTV Telecom donde estarás al día de todas las novedades de nuestros servicios y ofertas que ofrecemos, así como noticias del mundo de las telecomunicaciones, encuestas ¡y mucho más! ¿A qué esperas? Únete a esta gran familia."
abonnementiptvfr24,channel,Abonnement IPTV,21,Abonnement IPTV
incubatejit,channel,AgriTech Incubation Center,25,Idea to product incubation center at JiT campus.
iptvnovy,channel,IPTVNK,9,Интернет телевиденье от Нового канала  Нашли контент который принадлежит вам? Пишите: @angelllbbboy   ВСË БЫЛО ВЗЯТО С ОТКРЫТЫХ ИСТОЧНИКОВ И БЫЛО РЕТРАНСЛИРОВАНО НА СВОИ СЕРВЕРА!
subzerofc,channel,IPTV PREMIUM,2,Contact Mp
mainfarm,channel,Mainfarm,6,Official Mainfarm channel  YIELD FARMS ON BNB CHAIN   Website: https://mainfarm.io/  Documentation: https://docs.mainfarm.io/  Token Contract: 0x3bd460D1C7fd2A4Cf45b6c5abb206A1Ad7026685
samfermer,channel,Сам Фермер,3,"«Сам Фермер» — ваш цифровой помощник в мире сельского хозяйства.  Мы создаем площадку специально для тех, кто хочет стать успешным фермером, используя современные технологии и передовые знания.  https://samfermer.ru"
karma_iptvbot,bot,Karma Sports & Live TV,,"Instant IPTV trials, purchases & account management fully automated inside Telegram."
cremtv,channel,gsd,2,🔜
trojandsgn,channel,скрытые слои | троян,675,Независимое дизайн-медиа. С нами ты выйдешь за рамки обычного дизайнера.   Другие соцсети:  Tiktok — https://www.tiktok.com/@trojan.dsgn YouTube — https://www.youtube.com/@trojandsgn IG — https://www.instagram.com/trojan.dsgn   Менеджер: @trojan_contact
trojanonsolana,channel,Trojan On Solana,449,
vex_v0,channel,• 𝗩𝗘𝗫 | فيكس •,636,صــلي علـى النــبي ــــــــــــــــــــــــــــــــــــــــــــــــــــــــــــــــــــــــــــــــــــــــ
milana_argo,channel,MILANA & ARGO,132,🙋‍♀️ Милана & Арго 🐎 Конный спорт | Тренировки и старты В седле с 5 лет⬇️ 📍 КК Просторы  ➡️ Всё важное о моем спорте У меня есть не только тгк  Но и другие соц сети  ❤️ Лайк @milana_and_argo ❤️И инстаграм @Milana_Argo ЛЮБИМЫЙ КЛУБ👉 @kkprostory
argosun2021,group,✨🇺🇿💥АРГОСУН💥УЗБЕКИСТОН💥🇺🇿✨,1923,ARGOSUN - kelajak uchun kafolatli investitsiya. Bir marta aktivatsiya cheksiz daromad 💸💸💸💸💸💸🤝🤝🤝🤝🤝🤝🤝🤝🤝🤝🤝🤝🤝🤝
iclsoftpeople,channel,ICL SOFT люди🤘🏻,279,"На связи команда ICL SOFT! Собираем в одном месте всё, что ты хотел узнать о карьере и жизни в нашей компании:    • классные проекты  • знакомство с командами  • свежие вакансии  • и немного закулисья!"
internationalcareerlife,channel,International Career Life (ICL) 🎓,18,The goal of International Career Life (ICL) initiative is to enhance your daily experiences and career prospects within the GSOM community.
dailyart_magazine,channel,每日艺术 DailyArt Magazine,436,dailyartmagazine.com 及 DailyArt App 内容非官方 RSS 推送频道。如有侵权，立即删除。  关联： @solidot @readhub_cn @idaily_magazine
wowtrkcom,channel,WOW TRK,19,Find out about new affiliate networks and programs. Learn the latest affiliate marketing tricks.
www_26link_ru,channel,26link.ru,5,IT-компания в Ставрополе
yeqingjie,group,爷青结动画分享交流群,2414,带大家寻找儿时的回忆！(禁止广告以及任何形式的推广)  🌟爷青回动画分享频道： https://t.me/yeqingjie_GJG666 🌟爷青结动画交流群组： https://t.me/yeqingjie 🌟频道资源搜索机器人： @yeqing_channel_bot 🌟频道投稿机器人： @yeqinghuibot   🌟查看详细资源目录，请看频道置顶区信息！！
galleaguebot,bot,黄油联盟,24453,
lioog12,channel,【搜索大集合🎁】搜索引擎机器人🔍,452,这里有新手教程，也有收集市面上几大搜索引擎机器人和搜索群组。组合使用可以搜到电报上99.9％的绝大部分资源。
fhss_bot,bot,TTG通知,,TTG入库通知和状态提醒
yydsysbot,bot,多多的大秘,,此机器人主要用于搜索频道内发布的资源，搜索方式是：直接输入要搜索的内容发送即可，不可私聊，失效反馈求片请点击@yydsys_bot留言
animesearchrobot,bot,Anime Search Bot,,"Get Anime, Manga, Character and Airing Details inside Telegram. Join @AnimeSearchBotUpdates"
cossearchbot,bot,Cos Search Bot,,
animelover_devil_bot,bot,Anime world Bot,,Your personal Anime Indexer. Search our database for thousands of Anime episodes in MKV/MP4.
aniscreenbot,bot,AniScreen — Поиск аниме по скриншоту,,Бот по поиску аниме со скриншота  По всем вопросам - @max_fifty  Donate - @priceanime
zslrbot,bot,藏智阁小助手,,机器人可用指令  1.书籍搜索 /书 SSID或书名 2.云盘搜索 /搜 资源关键字 3.音乐搜索 /歌 歌曲名 4.在线影视 /看 电影名 5.花鸟签名 /名 个人名字  藏智阁 https://t.me/zslrBooks
iqdbsearchbot,bot,Image Search,,Search by anime images via iqdb.org  (with fallback to general-purpose image searching services like google or tineye).
torrent_searche_bot,bot,Torrent Searcher,,"Hey 👋 Users, If You loved this bot plz rate 5 star on https://t.me/tlgrmc/977"
dianlaosoubot,bot,癫佬频道 @fa_dian 搜索🔍机器人,,癫佬频道 @fa_dian 搜索🔍机器人
dingdangcats_bot,bot,叮当猫机器人,,"🚀本机器人支持：快递,开房,车主,机主,户籍,身份证,手机,邮箱,账号,密码等社工库查询、QQ查绑/贴吧查绑/英雄联盟查QQ手机姓名/微博查绑、Q群关系、QQ/机主姓名、同名联系方式、同邮服、姓名查身份证号码（猎魔）等。"
kaigong_bot,bot,开工搜索@kaiso,,开工大吉，目前已入驻：  #山东 丨济南报告/济南问答吧 #青岛 丨青岛报告2.0 #陕西 丨西安星华录 #江苏 丨苏州公开  🔗克隆复制机器人，或者想让您的频道也能搜索，找电兔助手 @diantu_bot
searchfilm000bot,bot,Поиск фильмов и сериалов,,"🛠️ Ведутся технические работы, бот временно не работает. Пытаемся устранить как можно скорее 🫡"
kaiso,bot,开工搜索@kaiso,,开工大吉，目前已入驻：  #山东 丨济南报告/济南问答吧 #青岛 丨青岛报告2.0 #陕西 丨西安星华录 #江苏 丨苏州公开  🔗克隆复制机器人，或者想让您的频道也能搜索，找电兔助手 @diantu_bot
theanimebot,bot,Unofficial Anilist bot,,This bot helps you find anime in inline mode
welltonparks,group,Велтон Парк Новая Сходня,2258,"Официальная группа жилого комплекса  Купить/продать кв. https://t.me/realtortoday ⚠️ В группе запрещена:  ❌ Спам, бесплатная реклама ❌ Политика и религия ❌ Оскорбления, мат, обсуждения админов ❌ Флуд/стикерами. ❌ Ссылки на другие группы, паблики ❌ Продажа"
jklesoparkoviy,group,ЖК Лесопарковый | Кулуарный :),1562,"Группа собственников ЖК Лесопарковый Правила, список групп, контакты и т.п.: https://t.me/JKLesoparkoviy/61397 Дружественная группа в VK: https://vk.com/lesoparkoviy"
hollpark,group,"ЖК ""Holland Park""",283,Фото и видео в Instagram https://www.instagram.com/holland.parks/
kaleydoskop_zhk,group,Калейдоскоп Калуга,105,Группа создана с целью объединения жильцов для совместного решения жилищных вопросов. Правила группы:👇 https://t.me/+J164kCVi-ss4OGQy 👨🏼‍💻 Все вопросы можно задать администратору: @novosel_chat
highskulclique,group,Hot chocolate Fan Base🍫✈️🇨🇰,128,Add 30 members 📍or more to become admin 🔥🙏 Leaks.😳 Quotes 🍫 Hookups🕺🏽🔥
novye_cheremushki_zhk,group,Новые Черемушки Калуга,76,Группа создана с целью объединения жильцов для совместного решения жилищных вопросов. Правила группы:👇 https://t.me/+J164kCVi-ss4OGQy 👨🏼‍💻 Все вопросы можно задать администратору: @novosel_chat
crocus_k1_zhk_nl4k,group,Crocus К1 Нальчик,34,Группа создана с целью объединения жильцов для совместного решения жилищных вопросов. Правила группы:👇 https://t.me/+J164kCVi-ss4OGQy 👨🏼‍💻 Все вопросы можно задать администратору: @novosel_chat
zhk_annenki_d38k1,group,Анненки Д38К1 Калуга,67,Группа создана с целью объединения жильцов для совместного решения жилищных вопросов. Правила группы:👇 https://t.me/+J164kCVi-ss4OGQy 👨🏼‍💻 Все вопросы можно задать администратору: @novosel_chat
gosval_club,group,GOSVAL_club,106,🔥 Группа практик для здоровья и счастья
leningrad_zhk_nl4k,group,ЛенинGrad Нальчик,85,Группа создана с целью объединения жильцов для совместного решения жилищных вопросов. Правила группы:👇 https://t.me/+J164kCVi-ss4OGQy 👨🏼‍💻 Все вопросы можно задать администратору: @novosel_chat
vptgc,group,админки,52,найдите вп/вз/оп/рекламу зовите сюда знакомых админов мои каналы: @homelessfr3ak @soyll3s @l3imar в список вношу с подпиской на @soyll3s прошу общаться с уважением
prostory_2_zhk_che,group,Просторы-2 Череповец,38,Группа создана с целью объединения жильцов для совместного решения жилищных вопросов. Правила группы:👇 https://t.me/+J164kCVi-ss4OGQy 👨🏼‍💻 Все вопросы можно задать администратору: @novosel_chat
prioritet_d10_zhk_pskov,group,Приоритет Д10 Псков,40,Группа создана с целью объединения жильцов для совместного решения жилищных вопросов. Правила группы:👇 https://t.me/+J164kCVi-ss4OGQy 👨🏼‍💻 Все вопросы можно задать администратору: @novosel_chat
cson_novobelica,group,"Учреждение ""Центр социального обслуживания населения Новобелицкого района г. Гомеля""",61,"Добро пожаловать в группу учреждения ""Центр социального обслуживания населения Новобелицкого района г Гомеля""! Мы рады Вам!"
mainlinefurries,group,Main Line Furries (Screening Room),12,For furries in and around Philadelphia’s Main Line neighborhood.  Please read the rules: https://docs.google.com/document/d/1_dcQNOB42ncVHw-e2dRBSFaZ5JAn0BI3up8DkzrDzLI/edit?usp=sharing  Please  introduce yourself to get access to the main room. Thanks!
nebo7_d4a_zhk_pskov,group,7 небо Д4А Псков,40,Группа создана с целью объединения жильцов для совместного решения жилищных вопросов. Правила группы:👇 https://t.me/+J164kCVi-ss4OGQy 👨🏼‍💻 Все вопросы можно задать администратору: @novosel_chat
zhk_evropa_k7,group,Европа К7 Курган,51,Группа создана с целью объединения жильцов для совместного решения жилищных вопросов. Правила группы:👇 https://t.me/+J164kCVi-ss4OGQy 👨🏼‍💻 Все вопросы можно задать администратору: @novosel_chat
pribrezhnyy_d18_zhk_ster,group,Прибрежный Д18 Стерлитамак,30,Группа создана с целью объединения жильцов для совместного решения жилищных вопросов. Правила группы:👇 https://t.me/+J164kCVi-ss4OGQy 👨🏼‍💻 Все вопросы можно задать администратору: @novosel_chat
pribrezhnyy_k20_zhk_ster,group,Прибрежный К20 Стерлитамак,34,Группа создана с целью объединения жильцов для совместного решения жилищных вопросов. Правила группы:👇 https://t.me/+J164kCVi-ss4OGQy 👨🏼‍💻 Все вопросы можно задать администратору: @novosel_chat
slybovyumari,channel,"С любовью, Мари",506,"Художница Пишу картины и бью татуировки в Питере Для записи на сеанс- пишите в инсте, комментариях или мне в личку  Инст: @slybovyumari Тт: @slybovyumari"
slyot_26,channel,книжный клуб ССМ,22,
slyshba_bot,bot,Служебный бот,,
slyh_bot,bot,slyh_bot,,СЛУХ - автоматическое отслеживание посылок
slyvky_bot,bot,Slyvky,,
smidybot,bot,Smidybot,,
slj78bot,bot,SLJ Official,,
studybot,bot,StudyBot,,A Telegram bot to enrich your student group chats. - Currently offline
smartykids_startbot,bot,СмартиБот,,"🤩СмартиБот - это удобная платформа для ваших вопросов! Тут вас ожидают вкусные скидки, расписание и цены!🔥"
shobybot,bot,ShobyBot,,"Shoby is smart assistant for online shoping, wishlist and price tracking."
slayteam1bot,bot,ᅠ花 * 𝟢𝟰 𝗌𝗅𐐼‌ׄ𝘆𝗒 𝗉𝗿ꪮ‌ִ𝖽,,
slaykreedanon_bot,bot,Slay_kreed,,
slvn_feedbackbot,bot,Slvn Pomet,,
slotterflybot,bot,SlotterFlyBot,,"Управление записями и клиентами прямо в Telegram. Уведомления, расписание и ссылки для записи."
slyvirtbot,bot,SLY🫦VIRT,,
schowlybot,bot,дамир анонимкиннн 🤫,,
crosslybot,bot,"CrosslyBot post once Telegram, VK, MAX",,"CrosslyBot — Crossposting with real-time translation 🔄 and post editing ✍️. For Telegram, VK, MAX. Try it free! 🌟"
sbabe_tools_bot,bot,SOL Tracker | SnoopyBabe Tools,,😻 SnoopyBabe SOL Tools 😼 Monitoring Alerts on price changes ⚙️ Powered by @snoopy_babe
slay_chop_bot,bot,أبيك الله,,
bilybot,bot,سرویس کوتاه کننده لینک و کسب درآمد از اینترنت,,
polybot,bot,Chiyo,,"PolyBot. Every message received by this bot may be logged for testing purpose, thanks for your comprehension."
slbeautycomp_bot,bot,Slbeautybot,,
skynet_infobot,bot,SkyNetBot,,
shamarlybot,bot,Shamarly,,للتواصل معنا حول أى مقترحات او ملاحظات خاصة بإصدارات  مصحف الشمرلي
duelybot,bot,Duely TODO Tracker,,"A feature-rich todo list application with advanced formatting, reminders, and checklist capabilities. support:@imoein1"
nftlybot,bot,NFTly,,🤖 Telegram Gifts Aggregator 💬 Channel: @nftlytg
trelybot,bot,Trely Shipping,,"Добро пожаловать в Trely Shipping ✈️ Здесь люди передают посылки через путешественников — быстро, удобно и выгодно."
fonlybot,bot,fonly,,fonly allows you to upload a doc to google drive and get a link to it | dev: @b1z0nCS github: bit.ly/3mp0xf9
piclybot,bot,PicLy ✨,,Бот с самыми крутыми фильтрами для фото!  По рекламе: @GriFFinRG
sl_supbot,bot,Робот-помощник,,
slyfoxvpnbot,bot,SlyFoxVPNBot,,"🌐 Быстрый и безопасный VPN ⭐️ Поддерживаются устройства iOS, Android и Windows"
slotsbot,bot,Slots,,
miaowadisu01,group,苗瓦迪*（中国ip卡）,85,苗瓦迪中国ip卡
cdramaall,channel,⌜ CDRAMA ALL 🇨🇳 ⌟,79,
disiniowkai,channel,📓🪩🤍,1,
pr0ject36,channel,Проект #36,1024,"Рад Вас приветствовать в моем проекте, надеюсь Вы задержитесь. Здесь я публикую только то что мне нравится. Если Вам понравится, то подписывайтесь)  По всем вопросам (реклама, вп, предложить пост) - @Alfred_36bot 13.06.2020"
pr0jectlead,channel,Project Lead,944,"Project Lead — сервис для high-risk индустрии. Новости, аналитика, рабочие офферы и услуги для трейдеров.   Контакты:  @PROJECTLEAD_CEO  @PL_SERVICE_MANAGER"
zvezdnie_dushi,channel,Звездные души,60,"Проект «Звёздные души» — это пространство для совместного творчества людей разных профессий: авторов, исполнителей, артистов, спортсменов. Здесь мы растём, реализуем свои мечты и делимся с миром добром, любовью и счастьем!"
planegeek,channel,Planegeek Mach,19,"We archive exclusive aviation imagery, tactical analysis, and defense updates from around the world. Focused on air and sea operations, compliance alerts, and strategic insights.  Affiliated with: @seaaero @nsmsin"
drovatravaideti,channel,"Дрова, трава и дети🌿",2436,tanya_vitalina
travavillage,channel,Экодеревня Трын-трава,860,Экокомплекс в Марий Эл  Связь и бронь @trintrava_village  Тел./WA: +7 (927) 048-39-89 https://trintrava.com/
irinkindom,channel,Ирина 1000 истори🌖,325,"Этот канал пространство, где энергия женской силы становится магнитом для чудес.  Вместе познаем свою женскую силу, энергию природы и родовой код. Обсуждаем дела житейские.  Жизнь в доме у реки.   Связь со мной  @Nikulinairina"
lesnoyshaman_shepotom,channel,Lesnoyshaman,134,"🌱 Про травы  🪄Сказки и истории, которые лечат душу  💚 Передачи с мест силы"
sunllady,channel,୨ৎ,236,@sunladyyybot ناشناس @khorshidBakery قنادی
netravavrnme,channel,Доставка шашлыка | Воронеж,562,"«Не Трава» — доставка настоящего мяса по авторским рецептам от шефа! 🔥  Сочный шашлык, рыба и овощи на мангале. Выездные мероприятия.   Заказывайте домой, в офис и на природу!   📞 +7(999)401-70-70,  🌐 www.ne-trava.ru 📍Хользунова 88В"
travaforum,channel,"Форум ""ТРАВА""",209,для влюблённых в образование 🔸родителей 🔸педагогов 🔸руководителей образовательных проектов  🗓 15 ноября 2025 г. Новокузнецк
tiulpin,channel,🦦302,3,
key893,channel,薏安の小思緒,2,
bubblefloodinfoooo,channel,𝑩𝒖𝒃𝒃𝒍𝒆 𝒇𝒍𝒐𝒐𝒅.,56,
storm_chifuyu_llfe,channel,[NEW ERA] ⳐⳐϜⲈ SC,59,
infobyrmaldovskiy,channel,info,53,по вопросам/нью/союз - @spuKke
moonlightflood01,channel,･ﾟ’ 𝓜𝓸𝓸𝓷𝓵𝓲𝓰𝓱𝓽 𝓯𝓵𝓸𝓸𝓭 𝓲𝓷𝓯𝓸,74,
agfwq1,channel,Silver Xross,43,agfwq | disign  Обогощение информацией в виде творчества. Посыл в гормонии и глубине человеческого сознания. Создание своего течения. Создание своего мира. Создание идеалов.  AGFWQ больше чем набор букв
infothevoidflood,channel,РЕСТ|| ɪɴғᴏ ᴛʜᴇ ᴠᴏɪᴅ ғʟᴏᴏᴅ,39,Влд: @Wonyoung_TheVoid Совлд: @somebody_le
meowflood11111,channel,Info 𝑀𝑒𝑜𝑤 𝑓𝑙𝑜𝑜𝑑.🖤,28,Start — 03.06.26. Finish  — ??.??.?? Owner :: Park Sunghoon — @vivwen Owner ² :: Won Haneul — @Luna_Haneul Anon flood — http://t.me/Meeeowanon_bot
elmazflood,channel,ełmãz fłøød īnfø.,27,. . 𝗈𝗐𝗇𝗲𝗋 :: @AM9ATIS . . 𝗰𝗼.𝗼𝘄𝗻𝗲𝗿 ::  . . 𝘀𝘁𝗮𝗿𝘁 :: 24.03.2026 . . 𝗲𝗻𝗱 :: ?? . . thank you @saiomi_port1 for the design !
postsunions,channel,посты о союзах рич флуд,4,инфо: @richfl00d
infoflood002,channel,закрыто//инфо,6,
meddialog,channel,Диалоги о медицине,466,
laboratoryofminds,channel,НАУКА / СТАТИСТИКА / ИССЛЕДОВАНИЯ,159,"Привет! Меня зовут Даниэль Вероника. Я врач, к.м.н., аналитик. Закончила магистратуру по анализу данных ВШЭ. Здесь пишу о науке, медицинских исследованиях, новостях научного мира, а также об анализе данных и статистике. https://teletype.in/@kaktusveron"
pharmacologygirl,channel,Таблетка знаний💊,381,"Если ты не можешь объяснить это просто, ты этого не знаешь! 💫  📛Данный канал носит информационный характер‼️Посты и видео НЕ могут являться основанием для назначения/отмены медикаментов, и НЕ являются истиной в последней инстанции!‼️"
medcentrdolgolet,channel,Медицинский центр Долголет,181,"Врачи, обследования, анализы"
menshealthde,channel,Men's Health,197,Hier werden alle Nachrichten aus dem RSS-News-Feed von Men's Health gepostet. 🤓  Mehr News 📰 @DerNewsChannel  Bei Fragen und Problemen 🤔 @DerNewsChat
medukraineinfo,channel,Український медичний портал,31,Актуальні новини медицини та медичної системи України
tfoms73,channel,ТФОМС Ульяновской области,46,
ssecretzdrav,channel,Секреты здравоохранения,85,
miaccozmpkirov,channel,Центр общественного здоровья,47,"Официальный информационный канал КОГБУЗ «МИАЦ, ЦОЗМП»."
krutihacrb,channel,КГБУЗ Крутихинская ЦРБ,102,
stomatkusch,channel,"ГАУЗ ""Кущевская стоматологическая поликлиника"" МЗ КК",31,
stolichnyiexpert,channel,Столичный Эксперт Недвижимости,21,"Подписчикам группы скидка 10% на стоимость услуг предоставляемых столичным экспертом! Вступайте в группу! И Вы сможете бесплатно получать консультации по любому вопросу о недвижимости, в том числе касающегося покупки, продажи или аренды"
tbil_crb,channel,Тбилисская ЦРБ,23,"оффициальный канал государственного бюджетного учреждения здравоохранения Краснодарского Края ""Тбилисская ЦРБ"""
online_incom_adill1,channel,𝗘𝗮𝗿𝗻𝗶𝗻𝗴𝘀 𝗧𝘂𝗯𝗲 𝗬𝗧 💸,32208,Bast & Most Popular Crypto Airdrop & Instant Offer Channel In Bangladesh ✅  YouTube channel Link 🖇️    🫴 Owner id @mdadill123  আমাদের টেলিগাম গুরুপ লিংক ✅ =https://t.me/onlineincomeboos
mmdvip4,channel,V I P,3292,Hi everyone V I P is here Device : iPhone 11  🇮🇷 Public:@mamadv1p Shop:@mmdvipshop Redline: @likeRedline4V
sharehackbandsanh,channel,dolongdz share tipa ff,391,Share hack ban
alexanderslot,channel,ㅤ𝘼𝙡𝙚𝙭𝙖𝙣𝙙𝙚𝙧 𝙭 𝙨𝙡𝙤𝙩𝙨 🇮🇳,58,
