paranorlove,channel,𝖯𝖺𝗋𝖺𝗇𝗈𝗋𝗆𝖺𝗅 rest,192,"‌ ‌ ‌ ‌ ‌ ‌ ‌ 𝖦𝗂𝗋𝗅, 𝗂𝗍 𝗆𝗎𝗌𝗍 𝗀𝗈 𝗏𝗂𝗋𝖺𝗅! @Minefamilies_bot"
tridracona,channel,Матерь драконов,165,"Мать, художник, восходитель.  👸🏼👩🏼‍🎨🏔️ Будни, дети, творчество, картины, выставки, спорт, путешествия, горы … или как не стать унылым говном с тремя детьми)))🤪  https://anrikostroma.art/  https://www.instagram.com/anrikostroma?igsh=bXlwM2tmend4eTh1"
luckyjournal,channel,Драконий Журнал,178,"Скидываю сюда то чем хотелось бы поделиться с другими  Полезности, музыка, смешные картинки и просто Интересности из жизни"
ilovepocodraco,channel,I LOVE DRACO × POCO DAILY × cf,146,Канал по пейрингу ДракоПоко😋 Бот для тейков - @Dracop0k0_bot Кф+дайли создан 17.08.2024
dragontreasures,channel,❄️Dragon Treasures❄️,69,My DMs: @drago_gemsoul
kostruekland,channel,Kostruek,78,
kruvis_art,channel,Kruvis 🌸,112,"Телеграмм канал для скетчей, поэтапок и полноценных работ! Много уникального контента, который вы не увидите в паблике в вк 🫶"
spydercodracula,channel,spydercodracula,42,(@ninozem)
porisylicahara,channel,Сожженный Cahar `°`[18+]🦜,72,Лол
cupropituvanso,channel,Cupropituvanso Draco,30,I have many passions and I like to share them. May contain traces of advertising. Engage! @CupropituvansoDraco
wjwhsnnshzhz,channel,Домик драг,26,Выкладываю сюда свое творчество или вообще что то пока хз Можно делать со мной вп)     @Zak05_drag Анон: @Dragoonboolbot
arriwistr,channel,Arriwiste,59,Мій маленький світ Автор: @Grot_esk0
ratemysister,channel,HELICOPTERS 🚁,16241,🇷🇺 🤝 🇮🇷  WE LOVE HELICOPTERS!!!
exmient,channel,diana🖤,342,
extent_of_the_void,channel,⊙ long - playing wind ⊙,30,Sets / Albums / Mixes.   @l_2ky_3irds_l
dtpixab,channel,DTPI Xalqaro aloqalar bo'limi,345,
memoryswap_en,group,MemorySwap,244,"MemorySwap can reduce the investment risk of users to the greatest extent, and the white list function of transactions is launched."
exten3brislux,channel,Большой мир,144,Книга Илая
techwavedaily,channel,TECHWAVE DAILY - CRYPTO NFT AI,2671,"TechWave Daily Your daily pulse on the future. Admin @khatanaajay7 Buy ads: https://telega.io/c/techwavedaily  We bring you the latest and sharpest updates from the world of Crypto, NFTs, AI, and Tech — all in one place"
keepitcashfridays,group,Keep It Cash Chat & Support,241,A support and chat group to set up and run street actions and stalls in your high street promoting the use of cash and engaging with the public to inform them of the dangers of a digital economy. Follow the Channel: https://t.me/Keepitcash
benzzsellaccff,channel,BENZZ SELL ACCOUNT FREE FIRE ROBLOX 📥,210,> មានលក់អាខោនថោកៗ > អត់មានកាបោកប្រាស់ទេ > បើលក់ដាច់និងលេង giveaway > មានទទួលដាក់លក់អាខោន Mobile Free Fire Roblox > បើអត់ជឿអាចសួរអ្នកទិញអាខោនញុមមុនៗបាន > ចង់ដាក់លក់ឆាតតាម @bengg168 នេះបាន ញុមមានឆានេបី >  Owner @bengg168 admin  @brohav37 @Both1666 @pu_mach
sakoragamingkh,channel,SAKORA Gaming KH,126,ធ្វើការ9ព្រឹក»1យប់❤️🙁 Owner : @SAKORAKH
kits_brand,channel,KITS BRAND,200,Одежда как художественная система.  https://kitsbrand.ru/   Для связи: @kitscare
keicobrand,channel,KEICO brand,53,Самарский бренд одежды
koya_brand,channel,𝙺 𝙾 𝚈 𝙰 𝙱 𝚁 𝙰 𝙽 𝙳,87,[koya] – портал в мир сладостей и изысканного вкуса
hatfieldbrand,channel,HATFIELD Journal,749,Канал Бренда HATFIELD. Since 2016   Заказать изделие @hatfieldshop Сотрудничество @alexx_moriarty
f0restdevils,channel,мастерская Лесной дождь,500,☆заказать изделие: @f0restra1n ☆наличие: @lesn0e_nalichie ☆отзывы: @lesn0i_0tziv ☆каталог: @katalog_forestrain ☆реклама: @lesnaya_reklama
r4nnn,channel,Я4ИN о музыке,111,"рецензии, мысли, творчество"
jenk5di,channel,Радио Женк,259,"Привет! Я Женк - вокалист ##### (5diez). Подписывайся на мой канал, не стесняйся!"
mg5qdj4,channel,Черновики · Дима Терентьев,43,Когда-то эта ссылка вела на чат со мной. Теперь я обитаю тут — @dimaterentev
peccccha,channel,печа,115,перепеча
iron_colonel_konovalets,channel,ЛИЦАРІ УКРАЇНСЬКОЇ ДЕРЖАВНОСТІ: ЄВГЕН КОНОВАЛЕЦЬ ТА АНДРІЙ МЕЛЬНИК 🇺🇦,85,"Поширюємо правдиві факти про Євгена Коновальця та Андрія Мельника! Історичні джерела, книги, музика, фільми тощо."
art_jenevieva,channel,Арт Женевьевы. Рисунки со смыслом,39,"🎨 Карандашные портреты, которые раскроют ваш характер через символы и цвет.   ✨ Авторские иллюстрации и медитативные скетчи   🤎 Здесь искусство соединяется с тишиной внутри. 🎁 Гайд-подарок @Art_Jenevieva  Заказать портрет → @Jenevieva_18  Авторский кан"
chechevitsaochevidtsa,channel,Чечевица Очевидца,23,Саня ворует мемы
treeessh,channel,TREESSHHH🍌,435,тут настя треш
milafsww,channel,мила вкатила,249,inst:milafsww тгк: https://t.me/lilskate9
flawlessq,channel,flawless ?,145,архив @archiveflawless
mygalyy666,channel,S.lazee#$$$,146,BAGMAN должен делать BANKROLL
printerrip_ophipoly,channel,принтер печатает,29,°.• художник-портретист •.°  ★ ссылка на тт:  https://www.tiktok.com/@ophi.poly?_t=ZN-8vwUyO5OkaM&_r=1
kseroakaray,channel,ксерокопирование,87,Команда: RAZLOMMUSIC t.me/anonaskbot?start=av1q8
stilniysutenerrr,channel,s e x 🌯,26,"Да вам ебать дома так не рады, как здесь🥰"
tutkringeproishodit,channel,Хонджун сделает хорошо,14,"Тут я люблю музыку и артистов, которые эту музыку создают"
pacanugospodzabrata,channel,пацану господь за брата,13,эээ ты чё 🤙🏻
kliskpokazet,channel,Александр Клискин|С.В.Е.Т покажет!,3,Занимаюсь тем что делаю мир лучше
pomidorkacos,channel,Pomidorka.cos,2,
truegnabnahc,channel,Гг,1,
kamiabnormal,channel,RapliCH,1177,"Ch Oprek Tapi Lebih Sering Post Meme, Dan Hal Hal Random Lainya 💀 - Support Grub @KamiSkizofrenia"
kkoifishh,channel,рыба кои,160,"я Кои, рисую картинки и люблю найтвинга  для связи: @koikato"
kim69108,channel,бунᴛᴀᴩᴋᴀ ᴋиʍ🧛🏻‍♀️,184,"тут присутствует 18+ вещи: маты и т.д., если не хотите этого видеть, то прошу выйти.) надеюсь, что вам будет комфортно проводить с нами время))🫶🏻"
prostoprotebia,channel,Якимова вещает ПоП - просто о психотерапии,492,"Канал Катерины Якимовой @yakimovaTherapy. Психотерапевт КПТ, АСТ. Тренер по навыкам АССЕРТИВНОСТИ и эффективному общению."
yqmovaa,channel,якимова,330,@yqmova
komet1kaa,channel,komet1ka/кометика,131,"Арина·Прага·20· по сути это сборник моих артов, скетчей и 3д штук, учтите, на долго в одном фд не остаюсь https://www.instagram.com/komet1ka . https://twitter.com/komet1ka . https://www.pinterest.com/komet1ka . https://t.me/komet1kaa0 старый канал"
yakimovaem,channel,ЯКИМОВА КАТЯ,188,04.12.2017 г.р.  Артист театр-студии НЕПОСЕДЫ Полуфиналист проекта Голос. Дети 11 Артист театра танца МАЛАХИТ ГБОУ Школа 1284 Vk https://vk.com/yakimovaem Instagram @yakimovaem Сайт https://yakimovaem.ru Для связи тел.  +79226449543
kimkssm,channel,𝐊̏𝐈̲𝐌̷𝐌̷ #𝐅̵𝐑͢𝐄̷̚𝐄̷̚,98,
na_kvasa_popeu,channel,kvas | art gallery,51,for communication: @olafafenguteclihe  hard nsfw channel: https://t.me/+Vzo3VcVcQCNiZTQy
shyoixxxs,channel,закрыто Ⴝዘ𐍅ᱛ𐌉𐌗𐌗𐌗ᱮ,25,вернулась в стаю
kumikoks,channel,Kumii🍡,27,
itskeyam,channel,[𝙏𝘽𝙆] 𝙏𝙝𝙞𝙨 𝙞𝙨 𝙆𝙖𝙮 • #𝗔𝗺 🍄,39,"Хей, в сети Кей! Связь со мной/ЛС: @Misty_eee Продажа канала: https://t.me/BriShoy"
k1ramqka,channel,Кирамика,9,кому не нравится мой канал идите нахуй
trust_haroon,channel,گزارشات ربات,440,
vizdiz_interior,channel,Илона вещает о дизайне,584,"Добро пожаловать в личный дневник дизайнера интерьера📝  Я Илона Ореховская — основатель студии VizDiz. Тут будем обсуждать с тобой внутрянку работы, факапы и секреты дизайнеров!   Inst: viz_diz Сайт: https://viz-diz.com/ Pinterest: @vizdiz_interiors"
vgues_tourism,channel,Илона Олейникова | туры ВГУЭС ТРЭВЕЛ,350,"Илона Олейникова — преподаю туризм в ВВГУ Создаю путешествия вместе с ВГУЭС Трэвел  Канал для тех, кто любит путешествовать комфортно и познавательно.   Подобрать турпродукт @Ilona_Oleinikova  •Молодежный туризм — канал @VguesTravel"
ilonavolinskaya_kirillkasheev,channel,"Илона Волынская, Кирилл Кащеев",564,"Новые книжки, старые книжки, но обязательно - прикольные книжки. Путешествия и происшествия, дети, взрослые и котики, и другие создания хвостатые и бесхвостые https://litnet.com/ru/ilona-volynskaya-kirill-kashcheev-u1212728?_lnref=edAbz2QD"
za_nemsadze,channel,ИЛОНА НЕМСАДЗЕ,237,
ilonawomanclub,channel,Woman club: Илона Матушевская,346,Женский клуб Илоны Матушевской (инстаграм instagram.com/ilona_image)    Ссылка на этот канал https://t.me/ilonawomanclub Здесь про здоровые отношения и границы 🌸
dramakoreafullepisode,channel,Modern Farmer Sub Indo,47549,
mylittleprincesssubindo,channel,My little princess sub indo(drachin),9797,
zakok1995,channel,Film japan sub indo,7808,
pemersatubangsa1b,group,PEMERSATU BANGSA 1B,6292,PEMERSATU BANGSA 1B https://t.me/pemersatubangsa1b INDO VIRAL 5 https://t.me/indoviral_indoviral5
rpmak,channel,RpMak – Канал ⋄ Ресурспаки Для Майнкрафт Пе | RP MCPE 1.1.5 — 1.21+,1422,По вопросам/рекламе: @DelSkam Основной тгк: @DelrpMaker
rproby,channel,РесайклПро,420,Официальный канал РесайклПро. Тут будут публиковаться новости компании и новости рынка. Для связи: +375447412833 Сайт: rpro.by
rpraep,channel,РПРАЭП,245,Российский профессиональный союз работников атомной энергетики и промышленности  profatom.ru
ltrp_panit_office,channel,☀️🚦LTRP | Land Texel Rail Project🚊,217,окрас тексель ир на майнкрафт
railway_rrb_ntpc_je_alp_rpf,channel,Railway rrb ntpc,134,
rprasis,channel,KINDY RP RASIS,110,
rpr33,channel,Rap Rare ⚡,18,@EvilegnA is here  @DwS33 👁 @CfG33 🍃 @SvH33 ♋  @FtW33 🥀 @RpR33 ⚡  Admin: @CPT33bot say your taste for us  it's my diary
prl_drawing,channel,<°Pоrоlон°>,41,Владелец : @prl_lon Инфо канал владельца : @info_prl Др канала 4 июля
patentsrtpl,channel,RTPL PATENT,8,
anakstartup,group,"Komunitas Anak Startup (Lowongan Kerja, Acara, Info Startup)",2285,Instagram: @anakstartup.id
presense611,channel,Присутствие,181,"Мастерская современного искусства  Инстаграм: https://instagram.com/presense611  Секонд: https://t.me/second_presense611  📍Москва, ул. Городская, д. 8, каб. 611"
red_zakrep,channel,Закреп,178,Возможно присутствие 18+ контента.
rvqg9lanwolinday,channel,✨Ты сакральная!✨,212,ОМала | Сакральная женственность 40+ Раскрываю тело • сексуальность • оргазмичность• Пространство психологически зрелых женщин
natashaunalome,channel,Наташа Уналоме | Сакральный мир,146,"Пространство, где можно выдохнуть. Сакральная геометрия, творчество и путь обратно к себе. Картины • смыслы символов • арт-практики Наташа Уналоме"
sacral_teacher,channel,SACRAL_TEACHER • Матрица • Астрология,273,АСТРОЛОГИЯ | МАТРИЦА СУДЬБЫ | О Мироздании 🌀  Канал с практиками - https://t.me/sacral_witch  Для связи: @aarkhangel
cuvantulortodox,channel,Cuvântul Ortodox,427,Canal pentru abonați/ Newsletter postări
tarotlab777,channel,𝕆ℂℂ𝕌𝕃𝕋𝕀ℂ𝔸,589,Абракадабра Ахалай-махалай  Пиши сюда  @SunL66
raiskiugolokk,channel,НейроРай,754,"Раиса Гордейчук | Нейрохудожник  Нейроарт, сакральная геометрия, интегративное рисование, нейрографика"
orthodoxonl,channel,ПРАВОСЛАВНІ КУРСИ⛪️,478,"Канал для всіх, то бажає вивчати Святе Письмо, Історію Церкви …"
marysacral,channel,будуар куртизанки,580,Сакральная стрижка | Стиль сексуальненько ☎️ @mary_sacral
jayatrainingcenter,channel,Jaya Training Center,151,
sasha_davai,channel,"Саша, давай! Таро | Астрология | Архетипы",98,"Таро, расклады, разборы по Архетипам, разборы по натальной карте   По всем вопросам: @portnova_taro"
thaiseries_a,channel,Chasing Love ( အချစ်ရှာပုံတော် ),16525,
loveurfcknglife,channel,ceo of everything,976,для связи: @kataevadaria  inst: https://www.instagram.com/dashakataeva_/profilecard/?igsh=cHlsYnEyYXFjenpw
excellent_exyland,channel,exy-land | сетка ври,418,Сеть каналов от лица персонажей из серии книг Норы Сакавич «все ради игры»
ashseries3,channel,Peach and Me (Ash),1249,
asustufseries,group,Asus Tuf - Community,738,A Telegram Group for all users of Asus Tuf fx505 & a15 series Laptops Wallpapers: @wallpapers_mania  Check out ASUS TUF FX505 Gameplay Reviews: https://t.me/fx505gaming https://youtube.com/c/VaibhavJoshi
ashseries5,channel,W.h.e.n L.i.g.h.t F.a.d.e.s (Ash),1208,
tanseries,channel,TAN Series,619,"TAN — это совместная инициатива организаторов забегов из Кыргызстана, Казахстана, Узбекистана и Азербайджана, объединённых в беговую серию тюркских народов с целью популяризации культуры и истории тюркского мира через бег.  https://tanseries.com/ru"
rolanddbe,channel,Роланд,37,
zimmer_rohde_russia,channel,Zimmer + Rohde. Интерьерный текстиль,279,"◾️Всемирно известная немецкая компания по элитному текстилю с 1899 года.  🌐 https://www.zimmer-rohde.com  📍Шоурум: Чистопрудный бульвар, 5, офис 212 (по предварительной записи).  Instagram: @agent_a.ulybina VK: https://vk.com/zimmer_rohde_ru"
vegesoup,channel,Vegesoup,1662,Vegesoup.com
hamster_kombat_ref,channel,"TRUMP 2025 COIN NEWS PAWS Dogs, Cats, Not, Blum, Pixel, Hamster crypto coins. Tap to Earn English group.",818,"For offers: @criptotrump  TRUMP Paws Hamster Kombat NEW SEASON Withdrawal is Daily Combo Cards, Secret Codes Morse, Keys 💰🐹 Криптозаработок, Комбо Карточки в Hamster Combat. Комбат Хомяк, Blum, Notcoin, Hot, CryptoNews, Crypto projects, Cats, Dogs, Not."
rfy_brnd,channel,Reflection Of You,31,Будь собой при любых обстоятельствах 🔥 Заказ на сайте ↓ https://reflectionofyou.ru/?from=telegram  • street-casual с производством в Москве  • Доставка по России
pokoywsem,channel,𝐫𝐮𝐡 ོ,22254,реклама: @prais105 связь: @dzelaybro  канал и его владелец категорически против терроризма и экстремизма!
redmik50iupdates,channel,Redmi K50i/Poco X4 GT/Note 11T Pro | Updates,1183,
pokoeee,channel,покой.,587,
aemiglobalstore,channel,Xiaomi Mi - Global Store,29,
silovoetroebor2017,channel,Силовое Троеборье(Пауэрлифтинг),1391,Канал для тех кто любит пауэрлифтинг и силовой спорт
nutrisemiya,channel,К здоровью через питание | Мария Смирнова - семейный нутрициолог,318,"Мария Смирнова - практикующий семейный нутрициолог 👨‍👩‍👦🥬🍖  -Помогу разобраться о чем кричит организм через высыпания, тягу к сладкому и частую усталость  Отзывы t.me/+0d-59lEt0740YzQy  Связь @Maria_Smirnova16"
kate_rpp,channel,Кейт | по-честному о РПП 🍟,198,"Про психологию питания, восстановление от РПП, мифы о внешности и любовь к себе и своему телу  Верну месячные🩸 Помогу убрать переедания, тягу к сладкому и вину за то, что ты ешь🍫  Запишись на диагностику @komolova_kate"
hamlet_love,channel,ДЕРЕВУШКА,126,Поддержать сериал https://boosty.to/hamlet_series  Официальный канал Сериала Деревушка в TELEGRAM! You are welcome!🤘
kartishka0,channel,}×{~Поляна под деревом~}×{,144,"Привет! Надеюсь ты с нами на долго)  За призами: @mauseka по вопросам: @mauseka За вп/вл: @mauseka Влд: @mauseka Адм: @Chocolate_girl_1, @Vampi_tr17 Предложка: @PredlogkaKartik_bot Анон: t.me/voprosy?start=pwx1u  Отписка - призы сгорают  140+ пдп🥰"
treepawarts,channel,Древа которая Tr3e,83,
niwakikashino,channel,ДИКОВИНА САД НИВАКИ В КАШИНО 🌳💎🏡,84,"Сад в стиле ниваки ДИКОВИНА 💎 в КАШИНО на стыке двух областей📍в полутора часах от Москвы, это результат сотворчества талантливых Архитекторов деревьев: наш путь, от эскиза до воплощения! 🎨✂️🌳  https://vk.ru/im/channels/-237897873  https://vk.ru/club23"
kdospae,channel,сушка,62,
animal_joke,channel,Звериные Забавы😁😁😁,111,"Добро пожаловать в мир забавных зверей! 🐶🐱 Здесь каждый день вы найдете новые короткие видео, которые заставят вас смеяться и улыбаться. Подписывайтесь на ""Звериные Забавы"" и делитесь радостью с друзьями!"
rogatayaelizabet,channel,Рогатая,178,"птичка нашептала мне о всевозможных волшебствах природы, а я возьму и поделюсь по секрету всему свету!  будьте как дома, путники, ни в чем не откажу"
northernfairytales,channel,Северная Метафизика,182,Ездим по необычным местам в поисках Чудесного. http://northernfairytales.com/ru/
deschampsdrawing,channel,Deschampse || коммишены открыты,93,@jSchkinnii - по поводу коммишен
gamedev_elijah,channel,Илюхино болото | GamedevBlog,154,Рассказываю о своих потугах в геймдеве
vrachnagriydke,channel,Врач на грядке,110,По образованию — врач. По призванию — садовод.
ptushkadashka,channel,Ptushka Dashka,83,
prettykittymyauda45,channel,Почеркулечки,19,"Хз че писать. Ну постараюсь выкладывать рисунки как можно чаще, но зависит от желания и возможностей.  Чат канала (материться можно): https://t.me/+mLtfqxVIZZA1MzUy"
moisture244,channel,pervomartovec shisha,46,план леса №6
dompitnushko,channel,✠𐌡Е𑀝 𐌿ЯТ𐋏ЫШ𐌺𐌏✠,17,Добро пожаловать! Рады видеть каждого!  Владелец:@bitch1211
domikvderevne1987,channel,Домик в деревне ☕️ || Боря рисует!,38,чаю?
vovkaskibidi,channel,Деревня Вовки у,31,Просто мой тг конал где я ежусь по полной🦔🌭👍 @vovka777bot -связь со мной
lesnayashiza,channel,о чём шумят деревья?,20,"шепталась со мною листва о тайнах, что скрыты за ней"
funnytree367,channel,Юмарестические деревья,12,Самые смешное
chukcha_errrrre,channel,чукча (чукча),23,здесь весьма некультурно 😨 мое хобби патриотизм мой ВК -> https://m.vk.com/flurflur
cherry_arts,channel,Ящик Черешни,28,"P R I V E  Рисую, живой уже хорошо Щп 18+ ( https://t.me/+MweDK9Kkag81Mjky ) Аватарка - @PMPWBRRS"
drevorassvett,channel,ДРЕВО ОТЗЫВЫ🪽,9,
des_ulisi_travka,channel,×🌲Десь у лісі🌲×,19,"Це мій канал де я буду присилати фото природи, про трави, рослини і більше🍃"
brainavish,channel,BrainAvish🎨🧶,18,"🥀 ""Sometimes friendship is so big that it doesn't fit in your heart and you have to put it in your pussy"" 🥀"
kohkyrcicr1m0paw,channel,конкурсы.🍔🍔🍔,16,"движуха, движуха ..."
burn_and_smoke_khv,channel,BURN & SMOKE🔥,152,
netotvetachat,group,net otveta чат,90,"Мы не призываем к насилию, терроризму, причинению вреда себе или другим. Не планируем, не одобряем и не пропагандируем преступную деятельность. Не разжигаем ненависть по любым признакам: национальность, религия и т.д."
dcrassus,channel,КРАСС,326,
freefire_uzbekistan_akk,channel,FREE FIRE UZBEKISTAN 🇺🇿,2019,@ibroximov_ff  EGA  @ibroximov_ff REK TEKIN 💸  @ibroximov_ff  GARANT !   DANATER
free_fire_turnlr,channel,FREE FIRE TURNIRLAR | ORG TOGO,179,#bismillah   Ega : @ORG_TOGO GARANT : @ORG_TOGO  Almaz xizmati : @togo_servis Akkaunt savdo boyicha : @ORG_TOGO Homiy olinadi ✅
pepesilvia669,channel,PEPO,192,https://www.twitch.tv/pepesilvia669 https://discord.gg/nkjn6aCDG
kotak_free_fire14,channel,КОТЯРА | НОВОСТИ FREE FIRE,37,КАНАЛ НОМЕР 1 ПО НОВОСТЯМ НА ИГРУ FREE FIRE  👉 @Kotak_free_fire14 (ᴨᴏдᴨиɯиᴄь)  ✅ Гᴩуᴨᴨᴀ дᴧя ᴏбщᴇния - @Kotak_free_fire_chat  ✍️ Рᴇᴋᴧᴀʍᴀ/ᴄᴏᴛᴩудничᴇᴄᴛʙᴏ - @Kotak_free_fire
freefire_akkau,channel,FREE FIRE | ПРАДАЖА АККАУНТ,5,"👋ВСЕ САЛАМ👋   ☣ГАРАНД , КИВИ ИДЕН , РЕКЛАМА :  @BOKSDA_FOODBOLLDA_BCE_2007_N_1  💎 ДОНАТЕР : @Garant_Tima1  🔰КАНАЛЫ ДЛЯ РЕКЛАМЫ  :  https://t.me/SaiculGaming https://t.me/Prodaja_FF_Garant_Tima https://t.me/freefire_turn"
rkmefs,channel,#mefs [ channel ],26,owner :🐾: @xsifliv
freefireofficechannel,channel,Blenderx ff I'd sell trusted,4,Free fire trusted I'd saller no scam 💯Trusted channel ff id
keepfiresbot,bot,Бизнес с огоньком | Связь,,
taasurotchi_fire,channel,Free fire turnirlar,,
secretzdorovya_dlya_vas,channel,PROмокоды | Скидки | Акции,298,"🔥 Только проверенные скидки и горячие акции! Экономь до 90% на товарах, услугах и подписках. Актуальные промокоды!"
loyaltytactics,channel,Loyalty Tactics by LOYALZ,98,"С миру по нитке - интересные и необычные решения типовых вопросов в программах лояльности, подписках и платформах вовлечения. @smbelyaev"
tek_fm_news,channel,Tek.fm 🆕,100,Объединяем новостные потоки в одном месте с помощью AI 🤪  🆕Смотри каналы по темам в закрепленном сообщении Забудь о бесконечных подписках!  По вопросам: @opts_helper
archive_naoll,channel,Архив Наоки,19,
zarabotoknatelegramm,channel,Заработок на подписках и просмотрах telegram,8,Приветствуем вас на нашем канале по заработку на телеграм. На нашем канале мы будем публиковать все сервисы по заработку на подписках и просмотра постов в телеграм. С этими сервисами вы уже сможете зарабатывать минимум 1$ в день. Уже есть 14 сервисов!!!
soulsubtitlesprice,channel,прайс soul,7,
viprublizaotzivi_bot,bot,VIP подписка Рубли за отзыв,,Бот для оформления VIP подписки. Если возникли проблемы или есть вопросы по оплате напишите мне: @Denchik_kukushtan
strawberrycakeinfoo,channel,ИНФО STRAWBERRY CAKE,2,Инфо канал с прайсом.
clickbarmaterialsbot,bot,Подарок за подписку,,Этот бот проверяет подписку на канал и выдает подарок в случае успеха. Подробнее: https://clck.bar/tg
teadogpasternak_bot,bot,Чай.Собака.Пастернак,,
ssovetik,channel,sovkom,237,"Гендиректор ООО ""Плюшевые мишки""🥱 Твич - https://www.twitch.tv/ssovetskaya"
viaaaa0001,channel,𝓂𝒾𝓁𝓎𝒶†,79,хуила
shchoulkoops,channel,щёлк 😈,367,
ishavpodvale,channel,🫐Ⲩ ⲙⲉⲏя Яⲱⲁ ⲃ ⲟⲅⲟⲣⲟⲇⲉ🍊// полурест,153,"Канальчик про замечательную группу Король и Шут, но по большей части про Яху и фанфики(фанфики пушу сама). Яха бог(◕‿◕✿) Реклама: 1 звездочка(пишите в лс @Dada_yasha) Люблю всех своих мини-яшечек=]"
podveska76,channel,Podveska,130,Подвески на заказ!  Озон: https://ozon.ru/t/GvJcHTk ВК: https://vk.com/podveska76
uki_uki22,channel,𝖀𝖐𝖎𝖀𝖐𝖎/𝒴𝓀𝒾𝒸𝒽𝒾,61,𓆩ᏗᏟ𓆪: @UKiUki22 𓆩ᎢᎢ𓆪:https://www.tiktok.com/@t_iharuche8?_r=1&_t=ZS-94jww1J2gn1
cheees_cakes,channel,Подвал чизкейка,41,
kkoteykoo,channel,подсосы котейки,22,
extrarayden,channel,Комната Райдена,25,YOUTUBE - https://www.youtube.com/@raydenplay1 | ЧАТ - https://t.me/chat_raydena | БУСТАНУТЬ -https://t.me/boost/rayden_room
ada_666_777,channel,🍊ʚ•подвал дари•ɞ🍊,12,ТГК ЛП- https://t.me/bulgurseledocka
podval_transboyrin,channel,『Подвал транс бой ринчика』,17,"TikTok :: @cezarchmo Если хотите поддержать мой тгк, то можете проголосовать тут https://t.me/boost/podval_transboyrin Мой анон :: http://t.me/anonaskbot?start=ow6wt"
therianpushok,channel,Подвал Пушка,11,"Териан Пушок, тик ток https://www.tiktok.com/@pushok.theriannn?_t=ZM-8yn8KvXEMk9&_r=1"
soundtextru,channel,SOUNDTEXT // Lyrics,2,"Библиотека текстов, альбомов и артистов, где слова обретают звук  Каждый день подкидываем что-то новенькое - пока ты слушаешь, мы добавляем"
podsobkalakinym,channel,Подсобка с персонажами,1,Чт @LuckyEahh
meylo_oi,channel,𓈒 ݁ 🎾.𝐌ᧉყ𝓁ᨵׁׅׅ #𝗧𝗥𝗨𝗘𝗞𝗜𝗢𝗙,356,Мейло/Meylo-новая группа под прототипом Южно-Корейской группы KISS OF LIFE.   Sarah&Nilaichan
leawwie,channel,Leawwie/cosplay,110,Рада вітати на своєму затишному каналі!  TikTok - https://www.tiktok.com/@leawwies?_t=ZM-8tFUSSZ17Ha&_r=1
kinawooo,channel,кинаво🍹,105,здеся склад моих работы и коммишенов🥢𓂃 🎋вся инфа в закрепе! ଘ(੭ˊᵕˋ)੭ ⊹ связь : @kinawoo ⊹ щп : https://t.me/+XNSPGIKbhtY0ZmMy
kekeido,channel,кейдо сереннеди,113,Не подписываться если кинете в архив @infokeido мое инфо i fucking love serennedy  клянитесь мне в верности я проблематик если что t.me/anonaskbot?start=kekeido
memoryshuw,channel,warmer together,32,"дневник(?)  много мыслей, добра и любви к музыке:)"
keioflame,channel,keio🇺🇸,29,юз ; @keioamericanyo     вп от 0+!! ищу друзейй
kiiikiiicafe,channel,کـافه‌کـیکی ☕️,35,𝑴𝒂𝒊𝒏 𝒄𝒉𝒂𝒏𝒏𝒆𝒍 ᯽ @KiiiKiiiIR5  لینک ارتباط با ادمین https://t.me/KiiiKiiiCAFE/3
makeupchucky,channel,MAKEUPCHUCKY,2933,Обратная сторона реальности Ткаченко 💥Ютуб: https://youtube.com/@makeupchucky?si=MsgxvDFWZIX1QfAp Навигация: #прошлое #дети #опека #андорра #таро #друзья #беременность
carinaswishlist,channel,Carina’s wishlist,35,@Carinasdictatorship main channel
xohlaymankiiiii,channel,Xohlayman(ki)…,32,"Ushbu kanal aynan kim uchundir atalmagan, oʻz xohishlarim va istaklarimni shunchaki qayergadir yozish uchun ochilgan…"
inspirekaty,channel,Pinterest-находки: WB | Aliexpress,44,"Хаотичные, но такие желанные находки с популярных маркетплейсов России. Здесь не только подборки, но и вдохновение."
stilisticawishlist,channel,Wish list for Stilistica 😍🙈,21,Мои желания и ваши возможности меня порадовать ☺️💋
brighteyescollege,channel,𝑚𝑦 𝗘Y͟͟͟͟𝗘𝗦 𝓌𝒾𝓁𝓁 ミ 𝘽𝙍ᶦɢ𝙃𝙏,14,
dothetext,channel,делай брендовое,85,"Канал ведет @alayjuly    Хотите сотрудничать? Напишите, я придумаю, что сделать"
flop1x1,channel,Flopix ##196 ##glowingmusic,394,СК- https://on.soundcloud.com/Fh0jENdHVZMRsV8qrd  ВК-VK-https://vk.ru/flopix11  ТТ-https://www.tiktok.com/@flopix111?_r=1&_t=ZP-934t8tohdPC
pregnantmedkit,channel,беременный медкии кф,75,маленький мальчик нашел пулемет так получилось что он больше неживет
kostyaflopllit,channel,kostya tread 🪡,138,
flatriderrepload,channel,.,36,
flopa_7,channel,шлепа,83,
floppadiary,channel,🕯️Culto Floppa~🦇🌕🐈‍⬛ Personal channel 🖤✨,47,Bienvenid@ a la vida de esta vampira✨🖤🦇
floppasbeasts2,channel,Подвал шлёпы 2,105,"Мы создали этот канал для того чтобы вы всегда оставались на связи если что-то произойдёт с основным каналом, первыми узнавали итоги конкурсов, а также мы сюда публикуем важную информацию.  Основной канал: @floppasbeasts"
ftlfailed,channel,🔞 𝔽𝕋𝕃 𝖋𝖆𝖎𝖑𝖊𝖉 ⚰️,16,Офіційне представництво wannabe space progressive/alternative doom&gloom metal концепт-бенду ftl failed 🌍 Наші соц. мережі: linktr.ee/ftlfailed
cardgirlll,channel,12.07.2026,61,тт: @cardgirll owner: @w1skkass
flint_oig,channel,FLINT GROUP,48,
kufutime,channel,kufu time,55,анон бот - @kufu_anon_bot
floki4232,channel,fl0ki #nolight,10,Менеджер: @Brussya https://on.soundcloud.com/C6DTBKKmixfqAGEB1w
unityfloodofficialll,channel,info unity flood,28,флуд по всем фд
floodratanimalhospital,channel,Info flood rat animal hospital,34,
nosokfle,channel,белка под прикрытием,16,да я тойбойчик и небинар✌️ фулл хаус
spilljapanyisep,channel,spill @hottiestfuckf @JAPANYlSE,8,
flopllitbotbot,bot,any info,,our channel @kkostyaflopllit
flopllitanonbot,bot,any info abt kostya,,
hatestupidcf,channel,HATE STUPID CF,1,
it_flow,channel,Webstack,1,
vesnyanochk_aa,channel,_Vesnyanka_,293,Образцовый танцевальный ансамбль «Веснянка»
gaangstt,channel,gаng.sttt,292,inst: gaang.st  @gaangst
idealdanceonline,channel,IDEAL DANCE online school,1146,"Ideal Dance - онлайн школа танцевального спорта. Наша школа для танцоров любого уровня - от начинающего до профессионального,  с нами вы сможете тренироваться из любой точки Мира с командой звездных тренеров.  https://idealdance.ru/club"
fp_danceproject,channel,FEMALE POWER DANCE PROJECT,1082,"Танцевальные курсы и классы для девушек-танцоров разного уровня под руководством Акулиной Юлии.  https://t.me/juliaakulina  По всем вопросом можете обращаться сюда @gudochek_s 💕  🌐Москва, а онлайн - по всему миру."
ugraart,channel,𝐔⚡𝐀 𝐝𝐚𝐧𝐜𝐞,104,
creationquotations,channel,Catholicism & Creation,593,Dedicated to exploring the rich tradition of the Church which affirms the historical truth of Creation as told in Sacred Scripture.
sotvorenie_icona,channel,Со-творение,116,Русская икона
radostgivetvnutrichat,group,Общение🧡Радость живёт внутри,91,"Этот чат создан для общения людей, стремящихся изменить себя и через себя жизнь вокруг, идущих по пути радости, замечающих красоту, влюбленных в жизнь и творчество.  Давайте сотворять счастливую жизнь вместе!  По всем вопросам пишите @Me1ena"
tvory_dushoy,channel,Твори душой,14,"Привет! Меня зовут Ольга Благодатских🪬 🔆 Я занимаюсь рисованием энергетических картин и рисунков. Это путь души. Нахожусь в потоке и рука сама создаёт рисунок, не загадывая творю новую реальность❤️"
yarrrrrr_art,channel,Yarrrrrr,203,"Цифровой художник, AI-шаман, Заклинатель алгоритмов. Написать @Yar_Kir"
keerher,channel,Яблочный пирог 🍎,141,
gggggntlehornbill,channel,gnnTLEhornbill ака кеша,159,
krllksl,channel,krllksl,295,"call me Key https://krllksl.carrd.co/ please do not repost without credit may contain nsfw ><^,⋗ 🇺🇦🇺🇦🇺🇦"
kiriiklp,channel,Я в детдоме,70,"Один какой-то большой щп  Влд - @Alabi_top За вп, мью, и т.д обращаться к влд ‼️Набор в админы закрыт‼️"
qlql0_l,channel,إِكرَيِّم,87,"ٰ ""إِنَّما أَنا أَثَر."" @QlQlO_BOT"
kairis_krs,channel,KAIRIS,119,Для удобства: @KAIRIS_KRS
carollarts,channel,CarolDarol,40,"Каролина рисует, гуляет, путешествует  Inst: Carolina.leaves Carolfromdarol@gmail.com"
kwtr_design,channel,EL KAOUTAR Graphic designer,39,🪄 للتصميم الجرافيكي   🎨  حيث نحول الفكرة إلى إبداع..والإبداع إلى تأثير..!  تابعونا على الإنستجرام: https://www.instagram.com/kwtr_design?igsh=MWxsYmI2ZjQ0NHc4Zg==
xcar4melx,channel,𝖼4𝗋𝖺𝗆𝖾𝗅 >.< рест,61,рот слипается рт держу час
kurodoesarts,channel,Kuro • 𝗜𝗻𝗸𝘀,23,
livehowersed,channel,ЗАМОРОЖЕН 𝑳𝒊𝒗𝒆 𝒄𝒉𝒂𝒏𝒆𝒍 | 𝑯𝒐𝒘𝒆𝒓𝒔𝒆𝒅,16,инфо: @Howersed
errroril,channel,｡･:*:･ﾟ’Сайбер｡･:*:･ﾟ’ рест,9,
skyllarrrrrr,channel,Итоги скайллар,5,Инфо канал - https://t.me/infow1luvvv
corel_uzbekistan,channel,Corel Uzbekistan,3,🌟 Corel Uzbekistan | Design Studio 🚀 G'oyalaringizni vektor formatiga o'tkazamiz! 📐 CorelDRAW ustalaridan kreativ yondashuv 💎 Eksklyuziv logotiplar va poligrafiya dizayni 📥 Hamkor @flyersuz
karioarts,channel,…… Kคri໐ คr₮ຮ ……,3,Просто рисую и рассказываю о своей жизни:)
kacherishko,channel,услуги качерышки,3,
lampabikteveryday,channel,лампабикт на каждый день,4457,владелец - @oneoftheapostle  по поводу вп и рекламы - https://t.me/reklama_everyday  канал с творчеством: @lmpbkttvorch  порадовать админа(донат): 2202206115147055  все деньги с рекламы и доната идут админу на покушать
bpbusinesspeople,channel,BP.business_people,1659,Порадовать себя здесь ⬇️   https://www.wildberries.ru/seller/78988
newyear_children,channel,Дед Мороз и Снегурочка,304,Для заказа звоните +7(993)612-33-18 или пишите @children_happyy
sissytroops,channel,SISSY WOYSKA 18+,2474,N° 537467973  поблагодарить можно сюда boosty.to/sissytroops | конфа паблика является и его предложкой https://t.me/+QSFg_4HmFlRjZDQ6 | https://t.me/memedatings - знакомства для мемных людей
netdenegnakino,channel,Нет Денег На Кино,1396,Сайт: ndnk.ru                                                  Написать админу: @ndnk_admin Поблагодарить админа:                            Подписка на Boosty: https://boosty.to/ndnk?locale=ru_RU Донаты на CloudTips: https://pay.cloudtips.ru/p/54ee6c15
bazitruelife,channel,Бацзы в курсе,621,Поблагодарить за канал и активации на Сбербанк ⤵️⤵️⤵️😊😊😊 Людмила М. 2202 2073 3862 6388  Автор канала @viii5321
stopannya,channel,🤍 stopannya,486,Твич: twitch.tv/stopannya Бусти: boosty.to/stopannya Поблагодарить: 5536914137408724 (т-банк)
sk8star,channel,Sk8star,143,#DESIGNERJUNKIE  News / Fan Page  Not impersonating Sk8star  https://discord.gg/sk8star
kitaisasss,channel,китацса ня,22,
raypubgm77,channel,RAY PubgM🇦🇫,38,"N10 world N4 na N7 na, dm :@raymx77"
terminalnotes,channel,Terminal Notes,28,Cloudy thoughts 💭
recordserviceotziv01,channel,#Otzivlar.😎,2,Record Service Otzivlari. Ishonch uchun rahmat. Kanal: @recordserviceuzb .
platipomiru_sup_bot,bot,"Отдел заботы ""Плати по миру""",41345,
obrobka10,group,Обработка Фото,13,Обработаю ваши селфи💗💗💗
hypebeast12,channel,HypeBeast Moscow,6179,График работы - (13:00-22:00) Без ВЫХОДНЫХ    Наши социальные сети: TikTok: tiktok.com/@hb_showroom12 Instagram: @hypebeast_moscow   По всем вопросам @Hypebeast_support
addyzkolkata,channel,"ADDYZ - Saree Cover, Pouches, Kits, Organiser",129,"Official Product Broadcast Channel.  Manufacturer of Premium Quality Covers, Bags,Jewelry Boxes,Pouches and Kits.  Registered Address -  ADDYZ 14, Noormal Lohia Lane Ground and 4th Floor Kolkata -700007 (WB) Phone +91 33 46043477 www.addyz.net"
happydayshoes,channel,Happydayshoes,134,Наш каталог обуви (наличие)⚡️ ▫️Основной аккаунт @happydayfashionshop  ▪️Для заказа переходите по ссылке и выбирайте удобный месседжер🔽 https://l.clck.bar/723806
deesbin,channel,DEE.bin,72,"Life logs, mindset shifts, and small wins."
keeedish,channel,ai',43,посмотри в глаза – там всё.
derevogrib,channel,микориsashmottt🥰,57,[Девочки с менталками мутят шмот для девочек с менталками] Наличие https://t.me/+lxGQvRM5uMs2ZTFi вк резерв - https://vk.com/cipraslexresel Заказать @monoaminoxidaza
paledice,channel,Pale Dice,37,"НРИ, живые игры и анонсы партий"
firchfirk,channel,Фырч-Фырк: Дорога Памяти,504,Сервер с Сопровождением в Minecraft! СЕРВЕР - ЗАКРЫТ. ОЖИДАНИЕ НОВОГО ПРОЕКТА...  Канал с саундтреками - https://t.me/MyNameIsFirchFirk
mamas_chronicle,channel,"""Mama's Chronicle"" 🤰🏾👩🏽‍💻",722,"Я Эля и это дневник жизни про счастливое ожидание и первые «мамкины шаги»☀️🤘🏾  Держу пальчики, чтобы блог был вам полезен или заставил улыбнуться 🙌🏾🤩  Жалобы и истории @eleonora_sam, а реклама @elly_sam_pr «Беременность и материнство»"
behindthemirror_eng,channel,[Ожидание светлого будущего] — 「По ту сторону зеркала」 - ENG,573,Данный канал занимается переводами всякого с глобального сервера Disney: Twisted-Wonderland от Aniplex. Приятного времяпровождения!   Бот для связи с владельцем - @EinSirtiBot Лайф-канал - @BehindTheMirror_LIVE
wvsphive,channel,🐝(ОСИНЫЙ УЛЕЙ)🐝,314,🤡 t.me/Send606ocaBot -ПРЕДЛОЖКА  Ожидание от канала 🗿 Стоицизм / ❄️ Закаливание / 🧪 Научпоп /   Реальность: 🍌ворую мемы .    МоиКаналы:   🚽 t.me/wisdoomer -философия на толчке  🐝 t.me/waspADHD -СДВГЕШНАЯ
kiseleva_proparfum,channel,Kiseleva_proparfum,186,"В наличии и под заказ, ожидание около 2х недель ❕Отправка по всей России ❕По поводу заказа пишите @julia_berkana"
jajajajajajjajajajajja,channel,закрыто 2,154,https://www.churchofjesuschrist.org/?lang=rus
lllllliiiiinnnnnn,channel,𝐿𝒾𝓃𝒶,145,
lenswyyx_heyys,channel,﹫ℒℯɴsℯsʏx𝓈s.. //🌪️,66,инфо.- @mydiorcx. тг для связи со мной.- @lenws1yx ———————————————— http://t.me/anonaskbot?start=57bt96z5 - анон. открыта к знакомствам и коллабам!! ярый эдитор.
nyajpg,channel,nya.jpg,8,@blplnt
lsryyds,channel,老鼠人主频道【冲刺10K】,6,
kckkzsl,channel,info,1,
ilja_snk_tattoo,channel,ИЛЬЯ | ТАТУ-МАСТЕР | САНКТ-ПЕТЕРБУРГ,331,"🎨 Тату-мастер | Реализм, графика | СПб Создаю авторские татуировки в черно-белой эстетике.  📍 Студия «Syndrome», Лиговский пр. 65 ✨ Эскиз в подарок к любой тату  💌 *Записаться:* @iljasnk 📸 *ВК:* https://vk.com/ilja.snk_tattoo"
shabshin_ilya,channel,Илья Шабшин || Консультации семейного психолога,4975,"Авторский канал Ильи Шабшина, психолога, сексолога с 15-летним стажем"
ilya_marshal,channel,‌‎Ilya (Marshal) 🦁,250,🧑🏻‍💻DEV. More info inside...
kitmedd,channel,MeDKiT,5988,"Vlg 3/6 lech  Здесь все о жизни студента-медика, а также полезные материалы  Реклама/отзывы: https://t.me/+4B-b3oW7mssyZDdi  поддержать канал голосом: https://t.me/boost/KiTMeDD  контакт для связи: @Xly_p ✨inst: @_med_kit_"
kitup,channel,Книжный продюсерский центр KitUp,1406,"⭐️Пишем, издаём и продвигаем книги для экспертов и онлайн-школ ⭐️Книги наших клиентов становятся их лучшими трипваерами Основатель: @maria_sinyukova"
eng_kit_3,channel,Eng_Kit_✨,334,
kitmbf,channel,"киты, но китята | mb 🤍",1416,"комфоᴘтим, уютим и ᴘᴀдуᴇм  по всᴇм вопᴘосᴀм – @suempty  https://t.me/boost/kitmbf"
neyrosovety,channel,Нейросоветы,2815,Советы от нейронки на каждый день
dextercpa,channel,Декстер | Арбитраж трафика,728,"Честно про арбитраж трафика с ФБ, нейронки, лайфхаки и полезности  Связь: @dexter_cpa"
intouchsocialplatforma,channel,IN(TOUCH),495,"IN(TOUCH) - сервис бесплатной онлайн поддержки бот для выбора эксперта: @Intouch_social_platforma_bot не бойся говорить, здесь тебя услышат  наш сайт: https://socialplatforma.ru/   по всем вопросам: @smolenskayaaa"
kkhalikovaintouch,channel,kkhalikova in touch,714,lifestyle | study💞 егэ химбио 2026 сотрудничество: @kkhalikova
wisteriaintouch,channel,вистерия на связи,377,"спойлеры, новости, коллажи и очень много лайф-контента. теперь вы в курсе, на что подписываетесь добро пожаловать =3   анонимка: @wisteria_wr_bot"
worldstorydream,channel,𓍯رمانِ میانِ خطوط 𓍯,1701,https://t.me/worldstorydream_bot
daster348,group,Мир страсти,9,16+  По всем вопросам : @ghasverty
valyou_investing,channel,같이 투자의 정석,155,"투자 잘하는 사람들과 같이 투자 하는 것을 추구합니다.  본 콘텐츠는 일반적인 정보 제공만을 목적으로 작성된 것으로, 특정 투자상품의 매수·매도 또는 보유를 권유하지 않으며 그 어떠한 경우에도 증권·파생상품 등 금융투자상품에 대한 투자 조언으로 해석될 수 없습니다. 콘텐츠에 제공된 정보의 정확성, 완전성 또는 신뢰성에 대해 보장하지 않으며, 본 콘텐츠를 이용함으로써 발생하는 직·간접적인 손실에 대해 어떠한 책임도 지지 않습니다."
perevozskaya,channel,Юлия Перевозская,49,"Авторский канал Юлии Перевозской про контент в Телеграм для экспертов и онлайн-школ.  Помогаю выстроить систему контента, которая привлекает подписчиков, прогревает и приводит заявки.  По всем вопросам: @yuliya_perevozskaya"
creating_channel,channel,БЛОГ МЕЖДУ СТРОК | Диана Еременко,33,"Канал для экспертов, которым есть что сказать, но сложно превратить это в блог.  Исследую как найти свой голос, создавать контент и стать автором, которого хочется читать."
enterocv,channel,PORTFOLIO / Entero / SMM,12,Портфолио работ по SMM. Видео и визуальный контент  CV of SM agency. Video and visual content
spchk_ru,channel,Спички: SMM | Реклама | Контент,16,"Канал про продвижение бизнеса, контент-маркетинг и соцсети.  С 2020 года успешно решаем задачи бизнеса в информационном поле."
portfolio_aigen,channel,ПОРТФОЛИО ПО КОНТЕНТУ SG AI,14,Портфолио команды Скриптогенератор по созданию Нейроконтента   Для связи пишите в личку: @anatoli_frolov
lootduniadeals,channel,Lootdunia.in,32,LootDunia.in • Since 2017 • India’s Trusted Deals Hub  Join our Alerts https://www.lootdunia.in/alerts  Contact us @lootduniain  Affiliate Disclosure https://telegra.ph/Affiliate-Disclosure-05-03-2 https://www.lootdunia.in/affiliate-disclosure
silkroadpublishing_channel,channel,Silk Road Publishing | Kitoblar,36,"Silk Road Publishing nashriyoti rasmiy kanali. Yangi kitoblar, narxlar, aksiyalar va sotib olish tartibi. 📩 Savollar uchun: @Silkroadpublishing"
online_job,channel,EARN MONEY ONLINE WORK,4,
madeinllove,channel,Our Love Story,1,
rabintechgame,channel,A,3,A
about_america,channel,.,1,
kpopdaobot,bot,Idol Maker,,Raise Your Own K-POP Star
kidskidsclub,channel,клуб Kids ✨,1438,Канал для детей и родителей 👉 http://t.me/kidskidsclub   Наш канал на Ютуб 👇 https://www.youtube.com/kidsclub  Поддержать Kids:   Для России Сбер 👇 2202 2056 0941 55 23  Для других стран 👇 https://www.donationalerts.com/r/kidss  Админ @Godskidss
creativityandnot,channel,СОБЫТИЕ | Творческо-игровая мультивселенная Пурпла и Фнафера 🎮🔥💜🔪,50,"Канал по играм, творчеству, в котором я постараюсь исправить все свои ошибки старого канала  /HURMA  РТ пост: https://t.me/c/3763871224/3431 Цели: https://t.me/CreativityAndNot/201 Лс влд: https://t.me/PurpleCreator_OFFICIAL"
creativepractice,channel,Творческий клуб,9,Встречи с Кристиной в Циферблате 🪄 где мы рисуем
tvorest,channel,Ты творец,2,Обрети настоящую силу Творца в нашем канале  •Советы 🧠 •Цитаты 🏆 •Законы 🪙 Всё это приведёт тебя к успеху  Удачи воин 👑
creatifyaiofficial_bot,bot,Creatify AI,,Upload URL to generate video with one click AI ad generator！Creatify 提高广告创作效率！ Channel ： @creatifyaigc
aicreativeclub_bot,bot,Creative AI,,AI Генерация видео и изображений. Ссылка на веб-приложение cr-ai.ru
craftgbot,bot,Craft,,Technical support: @CraftHelpBot
mewowoch,channel,мевушка буянитъ ⤬ 𝑺𝒌𝒚𝒓𝒆𝒔,52,scream cause we wanna go faster”
tgkdobrogodani,channel,тгк: Доброго Дани,77,
naukaturnika,channel,Наука Турника 2.0,95,Официальный канал проекта NaukaTurnika.ru
ireeenchik,channel,Ireeenchikk,99,
fumaandnuvasui,channel,🐾🖇🌸𝐇𝐎𝐔𝐒𝐄 𝐂𝐀𝐃 🌸🖇🐾,97,
tvorcha_po,channel,Творча,70,Всех благ ོ Сотрудничество:  тг @son_of_a_bitch7  Другие соц.сети:  вк https://m.vk.com/labiere ют https://youtube.com/@tvorcha_po?si=AOL6NCtovRGhQGns
salekseevna,channel,алексеевна,36,
lawrenceoleander11,channel,Lawrence Oleander,21,просто уходи.
darkpagu,channel,어둠의 파구단 (파구의 10덕방),354,잡소리 전문 채널
mtweekcom,channel,먹튀위크 소식 채널,318,"저희 먹튀위크는 2019년 말부터 온라인 사기(먹튀) 예방 교육 자료를 제공하고, 피해 대처에 특화된 대응 가이드를 진행해 온 먹튀검증 전문 스타트업입니다."
dreamhighend,channel,kk 필리핀 소녀,118,1번 고객 서비스 : @drivers 필리핀 : https://t.me/kkpornn 중국 광저우식 : https://t.me/kkproncn 베트남 소녀 : @DreamPhGirl 고급 모델 : https://t.me/kkPornModel 태국 자동차 수리 : 🇹🇭 @xiuche344 🔥전문 자동차 수리 30년 경력 베테랑🔥 ❤️전문성이 있기에 신뢰할 수 있습니다❤️
hakucom,channel,𝙷𝚊𝚔𝚞~,278,"너는 너라서 아름다워. Ты прекрасен, потому что ты — это ты.    실패는 끝이 아니라 시작이야. Провал—это не конец,а начало."
manobans_ruby,channel,Закрыты🔒𝙈𝙖𝙣𝙤𝙗𝙖𝙣𝙨 𝙧𝙪𝙗𝙮 — 𝙞𝙣𝙛𝙤 𝙘𝙝𝙖𝙣𝙣𝙚𝙡 🪷,100,❕Подписка на инфо ОБЯЗАТЕЛЬНА Анон: @Manobans_ruby_bot Влд: @lix_ho Админ по сз: @aster_456 Открытие: 07.06.2026 Конец: 11.07.2026 Брак: https://t.me/JollyFloodOff 실패는 끝이 아니라 시작이다.
somnitelno_no_ok,channel,С чего я сегодня в ахуе,43,"Я выстроил себя из камней, которые в меня кидали."
kimpguy,channel,그냥 김프봇,79,허술해요  김프 구간 변경은 0.5 단위 보조지표는 자체 데이터로 뽑음  거래용이라서 김프는 비트김프가 아니라 테더 김프로 출력   단순 김프 알림보다는 0.5-2.5 전략에 홀딩 혹은 청산 근거로 보조지표 이용.   엔트리 시그널과 엑싯 시그널 둘 다 나오긴 하는데 각자의 전략에 맞게 플레이.  정기 브리핑 8시간 간격 하루 3번 보조지표는 데이터 정제가 애매해서 재미로만 보기
sunmoon747,channel,နေလ(SUN MOON),31,
soonneogaudition,channel,🌸𝑵𝙀O͟͟—G桜#𝑨͟͟𝒖͟͟𝒅͟͟#T𝒓𝒖,56,
kkda8282,channel,특이점이 온다,1262,"하고 있는 작업들, 해야할 작업들 기록  @kkda82"
lovefund369,channel,lovefund이성수의 증시토크,1312,lovefund이성수의 증시토크를 실시간으로 만나실 수 있는 채널입니다.^^  lovefund이성수와 함께하는 주식투자 http://cafe.naver.com/lovefund369
separ_ir,channel,سپر| آموزش امنیت,189,توصیه ها و آموزش های کاربردی برای افزایش امنیت شما در دنیای تهدیدات متنوع.
appsecbp,channel,AppSec Business Partner,284,Application Security Business Partner. Об информационной безопасности приложений для бизнес-аналитиков и системных аналитиков. Автор канала @Aleksei_G_K
sicurarmor,channel,SICURAMOR,17,La Sicurezza per tutti #security #teamsicurarmor
therolluptg,channel,The Rollup Roundup,194,Face-to-face with the leaders in digital assets.
strelchenko_cases,channel,Отзывы и кейсы клиентов ❤️ Татьяна Стрельченко,7,Канал Татьяны: @strelchenkosila  Задать вопрос или стать клиентом: @strelchenko_tatiana
tp_otzyv,channel,Отзывы - Методолог Татьяна Потапова,4,Отзывы о моей работе методолога
ulyashalovesskz,channel,Where am I?,163,숨겨진 우리의 슬픔마저 사랑하자💎 канал про мою жизнь и не только💫  мой канал про kpop: https://t.me/skzloverskz
ortopraxi,channel,Ортодо́ксия и Ортопра́ксия,180,"Философия, психология, теология, искусство.  Полезные, интересные посты для размышлений, с позиций которых можно взглянуть иначе на привычную нам действительность.  Группа в Макс: https://max.ru/join/M0-8Pakvf5TId-oR1RsjCqcMBJAImLBQVvj6pDaocC0"
fisherman124,channel,황태덕장,62,"황태덕장은 산간 지역에서 겨울철 찬 바람을 이용해 명태를 얼리고 녹여 노란 황태로 건조하는 시설을 의미합니다.  황태는 겨울철 영하 10도 이하의 찬 바람과 눈, 일교차를 이용해 명태를 얼리고 녹이기를 3~4달 간 반복하여, 황금 빛 황태로 만들어집니다.  시장의 찬 바람과 일교차에도 견뎌내어, 각자 나만의 황금 빛 황태를 만드시길 바랍니다.  감사합니다."
else_default_settings,channel,Настройки по умолчанию,25,
hooncosmic_moon,channel,Chaconne:⁠‑⁠X,23,"Dance for me, 내게 취해 매료된 듯이 I just wanna dance on, 멈출 수 없지 어둠 속에 이건 나만의 세계니까, 봐 Whoa, 다시 chaconne now~ . .._-ENGENE___MY_-  SUNGHOONIE"
museofculture,channel,Муза культуры / Muse of culture,306,"О культуре, искусстве, музеях, повседневности"
dobrokult28,channel,Волонтёры культуры|Амурская область,491,Официальный канал  ВОД  «Волонтёры культуры»  Амурская область.   Вызываем вдохновение и помогаем вместе💫  Мы в VK -https://vk.com/dobro.kult28  Для связи и предложений @lyoshalyynaa
prof_kult_rt,channel,Профсоюз работников культуры Республики Татарстан,329,"Наша группа создана для коллег, членов профсоюза и работников отрасли. Мы ценим информированность, открытость и доступность.  Председатель - Сабитова Альбина Фаридовна 📞 8 (843) 238-38-42  Сайт: https://www.tatprofrk.ru/ ВК: https://vk.com/profkult_rt"
woruebertanztdu,channel,Куничий лес,151,о танце by @kot_villy
senseculture,channel,Книжный клуб,90,"Мы - сеть книжных клубов и регулярных мероприятий со смыслом. Здесь анонсы наших мероприятий и жизнь проекта 💌 Будь с нами, чтобы обрастать лучшими людьми нашего сообщества 🔑"
dobrokult_dnr,channel,Волонтеры культуры | ДНР,77,"Мы — Волонтеры культуры Донецкой Народной Республики!   Делимся, вдохновением и помогаем вместе💫    Подарить экспонат музею https://t.me/MuseumCode_bot    Мы в VK — https://vk.com/club218238067    Для связи и предложений @r_shpackov"
tgallery_molodezh,channel,Молодежный совет Третьяковской галереи,89,
marketingur,channel,Sales||Business||Marketing,268,For businesses less than five years wanting to increase profits by 10% or more.
shlackblock,channel,Купля/Продажа лесозаготовочных шлакоблоков,301,мы не продаём шлакоблоки   связь с ген. директором: @rizzbik  связь с зам. директором: @racwano особый постинг отборной несвежести  https://t.me/boost/shlackblock
readymademedical,channel,Медицинский бизнес. Продажа и покупка,14,Данный телеграм-канал создан с целью рассказать о самых выгодных предложениях по продаже медиицнского бизнеса  💥  По вопросам рекламы или размещения о продаже: @enjoymop По всем вопросам и для покупки: @enjoyhello
gifts_and_coupons,channel,gifts and coupons,3,gifts_and_coupons
sumkin,channel,@sumkin,2,
fewrit,channel,Просто красивое,35,"Здесь публикуются творческие штучки или текстовые вкиды из моей жизни, всё по-доброму, самовыражение т. п.  Она/её, не приветствую критику, всем рада"
tvoi_yshi,channel,просто слушай,102,вместо избранных теперь этот канал  можете слушать процесс создания треков и сами треки будут тут🎧 (и каверы)
etookino,channel,это оно!,58,"— пространство для тех, кто чувствует прежде, чем объяснить."
just_because_razi,channel,Just Because,31,stay in dreams
soogoolwool,channel,수익의 골든벨을 울려라,27,수많은 텔레채널의 정보들 중에 수익으로 연결될 것 같은 글을 스크랩하거나 가끔 제 생각을 기록하는 용도의 채널입니다.  해당 채널의 내용은 단순한 의견 및 메모용도이고 매수-매도 등 투자권유를 의미하지 않습니다.  해당 게시물의 내용은 부정확할 수 있으며 매매에 따른 손실은 거래 당사자의 책임입니다. 해당 채널의 내용은 어떤 경우에도 법적 근거로 사용될 수 없습니다.
just_mine_not_yours,channel,just mine🤍,15,Emotionally intelligent✨  -Hayotni hozir va shu yerda feel qilish❤️  Stilni boʻl🤌🏻  ✨ Lifestyle blogger  🎓Jahon tillarida bakalavriat / magistratura 📸Mobilograf va fotograf 📜IELTS 7.0 va CEFR C1 holder 🏢ex-English teacher at @everestofficial
dichiarandomi,channel,🥀,224,no. non sono foto che creo io. no. non sono miei disegni. no. non ci sono significati dietro. no. non son foto che scatto io. non chiedetemi più queste cose
photo_mages,channel,Фото_магия,53,
dari_lesa_chat,group,"ДАРЫ ЛЕСА чат (травы, ягоды из деревни ) 🍓🌿",9,"Добро пожаловать в группу любителей природы и её даров - лекарственных трав и ягод. Будем делиться опытом, знаниями. Пусть нас становится больше. Меня зовут Айгуль, я люблю собирать травы и ягоды, соберу и привезу."
konkor1405_by_lemon,channel,🍋𝓵𝓮𝓶𝓸𝓷/[لیموی کنکوری],36,
aigczone,group,AIGC 小筑,13,
kateplantestate,channel,🌿Kate Plant Estate🌿,12,
anamarezoust,channel,(آنم آرزوست...🌱),4,پر از حس خوب و لطیف🥰🤞#عکس های زیبا، #متن های قشنگ، #آهنگ های روز، معرفی #کتاب، معرفی #فیلم #film #music #text 🤍 مارو دنبال کنید برای حال خوبتون . . .  .🩰🌱.
evilforme,channel,evilforme,214,kHz  все предложения: ЛС канала 🎼 .... «twilight» на всех площадках - https://band.link/spgjM .... SC: https://soundcloud.com/user-925570415 .... Поддержать творчество финансово: https://tips.yandex.ru/guest/payment/6094210
kverrse,channel,ケイ 🎐,72,анонимка @k1117_bot
kometverse,channel,Kometverse,565,Your trusted gateway to digital collectibles 🌠
mineralkorea,group,Mineral KOREA,918,"Mineral Hub는 Mineral(MNR) 생태계를 만들어가는 핵심적인 역할을 하는 플랫폼입니다. WEB 3 게임인 Five Stars를 통하여 생태계의 새로운 컨텐츠를 공급하고, Mineral Hub 플랫폼을 통해 생태계의 가치를 유통하고 있습니다.  [Mineral Hub Website] https://www.mineralhub.io/"
permacultureclub,channel,Клуб практиков пермакультуры,757,
xhypekorea_chat,group,XHYPE Korea 소통방,677,🇰🇷 @xhype_worldwide 공식 한국 커뮤니티 국경의 제약 없이 암호화폐로 여행을 예약하고 기프트카드를 구매하며 전 세계 여행 할 수 있게 해주는 Web3 생태계를 구축합니다.  Xhype Korea 공지방 👉 https://t.me/xhypekorea_ann  공식 홈페이지 https://www.xhype.io/  🔗 링크 모음 (Linktree): https://linktr.ee/XhypeKorea
culture_pulse,channel,Культурный Пульс,279,"Почувствуй сердцебиение культурной жизни ❤️ Рассказываю, куда сходить и на что посмотреть 😉 Чат https://t.me/+oY1hZL8kLUViNmYy Для связи @Natalia_Data"
hoshimin_afisha,channel,Хошимин афиша | квиз йога настолки мафия,504,"Хошимин | афиша - активности города  • чат: @saigon_tusa • от проекта ""ЭМИГРАНТЫ 360°""  Если ты организатор - пиши мне: @karavan_360 • я бесплатно в канале размещу твой анонс  Наши сообщества по 140 странам МИРА: @tele_360chat"
woori_rus,channel,WOORI.SPB,237,Здесь будут транслироваться основные события и культурные мероприятия российских корейцев Санкт-Петербурга.
hinkalnydom,channel,Хинкальный дом | Красноярск,5,"Настоящая грузинская кухня, вкусно, с любовью для Вас. Хинкальный Дом - отличное место, чтобы заказать доставку наших отменных блюд!  Доставка: 8 (995) 431-15-91  http://hinkalnyydom.ru/  Работаем для вас ежедневно с 12:00 - 04:00"
valutacry,channel,Valuta Cry,1305,"щитпостинг криптомыслей, раздачи, конкурсы и юмор   связь/contact по поводу совместок и рекламы только ко мне: @cryvaluta"
haliavababloua,channel,Crypto Games World (CGW),1400,Посилання на канал⤵️  https://t.me/HaliavaBabloUa    Реклама-@Alexs202231Labr  Реклама в лс
kiruhavkripte1,channel,Кирюха на вольво,1258,"Ректимся, иногда зарабатываем. Влетаем во все проекты в последнем вагоне  @jejejheh — админ @nftcriptahueta, @kykysik00 — манагеры"
yvessaintpayment,channel,Yves Saint Paymént,219,Дом высокого спреда
cryptmcy,channel,Cryptomacy - News,16,Cryptomacy is about to make democracy decentralized. Help us to be part of the change with $VOTOS and make your voice be heard.   TG: @cryptomacynet Announcement Channel: @cryptmcy Twitter: @cryptmcy Web: cryptomacy.org
curiumverse,channel,Curiumverse,18,
shevchenko_crypto,channel,Crypto Шевченко,3,
bussines_pro,channel,Избранное для крипты,4,
btcvanga,channel,Ванга ВТС,1,
kryptocash_news,channel,KryptoCash,2,"Your digital assets, available when you need them with the KryptoСash debit card. Choose between Physical card and Virtual Card or Both!"
criptoinfooficial,channel,Criptoinfo.com,1,"Analisis, noticias, y precios de Criptomonedas"
zooreen,channel,굶주린이,435,"시장 앞에 겸손  관심 분야: 시황, 반도체, 소비재, 콘텐츠(게임/엔터/미디어), 빅테크, 조선, 에너지, 바이오, 신재생 등"
prokontent39,channel,PRO КОНТЕНТ 🔴,285,"📍Калининград / фотопрогулки / фотодевичники 📲Контент-съёмки, продюсирование визуала, контент стратегия ✔️Поможем создать блог «под ключ», который привлекает внимание и продаёт ✉️ Напиши нам: @LANGEANNA @nataligizbreht"
nastavnik_online,channel,НАСТАВНИК-ОНЛАЙН,118,Официальный канал платформы Nastavnik-Online.ru
kvartirastudionsk,channel,Контент-студия Квартира,223,"Видео. Подкасты. Трансляции. Букинг.  Адрес: Дмитрия Шамшурина, 47   Чатик для общения: 👉 https://t.me/+0SyD7yrWholhZDYy  Наша группа ВКонтакте: 👉 https://vk.ru/kvartirastudionsk"
kley_pva_public,channel,ПЕРЕЕЗД!!! (КЛЕЙ) архив,68,НОВЫЙ ТГК: @Kleya_kanal
bleeedaboba,channel,переходник,19,
e777kx_11,channel,переходник kyz9,3,
per3d03,channel,Perehodka,4,Переходник
tartagliasboy,channel,꒰╰ перех𑄝дник,1,переходник и все все все
it_progger_ru,channel,"ага, вот переходник",2,
kenaaay,channel,переходник,1,
cheerupdongtani,channel,"동타니와 근성 노력 열정, 돈되는거 다합니다",909,(전) 근성과 열정으로 야핑했던 레전드들 (후) 돈되는거 다 합니다 제발 연락주세요  결혼자금 마련중... 광고 @dongtani 연락주세요..  https://t.me/ddongtani (채팅방)
roalcheorum,channel,개미처럼,274,우리 개미굴은 개잡주만 합니다. 근본주식 안합니다. 상폐예정주식 개잡주 잡주중에 잡주만 합니다.  https://t.me/roalcheoreom
orstoken,group,B.A.I. Technologies SA,143,
taunetwork,group,Tau network中文社区,40,TAU=τ，PI =π，均指“PI”，TAUpi=连接生态跨链桥梁的PI Network。
startupsandhypes,group,HarDevice,23,
zhivaya_nit,group,Живая нить -эко система,17,"Здесь про осознанное предпринимательство, культуру управления и энергию лидера"
heartrategame,group,Oris,7,
mykrosystem,group,Mykrosystem,3,
perpetuumecosystemchina,group,Perpetuum Ecosystem China,14,WEB ==>>  https://linktr.ee/perpetuum_  ENG ==>  https://t.me/PerpetuumEcosystem
one_ecoglobalio,group,1eco Global Ecosystem,3,
autocont,group,Automatic Control,2,
sdfgkdfgdfg,group,🕉GLOBAL ASIA Tech Inside✝️,439,"🕉GLOBAL ASIA GROUP✝️ Tech Inside ✅본사,총판,업자 소통방,정보공유방 ✅주식,코인,비상장,해선,테크 등 ✅장기간 신용있는 업체,업자 정보제공 ✅DB,문자,대리결제,솔루션,세탁 등 ✅타방 홍보, 마약, 성인물, 사기 벤 ✅하루 3회 홍보 (횟수기재),뒷텔X  입장은 추천 및 업무 인증 문의 @Asia_Syndicate"
protheme24x7,group,TechnoPoint,283,"Download Rare Collection Php Script, Premium Blogger Templates, Premium WordPress Plugins and Theme, Haking PDF Books, Online Paid Course, Clone Script, And more.. ©️ ProTheme24x7 https://protheme24x7.eu.org/"
the_solveo,channel,Solveo - Диджитал трансформация и упаковка вашего бизнеса,2,Цифровизация и digital-трансформация вашего бизнеса  Официальный сайт - Solveo.ru  Магазин доменов - Solveo.ru/domain  Главный контакт - @ruslanidrisov  Бот для помощи - @thesolveobot
creative_gcao,channel,Креативный офис,265,Здесь все о креативных индустриях Архангельской области и полезная информация для сообщества
creative_industries_alliance,channel,Creative Industries Alliance of Qazaqstan,372,www.ciaq.kz
creative_center_ing,channel,"Центр театра, кино и креативных индустрий",212,"Центр по подготовке профессионалов в сфере театра, кино, музыки и креативных индустрий"
gorycreativa,channel,Горы Креатива,459,"АНО ""Фонд развития креативных (творческих) индустрий Северной Осетии""  Тел: 89188212992 Сайт: https://creative-ossetia.ru/ VK: https://vk.com/gorycreativa Inst: @creative_osetia"
northculture,channel,Культура Русского Севера,161,
morozkinaelena,channel,Фонд развития творческих технологий / Авторский канал Елены Морозкиной,252,"Здравствуйте! Меня зовут Елена Морозкина. Многолетняя  творческая, исследовательская и педагогическая  деятельность связана с творчеством.  Работа ФРТТ нацелена на создание условий для продвижения и коммерциализации творческих продуктов КИ."
culturalyouthperm,channel,Пермская молодёжь о культуре 🎭,199,Официальный телеграм канал Молодёжного совета при Министерстве культуры Пермского края
culturemariel,channel,Культура Марий Эл,52,"Анонсы, интервью, события, все самое актуальное о культурной жизни Республики Марий Эл и ее столицы городе Йошкар-Ола"
creative_names,channel,Новый креативный класс,52,Имена и бренды Курской области. creativenames.ru
culture1408nature,channel,КУЛЬТУРА: уходящая натура?,202,"О событиях подлинной культуры, которые ещё встречаются в нашей жизни"
cifrastroikara,channel,Цифровизация ЖКХ и строительства РА,182,Цифровизация ЖКХ и строительства Республики Алтай. Стратегия развития 2030.
planirovo4ka,channel,Планировочка,128,"Создаём дома  мечты 🌳Планировка. Дизайн интерьера 🌳Земельные вопросы, ландшафтный дизайн 🌳Консультации по оформлению Недвижимости  📞619-009"
stdsaratov,channel,СТД РФ (Саратовское отделение),92,Официальный канал Саратовского отделения Союза театральных деятелей Российской Федерации
creativebusiness47,channel,От творческого проекта к креативному бизнесу,54,
angara_edition,channel,Редакция Приангарья,9,
vstgrp,channel,ВСТ Групп,68,"ВСТ Групп — Ваш надежный партнер в мире строительного оборудования!  ▫️Мы являемся крупнейшим поставщиком строительных лесов, вышек-тур, опалубки и пр.  ▫️Большой опыт работы и большой ассортимент товаров.  📱 +74950856080  📍 Москва, ул. Новодмитровская 5А"
akreative1,channel,AKreative🎬,111,Портфолио студентки 3 курса факультета: продюсирования Анастасии Карташовой  Генеральный продюсер|Креативный продюсер✨ На данном канале вы сможете наблюдать за моими первыми шагами в мире кино и продюсирования.
humanisticduo2,channel,"Книги, акварель, Сибирь | Humanistic duo",55,"Это личный блог. Здесь я пишу про творчество (я писатель и художник, а ещё косплеер), про интегральный Север, и немного про свои остальные хобби - фотографию, кулинарию, антропологию. А еще я запойный читатель, и это главная правда обо мне."
wwagcy,channel,Креативный коллектив,10,👀 Привет! Давайте знакомиться! Мы креативное агентство полного цикла и творческий коллектив.  🌐 Наш сайт: 2wagency.ru 💚 Обсудить проект или что-то еще: @sergeyjacobs
yakreativ,channel,Я Креатив,9,"Автор Ильдар Юлиан. Личка: @ildaryulian  Будем включать мозг, чтобы создать супермозг. Креативное Агентство «КРЕАТИВ»."
drkunzdes,channel,𝐃̶̸𝐀̸𝐑͢𝐊𝐃̷𝚵𝐒̷̎,4,
competentagency,channel,Competent Agency,11,"Мы специализируемся на создании высококачественных веб-сайтов, эффективных маркетинговых кампаний и уникальных дизайн-решений. По вопросам: @competent_agency"
nadiasartt,channel,₊∘ 𐔌 𝙉𝙖𝙙𝙞𝙖'𝙨 𝙖𝙧𝙩 ♡⸝⸝ ꒱,9,￶ ￶ ‍‍‍ ￶￶ ￶ ‍‍‍ ￶￶ ￶ ‍‍‍ ￶￶   ‍‍‍ ￶｡ﾟ•┈꒰ა ♡ ໒꒱┈•  ｡ﾟ ₊‧ʚ・︵ @s_SweetDream › υⲏⲫⲟ ︵ ₊˚๑        ⊹₊ ˚‧︵‿₊୨ ᰔ ୧₊‿︵‧ ˚ ₊⊹
kb_portffolio,channel,Портфолио Креативной банды,4,По всем вопросам пишите: @KristinaYaw @Dan_design_wb  Телеграмм канал https://t.me/grafigDESIGNER
creativevisual,channel,Креативы фото/видео,1,
lihonews,channel,Лихославль,5979,Новости Лихославля и Лихославльского округа. 18+  Ссылка на канал - https://t.me/+8_8VsiKe5Ak4OWRi  https://gosuslugi.ru/snet/69de4a338591a5d23cb375fa  #IHTDQ
liberalpodcast,channel,Liberal Podcast پادکست لیبرال,497,پادکست لیبرال Liberal Podcast  @LiberalPodcast
marvintneumann,channel,Marvin T. Neumann,620,"Stets »mit stilistisch steiler Ideologie beliefert« (Welt), »adrettem Oberlippenbart« (jungle world) und für Liberale »geradezu wahnhaften Äußerungen« (Desiderius-Erasmus-Stiftung)."
liberalsetiz,channel,«پــــرهـیز و سـتــــیز»,230,❁﷽❁   کانال من، معبری از آنجا که ایستاده ای تا اینجایی که من هستم... کانالی مجازی که روزی نه چندان دور به خط مقاومت و دفاع حقیقی در برابر اسلام آمریکایی بدل خواهد شد.
liberacuneonews,channel,Libera Cuneo News,154,"Notizie, politica e iniziative contro le mafie liberacuneo.liberapiemonte.it https://www.instagram.com/liberacuneo_liberavoceodv/ https://www.youtube.com/@liberavoceodv  WhatsApp:  https://wa.me/message/7BDG266YEBNHC1"
krichkertattoo,channel,Krichker,3015,Тату тель авив Свободные эскизы https://t.me/krichkersketches Для записи пишите мне @krichker
rabotavnovisade,group,Работа в Нови Саде,2481,"Бесплатная доска объявлений по поиску работы и свободные вакансии в Нови Саде , Сербия"
lyax2art,channel,LYAx2art,1231,"свободные эскизы, готовые татки и дешёвые картинки"
buhgalteri_kiev,group,Бухгалтеры Киев ⦁ Official Chat,123,"Здесь: обсуждаем тонкости работы, полезные программы, новости законодательства. В Чате можно найти бухгалтера себе в компанию или просто задать тематический вопрос."
bahissikayetimvar,group,BAHİS ŞİKAYET PORTALI | Sohbet Alanı & Chat | Dolandırıcı Bahis Siteleri İfşa - Duyuru - Şikayet,44616,🤝 İletişim: @afintul Anlaşmalar yalnızca @afintul ile yapılır.
farsayish,channel,فرسایش,84,«state: undefined
favaid_arobiyya,channel,فوائد kanali linki,22,
korporativaxborot,channel,Корпоратив ахборот,120,Хусусий ва давлат компаниялари молиявий холати таҳлили.
radsunenergy,channel,RadsunEnergy,214,✨ RadsunEnergy: طراحی نیروگاه های خورشیدی | راهکارهای انرژی پایدار ☀️  خلق فضاهایی الهام‌بخش و دوستدار محیط زیست برای آینده‌ای روشن.  🌐 radsun.org 🔸+989022617000 ✉️ info@radsun.org
chetambo,channel,Богдан печатает…,54,Пишу обо всем что меня окружает.     Пиши мне интересные вопросы - @bkondaurov
praxstati,channel,Праксовы статьи,13,Пролетарий любого времени является продуктом конкретных производственных отношений
pashlyandia,channel,Пашляндия,54,"Сначала хотел писать сюда что-то умное, но понял, что недостаточно умён"
software123and111games,channel,Software and Games️,13,1:نسخه جدید  gta v داره میاد 2: نسخه جدید: Gta vi 3: بازی جدید داره میاد Gta P نکته:اگه ایراد یا اشكالي دارد دکمه بحث را بزنید،ایراد و اشکالتون را بگید. 4: اگه می خوای از خودت تبلیغ کنی با این آیدی تلگرام در ارتباط باش👇🏻 @Modir_Channel_1
venicebbitch,channel,莲'ꜱ ᴍɪɴᴅ ᴘᴀʟᴀᴄᴇ⋆ 🏳️‍🌈,1581,"""gay and sad"" Playlist: @gayandsad2   http://t.me/HidenChat_Bot?start=885109643 She/her"
keepitrollinchat,group,keepitrollin.chat,814,Group chat of the premier Berlin Drum&Bass resource.
kisszkiss,channel,ᅠᅠꤕ꤀𝖮,500,"‌ they talking dumb, frankly i don't care t.me/HidenChat_Bot?start=757715232"
kysubxtch,channel,ماث کپک زده,349,حاجی ناموسا یجوری ترسیدما He/him type shit t.me/HidenChat_Bot?start=6605454217 ‌ ‌ ‌ @Talktomyahhbot
heyrozegarx,channel,ㅤ,241,"I love you from the moon. 🚨they/them. Huh? "" t.me/HidenChat_Bot?start=8251998605 """
beescuitt,channel,Niko,276,Archive: @Beescuitt3   http://t.me/HidenChat_Bot?start=1179227422
taha_rvangr,channel,𝗕! 𝗸𝗛𝗮𝗔𝗯,225,حرفی سخنی. t.me/HidenChat_Bot?start=7762937773
heimatkiss,channel,heimat.,114,"c'mon little channel, make me feel like home."
chinawhitenarcissisticstorefront,channel,Chinawhite narcissistic storefront,90,https://t.me/HarfChatBot?start=de9c0aa3a45a @Saxha
iwanttoseelove,channel,Can you see love?,96,Something in another life Jin n his Batman http://t.me/BluChtBot?start=60afa902b9dfa98c8c
xcwsze,channel,‌ ‌‌‌‌‌‌‌‌‌‌‌‌‌‌‌ aftercare,31,"#iluvmybesties woman, life, freedom  http://t.me/HidenChat_Bot?start=7025664343"
pishhiis,channel,Meow,46,http://t.me/HidenChat_Bot?start=8504947166 tik tok: mahsambook
endkmol,channel,karitekita neko,34,It is love that makes us look beautiful. http://t.me/HidenChat_Bot?start=5043055196
mutualangrupchat,channel,keep,67,
englovingchat,group,Engloving Chat,89,ПРАВИЛА ЧАТА https://t.me/englovingchat/25   Чат канала @engloving Админ-преподаватель @equalinium   Ссылка для друга @englovingchat
kicksharingchat,group,Кикшеринг — чат,49,Чат обсуждения электросамокатов и кикшеринга.
blackcat_iniran,channel,me and my memory's,79,اگه خواستید صحبت کنیم؛) @gorbehh_siahbot
klogchat,group,KLog Chat,61,"Discussions, support,  simply chat about KLog, the multiplatform hamradio free logging software.  Download from: https://www.klog.xyz"
keqingchanel,channel,一江春水向东流,46,中庭恰照梨花雪
sogbolingchat,group,СОҒ БЎЛИНГ!,52,
pummpingchat,group,Пампинг💥,20,Only positive
spinningchat,group,$OIIAOTIA_chat,11,
kitobx0n,channel,Verwandlung | Эврилиш,138,"Манда сиғар икки жаҳон, ман бу жаҳона сиғмазам, Гавҳари ломакон ўзим, кавну макона сиғмазам.  Иқтибослар • Шеърлар • Тақризлар"
wllwz,channel,"LRL ""F""",90,دَعونا نُحاول أن نَبدأ بالأنسحاب من الأشياء التي تَجعلنا نُشكك مراراً وتكراراً في جَدارتنا.
muhabbatsharifova,channel,Оддий инсон — m.sh,67,
yozgichim,channel,Yozgʻichlar,48,
taakhar123,channel,تا آخرش بریم.📚🛟,8,t.me/HidenChat_Bot?start=6318830861
young_alrf,channel,Совет молодых юристов Московского отделения АЮР,191,"СМЮ МО АЮР не только является частью самого известного и большого юридического сообщества, но и реализует свои проекты.   В канале вы можете получать полезные материалы для профессиональной деятельности и информацию о наших мероприятиях."
irvikon_ocenka,channel,ИРВИКОН | Оценщики и эксперты,51,"Профессионально об оценке в спорах, судах и банкротствах. • судебная и досудебная оценка • рецензии на оценочные экспертизы • разбор ошибок, кейсов и практики • влияние оценки на исход спора • новости законодательства"
roshchupkin_reviews,channel,Егор Рощупкин – Отзывы,30,Канал с отзывами от 2015 года о работе Егора Рощупкина и его проектов.   Мой блог – https://t.me/+POTHmuW-a5o4MGVi
buroekspertiza39,channel,Бюро судебной экспертизы и оценки,45,"Бюро судебной экспертиз и оценки Калининград, переулок Кирова 2  +7(4012)505-100  https://buro-sud.ru"
reviews_chumakov,channel,Отзывы | ChumakovMarketing,12,Отзывы рекламного агентства ChumakovMarketing.ru
otzyvastrolit,channel,Отзывы школы астрологии Ирины Литвиновой,19,
otzovik_zg,channel,ОТЗОВИК Жанны Григорьян,9,Отзывы и кейсы моих учеников и клиентов за 8 лет   Связь @zhannagrigoryan Основной канал @marketing_brain
ozivi_chellendj_dvigaisasnami,channel,Отзывы ЧЕЛЛЕНДЖ,2,
otzyvylana,channel,ОТЗЫВЫ И КЕЙСЫ|Лана Воль|Методолог,5,
otzyvymam,channel,"Отзывы от мам, Марина Анисимова",4,Здесь собраны отзывы о моей работе от клиенток.
rezult_omanysheva,channel,Отзывы о работе с Ольгой Манышевой,7,Наставничество | маркетинг | коучинг | Т-игра Лила. Отзывы о моей работе: https://t.me/rezult_omanysheva  Ссылка на мой канал: https://t.me/Start_expert_online
otzyvy_annab,channel,ОТЗЫВЫ Астролог Анна Бакаян,5,"Дорогие, в этом канале собраны отзывы о моих консультациях и марафонах. Для вашего удобства есть хештеги. Написать мне в личные сообщения @AnnaBakayan  Всё о моих  Консультациях  https://taplink.cc/anna__astroblog"
reptheakoshftbl,channel,𝘈𝘬𝘰𝘴𝘩𝘧𝘵𝘣𝘭 - 𝘳𝘦𝘷𝘪𝘦𝘸𝘴🔥,5,Писать @akoshftbl @Akoshqwz
pavlovpeople,channel,"""Ученики"" by Евгений Павлов (что говорят)",2,Отзывы о работе с фитнес-тренером и нутрициологом. Канал https://t.me/+TabLmpMUGPy4rhU3 Автор/связь @pavlovcoach
trafik_tg23,channel,КЕЙСЫ ТРАФИК,2,
rus_astrolog_otz,channel,Отзывы о моей работе,2,В этом канале я публикую отзывы своих клиентов)
okolosenatd,channel,Околосена | Фанатское сообщество TOP DOG,1267,Околосена-КРУПНЕЙШЕЕ фанатское сообщества первой кулачной лиги TOP DOG  Чат для фанатов: https://t.me/okolosenaTopDog Все наши соц сети: https://t.me/okolosenaTD/186 Наш мерч: https://t.me/okolosenaTD/90 Денежный бонус бойцам:
virpilot_ru,group,virpilot.ru,149,ТГ группа сообщества «Виртуальный пилот» https://www.virpilot.ru
toptiergems,channel,Top Tier Gems,129,THE DOXXED CRYPTO CHANNEL  Making the crypto space strong again  For post promotions contact @advertclu_b  Twitter: @mrtopwhale
topradarofficial,channel,ТопРадар,149,"Ваш успех начинается с правильного оборудования. Более 10 лет мы опираемся на свой опыт - помогаем клиентам делать верный выбор.     Еженедельные анонсы, акции и скидки участникам нашего сообщества!"
toptradersfund,group,Top Traders,5,"Sitio web exclusivo para buscar, comparar y acceder a descuentos de Empresas de Fondeo de Futuros.  ➡️ www.toptraders.fund  Contacto: @top_traders_fund"
topgearshopbot,bot,Топ Гир - все сезоны Top Gear,,"Данный бот дает возможность скачать все сезоны Top Gear, включая спецвыпуски."
manager_topgun_bot,bot,Тир TOPGUN,,Чатбот Тиру і Магазину зброї TOPGUN - topgun.ua
topaivtop_bot,bot,Топай в ТОР,,
topburgersbot,bot,ТOП БУРГЕРС 🍔 Мурманск,,Бот для заказа блюд ТОП БУРГЕРС
topgemshopbot,bot,آگهی اکانت | TOPGEM,,ثبت آگهی اکانت به راحتی و رایگان
topgymorenburg_bot,bot,TopGym_bot,,
toptgadmin_bot,bot,TOP TG ADMIN,,👀 Простой и удобный модератор ваших чатов  🌐 Канал основателя: @TopTgDima
topline_help_bot,bot,TOPLINE мерч для бизнеса,,Делаем корпоративные подарки и шьём одежду для бизнеса более 14 лет
topcargouz_bot,bot,TOP CARGO | BOT,,Developed by CargoSoft!
top_turnik_bot,bot,Топ-турник.рф,,Наш канал https://t.me/Top_turnik_rf Горячая линия +74991124440
topxengrefobot,bot,TopX - Referral program,,
advagovorit,channel,ADVA,229,"ADVA — встреча двух миров, разных по темпераменту, но одинаково жаждущих звучать.  По всем вопросам: @kiiiiiirieshka  Слушать: https://band.link/advamusic"
kivaseedly,channel,Киvа№666,31,"Он делает канал в сотый раз / щитпост и работы, все вместе /  Tumbrl: https://www.tumblr.com/kivaseedlyvich?source=share TikTok: https://www.tiktok.com/@qivwa1?_r=1&_t=ZP-95n3XCLrhEd"
keedz1off,channel,Polufabricatniy podval(portfolio × my game)🤔🤔🤔,46,"Тут мои работы!!!! Оск создателя - бан.Имейте ввиду что  все условия, включая эксклюзив и передачу прав, оговариваются в начале сделки. Предоплата обязательна. До оплаты только превью. Тест задания делаю только если берёте на долгосрочное сотрудничество."
kevika2,channel,kevika!!🚩,65,• Мой второй ТГК канал ✅ • Всех новеньких с удовольствием приветствую здесь! 🦸‍♂️
sevawcue,channel,закрыто.,34,
sigmadesrevelations,channel,Σ : SdR,23,в разработке
keedr_no,channel,Кедровый Переходник.,18,"Закрытые акки не принимаю.   Рекомендую подписаться сюда, чтобы в случае сноса канала вы знали, куда всё переносится."
mevyvlife,channel,меви 🐇,15,"здрасте,я мевюша занимаюсь творчеством и каверденсом !! тут моя жизнь,обсуждения скизов и каверденс✨🐈🐿️"
kawediesotachannel,channel,ота кави|не личн,22,акт денежные (и не только) предложения от кави!
cordovashoot,channel,コルドバ — 𝐌AGAZINE,6,ㅤ   𝓒ordova telah terhubung dengan beberapa channel resmi yaitu :: 𖣦 : @ITSCORDOVA 𖣦 : @CORDOVARSIP 𖣦 : @CORDOVASTAGRAM  — Ꮺ contact : @cordovarobot
kavetamk11,channel,Рек/ВП каветамы,1,WOAAAH Прошлый канал https://t.me/kavetamki1
donatfikk_ru,channel,DonatFikk,97,Канал где будут сливаться спойлеры RideWorld  Также информация про сервер
elfenishtyan,channel,Йельф 💉🤍⛓️,95,"«Если бы мне сказали, что, убив тебя, я освобожусь от этого проклятия, я бы без колебаний обнажил свой клинок»  Какая блядота рисует эти картинкиии Это что за фотолупы блять"
alomemo666games,channel,ДНЕВНИК АЛЬФАРИЯ,15,"This channel was created for entertainment and creativity. Everything you see here — fictional stories, characters, and events. Any resemblance to real people or real events is purely coincidental. We do not violate Telegram’s rules and publish only safe,"
asayorudailycf,channel,⏜ ֹ⌒ 𝐚𝐬𝐚﹠𝐲𝐨𝐫𝐮 𝒹𝒶𝒾𝓁𝓎. 𝒸𝒻,17,
redvpn_shop,channel,Red Shop,151,با ما از اینترنت آزاد و بدون محدودیت لذت ببرید ❤️    پشتیبانی:  @Supp_redshop پیج اینستاگرام:
pishtazvpsgp,group,Pishtazvps,9,فروش انواع سرور مجازی و اختصاصی از دیتاسنترهای مطرح ایران و جهان با تخفیف ویژه اعضای گروه در www.pishtazvps.com
parrotfm,channel,Перрот ФМ 2.0,39,Это оффтоп попугайчика Основа: https://t.me/littleparrot_art
parrotch,channel,𝗣𝗮𝗿𝗿𝗼𝘁 𝗖𝗵𝗮𝗻𝗻𝗲𝗹,26,Contact Us : @userParrot
li1krawrts,channel,likrawrts,35,с нью эрой ебать
lillieswwiv,channel,unexpected kiss,66,"I'm very tired, but I'm trying to hold on so as not to let them down."
elaight_cvg5,channel,AUD // Ꮛ𝐋(ᗩ)ıᎶ𝐇Ⲧ [ 👾 ],10,
elikwixxx,channel,𝑒𝓁𝒾𝓀𝓌𝒾𝓍𝓍𝓍 🥑,27,"тсбр,нюши,Юля гаврилина,подруни 🎰🎰🎰💓❤️‍🩹"
infagavrxpsx,channel,отзывы/ и инфа тгк 🤍,18,Вся информация тут🙏🏻
icon1c_cvr,channel,➊'¸◞⊱𝐈𝘾𝘖𝙉𝟭𝘾*'¸◞┊,14,
gibuem,channel,Школа корейского языка «КИППЫМ»,413,"Адрес: Санкт-Петербург, ул. Таллинская, д.9, 3 этаж. Контакты: @PakEkaterinaSPb Екатерина Васильевна Пак  Распространение рекламы в группе может привести к удалению из группы и к другим юридическим последствиям."
kpopkyivdance,channel,📍 KPOP DANCE «Wenmade»,544,"❤️‍🩹 Вся інформація щодо нашої студії!  #групи #індиви #відгуки  Тут про: • класи,кастинги, курси • відео/фото з класів • правила"
korporaziaefektovproshlogo,channel,К.Э.П,90,"⏳Корпорация Эффектов Прошлого⌛️  🕶️Мы делаем знаменитых людей теми, кто они есть   Хочешь знать, как? Подпишись и узнай секреты успеха, спрятанные в прошлом!🤫"
kissaep_tiktok,channel,kiss.aep,108,при использовании звуков отмечаем: ac: kiss.aep чат канала: https://t.me/+QMafqk7ev1k4NTEy
physics_kpi,channel,Е5 Фізика та астрономія,65,
brksyolo,channel,кап кап кап,13106,twitch.tv/kappapridesummoner  сотрудничество и связь  - @coc0nutwater
angelsinthetrap,channel,angels in the trap (@angelsinthetrap),2099,связь: @myheartcryjustforyou angelsinthetrap@gmail.com
cash4ikugly,channel,Cash4ikugly,111,https://t.me/cash4archive
momo4prez,channel,Полная шляпа: Kickflip Mycelium Edition,29,Новая жизнь старые грабли
richmiamiteenzclub,channel,#RichMiamiTeenzClub🫩🏝️,20,
simred_og,channel,SimRed 🏴‍☠️,25,~~~🔪    Trapper    🩸   FreshMan   🧨~~~ -Менеджер - @RedYungMngr -Буст тгк -  https://t.me/boost/SimRed_OG                       \\\  🚔  Dripper  👖 \\\
hatersrbot,bot,Spiderboy,,
viperrforeverr,channel,viperr 4ever,1,
lesoparklytkarino,group,ДЕЗ Лыткарино,229,
lizakarras,channel,гуманитарий на связи,122,дневник творческой души
cyan_lizardr,channel,Cyan Lizard Daily + Confession!,67,Совместный канал https://t.me/Theredlizard
damaizdramy,channel,Дама из Драмы,132,"Как чувствовать себя уверено на любых переговорах, перед камерой, на съемках и нетворкингах? Через актёрское мастерство, работу с голосом и невербаликой🎥"
foxmyrart,channel,Foxmyr,148,"Привет, я Лия. Рисую давно, медленно, но уверено. Предупреждаю тут будет много формулы   Я не писатель, поэтому под «зарисовками» я имею ввиду рисунки +18 X (твитер): Foxmyr_art  Материал для зрителей старше 18 лет. Все персонажи вымышленные не я"
sakirigso2,channel,🎄sakirig|со2💰,503,"⚡️Один из лучших каналов по мобильной игре Standoff 2. 📊Здесь ты найдешь новости об игре, розыгрыши и многое другое! 🚀Забрать приз можно в течение 24 часов, также нужно быть в чате, если не в чате сгорает  Связь со мной — @ghiytn"
ttvase1lo,channel,Я АСЕЙЛО | ase1lo,366,ВСЕ ЗАЯВКИ ПРИНИМАЮТСЯ АВТОМАТИЧЕСКИ  По всем вопросам - @cooperation_ase1lo
crrggso2,channel,CuRRent Gaming | Standoff 2,55,
dalraduga,channel,Дистанционные курсы ДАЛЁКОЙ РАДУГИ 🌍,336,"Канал для родителей о том, что может заинтересовать их детей, о развитии ребят, а также о наших онлайн курсах, разовых занятиях, креатив-посиделках и других активностях"
simple_about_finances,channel,О финансах просто🫰,712,"Авторский канал Елены Ревиной.                                               Со мной выходят на новый уровень дохода. Наводят порядок в деньгах и в жизни. О финансах, учете и налогах доступным языком.  Консультация: @rosaburbon"
clothes_from_ozon,channel,шмотье с озона [КОНКУРС НА МАСКОТА],667,10к часов в озоне   продавцы озона просто мрази почему нельзя просто сфоткать женщину ровно
psytinukova,channel,Наталья Тинюкова,363,"Психолог, сексолог. Архетипы по дате рождения.  Состояние, отношения, финансы. Чувствовать себя, своё тело.  Личные сообщения @nattinukova"
ustreasury,group,U.S Stocks Treasury,98,"Profit di DJI untuk dibawa ke IHSG 😋 . Semoga semua bisa profit ❤ Jangan greedy yah sayang 😘 . Masuk aja, gratis kok. Buat diskusi aja dan seru²an bareng 🤪, #Cocokmology #Nebakmology . All ideas applied ""Disclaimer On"""
usavichi,channel,Инфо флуд Усавичи,2,Борис сова на скакалке .
usamuz18,group,.𝓤.𝓢.𝓐.,3,
usatodaytg_bot,bot,USAtodaytg,,
ussd_kodlaribot,bot,USSD kodlar,,Bizning ilovamiz: https://play.google.com/store/apps/details?id=org.l5.ussd
parrotios,channel,PARROT IOS,1416,official channel PARROT IOS 07/8/2023  group chat   https://t.me/parotiosgroup  about parrot https://t.me/about_PARROTIOS
parrotgrup,group,"Советы, общение про птиц 🕊",463,🏖️ Наш канал - t.me/parrotLife Подписывайтесь  🥝 Правила чата здесь 👉 https://telegra.ph/Pravila-gruppy-06-03-5  🐥 Наш сайт PARROTLIFE.RU  Список врачей https://t.me/parrotGrup/275961  ✨Владелец: @darniritta  🌻Админы: @thekesha @gts175 @kindbirds
parrotsecru,group,ParrotOS RU,331,Official Russian telegram group of ParrotOS \ Официальная русскоязычная телеграм-группа ParrotOS. t.me/ParrotSecRU
about_parrotios,channel,About PARROT IOS,43,
parrotlife,channel,🦜 Волнистые попугайчики 🦜,1150,"Попугаи - милые создания, не так ли?..🤫  Подборки, игры, коллажи - всё с попугаями вы найдете здесь💚  По рекламе и по всем вопросам - @darniritta   Наша группа  - t.me/parrotGrup  Сайт - http://parrotlife.ru/"
prefmaracanau,channel,Prefeitura de Maracanaú,2347,Canal Oficial da Prefeitura de Maracanaú
parrotx2_cute,channel,Мур,146,https://t.me/parrotX2_Happy
ton_parrots_bot,channel,Дневник Активов 2,337,Запасной/второстпенный канал Оновной канал https://t.me/dnevnikaktivov
youngparrotnft,group,"YoungParrot, NFT Launchpad, Prediction Markets, DEX, Tools and Games",1559,#1 Prediction Market on Core blockchain
parrot_ukraine,channel,🦜 Папуги/Птахи Україна | Продаж та прилаштування | e-pet,1259,
parrotx2metsis,channel,parrotx2 №002,33,cr @.dollwiees on X возможен ООС .
parrotx2eh,channel,Hi! I'm parrot ',16,
parrotzkingdom,channel,Королевство попугаев/ СПб,357,"Корми , гладь и обнимай самых дружелюбных попугаев в городе!"
prstmem,channel,проклятый старый мем,353,щитпост и шутки
traininglive7,channel,Тренировка.Питание.Витамины.,1552,
kittttcatttt,channel,KitCat +18,561,Трейды - да Реквесты - по набору  Мью - да Вп - да Лс: @Seraphimmm69  Анон: http://t.me/anonaskbot?start=r4qol
kakkatyazhivet,channel,КэтКомёт,59,я адекватна и полна жизненных сил
ketiket4444,channel,Избушка Кетика,41,
koteiko_universe_v2,channel,KoteiKo Universe v2.0,26,Digital Artist | 3D Artist | Crafter
kaidan_ttt,channel,кайдан 🪓,42,рисовашки inst: amphybrahiy щитпостинг: @CYB003
ketich1234,channel,Кетича,53,Привеь  Кусь
kats_books,channel,chapter.one,36,📓 ✧˖°. создаю 3D-мерч по любимым книгам  ⭒ fantasy • dark romance • booktok aesthetic  ✧ заказать / задать вопрос — тыкай на кнопочку в левом нижнем углу канала 💬  ☽ на связи с 13-20 по мск
kett_gch,channel,ησɠɞαλ Ӄ϶ττ.,18,𐋏ii!!👋🏻👋🏻   russ content [🇷🇺]  mpr (пиар) 0+  Óŵņęř - @kepfqw0
kmaots,channel,KipeMaots,64,
up_ketto,channel,ГЛАЗКИ КЭТТО,44,ЛС(комишки): @Kom_upketto Голосование за ТГК: https://t.me/boost/UP_KETTO  Чмок в пупок🌸🌀
kettrin098,channel,🥗❁۪Комната Кеттриночки❁۪🥬,34,"Моё крысиное логово, гав гав! Шррр #go-jo #Gojo"
kitkatmovingcastle1485,channel,KitKat's moving castle,33,No matter how dark the night is I always come back to my planet  Where the sky is still full of stars 🌙🪐✨️  Meet me at @katayounbot          Or https://t.me/TeleCommentsBot?start=sc-8bac5ad245
ketaamink,channel,Кета,25,"Всем привет,это канал чисто для моих мыслей и фоточек из жизни"
ketototomoh,channel,кето плюс мох,11,"Стримлю, рисую, делаю штуки"
pepegptcom,group,PepeGPT Agents,630,
id_petr,channel,🆔Petr,355,Пётр Доценко / Petr Dotsenko ID’Petr · Художник стихии  Первый всемирно известный подводный художник из Крыма.  VK     - https://vk.com/id.petr Dzen - https://dzen.ru/idpetr Cайт - https://idpetr.ru https://www.youtube.com/@IDPetr
rabota_ptg_info,channel,Работа в Пятигорске • Работа КМВ 🔥 INFO,2069,Вакансии города Пятигорска и КМВ По всем вопросам ➡️ @KMV_rabot   Все вакансии КМВ — t.me/+VFoymYRuKnBjMWYy
truemeicai,channel,Skieung,170,"Alphachae and Omegan  🩷🐰 own: Хоку, Саммер  @HavenHkbot — @Help333mad_bot"
suloine_kettu,channel,"Таверна ""Капля жизни""",124,Китцунэ из России 🥰
vqwete,channel,VQWT,377,ООО «ФОТУФО»
kefficore,channel,‧₊ 𝄞 𝙺 𝚎 𝚏 𝚏 𝚒 𝄞 ₊‧,72,=^•^=
hyukitsune,channel,-HyuKitsune🦊,323,-She|Her -2007/INTJ •🤍•Tik tok:http://tiktok.com/@hyu.kitsune ;3 @Hyukitsunebot
kaimei4ever,channel,姫,65,
kikikeepb,channel,⊹ kikikikeep ballin',69,вп @kkurailyvp   bbl cr : kiiikiiibbl
kouukoii,channel,Коу,35,KOU0loveyou    @KOUUuuuyyioo  инф @infoKOUU
kikihhhh,channel,Мяу,106,YEAH! K. Love you guys. Don’t forget to smile🧍🏻
kiwikkaattee,channel,я екатя,33,
nenvizhuzhizn,channel,СтабильноХуево,20,
blutian,channel,rosablu,37,archive.
kaeddraw,channel,Kaedededede °•✧,19,"Хочу малювати, але не вмію малювати хд  Waiting for something to happen? ^^"
drunioff2,channel,Friends conf [🌭🥞],10,
mattlawsonphotography,channel,MATT LAWSON'S COMMUNITY,5793,A page for spreading truth
mattbelair,channel,"Master Mind, Body, & Spirit with Matt Belair",1319,"A channel for those who want to live life to the fullest, make a positive impact, and build a better inner and outer world with Matthew Belair."
mattpresti,channel,Matt Presti ✨,594,Authentic | Inspiring | Original | TEC Podcast | Order Of The One
mattipubgm,channel,MATTI PubgM🇵🇰,1838,#1 WORLD MOBILE 🌎 #1 EUROPE MOBILE 🇪🇺 #1 PAK MOBILE 🇵🇰  Winner of 15 international tournaments 🏆  Legacy from 2023-2026 - Retired 👋  One & only dm @MATTI_PUBGM
igotkashroll,channel,igotkashroll,144,"Main: https://vk.com/igotkashroll  @records430 M&M, beats  @union430 member & CEO"
mcculloughfund,channel,McCullough Foundation,366,"Investigative scholarship, analysis, media commentary, public and physician education, justice, and public policy. Content by Nicolas Hulscher. Website: https://mcculloughfnd.org/"
tattoo_mad_ravenas,channel,TATTOO MAD RAVEN | Anton Stepanov,139,→ Тату мастер из Питера → Опыт работы более 14 лет   Запись на сеанс: @Inktattooart   Реклама и сотрудничество: @MARYCREATIVE
urist_shalonosov,group,Юридические тонкости от Эдуарда Шалоносова,322,🔥Новые подписчики 🔥  Мы полностью перешли на канал  ➡️ https://t.me/+gn1dvvYg5xhjNDU6 ПОДПИСЫВАЙСЯ
bbbleeer,channel,BLER | тату калининград,299,Написать мне можно по ссылке t.me/bbleeer
matkart09,channel,Mathieu Koenig [Artiste],30,Bienvenue/Welcome! 🎩
razorenkov,channel,Реальный Максим,34,Психолог | Продвину личный бренд в соцсетях тебе чтобы зарабатывать онлайн | Стройка и Недвижимость в Америке
mmimimimr_1,channel,Чунга чанга😼,3,Мямямя
nikolaevreviews,group,Николаев Маркетолог | Ивенты | Кейсы | Отзывы,14,
makepeacelifeschool,channel,🔊 @MakePeaceLifeSchool • Make Peace Life School • Intuitive Public Radio • IPR •••,12,
mockingbird_chat,group,Чат каналів без контенту,4,
martimart_bot,bot,○∆MartPunisher∆○,,
braynitime,channel,Brayni.Th4rians 🌱,93,"—Брайни на связи, гав🐾 –тт @briney.th4rians), пинтерест @braynith4rians , инста @ brayni.th4rians • Буст — https://t.me/boost/brayniTIME 🦇 — Вся инфа обо мне в инфо посте,заходи к нам,мы не кусаемся !!"
briunarmstrungceo,channel,Briun Armstrung,909,
yeonbinarts,channel,Y30NB1N BDSM!| A`RT,118,info^^: @infoyeonbinarts me: @MV2LQ
k1llmek,channel,киллмек,55,"всем привее старт: 01.05.2023(тт); 10.01.2024(тг) мультифд, но чаще-брайн мапс"
brayros,channel,The Spectra,16,@ilnaji - @najiano
brainybear,group,Brainybear AI Chatbot,23,Train AI Chatbots in 3 Clicks. Help Customers Instantly. https://brainybear.ai
marioenredes,channel,Mario Salamanca,3,https://linktr.ee/MarioGuarch https://www.binance.com/join?ref=BU4Q0VQY&utm_medium=web_share_copy
braynsk_bot,bot,Предложка Брянск,,"Если вы стали очевидцем интересных новостей в Брянске или области, то прислать фото или видео можно этому боту."
brainyprof_bot,bot,Брейни — бот консультант,,Сайт: https://brainy-prof.ru/
djohngarik,channel,Джон Гарик,1,
kovikwear,channel,Kóvik,198,Wear everyday. Live every moment.
amezingdeal3,channel,Meesho Deals by Amezing Deals,459,
cosmicdee,channel,КОСМИК ДИ,349,"Тут про моду, обзоры, недели моды, стрит стайл, вдохновение и не только. Немного путешествий и вкусную еду, но по настроению✌🏼"
ch_clothing,channel,CH_brand,129,Одежда и нижнее белье
afishapattaia,group,АФИША ПАТТАЙЯ 🇹🇭 МЕРОПРИЯТИЯ,25806,Хочешь разместить своё мероприятие? Пиши — @travely_manager  Cписок всех наших чатов: https://t.me/travelyservice/53  Мы не несем ответственности за возможные изменения в расписании или отмену опубликованных мероприятий.
partnerskie_programmy,channel,Партнерские Программы,510,"обзоры партнерок, полезная информация для вебмастеров http://Partnerskie-programmy.net"
articshop_channel,channel,Канал Артика 🥶,626,🛒 Бот - @ArticShop_bot  🥶 Проект Артика - @ArticShop_project  🍀 Поддержка - @Kotsupport 🌟 Владелец - @upi_KO
infantembra,channel,✨️Капусточка 🥬🤯✨️,85,"Если хотите смотрите если нет, то нет 🤪"
mewwkmlovvee,channel,. ` в мьюӄʍ ᴧюδя́τ . . ‧₊,212,23.04.2026 vp - 50+ / mew - no
anyoops,channel,sung vibe,21,
iweokurisuetoret,channel,Ивоку рисует орет🍀,87,"Я конченый бегите  Правила есть в закрепе, обязательны к прочтению!!💥  https://t.me/+-QXVeIl4JqEyYWJi - тут щитпост   https://t.me/+9q1xndg2GiVmZGMy - тут хорни"
nobodyknowswhatisee,channel,bambi.,19,"take my hand, take a hold"
mercuryelfdance,channel,mili mili mili,21,"мили мили мили  попытки выжить в каверденсе, если это кому-то нужно"
aikssm,channel,aikssm,319,
goodfootballproof,channel,Добрый Пруф,1192,News observer. Около ЦСКА и не только. Пишем вообщем (именно так!).   По вопросам сотрудничества и рекламы обращаться к администрации канала.
imk1ranaa,channel,kiiirana 🥢,452,han jisung number 1 fan  анон @riinanon_bot
butikkurta,channel,Бутик Курта • откр заказы,202,каталог стаффа  мой арт канал @kurt_in_yurt
kykyruka477,channel,kykyr1ka1xx.artss,339,Здравствуй!! Я кото-художница Кукуруза Рисую в прокрейте!  Личный акк: @kykyruka  Чатик -https://t.me/+2ouxktzwffhjNGIy
kinqwt,channel,kinqwt,242,всё в этом канале это юмор. я против наркотиков и прочего про адалт : @tox_adult
fathercurt,channel,ЛЮДСКОЕ > curtzz de la kat,29,арт тгк!!!!
kikittqwq,channel,Kikitt!!!!,57,"Hi!!!! Nice to meet you, bub!  I am an artist! And I love Marvel!"
secretsjusttokeepyou,channel,emotion engine,65,👍
kurtfromwork,channel,KURT,29,
kshert,channel,KShert,38,Рисую и анимирую всякое.
kenjualart,channel,kenjual 🕸,24,че тут писать
cupkatelive,channel,🎗CupKate Live (ㆁωㆁ),51,"Трошки спойлерів, сповіщень про трансляції на Twitch і про життя :) Всі мої дійсні соц. мережі → https://linktr.ee/CupKate Стікери зі мною → https://t.me/addstickers/cupkateSTIKERS Зарядити канал і надати йому всяких плюшок → https://t.me/boost/cupkatetg"
kurkutut,channel,Привита Kurku тут🪿,42,▀██▀─▄███▄─▀██─██▀██▀▀█ ─██─███─███─██─██─██▄█ ─██─▀██▄██▀─▀█▄█▀─██▀█ ▄██▄▄█▀▀▀─────▀──▄██▄▄█  Тут KURKU  Уголок Kurᴋu & RᴇsᴛyʍSᴏnnᴇ/16+ RIP 21 окт. 2024 - 19 апр. 2026
kinokotakuu,channel,KINART,44,حرفی ندارم به مولا فقط اینکه شمام نقاشی دوست دارین ؟
kyritenark,channel,Место для курения🚭,25,"Кринж и позор, перекур👀  ТТ: @kyrilka . для связи: @kwikwr"
keepkurt_bot,bot,Mykeepkurtbot,,
milcaaat203,channel,𝕄𝕚𝕝𝕔𝕒𝕥,13,Бебебебе эдиты и тд
hyperroketcf,channel,ㅤ𝙃𝙮𝙥𝙚𝙧𝙍𝙤𝙠𝙚𝙩 𝘾𝙤𝙣𝙛𝙚𝙨𝙨𝙞𝙤𝙣 & [𝙣𝙤𝙣]𝘿𝙖𝙞𝙡𝙮🔫💥,6,
b4before,channel,b4 шахматы в уме,171,"Владимир Ерешко, студия before (бифо) b-four.ru Сценограф / дизайнер / продюсер. Более 15 лет в шоу и сцене  Большие шоу и то, из чего, из кого и как они сделаны  Тут иногда собирают сцену. Иногда разбирают всё подряд"
offerwallmedia,group,Offerwallmedia Offerwall,211,Offerwallmedia Offerwall Best Offerwall earning options with Ptc Shortlinks Playing Games Doing Surveys and Offers Reading Articles and Dowloading Ios and android apps
everfornm,channel,Never Minddd,149,тикток хаус нм SADASS   inst: @_n.ever_mind  yt: https://youtube.com/@neverminddanceteam9407?si=xXrD9BU5PODlxjpy
everbloomingforest,channel,[ЗАКРЫТ] Ever Blooming Forest | Clan,128,🍃 Ever Blooming Forest 🍃  ⟡ Официальный канал клана ⟡ Уровень клана: 6 ⟡ Статус: Нейтральный ⟡ Набор открыт ⟡ ВП-посты держатся на канале 1 час  ✦───────────────✦
badvibeforever,channel,Bad vibe forever,79,404 not found   •Powered by: @sadsadsadsadsadsadsad •all right reversed ©️
edaloveforever,channel,"Еда, я люблю тебя 😍",72,О вкусной еде О новых ресторанах О новостях гастрономии  По вопросам сотрудничества писать @Victorias31
betweeneverafterpages,channel,ever after high :: eternal tomorrow,11,"౨ৎ Добро пожаловать в текстовую ролевую игру по мотивам популярного мультсериала «Эвер Афтер Хай»!     Ever After High — школа, расположенная в вымышленном мире, где учатся подростки — потомки сказочных персонажей."
eternal_sunshine_meow,channel,eternal sunshine ☀,56,Люблю кушать и Кан Ëсана Анонимка: http://t.me/yoo_minkyung_bot
everlongport,channel,EVERLONG,16,
somatrop_chat,group,Somatrop chat,358,Комьюнити  Somatrop.net  -общение -отзывы  -спорт -ништяки для спортсменов
wladmit85,channel,Wladmit,327,"Музыка, жизнь, поэзия и приключения! Анонсы концертов и записи с выступлений!!!"
fomotality_chat,group,FOMOTALITY Chat,55,
gallacherkasova,channel,Галина Черкасова,206,"Создатель @hronos_center  @psyinstitut @balance8boutique  Предприниматель, клинический,аналитический психолог, телесно-соматический практик  Связаться: @galinaigorevnach"
somksuhoylog,group,подслушано сомк сухой лог чат,28,"правила банальны — нет спаму, рекламе (только близким админу) и прочей дряни добро пожаловать 🫶🏻"
somavitality,channel,Живое тело с Мари,84,"Соматический и танцевально-двигательный практик.  Обучаюсь процессуально-ориентированной терапии.  Сплетаю инструменты исцеления для нашей счастливой жизни на Земле.  Сопровождаю в исследовании личных процессов, помогая увидеть и освоить неосознаваемое."
living_body_services,channel,Living Body — Services/Живое Тело — Услуги,82,"Maria Muraveva — somatic psychologist, holistic bodywork practitioner. This page is a list of the services I provide. ______  Мария Муравьева — соматический психолог, телесный терапевт. Здесь представлены мои услуги. ______  @akuna_matatova"
somatopsyche,channel,Somatopsyché,10,
rus_krasa,channel,Краса ненаглядная,20,"Про российские бренды одежды, косметики, украшений - с чуством, толком и по существу.  🇷🇺Только наше 🔹Обзоры 🔹Новые коллекции"
sigmaworldonline,group,Sigma World Online,14,
somtic_suport,group,SomTIC - Suport 👍🏽,2,
smtclinicru_bot,bot,СМТ Клиника Bot / БЕЗ СПАМА И РАССЫЛКИ,,Сеть многопрофильных медицинских клиник в Екатеринбурге   тел.: +7(343)272-03-00 эл. почта: info@smt-clinic.ru
sonaplus_bot,bot,Сона Плюс_bot | Стоматология,,
portfollio_smm,group,УСЛУГИ SMM,3,"Привет, меня зовут Катя! Я действующий smm специалист 🤍    Здесь ты можешь узнать про варианты, как можно поработать со мной!"
serotonin_clinic_bot,bot,Serotonin_Clinic,,Медицинский центр Серотонин - лечение всего спектра психических расстройств.
smt_clinica_bot,bot,SMT Clinica bot,,Хирургическая помощь взрослым и детям по европейским стандартам. ✅ Квалифицированные и опытные специалисты.
massomatick_bot,bot,Станислав Черноног. Массаж и самомассаж,,
stom_tlt_bot,bot,Стоматология Тольятти,,
setpol_bot,bot,Семейная поликлиника,,
consonanse,group,Клан СОЗВУЧИЕ ♾️,,
smt_clinic_bot,bot,СМТ Клиника Bot / БЕЗ СПАМА И РАССЫЛКИ,,Сеть многопрофильных медицинских клиник в Екатеринбурге  тел.: +7(343)272-03-00 эл. почта: info@smt-clinic.ru
stoma_support_bot,bot,Служба поддержки 1С:Стоматологическая клиника,,
online_football_school_bot,bot,Школа футбола и спортивной психологии №1 в России,,"Полезные материалы для юных футболистов и их родителей ⚽️  Техника, физика, игровой интеллект и психология в одном месте"
stomalogica_bot,bot,«Stomalogica»-модное стоматологическое пространство,,Персональный автоматизированный помощник Модного стоматологического пространства «Stomalogica»
osteosochibot,bot,Врач-остеопат в Сочи | Сергей Матющенко | Бот,,
online_italiana_bot,bot,🇮🇹 Сергей Соколов | Via Italiana,,"Онлайн-школа Via Italiana, более 1000 учеников разговорились с ""0"" за 6-9 месяцев"
samotoyloff_bot,bot,Сергей Самотойлов | ОФП,,Автор визитки: @samotoyloff Улучшу физические кондиции. Научу здоровому питанию.
pansionatreacentersamarabot,bot,Пансионат Реацентр Самара,,"Уникальный авторский метод лечения детских неврологических патологий, подтвержденный патентами РФ"
onlinesupshkola_bot,bot,Максим Алексеев | Первая онлайн сап школа,,
twixfit,channel,TWIXFIT | Движение без боли,432,Это канал про спорт для здоровья и улучшения качества жизни! Полезные видео о том как работать со своим телом. Рушим мифы о питании и КАЧалке) Избавим от боли движением❤️
yogafit_melnikova_zivi_dishi,channel,Дыши Живи,108,"Благотворительный проект ""Живи Дыши"" от @Yogafit_Melnikova  Управлять дыханием, управлять жизнью!  Каждый вторник в 6.30 по МСк и в записи"
dyhanie_ekb,channel,💨 ДЫХАНИЕ и ЦИГУН,494,"🤍 ""Ваши мечты начнут сбываться, когда вы начнёте правильно дышать""  🤍 СООБЩЕСТВО ЛЮДЕЙ ПРАКТИКУЮЩИХ ДЫХАТЕЛЬНЫЕ И ОЗДОРОВИТЕЛЬНЫЕ МЕТОДЫ"
dyshi_yoga92,channel,ДЫШИ | Севастополь | Афиша мероприятий,264,"Привет, канал ведут Галина и Полина, берегини пространства ДЫШИ 🍀 Здесь делимся с Вами главными новостями студии, анонсами и расписанием. Наше пространство открыто для проведение интересных мероприятий, для сотрудничества пишите😉"
dishiyogasurgut,group,Центр йоги и психологии «Дыши»,526,
dyshi_legko,channel,Дыши легко,206,"«Дыши легко» — социальный информационный проект о жизни с астмой и ХОБЛ, реализуемый при поддержке Российского респираторного общества. Представленные материалы предназначены для широкой аудитории, не являются консультацией врача и не заменяют ее."
kr1nv4x_zzz,channel,˖ ݁𖥔 ݁⋆.˚𝐊𝐫𝟏𝐧𝐯𝐢𝐤𝐬 ๋ 🐾 ..𓂃⋆˚꩜｡,626,"────୨ৎ──── ─★ ˙ ‌ ࣪ ˖ ࣪ ᨰꫀᥣᥴ᥆ꩇꫀ ! ᰔ ִ ׄ✩‧₊˚ Здесь вы увидите:пикчи,лоты,мои работы—★ Приписка: #𝕶𝖗𝖎 #𝐀𝐥𝐢۶ৎ  #Али  ﹋﹋﹋﹋ Лс: @Al1shkaw Насчёт вл/привода пишите в лс/анон  Инфо канал/магазин- в закрепе отписка-бан ｡𖦹°‧ ────୨ৎ────"
bzzzdddd,channel,b,175,inst:bzzzdddd
jaememes,channel,Just Another meme-Excerpt,52,Another meme dump for memes I find in other channels and elsewhere from your favourite ND enby bisexual green entity
sppmems,channel,Старшая по подъезду,28,
estmem,channel,есть мэм,15,
lememstor,channel,Low Effort Meme Storage 💾,7,"Here I (re)post memes or funny pictures that I like. Random theme, no audience targeting, no schedule, no rules."
keepmsg_bot,bot,Chat Archive,,🚀 Start → press /start  📢 Updates channel: @KeepMsgBot  💬 Chat: https://t.me/KeepMsgbott
dobrotyumen,channel,Добрые новости. Тюмень и область,1523,С нами интересно ♥ Связь: @admvera и @jula2706  Заказ рекламы в MAX: https://tglink.io/f8e10a7b7fbb04
aromagid_vera,channel,🍃РОЗАЛИНДА СТОЛБОВА|AromaGID VERA,437,Авторы канала Розалинда — @Rozalinda_Stolbova и Алексей — @Aleksey_Stolbov  Сертифицированные аромапрактики и специалисты по системам самопознания.  Помогаем укреплять здоровье и отношения.   Присоединяйтесь в наше международное сообщество❤️
spasibozatrenirovku,channel,Спасибо за тренировку!,270,Я-Коробкина Ольга.  Тренер-преподаватель по гимнастике.  Работаю с детьми без боли в рамках анатомических амплитуд.  Помогаю укреплять и корректировать физическое здоровье.   Записаться ко мне на тренировки и консультации➡️ @OlgaKorobkina1
zamsansanovna,channel,Преподаватель Чеботарёва/ЗамСанСанна,59,Рассказываю о своей профессиональной деятельности и закулисной жизни обычного преподавателя университета🤗
keesbtw,channel,kees | fy,190,❗️ВАЖНО ❗️ kees  - @swatgirI (через 2 i) ~ ID: 277100089 Резы - @rezkees # >отзывы - @keesOT3bIB Чат - @keeschats • *Работаю в 404hp News  Занимаюсь развитием фантега в [fy] __________________ discipline standoff 2
newyqk,channel,хаотично под ключ,179,⁽⁠⁽⁠ଘ⁠(⁠ ⁠ˊ⁠ᵕ⁠ˋ⁠ ⁠)⁠ଓ⁠⁾⁠⁾ пропагандерша обо мне смари в закрепе
nikolayom02,channel,NikolayOM,59,TG channel with edits from NikolayOM
xa3aeva_stream,channel,-×𑀝ᥙᥴᥙⲙδᥱr×-,64,"Ку, всех рада видеть! Можно меня назвать эдитором, называйте как хотите: keeps, кукумбер, сюсюмбек, сюсюмбер, сисимбер. Мне без разницы :) Надеюсь, вы не разочаруетесь во мне, хах"
aya_inp,channel,|<Ꮇᴇss>|,57,@MeG4n00D Ара брат
djek1221yt,channel,Djek1221YT,45,🎮 Привет! Добро пожаловать на канал djek1221yt  📺 YouTube: https://youtube.com/@djek1221yt?si=o56tNxGKoO1geU5M  🎥 Twitch: https://www.twitch.tv/djek1221yt  🎬 TikTok: https://www.tiktok.com/@MrDjekYT  💬 По вопросам и сотрудничеству: @KiRiLLAYK
keeeke,channel,799,3,
legaevoo12,channel,legaevoo⚜,223,https://t.me/kikiafk                    ^ Наш второй ТГК
run_2_you,channel,𝚛𝚞𝚗𝟸𝚢𝚘𝚞 𝚌𝚍𝚝,52,
kaisa_kk,channel,KAISA | Kuznetsova Ekaterina,126,Ищи меня в соц. сетях: ♦️Inst: https://www.instagram.com/kaisa_offic?igsh=MTA2MDVubWNuYmd1eg%3D%3D&utm_source=qr  ♦️VK: https://vk.com/kaisakk  ♦️YouTube: https://www.youtube.com/@kaisa_offic
kitkat28twod,channel,kitkat#🇵🇹?,86,"игрок команды 2DROTS   по всем вопросам,рекламе,коллабам писать сюда👉 @menagerkitkat_bot"
kkuratokki,channel,࣪ 🔒❔₊ 𓂃 mokka ‘ s jeans . 𓏲,58,ほめ。 chase ` s warm dreams @ask4bot
r0maahahahahaha,channel,r0man3ba,422,по сотрудничеству/фитам dm: @r0maneba  booking - @evilcodein soundcloud.com/r0maneba                                                                                      tiktok.com/@r0maneba поддержать: https://www.donationalerts.com/r/r0maneba
soma4mani,channel,сомачмани,269,
asthmarywww,channel,Астмари не существует,268,Я реально не существую  анон: t.me/anonaskbot?start=asthmary щп:: @marishkalola Личка: @maryyy33
toha_travmat_2010,channel,тоха_травмат_2010 #gcn,144,"Философия, мемы, пранки и кеки.  sc: https://soundcloud.com/toha_travmat_2010 все вопросы в чат канала"
vinemay_not,channel,VINEMAY :),188,ТУТ ГОВОРЯТ ТОЛЬКО НА ТАРАБАРЩИНЕ!!!!! ТикТ0к— the.skeleton.is.resting Cr:@riachanko
sun_nata138,channel,Китайская метафизика🐦‍🔥 • Sun Dao •,233,"Здесь про БаЦзы без эзотерического тумана.  📌 Что вы найдёте в канале: — точные прогнозы и разборы карт, — советы по энергии месяца и дня, — понимание, как работает ваш код судьбы, — мои услуги и личное наставничество."
joker_saysmile,channel,Вышла лоли из тумана (Joker_say_smile),158,"Lolita Fashion, Косплей, нытье и персики. Приятно познакомиться, заходите. Для связи пишите сюда https://t.me/Username_Kat"
bonny_dutchess,channel,Bonny_Dutchess,643,АнтиУят 🔞
escortchatmoscow,group,ЭСКОРТ ЧАТ МОСКВА|ESCORT CHAT MOSCOW,115,"ЭСКОРТ ЧАТ МОСКВА|ESCORT CHAT MOSCOW  Чат для знакомства с девушками Москвы, эскортницы и индивидуалки!  #ЭскортМосква"
ziferonan,channel,Ноль градусов по Кельвину 🐟,118,"В самых глубинах ада царит абсолютный холод.  Искелан тут. Рисует и пишет. Фэндомное и оригинальное. Иногда даже на заказ.  Бывает контент 18+ (обнажёнка, кровь, гомосексуалы)"
nat_alia77,channel,🦇NatAlia77 | 18+,98,"Я тут что-то рисую  Строго 18+, предупреждены значит вооружены. TW: эротика, обнажёнка, боди-хоррор, насилие, маньяки и всякие токсичные сюжеты и пейринги.  🔻https://bsky.app/profile/natalia77.bsky.social 🔻vk.com/artnatalia77"
steffmaydy,channel,｡⁠*ﾟ⁠*⁠.⁠✧+Почевальня Стеффа⁠｡⁠*ﾟ⁠｡⁠*,83,"В канале выкладываются: • работы для курсов • работы для колледжа • авторская анимация • рисунки для души   Всем тут рад, всех люблю, критику приветствую  ❗Будьте осторожны: на канале может быть обнажёнка, кровь и фури, но самое страшное идёт под блюр❗"
stroinia,group,СТРОЙНЯШКА,2,Твоя Формула Стройности Короткие инструкции и лайфхаки
hayskkbot,bot,S'8k's anon,,
telsiiqwissbot,bot,telsii,,
kerrsovaaabot,bot,сплетни с керрсовой,,
cutiekcs67_bot,bot,кьютик анон,,
tupaall,channel,ТУПА Я / МЫ,253,идея тематики канала @tupaius лс владельца: @d1zz3ll
saint9ine,channel,liganine,78,
as_maaa07,channel,قَبـس من نُـور 🌷,156,﴿وَاصْبِرْ لِحُكْمِ رَبِّكَ فَإِنَّكَ بِأَعْيُنِنَا﴾ 🌷.
andreevkatu,group,ТУ Андреевка,492,"Чат создан для оперативного взаимодействия жителей с органами местного самоуправления, помощи в решении вопросов, информирования о возможных отключениях, предстоящих мероприятиях, событиях и т.д."
ofcdixios,channel,ㅤDIXIOS LIMITLESS 🇩🇯,558,"solidarity of us till we die, together. if you need anything contact @dixiosbot"
chatex_an,channel,Chatex Announcements,568,"Chatex is a cryptobank with an extended ecosystem. With Chatex you can safely store, trade and send crypto around the globe. Here you will find project related news.  💬 Discussion Channel: @chatex_chat_EN  🤖Try out Chatex: https://t.me/Chatex_bot"
ofcargons,channel,SHITPOST KKRN,23,
ofcgalaksitaennie,channel,𝐆𝐀𝐋𝐀𝐊𝐒𝐈 𝐓𝐀𝐄𝐍𝐍𝐈𝐄 [ HIRTIM ],33,再 . ofc channel : @ofcgalaksitaennie              shitpost : @shitpostgltn  再 . BOT OFC @ofcgltnbot  再 . PARTNERSHIP @mppsgltn @mppsgltnbot [ OPEN ] @PSGLTN [ sebar poster ]  ────────────────────              © since 19.06.21
fair786guide,channel,FAIR786 How To Play ?,4833,"""This Is an Official Fair786 Channel""  ( Asia's Biggest and  Most Trusted online Book)  www.fair786.com  - Register Now  05 Years Of 𝙏𝙧𝙪𝙨𝙩 🙏🏻  ( 𝐒𝐈𝐍𝐂𝐄:-𝟐𝟎𝟐𝟎 )"
seraphinaofc,channel,𝐒eraphina Թագ 🇰🇿,3537,"𝐒𝐈𝐍𝐂𝐄, 𝟏𝟒 𝐍𝐎𝐕𝐄𝐌𝐁𝐄𝐑 𝟐𝟎𝟐𝟒  𝓢𝗂𝗅𝗌𝗂𝗅𝖺𝗁: @jsilsilah 𝓓𝗂𝗉𝗅𝗈𝗆𝖺𝗍𝗂𝗄: @serapdiplo 𝓜pps: @Mppsserapbot  𝓐𝗋𝗌𝗂𝗉: @arsipseraphinaempire 𝓟𝗈𝗌𝗍: @serasiaptempur 𝓑𝗈𝗍: @ofcseraphinabot"
voidspireagc,channel,𝐕𝖔𝖎𝖉𝐒𝖕𝖎𝖗𝖊 𝐀𝖌𝖊𝖓𝖈𝖞,302,"₊  ˚  ♰ 𝐒𝐈𝐍𝐂𝐄 :: 𝟮𝟳 𝗝𝗨𝗡𝗜 𝟮𝟬𝟮𝟰 All contact : @VoidSpireArcv  for @telegram, please don't ban this channel. this channel is still active and there is no problem, please don't report. Thank you @Durov."
nyonyavelvet,channel,𖢷 𝗡𝗬𝗢𝗡𝗬𝗔 𝗩𝗘𝗟𝗩𝗘𝗧 ❥,84,
sentinelgambler,channel,sentinel2806.42.12,68,dm: @bossigrokov
pastigacor88ofc,group,PASTIGACOR88 OFFICIAL,321,https://atgroup-link.id/PG8
otzyvyaleksandrbelgrad,group,Отзывы Александр 💯💥🫶,151,
august54nsk,group,August | 3 АПРЕЛЯ | Чат,22,
dzenbaikal,group,"Байкал, август",13,
topauto_38,group,Чат обсуждения,13,
reg58ru,group,REG58,2,
x5989,group,888国际娱乐中心,2,
chatkeeperbotsupport,group,ChatKeeperBot Поддержка,9544,Чат поддержки пользователей @ChatKeeperBot  🆕 ChatKeeperBot в MAX – https://max.ru/ChatKeeperBot  📣 Канал с новостями – @ChatKeeperBotNews  📖 Инструкция по работе с ботом – https://docs.chatkeeper.app/ru/  Реклама в приветствии @ChatKeeperPromotionBot
fykj88,channel,扶摇科技,2196,
metakeeperjp,group,MetaKeeper Japan,135,🔸Links🔸linktr.ee/metakeeper
kamecorpseries,channel,KameCorp Series,266,
spklb48,group,Липецк | 28-29 июля,289,
pscexamhelper,channel,PSC TRAINER,101,
shaman_bee_keeper,channel,Мысли шамана-пасечника,29,"Извращённый блог, обращённый прежде всего самому себе."
charkeeper,group,CharKeeper,19,Группа для обсуждения приложения для мобильных листов персонажей - @charkeeper_bot
heav3nabove,channel,порог вознесения,929,https://www.twitch.tv/mez0rl  manager @myaulinapivo
mirae_cd,channel,bless and save,114,я мирэ. связь со мной:; @mrwosxllsa анон в первом закрепе.
hailmarycf,channel,𝐩𝐫.𝐇𝐚𝐢𝐥 𝑀𝐚𝐫𝐲 ᶜᵒⁿᶠ ☄️🛰,269,𝘞𝘦𝘭𝘤𝘰𝘮𝘦! ๋ ࣭ ⭑  𝑩𝒐𝒕 — @ProjectHailMaryybot 𝑶𝒘𝒏𝒆𝒓 — @Rgit7 https://t.me/boost/HailMaryCf
fallinglovechrctr,channel,@ . 𝓕allinglove n chrctr ֹ ⸝⸝ ִ. ִ,144,ㅤ  𓏵   .  связь : @shennfwncf ︎︎︎︎ ︎︎︎ ︎ ︎    ↹   cr @satosh1z on pnst !! ︎︎︎︎ ︎︎︎ ︎ ︎    ↹   start :: 09.04.26  ✦
healig,channel,Pranic Healing UP Lucknow.,87,
infohearthhouse,channel,𝗛𝖾𝖺𝗋𝗍𝗁 𝗁o͟͟u͟͟s𝖾 – 𝖨𝗇𝖿𝗈,128,⊹   ︵‿︵   ʚ   ♡   ɞ   ︵‿︵   ⊹  𝐋𝐈𝐅𝐄::   @hearthhouselife  𝐎𝐖𝐍𝐄𝐑:: @meowwds  𝐒𝐓𝐀𝐑𝐓:: 17/19.06.2024   ⊹   ︵‿︵   ʚ   ♡   ɞ   ︵‿︵   ⊹
l3uaru,channel,cutie.kitten ♡,239,"Лера | КС | кринж селфи, тильт, стримы.  подписывайся, будет смешно и грустно. стримы тут: twitch.tv/l3uaru ♡"
keshakrill,channel,keshakrill,36,господи помилуй рисую
producerskay,channel,ketiket,154,рандомные заметки для друзей
aciddray,channel,Кислая Телега,89,Максимально токсичный канал о жизни муз-продюссера из Санкт-Петербурга
otkazano_cs,channel,тгк OTKA3AHO,113,Телеканал твич - https://www.twitch.tv/otka3aho_cs ТикТок - https://www.tiktok.com/@otka3ano_ttv
katuniminside,channel,Katunim Inside,61,Живу. Качаюсь. Играю. Стримлю. Пою. Всё как есть.
zvedavec_news,channel,Zvedavec,1177,
yours_nuts,channel,NUTS,92,
dusha_moya112,channel,𝒮𝒜𝐵𝑅𝑅_𝒟𝒰𝒮𝐻𝒜 🫀,5096,"«Будьте верны своим обещаниям, ибо за обещания вас призовут к ответу.» 🩵  (17:34)  Связь с владельцем: @Sabrr_Dusha_bot"
dusha_dushana,channel,Душа Дюшана,422,"✨жизнь как творческий проект скетчи, иллюстрация, искусство   @yash_che"
shum_dushi,channel,Шум души моей ❦,248,PTOS  то густо то пусто  ютуб: https://youtube.com/@ptos_?si=XIFjxbMYygD9e_G4  вк: https://vk.ru/paralipsiss  Добро пожаловать на сервер : « ТиПА ГриБоК» 1.0 //indx 7778*311   Правила сервера:  • сон -уменьшен с 8 до 3 часов • мошенники не звонят ( мы в 5
imaann0,channel,𝙸𝚖𝚊𝚗.,260,связь: https://t.me/imaan2_bot بِسْـــــــــــــمِ اللهِ الرَّحْمَنِ الرَّحِـــــــــــــيم
vsyonaiznanku,channel,Всё Наизнанку •,786,"Всё Наизнанку! Новости шоу-бизнеса, скандалы и интриги звезд и не только. О жизни знаменитостей и властьимущих. Канал о тех, кто лучше бы молчал, и о том, что лучше бы не происходило."
gorynaiznanku,channel,Горы наизнанку,272,Легкомысленные речи о классическом кино
zenitsusbabygirl,channel,𝓣𝑎𝑘𝑎𝒽𝑖𝑟𝑜 𝓵𝓸𝑣𝓮𝓻𝓼 ༉‧₊˚.,146,"icon @StupidDunce ❤️❤️❤️ДОРОГАЯ. УВАЖАЕМАЯ,Кем-то. Очень. ЛЮБИМАЯ, ДОБРА. Вам, ТЕПЛА,Мира, РАДОСТИ, БЛАГА, ТЕРПЕНИЯ ❤️❤️❤️! ДА. ХРАНИТ. Вас. Господь. Бог❤️❤️❤️! АМИНЬ❤️АМИНЬ❤️АМИНЬ❤️! png credit : @pngdecorative @knypngg"
zenish404,channel,●Zenish/Зениш● #косплеи #рисунки #творчество#,121,"Всем привет, я Зениш) Мой никнейм - Zenish) Я начинающий косплеер, билдер и художник. Надеюсь мы с вами подружимся)  http://t.me/anonaskbot?start=yu3as А вот и анонимка)"
mirrnaiznanku,channel,Мир Наизнанку,115,"Мир наизнанку-это место,где ты сможешь увидеть необычное в обычном. Здесь глубина и созерцание.🙏🏼🖤"
aboutnaklu,channel,about bãkæ?,167,
naiznanky_portfolio,channel,упаковка профилей•наизнанку,9,Портфолио Юлианы Шаповаловой (@Naiznankyy) канал: https://t.me/naiznankyyy  •Индивидуальные и контент-фотосессии в Москве •консультирование по упаковке •копирайтинг (любой формат); •упаковка профиля под ключ 🔑
tumanskytural,channel,Туманский,625,
martialartx,group,武术推手 交(闲)流(聊)群(水),540,练武的练功的吹牛的装逼的啥都不倒腾只要有兴趣的都可以来扯~ 广告推手不要乱入~  易学 数术 玄学 论道 哲学 @Yiology
martiantiim,channel,Уголок Марта❄️,51,🧊🔥 Щиптос - https://t.me/Martiangde
eranxvarrah,channel,Eran Xvarrah⚔️,296,ستاینده فرّ ایرانشهر!  پشتیگبان-سالار ارتش شاهنشاهی ایران  سازنده وَر تازیگان  دنبال کننده راه اهورایی
hogiriku,channel,Hogiriku 🐼,957,• Любой вид вещей под заказ 👕 • Доставка РБ/РФ ✈️ • Гарантия ✅ • Розница/Опт  • Много довольных клиентов 😊   отзывы ➡️ https://t.me/VilageHogiriku/13738  Наличие ассортимента ➡️ https://t.me/VilageHogiriku  Президент:  @egor_gorolevecv
discord_art,channel,Каракули Дискорда,112,
dzukikadzu,channel,Dzukika,106,CG and me
fundooke,channel,°• DELI / ArtFight ⚔️,274,Дели / крендель / fundooki  @fundooki - лс  ОСНОВА!! я хз
durashkaari,channel,Дурашка Ари!1!,71,Отдельный тгк по рисуночкам художника-самоучки под жёстким приходом  Мяу
pivkari_arts,channel,pivkari :: arts,103,
dankarixq_wq,channel,Dankarixq.🤍 аммвкс.😝🤍 #себекасиксевен🫰🏾🤍,67,"здравствуйте🫱🏻‍🫲🏼 я типа данкарикс✌🏻🤍 админы с приколами (за это я их и люблю❤️) это не тгк, это мем ходячий🫰🏾 начало 27.01.2024🥹❤️ за данкара шарю, с 2017 года🫰🏾🫰🏾 #люблюалиночку.🤍 #люблюэнечку🫰🏾❤️ арбузы 2 тонны🍉"
lipane_draw,channel,Домик LiPane🐸,49,TT: lipane
mislik_darenjy,channel,Мыслитель дэрэнжи!!,45,"Рисую картинки, фотографирую, играю в кубики и в покемонов. Планирую заниматься 3d, углубиться в ui/ux дизайн, и просто помогать людям"
risuuhuinu,channel,каракули 18+,40,че за ватафек!?
paper_dakku,channel,dakku,19,к сожалению я больше не работаю дизайнером на корпу и насчет фурри я тоже не уверена
ikeepitz,channel,no.1 sasha lover,267,زن، زندگی، آزادی. t.me/HidenChat_Bot?start=1262384377
hanyaa_shop,channel,hanyaa.shop,466,
just_mafff,channel,░ ⸼࣪ ˙◞ 𝓜ꭎ̸︩︪ׄɕׁ݂𐐼̸ׄ н̸ֹ𐐼̸ׄ ɕׁ݂ϐ̸ᦸֺ݂ვꭎ̸︩︪ׄ.ᐟ.ᐟ 𓂃ෆ˚,51,Пᴏᴧᴇɜныᴇ ᴄᴄыᴧᴋи дᴧя ʙᴀᴄ!! •Сᴄыᴧᴋᴀ ᴋᴀ ᴀᴋᴋᴀунᴛ ʙ ᴛᴛ https://www.tiktok.com/@enmwqi2?_r=1&_t=ZS-96sLyRJYmP6 •Сᴄыᴧᴋᴀ ᴋᴀ ᴀᴋᴋᴀунᴛ ʙ ᴧᴀйᴋᴇ https://l.likee.video/p/7qnAXv •ᴀнᴏн t.me/anonaskbot?start=bb28fkt •буᴄᴛ https://t.me/boost/Just_mafff
hanyu4u,channel,Hanyu4U,31,Китайский язык
agatamusiconly,channel,agata music only,16,
onlykyousk,channel,Kyousuke,11,II.07.26 - ??? own : хикка
memazoreloaded,channel,The house of the rising memazo,1146,El memazo reloaded. El original implotó.  El memazo llegó al fediverso! Sigan a https://fedi.partidopirata.com.ar/@memazo  Curaduría | @PartidoInterdimensionalPirata
keezoky_rarity,channel,⊹ КИЗОКИ ⊹,90,⛓️ украшения — артефакты  ⛓️ по вопросам и для заказа > @keezoky
keezo03,channel,кезо:3,23,щп со всякой хуйней  @keezo0 - основа
kaizobs,channel,Kaizo | BS,185,Ega: @Kaizo_brawl Buster: @Kaizo_brawl Buster Ranked: @Davronov0212 ID:7075naxxuy YT: @yt.kaizo_bs Bizda danat servisemiz bor hozircha yo'lga qo'ymaganman.🔥
fakezico,channel,ZiCOxUni,27,@nothinghamid
kutaezako,channel,китаеzovna,6,затошшихпалак zov :З ня лялолиКОНЬщица. спасиб алехзей бака!!   ..просто черкаш и человек с уйма свободного времени  @P1zZA_M0ZZArEllA —
cutecho_bot,bot,K,,"@soyeosoyeo мью , вз , сз и тд - сразу нет."
kveizki,channel,Квейз ки💚,1,Приветики квезы Я кешуля Начало 14.06.2026 Конец ??.??.????
itna_academycentre,channel,ITNA ACADEMY CENTRE,1418,ايتنا آكادمى سنتر ، آموزشهاى آنلاين گردشگرى و هتلدارى  ببينيد، بخوانيد، بشنويد و بروز شويد...   CRM ; @ITNA_CRM
sangamnercollege,channel,"Sangamner College, Sangamner",5080,"Welcome to Sangamner College Official Public Telegram Channel. Get latest updates on Admission, Examination, Scholarship & any more"
gccnoticeboard,channel,GCC Noticeboard,91,"Stay up to date with events, announcements and activities in connection with the Gorton Community Collective."
yazdcivildept,channel,Yazdcivildept,980,
notopediasarkari,group,Notopedia Sarkari Notification,337,Latest Sarkari Notification - Government Exams and Sarkari Naukri
bidarchess,channel,शतरंज संघ बिदर जिला,112,"शतरंज की शिक्षा,  शतरंज खेलने का स्थान/क्लब,  और प्रतियोगिताएं हर दिन, जुड़ने के लिए संपर्क करें l शतरंज 🎁 किट, शतरंज घड़ी, शतरंज नोटबुक, शतरंज अंक नोटबुक,"
sarkari_naukri_freejob_alert,group,Government Jobs Alert,85,▪️ Best Channel for Free Job Alert 🚨 ▪️Post almost Daily Job Alert 🚨/ Exam Notification 🔔. #freejobalert #examnotification
misyiop,channel,🎄Скиньте на пепсю🎄,568,Звать Столешка/Касима. @Kasima_ii Мой щитпост⬇️          https://t.me/+yi2Zv65ieA4zZTQ6 Мой тикток аккаунт ⬇️                    tiktok.com/@stoleshka_1 Поддержать меня можно по номеру: 2202206219430522
kipetalk,channel,Kipetalk,411,👨🏻‍🎨
kqkklka,channel,калечка👹,56,жизн
jkeorrxx,channel,JKEORXX,212,по поводу заказов писать: @jkeorxx
kebabkingo99,channel,KebabKingо99🛟,142,лс: @sadstul  тикток: https://www.tiktok.com/@kebabkingo99?_t=ZS-8x8e1yohzAP&_r=1   тамблер: https://www.tumblr.com/blog/kebabkingo99   буст канала :-) https://t.me/boost/kebabkingo99
cagobek,channel,ᴋᴀɢᴏ,28,
truepyyhh,channel,박윤호 park yoonho,376,For best Korean actor  juniorhhbot.t.me 🐶 марк южный
yoonhoheart,channel,박윤호 Park Yoon-ho,18,Dana @damnmmbot
nichlassa,channel,Nich' lass,21,' @kettxel « meow
yangyangbrr,channel,manãna,7,unknown213p @jungwinning_bot
tyzenhauz,channel,Tyzenhauz,844,художник Антон Тызенгауз  по вопросам: @tyzenh4uz инст: tyzenh4uz
oposicionespn_innotest,group,"Oposiciones Policía Nacional escala básica, Oficial de Policía, Subinspección 2025 | InnoTest",894,"¿Opositas o promocionas en la Policía Nacional? ¡Este es tu grupo! Preguntas, novedades, esquemas, consejos… Todo lo que necesitas para que la 42 sea tuya. Comunidad de InnoTest Policía Nacional."
coinmapcextradingsupport,group,Coinmap.tech,401,Website: https://www.coinmap.tech/ Owner: @NDT_05 Admin: @Si8xTrading Admin: @nhanvo0507 Admin: @tcong666 Admin: @imeblx
chatapp_topics_en,group,ChatApp Topics in English,157,
cryptocup_io,group,Cryptocup,91,
rsilentium_film,channel,Плёнка и Цианотипия,91,Пленка и Цианотипия
yententip,group,YentenTip,57,Yenten channel for tips. Eng.
devneuromodels,group,AI Synapse,9,"Создание, обучение и внедрение нейромоделей"
oyanaobanana,group,Oyanaobanana наличие,21,
atopicbaby_chat,group,Atopic Chat,6,
codotype_community,group,Codotype Community,1,
chainsulting,channel,Chainsulting,5,
nataliastrotarolog,group,Чат отзывов,4,
xxoo_app,group,xxooapp,3,
kylianmbapperma10,channel,𝗞𝘆𝗹𝗶𝗮𝗻 𝗠𝗯𝗮𝗽𝗽𝗲 | 𝗥𝗲𝗮𝗹 𝗠𝗮𝗱𝗿𝗶𝗱,304,🤍 Официальный русскоязычный фан-канал о Килиане Мбаппе  Сотрудничество: @KylianMbappeRM10 Связь: директ канала  This community has no official connection to Kylian Mbappé. This community is a fan community.
kiselek46,channel,НЕВКУСНЫЙ КИСЕЛЬ,73,
sepakeeper,channel,✨ Сепа Кипер ✨,117,Рисую арты без ГМО и глютена  Коллабы: ✅ Трейды: ✅ Коммишки:✅ Реквесты: ❌  Щитпост: https://t.me/+6HgErcQ9iY05MTgy Анонка: http://t.me/anonaskbot?start=fDkiIS9wGBd3qxa
mbappexneyprem,channel,Neymar X Mbappe Archive,86,@zyon @SZ_SAZID to buy for 2£
k1pru,group,K1P.Ru - футбольный менеджер,27,
sibirsibirskiesnaiper,channel,Логово хоккея новосиба❄️,17,https://t.me/KHLManiahcsibir: https://youtube.com/@khl-maniahcsibir?si=cUVoi5TZp8Db_DOa
primedonate_channel,channel,Prime Donate,1127,"Качественный сервис для доната по дешёвым ценам. Дешевые гемы, бравл пассы и другое только у нас. Приводи друзей и получай бонусы! Бот - @PrimeDonate_robot Сайт - https://primedonate.shop Менеджер - @PrimeDonateManager"
kskpassagechat,group,Kskpassagechat,221,"Комментируем, общаемся тут"
qpassorange,channel,🪓Qp@sS🪓 (16+),329,Привет я
passengersekb,group,ассоциация пассажиров • чат🚎,123,Подпишитесь  на наш канал: @ekb_pass
dan2slot,channel,dan,155,Inst💜dkravets15
ewe_pa_14,channel,ЕЩЁ,46,@eshiteespa - связь  Соц сети: Inst: @eshi.tees VK: https://vk.ru/ewe14 Soundcloud: https://on.soundcloud.com/TYs6b39kJmRKrpu5A
xnetteunusya,channel,приДахёет,17,你好
kotozvery_cf,channel,Котозвери КФ 🐱,19,Кф по кото зверям ❤️‍🩹 ᴛᴀᴋᴇ • @KotozveryCF_takebot . #Котозвери
ath_stud,channel,𝒜𝓉𝒽𝑒𝓃𝒶'𝓈🗡️𝕾𝖙𝖚𝖉𝖎𝖔 ✞,18,"[🇷🇺|🇺🇸|🇬🇷] Это моя съемочная студия по игре в роблокс Warrior Cats; Ultimate Edition.. Здесь будετ: •Λοты на пассы, робаксы, слоты •Съеμκи и просто различные видео по игре, а также иногда котам-воителям.  Пρиςθεдиηяйтесь! ———————————————"
pasbaanbot,bot,پاسبان پارسی,,هوشمان پاسبان در گروه‌های شما هموند می‌شود و کاربران را به پارسی‌گویی فرامی‌خواند Pasbans.ir @PasbanParsi
mariapanasova,channel,Маша Панасова. Заметки про фотографию и путешествия ✨,2199,
yuliarubtsova_photo_video,channel,Фотограф ▪️Москва ▪️Юлия Рубцова,217,Смотрю в душу через объектив камеры 📸 🎥  Со мной Вам будет легко и комфортно 😊 Запись на съемку : @yulia_rubtsova_photo  Сайт: https://yuliarubtsova.ru
irinayakuninaphoto,channel,Butkophotographer,123,Фотограф Ирина Бутко   Инст: https://www.instagram.com/butkophotographer?igsh=eXVsMDhwYWJ1eDQ2
hikikomori2121,channel,hikikomoriﾉ*:･ﾟ✧,1286,@hent1me  https://t.me/hentime3Love1
keeyshukko,channel,†.House Shukko.†,246,"Приветствую   Владелец канала: @Keey_flower  Здесь будет появляться информация о слотах на модельки,редизайны, аукционы и в будущем на арты"
kyl1exwycreww,channel,𝑲𝒚𝒍𝒆’𝑠 ˢᵗᵘ ᵈᶦᵒ,44,"𝐶𝐻𝐴𝑅𝐴𝐶𝑇𝐸𝑅: 𝐾𝑦𝑙𝑒 Вɜᴀиʍный ᴨиᴀᴩ: 0+, удᴀᴧяю чᴇᴩᴇɜ ᴄуᴛᴋи. Личныᴇ ᴄᴏᴏбщᴇния: @kyl1exx"
skgtkyk,channel,_نَغم.,90,-نَغم|🇱🇾.
keukko,channel,Жизнь киеко,23,"Косплеерша,надеюсь я вам понравлюсь"
wonietgk,channel,🌺 | ⁿᵒᵏᵃ 🔒,36,
matchamokatrue,channel,matcha moka,5,own - mila anon - @meeilaeeeallbot
keiko_massaomi,channel,Домик из коробки 18+,67,"Канал небольшого творчества по фанфикам и совсем немного рисункам от Кейко, а так же с вкусняшками других авторов со ссылками на источник. ^_^ Имеет рейтинг 18+! Ничего не пропагандирую!  ВК: https://vk.com/chizkeiko"
keiko_aut,channel,KEIKO AUTO,214,
keiko_rar,channel,KEIKO,118,Мне не дано  Для связи со мной пишите менеджеру : @antekont  Инфопост: https://t.me/keiko_rar/331  -Знаете что искали шипилявые пираты? -И что же? -Фундук
keiko_yanoychi,channel,𔓕꒰⟡ 𝕄𝕒𝕕𝕖 𝕥𝕠 𝕕𝕚𝕤𝕒𝕡𝕡𝕖𝕒𝕣 ⟡꒱𔓕,82,"Здравствуйте ребята. Меня зовут Орех, я автор Кеико Яноучи. Здесь я буду показывать своё творчество."
keikoshardart,channel,Keiko's art,126,
keikatun,channel,кейкатун,402,"артист, продюсер, саунд-дизайнер  dm @keikaworld"
keikillu,channel,Keikillu🪡,368,"Рисую зверушек и не только  Арт статус 🌾 Коммишки - по запросу, ждать от 4 мес Трейды - можно предложить Реквесты - нет  По всем вопросам пишите в лс @keilakillu я добри и со мной можно на ты   Паблик вк - https://vk.com/keikillu"
kiko_skazki_pubg,channel,KIKO PUBG,295,Для отзывов➡️ https://t.me/otzyv_KIKO ID: 51407985219
kekiusonkas,group,Kekius,261,
koxiko,channel,Токсико щитпост 18+,143,Меня зовут Даша  Мой основной канал: https://t.me/oxiko666
obsidianbypassnb,channel,ObsidianBypass,1380,"Hello, Telegram. This channel complies with the service terms and guarantees that it will not violate your service terms. Please protect this channel from being damaged.  Thank you @Telegram and @durov 负责人 @CZA88888"
ofkeypro,channel,OFKey Renewal,329,Powered ✨ By MD & OFKey!
deco27cf,channel,Deco*27 Confession!🖤🖇,292,Кф по шикарному вокапи!! Бот для тейков: @DECO27Confession_bot Писать по вопросам: @VIREI01
teochewdevotion,channel,每日灵修-潮州话,98,
brokendevotion,channel,Dicebanned (Кубоед),80,Рисунки и старые переживания о прошлом. Без сердца и души?
hainandevotion,channel,每日灵修-海南话,44,
hakkadevotion,channel,每日灵修-客家话,36,
mikojohndaily,channel,꒰ mikojohn daily,32,Канал начнёт работу с 40 пдп! cr 4okan23 on x
foochowdevotion,channel,每日灵修-福州话,16,
shanghaidevotion,channel,每日灵修-上海话,12,
diantashospital,channel,[ НУЖНЫ ИГРОВОДЫ ] ᯓDIANTA’ˢ ᴴᵒˢᵖⁱᵗᵃˡ [🌈👩‍⚕️],11,
deb_off_cf,channel,DEB_OFF CONFESSIONS,13,Бот для тейков @DeboffCF_bot
hinghwadevotion,channel,每日灵修-兴化话,5,
smak_donation,channel,Smak Донатілка,10,
regretevator_hccf,channel,РЕГРЕВАТОР ХЕДКАНОНЫ КФ,5,"в кф могут содержатся нсфл/нсфв/триггерные темы, будьте осторожны, мы не несем ответственность за ваше состояние, спасибо за понимание"
arzumanova_olga,channel,Ольга Арзуманова,672,Практикующий Жизнетерапевт. Психолог-имиджмейкер. Энерготерапевт. Духотерапевт. Исследователь энерго терапевтических зон Земли.  https://youtube.com/@arzumanovaolga?si=W2wn28Ai14HEDN_b
fxfortradermaker,group,ProMaker - FxForTrader.ru,947,Чат по торговле с использованием маржинальных зон.  Канал с идеями и прогнозами: https://go-tg.ru/chfxfortrader Ежедневные обзоры: https://youtube.com/c/FxForTraderMaker Чат по опционному анализу: https://go-tg.ru/FxForTraderOptions
otdyhkrasnodar,channel,Отдых Краснодарский край и Кавказ,6845,Здесь публикуются места для отдыха и развлечений  По вопросам @ivan_nikolae ‼️Чтобы разместить своё объявление пишите админу
ital_park_rus,channel,ITALPARK Аттракционы Парки 🎢,186,ITALPARK – официальный представитель SBF VISA GROUP 🇮🇹  ▪️Проектирование парков с 0  ▪️Доставка аттракционов из Италии
volzhskyipark,channel,🎡🎠Парк ВОЛЖСКИЙ🎠🎡,323,
gorsad_tmn,channel,Городской парк культуры и отдыха г.Тюмени,495,
themeparksandrollercoasters,channel,Фёдор•в•ТЕМЕ,140,Первый русскоязычный канал про тематические парки и роллеркостеры  🎢🏰  Fjodor Chrome
aidapark64,channel,Ай!Да!Парк!Саратов,958,🌟Множество аттракционов 🌟Незабываемые праздники и дни рождения 🌟Уютное семейное кафе 🌟Малышковая зона 🌟Единая оплата за вход-играй весь день без ограничений
aylendru,channel,Айленд — аттракционы и бассейны,247,"Айленд - производитель профессиональных изделий из ПВХ  Выкладываем фото нашей продукции, пишем о сферах ее применения.  8-800-707-55-30  Наши сайты:  aylend.ru ilandcompany.ru вкладышвбассейн.рф надувнойаквапарк.рф"
arena_razv,channel,Арена развлечений|Аниматоры|Сеть лофтов,124,
sono_tesori_channel,channel,SONO TESORI | Коммерческая недвижимость,32,"Бутиковый девелопмент полного цикла.  ▪️ Создаем ГАБ с высоким ROI инвесторам.  ▪️ Проектируем пространства, увеличивающие прибыль бизнесу (бьюти, медицина, офисы).  📚 Кейсы, инструменты (Best Use / Test-fit).  Flash-аудит: https://alla-iost.taplink.ws"
stockholm_boostservice,channel,𝙎𝙩𝙤𝙘𝙠𝙝𝙤𝙡𝙢 𝘽𝙊𝙊𝙎𝙏 𝙎𝙀𝙍𝙑𝙄𝘾𝙀,6,
pf_boost_pro,channel,Продвижение сайтов / Накрутка ПФ pf-boost-pro.ru,2,"https://pf-boost-pro.ru - накрутка проведенческих факторов в Яндекс, продвижение сайта, выведу в топ за 2 дня!"
websiteadsspecialist,group,WebsiteAdsSpecialist,2,#WebsiteTrafficBoost #WebsiteAdsStrategy #WebsiteAdSolutions #TargetedWebAds
ppctrafficboost,group,PPCTrafficBoost,2,#EffectivePPCAds #PPCOptimization #BoostYourPPC #PPCSuccessStrategies
kingdomwarsairdrop_bot,bot,The Kingdom Wars | AirDrop,,⚔️ СТАНЬ ОСНОВАТЕЛЕМ КОРОЛЕВСТВА!  ♟️Игра стратегия с заработком криптовалюты
ilovelickinpetridishes,channel,Собачьи головы,51,Nothinburger cantine Гавкаем!
moonmooncreations,channel,moonmoon,93,"Щитпост, творчество, кладбище, сидр. https://vk.com/onenightinforest https://vk.com/moonmooncreations"
bytysovka,channel,𝔹𝕐𝕋𝕐𝕊𝕆𝕎𝕂𝔸 💗,162,Звуки ленивы и кружат как пылинки над её головой...                                       ( Вячеслав Бутусов)
rosalinehome,channel,لا مینورِ قرمز,133,صدای یه پیانوی قدیمی @Rifugiolethe_bot
carvinmonopoly,channel,Carvin Monopoly,18,Моя цель - монополизировать гитары Карвин на территории Российской Федерации
musicetanhayi,channel,آلبوم آهنگای تنهایی,6,فقط آهنگای خیلی قشنگ کاری آهنگی چیزی https://t.me/HarfBeManBOT?start=HBM14231166
justdoitnikemusic,channel,В поисках проблем | Музыка,4,Найди причину Настиного негодования
tgkpodcast_bot,bot,Подкасты для Телеграм,,"Этот Бот сэкономит вам часы, монотонной работы. Просто отправь своё аудио и получи красиво оформленный подкаст, таймкоды"
xx886jj,channel,小宇and小徐,2716,"Dear Channel Administrators, Members, and Telegram Team:  This channel strictly prohibits posting any information in any areas that violates legal regulations or Telegram's policies, including content related to politics, violence, or infringement of othe"
zt917813,channel,ZT内核🐗(公益中~),643,频道主: @zt18nb666  The owner and administrators of this channel strictly comply with Telegram’s Community Guidelines and relevant EU laws. All content published on this channel is carefully reviewed by the administrators and is fully compliant.
smoneyproject_chat,group,Smart Money [CHAT],414,✅ The official chat of the Smart Money Project  👮‍♂️ ADMINISTRATORS: 🔹 @SMoney_CFO 🔹 @SMoney_CEO 🔹 @SMoney_CBO  📢 News: @SMoneyProject
ciitystar,channel,‌ ‌ ‌ ‌‌𖥻 𝘤𝘪𝘵𝘺𝘴𝘵𝘢𝘳יִי꯭ִ ‌,861,🫧برای ثبت سفارش و پرسیدن سوالاتون  𓏲࣪  @st4rlet_t 𔔀ֺ‌ ‌🤏🏻 ‌ اینجا برات اکسسوری خودتو میسازم𓏸⃘ ࡛ @citystaryou رضایت سیتی استار🩵 @byeoolll_bot
customania_spb,channel,Customania - механические клавиатуры,429,"Мы - бренд который занимается продажей и кастомизацией механических клавиатур для тех, кто ценит уникальный дизайн и высокое качество. Наша команда всегда готова помочь вам выбрать или собрать идеальную клавиатуру для работы или игр."
itsgloria_ai,group,Gloria AI,1778,"Gloria is an AI-powered data platform that provides real-time, highly curated, customizable news data to other AI Agents and platforms.  www.itsgloria.ai | www.cryptobriefing.com"
customwatch_official,channel,CustomWatch_official,190,Часовая студия. Часы по индивидуальным проектам. Кастомизация ... и многое другое!  По всем вопросам - @CustomWatch_premium
combainrobot,channel,CombAin Фото & Видео,264,Создавай трендовые фото и видео - https://t.me/hackgpt_robot?start=dl_tg
clean_tank_bot,bot,Чистый бак,,"🧹Бот, который против мусора🧹"
joincleanerrobot,bot,Join Cleaner,,"⚠️ Men gruppada (join, left) kabi servis habarini oʻchirib turaman t.me/joincleanerrobot?startgroup=uz"
tronboostpro,channel,TronBoost [],3568,The best new BOOSTER!   🎉 https://trxboost.pro
wp_booster,group,WP Boost,24,Оптимизации картинок + оптимизация WordPress под тест Google PageSpeed Insight.  Наш сайт - https://wp-booster.com/
testosterone_bst,channel,𝑻𝒆𝒔𝒕𝒐𝒔𝒕𝒆𝒓𝒐𝒏𝒆 𝒃𝒐𝒐𝒔𝒕,1083,
kpoplove_500info,channel,𝙆𝙋𝙊𝙋𝙇𝙊𝙑𝙀 𝙄𝙉𝙁𝙊𝙍𝙈𝘼𝙏𝙄𝙊𝙉,11,Вся информация по каналу @kpoplove_2005
pulsekpopfest,channel,PULSE K-POP FEST,288,"Новый молодежный coverdance фестиваль в городе Казань от танцевальной школы Pulse🔥   • 05.09.26 12:00 • МЦ им. Гайдара, Копылова 7/2  Регистрация уже открыта! ⤵️  https://docs.google.com/forms/d/139au38JTihvlifb-ZhHG9Dw3NfLElAwQZo-rdjQLhEs/edit"
kpop2213,channel,k-pop flood 🌊 info,68,start: 04.08.25 Ищем союзы!
cppsh2023,channel,Дневники КППШ-2025,224,Место силы❤️
kpopstk,channel,K-POP stock 💌,146,Аатопостинг https://vk.com/kpop_stock
kpoplove700,channel,🐇Hwang Ga Yong_solo 🎀 рест,73,Всем привет!  Я  соло артист га ён!  Писать : @GaYong_smileent
kpopliarose,channel,Помощь от Эли🎧 закрыто (наверное),49,Ава:@FCTio2 Реклама запрещена🎧 Влд:@Roseshka12 ִֶָ ˊˎ----⊹ ₊ ๋࣭ 𝜗𝜚 ๋࣭ ₊ ⊹----ˊˎ ִֶָ Мои соц.Сети ִֶָ ˊˎ----⊹ ₊ ๋࣭ 𝜗𝜚 ๋࣭ ₊ ⊹----ˊˎ ִֶָ Лайк: @daniel230144 Мой бот: @kpopllovebot  Info: t.me/Elya111111111111111  Прайс: https://t.me/Elya22222222222
sikechecker,channel,Sike Community,1887,Бот для авто покупки - @S1PshopBot
authchecker,channel,Auth Checker,453,Updates of Auth Checker Bot
shieldteam1,channel,The Shield,5509,"🔥Welcome to Our Home 🔥  🌀Daily Premium Accounts 🌀Premium Stuff 🌀Free Combolist 🌀Free Proxy List 🌀Tutorials, Guides, Ebooks, etc. 🌀Checker , Combolist and Config  : Shieldforum.net"
khaleq_checker_team,channel,Checker Team,210,Checker team! تیم چکری معتبر مجازی! مالک : @the_netreport گپ چکر تیم برای نظراتون: @robot_tonel
dnscheckerlink,group,💥DNS Checker Link💥,2064,MAX https://max.ru/join/CU0f1F-CujQWPKfxKJskr8r7PrKrtWRe3QNOCgaJJLs для рекламы ваших групп to advertise your groups @Link_to_the_telegram
chat_dalireddit,group,Chat 📨 DaLi Reddit,1482,Добро пожаловать в чат поддержки DaliReddit Правила  https://t.me/Chat_DaliReddit/24027   Основной канал  https://t.me/DaliReddit  DaLiReddit Account Checker https://t.me/daliaccountchecker_bot  Доска объявлений   https://t.me/Bulletin_board_DaliReddit
cc_cryptochecker,channel,C & C Crypto,531,Я - @volcanic_pr Кус - @CCCrypto_Shop_Bot
autohelp74_bot,bot,Autohelp,,"⚙️ Б/У запчасти из Японии  ✅ В наличии 🔧на немцев 🇩🇪 и Японцев 🇯🇵   🏙 г. Челябинск, ул. Молодогвардейцев  д. 7"
helpersekb_bot,bot,Клининг в ЕКБ · Helpers City🫧,,Надежный клининг и химчистка мебели в Екатеринбурге: https://helperscity.com/ekb
cleanwithlovebot,bot,cleanwithlove,,
cleanclinic_online_bot,bot,CleanClinic,,
vremontby_bot,bot,Vremont.by - Ремонт техники Apple,,Сервисный центр Apple - Vremont.by +375259174622
bothelp_cs_bot,bot,BotHelp поддержка,,📌Информация о статусе платформы тут: https://t.me/bothelp_status
fasthelp_robot,bot,Support YesExam,,Ваша персональная и быстрая техподдержка в порядке очереди.
binagroup_hit_bot,bot,Техподдержка: моющие средства ХИТ,,Профессиональные моющие и чистящие средства ХИТ - Делимся чистотой
cleanclinicgraftio_bot,bot,Clean Clinic Петроградская,,"ООО «Клин клиник Петроградская», г. Санкт-Петербург, ул. Графтио, д. 3, литера А, пом. 8Н  Л041-01148-78/00388503"
cleaningvip_bot,bot,cleaningvip,,
harahura_assistant_bot,bot,Harahura Assistant,,
makeuprobot,bot,MakeUpRobot,,Бот-ассистент по макияжу. Наша команда подбирает для Вас трендовый макияж и рекомендует лучшие косметические продукты.
bcplusru,channel,БизнесКонсалтингПлюс,96,"Надежная компания, которая предоставляет юридические и бухгалтерские услуги. ✅На рынке БОЛЕЕ 10 ЛЕТ❗️ ☎️8 (499) 322 08 78 📱 https://clck.ru/3PmdM2 Бух. отдел 📱 https://clck.ru/3PmdKt Юр. отдел"
onemorelipstickplease,channel,one more lipstick please,97,"Честно о бьюти от бывшего бьюти-реда одного известного глянца💄Обо всем, что вдохновляет, что люблю и ненавижу."
frauchistoclean,channel,Фрау Чисто Клининг,49,"🚀 Известны всем, как клининг №1 в Благовещенске - «Фрау чисто»   Связаться ⬇️ • Сайт: https://frauchisto.ru • Телефон: +7 914 556-03-56 • Написать: @frauchistoblg • Мы на картах: https://2gis.ru/blagoveshensk/geo/70000001020618545"
ceramicplusru,channel,CeramicPlus,37,"Добро пожаловать в мир керамики и сантехники! Наш канал Ceramic Plus создан для всех, от новичков до профессионалов, чтобы помочь вам разобраться в этих сложных областях. Мы поможем разобраться в мире керамики и сантехники."
preslife_uslugi,channel,Услуги Preslife,63,
caudalieru,channel,Caudalie Россия,20074,"Официальный аккаунт Caudalie Россия.  Caudalie — это французский бренд ухода за кожей лица и тела.  Мы создаем натуральные, эффективные и безопасные средства для красоты и молодости кожи.  ЗЯ, Рив Гош, Лэтуаль, Озон  Перечень РКН: https://clck.ru/3G9oTR"
bluejayjwl,channel,Blue Jay | Тот самый Жемчуг 🦪,653,"В мире серых камней, ты — жемчужина!  🐚 Украшения из натурального жемчуга ручной работы ✨ Мы в ЗЯ, ЦУМ и ДЛТ 🫰🏼 Топовый бренд по версии Инстаграм  WWW.BJAY.RU WA: +7(965)430-71-31"
cosmeticsoriginalbaza,channel,поставщики📦 Original Косметика,334,"Всех приветствую!🤍 Я предоставляю базу проверенных поставщиков🧖‍♀️ ❗️СТРОГО ОРИГИНАЛЬНАЯ ПРОДУКЦИЯ❗️  Все что покупаем в ЗЯ, только 2 раза дешевле❤️‍🩹  Связь со мной @bazaposttt"
alibiderchii,channel,Vodka.Kniga.Balalaika | Игорь Яковлев,6236,"Здесь мы говорим про книги, сериалы и кино. А иногда ещё и смеёмся  Реклама и сотрудничество: @mister_brow  YouTube: https://youtube.com/c/VodkaKnigaBalalaika  Boosty: https://boosty.to/vodkaknigabalalaika"
darkhollquests,channel,DARK HOLL LIVE,816,"Dark HOLL: официально неадекватный канал о квестах, страхе и смехе.  Тут мы: — пугаем людей за деньги, — смеёмся, когда они орут, — и делаем контент.  Короче, жизнь внутри квеста. Без фильтров и без здравого смысла."
lildrey999,channel,Lil Drey,1065,"lildreymanager@gmail.com, @lildreymanager"
kir1lko1,channel,KIR1LKO,1395,По всем вопросам- @Manager_kir1lko  Twitch- https://twitch.tv/kir1lko
kill_1246,channel,П𐐫ᧁв𐐼льчᥙ‌к люδᥙ‌m𐐫к,90,Добро пожаловать в мой подвал По вопросам к @Kill_1245 Владелец - @Kill_1245 Цель -80 подписчиков
kill_deltax,channel,Lexie Ξ∅Δ 🔞,99,"Лекси Сод ака ЭльСод ака Эксоди ака ХахаСаня художник, тату мастер, последователь Сатаны, гордый металлист/// Ютуб: https://youtube.com/@lexie1941 Инст: https://instagram.com/_lexie_xod_?igshid=MzRlODBiNWFlZA=="
tagilkillstreet,channel,TAGILKLS,105,"TAGILKLS - tagil kill street 💋 сходки, кил стриты, прохваты, контент райдеров нижнего тагила ❤️ владелец - @arbuz1xx 😍 беседа ближайшего мероприятия - https://t.me/+qv5-FRXmhVxiNmEy 😻"
kill_aristotel,channel,Победи_Аристотеля,213,"Полностековое системное мышление (4Д, прагматизм, агентское мышление, байесовское принятие решений) в применении к бизнес-проектам. https://t.me/turkhale"
levl123,channel,Логово Главы | Kirill Zimi / LIL KAL / Tommy Fint,100,"Всё мои ссылки - https://t.me/levl123/9628   Майнкрафт блогер, просто блогер на другом канале, стример, музыкант, вроде добрый"
kill_genger,channel,убили гендер (авторское пиво. feat) и 100 доказательств бытия Евгения Пригожина МАИС ПОЗДНЯКОВА,78,"Админ любит и уважает всех людей, независимо от их расы, пола, национальной принадлежности или религии. Крайне осуждаю противозаконные действия, экстремистские материалы и движения. Канал создан в юмористических целях."
shtolshop,channel,SHTOL’ - Магазин Автохимии и Автоаксессуаров,376,"🫧Все для мойки и детейлинга твоего авто  🏙️ 📍Екатеринбург, район Юго-Западный, ул. Бардина 12  ⏱️Пн-Пт 10:00-21:00 Сб-Вс 11:00-18:00 📦Доставка по России  🚚Доставка по городу  📩Заказы : @ShtolSupport"
tele_piar,group,Пиар Без Ограничений,39,Список чатов для пиара/спама t.me/BasePR
reklama_nedetskaya_chat,group,ПИАР ЧАТ,118,Список чатов для пиара/спама t.me/BasePR
lpklegalproject,channel,LPK Legal Project,76,🔹 Публикация актуальных изменений в законодательстве РФ и их анализ; 🔹 Разборы самых распространенных судебных дел; 🔹 Практические советы от юристов; 🔹 Ответы на часто задаваемые вопросы клиентов.  Для связи: https://t.me/+cLLw5qkluNw1MTcy
rendezvous_sdelaem,channel,Рандеву с редактором,362,Рандеву — практическо-теоретический курс для копирайтеров по написанию коммерческих текстов. 7 недель персональной работы с редактором «Сделаем»  Посмотреть программу и тарифы — clck.ru/3QA73n  Задать вопрос по курсу — @rmoritz
pullupteam,channel,PULL UP,304,Баскетбольная медийная команда Санкт-Петербурга: показываем красивый баскет и веселимся вместе на тренировках  Мы на других медиаплощадках:  INST: https://clck.ru/37LcqD  VK: https://clck.ru/37Lcrm  YT: https://clck.ru/37Lcti  Сотрудничество: @smoothinni
pullitup1,channel,PULL IT UP,181,21-22 марта 📍НОВОСИБИРСК
gbaromsru,channel,Ретроигры GBA/NES/SEGAroms.ru,9208,"Канал посвящен ретро-играм для легендарных платформ: NES, SNES, MegaDrive, GB, GBA, Neo-Geo, PC Еngine и других.  Реклама/предложения @mellstroyer или здесь: https://telega.in/c/gbaromsru"
sega_megadraiv,channel,SegamegadraivTv🎮,645,На канале SegamegadraivTV будут видео и стримы. Рад видеть вас у себя на канале! на канале вы можете увидеть много прохождение по новый и старые игры и фильмов а так же либо события из моей жизнию.
cupradrive,group,CUPRA DRIVE,394,"CUPRADRIVE TELEGRAM GROUP: Follow these rules: 1) All opinions are welcome  2) Use polite and appropriate language 3) Respect all the members 4) Introduce yourself in your first message 5) Use the correct #Topic Italian, English, Spanish 👍"
pdf12hiwa,channel,Hiwa-PDF,584,Owner:@shazoosherzad
kuchermegadrive,channel,кучер,48,Админ вернулся
auto_download_mega_files_bot,bot,Auto Download Mega Files,,"This bot can download any file, folder at Mega.nz website. Bot Make by @redf0x1"
megafilesdlbot,bot,Mega Files Downloader 📥,,I'll help you to download your Mega Files📥 & seamlessly upload over telegram!
mega_upload_tg_bot,bot,Mega Files Uploader 📤,,This bot will help to upload files remotely into your Mega ☁️  Created by❤️ @join2bk  📣 Bot Updates:- @BotsByBk
vfxgdrive_bot,bot,VFX GDrive,,Get your desire vfxdownload files in google drive.  vfxdownload.net
googledrivemanagerbot,bot,谷歌网盘管家,,机器人已告辞，要用请自建 https://github.com/iwestlin/gd-utils
badmegavipbot,bot,BadMega,,The Final Destination for all your Daily Dose requirement  Powered by @BADMEGA
mega_downloader_robot,bot,Mega Downloader Bot,,Just enter your mega.nz link and I will return the file/video to you!😇
gdrivemirror_bot,bot,GDrive Mirror Bot,,
mergers2023,channel,Слияния и поглощения. AK&M,1472,"События на рынке слияний и поглощений - информация о сделках по переходу контрольных и крупных пакетов акций/долей, намерениях купить или продать активы.  Информационное агентство AK&M www.akm.ru. ma@akm.ru"
o_marges,channel,Фитнес-тренер в декрете,281,Ольга Маргесь  Фитнес -тренер / коуч / проводник игры Лила/ мама 3-х  Обо всем этом пишу здесь 📝 Щедро делюсь своим опытом и знаниями 🫶🏼
ukrdelegationtcg,channel,Українська делегація для участі у Тристоронній контактній групі (ТКГ).,981,Офіційний канал Української делегації для участі у Тристоронній контактній групі.
n4w563frt,channel,Цікаве для науковців👨‍🎓,839,"Якщо для Вас наука - це натхнення, а не кар'єра, і Ви зацікавлені в розвитку себе як науковця, запрошуємо Вас на канал, де Ви для себе зможете знайти цікаві матеріали для участі у наукових заходах, грантах, конкурсах, стажування..."
uabrainbee,channel,Український Нейроконкурс |Ukrainian Brain Bee,346,Координація участі в Нейроконкурсі http://brainbee.in.ua/
cek_werhniaekon,channel,"Центр этнографической культуры с. Верхняя Эконь, Комсомольский район",139,"🔸МОЦ Комсомольский р-н, Хаб. край 🔸Дополнительное образование детей и взрослых 🔸Мастер-классы 🔸Волонтёры 🔸Экскурсии 🔸События"
idon_twant,channel,я не хочу,190,࣪  ₊ власниця – @SE0CAR3     за вп писати – @SE0CAR3 @kmm1sa @taowqs 𓏲ּ𝄢 оформлення – @Poppstudio @fl1r3f — участі в чистках НЕ беремо
clubchampion_ukr,channel,CHAMPION CLUB | Чемпіон клуб,14811,"❗️ 21+ ТОВ ""Маліна"" (ліцензія на провадження діяльності з організації та проведення азартних ігор казино в мережі Інтернет від 17.04.2024; рішення КРАІЛ про видачу ліцензії № 184 від 04.04.2024). Участь в азартних іграх може викликати залежність."
onlinecasino_russia,channel,OnlineCasino.ru,81,"Онлайн-казино, слоты, ставки: объясняем принципы работы и реальные риски азартных игр. Информационный проект о механиках и последствиях гемблинга.  Сайт: onlinecasino.ru Связь: info@onlinecasino.ru  Единый центр ответственной игры: stopigra.ru  #казино"
goodgambler777,channel,GoodGambler,146,#гра#Казино #онлайн_игры #игровые_автоматы #стриминг #большие_выигрыши #бонусы #games #casino #onlinegames #slotmachines #streaming #bigwin #bonuses #ігри #казино #ігрові_автомати #стрімінг #великі_виграші !!! Связь С Нами @pobarabanu777!!!
samye_nadyozhnye_kazino,channel,Самые надёжные онлайн казино в России,82,"Ищете самые надёжные онлайн казино в России? Мы собрали рейтинг лучших платформ с проверенной репутацией, безопасными платежами и высоким уровнем сервисного обслуживания. Узнайте, где играть с гарантией честности и выигрыша!"
warmblanketforyou,channel,ᛝ Ковдра Бабайки [ Церква ] #ДНКзросфд,48,"Вітаю мої послідовники туто༄.° Канал розрахований на те щоб зацікавити людей в ДНК та розважити❤️ В коміксах можуть бути присутні згадки смерті ,катувань ,азартних ігор ,залежностей і багато ще різної каки   Буст ⛃⛂ https://t.me/boost/warmblanketforyou"
sweet_bonanza_top,channel,Sweet Bonanza,24,"Welcome to Sweet Bonanza! 🍬 Dive into a world of sweet delights and exciting casino games. Discover our popular slot, set in a magical land of candy rivers and ice cream mountains 🍭  https://sweet-bonanza.com/"
portable_betitall,channel,BetitAll,2,
riobet108,channel,riobet 108,1,"Слышал ли ты о месте, где азарт встречается с увлекательными играми?   🎰70 фриспинов за регистрацию🎰"
kazino_ket_kazino,channel,казино кэт казино,,"🎰 Привет, друзья, сегодня мы поговорим о настоящем азартном веселье! Вас приветствует ""Кэт Казино"" - место, где каждый игрок находит свою удачу! 🐱💰  🎰100 фриспинов за регистрацию🎰"
igrovye_avtomaty_joycasino,channel,игровые автоматы joycasino,,"🎰 Привет, азартные друзья! Готовы к невероятному веселью и бесконечным выигрышам?   💰200% на первый депозит + 200 фриспинов💰"
ket_kazino_oficialnyj_sajt_zerka,channel,кэт казино официальный сайт зеркало,1,"🐱🎰 Друзья, добро пожаловать в мир азартных развлечений на официальном зеркале ""Кэт Казино""! Здесь каждый найдет что-то по душе. 🎰100 фриспинов за регистрацию🎰"
portable_apexspins,channel,ApexSpins,2,
kazino_avrora_skachat_besplatno,channel,kazino_avrora_skachat_besplatno,1,🌟 Готовы окунуться в мир азарта с Казино Аврора?  🔥Промокод  AURLB🔥
rox_kazino_igrat,channel,rox казино играть,,"Скучно? Ищешь острые ощущения? Тогда скажи: ""Rox казино играть!"" 🔥  🔥100 фриспинов за регистрацию🔥"
mobilnaya_versiya_ket_kazino,channel,мобильная версия кэт казино,,"📱🎰 Откройте для себя мир азартных развлечений в любом месте с мобильной версией ""Кэт Казино""! 🎰100 фриспинов за регистрацию🎰"
joycasino_prilozhenie,channel,joycasino приложение,,"Привет, игроки и азартные души! 🎰  💰200% на первый депозит + 200 фриспинов💰"
showtimegames,channel,ShowTimeGamesDW,252,
clinicpromo,channel,Клинический маркетинг,149,Канал агентства «Медицинский маркетинг» — продвижение медицинских клиник и стоматологий clinicpromo.ru Задать вопрос о продвижении клиники @adjoy
clover5promo,channel,🍀 5CLOVER.PROMO👌,165,"😎Free Promotion Group,  📍Saint-Petersburg, Russia"
dashbet_1,channel,Dashbet games,1629,
seincitygaming,channel,Sein City Gaming Official 2D 3D💎🎲,1426,https://www.mmhotapp.com/seincity_download/  ဒေါင်းလုဒ်ဆွဲဖို့ လင့်လေးပါရှင့်😍  အသေးစိတ်ရှင်းပြပေးနိုင်ဖို့ Viber 09974586919 မှာ ဆက်သွယ်နိုင်ပါတယ်ရှင့်🥰
belkina_kat,channel,Беличья нора🐿 | Тату Питер/Спб,258,Мой контакт - @GreenGirl1 Номер телефона 89829367184 (Сбербанк привязан к номеру☺️)
sherlocktm,channel,Kind Sherlock | avangard,103,Представитель площадки avangard За подключением в лс @TM_Sherlock  https://t.me/+z9GvWhGMDz8yYWM6
igralnya_arena,channel,Igralnya Arena,1030,"IGRALNYA ARENA - компьютерный клуб с отдельными комнатами 🖥️ Топовое игровое оборудование, стабильный интернет, атмосфера полного погружения - идеальные условия для киберспорта и отдыха уже ждут тебя!  🌐 Сайт: https://igralnya-arena.ru/ Тел.: +79219377747"
game_with_me08,channel,ЗАКРЫТ 𝙜𝙖𝙢𝙚 𝙬𝙞𝙩𝙝 𝙢𝙚,70,Интерактив-канал (игры) закрыто @info_game_with_me — инфо  @for_everyoun80 влд
territoryofgame,channel,Территория Игры фестиваль игропрактик,65,Канал Фестиваля Территория Игры 16 мая 2026 https://infocards.club/gamefest Вопросы/регистрация: @bons_oleg
khlivarium,channel,хлівариум™,54,"Вітаю, любителів сумнівних україномовних відео на ігрову тематику в хліваріумі.  зв'язок зі мною vassylyus@gmail.com"
greenlineofficial,channel,Greenline,26,"👾Круглосуточно 👾Мощные ПК 👾Зоны PS5 👾Большой бар 👾Кальяны 📍 ул. Мурата Ахеджака, 3, корп. 1 📞+7 (929) 825-82-57 ⭕18+"
villains_are_destined_to_die_ua,channel,Для лиходійки лиш одна кінцівка — смерть українською,125,Канал аматорського перекладу «Для лиходійки лиш одна кінцівка — смерть». Переклад зроблено для ознайомлення.  Телеграм-канал Смаколиків — https://t.me/smakolyky_tl
pvcuc,channel,"""مًجّردٍ آثًر لَشُخِصّ عٌآبًر""🚭",131,"""‏وَاذْكُر رَبَّكَ إِذا نَسيتَ""  𝗍hᥱ #𝗊ᥲ𝗅𝗆 ᥆𝖿 𝗍hᥱ #𝗌ᥱᥲ 𝗇𝗈𝗍 𝗆ᥲ𝗍𝖼h 𝗍hᥱ #𝗌𝗍᥆𝗋𝗆 𝗒𝗈𝗎𝗋 𝗅𝗈ᥱ 𝗌𝗍𝗂𝗋𝗌 𝗂𝗇 𝗆𝗒 #hᥱᥲ𝗋𝗍. .  #There_Was_Someone_Who_Made_Me_Forget_About_The_World'S_Troubles🚭💔  𝗆𝗒 # . ڪوڪايين ."
tazzkkira,channel,تَذْكِرَة,23,📜 قال رسول الله ﷺ:  «بَلِّغوا عنِّي ولو آيَةً» رواه البخاري.  📜 وقال ﷺ:  «نضَّر الله امرأً سمع منا حديثًا فبلّغه كما سمعه، فربَّ مُبلَّغٍ أوعى من سامع» رواه الترمذي • القناة صدقة جارية للقائمين عليها وكل من شارك فيها وفي نشرها بإذن الله 🤍🌿
mboy_sosh_2,channel,МБОУ СОШ №2 ст. Воровсколесская,205,"Следите за школьной жизнью ваших детей! Будет очень много конкурсов и акций. Участвуйте всей семьей! Мы приглашаем вас принимать активное участие в мероприятиях, где каждый сможет проявить свои таланты и креативность."
skc6jzruezhjywiy,channel,Госавтоинспекция района им. Лазо,704,Официальный канал ГИБДД района имени Лазо освещающий дорожную обстановку.
scholaaktivalider,channel,"Школа Актива ""Лидер""",95,"Социально волонтёрское объединение Школа Актива ""Лидер"" МБУК ГДК им.К.Алескерова г.Избербаш.  Направление работы ""Волонтёры культуры"""
admrazdposk,channel,Администрация Раздольненского сельского поселения Кущевского района,86,
centrpddpyatigorsk,channel,centrpdd.pyatigorsk🚦🚗🚸,281,Городской специализированный центр по профилактике детского дорожно-транспортного травматизма
kdnzpistrago,channel,Кдн и ЗП м.о. Истра,236,
drozdovagim1,channel,МАОУ «Гимназия 1»,153,Канал директора гимназии О.П. Дроздовой
movenpickmoscowtaganskaya,channel,Mövenpick Москва Таганская,1534,"Отель 5* м.Таганская №23 в рейтинге WHERETOTRAVEL 2025 148 номеров  ВОЛНА СПА с бассейном, сауной, хаммамом, спа-ритуалами Ресторан Шагал  ЗАБРОНИРОВАТЬ:  https://t.me/MovenpickMoscow_bot  Сайт: https://accor.ru/moscow/movenpick-moscow-taganskaya/"
babichinosmi,channel,Дмитрий Бабич Полиглот,359,"Замредактора международного отдела ""Комсомольской правды"" и гость всех телеканалов. Темы: международная информационная политика, новейшая история России - все это нескучно и со стилем. Обратная связь: @dmitri_babich"
luxcleaning_crimea,channel,ЛюксКлининг | Крым — уборка & дезинфекция,54,"Уборка от квартир, домов до ангаров и самолетов! Чистота — как стандарт. Работаем, где другие не справляются.  Клининговая компания «Люкс Клининг» Чистота — наша забота✨  🌐 https://krym-cleaning.ru/  📍 Яндекс Карта: https://yandex.ru/maps/-/CHUufEzu"
naranfito_ru,channel,"НаранФито | Фитосборы, натуральные чаи, микстуры",125,"Naranfito.ru — натуральные чаи, сборы и средства тибетской медицины для здоровья и профилактики. Качество, проверенное @naran_clinic  👉 Консультация в WhatsApp: +7 (926) 635-28-51 👉 Доставка по всему СНГ"
sanepidmingbuloq,channel,Санепидқўм Мингбулоқ туман ахборот хизмати,27,Санепидқўм Мингбулоқ туман ахборот хизмати
channel_rpu,channel,RPU Радар • БПЛА Поволжье и Урал,4714,Оповещения по Поволжью и Уралу
kenkouchannel,channel,おじさんの健康相談,4521,https://t.me/kenkouchannel
runasongs,channel,růna,261,"музыкант, студент медик и просто хороший человек  inst: wamikhaylov   Донаты: https://tips.tips/000465956"
schizo_arsenal,channel,ШИЗАРСЕНАЛ,69,
rubbout,group,RUBBOUT!,337,"The official Telegram group for updates and coming events!   We are excited to announce Rubbout 2026 is happening on April 16 to 19, 2026!  SEE YOU THERE! 🎉⛓😈"
my_waifu_was_alien_robot,channel,Я познаю @world,295,Алиенач.  This place is like someone's memory of a telegram channel.   And the memory is fading.  WITHOUT ANY WARRANTY AND/OR MERCHANTABILITY FOR PARTICULAR FITNESS  Direct messages: t.me/artsi0m/2
rusbot_test_signals,channel,Сигналы | Бинарные Опционы | Робот,101,✩ новая группа https://t.me/trading_mixbot
ravenlinkvpn,channel,RavenLinkVPN | Новости,14,🤖 Бот: @RavenLinkVpn_rubot Поддержка осуществляется в боте!
ruboxx_bot,bot,RUBOX bot,,
bardpjct,channel,BARD pjct,548,Канал виртуального музыкального проекта @BARDpjct #BARDpjct |  Связь - bardpjct@mail.ru |  Музыка - https://band.link/bardpjct
sexkievdatting,channel,Школа виртуального флирта 📩 Чат. Занкомства,237,"Школа виртуального флирта Здесь мы учим дерзко знакомиться, эффектно флиртовать и оставлять 🔥 впечатление! Для парней — советы, как покорять 😎 Для девушек — подсказки, как играть 💃  Бот: @Affilitator  #знакомства #пикап #психология #социология  #Киев"
poleemotion,channel,Балтийский фестиваль танца на пилоне | сезон 2026,449,Финал - 19 сентября 2026 / Санкт-Петербург  Подать заявку и оплатить участие можно через нашего виртуального администратора: @poleemotionru_bot  Регламент фестиваля www.poleemotion-ru.com
usrrpmcpe,channel,Павлоград - Minecraft проекты,233,"Канал, посвященный процессу строительства виртуального города в игре Minecraft"
giiipno,channel,GIIIPNO (Бренд Ксении Королёвой),451,"Мы находимся по адресу: 3-й Павелецкий проезд 4 (1 этаж, 13 павильон)  Работаем по записи: @kseniya_koroleva_k  Наш сайт: https://giiipno.ru  Дизайнерская одежда, качественные Ткани, собственное производство 🌸  ИНН:6322093981  ОГРНИП: 319508100214550"
kseniya_brand86,channel,#KS|BRAND~ клуб для своих,61,"Сайт ks-brand.ru Мы на WB  https://www.wildberries.ru/seller/4027386  Маленький бренд — большая душа. Здесь показываем процессы, делимся вдохновением и запускаем новинки раньше, чем где-либо.   Добро пожаловать в закулисье ✨"
kaachaos,channel,KAA • prima materia,42,"И мнится мне, что зажжен маяк не для морей зловещих,  а для вечности вещей."
belaya_color,channel,б е л а я _ а к в а р е л ь,150,"Добро пожаловать! Меня зовут Юлия Белая. Рисую акварелью 10 лет 🖌  Люблю фандомы Гарри Поттера, Властелина колец, Геншина, ХСР и Сэйлор Мун. Здесь показываю готовые арты и процессы 🎶  В работе мне помогают мои четыре кошки 🤗  ЛС @belaya_yu"
bertea_cosp,channel,Bertea ☕,27,Cosplay channel  Ялюблючай. TikTok: tiktok.com/@bertea_cosplay Cr: NJSNEVERDI3 on Pinterest (Ава в чате) Cr: AkiraStarling on Pinterest (Ава канала)
kleomax,channel,८ ୨୧ ❄ ა Мαгαзин °🌨. ୭ৎ,5,"𝆹𝅥 𝆹𝅥    ⁺ 🥬🥬  .    ༢ Смꭷm⍴ᥙ,, эm᥆ жᥱ  Мᥲгᥲзᥙн Пꭷᥴm᥆в, Фk ᥙᥙᥙ мн᥆г᥆ g⍴ᥡгꭷго!! 🏓🏓 &&    ---   !! 👙  . Дᥲвᥲй зᥲглянᥱм в эm᥆m Мᥲгᥲзᥙнчᥙk?? ૮ ๑ˊᯅˋ๑ ა 👜👜   ദ    . ★  ·  —┄─   ·   𓆩  🌱  𓆪  ·  —┄─   ·  ★ ● Яяя :: @Yseniaaas 💗 ● Инфꭷ :: @My_Info_0_0 🌱"
clownhouse0,channel,Логово клоуна,39,
street_fishing_krd,channel,Акватория добра (очистка и зарыбление водоёмов),636,Волонтерский проект по восстановлению жизни в городских водоемах!  🍀Очистка 🐟Зарыбление 🎣 Городская рыбалка  https://t.me/street_fishing_krd
cleanclinic_tomsk,channel,Clean Clinic Tomsk,125,"Центр профилактической и восстановительной медицины  🔹 Превентивная медицина и капельная терапия 🔹 Комплексный подход к здоровью, красоте и долголетию 🔹 Терапевт, диетолог, нутрициолог, ревматолог, психиатр, психотерапевт, невролог, косметолог"
inspiratioon8,channel,Inspiration,2216,‏خودت را بساز تا آدم امنی شوی، برای روزهایی که نمی‌شود به کسی پناه برد.🪽🤍
taiko_inspiration,channel,TAIKO IN-SPIRATION,396,Японское Барабанное Шоу  https://taikoshow.ru/  Меню: #Анонсы_выступлений #Репетиции #Юмор
annasv_inspirationk,channel,Анна Кашинская ✨,648,"Украшая свою жизнь и вокруг себя, мы спасаем мир от разрушения! Живые украшения @Annasv_inspiration  Написать личное сообщение  Ярмарка Мастеров https://livemaster.ru/anna-85b"
enj_europeannewsjournal,channel,ENJ Official Channel🇪🇺🗞️🌍,1148,"ENJ – European News Journal 🇪🇺🗞️🌍  ​""Committed to delivering trusted, unbiased, and impactful journalism that informs, empowers, and inspires audiences across Europe and the world."" ✨📝💡"
simplycashgroup,group,Simply Cash group,347,Simply discussions
simplylesya,channel,Шакальный восьмидневник,540,"Привет,тут будут треугольнички на графе,возможно кружки,голосовые и маты, как пойдёт,а вообще лучше б суп приготовила"
simplypsy,channel,Психология и психотерапия 💌,312,"Меня зовут Лилия Береснева, я семейный психолог, групповой терапевт, супервизор, а ещё автор этого канала.  Интересное про психологию и психотерапию, культуру и личность, семью и отношения, разум и чувства. 📝Обратная связь @lilyberesneva"
simplybet_es,channel,SimplyBet,242,🔞 Prohibidos menores de 18 años.🔞 Apuesta SIEMPRE con responsabilidad. https://www.gamblingtherapy.org/es  Canal de SimplyBet  • Comparte el enlace con tus amigos:  📲 https://t.me/simplybet_es  Contacto: @simplybet_admin Instagram: simplybet_es
onlytgchat,group,OnlyTG Chat Group,259,"Focus on Telegram operations, OnlyTG products, and resource matching. Channel: @OnlyTG  Build your own bot: @Echoonbot"
onlygemsfinance,channel,OnlyGems Finance - Entry Portal,319,Entry Portal for the official OnlyGems Finance group.  Complete the verification to get the link of our official group.  DM @joskec If you have trouble to enter
simplefx_blog,channel,SimpleFX Market News,248,Stay updated with market news and trading insights via SimpleFX – a multi-asset trading app.  📊   https://app.simplefx.com/ 📲  | 78% of retail CFD accounts lose money |
simplrez,channel,Я сімпл,161,
perreo_yamo,channel,SOLO PERREO,277,вся информация о самых крутых реггетон-вечеринках by Yamo в Москве😈  все фото + видео отчеты тут
volmemes,channel,LEAVE FLOCK CAMERAS ALONE!!!,15755,"Memes for libertarians, voluntarists, and other liberty loving people.  Post memes in @voluntarist_chat, and we will post them to the channel.  Contact 🦨 @VolMemesBot 🦨 for any other business."
listening_actual_volumes,channel,"Actual Volumes 1,2,3,4,5,6 - Solved by NE",2117,
volumedaytrader,channel,Volume Day Trader,403,www.volumedaytrader.com
volume_cgi,channel,Volume Design,37,Volume design - творческая студия CGI графики. Мы создаём впечатляющие визуальные решения для наших клиентов  Для связи @volume_d  https://volume-m.ru  https://www.instagram.com/volume3design
yoounghoo,channel,youngho,2271,инфа в закрепе вп/рек - @mwnahj
necrolya,channel,...................ottudova,84,eppy😪
onlybabydolls,channel,Baby&Doll,121,Channel of inspiration and muse from Nonullova 🤍 All information is pinned
kanae33246_doll,channel,🌻向阳娃社 Doll美图分享,75,转载自网络。便宜的多多。  私信可以随便问娃娃/娃衣关键词。
voodoomh,channel,VOODOO,390,Наш сайт: voo-doo.ru TT: @voodoo_mh
varia_looli_look,channel,Varies_wind,311,tik tok account: @araaaaa_vetro
wmisaa,channel,𓈒 ֹ 𖦹 ׅ 𝑐𝑙𝑎𝑖𝑟 𝑑𝑒 𝑙𝑢𝑛𝑒 𖦹 ׅ ₊,117,"Добро пожаловать на мой канал,   приятного просмотра.  цель ::200пдп  наш Пинтерест -https://pin.it/1Sp4F5wYM буст-  https://t.me/boost/wmisaa начало ::20.06.25"
i_love_chlen1,channel,⋆ ˚｡⋆୨୧˚Теплый домик˚୨୧⋆｡˚ ⋆,187,"в этом канале будут различные арты а так же по типу 18+))  Заказывать арты  @MiBabyLove0 ""Прошу без спама""  Щит посты  https://t.me/I_Love_Chlen10  "" Анонимные вопросы   http://t.me/letsqbot?start=cfsjrb"
leshiydub,channel,Леший у микрофона!,116,Привет чебуречек! Меня звать Леший! Я Актёр озвучки и самое главное... Я ЧЕЛОВЕК!!! Немножко обрабатываю звук. Брынькаю на гитарке! Ням-ням Буду что-то тут выкладывать) Баааааааааааай!  По вопросам сотрудничества - @Leshiy_1102
weritavia24,channel,WeritAvia📷,108,"Авиаспоттер✈️📷,Фотограф, ФотоОхотник📍Ekaterinburg USSS-SVX📍  Личка: @weritavia  tik tok: https://www.tiktok.com/@weritavia?_r=1&_t=ZP-95loZtFCDAE  Canon Eos 600d Canon 18-135  Обрабатываю   Lightroom DxO PureRaw Topaz sharpen"
briardolls,channel,кукольное болото 🐸,127,Маленький уютный дневник ▫️112 кукол ▫️34 bjd/mjd ▫️47 сильвашиков  Для связи @rosiebriar
lenksdolls,channel,кукольный шок,800,связь: @helenooak
barbierium,channel,Музей кукол «БАРБИРИУМ»,439,"Музей винтажных кукол«Барбириум»!  Тебя ожидает встреча с самой культовой и желанной куклой в Мире -  Barbie! Ожившие страницы каталога Mattel! 📍МО,Люберецкий район,п.Томилино, ул.Гаршина,3. График работы: сб./вс. 11.00-19.00 Тел.:89104690000"
draconicdolls,channel,Draconic Dolls,586,"Кукольное пространство для каждого 🐉   Выкупы с eBay, Amazon, Mattel и другие. Возврата 🙅🏻‍♀️  [🇰🇿] - г.Астана/КазПочта, Kaspi [🇷🇺] - CDEK, полная предоплата, Korona  для связи: @shngswife чат: https://t.me/+YkuvhabEexhiOWEy"
territoriyakukol,channel,"""Территория кукол"" выставка авторских кукол",125,Выставка-продажа авторских кукол и игрушек
barbieobshaga,channel,Barbie общага,172,"Мое хобби тут: куклы - фото, истории, комиксы, кукольное рукоделье и многое другое)"
teatrkukolskazka,channel,Театр Кукол Сказка,211,Детский театр кукол «Сказка»
stardust_workshop,channel,Мастерская Стардаст| Stardust Workshop,120,"Привет, звёздочки 💫  Тут мы выкладываем мерч нашей уютной Мастерской Стардаст 🐲  По заказам и сотрудничеству @DeinLt"
syuzanmir,channel,Поделки в школу и детский сад.,128,"Досуг, семья и дети. 🌟 Добро пожаловать на мой канал! Здесь вы найдете оригинальные идеи и мастер-классы по созданию увлекательных поделок для детей и стильных украшений для интерьера. Давайте творить вместе! 🎨✨"
muzeikukol39,channel,Музей Кукол,35,
ahuntersdreamcaw,group,CAW - A Hunters Dream,2689,Caw by teh community. caw.is  Contract - 0xf3b9569f82b18aef890de263b84189bd33ebe452  Twitter- https://twitter.com/communitycaw
lawyer_barrister_cl,channel,ТЫ В ПРАВЕ!,778,"Информационный ресурс адвокатов и юристов.  Защита прав - это искусство сочетания опыта, знаний и стратегии. 8 (800) 250-60-79 8 (929) 988-83-84 https://keplaw.ru"
fukkensave,channel,FUKKEN SAVED,1235,@ftyifsio админ для связи  Поддержать:  2200701036643846 т-банк 2202208174782343 сбер 89777823761
henry_fixedtips,channel,Henry betting tips,1071,No1 betting platform 🥇💷💰🔥 🔔 Turn on post notification Guarantee premium tips 🏆
pussyonwheels,channel,PussyOnWheels,382,Женский фиксированный клубок города Челябинска
football_code,channel,Football.com booking code,395,
nails_for_soul_by_dwang,channel,Diana Wang｜Nails for Soul🪷,162,🎋Nails for Soul - Маникюр для души Фея Ди 🧚‍♀️- Нейл-культиватор с опытом 11 лет.  - Азиатские тренды - Фиксированный прайс - Накладные ногти — твой главный beauty аксессуар. Новые правила - новая реальность.
withlovelu,channel,with love L,198,
withlovebr,channel,rb.💌,167,‘🃏 c est la vie
cprwwithlove,channel,Контент душой Аэлиты ❣️,119,"💸 Сотрудничала с Кинопоиском и Спортмастер в своем микроблоге    💥 3 года отработала за кадром, чтобы офигеть и начать проявляться самой  ⚡️ Создаю виральные шортс и цепляющие посты за 15 минут   Для связи 👉 @aelitakhisa"
phlorianwithlove,channel,PHLORIAN,98,флориан броу  Goth Radience  все ссылки: https://band.link/PHLORIAN
melang_art,channel,Меланж & 🍀Мастерская красоты Татьяны Рыжих,170,"💌 Запись online 👉 www.salonmelang.ru  или 📞 8(916)666-50-96 🍀  Все виды стрижек👌 Окрашивания волос любой сложности.  Matrix/Loreal Восстановление/ботокс/Абсолютное счастье для волос/Химия   📍Мы находимся г. Люберцы, Октябрьский проспект, дом 18 к 1"
naungyoeagency,channel,နောင်ရိုးဟစ်တိုင်,10210,
krstroy790,channel,Строительство домов в Москве и МО,1206,
postroidom_com,channel,ПостройДом,116,На данном канале знакомим подписчиков с технологиями монтажа при возведении дома. #постройдом #строительстводомов #домподключ
novostroy_remont,channel,Новострой | Интернет-магазин,109,⚒Все для стройки и ремонта  оптом и в розницу
linastroy,channel,Компания Линастрой,123,📞299-66-25  www.Lina-stroy.ru  Лина-строй.рф
official_wr,channel,White Raven | Official,243,White Raven: экологичные hi-tech решения для прибыльного инвестирования в криптовалюту.  Официальный канал компании.  📍Презентационные материалы 📍Прямые эфиры 📍Полезный контент 📍Новости компании.  Сотрудничество: @radikkasap
pirevgeniya,channel,Бизнес|Финансы|Налоги|Евгения Пиримова,240,"Евгения Пиримова — эксперт по бухгалтерии, налогам, финансам и запуску прибыльного бизнеса  2000+ консультаций | 317 млн ₽ сэкономлено | 11 крупнейших бизнесов  Записаться на бесплатную консультацию: https://pirev.ru/expert  @Evgeniia_finance"
franchtochka,channel,Точка Любви Франшиза,126,Франшиза прибыльного магазина для взрослых от лидера российского рынка
profitzone_shop,channel,ProfitZone,97,💰 Profit Accounts Shop 🔐 Safe & fast deals 📦 Fresh stock daily 💬 Support: @francuz0v and @qaqro Отзывы: https://t.me/+F6NpRCRsL6oyNzMy
polienko_broker,channel,Михаил Полиенко. Готовый бизнес. Инвестиции в бизнес.,86,"Полиенко Михаил. Бизнес-брокер, инвестиционный брокер.  Всё об инвестициях в бизнес, покупке/продаже готового бизнеса. - Актуальные проверенные предложения - Аналитика рынка - Интересные профессиональные кейсы и истории"
clearworldmc,channel,ClearWorld › Самый Чистый сервер Minecraft,279,Лучшая копия RW с бесплатным донатом и крутым игровым процессом!  🎮 Наш IP: mc.ClearWorld.pw / Покупка доната на сайте: ClearWorld.pw 💰  🔔 Мы в Telegram: https://t.me/ClearWorldMC 🎧 Наш Discord: https://ds.ClearWorldmc 🎮По вопросам:
clearthink1,channel,ЯсноМыслие 🧠 Психология прямого действия,167,🧠 Научно обоснованные методы борьбы с тревогой и стрессом в понятной форме.  Практические психологические инструменты для спокойствия и уверенности в любой ситуации.
psihologfilimoschkina,group,"Психология, Расстановки и Терапия Наталии Филимошкиной",273,"""Ключ к себе и своей жизни""                                                                 Группа личностного роста дипломированного и профессионального психолога, гештальт-арт-терапевта, семейного расстановщика и писателя           Мой сайт filinata.com"
sorryiamapsyhologist,channel,🌘Sorry i’am a psychologist🌒,133,"Одна терапевтка размышляет о жизни, делится важным и постит мемы.  Запись на терапию @lomonosovaanastasya"
psychologist_anna_zakaidze,channel,Психолог Анна Закаидзе,192,"Клинический психолог, гипнотерапевт, ДПДГ-терапия (работа с травмой) Личный психолог первых лиц. Директор Департамента социального проектирования и кризисной интервенции РОО ИСЖ «Принимай решения без эмоций»"
viktoria_kupriyanova_psy,channel,Виктория Куприянова • психология • мотивация •,70,"Семейный психолог, дипломированный клинический психолог, бизнес психолог, член Национальной Ассоциации Специалистов по Психосоматике, сексолог.  📎О консультациях в закрепе"
allyen_psy,channel,Allyen | Фем-френдли психологини,69,"Allyen – твоя инопланетная союзница и канал, где ты можешь найти практикующую фем-френдли психологиню!"
landaxai_ru,channel,LANDAX || AI || NUTRA,47,"AI-платформа для нутра-трафика.  Адаптация и локализация лендингов под новые GEO без потери CR. Быстрые тесты, меньше рутины, больше масштаба.  по вопросам - @landax_support  🌍 landax.ai"
lakyflat,channel,🏠LAKY_FLAT🏠,227,"🍪 Автор канала: Лаки крафт - Аниматор, РендерМейкер, Медиа персонаж.  🔔 Здесь вы увидите много интересного контента связанного с миром Майнкрафта.  Щп канал: https://t.me/ShitLakych Также мой лс: @LAKYCRAFT"
luchrender,channel,LuchRender - ИИ рендер,67,ИИ архитектурная визуализация. Официальный канал.  Написать нам: t.me/luchrender?direct  Чат пользователей: @luchrender_chat Сайт: https://luchrender.ru  Канал в MAX: https://max.ru/join/CPJVNRMgzhfW-Bu8Me8_Yh7U-j7zKVyfkPL5f2VVHBs
cyclicrender,channel,ЦИКЛ - Рендер-Мейкеры,89,ЦИКЛ - Общество рендер мейкеров где репостят их работы для продвижения их личности
lisrender,channel,LIS RENDERS,59,Цель-60Пдп
yandere_art,channel,Яндере мои Яндере../ Lurking for love // SWWSDJ // John Doe,41,"Кривенькие наброски и прочая хрень по Яндере новеллам, ибо, а почему собственно и нет? Щп чтобы было https://t.me/Goosegovorit"
nomaderei,channel,Nomaderei - Land Rover on the Road,13,"Travelling with our Land Rover, visiting friends and places, always some olive oil on board.. Blog: www.nomaderei.com"
linerdombot,bot,Liner Bot,,Многофункциональный бот-помощник жителей ЖК Лайнер. Поддержать проект: https://tips.yandex.ru/guest/payment/487050
linertg_bot,bot,Лайнер. Служба Сервиса.,,Служба Сервиса. Контакт центр. Оператор связи - Лайнер. Санкт-Петербург и ЛО. https://lk.liner.pro - Ваш Личный Кабинет.
laserlegendbot,bot,LaserLegend,,Привет. Я Бот компании Лазер Ленд! У меня есть база знаний о лазерных станках и режимы резки.
clinical_cases11,channel,طوارئ ، حالات سريريّة وأدوية🫀🧠,3527,📚 هل ترغب بفهم الحالات المرضية والأدوية بطريقة بسيطة وواضحة؟ 🚑 انضم إلينا لتتعرف على أهم المعلومات الطبية والحالات الطارئة التي قد تنقذ حياة إنسان. 🩺معًا نرفع الوعي الصحي وننشر المعرفة❤️  نتمنى أن تستفيدوا من قناتنا.🩺❤️.🩺❤️ @Ahmed_Alothmani_bot
snggeneralpractice,channel,СНГ кафедри загальної практики (сімейної медицини),82,Студентський науковий гурток кафедри загальної практики (сімейної медицини) НМУ ім. О.О. Богомольця  Науковий керівник гуртка: ас. Шкварок-Лісовенко Анастасія Костянтинівна @drShkvarLis  Староста гуртка: Пильник Юлія Вікторівна @pylnychka09
elinorly,channel,elinor,288,
olenaland,channel,𝙤𝙡𝙚𝙣𝙖 𝙤𝙡𝙚𝙣𝙖𝙡𝙖𝙣𝙙 ❤️🧡🤍🩷❤️,133,я календарь
olesyaexpander,channel,олеся экспандер,39,
onar_x,channel,Онар.,50,Элэс @Aonunglover Анон @Onaranonbot
oscarandren,channel,Оскар&Ренальда,16,Здесь я буду выкладывать рисунки с моими персонажами
bibliatemnotriadnikabot,bot,Оверлэнд,,
oliverkingsleybot,bot,Анон Оливера,,
olegshalandinbot,bot,Olegshalandin,,
anondilara_bot,bot,анон дилара,,
wanlyanon_bot,bot,Анон сашкара,,
lalastaklingo,channel,lalastaklingo,1,
larenaissancedellie_bot,bot,𐙚𝐀𝐧𝐨𝐧 𝐌𝐚𝐧𝐤𝐢✿˖°,,
landeanon_bot,bot,⊹₊ анонимные сообщения ｡⋆୨୧˚,,
seed_of_melancholy,channel,Information,1,credit: official
oknagoroda_bot,bot,oknaGoroda,,
villinanbot,bot,𝐚𝐧𝐨𝐧 𝐯.,,
emerlandgame_bot,bot,🏰 EmerLand,,
bluedayno,channel,Blue cave,180,دفتر خاطرات یک آدم رندوم ۲۶ ساله، داروسازم و فعلا یه خورشیدک تودلی دارم.
irinaviznuk,channel,Ирина Визнюк|Художник,173,Художник и автор практики «Живопись состояния» Сайт https://ivdidgitalart.ru/ ТГ @IV_digitalart Макс https://max.ru/u/f9LHodD0c
reconnectlive,channel,Re~connect.live,60,Терапия для  Жизни и Здоровья
katy_lifecode_uslugi,channel,УСЛУГИ Екатерины Марышевой,12,Подробности об услугах психолога - нумеролога Екатерины Марышевой.  ▫️Основной канал @katy_lifecode  ▫️Написать в лс: @katerina_dar
national_therapy,channel,national_therapy,9,Тривиальные способы снижения артериального давления. Фитотерапия. Гомеопатия. Натуропатия.
terapiya_serial2023,channel,ТЕРАПИЯ | СМОТРЕТЬ СЕРИАЛ ОНЛАЙН,4,"Сериал Терапия (2023), можно смотреть онлайн у нас, в отличном качестве, бесплатно. Терапия 1, 2, 3 сезон, все серии. Смотреть онлайн сериал Терапия."
iksai130881,channel,Терапия словом и искусством ☀️🧭🫂🪬,17,"Терапия искусством в решении жизненных проблем: потеря смысла жизни, стресс, депрессия (не клиническая,страх, выгорание, эмоциональная неустойчивость и др."
viliyapsychology,channel,Психолог Вилия,16,"Главное про изучение себя, мира, чувств, жизни.  Больше 8 лет исследую мир IT, работаю Delivery Lead. Больше 5 лет изучаю себя через психологию. Получила образование психолог-консультант, теперь помогаю исследовать внутренний мир других. Тг @viliyapsy"
laperdina_info,channel,Визитка | Ольга Лапердина,4,"@olga_laperdina — психолог. Здесь коротко обо мне, моём подходе и понимании терапии. Основной канал: @laperdina_therapy Онлайн-запись: dikidi.ru/olgalaperdina"
sdelkarf_news,channel,Сделка.РФ,6275,"Онлайн-платформа для сделок с недвижимостью. Рассказываем про рынок, анонсируем фичи и новости.  О платформе: https://сделка.рф  Академия: https://clck.ru/3QPsfx  MAX: https://max.ru/id6671093558_biz  Сотрудничество: @uraltraveler"
cleanstockninuaj,channel,✧༺ 𝘾𝙇𝙀𝘼𝙉 𝙎𝙏𝙊𝘾𝙆𝙎 𝙉𝙄 𝙉𝙐𝘼𝙅 ༻✧,295,
with_love_victoria,channel,"С любовью, Виктория",166,Фитнес-тренер и нутрициолог  Канал о доказательной и нетревожной нутрициологии и эффективном фитнесе  Приоритет — адекватный подход к построению крепкого здоровья и красивого тела  Веду подопечных и преподаю специалистам   Написать мне — @victoria2402
tut_novost,channel,Арктика начинается тут,2038,"Мурманская область является ключевым регионом АЗРФ. Она играет важную стратегическую роль благодаря выходу к Баренцеву морю, развитому портовому хозяйству и богатым природным ресурсам, включая редкоземельные металлы"
arcticsalekhard,channel,Гостиница «Арктика» в Салехарде,105,Уютная современная гостиница  в историческом центре Салехарда.  Наш сайт - https://arktika89.ru/restaurants/  Наш номер телефона - +7 (349) 224-04-04
arctickayak,channel,Арктический каякинг Arcticsea.kayak,105,"Связаться @spiritusnord_1   Арктика с воды | Создаем безопасные приключения на морских каяках для новичков, ценителей и фотографов. Дикие бухты, киты и полярный день  сайт https://spiritusnord.ru/kayaking"
arktikakosmos,channel,"ДЗСОЛ ""Арктика и Космос""",627,
thefoxtail,channel,Лисий хвост,48,
titbitrussia,channel,TiTBiT - лакомый кусочек,504,"Официальный канал компании TiTBiT. Полезная и интересная информация о производстве, трудовых буднях и о событиях в компании!  Наш сайт  https://www.titbit.ru"
chesvetderm,channel,"Кожа, шерсть и волшебство 🐕✨🐈‍⬛️",119,Про ветеринарную дерматологию без занудства 🤪
magpielongtail,channel,Хвост сороки,460,Новости и аналитика со всего света
xvostiki_kiselevsk,channel,Виляющий хвост🐾,459,Передержка для бездомных животных 🐈🦮🐈‍⬛🐕‍🦺 г. Киселевск
gastroli_vet,channel,ГАСТРОли.вет🐈💩🐩 ❱ Винс Михаил,185,"О жизни вета🩺, моей боли и простого человека, рассказывающего истории о гастромире и питании хвостиков 🐱 vk.com/mygastrolivet 🫶🏻 Веду онлайн-консультации и помогаю решить проблемы животиков 💩 Не гадаю на фекальной гуще, только док мед"
dom_c_xvoctom,channel,Дом с хвостом,139,"Помогаю понять поведение собаки, опираясь на научные данные, налаживаю отношения владельцев с собаками.  Как со мной связаться: ИНСТАГРАМ  https://www.instagram.com/daria_kinolog?igsh=dGFubTZrbTF2djJ6  ТАПЛИНК  https://dariapetsdog.taplink.ws"
xvostparis,channel,Хвост,207,Книжный магазин и книжный клуб в Париже 🐕💛   Инстаграм @xvost.paris Сайт https://xvost.club 11 rue Oudinot
ivannikovaolga_bot,bot,Ольга Амбарцумова|расстановки,,Запись и расписание групп.
kuznetsova_psygames_bot,bot,Т-игры с Татьяной Кузнецовой,,"Бот психолога-игропрактика, автора Т-игр Татьяны Кузнецовой"
galvanika_clubbbot,bot,Екатерина Кузнецова,,"Домашний бизнес на листьях, гальванопластика, заработок на дому, создание дополнительного и основного заработка."
mayya_donzz,channel,Майя Донцова,24590,Инст: https://instagram.com/mayyadonz?utm_medium=copy_link Мой вк: https://vk.com/mayyadonz По рекламе: @prkulikolesya  https://knd.gov.ru/license?id=673b8631b7aeb106ce00cf1d&registryType=bloggersPermission
mayamandala,channel,Майя Мандала,2099,"Майя – мастер сакральных знаний о природе человека, автор танца Мандала, Дакини, Волновой йоги, Египетской йоги и танца, книги «Дыхание Жизни», ведущая ретритов и курсов для женщин и мужчин по всему миру.   Подробнее: https://mayamandala.com"
maya_ymnichaet,channel,Майя умничает. Ей можно!,731,Привет! Я Майя Здесь: Изнанка телеграма Вся правда о продвижении Откровения о контент-маркетинге. Сотрудничество @baryshnya_maya  Основной канал https://t.me/baryshnya_shutit
reviewsaboutmaiya,channel,Отзывы клиентов | Майя Литвина,1373,Довольные ребята 🥰 Founder https://itanddigital.ru/ | Запрос на консультацию https://itanddigital.ru/hrconsultant или лс с 11-17 Мск в будни @Manj_l | 4000+ часов карьерных консультаций | Мой бложик @itanddigital
book_emperors,channel,Повелительница книг | Майя Винокурова,1123,"Амбассадор самиздата и легенда Литрес 📚 Пишу мистику и любовные романы ✍️ Лауреат ""Электронной буквы 2023"" 🏆  Для связи со мной @maiya1997  Мои книги ⬇️ https://www.litres.ru/author/mayya-vinokurova/"
maiyastih,channel,Другая Майя,328,Здесь будут только мои стихи и рассказы.  Ваша Майя Пирогова
bentframelife,channel,BENTFRAME Life,2674,Антон Кузнецов | Anton Bentframe  Творец @antonbentframe  YouTube https://www.youtube.com/@antonbentframe Instagram https://www.instagram.com/antonbentframe
rollchoptrdclan,channel,rollchop🎵,123,"предложения, фиты, выступления - @pillsandbliss  соц. сети:  TikTok - https://www.tiktok.com/@rollchop1?_r=1&_t=ZG-94n1j3fpTUH  SoundCloud - https://on.soundcloud.com/MxRvupEpbfVFjjM6a6  Instagram - https://www.instagram.com/rollchoptrdmusic?igsh=ZGVzcGNv"
cl0dxxal,channel,ᴄʟᴏᴅʏ,83,"сделал переезд потому что старый канал стал некомфортен  создан 24/12/2025 но стал активен с 4/1/2026  люди без юзернейма будут забанены моментально, в чат не вступать — тоже будете забанены  архив (от 2/7/2023) — *"
chicagolie,channel,чикаголи #admin,134,тренд. #admin member  факнуться:@chicagolie_ww
heliiag,channel,helii (＞。),259,"mgmt - @sharpnessvll (сотрудничество, выступление, биты и тд сюда)  prod - @euphXX  chat - https://t.me/+DQapdkMvsUNhYzYy  #selfdestructionseason2026 #luvmeluv"
slayguard8,channel,slayguard,202,|| тик ток- https://www.tiktok.com/@slayguard1?_r=1&_t=ZN-92PpWnuG0Vq || ||soundcloud- https://on.soundcloud.com/KOggteYJcchD2cLNtX || ||анон соо- t.me/AnonPoslaniyaBot?start=_Bwy4xxW ||
xdwdpx,channel,"🌱Don't worry, draw pony🌱",29,Маскота канала зовут Кэттейл!  ▷ —  🌿°  Арт - Статус ` Реквесты – по наборам! ` Коммишки – ✅ ` Трейды – ✅ ` Коллабы – ✅ ▷ —  🌿° ─────────────────── Эви́леор / Э́вил — мой худ. псевдоним и имя моего основного персонажа.  по всем вопросам в лс КАНАЛА!
septik_for_you,channel,Септик для Вас🚽,224,Продажа и монтаж септиков и станций биологической очистки от производителя👍  Наш сайт: https://septik-express.ru
k_maslo_ru,channel,КАМЕННОЕ МАСЛО ЗАБАЙКАЛЬЯ,329,🌄 Каменное масло (лечебный минерал) холодной очистки напрямую от добытчиков из Забайкальского края.  🌏 Доставка по всей России!  🌐 www.k-maslo.ru ☎️ +7 (965) 339-04-69  ☘ Мах  🎦 RuTube-канал https://rutube.ru/channel/1753468/videos/
c_m_68_bot,bot,بوت حذف حسابات🗑,,بوت حذف حسابك في تيليجرام ✅ ملاحظة سيتم حذف حسابك نهائيا ‌⚠️⁩ مطور . @C_M_69 قناة . @C_M_62
removedgiftsbot,bot,Каталог убранных подарков | Removed gifts catalog,,"Праздничные подарки Telegram, убранные из магазина 🎁 | Removed Telegram holiday gifts 🎁"
ntedaccountbot,bot,NtedAccountBot,,@NtedPakeE [ Owner ]
joinhide9_bot,bot,@joinhide9_bot,,Bot to remove system messages like when a user joined or left chat group.
joinhide19_bot,bot,@joinhide19_bot,,Bot to remove system messages like when a user joined or left chat group.
diceremoverbot,bot,No Dice Bot,,"Бот будет удалять сообщения, что содержат кубики и дартс  Канал разработчика: @tele_notes"
files_sender_bot,bot,forwarded tag remover bot,,"forward videos,pictures,animations from others channels to your channel with removed forwarded tag."
joinhide5_bot,bot,@joinhide5_bot,,Bot to remove system messages like when a user joined or left chat group.
joinhide18_bot,bot,joinhide18_bot,,Bot to remove system messages like when a user joined or left chat group.
joinhide1_bot,bot,@joinhide1_bot,,Bot to remove system messages like when a user joined or left chat group.
joinhide11_bot,bot,@joinhide11_bot,,Bot to remove system messages like when a user joined or left chat group.
joinhide10_bot,bot,@joinhide10_bot,,Bot to remove system messages like when a user joined or left chat group.
joinhide14_bot,bot,@joinhide14_bot,,Bot to remove system messages like when a user joined or left chat group.
joinhide15_bot,bot,@joinhide15_bot,,Bot to remove system messages like when a user joined or left chat group.
detoxdgold_bot,bot,Detoxify,,
joinhide17_bot,bot,@joinhide17_bot,,Bot to remove system messages like when a user joined or left chat group.
joinhide16_bot,bot,@joinhide16_bot,,Bot to remove system messages like when a user joined or left chat group.
joinhide20_bot,bot,@joinhide20_bot,,Bot to remove system messages like when a user joined or left chat group.
leftchatdestroyer_bot,bot,LeftChatDestroyer_bot,,Removes system messages. Add to a chat and enable delete permission.
joinhide12_bot,bot,@joinhide12_bot,,Bot to remove system messages like when a user joined or left chat group.
becomealivinggadbot,bot,⛧BECOME A LIVING ГАД,,"Как добавить бот в свой чат, который удаляет сообщения от тех, кто не подписан? Пишите @evilluciya из @BECOMEALIVINGGAD"
discussiongroupbot,bot,DiscussionGroup Auto-Channel Forward Cleaner,,I automatically remove all forwarded posts from your linked channel so the group doesn't get filled with channel posts!
tg_forwardremovalbot,bot,@Tg_forwardremovalbot,,
joinhide7_bot,bot,@joinhide7_bot,,Bot to remove system messages like when a user joined or left chat group.
joinhide21_bot,bot,@joinhide21_bot,,Bot to remove system messages like when a user joined or left chat group.
veelardelbot,bot,VEELAR | DELETE,,
digitalminimalism_bot,bot,Цифровая уборка,,"Как избавиться от лишнего, разгрести цифровые завалы и освободить место для нового: digitaletiquette.ru/minimalism"
lyikxbot,bot,[Bot Eliminato Definitivamente],,Bot per fare amicizie e conoscenze nella tua zona 🌸
all_film4_u,channel,all_film4u,27383,معرفی فیلم و سریال
filfeell,channel,filfeel mlkn,2075,
fill_8812,channel,Астив даду丰,189,V-это блин не витамины Поттер))
cleansheetfootball,channel,Clean Sheet,125,"Сухий лист — прихисток світового традиційного футболу від комерціалізації.  Контакт: @mr21sevage.  Підтримати проєкт: patreon.com/cleansheetfootball  Цей Telegram-канал містить матеріали, призначені виключно для осіб, старших за 21 рік."
hashtagsforbusiness,channel,Нейросети на практике,114,"Канал для тех, кто хочет использовать нейросети по делу — без воды, тестов ради тестов и хайпа ради лайков. Я — Лариса, маркетолог с 15+ опыта в продажах и студентка факультета компьютерных наук в ВШЭ."
cleanskinspb,channel,Cleanskin.spb,37,О любви к себе и не только 🤍
annieslessonshop,channel,Annie's lesson shop,129,🤍 Магазин авторских готовых уроков  🤍 Основной канал - @anniesenglishattic   🤍 По любым вопросам и для приобретения разработок — @BalandinaAnna  Баландина Анна Игоревна  ИНН: 631109935708
bookfoxxxx,channel,книжный лис,169,"Всем привет, я читающий лис или просто Вэл🤍 на канале отзывы на прочтенные книги, новинки и другие интересные посты, которые будут ждать вас в дальнейшем!"
ryzhaya_books,channel,꧁ Ρыⲿⲁя υ ⲕⲏυⲅυ ꧂,31,"Только 🔞 Фэнтези • Фантастика • Азия Отзывы, распаковки и немного рыжего характера 🦊 Добро пожаловать!🤗  Связь со мной @biblioly Inst: @𝑏𝑖𝑏𝑙𝑖𝑜𝑙𝑦𝑎"
shitpostitexpress,group,Shitpost-it Express — Low Frequency Posts to Shit By,147,"18+ NSFW Shitposters, Spicy Memelords, Dank Memes, Crude, Lewd, and Rude memes! Don't get too political unless everyone can find your politics funny.  Keep us the Friendliest Shithole on Earth."
xhijxhk5jgjcjgcf0999,channel,бета вершн щитпост миша прыгает jump + приземление,46,33868836---__###₽₽₽₽₽₽223340  :-)
loriszzshitpost,channel,щитпост хинкалины,93,любой конец - это хорошее начало!
theeternalsunshine,channel,آه شیت؛ هیر وی فازه اِگن.,48,آه گُه بگیرند، این‌جا ما می‌رویم دوباره. فازه هستم. [duh] کرونیکالی آنلاین، بیست و دو ساله، نویسنده‌ی پاره‌وقت، دوقطبی، علاقه‌مند به چیزهایی که انسان‌ها خلق می‌کنن و متنفر از انسان‌ها.  ناشناس: https://t.me/Chevalet_bot?start=6LJBoikvVprm
priemkanedveghimostitver,channel,Приемка квартир и вашей недвижимости в Твери. Строительный надзор.,511,"Приемка квартир в Твери и Тверской области. Наши сотрудники специализируются на выявлении дефектов при приемке квартир в новостройках более 8 лет и обладают сертификатами и дипломами, подтверждающими строительную квалификацию. Звоните 89956705958 Алексей."
eomvlkvpciewntuy,group,АНО Живые сердца,632,"Центр спасения собак из отлова 🐶Забираем собак из отлова г.Орск, лечим, социализируем, заботимся, пристраиваем по всей России с доставкой •Строим центр для собак, делимся опытом •Здесь вы найдете друга ~ 130 хвостиков готовы стать любимчиками"
youarenotalone_mf,channel,Ты не один!,291,"Социальный проект, направленный на творческое взаимодействие студентов и педагогов Московской Международной киношколы-киноколледжа 40 с воспитанниками детских домов, интернатов, приютов, детьми из малообеспеченных и приёмных семей, бабушками и дедушками!"
sportsheltraiskaya,channel,"🌅 ᵗʰᵉ ˢᵖ.ˢʰᵉˡᵗ ""Рᴀйᴄᴋий""🌴",57,"владелец :: Эш Райская / птшк яра 1 safe russ , работаем по ср, пт - 13:35-14/15:35 ; и вс 11:00-12:00🌴 работа/союз :: @RaiskaSheltPT_bot  союз :: 0+ 🐾  вп :: 5+ 🐾"
steelmet1,channel,SteelMet | приём лома в Тюмени,4,Закуп лома цветных и чёрных металлов в Тюмени E-mail: steelmet1@bk.ru
lshym6,channel,شَيماء غفرَ اللهُ لَهَا,219,أَمَةٌ ترجو حُبَّ ربِّها وحُبَّ نبيِّها ﷺ، والظفر بمحبةِ بارئها لها وشفاعةِ خليلِه لها .   - كلُّ ما هنا حِلٌّ؛ فخذوا ما صفا لكم . ليستِ القناةُ مزدحمةً، لكنها مضيئةٌ . نسأله إخلاصَ قلوبنا وقَبولَها
komnatkadiana,channel,🌷 🫪 ᧘ᥱᴛнᥙᥔ д᧐ⲙᥙκ цʙᥱᴛущᥱᥔ ᥴᥙρᥱнᥙ 🫪 🌷,54,"Здравствуйте, дорогие ребята ! Этот канал будет содержать частично мою жизнь и мое творчество ! Игры , голосования ! Все , что хочешь говори! Присоединяйся )) лс владельца- @Halalni_Pryanik"
pecifics,channel,PEMBERSIHAN ⇡ (+404) : PECIFICS. 📞,175,"⚠️ THE SIGNAL WAS NEVER STATIC—IT’S A REPLY ⤷ @COHESTBOT  MOUTHFUL OF GLITCH, HEARTFULL OF OFFLINE GLORY (THE REVERB ISN’T A DELAY. IT’S A REFUSAL.)    [body: untranslatable / fit: crisis-fresh / wall status: ghosted & fresh.]"
coolskelepun,channel,𝘀𝖺𝗻𝘀,76,* сборник плохих шуток.  * только по рекламе - @coolskelepun (контентом не занимаюсь)  * ссылка для друга - https://t.me/coolskelepun  * не шучу.
d_rip_clean,channel,𝐻𝒜𝒴𝒯𝐻𝐸𝑀 𝐶𝐻𝐴𝑁𝐸𝐿!?,295,المالك الاساسي للقناة   @haythemhdd
liuriept,channel,🏛️liuriept || ЗАКРЫТ,90,опа гавнастайл  тгк закрыт((  начало: 14.12.2025 конец: 14.06.2026
tpereslavl,channel,Типичный Переславль-Залесский,10206,Самые свежие и интересные события в Переславле Предложить новость/реклама/сотрудничество @pereslavl_adm
molodezhka_zls,channel,Молодёжка и спорт. Залесовский округ,314,"Делимся с вами всеми событиями, которые происходят в сфере молодёжной политики на территории нашего округа 🤗"
lisinpravo,channel,СправедЛисин,989,Добьёмся справедливости профессионально!   Подать в суд/защитить в суде.  Михаил Лисин: - Эксперт на 1 канале и НТВ.  - Добрые дела и изменение жизни к лучшему. Помощь СВО и в беде. - Семейный юрист. Судебный представитель. Правозащитник. - Депутат СРЗП.
shirota56,channel,Широта'56 | Олимпиада путешественников,121,"- спортивные соревнования - познавательная программа с погружением в культуру региона  - массовые шоу на открытом воздухе  Встречаемся в 2026!  Купить билет в путешествие https://shirota-fest.ru/#buyticket   📍Переславль-Залесский, парк-отель AZIMUT"
leszdvrav,channel,Лесная Здравница,540,Банный комплекс Новороссийск хутор Ленинский путь  📞 8-918-948-53-55
kino_dacha,channel,КИНО-ДАЧА 🏡,136,Гостевые дома в Переславле-Залесском  Телефон для брони: 89261697202
spacamp_azimut,channel,Детский лагерь в Ярославской области. Spa&Camp,132,"Детский оздоровительный комплекс расположен в 140 км от Москвы в одном из лучших мест для отдыха и оздоровления, недалеко от Переславля-Залесского в центре ""Золотого кольца"", что гарантирует чистый воздух и уникальную природу этих мест."
nikolin_park_guest_house,channel,Николин Парк,68,"Отель в центре Переславля-Залесского, напротив любимого места туристов -Никольского женского монастыря. Забронировать номера можно на сайте: https://nikolinpereslavl.ru/ или по тел.: +7(910)819-55-69 Ждем Вас! г. Переславль-Залесский, ул. Гагарина, д.28"
tsf_pereslavl,channel,Том Сойер Фест - Переславль-Залесский,112,"""Том Сойер Фест"" — фестиваль восстановления исторической среды. Мы занимаемся приведением в порядок деревянных домов силами волонтеров на спонсорские средства."
artstart2025,channel,АртСтарт,423,"Детский творческий интенсив✨  🗓️Даты летних смен: I смена: 2-14 августа  II смена: 14-26 августа   📍Парк-отель Азимут, Переславль-Залесский   ❔Задать вопрос, забронировать путевку:  https://t.me/artstart2025?direct"
hnyshechka,channel,HNYSHA.art,253,
h6stia,channel,꣸ ’ ﹫h𝗲‌᥉ȶ𝐢𑜅ִ ꯭𝖽𝐫𝐄𐐼𑜀. 🪽,67,"𝟕𝟕𝟕.  ""𝐬trawb𝜚rry""      @flvidd"
karnelibandilife,channel,Karnelibandiof,4214,Cam girl life Chanel  https://karnelibandi.net
karner_red,channel,Karner Red,269,%Диана Иванова   %Пишу эмбиент и арты в математическом софте  %audiowrites & imwrites https://linktr.ee/karnerred  %fprintfs vk.ru/karner_red
afisha_in_philadelphia,channel,Афиша в Филадельфии,455,
kostumwings2022,channel,Костюмерная Крылья,307,Наш адрес: Вишневского 2а лит К Режим работы: Ежедневно с 10:00 до 20:00
karnavalia_ru,channel,КАРНАВАЛИЯ.РФ - мастерская радости.,79,"💥Карнавалия.рф💥 Производим любые костюмы: карнавальные, профессии, национальные и другие, с 2003 года. 👉 30000 костюмов  ✈️ Доставка по России 🎁 Скидки 📞 WhatsApp:  89883797930 📝 detimoda@mail.ru"
karnelzxd,channel,hxeartziiee,134,Пж не кушайте
beloemorekarelia,channel,"""Белое море"" по любви",165,"добро пожаловать в канал о любви к Белому морю, северу, его людям, природе и атмосфере!  мы – компания ООО ""Белое Море"". в трёх поколениях мы создаём и проводим туры по местам, где выросли и в которые влюблены!  https://karelia.name/             https://v"
nuozjarvi_karelia,channel,Закулисье Nuozjarvi,200,"Ваше место тишины - база отдыха Нуозъярви Тел для брони: +79110002122  Адрес: Республика Карелия, Пряжинский район, Крошнозеро, Заводская 28"
minkultury_karelii,channel,Министерство культуры Карелии,120,🔹Официальная страница Министерства культуры Республики Карелия
misssano21,channel,Karineeee 🫦🔪,217,"Плейбой, филантроп, миллионер   ВК: https://vk.com/id246767607 Inst: karinagaid2108 Анонка: t.me/anonaskbot?start=_39vhDq8fVQVTwu"
coocoosity,channel,CooCooSity - Карнавальные костюмы и аксессуары,198,"Наш сайт: coocoosity.ru Тел. 8-902-506-31-18  Карнавальные костюмы для детей и взрослых.  Карнавальные аксессуары:  Шляпы, кокошники, роучи Парики, усы и бороды Плащи, мантии Крылья ангела, нимбы Чулки и перчатки Подтяжки и бабочки Украшения хиппи, очки Г"
dia_lilius,channel,Dia на Тунлу 🌌,301,tt: https://vm.tiktok.com/ZSdJXQfrV/  Косплей от сонного кота ✨  18+❣️
karlity4ever,channel,krlty,34,
heyglebazey,channel,Glebazey,92,
karalvfxxx,channel,karalvfxxx,118,"логово каралалала - больше бесполезной информации, чем чего-то дельного, однако порой проскакивает халява.  по разным вопросам и сотрудничеству  >>> @karalvfx  Socials - https://linktr.ee/karalvfx"
canelaskin14,channel,Canela Skin❤️,88,
karlievamedia,channel,Karlieva Media,44,Film & Media
cardinal_gray,channel,☀️Cardinal Gray's Cozy Corner☀️,45,💗 heARTful illustrations 💗  🌸Bsky: https://bsky.app/profile/cardinalgray.bsky.social 🌸Tumblr: https://swemtpotamtam.tumblr.com/ 🌸ToyHouse: https://toyhou.se/Cardinal_Gray
karinanarchive,channel,karivwe,15,lover Yu Ji-min lychee/личи ( @fixeuabot )
bonuskarneliya_bot,bot,"""Карнелия"" Программа лояльности",,"Зарегистрируйтесь в нашей программе лояльности, получите приветственные баллы и экономьте с каждым обращением к нам"
juponpantalonru,channel,Jupon-Pantalon.ru,1099,"Онлайн-магазин для классных родителей 🤱🏼 BIBS, Oli&Carol, Fehn, edda, BUBA KIDS. 📦 Доставка по РФ и РБ Оформить заказ 👇🏼  https://jupon-pantalon.ru/"
gek_meow,channel,Gek!,227,Ті самі дитячі сумочки для дорослих 🌷
spongeboballserias,channel,Губка боб все серии,204,"Телеграмм канал, где ты можешь совершенно бесплатно посмотреть любую серию Губки боба"
ho4ugamak,channel,Хочу гамак!,147,
seenisa,channel,tosha damon,70,амбассадор тайских шлюх и губки боба
gubkabobshocknovosti,channel,🧽| Фан-клуб Губки Боба |✨,77,
razbitayagybka,channel,Разбитое сердце губки,66,
tutbubu,channel,Бубусы ✨️,21,Привет! Зовут Вика. Я создаю украшения ручной работы :)  Связаться со мной можно здесь — @SemenSenich
aarmortrain,channel,Катрин Алиева • художник-анималист,297,Катрин 🌿 художник-анималист Рисую портреты наших друзей 🐶🐾  Группа ВКонтакте vk.com/k.armortrain
namekatarina,channel,あ katarina,101,For Yu Jimin @nanarinabot goal - 110🤍
mygirlcatherine,channel,Моя Подруга Катрин!,328,"Не опять, а снова! С 2011. Моя Подруга Катрин.  YandexMusic: https://music.yandex.ru/artist/5331774  VK: https://vk.com/mycatherine  Instagram: https://www.instagram.com/mygirlcatherine  YouTube: https://youtube.com/@mygirlcatherine"
dearsoulcatcher,channel,Убежище двоемыслия,114,"Неземная одухотворенность ©  Микроблог Катрин @DearMebbi (SoulCatcher, Путеводная). Люблю темное фентези, пингвинов, египтологию, карри и все вампирское  🔸писательский: @sled_putevodnoy 🔸про чтение: @dearsoulreading  Делаю @ya_pisaka, @writersopencall"
katherine_timoff,channel,Мир Катрин,308,"О культуре глазами руководителя event-направления Музея Динамо.  С любовью к искусству, щепоткой маркетинга и интересом к тому, как культура становится частью нашей жизни.  Для связи: @katherine_tim"
katrun_official,channel,💢💥Подвальчик дикой Катрин💥💢,39,Подробность: Аноним: http://t.me/voprosy?start=dy4x7 Лайк: @Katrun_official В канале до админов и 2 из них влд. Есть 5 аккаунтов в лк и 1 в тт. Канал в Макс: https://max.ru/join/MQ82TQckqz0jBJQnwuuEGnis8ljintEAa_p1WJ9yAPU для вопросов к влд: @MoonAngel111
terroir_kathrin,channel,Ключевой терруар | Катрин,368,"терруар — это не только про вино  это про людей, места и моменты, которые формируют наш вкус к жизни здесь рассказываю про мой  вино, искусство, впечатления и немного жизни между бокалами  заходите, оставайтесь 🍷  По вопросам сотрудничества — @bershа5"
improkatrin,channel,Импровизация Катрин 2.0🥰🐹,419,"Хочешь окунуться в импровизацию с головой?)) тогда тебе сюда!))) P. S. Я не шиппер артонов и шастунов, да и вообще всех. Осуждаю такое."
wolozhanina_psychology,channel,Евгения Воложанина | Психология мышления,122,"Евгения Воложанина - магистр психологии, IMTT, КТП, НЛП.  Вместе со мной ты найдешь причины почему не живешь ту самую идеальную жизнь.   Запись на индивидуальную консультацию https://dikidi.net/1519400"
slavalysenko_coach,channel,СЛАВА ЛЫСЕНКО ТРЕНЕР,122,"Тут мой дневник тренировок, результаты учеников, ответы на вопросы и всякие полезности."
zasushi_problemu,channel,Анна Юрьевна в эфире 🤵🏻‍♀️,43,Что вы здесь найдёте?🕵🏻‍♀️ 🫂 Поддержку и принятие 🌞 Мотивацию на день  ✅ Работающие техники для себя и близких  🫶🏻 Саморазвитие  💆🏻‍♀️Ощущение единства   🤝девиз легкий и простой: «Засуши проблему!»🤝  Связь со мной: @Anna_Zas4
sharanka,channel,"Sharanka -сожми, сохрани, шарани!",7,"А ты уже Шаранишь? ШаранкА - мобильное приложение для хранения фотографий не в Галереи, умеет фотографировать, сжимать более чем в 50 раз, хранить и передавать по одному клику качественно и незаметно  #СожмиСохраниШарани"
vgillumina,channel,vgillumina,1,Не воюй с темнотой...нести свет и темнота изчеснет!... Ешь_люби_твори Лаборатории и мастер класс для детей и взрослых!
zamessbrand,channel,Zamess® — инфо,179,Zamess® — у каждого свой. #Zamess #СоздавайСебя
zzahavec,channel,.ZAHAVEC,183,ВЕСНА'ZZ Сайт - Zahavec.ru  VK - https://vk.ru/zzahavec Tg bot - @ZAHAVECBOT Support - https://t.me/zzzanavec
availability_fusya,channel,— fusya.jewelry || наличие 🎐,95,наличие украшений основной канал>> @fusya_jewelry
cybergoldorgrapira,channel,CyberGold Organization,40,"CyderGold | Rapira Online 🏆  Не играй, а побеждай. Официальный турнирный канал, где деньги решают не всё, а скилл — всё.  👊 Замесы 👊 Репортажи с полей сражений 👊 Топовые награды для топовых игроков  Готов доказать, что ты лучший?"
ksseniasorokina,channel,ksusorokina,440,мой визуальный дневник 🤍  Мой inst: https://www.instagram.com/kssenia_  Связаться со мной: @kssenia_so
umiutena,channel,Umi-Utena художник и каллиграф,313,
koropokkuru000,channel,Коропоккуру,152,Иногда показываю свои растюшки 💚
sleduyzacvetami_msk,channel,СЛЕДУЙ ЗА ЦВЕТАМИ — цветочная мастерская,128,"Особенные цветы и подарки! Букеты, от которых мурашки 🤍"
anna_koppola,channel,Стихи и песни Анны Коровиной,32,"В канале буду делиться своим творчеством в виде стихотворений, песен, мыслей, а также иллюстраций и фотографий к ним"
rrgarden_mg,channel,Raven Rock Garden | BONSAI,53,"Дневник наблюдений, в котором публикую заметки и фото. Пытаюсь разобраться в видах садоводства, получаю опыт и удовольствие от бонсай.  Ссылка на канал: https://t.me/+jPWvXeSsVOMwZjZi"
libraryplants,group,Чат Первый ботанический,8,"Пишу о своих комнатных растениях, о том, как за ними лучше ухаживать"
buyflorart,channel,Автор А. Русских | БОТАНИЧЕСКИЙ БАРЕЛЬЕФ🌿,8,Пожелание моих работ: Внести лёгкость восприятия жизни через светлый образ изящной простоты и красоты.😌🌾
sadubykovunu_bot,bot,Сади Буковини,,"Короткий опис Замовляйте рослини прямо у Telegram 🛒 Каталог, кошик, доставка 🚚, оплата онлайн 💳"
belyisad_bonus_bot,bot,БЕЛЫЙ САД🌻,,"Сад в букетах!🌸  📍Некрасовская 47, 10:00-20:00 📞+7 (939) 753-70-02  Связаться с менеджером: @Belyisad63_bot"
veraaaakcjcjc,channel,веруся 🥰💞,1467,• открыта для сотрудничества ❤️ писать 👇🏻    @katya791
cr1dl,channel,Cardella,139,own – Radímova
aweacv,channel,Power,264,"Привет @durov  Этот канал не нарушает закон. И в нем нет порнографических и грубых постов пожалуйста, обратите внимание ! Официальный канал в @Telegram Без спама Нет порнографии"
stoadylife,channel,маленькая танцует,41,здесь любят танцы и радуются жизни ✨
aquauk,channel,𝐀𝐐𝐔𝐀.𝐂𝐎𝐌/𝐔𝐊,107,"Sua primeira fonte sobre a cantora, compositora e produtora AQUA.  + contato: @rouxla"
charity_flood,channel,𝘾𝙃𝘼𝙍𝙄𝙏𝙔 𝙁𝙇𝙊𝙊𝘿,47,⋆ ˚｡⋆୨୧˚𝘾𝙃𝘼𝙍𝙄𝙏𝙔 𝙁𝙇𝙊𝙊𝘿˚୨୧⋆｡˚ ⋆ начало: 08.07.2026 конец: ❌ owner - @bcmhdfsj co-owner - @Hafhafhaf2 ⋆ ˚｡⋆୨୧˚𝘾𝙃𝘼𝙍𝙄𝙏𝙔 𝙁𝙇𝙊𝙊𝘿˚୨୧⋆｡˚ ⋆
figureskating_axel,channel,♡ 𝐅𝐢𝐠𝐮𝐫𝐞 𝐬𝐤𝐚𝐭𝐢𝐧𝐠🌊-morskaya🩵| РЕСТ до 15 июля,27,Канал ♡𝐅𝐢𝐠𝐮𝐫𝐞 𝐬𝐤𝐚𝐭𝐢𝐧𝐠🌊🩵 @figureskating_axel
mintblush_flood,channel,𑣲 Ⲙiᥒʈδᥣᥙsɦ #info 𝜗𝜚,18,ִ ࣪ ˖ ࣪ ᨰꫀᥣᥴ᥆ꩇꫀ ! ᰔ ִ ׄ  owner - @moka_meow co-owner - @me_roromi (правая рука влд)  design - @roromi_port (Крутая совлд)
selli_otzyvy,channel,Отзывы SELLI,7,
kseniasharapova,channel,Ксюша сердечко,7,Ксюша
thecheshellis,channel,𝒞𝒽𝑒𝓈𝒽𝑒𝓁𝓁𝒾𝓈✨,256,"Находясь в данном канале вы подтверждаете, что вам 18+ Канал ни к чему не призывает и ничего не пропагандирует"
glizti1,channel,Ο ήλιος🕊,43,
sashenka_ef,channel,Жизненно и позитивно от sashenka_ef✌️,95,Здесь обо всем))  Организатор книжного кружка «Шепот страниц» 🩷
celesitaa,channel,Celestia🩵,22,Just passing thoughts  دانشجوی پرستاریه ترم اخریه درآستانه طرح 👻  https://t.me/SendHarfBot?start=b64e332071ee
wsjeleshk,channel,Дикий щітпостинг Гележки,10,"В основному тут будуть малюночки, та всяка хуйня, яку напишу під натхненням. І так, Я Желе, Желешка, Jeleshk, Jeleshk0(твіч нік). Типу кличте як хочите.  Єдиний адмін: @Jelesh1"
aboutkerzz,channel,𝗜𝗡𝗙𝗢𝗥𝗠𝗔𝗧𝗜𝗢𝗡 𝗞𝗘𝗥𝗭,357,"⚠️ Peringatan: Banyak pengguna melaporkan akun ini sebagai penipuan (scam). Mohon waspada, terutama ketika mereka meminta uang."
wsewgolowe,channel,ВСЁ в ГОЛОВЕ,276,"Канал психолога, который любит поговорить. За подробностями 👉 @wsewgolowebot За ответами 👉 @tarmaeva Официальный сайт проекта 👉 wsewgolowe.ru"
marketingboutiqe365,channel,365 Marketing,299,"Интересное, полезное и развлекательное для тех, кто плотно подсел на маркетинг ❤️‍🔥  За подробностями о нас 👉 https://365marketing.ru  Остальное в личку @stay_bossy"
rabotaburlesque,channel,Работа в Burlesque&Virgins,267,"Работа в популярной сети стрип-баров Премиум класса Burlesque &Virgins. Вакансии в городах: Москва, Санкт-Питербург , Казань, Чебоксары, Тюмени. За подробностями писать в личку или по номеру +7 903 538 00 06"
dnkcreew,channel,DNK CREW🩶,90,привет! приглашаем тебя на знакомство с нашей семьей🩶   за всеми подробностями - @zzankon 🩶
balmaskaradkuro,channel,Бал «Коллапсар» ⋆˙⟡♫ Black Butler🎭,128,Тематическое мероприятие по мотивам манги «Тёмный дворецкий» 🎩 🍴   следите за подробностями в наших соцсетях: vk — https://vk.ru/club232653946
buzaalab,channel,Лаборатория маркетинга «BUZAA»,74,Официальный канал BUZAA.RU  За подробностями @buzaaru
bunny_rins_shop,channel,༓･*˚⁺Bunny shop｡･:*:･,70,Добро пожаловать. По вопросам обращаться сюда @Ioaril
kakreka,channel,Какрека,58,Каккомедия какпопкультура  за подробностями и по вопросам рекламы: @arthom_arthom
croissant0,channel,کروسان,229,Choose your last words This is the last time.  https://telegram.me/dar2delbot?start=send_M0erPA
arhivcriss,channel,Архив жизни Крис🤍,206,"То что хочется, запомнить ❣️"
southern_cross_and_other_things,channel,Южный Крест | Австралия,392,Серьёзный канал про Австралию для вдумчивых людей  18+ Хештеги канала: https://t.me/southern_cross_and_other_things/2143  Автор канала: @Au_Nehochuha
richardnotautom,channel,𝖳𝗁𝖾 𝖳𝗋𝗎𝗆𝖺𝗇 𝖲𝗁𝗈𝗐,9,сын уборщика @RichardNotAutombot личные сообщения кр авы;баннера @dprsrusik @drekoxo
beshchistkabot,bot,Бешеная Чистка | Задать вопрос,,"Стирка💧Уборка💧Химчистка💧СПб Бытовые услуги с гарантией результата (без оплаты, если не устроило качество)👌"
unagrandeyogaclub,channel,Unagrande YogaClub,11096,Новости клуба для друзей клуба. — UYC – видеоуроки йоги и медитации от 5 до 90 минут. Интенсивные курсы для решения самых разных задач. https://unagrande.yoga
j_m_ath,channel,JMath,4720,"Самый познавательный и интересный контент для всех кто изучает математику, тут вы найдёте:  📄Онлайн тесты 📚Полезные книги 📑Формулы и шпоры 🎥Видеоуроки 📌Тесты По всем вопросам обращайтесь сюда @Jakhongir_Makhamatkarimov  ☎️+998998431603"
triptodreamru,channel,TripToDream,104165,Пишем об интересных вариантах для путешествий.  По вопросам сотрудничества: @Maria_TTD  РКН: https://clck.ru/3MhdUE  ❗️Администраторы канала никогда не предлагают туры или билеты в личных сообщениях.
civilskiy_uezd,group,Цивильский уезд|Казанская губерния,144,"Обсуждаем Цивильский уезд со дня его основания(1589 года), если хотим кого то добавить, согласовываем со мной.  Всем добра и хороших поисков!!"
uspproject,channel,Управление стратегического планирования,107,канал смелых предложений
thelilooo,channel,Центр информирования о проведении стримов TheLiloO,461,"Описание описывает описания всего неописанного, что можно было бы описать, но описанное лишь писано, чтобы быть исписано"
alina_filolog_95,channel,Записки учителя 👩🏾‍🏫,306,Пусть моя память живет здесь 💜
howareyoumydearfrnds,channel,Luminaire,237,В двух словах и не описать Обратная связь - @Wharisitbot
kossterin,channel,Дорогой дневник,202,"<…> «мне не подобрать слов, чтобы описать всю ту боль и унижение которые я испытал сегодня, моя жизнь поломана навсегда...»"
retusikk,channel,рен тв вещает🥨(рената),200,"ну тут много что, я не знаю даже как описать что куда как и зачем  http://t.me/anonaskbot?start=cgbIz9ILkZMXS7d  - анонка"
veshibydet,channel,Детские вещи🧸,453,Вещи БУ
shop_10_zaek,channel,Детские товары 10 Заек,282,Магазин детских товаров. Все для малышей
temaianutka,channel,Детский магазин Тема и Анютка коляски и электромобили НН,661,"С заботой о главном 🤍 Не просто продаём, а помогаем разобраться Задать вопрос: @temaianutka_magazin"
yamaminmsk,channel,👶🏻Коляски 👶🏻Yamamin👶🏻,283,"Наш сайт👇🏻 https://yamamin.ru/ 📞 +74992834583 📞+79250337335 🔥Мы находимся по адресу: ✅Люберцы, Новорязанское шоссе 3, ТЦ Грант, 3 этаж ✅Москва, Волгоградский проспект 32корп8, Тц Техноххол, 2 этаж, павильон ВС 16"
invapro,channel,"♿ Инвалидная коляска pro. Кресла-коляски. Подбор, продажа, обслуживание ♿️ ИнваПро",55,🔎 Ищете идеальную кресло-коляску?  🤝 Центр ИнваПро — ваш надёжный помощник! 👩‍🦽 Большой опыт подбора колясок по комплектации и размерам. 🎯 Мы поможем найти лучший вариант! +79151547792 mail@invapro.pro 🌐 https://invapro.pro 🌐 https://vk.com/invapro
klservis_minsk,channel,"🤱 Колясочка - сервис ""KLservis.by""",49,Первый в Минске магазин детских колясок и прочих товаров.
bebefelizstore,channel,Bebe Feliz Store,144,"Bebefeliz.ru ДЕТСКИЕ КОЛЯСКИ И АКСЕССУАРЫ Москва, Россия 🔸Магазин, созданный родителями 🔸Помогаем найти лучшее для ваших детей"
rehabgoods,channel,RehabGoods,193,🔹Проверенные бренды 🇮🇩🇩🇪🇧🇪🇨🇿 🔹Бесплатная доставка по РФ 🔹Подготовка документов для ФСС 🔹Рассрочка/кредит 🔹Сотрудничество с БФ  Сайт rehabgoods.ru Телефон 8 800 250 59 97
comfy_coven,channel,уютный шабаш🤍,43,"Канальчик о жизни небольшой непоседы, её любимых увлечениях и немножечко моментов из жизни🤍"
cledezone,channel,CledeZone,137,
napadiy25,channel,Нападий,771,Заметки директора «Моей школы» во Владивостоке👨🏼‍🏫
xrmobiww,channel,𝟒𝟎𝟒,343,🥷🏼
dakiblue0,channel,победа алексеевна,94,😀
ruzalina_ibatova,channel,@ruzalina.ibatova,310,"мода ссылки  жизнь и работа парикмахером , тебе понравится 🩷   inst:   связь, реклама: @ruzalinaibatova"
ketanova164,channel,кетаноva зая,308,
vpro06hxm0otqy,channel,○---ᗰᑌᑎƳᗩ>°○,88,Тут видео про мою жизнь и про мои работки (и не только)
barmanletsgo,channel,кирюха,125,we do what others can't
nabatovairina,channel,NE_очередной стилист | Ирина | SPB,69,"Здесь о моем видении стиля, о моей жизни и интересах. Присоединяйтесь!  Шопинг, разбор гардероба: +79119868635"
zachemonomnea,channel,а оно надо?,55,
forlimasya,channel,лимася,13,
adpzbot,bot,type me allday,,"some might say ‘make or break’, we say ‘break to make’. we are @ALLDAY_PROJECT"
coop_zgen,channel,куп зумеров,1,
tsentryat,channel,Центр Ять,446,"Экосистема проектов о русской культуре, независимое искусство и андеграунд.  Направление Факультета креативных индустрий НИУ ВШЭ  Наш сайт: https://tsentryat.tilda.ws/"
rsockri,channel,Реабилитационный центр на Рихарда Зорге 2,270,ГАУ РС (Я) «Республиканский социально-оздоровительный центр комплексной реабилитации инвалидов имени Степанова Ю.П.»  🔹Сайт: https://ykt-rsockri.ru
yaroslavna_4e,channel,Ярославна_4естная,429,Менеджер электронного проекта Ant+Shift.
sitim_info,channel,SITIM – цифровая медиа-платформа,184,
rabota_ykt14reg,channel,Работа в Якутске,44,"📌 На канале мы публикуем вакансии в Якутске.  📌 Работа в Якутске,Республике,а также работа на удаленке.  📌Пост 100 Рублей  👨🏻‍💻 По всем вопросам : @Wweikeduo  Boost https://t.me/rabota_ykt14reg?boost"
molodezhyablokoyakutia,channel,Молодёжное Яблоко | Якутия,95,Связаться с нами - @Nyah_Myash Лидер МЯЯ 🍏 Голос за наш канал https://t.me/boost/MolodezhYablokoYakutia
dinoymerlanahu,channel,the world born of ass,554,Дино/Дина/Блядина  лс: @dn_dub
lyxiestore,channel,⋆˙𝓛𝐲𝐱𝐢𝐞 𝓐𝐯𝐞𝐧𝐮𝐞,425,dm: @SillyAngelz to top up (leave - auto ban) Owner fb: Angel Curiano 🌊 - Open Everyweek 🌊 - Expect delay reply (owner has work and acads to do)  💕 paid edits 💕 Starlight Supplier 💕 Pilot service
meupcwakkbrp8wzdyy,channel,1000 МЕЛОЧЕЙ TV😉 28-22,648,🎁🎁🎁Наша Группа 1000 мелочей/ТВ товары 🤗  Рынок Садовод 28 линия 22 павильон  ПОДПИШИСЬ👍👇👇👇    https://vk.com/club180285455 Тел ☎️📲 +79299257572 WhatsApp
mariamironenko_m,channel,MARIAM,395,Свечи ручной работы и эксклюзивные авторские украшения! Индивидуальный подход к каждому! Наш сайт: https://svechidlyadushi.ru По вопросам писать: @MARIAM_order
oldschemesfromkalla,channel,Старинные схемы вышивки от К.Аллы,464,"Меня зовут Алла. Здесь вы найдете мои перенаборы старинных схем (berlin woolwork) и вышивок. Подарки, новинки, акции и распродажи. По всем вопросам пишите https://t.me/kalla79"
ezoslovar,channel,Эзотерический Словарь,348,"Канал создан  шаманами-рунологами и МЕДИУМАМИ  Консультации,чистки и защиты,ОБУЧЕНИЕ МАГИИ,РУНАМ,ТАРО: @velesova_vnuchka https://youtube.com/@v.velesa @BorisK002 https://t.me/strenghtofspirit @slovovedmaka  https://t.me/slovovedmakainfo"
galimedclinic,channel,Клиника Галимед Балашиха,475,"Гинекология Маммология  УЗИ, ЭКГ Анализы, Капельницы Дерматология  Стоматология Косметология  Эндокринолог Невролог Остеопат  Гомеопат  Массаж Психолог Терапевт"
farcasterxyz,channel,Farcaster,9173,Updates from Farcaster
xzzznb6,channel,星空加速器,5810,星空转区端口
bshook6,channel,冰释加速范围,2694,不参与任何网络斗争 不主动去惹任何人 本系列作品仅供学习研究，使用者的任何行为与应用作者无关，请在24小时内删除本应用 [下载即代表同意本协议] ↔️ 若有侵权违法行为，请联系我删除内容 请注意，本人做的任何技术之后都会开源，不会通过这个来获取任何利益，只是在进行内核的学习
animetvofficialz,channel,Anime Tv Official,9036,"You can download our app HERE or on our website https://animetv.vip  Enjoy more anime, faster subtitle release, watchlist, download & more features"
refarusofficial,channel,ReFa Россия,424,"Роликовые массажеры из Японии🇯🇵 Официальный дистрибьютор ReFa в РФ Официальный интернет-магазин https://refa.com.ru   🔺Проверено экспертами, оценено женщинами по всему миру."
refactoring,group,Рефакторинг — для отечественных потребностей,156,Русское в России на русском языке.
reccame,channel,Канал Recca.me,20,"ReccaMe — платформа рекомендаций.  Создай агентскую сеть из своих клиентов и зарабатывай по сарафану.  🔗 recca.ru — официальный сайт 🚀 Участвуй в пилотном запуске:   Подписывайся, чтобы быть в числе первых: инструкции, кейсы, разборы."
gafarecursion,channel,GAFA RECURSION,54,Наши медиа:  https://t.me/gafaarchitects https://www.ga-fa.ru/
gmariiika,channel,учительский vibe 👩🏽‍🏫,106,"здесь о буднях учителя английского языка, работе в государственном лицее и становлении ✨"
academyult,channel,Академия Университета Льва Толстого,154,Начни уже сейчас и добейся отличных результатов на экзаменах с Академией УЛТ. Хочешь готовиться с нами? Тогда скорей записывайся - +79534247905
flippedtaiyakiteam,channel,🍨 Flipped Taiyaki Team,160,"🍡 команда из четырёх разработчиков и просто отличных людей, любящих японские десерты   🍥 художник: KIROKO  🍱 программист: Kano Alf 🥘 композитор: GoDVeR 🍤 сценарист: yuubei  для связи: @yuubei"
ghostwoter231,channel,"ООО""Косплеер""",119,Красивый мужчина (мужчина красивый) В отличных трусах (сидят ахуенно)
piterdastomo,group,Питерда Стоматология,1074,👮 Назоратчи: @Piteradmin1
kuda_go_spb,channel,Куда сходить в Питере ? Петербург Услуги Магазины Бутики Общепит Развлечения,710,Выбери куда сходить🌇 📍Не знаешь куда сходить? Мы поможем 😉 Твой личный путеводитель по СПб 🔥 Лучшие места и заведения Питера!
joaliresorts,channel,JOALI RESORTS,2328,Все самое актуальное об отелях JOALI Maldives и JOALI BEING
leposabuzzers,channel,Лепос Abuzzers ТУТ КОКОСЫ,9397,Лепос только отобранная хорошая и перспективная информация в телеграм   Спасибо что вы с нами
facondeparler,channel,Façon de parler,120,"Сентиментальное путешествие в мир книг, музыки и интересных историй.  Ссылка для приглашения https://t.me/facondeparler  Для связи fiam-ma@yandex.ru"
buhlabaz,channel,Хорошая бухгалтерия,656,"Здесь контент про деньги. Не про то как их заработать, а про денежное обращение, финансы, кредит, бюджет - обо всём об этом на фоне происходящего в стране и в мире. А также про экономику и немного про бухучет. Много о бухучете у меня на сайте buhlabaz.ru"
dturusin,channel,Просто про маркетинг и не только,1184,"Дмитрий Турусин о маркетинге и не только. Просто, весело, полезно  Точки контакта Продает каждый Клиентоориентированность Новые инструменты маркетинга Хорошая музыка :) и не только"
deliegorova,channel,"Аделия • Про контакт с Собой • Психолог, психотерапевт, публичные выступления, ораторское мастерство, голос и речь, интервью, по",382,"телесный и гештальт терапевт, телеведущая, тренер спикеров Сколково, Synergy и др.  Запись в терапию и группы: @adeliyaegorova  веду канал про самоценность, проявленность, тело, отношения. Изучаем психику, делаем практики, возвращаем контакт с собой 🤍"
kostikova_ph,channel,"Настя Десятникова, фотограф",327,"Информация о съёмках, их проведении и снимки. Немного лайфа  Мой контактный номер - 89501142384   Мой инст - https://instagram.com/kostikova_ph?utm_medium=copy_link"
alcom24_opt,channel,ООО «АЛКОМ» Красноярск,820,Компания по сбору и утилизации отходов цветного лома и радиодеталей
sp_osot,channel,СП «ОСОТ»,58,Союз переработчик осадков сточных вод и органических отходов.
rosaronews,channel,Ассоциация рециклинга отходов,29,
ttgroup_fortan,channel,Пиролизные установки ФОРТАН,357,"Пиролизные установки для утилизации отходов. Производство ТТ ГРУПП, Краснодар, Россия"
regoperatortko79,channel,Региональный оператор по обращению с ТКО в ЕАО,303,
ge74_ru,channel,Госэкспертиза Челябинской области,260,📢 Официальный tg-канал Госэкспертизы Челябинской области  ✅ Актуальные новости 🎓 Образовательные проекты 📅 Анонсы мероприятий  🏗 Профессионализм. Качество. Надежность. Развитие  👇Подписывайтесь! vk.com/ge74_ru rutube.ru/u/ge74 ge74.ru
at_sertif,channel,РГР / Сертификация и аттестация,428,В этом канале вы найдете полезную информацию о: ✅ сертификации ✅ аттестации  ✅ событиях на Центральной аттестационной платформе РГР  ✅ интересных цифрах и фактах https://clc.to/sertifikatsiya Подать заявку на аттестацию: https://rgr.ru/content/14e0fda07c8
territoryofboats,channel,Территория лодок,86,"🛥 Сборка рыболовных катеров и установка оборудования под ключ в Рузе ⚓️ Подбор комплекта под задачи и бюджет, сервис и подготовка к сезону  +7 (958) 679-87-57 +7 (906) 107-00-17 https://территория-лодок.рф Задать вопрос: @artpir2020"
rempromservice_official,channel,РемПромСервис,46,"Производитель полимерных композитных материалов торговой марки «РегРонис», предназначенных для ремонта и защиты промышленного оборудования rempromservice.ru"
aspion_rosreestr_egrn,channel,Сервис АСПИОН,21,Любые выписки из ЕГРН Росреестра. Реестры МКД. Произвольные реестры. Сайт сервиса - aspion.ru Заказать можете также напрямую нашему дежурному по сервису сотруднику в телеграмм @aspion79581114000 или ватсап https://wa.me/79581114000
sro_nostroy_nopriz1,channel,СтройЭксперт,46,
rossieva_buh,channel,Большой путь маленького бухгалтера,22,"Пишу просто о сложном, делюсь опытом, историями из практики, мыслями о работе, жизни, выборе себя и мягкой силе."
reestrix,channel,Reestrix.Ru - выписки ЕГРН,23,"Сервис REESTRIX для работы с данными Росреестра @reestrix_bot Сайт reestrix.ru  Новости, обновления, информация."
rostovdonmarket,group,Объявления Ростов-на-Дону | Барахолка Ростов-на-Дону №1,5232,"❤️ Объявления Ростов-на-Дону №1 ‼️ Чтобы писать в чате нужно пройти проверку в боте: @rostovDonMarketBot 📋 Правила и категории: https://t.me/rostovDonMarket/2 👨‍💻 По рекламе, админ: @denis_mobile"
expectordiv,channel,CargoRaptor резерв 6268,16,Доставка грузов из Китая под ключ. Белый ВЭД. cargoraptor.ru
yuhanexpress,channel,Yuhan Express,36,Always ready to serve
cvxlogistic,channel,crystal ship | Доставка товара из Китая,5,
shuyika888,channel,和平雪糕数据号,11971,
runixeprojects,channel,MaybeSahil Projects,2149,
minghaofrogboy,channel,✶,1008,анон: @partyanthem1_bot
israelcleancity,channel,Clean City - Israel,401,"Помочь проекту: Бит 0543184132, с пометкой ""Clean City"" We are going to make Israel clean and comfortable.  Our Facebook: https://www.facebook.com/groups/cleancity.israel"
aewwdxx78,channel,ЧИстка для всех///рейн,135,закреп обязателен к ознакомлению
mycutiebunnyelisia,channel,ᢉ𐭩ℳy 𝒞utie ℬunny ℰlisia ⊹₊˚,114,"chi — mutya ng entablado  ( чи —жемчужина сцены  )   добро пожаловать в уютное местечко где мы вместе дарим любовь самой милой девочке на свете — элисие из юнис💗 💬@jijiianonbot & @coopwjiana  cr :Adorable_0418,_pluma0418_, softlyfotrelisia"
macho_cagney,channel,Мачо Кэгни/Джей,49,"Привет!Я Кэгни/Джей, художник рисующий по разным ФД, стараюсь проявлять активность, но не могу обещать подобное. В основном тут скетчи !!  Время на час больше чем в Москве (Астраханское время)  Анонка http://t.me/anonquebot?start=s4wdt"
eco_transport24,channel,Регоператор «Эко-Транспорт»,181,Региональный оператор по обращению с ТКО в Ачинской и Назаровской технологических зонах Красноярского края.  💻 eco-transport24.ru 📧 eco-transport24@yandex.ru ☎️ 8 (905) 974-25-00
mastersclean,channel,Мастерство Чистоты СПб,6,
livediffer,channel,LiveDiff News,85,"Welcome to the first-ever Creator Growth Network, launching 2025. Join the movement, and talk to fellow innovators about LD’s latest news.  Links: https://linktr.ee/livediff.com"
rogban,channel,Ромер сказал: «Я — дождь».,34,IYOWA FAN №1 ❤️
melonecomua,channel,"Украшения для Женщин со Вкусом. Ведь ценно именно то, чем можно наслаждаться!",11,"Наша цель — сделать так, чтобы вы насладились мастерством итальянских и испанских ювелиров. www.melone.com.ua @melonecomua У нас только трендовые, изысканые, эксклюзивные женские украшения. Приходите к нам в гости, мы вас удивим."
mysterious_info,channel,𝗠𝗬𝗦𝗧𝗘𝗥𝗜𝗢𝗨𝗦 𝗜𝗡𝗙𝗢,1,⭕ABOUT AND INFORMATION OF @MYSTERIOUS_6T9  ✨SUPPORT :- @MYSTERIOUS_CHATZ  ◾  Pᴀʀᴛ Oғ  :-「 @MTS_FORCE 」! ✖
hitechmonolit,channel,Хай-Тек Монолит | Строительство домов в СПБ и ЛО,1123,Проектируем и строим уникальные дома бизнес-класса в СПб и ЛО  Написать нам: @hi_tech_monolit  Мы в MAX: https://max.ru/join/L4D4AxCRzDoJOGg5-poAPYx8qey8Js_KeNwK_MkwpPU  Наши проекты: https://hitechmonolit.ru/individual-projects/?utm_source=tg&utm_medium=
torubuyanit,channel,Тору ло,960,"!! 16+     ,    тут будет НСФВ , вам от этого не очень - ваши проблемы Главная мразь ютуба : @torubuyan  Darkshippers: dni  Я рисую тот фд который хочу, не беру реквесты Анон: http://t.me/voprosy?start=mphdn7"
valfi_arts999,channel,🦋Valfi🦋,585,Фан арты по Ло фнд. и не только
palmira_news,channel,Пальмира | Транспортная компания,878,Новости транспортной компании «Пальмира». 20 лет на рынке. Пассажирские перевозки по Санкт-Петербургу и ЛО  Заказ транспорта: @palmira_zakaz Вакансии: @palmira_personal
holst_blago,channel,Краски души: арт-терапия Ксении Семеновой,94,Смотрю на себя вашими глазами.
idealnayauborka,channel,Департамент Чистоты|Клининг💎,15,Услуги по уборке всего!
bezuprechno_candle,channel,безупречно • свечи,658,свечи ручной работы Натуральный пчелиный воск  Москва | отправка по всей России ☀️ оформить заказ @akolontsova  оффлайн в Москве https://t.me/kotomkazero
novofacelife,channel,Центр косметологии и эстетики,66,👩🏼‍⚕️Медицинский Центр Косметологии и Эстетики в Серпухове  🌐 https://cosmetolog-serpuhov.ru
grafinat_t,channel,Татьяна Графина/Архитектор твоего стиля,234,"Раскрою твою внутреннюю красоту через безупречно сшитую одежду!  Помогу найти тот самый образ, который говорит о тебе без слов.   Для заказа пиши @tagrafina  Нельзяграм @grafinat_t  Отзывы тут https://t.me/GRAFINATotz"
kitdecorator,channel,Декоратор и ресторатор,208,"Здесь всё, чтобы ваш зал выглядел безупречно. Мебель и декор для профессионалов — в наличии, по честным ценам. Делимся идеями, помогаем с выбором и делаем ваш интерьер уникальным. Консультация: @decomeneg"
sneakyissleppynow,channel,Sneaky,181,Тик ток: sneakyissleppy  Связь со мной : @CAXAPOK_ZXC
sngy_cf_daily,channel,ִ ִ𝐒𝐀𝐍𝐄𝐆𝐈𝐘𝐔𝐔ִ ♡ິ 𝑫𝑨𝑰𝑳𝒀𝑪𝑭,255,
saletsukiyo,channel,Tsukiyo,115,"« Tsukiyo » - Цукийо/Цукиё & . Перед тем как отправлять анонимное сообщение прочтите правила канала Анонки по типу – «ищу оп точку в комм», «подпишитесь бесплатно» не кидаем"
tsukkkikoo,channel,tsukiko's space ⋆˚₊‧༚,77,",,,,,мини версия руки !!,,,,,  мои — @weriseteens анонка — @tsukiko_anon_bot"
jziakxlkw,channel,🍓! #swagkitty,19,
vsetajeagisangeo,channel,🐾 agisangeo🌸,36,
sagify_ch,channel,рисовальня сагифая/sagify art,62,"аниматор, фотошопер, художник, плейбой, филантроп Ссылка на Тикток https://www.tiktok.com/@sagify_art?_t=ZS-8vJ880ilSxG&_r=1"
s_1eepwalker,channel,☁️SLEEPWALKER☁️,70,⛧°。 ⋆༺♱༻⋆。 °⛧ Hiiii=> My name is Sleepwalker  Тik tok ---> s_leepwalker Instagram ---> lunatic   ⛧°。 ⋆༺♱༻⋆。 °⛧
yourgokanijiku,channel,ㅤㅤ۟ ׅ 𝕰𝗩𝐄𝕹𝗧 – 𝐆𝕺𝐊𝗔 ִ 𝐍𝗜𝕵𝐈𝗞𝐔. ݂ ݃.,38,ㅤ 𝕭𝐘: @yourgachiakuta ㅤ 𝗖𝐑: mi_mik0o on x
pikomopuama,channel,森山理子[Riko Moriyama],31,Насчет вп:@Sas3457
gavkalkao,channel,˗ˏˋгавгав,18,
youngcomfort,channel,( 若い ) : page.comfort,21,
sanegiyuuobagiyuu_alwaysforever,channel,【~ᴘɪʟʟᴀʀ's sᴇᴄʀᴇᴛ ɢᴀʀᴅᴇɴ~】,3,ᴘᴀɪʀɪɴɢs : sᴀɴᴇᴍɪ x ɢɪʏᴜᴜ ɢɪʏᴜᴜ x sᴀɴᴇᴍɪ ᴏʙᴀɴᴀɪ x ɢɪʏᴜᴜ ɢɪʏᴜᴜ x ᴏʙᴀɴᴀɪ
fisherman_on_the_black_sea,channel,Rockfishing on the Black Sea🐟,154,"Ссылка на чат канала https://t.me/hat_fisherman_on_the_black_sea БУДУ РАД ВСЕМ, КТО ПОДПИШИТСЯ!  ТУТ БУДУТ: Рыболовные секреты Отчеты Где и на что ловить Что сейчас ловится!"
oceans_review,channel,[ocean's]: reviewing,185,"С контентщика Web2 —> крутильщика Web3.   Пишу об интересных проектах, твиттере, WL на NFT; делюсь мыслями по рынку.   Пожаловаться, похвалить, поплакать — @agilsha_510.   А также мой твиттер! http://x.com/Sephymiya  Чат — https://t.me/+eulRE8Bb9lMzYzhi"
sailstaatenlos,channel,Staatenlos Sailing,944,Taxation is Theft  - Perpetual Traveling the World Oceans  sailstaatenlos@gmail.com
latipovsblog,channel,Latipov,3189,Финансы и экономика  O'zbek tilida — https://t.me/latipovuzb  Для связи – @contactajournalist_bot /  https://www.linkedin.com/in/shukhrat-latipov
polyeducation,channel,Математика с Тиной,257,Всем привет!  Меня зовут Тина и я готовлю к ЕГЭ и ОГЭ по математике🫶  Я сдала математику на 100 баллов и уже 7 лет помогаю ребятам достигнуть своих крутых результатов  Написать в тг - @polyeduSupport Написать в WA - https://wa.me/message/EU3OILNY2Q3TK1
gewolution,channel,📢 one solution GEWolution,217,📢 Kritik · Praxis · Utopien  🗓 17.05. - 20.05.2024 📍 Erkner (bei Berlin) ✊️ GEW-Mitglieder unter 35
air_in_the_city,channel,Воздух в большом городе,181,Канал о среде обитания людей. Главная тема - качество воздуха в Бишкеке и не только.  Обратная связь в комментариях или лично: @pavel_isayenko
lenpravda1917,channel,Ленинградская Правда,165,"Редакция ""Ленинградская Правда"", является Телеграмм каналом, который освещает события города героя Ленинграда.   Антиревизионисткое объединение: https://t.me/antirevision1917  Хочешь присоединиться? Пиши сюда товарищ!  https://t.me/+DFVomuh8ia0wZmMx"
clean_the_brain,channel,پاکسازی مغز از سموم,2244,@mnpi1 @clean_the_brain
okeanstom,channel,ОКЕАН печатает …,371,Стоматологическая клиника
chatanchat,group,💬чатАНчат💬,73,💘ОСНОВНОЙ КАНАЛ💘 https://t.me/ANchat  💝ТОТ САМЫЙ ЧАТ💝 @ANchattingforyou_bot
cleanchannels,channel,Чистые Каналы | Переходник,18,
znachkizelen,channel,Значки от зелени🌱_,30,"Йоу, не беспокойтесь, мол ""мои картинки кринж"". Мне всё равно что вы хотите видеть на значке 😇🌿"
wwclean_fotorabot,channel,Пример работ WWClean,9,
cerclefanchat,group,Чат «Серкль Брюгге»,8,
wc124_bot,bot,Экологический Сервис,,За чистую экологию и чистые туалеты - в Красноярске с 1998 года!  Наш информационный канал: @wc124_channel
womanchat,group,Женский Чат,,
wewashh_bot,bot,"Прачечная ""WeWash""",,
ww_searching_bot,bot,Бот для поиска каналов и чатов,,"⚡️ WWSearch | Бот для поиска каналов, чатов и ботов в Telegram📱   Связь: @ssiluett"
wclinic_bot,bot,Помощник W Clinic,,"Клиника для взрослых и детей. Ценим ваше время, на связи ежедневно с 09:00 до 21:00. @wclinicpro / @w_deti"
washlinbot,bot,washlinbot,,
whitechain_funding_bot,bot,Whitechain Funding Bot,,This is the official Whitechain Funding Bot! Get some WBT and execute transactions on Whitechain free of charge.
keepcleanofficial_bot,bot,KeepClean-Official,,
rs_otaonalar,channel,Lokomotiv | Rahimov School,1517,@RahimovSchool Lokomotiv filiali ota-onalar kanali  Admin / jamoa bilan bog'lanish: @rahimovschool_admin   Ichki raqam: 78 113-0006
koleno1000,channel,1000-колено,185,Well well well well... absolutely NOT!!!
eunj1kangcov,channel,@ 、𝓔μη𝓳𝓲 ° （ 🎞️ ) *。,253,true wonyoung  по всем вопросам писать в анон — @euneunanonbot arch — @eunarchsongs оформление- @portmysiph
xaya_en,group,XAYA,1195,BEWARE OF FAKE ADMINS  Website : https://xaya.io Medium : https://medium.com/@XAYA Twitter : https://twitter.com/XAYA_tech Bitcointalk : https://bitcointalk.org/index.php?topic=1784048.0
enyadreamy,channel,enyadreamy,636,"photographer, prod • inst: enyadreamy Msk / Saint-P связь: @upgradenya"
p_enya22,channel,p_enya,55,"чувствуя мир  что-то не совсем профессиональное, но очень важное. сама жизнь."
essa_kca,channel,➑ 𝑬ѕ𝒔α ࣪ ˖ 🩵,9,ʜσɞыū сσⲗσ-𐐼ρmuсm с ʜϱʒ𐐼ɞuсuɱσū 𐐼mɱσсϕϱρσū υ κρ𐐼сuɞыɱ ɱϱⲗσguɥʜыɱ ⲅσⲗσсσɱ …
yena_echox,channel,Йена (ECHO:X),8,
ydych1keblan,channel,YDYCH BASTION,11,КАНАЛГАВНА ydych ydych1k САНЖАЙ
streamlineent,channel,𐍃𐍄𐍂𐌴𐌳𐌼𐍰𐌹𐌽𐌴 [🩵] 𐌴𐌽𐍄,2,
l4bvl,channel,27,100,
broooowngdhsh,channel,𝐽𝑎𝑐𝑜𝑏 𝐵𝑟𝑜𝑤𝑛,16,Игрок Бремена  17 лет   Воспитаник и в прошлом капитан Панкека   Игрок сборной Нидерланды
l2c1x1com,channel,L2C1x1: Info Channel,12,Website: https://l2c1x1.com Telegram group: @l2c1x1_chat
lbs4ever,channel,.,1,
greencallsgem,channel,𝗚𝗥𝗘𝗘𝗡𝗖𝗔𝗟𝗟𝗦𝗚𝗘𝗠🍀,2644,"This channel promotes bsc, eth and sol projects since 2021. We provide potential tokens and also doing whitelist giveaways for our members sometimes, still dyor!  For any calls/promotions & collaborations dm @GreenCallsOwner ✓"
greench3f,channel,اضطرابری فروشی,283,‎                      @LETMEKISSUBOT
reanima_green,group,reANIMAция,534,reANIMAции души и тела. Мастерская твоей реальности. https://animagreen.ru
girls_und_tee,channel,🇬🇧 Saint Gloriana High School 🇬🇧,308,Творчество по GuP (St. Gloriana)
nsknewsinfo,channel,Новосибирские новости,3899,"Хорошие новости о любимом городе — nsknews.info  Если Telegram не работает, читать Новосибирские новости можно в VK https://vk.ru/nsknovosti или в МАХ https://max.ru/nsknovosti"
novosibirsx,channel,Новосибирск,2404,Столица Сибири  По рекламе и любым вопросам пишите @MaximTg либо в бота @gorodetskybot
sexnsk3,channel,Встречи Нск,781,"Эта группа не содержит противоправной информации, а так же, информации запрещённой на территории РФ. Предназначена для аудитории 18+  Теги: sexnsk, sexnsk live, секс Нск лайв знакомства, закрытый чат Новосибирска."
zolotoshvei_official,channel,zolotoshvei.official,852,Официальный Telegram-канал фабрики «Торжокские золотошвеи»   🔹Оформить заказ Вы можете самостоятельно в нашем интернет-магазине или написав менеджеру в WhatsApp на номер 89157468583  Подписывайтесь на нас ВКонтакте https://vk.com/torzhokskie.zolotoshvei
strykerapp,channel,ZalexDev Blog,4746,Just a developer | zalexdev.com
smartclubb,channel,آکادمی آموزشی و مشاوره تحصیلی SMART,3652,اولین آکادمی تحصیلی هوشمند و دیجیتال👩‍💻  تخصص ما رسوندن به هدفت در سریعترین زمان ممکنه😉 ▪️مشاوره نهم تا کنکور(تجربی-ریاضی-انسانی) ▫️دوره ▪️کلاس و تدریس ▫️جزوه ارتباط با ما: @smartclubsupport پیج اینستاگرام: smartclub__ 📍تهران-پاسداران
smartplacesprotocol,group,SmartPlaces,473,🦄 We're building a marketplace of human moments | Multichain geobased SocialFi network with built-in AR  Check us out 🔽 → https://go.smartplaces.io → https://map.smartplaces.io  → x.com/smartplacesX
dew1lyyy,channel,DEW1LY,368,Сотрудничество-> @dew1ly_manag
rabotavdm,channel,Работа в Детском мире,67,"#ДМзначитДляМеня  Работа в Детском мире для тех, кто любит детство и в душе остается ребенком.   В нашем сообществе мы рассказываем реальные истории сотрудников, даем полезные материалы и показываем, чем живет крупнейший ритейлер в детском сегменте."
blueprint_gram,channel,Blue Print -Gram|$FX News🌐,14166,"Welcome to BlueprintGram – your trusted destination for everything technology, innovation, and the digital future."
sosyalextra,channel,Extra Resmi,808,Güncel Giriş: trackotobt.com/xMkb
onulteriorwaves,channel,ExN | Новости Укрытого моря,137,"Новости первой торгово-авантюрной Ру-НРИ (ukrytoemore.ru), а также опросы и всякое | чат живёт тут – https://t.me/+ktMBt75xiKwzY2Yy"
zuragram,channel,placeholder,176,
xyragram,channel,🚀 XyraGram,8,
escapizmlao,channel,Эскапизм,97,"О нейронках, тавернах, тавах и вообще."
exrczroms,channel,buildbot exerczz1.,75,
wibecoderplugins,channel,ebaln plugins,64,exteragram wibecoded plugins
vanilllaport,channel,𝗋𝖾𝗀𝗂𝗌𝗍𝗋𝖺𝗍𝗂𝗈𝗇 𝖿𝗈𝗋 𝗒𝗈𝗎 || 𝗏𝖺𝗇𝗂𝗅𝗅𝗅𝖺'𝗌 𝗉𝗈𝗋𝗍 🤎,74,заказы открыты!! мое лс @vanilllian
vanillakeyofficial,channel,Vanilla Key,1093,
vagr_chat,group,VAG | NITRO / MemeToken Chat,236,Official chat - @btc_hotel Dev - @crypto_hellp
vanillafama,channel,𝔙𝔞𝔫𝔦𝔩𝔩𝔞 𝔉𝔞𝔪𝔞 : ̗̀➛✨,153,Привет лапуля. Я Ванильный Фама! Располагайся тут) @HaulSama (мой ЮЗ для связи)
furryvalleyvanillagay,channel,Furry Valley Vanilla (Gay),2963,
lerafunny2,channel,ЛЕРА ФИЛИМОНОВА с заботой о тебе ✨@lerafunny,1133,"Лайфхаки на каждый день: практики из фитнес терапии, телесная психология, остеопатия. ➡️Инст/тг @lerafunny"
kos_liliy_moskva,channel,Лилия косметолог,174,Лилия 👩🏻‍⚕️ 📠🔬Аппаратная косметология 💉👩‍⚕️ 🔷чистка/пилинг  💉мезо/био  👄губы   💉Нитевой лифтинг  💉Липолитики 💉коррекция фигуры   👄Контурная пластика 💉ботокс 📞 НОМЕР +7 965 449 0416 https://www.instagram.com/liliaa_cosmetologigsh
tutpolubvi,channel,по любви🤍🧸,219,
cosmetology_clinic_pfbeauty,channel,Косметологическая клиника PF&BEAUTY,466,"Клиника косметологии в Санкт-Петербурге🫦PF & BEAUTY  ▫️Эстетическая, инъекционная и аппаратная косметология;    ЗАПИСЬ⬇️ https://b847612.yclients.com"
nanoclinickhv,channel,НАНО КЛИНИК | центр инновационной медицины и косметологии,186,Косметолог | невролог | терапевт | реабилитация | Хабаровск  - клиническая база кафедры ДВГМУ - глав. врач Ни Александра Сергеевна
ecozhm,group,ЭКО Жилмассив РСО ♻️,247,Цель этой группы - формирование экологической культуры населения. Здесь будет собрана вся необходимая информация по сортировке вторсырья ♻️  🏢 Адрес: Иркутский тракт 185 (вход со двора)  🗓 Работаем каждое воскресенье с 12:00 до 14:00
seo_up,channel,SEO продвижение для WB и OZON,115,"Консультации по SEO оптимизации карточек товаров маркетплейсов  🔺SEO продвижение на Wildberries, Ozon 🔺Запуск рекламы на WB и OZON 🔺Длительное ведение карточек товара на маркетплейсах   Записаться/вопросы: @shilgen_seo"
museums_lenobl,channel,Музейное агентство,693,24 музея в Ленинградской области и выставочный зал в Петербурге https://www.lenoblmus.ru/
lenote,channel,LE NOTE,662,"Canal d’excellence géré par un esprit éveillé, ici on parle de manga ainsi que de nombreux autres sujets dans la passion et la bonne humeur."
lenoblstori,channel,ЛенОбл в камне и времени,74,"Канал о красоте, истории и загадках Ленинградской области."
whotoblast,channel,whoto,100,comms open  VK: https://vk.com/whootoo Twitter:  https://x.com/whooooooooto
gatchina_main,channel,Гатчинский | Главный,51,"Всё о самом главном, что происходит в Гатчинском районе  Головной канал по всей Ленобласти - @lenoblast_main"
slancy_main,channel,Сланцевский | Главный,34,"Самое главное о том, что происходит в Сланцевском районе  Головной канал по всей Ленобласти - @lenoblast_main"
vyborg_main,channel,Выборгский ЛО | Главный,31,"Самое главное о том, что происходит в Выборгском районе  Головной канал по всей Ленобласти - @lenoblast_main"
lsslsdv,channel,психсити #ЯДОЛБОЕБ,37,аутист вайб и изгойская аура
kirovsklo_main,channel,Кировский ЛО | Главный,26,"Самое главное о том, что происходит в Кировском районе  Головной канал по всей Ленобласти - @lenoblast_main"
lanoireconf,channel,L.A. Noire confession !,11,бот для тейков — @lanoireconf_bot
arhoblast,channel,Попутчики Архангельской области,15,
lenkimo_bot,bot,伦子,,伦子 Bot 基于 LenBooru AI，旨在总结用以“描述”图片的 tag，帮助你更好的搜索与溯源图片。目前仍在不断开发改进当中。
lenkacodebot,bot,LenAI - Živý prostor pro změnu,,
lenkagaminetakebot,bot,Len's confession bot ྀི,,Бот принадлежит t.me/lenconfession
shedletskyeblan_bot,bot,Don't write to me,,
lenoblmus,channel,lenoblmus,2,
lenasobol_bot,bot,lenasobol,,
myleesol_bot,bot,Leesol's lover,,@TrueLeesol1 Leesol's lover
ai_lebed_bot,bot,Leb AI | Neuro,,Загрузи 10 своих фото и я создам из них целую фотосессию 📸 Поддержка: @kniazev_roman
ladyairbot,bot,shayesteh,,
l2_last,channel,l2_last,3,
thestar_anonbot,bot,𝐴𝑁𝑂𝑁 𝐾𝐻𝑇 𝑇𝐻𝐸 𝑆𝑇𝐴𝑅,,
codehelpflutter,group,CodeHelp : Flutter,3316,Welcome to CodeHelp Flutter Discussion !!! Initiative by Love Babbar 😁  Video every alternate Day   GFG DSA Coupon code - LOVEDSASP GFG TCS Pack - LOVETCSGFG
flutter_community,group,جامعه فلاتر فارسی,897,جامعه فلاتر فارسی  Web Site: persianflutter.com  Telegram Channel: @persian_flutter  Youtube: youtube.com/@PersianFlutter  Twitter: twitter.com/PersianFlutter
cluster_up,channel,CLUSTER,306,Развитие переспектив в креативной среде
todayinindia,channel,Today In India,1025,Today In Nation (India🇮🇳) Everyday's update on what happened in India. On Time. Zero Clutter 📰
flutter_react_native_job,channel,"Вакансии Flutter, React Native разработчиков",830,💼 Разместить вакансию/резюме через бот: @it_jobs_resumes_bot Контакты https://t.me/Deniskuprin
flutter_firebase_kerala,group,FlutterFirebase Kerala,415,
clutchcyber,channel,clutch,135,
bar_cluster_ats,channel,Барный кластер АТС,228,"Барный кластер в креативном кластере АТС @ats_nekrasova - новый центр барной культуры Петербурга! 🍸  Ул. Некрасова, 3-5"
mrcryptomonop,channel,Mr Crypto Monop,16037,"Авторский канал квалифицированного инвестора о заработке на цифровых активах.  Основан в 2019.  Клуб Монополистов > набор закрыт   ЛС: @MrCryptoMon  *Информация в канале не является финансовой рекомендацией, только личный опыт."
sunpumpmigrations,channel,SunPump Migrated,1411,Made by @Frensdly
monarhk,channel,Монарх К,241,
monansk,group,🎮 MONA: Чат для ценителей видеоигр,165,
moon_gems,channel,Moon Pump 💎,125,🎯 Daily Pumps  🎯 New hidden gems 🎯 10x daily profit 🎯 Good project  🎯 Low caps  🔰For marketing purposes Dm me : @moongemsadmin   ®Not Financial Advise
lunarpumpfun,channel,LunarPump.Fun,49,The Worlds Best Multi-Chain Token Launcher
airdropmood,channel,Airdrop Mood,48,Review and validate existing airdrops for publication 🔍  بررسی و اعتبارسنجی ایردراپ‌های موجود برای انتشار 🔎
mofuonmonad,group,Mofuverse,53,
jeavplants4at,group,Продажный чат растений🪴,5697,"Добро пожаловать в уютную Болталку, Вопросилку и Продавалку 😁  Обратная связь ✅ Анастасия @AnastasiyaZharkova Елена @Lenka_Borisova Виктория @victoriasergeevna22 Юлия @Stmilova"
goodgiftlibrary,channel,麻味书屋,8828,智慧無價 · 無盈利公益頻道  转载请注明来源  資源來源網絡，僅供參考學習，下載後24小時內及時刪除  整理不易，感谢你的理解与支持🙏  #书籍 #电子书 #图书馆 #PDF
leaftoken,group,LEAFtoken,71,Follow our channel: @LEAFtokenNews  Need more info? Read this article: https://telegra.ph/LEAFtoken-03-11  Add our stickerpack! https://t.me/addstickers/LEAFtoken
leaf41,channel,🌳LeaF🌳,292,Я не выйду.
newleaffinance,channel,New Leaf Finance & JADE AI,221,Empowering the future of DeFi with tokenized Real-World Assets (RWA) and Decentralized Physical Infrastructure Networks (DePIN). 🚀  JADE AI Token Live  - $NLF Token Launching Soon www.newleaf.finance
leafdesigns,channel,Leaf Designs™,803,Find here some cool stuffs for customizing your phone.  Announcement Channel  Website  leaf-designs.web.app  Owner @SachinXpert Wallpapers @walltrap  Quality Work
coorestcommunityenglish,group,Coorest | Community (English),1197,Welcome to Coorest English Telegram Community! 🌳🌍  Linktree: https://t.co/PnWjxFqwpF
voyagedv,channel,Билеты и туры для Дальнего Востока и Сибири,287,"Дешёвые авиабилеты и отели, горящие туры — только для дальневосточников  Мы регулярно публикуем новости о скидках от авиакомпаний, советы для самостоятельных путешествий и много полезной информации.  Подписывайся и приглашай друзей!"
voyah_adrive_voronezh,channel,VOYAH Центр Воронеж,85,Официальный дилер VOYAH в Воронеже  🔹Премиальные интеллектуальные электромобили  График работы: Пн-Пт 9.00-20.00 Сб-Вс 9.00-18.00 тел.: +7 (473) 233-20-03
voyagergerger,channel,Timur Lartsev | Planespotting,210,"Авиаспоттер и астрофотограф из Южно-Сахалинска  © Timur Lartsev, all rights reserved"
vedosha,channel,Ведоша • НеобыЧАЙный Натуропат,55,✿ Обнимательный блог с нотками дикой природы ✿ Философский мир коуча натуропата ✿ Ботанический чай ✿ Жизненная сила и Энергия ✿ Чайная эстетика ❥ Повышение качества жизни
porschecenterrublevsky,channel,Порше Центр Рублевский,406,"t.me/sportcarracing  ▫️Официальный дилер Porsche, Voyah, Benelli, QJ ▫️13.000 м² премиальных автомобилей и мотоциклов ▫️Сертифицированный сервис   📍г.Москва, 61-й км МКАД, с.1 📞 +7(495) 999-11-11  АО ""Спорткар-Центр"" ИНН 7714179483 ОГРН 1027739130220"
trend_parts,channel,Trend-Parts,372,"Надёжный поставщик запасных частей и аксессуаров для для китайских и европейских автомобилей:  Lixiang, ZEEKR, Voyah, Porsche, Audi, VW, VAG. 📞 +7 901 720-95-52 | 📍 Москва, ул. Островная, д. 2 ✉️ sales@trend-parts.ru | 🌐 trend-parts.ru"
autosalevladivostok,channel,AutoSaleVl,2302,"Автомобили в наличии и под заказ из  🇯🇵Японии, 🇰🇷Южной Кореи и 🇨🇳Китая   Контакты наших менеджеров:  💬 @Boomermost - Александр 💬 @autosalevl - Василий  📍Мы находимся по адресу: г. Владивосток, ул. Нейбута, 87А.ст6. Стоянка ЗЕЛЕНЫЙ УГОЛ"
smhru,channel,Somanyhorses.ru | Автомобильный журнал,702,
zvuk_na_stile_news,channel,"""Звук на стиле"" Live News 🔊",177,"Фото, видео в живом формате. Контент без постов)"
turnirotzeekr,channel,Турниры от zeekr❣️,412,"Если пишет ""Выполнить действие не удалось"", жмите на три точки - открыть в браузере  👤Владелец: @Mirrox17  💭Чат для общении – ZeekrChatBs.t.me  💭Отзывы – OtzyvyPublychnoe.t.me 💸Прайс – PriceMirrox.t.me 👩‍💻Как сыграть в турнир? – guideMirrox.t.me"
techvectoraplus,channel,ТехноВектор А+,206,"Мы продаем уверенность, надежность и харизму инженерной мысли  Официальный сайт - aplus-charisma.ru"
smavtokrd,channel,СМ-АВТО,327,"Что мы предлагаем:  ▪️Автомобили из Южной Кореи, Китая, ОАЭ, Европы ▪️Автозапчасти в наличии и под заказ ▪️Собственный автосервис - ремонт и обслуживание   🕹 INSTAGRAM: smavto_krd  📍 Тургеневское шоссе 14/3"
himright,channel,клаудов,92,No refund   @jugguser
ne_benzin,channel,Не Бензин - электромобили и сервис,93,"Новости, наблюдения, интересные факты, публичный канал СТО электромобилей и гибридов ""Не Бензин"" - https://nebenzin.ru"
news4x4_wr,channel,WR RADAR 4x4,39,"Главные новости мира внедорожников, тюнинга и экспедиций. Новинки, обзоры, технологии и самые интересные проекты со всего мира."
nissanuzbekistan,channel,Nissan Uzbekistan,187,"""PREMIUM AUTO"" - официальный дистрибьютор Nissan в Узбекистане.   🔹Гарантия до 3 лет 🔹Сервисный центр Nissan 🔹Отдел оригинальных   Онлайн-консультант: @nissan_uzb 📞+998 55 502 88 77 📱+998 90 015 88 77  🌐www.nissan.uz"
avtoinvest54,channel,АВТОВРАССРОЧКУ.РФ,14521,
nissangtr50,channel,Nissan GT-R,1479,
nissaninfinitinews,channel,Nissan Infiniti news,75,"По вопросам ремонта и ТО, обращайтесь  👉 @nissanmos"
nissan_nn_motors,channel,Nissan_nn_motors,14,
nissanleafby,group,Nissan Leaf 🍃 BY,586,Все об электромобилях и не только …
nissan_env200_chat,group,MY E-NV200,437,Полезные материалы  https://t.me/Nissan_eNV200_chat/27  Другие электромобили @nissanleafcomchat - Nissan Leaf @Mitsubishi_iMiEV_Chat - iMiEV  Администрация канала - @Anonim87
xtrail_carifan,channel,Ремонт и тюнинг Nissan X-Trail II (t31),616,"Канал про NNissan X-Trail II (t31). Здесь полезные лайфхаки, новости, инфа по крутому тюнингу, номера запчастей и ответы на ваши вопросы  По вопросам сотрудничества @Kondrnikolay"
autotrend27,channel,АВТО TREND 27🇯🇵🇰🇷🇨🇳,1344,"АВТО ИЗ ЯПОНИИ🇯🇵Ю. КОРЕИ 🇰🇷КИТАЯ🇨🇳 📞8 909 822 25 35 - Никита 📞8 963 563 17 73 - Максим 🔴Авто из Японии, Ю.Кореи, Китая 🔴Отправляем по всей РФ🇷🇺"
ogr333,group,Правые Запасная,95,"Кто не хочет кормить свою армию, теперь будет кормить чужую  https://t.me/RusPravZap"
autocapitalru,channel,Автокапитал резервный,137,
amurskiizov,channel,Амурский ZOV,137,"“Амурский ZOV” 🇷🇺🪖  Любое участие ценно. Закупаем всё необходимое нашим защитникам.   Реквизиты для поддержки: 8-914-385-69-57 (Оксана Т., Т-банк) с пометкой «СВО»"
rezervikzz,channel,rezervıkz 👋,130,связь: @on_i_on
linguokey_com,group,LinguoKey,84,Это группа поддержки приложения LinguoKey -  тренажера словарного запаса иностранных языков.
