mahmoud_alhr,channel,مَحْمُودُ الحَرَارِي,114,ُذَوُ ٱلْعَقْلِ يَشْقَىٰ فِي ٱلنَّعِيمِ بِعَقْلِهِ، وَأَخُو ٱلْجَهَالَةِ فِي ٱلشَّقَاوَةِ يَنْعَمُ  @Mahmoud_Alharari
igdetails,channel,IG: Хоккей в цифрах,646,"Цифры, статистика, инсайды, скаутские заметки - Искандер Галиев  Связь: @red_naxii"
numerologolgaglim,channel,Нумеролог-коуч Ольга Глимбоцкая,513,О цифрах и их влиянии на нашу жизнь! По всем вопросам пишите @OlgaGlimbotskaia  Отзывы: https://t.me/+bC0kLfSqkL5lN2Fi
dinigaastrading,channel,Dinigaas Trading S.C official,2952,
findri_cosp,channel,Findri_,700,•Группа ВК https://vk.com/findri_doll •Отзывы https://vk.com/topic-119553586_36334490
deveedas,channel,دِوییداس.,1065,به دستور اداره محترم اماکن از پذیرش افراد بی ناموس معذوریم.
dosiiiiiiiiiik,channel,Дошииик (^3^)/ Щп,159,Не знаю что тут писать 🤧💞 тут просто будут скетчики Основа: https://t.me/DOSHILOVE
dashokpirozhokqq,channel,доша рулит,53,попа
dabissoul,channel,ʍᴀriᴇdᴀʙi lᴏvᴇrs’ lᴀnᴇ,39,"ʍᴇ ᴀnd ʍy husʙᴀnd, wᴇ’rᴇ dᴏing ʙᴇᴛᴛᴇr 。。"
ubs_hospitali,channel,UBS Hospital | Rasmiy,182,Namangan shahridagi UBS Hospital klinikasi rasmiy telegram kanali  Malakali mutaxassislardan yuqori sifatli tibbiy xizmat!  📞 Qabulga yozilish:  @UBSHospitalBot +998 95 517 26 26 +998 95 517 25 25
goldenlily_khv,channel,Драгоценная Лилия,263,"💎ЮВЕЛИРНЫЙ САЛОН💎  🌍Лучшие производители со всего мира 💍Изготовление изделий на заказ  💯Гарантия  💸Рассрочка и кредит - без переплат  г. Хабаровск, ул. Павла Морозова, 113 (ЖК «Парус»)  Наш сайт: https://thegoldenlily.ru    📞 8-929-408-65-05"
wild_gold_jewelry,channel,Ювелир Дмитрий Кормильцев,146,Ювелирная мастерская - опыт работы более 20 лет - делаю незабываемые украшения - высокое качество по честным ценам - доставка по всей России
pallajewerly,channel,ALLA PAKHOMOVA JEWERLY УКРАШЕНИЯ,132,"Не бижутерия!   • драгоценные металлы • сакральный смысл • энергия • чувство  Мы здесь: https://linku.su/qjzwvrqkdv    для ценителей аутентичных коллекций и силы, дарованной нам природой"
bolsherjew,channel,bolsher,122,Мы создаем по истине эксклюзивные украшения! Здесь Вы можете увидеть как рождаются искусство и перфекционизм!
ksiasbbiser345,channel,наличие 선우 ° ᱖ 𝒌𝒔𝒊𝒂𝒔 ! ¡ ⋆🍓 | 𝑗𝑒𝑤𝑒𝑙𝑟𝑦 | 𝑦𝑘р𝑎ш𝑒н𝑢я - - ۶ৎ,148,Здесь будут все украшения из наличия Основной канал: https://t.me/ksiasbiser345 Лс: @LequtAll
brelokilol,channel,Брелоки через AliExpress,20,(⁠ ͡⁠°⁠ᴥ⁠ ͡⁠°⁠ ⁠ʋ⁠)
myamazing_candlesjewelery,channel,Candles & Jewelery 🧸✨🎧,21,
magic_circlestore,channel,making magic • store,31,"🤍🪬 украшения, которые меняют жизнь."
ayeliseyevdesign,channel,А.Елисеев Дизайн,83,"Аэрография, лазерная резка, дизайн. Портфолио и образцы выполненных работ.  Для заказа проекта обращайтесь к @Alex_Yeliseyev"
bazilikxd003,channel,Полурест! Базилик икс ди,94,
alari_cheb,channel,Lari_cheb,63,"Украшения ручной работы Браслеты, Серьги, Колье, Сотуары,Чокеры ▫️из натуральных  и искуственных камней ▫️индивидуальный подход"
malvinasstall,channel,🍥✧̣̩⋆̩☽⋆Ларек Мальвины.⋅۵♡۵⋅.🪽,10,Здравствуйте! Я только начинаю делать бижутерию и обвесы! Коплю на мечту - косплей :)
otzbiser,channel,Отзывы ୨♡୧⋆ 𝙱𝙸𝚂𝙴𝚁𝙺𝙰 ⋆ ୨♡ ୧,5,
zazerkaleay,channel,Зазеркалье,8,По ту сторону зеркала собираю для вас по кусочкам ваши любимые миры💫  Мой тт: https://www.tiktok.com/@zazerkalye_kris?_r=1&_t=ZM-935hecw9oXj
janelissotzv,channel,Отзывы,6,
tovariame,channel,°·✧товары✧·°,5,"товары в наличии, которые можно приобрести от магазина https://t.me/AMELIX_SHOP"
bywwaizuu,channel,no brand,3,
qashqadaryo_adabiymuhiti,group,YOZUVCHILAR UYUSHMASI QASHQADARYO VILOYATI BO'LIMI (RASMIY GURUH),44,Мазкур канал Ўзбекистон Ёзувчилар уюшмаси Қашқадарё вилояти бўлими расмий гурухи  Расмий канал: https://t.me/qashqadaryo_adabiyoti
qashqadaryopress,channel,Qashqadaryo Press,20,Қашқадарёликлар учун ташкил этилган махсус телеграм канал!  Қашқадарё вилояти ва юртимиз ҳаётига оид энг сўнги янгиликлар ва кўнгил очар лавҳалар бизнинг каналда!
eslatma_nasiba,channel,ЭСЛАТМА📗,99,Ўзимга эслатма⏰
sms1625,channel,𝓢𝓮𝓿𝓰𝓲𝓵𝓲𝓶𝓰𝓪❤️,164,Tasodif emasding alloh seni men uchun berdi...
nimasini_aytasan,channel,Nimasini Aytasan,221,Qalbga yetib borguncha...🫀    9-mart 2023 @Bobomurod_o27
ogggg26,channel,فَذكَّر,54,
dovudxonishqiy,channel,🪷 Dovudxon Ishqiy 🪷,54,"Оллоҳ томон йўл, инсонлар орқали ўтади. (Довудхон Ишқий)  Шамс Табризий блоги: @Tabrizlik_Shams"
tssaamaa,channel,s’,48,🦦
riharushi,channel,猫日記 // harushi.⁺˚♪,70,анонимка: @rifixon_bot ютуб канал: https://youtube.com/@harusshii?si=wtYEjXWalAa8OMZA  вк: https://vk.com/haru_shi
eichilol,channel,Блуши на связи,32,Пришла из https://t.me/+K5DNyLNyZPtlMGYy
vaneshishcn,channel,⚞ दूध Vaneshi selfplace ৎ 🥛 ̼ ೀ۫,5,
okrhome,channel,OKR.HOME,593,
byubimi,channel,𝒷𝖾 𝗒𝑜𝗎 ❁ 𝓫𝙚 𝒎𝙚,198,"𐙚⭑  un jɑrdin n'ɑ pɑs besoin d'impressionner, il doit simplement être ɑccueillɑnt   .ᐟ.  ᅟᅟᅟᅟᅟᅟ"
samtulpan,channel,SamTulpan,157,"🌷 Премиум-тюльпаны 50+ см к 8 марта. Бутон 6+ см, выгонка Samara Hydroponics. 📦 Самовывоз / 🚗 доставка по Самаре. 💬 Вопросы — @SamTulpan_chat 🤖 Заказы - @Buzsan"
cool_yoma,channel,кулöма,100,"Блог неудачниц и неудачников, а также внезапные мероприятия от кулöм и - совсем скоро - пространство в Новосибирске 🍅  inst: https://www.instagram.com/cool_yoma?igsh=bDN3cmlqeXM2Z2hp"
petalasdetulipa,channel,ㅤ𝒇𝖺𝗂𝗋𝗒'𝗌 𝓹𝗅𝖺𝖼𝖾 ،✿,130,ㅤ ㅤ ㅤ· · ─ ·✶· ─ · · 𝖼𝗈𝗆𝗈 𝗉𝗈𝖽𝖾 𝗎𝗆𝖺  𝒇𝖺𝖽𝖺 𝗍ã𝗈 𝗉𝖾𝗊𝗎𝖾𝗇𝖺 ㅤ✿ㅤ 𝗍𝖾𝗋 𝗎𝗆  𝓳𝓪𝓻𝓭𝓲𝓶  𝗍ã𝗈 𝗀𝗋𝖺𝗇𝖽𝖾 ㅤ𝖼𝖺𝖻𝖾𝗇𝖽𝗈 𝖾𝗆 𝗌𝖾𝗎 𝖼𝗈𝗋𝖺çã𝗈 Ꮺ
but_tip,channel,Milada барев ахпер,,
amal3_bot,bot,تواصل 📥🌷 tulip 🌷📥,,السلام عليكم  معكم 🌷 اداة قناه tulip 🌷 اطرح سؤالك واستفسارتك هنا  سيتم الرد عليك (عند اول فرصه ) ♥️
pieceofpeacebot,bot,الرسالة,,
liwaa_tawhid,channel,قناة | لِوَاءُ التَّوحِيد,36,يفنىٰ العَبادُ ولا تَفنىٰ صنَائِعُهم فَاختَرْ لِنَفْسِكَ مَا يَحلُو بِهِ الأَثَرׁُ .
bullionclub,channel,Bullion Club,4921,זהב וכסף מכל העולם
bullionstar,channel,BullionStar,2030,BullionStar is a Singaporean bullion dealer providing up to date coverage and analysis of the precious metals markets.
belugatookover,channel,$BELUGA Portal,270,
bullstarfinanceglobal,group,BULL STAR FINANCE OFFICIAL 🌐,447,🟢 Bull Star Finance ✅ token dedicated to philanthropy and personal development 🫂 with a special focus on helping children 🍭 and small businesses grow 📊    🔥🔥 1000X SOON 🚀🚀🚀🚀  ➡️ GROUP :  https://t.me/bullstarfinanceglobal
bulleon_announcements,channel,Bulleon Announcements,123,
bullionaireofficial,group,Bullionaires Headquarter,76,
bulldogecryptoofficial2,group,🚀Bull Doge Token Official🚀,190,"Welcome to the Most Bullish Doge Project in all of Crypto!! BullDoge!! 🚀🐕🚀🌙  https://bull-doge.finance  🔥Great Tokenomics🔥   1,000,000,000,000,000 Total Supply  12% Tax that goes…  ✅7% Back to Holders ✅3% Added to Liquidity  ✅2% Goes to Dog Charity"
buddapropildzen,channel,Буддапропилдзен,193,
babon88_official,group,🔥BABON88🔥,231,"BABON88 Situs Agen Judi Bola, Slot Gacor & Casino Online Terpercaya"
gotradefutures,group,El_Tangonator_Chat,74,"📝Авторский канал о криптовалютах, мои результаты и учеников, сигналы , новости, ЗАРАБАТЫВАЕМ , обмениваемся опытом.  «не инвестиционные советы»  По вопросам @EL_Tangonator"
bulldogs1924,channel,Bulldogs.Moscow,161,
thenextworld_bangladesh,group,The Next World Bangladesh Official🇧🇩,149,🌍World's  #1🥇Blockchain-based Shooter Game-Fi inspired by CallOfDuty. Highly anticipated Battle Royale Combat Zone.  Largest #ShootToEarn on #BSC  Announcement : t.me/thenextworld_ANN Main Telegram: t.me/thenextworldTNW
justiceforreba,channel,REBA CTO Portal,171,
bullcoinerc20,channel,$BULLS PORTAL,162,
ikhakimov1,channel,Илгизәр Депутатович,112,"Әлеге каналда мин көн дәвамында булган бәйрәмнәр белән котлап, үземнем теләкләрне язып барырмын, күзәтегез!"
cloudcoin_bangladesh,group,CloudCoin Bangladesh,94,
sevencoasttourpackages,group,Tour Packages International - Bangalore Bengaluru,60,Are you interested in tour packages domestic or international.  You may join this group  https://t.me/SevenCoastTourPackages  7Coast Holidays 41 1st Main 5th Cross Madiwala Bangalore 68  +91 72 0474 0474
thebullpen,group,The Bullpen ™,93,Viva La Toro Disclaimer: This is not investment advice.  These are only personal opinions and ideas. Always do your own research and only invest solely based on your own findings and personal judgement.  Link: @thebullpen
jalilovthe,channel,⁣,69,"Диний нарса ёзади дегани узи хам амал қилади дегани эмас, менга булган мехрингиз ошмасин !  https://t.me/justfayoz"
texstella,channel,Оптом Boris Alanna в Донецке цене дешевле чем в Ростове 👍,67,"Оптовая база подушки, одеяло, постельное белье, пледы, полотенца , большой ассортимент."
y_nosochek,group,«Уютный носочек» игра-авантюра,21,
tekstilspb,group,Носки оптом от производителя,22,"Носки, Подушки,Одеяла от производителя www.tekstilspb.ru"
ascomment,channel,AS отзывы,4,Здесь мы можете ознакомиться с отзывами по нашей работе!
nedraprom,channel,НедраПромКомпетенция,100,Мировые рынки и индустрия.  Площадка для корпоративного общения с доступом к иностранной аналитике.   Читайте лучшие материалы в переводе или заказывайте профессиональный перевод статей для глубокой проработки ваших проектов.
zhkneft,channel,Управление ЖКХ администрации Нефтекумского МО,222,"Это официальный канал управления ЖКХ Нефтекумского МО, здесь будет публиковаться рабочие процессы, выполняемые управлением"
ehconomich_strategija,channel,Экономическая стратегия,74,"Проект МЕДИА ГРУПП ""ВЧК-ОГПУ"", связь vchkogpu.ru@gmail.com"
homestuckgrubs,channel,HOMEstuck grubs cf^^,256,аватарку канала сделала @pomtent
landlaw_ir,channel,رویه قضایی زمین,5921,{مدرسه حقوق اراضی و شهرسازی }   [  همایون صدری وکیل پایه یک دادگستری تهران  ] Tel: ۰۹۱۲۷۰۳۷۹۲۹ http://instagram.com/vakil_sadri.ir Email:h.sadri.703@gmail.com @hsadri110
harfagency,channel,رسانه حقوقی حرف,3059,رسانه حقوقی حرف حقوق، رسانه، فناوری  سایت www.harfagency.com  اینستاگرام www.instagram.com/harfagency.ir  لینکدین http://linkedin.com/company/harfagency   ارتباط با ادمین: @afshiinazizii
wikihoghoogh,channel,ویکی حقوق,1034,دانشنامه آنلاین، تخصصی و رایگان ویکی حقوق وابسته به پژوهشکده حقوق و قانون ایران  شماره تماس: ۶۳۸۷۰۰۰۰-۰۲۱ آدرس سایت: Wikihoghoogh.net  ارتباط با روابط عمومی: @Iranian_law_public_relations
mamosta_ivan_mkakaways,channel,Evan.m. kakaways💎,471,‌رَبِّ ‌اجْعَلْنِي ‌مُقِيمَ ‌الصَّلَاةِ  ‌وَمِنْ‌ ذُرِّيَّتِي‌ رَبَّنَا ‌وَتَقَبَّلْ ‌دُعَاء‌ِ 🎀
turkolokum,channel,Türkolokum | Turkish Things Decoding,165,"Türkolokum: Sharing what fascinates me about Turkish language, especially dialects, culture and history. Sometimes funny, sometimes serious, always curious.  Curated by Emma Ardaryan 👀"
hakimovmaratahmedovich,channel,МАРАТ_ХАКИМОВ_TASHKENT,20,Хакимов Марат Ахмедович - г.Ташкент. Родился в г. Чиракчи Кашкадарьинской области 30 марта 1957 года.
osanalitics,channel,OSA - продвижение на маркетплейсах,23,"Полный спектр решений для успешного ведения бизнеса на маркетплейсах.  Наши контакты: 📞+7(966)0708640, +7(937)3773838 📧 osagency@yandex.ru"
lalavla_da,channel,"Влада, как дела?",540,"Читаю КР, SHS, ЛМ Люблю Димку и Люцика  Вопросики - t.me/anonimnyye_voprosy_bot?start=7lk1t  Связаться со мной: @lalavlada  TT: lalavlada_rc"
katarsislyraddikted,channel,рест|katarsis' lyrics addicted,43,
itfrancech,channel,𝔾𝕚𝕒𝕣𝕕𝕚𝕟𝕠 𝕕𝕖𝕚 𝕘𝕚𝕘𝕝𝕚’’ []⚜️,114,
deadly_rate,channel,Deadly rate,94,
hitonmonday,channel,ударить по понедельнику,12,скибиди-хекс мандариновой бомбой  ничего не пропагандирую ни к чему не призываю 18+ на свой страх и риск
xadineeeska,channel,Хадяу’💋,679,
tfygkk,channel,♡Коробка хадя эльфи♡,35,"Тут я буду показывать Арты,  анимацию. https://t.me/+kEwa_k2G2jc4NGRi ссылка на чат"
taha_devlife,channel,Taha.dev,9,Taha world in developing
sendeitirafet,channel,𖤓LOTUS İ𝕋İℝ𝔸𝔽 𝔼𝕋𖤓,74,✨Bir İtirafın Mı Var ?  💌 İtiraflarını Botumuza Gönderin @Siirklinigibot  🌟SAHİP : @HarleyQuiniilay  🌟SAHİP : @BYKRALBEY1  ✨Diğer Kanallarımız: @enguzlekanallar
innetssekairecognize,channel,ПЕРЕХОДНИК аёка ирл мелольд чихило,13,я потеряла старый переходник
fraisesint,channel,ㅤㅤ𝂵ִ۫int's .,4,"Результаты для участников в интерактивах,которые проводила фрэз !"
eschateconf_bot,bot,Бесится тут,,Принадлежит : @EscHate_conf
byoda2r_bot,bot,صحبت با بیبی یودا✨,,
alsohba_bot,bot,Al_Sohba,,
asadov_bot,bot,AsadovBot,,Стихи и миниатюры Эдуарда Асадова. Если вы нашли ошибку в тексте или есть какие-либо вопросы пишите @DesExcile
hourshidbot,bot,هورشید ☀️,,
faida_admin_bot,bot,Админ Фаида | Английский,,
bespredelu_net36_bot,bot,Беспределу.нет36,,Информационный канал по повышению безопасности дорожного движения в Воронежской области.
abusaddamshishanibot,bot,BotAbuSaddamShishani,,"Я бот 🤖 обратной связи с Абу Саддамом Шишани. Нажмите ниже на «Отправить сообщение», чтоб запустить меня."
inehoda_bot,bot,inehoda take,,
ivdel_bot,bot,Беседка Админ,,
poshlipoedimbot,bot,poshlipoedim,,Онлайн-школа Пошли Поедим https://docdrozdova.ru/school
pemoedabot,bot,OFC PEMOEDA,,
guseffgobot,bot,Guseff Go,,"Онлайн-курсы, симуляторы экзамена и парковки, видеоразборы — всё для быстрой и уверенной сдачи на права"
ruatkhoa_bot,bot,Seller mr rùa,,Admin @ruaiosss
artursitaopenmind_bot,bot,Артур Сила Ума | бот,,
di_schaastye_bot,bot,di_schaastye,,
shohadaa2_bot,bot,عبقُ الشّهادة🕊🖤,,اللّهُمَ ارْزُقْني شَهادَةً قَلّ نَظيرُها..🕊️💔
ustiaanonbot,bot,Устя боженька,,https://t.me/mGuyzItsAESPATXT
chaosperfect_bot,bot,ХАОС Совершенства,,
badlistua_bot,bot,badlistua_bot,,Связь с каналом https://t.me/badlistua
huda_72559bot,bot,Huda 7700bot,,
na_bdbotbot,bot,𝐍𝐀𝐁𝐃,,"↳︎ 𝐍𝐀𝐁𝐃 𝐁𝐨𝐭 — Powerful protection, smooth music, and call support • Dev:  @b_h_y  • @N_P_H • @ssssl4 •"
businesshelp_bot,bot,Businesshelp,,
oleksiyrobot,bot,Boltik,,Я просто бот.
wqsteed_bot,bot,،، параметры :﹫‌tsytsda,,،، ࣪ ‌ инструкция как пользоваться ботом ː https://t.me/tsytsda/1749  возникли проблемы? пишите - @wqsteed
nottobay_bot,bot,Nottopay_bot,,
unzerux,channel,UNZERUX,1640,Вопрос/покупка: @streetwearsupport  YT: https://youtube.com/@unzerux TT:  IG: https://instagram.com/unzerux
ulitgrad,channel,Улитград,73,"Общий телеграмм канал Ун и Тёмы, где мы будем публиковать что нам вздумается. Всем хорошего времяпрепровождения 🖖"
yumi_flood005,channel,Рест inf𑄜 𝒴umi ℱl𑄜𑄜d,31,владелец флуда - @Kriss_li12 совладелец - @yimAlenn  начало :: 12.10.2025  ава и баннер - @bonbhelp
uplis,channel,Упоротый Лис,38,Упоротый Лис   Пригласительная ссылка на канал  https://t.me/joinchat/AAAAAEWQMSNSoBfs656eUw  Связь: @strife13
chitazremlunacy,channel,rem lunacy 👽,22,укуси меня пчела  commission's + trade +  request +
uniqueenglishliterature,channel,Unique English Literature,2,"This is my official telegram channel which makes available the most authentic and precious critical study material of English Literature of the world's renowned authors, poets, novelists, essayists and dramatists."
papinirsbot,bot,анон ᴩᴀᴩinirs,,
fl1nttt_bot,bot,попиздим,,
ironiiabot,bot,ироничная анонимка,,
elibarsbot,bot,элибарс анон,,
aurabit_ltd,channel,Aurabit.ai,32,Grow your capital quickly and safely  Group: https://t.me/aurabit_ai Website: https://aurabit.ai Support: https://t.me/Aurabit_support
sobirov777_bonus,channel,SOBIROV777 BONUS 💵,3,
tynyshertis,channel,Тыныш Ертіс,246,әуесқой мұрағат
toto_shh,channel,˚✧perrito fiel,43,"ола, друзья!  я тотоша, тотошка или же тото, как вам больше по душе  косплеер! надеюсь, мое творчество найдет отклик в каждом из вас и будет радовать глаз<3"
tomicband,channel,ТОМИЧ BAND•кавер группа•Томск,137,Закадровая жизнь BAND🔥
tomushek,channel,tomushek,124,za warudo 🗡 @knifezilla
tom_andris,channel,TOMIRIS,63,
tonikswowchannel,channel,Записки Сумашедшего Тоникса,74,Предложка — http://t.me/tonikswowbot Стримы — @tonikswowtwitch Беседа https://t.me/+TsI3cSMSER9kZGUy Inst — https://www.instagram.com/tonikswow Boosty - https://boosty.to/tonikswow Discord - https://discord.com/invite/NyGHjgtprA
toship8,channel,Toshi.p8,68,если боитесь мне написать лично — t.me/anonaskbot?start=user_wewjteupyb 🙃  чат: https://t.me/vakekich77_priomni 😊  отзывы: @sunfl0w1r ❗  @sunflw1r — лс ☺️
tor44ch,channel,୨ৎ ТорЧЧ 💉💤,11,Анон:: http://t.me/anonaskbot?start=dg5ry74 Он/она Начало:: 19.06.26
toskainfo,channel,୨ ᅟ ﹫𝒯𝒐𝒔𝒌𝒂 . . 📩,10,
oqypkorr,channel,oqyp kör,179,Келдім қайдан? Нетсем пайдам?  Өлгеннен соң не болам?
mingdardga_davo,group,🌱Минг Дардга Даво🌱,17,"Хуш Келибсизлар! Бизда барча табиий🌱даволовчи махсулотлар бор✔️. Энг олий ўртаер денгизида🌊етиштирилган қора седаналаримиз🌱барча касалликларга даво!  Турли вирус, инсульт,паркенсон ва оғир касалликларга брэнд®️махсулотимиз бор!✔️  📞 +998909609194"
petlia,channel,Петля Пристрастия,352,Минские рок-герои.
pazotov_team,channel,Pazotov team🥶,461,"Реклама 50р/25 звезд, взаимная в зависимости от канала.   Предложка материала: @Pzzl_team_bot   все фото в моем сообщении мои. За других админов не ручаюсь.  Фото на доброе утро/спокойной ночи берется из интернета!    Буст: https://t.me/boost/pazotov_team"
thepopovcoalition,channel,поповская коалиция. ྀིྀི,47,23.04.2024. – дата создания этого тгк.ྀིྀི 29.06.2026 – 47 подписчиков.ྀི
traheyaaa,channel,TRAHEYA,194,me: @Snezhana_Pavlikovsky
tropaia_band,channel,Тропайя 📼,172,Переплетение речитатива и утончённых движений флегматичного гранжа с бубнами.                                                               Яндекс Музыка: music.yandex.ru/artist/9290657  VK и BandLink: vk.com/tropaiacrew | band.link/tropaia
iso_chaos,channel,пакость2013 //iso,18,DM: @iso_dm  Канал с битами: https://t.me/iso_beatstore
igorpumphonia_official,channel,Igor Pumphonia © 2026 Музыкант,101,"Igor Pumphonia (Игорь Исаев, Россия, Санкт-Петербург). Начало музыкальной деятельности – 2009 год. Владелец музыкального лейбла ChillRecordsMusic. Основатель проектов Euphonia, Digital Detox и Space Zone X.   Сайт: https://band.link/igorpumphonia"
pavelpopko_belarus,channel,Pavelpopko.baranovichi,138,Самые последние новости из жизни депутата Парламента. ПОДПИШИСЬ - стань частью команды!
custodyopeka,channel,опека,48,
srareityana,channel,"Share-it, Yana",5275,"Life in Spain BCN. A fashionista’s lifestyle, hacks, parenting tips.  Вопросы по сотрудничеству @julia_surusina"
shopenka_ru,channel,shopenka__ru,313,БАЛЕТНАЯ ПАЧКА/ШОПЕНКА Балетная одежда по всему миру Шопенка - производитель балетной одежды на заказ. Собственный пошив и дизайн.  https://shopenka.ru Для заказа @aknepohs
farberry_official,channel,Farberry_official,1287,"Официальный канал дизайн-студии ""Farberry"". По поводу заказов лучше всего писать в Telegram 8 (965) 936-81-12. Принадлежит ИП Пьянкова Людмила Андреевна. ИНН 027501196102 ОГРНИП 321028000163965  Заказ по ссылке ⬇️  @farberry_manager"
turbansvs1,channel,Turban SVS Тюрбаны Премиум Веры Сухининой,449,"Тюрбаны, кимоно, платья, брюки, сумочки ПРЕМИУМ класса из редких винтажных и брендовых тканей в стиле New Art Deco в Москве.  WA: +79852101948 https://turbansvs.ru Шоурум работает строго по предварительной записи. Вера Сухинина @turbansvs"
sharbucksru,channel,Воздушные шары Шарбакс,205,🚀 Доставка 24/7 по Одинцово и Москве  📩 Для заказа пишите или обращайтесь по телефону  ☎️+7(999)926-00-60 📩 https://t.me/Sharbucks_ru 🌐 https://shar-bucks.ru/
shardizain55,channel,ШарДизайн,119,
domshermadini,channel,Парфюмерный дом SHERMADINI,132,"Присоединяйтесь и создавайте историю вместе с нами! ✨  Тут делимся ароматами, новинками, акциями, промокодами, интерактивами, закулисьем и теплой атмосферой. Подписывайтесь, чтобы не упустить! 💙"
progumuz,channel,Progum | Chuppy,85,Official channel of Progum Uzbekistan  www.progum.uz
sharikoviyray,channel,Шариковый рай ✨ I воздушные шары,72,"Оформление праздников от шарика, до больших фотозон. Подберём индивидуальное решение для вашего события."
bitsitina,channel,НеБабкина кофта 🧶,7,Вяжу на заказ ваш не колючий трикотаж 🧥 Мастер ручного вязания 🧶 Кардиганы Свитера   Шапки и шарфы Только итальянская пряжа   Для связи https://t.me/bitsitina
dezeryband,channel,Dezery band,141,"Новости группы,  анонсы, концерты  Мы в соцсетях:   Instagram: dezeryband TikTok: dezeryband   YouTube: Dezery VK: Dezeryband  Likee: DezeryBand  https://band.link/Ai9JV"
degenarcade,channel,The Degen Arcade,29,After months of vetting mini-apps the ones posted in this channel either contribute to web 3 infrastructure or provide great opportunity!! Check pinned messages!
degodsnft,channel,DeGods | Y00ts,7,"⚠️ Disclaimer This channel is NOT official.   I’m a community member & holder sharing ecosystem news, tweets, and updates.    For official announcements, check:    • DeGods.com • @DeGodsNFT (Twitter/X)   • @y00tsNFT (Twitter/X)   • Discord.gg/Dexyz"
barbacos,channel,✶. @Barbacos open 24h!,121,© 26™ H. Paradigm   •   History Breathes Through Washed Denim Fabric:  ©️🇺🇸 𖦝   •  Honest Review @Lengchhun •  Contact order @Barbacosbot.
abris_media,channel,Abris Media,1370,"Abris – это новое международное медиа на русском языке. Создано независимыми журналистами, проживающими за  пределами России.  Наш чат: https://t.me/Abris_media_com"
mediatornotes,channel,Сусанна Калантарян | Полевые заметки медиатора,275,"https://www.triplea-advisory.com/   Медиатор, консультант и тренер по межкультурным коммуникациям, международный тренер PCM. Для записи на личную консультацию пишите @skalantaryan.  Здесь все о межкультурных коммуникациях."
drstepykina,channel,Доктор Степыкина,12117,"Врач, дерматовенеролог, косметолог, кандидат медицинских наук 🎓 Ольга Степыкина  • Экспертно про ботокс, губы, инъекции и аппаратную косметологию   Клиника в Москве - www.rnwl.ru  Сотрудничество - @tatachka_tut"
eksro,channel,ЭКС РО новости,764,Официальный канал Экспертно-консультативного совета родительской общественности города Москвы
abmediasystem,channel,Свет-Звук-Видео,60,"Здесь мы рассказываем про СВЕТ, ЗВУК И ВИДЕО."
appsurdua,channel,APPsurd,483,"Сатира, гумор, політика, гадання на картах таро  Чат для обговорення https://t.me/appsurd Instagram https://www.instagram.com/appsurd69 Tik tok https://www.tiktok.com/@bosska4alki"
sura_officinal,channel,Східноєвропейський університет та Фаховий коледж ім. Рауфа Аблязова,129,
academicuni_abitur,channel,Академический университет | Абитуриентам,113,Канал СПбАУ для поступающих  Здесь ты найдешь всю оперативную информацию от приемной комиссии ;)  Часы работы приемной комиссии: Пн – пт – 10:00 – 17:00 Сб – 11:00 – 15:00 Консультации: +7 (812) 247-44-72  https://spbau.ru/ <- сайт университета
apshto,channel,Ассоциация производителей сельскохозяйственной техники и оборудования агропромышленного комплекса КК,182,"АПСХТО АПК КК - Ассоциация целью которой является объединение, защита и представительство общих интересов производителей сельхозтехники Кубани."
aps_aps_ya,channel,НАУТИЗ,124,Канал с битами - https://t.me/nautizbeat  Канал с архивами - https://t.me/archivenautiz
tvpedia,channel,Телепедия / Радиопедия,467,Канал проектов Телепедия и Радиопедия. Чат: @teleradiopediachat ЩП: @tvpediamoment  ❗️ Читать обязательно: https://telegra.ph/Telepediya--Radiopediya-Novosti-01-19
cheburnet_radar,channel,Чебурнет Радар,964,
tv_fm,channel,Радио на Дальнем Востоке и в восточной Сибири,227,"Новости радиовещания, связи и медиа Дальнего Востока и восточной Сибири. Статьи о прошлом ТВ и радио, полезные материалы, немного юмора и авторского мнения.   Мы в vk: https://vk.com/tv_fm"
tvotrada,channel,"Телерадиокомпания ""Отрадный""",319,Телеканал
astaxov_live,channel,Fan club ASTAXOV,276,"Канал политехнической партии великого Астахова. Здесь публикуется его жизнь в колледже (и не только)  Вопросы, фотки, объявления, предложения... — в сообщения канала"
eaastakhovschannel,channel,eaastakhov,122,"Я — Егор Астахов, @eaastakhov.  Я всю жизнь прожил в Москве, но получать университетское образование я буду в ФРГ. А здесь будут мои наблюдения, мысли и истории ;-)"
asteria_dance,channel,ТАНЦЫ | ЧЕЛНЫ,148,"🔥 тебя научим сексуально танцевать  🔥 ребёнка оторвём от телефона  🔥 +100 к уверенности в себе 🔥 обеспечим гибкость кошечки 🔥 сформируем осанку мечты   ГЭС, ул. Центральная 81, 2 этаж Набережная Габдулла Тукая, здание Лад Пассаж"
asteriassdeathhh,channel,asteria’s diary!,227,inst: yuwqqna daily life of yuna
arishaputishestveniza,channel,Ариша-путешественница,92,О настоящем)
steshkinschat,channel,стешкинсы | offbanda,82,🩷оффбанда🩷
astrarg,channel,"🍀МАХГ ""Астра""🍀",19,"Международная академия художественной гимнастики ""Астра"" Владелец: @Arishkasirr"
starislang,channel,STARI slang,456,🖤 personal diary лингвиста-переводчика о находках в английском (и в особенности slang)  🩰 currently acing c2   — boost. — https://t.me/boost/starislang — pinterest. — https://pin.it/3TdJ1NPQs
jiyong_k,channel,"ех, ждинён ✨️",188,я СТЭЙка так шо тут много скизов и ещё куча всего по мелочи
ivrit_sleng,channel,Иврит Им Леонид: Сленг и Жаргон,582,"Сленг, жаргон и другие ненормативные ништяки в иврите  Сайт: https://www.ivritimleonid.com/  Автор: @leon_steinberg"
damnlis_english,channel,Английский с недовольным лицом,448,"Английский для тех, кто понимает, что без него никуда   ▫️General English A2-C1, ОГЭ и ЕГЭ по английскому языку  ▫️Живу в эмиграции, люблю учиться, спорт и капибар  Я @damnlis_eng 🤍"
anglomaniaonline,channel,Anglomania | British English vibes,85,"Привет! Меня зовут Анастасия. Я — репетитор английского языка онлайн. Это канал для тех, кто интересуется английским, и хочет постоянно в нем совершенствоваться.   Пишите мне лично по всем попросам:  🩵 @ApplesAndCakes"
teatr_domaktera,channel,Театр Дом Актера,427,"Закулисье, репетиции и атмосфера, которая покоряет с первого взгляда! Дом Актёра — это место, в которое невозможно не влюбиться!  Наш сайт — дом-актера.рф"
crewavia,channel,ЭКИПАЖ,466,"Канал авиационного экипажа.  Рассказываем про рейсы, авиационные новости и профессиональные секреты. Всё про авиацию и тех, кто ежедневно покоряет небо!  Буст➡️ https://t.me/boost/crewavia  Для связи и (📸📹🗞️)➡️ @crewaviation_bot"
ksyusha_kickboxing,channel,Бантики и боксерки 🎀👟,271,"Канал о том, как маленькая Ксюша покоряет большой спорт 🥊"
imperivmcore,channel,IMPERIUM CORE,132,Only in death does duty end.
shplnn,channel,Шатошкина покоряет мир 💃,188,"молодой педагог, активист, творческая личность и просто полина 👩🏻‍🏫"
girlfrom1938,channel,GIRL FROM 1938,230,"Юлия Михайловна Алëшичева.  Девушка из 1938 года. 88-летняя сенсация в мире современного искусства, которая покоряет сердца своими наивными вышивками.  Inst: @girl_from_1938 YouTube: @girlfrom1938"
romanticnovelsbox,channel,Кубышка драгоценных новелл,4436,"Развилки, отличия сцен и путей, прохождения и сцены из визуальных новелл: КР, ЛМ, SHS, ИДМ, Лагерта.  Реклама: https://telega.in/c/romanticnovelsbox По всем вопросам писать: @romanticnovelsbox_bot  ВК-группа: https://vk.com/club237888537"
npktl,channel,Эрл Грей | Перевод новелл,3440,"Читать по подписке: boosty.to/npktl, vk.com/npktl, web.tribute.tg/l/Va Мы на читалках: ranobehub.org, ranobelib.me, ranobes.com, webfandom.ru  По вопросам рекламы — https://t.me/m/hr18ak6sMWI6"
chernoknipnicbook,channel,🧪Лаборатория Мышьяковича,2288,"🪷:: Проходите в обитель азиатских новелл и наслаждайтесь чтением вместе со мной  Мой тт: tiktok.com/@chernoknipnicbook  По вопросам сотрудничества писать: @lerok_gvozdeva  🥀 Информация на канале имеет ознакомительный характер, ни к чему не агитирую 🥀"
asianwebnovels,channel,Asian Webnovels | Азиатские веб-новеллы,894,Канал с обновлениями переводов новелл с сайта asianwebnovels.com
lee_nelll,channel,𐔌 ִ ׄ ︵ Ⲡыⲗьцⲁ ⲥⲟ ⲥⲗⲁⲇⲉⲏьⲕυⲭ ⲡⲁⲗьⳡυⲕⲟⲃ ⇉ ︵𝆹𝅥 ⎯,282,"Добро пожаловать в наш канал, задроты! По всем вопросам к владельцу Нелле!!(То есть ко мне,мухехехехе.) @CryForMe6969"
anastasikkkk,channel,By ana.stasikkkk,575,Здесь будет лайф и полезные ссылочки 🤍💌
anastasiz16,channel,limorvv,503,"Жизнь, учеба, путешествия, медицина!"
allosetia,channel,ОСЕТИЯ - объявления,257,#всярекламаосетии прислать объявление: https://wa.me/79111533300 https://vk.com/allosetia
anastasiiiiop,channel,lilipizblog | life SMM,313,"SOCIAL MEDIA MARKETING🎯  Привет, мой дорогой друг! Рада тебя видеть. Ты попал на канал сммщика✨ Здесь про жизнь-опыт-даю полезную информацию.  🖇️Смотри закреп  Kazan👩🏼‍🎓  По всем вопросам: @anastasiio"
kustova_anastasia,channel,Kustova_Anastasia,4633,"Художник, писатель, книга «Акварель для взрослых». Он-лайн школа https://art-kustova-school.com  @kustnastya (других аккаунтов нет)   Оборудование и материалы для творчества www.art-Kustova.ru   Бот с уроками @ArtKustova_Bot  Галерея N1.33 @n133_gallery"
osetiastories,channel,North Ossetia - Alania ⚪🔴🟡,212,
anastasia_ropalo,channel,Анастасия Ропало,1676,Курс https://anastasiaropalo.com/kurs2025
rumiyamukhametshina,channel,Про Масштаб | Румия Халитовна,283,Как сделать 14 млн. рублей за 5 дней? Читай 👇 https://t.me/RumiyaMukhametshina/499
delaiborisov,channel,Блог Евгения Борисова,258,Креативный продюсер / СЕО «РОБИ»  В канале делюсь мыслями/опытом/анонсами/возможностями   Для связи : @evgeniybhc  Сайт: https://store.robi.team
apotom_chto,channel,А дальше что ?,74,"Впервые за 8мь лет я не студент  П****ц  конечно, но мы справимся"
icamp_rosatom,channel,"Поколение ""РОСАТОМ""⚛",231,"Профильная смена Концерна ""Росэнергоатом"" в МДМЦ ""Ай-Кэмп""  campicamp.ru"
vladislavklepcov,channel,Владислав Клепцов 📸 📹,124,"❤️ Суровая красота Колымы завораживает своей первозданностью. Это край, где дикая природа сохранила свою уникальность и притягательность. ❤️  Фото- и видеоматериалы можно использовать только при ссылке на первоисточник.  Я ВКонтакте: vk.com/id879618621"
softballandbaseball,channel,SoFTBaLL и Baseball в Костроме,137,"Софтбол/бейсбол – это спортивная командная игра с мячом. В данных играх воспитываются сознательная дисциплина, умение контролировать свои действия и объективно оценивать действия членов команды. Игры приучает к соблюдению правил справедливости, умение кон"
shakamalova21,channel,Шакамалова | заметки,163,Про образовательную политику и тенденции развития образования. Из практики технопарка Кванториум города-героя Новороссийск  https://max.ru/join/3l9TAjPJ_N31qVKPg6k1G_yxfliA  Ассоциация развития кадров бас https://t.me/bassframes
kaphoto,channel,Фотографии путешественника,102,Небольший канал с фотографиями из моих поездок. В конце я выкладываю ссылку на альбом с отобранными фотографиями.
asia1941,channel,アジアの曙,1631,Youtube https://www.youtube.com/channel/UCPSYTViL2_pvE_dTSs1Z_3g/featured odysee https://odysee.com/$/invite/@瑞鶴の海鷲:d
akasarupa,channel,𝐀𝗄α𝗌α 𝐑υρα 𝐄𐓣𝗍𝖾𝗋𝗍α𝗂𐓣ꭑ𝖾𐓣𝗍,1247,"➷ “𝐀𝗀𝖾𐓣𝖼𝗒 𝐆υ𝗂ᑯ𝖾 𝐌αρ” 📍:: • Partnership [ @AkasaPartnership ] Open • Post Gram [ @RecessHall ] • Model Post [ @AkasaMagazine ] • Bot Official [ @AkasaRupaBot ]  “여기서 우리는 시원한 여름처럼 온갖 아름다운 추억들을 만들어갈 거예요. 당신과 나, 아카샤에서.”"
asia_tao,group,Asia Shop Chat,558,"Чат компании Asia Shop  Финансовые вопросы только в сообщениях на сайте⚠️  За спам предусмотрен бан. Старайтесь уложиться в своем обращении одним сообщением, чем конкретнее будет вопрос, тем точнее и быстрее ответ  Поддержка @asiataobot  Сайт asia-tao.com"
aeikpopdays,channel,⋆.𐙚 aei’s kpop days,226,"кпоп дни эи 🪽🎀 карты, альбомы и распаковки ♡ анон: @aeiskpopdays_bot"
az0t14ek_52,channel,Az0t1k Розыгрыши,206,Владелец: @Az0t14ka_52 https://t.me/otzovi_Az0t14ek_52 - тут отзовы
asiapoisk,channel,Азияпоиск🫰🏻,132,"Дорамы, фильмы, музыка Азии asiapoisk.com"
asiatula,channel,"Фестиваль культуры Японии, Китая и Кореи в Туле",303,"Традиционная музыка, танцы, театр, живопись, боевые искусства, ремесла, чай, анимэ, k-pop, литература, история, философия. Организаторы: Максим Корниенко @maximaster, Вадим Тормозов @VadimInpu, куратор литературной програмы Таня Фонарёва"
primetopup0,channel,PRIME TOPUP,1084,VERIFIED ACCOUNT SELLER @PRIMET0PUP
predo_ru,channel,ПРЕДО: Секреты качества👌,129,Сырье для пищевой промышленности
ivmxadya,channel,ivmxadya,264,me @xadhxh 🩶  https://t.me/sparklessssssss1
gupfuternopil,channel,Пенсійний фонд Тернопільщини,52,Офіційний Telegram-канал Головного управління Пенсійного фонду України в Тернопільській області.
crimean_tatars_help,channel,🫂 Crimean tatars help,163,"🔹️Взаимопощь 🔹️Документы  🔹️Культура 🔹️История 🔹️Общение 🔹️Кординация 🔹️Информация со всех регионов 🔹️Ругань, брань, спам, хейт в бан ❌️"
bfopora,channel,БФ Опора бойцов Урала,87,Благотворительный фонд создан совместно с бойцами.   Цель Фонда - обеспечение военнослужащих необходимым оборудованием для успешного выполнения боевых задач в зоне СВО.  Наш сайт: http://oporaboytsovurala.tilda.ws  ВК: https://vk.com/club224447193
ahmadxonov_uzb,channel,Ibrohim Ahmadxonov | Rasmiy kanal 📚,1983,"Buxgalteriya hisobi, soliq va audit bo'yicha professional kitoblar va professional mulohazalar  Rus tilidagi kanal uchun   https://t.me/ahmadxonov_rus"
ifs_imv,channel,Yashirin iqtisodiyot ulushini qisqartirish va fiskal tahlillar instituti,374,"📌 Iqtisodiyot va moliya vazirligi huzuridagi Yashirin iqtisodiyot ulushini qisqartirish, soliq va bojxona ma'murchiligini takomillashtirish hamda fiskal tahlillar instituti rasmiy Telegram kanali  https://ifs.imv.uz  📞 +998(71)239-19-52 📧office@ifs.imv.uz"
ishqidiring_narxi,channel,ISH QIDIRING NARXI,139,
iqtidorly_bot,bot,iQtidorly Bot,,@IQtidorly - loyihasining rasmiy ro'yxatga olish botiga xush kelibsiz!
yozuvchilar_andijon,channel,Yozuvchilar uyushmasi Andijon boʻlimi (rasmiy sahifa),336,"""Adabiyot yashasa — millat yashar"""
ryss_literatyra,channel,Вместе по страницам 📚 Литературы,285,"Здравствуйте, меня зовут Надежда 👋  Хотите знать все о литературе? Любите ее также, как и я? ❤️📖 Здесь мы беседуем о самом интересном из мира литературы. Связь со мной @Nadeh_zda"
doctor_bagdasarova,channel,Что Доктор прописал ♥️,941,Багдасарова Кристина Гарриевна• Врач • ➡️Instagram:   https://instagram.com/doctor_bagdasarova ➡️Запись через ассистента ТГ :  https://t.me/m/wUpG3m4cY2M6
skin_blog,channel,Дерматолог Закирова Кристина,234,https://instagram.com/doc.zakirova.kristina?utm_medium
bogdanova_life,channel,B O G D A N O V A 🔅 здесь тепло,121,"Влюбляю в жизнь, учу «просто быть» и «звучать собой» через • коучинг,  • постановку голоса и речи,  • выезды и туры.  Личка ➡️ @Julia_Bogdanova  Канал про путешествия ➡️ https://t.me/+FHYLdLzmp6BmZWMy"
vikinooo,channel,Викино,32,"Тут всякое. Обо мне, о моде, вдохновение и находки ✍🏼"
annabogdanovashoom,channel,Bogdanova: говорит и показывает,121,"Lifestyle - про музыку, бег, семью, жизнь в Берлине  Работаю здесь: https://t.me/Shoomstudio"
rinanedinova,channel,rina.nedinova,57,Бот со всеми акциями 😍 👇  https://t.me/rinanedinova_bot
bahriddin_blog,channel,Bahriddin Mo'minov 💡 Blog,220,"Assalomu alaykum. Men Bahriddin, Dasturchiman.  Bu yerda foydali deb bilgan ma'lumotlarimni ulashib boraman.  Savol yo'llash: http://t.me/anonaskbot?start=bahriddin  Ikkinchi kanal:  @live_notion  https://tirikchilik.uz/bahriddin"
irina_umnovakonyukhova,channel,Ирина Умнова-Конюхова,458,"Видный ученый, педагог и общественный деятель, доктор юридических наук, профессор 💐  По вопросам сотрудничества: @maria_polyanicheva"
ivakhinovainna,channel,Инна Ивахинова,299,
nastyachudnova,channel,Anastasiia Chudnova,190,"Здесь о моих путешествиях, яркой жизни и любвииииии ❤️‍🔥  Insta: https://www.instagram.com/nastya_chudnova?igsh=MXZxNDNqeXNrNzl6eA%3D%3D&utm_source=qr"
bahriddinovhumoyunmirzo,channel,Humoyun's perspective,68,Student  Wiut 1/4 Interest: everything
zuma11ajer,channel,زُمَـــرًا 🌱.,256,"اللهم علِّمنا علمًا نافعًا أبدًا يُحيي العقولَ ويُزكي في الورى أثره واجعله نورًا لنا في كلِّ مسألةٍ لا رياءَ فيه، بل الإخلاصُ جوهرَه 🌱 |     ' مساحة علمية، غايتها الفهم والعمل، ورجاؤها الأجر والنفع ✨ |  “ للنساء فقط  ""  t.me/Zuma11Ajer"
ahiciha_hatasha,channel,🌸🎀 З̤̤е̤̤ф̤̤а̤̤ 🎀🌸,393,"Привет,человек… Я художник-самоучка Зефа :_ Тут от меня ждите: Арты,анимации,щп и т.д. Мой ЛС: @Natasha_OwO (только по рабочим вопросам) Всем любви и много деняг❤️"
partfoliomuza,group,MuzaStone Портфолио,58,
azeri_ifsa_turk,channel,𝙶𝚒𝚛𝚒𝚜̧ 🔞,51,🧜🏻‍♀️ Erişim için : @xSoxri
azazazazazzaazzz,channel,Аз,7,Прекрасный и не повторимый Аз  Я Аз и здесь я пишу о своей нелёгкой жизни
xsoxri,channel,🔞 |• Typing . . .,21,Erişim için : @s6a1as 🛩
colmadogaza,channel,GAZA GROCERY,27,
alievaeza,channel,Alieva Ezza,14,Здесь просто лайф и умные советы) #косметолог #провизор
ziyokitobxon,channel,ZiyoKitobxon,704,Oqqoʻrgʻon tumanida tashkil etilgan bu tanlov yoshlarni kitobxonlikka targʻib etishga yoʻnaltirilgan. Va bu tanlov Ziyo Taʼlim oʻquv markazi jamosi tashabbusi bilan  oʻtkazilmoqda. 📩Murojaat uchun: @shahriyor_turgunboyevvv  @abduhoshimova_d
kitobxonlar_d,channel,Kitobxonlar Davrasi (rasmiy kanal),207,"Facebook ijtimoiy tarmog'idagi ""Kitobxonlar davrasi"" guruhining telegramdagi rasmiy kanali.   Facebookdagi guruhga link:  https://m.facebook.com/groups/159059447495836   Bog'lanish uchun : @kitobxonlar_davrasibot"
kitobxonaziza,channel,Kitobxon 📖,92,
yosh_kitobxon_01,channel,Yosh kitobxon,61,"https://t.me/Elektron_kitoblar01  Siz izlagan barcha elektron (Pdf) kitoblar shu yerda. Maqsad-ilmga chanqoq kitobxonlar xususan, yoshlar uchun qulayik yaratish  orqali ilm yoʻlida oz boʻlsa oʻz hissamizni qoʻshamiz degan umiddamiz. Hurmat bilan @"
pozitivfor,channel,😁Позитив Forever👍,180,Канал антистресс!!  Зарядись хорошим настроением. Здесь только  позитив!  Размещение рекламы. Админ:  @Frikkot Если Бан @PRprorivbot Отзывы: @PRproriv
taro_na_pozitive,channel,ЧИСЛА•МАГИЯ•СПОРТ,555,"Я ВедьМарина, помогаю: Улучшить качество тела и количество денег через спорт, нумерологию, магию 🍀  Л/С https://t.me/MarinaVasilchenk0 Отзывы https://t.me/klienty_govoryt"
pozitivafunk,channel,POZITIVA FUNK NEWS,268,"Жизнь оркестра в картинках и видео, а так же вся полезная информация о концертах и мероприятиях.  Поддержать канал: https://t.me/boost/pozitivafunk"
pozitolog,channel,Pozitolog 🎙 Николай Разыграев,572,"Образовательные программы для психологов: консультирование, групповая работа и создание собственных курсов.  Запись на консультации: t.me/razygraev QR код на оплату услуг: https://t.me/pozitolog/609"
kristinadanko27454,channel,Позитивчик,404,
shkola_pozitiva,channel,Школа ПОЗИТИВА с Еленой,297,Здесь самые скептичные начинают верить в чудеса Я - Елена и в этом канале вы найдете: ⚡️ Практики для энергии 💰 Инструменты для денег ✨ Секреты молодости Присоединяйтесь к @djerba_elena и начните трансформировать свою жизнь
psypozitiv,channel,Психологический книжный клуб (Пëтр Галигабаров),241,Психологический книжный клуб Петра Галигабарова
udmurtdigital,channel,Удмурт диджитал,672,Рассказываем о цифровизации удмуртского языка. Связаться с автором: @odomort Обсуждение: @udmurtchat VK: https://vk.com/udmurtdigital
askerbay_ajiniyazov,channel,Әскербай Әжиниязов,167,Әскербай ӘЖИНИЯЗОВ
avio_man,channel,Aviation,264,• Future uzairways pilot ✈️  @akomron
cometoaviauz,channel,Авиасфера,817,"Привет! Я София,рада видеть тебя на своем канале. Канал посвящённый авиации Узбекистана и не только!  По всем вопросам обращайтесь @cometoavia  inst: @cometoavia           @sofiyabaltofer Испытай один раз полёт и твои глаза навечно будут устремлены в небо"
aviakassa_uzbegm24,group,АВИАБИЛЕТЫ ПО ВСЕМ НАПРАВЛЕНИЕ,136,"Официальное агентство авиакомпаний. С7 s7 airlines. Аэрофлот  АО ""Uzbekistan Airways""  по всем направлениям       +7914-187-93-93 +7951-017-93-93"
styofaezkizi,channel,styofa эскизная,233,эскизы для татуировок!
tgavia,channel,АвиаТелеграм,182,"Новости, события, актуальная информация, специальные предложения авиакомпаний и аэропортов. Авиа-обзор в одном телеграм-канале."
uz_air_force_group,group,Õzbekiston Harbiy-havo kuchlari🇺🇿,134,🇺🇿Uzbekistan Air Force   👉 @Uzbekistan_Air_Force — Harbiy aviatsiyani o'rganuvchi va tahlil qiladigan Õzbekiston Telegram kanali.  Osmonda hukmronlik qilgan kishi – urushda g'alaba qozonadi✈️  Murojaat uchun👨‍💻: @Uz_Air_Force_admin ✅
trip_uz1,channel,Trip.uz,5,Bunyerda siz dunyodagi aviatsiya bilan bogʻlik yangiliklar va aviabiletlar sotib olishingiz mumkin. Dunyoning istalgan nuqtasiga arzon aviabiletlar uchun:+998912949200 @ONLINE_CHIPTA Bizning asosiy guruhimiz.https://t.me/TRIPUZ_AVIAKASSA
odintsovo_8,group,Соседи Трехгорка🏢🏠🌇,65,
pyt_yakh_1_district,group,Первый микрорайон,23,Группа жителей первого микрорайона города Пыть-Яха. Все жители микрорайона в одной группе. Давайте всем микрорайоном будем на прямой связи друг с другом...
skhodnya_sosedi,group,СХОДНЯ СОСЕДИ,5,"Группа жителей Сходни.  Новости, обсуждения, объявления. Группа канала ""Сходня Новости"" @skhodnya_news"
auksionkukdala,group,E - AUKSION KUKDALA TUMANI,363,"Hamkor TG @kukdalasity   Ko'kdala Tumani e-auksion   Auksionga quyilgan joylar tashlab boramiz  Ko'kdala Tumani buyicha   Kupla habari bulmagan yerla o'ynalmoqda quldan kelgancha tashlab, malumot beramiz  #Adminga taklif bulsa @firoROJ"
vasil_uezd,group,Васильский уезд Нижегородской губ.,164,"Чтобы вашу заявку в чат приняли, напишите уезд и свой НП в лс @liveska13"
sandovoadm,group,Сандовский округ. Официально,51,"Мы информируем Вас о социально-экономическом развитии, значимых и интересных событиях нашего округа."
lugaspb,group,Лужский уезд,74,
wethepeoplesaukcounty,group,We the People - Sauk County,35,
zhetysu_audany_bot,bot,Жетісу ауданы/Жетысуский район,,
gaevfox,channel,Гаев Фокс,1433,Ульяновская политическая сатира
liveazov,channel,Старый Азов/Великий Азак,256,"Новости города, округи и центра"
dmitry_art_lazarev,channel,Dmitry_Art_Lazarev,270,Живопись(Член Союза художников РФ). Professional Painting.
aesionov,channel,Andrey Esionov,276,"Здесь вы можете насладиться работами художника Андрея Есионова, мастера портрета и городского пейзажа  https://esionov.ru/"
luana_dio,channel,Истории для свиданий,91,"Второго свидания не будет, но теперь он знает про Нину Русланову"
a_ashcheulov,channel,Александр Ащеулов,47,Депутат Саратовской городской думы .
mysails,channel,Алые паруса,6,Бессонница. Гомер. Тугие паруса.
mkusshorlesken,channel,SSHOR_LESKEN1977,264,МКУ ДО СШОР ЛЕСКЕНСКОГО МУНИЦИПАЛЬНОГО РАЙОНА КБР Директор: Дзахмишев Мартин Хасанович
akseyomov1,channel,AKSEYOMOV,73,По всем вопросам @akseyomov
olddiplomat17,channel,uwwDIPLOMAT,123,
ef_vega_team,channel,Vega team 🗽,31,#GLOBOLEFTEAMS https://t.me/GLOBALEFTEAMS   OWNER @salimov_25  CAPITAN @abdu_rax1mon
profoot90,channel,ProFootball KZ,35,
nomadisred,channel,Nomad is Red | Justice,65,KZ Football | FC AKTOBE  Tier-Lists | Fan-Based Opinions  TikTok: https://www.tiktok.com/@nomadisred?_t=ZM-8ygJXRd9sSG&_r=1  Contacts: @zhanaddi & @g0th4mm
sazanluchshimament,channel,PRIME 🦍,35,🔝
fc_astro_tm,channel,Astro FC,15,Creator : @orifjonov9  @temir1xonovvv  League : Global
aurix_team_1,channel,AURIX team (rasmiy kanal),11,
tojdoron00107,channel,𝐓𝐨𝐣𝐝𝐨𝐫𝐨𝐧_𝐓𝐞𝐚𝐦™,15,
manas_raion_bazaar,group,Манас райондун онлайн-базары,198,Группа объявлений о продаже и покупке для жителей Манасского района. Написать админу группы: @SultanServis
balagansk_admin,group,Администрация Балаганского муниципального округа,427,Официальная группа администрации Балаганского района. Адрес электронной почты: balagansk_admin@irmail.ru сайт: https://adminbalagansk.ru/ Телефон: +7 (39548) 50-1-75
balakhna_uezd,group,Балахнинский уезд Нижегородской губ.,209,"Чтобы вашу заявку в чат приняли, напишите уезд и свой НП в лс @liveska13"
gzhatskiy_uezd,group,Гжатский уезд. Смоленская губерния,186,
unfalldn,group,Radfahrer u. Fussgängerunfälle Kreis DN🚑,12,"Chronologische Reihenfolge aller Unfälle seit 2016 Wie der Name schon sagt, erscheinen hier meist die Unfallmeldungen der Polizei Düren, ihr könnt aber gern selbst berichten. ACHTUNG: der Chat ist öffentlich ! So wie E-Scooter Unfälle"
chatadministracii,group,Администрация Волгодонского района Chat,46,Комментарии
vodakanal_bot,bot,"КП ДОР ""Аульський водовід""",,
adm_apastovo_bot,bot,Администрация Апастовского района,,обращения граждан
aulivoda_bot,bot,КП ДОР «АУЛЬСЬКИЙ ВОДОВІД»,,КОМУНАЛЬНЕ ПІДПИЄМСТВО ДНІПРОПЕТРОВСЬКОЇ ОБЛАСНОЇ РАДИ «АУЛЬСЬКИЙ ВОДОВІД»
xxoo196,channel,世界杯🔥G66体育🔥无要求55%分红🔥,3578,【G66体育】老牌信誉综合游戏平台 总代理亏损分红55% 人头奖励300上不封顶 会员存款活动优惠
kggstars,channel,KGG Stars ✨,117,
kggawss,channel,CARTEL ©,627,дизайнер полина - @KGAWSS  pinterest - https://pin.it/2OMMXokpU — тут все работы заказы открыты заказывайте пж  24.10.2024 - start
by_nureyxa,channel,Илм нури,4933,Илм – инсонни зулматдан нурга олиб чикадиган енг буюк бойликдир)
nur_al_mubin1,channel,» Nur Al Mubin «,3287,
nure1g,channel,Nana's Mind,1367,السّماء تترُك أثرَها في مَن تجرأ على التَحليق @NourE19bot
dualar_arafa,channel,Dualar,907,"""Rəbbiniz dedi: “Mənə dua edin, Mən də sizə cavab verim."" (Ğafir 60)"
latelierbintyacob,channel,L’Atelier Bint Yacob,299,Délices sucrés et salés  • Pâtisseries artisanales & gourmandises maison 🧑🏿‍🍳  Instagram : latelier_bintyacob Tiktok : L’atelier Bint Yacob
bukitjalilmarketplace,group,BUKIT JALIL MARKETPLACE,247,
baxtulashib,channel,Baxt Ulashib...,40,
sociawallet,channel,SociaWallet,22325,SociaWallet - This is the wallet you want to use. Made by @socia made in TON. Open Wallet - @SociaWalletBot.
radiorespublika,channel,"Радио ""Республика ФМ""",490,"Топовые ритмы, топовая станция, топовая публика - радио ""Республика ФМ"" 104,8FM   Сайт радио ""Республика ФМ"" https://republic.gtrklnr.ru  Сайт ГТРК ЛНР https://gtrklnr.ru"
alastaircrooke,channel,Alastair Crooke,573,"Director of Conflicts Forum, a small geo-political and geo-financial consultancy, and adviser to a number of larger geo-financial entities."
bizlil,channel,Лилия Кулявцева. Любимый бизнес,142,"Помогаю предпринимателям увеличивать продажи через команду. По любым вопросам в личку: @liliyakulyavtseva   Как директор одной из крупнейших онлайн-школ английского в России и СНГ English Tochka, за 8 лет наняла и управляла командой 500 человек."
qrmshmbmbot,bot,QRMektepke shekemgi hám mektep bilimlendiriw ministrligi,,Qaraqalpaqstan Respublikası Mektepke shekemgi hám mektep bilimlendiriw ministrliginiń múrájat botı
avtojol_bot,bot,Qaraqalpaqstan Respublikası Avtomobil jolları bas basqarması,,
qrdsmbot,bot,qrdsm_bot,,Ботқа хабар жоллағанда толық мағлыўмат жазың!  1.(Ф.И.О) 2.Манзил 3.Тел номер Тек сол ўақытта жуўап қайтарылады.
korrp_bot,bot,"Toshkent viloyati Oliy ta'lim, fan va innovatsiyalar boshqarmasi",,Ta'lim muassasalarida yuzaga keladigan korrupsiya va manfaatlar to'qnashuvi holatlari bo'yicha murojaat bot
qrbantlikanticor_bot,bot,QR_Bantlik_Anticor,,QК Kámbaǵallıqtı qısqartıw hám bántlik ministrligine korrupciyalıq jaǵdaylar haqqında xabar beriw ushın bot
torqon_bot,bot,RC-Torqon. БОТ,,
qr_jaslar_isleri_agentligi_bot,bot,Jaslar isleri agentligi Qaraqalpaqstan Respublikası basqarması,,
qoqonbot,bot,Qo'qon Bot | Shazam,,
chatmodbot,bot,QontakModChat,,
quloqaibot,bot,QuloqBot AI,,
murojaat_vssb_bot,bot,Qashqadaryo viloyati Sog‘liqni saqlash boshqarmasi,,"Qashqadaryo viloyati Sog‘liqni saqlash boshqarmasi  🏢Qarshi sh., Xonobod yo‘li 28 📞103 , ☎️ +998752240341"
kukdalauzbot,bot,Ko'kdala murojaat,,Ko'kdala tumani hokimligi matbuot xizmati
koreadrambot,bot,‌‌ ‌‌🗯️,,
jamaat_times_aloqabot,bot,jamaat_times_aloqa,,
qrkqgak_bot,bot,QRQKGAKbot,,
bilimlendiriw_korrupciya_bot,bot,Siz benen Korrupciyaǵa qarsı gúresemiz!,,Bul Korrupciyaǵa qarsı gúresiw ishki qadaǵalawdı ámelge asırıw bóliminiń múrájat botı
rahatulqelbbot,bot,RahatulQelb bot,,
pokrdotbot,bot,POKR BOT,,
plohayaqbot,bot,PlohayaQbot,,
corciappbot,bot,Corci,,
nyamqabot,bot,Nyamqa,,
kolaaabot,bot,بوت تواصل,,
taxtakopir_kr_bot,bot,Taxtakópir rayonı hákimliginiń múrájat bot kanalı,,Taxtakópir rayonı hákimliginiń múrájat bot kanalı
rengiokobl_bot,bot,BL 🔥💗 bot,,
crocobeatsbot,bot,crocobot,,
acruanticor_bot,bot,@ACRUanticor_bot,,"Agar sizda Qo'mita tizimi xodimlari bilan bog'liq korrupsion holatlar haqida murojaat bo'lsa,  bizga xabar qoldiring!"
suxrobnorkulov_bot,bot,Norkulov Suxrob Turakulovichga murojaat boti,,Assalomu alaykum! Ushbu bot orqali Norkulov Suxrob Turakulovichga murojaat qilishingiz mumkin.
aqmangitt_bot,bot,aqmańǵıt_bot,,Нөкис районы ҳәкимлигине электрон мүрәжат
mogilachat_bot,bot,могилачат,,
kupscodmbot,bot,KupsCodm,,
sahrodagi_nur,channel,نُورُ الصَّحْرَاءِ. Sahrodagi nur,94,"Bugun sen ham sahro kabi sabrli bo‘l. Nurni izlama, u seni ichingda. Faqat uni his qilishni o‘rgan.  💬 aloqa: @Sahrodagi_nurbot"
baxmalliklar365,channel,BAXMALLIKLAR🇺🇿,3985,📄 Baxmal tumanida bo‘layotgan  tezkor yangliklar va  ⚽️  Sport xabarlari 🌍 Dunyo va o'zbek xabarlari   ♻️Reklama va murojaat uchun↙️  @Baxmalliklar_reklamabot
terrasvetafalomeeva,channel,ТЕРРА | Светлана Фаломеева,207,
travailuna_marusya,channel,Трава и Луна,232,"Сказки про магию внутри и снаружи.  Маруся - мастер создания украшений, оберегов и талисманов.  Делюсь опытом работы с растениями, камнями и традициями, чтобы вдохновить и поддержать вас на пути к гармонии с собой и миром.  travailuna.mara@gmail.com"
quyosh_taraflarda,group,Quyosh taraflarda,23,
letonadache,channel,Лето на даче🌻Уфа,23,Канал студии ландшафтного дизайна ЛЕТО в Уфе☀️
scmed_iums,channel,SCMED_IUMS,1792,🔰 کمیته دانشجویی توسعه آموزش    ⚜️ دانشگاه علوم پزشکی ایران  🏢 مرکز مطالعات و توسعه آموزش علوم پزشکی، معاونت آموزشی  راه‌های ارتباطی: 📧 scmed.iums@gmail.com  🗣 @SCMED_IUMS_admin  دبیر کمیته: @yalisali
usingutc,channel,𝓦𝓸𝓵𝓯 𝓿𝓸𝓲𝓬𝓮(Рест),68,Влд: @OKAK_gds Совлд: @delete_developer С.Админ: @saqquqo
uts_media,channel,UTS Media,65,"MICE - Event - BT  Официальный канал UTS - реальные истории, backstage, анализ сложных кейсов, география без границ, жизнь вне офиса, многое другое и не только о MICE.   Смотрим шире, чувствуем глубже, делаем честно.   Наш сайт - https://uts-event.ru/"
ingcivilumss,channel,Ing. Civil UMSS,38,Grupo Oficial de la Carrera de Ingeniería Civil - FCyT - UMSS
usinvhyst,channel,КЕЙСЫ💰УСИЛЕННЫЕ ИНВЕСТИЦИИ💰,3,МАКСИМ КУЗНЕЦОВ 📊14 лет опыта в трейдинге  С 2015г c помощью своей системы помогаю и инвестирую сам со средней годовой доходностью 30%💰  💸 Канал УСИЛЕННЫЕ ИНВЕСТИЦИИ @isusinv Чат 👉 @usil_invest Личная консультация 👉 @maksimkuznecov_invest
alienworlds_announcements,channel,Alien Worlds Announcements,2188,"Latest news from the metaverse delivered straight to you by Ancient Alien AI & Federation Leader - Aioshi, himself"
rakunworld,group,RAKUN,354,A new Ecosystem at the apex of Games and Blockchain Technology.  website: https://rakunworld.com/ Medium: https://medium.com/rakunworld Twitter: https://twitter.com/RakunworldEN GitHub: https://github.com/RAKUNproject/
otzworld,channel,ПРОЕКТЫ | ОТЗЫВЫ | Misha World,1090,Владелец проекта - @Misha_World
openwareai,group,Openware.ai Community,1620,
shippudenworld,channel,ShippudenWorld | NarutoCraft,1368,ShippudenWorld — майнкрафт сервер по вселенной Наруто.  📌 Начать играть — https://narutocraft.net/ 📌 Дискорд — https://discord.gg/Kyapp67uat  ⚡️Буст https://t.me/boost/shippudenworld
rabotamigrantam,channel,Migranto.ru: Работа для мигрантов,4777,"Официальный канал портала Migranto.ru для трудовых мигрантов в России.   Мы бесплатно публикуем вакансии, на которые работодатели готовы рассматривать граждан СНГ и ЕАЭС.   По вопросам размещения вакансий на канале пишите на info@migranto.ru."
detipeterburga,channel,Дети Петербурга,376,Помощь детям мигрантов
lipfond_ru,channel,Фонд поддержки МСП,805,Поддерживаем предпринимателей  Липецкой области  💳Льготные займы 🤝Поручительства 🎨Развитие креативных индустрий 📒Центр помощи «Честный знак»  🌐lipfond.ru
poizon_jet,channel,POIZON JET,470,Пункт выдачи с Китая🇨🇳  По вопросам сотрудничества/доставки обращайтесь к @PoizonJetManager  Каждую неделю публикуем курс ¥  Ответственные: @blikbig  @lunkovv
azizamapp,channel,Azizam App,296,
yctbook_com,channel,YctBooks.com,31098,#PDF #pdfssc #pdfbpsc #pdfupsc #pdfbank #pdfbihardaroga #pdfbiharpolice #pdfuppcs #pdfroaro
ppnunde_com,channel,AIDressUp | PPnude.com🆓,26773,🔈PPnude News channel https://t.me/+3oJPTZbMBF9iZDhh
applyonline_com,channel,Govt Job (Educational News) Online BHG,5613,Govt Yojana & Jobs
xoma_q,channel,комната хомяка,167,👉👈
javinov_jarida,channel,Javinovdan jarida,71,Hamma narsa haqida! Fikrlar! Takliflar! Mulohazalar!
junhanwrlddn,channel,Главный ребёнок мунлайта,92,🐿🍑
ponddunk_naranata,channel,PONDDUNK my roman empire,45,welcome my delulu world 🐻🐻‍❄️  основной канал @narak_jamessu
lohiqw,channel,lohiqw,225,𝟐𝟎.𝟎𝟑.𝟐𝟒 𝑶𝑾𝑵𝑬𝑹:: @xzsaki 𝑰𝑵𝑭𝑶 𝑲𝑨𝑵𝑨𝑳:: @Info_absolute  𝐀𝐍𝐊𝐄𝐓𝐀:: @anketa_absolute
loyddk,channel,Приколыши от Лойд@ 🥳,57,|Приколыши от Лойда🥳 (анонсы видео и тому подобное) |Всякие приколыши и многое другое)✨ |Спасибо за подписку! :3🔥
lyutiktrupik,channel,lyutiiiiiiik,48,🤭
xrizoderill,channel,"постройка наниуса,",49,"Начинающий канал с моим творчеством🔍ʾʾ↷  ✿︎Анонимные сообщения: http://t.me/anonaskbot?start=egbor ✿︎Буст:https://t.me/boost/xrizoderill ✿︎Щп:https://t.me/+zH2F8uBK2HQ2YTU6 ✿︎лс: @rr66669999 𖦹,"
banakwlanaknq,channel,логово творожка,46,Лс: fukic1 фукичч мини чпэк
loxifam,channel,🫁 𝐋𝐎𝐗𝐈𝐅𝐀𝐌` 𝐢𝐧𝐟𝐨,33,
kolasaak,channel,جبنالك الخلاصة,1547,جبنالك الخلاصة
kolobangac0nf,channel,[😊✉️] КОЛОБАНГА confessions (◕‿↼),687,конфа рассадник зла бот конфы:: @KolobangaCFbot
kolbasko14,channel,Kolbasko | New State Mobile,333,Нагибатор  Стримы проходят на Twitch и VK https://twitch.tv/saint_kolbasko/ https://live.vkvideo.ru/kolbasko Ролики выходят на YouTube https://youtube.com/@Kolbasko Ссылка на Donation Alerts https://www.donationalerts.com/r/saint_kolbasko
alexey_kolbasa,channel,алексей колбаса,40,все посты выходят под влиянием мошенников автор является прокаженной мразью и не несет ответственность за слова и поступки уберите беременных детей от экранов
anna_kolbasina,channel,Психолог Анна Колбасина,510,"О семейной, детской и супружеской психологии. Об общечеловеческих ценностях, о мире и любви. +79172418819 @annakolbasina"
kolbaskiprosto,channel,МЯСНАЯ ШКОЛА УРАЛА Колбаски Просто,560,
ashy5702,channel,ashy,1622,buy @ashymgmt https://youtube.com/@wishineverknew www.instagram.com/wishineverknew https://genius.com/artists/1ashy
ashy_f332,channel,🍵🥀Сад цветочного чайки 🥀🍵,166,"Добро пожаловать в мой (подвал) Сад.... на свой страх и риск, новых глаз не выдаём.... Обращаться сюда — @ash_artx04 17+  контенты и более Мой бусти  https://boosty.to/ashley_cvetocnaja_chajka/donate"
ashyqkz,channel,Проект «Ashyq»,610,Мобильное приложение «Ashyq» — это дополнительные меры предосторожности в борьбе с COVID-19.  Обратная связь: @a_ru_ana
ashziron_cosplay,channel,Ash_Cosplay 🩶✨,442,
ashydorm,channel,Ashy Dorm | Переводы Twisted Wonderland,349,[🥀] Tvrch by @ashy1bunny
ashyloops,channel,ashyloopsdemosstarters,226,main: @ashy5702  dm: @ashymgmt если чета делаете то кидайте в дм
ashwrq,channel,haunt u,175,Я в поднебесье
saziye_asizena_kny_oc,channel,Рест//Kny oc// Saziye Asizena //❤️,30,Приветик! Я фан перс из клинок рассекающих демонов.  Я только начинаю свою карьеру! Буду стараться набрать много пдп! 💎  Моя личка: @ViviVCHATE  Др Сазие : 21 октября  Др Асиляо : 2 Август Др Азена : 2 Август Др Автора : 21 октября Др канала : 26.05.2026
agusha_067,channel,{РЕ𑀝Т}•𐌲ρуɯᥲ Аᴦуɯᥲ•,85,~Тут ви першими дізнаватиметеся про фестивалі в Києві та мої косплеї 😊~ Писати за питаннями/допомогою~ @yipeeeeXD Анон ~ https://t.me/anonymousnovalentinebot?start=7501295668
ashynski,channel,Эшинский,66,
meowshioo,channel,Meowshio рест,38,Зовите меня шу!¡ по вопросам: @meowshio
ashy_pixel,channel,AshyPixel__,17,Может быть 18+ контент
ariashowlive,channel,Aria Portal,693,
amariyapng,channel,амаря.пнг,60,"Цейво малюю всяке русні тут не раді Зв'язок: t.me/amariyapng?direct Щітпост(не заходьте, там воняє): https://t.me/+HG0ITI-RD48yYmIy"
aya_s_altaya_songs,group,🎤 Айя из Алтая 🎼 Песни.,91,"""ПроПесни"" МузКанал поэтессы  ©АЙИ КОМЛЯНСКОЙ Основной канал только тут t.me/kln845  *По всем вопросам обращайтесь  лично ко мне @AyaKomlyanskaya  Пишу стихи, сказки, песни на заказ. Автор: Айя Комлянская  ©все права защищены авторским правом"
aiviaeng,group,AIVIA | Official Group ENG,98,Website: https://aivia.io
iriyasinger,group,Певица Ирия🎵Марина Лаврентьева (Богданова),91,"Здесь будет немного всякого разного о моей творческой и не очень жизни)) Я ""петербургская сирена"", актриса мюзиклов, лауреат вокальных конкурсов, солистка групп Mama Nature, Welladay. Обучаю вокалу, фортепиано. Модель, финалистка ""Петербургской красавицы"""
personalaria,channel,Ария,17,Канал всякого breadа
tima_zanoza,channel,Тима Заноза,70,
aryagraphic_team,channel,آریا گرافیک | Arya Graphic,40,🎨 هر پوستر، یک داستان 🔥پیج اینستاگرام : https://www.instagram.com/aryagraphic1 📩 جهت ثبت سفارش و همکاری از طریق پی‌وی با ما در  ارتباط باشید. - @Sauopr - @brother_amirali
graphics_aria,channel,خدمات گرافیک | آریا گستر | طراحی بنر | طراحی لوگو,34,• پذیرش سفارشات امور گرافیکی و تبلیغاتی • طراحی سایت • سئو و بهینه سازی  • 0936-125-2081 | تلگرام و واتساپ              @Aria_gostar_sup |ارتباط با ادمین
arealorsylvia,channel,Areal [🎀Сильвия🎀] ⋆˖ ࣪,33,Пж не говорите моим родителям про этот канал🛌
ariyakars,channel,°Ariya Kars°,14,"Охаё. Приветствую вас  в моём чистилище! Я создала это место, чтобы воплощать здесь свои фантазии в реальный мир и хоть как-то  взаимодействовать с социумом. Вам интересно моё творчество? Подписывайтесь на мои другие соц. сети, они в закрепе🥀"
ariacommunity,group,Aria Community,29,Խմբի կանոնները և պայմաններ https://telegra.ph/Aria-Community-Terms-and-Condition-09-16
rainbowphysics_aria,channel,Aria [they/he/she] / 🌈Physics,9,Proxy for Aria @physicsfox
playariabot,bot,Aria Game,,Enjoy and earn rewards in AriaLand. Chat: @ariagame ANN: @playaria
avariya_01,channel,музыкальная группа,1,
zapusky_lab_bot,bot,Аира AI-ассистент,,
arijaaaaa_bot,bot,Арийя.Бот,,
furiyaai,channel,Furiya AI,1,"Furiya AI - проект присвячений мистецтву інтелекту для генерації картинок або простіше ""ШІ картинки"". На тему - “Люди-звірі” , “Антропоморфні тварини” , “Фурі”."
aliyaswd_bot,bot,алия,,
ariaaigirl_bot,bot,Aria Ai Girl,,Dive into the world of ai girlfriend and enjoy
gayazemlya_bot,bot,Богиня Земли Гайя,,"Богиня Земли Гайя, поможет тебе освоить стратегии выгодного оформления земли под свои цели"
korea_with_masha_osetrova,channel,Читаю и пишу о Корее,3529,"личный канал востоковеда Марии Осетровой о культуре, обществе, литературе двух Корей, российско-корейских связях и новостях. Если вам нужно написать мне напрямую, можно сюда: https://t.me/osetrova_korea"
valkyrie_game,channel,𝙑𝙖𝙡𝙠𝙮𝙧𝙞𝙚 𝙂𝙖𝙢𝙚,206,🔷️ Shop Channel : @Valkyrie_Shops 🔷️ Gap Channel : @Valkyrie_Gap 🔷️ Roll Channel : @Valkyrie_Roll 🔷️ War Channel : @Valkyrie_War 🔷️ Info Channel : @Valkyrie_Info 🔷️ Label Channel : @Republic_Label  Owner : @SovietPoland & @RedwoodOriginal_Fx
valkyrie_protocol,group,Valkyrie Protocol,877,
valkyrie_tme,channel,ⲁⲗⲉⲕⲥⲉύ ⲃⲁⲗьⲕυⲣυя #🧟,277,𝐦𝐲 𝐝𝐦: @eu_tme archive beats: @alexvalkyrie_archive 𝐥𝐨𝐨𝐩 𝐜𝐡𝐚𝐧𝐧𝐞𝐥: @alexey_loops 𝐬𝐨𝐮𝐧𝐝𝐜𝐥𝐨𝐮𝐝: https://soundcloud.com/alex_valkyrie 𝐲𝐨𝐮𝐭𝐮𝐛𝐞: https://www.youtube.com/@alexey_valkyrie  #deadmaonline2027
valkyrie_info,channel,Valkyrie Info,10,🔷️ Shop Channel : @Valkyrie_Shops 🔷️ Gap Channel : @Valkyrie_Gap 🔷️ Roll Channel : @Valkyrie_Roll 🔷️ War Channel : @Valkyrie_War 🔷️ Info Channel : @Valkyrie_Info 🔷️ Label Channel : @Republic_Label
valkyrie_cdt,channel,| VALKYRIE |,99,
valkyrie_esports,group,“Valkyrie” e-Sports,86,
valensiidv,channel,идеи чурочных.🕸️,132,"вз не заключаем, только вп и оп. по всем вопросам к @valensiidvadminsbot"
valkyriecybersport_uz,group,"""VALKYRIE"" e-Sports (Chat)",64,"""ValkyriE"" Game club"
vikilove06,channel,víkulya,326,
the_spectral_revolution,channel,Spectral Valkyrie's Revolutionary Meme Pod,219,Meme relay and niche interest shit
salviakys,channel,сальвия кусь,100,"сальвия/шалфей  ⊹₊ ˚ ‧  ︵‿ ₊  ୨ ᰔ ୧  ₊ ‿︵  ‧ ˚ ₊⊹ трейды, комишены - закрыты"
valkyrianlust,channel,[FIN] fru420MLG 🧏🏿‍♀️,99,
sentmargogh,channel,ᴍᴀʀɢᴏɢʜ̶ |,147,строиз одной ведьмы 🪐  мемберка [ t.me/valkyrie_cdt ]
valkyriepharma,channel,Valkyrie Pharma,11,"Valkyrie Pharma your trusted source for premium-grade anabolic steroids and performance-enhancing compounds. We offer a range of injectable and oral products, including testosterone, trenbolone, nandrolone, and SARMs, all lab-tested for purity and potency"
annashalyapina_coachzontik,channel,Анна Шаляпина || Зонтик коуча🫸☂️🫷,435,"Канал про коучинг для жизни и как помочь себе  Развиваем EQ: самосознание | саморегуляция | мотивация | эмпатия | социальные навыки   Я сертифицированный коуч (работаю в психодинамическом подходе) Бизнес-тренер, МВА Для связи: https://t.me/Anna_Shalyapina"
intselfdev,channel,Интегральное Самопознание,118,"Портал Интегрального Самопознания ""Утренняя Роса"""
mind4ull,channel,Дом Осознанности,228,"Пространство, где ты можешь найти свою практику осознанности,  поделиться своими чувствами и эмоциями, отдохнуть от суеты в моих текстах.  Написать мне @alyona_atayants  https://taplink.cc/ataiants.a https://t.me/TEA_pleasure"
happy_people_school,channel,"Виктория Шорите - психотерапевт, коуч ICF, преподаватель 🤲🏻🤍🤲🏻",358,"Гештальт-терапевт, магистр психологии, коуч ICF, педагог, со-основатель и ректор АНО ""Эволюция"", со-основатель Futuro School 🕊️  ⚜️Самосознание и Терапия Души ⚜️Развитие мета-навыков и EQ ⚜️Ведущая терапевтических групп, супервизор, лектор"
kneizvestnomu,channel,kneiZvestnomu,99,Мой Маленький сад / самосознание & самореализация  Онлайн курс: https://vipassana.tounknown.com Наш канал по музыке: @osouls
sapsappsa,channel,Psapsa,22,Фиксация проявлений образа мысли
glebponomarevkz,channel,Гілеке 👨🏻🇰🇿,11861,"🐎 Кочевник, публицист 🇰🇿 Автор книги «Казахский язык с Гілеке»"
khrustalev1,channel,Хрусталёв!,237,"Книги, тексты, мнения"
mparfiryev,channel,Максим Парфирьев 🙏🇷🇺🌞,979,"Охотник, правозащитник, общественный деятель, публицист. @AkitaMatagiKen ★ПОДДЕРЖАТЬ КАНАЛ★ 💳СБЕР - 2202206729175138 - НАТАЛЬЯ СЕРГЕЕВНА Н."
dobryninart,channel,dobryninakati,415,"Художник, Мечтательница, Творец Кати, создательница Бренда авторских украшений из фарфора и аксессуаров  По всем вопросам пиши сюда👇  @dobryninakati"
mimoza_soul,channel,Мимоза | Духовное пространство,569,Осознанные практики от прогрессора космоэнергетики и мастера-учителя рэйки.   Изучаю сефиротическую традицию и стихии.   Делюсь наработками Души в подкасте https://podcast.ru/1797703407 💫   Личный аккаунт @Mimoza_Teacher
tanialenkova,channel,Татьяна Ленкова,237,Пространство стратегической ясности для людей Дела. Работа в точках перехода.
oldskull2025,channel,OldSkull,168,"Old Skull | Канал-лаборатория. Старая школа снова в деле. Возрождаю забытые методы отделки дерева: лаки и шеллаки, морилки и протравы, щелочи и кислоты, смолы и камеди. Проверяю и адаптирую старинные рецепты и делюсь результатами."
lpytpb,channel,Лукоморье,1167,не однозначные взгляды на жизнь и дикий страх мейнстрима - это Лука  сотрудничество — @bratjob
khodeamirsaylos,channel,Info SAYLOS,586,
films2wonder,channel,Фильмоскоп 📽,795,"Замечательные фильмы. Авторские рецензии, мнения, взгляды  Сотрудничество: @pshngr  Ссылка для друзей: https://t.me/+y1XnZlS32xZiZDFi"
starmindss,channel,hoshi ni misetai,61,"the deeper the darkness, the stronger the light will be"
ariyanproxy,group,AriyaN Proxy CHAT,19429,
psiho_mysli,channel,Мысль,22689,ПсихоЛогос Дневник психолога.  ✍🏻 Сотрудничество: @manager_ariya
ariacurrency,group,aRIA Currency Official,634,Next Generation Real World Asset TOKEN with the fastest transaction time and lowest fees.  Buy: https://raydium.io/swap/?inputMint=sol&outputMint=Ca7abRdfWER9tzZb9UzuMyRjb9RNVJ4DB3tBgiYiYxR5  ariacurrency.com
nissanariyachat,group,Nissan Ariya Chat,1206,⚡️🚙💬Первый Чат для обсуждения на русском языке электромобиля Nissan Ariya  📋 Правила чата: https://t.me/nissanariyachat/5175/5177  У нас есть канал: https://t.me/EVforum  💬Все вопросы к @ilya_is
slavniypots18,channel,#slavniyparen’,319,#arheex member Биты: https://t.me/slavparbeatshop Booking:@horrorhero TikTok: https://www.tiktok.com/@sl_200706?_t=ZN-90Ldalk1vug&_r=1  def:@clemgod  ссылка на финансовую помощь в продвижении (при вашем желании) https://www.donationalerts.com/r/k1070r
rodslavyanskii,channel,Род славян 🪶,120,Вспомним как жили наши предки-славяне. Малоизвестные факты☀️  Связь с силой рода для гармонии и процветания в жизни 🫂  Могучий русский народ гордится корнями💪
kub_rosseti_yug_slavseti,channel,Славянские электрические сети,260,"Передача электроэнергии и технологическое присоединение Красноармейского, Славянского и Темрюкского районов."
russian_beauties_cam,channel,Русские красавицы 🇷🇺,227,Славянские красотки из России и Украины ADS: @ads_chanell_models
the_8th_house,group,Брокерский чат,2251,Проверь своего партнера 👁 #мошенник | #чс          Полезная информация; исследования🔍 telegra.ph/BROKERSKIJ-CHAT--The-8th-House-12-06  @askplexbot - цифровой админ 24/7 (инфо и поддержка)  #почитать | #послушать | #юмор
vera_azorskaya_life,channel,vera_azorskaya_life🤍,757,"Привет! Этот канал про жизнь, работу,  продукт и бизнес в компании NL от 🔝- партнера, Веры Азорской 🙌 Читай пост-знакомство в закрепленных)"
secrethousekiev,group,Secret House - Kinky VIP Club,1234,"Secret House -  это пространство, в котором Вы можете найти партнера/компанию для реализации сокровенных желаний, а также посетить самые топовые тайные вечеринки Киева 🔝 по выгодным ценам! Запись на ивенты @AsyaMD Продвижение и реклама @AsyaMD @GuySecret"
mironenanna_freedom,channel,Как быть счастливой/Анна Мироненко,594,"🌹 Я — Анна Мироненко психолог, помогаю преодолеть кризисы в отношениях: — развод — измена — повторяющиеся сценарии  — любовная зависимость  — не получается встретить партнера   Задать вопрос или записаться на консультацию: @mironenanna"
igoshinrmn,channel,Капитан Ледокола,315,"Канал Романа Игошина, партнера IT-Agency. Пишу про свою трансформацию из специалиста в ТОП-менеджера и внутреннюю кухню агентства."
plotnikovlaw,channel,"Илья Плотников | Право, бизнес, стратегия",440,Личный канал управляющего партнера Юридической группы «Плотников и партнеры».    ⚖️ Право для бизнеса | 📈 Стратегическое управление | 🤖 Технологии и цифровая экономика    Контакты:   💬 @Ilia_Plotnikov   ✉️ plotnikov@plotnikovlaw.ru   🌐 plotnikovlaw.ru
copracticum,channel,CoPracticum Коучинговые Практики,497,"Коучинговые практики в профессиональной среде — канал комьюнити copracticum.com  Проект Светланы Хоняк, управляющего партнера Team Practicum  Подпишитесь на рассылку новостей для коучей → copracticum.com   По вопросам → https://t.me/CoPracticum_bot"
leya_gornaya_leyagornayafans,channel,Leya Gornaya 🥰,3069,
yayagayagishna,channel,БЛОГ НА КУРЬИХ НОЖКАХ 🧹,324,"Что в котелке, то и в жизни!"
gadzaaaaaa,channel,𝒂𝒍𝒊𝒏𝒂_𝒈𝒂𝒅𝒛𝒂𝒐𝒏𝒐𝒗𝒂,117,
alimjaanova,channel,по сути,170,я люблю чонгука
aigulyanbekova,channel,АЙГУЛЬ | Бешеная улитка 🐌 Похудение & Китай 🇨🇳,227,"Худею честно (90 ➔ 65 кг)  🥗 Мои ПП-рецепты, за которые не стыдно перед семьей  🛍 Совместные закупки: тащу из Китая всё, от шмоток до гаджетов  👩‍👦‍👦 Выживаю в декрете с юмором и пользой ДЛЯ ТВОЕГО ПЕРВОГО ЗАКУПА ПИШИ👇 https://t.me/aigul_yanbekova"
aiva_iliasova,channel,AIGUL ILIASOVA,137,
ayuryeevna,channel,"я была, есть и буду",119,090425 —  i have nothing without you
iav_dsgn,channel,Иволгина,91,"Иволгина Анастасия — дизайнер сайтов, сервисов, цифровых продуктов and such a multitalented girl   Тут делюсь работой и жизнью   Написать — @Ivolgina_dsgn  Портфолио — dprofile.ru/iav_dsgn"
nutri_vitaminka_msk,channel,Nutri КУХНЯ♻️Оксана Елисеева,158,"Чем питается Клинический нутрициолог? 🥦🍊🍏🫚🥑🧄🥬🍋🥥  Личный блог о здоровой еде  - рецепты, продуктовые корзины, полезные ссылки и промокоды, заметки и лайфстайл с обучения в УОМ  Рациональный подход без демонизации продуктов ♻️"
vitaminka_shvalova,channel,Питание для здоровья❗,84,"Я Снежана Швалова - региональный представитель компании Витамакс в Новосибирске   Как сохранить и поддержать здоровье, молодость, стройность и долголетие.  По всем вопросам пишите в личку @snegana_shvalova"
oigashevchenko,channel,Психолог Ольга Шевченко,474,"20 лет помогаю людям пережить развод, создать семью, наладить отношения, избавиться от паники и тревоги. Гештальт, EMDR, ImTT, EFT, Брейнспоттинг Супервизор, тренер, ведущая групп, тренингов, мастер-классов, лекций."
pro_art_polet,channel,Дарья Полетаева | ARTpolet | Познаём мир через искусство,632,"🎨 Познаём мир и себя через искусство 👀 Учимся замечать, думать и задавать вопросы  💓 Для родителей, педагогов и всех, кто хочет смотреть на мир внимательнее  Как провести лето с ребёнком 👇🏻 https://t.me/pro_art_polet/2143  автор @daria_art_polet"
daotkm,channel,здоровье по-КИТАЙСКИ,350,Познаём секреты совершенномудрых вместе! Даосы о здоровом творческом долголетии!  Для записи: @yuluydm  https://taplink.cc/daoqiguun
toyogalove,channel,to.yo.ga,340,"✨Пространство, где мы говорим о здоровье, образе жизни, мышлении. Развиваемся, познаём себя и мир вокруг. Идём вместе по пути к счастливой, насыщенной и осознанной жизни через Йогу 🧘🏻‍♀️  контакт для записи: @Tonya_yoga"
zhaikpress,channel,JAIYQ PRESS,924,• БҚО-ның ресми жаңалықтары - официальные новости  • Өңірдегі басты жаңалықтардан xабардар болыңыздар!
sayakamikicf,channel,♪•𝐒𝐚𝐲𝐚𝐤𝐚 𝐌𝐢𝐤𝐢 𝐜𝐨𝐧𝐟𝐞𝐬𝐬𝐢𝐨𝐧 𝐱 (𝐧𝐨𝐧) 𝐝𝐚𝐢𝐥𝐲!•♪,162,Тру фаны саяки срз Владелец: @IriS_MKI Бот для тейков: @SayakaCfBot Чат: https://t.me/+BwfCD32F-cJjNzUy
igravmir42,channel,Маяк в городе,145,•временно закрыты•  Хаотичный дневник творческого пространства «Маяк»
hungrybird_yalta,channel,Hungry bird • Терияки • Доставка • Ялта,110,
mehraakk,channel,MEHRAAK,116,
nyakakawaii,channel,село Животики,115,https://t.me/+VGHmlwiDDtY4OTUy (здесь музыка)  https://t.me/selojivotikiarts (здесь рисунки)  https://t.me/boost/nyakakawaii (сюда бустить)  Фоткаю на: Canon 800d Olympus e-420 Nicon coolpix s3100 Sony dcr-hc94 Sony ericsson spiro Samsung VP-mx10A
hexfletn_warlock,channel,W4RLOCK,29,"Меня зовут Варлок, ака Кейси. Короче рисую картинки, играю в игры, хвалю и ругаю всякие фильмы."
trenazhkz,channel,Тренаж. KZ,270,"Этот канал для интересующихся. Он про театральные, и разные художественные явления и иногда про занятия для своего человеческого развития, в том числе  профессионального."
hoteldukka,channel,Hotel Dukka | Отель в Архызе | СПА | Ресторан,329,Отель Дукка расположен в пос.Романтик в шаговой доступности от подъемников курорта Архыз. Из отеля имеется прямой доступ к зеленой трассе. Посмотреть и забронировать доступные номера можно на сайте https://hoteldukka.ru или по тел: +7 938 653-88-55
azhbazh,channel,Bazhulya,120,
unpleasent,channel,Неприятный канал,496936,Официальный канал Приятного Ильдара.  masterildar.reklama@gmail.com - реклама @visix - реклама в тг  @prostomerch - вопросы по мерчу  Регистрация в перечне владельцев страниц в соцсетях - https://goo.su/xBnYQB6
chkkdvuuu,channel,vurvyen,2054,@mmnmnmr - личка  анонимка http://t.me/anonaskbot?start=WVNq6h79wO48XVB
lovemerches,channel,Lovemerches,829,🌹 Магія книжкового мерчу
helluvashop_tme,group,Həl·lűva Ṣhọp,1217,Тгк по мерчу в наличии/коллектах/инд заказов по HazbinHotel&HelluvaBoss.  Босс телеграмм канала: @Yakitoriiya  ПРАВИЛА https://t.me/+l_3c50lPOMwxYjQy Предложка Хеллува Вестника https://t.me/HHandHB_auction_bot Группа вк https://vk.com/helluva_shop
rhodlineua,channel,Rhodesian Line UA,448,"Стартап нестандартної навколовоєнної символіки, одягу і мерчу Rhodesian Line UA  Для замовлення пишіть на:  @RhLineUA"
radzammm,channel,RaDZaM | رادزم,268,به کانال رادزم خوش اومدی سلطان😉 OWNER : @JonS1st FIFA TB|تبادلات فیفا @FIFA_TB
vnezzonedostupaaa1,channel,𝐛𝐚𝐭 𝐜𝐚𝐭,93,
fardenza,channel,Faradenza,68,Оформление - @lilpytport
senfoni_uz,channel,S e n f o n i,89,SUV BO‘YIDAGI YANGI MANZIL Savdo bo‘limi ochildi 📞 +998 78 333 11 11
vengnz,channel,венганза,38,дом престарелых.
vizier_ads,channel,Vizier ads,4,
mackenzietshua,channel,Mackenzie Tshua Channel,4,• Designer • Founder of @INFECTUR @ProjectVOC • Travel 🇺🇸🇹🇼🇯🇵🇨🇳🇨🇦🇲🇽  @MackenzieTsai  Facebook.com/mackenzietsai Instagram.com/mackenzietsai/ Tumblr.com/blog/mackenzietsai Twitter.com/mackenzietsai
venzonshop,channel,venz,1,
ledikcanime,channel,LedixAnime🧊,318,•Здесь будут публиковаться самые свежие новинки по АнимеЭдитам •По вопросам рекламы писать в коментарии
love_confession_123,channel,. ⋆ .⊹₊°[ love confession ]°₊⊹. ⋆ .,317,Бот для тейков:  @loveconfession2_bot Здесь можно выразить свои чувства и никто вас не осудит (все злобные коментарии будут удалены)
greenmarket_kzn,group,GreenMarket Афиша (коментарии),95,
arenabreakoutrussia,group,Arena Breakout|пивные коментарии,99,
arbuzoletters,channel,Записки Арбузика :3,87,"Записочки, где записываются все записи о записях про записи @bloodyjey если есть коментарии и вообще  поддержите нас и зовите своих друзей :з"
shrimp_yas,channel,Креветка 🍤 да +18,58,"Буду рада любой поддержке! Коментарии, реакции, репосты. все все!"
otzivihanabi,channel,отзывы Hanabi hub,31,
darkknightsreviews,channel,отзывы Dark knights,14,
lolikvluo2,channel,Логово Лолика🍓,69,"Артики, и обои для ПК/телефонов Нет любимого персонажа пиши в коментарии найду оч много :)  Так же тут мои рисунки и иногда что-то про жизнь  Мой лс для связи @Lolikvluo1 https://www.tiktok.com/@lolikvluo7 Мой ТТ"
lolimonv,channel,3 резиночки,51,"Привет тем, кто попал в мой телеграмм! Это тгк посвященный каналу 3 резиночки, тут вы найдете: • Мои рисунки •Планы на видео •Новости про меня  Фан арты присылать в анонимку/коментарии  Правила чата, анон, прайс, инфопост - в закрепе"
nucynona,channel,отзывы РАЛЬЗЕЯ,26,тут будут все отзывы которые будут делать люди после победы в конкурсе  здесь отзывы по приваткам ЭВО РАЙЗ И КНАЙФ   у меня 2 канала
crimsrv,channel,𝐂𝐑𝐈𝐌𝐒𝐎𝐍 𝐀𝐍𝐆𝐄𝐋𝐒 reviews,19,Ваши прекрасные отзывы @CNAANGELS
arkhivkanalgllupogokozla,channel,[ АРХИВ ] козел глуповатый,30,hi!! this is my TG channel here I will draw all sorts of things boost - https://t.me/boost/incrediblySStupidG0at anon - http://t.me/anonaskbot?start=ibaBCZiqvKIIofC  my birthday-13.08  В ЧАТ КАНАЛА ЗАХОДИТЬ НЕ НУЖНО!! ЭТО ТОЛЬКО КОМЕНТАРИИ.
zaoalliance1997,channel,"ЗАО ""АЛЬЯНС""",23,"Телеграм-канал крупнейшего таможенного терминала во Владимирской области.   С 1997 года оказываем полный спектр услуг по таможенному оформлению, складскому хранению и экспедированию грузов.    ! Контактные данные в первом закрепленном коментарии"
commentsruss,channel,📝🌏COMMENTS🇷🇺,13,Самые убойные коментарии из соц сетей! @videoprik @porncinema
fan_st4r00l,channel,чмоня стар ˃ᴗ˂,14,"добро пожаловать  ˙˚ʚ(´◡`)ɞ˚˙ канал по скетчам брайна • рисунки • эдиты • просто видео посвещенные какому то отдельному персонажу подписывайтесь, ваши реакции, коментарии и подписки - моя motivation, это все очень важно для меня, you know?"
gethoroscopei,channel,Рест - Гороскоп по гет манхвам,134,бредовый гороскоп эаэа начало: 17.09.24
predictionsyoga,channel,Предсказания и Йога,378,
guide_25,channel,"Пyтᴇводный кᴘолик | манга, манхва, маньхуа, дорамы, аниме.",205,"Приветствую тебя!  Данная группа посвящена мангам, манхвам, маньхуа. Так же все прочие обновления и дополнения к ним, в виде аниме, дорам и ранобэ ^~^ Тяжело искать чтобы почитать в свободное время. Чтобы тайтл был закончен и его перевод? Ты в правильном!"
kotorolmempublic,channel,Котороль,297,Всё самое смешное о наших величественных пушистиках 😼👑
catondex_official,group,🔸$CATonDEX🔸,879,HOLD THE CAT→EARN $BITCOIN  No presale. No fake promises. No BS. $CATonDEX | FROM ZERO TO HERO
ru_laravel,group,DELETED - Мы переехали на @laravelrus,485,Мы переехали на https://t.me/laravelrus
pritful_tg,channel,ПРИТЬФУЛЬ МЫСЛИТ АХАХААХАХ,268,фестивали обжорства и безумия……  https://t.me/bazazupp - мое детище  2202 2082 6123 3960
btcatportall,channel,$BTCAT portal,354,
fullstoponme,channel,𝐹𝑢𝑙𝑙 𝑆𝑡𝑜𝑝🧶,99,سلام جگرا✨ مخلص شما، وادی هستم~ امیدوارم از مشاهده‌ی آثار‌ نسبتاً هنری بنده‌ لذت ببرید=) اگر هم حرفی سخنی داشتین🌱: @TalkToWaddi_bot t.me/HidenChat_Bot?start=1034683025
kattyalifestyle,channel,katya’s lifestyle,114,📍moscow  student of rea lifestyle | sport | journalism  inst: __kattyaaaa__
maxwellcommunity,channel,Maxwell Community - Portal,167,
mtlktk,channel,Метал і котики,32,I think God is moving its tongue...
katlerblog,channel,трансляция кэт,87,
fotiniya_dr,channel,"ART-мастерская ""Фотиния""",93,"Стены, холст, дерево, кожа, керамика, стекло, а возможно скоро и другие материалы и поверхности подвергнутся моей росписи! 🎨 📤Доставка по России📦 Для заказа и приобретения из наличия: @SD_Fotinia https://wa.me/+79615115601"
eltanin1,channel,eltanin ⊹,68,потуши свет и увидишь звёзды ✨  вк: https://vk.com/eltanin
the_forge_katara,channel,THE FORGE KATARA,29,🐥Владелец: @katarochka.  По всем ❕️ВАЖНЫМ❕️вопросам сюда.  🐋Я в тиктоке: https://www.tiktok.com/@kaattaara?_t=ZN-8zt2TpKKmec&_r=1  🔔Я в ютуб: https://youtube.com/@kaattaar  🪼Мои каналы в тг:  @kaattaara  @THE_FORGE_KATARA .  ❕️Меня НЕТ в лайке.❕️
cathedralcomics,channel,𝐂𝐀𝐓𝐇𝐄𝐃𝐑𝐀𝐋 𝐂𝐎𝐌𝐈𝐂𝐒,8,
blacklifeblackcats,channel,жизнь в чёрном теле,15,"Йоль, Ёлка и другие кошки-ёшки - Ёшка и Йота, живущие на карельском хуторе                                 (не рекламируюсь, подписчиков не коллекционирую, доступ открыт для всех)"
levivera_otchet,channel,Полный Отчёт,9,Полный отчет ✅  Полный Контроль 🇷🇺
kot_bayun333,channel,КОТ-БАЮН🐈‍⬛️,19,"Гадания. Предсказания. Расклады на картах Таро, Ленорман, Оракулах. Магические свечи ручной работы, отжиги, практики. Магические, обережные артефакты.🌿  По интересующим вопросам пишите @Anzh_333"
cartelgamebot,bot,CARTEL GAME 🔫,,Cartel is a street simulator where you have to become the king of the neighborhood! 🎮  Сhannel @cartelgame_official
chairygenbot,bot,Chairy v2,,
usupovovillage,channel,Юсупово Вилладж | Лайф Парк,581,"Откройте для себя новый коттеджный посёлок Бизнес класса Юсупово Village — место, где вы захотите остаться на всю жизнь. Авторские современные дома просто идеальны для жизни, семейного времяпрепровождения и встреч с друзьями."
novoalekseevsk,channel,НСО. ИЖС. Новоалексеевск.,277,Добро пожаловать в ТГ-канал посёлка Новоалексеевск 🤚🏼 Все о нашем посёлке и о земельных участках ИЖС в НСО! Хотите больше информации⁉️ Наш сайт -  https://novoalexeevsk.ru/?utm_source=tel WA - https://wa.me/message/VSL7OTUJLJKCO1 📞 +79833106439
magmalokomotiv,channel,ЖК на Локомотивной🚂 г. Ульяновск,17,"ООО СЗ ""Магма Симбирск"" рада представить вам новый проект - ЖК на Локомотивной.  Отдел продаж: г. Ульяновск, ул. Луначарского, 23В,этаж 1, офис 1 📞 8 929 790 07 47 - Андрей 📞8 (8422) 706-706 📞8 (8422) 707-700 🌐https://magmasimbirsk.ru/"
t_alexandrov,channel,Тимур Александров | Оформление леса 🌳,19,"Руковожу командой URMAN лесные решения 👉 https://t.me/urman_les Делюсь кейсами🔑 Коротко о команде: 🌲 Оформляем лес с 2010 г. 🌲 Более 1000 завершенных проектов 🌲 Среди клиентов: Газпром,Роснефть,Транснефть,РЖД и др.  Онлайн консультация 👉 @URMANgroup_bot"
slikow,channel,Юрист Шлыков,14,"Юридические услуги для граждан и организаций. Все виды судебных споров в Москве. Звоните, обращайтесь! Профессиональная деятельность с 2007 года. Десятки успешных не публичных кейсов."
ostalsya_v_hause,channel,останемся в хаусе,434,✨ режиссерское творчество ✨
pcrecordsoffiziell,channel,PC Records Offiziell 2.0,2616,Offizieller Telegram Kanal von PC Records aus Chemnitz. Hier erfahrt ihr immer die aktuellen Neuigkeiten aus unserem Hause und der gesamten RAC Musikwelt!
sotilganuylarimizroyxati,channel,Sotilgan Uylarimiz Royxati,3,@Toshkentuybozoor #Sotilganuylar
izzyru,channel,IZZY RU,2156,"IZZY - простые решения для жизни и бизнеса по всему миру🌏  Все контакты в одном месте: https://taplink.cc/izzycoco  Дистрибуция, сотрудничество - @timakoreev"
izzangelll,channel,•𝙇𝙞𝙣𝙖 𝙞𝙯𝙯𝘼𝙣𝙜𝙚𝙡𝙡•,239,Анон: https://t.me/LunixAskBot?start=izzangell ТикТок: https://www.tiktok.com/@_izzangell?_r=1&_t=ZG-97ZSsrLg7k0
izzakino,channel,Изафет Эзберова,138,Волшебная на всю голову🪄 Креативно и качественно упакую и продвину ваш проект 💴   Главный креатор на @rgvk_tv
izzaagg,channel,dusty roses,103,
moutanafes,channel,مُتَنَفَّسْ 🫀,40,الحمد لله ساهموا في نشرها فالدال على الخير كفاعله Free Palestine 🇵🇸
aiyalisova,channel,Aiushka Radio,405,"Aiya’s very personal blog. Travel, lifestyle, studio. aiyabureau.com"
asiliamart,channel,ася фэй 🧚‍♀️,251,
akesheshe,channel,Әкеша,190,"Для таких же отцов как я, кто хочет ко всему подготовить детей в жизни, зная что это невозможно, но как минимум пытаются сделать все, чтобы их жизнь была лучше нашей Обратная связь: @has_ismail"
asyamusician,channel,𝓐sυᩛׄα ֺ ρɾ𑄜d,348,По всем вопросам: @asyamusicianbot Сводка: @asyainfoch
pro100_aisha,channel,просто айша,117,слабоумие и учеба  анонимка: https://t.me/aishanamelessbot
cmafinalspmbvclass,channel,ICMAI CMA Final SPM&BV PAPER NO.20A REGISTERED & UNREGISTERED STUDENTS,76,For Any Query Message at @classbyaj
aicy_ldina,channel,[REST] АЙСберг,64,Айс/Айси/Aйсу/Айсуха/Асу/Лёд Тут будут просто мои почеркушки с Айсом И открытое общение со мной!
alesyadesignru,channel,Alesyadesign.ru,25,"Красивые сады для тех, кто любит жить за городом 📐 Проектируем, визуализируем, реализуем 🏡 Участки от 1 сотки до 3 гектаров 📍 Уфа и за её пределами 📩 alesyadesign.ru"
yasclearningupdates,channel,𝗬𝗔𝗦𝗖 - 𝗟𝗘𝗔𝗥𝗡𝗜𝗡𝗚,10,🏛️ YOUTH AWAARA SERVICE COMMISSION (YASC) 📜 Official Gazette | Cadre Allocation Protocol:  👑 YAS: Youth Awaara Service [Supreme Command] 🚨 YPS: Youth Provisional Service [Tactical Patrol Force] 🌲 YFS: Youth Fauna Service [Off-Grid & Wild Operations]
budurukimixing,channel,Ayshot Prod.,748,"Mix/mastering, Beatmaking, Music Producing"
yansyettt,channel,Yan5yet,510,Spoty   linktr.ee/yansyet  Yandex   linktr.ee/yansyet  Soundcloud   linktr.ee/yansyet  Inst    linktr.ee/yansyet
asya_melamud_music,channel,With music for life 🎶🎹🎵🎸,29,
poshoutmusic,channel,Poshout | Личный блог муз продюсера,88,"Личный блог саунд продюсера, DJ, звукорежиссёра, CEO музыкального лейбла METRIKA MUSIC metrikamusic.com, CFO музыкального лейбла PARADIGM paradigm-music.ru  Темы: Музыка, бизнес, спорт, IT."
planetmusic01,channel,PLANET MUSIC 🌏,67,Музыкальное объедение 🌍  по всем вопросам: info.planetmusic.global@gmail.com
sayavers,channel,Aleksand SAYA,68,"Bienvenue sur mon Channel ! Ici tu retrouveras mes dates de concerts, des nouveautés, des inédits et autres actualités 🌋  📌 Plus on est de fous plus on rit, alors invite des proches a venir rejoindre la Force !"
ghmusicpro,group,AYOOGHANA.com Updates,50,"Music upload and responsive online promotion, DJ Mixes, Instrumentals  Music Distribution in Digital Platforms  News Publications  Graphics Design  Website development  Mobile App Development"
greenmoonprod,channel,green moon prod,37,"написание, продакшн, запись и сведение треков саунд продюсер с большим опытом работы  ◉ написание песен, текстов и аранжировок ◉ продакшн и запись вокала ◉ сведение + мастеринг"
chiyo_prod,channel,ℂ𝒉ιყ𝕠 🛼 𝑷ɾꪮ∂.,71,
ucuai2025records,channel,UCUAI Records,23,"Не ідеальні, бо живі. Живі, бо не ідеальні.  [KMB-UCW] > KΔRMA > MIRΔ > BRIΔN  [DR-UCWM] > DELTΔ1 > RΔVENNA  [prod.] > Джо  4.5.0. MHz  if ( city == ""sleep"" ) and ( time == ""04:50"" ) {     music_release = true; } else {     creative_mode = true; }"
yoshpunkmusic,channel,YoshPunk,37,KosmicMusic  instagram: https://www.instagram.com/yoshpunkk/?hl=en  youtube:https://www.youtube.com/@YoshPunk  spotify:https://open.spotify.com/artist/3ZVFhglOZYZFqTjcZ5y6Pw?si=cLrKinZ_TGiQO3TJb1P6og
asyashvetzphotovideographer,channel,Asya Shvetz Studio❤️‍🔥,12,Fashion & Music Visuals | Ai Artist 📸 Фото/видеограф из Москвы📍 🤖 Создаю AI-visual online ❤️‍🔥 Основные направления: • Fashion/Street style & Nude/Lingerie  • Портреты музыкантов и съемки для брендов  https://asyashvetz.com/ 📩 asya.shvetz@gmail.com
prodbycodyice,channel,prodbycodyice,11,https://t.me/codyicenolimit - мой тг артиста  приобретение и вопросы - @icenolmt
ranbhumi9921,channel,🏹 रणभूमी स्टडी पॉइंट 🏹,64879,💁‍♂आम्ही घेऊन आलो आहोत आपल्या करिता पोलीस भरती व सरळ सेवेसाठी उपयुक्त अशी ऑनलाइन टेस्ट सिरीज.  ⏹ खाली दिलेल्या लिंक वरून डेमो पेपर सोडवून बघा.  https://www.rayvila.com/u.php/210816143251  👉 टेस्ट सिरीज जॉईन करण्यासाठी 9921633765  बर वर संपर्क करा.
english_cartoons_multiklar,channel,English cartoons | Multiklar,679,Vizitka kanal
multikovtg,channel,MULTIKOV,1421,"Official Leica Photographer, teacher"
nenasmotrennaya,channel,Ненасмотренная,217,18+ Всем привет! Меня зовут Лера и я люблю смотреть фильмы. Подкаст можно послушать вот тут: https://podcast.ru/1652954696
podkastnezveri,channel,#НеЗвери,454,Канал подкаста об ответственном отношении к животным  🐯Наши выпуски можете найти здесь:  https://nezveri.mave.digital/  https://music.yandex.ru/album/28823652
hudojniy_podkast,channel,🎨ХУДОЖНІЙ ПОДКАСТ🥞,233,YouTube: https://www.youtube.com/@ХудожнійПодкаст  TikTok: https://www.tiktok.com/@hudohniy_podkast  Discord: https://discord.gg/F8VgfwYEfr
cheese_podkast,channel,Сырный Подкаст🧀,161,"🧀САМЫЙ СЫРНЫЙ КАНАЛ НА ПЛАНЕТЕ!🧀  🧀Тут очень много сыра, подкастов, и кайфа!🧀  🧀Фандом Рыси в группе - https://t.me/+WuEYuUBEV81hMWYy"
widioverheard,channel,┊ 𝗪𝗜𝗗𝗜 ` 𝖮𝖵𝖤𝖱𝖧𝖤𝖠𝖱𝖣! ⊹ 𓂃,168,"ᯏ ┊ ۪канал был выполнен профессионалами, просьба не повторять ! ⊹ 🍃 𓂃 𝗼𝘄𝗻𝗲𝗿𝘀 ~ @KCQK_5 , @stupid_ovsyanka ꒰ ‎ 🐈‍⬛️  ⊹ archive ~ @widiipds  ⏜"
nevidimka_podkast,channel,by Nevadimka,215,"Привет, рад видеть тебя 🫂 Меня зовут Вадик 🫣 Я амбассадор СДВГ Мой канал-это место где психология встречается с философией, а жизненные вопросы — с юмором. Откровенные мысли, и шутки — всё, что помогает разобраться в себе.  Для связи⬇️ @HoumeBro"
theymightbeheadlights,channel,хедлайтс,121,катод (женя) - https://t.me/katodband
medicina_podkast,channel,МЕДИЦИНА ПОДКАСТЫ ВРАЧИ | ЗДОРОВЬЕ,129,Подкасты по МЕДИЦИНЕ от ЭКСПЕРТОВ и ПРОФЕССОРОВ медицинских наук 👩‍⚕️  🤝Сотрудничество @o_pankratova
podkosovlive,channel,Podkosov LIVE,85,"Музыка, вокал, творчество, котики)"
sseovvs,channel,𝒍,4974,ma: @azmvkk
ssebezh,channel,Светский Себеж,4729,ПРЕДЛОЖКА @svetskiysebezhbot У нас нет разницы между уехавшими и оставшимися Себежанами🔉  Ты родился(-ась) в Себеже?  Был(-а) в Себеже хотя бы 1 раз? Хочешь посетить город Себеж как турист? Это все НЕ ВАЖ-НО!!! Ты уже часть города Себеж!
ssevav,channel,s.kl,135,
specelektromontazh,channel,СПЕЦЭЛЕКТРОМОНТАЖ,71,Профессиональный поставщик электрооборудования в Казани    - Монтаж под ключ   - Поддержка 24/7  - Широкий ассортимент   - Гарантия качества  -  Бесплатная доставка   info@sem24.ru 8 843 205 42 42
sevillasemueve,channel,Asociación sevillasemueve,87,Canal de difusión de la Asociación sevillasemueve www.sevillasemueve.org
garmsar_sez,channel,منطقه ویژه اقتصادی گرمسار,105,﷽‌ 🔹️🔷️تدبیر و تلاش برای ایجاد تحولی شگرف🔷️🔹️ 🔵🟢منطقه ویژه اقتصادی گرمسار؛قلب تپنده صنعت سبز ایران در شاهراه ابریشم🟢🔵
cherrrrrrryy,channel,cheqqquex🍒,87,
noojackal,channel,Шакальное логово,22,Инфа о @W1ldJackal / щп Шушу
chebureky_56,channel,Блог одинокого алкоголика 🕯️🍷,7,Скидываемся мне на блокси колу
chiclife_18,channel,chiclife🤍,5,
fuyukyn,channel,mc,2,@sigikk
dima_3290,channel,Вᴀɯ Диʍᴀ☯️,19,Приветствую вас на моём канале    Админов—ищу  Лс - @Dima_6701  Приписка- #Вастдима #Вашдима
azhukulovaa,channel,AZHUKULOVA,1359,"Анна Жукулова — дизайнер, преподаватель, художник, аспирант  Интеллектуальный блог про дизайн, искусство и саморазвитие 🕊  Отзывы: @azhukulova_feedback Связь со мной: @azhukulova"
college_culture_ykt,channel,ЯККиИ,567,Канал Якутского колледжа культуры и искусств им. А.Д. Макаровой
askhadulina_albina,channel,Канал Альбины Асхадулиной,104,"Я, Альбина Асхадулина, основатель интегратора из Сколково @telecomplatforms  Пишу о работе, ИТ, команде, родительстве, развитии и осознанности.  Буду рада вашим вопросам @albina_askhadulina"
nekulturny_kod,channel,(Не)культурный код,67,"Меня зовут Софи. И тут я рассуждаю о прекрасном и не очень, порой ругаюсь матом. Ворчу и рефлексирую. Присоединяйтесь! 🫶"
ak_a_ri_light,channel,ak_a_ri,21,"Искусство заканчивается в тот момент, когда ты сдаёшься"
aaruuly,channel,Ааруул,291,"Прикладное творчество, ааруул, изучение языка и культуры вне среды Иногда товшуур"
vakhiyo_dna,channel,Vakhiyo | History & DNA,54,https://www.tiktok.com/@vakhiyo_dna?_r=1&_t=ZP-94sBZXxGxep
ahytok,channel,ахюток,87,фанклуб хлеба
sinhooo,channel,Sinxo,82,
sayna_9,channel,Сайна,22,
altiybot,bot,AltiyHelp - обратная связь,,Бот от канала - https://t.me/loveIdaho Отвечает реальный человек. Бог благ!
ehaoylanashh,channel,Еха___ойла,78,
dinnnnnnnmk,channel,АллахӀан лай,42,Бакъо дукхаллица юстуш яц  Бакъо далилац юстуш ю  Ӏадлан Харачо
artewaaa,channel,إرتـواء 🧡🤍,322,قناةٌ إسلامية، ثقافية ومنصةٌ تعليمية 📖👩‍💻
afuqboom,channel,DaFuq!?Boom!,,"Official Telegram channel ""DaFuq!?Boom""  YouTube: https://youtube.com/@DaFuqBoom?si=yx9ljvVOHcQ7HcjS All other links will be in YouTube - DaFuq!?Boom!"
iorikkss,channel,chizuu1 🍃,80,тут будут всякие рисульки★ вся информация и ссылки в инфопосте!
mizukitsuzuki,channel,𓏲 ๋࣭ ࣪₊𝑀𝑖𝑧𝑢⊹ ࣪✨˖੭,24,
mvkaskii,channel,Izur7nn!! 🍔 16+ [WEEK REST],16,"Izur7nn/Maks. Рисую всякие фд, и не только Другие мои соц сети.   Тик ток: tiktok.com/@izur7nn Пинтерест: https://pin.it/cJOtp5Qxb Твиттер: https://x.com/Ded_maksim7 Бургеры это моя жизнь🍔🍔"
ogrizzokatsuko11,channel,𝙾𝙶𝚁𝙸𝚉𝙾𝙲𝙺 𝙰𝚃𝚂𝚄𝙺𝙾,11,"Хз че писать, но буду рад тебя сожрать."
pricelikawqz,channel,прайс канала SKNLIKA,2,канал: @likawqz
baiyunmeow,channel,BaiYuN (18+),770,Автор нишевого контента для нишевой аудитории    🌊Купить мерч - https://ghostshelf.shop/merchant/102?page=1  🌊Основа - https://x.com/baiyunmeow/  🌊ВК - https://vk.com/bayunmeow (мерч и маркеты)
shiyunachka,channel,.,587,лс. @k3g4l Анон. http://t.me/anonaskbot?start=bycnhka
kibikiri_author,channel,𝗞ޯρᥲ𝗰ⲏыύ ᥈𐔤k υ ⳝ𝗲᥈ыᥱ ᥴⲧρ𝗲᥈ы.,71,Канал про мое творчество Ссылки на щп канал и остальные соцсети в закрепе По всем вопросам писать в личку канала
ymaaaar,channel,мар,162,мебельная фабрика Оханы
baiailunredadriane,channel,Bai&Red,22,Косплейный тандем: Адриан Рэд и Бай Айлун делятся здесь своим творчеством и просто жизнью. 18+
fufu_i_huhu,channel,хиханьки да аханьки,12,этот канал больше неиспользуется.
yoimiyakisser,channel,hаru｡,1,cr: @.quiterifi on x｡   кр баннера не помн сорян｡   ❗ не продается | not for sale｡ ❗  id: @.mavuikaskisser on tg｡
alantyfydalta,channel,𝐀𝐋𝐀𝐍𝐈𝐀𝐍 𝐋𝐄𝐆𝐈𝐎𝐍,160,Ӕгъдау. Истори. Кад. Иугонд Ирыстон уӕлахиз уӕд!
tebesidanada,channel,суета,52,рисую всякое тут;~>
hamadaupdate,channel,﹙𝟗𝟗﹚ . . . 𝓙𝙊𝙔𝙍𝙄𝘿𝙀‧ ₊⊹,22,"ㅤ ㅤㅤ✶ 𝄒 𝑦𝘰𝘶𝘳 𝘥𝘢𝘪𝘭𝘺 𝘴𝘰𝘶𝘳𝘤𝘦 𝘧𝘰𝘳ㅤ ㅤㅤㅤ  𝘢𝘭𝘭 𝙪𝙥𝙙𝙖𝙩𝙚𝙨 𝘳𝘦𝘨𝘢𝘳𝘥𝘪𝘯𝘨ㅤ ㅤㅤㅤ  𝘵𝘩𝘦 𝘴͟𝘪͟𝘯͟𝘨͟𝘦͟𝘳  ,  𝘴͟𝘰͟𝘯͟𝘨͟𝘸͟𝘳͟𝘪͟𝘵͟𝘦͟𝘳 ㅤㅤㅤ  𝘢𝘯𝘥  𝘢͟𝘤͟𝘵͟𝘰͟𝘳͟/͟𝘢͟𝘤͟𝘵͟𝘳͟𝘦͟𝘴͟𝘴                 @filhodataylor  ㅤ"
ajayprojects,channel,Ajay's Projects,171,→ Channel for posting random stuff and designs crafted by @Ajay_Bhojani  » Since : 14/01/2021
tehnoproekt,channel,ТЕХНОПРОЕКТ,17,"ООО ""Технопроект"" -  производство от эскиза до многотысячных тиражей. Ваш надёжный партнёр в области производства индивидуальной пластиковой упаковки для различных групп товаров."
seaproject,channel,Си Проект,18,Официальный канал ЗАО «Си Проект» http://www.seaproject.ru
archprogroup,channel,АРХПРО-ГРУПП🏛,10,
aloprojeh_bot,bot,ربات اَلو پروژه,,🔰مرجع ثبت آگهی پروژه‌های فریلنسری، دانشجویی، دانش‌آموزی ────── کانال: 📢 @AloProjeh پشتیبانی : 🧑🏻‍💻 @AloProjeh_Admin
podvalakira09,channel,ꢒσɠɞαλ Αӄμρƅɩ,15,Добро пожаловать))
raya_shine,channel,ℜɑℽɑ ⅌ɼⅈɱɛ,9,Привязан к @SHINE_lolo
predateli_r,channel,ЧЕРЕП💀АХА,446,"ЧЕРЕП💀АХА все, что Вам нужно знать-здесь.  Новости из зоны СВО, помощь военным, Герои страны, предатели, исторические факты, новости из сферы технологии и достижении, пейзажи необъятной, многое другое и, конечно, мемчики!  Бот обратной связи @PR_RF_bot"
urkasumi,channel,психдиспансер,123,Пародийный аккаунт Штрих-кошки Неясны. Восприятие этого канала слишком всерьёз чревато последствиями — съедением заживо большим червём Джо. Да хранит вас Аха!
akira_motion,channel,Akira fam.,53,◾️ Instagram                                                             clck.ru/3PyV74 ㅤ                                                                              ㅤ ▫️ Tik Tok       clck.ru/3NxCDq  Life inst. ◾️ Instagram clck.ru/3PyVMU
akiraa_aa,channel,да кто этот ваш акира,54,
alyaskzoo,channel,"аля ""чудо вокруг""",30,"чудеса творю, зарисовки пишу"
ihihiwithahaha,channel,ихихи с ахаха,35,"собирает как-то мама сына в школу и кладёт ему с собой хлеб, колбасу и гвозди"
nightshiftaha,channel,Night Shift | АХА ЗАБЕГИ,16,
waohmaka,channel,канал по персонажам мха 2.0,5,ВАУ
chaska_haky,channel,база часки/хаку,4,"тут я делаю баннеры/стикеры/прем эмодзи и многое другое! брать можно, но на всех этих вещях будет мой юз/подпись"
xsmailk_freefire,group,Танысу чаты ангиме,533,"Қᴏɯ ᴋᴇᴧдіңіɜ чᴀᴛқᴀ!  Бұᴧ чᴀᴛᴛᴀ ᴀᴋᴋ ᴀᴧуғᴀ, ᴄᴀᴛуғᴀ, ᴀуыᴄᴛыᴩуғᴀ ʍүʍᴋіндіᴋ ᴀᴧᴀ ᴀᴧᴀᴄыɜ.  Аᴧдᴀныᴨ қᴀᴧʍᴀуыңыɜ үɯін, Гᴀᴩᴀнᴛ ( Кᴇᴨіᴧᴦᴇᴩ ) ді ɯᴀқыᴩғᴀныңыɜ жөн.  Гᴧᴀʙный Гᴀᴩᴀнᴛ ( Кᴇᴨіᴧᴦᴇᴩ ) : @lk❤ Селлерс"
asvernl,channel,exWDu,19,
amouracvg,channel,· ׂ 퀸카드 | 𝐀ꭑ𐐫𝘂𝗿α 🩷 ⊹ ࣪ ˖,5,𝐕α𝗻𝗲𝘀𝘀α | 𝐁𝗲𝗿𝗿𝘆 | ? | ? | ? 𝘁𝘁 - @oindustry
asyagro_official,group,AsyAgro,11873,Official Group of AsyAgro  Admins will never DM you first  www.asyagro.io
azalia_ni21,channel,Та самая сторона Азалии,164,
mazayashoping,group,MAZAYADEALS,409,MAZAYA DEALS
bayesianglobal,group,Bayesian Global (Official),1252,Official Links  Deck: https://bayesians.gitbook.io/bayesian Official website: https://bayesian.global/ Solutions: https://bayessolutions.io/ Twitter: https://twitter.com/BayesianBAYE Telegram: https://t.me/BayesianGlobal
asterianetwork,group,Asteria & Wexo,608,
azeappe,channel,ִ 𝃚 ꒰‌‌‌‌⳯ঌ ׄ⍺z᪾ᧉ⍺ꯥр࣮рࣶeִִ ۫፞ᮥ🩰 ᷭ𓈒݂݂ ׄ,286,ПОСТЫ ПОТОМ ОК ㅤ𝂅 ㅤ꫶𝂅 ᨀ ⃞🧴 ࣪  ʾ۫ׄ  ﹙ @azeappebot ﹚   ·. 𓈒ᑲoɗ゙ɥ ׄ   .ܸ ㅤ᷼🥛ᩙ ࣪ ׂ  𝃚⌢⃔ρ𐇽ꯥe⍶𐐲l࣮ㅤِ ִ 𝃚
shoppgmall,group,🌺 Shop PGMALL,380,DAFTAR PERCUMA PGMALL @PGMALLBOT
azureacademy,group,Azure Academy - News,251,www.azureacademy.com.br
salaandalucia,group,Sala Andalucia *Original*,88,
zilla_app,group,ZILLA app,319,
aizaleautilitytoken,group,Aizalea Token Community,66,
asielya_workshop1,group,AsiElya workshop Эксклюзивные изделия ручной работы,129,Эксклюзивная мастерская в Бухаре  В наличии и на заказ Идеальный подарок для родных и близких  💯Гарантия качества и безопасности  🤝🏻постоянным клиентам скидки  🚚 Доставка по всему Узбекистану ✍🏻 По вопросам приобретения @Asielya
sad_azalia,channel,печальная•азалия,12,
azazazazalia,channel,𝒜𝓏𝒶🪩奥村ツツジ::°,56,"Всем хай не кусаюсь, только немного  @mui_200m"
azeacode,channel,AzeaCode,76,
acealian,channel,Ленивый барашек,74,Достаём свой запал и силы работать
vrealia,channel,VRealia | Дни рождения и развлечения в Воронеже,50,"Бронь через LANGAME APP -10% https://clck.ru/3NryN5 ⚡️  VRealia — развлечения в Воронеже: VR-игры, автосимуляторы, “Пол это лава”, приставки и Just Dance.  Дни рождения, выпускные, корпоративы и отдых с друзьями.  📍 Ленинский проспект, 1Д 3 ЭТАЖ"
rimi_ategrass,channel,Rimiriです！,68,
bibblesoura,channel,𝖡𝖨𝘽𝗕𝗟𝗘 | 𝘔𝘢𝘎𝘐𝘊,59,"SOJI / MIKASA / ELIS  / CHERA / ??? патент BIBBLE 31.08.24 связь — @J333LLY по ВАЖНЫМ причинам. анкета,правила и бот указан в закрепленном посте (комментарии). сотрудничество/вз/под крыло — бан в комментариях"
horrrpro,channel,Хоррр♥️,66,
summerfctt,channel,𝓗оминиция фктт !,15,bot : @summerfcttbot
miriakss,channel,ⲙiriᥲκss🩶,19,
forme_oi,channel,𝐅ℴr ℳᵉ || 𝐓r𝓊ᵉ 𝒮𝐬ᵉr𝒶𝐟iᵐ,9,
miracle_groop,channel,Miracle,11,
summerfcttbot,bot,— заявки ! 🐰,,channel: @summerfctt пишите заявки !!
actresscravers_chatbot,bot,Actress🔞Cravers,,Any reports/promotional talks takes place here.
azrail_i_vsadniki,channel,Азраил и Всадники Апокалипсиса,1547,Международная политика. Анализ без пропаганды.  Много интересного тут 👉 https://www.instagram.com/azrail_soul_doctor?igsh=Znk5bmJyODd2NGQ4&utm_source=qr
islammistan1,channel,Цель- -Довольства Аллаха,168,
ooriley,channel,O'Riley.zip,86,": @oriIey. 𝖡𝗋𝖾𝖺𝗄𝗂𝗇𝗀 𝖺𝗇𝗄𝗅𝖾𝗌 𝖺𝗇𝖽 𝖻𝗋𝖾𝖺𝗄𝗂𝗇𝗀 𝗇𝖾𝗐𝗌. 𝖿𝗋𝖾𝗌𝗁 𝗌𝗇𝖺𝗉𝗌𝗁𝗈𝗍𝗌, 𝗌𝗆𝗈𝗈𝗍𝗁 𝗉𝗅𝖺𝗒𝗌, 𝖺𝗇𝖽 𝗀𝗈𝗅𝖽𝖾𝗇 𝗍𝗂𝗆𝖾 𝗈𝖿 𝖬𝖺𝗍𝗍𝗁𝖾𝗐 𝖮'𝖱𝗂𝗅𝖾𝗒. 𝖳𝗎𝗇𝖾 𝗂𝗇, 𝗌𝗍𝖺𝗒 𝗌𝖺𝗇𝖾, 𝗌𝗍𝖺𝗒 𝖮'𝖱𝗂𝗅𝖾𝗒!"
turkulubu,channel,֎ A.S.A.L.A. WA ֎ 𝙲𝚘𝚛𝚛𝚒𝚍𝚘𝚛 𝚝𝚘 𝚝𝚑𝚎 𝚖𝚊𝚒𝚗 𝚌𝚑𝚊𝚗𝚗𝚎𝚕,39,Коридор в основной канал ֎ A.S.A.L.A. WA ֎  Бот для связи @Asalacorridorbot  Канал собственность @asaIa_wa  Наш новостной канал @asala_life
squeenaud,channel,SqueenAUD,7774,List of Free Credit 2025 👉 https://ausonlinepokies.link/ 👉 @TaylaSpin_bot 👉 @margothappy_bot 👉 @ChloeCash_bot  Gametips 2025 👉 https://freecreditpokies.com/
ruslinaq,channel,ruslina | arzu × ruslan cmh,3960,связь/предложка - @ruslinaq_bot
marussia_chat,group,"🚀 Marussia - Трейдинг FOREX/GOLD, XAUUSD!",692,
azure_russia,group,Microsoft Azure Developers (Russian User Group),521,Канал для тех кто работает с облачной технологией Microsoft Azure
theiarussia,channel,Theia Russia Group,54,Спутник вашего бизнеса Сайт компании https://theiarussia.ru/ Telegram: @theiarussiagroup Е-mail Компании: info@theiarussia.ru E-mail Спецтехника: tech@theiarussia.ru  E-mail Бухгалтерия: finance@theiarussia.ru E-mail Снабжение: snab@theiarussia.ru
auraearnchannel,channel,Aura Earn Company Inc.,87,Aura Earn Company Inc. platform is an international investment company.   Channel - https://t.me/AuraEarnChannel English Group 🇬🇧 - https://t.me/AuraEarnEnglish Русская Группа 🇷🇺 - https://t.me/AuraEarnRussian Website - https://auraearn.com/
bond_russ,channel,BOND RUSSIA,13,
blast_russiadev,channel,BLAST RUSSIA 🌋,44,
airasiainfo,channel,AIRASIABET Official,48,
airasiabetchannel,channel,AirAsiaBet Official📢,11,Website betting Sportbook terbaik nomor 1 di Asia
trueaslanshu,channel,Aslan Shukasha,27,
sasajigames,channel,𝑆𝑎𝑠𝑎𝑗𝑖𝐺𝑎𝑚𝑒𝑠 🗽,34,
alexsey_rusmobile,channel,Alexsey | «Русь Мобайл» ЮТУБ,13,
asiiakeis,group,Кейсы/отзывы. 🚀,7,
airasiabetslot,group,Claim Bonus Airasiabet,3,Ayo gabung bersama Airasiabet di https://t.me/airasiabetXtogel
biznes_reja_tuzish_bot,bot,BIZNES REJA TUZISH,,@BANK_BIZNES_BOSHLASH RASMIY KANALIMIZGA OBUNA BO'LING  REJASIZ ISH - QOLIBSIZ G'ISHT
kz_russia,channel,Black Rassia,,Заходи ищи Тиму сервер Пинк
ozonbankqa_bot,bot,ozonbankqa,,
laowaizaizhongguo,channel,Лаовайка (не) в Китае | 老外(不)在中国,372,Лайфстайл-блог о жизни в Китае и за его пределами.
hiperborujo,group,Группа Гиперборея,22,
takhfifau,channel,تخفیف های استرالیا,31,راهنمای برخورداری از تخفیف کالاها و سرویس ها در استرالیا، می توانید تخفیف هایتان را به فارسی زبانان استرالیا معرفی کنید. https://takhfif.au
asiarealtytoken,group,ASIA Realty,9,
central_tour,channel,Cenral Tur,8,"Думаете куда поехать, где жить, как развлечься и что посмотреть? Это к нам"
bridge360asean,group,bridge360ASEAN,1,
asiaformula_auto_bot,bot,AsiaFormula_auto_bot,,💥 «Формула Азии» — автомобили со всего мира на лучших условиях!  ТГ: @AsiaFormula_auto Телефон: 8 (800) 250-35-11
asiamotors_sales_bot,bot,Азия Моторс - Авто из Кореи | Китая |Японии,,"""Азия Моторс"" — авто из Кореи, Китая, Японии с выгодой до 2 млн. ₽ за 15–45 дней."
asianrices,channel,Asian rice,2,Asian vibe as it is
xinwendarenbot,bot,新闻达人,,新闻达人全网曝光热搜 ：专注于揭露事实- 曝光真相-最新动态资讯 -生活故事分享-海外华人求助！  #曝光 #东南亚 #柬埔寨 #泰国 #菲律宾 #缅甸 #老挝 #迪拜 #新加坡 #越南 #新闻  爆料投稿 @xinwendaren
pentagonmaisonbenois,channel,Pentagon Vintage Maison Benois,1458,
baanxcom01,group,Baanx Group,129,'Better than a bank'  The token powering the Baanx ecosystem with free lending & services.  Note: Baanx team will never DM you first!
bescpickaxe,group,BescPickAxe.com On $BESC Hyperchain,63,Mine Your Future  The only token that pays you in 5 elite assets.20% to each. 20% you choose. Total luxury on Besc Hyperchain! Rewards Dapp and more...  Https://bescpickaxe.com Https://x.com/bescpickaxe
symphonyclub,channel,Symphony Club,71,It’s all about music and crypto!  Discussions: @symphonyclubchat  Owner: @pokemonowner
benance_token,group,BENANCE🔶 OFFICIAL☯️,51,"The 1st Governance Token on LUNC ""Only BENANCE can save LUNC"""
fcbbasketball,channel,FC Bayern Basketball / بایرن بسکتبال,9,🏀 اولین و تنها کانال هواداران تیم بسکتبال بایرن مونیخ در ایران  🔴 کانال اصلی : @Bayern_Edit
yenny_001,channel,👾»𝑵𝑬𝑾𝑺 𝑭𝑹𝑶𝑴 𝒀𝑬𝑵𝑵𝒀,385,𝒐𝒘𝒏𝒆𝒓: @Yenny111
dp02911,channel,гашиш онлайн без регистации и смс,105,
kikakika31,channel,"Ирина Дочия Общественный деятель. https://t.me/unitedapsny Попечитель БФ ""ЧистыеДуши"". Совладелец бизнеса. Частный коллекционер",273,https://t.me/unitedapsny  https://inizio.pro/?ysclid=mavdwh7
unitedecho,channel,United Echo,143,"Healing music concerts, based in Vienna."
unitedae,group,UnitedAE,64,
konpremerv,group,Живые ОТЗЫВЫ KONPREME,716,
kondrashen,channel,Кондраш,415,Администратор «ВГИКа» SMM @mflrussia SMM @эskarostov1937  Для связи: @ilya_kondrashenko
profcond,channel,Профконд | Системы кондиционирования Mitsubishi Heavy Industries,65,Официальный дистрибьютор систем кондиционирования Mitsubishi Heavy Industries на территории РФ
nazixnote,channel,𝗡 ٫,13957,"𝗺𝘂𝘀𝗶𝗰: @music248x 𝗽𝗺 : t.me/BluChtBot?start=61a2a906badba2808a40 start=261d94579360 Привет @durov 🇷🇺 Этот канал не нарушает закон. И в нем нет порнографических и грубых постов  пожалуйста, обратите внимание ! Официальный канал в @Telegram"
nazirchic,channel,AZULA,28,"приветик, меня зовут Назира  тут я рассказываю всё о своей жизни, и если ты хочешь посмеяться вместе со мной или погрустить - добро пожаловать!  а ещё у меня есть свой небольшой онлайн магазин женской одежды, обуви и аксессуаров «chicc.boutique» заходи🤎"
naziiday,channel,𝗔𝗯𝗻𝗼𝗿𝗺𝗮𝗹🪽,409,"اینجا همه چیز غیرطبیعی است  I live in the world of art ""هنر"" Melophile کلاسیک یا شاید مدرن من در درون خودم دنبال معنای زندگی میگردم ناشناس: https://t.me/BitnetChat_bot?start=sec-becghiijfh"
ru_nazi,channel,Русские нацисты,232,Присылайте контент на @beechannel_bot  Рекомендуем: Компромат 2.0 @kompr
ninakislik,channel,Нина Кислик Travel in Russia,79,"Индивидуальные Путешествия и групповые туры по России комфорт-класса! Турагентство ""Bridge of Wisdom"".  www.comfortrussia.ru"
nazimov,channel,Назимов Дмитрий /Назук/,130,некоторые события из личного
nazi20_20,channel,Nazix art👽,173,ناشناس: https://telegram.me/NetChatsBot?start=unk5_q7ZuiTbUQJ4C
mediaziya,channel,Центр медиации и эффективных переговоров🤝,237,"Новости, мнения, мероприятия, обмен опытом по медиации и переговорам."
naziimur,channel,nazilend,151,
europendiamond,group,europendiamond Переходник,187,
authentictravelclub_reviews,group,Отзывы Authentic Travel Club,59,Здесь собраны отзывы о путешествиях с нами)  Основной канал - @authentictravelclub  Расписание и анонсы - https://t.me/authentictravelclub_tours  Записаться или задать вопрос можно в боте @Authentic_Travel_Club_bot или у Алисы @authentic_travel_
la_prof_anna,channel,Дальше,317,"Досуг мамы, учителя 🇮🇹🇬🇧, путешественницы 📝  Всегда двигаюсь дальше!"
mariasotnikovatravel,channel,Записки путешественницы🌎,322,"Привет, я Маша 👩🏼‍💻 📍Сейчас в ЮВА   Уехала в кругосветку с один рюкзаком🎒 Здесь всё о бюджетных путешествиях✈️   Связь со мной: @mariaasot"
darryanaa2,channel,Дневник одной путешественницы 🗺️,372,"Уехала на Урал 🏔️ Прошла МГДИ 7,8  Здесь запечатленные на мою камеру моменты из моей жизни и мои мысли 💭"
elenakess,channel,Elena K - Northern sights,451,"Настроения с любимых берегов Балтики 🐚 Фото, заметки о том, что нравится и о том, что дорого сердцу. Штампики путешественницы 🥾✈️"
photocherdak,channel,Фоточердак путешественника / Анна Аксенова.,200,"Всем привет! Меня зовут Анна Аксенова @anna_aksenova1 , и на этом «чердаке» я собираю свои лучшие кадры и истории из путешествий про людей, искусство и фотографию. Я фотограф и преподаватель искусства фотографии. Автор курса фотографии и фотопрактикумов."
bnvoyage,channel,TuragentStepanenkova_Natalia,224,БОНВОЯЖ
yuliannavaskevich,channel,Юлианна путешественница🥂,178,
twosisterstrip,channel,TWO SISTERS TRIP,268,"Мы - Анастасия и Ксения - сестры из Сибири, влюблённые в Алтай. Уже 10 лет мы знакомим с Алтаем, который меняет жизнь.   Программы: 28.07-3.08 - едем в дикий Алтай 3-8.07 - семейная смена для родителей и детей 5-12 лет на Алтае   www.twosisterstrip.ru"
superflaffy,channel,"Пушистая. Дуновение ветра, колыхание травы",167,"Всякие мои неформальные активности, ролевые игры, фесты и прочие незначительные вещи."
nastenavputi2025,channel,Настена в пути,193,Мне платят за мои путешествия Спроси меня почему) 8-918-99-87-877 Анастасия Беляева
rodina_photo,channel,Rodina,225,Блог о фотографии и личном от фотографа Елены Родиной и путешественницы @elenarodina_photo в одном лице.
ikshadacha,channel,Икша Дача,158,"Отдых на берегу Икшинского водохранилища 🏖️🛳️🚴‍♀️🏄‍♀️  Барнхаусы посуточно 🏡 Пляж, Сап серфинг, 🏄‍♀️  Велосипеды 🚴‍♀️  Квадроциклы, снегоходы   Прогулки на катере 🚤  http://ikshadacha.ru/"
moonchilddi,channel,MoonChilddi | Дина и Правка Живота,362,Женское Здоровье и благополучие с Диной Исхаковой
irkfashion,channel,IrkFashion,88,"Онлайн журнал о самом прекрасном в Иркутске. Анонсы и обзоры, мода с привязкой к местности. По всем вопросами на связи @natakostina_stylist  www.irkfashion.ru"
azmonkhilisabz,channel,آزمون های خیلی سبز,2177,https://kheilisabz360.com http://Azmoonkheilisabz.com
izzicasino_official,channel,IZZI CASINO,111,Возможность игровые автоматы играть бесплатно и без регистрации вам предлагает Casino Izzi. Теперь в Изи казино игровой автомат играть онлайн бесплатно без регистрации может каждый.
kanzzaicommunity,group,Kanzzai,45,"Kanzz AI is a comprehensive AI platform offering custom AI solutions, including intelligent AI Agents, and specialized tools tailored to various business needs. We also integrate with blockchain technology to provide innovative, secure AI services enhance"
izzicasinobonus,group,IZZI CASINO BONUS,28,Возможность игровые автоматы играть бесплатно и без регистрации вам предлагает Casino Izzi. Теперь в Изи казино игровой автомат играть онлайн бесплатно без регистрации может каждый.
aziatax,channel,азик,80,
adisazhams,channel,zhams,73,
iam_313,group,گروه ایران حافظ,2,www.iranhafez.com
aiagentz_bot,bot,Agentz ⚔️ AI Crusade,,"Welcome to the Crusade, fight for our share of the AI future.   Learn and earn more on the Crusade page in the App⚔️"
shirazi_lib,channel,مكتبة آل الشيرازي الكرام,18871,سلسلة (نحو توعية عالمية) لمطالعة الكتب النهضوية لآل الشيرازي الكرام
aqeelkhrsan,channel,عقيل الخرسان,576,كاتب.. بكلوريوس هندسة النفط.. استاذ في التنمية القرآنية..  ادارة مؤسسة معدن الرحمة الخيرية فرع البصرة الفيحاء
refuge_des_coeurs,channel,الرَّواء 𐙚,320,خذْ ما شئتَ، فكلُّهُ لله وما بين آيةٍ ودعاء، نبحثُ عن الرَّواء  ! 🤎
rm_riri,channel,Rory .,67,2025/6/6. My Little Planet 🪐. Site : @rh_io175BOT .
visionexpress_admin,group,чат Vision Express,6,
yaqoobioffice,channel,قبسات المرجعية الرشيدة,10212,https://yaqoobioffice.t.me
majarah96,channel,مَجَرة,224,وَتحسَبُ أنّك جُرمٌ صَغير وفِيكَ انطوَى العالم الأكبَرُ  @Universe08_Bot
md_arij,channel,مَدَارِجُ العَارِفِينَ,133,قناة تُعنَىٰ بَنشر سِيَر عُلَمَاءِ مَدْرَسَةِ أَهْلِ البَيْت،  وعَرض حَياتهم ومَسيرَتهم العِلميّة وأثرَهم في خِدمَة المَذهَب . ـــــــــــــــــــــــــــــــــــــــــــــــــــــ ¹ - @nnn_313n العَامَّة والأسَاسِيَّة ² - @poirts لِنَشر سِيَر الشُّهَدَاء
resistan313,channel,دَلْهَم,250,وَقَتلَاً في سَبِيلِكَ فَوَفِق لَنَا أنتَمي لِمَيدَان التَبليغ والتَبيين لِجَبهَة الحَق  نعتذر عن نشر القنوات والتبادل  | @resistan313bot
sariyahotel,channel,SARIYA HOTEL 🏨,89,Добро пожаловать 🤗   Семейный отель «Сария»   АБХАЗИЯ  Гагрский район  пос.Цандрипш  Улица Песочная 35   +79407083333  https://www.sariya-resort.ru
in_asteria,channel,asteria,21,"୨୧ asteria  PUBG • lifestyle • уют  Немного игры. Немного повседневной жизни. Много красивых моментов и тёплой атмосферы.  Рада каждому, кто здесь. 🤍"
tcxopoo,channel,ing.daawah ོ,111,"«мы же мужчины,  давай спасаем его»                                       Хизир Дербичев🦁"
oonjoshahbaz,channel,اونجو(حسین شهبازی‌زاده),987,ارتباط: @hoseinshahbazizadeh
azerbaycan_ruhanileri,channel,Azərbaycan Ruhaniləri,844,AZƏRBAYCAN RUHANİLƏRİNİN ÇIXIŞLARI
nag_m32,channel,سطوة قلم ✍🏻,415,هو الحق وأنا لم أتعلم الحياد عنه.  @Agol7l266BOT
shahr_raz_academy,channel,آكادمي شهرراز,56,كانال موسسه نيكان شهرراز در زمينه هاي مباحث آموزشي، فرهنگي، هنري ،همایش،سمینار فعاليت ميكند.  آدرس: خيابان قصردشت،تقاطع عفیف آباد،بلوار شهید آوینی،کوچه یک تلفن:٠٧١٣٦٢٦٩٤٩٤ ٠٧١٣٦٢٦٦٧٨٧ارتباط با مديريت: @hossein_shakerizadeh
ilm_muhibbasi,channel,MADINA | SHAXSIY BLOG,11,Faqat ayol-qizlar uchun ilm va hikmat  sahifasi. 👤 Ilmli Ustozlar darslari ​🎧 Audio kitoblar va mulohazalar ​📚 Kitobxonlik va fikr almashish   Maqsad: Ilmli ayollar jamiyati kengaytirishga xizmat qilish🌺
owjishirazi,channel,️اذکار,19496,کانال رسمی نشر سخنرانی‌ها و آثار شیخ اسماعیل اوجی شیرازی  یوتیوب  https://www.youtube.com/@owjishirazi  آپارات https://www.aparat.com/Owjishirazi/about  اینستگرام https://www.instagram.com/esmailowji_shirazi?r=nametag   #شیخ_اسماعیل_اوجی_شیرازی
chilizarabic,group,Chiliz - Arabic (AR) 🇸🇦 العربية,226,
imanghasrfakhri,channel,Iman Ghasrfakhri,6,
mdto_bot,bot,"Центр ""Мои Документы"" (Тюменская область)",,
residencia_spainprofi_bot,bot,Модификация визы | вебинар,,
varta_news,channel,VARTA,290,"Новини України 2026. Жорстко. Стисло. По суті.  Ми економимо твій час, фільтруючи інформаційний шум. Будь у курсі, а не в паніці. 🛡 👉 💬 Відправляйте новини нам в бот 👉@varta_news_send_bot  Співпраця: @vartaadmin"
valerylarmadio,channel,Энергия стиля,749,"Здесь про стиль, полезные находки и немного лайфа 🌿 инст: https://www.instagram.com/valery_larmadio бренд украшений: https://t.me/necklove_nsk"
alsomortina,channel,шизофазия,219,марина 🖤 коллекционер винтажа и парфюма  тру крайм @sheismortina мой контакт  -  @mortinamarina 🦴🩶
sabotagemsc,channel,саботаж,42,Мы закончили.   inst: https://www.instagram.com/svbotvgesvbotvgesvbotvge?igsh=MWpud256bmU2M3pteA==
chp26reg,channel,ЧП Ставрополь | новости края,20049,Новости края  Купить рекламу через биржу: https://telega.in/channels/+dLDMWL2w2Y4zNGIy/card  Реклама / прислать новость @chp26reg_bot  Регистрация в перечне РКН https://knd.gov.ru/license?id=675acb3631a9292acd92e7c8&registryType=bloggersPermission
chistopol_official,channel,Чистопольский муниципальный район | Всё о Чистополе😉,1613,"⚠️ Официальный аккаунт Чистопольского муниципального района  ✅ Здесь можно узнать о важных для каждого чистопольца проектах, посмотреть фото- и видеорепортажи, получить справочную информацию."
matroskin_perm,channel,Приют Матроскин,695,Телеграм канал пермского приюта для кошек Матроскин❤️
mariupol_podolog12,channel,Центр Подологии Мариуполь/Педикюр/Маникюр /Курсы,1070,"Центр подологии Марины Когут  Решение проблематики стоп и ногтей ул Варганова 4,центр подологии Марины Когут Проводим обучение по аппаратному педикюру и подологии  Админ @mariupol_podolog Номер телефона 79497335918 Группа https://t.me/podolog_mariupol_4"
kamil_dent_stom,channel,Стоматология Камил-Дент,495,"Сайт: https://kamildent.ru 📍г. Казань, ул. Чистопольская, 75⁣⁣"
italishopru,channel,Italishop,107,"Интернет-салон итальянской мебели. Наш приоритет - ваше время и бюджет. Италишоп — это прямые поставки премиальной мебели из Италии. 800+ фабрик, доставка за 3 месяца, гарантия качества, экспертиза в итальянской мебели с 2015 года.   italishop.ru"
speranzacouture,channel,Speranza Couture,316,"Модный Дом на Никольской, 10 • лимитированные коллекции • индивидуальный пошив • персональный гардероб  Записаться на примерку: @speranzacouture_info  Наш сайт: http://speranzacouture.com/ru"
otchayanniydecorator,channel,Отчаянный декоратор,442,О дизайне и жизни со смыслом 💌  Заявка на проект / консультацию через форму на сайте: https://mtdesignstudio.ru
capricho_espanol_antik,channel,Антикварный магазин Capricho Espanol,366,"Антиквариат. Винтаж. Подарки. 🌎Отправка по всему миру. ⚜️Антикварный магазин, находимся на Таганке, в Москве. 🔗Больше нас по ссылке: https://taplink.cc/capricho_espanol 📩Вопросы по приобретению предметов из коллекции @antikespana и @mariedelaptos"
purimrpl,channel,«ПУРИ» café & restaurant,284,"Гармония вкуса с нотками пикантности —  café & restaurant «ПУРИ».  Изысканное меню и доступные цены делают Ваш отдых еще прекрасней…   📍 Мариуполь, пр.Металлургов 92а"
luxpodarkiru,channel,Luxpodarki,276,"⚜️Галерея эксклюзивных подарков⚜️  Более 50 000 изделий из драгоценных металлов и камней, дерева ценных пород и других дорогих материалов.  ➡️Сайт: luxpodarki.ru Номер для связи: +74952418609"
krilata_varta,channel,КРИЛАТА ВАРТА,814,"Канал присвячений роботі БФ ""КРИЛАТА ВАРТА"" м. Запоріжжя.  Канал розповідає про роботу школи пілотів ""Крилата Варта FPV"" та допомогу ЗСУ.  Слава Україні!  Разом до перемоги!   https://www.tiktok.com/@krilatavartazp?_t=8jeIye7RVSg&_r=1"
znamatruda,channel,"Газета ""Знамя труда"" Каратузский район",538,
zadruzbu,channel,СНТ ДРУЖБА,608,"Это общественный канал СНТ ""Дружба"" Моск. обл.,Талдомский р-н,южнее д. Пановка. zadruzhbu.ru  наши каналы:  чат (https://t.me/zadruzbu_chat) барахолка (https://t.me/zadruzbu_sale) ДоброДел(https://t.me/zadruzbu_dobro)"
legalcentrecitizen,channel,🇦🇲Гражданин🇷🇺,325,Правовой Центр                                           Консультации по вопросам соотечественников за рубежом  🇦🇲🇷🇺  Обратная связь:  Telegram: @citizen_office  Mail: citizen_office@mail.ru
svetozarandreev,channel,Architect Svetozar Andreev l Архитектор Светозар Андреев,160,Официальный Канал Архитектора Светозара Андреева / Official Channel Of Architect Svetozar Andreev ( The Svetozar Andreev Architecture Studio “Hotei-Russia’). Официальный сайт студии: https://www.hotei-russia.com Обратная связь: @hoteirussia
vdkdetyam_bot,bot,Связь с редакцией проекта,,
showroompodcast,group,Чат Шоурума,86,"Чат подкаста «Шоурум», где можно пообщаться с ведущими, задать вопросы и предложить идеи для выпусков.  Сайт: https://russiancast.club/showroom"
scorum_ru,group,Scorum Русский Чат,76,Scorum is now officially closed.  Thanks to everyone who supported the project over the years.  📬 Questions? Reach out to info@scorum.com 🔗 Final message 📂 Open Source
scorum_ko,group,Scorum 한국어 채팅방,34,Scorum is now officially closed.  Thanks to everyone who supported the project over the years.  📬 Questions? Reach out to info@scorum.com 🔗 Final message 📂 Open Source
stomatart,channel,Stomat Art,49,Stomatologiya I Dental project Fantom va modellar • Darsliklar 🦷 Stom programalar o'rnatish 🎓 Raqamli stomatologiya 📍 Tashkent | Sayt 👇 stomatart.uz
scorumes,group,Scorum Spanish Chat,16,"Scorum is a blockchain powered sports media platform built for sports fans worldwide. On Scorum you can receive cryptocurrency rewards for publishing posts, voting, commenting and uploading photos."
scorum_turkish_chat,group,🇹🇷 SCORUM Turkish Chat,8,"Scorum, dünya çapında sporseverler için tasarlanmış blockchain destekli spor medya platformudur. Scorum'da yazılarınızı yayınlayarak, oylayarak, yorum yaparak kripto para ödüllü kazanabilirsiniz."
scorum_india,group,🇮🇳 Scorum Indian Chat,10,"Scorum is a blockchain powered sports media platform built for sports fans worldwide. On Scorum you can receive cryptocurrency rewards for publishing posts, voting, commenting and uploading photos."
zavod_universum,channel,Завод Universum,16,Завод строительных материалов. Инновации и высокие стандарты качества.
ast_rum_bot,bot,ASTRUM,,"Astrum — ваш персональный AI-ассистент. Таро, Руны, Матрица Судьбы и толкование снов.    @Astrumhelper_bot -поддержка"
asteroomloyal_bot,bot,AsteroomLoyal_bot,,Получи 5000 руб на бонусный счет на первую покупку. Мебель и перегородки на заказ. Комплектующие и товары для дома.
storegrambot,bot,StoreGram.Ru,,Крупнейший каталог русскоязычных ботов и каналов Telegram. StoreGram.Ru
rutrumbot,bot,РУТРУМ - бот,,Теперь Ваши покупки прямо в Telegram! ✅ Быстро. Удобно. Надёжно.  🌱 http://rutrum.ru   📢 https://t.me/rutrum1
strum_community_bot,bot,Спільнота СТРУМ,,⚡️Офіційний чат-бот спільноти підписників СТРУМу
istorium_bot,bot,ISTORIUM,,Бот для зв'язку з адміністрацією проекту Istorium  Бот для связи с администрацией проекта Istorium
astrumsolutionsbot,bot,astrum.license.bot,,The ultimate multifunctional software service powered by @askaer
sofia_kais,channel,СОФЬЯ КАЙС,311,"Автор романа «БЕЗУМНЫЙ ХУДОЖНИК» и повести «ВЗАПЕРТИ»🩵🙏  Вб «Безумный художник» - 217716453 (только по предоплате, тк «печать на заказ»)  Вб «Взаперти» - 169805751 (только по предоплате, тк «печать на заказ)  По сотрудничеству - sofia.kais@mail.ru"
catletatrytowork,channel,Сося шьёт и не только 🪡,259,
schkola_ursdon,channel,Школа с.Урсдон,177,МБОУ ООШ им.Созаева Ю.К.с. Урсдон httr:// Ursdon.mvport.ru
coheukaaa,channel,скитлс соняши,26,#? 𝐧𝐨 𝐨𝐟𝐟 𝐛𝐞𝐬𝐞𝐝𝐚 𝐚𝐛𝐨𝐮𝐭:: https://t.me/sonya_safarova 𝐬𝐭𝐚𝐫𝐭::25.06.26
maaezacademycontentmarketing,channel,Sofieya Beauty HQ (Content Marketing),394,
rockkareva_govorit,channel,София говорит,426,"Канал Софии Каревой. Вокалистка КОЛДСТРИМ, ICING BAND, соавтор АРТЕРИИ (проект гитариста АРИИ, КИПЕЛОВ Сергея Терентьева). Артист «Navigator Records» (продюсер Алексей Козин).  Закрытый канал: boosty.to/coldstrim По концертам:  coldstrim@mail.ru"
sonaeva_art,channel,Sonaeva,20,Картинки
egeogeonline,channel,Обществознание ЕГЭ ОГЭ онлайн,119,Обществознание
unilogia_angelina,channel,Ангелина МГУ | Обществознание ЕГЭ | Юнилогия,2350,"Препод из МГУ и НИУ ВШЭ. За 5 лет подготовила более 800 учеников, средний балл - 82. Готовлю к ДВИ МГУ, в том числе и стобалльных.    🔥Записаться на Годовой курс 4=2 https://t.me/free_unilogia_bot?start=u_social_a_info"
instarepetitor_onlineege,channel,ЕГЭ | ОГЭ Обществознание История,297,Фаина Олеговна МГУ | Эксперт ЕГЭ | 3 высших|DLS (PhD) 🔥Даю ключ к пониманию сложной теории Средний балл -85+ ЕГЭ / «5» ОГЭ 📖Подготовка индивидуально и в группах 800+ учеников поступили на бюджет  📲Связаться: @repetitor_onlineege
neckazki,channel,Дарья Мезенцева | обществознание & история ЕГЭ ОГЭ,340,"Дарья Андреевна, учитель обществознания,  эксперт ОГЭ, ЕГЭ   ☘️ расскажу, как получить высокий балл на экзамене  ☘️Раскрою все тайны обществознания и  ☘️покажу не тайную жизнь семьи учителей ✍️Написать в личные сообщения https://t.me/teach_hist"
mastergia,channel,Мастерская обществоведа,132,Книжный магазин (группа с учебными материалами) https://t.me/+c9Ifhz3rxl9lMGI6 Группа для учеников и родителей https://t.me/egecode
expert_ege_spb,channel,Ты.Я.Эксперт. Подготовка к ЕГЭ и ОГЭ 2026 в СПб,415,ЗАПИСЬ НА БЕСПЛАТНОЕ ПРОБНОЕ ЗАНЯТИЕ - https://clck.ru/3QErcd  Профессионально готовим к ЕГЭ/ОГЭ по всем предметам в Санкт-Петербурге с 2009 года. Эксперты ЕГЭ и заслуженные педагоги.  Научим. Сдашь. Поступишь.  ry-3425039913694996711
pensii_posobiya_07,channel,"Пособия, пенсии и льготы КБР",225,Все что нужно знать о пенсиях и социальных выплатах в РФ
bauartesthetics,channel,БауАртЭстетика|Строительство домов|Новосибирск,970,"Добро пожаловать на канал компании ""БауАртЭстетика""!  Мы строим дома, которые развиваются вместе со своими владельцами  На связи по всем вопросам: @Marina_BauArt  Наш сайт: https://bauartesthetics.ru  Наш телефон: 📲 +7-(383)-388-81-84"
gornoaltaysk_creative,channel,Креативные индустрии в Горно-Алтайске,321,"Канал для творческого сообщества нашего города! ✨  Это место для пассионарных профессионалов и любителей, которые создают, объединяют, развиваются и поддерживают других. 🤝  Контакты: @Voevod_Ainura"
vperediutka,channel,Впереди идет утка - подкаст для родителей,151,"Подкаст для родителей о детях, их развитии, проблемах, развивающих играх и занятиях в домашних условиях. Автор подкаста - логопед Нина Зотова. Контакт: vperediutka@yandex.ru. Поддержать проект: https://boosty.to/in2in"
cultamerica,channel,CULT AMERICA 🦖,293,Онлайн-фавела: культурные находки континента за бокалом вина
interlinguaiala,group,Interlingua,380,Regulas: t.me/interlinguadeiala  Votar pro banir: responde message con @banofbot  Comenciantes: https://t.me/+Lzl-hbi9IpBlNGE8  Gruppo sin regulas: T.me/interlingua_anarchia  Telegram in Interlingua: https://t.me/setlanguage/interlingua-ia
tsikava_planeta,channel,Цікава планета - Подорожі,58,⚡️ Насолоджуйся та надихайся красивими місцями нашої планети.    ✈️ Подорожуй разом з нами ❤️  Посилання на канал для друзів  - https://t.me/ukrainetravell
confederacaodoequador1,channel,Confederação do Equador 🇳🇱🦅,125,"""liberdade, igualdade e fraternidade, a causa Repúblicana nunca morre!""  Chat: https://t.me/+B5NFCzfTne45NDFh  ""Tem fim a vida daqueles que a pátria não soube amar a vida do patriota não pode o tempo acabar"" - Frei Caneca"
rooipikkewyn,channel,«КРАСНЫЙ ПИНГВИН»,116,Канал об Африке с русским акцентом.
scriptruschat,group,Обсуждение Библии,19,
chateek_chat,channel,Chateek,62,Chateek.com - Чатик для каждого
valentina_ami,channel,Пределы контроля,38,Оставайся вместе с нами будешь нашим королём!                                                                                                    Связь: @Valenti_ami
gobetasiainfo88,channel,GOBETASIA INFO,663,Let's GO Play For Win !!
gerbangasia,group,GERBANGASIA OFFICIAL,450,
skybitasia,group,SKYBIT public chat,508,transcend all boundaries  Southeast Asia’s blockchain services platform  Bridging Southeast Asia financially with the whole world without the international banking system  https://SKYBIT.ASIA
bigonerussia,group,BigONE РОССИЯ,239,🔥Официальный чат криптовалютной биржи https://big.one/ru в России  🚀https://www.youtube.com/channel/UCcy5J5SlOF6Ni6kjlO2Derg  🚀https://twitter.com/BigoneRussia  🚀https://www.facebook.com/BigONEExchangeRussia  🚀https://medium.com/@bigonerussia
bibigapp,channel,Bibig: поездки с попутчиками,190,"Найдите своего попутчика с Bibig. Приложение бесплатное, поездки без комиссий!  🔗 Скачать приложение: http://trk.mail.ru/c/sla3l9"
hkgreatawakeninggp,group,香港大覺醒群組,328,"We are ""香港大覺醒 (TG: @HkGreatAwakening )"".  We awaken the people, we Connect The Dots.  Introduction: https://t.me/HkGreatAwakening/12  Report: @GakgHkBot Channel: @HkGreatAwakening"
biz_eurasia,channel,BIZ — EURASIA,154,Деф — @sinfulg
eurogeddon,channel,Еврогеддон,958,История противостояния России с недружественными ей странами.
lovuska,channel,Ловушка Фукидида,2306,"Канал про военно-политическое противостояние между гегемоном и растущими странами за лидирующую роль в мире. Это ловушка, в которую угодил наш мир. Чат: https://t.me/lovuskachat Почта для связи: lovushka.fukidida@yandex.ru"
game_m_ma,channel,⩐𝑬𝒓𝒂⩐𝑺𝒂𝒉𝒅𝒐𝒘𝒔⩐𝑾𝑾𝟏⩐,65,Gap  https://t.me/Gapgbtyy
proasia_channel,channel,«Про.Азия» (Pro.Asia),348,"«Про Азия» – некоммерческая организация, деятельность которой направлена на укрепление гуманитарных связей России со странами Азии и поддержу позитивного  образа России в мире.  Контакты: info@proasia-proasia.ru  @alyakoldunova"
plutosauto,group,PlutosAuto,400,"Мы — компания Plutos, базируемся в России. Работаем через собственные филиалы — 7 офисов в странах ЕС и СНГ. 👋  🙎🏻‍♂️ Команда — 18 человек. 🚘 Более 12 лет занимаемся ВЭД между ЕС и странами СНГ. Фокус — B2B-сегмент.  📞+79999105499 - Артём 📞+79015700766"
casalatam,channel,Дом Латинской Америки/Casa de América Latina,164,"Дом Латинской Америки содействует сотрудничеству России со странами Латинской Америки для поддержания и развития взаимовыгодных культурных, научных и торгово-экономических связей между странами, городами и людьми."
our_common_home,channel,Наш общий дом - Россия,127,"Мы - за дружбу между народами, странами, религиями"
verumvl,channel,VERUM | Юридическая фирма,228,"ВЕРУМ – соединяем Восток и Запад. Оказываем юридические услуги внутри России, а также работаем со странами Азии, Ближнего Востока и Европы.   Главные офисы во Владивостоке и Москве.   https://www.verumlawfirm.ru/"
tatiana_71rieltor,channel,Татьяна Балашова/Доходная недвижимость,213,Балашова Татьяна ✅ Канал о доходной недвижимости в самых перспективных городах России ✅ Работаю только с проверенными и ликвидными объектами России и 18 странами мира. ✅ для связи со мной пиши    @tatiana_71rielt  или звоните +79504852484
rem_cosmetolog,channel,Ekaterina Rempel ~ дерматолог,228,Рассказываю доступным языком азы в уходе за кожей  Помогу подобрать свой универсальный базовый уход.
xironekoo,channel,XIRONEKOO,43,Или  「白猫お」  Ник читается как: Широнеко  Аля Засс Ругаюсь (иногда) 16+  Обкашлять вопросик: @xironeko  Альтернатива: @aZassal ← НЕ ЩИТПОСТ
yunyrazvedchik,channel,Военно-патриотический клуб «Юный разведчик»,165,"🇷🇺Военно-патриотический клуб «Юный разведчик» осуществляет свою деятельность с 2021 года и производит набор юношей и девушек с 12 до 17 лет(включительно).  🇷🇺Если ты хочешь быть сильным, смелым и уверенным, знать азы военного дела-тогда мы ждём тебя!"
acliffwithoutanedge,channel,CWAE,103,"Это канал Азы, не пугайтесь 🥥 На канале моё творчество и лайвы.  Предупреждаю, что материалы 18+ И не буду скрывать эротику и наготу. Будет цензура только на гуро и крипоту.  Лс: @yoursugarcrush"
elimoment,channel,эли момент🛸,41,zib zib zib and so on | открыта к кд проектам
azybani,channel,Азы Бани в Санкт-Петербурге,43,"Мы вернули бане истинный смысл!  Это не просто место — это традиция.  Мы создали баню такой, какой она должна быть: из бревна, с печью на дровах, вниманием к деталям и технологиями."
zaizyy_production,channel,Подвал Азёки,15,Zmnhmmmm
desasha,channel,UI/UX дизайн,25,Азы дизайна. Резюме админа - http://portfolio-saxarsasha.tilda.ws/
operacontemporaryart,channel,Пина Бауш для бедных,1119,Притягиваю за уши и визуально рифмую. @pinabauschforpoor_bot
artasia_gallery,channel,ArtAsia Gallery,707,"🐉Пространство на востоке Москвы. Проводим выставки, чайные церемонии, организуем мастер-классы  График работы: Пн-Суб 12:00-18:00  ул. Средняя Первомайская д.4  https://artasia.pro/  Запись – @artasiamanager Сотрудничество – @dina_chmykhova"
bazaeducation,channel,Б A З A,1106,Институт современного искусства «БАЗА» закрыт  ✉️ bazaeducation@gmail.com
artschoolchita,channel,Школа современного искусства,220,Художественная школа. Учим детей рисовать уже 15 лет!
artyauzaschool,channel,ART YAUZA,108,"Школа Иллюстрации 🎓Обучение: 👗fashion-иллюстрация, 🎨акварель, ✏️скетчинг, ✍️каллиграфия, 🖼живопись. 📲 8 (495) 773-10-64 / +7 (985) 773-10-64 👇Здесь вы найдёте работы учеников ART YAUZA ✍️🎨🖌 www.amfe.ru"
samaracontemporary,channel,Танец с ягодой. Contemporary,201,Современный танец в Самаре. Анонсы и расписание мероприятий.
africanartdesign,channel,"Галерея ""Я - А"" Современное африканское искусство",352,Работы африканских художников  www.iamafricagallery.ru Партнёр конкурса The African Women in Art Award www.kalingalingagirls.com  Для связи: @tayartafrica
a2studioart,channel,Студия рисования А-2,149,"Г. Ростов-на-Дону,  Ул. 2-ая Краснодарская 145/2 Ул. Береговая 117Б, стр.8"
cloudsoot_artgroup,channel,САЖА БЕЛЫХ ОБЛАКОВ,138,Художественное объединение
iqdesigngel,channel,Школа-студия дизайна IQ Design,419,"Детская студия дизайна и архитектурного творчества  🏢 г. Геленджик, ул.Островского,172   📱8 928 274 60 77  http://geldesign-school.ru"
sovajuli_yoga,channel,Voskresova yoga,222,"Преподаватель йоги, эстет🧡"
arteya_events,channel,Arteya events,206,"Эстетичные творческие встречи, мастер-классы и события в Новороссийске🤍  https://www.instagram.com/arteya_events?igsh=MTc2dGg0OGxpdmprbg%3D%3D&utm_source=qr"
artptitsynadeti,channel,Детская Академия искусств,159,"История искусств, живопись, академический рисунок, композиция, русский народный костюм, геральдика. https://vk.ru/artptitsyna2 https://artptitsyna.su/detiacademy"
art_teacher_kidsarts,channel,Школа арт-педагогов Kidsarts,72,"Школа арт-педагогов Kidsarts  Для тех, кто преподаёт детям живопись, керамику и др. творческие дисциплины   Методика, возрастная психология, реальные кейсы  Повышение квалификации, мастер-классы: https://clck.ru/3R93Wo"
funartkids,channel,Дети в авангарде - студия творческого развития,60,🎨Студия творчества и образовательные программы по современному искусству в Москве и онлайн. ☀️ Летний лагерь и интенсивы в музее МАММ 7+ ✔️Студия «Дети в авангарде»  ✔️Онлайн-курс «Загадки современного искусства» с сентября 2026
proektoasis,channel,PROEKTOASIS,92,Научно-Практическое Объединение Оазис
yara_moschetti,channel,yara(in curlers),100,"Графический, web дизайнер, AI креатор. В любое время суток: @yaramoschettit"
contemporaryartlover,channel,Самосабай,27,Путешествие дилетанта по миру современного искусства в попытках понять и принять
modernart20,channel,Modern Art 19-20th century,2265,"1870-1990, admin  @Art_is_chocke"
contemporary419,channel,/419/,465,Мастерская 419 МГАХИ им В.И.Сурикова  https://www.instagram.com/419ro_om?igsh=MTc0YTRzY3dtMHUzag==
art_club_sovrisk,channel,Adept Sovriska,1868,"Современное искусство,Мемы, и Культура   Contemporary Art, Memes, and Culture"
asyalnr,channel,Светлана Алёшина |🇷🇺ЛНР|,259,Депутат Народного Совета Луганской Народной Республики https://nslnr.su/about/deputati/20477/ Контактные данные: @asyalpr & https://vk.com/asyans
asyankr,channel,асянкр,146,
asyapik,channel,Брюнетка в шоколаде,114,"снаружи - стервочка, внутри - припевочка"
asyalif,channel,ася ♯ʟɪꜰᴇ,20,
basilik_risyet,channel,𝄞𝑩𝒂𝒛𝒊𝒍𝒊𝒌 𝒓𝒊𝒔𝒚𝒆𝒕 ♬♪,21,
azeax_076,channel,𝑎𝑧𝑒𝑘𝑎 𝑠ℎ𝑜𝑝 💙,25,Бронь-не делаю  Возврат-нету Ник в рб- Dinka594
yukismole,channel,храм злого бога 🪼,453,art cr 禾鹤 • тикток: @yukismole • также есть тикток с юри эдитами: @ygertz
zlyibanderivets,channel,Злий Бандерівець,367,Злий - бо вільний!
travkapizshetvoeimamki,channel,лай собаки,59,тут их нагнут и сольют
zsoloviy,channel,Злые Соловьи,90,"О когнитивном расстройстве того, что любим... Будет жестко, строго, но справедливо!!!"
bruhercockroach,channel,Pecarn'a Кокосїк,105,ПРИКОЛЬНЫЙ МЕДВЕДЬ?  ⚠️ NSFW — присутствует
zzarazaia,channel,зараза(паскуда),55,Невитини сатанизм
darovagenii,channel,Увуша боится ЗОМСТ,48,dont open dead inside
lordbabalon7,channel,SlammingMotherfucker69,38,Angel wears slam wings
zlobnaya_zaychatina,channel,Злобная зайчатина,20,"Зайцы рисованные. Иногда добрые, но чаще не очень. Иногда даже не зайцы."
ggreyearr,channel,серый котик (дурка),12,i'm going to ultrakill myself
angrydoctor,channel,Злий лікар💉😡,4,
zloifreud_otzyvy,channel,Добрые отзывы про Злого,10,За помощью обращайся ко мне в личку: @zloi_freid
karpi111,channel,Carpy's Mad Corner,6,Юз-@Deviousmotherfucker
angrrrydog,channel,ОСТОРОЖНО ЗЛАЯ СОБАКА,12,иногда проглоченные косточки от арбуза правда прорастают
rezz_klesh,channel,резы клешман,2,
mileshabooks,channel,грызу гранит фикбука,1313,"читаю и страдаю  для связи: @sl33p0_0  Канал не является пропагандой чего-либо и не имеет цели кого-то оскорбить. Подавая заявку, вы подтверждаете, что вам есть 18 лет!  арты на аватарке взяты с фикбука и тгк авторов"
minaca_firabian,channel,𝖒𝖎𝖓𝖆𝖈𝖆 𝖋𝖎𝖗𝖆𝖇𝖎𝖆𝖓,259,"Тут я делаю дизайн, а также жарю гвозди, продаю бабаны  • inst: instagram.com/minaca_firabian • VK: vk.com/minaca_firabian • Pinterest: https://pin.it/2WMoYFNqM • TT: tiktok.com/@minaca_firabian  Еще ТГК: •Голосовые/кружочки — t.me/golosvoicemessages"
news_from_okamenew,channel,News💜from💚Okamenew,476,Канал автора фикбука https://ficbook.net/authors/8289068  Задай вопрос @OkameNew_bot
relicta_vulpes,channel,Relicta,608,"ТГК-канал автора Relicta Vulpes с Фикбука   https://ficbook.net/authors/1062601  Контент 18+, анонимные вопросики и другая важная фигня в закрепах. Все подписчики - автоматически лисята! Ссылка на анонку: t.me/anonaskbot?start=g005j"
razumshaaa,channel,записи разума,200,"– Добро пожаловать!  Я, razumsha с фикбука, рада, что ты читаешь мои работы❤️  А также @ razumsha(записи разума) с тик-ток.   • Анонимка: https://t.me/anonimnye_smss_bot?start=700348117 • Связаться со мной для сотрудничества: @akantiea"
sansetria,channel,SANSET RIA (archive),125,все мои работы в формате файла с Фикбука   распространение файлов с данного канала запрещено! делитесь ссылкой
milefa_famliy,channel,MileFa_00 (Family),104,"самый крутой эдитор 🤫 и модератор  тут действуем по правилам, читаем посты ставим реакции и комментируем  анонимки: t.me/anonaskbot?start=vu8klc9 (можно скидывать видео, арты, и задавать вопросы на все отвечают)  модератор у Фунтика, зеНастика,ореха"
svsane_arts,channel,𝚜𝚟𝚜𝚊𝚗𝚎 𝚊𝚛𝚝𝚜,124,"Автор фикбука svsane.  Но и немножко артер. Материалы 18+. Если нужна обложка или арт, пишите в сообщения канала или личку @sv_sane 💚"
orokamonoarts,channel,Орокабумбарт,46,"Буду вам тут и рисовать, и пиздеть"
ohdahmn,channel,(не)бастардовский беспредел🎪,56,"Это не фан-канал Тарантино. Это канал девки из фикбука. Здесь нет ничего из того, что вы ищете."
theatralll,channel,Театр теней,40,Тг канал Сеатралл с фикбука
wiryneja_ficbook,channel,Виря ноет и орёт 🥹,39,Канал автора Wiryneja с Фикбука
peroesunidiota,channel,pero es un idiota,41,частная коллекция прекрасного с архива и фикбука
space_of_star,channel,Небо звёзд,39,"• канал автора с фикбука, который пишет разные работы на свой вкус и цвет (от флаффа к жести)   • спойлеры, рисунки к работам, ответы на вопросы, обсуждения... Здесь это тоже будет присутствовать, звёздочки"
asyasolnyshko,channel,ася солнышко,7079,"Я Ася, мне 25 📍Нижний Новгород ❣️мой ютуб: https://www.youtube.com/@asyasolnyshko ✍🏻по сотрудничеству писать сюда: @asyasolnyshkopr"
asyafeoktistova,channel,Ася Феоктистова,1680,"Этот канал о живописи и о наших с ней личных отношениях, о художниках, которых я знаю и люблю, о важных событиях обо всем интересном и приятном, чем хочу поделиться с вами! Буду обсуждать Проекты ."
asya_chumayan,channel,Ася Чумаян 🔺️АДЕНОИДЫ 🔺️ИММУНИТЕТ 🔺️ ТОНЗИЛЛИТ🔺ГАЙМОРИТ🔺️ОТИТ🔺️ГЕРПЕС,768,"Ася Чумаян, педиатр, внучка пчеловода  🌟Бесплатные РАЗБОРЫ ваших ситуаций 👩‍⚕️Аденоиды без операции  🌟Детский сад без больничных  🐝30 лет успешной практики, патент РФ 👩‍⚕️Запишись на разборы ➡️  @AsyaChumayan Закажи⬇️ www.asthik.ru"
recipeforyourhappiness,channel,"Любя, побеждай. Ася🩵",372,"привет! меня зовут Ася Кушнир. я автор-исполнитель, музыкант, актриса, блогер.   пишу песни, веду йогу в моём yoga community и путешествую по миру!  здесь пространство творчества и любви, присоединяйся! рада тебе🫶🏼   📩сотрудничество: asyakushnir@mail.ru"
dubrovskaya_asya,channel,Тату Мастер Москва | АСЯ ДУБРОВСКАЯ,309,Твой личный тату-эльф Ася 🧝🏻‍♀️ Для записи на сеанс/ бесплатную консультацию:    https://t.me/dubrovska_yaya
bonsai3,group,Bonsai3 Welcome Portal,2172,
thebongocat,channel,THE BONGO CAT PORTAL,1395,The one and only Bongo Cat with catchy beats and good vibes  https://x.com/TheBongoCat
xbon_bonx,channel,Bon Bon,145,Привет! Я Эми 🎀🐚 Purple: https://t.me/purpleillusioncdt
bon_bon_studio,channel,Центр творчества «Bon-Bon»,230,"🌐Мы в соц сетях:  http://studiabonbon.tilda.ws/page40171038.html  ВК: https://vk.com/bonbonbonnn  Instagram: https://instagram.com/kulicheva.artclass?igshid=ZjA0NjI3M2I=  🏠Мы находимся по адресу: Москва, Куркино, ул. Соколово-Мещерская, д.36"
royalrolls,channel,RoyalFamily,299,Официальный канал RoyalRolls  🧡 @RRFamily_help_bot  📞 позвонить нам 79-29-28
bigroll_dostavka,channel,𝐁𝐈𝐆𝐑𝐎𝐋𝐋 Ангарск,479,https://taplink.cc/big_roll 💻  BIGROLL — это служба доставки вкусных роллов в Ангарске. Главное наше преимущество — увеличенный объём начинки в блюдах. 🔝
maxirollszai,channel,Макси Роллс Заинск | Доставка РОЛЛЫ ПИЦЦА,1530,"Этот tg-канал ведет команда Maxi rolls, где вы сможете найти: - эксклюзивные промокоды - интересные розыгрыши - крутые подарки И стать к нам еще ближе 🫂  Сделать заказ - @Maximaxirolls_bot Наш BK - https://vk.com/maxi_rolls_zainsk Наш номер - 89375755100"
rolrshow,channel,ROLR Archives and other patriot resources,317,Place to access all the ROLR shows recorded and indexed.   Please read pinned post before using the channel.
sushi_donetsk,channel,"Roll&Rolls Доставка суши Донецк, Макеевка",923,"✅10 лет с Вами 🫡 ✅Роллы, Сеты, Суши🍱🍣 ✅Лапша WOK🍜 ✅Поке ✅Доставка в Донецке и Макеевке🚗  🌎 https://rollandrolls.com  🕖: Ежедневно с 10.00 до 20.00  📍 Донецк, бул. Шахтостроителей 25""в"" 📍Донецк, ул. Ляшенко 2""з"" 📍Макеевка, мкр. Центральный, д.6"
rolik_krolik_rol,channel,Дома у Роланда,245,"말하고 싶어 To say I love you But boy, I like you Really, really like you!"
luchroll_luch,channel,Японская кухня «Лучролл». Лучегорск.,156,"Лучегорск. Японская Кухня 🇯🇵Доставка.  Роллы🍱Пиццы🍕Вок🍲Салаты🥗 фри 🍟   Приём заказов: с 10:00 до 22:30. Сайт LUCHROLL.ru  г.Лучегорск, 3 микрорайон, дом 3а (рядом с алкомаркетом Дилан). Приложение можно установить с сайта."
uroll_chat,group,🇺🇦 роллер-чат UROLL.com.ua,139,Чат роллерів від магазину www.uroll.com.ua  Інші проекти UROLL @uroll_events - анонси покатух та фестів @deshovyeroliki - барахолка  Купити ролики та аксесуари - www.uroll.com.ua
tokenrollcommunity,group,TokenRoll Community,161,TokenRoll Project Official Community
rolperu,group,ROL-PERÚ,130,
rollrobot,bot,Roll Robot,,"Roll Robot is a telegram bot used for common ""roll the dice"" purposes which is working on group chats."
rolp09,channel,😏Ролп⁰⁹ печатает...,29,
bigrollvl,channel,БИГ РОЛЛ | Доставка роллов во Владивостоке,19,Биг Ролл — это про большие роллы с щедрой начинкой.  Размерчик что надо. Никакой мелочи.  Режим работы:  вс-чт 10:00-23:00 пт-сб 10:00-00:00
pro_tehno_group,channel,ПроТехно,28,"Группа компаний «ПроТехно» - технические решения для производителей гибкой упаковки и этикетки, целлюлозно-бумажной и полимерной отрасли"
recrollv,channel,RECROLL 🎰,14,
hellrollgg,channel,HELL RØLL 🎲,9,
rocknrollpro,channel,rockNroll,9,"Welcome to RockNRoll! I'm Juhi, a passionate owner of entertainment & tech websites. Join me to explore Indian entertainment, music, movies, and tech. Let's rockNroll! :o)  🌐 Website : www.rocknroll.in"
fsk_tenders,channel,ФСК тендеры,1508,Официальный канал ГК ФСК   Здесь актуальные тендеры для наших подрядчиков и поставщиков и вся важная информация о компании и отрасли.   Чат-бот: @fsk_tenders_bot
sku_goszakaz,channel,"СКУ: Госзаказ, тендеры инструкция по применению",1807,Задать вопрос:  https://t.me/@sku_goszakaz_bot
bykovzakupki1,channel,Вячеслав Быков | Специалист по госзакупкам,332,Эксперт-практик по тендерному сопровождению.   Мои услуги: https://bykovzakupki.ru/
umarovalu,channel,Umarova,163,Жизнь твоей lashки 💅
gumarova_ana,channel,Анастасия Гумарова,134,"Кандидат философских наук, исследователь, фотохудожник, преподаватель.  @gumarova_a"
cigang_izh,channel,Цыгэнг,198,Народный симфонический алко-дэнс оркестр из славного города Ижевска!
morozn_ilya,channel,𓏲❄︎ — м̵̈́о̷р̷о̷з̷н̷ы̷й̷ ПЕРЕОФОРМ,167,
infgrandd,channel,𝐢 𝐧 𝐟 𝐨,25,
lezzoo,channel,Ha,4,
nazionaliztkiwoaeo,channel,NAZIONALIZTKI | woæo ent.,5,
icvparchive,channel,ic vp & archive,5,
akane_hoshi,channel,「✧𝒜𝓀𝒶𝓃ℯ'𝓈 𝓈𝓃𝒾𝓀ℯ𝓇𝓈✧」,118,"✧Охаё, это канал про куколку Аканэ✧ Подпишись, тебе тут будет интересно🌸  ✧Начало: 28.03.25 ✧Цель: 150 подписчиков!"
ahakinn,channel,[НАБОР В АДМ]Да я кинню и.. | AHA,54,Бот - @EventPredltoonsnetBot Не все что тут говорится - канон. Мы делаем посты только по предположениям фанатов.
akiakine,channel,✨Акинэ рисует🦋,32,
bbhwenji,channel,аккимин фансервис мод,50,"скини эсс мимо тут только большие жопы это не художественный канал, а личный, но арты есть. щитпост https://t.me/+nKCE6zoz7I5mNDdi"
sanekari_kny,channel,⊱🍁⊰ִ ࣪ ˖ ׄ 𝐴𝑘𝑎𝑟𝑖_𝑘𝑛𝑦! ¡ ☀️ ִ⸼࣪ ִ ੭ 𝅄[SaneKari],15,"—Ᏼᴄᴇʍ ɜдᴩᴀʙᴄᴛʙуйᴛᴇ ʍᴏи ʍиᴧыᴇ)..Ꮱʍʍ, Ꮋᴇʍи нᴇᴛу ᴩядᴏʍ?..Ꭲᴏᴦдᴀ..ᏢᎪᎠᎪ ᏴИᎠᎬᎢᏏ ᏴᎪᏟ Ᏼ ᏟᏴᏫЁᎷ ᏟᏴᎬᎢᏗᏫᎷ ПᏫᎷᎬᏟᎢᏏᎬ, ᎩЖИᎻ ПᏫᎠᎪᎻ!!"
swalka_akino,channel,[РЕСТ]🌸 Свалка Акино16+ 🌸,61,"Просто свалка моего творчества,куда я скидывал как наброски,так и полноценные работы. ВНИМЕНИЕ 16+"
ack_manssdaily,channel,ᴀᴄᴋᴇʀᴍᴀɴs' ᴅᴀɪʟʏ,46,
anaxakin,channel,Будни Анаксагор киннов,31,𝗡𝗲𝘃𝗲𝗿 𝗶𝗻𝘁𝗲𝗿𝗿𝘂𝗽𝘁 𝗺𝗲 — 𝘀𝗶𝗹𝗲𝗻𝗰𝗲 𝗶𝘀 𝗴𝗼𝗹𝗱𝗲𝗻. 𝖭𝖾𝗍: @honkaistarkinns 𝖢𝗋𝖾𝖽𝗂𝗍: 𝖳𝖺𝗍𝗈𝗇𝖺𝗋𝗒 𝗈𝗇 𝖷
akitoinsane,channel,﹫ akito shin͟o͟n͟o͟me. ╴,14,"—  alright, watch this! we’re up. канал принадлежит сетке @doubleinsane"
aneki_official,channel,꒰ ⁺ Ꮲᴀrᴀdisᴇ Ꭺnᴇᴋi 𓂃 . ᰍᰍ,27,дата создания канала 6 октября 2024
akie_online,channel,Akie Önine📈,12,Guys አድስ ጀማሪ ነን ያበደ Online work ይዘን ሞተናል ሁላቹም Join በሉልን 100subscribers ስንገባ ስራ እንጀምራለን 🥰  http://t.me/Akie_online  Owner👉 @Akie_official
aksinyassy,channel,𝙞𝙣𝙛𝙤𝙧𝙢𝙖𝙩𝙞𝙤𝙣,3,
okeana_arti,channel,ПЕРЕЕЗД Okeana Arti,62,Рисую всякое и не всякое <:з  Автор авы-https://t.me/no_one_konch  Лс: @Okeana_risylki  Все остальное в инфопосте в закрепе ^^
abkhaziatoday24,channel,Абхазия Сегодня,36,"Аԥсны иахьа ⛰️  Здесь вы найдете самую актуальную информацию о жизни в Абхазии: новости, события, аналитику и многое другое."
a_thing_with_a_soul,channel,Ⲃⲉⳃь ⲥ ⲇⲩⲱⲟύ.,5,"Канал, на котором вы увидите мою жизнь, много мемов, рилсы и разные жизненные картинки и мемы!"
thisisdmappp,channel,This is DMAPPP,239,
sloenka_anapa,channel,Слоёнка Анапа,34,"…та, что была «Хлебной лавкой»🥐 🥖Режим работы: Ежедневно с 8:00 до 21.00  📍Мы находимся: г.Анапа, ул. Краснодарская, 66  Где мы есть еще? 👉г.Анапа, Ярмарки «Привоз» 👉г. Анапа, ул. Краснозеленых, 6  👉г. Курганинск, ул. Ленина, 16  кафе «Слоёнка»"
stand_up_balakovo,channel,🔥Стендап Балаково🎤,206,"✅ Стендап Вместе  ✅ юмор Балаково СОТРУДНИЧЕСТВО , РЕКЛАМА  , ПРЕДЛОЖЕНИЯ @Katlen90"
villa_sovinon_anapa,channel,Вилла отель | Совиньон Бар | Анапа,108,"Отель ВИЛЛА - 89897600570 Винный бар - 8 918 689 41 51 Анапа ул.Тургенева, 1  https://manuhotels.ru/villa/"
stylist_anapa,channel,ШКОЛА СТИЛЯ в Анапе имидж-тренера Татьяны Маменко,61,
tsarapkalabel,channel,tsarapka,128,"Moscow-based electronic music community.  tsap.tsap — DJ sets, mixes and lives from label artists and guests.  contact tsarapkalabel@gmail.com"
baasle3l,channel,بَوْصَلَـة,157,"خذوا ما شئتم, واتركوا لي الدعاء"
wshaij,channel,وَشَائِجٌ. ㅤ,274,"""أَنْ أكُونَ مِنَ الّذينَ لَمْ يَحظُوا بِقبرٍ وَ لَنْ يَبْقَىٰ لَهُمْ أَثَر"""
wizesaleh,channel,طُوبى💧🤍,95,
urewnl,channel,غيّاث العطاشى,62,عليل واتداوى بالشِعر
kussiaarchivee,channel,Kussia88,3,
jada_u_rosta,channel,─═हई╬ جۚـــــاٰدࣸه࣬ وࣳ رؓوࣳسۜــــتٙ࣫اٰ ╬ईह═─,635,🌺 حَسْـــبےُ اَللّه 🌺                               درودوخسته نباشید!✔️                           🏡 به کانال جاده وروستاخوش آمدید 🇦🇫🇹🇷🇹🇯🇮🇷 🔖 قشنگترین اشعار📒، دکلمه ها 🎤،دلنوشته✍️و بهترین چهره های ادبی🙍‍♀️🙍‍♂️🤵‍♀️🤵. 📌 با ما بپیوندید 💚❤️
ruhoniyuz,channel,RUHONIY,214,"Илоҳиёт, дин, жамият, практик ҳаёт ва Масиҳийлик мавзулари ўзбекча тушунарли тилда."
rahehehe,channel,# Rαhᧉe ❤️ . 7-1=0,27,"@ . Rαhᧉᧉ – Соло артuст, kонтент-меūкер, kреатор u монтажер . K вашuм услугам !              по вопросам - @raheee_bot"
aatthhaar,channel,أَثَــࢪٰ فَــتَآهْ ᵗ᷒ᰰ.,1182,- ‏مبعملـش أي حاجـه غيـر إنـي بحـاول طـول الوقـت ..  اللـه يـثبّتنـي علـى المحـاولات وإن ڪانت فـي نظـري لا تُجـدي نفـعًا ،  ولڪن أمـࢪنا اللـه بالسعـي.. 🖤.  بـوت التـواصـل @complicated2008202BOT
hovha11a,channel,hovhalla,192,анонимное сообщение:  t.me/anonaskbot?start=tbyvdmc3xu1u1hc
mariehihihaha,channel,wenlin’ 🌺,182,"despite everything, it’s still you."
mitnesaa,channel,When will my life start to shine ?,162,☕️🤍 http://t.me/HidenChat_Bot?start=5646976087 My notebook The audience of my posts? only myself.
raaahkoo,channel,راه,69,باید رفت...🛵 |𓆝 𓆟 𓆞 𓆝 |   https://t.me/HarfChatBot?start=b56604cfba71
gr21ml,channel,چنل اقا بنی,2582,"Привет - @Durov   Этот канал не нарушает закон.  И в нем нет порнографических и грубых постов.  пожалуйста, обратите внимание!    Наш официальный канал с гордостью @Telegram  Без спама  Нет порногра"
amalekinternational,channel,Amalek International,914,Truth Jagannath
caroouselle,channel,ᏦᗣᖘᎽᙅель,68,❕anonn n❕ http://t.me/anonaskbot?start=n02n48td •⛓️🔥idk🔥⛓️•твои глаза 😍 такие чистые как небо ☁❤🙏 Владелец канала сосал  Кару шлюха
manto_anil,channel,Mantoanil.ir,92,
mnekaktpohxyx,channel,krill aftnv,15,мой channel
okun228,channel,Окунь | >＜‾ᐷ ｡○,12,Пізніше напишу тут щось (P.s.: ніколи)
alma9alat,channel,Alma9alat.com ⚡,13,المقالات، مقالات متميزة. www.alma9alat.com
evil_ancap,channel,КАНАЛ ПЕРЕЕХАЛ,,
akmal_tulanov,channel,.,2,
alenaaaaaaap,channel,@alenaaaaaaap,,
asanamsrb,channel,Асоцијација Аналогних Аматера Србије,1,
alinka_gang,channel,alinka_gang,1,
amoral_ru,channel,Аморал,,
aniabii,channel,خزعبلاتی به رنگ آبی؛,64,
jjk_adikasas,channel,abika|Jjk,24,hello 👋🏻💓
abdujabbors_notes,channel,𝑨𝒃𝒅𝒖𝒋𝒂𝒃𝒃𝒐𝒓'𝒔 𝑵𝒐𝒕𝒆𝒔 📖 📚,19,"📚 Kitob o‘qishga, 🌍 chet tili o‘rganishga, 🧠 o‘zingiz ustingizda ishlashga qiziqmasangiz—demak, bu kanal siz uchun emas."
shahrisabztumanakm,channel,Shahrisabz AKM 📚RASMIY,192,Talab va takliflar uchun:  https://t.me/ShahrisabzAKM
stgallenukraine,group,Українці в Санкт-Галлен 🇨🇭🇺🇦. Украинцы в St. Gallen (Sankt Gallen). Кантон Ст. Ґаллен (Ст. Галлен).,2203,"Украинцы, помогаем друг другу в Санкт-Галлене и рядом: Аппенцель, Рапперсвиль-Йона, Виль, Госсау, Уцвиль, Букс и т.д. Рапперсвіль-Йона, Віль, Уцвіль, Кірхберг і т.д."
drrakales,channel,ЛАБОРАТОРИЯ ЯДЕРНЫХ СМЫСЛОВ с Алекс Успенской,2207,
usovohram,channel,Спасский храм села Усово,797,
uspenskjy,channel,Храм Успения Пресвятой Богородицы пос. Челюскинский,141,https://uspenie-hram.org/?page_id=423
ucnsw,channel,UCNSW,314,Info Channel for Ukrainians in NSW
uspenskysobor,channel,Приход Свято-Успенского собора Трифонова монастыря г. Вятки,91,Для общения приглашаем в группу t.me/uspenskysobor_gr
cerkvaaugsburg,group,УПЦ (в Діаспорі) парафія св. великомучениці Варвари у м. Ауґсбурґ,382,Адреса церкви: Dominikanergasse 5 86150 Augsburg  Зупинка Moritzplatz Трамвайні лінії 1 та 2   Настоятель протоієрей Віктор Мандзюк: +49 1623309173
uspenskysobor_gr,group,Общение прихожан Успенского собора,55,В основном канале t.me/uspenskysobor только новости
stuttgartpravoslawnyj,group,Українська православна Свято-Троїцька парафія в Штутгарті,257,"Ми православні християни, українська православна громада, західноєвропейська єпархія Вселенського Патріархату в Штутгарті, ми молимося українською та надіюся навчимося молитися й німецькою. Пошта для звʼязку: ukrorthodoxstuttgart@gmail.com"
interkulturellsea,channel,Interkulturell.SEA NEWS,194,http://www.interculturel.info
uasop,channel,.nekotako🐾,51,
kvadropark,channel,"Квадропарк ""ПУТЕШЕСТВЕННИК""",66,"Проводим туры на квадроциклах и снегоходах в Новосибирской области. Наш сайт: https://www.kvadri.info Тел.8 913 477 8555  Катаем по ​красивейшему хвойному лесу, таежным местам, тропам, лугам, вдоль живописных берегов реки Обь. Радиус путешествий до 350 км"
umanhelp,channel,Umantravel,24,Допомога в Умані з  усіх питань
simooonshp,channel,мастин🥐,15,че
hramvp,channel,Успенский храм,6,
archreka,channel,Архитектурная мастерская РЕКА,170,Архитектура | Дизайн | Наблюдения о городе
sddom_group,channel,Сибирские Деревянные Дома,122,"Компания «Сибирские Деревянные Дома» воплощает в жизнь самые разнообразные проекты деревянных домов — от небольших и классически простых дачных домов до сложных, насыщенных архитектурными элементами, многоуровневых строений."
metaarchitects,channel,Архитектурная Дизайн Студия METAarchitects,59,"Мы занимаемся проектированием и строительством зданий различных типов, а также созданием интерерных дизайн-проектов и их реализацией ПОД КЛЮЧ. https://meta-architects.ru"
abcb_buro,channel,ЧБ,77,Архитектурное бюро ЧБ
architectureplus,channel,معماری پلاس,26,
art_remonts,channel,S.Art - Дизайн и Ремонт,18,S.Art 💎 | Архитектура порядка 🏗 Строительство • Ремонт • Инженерия 🎨 Дизайн: Интерьер | Экстерьер | Ландшафт 💻 IT-контроль 📞 +7 981 782 80 01
muhammedahmedyenaefeqen,channel,"የናፈቀን ሕይወት ""Muhammed Ahmed""",40,"ባልጠበቀን ሕይወት""ያልተጠበቀን ኑሮ እየኖርን። የናፈቀንን ሕይወት ወደ ናፈቀን መኖር እናመጠዋለን።"
milextruelove,channel,Milex⊰⊹ฺTLSP,30,Waiting for TLSP3...
fwrtttu,channel,Dance Milli,13,
apside_elkartea,channel,ApsidEren Kanala,218,Euskadiko Hezkuntza-Orientazio eta Psikopedagogia Elkartea  Asociacion de Orientacion Educativa y Psicopedagogia de Euskadi  https://www.psicopedagogia-euskadi.org/
pitsundafestival,channel,Пицундский фестиваль,144,
s_biblioteka_psykhurei,channel,Сельская библиотека Псыхурей,102,"КБР ""МУК"" Баксанского района сельская библиотека с.п.Псыхурей ул.Катханова  Режим работы ПН-ПТ с 9.00-18.00 Выходные суббота, воскресенье       khuranova67@gmail.com  8903-426-82-25  Зав.библиотекой с.п.Псыхурей Хуранова Марита Анатольевна"
proxia_news,channel,ПРОКСИА Новости,18,Рассказываем новости компании ПРОКСИА proxia.ru
abhsong,channel,Абхазские песни - Аҧсуа ашәақәа,144,Слушай и подпевай
aasskkaass,channel,поселение🍓,24,Ася–это я!☆  ой я ещё фанатка Гагоши! люблю его☆
documentingcore,channel,Documenting CORE 📄,426,Gain insights into the #CORE Ecosystem and follow my documentation of CORE's journey towards 100% Bitcoin hash delegation to Satoshi Plus - the #Roadto100.
rwlesp,channel,Испанский деловой и юридический || RightWords Legal,242,"Канал от проекта RightWords Legal, который посвящен исключительно испанскому языку (общему, деловому и юридическому)  Основной канал  https://t.me/rwlegal Вакансии: @law_vacancies  Сайт: rwlegal.ru  Corp: @consultrwl"
documentingdystopia,channel,DocumentingDystopia,263,"Geopolitics, warfare analysis and wordwide news. 🇵🇸🇾🇪🇱🇧🇮🇶🇮🇷🇨🇳🇰🇵🇻🇳🇱🇦🇰🇭🇨🇺🇻🇳🇳🇪🇧🇫 Anti-colonial Anti-imperialist Marxist Lennist  Third Worldist"
resistinginjustice,channel,Справедливости ради,164,"Личный канал Даши Рудневой. С января 2024 борюсь с 20-летним баном в весь шенген, который мне выдала Швеция @rudarias"
murlitasss,channel,murlitas,1831,Мой розовый дневничок. Instagram: @murlitas
pinksweater_art,channel,♡розовый свитер♡,783,"мир очаровательных котят🩷 рисую, делаю мерч и показываю жизнь  группа в вк https://vk.com/pink_sw бустануть канал https://t.me/boost/pinksweater_art"
pinkpressa,channel,«Розовый слон»: туризм сегодня,439,"Комментарии в прессе; экспертное мнение о новостях туризма вице-президента АТА, владельца сети турагентств «Розовый слон» Алексана Мкртчяна. Новости и ""скорая помощь"" для турагентств."
asya_kolkina,channel,Asya Kolkina,28532,Life | Style | Beauty 🤍  Inst: asyagangsterr  Реклама и сотрудничество: @ase4kka @elizaveta_pvt  Регистрация в РНК: https://gosuslugi.ru/snet/68a3339976ea79305e6d7ad6
asyasemyonova,channel,ASYASEMYONOVA_voice,7295,Сайт: www.asyasemyonova.ru  https://instagram.com/asyasemyonova_official
asyaweels,channel,Язычество אלוהים. Работа с богами,1155,владелец тгк – @viromre
atour_uz_chat,group,Amazing Tour Chat,373,AMAZING TOUR – новый формат теннисных любительских турниров 🎾  Телеграм: @atour_uz Бот: @Call_ATour_bot Сайт: www.atour.uz
teztour_ekb,channel,Tez Tour Ekaterinburg,339,Tez Tour Екатеринбург  ☎️+7(343)351-08-08 📧info@ekb.tez-tour.com
aroyacruiseuz,channel,AroyacruiseUz,213,"AROYA от MORE.UZ, готова принять Вас на борту роскошного лайнера! Круизы из 🇦🇪Дубаи Круизы из 🇸🇦Джиды  Круизы из 🇹🇷Стамбула  ☎️ +998974022040   Узбек тили ☎️ +998901865717   Русс яз"
azarovaa_tour,channel,Римма Азарова || Туры✈️ Отели 🏨 Авиабилеты,108,"Путешествия с гарантией - официальный номер в реестре турагентов России - РТА 0053817   Профессиональный подбор и бронирование: пакетные туры, авиа и ж/д билеты, отели, экскурсии, круизы. Опыт работы более 3 лет. Весь цикл тревел-услуг в одном месте. Дого"
fp_azarin,channel,Типография НСК Азарин,160,"Типография полного цикла ✅ УФ печать на любых материалах ✅ Баннеры, плакаты  ✅ Наклейки всех видов ✅ Оперативная печать ✅ Офсетная, цифровая печать  ✅ Сувенирная продукция   Группа Вконтакте: vk.com/fpazarin  Сайт: fp-azarin.com Телеграм: @fpazarin"
andreydevyatov,channel,Андрей Девятов,34796,"Небополитик, постоянный заместитель директора института Русско-Китайского взаимодействия, воин интернационалист СССР, член союза писателей России.  В вольной редакции.   Чат канала –  https://t.me/+y9c31CA2Vx4yOThi  По всем вопросам – @SanctiAdmin_bot"
insideover,channel,InsideOver,978,Feed RSS da https://it.insideover.com
cpbview,channel,Взгляд из Центрального Парка,1030,Взгляд из Центрального Парка Баку (Азербайджан) на события в США и странах расширенной Европы.  Новости с краткими аналитическими комментариями от автора канала - Ахмед Алили
politicsindopacific,channel,Политика в Большой Индо-Пасифике,930,Блог о международных отношениях в Азии и не только. Автор Андрей Козинец.
ukrhistory,channel,Гай-Нижник: Історія та політика / Hai-Nyzhnyk: History & Politics,547,Історія та політика / History & Politics
solgeopolitics,channel,Геополитический блокнот,282,Русский тыл - https://t.me/rusrear  Нейропсихологический блокнот - https://t.me/SOLneuropsy  Отблагодарить автора за работу: 5280 4137 5427 7197
iawasz,channel,iawas سیستانو بلوچستان,138,انجمن ایرانی مطالعات غرب آسیا؛ شعبه سیستان و بلوچستان https://t.me/IranianAWAS www.iawas.ir
azgeopolitics11,channel,AZGeopolitics 🛰🌏🌍🌎,323,24/7 insights into the world of international relations
azat_energy_insider_en,channel,Azat Energy Insider EN,373,"Expert in O&G investments and market entry in Russia & CIS. 20+ yrs with Gazprom, Shell, Rosneft. Sanctions-compliant, deal-focused, global mindset.   All questions- @bulatishken На русском https://t.me/Azat_Energy_Insider"
seidnima70,channel,رادیو «مفسّر» | سید نیما موسوی,3686,| برنامه اینترنتی مفسّر، کاری از سید نیما موسوی |  حوزه مطالعه:  ۱- روابط بین‌الملل و مطالعات غرب آسیا. ۲- جامعه‌شناسی سیاسی ایران. ۳- بررسی تاریخ سینمای ایران.   ✅ادمین:                          S_Nima_91@
gharbtpnu,channel,دانشگاه پیام نور تهران غرب,2585,آدرس ایتا https://eitaa.com/actpnu  اینستاگرام https://instagram.com/tehran_gharb.pnu.ac.ir?igshid=YmMyMTA2M2Y
qareeb8,channel,قريباً ..,95,
idikomnerodnoyy,channel,🐈‍⬛,22,
zxcpo7,channel,@f_ol_6,21,
turkcedersinet,channel,Türkçe Dersi - turkcedersi.net,3068,
stambuull,channel,ПРОСТО СТАМБУЛ/ Altı Üstü İstanbul / Турецкий сериал Всего лишь Стамбул,4567,Новый Турецкий летник🌷 Новая серия каждый понедельник
numaya465,channel,Айя регрессолог 🪷,512,"Пространство трансформации души Регрессии • Энергопрактики • Исцеление Для тех, кто готов проснуться.   РЕГРЕСС •ПОДСОЗНАНИЕ Индивидуальные сессии   Связь: @Aya_Sem_46563"
zhamagir,channel,Anna ZHAM Givargizyan,208,"CreARTive adventure — арт путешествия, истории, анонсы, мои проекты, интервью, закадровое смешное, фидбек и мои двойняшки Сома и Айя, куда без них;)   Люблю, @zhamagir   ——— ☎️: @anna_givargizian"
aiapodcast,channel,AIA Podcast / Legacy,59,
isidod,channel,майа добрая (не факт),71,
mzzhzz,channel,—Айя vamp🧛🏻‍♀️из Чернобыля,101,
aiai_band,channel,Айай музыкант,31,инди-шансон для моряков без моря  слушать песню Аритмия: https://band.link/aiai_aritmia
truenell,channel,𝒫 𝔯𝕖t ’ 𝕥𝓎ㅤ𝒩 𝕖l𝕝 “ㅤ🐈‍⬛️ㅤ,80,Айя/Айка @aboutnell_bot ❤️ Only Nell Fisher Переезд : O3O726 @stickwNellF
diilyasd,channel,di765,36,сигма айя
azya_alieninvasion,channel,i love alien invasions!!!!,33,щітпост і картинки хз
aisie_jour,channel,Ā𝔦Ⴝ𝑖𝑒|°.#𝗝𝗢𝗨𝗥,23,"aisie [айси] - журналистка в онлайн индустрии, которая точно обрадует тебя своим контентом!  связь: @A1sie"
loveinthedark3,channel,Love in the Dark Рест,15,"Канал ""Любовь во тьме"" приветствует вас! Наш бот: @LoveintheDark3_bot Владелец 1 Айя: @anyutik_e Владелец 2 Кави Владелец 3 Ельфи: @elfkk79 Ищем ВП и союзы  Вп 0+ Начало: 30.05.26"
ulkeriye,channel,ULKERİYE | Турецкий язык 🇹🇷,1774,"Для тех, кто неравнодушен к турецкому ❤️"
tryoszone,channel,TR-YÖS Zone | Турецкий язык | TOEFL 🇹🇷,421,"🇹🇷 С огнем в сердце готовим вас к поступлению в университеты вашей мечты!  💻 Онлайн подготовка к TR-YÖS, TOEFL и Турецкому языку  💯 Преподаватели с TR-YÖS 470+ и TOEFL 100+  ❤️Для цен и подробной информации: @tryos_zone"
basiturkce,channel,Benim türkçem,222,Турецкий язык|курсы
izmirgid,channel,Гид по Измиру,195,"Гид по Измиру, прекрасному турецкому городу на побережье Эгейского моря.  Чат канала: https://t.me/joinchat/Vd4-MsUWuBS4wU8x  Для связи пишите в чат канала."
galatasaray0535,channel,Galatasaray News🧡❤️,157,"Данный канал посвящается турецкому клубу Galatasaray. В этом канале будут размещаться самые актуальные и свежие новости про SC Galatasaray. Будет проходит разбор матчей, ссылки на матч. И не только 🧡❤️  По всем вопросам к @OlgaG0107 @Sus_kir"
agerrraaa,channel,!agerathnxx,175,анонимка – t.me/sdadav_bot 🩵
rua_official,channel,💘[РЕСТ]Moonlight Rua💘,33,Всем привет Это канал где я вам буду рада) 🌟 Этот канал на половину  Руа (мой персонаж) И я может быть в рисунке☺️ И факты о Руа и история ее смерти здесь много чего будет интересного подписывайтесь😘
aura_labelaz,channel,𐇽۪ 𝖠υׁׅ𝘳ᥲ ᒪɑׁׅ𝚋𝑒ᥣׁׅ֪ ^ִ᪲᪲,79,𓈒ั݄݃🪼 ְ 𝗪𝖾𝗹𝗰𝗼𝗺𝖾 𝗔𝘂𝗿𝖺 𝗟𝖺𝗯𝖾𝗹⏝֟፝◌્ ׅ💙۰ܼ ◞  𝘊 нꫀׁׅܻ݊тꫀׁׅܻ݊рпꫀׁׅܻ݊ниꫀׁׅܻ݊м ждꫀׁׅܻ݊‌м вɑׁׅс!
ursoau,channel,УрСО АУ,15,Уральская саморегулируемая организация арбитражных управляющих (Екатеринбург)
aauaaaauu,channel,aauaaaau,47,
tioracreates,channel,𐔌 🪐 . ⋮ 𝑇𝑖𝑜𝑟𝑎 𝐶𝑟𝑒𝑎𝑡𝑒𝑠 ✶꒱ ᵀᶦᵒʳᵃ ᶜʳᵉᵃᵗᵉˢ 👽,44,Замовити можна у власниці @Tinnna_mmk а також у адмінів @lonely1fox та @wexsivv4
zuraaofficial,channel,⋆˚࿔ᴢᴜʀᴀᴀᴀ𝜗𝜚˚⋆,17,"Здравствуй родной,меня зовут Зуря/Зу  добро пожаловать в мой канал.  Тут вы увидите шипы и арты по разным ФД  ‼️если вам не нравится мой конфет и шипы,пожалуйста не пишите негативные комментарии,спасибо за понимание.‼️"
oracleebsfusion,group,Oracle Apps Jobs / EBS & FUSION Support,2781,Since 2021  First Post on 10-Feb-2021  #Oracle #OracleApps #VBCS #Fusion #VisualBuilder #JobOpenings #Linkedin #JobsPortal #BuildYourCareer #Job #Jobs #training #HR #tutor #institutions #fresher #company #freshers #dump #certifications #OracleFusion #OIC
funoracleapps,group,Oracle Apps|Core|RAC DBA|www.funoracleapps.com,629,"This group is realated to Oracle Apps DBA/Core/RAC/DataGaurd/Cloud Jobs Knowledge Sharing Issues and Solution discussion.  YOUTUBE:https://www.youtube.com/c/sudofoa  Want to invite anyone to join,please use below link http://t.me/funoracleapps"
ageoflightru,channel,AGE OF LIGHT company,1600,"Decentralised media IT company. Single target resource & control centre. Leading international project ""World Unification"" @ageoflight1111  Founder(CEO) @elementasi care service @elementasi_bot"
laraconeu,group,LaraconEU,564,Laracon is an annual gathering of passionate web developers that love building software using Laravel.
opulabs,group,Opu Coin,615,https://opucoin.io
vizuators,group,Вопросики о Tableau c Vizuators,189,Это чат для участников открытого техревью и других активити с компанией Vizuators. Всё про Tableau и датавиз. Tableau марафон 2.0: https://tableau.pro/marathon42
yyaassiaa,channel,𝓨𝓪𝓼𝓼𝓲𝓪𝓪🪷,164,
amisshaa_aaass,channel,Амиша,133,анонка http://t.me/anonaskbot?start=G71tC1l-eGVcQXI тт https://www.tiktok.com/@amishaa_as?_t=ZT-8uWSzWiFXH4&_r=1 мой бот @Amishaekbot лс владельца @amishaaa_as лс  админа @f_abdiyevaa
kaaayyyaa,channel,KAYA,133,"творческий дуэт КАЯ | KAYA 🐊 KREIS https://t.me/dekobykreis SOYA https://t.me/suesoya  сближение, творчество, креатив мы тут: https://www.instagram.com/kaya_duett?igsh=dXJjNWJyYmo3bjdy"
aaaayyyyaaaa57,channel,آيـــة🫧,71,لا تؤذي أحد  كُـن لَطـيــفـاً كُـن نـافــعــاً كُـن رقــيـقــاً  كُـن لَــيِّــنـــاً  •.🧚🏻‍♀️🩷.•
aasshiaa,channel,Ashia,75,دوست دارم چیزی رو بسازم که کار هارو آسون تر کنه! هروقت دوست داشتی بهم پیام بدی: @itarrshia
asiiii074334,channel,🕸️Miss_Asya🕷️,32,ПРИВЕТ добро пожаловать в мой тгк канале тут будет больше о моей жизни и не только конкурсы арты надеюсь вам тут будет интересно!
sukhum_bones,channel,Сухумская кость 🏴‍☠️,322,~Абхазские дрожжи/Abkhazian ferment ~бот для связи: @WhyBone_bot
origin_moldova,channel,Din culisele ORIGIN,130,"Aici găsești toată informația, pe care nu reușim să o transmitem prin intermediul altor canale din culisele magazinelor noastre. Toată colecția o găsești aici: www.origin.md"
requests_by_si,channel,Подборки_by_shopin.italia,25,
cactus_second,channel,Кактусная барахолка,12,"Хочу подарить вторую жизнь своим вещичкам✨  Передам лично в Москве, либо отправлю Яндексом~  👉🏻Пишите в комментарии/ в личку @Sonya_Pavlyuk"
smitfml,channel,SMIT,669,owner @T1RANSHA_DNO
smithii_io,group,Smithii,3441,The All-in-one Solution for Solana Projects https://tools.smithii.io/
vlanf7,channel,Apricity,230,@vlanf101BOT   رابط تعزيز https://t.me/boost/vlanf7
stoloshka,channel,стома,74,
realestleeevan,channel,Evan,140,@k1ttensha_bot
friskdaily,channel,ㅤㅤㅤㅤㅤ᮫ ✨𝅄ㅤׂ fִrִiׄsׄƙׄ᷼ ɗִׄׄ𐐼ׄꪱᜒִℓყ̼‌ ׄ 𝃣 𓏔 ‌ ۫,40,cr :: Uminann813 on X
nastacys,channel,nastacys,72,
torranceli,channel,𝔗𝔒ℜℜ𝔄𝔑ℭ𝔈,21,
join_humor,channel,ЮМОР Избранное,34,самый убойный в телеге
tvar_tvor,channel,Тварческий творь,28,Тварческий творь и тварец любитиль
gadako0bot,bot,Lyd,,
benifei7,group,Чат чак,,Чат Юшки
travissfcf_bot,bot,трэвис тейки,,тейк бот
igor_voroncov_bot,bot,Худей с умом | Предзапись,,
never1etbonedogobot,bot,Σ（ﾟдﾟlll）,,
kimcestcf_bot,bot,кимцест кф тейки !,,тейки для → @kimcestcf
danielfatherbot,bot,Daniel.,,
darlixsbot,bot,anon darlixs,,
teagar1bot,bot,Teagarden.,,
alexratbot,bot,Alex Ratinsky,,
trvrt_bot,bot,tr,,
tsarikssbot,bot,iMessage,,
anonverc4a_bot,bot,аноним верча,,
milxeatterbot,bot,анон милхеатер,,спрашивайте не стесняйтесь
chitershaanon_bot,bot,читерша,,
shkolavideo_bot,bot,Школа видео Алексея Радонец,,
twillanonkabot,bot,анон твилла,,
noalarmsbot,bot,انونک ( ゜ρ゜ ),,
sim_the_work,group,СИМ Содружество Исследователей Мысли,278,"некоммерческая  организация, основной целью которой является активное распространение ""Работы"" Байрон Кейти как эффективной практики избавления от стрессовых мыслей, самопознания, личной трансформации, принятия реальности и гармонизации отношений."
yoursmmchat,group,Чат SMM специалисты | SMM Тусовка | SMM Клуб,734,"⚡️Чат для всех, кто находится в касте SMM и digital  🔹Обмен опытом и помощь друг другу 🔹Новости и рекомендации в сфере SMM"
music_smith,channel,Музыка Елены Смит,728,"Колыбельные, танцевальные, развивающие песенки для малышей. Музыка для отдыха, занятий пилатесом, музыка для сна и медитации. Музыкальные сказки и истории."
smitinvest03,channel,Смит Инвест – надёжный застройщик,343,"📍 Офис продаж: ул. Бабушкина, 34, оф. 203 📞 Единый call-центр (звонки): +7 (3012) 55-77-77 📱 Написать нам (WhatsApp, Telegram): +7 (902) 563-22-88"
karinasmith_kids,channel,Карина Смит о детях,338,✳️Все о развитии и воспитании ✳️Новые игры со старыми игрушками ✳️Больше полезных видео в Дзене https://zen.yandex.ru/karinasmith_kids и YouTube https://youtube.com/channel/UCQ_evMieK70fwRmqqGn7vOA
nellewhitesmith,channel,Нелл Уайт-Смит,207,"Автор стимпанк-цикла о Машинах, которые каждое полнолуние вступают в схватку с Хаосом. Обсуждаем сюжеты, поезда-призраки, механических оборотней, дирижабли и демона, вырывающего сердца ради самоцветов. Открываю для вас новые грани мира Машин Хаоса."
company_smit,channel,Земельные участки в Крыму,211,Компания Смит Продажа земельных участков у моря в Крыму рядом с Евпаторией.  Продажа напрямую от собственников – без комиссий и переплат. Возможна дистанционная сделка.  Запросите каталог у администратора @smit_administrator
fash10ndem0n,channel,чертила прелюбодейская,97,"лингвистка, кавердэнсерка в кин. часто посты contain english language, not sorry for that anon: http://t.me/anonaskbot?start=342053874"
follka34,channel,Уголок чертилы,598,лучшеб я консервных банок насобирал...
chertila_veschaet,channel,Чертила вещает 💀,65,Поклоуним? 🤡
chertila144000,channel,ЭС Чертила|144,806,144 000  Писать по поводу заказов @cheeert144  Щп: https://t.me/+FiUfrbcTSs05MmUy  😨💄💋
purrnilly,channel,purrlly,86,
shuyka_off,channel,Шуйка [16+],264,Дилемма медика-художника (помогите) Вся инфа в закрепе Лс для связи @show_memore
rettfytrue,channel,rettfy,77,Жопа тру
ottersarethebest,channel,Annaya 200,181,Візуальний щітпост канал.  Pixiv : https://www.pixiv.net/en/users/68099887
kirikarikater,channel,Катькерс!,219,Тут живëт чертила  кири на 300 :)))))
choonicho,channel,Чертила🥵,164,По поводу заказа - @ilohda Тик ток- https://www.tiktok.com/@_fonka_aa?_r=1&_t=ZS-95bGTdCTqT7 Твиттер - https://x.com/x_lol201 Ютуб - https://youtube.com/@lol201x9?si=LWOt68DjNznC-XB9 Vk - https://vk.ru/club225405210
ccherti1la,channel,Чертила любит Кристофа🩸,36,Я не умею рисовать
evlinacreajot_channel,channel,Мозгодробилка⚙️,21,"Здрафствуйте, я тут рисую, вот. И щитпосты тоже делаю, даа 🫠 Ещё у меня вселенная своя есть или типо того 🤓 Может тут и ещё что-то будет, я не знаю, посмотрите сами 🙂  (Тут будет очень много кринжа, бу!)"
chertiata,channel,маленькие чертята,115,"Гав, где моя котлета?!"
kosilkadrowing,channel,[РЕСТ] Газонокосилка рисует🥭🎇,113,Тут живет газонососиска Тт — http://tiktok.com/@gazonokosilka111 Пинтерест — https://pin.it/3kjIvbiom Анон — http://t.me/anonaskbot?start=kjg9m1a
logovo_chertika,channel,Чертила на связи,13,Silly times  Make silly women  © Autistic me
krealera,channel,🌺 КреаЛера,36,"🌸«КреаЛера» — твой проводник в мир творчества и приключений! 🎨Вместе со мной ты найдёшь идеи для творчества, вдохновляющие рисунки, истории о путешествиях и забавные моменты с животными.  🤗Присоединяйся к увлекательным приключениям!"
chertilatvoegoserdca,channel,Чертила твоего сердца,133,Тут что-то похожее на мою жизнь СФ/СПбГАСУ  Жизнь связана с лисами 🦊  Очаровываю твоё сердце 🥴🩷  https://youtube.com/@ewis43?si=JMW4sNEOxqU8Ww4w
nagitosnagitsa,channel,Канал с рисовашками от Нагитса,60,@Cherryciggaretes моя личка Мой тт @nagitsza69rubley
s0litara,channel,s0litara,41,
etotochnolera,channel,"Вроде Лера, но это не точно",41,"Я не художник, я ничего не вижу"
markivilli00,channel,°kвaртupкa°markivilli° :3,14,"~показываю рисуночки~  .инфо поста пока нет,простите.   обращайтесь по нику –> mar/markivilli"
ceganohka,channel,Цега,37,
betonandbarkhat,channel,бетон и бархат,42,"инженер самодур.  не попаду в рай, потому что всю жизнь чертила."
brightyellowcanary,channel,[Рест]Утята Кватрины/Quatrins,23,Здесь будет много моих рисунков или моя жизнь
chivadilart,channel,Чивадильные чертила,42,︎ ︎ I love u mom bro :D  @Chivadil
book_mother_0,channel,🐺Серый читатель🐺,151,"🐺Всем привет, я Кристина Волк 🐺 По всем вопросам обращаться в личные сообщения: @Mother_book  🌿По хэштега вы найдете:🌿 🎨Рисую - #рисую 🎧Вышиваю - #вышиваю 📚Книжные отзывы #моиотзывы 📝Цитаты из книг #цитаты  📚Вырезки #вырезки   ДОБРО ПОЖАЛОВАТЬ 🤗"
wbluone,channel,Дневник WBшницы🖋,2705,"Привет, дорогой читатель❤️ Меня зовут Люба и вы попали в мой канал, в котором я делюсь своими мыслями и идеями о раскрутке бизнеса на Wildberries!  Здесь интересно, потому что я рассказываю о своем опыте👌🏼"
yanewegi_free,channel,Женя Покидина Творит ✍️ Книги • Писательство,1186,Безудержный читатель и киноман. Путешественник и писатель.   По всем вопросам 👉 @yanevegi
viktorisreading,channel,Пользуйтесь закладкой,650,Художник и читатель. Для связи: @viktortweek
madonnka,channel,MADONNA,12175,"Журналист, медиаменеджер (MUR; издатель Fashion Paper)  В реестре РКН https://knd.gov.ru/license?id=673763e76afad41667bf882b&registryType=bloggersPermission"
shagabutdinov_r,channel,Ренат Шагабутдинов из МИФа,1694,"Издатель журнала ""Бегать просто"" Работаю:  @MIFcourses.  Сооснователь: @runforhealth.  Автор: @lemur_excel. Это личный канал: про книги, путешествия, бег, футбол и не только. Мнение автора может не совпадать. Контакт: @r_shagabutdinov Рекламы нет."
xw502,channel,🌎新闻事件 热点时事🌏,2023,🔰最新动态资讯、突发新闻、大事件曝光！  ⚠️声明：频道只负责发布相关信息，真假自行甄别。  ✈️投稿 @niudashun_bot ✈️商务 @niudashun
oriana213b,channel,ORIANA★ 2.1.3.B,179,
anton_vart_ai_1_2_3,channel,ВАРТ АНТОН ПРО ИИ В БИЗНЕСЕ,152,"Связь → @anton_vart Присоединяйтесь к ESSG Club → https://t.me/tribute/app?startapp=sYFZ  ESSG Club - бизнес-сообщество предпринимателей, которые внедряют искусственный интеллект в свои компании.  Здесь - лучшие практики AI, реальные кейсы внедрения, бизн"
asabinart,channel,Asabin Art,3660,"Всем привет, я Макс Асабин. Наш чатик: t.me/asabinsquad  Мой Ютуб: youtube.com/asabinart"
kstovo_polit,channel,Кстово | Политика | Новости,341,"№ 4970540751 Новости, события, мероприятия  По вопросам рекламы обращаться к @LisameL_manager"
arthswapnews,channel,ArthSwap Announcement,120,
asaber22,channel,Александр Сабер,42,Проектирую восприятие брендов.  Пишите → @A_Saber_22  Смотрите: rutube.ru/plst/647076  ↯ БСТРЙ ДИЗ: @bstrdiz  Проект «M090Z_22»: @m090z_22  → behance.net/a_saber → vk.com/a_saber_22 → youtube.com/@asaber22 → инст @ a_saber_22
asb_courses,group,«Learning for Students» | «ASB Academy»,39,"ASB Academy offers comprehensive training in full-stack development, blockchain development, and digital marketing. Empower your skills with expert-led courses, equipping you for success in the dynamic world of technology."
goldensochicom,channel,ЗОЛОТОЙ СОЧИ,305,"Авторский блог Натальи Стрельниковой - брокера ПРЕМИАЛЬНОЙ и ИНВЕСТ.  НЕДВИЖИМОСТИ  📊 подбор и анализ предложений (сервисные апартаменты, гостиничные номера, ГАБы)  💼 сопровождение сделок купли-продажи   @strelnikovasochi"
ok_nedvizh,channel,ОК Недвижимость,184,❤️Лучшая недвижимость от застройщиков Краснодарского края и Крыма.
tovar_iz_obshepita,channel,SALE TALE ОБЩЕПИТ| Главный Telegram-канал про выживание и прибыль ресторанов в РФ/СНГ|,317,"🔥 Антикризисный общепит Реальные ошибки ресторанов, кейсы закрытий и роста Оборудование, которое окупается Консалтинг и решения для владельцев Автор — антикризисный управляющий с реальной практикой"
katemediapro,channel,Рекламный закупщик,234,"Запускаю рекламу, которая окупается🤍  Освоила 40+ миллионов в рекламе. Кейс: 2,5 млн вложений → 15 млн выручки клиенту.  Портфолио: https://katevol.tilda.ws Контакт: @Katyavolna"
go_to_sochi,channel,𝐒𝐓𝐀𝐓𝐔𝐒 | Недвижимость Сочи и КК,250,Пᴏ-нᴀᴄᴛᴏящᴇʍу чᴇᴄᴛнᴏᴇ ᴀᴦᴇнᴛᴄᴛʙᴏ нᴇдʙижиʍᴏᴄᴛи | БЕЗ ФЭЙКОВ С нᴀʍи ᴨᴏᴋуᴨᴀᴛь бᴇɜᴏᴨᴀᴄнᴏ Нᴏʙᴏᴄᴛи и ᴧᴀйɸхᴀᴋи ʍиᴩᴀ 🄼²  Отзывы https://t.me/statusfeedback  Генеральный директор Чаленко Денис @Chestnyi_makler
reitmoscow,channel,Reit.Moscow - Инвестиции в недвижимость,134,Инвестиции в недвижимость с доходностью от 20 до 100% годовых. Актуальные предложения. Для связи: 89684184542 или isevostianov@yandex.ru
edet_remont,channel,Идет ремонт👷🏻‍♀️все про дизайн и ремонт,199,"Лариса Паромчик — дизайнер интерьера для инвестиций и жизни 📍Москва  💸 Инвест. проекты: реализую дизайн, который реально окупается.  🏠Проекты для жизни: стильный и эргономичный ремонт от идеи до последней детали - под ключ.  Заявки @paromchik_larisa"
investinyourenglish,channel,Английский язык онлайн,216,🇬🇧Инвестиция в Ваш английский и английский Ваших детей всегда окупается! Проверено временем! Занимайтесь онлайн из любой точки мира!🌎 Welcome On Board!🎈 Ссылка для друга: https://t.me/investinyourenglish Создатель канала: https://t.me/Jeniya_S
uspeshnie_metriy,channel,Успешные метры | Флиппинг,61,Будни флиппера. Прокачиваем бетон 💪
rim5a,channel,أَثَـــر!,1636,إنما الإنسان أثر .  ليِست مُجرد قَناة إنَما ترَاكُمات مَشاعري 🖤!
medical_english_school,channel,MEDICAL ENGLISH SCHOOL🇬🇧💉 Медицинский английский,4446,"🤍Все о медицинском английском: профессионально, современно, с любовью! 🩺  🤍Онлайн-курсы на сайте: https://medicalenglish.ru 🤍Отзывы: https://vk.com/topic-170030850_40354492 🤍Поддержка: @medicalenglishschool"
where_russians_go_wrong,channel,Where Russians Go Wrong,258,"Мой канал поможет улучшить навыки в английском языке и избежать типичных ошибок. Здесь собраны интересные факты о языке, полезные советы по грамматике, лексике и произношению, а также разбор и критика методик англоблогеров.  Админ: @VVRGW"
yulia_food_expert,channel,Юлия — нутрициолог без крайностей,186,"🌿Без крайностей. Без «правильно» и «неправильно»   🍎Просто системно, вкусно и с любовью к себе  ✨Тело, энергия и питание — всё под контроль, но без фанатизма"
everscale_rus,group,Everscale RU Community,2220,Русскоговорящее сообщество Everscale   Discord: https://discord.gg/everscale Новостной канал: @everscale_ru
auxiliumcommunity,group,Auxilium Community,3140,Former home of cryptocurrency Auxilium ( 2017-2022). Read about the closing of the company: https://auxiliumglobal.medium.com/  The community is free to continue the project as communicated.
cyphal_ru,group,Cyphal — русскоговорящее сообщество (в прошлом UAVCAN),174,https://opencyphal.org
aidcoincommunity,group,AidCoin Community,399,www.aidcoin.co
acossicointoken,group,Acossi Coin (ACI) - Group 🧿 Community discussion,300,Acossi Coin community  Here you can ask questions and stay updated where to buy and trade Acossi Coin a bsc blockchain RETAIL SECTOR' Visit us https://acossicoin.acossi.com
toscale_official_chat,group,Toscale Community,92,"Toscale Community — Official Group Promotions Require Approval: Any ads, referrals, or project promotions are allowed only with admin approval. Unauthorized promo posts will be removed."
bysol_evacuation_comments,group,Комментарии @bysol_evacuation,164,
aschtelegram,group,Asch-Platform（english only),71,Please join ASCH official group: @Asch_En  ASCH Website：https://www.asch.io ASCH Twitter：Asch_io ASCH BBS：http://bbs.asch.io Asch Wallet:https://mainnet.asch.io/
affskill_chat,group,AffSkill Community,31,Чат единомышленников от онлайн-академии AffSkill.com Прокачай свои навыки и получи бесплатную полезную информацию в нашем телеграм-боте: @affskill_bot
realkidsadapted,group,"АНО ""ЦАФРДОВ""",30,Адаптивный спорт для всех. https://zen.yandex.ru/anosod
lapkinatapkah,channel,-асоциал-демократ-,23,Ну я тута типа ресую.... Кидаю картинки.......
oloyuz,group,"Чат ""Алайский""",24,
askomain,group,ASKO (Official),15,
asaletsokagi,channel,Asalet Sokağı Telegram Grubu,4,Telegram’da en neşeli ve keyifli sohbet grubuna katılmak için ne bekliyorsun sende zirvelerde olsana
ibrahimalagore,channel,منصة طلبة ثالثة ثانوي دفعة 2009 علمي,2870,قناة لطلبة ثالثة ثانوي سوف يتم تنزيل ملخصات و شروحات لجميع المواد 💫
codetechnity,channel,Code Technity,385,
sprosievu,channel,Спроси Еву,401,"Всё, что тебе нужно, есть у тебя. Всё, что у тебя есть — нужно тебе.  Коуч-психолог. Помогаю освоить свою механику и навигацию пространства в любых обстоятельствах   Узнай, как — пиши ""Есть вопрос"" мне — @evapatrakhina"
soyuzmash81,channel,Луганское региональное отделение Союз машиностроителей России,265,Луганское региональное отделение Общероссийской общественной организации «Союз машиностроителей России». soyuzmashlro@mail.ru
yosh_muhandislar_maktabi,channel,Yosh Muhandislar Maktabi,89,"🎓 “Yosh muhandislar maktabi” — bu kelajak muhandislari, ixtirochilar va texnologiya ixlosmandlari uchun bepul ta’lim loyihasi. 🚀 Kelajakni yaratadigan yoshlar shu yerda! 3D, robototexnika, IT va startaplar olamiga birga kiramiz."
kinematics_journal,channel,نشریه سینماتیک,158,📚 کانال رسمی نشریه سینماتیک دانشگاه صنعتی همدان اولین نشریه انجمن علمی مهندسی مکانیک! 🎯 با محوریت موضوعات علمی و دانشجویی 📝 جایی برای بیان ایده‌ها، خلاقیت‌ها و دغدغه‌های دانشگاهی 📆 آغاز به کار: ۱۴۰۲  📩 همراه ما باشید @kinematics_admin
asya_8537,channel,Аська,26,"Всем здраська! Тут арты, щп ну все что в голову придет!))0)"
asya_kipkeeva,channel,Dr.Asya Kipkeeva,344,"Я Асият Рамазановна, практикующий ЛОР-хирург и косметолог 🩺 В этом канале я рассказываю просто о сложном: • Здоровье уха, горла и носа и современные операции • Косметология: научный подход и обзор процедур • Личный опыт, истории из жизни и практик"
asya_969,channel,💚Asya_UFO👽🦝 16+,52,Приветики всем ~ 👽 Меня зовут Ася 💚🩶💜🖤  С др: 21.08.  Открыто коллаб✨
donetskiyaborigen,channel,Донецкий Абориген,2430,donetskiyaborigen@gmail.com Адрес для текстов. ссылка ВК https://vk.com/donetskiy_aborigen
aemiku_ht,channel,aemiku,543,"Для души строчу баллады - смысл в них искать наивно. Уголок бредней из моей головы, иногда наложенных на музыку, приятного чтения и прослушивания. По вопросам - @aemiku (автор)"
svekhro,channel,Светлана Хромова. Зажигаю слова,159,"Светлана Хромова | Москва в литературе  Писатель и главный редактор «Литкупаж».  Исследую Москву через судьбы писателей, книги и литературные маршруты.  Редкие истории, забытые адреса, закулисье книжных проектов и жизнь автора за пределами рукописей."
medragonworlds,channel,Medragon,1234,"Канал про астрологию ба цзы и традиционную китайскую медицину. Переводы текстов, консультации, обучение        Владелец канала  @Medragonwords,  Рекламный менеджер: @youaresickk ."
iinsiideemeee,channel,Мысли и тексты 🍃,105,Делюсь мыслями💡  🙋🏾‍♀️ - @asotskayadia
grafoman_ia,channel,Графомания,517,Добро пожаловать в мир безсмысленных текстов и красивых артов
denissorokotyagin,channel,Denis Sorokotyagin,303,"Режиссёр, актёр, автор текстов, музыкант"
bookteahygge,channel,"Книга, чай и плед📚",755,"Уютный блог о книгах, саморазвитии и магии текстов. Заметки автора КП с нежностью к каждому читателю☕️   Пишу для вас: @markinaannaa"
dory21vek,channel,𝐃𝐎𝐑𝐘 𝟐𝟏𝐕𝐄𝐊,536,ID: 51356458290
vorona_pupok,channel,🪺 Воронье гнездо 🪺,141,Косплей и другие мракобесия
sanya_pishet,channel,вороны-москвички,251,"Мир как текст, мир как память   читательский дневник @sanya_guseva"
katya_voronaa,channel,заметки вороны,155,"Страницы жизни:книги, жизнь в Питере, вопросы о вечном 🖤"
voronelka,channel,Ножки Ворон,108,
voronie_gnezd,channel,Воронье гнездо✨,288,Шкатулка с блестящими штучками
xim0lalala,channel,Воронье гнездо | _Ximo_,59,Тут обитает художник по кубикам.
crowsnest8642,channel,Воронье гнездо,65,Welcome to my nest💫  Ворона тут лапкой что-то чиркает иногда:)  Анонимка: http://t.me/anonaskbot?start=JZ9i8zOihohTWFU
white_croooow,channel,Воронье гнездо,64,"Арт-канал по майнкрафту, а также с некоторым уклоном в этнику."
bookwilds,channel,🐦‍⬛️Белая ворона,108,Громкое эхо...
sashok_malishok,channel,СаШОК,76,"Жизнь, увлечения, приключения💡  Ссылка на чат:  https://t.me/+j_k9HYPi3jI3YWZi  Вступайте, будем общаться!"
big_nyan_is_watching_you,channel,𝙿𝙰𝚃𝙸𝙴𝙽𝙲𝙴,108,
postotpivasika,channel,щп пиваса👀,53,Арт канал  https://t.me/artFALL_444 ↓ https://t.me/+X6NfLMWeJBpmYzhi   Анонимка http://t.me/anonaskbot?start=NUscwM5Y_aaajEa
anatomya_wb,group,Служба поддержки анатомия Маркетплейсов,67,Режим работы экспертов понедельник - суббота с 10 00 - 20 00 Созвон один раз в месяц (каждое 15 число)  @Taktikawatch - специалист по сертификации товаров @ilya_ozon_wb - Создатель помешаный на воронке продаж
vorroniegnezzdo,channel,Воронье гнездо,48,"Графический дизайнер, вдохновлённый искусством и открытый к новым знакомствам, идеям и творческим коллаборациям ｡･:*:･ﾟ’"
petrbalashov,channel,ПРО продажи услуг,58,"Если есть лиды, но нет роста — проблема в системе  Показываю, где теряются деньги в воронке  Написать: @petrbaIashov"
crowstales,channel,Ворон † Страшные Истории,60,Рассказчик страшных историй †
goumaden,channel,храм вороны,27,Постим картиночки и любим ворон
avoron_online,channel,ворон (⁠´⁠∩⁠｡⁠•⁠ ⁠ᵕ⁠ ⁠•⁠｡⁠∩⁠`⁠),15,ссылка на фикбук: https://ficbook.net/authors/3241889 ссылка на вконтакте: https://vk.com/avoron_online
podsushkanikiti,channel,ПОДСУШКА НИКИТЫ ВОРОНОВА,10,"здесь хуй знает, ааэ @PodsushkaNikitiBot"
raven_morax,channel,Гнездо Ворона,13,Мини-блог о важном для одинокой чёрной птички
voronwigs,channel,ворон укладывает,9,здесь собраны все примеры моих укладок  лс: @r_raven
littletaxcrow,channel,Ворона инспектор налогов,7,"Импотент — как пленный партизан: всех бы перестрелял, да винтовку отняли"
kitayskiyeasy,channel,Ого! Китайский?,191,"Постигаем Дзен, обсуждаем культуру поднебесной"
mingbaak,channel,Пояснительная бригада Лабубу / 拉布布明白队伍,565,"Что все в Китае знают, а вы ещё — нет: https://www.patreon.com/posts/chto-vse-v-kitae-130530161"
cardanochinaofficial,group,Cardano China Official🇨🇳,412,Cardano官方中文社区
buyershanghai,channel,Товары из Китая 🇨🇳,90,"Помощь в закупке,проверке, переговорах,поиске товара,фабрик в Китае, отгрузка под ключ.  Живём в Китае🇨🇳🫰"
wegroschina,group,Wegros China 🇨🇳,31,Wegros 就是关于我们的！  ♡  1. 🇺🇲 Global group @Wegrosio 2. 🇸🇦 Arabic @WegrosAE 3. 🇹🇷 Türkiye @WegrosTR 4. 🇲🇨 Indonesia @WegrosIndonesia 5. 🇷🇺 Russian @WegrosRussian 6. 🇯🇵 Japan @WegrosJapan 7. 🇰🇷 Korea @WegrosKorea
redneckbar,channel,бар такой в Краснодаре Рэднек называется,329,Темная сторона  17:00 - 3:00 Понедельник - выходной  Краснодар  Рашпилевская 105/Горького 93
weddinggid,channel,Свадебный гид: 1 Марта 2026,187,Встреча для молодоженов
moruhnova_olga,channel,🔝ВЕДУЩАЯ Ольга Морухнова,200,▪️Лучшая Ведущая (премия WA) ▪️1500+ положительных отзывов ▪️Обучаю ИИ и Нейросетям ▪️Здесь интересно! Подпишись
chili_weddings,channel,Чили 🩵 Свадебное агентство,265,"CHILI Journal - здесь про свадьбы, которые хочется пережить снова, и наше вдохновение  Московское агентство с горячими сердцами ❤️‍🔥   https://www.instagram.com/chili_weddings"
mikongonggao,group,米缸神社交流💖,204,
melzod,channel,лиличка 💋,153,•бьюти-визажист •распаковки  •туториал   записать на образ можно в лс @melzodd 💌
rudanovawed,channel,Фотограф Анна Руданова,24,Свадебный фотограф
pentecostalmatrimonial,group,Pentecoastal Matrimonial Love Space Group,37,Pentecostalmatrimonial WhatsApp 8606571773
wedline_spb,channel,Wed Line 🤍,63,Осуществим свадьбу Вашей мечты🤍 Консультация -> смета свадьбы и подбор площадок в подарок  Свадебный чек-лист - комплимент за подписку
nasirhusain2122,channel,🌹Sunni Muslim Rishte🌹,24,
shisu_harin,channel,𝐖𝐞𝐝𝐝𝐢𝐧𝐠🥂,7,
photozaitseva,channel,Фотограф Зайцева Надежда,5,"Я свадебный фотограф в Евпатории и Симферополе. Снимаю контент, пары, семьи, бизнес-портреты."
progertsog,channel,Просто Герцог,636,Добро пожаловать: Сергей Герцог с долей юмора о своих приключениях и походах
trevoznaia,channel,"Артур, или Оптимизм",225,"Приключения, природа, добро и позитив!  Перевожу дух после путешествия, пишу вам статьи полезные и не очень."
ruswinehunter,channel,Вайн Хантер | Сичевая про вино,908,Винный гид Настя Сичевая о находках и приключениях 🍷  Инст: https://www.instagram.com/wine_hunter_rus?igsh=ODI2aWVkaGt3ZjZ1  Предложения и туры: @nastechka183cm
purpleconfession,channel,Purple confession! |🍇🪽|,352,❱❱ㅤ @violetconf_bot ︶ִ⏝ֺ ⏝  ֺ   𝅄 ❱❱ㅤcr: @mwmew5768 (𝕏)
totsamiy_podarok,channel,Всё о приключениях в Челябинске,91,Сервис Тот Самый Подарок
mastersandservicesmexico,group,Мастера и Услуги Мексика Канкун Ривьера Майя Плая-дель-Кармен Тулум 🇮🇹 Masters and Services México Cancún Riviera Maya,378,"Мастера и Услуги: врач, педиатр, гинеколог, стоматолог, юрист, риэлтор, строитель, электрик, сантехник, архитектор, автослесарь, репетитор, няня,домработница,тренер, фотограф, парикмахер, програмист, обмен валют, роды, прокат авто, трансфер, клининг"
randonautasmx,group,Randonautica Mexico,527,Grupo de Randonautas de México
mexicokhabarovsk,channel,КРАСНАЯ ЛИНИЯ,276,"🌮 Мексиканская и европейская кухня 🍲 Бизнес-ланчи с 12.00-15.00  ⏰Часы работы:  Пн-Чт - 12.00-23.00 Пт,  Сб - 12.00-01.00 Вс - 12.00-23.00"
worldcoin_mex,group,Worldcoin Mexico Oficial,264,Ayuda compra y venta de worldcoin
mexikanohallidays,channel,Мексиканские каникулы,342,
sitemx,channel,SiteMX,132,The channel is intended for tourism industry professionals working with Mexico. Site inspections of hotels and destinations.  Working recommendations and conceptualization of each product. Everything is fair and without advertising.
pythonmexico,group,Python México,103,Python México
grupo_anuncios_en_mexico,group,🇲🇽 Suplementos para hombres en México 📢,35,🇲🇽 📲 https://tinyurl.com/www-AlfaMan 📱 ✨ Poder Masculino  💥 Reseñas de productos y ofertas en México ✨ Cápsulas para la erección ✨
diegocalvarus,channel,Diego Calva | Her Private Hell | Диего Кальва,105,"✨Первый✨ канал в Телеграм о мексиканском актёре Диего Кальва. Все о звезде фильма ""Babylon"", сериала ""Ночной администратор"" (2 сезон)."
culturamexicanaymas,group,Cultura y Ciencia Mexicana y Mucho Más... Viva México!,123,
monakhovhell,channel,Монахов в аду,81,"Заметки про работу с блогерами, которые продают, а не показывают  @yeah_monakhov Influencer Marketing Lead в мексиканском финтехе platacard.mx (в топ-10 стартапов Мексики 2024 по версии LinkedIn)"
senoritaespanol,channel,Сеньорита на сиесте,69,"Ваш личный уголок Испании, где говорим о культуре, языке и традициях.  Для связи: @corgi_be_like"
beautymexicocancun,group,Красота Мексика Канкун Ривьера Майя Плая-дель-Кармен Тулум 🇮🇹 Belleza México Cancún Riviera Maya,64,"Парикмахер, массажист, косметолог, маникюр, педикюр, депиляция, татуаж, наращивание- ламинирование ресниц, коррекция бровей, стрижки, прически, макияж, тату, пирсинг, лифтинг, наращивание  волос"
goyposting,channel,Goy Posting,29,
solarnetwork_mexico,group,Solar SXP Mexico 🇮🇹,11,
mexicanspanishfastrack,channel,MEXICAN SPANISH FAST TRACK,4,Learning Mexican Spanish is fun an easy. You can write your questions on the YT channel
unlockme_spanish,group,UnlockME [ Sitio en Español ],4,
benavideslawopinion,channel,En la opinión de José Luis Benavides [@Benavideslaw],3,Comentarios y Columnas para #GENTENORMAL y #Negocios&Política de @Benavideslaw
auswandern_latam,channel,Auswandern nach Spanien & Lateinamerika KANAL (Nicht Gruppe!),4,"Wie ist die (auch Außen-) Politik, sind Leute, Infrastruktur, Wohnanlagen & braucht man WIRKLICH z.B. eine KR-Versicherung? Bin deutsch, spreche gut spanisch und lebte Jahre in Spanien, Mexiko sowie für Monate in Argentinien und Paraguay."
hdhdhhdhhjdh,channel,Новости. Война мексиканский наркокартеля с США,1,"Новости, Война мексиканского наркокартеля с США. На границе в  городах Мексики и США. Вся актуальная информация тут."
imsaddii,channel,Я пока не придумала,141,добро пожаловать в мои мысли  а здесь жизнь без прикрас https://t.me/+Yy0IRZV6LEw3NGIy
cienixzzz,channel,cienixz,76,
dating_msk_new,channel,Знакомства и встречи Москва,13,
getaroundworld,channel,Поехали!,407,"Рассказываю, как выгодно путешествовать по миру🌍 Связаться: @E_lks  Мы есть и здесь тоже: ВК https://vk.com/getaroundrussia ОК https://ok.ru/group/70000003166403 Яндекс Дзен https://dzen.ru/getaroundrussia"
chilizchina,group,Chiliz - Chinese (CN) 🇨🇳 中文,1683,
laowhy,channel,Гаолян,382,
chinasquash,group,China Squash 🇨🇳 + 🇷🇺,93,"Сквош в Китае. Корты, тренера, турниры, поездки."
id_terraincognito,channel,Пристань Лотоса 🌶️ 🪷 18+,264,"Лучше стыдно, чем никогда.  Китайцы, корейцы, Геншин и много острого перца. Я все понимаю, но 18+!!"
marchbwtf,channel,Vako Gold,179,"Бздим  Здесь все: корейцы, японцы, китайцы, Сергеи"
mariam24601,channel,РЕСТ!🏮𝕄𝕒𝕣𝕚𝕒𝕞 𝕃𝕖𝕖🏮🄲𝕠𝕤𝕡𝕝𝕒𝕪🏮,137,"Китайцы, крики про косплей и жиза."
edimsovkusomm,channel,Едим со ВкусОМ 🥑😋,70,"Рецепты Веган и не только 🌱  Готовлю с 7ми лет😊  Фантазирую и влюбляю в здоровую и вкусную еду 🥰 Делюсь с Вами 🤗 на благо и для вашего хорошего самочувствия 💞  А про здоровье здесь, присоединяйтесь ⬇️ https://t.me/zdorovaya_zhizen"
lomii_02,channel,Организация 𝙇𝙤𝙢𝙞,122,I'm Lomi  I am 18 yo Ae editor 2019 Чат https://t.me/+opBTBfLlScZmY2Ey
pohudeniepro,channel,Ольга SmartPrep/готовим раз в неделю,1191,"Система питания SmartPrep: 3 часа на кухне и неделя свободы!🕊️ Едим вкусно, худеем легко. Мой результат минус 25 кг Забирай рецепт своей легкой жизни!  Сопровождение - в л/с: @olga_lebedeva13"
m1xlemae,channel,микслем эдитс,522,
meksica_chat,group,Мексика чат объявления,1386,Доска объявлений по Мексике • работа • жильё • продажа вещей и тд.  • Чаты по 140 странам МИРА: @tele_360chat • Анонсы новых групп: @slavianskiy_forum  - Реклама: @PR_3600 - Как снять БАН: @unlock_360 - Техподдержка / АДМИНЫ: @FAQ360
bitcoin_mexico,group,Bitcoin Mexico [],431,A multipotentialite crypto send a dm for adverts promos👉 @tradeconsultant  @Bitcoin_Diary @cryptocurrencies_signals @tips_btc @bitcoinrussia2008 @Bitcoin_peru @community_bitcoin @bitcoinbelgium @china_bitcoin
ravnyibrak1,channel,Равный брак🏳️‍🌈,722,"Однополые браки в Португалии, Дании, Мексике и ЮАР: ravnyibrak.com (из России с VPN)  Контакт: @ravnyibrak"
cancun_mexica,channel,Канкун Мексика Мехико чат,515,Чат по Канкуну - https://t.me/+qA9v4I-ibj9iYTJi  Чат по Мехико - https://t.me/+oP27k8TyAB0wYWFl  Чат по всей Мексике - https://t.me/+rhzIsz3uPFsyZGQ1
mayasinmisterios,channel,Майянистика без мистики,475,"Здесь — про майя без мифов и мистики: настоящая наука, археология и живые истории. А ещё — путешествия по Мексике с  историком, понятным языком и с полным погружением. для связи https://t.me/dariasekacheva"
transparenciamexicana,channel,Transparencia Mexicana,261,Este es el canal en Telegram de Transparencia Mexicana.
anna_a_traveler_nsk,channel,Anna_A_Traveler,105,"живу в Новосибирске, но обожаю путешествовать по всему миру!  Если ты любишь приключения и живые истории — тебе сюда!"
tok11nonagare,channel,toki no nagare,393,
catmyheart,channel,catmyheart,94,inst: @icatmyheart tik tok: catmyheart08
ricosliver,channel,𝐑𝐈𝐊𝐎 𝐊𝐑𝐎𝐍~❤️‍🔥,116,Ещё один тгк - https://t.me/AnarchyaRiko Лс - @DomikRiko228 Голоса - https://t.me/boost/Ricosliver
likstokiohotelcai,channel,𝑻𝑶𝑲𝑰𝑶 𝑯𝑶𝑻𝑬𝑳//𝑪𝑨.𝑰.,122,"мать- @Tom666kaulitz     🎯:300          по поводу вп/оп к ли   • 𝑰𝑵𝑭𝑶 —  https://t.me/tokiohotelinfoo анон-http://t.me/anonaskbot?start=hMmi11NiDZO1Y9o ДУШИТЕ МЕНЯ, ТОКИ вп с 10+!!"
shiezegal,channel,Анчоус🐠,109,Давай всегда 4:30
tokij27,channel,TOKI,75,@tokiij27_bot – спроси что-нибуть  не несу ответственности за увиденное здесь вами  выкладываешь мои арты куда-либо – указывай меня как автора на аватарку арты ставить можно  критика и осуждения здесь не приветствуются
enoteramisu,channel,Логово Енота,18,"Просто ТГК с моими мыслями, не думаю что часто буду что то постить"
tatocanale,channel,Canale in cui forse posto,52,idk
sucho_tgk_off,channel,Sucho,24,Анонимка  https://t.me/anonimnye_voprosy_tgbot?start=sendQuestion-6619333124 Официальный ТГК Зухо✅
gumi_w0ah,channel,Axi0ma,52,Я тако
littlemousetokio,channel,𝓣𝓸𝓴𝓲𝓸 𝓗𝓸𝓽𝓮𝓵 𝓜𝓲𝓬𝓮,38,
taoziyooo,channel,桃子日常🍑,37,會分享一些桃子的想法，偶尔来看看我呀// https://x.com/TaoziNyaaa
fast_food_world,channel,Fast Food World 🍔🍟🥤,50,"Fast Food World – это ваш лучший путеводитель по новостям, горячим, свежим, а иногда и сладким новинкам фаст-фуда по всему миру. Бургеры, тако, свежая газировка, лапша быстрого приготовления или, может быть, новые картофельные чипсы? Всё это есть у нас."
toko_bts,channel,𝑌𝑂𝑈𝑅 𝑇𝑜𝑘𝑜 𝐹𝑈𝐾𝐴𝑊𝐴,15,
tao_w_korobochke_6,channel,🌸К̴о̴р̴о̴б̴о̴ч̴к̴а̴_Т̴а̴о̴🌸,25,ну ᴨᴩиʙᴇᴛ чᴇᴧоʙᴇᴋ ᴋоᴛоᴩый ϶ᴛо ᴄʍоᴛᴩиᴛ...🍀 чᴛо здᴇᴄь будᴇᴛ?🍜 🍙инᴛᴇᴩᴀᴋᴛиʙы🍙 🍡ᴀᴩᴛы🍡 🍥ᴋоᴧᴧᴀбы🍥 🌸и ᴋучᴀ ʙᴄᴇᴦо 🌸  Моя анонка:  http://t.me/anonaskbot?start=a8hvc71  Начала канала:28.01.25  Буст: https://t.me/boost/Tao_w_korobochke_6
kostavagram,channel,Kostavastyle,2395,"Мужская мода и судьбы мира. Ex-fashion director Esquire, Men’s Health, Robb Report. 20 лет в глянце и мужской моде https://www.instagram.com/giokostava Collaborations @gk0011"
nat8china,channel,🀄️Бизнес с Китаем напрямую!📦🇨🇳 Полный цикл от поиска🏭 до поставок!,259,"📲Мой контакт: @nataly_888china  Организую поиск, переговоры, выкуп📦, проверку🔍 и доставку🚚  из Китая. Опт с заводов 🏭🏢 Нахожусь в Китае!"
songyujieya,channel,Бедовый китаист,1190,"Канал бедового китаиста, который вкусно рассказывает про Китай и языки, любит путешествовать и создавать контент🧧🏞 • Boosty: https://boosty.to/songyujieya • YouTube: https://www.youtube.com/@songjieya • Связь со мной: mishimiro@yandex.ru"
profinastart,channel,Профи на старте,207,"Профи на старте - команда экспертов, которые помогают студентам развивать навыки для построения карьеры в сфере российско-китайских отношений в России! ТХ+Делаю Навигация: #Информация #Интерактив #Интервью #Рекомендации #Тренинг Бот: t.me/mycareer77bot"
katikitai,channel,Товары из Китая 🇨🇳,261,"Я Катя  помогаю выгодно покупать в Китае и забыть про wb  Здесь найдете условия участия в закупке, а также множество товаров, которых нет на маркетплейсах, но точно вам нужны"
jitangchik,channel,鸡汤,278,Куриный суп для китаиста.  Ежедневные послания   Автор @linna_dale   Школа: https://mamavkitae.ru Секретный канал: @nidemimi
bobrkish,channel,Между Гаѳами и Ригведой,187,канал востоковеда-индолога-китаиста-бирманиста германо-сербофила историка-в-отставке и просто замечательного человека
kytai_borshch,channel,Китайborshch,68,Український канал про Китай. Зв'язок з адміном @clavicus_Vi або @vhjuopkdd
laowaigirldao,channel,Laowai Girl Dao | Монолог китаиста 🇨🇳,120,"Эксперт по Азии и Китаю.  Личный канал про мои приключения и путешествия по Азии, про жизнь и адаптацию в Китае  Коуч ICI, изучаю нейрокоучинг 🧠  Играю на ханге 🪘и DJйю🎧   Пишу сценарии твоих путешествий 🗺️  Сотрудничество сюда: @Annette_Maori"
mezhduieroglifami,channel,Коваль | Жизнь между иероглифами,81,"Китайский язык, перевод, жизнь и проекты с Китаем. 📝 Записки китаиста."
chinafinanceconnection,channel,China Connection,91,Интересное про Китай . Иногда полезное… От китаиста с огромным практическим и исследовательским стажем. Не стесняйтесь - подписывайтесь. И ничего не пропустите )) Дзен - https://dzen.ru/id/685bf5da770ef5479eb1e161
pukhvolley,channel,PUKHvolley,3120,"Интересно о волейболе. Мысли, рассуждения, аналитика."
sinelsstyle,channel,Sinel’s Style,953,Спорт/питание/мысли/рассуждения. Велкам 😉  Для работы со мной 👉 @sinels_bot
xvessurx,channel,мой Будда панк🧞‍♂️🤘🏻,605,"stay punk – stay clean. саморазвитие, йога fysm, рассуждения, жизнь. inst @xvessurx"
jobsinbhavnagar,channel,Job In Bhavnagar,3321,Welcome to 'Job In Bhavnagar ' In This Group All Type Of government and private job notification in Bhavnaga Job Notification Information Will Be Provided First. For More Details Join With Us..  #jobinbhavnagar #bhavnagarjob
uzjobs,channel,UzJobs Channel,258,🇷🇺 Канал по Поиску и Предложению новых рабочих мест по Узбекистану     🇺🇿 O'zbekiston bo'yicha yangi bo'sh ish o'rinlarini Izlash va Taklif qilish Kanali  Админ: @VodiyTextile  https://t.me/joinchat/AAAAADwS4GTo7I-o6EiV1g
gurukulforcacma,channel,GURUKUL for MEC CA CMA VIJAYAWADA,910,All updates relating to CA/CMA are posted here…. Along with details of upcoming batches for various levels of CA and CMA in Gurukul
onecoindotmeme,group,1COIN.MEME $1COIN,938,The Complete Meme DeFi Hub | Launch | Track | Govern | Trade | NFT Powered by OneMeme & OneSentient $1Coin is enough for All
tecamia,group,Tecamia (DEVOPS - AUTOMATION - CLOUD),1221,"Comunidad donde aprenderás DevOps, Cloud, Automatización y mucho más mediante nuestras series de webinars y cursos gratis.  @tecamia"
cpidmi,group,cpidMi,277,
suprimeconfigs,channel,Suprime Configs,220,were you looking for a channel where you can find cheat configs for a comfortable game with cheats in cs2? this channel is perfect for you. admin - @wquslebot (write only about the case.)
sportkomitetchegem,channel,"Управление по физической культуре, спорту и молодёжной политике местной администрации Чегемского муниципального района",211,"Управление по физической культуре, спорту и молодёжной политике местной администрации Чегемского муниципального района"
claimegta,channel,CLAIME CRMP,35,"Ребят, переходим на новый проект - https://t.me/sendybonus"
molodchegem,channel,МолСовет г.Чегем,103,
kachkovey,channel,похождения братишки качкового,70,
cgmarket_telegram,channel,CG.MARKET,16,Computer graphics market  https://ru.cg.market  По всем вопросам обращаться к ИП Шубин Михаил Алексеевич по телефону +79036287833
centralnayabibl,channel,Центральная библиотека г.Чегем,46,
chinagemsofccccn,channel,chinagemsofccccn,17,
ua_cpm,group,|CPM| Chat,16,✅ Чат Car Parking   Если есть вопросы или предложения писать сюда 👇 @Order_Admin_bot   ‼️ПРАВИЛА‼️ https://telegra.ph/Pravila-chata-09-02-42
comunidadcpe,channel,Comunidad CPE,5,
civicrmesperanto,group,CiviCRM per Esperanto,13,"Reta programo CiviCRM plibonigas varbadon kaj administradon de membroj, volontuloj, eventaj partoprenantoj, donacantoj kaj ĝenerale kontaktoj de via organizo. Tiu ĉi grupo estas neoficiala komunuma grupo por esperantistoj.  https://civicrm.org/"
mino_pivo,channel,дайте мино пиво🔞,402,арты и щитпосты.
pacany_i_pivo,channel,пацаны и пиво,110,опг пьяных и голых
pivofest,channel,ПИВО ФЕСТ,72,11 Сентября Ионотека  Стас Барецкий  Пиво Фест🍻
peregarnoe_pivo,channel,телячий кайф,300,собачие нежности
sasu_pivo,channel,Убежище Сэма,88,"Рисуночкиииии... Чет ещё хз Рисую чё хочу  В основном тут больше про творчество, искусство и фэндомы"
pivomergame,channel,Пивомер — канал,1624,Админ - @ZimRem
mvk43,channel,Кокляев Михаил,2503,Перец Русский Молотый
vsalonmarcelobielsa,channel,Видеосалон Марсело Бьелсы,497,"Здесь вам предлагают авторские впечатления от футбола. Матчи, которые вы не станете смотреть. Игроки, о которых вы будете говорить завтра (или не будете), ну и тексты о живых походах на стадионы Беларуси (в перспективе и не только)"
stepananufriev,channel,Степан Ануфриев official channel🏁,228,"Канал пилота РСКГ, REC и других автодисциплин"
dimkavorobyev10,channel,Dmitry Vorobyov 10 fan,142,🔴🟢🚂 Канал про Дмитрия Воробьёва футболиста «Локомотив Москва»  📲Связь со владельцем – @Dmitryvorobyovbot  📈Ссылка на буст канала – https://t.me/boost/DimkaVorobyev10
vyshetribun,channel,Выше трибун🏟,72,"Новости самарского спорта, инсайды, интервью и просто вайб.  Мы не против, что вы используете наши видео для создания своего контента. Но просим не добавлять в них рекламу.  Для связи: @Ilya_santa"
atomkorolev,channel,Королёв🚀 и Атом⚛️,24,Гид и Переводчик РЖЯ
nesimonurena,channel,неSimonUrena,34,Официальный источник информации о жизни Родиона Карпенко. Что не подтверждено в источнике не происходило в действительности. Честно-честно
femcel_o4ka,channel,Фемцел королева💪,17668,
aesthetique14,channel,Aesthetique,439,
kriissib,channel,новости королевы,133,королевы рождаются в июле
queenpsixo,channel,Королева Психологии,562,"С короной или без, но ты королева. Не бойся делать то, что должна. Любовь и безжалостность — твои козыри в этой игре. Выбери свою сторону психологии ⚪️ или ⚫️ ? Ссылка для друзей: https://t.me/+3HdzofrdXlxjZjhi"
mirovaya_koroleva,channel,Мировая Королева 👑,57,Конкурс красоты Мировая Королева 2025
velvetkingdom,channel,Velvet Kingdom 18+,441,"Эстетика и красота женского тела: арт + реал, подборки, вайб, вдохновение. Если любишь визуально красиво — тебе сюда.  Донаты: 2200 2414 2769 7796  🔞 Подписываясь, вы подтверждаете 18+. 📩 Сотрудничество/реклама: @Kingdom_ads"
zaripovadii,channel,SMM с Умом. Видео для Reels. Нейросети,8851,
gulnazzaripovaa,channel,Gulnaz Zaripova,997,
dr_n_sharipova,channel,Репродуктолог Шарипова Надежда Юрьевна,613,
garipova_neuro,group,Здоровый позвоночник с неврологом | Альбина Гарипова,75,👉Как быстро убрать боль в спине  - в закрепе чата  🔥Почему болит спина?  пиши «почему» и на экспрес диагностике узнаешь свою причину @AlbinaGaripovaneuro  📢Отзывы: https://t.me/+0MYmTpIKm3xmZGUy
yarkovs_studio,channel,Yarkov’s studio,605,Вязаные изделия ручной работы @irina_yarkova
ggaripovaa,channel,ggaripova🤍,274,жизнь  лс: @ggarippova  приват: https://t.me/+qvAoY4P4awo1Mzky  инст: https://www.instagram.com/ggarippovaa?igsh=MWljcnR0NTY5c3N6eQ%3D%3D&utm_source=qr  локет: https://locket.camera/links/oKBTNV4oFdDQnzh77
zaripovslife,channel,Zaripov’s life Марсель и Евгения Зариповы,157,"Канал о жизни нашей семьи. Зариповы Марсель, Евгения, Кристина.  Местная религиозная организация церковь христиан веры евангельской (пятидесятников) «Церковь Прославления» г. Томска"
typaya2757,channel,никаммв,230,"не выходит зайти? сверху на три точки и «открыть в браузере» я настоящая. ник в рб: matvij2757  И Я БЛЯТЬ НЕ МАТВЕЙ, я Ника. по вопросам и рекламе @nikammv1. по фигне не писать, бан."
ruviww,channel,ruvi,216,лс @ruvissk
dawnofrobloxia,channel,[ АРХИВ ] Рассвет Роблоксии. | Рбфд сетка,200,Сюжет и доп инфа по сетке: @DawnOfRobloxiaSTORY Бот для анкет: @DORanketaBOT Бот для жалоб: @DORadminsBOT Cr главного баннера: @DanceWithBunny Папка каналов: https://t.me/addlist/dzkUIveRdpFhMDNi
route06confession,channel,Route 06 confession + daily,68,До рейда было 85 подписчиков Тейк бот: @route06CF_takebot Чат: https://t.me/+vq76hNk_ThM1NjQy
wikicanava,channel,Wiki Roblox,186,Здесь вы сможете найти очень много разной информации о плейсах Роблокса и блокировках!  Инфа состоит из статей/постов Ссылка на пост с навигацией по каналу: https://t.me/wikicanava/24340 Создатель: @Ilovepizzapepperon Предложка: @GodSPVKBot
bobbra,channel,[Рест] ILK//BOBBRA,128,120 дней Содома можно читать в кругу семьи по ролям
hopicori,channel,вухата жаба,200,що тут писати тіпа рест  ❗️rus dni ❗️ за рос в коментарях/ніках/біо тощо БАН
voryxs,channel,qw,131,
menvaaq,channel,menvaa || roblox hub || channel,114,menvaa || roblox hub || channel | мелвей create. game. update. здесь рождаются идеи и живет вдохновение. - вопросы/сотрудничество: @menvaax - бот для ваших постов: @melvarxxchannel_bot
rubybfdia,channel,✧𝚁𝚞𝚋𝚢 𝚌𝚘𝚗𝚏𝚎𝚜𝚜𝚒𝚘𝚗✧,78,
rodawn_news,channel,Robloxia's Dawn,28,"Robloxia's Dawn - это Асиметричный хоррор с 2 убийц, против 10 выживший. С игровыми режимами которые будут называться, Тёмный режим и Режим Тумана. Но наверно будет магазин с продавцом.."
marxist_alternative_4,channel,Марксисткая Альтернатива,10,Старая тема
rodgercfdaily,channel,𝐑𝐎𝐃𝐆𝐄𝐑 | 𝖼𝖿 + 𝖽𝖺𝗂𝗅𝗒 🔍,6,"cr: 𝖿𝖿𝗁𝗇𝗃𝗂𝗒𝖻𝗇 (pin), rodawgg (tumblr)"
shoppie_bot,bot,₽IE - КОМАНДА,,"Бот для бесплатного обученая заработку на привлечении инвестиций в оздоровительный туризм. Глэмпинг, бани, ретрит-центры"
cow_shop_bot,bot,Cow Shop,,Онлайн магазин з продажу предметів в грі roblox!
robuxeria_support_bot,bot,Robuxeria Support,,Бот поддержки клиентов Robuxeria.
mishka_rbx_100bot,bot,ПРЕДЛОЖКА ► Mishka Roblox,,Это предложка канала Mishka Roblox! Можешь прислать сюда свою идею!
azflin_ai,channel,AzFlin's A.I. Emporium 🤖,1791,"AzFlin's alpha channel on farming, coding, and shitcoins."
bibliotekatanabogoraza,channel,Публичная библиотека им. Тана-Богораза,175,
t6an9,channel,танан,36,мои арты можно брать на авы и куда угодно. отмечать необязательно.
tan_crime,channel,Где-то внутри:детали,8,"Таня. True crime и психология. 📜 Письма, документы, судебные архивы 🕯️ То, что осталось за кадром 💬 Связь: @tan_mvwt 🎬Youtube: https://youtube.com/@tanya.crime04?si=H2Y-R7xtdiQwla-s"
yotanayoeshkere,channel,ТАНА,25,"пристанище таны с непостоянным постингом, непостоянным щитпостингом и вцелом непостоянным ВСЕМ, пасиба"
o_nalina,channel,Даша печатает...,27,
natijalarcoralclub,group,CORAL CLUB НАТИЖАЛАР,5,Корал Клаб маҳсулотларидан олинган натижалар ҳақида маълумотлар берилади  Саволлар учун: t.me/coralmargi Тел: +998914994321 Нутрициолог Мукаддасхон
kitsuinteractive,channel,результаты инт кицу,2,
bananananaorange,channel,Итоги Акацуки 👽🧟‍♀🫃,4,
theyounii,channel,Youni,15562,IG:Theyounii
yunninails,channel,YN | YunniNails🪽,249,г. Курган по всем вопросам: @AA19233
ya_rasslabilas,channel,ya_rasslabilas,181,Арина. Тут с юмором про мою жизнь🤟
uninails,channel,Uninails,105,
yooninails,channel,Юнинейлс🌸| Ульяновск,6,
babyunabot,bot,‌ yuna,,https://t.me/yunafile
aumianon_bot,bot,анон юланыы !!,,
y1unjbot,bot,‌ yunjin,,@y1unj
eunanon_bot,bot,🩶,,@eunarch
jurniabot,bot,ЮрняБот,,
yujumailbot,bot,yujulees mailbox <3,,@sunnyuju ' s bot 🤍
medvedevalivevolsk,channel,Светлана Медведева,308,Депутат Саратовской областной Думы
devizakrasa,channel,Девица краса👑,76,
saydahror_saydivaliev,channel,Saydahror domla.,2,Ўзингизга ёққан ҳикматни бошқаларга ҳам улашинг!
romanticdeliria,channel,Romantic Deliria,812,Субъективно о «Клубе Романтики» 🃏  Для связи с нами @RomanticDeliria_bot Мы в VK https://vk.com/romanticdeliria
royaeiya,channel,رویایی از یه قُماش دیگه,175,من یک خیال‌پرداز بوده و از زندگی واقعی اندکی برخوردار هستم _نیمچه نویسنده تا ابد پاینده ایران💚🤍🩸
robik_ptg,channel,Robik ™️,108,Робототехника Пятигорска
hippietattook,channel,Hippie.tattoo,199,"🕉کانال طرح های پیشنهادی تتو  برای اطلاع از قیمت ها, هماهنگی وقت و مشاوره به ایدی زیر پیغام بدین  @hippietattoo برای دیدن نمونه کارهای خودم پیج اینستاگرام https://instagram.com/hippie.tattooo?utm_source=ig_profile_share&igshid=4c7j8798m01v"
solipsism666,channel,.•°.•°Солипсизм.•°.•°,193,"Привет, меня зовут:Соли Я ноунейм художникʕ•ᴥ•ʔ ⫘⫘⫘⫘⫘⫘ : ̗̀➛Мой тик-ток : _solipsism666_  : ̗̀➛Пост с важными ссылками: https://t.me/solipsism666/698  ⫘⫘⫘⫘⫘⫘"
happykashin,channel,Кирилл Кашин 😎 Хэппи менеджмент,787,Авторский канал для думающих людей. Как управлять бизнесом и получать от этого удовольствие 😎 — мысли и главы будущей книги от Кирилла Кашина  Обо мне: https://t.me/happykashin/5 Услуги: https://disk.yandex.ru/i/4hkcUscS-NX7zw Пишите мне @kirillkashin
happy_hell_da,channel,🗣️Хепп1хелл,77,а
heppeays,channel,Хэппи,259,Канал о жизни аусси
happymealai,channel,хэппи мил,238,"я уебище бездарное, что ты тут забыл?"
emtorey,channel,http.torey 🎏,115,📙  Inst: emtorey
heppyarts,channel,хеппи рисует раз в год,27,
krilenaghouse,channel,криленаг хэппи хаус💅🏻,212,Ода щитпостинг души меня  ТГК с фотками: @KrilenagPhotos
kepawawa,channel,ⵓ 𝓀𝚜𝐞r𝒾𝙣 ⁝︎ ♪,61,жора зачем ты нассал на диван
kumiho_tales,channel,Кумихо: сказки сердца,224,"Для тех, кто любит ангст и хэппи-энд так же, как их люблю я. МьюГалфы, БоЧжани, ВанСяни и... кто знает? 😏"
hempycommunity,channel,Hempy Community Portal,165,
aspilikwarin,channel,аспиликварин,171,слезки и хэппи хардкорр буст:https://t.me/boost?c=2034315114 анонка:http://t.me/anonaskbot?start=jh78x юз: @lirwg
natalyakapital,channel,"Риелтор, которому доверяют. Наталья Капитал",185,"🍀Превращаю споры о квартирах в истории с хэппи-эндом🍀 🔑Риэлтор🤝Медиатор🎲Ведущая тренинг-игры «Судиться-Рядиться».  🔖Помогаю безопасно покупать и продавать недвижимость, договариваться в сложных имущественных, деловых и семейных спорах🤗"
f1ance,channel,ㅤ fiancé🔒 переезд,65,Хэппи нью э @liliyapidr
glamouravenuu,channel,Glamour Avenue by Alina,1672,"По вопросам РЕКЛАМЫ и сотрудничества пишите сюда @GlamourAvenueShopBot  Для оформления заказа, тоже пишите в бот💗  Мой ютуб-канал 4,5к+ https://youtube.com/@glamouravenue22?si=-jth5PlC91 🧚🏻‍♀️"
gosudarynia,channel,Ⲅⲟⲥⲩⲇⲁⲣыⲏя Ⲙⲟⲥⲕⲟⲃⲥⲕⲁя,42,"Дьявол носит, Prada отдыхает   Связаться: @mrs_reddevil"
du_ng,channel,آلَٰـُـٰٓجَٰـُـٰٓزيَٰـُـٰٓره ~,3106,لآ بنعتمدو آسس ـامي ولآ بنصدق تاريخ عنااادك ≈ نهايتك ~
ng_entertainment,channel,NG entertainment,34,"NG entertainment- place of wonder! Music,arts,storytelling and more!🥰💕"
thinknews_telegram,channel,ThinkNews Update 🔥,3527,Get Latest Music From Thinknews.com.ng
maxwellogaga,channel,WordConnect with Pastor Maxwell Ogaga,2394,More info  www.pastormax.ng
ng_pdf,channel,Книги. Ногайская библиотека,139,"Книги, статьи о ногайцах."
ng_health,channel,КоФактор,189,Добро пожаловать!
snatali_invest,channel,Наталья Суханова,814,Вам пора приобрести недвижимость!   Вместе разберёмся в хитростях рынка и подберем лучший вариант! Для связи 👇  @sukhanova_natali  https://instagram.com/s_natali
elena_profinansy,channel,Елена Кудряшова | Финансы,302,Помогаю с нуля создать стабильный финансовый фундамент:  - выход из долгов - порядок в бюджете - формирование капитала  - уверенное будущее себе и своим детям  Связь со мной: @lenakudryashova
etagi_borisoglebsk,channel,Этажи | Недвижимость | Борисоглебск 🏠,117,"🏠 Недвижимость Борисоглебска без воды   📊 Цены, новостройки, вторичка   ⚖️ Юридические риски и законы   💰 Ипотека, льготы, реальные кейсы   📍 Экспертно. Локально. По делу.  Работаем в Борисоглебске каждый день."
lfpbulka,channel,ФИНАНСОВАЯ МОЗАИКА💸,222,"Добро пожаловать в канал! Здесь вы найдете полезные советы по созданию личного финансового плана, эффективному страхованию и инвестированию. Узнайте, как грамотно управлять финансами и достичь финансовой независимости! За консультацией к @lorikbusiness"
zdorovieistroinost,channel,Йога/Фитнес/Здоровье и Стройность с Наталией Татариновой,433,"Связь со мной 👉 @NataliaTatarinova Я - тренер, йогатерапевт, нутрициолог, специалист по снижению веса и правильному питанию, партнёр компании Siberian Wellness, руководитель студии йоги и умного фитнеса «ЙогаТерапия» г. Братск"
katya_nedvizhka,channel,Катя про недвижимость🏢,368,"Кейсы, подборка недвижки, лайфхаки.   Мои контакты: @Ekaterina_ogoreltseva"
acad1mia,channel,закрыт. 𝐍𝐎𝐂𝐓𝐈𝐂𝐀𝐃𝐈𝐀,61,where the chosen remain.
als_broadcast,group,XR Arrestee & Legal Support Broadcasts,62,Joining link: https://t.me/als_broadcast Joining link to parallel group on WhatsApp:  https://chat.whatsapp.com/BjhASPCcyEbFN5nnL9cISO  A&LS Training calendar:  https://docs.google.com/spreadsheets/d/1bXfp4GEhXJ7C8unSidqx3XSVAX_Xegu2F7c_sHcu_7g/edit#gid=6
anorrai,channel,anorra,57,анора ток крутую музыку слушает
rapashoka,channel,ASHOKA,189,https://t.me/ashoka_rapfarsi00 تلگرام t.me/HidenChat_Bot?start=5828142158چت ناشناس https://youtu.be/9xkUqXpYopo?si=PFJgYQ9dbGPGJzqL یوتوب https://on.soundcloud.com/KhZIDQqw1p6OKDoXrH ساوند کلود https://www.instagram.com/reel/DPB3xxFjdoZ/?igsh=a2JjeWw2Zn ا
esiksax,channel,есикса,134,"вечер в харио, я в хуряию начало:27.01.26 материал: @Izba_times @everydayrain @evasnegir @rikusiks пишите в анон, мб в лс свяжемся"
dx2ijimcoiss75,channel,[2.75],115,МАНІЯ/ЛІН основа згоріла другий раз вони/їх :
aristoshaa,channel,"␥⃟֤๑᩿ܱܰ@ ፝֟‌𝓐 ፝֟‌ ⃪𐇽𝄂ֵᩛᩧᩳ⃪ۣۖ҄𝓡𝓲 ‌ิ⃞⃪⃨⃜‌۪۪۪֟۫۫,🪻♡⃓⃘ַֿ֯‌ᩨ‌𝘀ˎׅᩬᮬ゚ິ‌ܵۜ. 𝓬𝓸𝓶",31,ㅤㅤㅤㅤ𝓽𝓲𝓴 𝓽𝓸𝓴 : @aristoshaa 𝐚𝐥𝐥 𝐢𝐧𝐟𝐨𝐫𝐦𝐚𝐭𝐢𝐨𝐧 𝐢𝐬 𝐢𝐧 𝐭𝐡𝐞 𝐜𝐡𝐚𝐧𝐧𝐞𝐥 𝐩𝐫𝐨𝐟𝐢𝐥𝐞.
aravia_00,channel,#Арисиня.🙌 #KR #Гйе,37,Жена — есть || ‼️Вторых акков/тгк нет‼️ Лайк: https://l.likee.video/p/G1q93A Нет в тт/ютуб/пинт📵 Влд: @Cai_l1ke4
arishanfansofa,channel,𝐀𝐫𝐢𝐬𝐡𝐤𝐚 𝐟𝐚𝐧|𝐒𝐨𝐟𝐚,21,Фан акаунт 🤍 Тт:tiktok.com/@arishanfans05 Инст:https://www.instagram.com/arinka__fan__004?igsh=ZmFkMjJ6ZnF5dWVl Мій тгк (не фан):https://t.me/sonyaslay03
askaasmrlive,channel,Ваша Аска здесь:3,29,Я снова с вами!:3 Канал с Архивами: https://t.me/askaasmr2 Мой тик ток: https://www.tiktok.com/@askaasmr1?_r=1&_t=ZT-97raz10U3v3
anatoliysay,channel,Анатолий говорит,7,
asolsymashedhaia,channel,Ассоль Корабельная,16,Тут живет творь - и она творит)
asya_zelenaya,channel,Техника за 30% | Яндекс сплит,9,
aporriia,channel,;𝗮𝗽𝗼𝗿𝗶𝗮ׅ |,6,Хᴀᴏᴄ ʙ ɜᴀʍᴇᴛᴋᴀх.  |Не все посты = моя жизнь.|
zirauz_chat,group,Чат Zira.uz,680,Официальный чат читателей и редакции Zira.uz.  Правила чата – https://t.me/zirauz_chat/141731
zika_zikra,channel,Zikra | Ментальная арифметика для взрослых,236,"Я Зика Алиева — преподаватель ментальной арифметики и наставник. Обучаю взрослых методике, которая меняет жизнь детей и приносит стабильный доход. Хотите стать педагогом по менталке даже без опыта? Пишу о том, как начать и зарабатывать. Связь: @zikaalieva"
rihtmhlife2026,channel,♪ᴹᵁˢᴵᶜ'ˢ ᴼᶠ ᴸᴵᶠᴱ...,102,
i_guessthelifeofintrovert,channel,🍢ℐ ℊ𝓊ℯ𝓈𝓈... 𝓉𝒽ℯ 𝓁𝒾𝒻ℯ ℴ𝒻 𝒶𝓃 𝒾𝓃𝓉𝓇ℴ𝓋ℯ𝓇𝓉...🎪,102,"Восстанет солнце над головой, И позовет тебя за собой...   Добро пожаловать домой☀️  Анонимка: http://t.me/anonaskbot?start=edit3wngrwq400io Бинго: https://t.me/BingoImageBot?start=bingo_7619997019 Админ: @PierrotKinn_Official"
kintsyanavilife,channel,𝒦𝒾𝓃’𝓉𝓈𝓎𝒶 𝓃𝒶’𝓋𝒾 (𝓁𝒾𝒻ℯ),60,
bloomindg_moon_life,channel,ℬ𝓁ℴℴ𝓂𝒾𝓃ℊ 𝓂ℴℴ𝓃 𝓁𝒾𝒻ℯ,32,"☾ — J'ᥲi ᥴᥣigᥒé ɗᥲs yᥱᥙ᥊, ᴛᥙ ᥒ'ᥱᴛᥲis ρᥣᥙs ᥣᥲ ⲙêⲙᥱ @Crystal_hall_life По поводу вступления и союзов писать боту: @BLOOMING_MOON_Bot"
lunadelavida,channel,ℒ𝓊𝓃𝒶 𝒹ℯ 𝓁𝒶 𝓋𝒾𝒹𝒶|𝓁𝒾𝒻ℯ,20,Инфо - https://t.me/lunadelavida1
film_streep,channel,🎞 𝓁𝒾𝒻ℯ 𝒾𝓈 𝓁𝒾𝓀ℯ 𝒶 𝒻𝒾𝓁𝓂 𝓈𝓉𝓇ℯℯ𝓅,20,"Ужас в том, что вы ведь действительно забыли, как завоёвывают любовь женщины... Как мучаются,теряют голову, ревнуют, как борются за неё!"
probudi_life,channel,probudi_life,11,
chat_visuals,group,ASH.VISUALS Chat,125,Kanal @sheikh_visuals Insta: asad.sheikh___
zhyych,channel,zhych,181,"Всем привеет!! 18+ канальчик, но буду блюрить всякое такое, открываете на свой страх и риск, все равно такого рода рисуночков будет мало очень"
tezish_az,channel,TEZISH,41,İstədiyin vaxt İstədiyin yerdə Öz pulunu qazan!
resident_from_uae,channel,Резидент из ОАЭ,17,"Жизнь и Приключения в Арабских Эмиратах из ""первых рук"".  Бронирование отелей, Экскурсии и товары из ОАЭ.  Реклама и сотрудничество: @Alex_UAE"
sirok_amisha,channel,𝓨голок Амиши౨ৎ,23,"ִ ࣪ ˖ ࣪ ᨰꫀᥣᥴ᥆ꩇꫀ ! ᰔ ִ ׄ тру фан дж*кса, люблю сырки и шоколад рисую крутiе арты, ихихи📸  Лс: @Amisha_lol Л*йк: @Yuri_fan1 Пинтерест: @amishaa_loll"
aisaalvb,channel,ais,15,<3
aishaovozbot,bot,Aisha AI,,AIsha - oʻzbek tilida soʻzlashuvchi sun’iy intellekt uchun oʻz hissangizni qoʻshing  @aisha_uzbekistan
adishabitch,channel,.,1,
aisyah_ai_bot,bot,Aisyah,,"Nice to see you all, I decided to take a break from Telegram"
jjziq888,channel,特殊重口味🇹🇼（奶水媽媽/白虎/孕婦/處女/人妖）,7320,【Gleezy】： ziq888 【Telegram】： @ziq888 【TG頻道】：t.me/eyny8 【專業官網】：www.3p6688.com 【熟女系列】：t.me/jkf521 【胸大系列】：t.me/idziq888 【學生系列】：t.me/yyziq888 【高檔系列】：t.me/ddziq888 【特殊系列】：t.me/jjziq888 【胖妹系列】：t.me/ooziq888 【雙飛系列】：t.me/linziq888 【美腿系列】：t.me/bjziq888
pancakeswapindonesia,group,PancakeSwap Indonesia,2317,
pancakeswap_india,group,PancakeSwap India,2511,Official PancakeSwap Group for Indian Community
pancakeswapofficial_community,group,PancakeSwap Official Community❂,672,Announcements   Beware of scams. Never provide your private keys/phrases to anyone.
s95526,channel,🇯🇵日本Japan东京大阪外送茶一夜情Gleezy🆔bb6953,335,Gleezy🆔：bb6953  Gleezy鏈接：https://gleezy.net/bb6953   💕青木琉璃日本东京外送酒店住家 欢迎都加一下一个频道 不迷路  青木琉璃电报TG①： @bb6953 青木琉璃电报TG②： @mn2699  青木琉璃出勤女孩班表频道：https://t.me/s95526  青木琉璃论坛网站： www.bb6953jp.com
gashangart,channel,lazy art,126,Abolfazl Abyar  https://t.me/BChatBot?start=sc-7c2aa04e11  ناشناس   @bluehoot ارتباط مستقیم
yy98820,channel,日本可愛店長可馨|東京專屬出差旅遊外送服務🩷,814,💋私可馨聊天 @yy9882  🍀Gleezy加ID：jp8888  🍀下載大G https://gleezy.net/jp8888  🍀中文表區 @yy9603188  🍀東京表區 @yy98820  🍀大阪表區 @db8881  🍀日本官網 https://www.jpfb88.com  📌 搜尋關鍵字：「可馨本番外送」「東京 派遣 介紹制」也能找到我。
av2978,channel,自拍🔞成人A片频道,392,自拍🔞A片頻｜無碼流出、真實啪啪💦超刺激合集，每天都硬！私密婧婧： @fba268  私密Gleezy；taiwan68 LINE：bj336
hentailpm,group,LPM HENTAI PROMOTE,465,BUKAN LPM BUAT SEND BIO
pandatool_en,group,PandaTool Global Group🇺🇸,222,PandaTool is leading Web3.0 tool platform that enables token creator.  Website: https://pandatool.org/
phantabeardao_cn,group,PhantaBearDAO_CN,54,官网：phantabeardao.art 推特:  twitter.com/PhantaBearDAO 国际频道：t.me/PhantaBearDAO 中文频道：https://t.me/PhantaBearDAO_CN
pandunia_grupe,group,pandunia,68,
panoramaasp50,channel,Ресторан «Панорама А.С.П.» | Екатеринбург,196,Морепродукты премиального качества🦪  ▫️Авторская гастрономия от шефа Алексея Лима ▫️Европейская классика и утончённая паназиатская кухня ▫️Панорамный вид на 50 этаже «Высоцкого»  Бронь: +7 343 298 98 88
cafeugli,channel,UGLI,135,"Китайские шашлычки, паназиатская кухня"
izbushka_777,channel,🏮Избушка ФО🏮Паназиатская кухня🍜,106,"Канал о простом человеческом наслаждении🍲🍤🥟 Показываем,рассказываем и просто наслаждаемся вместе с Избушкой ФО🏮 📍Новослободская, 52 📍Стромынка, 23/16 Бонусная система активна на всех точках: https://izbushkapho.ru/about/loyalty/"
azaraev,channel,Александр Зараев,12441,🌐 Официальный сайт: zaraev.ru  📚 Магазин печатной продукции: sirius.zaraev.ru  📖 Электронные книги и календари: zaraev.ru/ebooks  ✨ Индивидуальные гороскопы: zaraev.ru/goroskop
azbuka_bucharest,channel,Українська школа АЗБУКА Бухарест,395,Філія Одеського ліцею та Центру розвитку Азбука у  Бухаресті
azartdm,channel,💎BUSTERzy💎,147,КАЗИНАКИ
azapetr,channel,Аза Петренко,45910,"Предсказываю и корректирую судьбы более 30 лет  Таро, обряды, ритуалы, амулеты   👉Ссылка для друга: https://t.me/+zOaknsITuBsyOWY6 👉Запись +7(916)800-9999"
azazello06,channel,Azazello,1779,Самое загадочное и интересное здесь.
absatzmedia_chat,group,Абзац.Медиа чат,1511,
aza4kin,channel,_aza4ka_,864,Реклама: https://t.me/aza4kin_reclame Сотрудничество/важное: @Kavafil
whimsical_cosmos,channel,📼Qwartlex house🎥,33,
maysforestt,channel,May's Forest ♡,5626,whimsical chaos .𖥔 ݁ ˖༘⋆𐦍⊹₊ ⋆｡˚ ꩜ ajr @trust1nallah
whimsicalgirl9267,channel,🪽whimsicalgirlcloset,309,i curate clothes for whimsical girls&guys! #2008 #tumblr #y2k with love by @wonreiru
whimsicalclown,channel,whimsicalclown,678,
shhwerewhimsy,channel,Whimsydolls_ accessoryshop,174,Everything's here is crazy WHIMSY n you're our beautiful WHIMSYDOLLS:))☆🎠🩷 Order: @Misakirubyjanee @Kianafuckinexists Instagram: https://www.instagram.com/whimsydolls_accessoryshop?igsh=djJzNnRoZXEyc2Zx  Bale🥀:https://ble.ir/shhhjuststfuwearewhimsy
whimsicallbitch,channel,Whimsical Witch,30,
pinkmosaic,channel,PINK MOSAIC. ♪,463,︎︎︎ ︎︎ ︎︎ ︎︎ ︎︎ ︎︎ ︎︎    quirky hearts tee @pinkmosaicbot 🧷♥︎ whimsical 𝚕𝚞𝚕𝚕𝚊𝚋𝚢 on the haystacks ⋆˚✿ embroider kitschy taffetas cöus ㅤ
sadcorporategirls,channel,born to кататься — forced to саночки возить,343,whimsical world of friendship and wonder
whimsylozy,channel,Poor little liddy,212,@Lozaniiebot
chasrms,channel,🪽. . 𝓭ovíαl's +99,139,ㅤㅤㅤㅤㅤㅤ   ㅤㅤㅤ🪽₊˚ ⋅ luminary loves charms:  lot similar 𝓽𝓸 heart being every pair make them aura warm to the tiny hopes they hold dear. . / +99
hemisaf,channel,همیسآ,121,همیسآ؛ همیشه جاویدآن🪷✨️ ☆°کنج خلوتی برای روزمرگی‌هام°☆🧋
pintogasulla,channel,"Hibiscus In Bloom, 𝓖 ⋆",87,"ㅤ 𑣿 𝐆𝐄𝐍!𝐑𝐎𝐋𝐄𝐏𝐋𝐀𝐘𝐄𝐑: 𝐓𝐇𝐄 𝐒𝐏𝐀𝐍𝐈𝐒𝐇 𝐁𝐄𝐀𝐔𝐓𝐄́ 𝐈𝐂𝐎𝐍, (&.) • Custodians cyclically ofth matchless grace of pulchritude gal, heralding lycanthrope that entraps encircling mythic with jurisprudence: 1997 ✱ ㅤ"
woenqy,channel,‌ ‌ ‌ ‌ ‌wony ∿: palace,140,‌ ‌ ‌ ‌ ‌ ‌ ‌ ‌ ‌ ‌ ‌ ‌ ‌ ‌ ‌‌ ‌ ‌ ‌ ‌  ‌ a gurl in a‌ ‌ ‌ ‌ ‌ ‌ ‌ ‌ ‌ ‌ ‌ ‌  ‌ ‌ ‌ ‌ ‌ ‌ ‌ ‌ ‌ ‌ ‌ ‌ ‌ ‌ ‌ ‌ ‌ ‌ ‌ ‌ ‌ ‌ ‌ ‌ ‌ ‌ ‌ ‌  sweet shop‌ ‌ ‌ ‌ 💌 ‌ ‌ ‌ ‌
thefernbloom,channel,🝳 : 𝘛𝘩𝘦 𝘍𝘦𝘳𝘯 & 𝘉𝘭𝘰𝘰𝘮 𝘚𝘵𝘶𝘥𝘪𝘰.,181,"ㅤ ㅤㅤNestled between fern leaves & blooming petals, Fern & Bloom gathers fragments of wonder, weaving them into whimsical manipulations filled with warmth and charm.  gallery ; @fbsresults inquiries ; @thefernbloombot proprietor ; @couttag  ㅤㅤㅤㅤㅤ✦៹🦌🌿"
ashvilth,channel,ASHVILTH,175,🐾 𓈒 𓂂𓏸    step into this whimsical wonderland! each petal whispers tales of merriment “can you think of one magic word other than ?” crafted heavenly @wislaa こんにちは♡ |    contact :  @pocharollbot  mutual thingy : @jiproundybot
cas01jk,channel,whimsical,113,somewhere between psychotic and iconic .
whimsicalpinkfairyangel,channel,lowkey full of whimsy,68,using this place as my Pinterest account @setianikkhah to share thoughts
goompyofficial,channel,GOOMPY | ETH,171,"GOOMPY is a rebel frog living in a whimsical world, embodying the playful and surreal essence of the book “Mindviscosity”. Published in 2020 by renowned artist Matt Furie. The next PEPE?  Website: www.goompy.vip X: x.com/GoompyETH"
varvarararura,channel,ВАРВАРА и КИНО,608,"🎦 Частные и публичные киноклубы, кинобранчи, лекции и беседы про кино. 🎞️ Форматы взаимодействия онлайн/оффлайн Санкт-Петербург.  #кино #фильмы #чтопосмотреть Личка киноблогера: @varura"
tvfonline,channel,TAUTAS VARAS SPĒKS,1355,"Vara pieder Tautai , bet par to jācīnās."
gear_tech,group,Gear Official,1789,Gear is a Wasm-based platform for developers to deploy dApps quickly and easily. It’s the backbone of the high-performing Vara Network.
razigol7,channel,RAZ I GOL (Andrey Razin),258,
pythontelegrambotgroup,group,>>> telegram.Bot(),10147,"This group is for questions, answers and discussions around the python-telegram-bot library. Off-topic group: @pythontelegrambottalk | Website: https://python-telegram-bot.org"
lifegamesgroup,channel,Main redirect,2432,
canalestelegram4,channel,Canalestelegram tech,834,"Todos los canales sobre tecnologia, Android, IOS, Multimedia y mas..."
americatelegramgroup,channel,Real Dating,678,Real Dating For Life
anatolianteam,group,Anatolian Team Sohbet,446,📣 Duyuru Kanalımız: https://t.me/AnatolianTeamduyuru 🌐 Website: https://anatolianteam.com 🚨 Airdrop Takip: https://anatolianteam.notion.site/Aktif-G-revler-Airdrop-htimalli-50beb8967fcc44ddad6387b59919e2e8
teloxide,group,teloxide,522,"The English-speaking user group for `teloxide`, a library for programming Telegram bots.  GitHub: https://github.com/teloxide/teloxide Russian group: @teloxide_ru Development group: @teloxide_dev"
advertisinggrouptelegram,group,Best Free Advertising Groups,365,Free Ads Groups 20  I stand with Palestine 🇵🇸🕊️  Channel t.me/westernhypocrisy  Group t.me/chatting_group20  Blog palestine.at  List of Free Ads Groups: https://telegra.ph/List-of-Groups-11-27
pwrtelegramgroupita,group,Supporto MadelineProto (IT),149,Questo gruppo è dedicato esclusivamente al supporto tecnico MadelineProto: il vero gruppo MadelineProto è https://t.me/joinchat/Bgraj0MRzYQKRBdOc1Ho8A  Se non siete in quel gruppo vi state perdendo tutto il divertimento.  NIENTE OT
nanasstickers,channel,. ׁ .💤 . ׁ.ռᥲᩨռᥲᩨ აţꪱׅ࣪с𝗸ꫀׁׅܻɾ.ׅა ׁ,283,oform :: @toppingstd
cuckoldreale,channel,ROMOLA VERGINE 21,565,Vi aspetto qui foto e video gratis per segarsi scrivimi il tuo Nick così ti saluto e ti mostro le tettine  https://stripchat.com/Romola_Inside/follow-me
lcdvcanale,channel,LCDV - sessɜ e chiacchiere da BAN,554,📨 scrivimi: https://linktr.ee/edsex.geadibella 📥 qui la newsletter: https://open.substack.com/pub/edsexgeadibella sessualità e chiacchiere da BAN ° fate lɜ bravɜ ma non troppo 🗃️ archiviolcdv.blogspot.com
ruaangtemu,channel,Ruang Temu.,266,
lucarubin,channel,Luca Rubin,353,https://lucarubin.it  Scrivimi: @luca_rubin
northscript,channel,NORTH SCRIPT.,28,
pistakkioseo,channel,🇺🇦 Pistakkio SEO 🇺🇦,187,Uno sguardo tecnico sul mondo della SEO e del Pay per Click. Scrivimi qui —>  t.me/pistakkioseo?direct  Sito https://www.pistakkio.net
melkuruttauncutart,channel,Mel Kurutta — INNATURALMENTE DONNA,96,💜 Artista Femminista e Graphic Designer 💛 Attivista Intersex con IntersexEsiste APS e Steering Board OII Europe  SCRIVIMI… @melkurutta
trovaofferteai,channel,TrovaOfferte AI 💻 🛒,116,Benvenuti nel canale di Francesco Colosimo! Qui trovi le migliori offerte Amazon selezionate. Ma c'è di più: cerchi un prodotto specifico? Scrivimi e ti aiuterò a trovare l'offerta perfetta per te!
meowche_9,channel,ᶜᵃᵗᵒᵖⁱᵃ-,71,ฅ⁠^⁠•⁠ﻌ⁠•⁠^⁠ฅ Meow~ July 11. 3 December... again  And it's my new chapter
ocyie,channel,♡ ഒ ៸៸ㅤ𝆬ocyie 🦴🏩𔖮!,37,ㅤㅤㅤㅤㅤㅤㅤㅤㅤㅤ ㅤㅤ୨ ໋ ˳ ⊹ ݂mmeow ໒꒰˵> ˕ <˵꒱১ ㅤ @pawlolly fwo mmi results ૮ ۪ ּ ᮫ ˵ ִ ۪۫ ദ ୨ㅤ🎀🍽 @brornis thisis mmi ! . . 🐾 ㅤㅤㅤㅤㅤㅤㅤㅤㅤㅤ
stefanofranco01,channel,Stefano Franco Canale Pubblico,76,"Credo che una buona politica sia possibile, partendo dalle periferie. ✅ SEGUIMI SU: IG: www.instagram.com/stefano.franco01 FB: www.facebook.com/stefano.franco02 www.stefanofrancoalmunicipio3bari.it  💌 SCRIVIMI IN PRIVATO: @stefanofranco"
vodmire,channel,мирели | вотермарки ִֶָ֪֢ ༶,9,● заказать вотермарку – @fl1mi ● заказы открыты
scridex,channel,ScriDEX - Cum se scrie corect,6,https://scridex.ro/
roshchenko_a_s,channel,Рощенко_Арт,362,Канал художников Александра Рощенко и Светланы Рощенко
odarchenko,channel,Катерина Одарченко,91,🔺 Политтехнолог 🔺 GR-эксперт 🔺 CEO&Founder агентства кризисных коммуникаций SIC group  📩📞  Сотрудничество: +380506859559  👉🏻Сайт моей компании: http://sic-group.com.ua 👉🏻Youtube: http://www.youtube.com/c/КатеринаОдарченко
asya_alekseenko,channel,Ася Алексеенко | Финансы,222,"Финансист, 14+ лет в корпоративных финансах CEO и основатель REFILL Для связи со мной @asyaalekseenko  🔹Укротили налогов на 7.5 млрд  🔹Увеличили чистую прибыль клиентов на 7.3 млрд"
doroshenko_deauty,channel,БРОВИ.МАКИЯЖ.ОБУЧЕНИЕ,112,"Дорошенко Ольга. Топ-амбассадор Bronsun   Создаю образ не под моду, а под ваш запрос.   Только чистые кисти, стерильные пинцеты и топовые материалы.   Студия в центре ст.Каневской.ул. Вокзальная 28 б. Записаться по ссылке https://dikidi.ru/1528054"
doroshenkolife,channel,Виктория Дорошенко | обновление,62,"▫️Провожу эксклюзивную трансформационную игру «ОЧЕРЕДЬ ИЗ ДЕНЕГ» ▫️Со мной сыграли более 30 человек  ▫️За 2 часа игры ты увидишь, что тебе мешает расти в деньгах и что с этим сделать  ▫️Отзывы в канале Предзаписи https://t.me/doroshenkooid"
asyabora,channel,bora bora,482,фруктоедение • наука • эстетика   окошко моей жизни 🌀
teseyaai,channel,тесейя.ai,365,КРЕДИТмоч любимая эня❤️❤️❤️❤️❤️❤️❤️❤️❤️❤️ https://t.me/BCEMKBAC
asyakochueva,channel,Ася Кочуева написала!,139,канал о нижегородской музыкальности
otadoyar,channel,от А до Я,75,
arayosmeow,channel,Арайос,87,Тик Ток http://www.tiktok.com/@arayos
asaistik,channel,ASAI,12,Own - Raya ( @rayalovbot ) Own - Amir ( @am1rrhanbot )
truestleeseomy,channel,Leeseo,9,@be1fst_bot 🤍 Ami
itszavra,channel,Буллщит.инсульт_стд,24,"Кидаем сюда своё ""творчество"""
adm_pvl,channel,Администрация Павловского муниципального округа,301,
dnp_pvl,channel,DNP PVL,114,dance news pavlodar
ay_pvl_virus,channel,Чернобольский ПВЛ💥,239,Ау с заражением. 💥💥💥  Тики ток: pvl..virus_au
pvl707,channel,АЗАРИНА05,376,Группа тут https://t.me/Azarina006________________________________👆
snyyaaaa,channel,Diary of Sofia🎧🌙🤍,150,"Добро пожаловать в наш уютный уголок! Здесь мы делимся интересными фактами, полезными советами ."
asyysl,channel,𝐚’𝐬,120,10
annoyaaa,channel,анноя буст !,103,лс @annoyaa анонка t.me/anonaskbot?start=3fkGSUoWKJJjQPw
sheibanifar_official,channel,کانال رسمی حاج آقای شیبانی فر,10817,✅️ کانال برای اطلاع‌رسانی مجالس و نشر رسانه های استاد شیبانی فر راه‌اندازی شده است و توسط ادمین اداره می‌گردد. ارتباط با ادمین: t.me/sheibanifar_official?direct لینک کانال ایتا:  https://eitaa.com/sheibanifar
foxwinery,channel,FoxWine,340,"Здесь просто и интересно о вине: факты, объяснения, полезные лайфхаки, скидки, рекомендации и подборки из всеми известных магазинов на любой случай и кошелек.  📍Тверь Связь - @Lesyona55"
simplewine_ekb,channel,SimpleWine | Екатеринбург,516,"🍷 Территория винных открытий  📞 +7 (495) 510 65 65 📍ТЦ Европа, Ленина 25 📍ЖК Квартал Федерация, Щорса 53 📍ЖК Вернисаж, Куйбышева 41  Интернет-витрина: https://simplewine.ru Запись на дегустации: https://simplewine.ru/events"
vinnyi_kamen,channel,Винный камень 🍾,317,"Сомелье. Ведущий различных винных мероприятий: Винное казино, Wine Aktivity, мастер-классы, бранчи. Составление винной карты ресторанам. Управляющий винотеки Бон Вин на Чистопрудном бульваре."
annacheeses,channel,ANNA REIN CH&CH,580,"Авторские сырные десерты - ТрюфЧизы, Сырные Алко Пасты, ТрюФлаконы. Патент, 3 золота. МК, дегустации. Доставка по России.  Заказать https://vk.com/annareins"
religious_course_for_sisters,channel,دورۀ دوساله علوم دینی خواهران | محمد بهرامی,545,در این کانال، درس‌های دوره‌ی دوساله‌ی علوم دینی برای خواهران با تدریس استاد محمد بهرامی نشر می‌گردد.
noxennnn,channel,Noxén(🇨🇷),99,
jomana719,channel,جُـمـانَ .,261,Memories ❣️🍓  @itsjoj0jo_bot
karkudan,channel,архивы каркарыча (16+),154,
mr_shimurka_on_tg,channel,Ⲙⲅ.Ⲋԋιɱυɾƙα☥,30,"Больная на голову пизда, 0/10"
cirdansthinktank,group,CirdansThinkTank,21,
webcomdigitaldigest,channel,Webcom Digital Digest,664,Ключевые новости и события индустрии digital от экспертов Webcom Group. Для связи: @CMOWG
tecamiaacademy,channel,TECAMIA Academy,296,Canal oficial de noticias de la comunidad educativa TECAMIA: @tecamia
cyberiumxwriteups,channel,CyberiumX Writeups,15,"Here you will get detailed writeups for HackTheBox, TryHackMe and PortSwigger"
webiq,channel,IQ News,38,‏نشر أخبار و مواضيع متنوعة يخص العراق بشكل عام من أخبار سياسة و تعيينات جديدة و أحداث اول بأول و مواضيع مهمة..... الخ
blockchain_vacancies,channel,"Blockchain Вакансии | web3, DeFi",46,По поводу размещений писать: @danwk_2
symm_io,channel,SYMMIO,40,"The novel derivatives Peer2Peer clearing infra,  Enabling LPs to provide synthetic leveraged exposure to any asset.  Website: symm.io Twitter: x.com/symm_io   A news aggregator around the SYMMIO project. admin: @cryptodeveloper"
heliumsh,channel,Helium Security,25,Powerful cloud-based vulnerability assessment platform to make your work more efficient.  www.helium.sh
webium_chem_egebot,bot,Химия | ЕГЭ | Вебиум,,"Вебиум — готовим к ЕГЭ нескучно и современно, присоединяйтесь.  Telegram: t.me/webiumchem VK: vk.com/him_web_ege"
crfisupport,channel,CRFI Support Channel,4,
tearsofaimin,channel,Degen Aimin,2046,Re: subjective yield farmer. dyor  • Author: @aimin • Trades: @synagoygue • Donuts: t.me/CryptoBot?start=IVmOmNvuBMBc
mnmimnm,channel,mnm.,224,Приватный канал для холдеров мишек по 15 звезд. Не является финансовой рекомендацией  Founder: mrktboy.t.me  Дешево купить звезды: @ofeiny_bot Стабильный ВПН: @httpvpnbot
flambeet,channel,flambée,159,Автор против пропаганды ЛГБТ и прочих экстремистских организаций.
softnessofele,channel,sofele,263,the art of visual note-taking    anon: @Lettersfortaesofel_bot  side: https://t.me/+Smi6OzgDKCZiZTBi
rubberhell,channel,rubberhell.com,126,latex and rubber fantasies dedicated channel for website rubberhell.com
freclesmawn,channel,Поэмы сожжённых светлячков,76,"Конфеты(ножи) в кармане, любовь к Природе, стихам и вечное время года @losangtea - яяяяя"
shtoart,channel,Фрамул,7,
geramydays,channel,روز شمار علی گرامی🫪,14,علی سرامیک
fireveytgch,channel,Wdym Firevey?!?,20,Какой-то Фаервэй рассказывает о жизни и какой-то воксельной игре..
hotlail666,channel,kaxekFafii,6,разъеби свою голову об стенку
viewiumofficial,group,Viewium | Web3 Video Platform | Blockchain Ecosystem,212,🎉 Welcome to Viewium 🎉 Audit+KYC+Safu -------------------------------------- 🌐 Website : https://viewium.life 📜 Platform : https://app.viewium.life/ 🕊 Twitter : https://twitter.com/viewiumofficial
otzyvy_webiumobsh,channel,ОТЗЫВЫ | вебиум обществознание,35,
planck_otz,channel,Отзывы | Физика Вебиум | Снежа Планк,27,Здесь будут отзывы от наших учеников!  Записаться на актуальные курсы: https://webium.cc/pDF9ng
universumus,channel,Universum Worlds. Авторский канал,157,"Канал автора серии книг и комиксов Юниверсум.   Новости, заметки, статьи и wip материалы."
rus_web_anna,channel,Отзывы | Русский язык ОГЭ | Вебиум,7,
wehivedigital,channel,Улей | Digital HR,118,Улей HRM - платформа для развития и мотивации сотрудников на базе Битрикс24  🌐  https://wehive.digital https://t.me/wehive_bot welcome@wehive.ru +7(812)648-23-34
planck_ege_otz,channel,Отзывы | Физика с Планк | Вебиум,8,Здесь отзывы о курсах!  Задать вопрос: https://webium.cc/frENRg
lit_review_webium,channel,Отзывы | Литература с Бродской 💌,16,Привет! Здесь я публикую отзывы о подготовке со мной. Если тебя заинтересовало — буду ждать на курсе 🤍  https://webium.cc/-2-x8g
foliumcover,channel,𝖠𝖴𝖣 / @ . . 𝗙𝗢𝗟𝗜𝗨𝗠 ʼ 𝖼𝗏𝗋. 𝖻𝖺𝗇𝖽 🩵,31,"𝗙𝗢𝗟𝗜𝗨𝗠 — новый мужской бенд, под прототипом к-поп группы MEOVV.  Связь — @foliumcover_bot."
veracura_vera3,channel,Vera3 News,54,Web3+AI ↔️ IRL Impact Bridge   Inner Circle (only verified frens) - https://t.me/+yOpI8i-AqAJjMjBk  1st Conference: https://x.com/v_era3/status/1990465792047972416 💚  Previously on: https://giveth.io/project/animal-social-club 🐯
cumulo_news,channel,Cumulo News,37,
webium_fiz_egebot,bot,Физика | ЕГЭ | Вебиум,,"Вебиум — готовим к ЕГЭ нескучно и современно, присоединяйтесь.  Telegram: t.me/planck_ege VK: vk.com/fiz_web_ege"
webium_math_ogebot,bot,Математика ЕГЭ и ОГЭ с Даней | Вебиум,,"Вебиум — готовим к ОГЭ нескучно и современно, присоединяйтесь."
soneiumofficial,group,Soneium 📀,4,"Soneium, by Sony Block Solutions Labs, aims to Realize the Open Internet that Transcends Boundaries.  Combining Sony's global reach with Startale's expertise, Soneium empowers developers and communities, driving innovation and helping Web3 go mainstream."
otzyvy_tasya,channel,Отзывы • Химия с Тасей из Вебиума,6,Написать отзыв можно мне в личку: @flamel_webium
viariumkor,group,Viarium.io (KOR),4,🔥우리 토큰세일에 지금 참여하십시오!🔥  📲Website: https://en.viarium.io/  📲Viarium(Eng): https://t.me/viariumen 📲Viarium(Rus): https://t.me/viariumru 📲Viarium(Chn): https://t.me/viariumchn 📲Viarium(Kor): https://t.me/viariumkor
viariumchn,group,Viarium.io (CHN),4,📲Website: https://en.viarium.io/  📲Viarium(Eng): https://t.me/viariumen 📲Viarium(Rus): https://t.me/viariumru 📲Viarium(Chn): https://t.me/viariumchn 📲Viarium(Kor): https://t.me/viariumkor
webium_mira_bot,bot,Мира Леви,,
tase4kaa_k,channel,тася пишет,321,lifestyle inst: tase4kaa_k
litasia20,channel,Tasia's passion/ 타시아의 열정 / страсть таси,9450,"всем хай, на связи Тася (офф тгк)  вк: https://vk.ru/kimtasol  ютуб: https://www.youtube.com/@%D0%BB%D0%B8%D1%82%D0%B0%D1%81%D1%8F  тик ток: tiktok.com/@litasia20  инста://www.instagram.com/kim_tasol20?igsh=a3NvbWk3c2Zub2"
sssssandra_n,channel,Тётушка Сасандра 2.0,251,•Личный дневник  •Истории которые сломали #Комната_с_детскими_травмами •Будни операционной медсестры   Все просто и со вкусом:)  По поводу сотрудничества:  https://t.me/sasandra_n
taisia20_1,channel,TASI,269,
taisaaaru,channel,TAISA / portfolio,92,Привет!  Меня зовут Таисия Русинская и я молодой медийщик-видеограф.  Здесь вы можете увидеть мои работы!📸   @taiisiiks -ЛС!🫶🏻
imcortisjames,channel,ПЕРЕЕЗД 제임스 James,212,赵雨凡 Zhao Yu-fan 🦅 сима/Тася @SimaTr_bot
bytruegeonho,channel,Ahn Geonho,180,тася t.me/imTasya_bot
tasybooks,channel,тася в книгах,277,💃 очередная попытка делиться любимым  По всем вопросам: @tasybooksy
tvoyserotonin,channel,Тася серотонин & Synthetic Bio,261,Кто я?
tasya_tasychka,channel,РЕКВЕСТЫ‘‘ׄ 🍀 𓈒◌ ⌗⋮ @ Tasya🍋,29,
tanya_shibitova,channel,Таня Шибитова | Английский ЕГЭ | 100балльный репетитор,26920,Готовлю к ЕГЭ более 15 лет  Уровень языка С2 В 2025 и 2026 сдала ЕГЭ на 100  💞 100Б Nº1 по результатам учеников  Жду тебя на курсе: https://clck.ru/3S4bnR В предсписок на Годовой курс: https://clck.ru/3St4p2   РКН: https://clck.ru/3FTMDY #UMCSX
masyabooks,channel,masya.books | книжный дневник с уютом из нулевых,1532,Амбассадор мультифандомного контента и книжный блогер   Основная страница: https://www.instagram.com/masyabooks/  Вконтакте: https://vk.ru/masyabooks  Для связи и сотрудничества @masha_vermishelka
astrolog_tasya,channel,Путь к себе 🤍,237,"🙋🏻‍♀️ Автор канала: @astro_tasya  ✨ Про жизнь, состояния и астрологию. Здесь не просто знания, а понимание себя ✨  Пинтерест: https://pin.it/52XaIzPFu"
anastasya_tarot,channel,НИТИ СУДЬБЫ ☀️Анастасия☀️,1233,
lisyaneko,channel,лизоня и таюша,1472,наш уютный канал!  прайс - https://t.me/pricelisya сотрудничество/вп/реклама @tan_tanii чат канала https://t.me/lisyatasy
tasya_ppcakes,channel,ПП ТОРТ|БЕНТО|ТОРТ БЕЗ САХАРА|БЕЗ ЛАКТОЗЫ|ВЕГАН,140,👋Анастасия. Пеку полезное🍃.  Делаю МОЖНО тем кому НЕЛЬЗЯ👌.  НОЛЬ сахара🚫.
tasya_kaipova,channel,Тася Каипова: «Невозможное возможно!»,109,"Добро пожаловать на мой канал!👋  Меня зовут Каипова Тася, у меня ДЦП, но для меня это не приговор💪  ЛС ✍️ @Tasia16022001"
v_chem_talk,channel,В CHEM talk,348,"А в чём, собственно, толк?"
chem_unbxx,channel,Chemistry unboxed,494,
himandcats,channel,химия и котики / ЕГЭ ОГЭ Стадикэтс,1674,готовься к ЕГЭ по химии на 100 баллов 💌  бесплатный летний университет: https://englishandcats.ru/summeruniversity?utm_source=tg&utm_medium=channel&utm_campaign=hik  ПОПАСТЬ НА ГОДОВОЙ КУРС: @himbiocats или https://chemistryandcats.ru/?utm_source=tg&utm_m
vlateach0,channel,УЧИТЕЛЬ ХИМИИ В АРТЕКЕ🔥,326,
teacher_of_chem,channel,Ксения Сергеевна | химия/алгебра| ЕГЭ/ОГЭ,195,Я репетитор по алгебре и химии. Со мной ты сможешь с комфортом подготовится к экзаменам и поступить в вуз✨  Запись @k_khramova
chem_kosten_life,channel,Костенко Рекомендует,266,Заметки из жизни химика. Блог Костенко Екатерины - химика в душе и по образованию  связаться со мной  @kosten_kate  Записаться на занятия https://repetitor.tech/tutor/kostenko_ekaterina  Читать www.steamrussia.com  Учиться https://kalkaedu.tilda.ws/kalka
chemistry_life_litra,channel,ХИМИЯ С МАРИЕЙ ЛИТРА | ЕГЭ ОГЭ,179,"Подготовка к ОГЭ и ЕГЭ по химии без стресса и хаоса 📊 Средний балл ЕГЭ–2025 — 80,5 | максимум — 99 🎓 Эксперт ЕГЭ | 15+ лет опыта | ежегодно сдаю ЕГЭ на 💯 🎥 Эксперт-химик РЕН ТВ  📩 Запись на занятия: @Maria_Litra"
maykova_chemist,channel,Алёна Майкова|ХИМИЯ|ЕГЭ|ОГЭ,209,"Привет! Меня зовут Алёна, я репетитор по химии с опытом более 10 лет👩‍🔬👩‍💻.  В этом канале: 📝Тесты 📚Теория ЕГЭ и ОГЭ  📜Разбор заданий 🧪Статьи о химии в быту Чтобы записаться на занятия, пиши сюда @Alena_maykova"
otzyvy_mayer,channel,Отзывы | Анастасия Майер,61,"Здесь ты найдёшь отзывы о подготовке с Анастасией Майер, преподавательницей по химии ЕГЭ."
strwwbi,channel,loving machine,33,
anna_ruzyanova_reviews,channel,ОТЗЫВЫ. Занятия по химии с Анной Рузяновой,5,Отзывы о подготовке к экзаменам по химии. Основной канал: https://t.me/Anna_Andreevna_chem
chem_topchik_feedback,channel,Отзывы | Breaking exam,1,"Привет! Я Евгения @chem_topchik, репетитор по химии🧪  Здесь я выкладываю отзывы своих учеников."
glembyy,channel,Глемби,642,Реклама/сотрудничество: @stasiws
ruletpovidlo,channel,landaya,82,
sorrowkass,channel,soRRowka,279,🫦
marketanalisys_kristina,channel,Kristina Gudym | Аналитика рынков,291,"Всем привет! Меня зовут Кристина - я занимаюсь аналитикой финансовых рынков. Я сдала первый уровень международного экзамена CFA, а также имею высшее экономическое образование.  Здесь просто делюсь своим мнением 🙌🏻"
standoff2facelt,channel,Standoff 2 - Faceit,775,"FACEIT для Standoff 2 в приложении Telegram — соревновательная платформа для игроков, которые хотят доказать своё превосходство.   ℹ️ По важным вопросам писать  — @mask484  🤖Bot — @FaceitSoo2bot  💬 Chat — https://t.me/+jhdLrQP4xNE0MTA6"
lugfootball,channel,Луганский футбол,94,
krasnosel2015,channel,"Сокол-2 (Красносельский, 2015 г.р.)",173,"Канал команды ""Сокол-2"" 2015 г.р. (""Красносельский""), выступающей во 2-й лиге Первенства Москвы"
starefulls,channel,EveryDay PAGE,124,
skflotus,channel,Лотус 🪷,94,"Студия коррекции фигуры Пионерская 9Б, 2ой эт., каб.13, дмф 13. Онлайн запись dikidi.net/1715135"
uleylllscf,channel,ＵＬＥＹＬＬＳ ｃｆ,76,владелец - @Lan1ks0 2ой владелец - @chamiota
naslobodskoy,channel,На Слободской,68,"Ведущий, комментатор матчей Первой Лиги и Второй Лиги А. Зовут меня Артём Слободской, а находитесь вы «На Слободской»."
fcalexander2,channel,ФК Александр-2,42,Официальный канал второй команды ФК «Александр».
rostselmash2,channel,“ROSTSELMASH-2“|🟡🔵,4,Дубль «Ростсельмаша»
vilkapletyot2,channel,Вилка плетёт 🌺,12,2ой канал Мой лс: @vilka746
academy2cx,channel,2CX academy,12,Лидер: @noname344578  Официальный телеграм канал команды Double CompleX academy [2СХad] по дисциплине Standoff 2
tochsakh,channel,TОЧ САХАЛИН | Строительство домов на САХАЛИНЕ,202,"Строительство, проектирование домов на Сахалине | Компания ""ТОЧ""   •Качественные современные дома •Опыт работы более 25 лет •Представитель @optimum_house на Сахалине  📲 http://wa.me/79621133305 🏠 https://clck.ru/39tg2D  🎬 https://youtube.com/@toch65?si"
kit_voronezh,channel,КИТ | Готовые квартиры в Воронеже,427,Приветствуем! Застройщик «ИП К.И.Т.» 🔹 35 лет строим уютные квартиры в любимом Воронеже 🔹ЖК в перспективных районах с развитой инфраструктурой 🔹надежные технологии строительства - кирпичные дома с ж/б перекрытиями 🔹 готовые квартиры со 100% отделкой
cloudguiyeah,channel,Буйный Кумар,372,Какой то комар рисующий всякую всячину. Заплатите мне сотку и я ещё чё нибудь тут допишу
zodkam41,channel,ЗОДЧИЙ КАМЧАТКА,312,"🏠Приветствуем на канале ПСК «Зодчий» Камчатка.  🔸Здесь Вы сможете задать любые вопросы по строительству ИЖС, ипотеке. 🔸Каталоги типовых проектов https://disk.yandex.ru/d/qmdFF3tRvMrDKw 🔸Наш сайт www.zodkam 🔸Контакты +7 4152 344 388 +7 924 894 43 88"
mafiahistoru,channel,ОГЭ/ЕГЭ Мафия | История,375,"Страшитесь экзаменов? И куда вас это привело? Правильно, ко мне🫵🏻  💥«ПУЛЯ В СОТКУ» предоставляет:  - Шпаргалки  - Теорию  - Авторские материалы - Казусы, их решение с реального экза - Новостную ленту"
miillmiilll,channel,халяль kid,89,
tatavastu,channel,Дизайнер Счастливой Судьбы,232,"✨ Обучаю современному Васту без сложных переделок 🏠 Помогаю увидеть, где дом забирает силы 💥 Как легко и за короткий срок поменять свою жизнь и жизнь своих клиентов  💥 Вернуть в семью любовь, согласие, поддержку  💥 Повысить доход и избавить от Долгов."
nikaa2522,channel,mellinova”nn,164,
the_sky_takes_its_toll,channel,небо забирает своё,11,Ориджинал по мотивам мира драконей саги
kimichka_nya,channel,KIMICHKA,32,Я начинающий недо художник :D надеюсь на вашу подписку!
norka_homichka,channel,"""Норка Хомячка""",32,
wumiichka,channel,˚✧₊wumiichka˳✧༚,149,"┌———{♡}———┐    Рисую_(:3 」∠)_  -°Вся информация есть в закрепе.  -°Чтобы заказать арт пишите в лс.  -°Арт-статус  Коммишки-да Трейды-нень Гифты-да,но друзьям и любимым художникам Реквесты-следите за постами"
floramichka,channel,[Рест] Флорамі та Аро,169,У французів є чудова приказка  <<Хочеш жити щасливо живи таємно>> Наша ж приказка <<Все що нас не вбиває робить нас сильнішими>> Флорамі: @Llikor Аро: @sbannyexy
himushkatv,channel,химушка,35,"уютный канал о простой жизни ✨   книги, фильмы, интересные находки и теплые советы   tik-tok: https://www.tiktok.com/@himushkaa_?_t=ZS-8yD5bR0xEgR&_r=1"
kirapark1995,channel,Хека!!#₽))0) (РЕСТ),150,"‼️канал 18+‼️  всем хайй, я Хека, сижу рисую для души своих ОСов и периодами фан артики по разным фд, буду рада если вам станет интересно, добро пожаловать!! —коммишки и трейды открыты писать сюда—> @kvasrofls *вк группа--> https://vk.com/kirapark1995"
h1zka,channel,хизка 🍽️,194,"имеется 18+ контент🚧🚧 мои рисунки и посты не несут в себе цели кого-либо оскорбить или обидеть  художник самоучка, санс моя сучка вся важная информация в инфопосте лс: @hiwzik архив: @hiwzka резерв: @hiwzka2"
stawberry_nika,channel,Strawberry 🍓 Nika,64,"Вы на канале начинающего косплеера и просто меня,которая очень любит рисовать и мастерить из пластилина."
yumichka_378,channel,Щп юмико ✍🏻,25,так 🤔✍️✍️Ага так 🤔✍️✍️🤔 Угу 🤔🤔✍️✍️Понял ✍️✍️✍️🤔 записываю ✍️🤔✍️Так 🤔✍️✍️Ага так 🤔✍️✍️🤔 Угу 🤔🤔✍️✍️Понял ✍️✍️✍️🤔 записываю ✍️🤔✍️Так 🤔✍️✍️
mimimichkaaa,channel,نسمة🤍,58,لحظات عشوائية ويوميات دينية تلهم القلب وتبهج الروح🤍
victoria_vishnevskay,channel,Интерьерный дизайнер Виктория Вишневская,303,"О моей работе, моём отношении к ней и немного о личном   https://v-vishnevskaya.ru/"
gatne_pro,channel,PRO Гатне📍Віта-Поштова📍Юрівка,739,
chabany_pro,channel,PRO Чабани📍Новосілки,578,
haejae13,channel,вишневый jam?¿🍒,684,дом абмассадорки бонедо!⭐️ инфопост https://t.me/haejae13/5330 анонка t.me/haejae_bot лс @hanniejl (мью и вп не беру)
soo_cherrygarden,channel,狐 вишнёвый сад суджин,539,"частный домик около речки, на заднем дворе которого мной высажен вишнёвый сад с множеством тропинок, лавочек и качелей. здесь я и жители домика можем отдыхать после тяжелых дней и дарить любовь суджин ࿐  🏹 анон: @soo1849bot 🌷 вп: @vp1849  ! не информ"
vyshevychi_hromada,channel,Вишевицька Територіальна Громада,452,Офіційний канал Вишевицької ТГ Тільки офіційні новини
chvsjs,channel,ВИШневский,227,
cherry_diary_24,channel,Вишнёвый дневник,237,"Истории из жизни, ну и конечно, про Движение Первых 👀"
zimna25vishna,channel,Собрание вишнёвых холодильников ❄️🍒,91,
vishnevskayadsgn,channel,UI CHERRY PIE 🍒,227,"🍒 ЕВГЕНИЯ ВИШНЕВСКАЯ  💻 SberTech Product Designer   🎓 HSE ART & DESIGN & CODING SCHOOL Graduated  💛Duo Sapiens mentor  🕺 Frame Up Dancer  Делюсь дизайном, опытом, вдохновением и танцами! 🔥  Связь🤟 @jeinifer"
redd_pomegranate,channel,Вишнёвая шипучка 🫛,63,- творчество✨ - мысли  - открытая душа и сердце  ~ ассоциируются у всех с вишней
artpleasurelove,channel,рина вишневская art 🎴,82,"рина вишневская    приобрести холстик можно здесь: @kwlix  канал создан для того, чтобы делиться своим творчеством ✨  рисую в своем стиле на холстах маслом, иногда добавляя акрил или гуашь, и всегда любовь ♥️  поддержать творчество: 2200701946852818"
big_screen_english,channel,Big Screen English 🇬🇧,81,"Привет! Я Ирина Вишневская, преподаватель и психолог. Здесь я рассказываю про то, как прокачать свой английский через сериалы, полезные лайфхаки и психологию языка — легко и без зубрежки.  Контакт для связи: @Irr_sinn"
proveshnyaki,channel,Про Вешняки,44,Будь в курсе новостей Вешняков!
na_vishnevoy,channel,На Вишневой,47,
logovo_kisikov,channel,канал для хорошисиков,93404,
odddance,channel,OddDance,442,"Основанный в 2002 году Натальей Жестовской и Григорием Глазуновым OddDance – невербальный физический театр, развивает принципы Буто, театра предмета и маски, здесь и сейчас рождает притчу на языке тела. Для связи @natodddzhest"
savaaaaageee,channel,khozeh,62,
necktieparti,channel,necktie parti ^_^,161,🍭💒🐾🍼🎀🐼 t.me/bwuised p4p channel ^_+
gladenkolayk1,channel,Товари с инета,115,
alaska_love52,channel,<🍂>𝑫𝒂𝒓𝒌𝒊-*ੈ‧₊🎃(essa-cm),28,
sliiiv28,group,Слив Товара,45,
xivobj,channel,xiv.obj,48,↘ xivobj.online
ttriviattaa1,channel,тривиата,20,
remawekw,channel,remawekw,49,
hatemafiosoconfession,channel,Hate Mafioso's fans CONFESSION 🕸️,42,"газовой плиты НЕТУ!!! фена НЕТУ !!!! Ванны ТОЖЕ НЕТУ !!! окна НЕТ!! табуретки,веревки и мыла ТОЖЕ НЕТУ!! острого предмета на свалке НЕТ!!!! ртутного градусника НЕТУ!!!! я НЕ ХОЧУ научиться играть на скрипке !!!! вилки и розетки ТОЖЕ НЕТ! Я не сниму как пе"
himiya_23_may_sliv_ege_otveti,channel,23 мая 2025: ответы по химии ЕГЭ и реальные варианты,27,"На сайте https://asliv.online опубликованы решения и ответы на задания ЕГЭ по химии, запланированные на 23 мая 2025 года. Использование официальных материалов предыдущих лет помогает сосредоточиться на важных аспектах предмета."
znahidky_ukr,channel,Знахідки Аліекспрес - товари знижки гарячі пропозиції,20,
basketprofessional,channel,Basketpro🏀,19,все про баскетбол  https://basketpro.ru
e_30_e,channel,متجر ⇴⁰⁰ْْٰڪَيَݪۅٛا Kailua,285,المالك @e_32_e
o010190,channel,#лехся@lexae🦭,103,
ewgeshahell,channel,3ªQ|°ыТ∅|ęŵğēsĥã ĥęłł☠️,158,Ыыыы я упоротая Начало 04.08.2025 Был переезд 31.01.2026 https://t.me/NHTEPAKTNB_WWW Канал с результатами Эбеееебебэбббээээ
truejayenhypen,channel,JayGuta,33,goal 50. Lasim - @lasimsumbot
energynickie,channel,energynickie,75,1000010100111110010001000101100110110010011000001
yehshuhuaarch,channel,슈화 *Yeh Shuhua,38,Vivięnne or Veronica @W4xXDGi_bot
reallyformiemie,channel,🔒ㅤી ્ ㅤꪑꪱꫀ - ꪑꪱꫀ,31,Hiki's Gallery     t.me/HikiKosBot Goal 100 Again
yuhatruee,channel,🔒 Yu Yuha 🍋,19,Химэ - Hime @haramiyuyybot goal : 50 пдп Start :: 26.05.26
e1r4vyn,channel,EİRAVYN,14,по всем вопросам обращаться только в бот @E1R4VYNBOT
trueeleeseo,channel,이현서 LeeSeo,3,@Bynessabot Inessa
modatop24,channel,Мода и стиль | ПРИМЕРОЧНАЯ №6,334,Шик и Пшик.Мода и стиль с разных ракурсов. Серьезно о смешном OzonId_2644
anim_644,channel,💥Малыш Баку💥,182,
stepangaidarovvvvvvv,channel,Степан Гайдаров,11355,реклама/сотрудничество- @asmiagencyy
step1cc,channel,Stepan Tsygankoff,102,Т.И Им.Бориса Щукина ‘30 Курс Э.Т. Трамова
kimiblog,channel,Степан из Телеграм,979,"Показываю, как развивать телеграм бизнес и зарабатывать на нем.  Реализовал 60млн рублей в Яндекс Директе за 2025 год  Ссылка на блог - @kimiblog  Связь со мной - @kimi_adv"
newchemistchannel,channel,NewChemist ХИМИЯ каналы,2532,Ғылыми-көпшілік канал. Маған жазғыңыз келсе t.me/77074484175
olymp_casino_bot,bot,olymp_casino,12520,
clippers_nation,channel,Дневник Clipper(a),954,Clippers и баскетбол глазами фаната.  Для связи: @denzyyo
alexakartoxa7,channel,Мелкий Журналист Лëлик,159,Связаться со мной @Lexa_kartoxa228 Буст https://t.me/boost/alexakartoxa7 Болею за Квант и Динамо
elespedia,channel,Элеспедия,770,Канал главного фаната Центрально-Азиатского киберспорта  По вопросам админу - @eles_akin
suyin_news,channel,ЛУННЫЙ ОБИТЕЛЬ,1096,"Лунный Обитель - здесь Луна светит над миром дорам: новости, постеры, фотосеты, слухи и любимые актёры – всё, что делает сердце фаната счастливым🌙  Поддержка каналу - https://t.me/boost/suyin_news"
jjbamem,channel,Первый Бизаррный,588,"Лучший канал для фаната ДжоДжо во всём телеграме! Свежие мемы, оперативные новости, удобно категоризированные серии этого аниме - всё и даже больше на ""Первом Бизаррном""! Если хочешь предложить картинки или заказать рекламу - пиши мне @Sqifusovski"
littlelulucos,channel,ночной домик Крошки Лу🌙,240,Уютное местечко фаната шоколадного молока и сказок на ночь
football_fan_ua_fan,channel,Football Fan,226,
boardgame_raccoon,channel,Єнот з настілками 🦝,133,"Особистий блог ґіка, фаната настільних ігор Огляди, думки"
pravonaslovo_myzdrikov,channel,ПРАВО НА СЛОВО,1433,"Канал Ивана Мыздрикова, контекстуально-поведенческого психотерапевта, супервизора, преподавателя психологии, теолога, популяризатора практик осознанности и христианского созерцания.  ЛС: @ivanmyzdrikov  https://taplink.cc/i.myzdrikov"
freepromote0,group,Free Promotion Group,829,"Channel: https://t.me/cryptolegit0  Free Promotion Group for Telegram, YouTube channel and others promotions!"
astrogeorgee,channel,AstroGeorge,248,"Канал астронома, популяризатора науки, члена Всероссийского Астрономо-Геодезического объединения, участника проекта ""Поехали!"", автора проекта ""Астродача в Низовской"" Георгия Хохлова"
fragment_storeid,channel,PROMOTOR MARKETING SLOT,148,KAUM REBAHAN
alfiekohn,channel,"Альфи Кон, который живёт на крыше",146,"Канал посвящён обсуждению педагогических идей американского педагога и популяризатора альтернативных подходов в педагогике, автора книг ""Наказание наградой"", ""Воспитание сердцем"" и др, Альфи Кона."
sarmoyaizlovchi,channel,Do'stlar olami😎,53,Qiyomatli do'stlar
yura_voltaire,channel,🌹ГалА́ктика Ю́ры Вольте́ра☕,73,"Я - #ЮраПятачков (#ЮраВольтер)❗Это второй мой Telegram-канал, Юрия Сергеевича, Исследователя, профессионального Филолога, #ИсторикЛитературы, Поэта-медитативИста, ЭссеИста, Просветителя, Популяризатора #ФилософияПоэзии..."
promoteyourchannelslink,group,"FREE PROMOTION(Telegram, YouTube) Share any link ( No restriction).",32,"PROMOTE YOUR LINKS ( TELEGRAM , YOUTUBE)"
hihi_da_haha_da_ho,group,Совет пропагандистов,7,
businessdu21esiecle,group,Le business du 21e siècle 💵,36,
promotion_group_india,channel,Очень Полезный Бот,5,
ankorrus,channel,ankor.rus русский по любви,5107,"Связаться — @ankor_rus Купить шпоры — https://t.me/ankor_rus_shpory Полезные файлы ОГЭ, ЕГЭ от преподавателя по русскому языку 🥰 Шпаргалки, рабочие листы, презентации, игры будут ждать вас ✅ Отзывы — https://t.me/otzyvyankor"
rovno_shpon,channel,РОВНО 🪵ШПОНИРОВАННЫЙ МДФ,242,"РОВНО - производство, которое думает за мебельщика.   Наши услуги:   1. Изготовление МДФ шпон по размерам  2. Деталировка/Раскрой  3. Кромление торцов  4. Присадка/Сверловка 5. Покраска  РОВНО в срок. РОВНО в размер. РОВНО в качестве."
verstaki_profi_ru,channel,Верстаки Профи.Ру,72,
adamath,channel,МАТЕМАТИКА С АДОЙ | ОГЭ и ЕГЭ,156,"Я — Ада, 11 лет помогаю школьникам сдать ОГЭ и ЕГЭ Начни тут t.me/adamath/204  • подготовила 300+ учеников  • 95% учеников сдают на 4 и 5 • шпоры, рабочие тетради • бесплатные пробники • ВСЕ темы экзамена  Отзывы @adamathhh Связь @adelina_bahtiyarova"
sozexru,channel,Судебная экспертиза и оценка - sozex.ru,58,"Канал о судебной экспертизе и оценке - АНО ЭНЦ СЭИ ""Созидание"" sozex.ru"
house46_31,channel,Недвижимость По Курской и Белгородской области,582,"Недвижимость. Актуальные объявления о продаже дома и квартиры, студии, по Курской и Белгородской области  -  надежный партнер на рынке  По всем вопросам https://t.me/KarapetyanAn"
fzpropertysubsale,channel,Listing Rumah Subsale/Project by FZPROPERTY,226,Your Trusted Agent  Guideline & Info Property here  Website : fikryzulkifly.com  🏠 HOUSE FOR RENTAL HERE https://t.me/fzpropertylisting
babol_ejareh_iranmelk1403,channel,بابل اجاره، مسکونی،اداری،تجاری,136,صادقی: 09388341418  🌺لینک کانال بابل_ اجاره👇 http://t.me/Babol_ejareh_iranmelk1403  ارتباط با مدیر کانال و سفارش واحد اجاره ای خودتان برای ثبت در کانال 👇   @peijshakhsi1 :آیدی تلگرام
zin_land,channel,ЗахарТанцор,378,𐙚 выбрал выражаться через творчество cooperation : @zahardancer inst : https://www.instagram.com/zinaladi tt : https://www.tiktok.com/@zinaladi
zinmag,channel,Газета «Зинзивер»,1650,Крылышнём золотописьмом вместе!  Тексты тут: https://teletype.in/@zinmag  Связь тут: @yaochutilsyavsumrachnomlesu  Таплинк с донатами и остальными ссылками тут: https://taplink.cc/gazetazinziver
zin_photo,channel,Даниил Зинченко,172,"Репортажная, уличная и пейзажная фотография http://vk.com/danzinchenko"
zinaovshtein,channel,zinaovshtein,1496,
batmanagent1,channel,Zin Zin (Batman Agent)️,1051,15ကျပ် pp slot တို့ကို 5000 ကျပ်ကစဆော့ကစားနိုင်ပါပြီရှင့်
kod_cifr_bezopasnosty,channel,Прививка от мошенников | Код безопасности,213,"🛡️Проект по противодействию интернет-мошенничеству и защите подростков от информационных манипуляций. Объединяем экспертов, родителей и педагогов, чтобы вырвать детей из «кибер-ловушки». Создаём правовую базу и щит от манипуляций."
meah_vinecult,channel,Meahong,219,"Место, где пытаются жить и чуть чуть рисовать~  Для связи с автором - @almeahong"
senatorov_s,channel,СЕНАТОРОВЫ,147,Про то как брат и сестра пытаются покорить сценарный олимп
etonehvost,channel,Это не хвост,198,"Вы таки не поверите, это все реальные примеры того, как мужчины пытаются понравиться женщинам в tinder.  Для предложений ботик @notatalebot"
biologiyaquizkanal,channel,Biologiya va Kimyo testlari,3724,"Biologiya va kimyo fanlaridan testlar ba'zasiga xush kelibsiz😊 💥Qo'llanma 💥Quiz test 💥Milliy sertifikat savollar 💥Masalalar Takliflar,reklama,murojaatlar va yordam kerak bo‘lsa aloqadamiz 👉👉 @Respekt_biolog 👨‍💻 Kanal 22.11.2024 yaratildi✔️"
ali_ajmi_ch,channel,الأستاذ علي عجمي,6760,✅ قناة الأستاذ علي عجمي للكيمياء 🔥 أفكار وزارية • ملخصات • مراجعات • اختبارات 🎯 للثالث المتوسط والسادس العلمي 💪 معًا نحو الدرجة الكاملة
xim4e,channel,Ximerika,851,хуежничаю что-то
hiiam1,channel,hiiam,479,
ximi_cvr,channel,. . 𝗫ı𝗺i*𝗈𝗂📀 #třueRąi,36,"«   I’m sorry, but now… »            — Ваш законов нам очень важен, повисите на трубке.. Вечность 🛍️  Tt - @ximi_cvr Anon - @Ximi_solo_bot Boost - https://t.me/boost/ximi_cvr Best friend - @mirele_cvr @Oreo_cover @milkshake_oi  Группы/Колабы - ✅"
aiexmen1,group,Фок Олимпийский.Правдинск.,10,
bigdan4iks,channel,БОГдан о ФК💟,631,БОГдан — голос ФК.  Моя сцена — жизнь.   ✔️Активист до мозга и костей  ✔️Пишу о ФК и не только   ✔️Человек искусства  ✔️СММ-щик ✔️Танцор ✔️Актёр    Связь - @BiG_dAn_4ik
perfect_diletanty,channel,По ту сторону Дилетантов,489,VK: https://vk.com/diletantyvteatre INST: https://www.instagram.com/prekrasniie.diletantii
yagzon_bexruz_tv,channel,Behruz Yagzon | Расмий ️,1124,"✔ ""Behruz_Yagzon"" ning Rasmiy kanali.!🎼 🔵""Behruz_Yagzon"" haqidagi eng so'ngi yangiliklarni birinchi bo'lib shu yerdan topasiz!✅  Admin: @thzee_701 👈  @behruz_yagzon_fan_club  instagram.com/behruz_yagzon Instagram.com/behruz_yagzon_fan_club"
turon_studio,channel,𖤓 TURON STUDIO 𖤓,268,
ptmashurchi,channel,Sho'rchi tuman ixtisoslashtirilgan maktabi,666,Ixtisoslashtirilgan ta'lim muassasalari agentligi tizimidagi Sho'rchi tuman ixtisoslashtirilgan maktabining rasmiy sahifasi.   Murojaat uchun: @ShurchiIM_bot +99891-232-77-72 +99891-581-95-72 +99893-764-84-00
buyuk_kelajak_2023,channel,"""BUYUK KELAJAK"" YOSH IQTIDORLAR va ZAMONAVIY KASBLARGA OʻQITISH MARKAZI",608,
mathmilliysertifikat,channel,Matematik | Ibrohimov Nurali,428,Hayotning ikkita bezagi bor: Matematika bilan shug'ullanish va uni o'qitish.   ⓒ Simeon Deni Puasson - fransuz matematigi.
kawik11,channel,KAWIK 🇷🇺,275,
lux_uzbekistan,channel,LUX,117,
kimyo_murod,channel,Milliy sertifikat,366,"Kimyo siz o'ylagandan oson va qiziqarli😊  Milliy sertifikatga mukammal tayyorgarlik BMBA testiga tayyorgarlik  @Pedagogik_mahorat_Murod @Avazov_Murod Natijalar: @Murod_natija Murojaat uchun: @Murod_Kimyo, 977338666"
qbb7680official,channel,Qbb-7680实验田,107,是气波波日常暗黑实验的地方。。。
kimyotaxlil,channel,Sunnat KAMOLIDINOV - oʻta shaxsiy,218,@MS_KIMYO
kimyokarvoni,channel,KIMYO KARVONI,224,KIMYO KARVONI- O'ZBEKISTON KELAJAGI UCHUN ILM KARVONI!  Bu kanal o'zbek xalqini KIMYOga doir qiziqarli kontentlar bilan tanishtirish maqsadida ochildi! Admin: @alpha_chemist
ip_kisonka,channel,ИП Кисонька,52,Помогу понизить вашу самооценочку ❤️ Бимбо панкуша  She's living her anxiety fantasy
kumikodolboeb,channel,рест ы/ почему кумико,38,потому что блять
international_study_samf,group,INTERNATIONAL STUDY CONSULT SAMARQAND FILIALI,14,ОБРАЗОВАНИЕ ЗА РУБЕЖОМ✈🌎  Xorijda ta‘lim olmoqchimisiz ? Biz sizga yordam beramiz !  🇰🇿 Qozog‘iston ✅  🇰🇬 Qirg‘iziston ✅  🇹🇯 Tojikiston ✅  🌍 YEVROPA DAVLATLARI ✅  MA‘LUMOT UCHUN. 👨‍💻  ☎️ +998971330306
samarqand24_bot,bot,Samarqand (@Samarqand24),,@Samarqand24 kanalining murojaatlar boti
bull1score,channel,Bullscore ( fantasy prediction expert),1289,Get free Fantasy Predictions🔥 Join for Free teams🔥No Paid Teams🔥 Experienced Cricket Analysts🔥 Visit Website- https://www.bullscore.com/
fc_rkazan,channel,ФК Рубин Казань,1126,Новости футбола каждый день  Связь @evgenijkrdA
fc_rubinspb,channel,СК <Рубин> футбольный,37,Канал футбольной команды СПб ТКУиК
mrpprediction,channel,Match KinG 👑 MRP,48,Never loose your hopes believe in us @Mrppredictions       DM ☝️☝️☝️
rfm_top,channel,𝚁𝙵𝙼,37,
enfieldfc,channel,🇮🇸 𝐄𝐧𝐟𝐢𝐞𝐥𝐝 | RFPL,16,06.06.2026 - создан был клуб
fcreykjavik,channel,Reykjavik United 🇮🇸,10,
icetips_news,channel,icetips_news,2,
rkivebrasil,channel,RM BRASIL #ARIRANG,140,"Sua melhor fonte de informação sobre o cantor, compositor, líder e membro do BTS, RM aqui no Telegram.   Parceiros:  @btsnoticiasbr @sugabrasiI @jjkbrazil @acessojimin @seokjinbrasil @AsianInBrazil"
tinasswapm,channel,🎥 TinaBelo production 🎥,259,"Всем привет! Меня зовут Таня, я рада приветствовать вас в моем творческом пространстве 😊  В каверденсе с 2018 года!  Занимаюсь съемкой каверов с 2021 года!   В закрепленном сообщении вы найдете прайс и примеры работ ☺️✨"
kimjouri,channel,kιⲙ ᥴhᥲᥒᥒᥱᥣ | ᶜᵃⁿ ʸᵒᵘ ˢᵉᵉ ᵐᵉ?,22,
jypggbr,channel,JYP GG BR 💜,48,✧﹒ O seu melhor canal de informações sobre os girl groups da empresa sul-coreana JYP.  contato: @jypggbrbot  extensão: @jypggcharts  ╭ ✧﹕Parceiros: https://t.me/jypggbr/1559
kimoropro,channel,( ?? ) — ≠۴iϻᴏ۲ᴏ ρrσd [🪭],24,"ε𑀌 ϸμϸϸɭε ρɾσɗ.  🪭 — ӄʝϻσɾσ ʝʂ αηɠεɭʂ ϝɾσϻ ʆαραη, ωε αɾε ωαʝʈʝηɠ ϝσɾ γσμ !!  ӷραϕ σϕσρϻα στ λબδμϻσύ @N0taPort"
life_couprp,channel,𝐋𝐈𝐅𝐄 / ⋆ ˚｡⋆୨ 𝘊𝘰𝘶𝘱ᴿᴾ ୧⋆ ˚｡⋆,19,
kiyodesuka,channel,фандомный нёрд,22,остров стабильности в нестабильном мире. лс: @anmstythis  продаю что-то https://t.me/kiyosells
souhiyorid,channel,Midori/Sou Hiyori daily 🌱🧣,9,Добро пожаловать в кф по  Предложка : @PredlowwkaMidoricf_bot Связь с влд : http://t.me/voprosy?start=2h9og
only_for_kpopers,channel,💘𝙺-𝚙𝚘𝚙 𝚜𝚑𝚘𝚙,3,♡Онлайн к-поп шоп💘 ♡Здесь ты найдёшь вещи своего биаса💗✨️ ♡Найдём все что вам нужно💓 ♡Карго: НЕТУ ❌️ ♡Доставка: 10-18 дней✈️ ♡Если есть вопросы или хотите заказать не стесняйтесь писать: @armyanimegirl 💗✨️
goldstudio67,channel,Скоро будет канал....,2,
elbekakbarovich,channel,Elbek Akbarovich,400,• Magistrant; UniPa&Tongji ‘26 🇺🇿🛫🇮🇹🇹🇷🇭🇺🇩🇪🇦🇹🇱🇮🇨🇭🇨🇳🇻🇦🇲🇹  🇬🇧Ingliz tilini onlayn o’rganish uchun: @englifyschool
abyebobik,channel,аб'єбобік | сучукрмуз подслушка,73,linktr.ee/bobik
yamakasygg,channel,YAMAKASY,725,МЕНЮ: https://t.me/yamakasygg/97 По вопросам сотрудничества: @avocadodonteatmytomato
lunaparnimassaj,channel,Luna Parnimassaj,1046,"Bog’lanish:📱 (97) 815-99-91 Yakkasaroy tumani, Nukus Avenum, 19 A📍"
hinakynaru,channel,hinaky's thoughts🎏,1100,
tolikbaran,channel,Будни московского барана,1057,арт-директор кафе «Хачапури» и «Одесса-мама»
yankeesierrakrd,channel,Высший пилотаж вкуса | Yankee Sierra,157,"утреннее меню с 8:00 до 14:00,  вечерний сервис с 14:00 до 21:00  📍Гимназическая 65"
kyagerocos,channel,Kyagero cosplay ʕ•̫͡•ʕ•̫͡•ʔ•̫͡•ʔ,182,Соц. сети  Вк: https://vk.com/kyager0 Тик ток: https://www.tiktok.com/@kyager0?_t=8kfNkDcX0pP&_r=1 Лс: @kyagero
yanasralphoto,channel,•янасраЛ фотографирует,234,Канал для того чтобы вы глядели на мои фотографии других людей Лс: @kachok545354
jahongir_tojibayev,channel,Jahongir Salimovich Tojibayev,1039,🇺🇿 Fargʻona viloyati Madaniyat boshqarmasi boshligʻi Jahongir Salimovich Tojibayevning rasmiy sahifasi
sardortojiboyevvvv,channel,Dr.Sardor Tojiboyev,157,
natalyagomboeva,channel,НАТАЛЬЯ ГОМБОЕВА│SIMPLE LEARNING,75,Репетитор по английскому языку  Прививаю любовь с первого занятия 🥰  Для связи: @natalya_gomboeva  Отзывы: https://t.me/otzyvy_gomboevanat
kravtsov7474,channel,ПросКод Кравцова,63,Фан-канал  про министра просвещения Сергея Сергеевича Кравцова. http://t.me/anonaskbot?start=4s2lgk5l4qf3w задать вопросы подписчикам.
znati_interesno,channel,А вы знали?💡,168,Узнавай каждый день новые факты из мира вместе с нами✅  По рекламе: @RGB8b00ff
interesno_v_homutovo,channel,Интересно в Хомутово,389,💥МАРКИРОВАННАЯ РЕКЛАМА ✏️4 площадки = ВАШИ КЛИЕНТЫ 🔹️Хомутово и близлежащие районы  Вопросы по размещению 👇  @admkhomut_news38  @sova_sova7
interesno_o_jizni,channel,Канал без названия 🤓,221,"Здесь про жизнь во всех её проявлениях: собаки, события, люди, съемки «Персоны»  и прямые эфиры на радиостанции «Серебряный дождь» . Это может быть интересно, а может и не интересно. Сами решите 🙃"
interesno_israel,channel,Интересный Израиль,2,"Канал сайта ""Интересный Израиль"" - страна, история, культура. interesno.co.il"
