lacryptaitac,group,La Crypta ( ITA ) 🇮🇹 Commenti,620,"Il mondo Crypto offre grandi opportunità di risparmio, ma anche alcuni rischi da tenere bene in mente !  Lo scopo è guidare i nostri membri nel ginepraio di possibilità che tale mondo ci offre e soprattutto renderli finanziariamente coscienti @LaCryptaIta"
cripto_logia,group,Criptologia,136,"Bienvenidos al grupo de Criptologia para análisis, noticias y aprendizaje."
crypta_forum,group,Crypta,90,
agentelvira,channel,Эльвира Любимова Риэлтор НСК🏠,835,Я вхожу в ТОП-100 риелторов Новосибирска.  Помогаю приобрести недвижимость без ошибок. Честно объясняю риски и нюансы.
sevgovorun,channel,Севастопольский говорун,342,"Отличаюсь умом и сообразительностью  Объясняю, что происходит в Севастополе"
chulickayamed,channel,Студент-медик | Чулицкая🫀,693,"Объясняю медицинские темы так, чтобы Вы понимали, что происходит с вашим телом и когда действительно пора идти к врачу  Связь со мной: @ChRenata20"
mindblowing101,channel,Вынос мозга!,882,"Канал для родителей о детской нейропсихологии. Объясняю, как мозг ребёнка развивается в игре и в быту. Лайфхаки от детского нейропсихолога для гармоничного развития без чувства вины.  Для связи — @EvaRufus"
vsexshop,channel,VsexShop.ru,19815,♡ Оформить заказ – vsexshop.ru Онлайн-консультация: @v_sexshop  Горячая линия: 88001007655   Подписывайтесь на нас:   pikabu.ru/@vsexshop max.ru/vsexshop  Регистрация в перечне РКН : https://clck.ru/3GNwJc
vse_dlja_vsex,channel,Автограф | Всё для всех,129,Издательство «Автограф» + Интернет-магазин «Автограф» У нас книги не пылятся на складах! Технология print on demand - технология будущего  Наш сайт - https://avtograf-books.ru/ Группа в ВК - https://vk.com/club_avto.graf  По всем вопросам - @juliagunlee
vse5544,channel,.𝐄.𝐃.𝐈.𝐍.𝐒.𝐓.𝐕.𝐎. 𝐌𝐀𝐃𝐎𝐔𝐓.2,1990,"Новости  MadOut2 Войны, сходки, разборки, обсуждение!   -  Предложить новость  @Maga5566  -  КАНАЛ  https://t.me/VSE5544  -  ЧАТ https://t.me/VSE5533"
vedalove108,channel,АЮРВЕДА С ЛЮБОВЬЮ,376,Аюрведа с любовью. Здоровье тела и здоровье духа в современном мире.
psylive_nv,channel,Психология жизни | Нина Валькова ❤️,131,"Клинический психолог, психотерапевт в комплексном интегративном мультимодальном подходе Специалист в нарушении пищевого поведения Эксперт в теме созависимости  Специалист по работе с травлей в образовательных учреждениях  Запись на консультацию @nina_valk"
tebemojnooo,channel,Империя Позволения | Ксения | Коуч | Игропрактик,956,"Территория денег, возможностей и личного бренда. Помогаю предпринимателям и экспертам выйти из качелей перегруза в стабильные продажи, сильное состояние и рост без выгорания👑  Коучинг, т-игры  Подарки https://t.me/tebemojnooo/1415 ЛС @kseniaalekseeevaaa"
pereproshivka_mishleniya,channel,Перепрошивка мышления | Разум • Система • Деньги,102,"Я не продавец курсов или психолог - я практик до мозга костей.  У меня есть техническая профессия, пассивный доход, брокерский счет с активами.  Для меня блог - это не про заработок, а про систематизацию знаний."
fit_trenim_doma,channel,Треним дома,415,"Если чувствуешь, что пора вернуть себя в форму — тебе сюда ✅️  Домашние тренировки, осанка, спина, дыхание, закаливание и дисциплина без перегруза ⚠️"
blogutbanov,channel,Utba Author's Blog,766,"Авторский блог: История; Социология; Философия; Традиция. Все непонятное — пугает, разбираем на канале. Never stop exploring Для связи  utbanov@gmail.com Поддержать канал"
yourbuzines,channel,Твой Бизнес,545,"Как создать бизнес? С чего начать свой бизнес? Много людей не решаются начать свое дело, их пугает страх потери, неудачи, дискомфорта."
flopartlord,channel,[] Room [] 18+,363,"Рисую, шалю, и вообще не без странностей. Женщин здесь много — берегитесь! Но если вас это не пугает — добро пожаловать и спасибо за подписку![UwU]"
punkkiiu,channel,Punk 🎸,104,
alla4psy,channel,"Что делать, Алла?",323,"Привет, я - психолог уже 26 лет. Говорим о том, что пугает, болит и не даёт быть собой. Просто, искренне и без ярлыков.  🌱Мой Инстаграм: https://www.instagram.com/alla_psy_/ Мои контакты: @AllaPsy 🖥Мой сайт: http://psyhelp-alla.com"
ecoflowchannel,channel,𝙴𝚌𝚘𝙵𝚕𝚘𝚠 🪻,178,"Поступление уже совсем близко, а гора дедлайнов и папок с документами пугает? В этом канале мы будем вместе разбираться в сроках подачи 🪻  with questions to: @mariasManager"
challengebluepsycho,channel,جایی برای خوشحالی🪁,27,“اینجا ممکنه کمی سوپرایزت کنه”
coyoteposting,channel,Crazy coyote girl posting,95,All around mixed memes.
hwetl1n,channel,лина вещает 🎧,102,в моих легких вырос лагман кимеп пугает...
tosh_mash,channel,Взросление пугает,73,"Я - Маша, журналист и медиаменеджер.   Живу на два города СПБ-ВДК и учусь в ПромТехДизане.  Участвую в молодежных проектах, работаю в пресс-службе и Интернет-журнале  Связаться - @mary_anow"
archive_of_hell,channel,maison d'âne,65,من: @sonic_the_hedgehog_0 من ناشناس: https://t.me/BiChatBot?start=sc-0e7327c987  Wubba Lubba Dub Dub
moonlight999988,channel,Paper Crown Panic,45,https://t.me/Mcroleplay1
nskfreechat,group,Странная группа где молчат,59,"Чат для свободного общения. Новосибирск и другие города Россиюшки. Пусть тебя не пугает количество людей с админкой, мы все одинаково ""добрые"" и ""адекватные""  p.s. если вы не наркоман и(или) проститутка, проходите мимо"
aloode021,channel,wicked,50,
awsap37,channel,Психологический хоррор. 🥧🥧,39,
ang3licdreams,channel,РЕСТ | 日 、angēlic dreāms 𝅄 ֗ _,37,
begunenkodnr,channel,Бегуненко Наталья Ивановна,417,Руководитель Управы Петровского внутригородского района администрации городского округа Донецк Донецкой Народной Республики. Написать обращение руководителю Управы можно на нашем сайте:         https://petrovskiy-district.ru/contact
teatr_zashitnika_otechestva,channel,Театр Защитника Отечества,890,"Наш адрес: Краснодар, ул.Красноармейская, 48"
prue_rus,channel,Плехановский университет в Дубае,1307,"✨Добро пожаловать на канал филиала Российского экономического университета им. Г.В. Плеханова (PRUE) в Дубае, ОАЭ  📞Приемная комиссия  +971 58 802 7629 info@plekhanovdubai.ae  🌐Сайт https://plekhanovdubai.ae"
natalileskova_com,channel,Piter.fm,290,
idk8o,channel,𝘱𝘢𝘭𝘦 𝘮𝘰𝘰𝘯┊,567,I have no expectations from God because He doesn't love me.  @Deadalivebothbot
sokootmohagh,channel,مُحآق...؛,162,https://t.me/httsokootmohaghbot?start=x3w_dml__53Ut6D6Z2SmEAGsT
child0fsaturn,channel,-𝘚𝘪𝘭𝘷𝘦𝘳𝘚𝘰𝘯-,55,"𝖤︎𝗏︎𝖾𝗋𝗒𝗍𝗁︎𝗂𝗇︎𝗀︎ 𝗂𝗇︎ 𝗅︎𝗂𝖿︎𝖾 𝗂𝗌 𝗆︎𝗎𝖼︎𝗁︎ 𝖻︎𝗂𝗍𝗍𝖾𝗋 𝖺𝗇︎𝖽 𝗌𝖼︎𝖺𝗋𝗂𝖾𝗋 𝗍𝗁︎𝖺𝗇︎ 𝗐𝗁︎𝖺𝗍 𝗒𝗈𝗎 𝖼︎𝖺𝗇︎ 𝗂𝗆︎𝖺𝗀︎𝗂𝗇︎𝖾 ""𝑁𝑜𝐹𝑢𝑐𝑘𝑠𝐺𝑖𝑣𝑒𝑛"" درمانگرِ درمان نشده(قلم خودم)."
freedimaleon,channel,Freedimaleon,4,
otzuvumoux,channel,Отзывы девочек,38,"МОСКВА и вся Россия я Ника, менеджер со стажем та своей базой клиентов Пиши, помогу обрести шикарную и жалаемую жизнь http://wa.me/37281672627 @nikaaa_aa_aa"
your_tarolog2,channel,Отзывы | ТВОЙ ЛИЧНЫЙ ТАРОЛОГ,6,
simamerch,channel,ОТЗЫВЫ,10,
otzovikdk,channel,Отзовик 🍲,13,Наша группа с меню https://t.me/DomashnyayakuhnyaDK
by_dashalaw,channel,Дарья Гоголева | Barbie vs All 💅🏻,2971,"Барби против всех, кто делает женщин своей куклой — родителей, государства, мужчин и начальников.  Блог о взрослой жизни для женщин, которые устали быть «хорошими девочками» и хотят жить по своим правилам, деньгам и удовольствию.  Inst: @dasha.law"
electroblack_msk,channel,СТОП Электромонтаж Москва,419,"Всех приветствую, присылайте свой драгоценный и неоплаченный опыт с организациями, на которые Вы работали.   Присылайте диалог с кидалами, адрес объекта, контакты руководителей, прорабов, мастеров, начальников участка и ФИО по возможности этих людей."
morning_star_fm,channel,БЫТОВКА,253,"🏗️ Добро пожаловать в «БЫТОВКУ»!  Тут нет начальников и планерок - только разговоры по душам.  Это наша общая бытовка) Зависай тут, будет интересно!"
ivan_plastun_channel,channel,Иван Пластун [образно говоря],115,"Про трансформацию, креативное лидерство и менеджмент. Через метафоры и юмор, чтобы нам всем было не так больно.  Для связи: @Ivan_Plastun"
chkola_frilansa,channel,Школа Фриланса | Тамара Новичкова,79,Канал Тамары Новичковой  Про фриланс и удаленную работу:  📍личный опыт 📍лайфхаки 📍полезные ресурсы 📍обучение  Вопросы 👉 @Tomik8a
vse_frilans,channel,Елена-КУРАТОР/ТРЕДС НА ИЗИ,1005,"Учу з•р•б•тыв•ть.  Кто не знает чего хочет не заходить! Забирай гайд 👇  Подписывайся, если готова действовать! https://t.me/vse_FRILANS  Мой помощник⤵️ https://t.me/KURSI_TARIF_V_S_E_bot?start=b_OnELPf3gfF"
essin_frilans,channel,Фриланс | Работа для подростков,961,•Бесплатные материалы  •Реклама   •Мотивация и многое другое    Обращаться по всем вопросам - @eseenchikkkk
maloy_frilans,channel,ⲙᥲ᧘᧐ᥔ | ɸρᥙ᧘ᥲнᥴ,311,"ᥰρᥙʙᥱᴛ!! я – ᥰρᥱдᥴᴛᥲʙᥙᴛᥱ᧘ь, κуρᥲᴛ᧐ρ ᥙ ʙ᧘ᥲдᥱ᧘ᥱц ᥰρ᧐ᥱκᴛᥲ «grᥱᥲᴛ ⲙ᧐ᥒᥱy» ʙ᧐ ɸρᥙ᧘ᥲнᥴᥱ я ρᥲδ᧐ᴛᥲю ʙ ᥴɸᥱρᥱ ᥰᥱρᥱᥰρ᧐дᥲжᥙ реклама https://t.me/+pIi4WdERGNY5OWZi задать вопрос//купить вход в проект @saryevsky1"
darr_frilanse,channel,Дарья | Удаленка без паники,264,"Удалёнка без паники — канал о фрилансе, и работе из любой точки мира.  🤖 Бот помощник - @daryamorozovaa_bot 📞 Связь со мной - @daryamorozovva"
ne_budi_store,channel,НЕ БУДИ,1680,"Натуральные дышащие ткани, расслабленный крой — в нашей домашней одежде ваше тело чувствует себя так же свободно, как в днях без суеты и будильников в отпуске🤍  Наш сайт: https://nebudi.store Задать вопрос: @NastasyaKrasnova"
wb_design_interior,channel,Интерьер с маркетплейсов (WB | OZON),327,Ссылки на товары для дизайна и интерьера
lampi_nalchik,channel,"Лампы, читающие Коран / Чегем Нальчик КБР",18,"🌌 Оригинальные лампы, читающие Коран от фирмы EQUANTU  📱 По всем вопросам пишите WhatsApp 8(964)622-0007"
kfwatchfacesrus,channel,ЦИФЕРБЛАТЫ KF-watchfaces | WearOS,31,ЦИФЕРБЛАТЫ WearOS | РОССИЯ  Магазин циферблатов для ваших смарт часов на базе WEAR OS.  https://www.kf-watchface.ru/
kaskad52,channel,"Праздничное освещение, гирлянды",10,"Освещение/Гирлянды/Неон/Монтаж. Только профессиональные материалы. Офисы Красноярск, Санкт-Петербург. Тел. 8-967-612-03-69. Доставка по всей России."
smirny169,channel,Smirny 🫧🫐÷°.,10783,Vodka Smirnoff ушла с рынка но Smirny всегда с вами ✌️ +16 контент
mo7arellas,channel,mo7arella [АРХИВ],2219,Ушла на @mo7arella
blesk7969,channel,блеск,106,фанаты
evmirs,channel,ev_mirs,310,"🫶🏻 студентка, зам. председателя КМК 🫶🏻 хореограф, танцор, участник команды MAD Project"
minibro_posing,channel,минибро ушла ✌️,192,Ушла 18.06.2026
butenko_says,channel,Отписался — пожирнел 💁🏼‍♀️,171,"Лайфстайл без фильтров✨  Спорт, путешествия, красивые места, уход и иногда много букв. Из руководителя продаж — в домохозяйку. 🧿 inst. butenkoalexandra"
h4essp0rt,channel,ушла 𐏓𐏓⁠ 𓈒 #𝘩𝘢𝘦𝘴𝘰𝘰 𝒫𝒓𝒐𝒅 * 📌,57,᩠ׅ  @haesoo_prod_arch ໑ׄ  ᩠ ⊹ ♨️ прꪮдюс𝗲𝕡 Хэ𝖼у     𝘀𝗍α𝕣t — 𝟎𝟣.𝟎𝟔.𝟤𝟔 𓂃ˊ˗ @haesoo_prodbot 🪭 ۪ 𓌔
owl_kreed,channel,ᴏᴡʟ.ᴋʀᴇᴇᴅ/ушла,405,Начала: 08.01.2025  Anon - @mariishkaa_bot Boost - https://t.me/boost/owl_kreed тт: marishka_2505
melfik58,channel,ᴍᴇʟꜰɪᴋ•° [мефедрон] ❗️(ушла)❗️,323,«V🐰&🩷E»  лс: @menli_xi АНОН- http://t.me/anonaskbot?start=bqyBTtsLP34NHeu тгк с лицом: @m0shk5
barty1switt,channel,ушла,135,
angelskii10033,channel,Ушла.,134,"Один звонок,два гудка-https://t.me/dyntarkakuri"
pulpykreed58,channel,𝘱𝘶𝘭𝘱𝘺𝘬𝘳𝘦𝘦𝘥.𝜗ৎ/ушла,286,-pulpykreed🖤 -fp: egorkreed •инст: https://www.instagram.com/pulpykreed?igsh=MXF0cWxxYWQ5dHJ1Ng%3D%3D&utm_source=qr •тт: https://www.tiktok.com/@pulpykreed3?_r=1&_t=ZN-9144lmtBiMx лс владельца: @pulpykreed
sassdepartment,channel,эвакуация,37,i’m broken and i’m broke because of HEMA
shrubiusmaximusoneth,channel,Shrubius Portal,271,
saibotrutheprihistoria,channel,SaibotRuChanel,221,Официальный телеграмм канал ютубера «The Prihistoria»  Создатель - SaibotRu
scarabboobs,channel,Дом скарабубсов,637,"Дом поклонения чискарам(казускарам не место) Войдя в канал, вы подтверждаете, что вам есть 16  Лс: @sqcarrrraboobs    Вк: https://vk.com/id828349954  Инстаграмм: https://www.instagram.com/scaraboobs_cos?igsh=MW9obz"
dramel_skb,channel,Железобатон,55,"В целом мое творчество, но по больщ части скарабедики🤗🤗🤗"
shibariumsrc20,channel,Woofswap 📢📢📢,225,"🌟The first ve(3,3) DEX on #Shibarium, and more! 🚀🚀🚀"
eueueueueeeue,channel,прост,34,"Рисую в ибисе Арты, полноценки, скетчи, комиксы Иногда анимки Запятые добавил как чувствую"
schkryab,channel,шкряб шкряб,35,креативна хтонічна істота  ♪⁠(⁠┌⁠・⁠。⁠・⁠)⁠┌
spongebobbf,channel,Переходник бф Спанчбоба!! 🧽•✧⁠*⁠。,26,
dailyshkvarchonok,channel,DAILY SHKVARCHONOK,9,Канал посвящённый одному Сухарику
snibbu_coin,channel,snibbu_coin,3,
shkryab_br,channel,Шкряб,4,
shinserviceru_bot,bot,ШИНСЕРВИС,,"Подбор шин, дисков, аккумуляторов. Запись на шиномонтаж и автосервис. Сайт: shinservice.ru Для звонков: 88007007633"
clickbeeshibabot,bot,🐝 ClickBee SHIB Bot,,Earn Shiba Inu (SHIB) by visiting web sites and performing other simple tasks.
shnurok_ua_bot,bot,SHNUROK,,
meridian_spb_bot,bot,Eda [Meridian] Spb,,📞 +7 (812) 640 48 82 ✉️ zakaz-spb@meridian-llc.ru
shinberybot,bot,Шинбери Бот,,"Кострома, ул. Юрия Смирнова, 83 Официальный сайт: shinbery.ru Телефон: +7 (4942) 77-08-06 Эл. почта: sale@shinbery.ru"
tehnarspbbot,bot,tehnar.bot,,Школа мастеров Технарь (СПб)
shrimplove_take_bot,bot,shrimp тейк,,
sharrumba_bot,bot,Менеджер | Шаррумба,,
shib_coinbase_v6bot,bot,SHIB || Coinbase V6 Bot,,🔥 Instant Payment To Coinbase 🔥 ===========================      ‼️Refer More Earn More‼️
staylina_a,channel,𓈒 ֺ ִ ⊹STAYLINA𓈒⊹,231,стейлина  предложка @staylinaa  мой inst: https://www.instagram.com/stayylinaa/profilecard/?igsh=MWlkeDk0aWVsb2NrcQ==  tik tok: https://www.tiktok.com/@stayliina?_t=ZN-90kzx0PBejO&_r=1  soundcloud: https://on.soundcloud.com/XuLH0PrjleiYPvWvfV
ksy980813,group,토토링크,81,
stylike_io_official,group,Stylike Governance (STYL),98,
virvicia,channel,some shit about vicia,39,
sparklinkstarz,channel,Sparklink Stars,16,
evelinkssss,channel,evelunka,39,✩₊˚.⋆☾⋆⁺₊✧ tt:evelunkaa inst:evelunochkaa анон: https://t.me/evelunaaaa_bot проголосовать за тгк:https://t.me/boost/evelinkssss
stolin_onl1ne,group,Столин Онлайн,8,"*Столин Онлайн*  — ваше место для общения, обмена новостями и обсуждения событий в нашем регионе! @nikMy_new - для связи"
cilindri4ek,channel,🫣Записульки цилиндрика🤡,48,~ Солнце светит - хорошо! Не светит - тоже хорошо! Я сам себе солнце☀️ ~
chainlinksweden,group,Chainlink SWEDEN 🇸🇪,25,
svilos,channel,свűлōс,11,
spsn0,channel,🔒 Spring Snow,12,
poet_vladik,channel,Владикъ пишет...📝,20,📝Стихи Владислава Викторовича Шинкарёва-Еньшина (Шин-Шин)! Стихи это моё выражение личных чувств и переживаний.  Н. В. Гоголь: «Поэзия есть чистая исповедь души».
levizkins,channel,Левізкіни страсті та мордасті,110,Віршики та страсті. Малюночки та мордасті.
babelshelf,channel,вавилонская полка,67,здесь может найтись твой сборник  предложка: t.me/babelshelf?direct
perviedve,channel,первые две,52,чудо начала  предложить:  t.me/askifybot?start=igxda  связаться:  t.me/markinmish
giftsaf,channel,▸ Дары культуры,68,"༄ Дары людей, книг и фильмов ༄ Авторские стихи ༄ Интервью   Сотрудничество: @Alyona_Ferfetsckaya"
rybonkaspoetry,channel,rybonka,59,віршики
radioonionfm,channel,ЦИБУЛЯ FM,998,радіо цибуля fm 24/7 тут виступають гідні українські музики ЮТУБ - https://www.youtube.com/playlist?list=PL-A9pUQIp4cIGep6DA2hGwBk7ZCfDiXbv ІНСТАГРАМ - НЕМА  надіслати mp3 на станцію - @ЧІНАЗЕС
npu_space,channel,НПУ SPACE,432,"Це канал для студентів університету Драгоманова. Новини, можливості, освіта.  Пропозиції та питання - тут має бути бот, але на жаль, вже нема."
ezzari_cosp,channel,•yolanミ |amy,175,[☆] inst:ezzari.cosp  [☆] Tiktok:yooolannn у канала нема чата!!
ceeffrgtomato,channel,Чел з помідорами 🍅,217,"Шо Зв'язок: @Coffeserg Показую тут те чого нема. Творчість, картини, процес, гиги приколи всякі.  Живу і не вмираю!!"
miresfunclub,channel,◇•°home space°•◇,103,нема ніякого опису
toreksestoreksia,channel,toreksia's hell,77,"похоже, что всё-таки... ничья.  лс: @torekses"
meksikanska_chortivnya,channel,Чортівня,169,"ВІДКРИТІ КОМІШКИ іноді активнічаю тут все і одразу,хоча частіше нічо нема.. бажано 16+  he/him  🐒🦍🦧 щп: https://t.me/+Fq5Tl274CNlhMjUy"
cotcotbaunn,channel,=Гнездо Кота=,138,"Ну а ч5 говорить собственно, Кот спустя трилиарды лет решил создать свой тг канал. Сюда буду кидать всякую ерись абоба  Колабы да  Трейды да Реквесты да Комишки нема, прайса ибо тоже нема лол🤌🏼"
bahchevnik,channel,Bahchevnik(reisana8),92,"Новый канал) Мью, вз – нет Трейды – возможно"
ystalov,channel,🦭🫧🪻🪱🦋,40,🌿🌿🌿
urbantree_2022_bot,bot,Urbantree ®,,
dimagriefer_bot,bot,𝙂𝙍𝙄𝙀𝙁𝙀𝙍 𝘽𝙊𝙏,,Официальный канал: @basegriefer Менеджер: @griefermeneger_bot  РЕКЛАМА OFF
sadychercasy_bot,bot,sadyCHERCASY_bot,,"Я бот розсадника SadyCHERCASY🧐 Я допоможу садити і доглядати за рослинами, нагадаю вчасно полити саджанець або обрізати"
urbantree_new_bot,bot,Urbantree ®,,
myclawbot_ru,channel,OpenClaw | AI-ассистент,309,"Новости, кейсы, обновления OpenClaw Запустить своего → myclawbot.ru/tg Поддержка — @amigosTony"
golifechange,channel,Крипта Макса,292,
promenergoinvest,channel,Клапан КЛАП'С КМ1,118,Официальный канал многоходового клапана  КЛАП'С КМ1.                                                                                                             http://промэнергоинвест.рф  Группа в телеграмме https://t.me/+n92lHp29JAIyZTJi
clats_clats_dev,channel,Рома делает «клац-клац»,169,"Всем привет! Меня зовут Рома, я - программист. В свободное от работы время я люблю разрабатывать разные полезные боты. Здесь я  буду делиться разработками и рассказывать немного о себе. Будет интересно! Или как минимум полезно."
krasniyart,channel,Арт-цех «Красный»,183,Канал с новостями открытого молодежного пространства Арт-цех «Красный» г. Новосибирск
kluch_deti,channel,КЛЮЧ 🗝 Клуб юных читателей,16,"Занятия с детьми от 7 до 12 лет ведет детский писатель и кинорежиссёр Яна Поляруш В книжном магазине-клубе Ч|Б  по Вторникам с 17.00 до 18.30 ч (занятия по 40 мин и 10 мин перерыв) г. Звенигород, ул. Пролетарская, 14  Абонемент 3800₽ Многодетным 3200₽"
clawmother_bot,bot,ClawMother,,"Создай своего ассистента OpenClaw: Управляй агентами, покупай токены прямо в Телеграм."
snowitapp,channel,Tribala | Viaggi di gruppo sportivi,317,Voglia di una vacanza sportiva?  🥳 Contattaci! Chiamate: +39 02 9475 5621 WhatsApp:  +39 351 5017855  e-mail: help@tribala.travel
wiitery,channel,𝑊𝑖𝑖𝑡𝑒𝑟𝑦,174,Витери/Вайтери/Вайтэри Анон: t.me/anonaskbot?start=6o0mhur7hzuqv  Мой лс: @Wiitery17
fayzetwintop,channel,гениальные мысли файзетвина,187,мысли великих людей в слух и наяву  больше информации обо мне: @fayzetwinbio
gtttvit,channel,Tatty’s area & Your area,191,"О бытии, психологии и стрессе🧿"
junothesweetwolf,channel,Junowolf💜,140,A photo channel where I can save and share my photos with you! I hope you enjoy it. 💜she/her
sportparkputilovo,channel,СПОРТПАРК Путилово,197,сноупарк с быстрым канатом
snow_sword_info,channel,ЗАКРЫТ { 𝐈𝐧𝐟𝐨 } 𝐒𝐧𝐨𝐰 𝐒𝐰𝐨𝐫𝐝.. 𖥔 ₊˚❄️,25,𝐯𝐥𝐝 :: 𝐑𝐮𝐤𝐢𝐚 ( @takamino4ka )    𝐋𝐢𝐟𝐞 :: @Snow_Sword_life 𝐏𝐫𝐢𝐜𝐞 ( 𝐢𝐧𝐟𝐨 𝐯𝐩/𝐮𝐧𝐢𝐨𝐧 ) :: @Snow_Sword_price
snowhomerbx,channel,🙈SNOW.HOME🩵,57,"сап, мы снежные🙌🏻 что бы узнать правила напиши в чат «правила» буст группы - https://t.me/boost/snowhomerbx начало :: 01.03.2025"
siriusskateak,channel,ᴀʟɪɴᴀ ᴋ. sɪʀɪᴜs sᴋᴀᴛᴇ ⛸️,35,https://www.avito.ru/user/9bb9b9b1121abd0c11d7d786ef59b16c/profile?src=sharing
siwaastur15,channel,𝐀𝐛𝐨𝐮𝐭 You🕊,31,𝐨𝐰𝐧 : @Kingsiwaastur           @Kingsiwaastr hati hati terhadap clonee!!! i always amanah + tidak ripper 𝐪𝐫 𝐠𝐰 𝐡𝐚𝐧𝐲𝐚 𝐭𝐨𝐤𝐨 𝐑𝐄𝐗𝐙𝐙𝐘!!
vezdehodoff,channel,ВЕЗДЕХОДЫ || ЗАПЧАСТИ,21,Продажа вездеходов и запчастей  ✔️Собственное производство вездеходов и мотобуксировщиков ✔️Выполняем индивидуальные заказы ✔️Гарантия  на продукцию 1 год ✔️Оплата после получения товара ✔️Оформление в кредит ✔️Доставка по всей России
arismthchat,group,Рыбяткины 🐱,57,Сбор рыбят!  ТГК - https://t.me/aridrawsmth Ютуб канал - https://www.youtube.com/@aristototam ВК группа - https://vk.com/aridrawingsmth?from=groups
sssanya_s,channel,дневник Семиколенки,120,фотографирую в Москве 📸 inst: semikolenovaa
alinaartistt,channel,|мини рест| Алинка Мандаринка рисует...,40,Будет много интересного (неее)
polinka_chipolinka24,channel,Чиполинка😉,26,
prettygirlavenueee,channel,міу мі мау,15,
zhenyalover1,channel,ж૯ⲏ૯4κɑ 💭,9,
brendi_bez_granits,channel,Бренды без границ,480,Находим оригинальные брендовые вещи с фабрики и делимся на канале. Модный и удобный шоппинг👌:   ✅️люкс сегмент ✅️middle бренды  ✅️каждый день новые предложения    Для заказа можно написать  👉🏼 @Tianatat
mir_bez_granits_ufa,channel,МИР БЕЗ ГРАНИЦ 🌍,172,"🌏 Более 15 лет помогаем открывать новые страны и создавать незабываемые путешествия  🗺️ Выгодные предложения и горящие туры от проверенных туроператоров   ✈️ Туры по всему миру, по России, Башкортостану и другим регионам"
grankanime,channel,Дранк,3202,Тут обитает ютубер @GrankAnime
larchietopaz,channel,Larchie Topaz Clips,620,"4K Topazed Clips. Join This Go Get The Best Comps, Scenepacks & Clips In Highest Quality!!😘🔥|| Admin ~ @Neydoxftbl ❤️"
xeozor21,channel,Куточок Троля,892,"Безкоштовна критика та похвали за гроші.  Працюю у кіберспорті понад 15 років, пишу те, що хочу.  Написати в особисті - @xeozor"
khiso_namangan,channel,KHISO NAMANGAN,245,KHISO olimpiada maktabining Namangan boʻyicha rasmiy telegram kanali.  Admin: @khiso_admin
fm1036namanganradiokanali,channel,"FM-103.6 ""NAMANGAN RADIOKANALI""(RASMIY KANAL)",262,"FM - 103.6 ""Namangan radiokanali"" rasmiy sahifasi va bot kanallari orqali yaqinlaringizga tabrik yo‘llang."
hasratnagmasi,channel,Həsrət nəğməsi.,385,Nə şirin yaşirix Həsrətinlə birlikdə...  اینستاگرام مدیامیز👇🏽: Instagram.com/Hasratnagmasi_  گروهوموز👇🏽: https://t.me/+8nYtD_uBh1ZmNTZk  ایسته‌ییز اولسا👇🏽: https://t.me/SendHarfBot?start=6710be02d9f9
nano_soti,channel,физхимичка,111,"Софья, не София."
sotialork,channel,СоцОрк,133,"𝐑𝐔𝐊𝐊 𝐒𝐍𝐀𝐆𝐀-𝐙! 𝐃𝐀𝐊𝐊𝐀 𝐁𝐎𝐒𝐒-𝐙! 𝐒𝐍𝐈𝐊 𝐒𝐊𝐀𝐁-𝐙!  (Канал находится в сетке ТГ каналов ""Стойло (ЛПР)"")."
sotmsb,channel,Сотниковская модельная сельская библиотека,103,"Человек читающий книги, проживает тысячу жизней"
suldansports09,channel,Suldan sports1,2883,ᴄʜᴀɴᴇʟᴋᴀ ᴘɪɴ📌 ꜱᴀᴀʀᴏ ꜱᴀᴀxɪɪʙᴋᴀᴀɢᴀɴᴇ ᴜ ꜱʜᴇᴇɢ ɪɴᴇʏ ᴛᴀʜᴀʏ ʜᴀʟᴋᴀᴀɴ ʜᴏʏɢᴀ ɢᴜᴜꜱʜᴀ✍️
quotesonlylin,channel,ᵠᵘᵒᵗᵉˢ ᵃⁿᵈ ᶜᵒᵘᵖˡᵉ,122,ǫᴜᴏᴛᴇs ᴀɴᴅ ᴄᴏᴜᴘʟᴇ   𝖈𝖍𝖆𝖓𝖓𝖊𝖑 𝖉𝖆𝖙𝖊 - 28.4.2023  leave - ban
linkdonidahe_80,channel,🤦‍♀️🤦🏼لینکدونی دهه هشتادی ها,82,🌐 #بهترین_و_فعالترین لینکدونی تلگرام با بازدهی عالی🥇💯ثبت تبلیغ شما همزمان در #105_لینکدونی🥇@List_Linkdoni   شرایط👈 @sabt105linkdoni ادمین ثبت👈 @Ads105Linkdoni  ✅پنل خدمات مجازی👇  @EsfahanGap_shopbot
linkdonidahe_70,channel,لینکدونی دهه هفتادی ها 🤷‍♀️🤷,69,🌐 #بهترین_و_فعالترین لینکدونی تلگرام با بازدهی عالی🥇💯ثبت تبلیغ شما همزمان در #105_لینکدونی🥇@List_Linkdoni   شرایط👈 @sabt105linkdoni ادمین ثبت👈 @Ads105Linkdoni  ✅پنل خدمات مجازی👇  @EsfahanGap_shopbot
grouhdonii,channel,🏅 گروه دونی گروه یاب,17,🥇گروه و کانالت رو با ما ببر بالا🗣🔝  ثبت تبلیغ شما همزمان در #100_لینکدونی با‌پرداخت یک هزینه👇 ✅🥇@List_Linkdoni 💯با #بیشترین_عضوفعال✌️  شرایط👈 @Linkesf  ادمین👈‌ @EsfLink_Admin  📲پنل خدمات مجازی👇@Esfahangap_Shopbot  ربات مدیریت گروه #رایگان👇 ♛➲ @GuardKingTm
linkdoni_speed,channel,💎 لینکدونی اسپید💥,8,🥇گروه و کانالت رو با ما ببر بالا🗣🔝  ثبت تبلیغ شما همزمان در #۱۰۰لینکدونی با‌پرداخت یک هزینه👇 🥇@List_Linkdoni 💯با #بیشترین_عضوفعال✌️  شرایط👈 @Linkesf  ادمین👈‌ @EsfLink_Admin  📲پنل خدمات مجازی👇@Esfahangap_Shopbot  ربات مدیریت گروه #رایگان👇 ♛➲ @GuardKingTm
sun_linkdoni,channel,لینکدونی ☀️ خورشید,15,🥇گروه و کانالت رو با ما ببر بالا🗣🔝  ثبت تبلیغ شما همزمان در #100_لینکدونی با‌پرداخت یک هزینه👇 ✅🥇@List_Linkdoni 💯با #بیشترین_عضوفعال✌️  شرایط👈 @Linkesf  ادمین👈‌ @EsfLink_Admin  📲پنل خدمات مجازی👇@Esfahangap_Shopbot  ربات مدیریت گروه #رایگان👇 ♛➲ @GuardKingTm
link100doni,channel,100 لینکدونی تبلیغات‌ در ۱۰۰لینکدونی همزمان,15,🥇گروه و کانالت رو با ما ببر بالا🗣🔝  ثبت تبلیغ شما همزمان در #100_لینکدونی با‌پرداخت یک هزینه👇 ✅🥇@List_Linkdoni 💯با #بیشترین_عضوفعال✌️  شرایط👈 @Linkesf  ادمین👈‌ @EsfLink_Admin  📲پنل خدمات مجازی👇@Esfahangap_Shopbot  ربات مدیریت گروه #رایگان👇 ♛➲ @GuardKingTm
linkdoni0311,channel,لینکدونی 0311 اصفهان گروهکده,11,🥇#تنها_لینکدونیهای_قدیمی_پربازده_اصفهان 💯🧲#مرکز_ماییم بقیه درحال اسکی⛷  💯🧲ثبت تبلیغ شما همزمان در #۸۰_لینکدونی💎👈@List_Linkdoni شرایط و ادمین ثبت👈 @linkesf  📲پنل خدمات مجازی👇@esfahangap_shopbot
grouhkad3h,channel,گروهکده لینکدونی گروه کده,15,🥇گروه و کانالت رو با ما ببر بالا🗣🔝  ثبت تبلیغ شما همزمان در #100_لینکدونی با‌پرداخت یک هزینه👇 ✅🥇@List_Linkdoni 💯با #بیشترین_عضوفعال✌️  شرایط👈 @Linkesf  ادمین👈‌ @EsfLink_Admin  📲پنل خدمات مجازی👇@Esfahangap_Shopbot  ربات مدیریت گروه #رایگان👇 ♛➲ @GuardKingTm
shetkoin1,channel,لینکدونی بزرگ شت کوین,14,🥇گروه و کانالت رو با ما ببر بالا🗣🔝  ثبت تبلیغ شما همزمان در #۱۰۰لینکدونی با‌پرداخت یک هزینه👇 🥇@List_Linkdoni 💯با #بیشترین_عضوفعال✌️  شرایط👈 @Linkesf  ادمین👈‌ @EsfLink_Admin  📲پنل خدمات مجازی👇@Esfahangap_Shopbot  ربات مدیریت گروه #رایگان👇 ♛➲ @GuardKingTm
linkdoni_speedvan,channel,🥇ابر لینکدونی اسپید گپکده ایران💎,5,🥇گروه و کانالت رو با ما ببر بالا🗣🔝  ثبت تبلیغ شما همزمان در #۱۰۰لینکدونی با‌پرداخت یک هزینه👇 🥇@List_Linkdoni 💯با #بیشترین_عضوفعال✌️  شرایط👈 @Linkesf  ادمین👈‌ @EsfLink_Admin  📲پنل خدمات مجازی👇@Esfahangap_Shopbot  ربات مدیریت گروه #رایگان👇 ♛➲ @GuardKingTm
intiranianlinkdoni,channel,International Linkdoni اینترنشنال لینکدونی,10,🥇گروه و کانالت رو با ما ببر بالا🗣🔝  ثبت تبلیغ شما همزمان در #100_لینکدونی با‌پرداخت یک هزینه👇 ✅🥇@List_Linkdoni 💯با #بیشترین_عضوفعال✌️  شرایط👈 @Linkesf  ادمین👈‌ @EsfLink_Admin  📲پنل خدمات مجازی👇@Esfahangap_Shopbot  ربات مدیریت گروه #رایگان👇 ♛➲ @GuardKingTm
linkdonipaytakht1,channel,لینکدونی پایتخت ⚡️,8,🥇گروه و کانالت رو با ما ببر بالا🗣🔝  ثبت تبلیغ شما همزمان در #۸۰_لینکدونی با‌پرداخت یک هزینه👇 🥇@List_Linkdoni 💯با #بیشترین_عضوفعال✌️  شرایط👈 @Linkesf  ادمین👈‌ @EsfLink_Admin  📲پنل خدمات مجازی👇@Esfahangap_Shopbot  ربات مدیریت گروه #رایگان👇 ♛➲ @GuardKingTm
admn_linkdonipaytakht,channel,لینکدونی پایتخت 🧲,4,🥇گروه و کانالت رو با ما ببر بالا🗣🔝  ثبت تبلیغ شما همزمان در #۱۰۰_لینکدونی با‌پرداخت یک هزینه👇 🥇@List_Linkdoni 💯با #بیشترین_عضوفعال✌️  شرایط👈 @Linkesf  ادمین👈‌ @EsfLink_Admin  📲پنل خدمات مجازی👇@Esfahangap_Shopbot  ربات مدیریت گروه #رایگان👇 ♛➲ @GuardKingTm
reklamarezgi,channel,Реклама_ХазонРезги,35,
e_baza_rek,channel,E-BAZA REKLAMA,184,
contract27,channel,CONTRACT 27 | Муз.проект,198,Музыка: https://band.link/contract27  Продакшн и обучение: https://27production.vercel.app  Instagram: https://www.instagram.com/contract_27  VK: https://vk.com/contract27
smartcontract,group,Smart Contracts,150,Welcome to @CryptoGroups > @CryptoCommunities > @SmartContracts >   Want to add your group to this list? send your link to @ListMeBot
smartcontracts,group,Smart Contracts,150,Welcome to @CryptoGroups > @CryptoCommunities > @SmartContracts >   Want to add your group to this list? send your link to @ListMeBot
alpindustriapro,channel,Альпиндустрия-ПРО,332,"Это канал нашего уютного магазина для работ на высоте Альпиндустрия-Про.  Наш сайт www.alpindustria.pro  Адрес: г. Москва, ТЦ Город Хобби, Щелковское шоссе дом 3 строение 1 павильон 214Б (2-ой этаж 6-ти этажного здания) г. Краснодар, ул. Филатова 68"
smart_contract,group,Smart Contract,56,
sw1ystarpage,channel,Sw1yStaR,65,
allaboutbreastfeeding,channel,Грудное счастье: советы и поддержка для мам,461,"Автор канала ""Грудное счастье: советы и поддержка для мам"".  Консультант по грудному вскармливанию, доула, мама дочки 3 лет. Помогаю мамам разобраться в теме беременности, родов и ГВ. Провожу консультации, сопровождаю в родах по контракту. Запись @al_ev"
wildberriest,channel,w,800,
khebbacha,group,🤩dr khebacha 🤩,3283,
babykeshbek,channel,Детский кешбек,1352,✨Размещение товаров для детей бесплатно ✨  Разместить объявление с кешбеком: @marinahill
dkh_666,channel,Déspot,929,
kumush_bren,group,Kumushbren,284,
kcex_official,group,KCEX | Persian 🇮🇷,73,کد رفرال   22U2PT  https://www.kcex.com
casino_champion_keshbek,channel,Casino champion кэшбэк и приветственные денежные,50,Casino Champion предлагает выгодный кэшбэк и щедрые приветственные денежные бонусы для новых игроков. Зарегистрируйтесь и начните выигрывать с дополнительной поддержкой уже сегодня!
usloviya_alisa_v_strane_keshbeka,channel,Условия Алиса в стране кешбека,19,
ksqskk,channel,зидан бедбарсов,13,
vykup_cashback1,channel,Товары за отзывы КЭШБЕК WB | OZON | Яндекс,2124,Находки на ВБ со скидками и кешбеками на маркетплейсах🔥 Актуальные в нашем канале и боте @vikup_cashback_bot  По вопросам размещения своего товара: Администатор:  @Serj_furman
vykupy_wb_oz,channel,Как это работает?,1119,
vykup_wb_oz,channel,Как это работает?,26,
russian_embassy_in_philippines,channel,Russian Embassy in the Philippines,809,🇷🇺 🇵🇭 Официальный канал Посольства Российской Федерации в Республике Филиппины   🇷🇺 🇵🇭 Official channel of the Embassy of the Russian Federation in the Republic of the Philippines  🔗 https://m.facebook.com/rusembassy.manila/
usacheva_mrr,channel,"Усачёва: о том, что волнует",107,"Мария Усачёва, телерадиоведущая, хореограф и музеолог.  Организовываю мероприятия, танцую, пою, шью халаты, иду в эфир. Провести/организовать/сотрудничество @usacheva_mr  Здесь показываю свой путь, работу над собой, делюсь мыслями и мотивацией🙌🏅🤍"
awesomekafka_ru,channel,Грефневая Кафка (pro.kafka),2285,Здесь топят за Кафку (Apache Kafka ®️)  Официальный чат канала https://t.me/proKafka  Правильный чат для вопросов по Java https://t.me/jvmchat  Slack по Kafka https://launchpass.com/confluentcommunit
awesome_kig,group,娃娃鉴赏会,238,
angeldustcf,channel,[набор в админы] ᗩngᥱᥣ ᗪᥙst ♡ ᶜᶠ+ᵈᵃᶤˡʸ,79,Контент может содержать 18+ материалы!!!  🩷🐈‍⬛ Брак с @HuskerCFDAYLY  БОТ ДЛЯ ТЕЙКОВ @Angel_Dustcf_bot кр:: @Isperix_Studio — аватарочка и баннеры
heylerrra,channel,роскошь продюсирования,99,"болтаю о том, как реализовывать крутые проекты в финтехе и проповедую work-life symbiosis ✨"
awesomewillchr,channel,• ᴡɪʟʟᴄʜʀ •,313,18+ WHaT the ЧËРТ IS THAT бычье говно я ехал на майбахе даже с роддома
awewesome1,channel,Awewesome,101,Красота требует кэш
abyssofmist,channel,Бездновцы[18+],178,"Я бездна тумана или просто бездна. Я очень люблю рисовать, а так же люблю сидеть в различных фандомах, и скакать по ним со скоростью света...  Я веду тиктоки и эту несчастную группу, периодически забывая о ней.  фуллы:https://t.me/+9GAHdQVtYvFkNDAy"
news69road,group,Дорожный News 69,2553,"⚡️Написать админу @News69Bot  ✨Основной канал  @News69  🚧 Дорожный чат @News69road  💬 Чат @News69f  VK  https://vk.com/news69 ⭐️ Поддержать: https://t.me/News69?boost  Новости, Тверь и Тверская область"
eadk_official,channel,ЕАДК🚘,1412,Екатеринбургский автомобильно-дорожный колледж
aadkastra,channel,Астраханский автомобильно-дорожный колледж,1235,
durnicanews,channel,Дурнiца News,3315,t.me/durnicanews?direct - сюда вы можете прислать сообщение для Администрации
dorog39,channel,dorog39,141,
doronci,channel,Take a trip с Доронцами,84,
dorogi,channel,Дороги Петербурга,60,Едем дальше.    Администратор @SPB_Admin
hromadskiykontrol,channel,📢 Координаційний центр громадського контролю🇺🇦,14083,➡️Coordination centre of public control⬅️  📞 Для зв'язку: hromadskiykontrol@gmail.com  📝 Повідомте про зловживання:  👉facebook.com/hromadskiykontrol 👉instagram.com/hromadskiykontrol 👉tiktok.com/@hromadskiykontrol
op_kontrol_61,channel,Общественный штаб по наблюдению за выборами в Ростовской области,204,
tipdemygrup,group,Tıpdemy Interaktif Öğrenci Grubu,2994,"Tıpdemy Eğitmen ve Ögrencilerin İnteraktif iletişimde olduğu Bilgilendirme, Tartışma ve Soru çözüm grubudur. Grupta paylasilanların kurumumuz tarafından kontrol zorunluluğu yoktur. Paylaşımlardan yalnızca paylaşımı yapan profil sahibi sorumludur."
kontrolru,channel,КОНТРОЛЬ,510,© 2026 Russian Deluxe Music
konkovokontrol,channel,Коньково Контроль - КПРФ,367,Здесь активные и неравнодушные жители района Коньково. Реальные дела📍 сборы подписей📋🖋 Совместные обращения👬👬. А также актуальная повестка  #коньковоконтроль  ↪️https://youtube.com/channel/UCeaP0NNrlMZuypgV-qUwn0A ↪️https://vk.com/club212904172
rabotavturkestane,channel,Работа в Туркестане,8797,Самые актуальные вакансии!👇 https://instagram.com/rabota.v.turkestane  Мы в соцсетях👇 https://taplink.cc/rabota.v.turkestane  Сотрудничество WA: +77059654557
gymn174,channel,Гимназия №174 г. Минска,968,"Официальный Telegram-канал государственного учреждения образования ""Гимназия №174 г. Минска""  Наш сайт: http://www.gymn174.minsk.edu.by Электронный дневник: http://174minsk.schools.by"
sati_muradyan,channel,Sati Muradyan,16171,"Заявление № 4917789736  Сотрудничество: @satimursati  Moscow State University (социолог) специалист в области брендинга, маркетинга и развития социальных сетей"
imperia_siti,channel,Агентство недвижимости ИМПЕРИЯ СИТИ,287,"💻 https://imperia-siti.ru/ 🏘️Подбор новостроек 📍Работаем по РФ и за границей  💸Бесплатный подбор недвижимости 🏡Продажа/аренда квартир, домов и земельных участков до юридического сопровождения сделок"
siti_moskva1,channel,Московская область - Москва Телеблог Москва Балашиха Подольск Мытищи Химки Люберцы Королев Красногорск - Реклама Электросталь,340,За рекламой @Teleblog_Vladimir  Все Каналы Телеграм и ВК https://t.me/ReklamaTeleblog/100
niti_education,channel,НИТИ | Управление образованием,344,"Территория развития в сфере образования 📚  🔹Форумы 🔹Курсы  🔹Зарубежные программы 🔹Лекции  Которые прокачивают управленцев, соединяют профессионалов и открывают новые возможности!  Присоединяйтесь и Вы 💙"
chustfutbol,channel,ChustFutbol (Rasmiy) Kanal,1513,"Yutube kanalimiz👇 https://youtube.com/@chust_futbol?si=LaMdyXLIhq16DE_1  Sport kiyimlar , butsa va sarakanoshkalar👇 https://t.me/strikefoot_uz"
chufa6,channel,初罚内核,3228,初罚内核
shymkent_business_shtab,channel,ШЫМКЕНТ АТАМЕКЕН,402,"Шымкент қаласының Кәсіпкерлер палатасы 📍«Заңғар» БО, 1-2 қабат 🗓 Дүйсенбі - Жұма 🕘 09:00-18:30 🕐 Түскі үзіліс 13:00-14:30 ☎️ 8 (7252)394977 Facebook www.facebook.com/groups/ShymkentBiz Instagram https://instagram.com/shymkent.atameken"
sansebastianshops,channel,San Sebastián Shops,42,¡Canal de difusión con todas las novedades del comercio donostiarra!
rusdiasporacom,channel,Диаспора. Интернет-маркетинг за границей,74,"Делюсь наблюдениями по контекстной и таргетированной рекламе. Пишу для владельцев бизнеса, менеджеров и специалистов интернет-маркетинга  Реклама в поисковиках и соцсетях в России и за рубежом, на любом языке  По всем вопросам: @a_halizev"
proektdgel,group,Проектная Деятельность,104,"В этом канале мы рассказываем обо всем, что связано с деловым климатом нашего города. О том как реализуются национальные и региональные проекты в нашем муниципальном образовании. О том какие меры поддержки доступны для предпринимателей  города."
iranbusinessdirectory,group,Iran business directory,22,We will discuss and share the business articles related toiran
nondailyenigma,channel,𝐄𝐧𝐢𝐠𝐦𝐚 𓏴 𝐃𝓪𝓲𝓵𝔂𝓒𝓯,184,𝑩𝒐𝒕:: @NonDailyEnigma_bot 𝑷𝒐𝒔𝒕𝒔:: 11:00 — 16:00 — 21:00 𝑴𝒑:: @KancyPrice 𝑪𝒓𝒆𝒅𝒊𝒕 𝒂𝒓𝒕:: 95537941022 on Rednote 𝑶𝒘𝒏𝒆𝒓:: @alisaprxanon_bot (писать по всем вопросам) 𝑺𝒕𝒂𝒓𝒕:: 08.05.2025
malloy_nnn,channel,𝐌𝐚𝐋𝐋𝐨𝐲ツ,43,🎵Мій тт🎵: https://www.tiktok.com/@malloy_nn?_r=1&_t=ZS-93VUHvjqorc 🧨🧨🧨
uvbzz,channel,EMPIRE,17,
drknfml,channel,.,20,
genichevsk,channel,Геническ | Новости,21705,"Информация о всех событиях, происходящих в Геническе.  По рекламе: @anna_rego  РКН 6649004792"
genicheskru,channel,Русский Геническ 🇷🇺,13300,По поводу вопросов и рекламы пишем: @genicheskAdmin  Роскомнадзор № 5002068668 Телеграм -канал Геническа и Генического района.  Вы будете знать о последних новостях первыми!!
kakhovka_info,group,Каховка Инфо| Реклама Каховчан| Рынок Каховский Объявления,3355,"Бесплатно - только для частных продаж, кроме авто!  Правила - https://t.me/Kakhovka_Info/107007  Вопросы/Реклама/Разбан 👉  Админ @sysadsys  Геническ Инфо https://t.me/GenicheskInfo Крым  https://t.me/Crimea_Info_News Попутчик  https://t.me/Doroga_Crimea"
genikscho,channel,Геникс🎀,111,Сука все проебали
gorkyvibe,channel,Горький Vibe Community,187,"Горький Vibe Community - сообщество увлечённых людей. Организация мероприятий, вечеринок, концертов. Проведение творческих мастер-классов  для детей и взрослых.  Музыка. Мероприятия. Видео."
arabatka_osint,channel,Геническ сегодня | Жизнь на войне и в оккупации,724,"Геническ и Арабатская стрелка во время войны. Жизнь под российской оккупацией: новости, хроника, факты, настроения. Только реальность. Русскоязычный канал для тех, кто хочет знать правду  #Геническ #Арабатка #Оккупация #Война #ЮгУкраины #Херсонскаяобласть"
bauinvest,channel,СК Бауинвест,1038,"Строим дома с 2010 г. Краснодар: ЖК «Бауинвест» — рядом с парком Галицкого и академией ФК «Краснодар» ГК «Левада» — умный дом, закрытый двор, детский сад на территории  Геническ: ЖК «Другие берега» — ипотека от 2%, скидки до 10%  8 (861) 269-02-47"
chongar_genichesk_granitsa,group,Перевозки Крым Чонгар Геническ,425,"Перевозки Геническ граница Крым. Поездки из Мелитополя в Европу. Везём на комфортном менивэне  через Чонгар в Латвию, Литву, Польшу. Без пешего перехода. 0982087611 Вайбер.  Запорожье, Мелитополь, Чонгар, Джанкой, Симферополь."
heybloodbuddy,channel,Heybloodbuddy,1572,
kristikmilkc,channel,•°Дозатор💐•°,101,"🎻🎻🎻🎻🎻* Приветиик, ты попал на канал Дозатора😃 Здесь будут гача видио, арты и доза🥰Держи тортик🍰 https://t.me/boost/kristikmilkc ( и тыкни сюда пожалуйста, если есть премиум🥺)"
johndollhousecf,channel,John Dollhouse 𝘊𝘰𝘯𝘧𝘦𝘴𝘴𝘪𝘰𝘯 🩺🩸,351,Ава cr — @ksenonaAli Наш бот лля тейков — @JohnDollhousebot
pokupki_dokicha,channel,Покупки До'кича ٩( ᐛ )( ᐖ )۶,14,Ссылки на товары с распаковок ( ͡ ͜ʖ ͡ ) https://youtube.com/@dokich713?si=cHzddCFI69lJhst6
yuoonasdozoi,channel,Юна с дозой`,10,🪷                                                     🪷     |୨୧ |══════ ＾♡＾ ══════| ୨୧ |                       Одаа дозочка         ・。✧. ° 。✧. ° ・。✧. ° 。✧. °
dol1yfactory,channel,Info—флуд фабрика долли🌷,9,
toptgquestionbot,bot,🎮 Игра Я никогда не...,,🎮 Бот для игры «Я никогда не». Добовляйте бота в группу и узнавайте многое о друг друге😉
varawolf345,channel,Wine|varawolf³⁴⁵/ᵗᵈˢ/ᵐᵉᵃᶜᵘˡᵖᵃ,245,"Pinterest: https://pin.it/hQBt7jxQu Vk: https://vk.ru/winewolf345 Tik tok: https://www.tiktok.com/@varawolf345?_r=1&_t=ZS-974z9EVLD2S ДЛЯ ЗАКАЗА ОБРАЩАТЬСЯ В В ЛИЧНЫЕ СООБЩЕНИЯ,АНОН КАНАЛА,ИЛИ СООБЩЕНИЯ КАНАЛУ."
ghostofsaransk,channel,каз ганеш,370,"па всем вапросам @shirafuji  do not kill the part of you that is cringe, kill the part that cringes"
vvandomwill,channel,willvvandom #NeverBeenEmo,108,
wafo4ka,channel,Вᥲɸ᧘я Яɯκᥙн᧐,65,ПРИВЕЕЕТ!! ооооочень рада тебя тут видеть! (Арты по бравлу приоритет) ИНФО - https://t.me/wafo4ka/243 анончик- http://t.me/anonaskbot?start=nykaskazhimneskarly
lyyorz,channel,⊹ ๑🍨¡L3LA L0S!ER 𓄹 ࣪ ˖,14,вихідний В закрепах инфопост и вадная инфа 🍰 Анонимка - http://t.me/thevoprosybot?start=or33d
puddingkakashkafr,channel,ПЕРЕХОДНИК пуддинг навальный,16,"чипсы  И... это был парень, который отказался со мной дружить (теперь я этому рада✌️). Российский фандом — это айсберг."
venllafaxinne,channel,резв венлафаксин,1,
piarvarusruikasa,channel,Piar Varus,2,
kislovodsknews1,group,"Новости Кисловодска — проблемы, аналитика, конструктивная критика Кисловодска и КМВ",494,"www.KislovodskNews.RU - сайт для жителей Кисловодска, где высказывают мнения о городе.    По всем вопросам обращаться info@KislovodskNews.ru  _____________________________  Вместе мы делаем Кисловодск лучше!   #Кисловодск #ЖКХ #КМВ"
pod_gneotom_corrupthyonerov,channel,Договорняк в мэрии: под гнётом коррупционеров,77,"Политические соглашения, закрытые конкурсы и финансовые махинации. Как распределяется влияние в мэрии?   Контакты & сотрудничество: sgorskov928@gmail.com"
akademklubb,channel,Akadem Klubb | Новосибирск,220,Akadem Klubb — жилой комплекс комфорт-класса в живописном месте на берегу Серебряного озера недалеко от Академгородка.  ПЕРВАЯ ОЧЕРЕДЬ - ДОМА СДАНЫ  Телефон: +7 905 939-13-88  https://akademklub.ru/
a_akhramenko,channel,Канал Александра Ахраменко,177,Журналист.  Моя биография: https://akhramenko.com/обо-мне  Написать в личные сообщения: @akhramenko
alikonovkadk,channel,Дом культуры «Аликоновка» города-курорта Кисловодска,132,Добро пожаловать на канал Муниципального казенного учреждения культуры клубного типа дома культуры «Аликоновка» города-курорта Кисловодска.  Официальная страница ВКонтакте  https://vk.com/club217319915
purgenzz,group,Работа Чат Адамовка Азов Акименки Акимов Акимовка Акимовцы Александровка Алексаполь робота Підробіток знакомства оголошення,145,Работа Чат Адамовка Азов Акименки Акимов Акимовка Акимовцы Александровка Алексаполь робота Підробіток знакомства оголошення
geed_vakhta,channel,Geed │ Работа вахтой,43,"Работа вахтовым методом в Москве и Московской области для граждан России, Белоруссии, Кыргизстана и Казасхстана."
vahta_komplektovchik,channel,Комплектовщик вахтой,851,
vaxta_vik,channel,ВАХТА В МОСКВЕ 👍,80,Работа вахтовым методом в Москве и МО. ВАКАНСИИ ОТ ПРЯМОГО РАБОТОДАТЕЛЯ! Вопросы @menedgercom25   #РаботаВахтой #РаботаМосква #Вакансии2025
vaxta_life,channel,Вахта Life,657,Работа и ЖИЗНЬ вахтовым методом. Наш канал в Дзен https://dzen.ru/vahta_life Мы Вконтакте https://vk.com/vahta_life
vahtovikssibiri,channel,Вахтовый журнал,534,"Я – инженер по буровым растворам. Работаю вахтовым методом на месторождениях Западной Сибири.  Работаем, братья 🤝  Связь: https://t.me/sibirskiivahtang"
vahtaseversvar,group,🌏 ВАХТА ВАКАНСИИ РАБОТА🌏,269,💢ТРУДОУСТРОЙСТВО ОФИЦИАЛЬНОЕ💯 ПРЯМОЙ РАБОТОДАТЕЛЬ  @vaxta20 @raisa_124 https://t.me/vahtaseversvar
work24_official,channel,"Ворк24 | Фриланс, вакансии, удаленная работа",504,"🧑‍💻 Помогаем найти работу на удаленке 🆓 Бесплатное размещение заказов  🔥 Самая низкая комиссия на рынке ⬇️ Найти работу, разместить вакансию ⬇️  https://work24.ru/?utm_source=tg"
job24updates,group,Jobs 24x7,137,GET DAILY JOBS UPDATES 🚀
jobmarathi,channel,🇮🇳 JobMarathi.com™,223,"www.jobMarathi.com  जाहिराती , प्रवेशपत्र , निकाल आणि बरंच काही लगेच जॉईन करा .  अधिक माहितीसाठी आमच्या वेबसाईटला भेट द्या :  www.jobmarathi.com"
joobsdaily,group,Jobs Daily,324,
rabotabezgranic24,channel,Работа без границ 24,133,"«ПрестижПерсонал» — официальный сервис для тех, кто хочет работать вахтой в России.  Мы объясняем, как всё устроено, показываем реальные условия и сопровождаем на каждом этапе.  📞По вопросам пишите: https://t.me/RabotaBezGranicBot"
bodolandjobs24,group,Bodoland Jobs 24,33,Helping Job Seeker find the best jobs
indian_navy_jobs_alert,channel,Navy Jobs Alert 2024 Navy Recruitment Alert 2024,104,Mail us: Contact@sarkarinaukrieasyalert.com
workstaffmoscow,channel,"РАБОТА ВАХТА — вахта, работа с проживанием",106,Вакансии от прямого работодателя  Наш адрес : Комсомольская площадь 6. Универмаг «Московский»  Для Рекрутеров : https://t.me/recruitersvahta   связь : @hrperst -- Артём @perstgroup - Влад
career2next1,channel,Career2next.com,103,"Career2next.com is a portal for aspirants searching for Govt Jobs, Sarkari Job, Sarkari Result, Sarkari Naukri, etc  👨‍🎓 Free Study Materials✅  📚 Free Ebooks✅  🏢 PDF Notes✅  Join to Get Your Free Study Materials!"
freelancehub24,group,Freelance Hub 24,77,
jobvriti,channel,Jobvriti : for latest government job and result portal,8,
jobvamdar,channel,Работа в Чехии,21,"Вакансии в Польше, Чехии и ЕС. ТОВ ВАМДАР, Николаев. www.vamdar.mksat.net"
rojgar4you,channel,Rojgar4You.Com,36,"“Rojgar se judi har update – Sarkari Naukri, Private Jobs, Admit Cards. Join now!”"
simplejobalert_27,channel,Simple job alert 🎯🎯🎯,30,"Government Job Notification,admit cards, results, private jobs, defence jobs, breaking news, sports news...etc"
saudinews24h,channel,أحدث وظائف السعودية اليوم _ سعودي نيوز 24,3,منشر احدث الوظائف السعودية | وظائف حكومية وظائف خاصه وظائف للنساء عن بعد
workarena24,channel,Work Arena,3,Для фрілансерів і роботодавців
konsultant24_univer_bot,bot,Консультант24 - професійна допомога,,Роботи будь якої складності та обʼєму. Професійно допоможемо у зазначені терміни
job_4u_in,channel,job4u.in,1,
technology24supportbot,bot,Технология24. Поддержка клиентов,,Техническая поддержка клиентов компании Технология24. Мы занимаемся внедремнием CRM-систем
razgadka_real,channel,Разгадка Реальности,735,https://t.me/RazgadkaReal_kino https://t.me/razgadkareal_avatar
tgkaslavika,channel,Розыгрыши от Slavika,1559,Привествую в мой тгка канал где будут происходить розыгрыши и не только следите за каналом. ✅ Админ - @okak_254 (по вопросам и призам) На отписку 1 час
rozygryshy_chat,group,ЧАТ | РОЗЫГРЫШИ NFT,495,Присоединяйся к самому щедрому чату TELEGRAM.  #Розыгрыш #NFT #Подарки #Крипта #Звезды #Раздачазвезд #Розыгрышиnft #NFTDrop #Бесплатнозвёзды #Giveaway #NFTCommunity
soldatikgames,channel,Солдаты,387,
brakzor,channel,Brakzor,465,
razgon_rezerv,channel,Разгон 🚀,82,
gradchat,group,GRAD чатик с призами 🍬,607,"🎉 Частые розыгрыши TG Premium и Звёзды   💼 Префиксы: @Tycke 📜 Чеки и итоги: @GRAD_check   🚀 Создатель: @ZeroGravity69   💬 Напиши ""чаты"", чтобы открыть весь список"
neylavimv,channel,фреак арбетраж,395,owner: @groadkillyou  по поводу рекламы/сотрудничества  писать владельцу
salvadore09,channel,ᴢᴇʀɪxx zdezz zzz,203,"CFG - Тот самый файл который будет сливаться в данном тгк для игры под названием - ""Матрешка РП"""
rozvedkachata,group,Подслушано Табор,93,"🎯 Идея и концепция канала: Правила чата https://t.me/rozvedkachata/18371    https://t.me/taborciganskiy  Telegram-канал, обозревающий рынок TON NFT-подарков, мемов и их динамику. С юмором, инсайдами, сарказмом и авторской подачей из Табора — альтерна"
razdaystars,channel,Razdacha_starsq,73,"По всем вопросам- @Novryzow Условия выдачи-подписка на тгк , приписка #Razdacha_stars @Emilkastarsbot - Топовый бот по покупке ⭐, аренде нфт юзов и подарков, покупке нфт и тд"
razdachanftchat,group,NFT ХАЛЯВА чатик🎁,121,На канале постоянно разыгрываем подарки - https://t.me/razdachagiftovtg   Тут вы можете получать звёзды за приглашение участников либо просто общаться 🌠  Основатели- @wrthxgg и @Fvfhb677
razgadkareal_kino,channel,Разгадка Реальности - отзывы на фильмы,146,Отзывы на фильмы.  https://t.me/Razgadka_Real https://t.me/razgadkareal_avatar Канал на Бусти https://boosty.to/razgadka_real
zzelenkaz,channel,Neil4chan,289,🤲
razgar_io,group,RazgaR.io,122,RazgaR.io platform for professional AI automatic bot trading of crypto currencies. Join NOW
rizzgiftchat,group,RizzGifts,209,
boghudozhki,group,На разбор к БОГУ ХУДОЖКИ,148,
avik_roz,group,Розыгрыши от Аvika,115,
fedosplane,channel,Flight Radar Life,150,
lasertag_vlg,channel,Семейный парк «Звёздные Игры» Волгоград🚀,94,"800 м² космического пространства:  🔻6 космо-игровых комнат 🔻Уникальный формат развлечений  🔻Оборудование нового поколения  🔻Банкетные зоны  🎉 ТОП-1 место для Вашего праздника: дни рождения, выпускные, корпоративы."
navigatorrozygrysh,group,Розыгрыши от НАВИГАТОРА🥳,79,"‼️ Розыгрыш в автомоечном комплексе «НАВИГАТОР»!   Приветствуем Вас друзья! ✨   Готовы испытать свою удачу?🍀   Ставьте сердечки  и участвуйте в нашем розыгрыше! ❤️  Вас ждут ценные лоты, с разными наборами услуг. 🎁"
radbrothers,channel,RAD BROTHERS ❤️ ИГРЫ,24,"👋 Разработчик игр / Game developer. Бесплатные мобильные игры для андроид, iOS, веб / Free mobile games for android, iOS, web.  👉 https://onelink.to/radbrothers"
dostatokkkk,channel,dostatok,57,шугайзе крутой
razgachadf,channel,Ф᧐ᴛ᧐δᥲᴛ᧘ы/ρᥲᤋдᥲчᥲ ᤋʙᥱᤋд,35,
kartinkischtorki,channel,!!𝐒𝐡𝐭𝐨𝐫𝐤𝐚!!,80,Шторка - Занавеска 👅👅👅
afk_v_potoke,channel,AFKKK,88,
rezervvacum,channel,rEZERV (Exa1zeN)_RCG7,58,По поводу сотрудничества писать- @vacumqq GRAND NEWS: https://t.me/GrandNewsQ
hdjskkdndbbmmm,channel,𝗠𝘆𝘀𝘁𝗲𝗿𝘆 𝗶𝗻𝗰.,1993,
specialcat42,channel,Special cat,194,"Основной канал Special cat  Тут только самое интересное ""ВРЕМЯ ТЕОРИЙ И ФАКТОВ...И МНОГО ЧЕГО"" Ютуб https://www.youtube.com/@SpecialCat01  Boosty https://boosty.to/specialcat  ВК https://vk.me/join//N0TnE0w2xLhk3gZSt/nXHq9HogUEQbXEz8="
foogwe,channel,Foogwe,1078,"Раздал более 2000⭐️  Канал, который не накручивал подписчиков 💪"
suzhetiks,channel,сюжетикс,97,детективные игры | сюжетно-ролевые квесты
hellstory000,channel,Квесты ада,171,
ebprostov,channel,Эрик Был Прав/Детективные игры,210,Детективные игры в Ростове-на-Дону
chezaquest,channel,ЧёЗаКвест?,138,Более 20 квестов в Ростове-на-Дону Организация праздников «Под ключ»🎁 График работы: с 10 до 23:30  #чёзаквестРнД
ytkagrehnik,channel,°{Р̶а̶б̶с̶т̶в̶о̶ Фан-клуб Наоми}°,119,Приветик всем мои уточки^^
quizalliance,channel,Квиз Альянс в Москве | QuizAlliance⁉️,100,Квиз для крутой компании! Для заказа квиза и другим вопросам обращаться  @quizalliancecom  или по телефону +7 933 919 1144
balashovaekaterina_psy,channel,Екатерина Балашова | Нейро & Психолог,79,"Психолог практик / Нейропсихолог диагност: дети,  подростки, взрослые.  Нейронаука семьи и разгадки психики. Настраиваю нейроны и эмоции, возвращаю гармонию мозга. Практика: мысли в порядке, мозг в фокусе.  Еще мой канал https://t.me/NeyroWave"
varshava_modelki,group,Ищу модель Варшава 🇵🇱 Моделі 🇵🇱 Модельки,4551,Канал для поиска моделей в Варшаве Для размещения своей информации пишите @pl_model
rumodelsspb,group,Ru-Events Models Spb,326,МЫ В КОНТАКТЕ - https://vk.com/rukino24  АКТЕРСКАЯ ГРУППА - @vip_rukino24   ГРУППА ДЛЯ МОДЕЛЕЙ - @RuModels  ГРУППА МОДЕЛЕЙ ПИТЕРА - @RuModelsSpb  АНКЕТЫ МОДЕЛЕЙ - @Ru_Models  ДЕТСКАЯ ГРУППА - @children_rukino24  ГРУППА ДЛЯ АМС - @rukino24
saymodelsagency,channel,SAY_MODELS agency,1074,
chatpornhubmodels,group,Чат Моделей Phub|Webcam|Onlyfans,3203,"Чат исключительно по деловым вопросам и ответам касательно работы!   Политика, Вбросы, Оскорбления участников, Спам - бан   По поводу вопросов и рекламы - @popular_on_ph"
kwildbj,channel,GUIMODS,214,
wesupplytracker,channel,WeSupply Mods Tracker,251,main channel: https://t.me/WeSupplyNG
motog30news,channel,Moto G³⁰ | News,36,ROMs // MODs // Kernels // Recoveries // Stock // & more...  Spanish Group ➡️ @MotoG30ES English Group ➡️  @MotoG30Official  Powered by @Deivid21Hub
gtavpublictelegramgroup,group,"[Gta V] Public Telegram Group (Mods, News, Crews)",81,"Gta V Public Telegram Group.  Here you can find the recent news and updates about the game, modding community and much more. You have a mod menu? Contact any staff to add it to our Mod list. Soon : Giveaway"
eastmods,channel,East's Mods,48,East's Mods - сообщества с различными модификациями для нашей любимой GTA: San Andreas. Наш паблик включает в себя уже около 6 тысяч модификаций.  Предложить новость - @grpmediabot Партнёр @gambitmedia  Сотрудничество: @gambit_rp
purpmods,channel,Purple Mode,9,Purple Mods - сообщества с различными модификациями для нашей любимой GTA: San Andreas.  Партнёр @gambitmedia  Сотрудничество: @gambit_rp
gmodcom,channel,312312,3,
gggamess_910,channel,MEGA Games☻︎,9,
divorussia,channel,Диво России и Диво Мира (видеофестивали),945,"На канале публикуются новости наших фестивалей и других мероприятий, лучшие видео, лайфхаки для туризма, видеомаркетинга, брендинга и ИИ. Наши сайты - дивороссии.рф, divo.pw, divo.su, turliga.su"
sacorussia,channel,SACO Russia,87,"Telegram-сми от британской сети салонов красоты и академии SACO Russia для:  ▫️владельцев бизнеса,  ▫️управленцев,  ▫️beauty&hair специалистов, ▫️дистрибьютеров, ▫️тех, кто хочет знать всё о красоте, здоровье, моде и парикмахерском искусстве   ✂️❤️"
svoi_29,channel,С В О И,82,"Мы – россияне, живущие в России, и собираем тут самое интересное и полезное для адекватной оценки сегодняшнего дня. А так же даём свою оценку увиденного и услышанного. ""Мы русские - какой восторг!"" А.В.Суворов"
sluzhbadobrovolcev,channel,Всероссийская Служба Добровольцев,185,
svitlovodskotg,channel,Світловодська ОТГ,116,Новини у Світловодському ОТГ
myprettyatelier,channel,My Pretty Lizy 🌸Моя прекрасная Лиза мастерская детской и взрослой одежды,266,Детская и женская одежда в наличии и под заказ Официально зарегистрированная тм   По заказу можно написать в сообщениях @darisew или на WhatsApp 89802492471
vykupksa,channel,Выкуп с Медины,32,"Выкупаю с Медины продукцию от шаркъиййа(платочки, шарфы, сумки), коврики как в хараме, и спреи с ароматом харама, брелки с зонтами и многое другое🤍"
kirovtube,channel,KIRO Vtuber 16+,34,"Втубер граєм на етерах.. не тільки  на гітарі  Відео нарізки ""смішних моментів""  Про мене:жін.моделька 19/18років має вел.ху. текст платни. І вел.цицьк.( ´ー`)  Діяльність: Звукорежисер зведення і міксування живих інструментів"
naqplastik,group,Нак-пластик (группа)💳,7814,"Қағыйдалар! Қадаған етиледи!  1.Процент сорау ҳәм процент бериу,   2.Банк карталарын процент пенен нақлап яки процент пенен толтырып бериў,  3.Группаға рекламалар таслаў,   4.Группада басқа темаларда сөйлесиу Ҳәр қандай соралған жәрдем блокланады ❌"
video_va_gif_retseplar,channel,Video Va Gif Retseplar,893,🥘 #Таомлар 🥗 #Салатлар 🎂🍨 #Тортлар 🍹 #Ичимликлар  Рекламалар Учунг 👉 @Ummu_Ibroximjon  👈🏻   Мухим Сана Биз Учунг😊 🗓08. 03. 2018. ⏰12:00. Дан Бошлаб  Ӯз Иш Фаолиятини Бошлади  Линкимиз 👇🏻👇🏻 https://telegram.me/joinchat/AAAAAEvZSxSqWdcvJCcxrg
sanjar_rk,channel,Reklama,141,
reklamanaede,channel,Всякое на всяком,57,"Канал с удивительными названиями, маркетинговыми ходами и прочей чушью из мира нейминга."
reklamaolllaman,channel,REKLAMACHI NARGIZICHKA,93,Kanal grupalarni jonli obinachilar bn jonlantirib savdoyingizni yuritib beraman  Bizda reklama xizmati Kunlik Haftalik  Oylik tariflar mavjud savollar bo‘ycha  @REKLAMACHI_NARGIZICHKAA
reklamauchun_manzil,channel,REKLAMA,141,
asosqizlarmaktabi,channel,«ASOS» qizlar maktabi,693,"Bir ayolning Alloh uchun olgan ilmi — butun ummatning kelajagi uchundir.  Arab-tili, Fonetika, Tashih, Hifz, Hadis ilmini biz bilan birga oʻrganing va oilangiz muallimasiga aylaning  Savol va taklif uchun: @asos_qizlar_manager"
kelajak_kitobxoni,channel,"""Келажак"" китобхони📖📚",238,"Наманган вилояти ""Келажак"" маркази, ""Китобхонликни ривожлантириш"" бўлимининг телеграм канали.✅ Ушбу каналда сиз - электрон ва аудио форматдаги китобларни топишингиз мумкин.🎧🎙📚 Бўш вақтингизни мазмунли ва фойдали ўтказинг.😊🫰🏻"
dieddesigner,channel,фак баленсиага,146,
fonuskids,channel,Fonus Kids,296,https://fonuskids.uz  🌱 Farzandlar kelajagi va sog‘lom tarbiya uchun birgalikda!
kelaida,channel,"Кофе, таро и помада | Келаида",138,"Глухая ведьма из маленького города ведёт паблик, учится всему, делится историями и обзорами  Добро пожаловать!🐈‍⬛  Мои услуги: расклады таро, ритуалы, прогностика года по матрице судьбы, программные браслеты и свечи.  @misticheskay"
nejjwiwikwkwk,channel,adelboginyа🤘🏻,292,
dianagrenka,channel,૮ ˶ᵔ ᵕ ᵔ˶ ა | 𝔤𝔯𝔢𝔫𝔨𝔞'𝔰 𝔣𝔞𝔫 𝔠𝔩𝔲𝔟 🩹🩸🏩🪽,97,⋆ ˚｡⋆୨୧~  私はヒトラーの子孫です。~୨୧⋆｡˚ ⋆
angrenka_online_bozor,group,Ангрен бизнес реклама,172,
angremm,channel,Angrem | ankeii,735,ъ
anginka_angelinka,channel,Ангинка🤍,40,
anyalanguages,channel,Анин Конек 🇬🇧🇫🇷🇪🇸🇦🇪,485,"Клуб настольных игр на английском🎲  Для записи: @anyechka_s  Жизнь в Испании, преподавание языков и чуточку интересного🤓 Здесь тебе будет полезно и комфортно🤩"
rech_na_1000000,channel,Речь на 🍋 с Анной Яковлевой,274,29 лет обучаю экспертов и предпринимателей звучать уверенно и убедительно. Сделаю вашу речь мощным инструментом влияния! Уже 15000 учеников по всему миру.  Диагностика речи: https://t.me/rech_na_1000000/22 Отзывы https://t.me/rnm_ay  @anna_yakovleva_spb
chatleiria,group,Чат Лейрия 🇵🇹,1127,"@por_tugal — подходит для любых обсуждений, касающихся Лейрии и вокруг: знакомства, вопросы, анонсы бесплатных встреч, полезная информация и всё такое. Правила: t.me/chatlisboa/100000. Политика запрещена, реклама и объявления через @proflistpt_bot"
azik_travel,channel,✈АРЗОН АВИАБИЛЕТЛАР✈️,82,АССАЛОМУ АЛАЙКУМ. БИЗДАН ЭНГ АРЗОН ВА ХАМЁНБОП НАРХДАГИ АВИА БИЛЕТЛАР СОТИБ ОЛИНГ. Telegram WhatsApp IMO    ☎️ +7960 170 5577  ☎️ +998 90 217 5577 ☎️ +7960 180 5577 ☎️ +998 88 980 4484👇https://t.me/joinchat/WCuVpay8XwhjNTcy https://t.me/ARZONAVIAKASSA114
hanbyeol_do0t,channel,nyangbyeol.,28,— Kim Hanbyeol ( Do0t project ) 🐈‍⬛ anon : @nyangbyeolbot cooperation : t.me/coophanbyeol
modasport,channel,ModaSport | Блог ЕКАТЕРИНЫ ИГНАТЕНКО,603,"Всё о легкости движения тела в любом возрасте.  Как восстановиться после родов?  Как вернуть осанке гибкость?  Как перестать испытвать боль даже при малых нагрузках?  👉🏻 На все вопросы отвечаю Я-Екатерина, @povalee4ka тренер Пилатес, с опытом более 15лет."
lpg_massage_mariupol,channel,LPG Массаж в Мариуполе,269,"Красота не всегда требует жертв! Стройное подтянутое тело без усилий, операций и жестких диет. Адрес: бульвар, Шевченк, 287 +7-949-648-73-40 Написать @Mariypol_LPG                    @Ekaterina_82N Сайт: massag-mariupol.ru  Студия LPG Массажа l Мариуполь"
kosmetolog1beauty,channel,Lyudmila L. | Косметология/хирургия | Солнечногорск/Москва,513,"Дорогие девушки, для записи на процедуры обращайтесь по номеру:   8 (903) 007-70-45  💝"
bodygunworld,channel,Массаж и восстановление | BODYGUN,229,Восстанавливайся правильно! Наш сайт: https://bodygun.ru/?utm_source=tg&utm_medium=gruppa_tg
shulginy_otzyvy,channel,ШУЛЬГИНЫ_ОТЗЫВЫ ГЕРБАЛАЙФ | HERBALIFE Независимый партнёр,109,Мы Шульгины Сергей и Марина .   С 2001 г партнеры Herbalife.💚 Я тут @pohudet_shulginy  ➡️ Proshulginy.ru ➡️ regshulginy.ru  Бот📲 https://salebot.site/st/146764e0/9cca   Полезные каналы  ✅https://t.me/pohudetshulginy ✅https://t.me/zakaz_herbalife
medsani_clinic,channel,MedSani - центр косметологии Москва,120,"MedSani – все виды косметологии для вас: эстетическая, инъекционная, аппаратная.  Высококвалифицированные специалисты с медицинским образованием и большой парк аппаратов для вашей кожи.  Садовая-Каретная, 22с1 с 9:00 до 21:00  +7 985 914‑18‑88"
vittaspa,channel,МАССАЖ КОСМЕТОЛОГИЯ ОБУЧЕНИЕ,132,"Наша студия, главное направление которой – массаж и косметология, не зря пользуется огромной популярностью не только у представительниц прекрасной половины, но и у мужчин. Наше главное преимущество – никакой химии и уколов!"
vumfitt,channel,🍓КОНЧАЙ стесняться🍓VumFitt,46,"Здесь фитнес про ВУМы (Вагинальные Управляемые Мышцы). Именно их мы будем бережно и эффективно развивать на наших тренировках.   Будем знакомы, я Ирина тел.: 89500983298  Официальный тренер Международной Федерации Вумбилдинга  https://www.vumbuilding.ru"
intimnoo_vumbuilding,channel,Вумбилдинг- Твоя интимная Магия🤍,172,Я Ксения-твой «секретный» инструктор  ✔️Эксперт по развитию интимных мышц  ✔️8 лет на страже женского здоровья 🤍 1000+ счастливых учениц ✔️Элитарные навыки: знаю как вернуть страсть и либидо! ✔️Готовлю к родам и восстановлю после.
marinamironova280469,channel,_massage_mironova_newfit_ems_,80,
murzina_fit,channel,Фитнес тренер/Нутрициолог Елена Мурзина,104,"Фитнес тренер и нутрициолог с научным подходом🧠 Жизнь, мысли, еда и тренировки"
elisova_prosport,channel,Питание и силовой тренинг…Елисова Мария,65,Привет 👋  Меня зовут Мария Елисова.  Я тренер по фитнесу и нутрициолог .  Уже более 8 лет в спорте . 💪🏼 Пришла в форму в течении 3-х месяцев после беременности и  родов 🤰🏻 Знаю как похудеть без вреда для здоровья к кротчайшие сроки.
pricemorozny,channel,ведение морозного,18,Связь:  @tmorozn
mckosme,channel,Мц косметология,51,89850888543. Малая сухаревская пл дом 3
easeineverything,channel,Пошла в зал ♥️,38,"Мое имя Мзия  Живу в Москве, ушла с найма, чтобы сделать блестящую карьеру в частной практике ⚖  Здесь про мой путь похудения и мои будущие достижения 💗"
yogi_v_doroge,channel,ЙОГИ В ДОРОГЕ,274,"Путешествия, йога и любовь.   Меня зовут Оля, я преподаю йогу, странствую сама и делаю классные туры для вас. На канале делюсь тем, что вдохновляет меня: большие и маленькие путешествия, Урал, здоровое и бережное отношение с себе и окружающему миру"
syogaorbita,channel,Йога на 3 дачной,227,"50 лет Октября,89В 5 этаж ,555 комната    Сайт syoga.ru Ссылка на скачивание приложения андроид  :   https://www.rustore.ru/catalog/app/com.mobifitness.jogasaratovgali378633    Айфон : https://apps.apple.com/ru/app/syog"
ural_iyengar_yoga,channel,Уральский Центр Айенгар Йоги,600,"Основан в 2003 году!! https://yoga-ekb.ru  «Цель йоги - полная осознанность во всем, что вы делаете» Б.К.С. Айенгар   📍зал на Вайнера 60      + 7 903 082 50 99 📍зал на Малышева 53      + 7 982 661 40 41 📍зал на Куйбышева 55А      +7 932 700 33 30"
babayogalipetsk,channel,Баба Йога,315,Оазис осознанности в городе.  Твой путь к лёгкости тела и ясности ума через практики аэройоги. Гамак — лучший друг твоей спины.  Записаться на занятие и задать вопросы - @natahondra
yoga_arena2025,channel,IV Уральская Конвенция йоги Айенгара,318,20 - 21 июня 2026г. 📍Екатеринбург-АРЕНА
eusinsb2948,channel,ориги с в/ю✌️,41,всем привяу канал с оригами в/ю др канала-10 ферваля
matemogemayafed,channel,Математика ОГЭ|Майя Федулова,176,"Готовлю к ОГЭ (математика) на высокий балл по авторским интерактивным презентациям.  Чёткие понятные объяснения, лайфхаки, встроенная самопроверка с  авторазбором ошибок.   Подробнее о методе здесь  Для связи со мной @mayafedulova"
yogi_s_olgoi,channel,Йога с Ольгой,168,Настоящая йога. В преподавания с 2016г. Занятия онлайн индивидуально и в группе.                                                                                                                                         Для связи @olga_tolmacheva_yoga
yogaolgausacheva,channel,Йога для начинающих Ольга Усачева,37,Избавляю от боли в спине и стресса при помощи йоги  Связаться со мной @Olgausacheva0409
sayohatgagooo,channel,Sayohatga Gooo,30,"Siz kutgan sarguzasht, biz bilan unutilmas sayohat qiling."
acroyogawuppertal,channel,Acroyoga Wuppertal - AcroTal,80,In diesem Kanal vernetzen wir die Aktiven aus dem Tal. Mit Angeboten im Tal und Jam-treffen. Rückmeldungen & Austausch gern über die Kommentarunktion unter den Posts. Jeden Dienstag Jam 18.30 bis 21Uhr Im Sommerbim Inselgarten
ocokaspb,channel,ОСОКА | сплавы на пакрафтах,70,Предлагаю сплавиться со мной на пакрафтах🌊
oleg_455_10,channel,Олег слей.[ушла],47,Олег слей!)
sunnyligh,channel,вакуоля 🫧,13,"лайф канал, временами забываю про его существование…но стараюсь что-то постить^^  хочу заниматься косплеем, хд"
matematika_s_olgoy_bot,bot,Математика с Ольгой,,
musya_na_svyazi,channel,Муся на связи,170,
gorodishche,channel,GORODISHE GROUP,362,"Поможем инвестору создать успешный коммерческий банный комплекс, SPA или эко  отель.  +7 343 247-22-99 +7 919 368-16-16  Рассчитать проект: https://gorodishe.pro"
gracemsu,channel,"Танцевальный клуб ""Грация-МГУ""",99,
chirchiqbozoorr,group,ЧИРЧИҚ БОЗОРИ,290,"Ассалому алайкум ""Чирчик Бозор"" телеграм гурухига хуш келибсиз !!!  Гурух факат элон жойлаш учун❗️  ⚠️ Илтимос озингизни хурмат килинг.  🤝 Бозорингизни берсин  ❗️Элон гурух коидаларига тогри келмаса очириб юборилади  📌 Гурухга якинларингизни таклиф этин"
krupa_2025,channel,КРУПА | Коммьюнити индустрии развлечений,106,"Практика для роста: Готовые гайды Книжные разборы, эфиры и подкасты Кейсы коллег Форум КРУПА 2025 5-8 октября г. Калуга Отдел заботы: @communitykrupa  @krupa_2025 +7 929 246-32-33  Организатор: Консалтинговое агентство Н. Лиховецкой"
khan_hakoda,channel,Хан Хакода,46,"Та же тема, но рисунки"
hikikomoritgc,channel,Чердак хикикомори,53,Иногда рисую
lyubimtsevtsy,channel,Любимцевцы,313,Театральный институт им. Бориса Щукина. Курс Павла Евгеньевича Любимцева и Владимира Исидоровича Тартаковского. 2021-2025
luwlivash,channel,لولۍوش مغموم،,47,پوچ،
lyubimovavii,channel,Валерия Черных | Таро,86,"Я таролог с психотерапевтическим подходом.  Помогаю разобраться с деньгами, отношениями и внутренними блоками. 📊 70% клиентов находят ясность и снижают тревогу уже после первого расклада.  Связь со мной - @lyubimovavi Мой сайт - http://imler.tilda.ws/"
lubimovsa,channel,👁В гостях у Любы👁,119,Оставь надежду всяк сюда входящий)
nikoltriumf,channel,Я дарю Вам крылья !,138,"Канал Светланы Почкаловой .   @Dr_SvetlanaPochkalova. Познай себя и свои возможности ! Пробудись ! Заяви о себе Вселенной ! Принимай дары от Вселенной, которые тебе даны при рождении !"
piarchat_kristy,group,ПИАР ЧАТ ДЛЯ ЭКСПЕРТОВ,119,"Заяви о себе в пиар чате для экспертов!  Чтобы писать в чате, необходимо сначала подписаться на этот канал https://t.me/+eR7w8uKmNoA4ODU6 ДАРЮ🎁 Чек-лист «10+ актуальных способов продвижения бренда  в Telegram» https://t.me/c/1234212364/467"
capitoldk,channel,Гетьманат Капітолій 🏛,84,"Офіційний телеграм канал Капітолію та Конфедерації міст Капітолія  Публікуємо заяви мінської адміністрації Капітолія, керівництва КМК та новини/івенти що проходять на території конфедерації"
news_imperial_order,channel,"Новини партії ""Нова Ера""",20,"Незалежне інформаційне ЗМІ Раменії. Публікуємо новини, політику та офіційні заяви партії ""Нова Ера""."
obraztsovjlife,channel,Образцово | Жизнь,791,"Новости, афиши событий и атмосфера района — всё о жизни Образцово в одном канале"
obraztsovoekb,channel,Образцово,224,
arm_fokus_chat,group,Армавир в Фокусе. Образцово-показательный чат,244,Армавирский флуд.  Наш канал: @armavir_teletype - подписывайся и будь в курсе всех событий города.
by1st_com,channel,1st. — Oдежда для первых.,95,"1st. — Oдежда для первых.  Людей, идей, достижений.  Сайт, Lamoda, Стокманн"
bocmanshistories,channel,Истории сомнительного качества,88,Хиханьки да Хаханьки Контент - сомнительный Админ - клоунический Чтим хехически и поздравляем друг друга со средой  Предложка: @VsratomemsBot
clouded_edges,channel,помутневшие края,67,https://www.youtube.com/@jarogor https://vk.ru/clouded_edges
sonyannitsme,channel,my obitel',76,"Эх, блинчики с вареньем бы сейчас"
plovegypt,channel,Плов для Студентов,331,Семья студентов в Египте 🇪🇬 Работаем на доверии более года. 🛡 Все наши счета чисты от сомнительных переводов. ​Наши услуги: 1️⃣ Искупление постов (Фидья) 2️⃣ Искупление клятв (Каффара) 3️⃣ Ифтары в месяц Рамадан 🌙 Обращаться: ​t.me/plovegypt?direct
mydivnogorsk,group,Мой Дивногорск,292,"Группа для общения всех жителей и гостей города✌️  Давайте делиться полезной информацией, местами и помогать друг другу делать наш город красивее и интереснее🤝   🚯За несогласованную рекламу сомнительных товаров и услуг в бан❗️"
corvin_charsky,channel,Архив Чарского || cos,165,люблю тирамису костюмы и морально сомнительных учёных  25+ INTJ she/he/them/whatever  I'm gender evil  🦷 TT: corvin_charsky  ☕️ анонимка: https://t.me/anonimqbot?start=uoxzhn  🕯️личка: @CorvinCharsky
eccedunno,channel,Так говорил Незнайка,153,"Всем салют, меня зовут Дима Московин. В этом канале можно почитать мои телеги о кино, музыке и прочих сомнительных вещах. Ещё в зазорах между ними здесь могут появляться мои стихи.   Я тут за Ницше, а Незнайка — за Заратустру.  Личка: @erbsnm"
bydkacultureddog,channel,Культурный пëс!,98,УДАЛЯЮ СОМНИТЕЛЬНЫХ ПОЛЬЗОВАТЕЛЕЙ!! ПО ВОПРОСИКАМ ПИСАТЬ СЮДА ––>   @nevarmykit   ПРОГОЛОСОВАТЬ ЗА КАНАЛ ––>  https://t.me/boost/bydkaCulturedDog  МОЙ ЩП ––>  https://t.me/+F9-kiAEYLME4MDEy
twothreeyearsandforget,channel,2-3 years and forget,845,$23 - 4wDBLK2SzKRDH1SQgJkLQ9eEBggpBjYyLPMeoj6vPumP
kino23krd,channel,ЖК Мультиплекс Кино Краснодар Дольщики,232,Обратная связь: @kino23abot  Свободный для обсуждения канал без цензуры инициативной группы (ИГ) и застройщика ЖК Мультиплекс Кино(АСК).  Дольщики Краснодар ул. Уральская 100 и 100/5
samsung_offers_deals,channel,Samsung | Offers | Deals | Loot,414,Affiliate DIsclosure :- https://t.me/great_online_offers/15
cred_credit_card_offers,channel,"Cred loot offers [ One Card, Slice Card, Au Card All Credit Card Deals ]",162,We Helps To Get All Type Credit Cards Easily. You Can Find a Right Credit Card. Helping to Build Your Credit Score or Improve it.   #credapp #credit #paylater #EMI #loans #Finance #bank #wallets #creditscore #debitcard #taptopay #NFC
rekserdcee,channel,“ MS”реклама/отзывы,79,
crown_official_siberia,channel,Crown Store,61,"📌Мы находимся: Вокзальная магистраль, 18  👩🏻‍💻Для связи: @polontos  ⏰График работы: Пн-Пт: 13:00-21:00 Сб-Вс: 14:00-20:00"
mnogoskidok_2022,channel,Промокодомания,138,"Актуальные промокоды, скидки, акции GB"
kacheru_nahidasdiary,channel,੭୧ㅤ𝑁𝐚𝗵ׄı꯭d𝐚’𝗌 𝐃𝒊𝐚rყ 、,23,Качеры готовы
reklama3to,channel,reklama 370 p/1zd3c br0,26,
saveoncart,channel,Save On Cart 🛍️,32,
bakushinkisser,channel,@ TRUEIRL : PRICE && INFO,6,@ по поводу рекламы писать ОНЛИ В БОТА
televacancyrules,channel,Правила по размещению вакансий,166,
bettingjob_price,channel,Размещение вакансий – @betting_job,60,
nm_setka,channel,Вакансии в ТиНАО Новая Москва | Прайс работа,311,Размещение вакансий в Москве и Московской области.  Сайт: vnewmsk.ru  Политика конфиденциальности: https://vnewmsk.ru/privacy Согласие на обработку персональных данных: https://vnewmsk.ru/consent
price_channel_1,channel,Цены на размещение,52,
elistamedia,channel,Реклама ЭЛИСТА,31,
wineadvert,channel,Условия размещения в каналах о вине,44,
reklamatime1,channel,Работа в Навоий REKLAMA,100,Ушбу каналда @rabotavuzbekistann каналида реклама жойлаш шартлари билан танишишингиз мумкин.  Реклама менеджери билан боғланиш учун:  @international77
pngstikeraesthetic_pr,channel,PR @pngstikeraesthetic,57,✦ Размещение на канале https://t.me/pngstikeraesthetic ✦ Админ: @nastena_mom
rugbypr,channel,реклама регби,32,писать - @yuzhilrr
otzyvikgr,channel,Отзовик GR,158,"Прайс на размещение. Статистика каналов. Отзывы клиентов канала Рейтинговая Ракета, Бустер продаж, Товары за отзывы"
reklama_v_maks,channel,Реклама в MAX,96,Продвигайтесь вперед с Gram Media!   Мы - ваш надёжный партнёр по продвижению в MAX.   Связь: @Kate_promt
reklama_laishevo,channel,Реклама. Лаишево и Лаишевский район,123,Реклама в @laishevo_online
yashkin_media,channel,YASHKIN MEDIA,111,
smreklama,channel,Реклама,15,Рекламма
vidstor_rekl,channel,Реклама @vidstor,121,Канал: @vidstor. По рекламе: @misorarui
russianformat,channel,RUSSIAN FORMAT MEDIA,114,Качественные рекламные размещения в телеграмм 😉
adscitylink,channel,"Ссылки на группы и каналы объявлений по регионам. MAX, WhatsApp, Telegram, VK.",23,"Здесь ссылки на сообщества частных объявлений по разным городам России  Сообщества в MAX, WhatsApp, Telegram и VK. База постоянно обновляется и дополняется.   Подписывайся и размещай свои предложения!  По всем вопросам: @thepostboy"
rekl71,channel,Условия размещения,8,
prmeowsmeo,channel,prmeowsmeo,17,
reklamaushreka,channel,РЕКЛАМА У ШРЕКА,6,• менеджер @reklama_greenscreen • канал https://t.me/greenscreenmemes1
ipo360,channel,IPO Info,23,Информационный канал о предстоящих и прошедших первичных размещениях (IPO)
chanelspromo,channel,Реклама / Развивашка,13,
slowyummyads,channel,реклама в слоях,6,"Привет! В этом канале мы размещаем информацию о возможностях взаимодействия с нами: реклама, коллаборации, мероприятия и другие   По всем вопросам сюда @journal_slowyummy"
price_goroda,channel,Прайс на рекламу,19,по рекламе: @Olga_TG_Specialist
prowakesurf_ads,channel,Реклама в PROWAKESURF,10,"Канал @prowakesurf  Тут вы сможете узнать актуальную информацию, стоимость, тарифы и условия размещения"
prcreativevibe,channel,Реклама в creative vibe и memreels,6,
reklammix,channel,РекламМикс | Наружная реклама | Полиграфия | Дизайн,6,Дизайн и реклама
gaiva_online,channel,Реклама для сайта,4,Принимаем посты для размещения на сайте https://gaiva.vsemax.ru/
prbovarevgenia,channel,pr evgenia,8,условия сотрудничества и размещения рекламы в канале «evgenia» 💌связь: @evgeniabovar
price_mini_travel,channel,Прайс,5,Условия размещения рекламы в канале
raskleyka74,channel,Расклейка объявлений Челябинск | Расклейка-объявлений74.рф,3,"Расклейка объявлений в Челябинске от 1,9 руб. Агентство по расклейке объявлений: Услуги профессиональных расклейщиков рекламных объявлений. Быстро и качественно выполним заказ!  Телефон: +7 (351) 777-02-25  Наш сайт: https://расклейка-объявлений74.рф/"
perviegym5,channel,Движение Первых | Гимназия №5 г.Чебоксары,68,🔥 Первичное Отделение Движения Первых Гимназии №5 города Чебоксары! 🔥 Будь в Движении!
ipoobon,channel,Poobon | پوبون,9748,Official Fan Channel | PooBon 🖇🖤  🔗Persian rap Singer  Bot : @PooBonBot  Gap : @PooBonplus  Cr / Ads : https://t.me/HidenChat_Bot?start=977703942
beatthestreetnews,channel,Beat The Street News| Latest Share Market News,26193,"🚀 India’s fastest hub for real-time Stock News.  🔗 Explore our other pages: 📚 @BTSREPORTS for Equity Research Reports   📝 @BTSIPO IPO Updates Page – Complete details, analysis & insights on upcoming IPOs  Contact Admin - @TheAdminBTS10"
ipoteko,channel,Ипотечество,1905,Ваш эксклюзивный гид в мире финансов и недвижимости.  Сотрудничество: @bankster_one
dekarussia,channel,DEKA RUSSIA,1098,DEKA - официальный дистрибьютор лазерного оборудования для эстетической медицины в России  ✔️Узнать стоимость оборудования или получить бесплатную консультацию можно на нашем сайте  https://clck.ru/35hnqe
ilovskiy,channel,иловский,449,Порчу футболки и обложки своими рисунками с 2016  Instagram: instagram.com/ilovskiy/ Отзывы в вк: vk.com/ilovskiyart  Контакт: @il_ilovskiy
iampolpa,channel,polly_suvorova🤍,159,я
woolmaniaa,channel,Студия пряжи 🧶 Пушкино,291,"Качественная европейская пряжа премиум-класса💫 Lana Grossa, Schoppel, Aura Yarns, Regia, Infinity.Design, SadnesGarn CHIAOGOO, Hiya-Hiya, Tulip, Lykke, KNIT PRO, ADDI. Сайт: https://woolmania.su/"
lllisztomaniaaa,channel,🎼Lisztomania🎶,302,
sklifomaniaaa,channel,🩸🚑 🩺 ВРАЧИ НА СТРАЖЕ: СКОРАЯ И СКЛИФ 🩸🚑🩺,175,🩷•Дата создания: 31.01.23  Ребятишки скорой помощи 🚑 и склифа! 🏥 Мы любим Вас ❤️! Вы стали очень привязаны к вашем фандоме! 🌟 Мы каждого ценим  и уважаем 🌟 С любовью ваша любимая администрация ТГК ❤️🧸
giftmaniaa,channel,💎 GiftMania - бесплатные подарки,182,"❗️НЕДОРОГАЯ РЕКЛАМА❗️ 💗любой пост: розыгрыш, реклама, пересылка поста 💗 💎 всего за 0.5 ton 💎   В розыгрышах используем только 🎰 Пересылать сообщения нельзя  💌 по вопросам рекламы: @giftmaniaaa 💌 Во всех розыгрышах, стикеры запрещены"
ivinaschool,channel,Ольга Ивина | Массаж лица и красивая осанка,366,"Пространство о здоровье и красоте.  Массаж лица, шеи, головы и создание гормонального баланса своими руками без таблеток!  Для связи/запись на массаж @olgaivina888"
pavutynko,channel,🕸🌺• PAVUTYNKO •🌱🕷,183,"🥸Павутинко/Пав🕸 Займенники: Вона/її  👺DNI якщо ви: rus/bel, прошипер, гомофоб, трансфоб, панфоб, фанат геншина/хср, тощо  За питаннями до: @pavutynkoartist Анонімка: https://t.me/IncogNoteBot?start=fviqa40a39"
acediaandgipomania,channel,АкедИя и гипоманИя,63,"Malinconia, Ninfa gentile  La vita mia consacro a te"
ipkwartirnik,channel,ИП КВАРТИРНИК,75,
chainik_109,channel,Чайная коробка🌃<3 🍦🪽🩷,70,Анон👇 http://t.me/anonaskbot?start=3t9ny Щп анал👇  https://t.me/Timyrpidrila
info_dracomaniaa,channel,🌹°° 𝐢𝐧𝐟𝐨 °°🌹,13,❃❃❃
profinansy_academy,channel,Академия PRO.FINANSY,84365,"Взгляд на pro.finansy изнутри. Пишем про события в компании, инвестиции и людей.  РКН: https://clck.ru/3MJDzV  Номер заявления в РКН 6748203661  https://clck.ru/3MJDzV"
nweclubinvest,channel,👜 Про роскошь с pro.finansy,12919,Ваше вдохновение на роскошную жизнь pro.finansy 👠   Заявление в РКН № 4955024996
kurs_na_finansy,channel,Курс на финансы,414,"Образовательно-мотивационный блог об инвестициях. Наращиваю капитал на Мосбирже + ИИ боты на крипте. Пишу как практик с опытом: не просто новости, а умение видеть рынок глубже и использовать стратегии, которые работают Цель 200к/мес  Связь: @dudkovskiy8"
tfbaraholka,group,📌Тенерифе Барахолка,4867,"Объявления о продаже или покупке товаров и вещей на Тенерифе.  Только по теме чата, дискуссии, общение и реклама услуг здесь запрещены.  Только кирилицей на русском языке. Группа для общения здесь https://t.me/MinaTenerife"
pogranbaraholka,group,Пограничный Барахолка,1609,По рекламе и всем вопросам👇     @syvorova_t
vrn_baraholka,channel,Барахолка Шилово | Воронеж,707,"📣Купить | Продать | Обменять | Даром | Животные ✅Чтобы подать объявление, напиши его нашему боту https://t.me/Baraholka_vrn_bot"
vapebaraholka,channel,VBK барахолка,151,Vape-барахолка от VBK. Для размещения объявления напишите нашему боту @vapebaraholka_bot Для начала диалога - напишите боту /start Все объявления вы размещаете на свой страх и риск.  Все деньги в монитор кидаете на свой страх и риск.  Помните об этом :)
obyavleniya_lnr_1,group,Барахолка ЛНР,6218,Прайс реклама https://t.me/+kq5VpmRRWIQ1NWYy  Ссылка для связи с администрацией @dmitry2023a
infodniprorudne,channel,ИНФО Днепрорудное🇷🇺,9697,Канал создан для информации о городе Днепрорудном и не является официальним каналом администрации  Прислать фото или новость: @INFODneprorudniy_bot  Наш чат: https://t.me/+00kADugLZulmOWQy
dneprovski_volonteri,channel,ВШР | Дніпро,863,Надіслати новину : @VCD_Dnipro_bot
ndsruss,channel,ДСР,156,🇷🇺Welcome to Free Russia🇪🇺
kprf_dnr_rus,channel,Депутатская вертикаль КПРФ Донбасса,328,
nvraion,channel,ЛДПР НВ район,10,
cybersportclassic,channel,CyberWorld | Dota 2,10788,"№ 5000767551 Киберспортивные новости, мемы и многое другое!  По вопросам рекламы и сотрудничества - @Ae_sered"
seredavina,channel,Больница СОКБ им. В.Д. Середавина,862,Актуальные новости о больнице
nickpsycho,channel,Nickpsycho🕸,506,Instagram: https://www.instagram.com/nickpsycho0?igsh=NnRncHViMmVucDNt  https://t.me/HarfChatBot?start=4b703a409321
edo_yngri,channel,пиздеж Эдо,86,"""господи, как же ты хорош и какое же убожество"" ©неназванный гений"
keikocosplay,channel,Блоха Кейко,124,Самая социальная фанатка edenов t.me/anonaskbot?start=6yljovo9vuk82 анон
psycho_prav,channel,Психология Близости | психолог Дмитрий Шкинев,120,Дмитрий | психолог Кризис • выбор • отношения • сексуальность Формат — разбор и сопровождение. Запись: @ea_psycho
eliflowcos,channel,eli-flow cosplay & stream | эличка косплеит и стримит,144,"She/her, 29 y.o."
emymiko,channel,Эꩇׁׅ֪݊ ꪱׁׁׁׅׅׅƙׁׅᨵׁׅׅ ოíოí ◟꒱ 🧁,46,личка @loloette 😼
d6psycho,channel,depsycho,48,new era  связь @maniacal18
obyavlenia_rostov,group,ОБЪЯВЛЕНИЯ / Ростов-на-Дону,10747,"Сервис объявлений Ростова-на-Дону. Обратная связь, реклама: @OBYAVLENIAContactBot"
obyavlenia_krsk,channel,Доска объявлений Красноярск,1422,"Канал объявлений Красноярск. Продажа, покупка, аренда, и многое другое. Для размещения объявлений  t.me/tytadmi  реклама - t.me/tytadmi"
obyavlenia_krasnoyarska,group,ОБЪЯВЛЕНИЯ / Красноярск,6225,"Сервис объявлений Красноярска. Обратная связь, реклама: @OBYAVLENIAContactBot"
sledcom_lnr,channel,Следком ЛНР,3180,Официальный канал СУ СК России по Луганской Народной Республике  https://lnr.sledcom.ru
kontrastnie_kaktusi,channel,контрастные кактусы🌵,3690,Жизнь состоит из мелочей🤲  Читайте ознакомительный пост в закрепе
sockontrakt24,channel,"СОЦКОНТРАКТЫ, ГРАНТЫ, СУБСИДИИ",514,"💸 ПЛАНИРУЙ И ПОЛУЧАЙ ПОДДЕРЖКУ ОТ ГОСУДАРСТВА ДЛЯ СВОЕГО БИЗНЕСА  🙋🏼‍♀️ Я Марина Камаева, эксперт по бизнес-планированию с опытом более20 лет  📲 Заказать бизнес-план или записаться на консультацию @kamaevamarinatop"
kontrakt667,channel,КОНТРАКТ,257,ХАРД-Н-ХЕВИ   связь - @temakfco
eag2806,channel,Евгений Губарев | ЛУГАНСК НА СВЯЗИ 🇷🇺,229,Депутат Совета городского округа города Луганска от Партии «ЕДИНАЯ РОССИЯ» / Председатель постоянной комиссии Совета по правовой политике и связям с общественностью / Филиал Центра «ВОИН» в Луганской Народной Республике
mazaivteme,channel,"Работайте, братья!",206,Работа одной из школ подготовки операторов БАС + оказание помощи нашим ребятам на фронте. Иногда - личное мнение по происходящему (только иногда).  Вопросы по обучению и по изготовлению полезных изделий для фронта - в личку.
orms_kamchatka,channel,ОРМС «Камчатка»,69,
sovet_lugansk,channel,Совет городского округа город Луганск,158,Совет городского округа — это представительный орган городского округа муниципальное образование городской округ город Луганск Луганской Народной Республики.
stolipinranepa,channel,Общество им. П. А. Столыпина,130,"Общество российской культуры и истории им. П. А. Столыпина – это объединение студентов Президентской Академии, любящих свою Родину и проявляющих неподдельный интерес к изучению российской истории, политики, экономики, культуры и философии."
lugansknoviny,channel,Новини Луганська / (Луганськ),130,Топ новин міста Луганська та Луганської області. Підписуйся і поділися новинами і проблемами міста.
soyuz_womanalchevsk,channel,Алчевское местное отделение Луганского регионального отделения Союза женщин России,37,"Наша сила в просвещении, знаниях, обмене опытом и взаимной помощи"
sterlitamak_shabashka,group,СТЕРЛИТАМАК РАБОТА чат - СПРАШИВАЙ И ПРЕДЛАГАЙ,2191,🛠 СПРАШИВАЙ И ПРЕДЛАГАЙ РАБОТУ И УСЛУГИ в Стерлитамаке и окраинах  ❗️ Правила t.me/sterlitamak_shabashka/2414  ❗Админ @shabashka_str_bot
projectvegachat,group,PROJECT VEGA CLUB 2026 chat,141,"Спрашивай, отвечай, шути, делись опытом и не бойся писать первым 😄 (А инфо-посты как всегда — в нашем основном канале 📲) Наш главный канал https://t.me/projectvegaclub"
mansonchat,group,Клоака Мэнсона,29,"Правила: t.me/mansonchat/27  Спрашивай, интересуйся, общайся  Основной канал: t.me/mansonchannel"
smm_promt,group,SMM-Продвижение⚡️,26,"💬 Чат PRIME CLUB — подключайся, спрашивай, делись опытом.  ⚡️ Вопрос? Ответ. Секрет? Только для своих. Общение только по тематике чата, уважения друг к другу, кто против правил, того в Бан! Пиши: @BoostByIlya"
beautystylechat,group,BeautyStyle Chat,6,"Твое бьюти-сообщество! Здесь говорим об эффективном уходе за кожей, телом и волосами, домашней аппаратной косметологии. Спрашивай совета, делись находками!"
kiokorest,channel,Kioko Izakaya,1400,"Тот самый паназиатский ресторан с вайбами изакайи  - Приготовили самый большой Бабл ти - 40 литров - Ресторан года 2024 по версии 72.ру - Доставка года 2025 по версии 72.ру   ТРЦ Кристалл, 2 этаж"
belayakholunitsa_news,channel,Белая Холуница Онлайн,809,"Новости Белой Холуницы, района и Кировской области  Администратор - @bh_news_review"
mykmsko,channel,МУК МСКО Хилокского муниципального округа Заб. края |КУЛЬТУРА|,280,✨ВКонтакте: https://vk.com/club139056061 ✨Одноклассники: https://ok.ru/profile/590275987217?utm_campaign=android_share&utm_content=profile Сайт: https://vk.com/away.php?to=http%3A%2F%2Fxn--80apgabccjngsojmcx0k.xn--p1ai&el=sni
cultura_2021,channel,Культура Хилокского района.2022,146,
obitatel_goroda_schelkovo,channel,OBITATEL GORODA|Щёлково,6,"OBITATEL, наш канал - уютное место, которое точно придется тебе по душе, если ты ищешь:  🟡уникальные посты 🟡интересные места  🟡дружелюбная атмосфера   Подписывайся!   Пссс. У нас еще есть страничка в запрещенограме - подписывайся, там тебя тоже ждет уника"
mgulkoksph,channel,Макс Гулько 📸,180,Жизнь одного фото/видеомейкера и его друзей🤘🏽  Сайт : https://mgulkoks.wfolio.pro  @mgulkoks - лс Inst / vk - mgulkoks
ugolok_limonchak,channel,🌿живой уголок лимончак🌿,136,"https://limonchak.carrd.co/ — ссылочки:3   https://t.me/aboba_limon — мой щит пост, чтоб не втыкали)"
hikasi777,channel,хикаси,48,"всем ку)станьте мояшками,будем вместе ловить с меня кринжа😇 (ну кнш будем меня продвигать,чтобы и остальные кринжевали🙏🙏)"
helly_k,channel,Helly K,20,🦈 Средство для отправки лучей бобра от нашего водоёма Вашему 🦈
helblinchiki,channel,HelBlinDiк,49,группа вк: https://vk.com/hellblinchikept
ginger_cccp,channel,Аквариум Kilbk@🐟🎭,38,Добр бобр. Это мой тгк ✨. Я Кильк@. Я не знаю что тут писать.   Мой юз если нужно -> @kildka_smurfik
jakehoon_helium,channel,𝐻𝑒𝓁𝒾𝓊𝓂 𝐸𝓃𝒽𝓎𝓅𝑒𝓃 𝐹𝒶𝓃𝒻𝒾𝒸𝓉𝒾𝑜𝓃🌀,34,1404/6/20🌀
zabajkale_znakomstva,channel,"Знакомства Забайкальский край: Чита, Краснокаменск, Борзя, Петровск-Забайкальский, Могоча, Хилок, Шилка, Нерчинск, Агинское",19,Знакомства Забайкалье. Реклама: https://clck.ru/hcUSm Админ: @semen921
tvoihmk,channel,твоих мыслей касаться,87,"твоя любовь подавала руки, чтобы залечивать ими раны"
karolinkakarapuzova,channel,каролинка🧚🏻‍♀️,357,😛    приват: https://t.me/+ivkpVpF1_WVkNGVi анонки:  t.me/letsqbot?start=26h1u буст: https://t.me/boost/karolinkakarapuzova
iamluyba,channel,воскресшая любовь 💥,39,
eliz4v3t,channel,е/\из4VетА,64,
zandvoortru,group,Зандворт чат,54,Чатик Зандворта. Обсуждения любых вопросов нашей провинции.  Спам или разжигание ненависти - бан.  Реклама не относящаяся к Zandvoort явным образом только по согласованию с администратором
odinprekrasnyicelyimir,channel,МилоМиру,41,Контакты @Milomiry
a7movv,channel,ᴀɨʍᴏvv,15,ʙᴨ/ʙɜ/ʍью- @gvrgnna  ᴨᴀᴛᴇнᴛ нᴀ ᴨᴄᴇʙд «ᴀиʍᴏʙ» ᴄ 23.09.25
hilode2,channel,Hilode,2556,Мои другие соц сети:  ✨Тви: https://x.com/Hilode2?t=Agfma6EpZ9dGxtt_KWjKyw&s=09 ✨Инста: https://www.instagram.com/hilode222 ✨Тикток: https://www.tiktok.com/@hilode2?_t=8mEA1XfA22Y&_r=1 ✨Вк: https://vk.com/hilode2
heiat_labbayk,channel,هیئت لبیک,762,شماره تماس: ۰۹۱۵۳۰۴۹۸۴۸ - ۰۹۳۵۵۹۰۲۷۱۵ سوال؛ انتقاد؛ پیشنهاد  ادمین: @Heiat_labbayk_admin  آدرس: مشهد مقدس- میدان شهدا- چهارطبقه - شهید مدرس ۴ - حسینیه هنر  شماره کارت جهت دریافت نذورات: ۵۰۲۹۰۸۷۰۰۰۵۶۳۹۰۱ به‌نام هیئت لبیک - بانک توسعه و تعاون
gizlicekim3169,channel,Gizlı çekim 3169,165,
hayurihijabandung,channel,Hayuri Hijab Bandung,28,Adalah salah satu referensi hijab syar'i di bandung.(original prduct Hayuri boutique)
dobadart,channel,ПрактикаПлохихЖестов||DoBadArt,759,"ПрактикаПлохихЖестов||DoBadArt Канал художницы, преподавателя и куратора Юлии Павловой"
waspworkshop,channel,Восп | аниме магазин Кострома,950,Сеть мультифандомных магазинов и кафе бабл ти в Костроме 🍰 Наши адреса:  — ТЦ Галерея (у батутов) — ТРЦ Коллаж (остров напротив Kuchenland) — ул. Советская 54
rabotauslugi,group,Работа и Услуги в Испании,873,"Добра Всем! Правила подачи объявления: 1.Если размещаете фото,то обьявление пишем в комментарии к фото! 2.Размещение двух и более фото только в КОЛЛАЖ! 3. В объявлении указывайте НОМЕР ТЕЛЕФОНА и ГОРОД.  ⛔️ ССЫЛКИ на другие группы и сайты запрещена❗️"
sashin_ygolok,channel,Сашин уголок✨,64,Психолог о отношениях с собой и другими. Помогаю узнать разные стороны себя и решить внутренние конфликты  Запись на консультации @sasha_gunar  Задать анонимный вопрос психологу https://forms.gle/6RfkxZVP6FLR6pds7
whoelephant,channel,WHOelephant,123,жизнь как открытка 💙
todaywewillcollagechat,group,Коллаж каждый день Chat,408,Правила чата https://t.me/todaywewillcollage/1328 Чат канала @todaywewillcollage  Мой канал @chudakovatanyaart  Тренировка для иллюстраторов https://t.me/chudakovatanyaart/4446  Донаты https://t.me/todaywewillcollage/333  Для связи @chudakovatanya
ska3ka_univermag,group,Детский Круговорот Вещей Зеленоград Барахолка,601,"Для мам, которые хотят дать детским вещам вторую жизнь! Барахолка 1 товар - 3 фото или коллаж; повтор товара через 7 дней. Давайте уважать друг-друга! Ссылки на Авито, Юлу и тд запрещены! Услуги только на детскую тему Реклама https://t.me/Veta2801"
rvibumagu,channel,"ай, ну что за коллаж!",50,Клуб коллажа в Антикафе Точка на Весенней 46 ✨ г.Волгодонск
riabchevskaia,channel,Anna Riabchevskaia,378,"Художник  Коллаж - это собранное единое из разного. Рваный край материала усиливает боль и отрыв. Отрыв от одного, что бы стать другим."
art7na_miusah,channel,Галерея ART7 на Миусах,225,"Художественная галерея✨️ Фото, пастель, масло, акрил, коллаж➡️ Авангард и не только⬛️⬜️ PRIVE сообщество♦️♣️  https://vk.ru/art7na_miusah"
vas_pur907,channel,ViRtual P3RiM3t3r,3118,https://t.me/vas_pur907  🌿 Istorie & multe altele 🌿            ⛔️ Covid-Vaxx - ⛔️ Politică - ⛔️ Religie
c_vas_d,channel,Caterina | c.vas.d,496,Создаю постеры по российскому кинематографу 🎬   📎 Все постеры тут https://pin.it/3gH3qH5L5 🗄️ Портфолио: https://www.behance.net/3961daf3  📱Группа ВК: https://vk.ru/c_vas_d Анонимка: t.me/anonaskbot?start=100537286  18+
vas_novuny,group,Оголошення Васильків,1228,
prof_vas,channel,ПРО_Вас: Профориентация💡| Валентина Сибаева,258,Эксперт по профориентации взрослых и подростков. HR-эксперт.  💡ВКЛючаю внутренний свет-1500+ киловатт часов практики💡  Консультации и сотрудничество ⏩ @Aura_VAS
vakansiidg_podrabotkaqq_dengiq,channel,Работа в Саратове,937,По размещению и остальным вопросам: https://t.me/Rabota_rossiya_op
vrnworknews,channel,Работа в Воронеже,150,Размещение вакансии:  VK https://vk.com/vrnworknews.vacancy  Telegram https://t.me/vrnworknews  Для покупки пишите @AlekseyPotylicyn
otzivikworking,group,Kworking отзывы,39,"👋Всем привет!  Если вы уже работали через Kworking group, просьба оставить развёрнутый и честный отзыв)  Если ещё не довелось или вы сомневаетесь, можете прочесть отзывы😉"
ohmyfuckingnaming,channel,Суровый нейминг,317,"Креативное агентство ""Креатив"""
kseniadolzhok,channel,"Ксения, должок!",272,Телеграм-реалити о жизни одного автора
sotka_wodka,channel,Сотка,211,
rabota_vakansii_dnepr,group,Работа в Днепре,4523,
rabota_dndz,group,🏪Работа Днепр,1236,"‼️Работа подработка в Днепре,  Каменском(Днепродзержинск) ‼️Оставляем свои объявления с пометками #вакансии и #резюме 👇Реклама к 👩🏼‍💻АДМИНУ👇    @gr0oz"
chatdneprwaiter,group,Официанты в Днепре,88,"Добро пожаловать в чат, для поиска работы и сотрудников в Днепре!  ❗️Правила чата: 1) Нельзя спамить 2) Рекламировать «офисы»,скам"
dneprchanel,channel,ДНЕПР ОНЛАЙН,37,"🇺🇦 Афиша, события, ЧП, лица, новости, интересные места и события, обзоры и криминал, реклама в Днепре!   ⛔️ ВП, меги и накрутка - не интересны, спасибо!  📍 Все сообщества Киева: @alldp  💲 Реклама у нас: @WFadmbot 🦊 ™WebFox"
dnepr_nedvizhimost,channel,🍌БЕЗ РіЕЛТОРіВ ДНіПРО — ПРОДАЖ НЕРУХОМОСТІ | ДНЕПР НЕДВИЖИМОСТЬ|КУПИТЬ/ПРОДАТЬ|ПРОДАЖА|КУПЛЮ|КУПИТИ|КВАРТИРУ|КВАРТИР|В ДНЕПРЕ,417,"‼️ТІЛЬКИ ПРОДАЖ‼️ 🔗 @BEZ_rieltoriv_DP — 💥ТОПОВИЙ КАНАЛ НЕРУХОМОСТІ ДНІПРА! 🚀Приєднуйтесь: t.me/BEZ_rieltoriv_DP  БЕЗ❌фейків,❌комісії,❌паразитизму  ADMIN: @BEZrieltoriv  🍌ДНЕПР НЕДВИЖИМОСТЬ|КУПИТЬ/ПРОДАТЬ|ПРОДАЖА|ПРОДАМ|КУПЛЮ|КУПИТИ|КВАРТИРУ|КВАРТИР|ДОМОВ"
chat_dnepra,group,Днепр Инфо / Чат,165,
vipuzbc,channel,𝟕𝟕,5128,владелец @cviuz
smmmm774,channel,𝐒𝟕𝟕,3471,"𝐒𝐚𝐫𝐢 𝐦𝐢𝐳𝐞 𝐧𝐢𝐬𝐡𝐢𝐧, 𝐤𝐢 𝐚𝐝𝐚𝐛 𝐦𝐚𝐬𝐭𝐚𝐭 𝐤𝐮𝐧𝐚𝐝,  𝐍𝐚 𝐨𝐧 𝐦𝐢𝐳𝐞,𝐤𝐢 𝐬𝐡𝐚𝐫𝐨𝐛 𝐩𝐚𝐬𝐭𝐚𝐭 𝐤𝐮𝐧𝐚𝐝)"
agressorr_077,channel,Пахан.,1024,"Baby,ты играешь не по рангу."
cashbacklab,channel,Екатерина 💜 КешбэкЛАБ 💜 Где покупки становятся бесплатными 💸,308,Кешбэк до 100% на WB и Ozon - без волшебства💫  Я на связи 📩 @katerina1225d
moskovskayarabota,channel,Твоя работа | MY DAY,100823,"Свежие вакансии для тех кто ищет работу. Ежедневно, ежеминутно, рядом.  Также от нас:   Подработка: https://t.me/podrabotnikmd  Поиск жилья: https://t.me/gdemyday  Сотрудничество / Реклама Публикация:  @UlianaChesh"
tusovkisbelkoi,channel,Тусовки з Бiлкою,1802,
tusovkiekb,channel,Культурные тусовки | ЕКБ,1045,"Анонсируем и делаем бесплатные, интересные мероприятия в городе 🌉   Пригласить друга: https://t.me/tusovkiekb  Чат тусовок💭  t.me/+R8z6bfE2zPw0Y2U6  Голосовать за канал: https://t.me/boost/tusovkiekb  Предложка: @ffccfr"
tusovkaminskaya,channel,тусовкаминская™,1001,Для заказа - @tgplusik  ig - www.instagram.com/tusovkabrand/ tiktok - www.tiktok.com/@tusovkaminskaya
podrabotka_v_nizhnevartovske,channel,Работа Вакансии Нижневартовск,790,Топовые вакансии в Нижневартовске По всем  вопросам @operator_rabota_rf
gazetavarta,channel,Газета Варта,897,Новости Нижневартовска и Югры
nizhnevartovsk_timur,channel,Нижневартовск |ДНО,84,Бот обратной связи @NizhnevartovskLox_bot
justnow_nv,channel,Сейчас | Нижневартовск,1884,у нас самые лучшие подписчики И у нас воруют контент  Курилка для обсуждения новостей: https://t.me/+lJNRYlE7pdtlODJi  Связь с админом: @justnownv_bot
hellonownv86,channel,"Привет, сей час Нижневартовск",1227,hellonownv
chumabollotnay,channel,чумаболлотнай,467,"любовь, шутки, правда  мы про нижневартовск  ВК: https://vk.com/gorodnjc Чат для обсуждения : https://t.me/chat_njc  если что-то нужно, пиши: @chumanvbot  Вся сетка каналов Чумаболлотнай https://telegra.ph/Vsya-setka-kanalov-CHumabollotnaj-02-16-4"
ionasnv86,channel,"🏡 Магазин ""Ионас"" Нижневартовск",301,Хозтовары для дома и дачи
cx_researchers_chat,group,Чат CX-рисечеров,747,
namesgiselle,channel,Japanese Aeri,728,Lana Never Die Goal 1k
skidki_na_odezhdu_chat_znakomstv,group,"Скидки на одежду чат | знакомства 18+ Пермь, Нижний Новгород, Омск в твоем городе",627,
chat_na_grille,group,чат @na-grille,404,
rishtonidishlari,group,Rishton kulolchilik mahsulotlari sopol idishlar / риштон кулолчилик махсулотлари,45,🙂 Guruhimizga xush kelibsiz! 😊Kuningiz xayrli va barokatli o'tsin! Rishton idish tovoqlar sivinerlar sovgʻalar shu guruhda
tsvetkorolev,group,ЗД кашпо и излишки | 3D печать,19,t.me/rostvgorsh    Основной канал
invvest_rozigrish,channel,ИНВЕСТ РОЗЫГРЫШ,327,
artistzemleroika,channel,A. Zemleroika | коммишки | заказы открыты,118,Канал по моим работам.  @Zemleroy2081 - мой щит пост канал   @zemleroika2081
relax_style02,channel,Relax style “Arxiv”,153,
memekotya,channel,MemeKotya,270,"Здесь я публикую свои arts (осторожно, есть 18+)  Другие тг каналы:  щищпост - https://t.me/sallowart_memekotya Мем канал - https://t.me/kotyacorre Стихи/песни - https://t.me/swallowpoetry чат НРИ инфо(Москва) - https://t.me/igrulikinasolki"
rouselake,channel,𝇄ׄ ♡͟⋮ 𝗋𖹭͜𝗌𝖾 ̈ ᠀᷼◌🪷,23,𝘔𝘺 𝘣𝘪𝘰
kukusikcave,channel,Пещера,102,"Работа оплата до 100к рублей в час, тг: @Kukusik2022 Работа простая, за каждые 10 граффити ""Работа оплата до 100к рублей в час, тг: @Kukusik2022"" платим. Цена договорная"
merianmcdevil,channel,MMCD,54,18+ тут малюночки і щітпост
nanakonews,channel,Нанако Новости,28,
mydissociations,channel,𝘃𝟯𝗿𝘀𝗱𝗮𝗽𝗲𝘀 [14+],13,#. Навигации; @versbignvg
kislovaaprice,channel,»ķíšłøvā . . . přįċẽ łǐșť«,1,
trashshark,channel,Свалка нейроХУДОжеств Йожа и Акулы,396,"Черт знает зачем, но оно надо..."
dltrash1000,channel,Trash-1000,17,"Та самая папка с хламом, который никак не удалить."
trashnxxxi,group,MELLSTROY TRASH 2.0 Chat,828,Канал: https://t.me/+Cl1eUQT7nwZjMmMy По рекламе: @straikstr0y
trashback_net,channel,TrashBack,511,"Цикличная экономика за 3 шага: вовлекаем в эко поведение с помощью мобильного приложения, собираем отходы с помощью фандоматов с ИИ, возвращаем отходы в экономику в виде изделий, напечатанных на нашем  3D принтере https://trashback.net info@trashback.net"
eversiegetrash,channel,ИЛЬЯ A+ Груз 300 ахуеть он вставил мне в жопу ТРИ подписчика СИЖКА БЛЯТЬ!!!!! США ИРАН УКРАИНА ПОСЛЕДНИЕ НОВОСТИ ТОПОР BAGMAY,334,Eversiege’s Trashcan | RU/ENG - The channel for shitposting and my local banter | 21 administrator | reach to @eversiege for suggestions and complaints  RKN: https://goo.su/E7nO8Iu
trashkitty,channel,Sanrio Co. Ltd,456,autistic mindshare 249 iq  by @sanriouv
trashcrash500,channel,Darwin Ultimate,152,La evolución de trading algoritmico.
shhhtrihh,channel,Крутое Кладбище мусора Штриха,107,"Не опять, а снова Анон для реквов и прочего: http://t.me/voprosy?start=omiwna Вп удаляется через день!!"
trashgirlwhaaa,channel,˙⋆ autistic girl trash anthem ⋆˙,127,admins home: https://t.me/skvoznojevip
trashceo,channel,trashceo,83,ww/ finnabinoid  @rune_80 #sportsmusic
trash21century,channel,"Мда, треш - канал фикбукера",88,"Это канал одного автора на Фикбуке, да, меня, Треша 21 века Здесь вы можете наблюдать разные арты/наброски по мифоискателям и в дальнейшем по некоторым другим фандомам 🥐 http://t.me/anonquebot?start=jaxwf"
ttt_trash,channel,треш,76,🤟🏼
trashtela,channel,Trash Tale,94,Hell in my mind
trashcan_qg,channel,ᗰᎽᙅᗣᖘᕼᖆ Ꮶᖚᕡᗪᙧᗣ,91,"творю, пока не парализован.  личка для связи – @the_smell_of_a_corpse  группа в вк – https://vk.ru/trashcan_qg"
tg_kanal_pashi,channel,🌳Погреб Паши🌳,100,Что сюда писать?
web_trash,channel,Сказки без цензуры,69,"Присаживайтесь и читайте самые необычные истории из жизни  сказочных персонажей. Детей отправьте в детскую, потому что в сказках, порой, скрыта суровая правда жизни. Слёзы, сопли, мат, алкоголь и насилие."
chshit_reposts,channel,chshit 🗑 #reposts,34,рофлим. создаем. продвигаем.  предложка @prcffwbot
jobcari,channel,JOBCARI.COM,92733,Info terkini jawatan kosong di Malaysia. Maklumat lanjut layari jobcari.com
frilance_anna,channel,Живой контент | Анна Фадеева,1188,"Контент-партнёр для экспертов и помогающих специалистов.  Помогаю собрать мысли, удерживать регулярность и вести Telegram так, чтобы блог не превращался во вторую работу и при этом помогал привлекать клиентов.  Я тут🔹 @anuta_frilance🔹"
fukuok_nedvijimost,group,Фукуок недвижимость | аренда жильё,2186,Фукуок жильё - недвижимость  • Чаты по 140 странам МИРА: @tele_360chat • Анонсы новых групп: @slavianskiy_forum  - Реклама: @PR_3600 - Как снять БАН: @unlock_360 - Техподдержка / АДМИНЫ: @FAQ360  ПРАВИЛА ЧАТА + проверенные люди: telegra.ph/360-10-05
jobscroatia,channel,🇭🇷 🇺🇦 2026 Робота в ХорватіЇ/Jobs in Croatia/Работа в Хорватии 🇭🇷 🇺🇦,824,🇭🇷 🇺🇦 Робота у Хорватії для українців. Сезон 2026 року. Безкоштовні вакансії / Jobs in Croatia Facebook: https://www.facebook.com/groups/JobsCroatia/ сайт https://horeca.job-europe.com/
ua_news_zagreb1,channel,UA NEWS ZAGREB/Новини Загреба,949,-Новини Загреба/Хорватії -Цікаві факти про Загреб  -Допомога українцям  Для зв'язку/реклами: Адмін- @Ol_zagreb
zagreb_chat,group,Загреб чат | Хорватия,63,Загреб чат | Хорватия  • Чаты по 140 странам МИРА: @tele_360chat • Анонсы новых групп: @slavianskiy_forum  - Реклама: @PR_3600 - Как снять БАН: @unlock_360 - Техподдержка / АДМИНЫ: @FAQ360  ПРАВИЛА ЧАТА + проверенные люди: telegra.ph/360-10-05
croatianmemes,channel,Хорватскі меми #ГалТґ,425,Ту будут меми (й не тілько) за Червону і Білу Хорватію✨
croatia_best_real_estate,channel,Нерухомість in Croatia | Coast & Zagreb | Buy & Rent,962,Купівля нерухомості в Хорватії (Загреб та узбережжя). Оренда квартир у Загребі  WhatsApp +385991660001
kroatien24,group,Хорватия Chat,70,"Чат о Хорватии, Информация, Общение, Kroatien, Information, Kontakten, Хорватия"
heychefandrey,channel,"Эй, Шеф!",978,"О том, как любить свою работу 👨‍🍳 Петербург, Москва, Камчатка, Вьетнам, Хорватия 🇷🇺 🇭🇷 🇻🇳  YouTube https://youtube.com/@chefandrey  Boosty: https://boosty.to/chefandreymatveev"
dubrovnik_chat,group,Дубровник чат | Хорватия,52,Дубровник чат | Хорватия  • Чаты по 140 странам МИРА: @tele_360chat • Анонсы новых групп: @slavianskiy_forum  - Реклама: @PR_3600 - Как снять БАН: @unlock_360 - Техподдержка / АДМИНЫ: @FAQ360  ПРАВИЛА ЧАТА + проверенные люди: telegra.ph/360-10-05
pdbrazhnkh,channel,pdbrazhnkh,272,"От сестёр Подображных с любовью: анонсы о регатах, курсах, спектаклях и прочем движе ❤️"
split_chatik,group,Сплит чат | Хорватия,26,Сплит чат | Хорватия  • Чаты по 140 странам МИРА: @tele_360chat • Анонсы новых групп: @slavianskiy_forum  - Реклама: @PR_3600 - Как снять БАН: @unlock_360 - Техподдержка / АДМИНЫ: @FAQ360  ПРАВИЛА ЧАТА + проверенные люди: telegra.ph/360-10-05
croatiacoin,group,Croatia Coin🇭🇷🇭🇷🇭🇷,396,Website: https://croatiacoin.vip/🇭🇷🇭🇷🇭🇷. X https://x.com/CroatiaCoin
bitcoincroatia_group,group,Bitcoin Croatia [],287,Want to make your project 10x?🔥   Want to make your project to the moon? 🚀   Want to buzz up your community? 📣   Just CONTACT us ✉️  @tradeconsultant    @cryptocurrencies_signals
pula_chatik,group,Пула чат | Хорватия,20,Пула чат | Хорватия  • Чаты по 140 странам МИРА: @tele_360chat • Анонсы новых групп: @slavianskiy_forum  - Реклама: @PR_3600 - Как снять БАН: @unlock_360 - Техподдержка / АДМИНЫ: @FAQ360  ПРАВИЛА ЧАТА + проверенные люди: telegra.ph/360-10-05
rovinj_chat,group,Ровинь чат | Хорватия,11,Ровинь чат | Хорватия  • Чаты по 140 странам МИРА: @tele_360chat • Анонсы новых групп: @slavianskiy_forum  - Реклама: @PR_3600 - Как снять БАН: @unlock_360 - Техподдержка / АДМИНЫ: @FAQ360  ПРАВИЛА ЧАТА + проверенные люди: telegra.ph/360-10-05
russianhouseincroatia,group,Русский дом в Хорватии,90,
zadar_chat,group,Задар чат | Хорватия,15,Задар чат | Хорватия  • Чаты по 140 странам МИРА: @tele_360chat • Анонсы новых групп: @slavianskiy_forum  - Реклама: @PR_3600 - Как снять БАН: @unlock_360 - Техподдержка / АДМИНЫ: @FAQ360  ПРАВИЛА ЧАТА + проверенные люди: telegra.ph/360-10-05
trvl1n,channel,Вітя подорожує,74,
dom_traveler,channel,Дом Путешественника,58,"Путешествия, полезные советы, интересные маршруты  @Basilio_home"
veterperemen_balkany,channel,Югославия с Ветром Перемен,122,"Путешествие по странам бывшей Югославии: Сербия, Хорватия, Словения,  Босния и Герцеговина, Черногория  📝Информационный канал  туристической компании  Ветер Перемен. Поездка в с января по апрель 2025   ☎️ +79858982743 +79060344335  www.tkveterperemen.ru"
chilizhrvatska,group,Chiliz - Hrvatski (HR) 🇭🇷,40,Neslužbeni kanal za sve Chiliz i Socios.com fanove iz Hrvatske 🇭🇷
balkansinvestgroup,channel,"Balkans Invest Group - Недвижимость, ВНЖ и инвестиции в Балканах и Европе: новости, советы, выгодные предложения. Италия, Албани",97,"Новости, Недвижимость в Европе: Албания, Черногория, Хорватия, Греция, Италия. Групповые инвестиции, новостройки, визы, гражданство, ВНЖ через недвижимость. Эксклюзивные объекты • Аналитика • Кейсы • Доходность 🌐 big-b2b.com"
montenegro_sda,group,Чорногорія/Хорватія/Словенія Біженці християни (АСД),64,"Допомога українським християнам (АСД та іншим) на території Чорногорії, Хорватії та Словенії - обмін інформацією по допомозі переселенцям - духовне спілкування і підтримка - інформування про заходи 🇺🇦 християнської діаспори ✍️ Адмін @zvizdaUA"
moparparquetrussia,channel,Mopar parquet Russia,46,"Официальный канал Mopar parquet (Хорватия) в России - современные дизайны, последние тренды, наши проекты в разных странах"
serbia_events_afisha,channel,Мероприятия в Сербии🚗Афиша,43,Самые актуальные события и поездки по интересным местам Сербии и не только.            #сербия #weekend #autotrip #gastrofest
ryazanov_museum,channel,Музей Эльдара Рязанова,347,"Кино | Рязанов || Новости | Мероприятия   Самара, ул. Фрунзе, 120  +7(846)332-05-16    https://ryazanovmuseum.ru https://vk.com/ryazanov_museum   📢 #новостиМЭР  📌 #МЭРафиша  🎥 #смотримсМЭР"
lifeinfreedom1398,channel,آزادی، عدالت اجتماعی می آورد.,165,اگر من انتخاب بین عدالت و آزادی، اختیار داشته باشم، من آزادی را انتخاب میکنم چرا که در یک جامعه آزادِ غیر عادلانه، من آزادی دفاع از عدالت را دارم، ولی در یک جامعه که به نام عدالت، آزادی مرا گرفته باشند، اگر عدالت محقق نشود، من آزادیِ اعتراض را هم ندارم
le_tireur2,channel,le-tireur- канал СКУ(У),85,"Официальный канал Союза коммунистов Украины, продолжающих борьбу на Украине"
oldmarxist,channel,Дом престарелых марксистов,38,
redpraetorian,channel,پرتورین,14,نشریه مارکسیستی-لنینیستی پرتورین
ustinovfr_geojob,channel,Вакансии и резюме | Геодезист,31,"Вакансии для геодезиста, резюме геодезистов Предложить объявление @ustinov_fr"
jovageology_oficial,channel,JovaGeology🌎: Geología & Ciencias de la Tierra,18,Divulgación científica de Geología Sitio web https://www.jovageology.com  Bot IA: https://t.me/jovageology_iabot
gwvacanciesbot,bot,Group Working Вакансии,,
geeklink_jobs_bot,bot,Поиск IT-вакансий GeekLink,,"Поиск по базе вакансий GeekLink. Чтобы добавить свою вакансию, разместите ее на GeekLink.io"
gh_vacancy_bot,bot,GH_vacancy - бот вакансий GetHelpers,,Бот для размещения вакансий
jobs_vacancy_bot,bot,Jobs Bot | G.Media HR,,Список актуальных вакансий в перспективный медиахолдинг  List of current vacancies
vakanser_bot,bot,vakanser.ru | вакансии и резюме - удаленная работа,,vakanser.ru – быстрый и лёгкий способ найти работу
vakansii_getjob_bot,bot,Размещение | GetJob,,✉️ Бот создан для публикации вакансий/резюме в GetJob  🎬Канал @GetJob_Freelancer  👨‍💻 Администратор - @dzmitrynero
hrvakansiiobot,bot,HR Вакансии 👤 Работа рядом,,
wvakansii_bot,bot,Вакансии,,
geogebrastarodubceva,channel,GeoGebra от Елены Стародубцевой,873,Обучение GeoGebra.   Группа в ВК Сделано в GeoGebra https://vk.com/madeingeogebra
portalgispro,channel,PortalGIS.Pro,429,Галузевий інформаційний ресурс
zioandisuds,channel,🌎 Геопространственные технологии | spbkap,356,
ageotech,channel,"Тахеометры, Lidar SLAM сканеры, GNSS, нивелиры, трассоискатель, трубный лазер, Геодезия, строительство, обучение, сервис.",490,Геодезическое и 3D-измерительное оборудование Тахеометры • GNSS • нивелиры LiDAR SLAM и 3D-сканеры Продажа • аренда • сервис • обучение Казахстан  🌐 ageotech.kz  📲 WhatsApp: +7 777 288 30 20
geocysts,channel,talons stuff,144,it’s art!!!! or something like that
geohelperyarovoy,channel,Конспектики геологов 2,105,Предложка: @infopovodeshkerebot
geoidea,channel,Геоидея | рыбалка,89,"Лайфхаки, технологии, события и экипировка. Обзоры и тесты. Канал для спиннингистов. https://geoidea.ru/"
fotogrametria2021,group,Global mapper y agisof metaphase,282,
photographersclub,group,Яжфотограф Чат,202,Чат канала Koldunov Brothers Photo:   https://t.me/koldunovs  Видео: youtube.com/koldunov Группа: vk.com/koldunovphoto
germanik_ph,channel,Germanik_ph🤍📸с любовью к фото!,56,"Всем привет !)  Меня зовут Маргарита , я фотограф в Петербурге📸 Мой профиль : -Персональная студийная съемка,  -Актерское портфолио  Instagram: https://www.instagram.com/germanik_ph?igsh=MTA3NHg2emY3eTBo"
photowalkers,channel,Photowalkers,128,"Todo sobre fotografia: memes, gifs, noticias.. comparte tus fotografias con nosotros!  Instagram y telegram: @photowalkersgirona"
studiosphaira,channel,Фото Видео для Бизнеса | Студия СФЕРА | Фотограф Борис Бушмин,126,"Профессиональная фотосъёмка Аэросъёмка фото и видео Создание виртуальных туров с обзором 360 градусов и панорам. Наши сайты: https://sphaira.ru | https://volgograd360.ru Телефон: +79026525550, +79173387170 ВК: vk.com/sphaira Youtube: https://goo.gl/D5sHrL"
kiririllfotaet,channel,Киририлл фотает,44,
photonograf,channel,Berberis vulgariS,56,Барбарисовые будни фотографа-ландшафтника на лонгборде
ph_nquestionn,channel,"Кстати, я фотограф",54,а вы знали что я фотограф  для записи на съемку пишите в личные сообщения тг канала
grafinnaphoto,channel,INNA GRAF,61,Фотограф влюбившийся  в свою профессию 📷 •Снимаю на Nikon-если это действительно важно)
fnfbfbfbfbfbffbfb,channel,fingerboarding by orlova,31,слей
radioaficionat,channel,Radioaficionats EA3,39,
phototigrish,channel,Фотограф Татьяна Ш,24,Фотография - вечное мгновение жизни
ghhgphoto,channel,гхг(фотоотдел),20,тгк с рисунками - t.me/ghhgisdead
ilovephotographychat,group,Photo Lovers | CHAT,11,"Qui si incontrano, scambiano consigli e condividono esperienze i ❤️Photo Lovers, la community fondata da Giulia Adami con appassionati di fotografia e con coloro che vogliono migliorare la tecnica e sperimentare nuovi linguaggi visivi."
fotokontra,channel,FOTOKONTRA,5,Наша работа — предметная фото и видеосъемка и аэрофотосъёмка.  Первая съёмка – бесплатно!  Сайт Fotokontra: https://fotokontra.ru  Наша почта: info@fotokontra.ru  Наш номер телефона: +79951184515
photomechanicru,group,PHOTOMECHANIC RUS,2,Русскоязычное сообщество Photo Mechanic Новости тут @photomechanic / Ведет @maxlemesh
fotomarketbot,bot,Чат дизайнеров и фотографов,,Чат по поиску заказчиков по дизайну и фото/видео съемке
zherdew_ru,group,Жердеш Москва,22061,"☑️ Жумуш , Квартира жана Пайдалуу маалыматтар!  ☑️ Работа, Квартира и полезные информации!  ⚒ Реклама жана Сунуштар боюнча админге кайрылыңыз!  - Инстаграм Instagram.com/zherdew.ru  ⚒ На счёт рекламы пишите админу!  Администрация👉 @JerdeshAdmin"
ulusmediasport,channel,Ulusmedia Sport,240,
tuslulvervil,channel,"Центр детского творчества ""Тускул""",243,Верхневилюйский улус
madou48malish,channel,МАДОУ №48 МАЛЫШ город Южно-Сахалинск,245,👶от 2 до 7 лет 🍽5-ти разовое питание 💼Развивающие занятия  🌻Прогулки  🌈Дополнительное образование  ✅ПФДО Сайт-https://madou48ys.gosuslugi.ru Ссылка на сайт «ОБЩЕЕ ДЕЛО»👇🏻 https://xn----9sbkcac6brh7h.xn--p1ai/19123/
kulturayurga,channel,Управление культуры и кино г. Юрги,135,Официальный аккаунт Управления культуры и кино Администрации города Юрги  Наш сайт: https://kultyurga.kemobl.ru/  «Управление культуры и кино Администрации г. Юрги» в ВК: https://vk.com/club199083550  #КультураЮрга
araviaminsk,channel,Учебный центр ARAVIA Минск,618,"Обучающие курсы, мастер-классы и семинары для косметологов, мастеров по депиляции, эстетистов по телу и массажистов📚  Мы в Инстаграм: https://www.instagram.com/aravia_minsk/ Мы ВКонтакте: https://vk.com/id705074353 Мы в Вайбер: +375(29)629-12-24"
vacansii_minsk_rb,channel,Вакансии • Работа Минск • РБ | От HR,222,"Вакансии по Минску и РБ. Публикует HR. Удалёнка — редко, но бывает. РАЗМЕСТИТЬ ВАКАНСИЮ: @Dariy78 Оставить резюме: @Dariy78   Работа Минск, вакансии Беларусь, удалёнка, HR, подбор, РБ, без спама, проверенные предложения, без опыта"
trudminskby,group,Твой трудовой Минск_BY,190,"База актуальных вакансий по городу Минску от прямых работодателей в самых разных профобластях.    Просматривайте все предложения, чтобы не упустить лучшие вакансии! Мы поможем тем, кто желает зарабатывать и заниматься любимым делом!"
vakanciyaminsk,group,РАБОТА МИНСК / МИНСКАЯ ОБЛАСТЬ,31,
binaclinicby,channel,"БИНА - медицинский центр, Витебск | ЭКО",215,Многопрофильный медицинский центр.  Подробнее 👇🏻 binaclinic.by
glazaminska,channel,Глаза Минска,18,Гражданская инициатива Глаза Минска - наблюдение твоего города!  Мониторинг обстановки на улице и в телеграм пространстве.
kaminska_ann,channel,🗝️Anna Kamiska arts🎻,17,"Де Троянди поховані під снігом, де таємничий Листопад у своїм володінні...  Аватарка: @ 辰里L"
robotain_ternopil,channel,РОБОТА ТЕРНОПІЛЬ ДЛЯ ЧОЛОВІКІВ ДЛЯ ЖІНОК ЗА КОРДОНОМ В ПОЛЬЩІ РАБОТА ТЕРНОПОЛЬ МУЖЧИН ЖЕНЩИН ГРАНИЦЕЙ ПОЛЬШЕ,30,"Робота та вакансії Тернопіль  Вакансії, підробіток, стажування. Робота в офісі / дистанційно. Від прямих роботодавців та HR-менеджерів.  📌 Більше оголошень → @merezha_info  📣 Для розміщення оголошень та реклами: 👤 Роман: @robotain_support"
kalentevapro,channel,PRO Общепит с Калентьевой,4443,Реклама: https://telega.in/c/kalentevapro Подробнее про  услуги https://lkalenteva.pro/ Cотрудничество и реклама  @LKalenteva
prodvizhenie_dance,channel,PRO.Dviжение Челны,944,Школа танцев PRO.Dviжение. г.Набережные Челны
znamensky2006,channel,Знаменский СГЦ,253,"🐖 выращивание качественного племенного свинопоголовья  🥩 оптовая  реализация мясосырья и свиных субпродуктов высоких потребительских характеристик  🥓 производство ветчин, деликатесов из свинины собственного производства (бренд Знаменский ветчинный дом)"
prodvizhenie_tg_vanboven,channel,ПРОДВИЖЕНИЕ мультиблога // vanboven,1037,"Я — Аня! @vanboven_anna , известна в тг тем, что набрала большую сетку каналов > 140 пдп и зарабатываю на рекламе и своих продуктах.   Ты тоже так можешь, подписывайся на канал, я тебя научу! В закреп чек-лист «готов ли твой канал к продвижению»"
fondvedmo,channel,Экспорт Подмосковья (Фонд поддержки ВЭД МО),672,Поддержка экспортеров Московской области
prodvigenie_vizyal,channel,"Авторские 🕯свечи, натуральный уют от Анны Свириденко. И конечно о продвижении в соц. сетях",1230,Найти меня можно по нику👇 @Anna_vizyal  https://vk.com/svechi_ruchnoy_raboty  https://vk.com/anna_cviridenko_prodvizhenie Мой блог ВК
prodvizhenie_v_telegramm,channel,Натали про TG-продвижение,747,"Я Натали, пишу про инфлюенс-маркетинг, рекламу и продвижение в телеграм. Постчу мемы и делюсь кейсами.  Форматы работы со мной: https://t.me/v_telegramm_reklama/67 • Опыт 5 лет • Более 30 ниш, реализованно 9+млн  Для связи: @natali_protg"
prodvizhenie_vdk,channel,Недвижимость Владивосток | Ипотека | Новостройки | Вторичка,229,Агентство недвижимости PROдвижение  6+ лет на рынке Новостройки — бесплатно Ипотека без ПВ Сложные ипотечные случаи Срочный выкуп недвижимости  Подбор квартиры 👇 http://wa.me/79841555700/
alaniaforum,channel,Южная Осетия: Экономика,569,"Новости экономики Южной Осетии: инвестиции, бизнес, торговля и экономическая политика. Деловые возможности и аналитика рынка."
prodvizhenie_tim,channel,МАРИНА ТИМОФЕЕВА,199,Школа жизни и бизнеса  @marina_timofeev_a
sopranos_quote,channel,Цитатник «The Sopranos»,885,"- берегитесь спойлеров; - интересное о сериале в закрепах; - кайфуйте.  «Клан Сопра́но» (англ. The Sopranos) — американский драматический телесериал, созданный телеканалом HBO, о вымышленном семействе итало-американской мафии на севере Нью-Джерси."
kardashdaily,channel,KARDASHIAN DAILY,387,ваш любимый канал о любимом семействе 💙наша группа вк: https://vk.ru/kardashianhouse 🩷наш запретграм: https://www.instagram.com/kyliejenner.daily?igsh=MTk2a3BxNDRmaXZhNg==
veronikafonov,channel,veronika1a,238,
cyberforever,channel,Учим Cyber (Bostrom),174,"Обучающие материалы о том как обучать Bostrom, первый в семействе блокчейн колаборативной работы над графом знаний. Cyber - название следующего блокчейна, в который войдут усовершенствованные возможности Bostrom-a."
doma_vce,channel,ВСЕ - ДОМА,186,
h3llocloud,channel,Последнее коммерческое облако в России,1470,Строим облако в России и дико с этого угораем — H3LLO.CLOUD и L1veStack
dkarpachoff,channel,dkarpachoff,268,
danyal_larki1,channel,larki,181,
knigiisxoddarbogov,channel,Книги ИСХОД - Дар БОГОВ,365,"Великий Эксперимент ЕДИНОГО БОГА описан в Книгах ИСХОД (презентация Книг ИСХОД, цитаты, осознавания, открытые Конференции, молитвы)  http://kniganova.ru/knigi/14/?p=5"
said_s1,channel,sdd,139,
poleteliii_bot,bot,Попутчики,,
backstorybotbot,bot,𝖻𝖺𝖼𝗄 𝗌𝗍𝗈𝗋𝗒,,
eto_basis_bot,bot,eto_basis,,
cd101kingbot,bot,king101,,
shimererikson_bot,bot,shimer,,
write_guide_bot,bot,WRITE GUIDE BOT,,Получить доступ к курсу по копирайтингу WRITE GUIDE
nilyq_bot,bot,ur home,,I'm here !
refflection_bot,bot,reflection,,
qru2xwbot,bot,ㅤ🗯,,
havkido_bot,bot,Havkido,,
h_a_00z,channel,اســتـراحــة زومــا,263,
altfond,channel,КГКУ «Фонд имущества Алтайского края»,334,
ecoloft_kzl,channel,Эко-лофт Асанкхейя,195,"Эко-лофт Асанкхейя - это этнокультурный комплекс на природе, где мы создаём события, отдых и впечатления со смыслом, объединяя современный сервис и живую культуру Тувы. 🎉 Для праздников и банкетов Большой шатёр (100–300) Малый шатёр  Выездные церемонии"
bulletin_vrachihi,channel,Бюллетень Врачихи,7678,Налог на нормальность.  Архив подкастов Врачихи:   👉https://sponsr.ru/vrachiha_archive
buinuz,channel,Buxoro innovatsiyalar universiteti | Rasmiy,7171,🏛 Buxoro innovatsiyalar universitetining rasmiy telegram sahifasi  Bakalavriat | Magistratura | 2-mutaxassislik ▪️21 dan ortiq ta'lim yo'nalishlari ▪️Kunduzgi    ▪️Masofaviy   ☎️ Call markaz: +998(55)307-50-00 🌐 Sayt: bui.uz 👤 Admin: @bui_admin
themajubulletin,channel,The MAJU Bulletin,1170,Welcome to the MAJU Bulletin!   This is the public Telegram channel for MAJU: The Youth Policy Research Initiative.  Check out the pinned message in the channel to find out what we do!
zhwiki_bulletin,channel,zh wiki bulletin,199,中文維基百科公告欄 https://zh.wikipedia.org/wiki/Template:Bulletin
meretukov_rustem,channel,Меретуков Рустем,1028,Министр здравоохранения Республики Адыгея  Оставляйте свои обращения в комментариях!  ВКонтакте: https://vk.com/id694446107  Одноклассники: https://ok.ru/profile/588526633121  Сайт министерства: www.mzra.ru  Тел.: 8 (8772) 210-234
cipso_bulletin,channel,Вестник ЦИПсО,163,Новости. Политика. Мнения  Бот обратной связи: @cipsobulletinbot Почта: cipso_bulletin@protonmail.com  Пересылка чужих материалов не означает поддержку их автора или изложенных в них идей.
wefikerala,channel,WEFI BULLETIN,3075,
belpobed3,channel,White Victory | mod Age of History 2,611,Официальный канал мода White Victory в Telegram  Паблик в ВК - https://vk.com/belpobed  Чат в тг - https://t.me/+ynU4KVVTnB1mZDQy  Политический проект - https://t.me/National_elitism  Лор мода - https://telegra.ph/Lor-modifikacii-White-Victory-12-03
belpoznan_post_bot,bot,🤖Admin_post_bot🤖,,"Бот для размещения рекламы на ""Доске объявлений"", чате и канале ""Беларусов Познани"""
bessoznani,channel,БЕСсознания😈🌶️,256,"Я Тася, практикующий психолог, семейный системный терапевт.Консультирую онлайн по запросам:проблемы в отношениях,самооценка, тревожность, эмоциональная зависимость. обо мне на сайте https://andrienkotasya.ru/ Написать @TasiaAndrienko_psychologist"
belsolidarity_news,channel,Рух Беларускай Салідарнасці belsolidarity.com,201,Галоўныя навіны пра нашыя падзеі і мерапрыемствы.   Тут клапацяцца пра вашае самапачуцце і не перагрузяць інфармацыяй 🙌 Нашыя кантакты тут: www.belsolidarity.com
belpobed4,channel,White Victory | резерв,178,Официальный резерв мода White Victory в Telegram  Паблик в ВК - https://vk.com/belpobed  Чат в тг - https://t.me/+ynU4KVVTnB1mZDQy  Политический проект - https://t.me/National_elitism  Лор мода - https://telegra.ph/Lor-modifikacii-White-Victory-12-03
rpo31,channel,📉ДЕПАРТАМЕНТ ПРОЕКТНОЙ ДЕЯТЕЛЬНОСТИ Белгородской области,174,Официальный канал департамента проектной деятельности министерства цифрового развития Белгородской области.  – мы публикуем самые важные и интересные новости региона в контуре проектного управления  Следите за информацией и оставайтесь с нами!
belcredo,channel,ОАО БелКредо,48,Здесь мы будем выставлять новости предприятия
broprk,channel,Профсоюз культуры Белгород 💛💜,37,Белгородская областная организация Общероссийского профессионального союза работников культуры
rhcppoznan,channel,Red Hot Chili Peppa Poznań,45,
belstomcrystal,channel,"💎 ОАО ""Бел Стом Кристал""💎",43,Качественная стоматология по доступным ценам! Мы дарим волшебные улыбки!
razumnoen1,channel,Разумное №1,3,Первый информационный и развлекательный канал Разумного!
memeacquisition,channel,Meme acquisition,655,Nothing posted here should be taken seriously or as absolute truth
dreamjobcambodia,channel,Dream Job Cambodia.,554,Your Trusted HR Talent Acquisition Partners. Find the right job. Find the right talent. Join our network today!
dmanhstr08,channel,𝘿𝙢𝙖𝙣𝙝_𝙎𝙩𝙤𝙧𝙚🛒,112,-Cung Cấp All Menu Game All TB -Liên Hệ: @dmanhstr_08
adopt_bumblebee,channel,Бамбл ти адопт,133,"Доп канал, где будут только адопты, ючи и все такое  Основа: https://t.me/bumblebeeprice Лс: @murmyapopa"
decryptionlabs,group,Decryption Group,380,"Esteemed visitors, please be apprised that no content featured on Decryption.com or any ancillary platforms within our portfolio constitutes an offer to vend, nor an entreaty to proffer an acquisition, of any tokens."
crowdfense,channel,Crowdfense,266,Vulnerability Research Hub https://vrh.crowdfense.com  Crowdfense is the world-leading research hub and acquisition platform for high-quality zero-day exploits and vulnerability research. We offer the highest bounties in the industry.
adoptcosinus,channel,Адопты и т.д. косинуса,185,"Это НЕ арт канал, тут все чисто ради продажи персонажей и т.д  В СЛУЧАЕ ЧЕГО ДЕНЬГИ НЕ ВОЗВРАЩАЮТСЯ  Лс: @COSINUS2a"
genemanbinance,group,Binance User Acquisition in Germany,111,
htt_inquisition_souls,channel,Инквизиция души🚬🥀,50,Мы только на вид красавцы. Мы - моральные уроды!
chisbites,channel,𝓬.𝓫! ﾏ ₊ 🐾,61,ㅤㅤㅤㅤㅤㅤㅤㅤㅤㅤㅤㅤㅤㅤ ㅤㅤㅤㅤㅤㅤㅤㅤㅤㅤㅤㅤㅤㅤ                 ╭ 🎀 ───────────╮                   ◞˚ₓ   ꪮ౿ @chisbitesbot                 kitten paws collection ..♡                  ╰─────────── 🐈‍⬛ ╯        ㅤㅤㅤㅤㅤㅤㅤㅤㅤㅤㅤㅤㅤㅤ
holy_inquisition8,channel,Святая Инквизиция,49,Чат канала:   https://t.me/hollysheeeet   Inquisitio Haereticae Pravitatis Sanctum Officium (18+)
aveholyinquisition,channel,👽Свята́я инквизи́ция 👽,30,
luvith,channel,فروش کالکشن کی‌پاپ,45,
amuadopts,channel,адопты аму не личный,47,Ok
cosmostarsadopt,channel,𝙲𝚘𝚜𝚖𝚘𝚜𝚝𝚊𝚛𝚜 𝙰𝚍𝚘𝚙𝚝,23,Адопты от @cosmonovalight лс Тгк @cosmowww
zookompasdv,channel,Зоокомпас 📢 Хабаровск и Дальний Восток,817,"📝 Объявления о пристройстве бездомных животных 🐕 Потеряшки, найденыши и подкидыши ❌ Не приют  📝 Объявления можно присылать мне в личку https://t.me/olylikn"
catcityspb,channel,Город Кошек | Котокафе,545,"Благотворительный проект – временный дом для котиков, которые ждут своих людей❤️ 📍Кудрово – ул. Столичная, д. 11, к. 3 (ежедневно 11:00-21:00) 📍Новая Голландия – наб. Адмиралтейского канала, д. 19 (ежедневно 11:00-22:00)"
cotopsi,channel,[НАБОР В АДМ] котопсы #догдей #dogday #кэтнап #catnap #dogdayxcatnap,151,Уютный и комфортный тгк по шипу кэтнап/догдей !! :3  Владелец - @qwtyp4 Админы - @pay421356 @CatNapDogDayShip Буст - https://t.me/boost/cotopsi Щп канал - https://t.me/kotopsihp Анонка - http://t.me/anonaskbot?start=si98i
klepataxi,channel,Зоотакси МОСКВА и МО,480,КлёпаТакси Безопасные перевозки для каждого хвостика 🐶🐰🐭🦁🐸 Связаться с нами 👉🏼 @klepamail Мы в МАХ
bluecotogusenica,channel,Blue Cotogusenica Confession,255,анон бот для тейков: @BlueCotogusenicaBot оформление тейков по желанию : t.me/cotogusenicaNavigation/15 кр баннера : @miyelechan кр аватарки : @yoshkinko
kartofania,channel,𝙺𝚊𝚛𝚝𝚘𝚏𝚊𝚗𝚒𝚊,104,☮️ всё что тебе нужно в закрепе 📌
bloptooop,channel,Котосова studio,145,"Hello ты попал на котосову studio  Что здесь вообще происходит ну это канал по бт и не только. Лепка, 3D печать ну и тд  Важная инфа  Лс владельца @CupBorzoi Др канала 21 декабря 2025 Др владельца канала 27 января  Автор авы Джамбоб    Ну все пока"
agni_catdog,channel,Агни и котопёс,70,
hatercreation,channel,Кофеёк у котофея,89,Котофей подвезёт годный контент.  @gina_belochka - по вопросам
evpakotopark,channel,evpakotopark | САМЫЙ ЛУЧШИЙ КОТОПАРК! ПРОБЛЕМЫ КОШЕК И СОБАК ЕВПАТОРИИ. ГРУППЫ ПОДДЕРЖКИ. КРЫМ. ЕВПАТОРИЯ.,29,"18+! ФРЕНДЛИ ЧАТ ""ВЗАИМОПОМОЩЬ"" ДЛЯ ЛЮБИТЕЛЕЙ КОШЕК И СОБАК. ЕВПАТОРИЯ. КРЫМ. ГРУППЫ ПОДДЕРЖКИ. ЖАЛОБЫ НА ТОКСИЧНЫХ ЗООАКТИВИСТОВ. ОТЗЫВЫ. ОБСУЖДЕНИЯ. КОММЕНТАРИИ. ПРЕДЛОЖЕНИЯ. РАВНЫЕ КОНСУЛЬТАЦИИ.   Вопросы: goginevpa(a)ya.ru  Наш чат: @chatyevpahelp"
kotopesratingbot,bot,Котопёс,,"Анонимные оценки и знакомства в один клик!  🔹 Оценивай других как 🐱 или 🐶  🔹 Общайся анонимно через ""шёпоты"""
kosmokotmars,channel,КосмоКот 😺 - Марс 🐾,55,🐾 КосмоКот Марс 🐾 — представитель породы Шотландская прямоухая (Скотиш Страйт).   📣 Присоединяйтесь ➡️ @KosmoKotMars и поддержите голосованием ➡️https://t.me/boost/KosmoKotMars пушистика. Это важно для нашей космической миссии! 🐱  #котики #кошки
mopsuandtaksu,channel,мопсы + таксы cf!!🐶🧃,19,
ty_pes,channel,ты пёс 🥚,37,Великий Мудоборец Альф рассказывает о жизни
kartokoshki,channel,Картошки,28,Две кошки и одна картошка
devon_rex_kokos,channel,Кокос devon rex,9,Порода Девон-рекс
shuriandchester,channel,Коломяжские и не только хвостики 🐱🐶,21,"Канал создан для помощи двум малышам с Афонской улицы, а вышло, как вышло 🤷‍♀️"
vlluvkook,channel,vluvkook,2997,🐻: хён обо всем позаботится.   не новостной канал !   bts/monsta x   📩: @taelovesjkbot
obmen_thbrub,group,ОБМЕН ВАЛЮТЫ РУБ БАТ 🇹🇭 Таиланд Паттайя Пхукет Бангкок,2318,"ОБМЕН ВАЛЮТЫ В ТАИЛАНДЕ Пхукет, Паттайя, Панган, Самуи, Бангкок, Краби  Правила группы  https://t.me/obmen_thbrub/6  По вопросам обмена пишите: Администрация группы:"
phuketnovosty,group,Пхукет чат,1691,"Пхукетский чат. Общение, объявления, новости, знакомства.  Все чаты: Пхукет @PhuketNovosty Самуи @SamuiNovosty Панган @PhanganNovosty Паттайя @PattayaNovosty Чиангмай @ChiangmaiOpenChat Бангкок @BangkokNovosty"
pattayanovosty,group,Паттайя чат,1620,"Паттайский чат. Общение, объявления, новости, знакомства.  Все чаты: Пхукет @PhuketNovosty Самуи @SamuiNovosty Панган @PhanganNovosty Паттайя @PattayaNovosty Чиангмай @ChiangmaiOpenChat Бангкок @BangkokNovosty"
phangannovosty,group,Панган чат,1175,"Панганский чат. Общение, объявления, новости, знакомства.  Все чаты: Пхукет @PhuketNovosty Самуи @SamuiNovosty Панган @PhanganNovosty Паттайя @PattayaNovosty Чиангмай @ChiangmaiOpenChat Бангкок @BangkokNovosty"
homeforyouthailand,channel,ПРОДАЖА | АРЕНДА НЕДВИЖИМОСТИ | ТАИЛАНД,1137,"Агентство недвижимости в Таиланде  ⦁ Новостройки и вторичное жильё ⦁ Паттайя | Пхукет | Бангкок ⦁ Без комиссий ⦁ Не продаём, а помогаем ⦁ Бесплатный подбор⇩  Наш сайт: https://homeforyou.pro/"
bolgarinka,channel,Болгарочка,133,"Привет,я Ваня✌️ Болгарская россияночка Почему именно Ваня, а также об интересных местах и людях рассказываю в этом канале Welcome)"
dikie_zemli,channel,Дикие Земли™ Путешествия по России и Миру,639,"Воплощаем мечты в реальность Даём почувствовать настоящий вкус жизни Более 10 лет создаём туры и приключения, от которых захватывает дух  Наш Instagram 👇 https://instagram.com/dikiezemli"
keryverse,channel,Кэри из шкатулки Пандоры,562,Чат для Army (информация по туру BTS 2026-2027 и просто чудесное комьюнити) - @bts2026tour
moto_alex_trip,channel,Мото Леха,195,"В этом канале будет публикация новостей с поездок, мои планы по поездкам и просто фото и видео в самом процессе поездок."
byxarakray,channel,Типичная Брюховецкая и край🔞,1277,"Актуальные новости Брюховецкого района и края🚀 События,происшествия,объявления,всё в одном месте 🔥"
ogibdd_bryuhoveckaya,channel,ОГИБДД Отдела МВД России по Брюховецкому району,284,
bruhodm,channel,Отдел по делам молодёжи МО Брюховецкий район,178,Официальный канал отдела по делам молодежи муниципального образования Брюховецкий район.    📎 Патриотическое воспитание  📎 Добровольчество  📎Оздоровительная кампания  📎 Спорт / экстремальный спорт  📎 Туризм  📎 Творческая деятельность
ogorodahivesyah,channel,о городах и весях,146,"непопулярный журнал заметок и наблюдений среднестатистического архитектора, наслаждающегося глубиной глубинок.    Книга жалоб и предложений: @ogorodahivesyah_bot"
bbrehovo,channel,БОльшое БРехово,279,"Территориальное средство оповещения сообщества жителей микрорайона Большое Брехово, д. Брехово, ГО Химки."
mbu_bmcb,channel,Брюховецкая межпоселенческая центральная библиотека,94,"https://taplink.cc/mbu_bmcb  МБУ «БМЦБ» Брюховецкая Центральная Библиотека ул.Красная, 205 Режим работы: с 9:00 до 17:00 Выходной: четверг"
luhunarmia,channel,Юнармия Луховицы,95,
bsk_burevestnik,channel,Буревестниковский сельский клуб 📣🇷🇺,199,Филиал Курильской ЦКС в с.Буревестник 💃🎤🕺
raipolyakhovichi,channel,ЛЯХОВИЧСКОЕ РАЙПО 🇧🇾,147,
vakansiii_volzhskiy,channel,Работа в Волжском,2113,📌 Только отборные вакансии в Волжском.  Реклама и сотрудничество  👉 @Work_support
danilnikashin,channel,Данил Никашин,4513,"Данил Никашин – психолог, Терапевт Души 1500+ зажженных сердец!❤️‍🔥  Запись: @nikashin_mg N 5079995960"
m4rrlw,channel,폴marvel,1301,own pasha @OfficiaIHwangHyunjin goal 1500
katseyesticks,channel,Katseye Stickers,1249,own: кая Goal 1500 прайс: @katstiprice
ubtl140,channel,UBT_139+1[2023],240,Сұрақтар бойынша👉🏻 @kzh_22
ruda_chita,channel,ТуцТуц QUIZ и Лото в Чите,593,Все об играх ТуцТуц в Чите 💜 Квизы | новости | расписание   Группа в Вк https://vk.com/ruda_cht Регистрация на игры: https://rudagames.com
chita_region75,channel,"Регион-75, Чита",1437,
chitoro,channel,૮⑅ . . ა Chitoro ୨...୧,3684,since : 28.9.22 handled by @Iullabiess emergency contact 🚨 @chusnufflesbot
bogilia_chita,channel,БОГИЛЬЯ - центр красоты и косметологии,689,"ЦЕНТР КРАСОТЫ И КОСМЕТОЛОГИИ ""БОГИЛЬЯ"" 18 лет работаем для вас 💕  ▪️АППАРАТНАЯ,  ▪️ИНЪЕКЦИОННАЯ  ▪️И ЭСТЕТИЧЕСКАЯ КОСМЕТОЛОГИЯ    КАЧЕСТВЕННЫЙ УХОД  — ЭТО МУДРАЯ ИНВЕСТИЦИЯ В ВАШУ КРАСОТУ И ЗДОРОВЬЕ.   Чита, Журавлева 36.  +7914-125-50-00."
iche_official,channel,@iche.official,760,"[айче’] | сибирский бренд одежды в знаке Венеры♀  https://icheofficial.ru  Красноярск Телевизорная, 1 ст. 3, 11:00-19:00 9 Мая 77, ТРЦ «ПЛАНЕТА», 1 этаж 10:00-22:00"
saitechiru,channel,saite chiru,237,"клиническая психология, любовь к деталям и чайное искусство  ✿ тикток: tiktok.com/@saite.chiru"
chitarabotazabkrai,channel,Работа Чита. Забайкальский край,933,"Вакансии, а так же поиск работы в Чите и Забайкальском крае!!! Объявления размещаются бесплатно раз в сутки!!! Для размещения вашего объявления пишите администратору:  @NataliyaT0703"
scteamcave,channel,ScCave°,409,— всё о жизни самой дружелюбной кофейни Москвы. °( 🐚 )
otmorozok_che,channel,Отморозок Че,71,
roszhilfond_chita,channel,Новостройки РЖФ,455,Актуальные цены и новости по Новостройкам в Чите и России  8 (3022) 714-714 / +7(924)8114714  Сайт: https://chita.vladis.ru/  https://vk.com/rosgilfond75
webtousru,channel,Webtous,187,Обзор лучших онлайн сервисов и программ. Лайфхаки при работе за ПК. Самые важные новости мира Интернет.
whiteches,channel,Шахматы с Платоном 🇷🇺♟🐶,63,В своем канале в Telegram я делюсь своими шахматными достижениями и опытом.
afishavl,channel,Афиша Взрослые Владивосток,263,Афиша Взрослые Владивосток.   Присылайте ваши анонсы в личное сообщение @Evgeniya_Admin_Afisha  Наши соцсети:  Телеграм https://t.me/afishavl  Max  https://max.ru/join/KjMg2-c9TWwHyik80zON2ubxKBKhVlg6S2VEFl5uLV0  ВКонтакте  https://vk.ru/afisha__vl
afishavrf,channel,Афиша Вологда.рф,1420,"Развлечения в Вологде: фестивали, концерты, детские мероприятия и другие интересные события города.  Мы в ВК — https://vk.com/afishavologdarf"
volgaflot,channel,Новости по-флотски | Волжское пароходство,1772,⚓️Телеграм-канал Волжского пароходства.  Новости компании и не только
volzhski,channel,Кадровый центр г. Волжского,104,
kittly123123,group,kitty🐱男性私密性保養工作室🐉,2799,竹筍大波  天然後生美女   真人靚過相  女朋友feel  預約時間：12:00-10:00 💼工作室：kitty🐱男性私密性保養工作室🐉 TG預約：@Kitty99332 TG睇圖：https://t.me/kittly123123
individualki_kazan_chat,group,Индивидуалки Казани,20,"Проститутки, эскорт ❤️ знакомства с красивыми девушками для секса 💃 Анкеты индивидуалок и проституток Казани По рекламе ☞ @spawners_rauwolfia Наш сайт prostitutki-kazan-sexplanet.com"
martiiiklg,channel,VIRT SHOP,1396,
intim_virt_chatbot,bot,Чат Рулетка ❤️ Знакомства | Пошлый чат | Общение,10519,❤️ Анонимный чат для знакомств Реклама: @JerryIm
virt_znakomstva33,group,Вірт Чат Україна 🇺🇦✨,1300,Чатик Віртиків 🇺🇦 💬 Адмін: @sashuany000 📩 Всі питання — сюди: @sashuany000 🚨 Заскамили? Не мовчи — @sashuany000 💎 Хочеш VIP-статус (платно)? Пиши — @sashuany000 #пиар#взаимподписка#вирт#виртчат
offpatent,channel,𝐨f̷fıc͟͟iׅ⍺l ƿɑʈėƞȶ,492,"патент можно сделать на название/идею/псевдоним, работаем во всех км и вирте правила проекта - https://telegra.ph/OFFICIAL-PATENT-05-17"
virt_poiice,channel,Вирт полиция,347,owners: @metvlada @Alinoviya @elpiyt
virtisdkf,channel,υպⲩ ⲥⲡ/ⲕⲫ/ⲏью/ⲇⲣⲩⳅⲉύ ⱽⁱʳᵗ 2.0,138,Владелец- @Laksi_23 Чат - @chatisdkf Блог владельца- @Iwaanntt
vakhta_russian_chat,group,"Не спи, ты на вахте! | ЧАТ",79,
eutopw,channel,закрыто 🔒 𝗘𝘂 *tø.pia < 圖示!,57,"eutopia – это полноценный лгбт эксперимент в от'вирте, используемый для распространения пропаганды, и на этом канале я расскажу вам почему"
tajik_custom,channel,𝗦𝗛𝗢𝗣 • MAHAN♛,628,Owner : @mhntajik
forward_prodaja,channel,FORWARD FREE FIRE,370,
mirzaperimium,channel,ربات اشتراکی میرزا,1957,
darimprizz,channel,Top blogger priz,2002,
newface_modelschool_obninsk,channel,NEW FACE // НОВОЕ ЛИЦО Обнинск,639,"Профессиональная модельная школа, школа эстетического развития г.Обнинск  ⚡️Запись на учебный год 25/26: https://forms.gle/RvN2xiquFen9D4yw7"
gdk_obninsk,channel,ГДК г. Обнинск,230,"МБК ""Городской Дворец Культуры"" является центром культурной жизни и концертной площадкой для крупномасштабных мероприятий.  Адрес: Проспект Ленина, д. 126.  ☎️ для справок: (484)393-20-95. Вся информация о мероприятиях на сайте: http://gdk-obninsk.ru/"
current_obninsk,channel,Актуальный Обнинск,433,
obninsk_tech,channel,"ГАУ КО ""Технопарк ""Обнинск""",127,"Технопарк Обнинск - место где все ваши идеи могут получить реализацию. Будь с нами, продолжай развиваться!"
podrugi_obninsk,channel,Подруги Обнинска,382,
shkiobninsk,channel,Школа Креативных Индустрий города Обнинска,313,"Школа Креативных Индустрий города Обнинска - структурное поразделение МБУДО ""ДШИ №2 им. Н.Метнера"" г. Обнинска   • Студия звукорежиссуры • Студия фото и видеопроизводства • Студия современной электронной музыки  Обучение бесплатное  2 года  Дети 12-17 лет"
xchat_obninsk,group,"Подруги Обнинска, чат",329,❗️Бан за: сторонние ссылки/вирт/предоплата/упоминание наркотиков/политика/не тематические сообщения/возраст меньше 18 лет.
arthall_obninsk_dance,channel,АРТ.ХОЛЛ Дом Танца,1136,"Танцы — это ТВОЁ! Группы для детей от 3,5 лет Группы для взрослых 18+ Хип-хоп | Брейкинг | Хип-хоп 18+ | К-поп | Хорео  Запишись: https://taplink.cc/domtanca_arthall  Аренда залов: https://t.me/arthall_arenda"
er40_obninsk,channel,Единая Россия|Обнинск,26,"Местное отделение Партии ""Единая Россия"" города Обнинск Калужской области   vk.com/obninsker"
psiholog_obninsk,channel,Равновесие,365,"Центр психологической помощи «Равновесие» в Обнинске. Индивидуальные и групповые занятия для детей, подростков и взрослых.   Запись к психологу https://n1225629.yclients.com/company/1122214/"
breaking_obninsk,channel,Буревестник брейкинг в Обнинске,48,«Буревестник» - современная школа брейкинга в Обнинске для детей 7+ под руководством тренера Владимира Линник   Стиль. Характер. Уверенность.   Быть собой - твоя сила!   Запись: https://t.me/Vladimir_linnik
nmstudiaobninsk,channel,Салон красоты НМ-студия | Обнинск,258,"Это философия красоты и образ жизни.  Широкий спектр услуг. 15 лет работаем с заботой о Вас.   – Запись: https://vse-v-salon.ru/online-record/613/ – По всем вопросам:  +7 (48439) 2-42-43 +7 (905) 641-79-59 Обнинск, Курчатова 76 Ежедневное 9:00-21:00"
aksioma_obninsk,channel,АКСИОМА,171,"АКСИОМА - это прежде всего то, что не требует доказательств"
obninskchat,group,Обнинск чат,104,Город Обнинск @obninsk
adres_obninsk,channel,Бюро недвижимости «АдресЪ» Обнинск,99,Оказываем профессиональную помощь людям в сфере недвижимости с 2007 года.   Наши знания - Ваша собственность!   Необходима консультация? Пишите нам!
pricekittyy,channel,УСЛУГИ,58,Обратиться — @alennkaa1
resox_price,channel,price Clegane,71,
belaschwarz,channel,🕯𝐼𝑛ɸᴏ 𝐾ᴀ𝑛ᴀᴧ • Чᴇᴩнᴀбᴇᴧые🕯,14,❕Нᴀᴄчёᴛ Пᴩᴀйᴄᴀ • @Johnny_7776 Оᴄнᴏʙнᴏй ТГК • @REREREREID
pricewebs,channel,Прайс слив ог вэба,72,
pricenickprices,channel,Прайсник,18,
pricecatri,channel,реклама от катришы!🐾,9,
rabota_vahtoy_trudoustroystvo,channel,Работа вахтой,458,"Работа вахтой, трудоустройство онлайн. Вакансии.Реклама. https://t.me/+SDJ5h7AWzlVjYTgy"
trudnoustroystvo,channel,Трудноустройство,36,"Истории из жизни социофоба, который заставляет себя выходить из дома и шляться по собеседованиям.  Вывести автора из зоны комфорта: @Margarita_Sme"
blagoustroistvobrz,channel,Благоустройство города Березники,30,☑️ Канал управления благоустройства администрации города Березники  Чат-бот обратной связи @PermOfficially_bot
hairshop_ru,channel,САЛОНЫ HAIRSHOP,1644,Салоны красоты HairShop — №1 в наращивании волос. Мы создаём волосы 25 лет и знаем о них всё: ✔️ Безопасное наращивание ✔️ Загущение и удлинение ✔️ Естественный результат без “искусственности” ✔️ Проверенные техники   📲 Записаться https://clck.ru/3QMVCg
salon_kukol,channel,Бал кукол,3600,Выставки Авторских Кукол. Организатор Светлана Пчельникова  Заявки просьба направлять на почту:  pchela2008@mail.ru Вся информация тут 👇  https://taplink.cc/bal_kukol
salon_royal_hair_tehnology,channel,КЕРАТИН | ПРОФ | БОТОКС | НАНОПЛАСТИКА | ОБУЧЕНИЕ | Salon-Royal-Hair | Салон Роял Хаир,264,Косметика для парикмахеров Salon-Royal-Hair
nisa_salon,channel,Салон красоты НИСА,102,Парикмахерские услуги Маникюр и педикюр Косметология Лазерная эпиляция  Ресницы и брови Массаж
salon_milfey,channel,Бьютилогия,841,"Ваша Библия красоты: советы экспертов, обзоры новинок и anti-age методик.   ▫️Запись в салоны «МильФей»:  +7(965)-331-01-04  ▫️Онлайн-запись: milfey.ru  ▫️Интернет-магазин: @milfeyshop"
hanoi58,channel,황제 때밀이 스파 출근부,1664,0867071004 ( phone / zalo )  hanoi6969 ( kakaotalk )
salon_d_r,channel,Salon des Résonances,49,"Арт-салон.  Лаборатория резонансов. Камерные вечера, где музыка, слово и танец встречаются в диалоге. @mari_clu инст: @salon.resonances"
salonpv,channel,Салон «Пьяная Вишня»,408,"Проводим эстетичные Салоны шоколада и вина в атмосферных локациях Петербурга. Знаем все о шоколаде и вам расскажем! Изучаем историю, реставрируем артефакты, устраиваем лекции, дегустации, обучение, мастер-классы. Билеты на сайте salonpv.ru"
edj_salon,channel,Этуаль де Жэнесс,129,"Дом красоты и здоровья “Этуаль де Жэнесс”✨  Онлайн-витрина: @edj_salon74_bot  • атмосфера Дома от лица хозяйки • о культуре и событиях в нашем городе и не только • эксклюзивные предложения для подписчиков • то, чего не будет в других каналах"
berezhno_salon,channel,Ястребова Лера ❤️,685,"Тут про бизнес, обучения, команду и мою жизнь 🙏🏻  Открыла салон в Санкт-Петербурге «Бережно»🎉 Обучаю мастеров работать чисто/быстро/качественно."
usm_21s,channel,اللجنة العلمية العامة -كلية الطب,1558,اللجنة العلمية العامة ¦ كلية الطب  #مراجع #محاضرات #ملخصات #تدوينات_وتفريغات #مواقع_وروابط #تطبيقات_وبرامج #نماذج_اختبارات #مقالات_تحفيزية #شارك_بكتابك    بوت اللجنة العلمية العامة   @USM21bot  موحدة لجميع طلاب كلية الطب
mobilitati_academiceusm,channel,Mobilități academice USM,514,
usmgroup_channel,channel,USM Group,3109,Новостной канал о рекламе и маркетинге.  Для связи: info@usm-gr.com  Создаем рекламу для людей: www.usm-gr.com
artbogema_channel,channel,🎙Богдан Шукюров| Продюсер бизнес-мероприятий,311,▪️Owner artbogema.com ▪️Эксперт в Event индустрии  ▪️Организатор частных и корпоративных мероприятий 📝Сотрудничество @chernyynuar
events_msk_conferences,channel,Мероприятия | Москва | Конференции,724,"Для публикации анонса мероприятий и рекламы писать: @S_E_N_A_T_O_RN1  Канал для предпринимателей Москвы  Анонс мероприятий и продуктов.  Знакомьтесь, общайтесь, обменивайтесь  опытом ⭐"
arturo_official,channel,A R T U R O _ Official,379,
frolovoleg_p,channel,Oleg Frolov,105,"Понемногу об астрономии, китайском чае, науке и продуктивности.  @FrolovOleg  http://olegfrolov.com  Авторский контент без бездумных репостов. Основные темы: #lifestyle #чай #астрономия #космонавтика #продуктивность #жиза"
melakirtan,channel,Расписание Киртан Мел,456,"Для размещения анонса пишите @Damayantidd  В канале содержится расписание всех Киртан Мел в России с участием известных киртаний, чтобы все меламаны могли строить планы заранее 😎"
glampingpaiaks,channel,ПаиАкс - глэмпинг,211,🏕️ уютный отдых у леса — рядом с Москвой | домики · чан · баня · завтрак | бронирование и свободные даты ⬇️  https://paiaks.ru/
sib_glamping,channel,СибГлэмпинг - производство каркасных юрт,97,Номер для связи: 89149406872  ⚒️Современное производство. 📋Гарантия 1 год и постгарантийная поддержка. 🗺️Работаем по Иркутской области и республике Бурятия. Создаем юрты абсолютно под любые задачи.
glamping_forest_invest,channel,Инвестиции в туризм,175,Аквафорест. Инвестируй в развитие туризма в России! 🌊  Первый акваглэмпинг в Тюмени! Бизнес-модель эффективно работает в г. Ижевске. 35-40% доходности. Инвестируй в актуальный бизнес!🔥  💬Контакты: @alexasamoylovich
poputka_and_glamping,channel,Попутка_Шарташ&Оленьи Ручьи_Панты,167,"Прогулки и экскурсии на гольфкаре  по Шарташу и Оленьим ручьям 🛻, квесты, фотосессии, доставка 🚚  Глэмпинг «Па́нты» в парке «Оленьи ручьи  Сайт Попутки https://poputka.online Сайт Панты https://глэмпинг-панты.рф Тел для связи +79826082020"
glamping_park,channel,Glamping-Park,57,"Luxepark.ru Новый, международный проект сети ЭКО-ОТЕЛЕЙ «Глэмпинг Парк». Инвестируйте с нами, получая от 30% годовых!  —————————————————— The new, international project of the chain of ECO-HOTELES ""Glamping Park"". Invest with us, receiving from 30% per an"
zagorod_sovetnik,channel,Алексей Шумский | Загородный советник,45,"Личные заметки @Aleks_Shumskiy — о загородной жизни, пространстве и времени. О домах, людях и смыслах, которые не измерить метрами."
dim9000var,channel,DIM 9000 | ЖК Варшавський,1730,Центр управління комфортом DIM 9000 у ЖК Варшавський
gluckksp,channel,Выходные Rampant Hunter,205,𝐎̷̸𝐖̶͢ 𝐍̷̸𝐄̷̚𝐑̏ – ༒𝐋͆𝐎̷̸𝐋͆𝐈̲̍𝐓̶̬̈𝐀̴
zagarpofutbolke,channel,Загар по футболке,348,"Канал про отельную анимацию (Курорты,загородка,санкур,глэмпинги)  Мы полезны для GM, арт директоров,шефов  и анимашек"
modelkakipi,channel,marvl17.modelka🐾,166,
haepjes,channel,IdInk 🔔,176,"Связь со мной — @Idinklol Если вы долбаеб и аутист, то сразу бан   ЦЕЛИ НА 2026 ГОД:   ● Не забрасывать тгк ● Раскрутить тгк хотя бы на 500 подписчиков ● Поучавствовать в 3 челленджах ● Попасть хотя бы в 1 видео на ютуб ● Прокачать скилл"
gliptikisyapping,channel,𝗚𝗹𝗶𝗽𝘁𝗶𝗸 𝗂𝗌 𝗒𝖺𝗉𝗉𝗂𝗇𝗀 ¡,32,Лсс ваще всегда открыт по поводу пиара туда ес чо всн в закрепе 🌀🌀
lawlesslair,channel,Lawless Lair,97,"Секонд для тех, кто родился не в то время, но решил делать его своим! Стильные находки, музыка прошлых десятилетий и вампирский вайб 🌘  По всем вопросам @blaaaackie"
archecospace,channel,AES Project Bureau,183,"Помогаем создавать экоотели и глэмпинги, базы отдыха в России и по всему миру. https://archeco.space WhatsApp/Telegram +7 968 766 06 51"
glempingividovoi,channel,Глэмпинги в Крыму. Видовой.рф,167,Видовой.рф предлагает отдых вместе с питанием в Глэмпингах (уютных 2-х комнатных миникоттеджах) на первой береговой линии Чёрного и Азовского морей. Тел. +7(978)680-83-59 Солнечногорское Тел. +7(978)301-18-99 Щелкино
merciful_ascension,channel,Грехопадение,67,Присоединяйтесь к грехопадению и возноситесь
morimensdaily,channel,Morimens Confession ||+ daily,106,Бот: @morimensdailybot
uma_archi,channel,UMA.ARCHI,117,"Проектируем глэмпинги, бутик-отели и туристические объекты, которые работают как бизнес. Разбираем участки, финмодели, ошибки инвесторов, архитектуру и сценарии гостевого опыта.  Заказать проект: https://clck.ru/3TgvK8"
tenmeiii,channel,tenmeiii,48,Each subscriber has a beer and black monster energy!
lenizasazonova,channel,LENIZA,634,"Чем живу, на что живу, откуда деньги…  Мой инст: https://www.instagram.com/leniza_sazonova?igsh=NTc4MTIwNjQ2YQ=="
lazurnii_p,group,Лазурный поселок Краснодар восточный Обход Знакомства Чат Общение Познакомиться Группа Барахолка Реклама Объявления Новос,1130,"Клуб эстетичных знакомств для Отношений и Бизнеса “Эмоция”. Все группы в закрепе.  Правила - при вступлении и /rules  По вопросам группы, рекламы: @pro_centr  п. Лазурный Краснодар Знакомства Чат Общение Познакомиться Нетворкинг Клуб Эмоция Группа"
policia_lazo,channel,ОМВД России по району им. Лазо,566,Официальный аккаунт отдела Министерства внутренних дел Российской Федерации по району имени Лазо
lazahelp_ru,channel,Лазаревское - жилье и отдых,148,Гид по отдыху в Лазаревском. Проведи отпуск с комфортом.  Мы в MAX - max.ru/lazahelp
umbrae_tentamenti,channel,🌘 Désir Obscur 🌓,771,"🔥 Открой дверь в мир страсти, соблазна и неизведанных желаний. Здесь — самые горячие цитаты о любви, страсти  и искушении. Слова, которые обжигают... Фразы, от которых учащается дыхание...   Сотрудничаем — @EkaterinaZal8"
le_desir_collective,channel,LE DÉSIR,110,"Закрытая светская ассамблея, возникшая в конце XIX века и долгое время существовавшая вне публичной хроники."
limeranceone,channel,Limerance,76,Jule
pechinad,channel,Aдam,28,I'm straight (no)
lojjw,channel,사랑,14,
lemondonuts,channel,梦见舍,25,探索把生活变成摇滚乐的好奇心。
heartachesdrdream,channel,📓×<Дневник SDR(ЩП)>×,4,"— Возможность жить и быть счастливым,  Отказ от реальности порой. Меня ведёт душевной болью, А сердце требует покой —"
archivechereshni,channel,архив хочу черешни,3,
ruutolair,channel,Драконье логово,650,"NSFW//SFW 16+ Мой канал с обзорами на разную литературу, мыслями и тем, что творится у меня в жизни.  Анонимка: t.me/anonaskbot?start=6OAAJkTO0qaTki2 TikTok: www.tiktok.com/@dragonruuto"
desingnews777,channel,𝕋𝕙𝕖 ℂ𝕝𝕦𝕓 𝕠𝕗 𝔻𝕖𝕤𝕚𝕘𝕟𝕖𝕣𝕤 𝕒𝕟𝕕 ℕ𝕖𝕨𝕤,595,Самые актуальные новости о дизаине  Предложка- @DesignNews01_bot Прайс-https://t.me/shop0102 Отзывы-https://t.me/ushdjsjsj
komnata_koshmarov,channel,𝑻𝒉𝒆 𝑵𝒊𝒈𝒉𝒕𝒎𝒂𝒓𝒆 𝑹𝒐𝒐𝒎,181,"•""Мир без правил и морали – только ты и твои кошмары.""• ☠️🚩🖤  ⛓️Чат канала:https://t.me/koshmarikiiiii ⛓️Моя библиотека:https://t.me/Closedlists666"
jdhydskok,channel,🍃🌴𝕋𝕙𝕖 𝙏𝙫 𝙩𝙞t𝕒𝕟𝙣 𝟛5𝙠 🥭,127,"Привет❗️👋 В этом канале ты увидишь анимации, мемы, постройки и (редко) арты Стараюсь всё делать быстро и качественно... 📛Ютуб: https://youtube.com/@tvtitan35k?si=PQMF9F6GilVwUXGH"
fun_thematrixx,channel,𝔽𝕒𝕟 𝕋𝕙𝕖 𝕄𝕒𝕥𝕣𝕚𝕩𝕩,86,Матрица топ
teahous_55,channel,Чайный домик,100,
zxo_official,channel,༒︎𝕋𝕙𝕖 𝔻𝕒𝕣𝕜 𝕄𝕚𝕟𝕕༒︎(полу-рест),94,"🌿🍃🍀  @The_Darkk_Mind777 - лс (для трейдеров, коллабов и т.п.) - - @Listochek14 - мой соавтор   https://www.tumblr.com/zxoofc?source=share - тамблер"
dofs_clanpt,channel,〖𝔻𝕠𝔽𝕊〗𝕋𝕙𝕖 𝔻𝕦𝕔𝕙𝕪 𝕠𝕗 𝔽𝕣𝕠𝕤𝕥𝕪 𝕊𝕡𝕒𝕔𝕖,76,
baypeak,channel,БЭЙПИК,1449,"Реклама @boycraken  данный канал несет исключительно юмористический характер, он создан в развлекательных целях. не преследую цели кого то оскорбить или унизить. ничего не пропагандирую. За здоровый образ жизни и Россию ."
babyykid,channel,текила янг🇺🇸,203,sometimes your meaning of life lies in the smallest of events
bdjilka_ua,channel,୨୧ Хата Бджілки ୨୧,382,Tik tok: http://tiktok.com/@bdjilka_u.a Няннянчня Мій щп: https://t.me/+rp24ao01JrQ2NGNi
baebqm,channel,✿ℰ𝘯𝘢𝘮𝘪 ℋ𝘦𝘭𝘱✿,178,Будем рады подписке Связь: @Asaya43 Анон : @Asayaanonbot
realbabychance,channel,babychance,94,IG*: https://www.instagram.com/realbabychance?igsh=OTQ4bTJsejE4OXdz&utm_source=qr  *социальная сеть пренадлежит организации Meta и запрещена на территории РФ
byonk_oi,channel,«-!ᙖ𝒚𝒐ɳk»_小さすぎる🧿,43,
bbyrurus,channel,bby ﹫ ruru !,107,welcome ！！ we ( 🤍 ) ruka fr babymonster   letter fr me; @YG_BABYMONSTER_RUKAbot  coop: https://t.me/bybyrur
babble4on,channel,♡•° 𝑴🌹𝑵𝑺𝑻𝑰𝑬𝑮𝑰3𝑳 °•♡,39,Babymonster 3/7  Набор открыт   ??? | ??? | Кая | Эвил | Кай | ??? | ???  Fan: Monstie/Монсти
yessbabyess,channel,кубик рубик,45,
yomiyoyo,channel,ᯓ yomi ⋆˙,31,Art cr: ayawaj
yulikoi,channel,"*@𝒀ᴜ𝓵i𝐤, >율💘",31,Мы новая группа под прототипом Babymonster ot5    Спасибо за оформу! :: https://t.me/Glacialport
monster_baby2,channel,Next monster |AUD <babymonster>,8,
babyangelskk,channel,BABY ANGELS F##K KK,3,кав ее р группа 🤍
yeyeyeaah,channel,archive marla,1,инфо @marlainfoxd
babyjackirl,channel,Baby jack,1,
the_dark399,channel,DARK HORIZON⚫️,82,
black_line216,channel,◎◎ＤＡＲＫＳＩＤＥ◎◎,109,►◎ᴛʜᴇ sᴛʀᴏɴɢᴇsᴛ ᴡɪʟʟ ʙᴇ sᴜʀᴠɪᴠᴀʟ ᴏғ ғɪᴛᴛᴇsᴛ◎►✨
thelight_cd,channel,The Light Called Darkness,40,محتواهای اینجا طوریه که باید بگی خب؟ که چی؟ ولی چون منو دوست دارید نگاه می‌کنید و لذت میبرید.
datskiykomfort,channel,ℹ️ Датский квартал,1369,По всем вопросам:  Форма обратной связи — https://comfort-group.ru/#footer_contact_form Приложение в App Store — https://goo.gl/KaLHxc Приложение в Google Play — https://goo.gl/7hgUSX Круглосуточный контактный центр — 8 (495) 737-77-40
zspdorogisvet,group,ЗСП Онлайн-Диспетчерская. Заявки.,2104,
kapremont74,channel,⚒Фонд капремонта Челябинской области,381,📣 Размещение актуальной информации о деятельности фонда: https://vk.com/club203803688  https://ok.ru/profile/598396740630
kharkivfrontendinfo,channel,KharkivFrontend.info,106,Kharkiv Frontend Info
tozhe_nauka,channel,Литоисчисление,255,Лаборатория цифровых исследований литературы и фольклора Пушкинского Дома — это мы.   Рассказываем о количественных методах в литературоведении и задаемся экзистенциальными вопросами.
smartgridkpi,channel,Smart Grid гурток ІЕЕ,45,Розвиваючий канал у галузі енергетики💡Новини енергетики🔋та цікаві заходи для студентів 💪🏻 Для пропозицій звертатися: https://t.me/macroSPACE Instagram:  https://instagram.com/smart_grid_iee?igshid=YmMyMTA2M2Y=
leidaatracaouna,channel,♋️ LEI DA ATRAÇÃO UNA ♋️,8001,Os conceitos sobre a Lei da Atração vistos sob a ótica da Unificação do Ser com o Todo.  SOMOS UNOS EM ESSÊNCIA.
igortaveren,channel,Притяжение Таверена,9252,Всем привет!  Попросили добавить меня все ссылки:   Ну основной канал на Ютубе:   https://youtube.com/@igortaveren?si=8UGr5qW8JCejUv01  Поддержать меня на Бусти:  https://boosty.to/taveren_ru  Мой Твич: https://m.twitch.tv/taveren_ru
prityazhenietula,group,ЖК Притяжение г. Тула | Сообщество жильцов,494,Домовой чат (чат жильцов) собственников квартир и просто интересующихся жилым комплексом Притяжение по ул. Шоссейный проезд г. Тула. Подробнее о ЖК: https://novostroykitula.ru/novostroyki_tuli/privokzalniy_rayon/zhk-prityazhenie-po-ul-shossejnyj-proezd-g
p3e_ru,channel,Притяжение,330,"Центр «Притяжение» Ретриты Информационный детокс Пространство для внутреннего перерождения 3 зала для практик 40+ мест для комфортного проживания  35 км от МКАД, Белые Столбы (Домодедово) Сайт центра https://p3e.ru       Сотрудничество @kagoany"
uigps,channel,Уральский институт ГПС МЧС России,2997,Сайт института - uigps.ru Группа вконтакте - https://vk.com/uigps Мессенджер МАХ - https://max.ru/id6670096267_biz
oopswellness,channel,Убеждения Питание Спорт,434,"Школа ЗОЖ🏔️  Помогаем наладить образ жизни. Осознанность во всём🌟  Контакты: @xenawellness — Ульяна, покровительница ЗОЖ @pebciwnf — Полина, отвечает на ваши вопросы"
gis_gkh2017,channel,Про ГИС ЖКХ и не только,152,"Новости ГИС ЖКХ, изменения в законодательстве ЖКХ, сложности с размещением информации, интеграция с 1С и прочие вопросы."
gzchs_ursmu,channel,ГлЗЧС@УГГУ,59,
tgackrylvelyr,channel,ackrylvelyr,356,
imonlytrueheekie,channel,My Heekie,15,eydji/эйджи @eydji_me anon @eydjimebot nizz @itsnizz yoon @ImTrueYoon
gushr_abd,channel,𝗚𝗨𝗦𝗛𝗥 / 𝗔𝗯𝗱,12,@cushrvi_bot
kancklyarka,channel,Сяпка ˃͈◡˂͈,13,
nahaeunsetter,channel,L,1,
vldinfocus,channel,Владикавказ в фокусе,141,Актуальные новости Владикавказа. Объективный взгляд на события в городе и регионе.  Подпишись на нас в MAX https://vk.cc/cVzDII
vlad_sovet,channel,Общественный Совет Владикавказа,64,Работа Общественного Совета МО г. Владикавказа BO созыва.
news_vld,channel,Новости Владикавказа | Новая Эпоха,168,🔺Самые важные новости о которых вы могли не знать. Новости | Владикавказ | Осетия | Россия  РКН: https://gosuslugi.ru/snet/68fb5febc5653b25b207c971
tobaco_pati,channel,🌼-𝕋𝕠𝕓𝕒𝕔о - Фестивали и Пати во Владикавказе - 🌷,446,по всем вопросам сюда → @ToBaCoBll Ждём вас на наших мероприятиях!! Город: Владикавказ.
culturevladikavkaz,channel,#КультураВладикавказа,599,Управление культуры АМС г.Владикавказа
panoramae_vld,channel,Panoramæ,329,Связь - @panoramaebot.  Instagram - https://www.instagram.com/panoramae_vld/.
amsdigorskiyrayon,channel,АМС Дигорского муниципального района 🇷🇺,728,"ams_digorskiyrayon г. Дигора, ул. Сталина,19, 363410 Тел. 8(86733)91-0-88 www.digora.ru//"
nthmod_official,channel,NTHMOD NEW,6036,NTHMOD NEW CHANNEL
people_tech_official,channel,PEOPLE TECH,574,"Канал People Tech — о подходе, где цифровая, физическая и культурная среда строится вокруг человека и работает на бизнес. Экспертные материалы от HRD, CPO и CTO HR. Основан на 40+ кастдевах с рынком.   peopletech.ru  По всем вопросам: @sense_admin"
peoplefm63,channel,Люди ФМ [people media],522,"Больше, чем радио - мы создаём культуру⚡️  Медиа о жизни и мероприятиях города Тольятти!  Слушай нас на сайте: people-fm.ru"
peoplez_io,group,Peoplez,475,Connecting people with their idols  Website: peoplez.io    Announcement channel: https://t.me/PeoplezAnnouncement
pesecmedia,channel,Pesec,469,
peopledoc,channel,ЛЮДИ.DOC,240,"Это сообщество творческих людей, которые любят современный документальный театр и создают его.   Мы будем писать о наших спектаклях, новостях, событиях из мира закулисья и просто делиться своими документальными историями."
pa_people,channel,МЕДИАХОЛДИНГ ПИПЛ,136,Формат журналистики old school. Глубокий анализ событий. Только точные факты Спикеры со всей страны 📍Рекламодателям : @AnastasiyaMor
proasvmedia,channel,АСВ МЕДИА,106,"Из жизни коммуникационного агентства о проектах, интересном и креативе для друзей, коллег и партнёров"
media_perm,channel,Как жить эту жизнь в СПО,221,
wbcmediachannel,channel,WBCMedia,269,"Платформа для предпринимателей и бизнеса WBCMedia.ru   Для тех, кто создает и развивает свое дело  Интервью ▹ кейсы ▹ дискуссии ▹ спецпроекты ▹ события  Основатель: Ольга Трубачева @trubacheva_tv Сотрудничество: @sntstut"
peoplemtr,channel,People Matter,99,О людях в проектах: мысли и опыт PMа
perkymedia,channel,ℙĒℝᏦᎽℳĒƊİᎯ,131,Владелец @Perkymaaan
nworeporter,channel,NWOreporter,197,
prezidentgordonteam,channel,Редакция Президент Гордон,22,"Народная Редакция 18+ Практика мирового заговора. Новости, аналитика. Редакция переехала на канал: @PeoplesRedaction Связь: @PrezidentGordonBot"
evpatoriyaconfession,channel,евпатория кф,126,с ананасиками  анонимный бот для тейков :: @evpatoriyatake_bot
pitomnikkalashnikovuh,group,Питомник «Калашниковых» Евпатория,894,
evpatoriyane,channel,Евпатория,518,"Наш город - это и есть мы! Новости Евпатории, обсуждения, общение - все о нашем родном городе. Предложить запись - t.me/predlevp_bot"
jenskiyhumor,channel,Перчинка | Психология,30731,Взрослая ЖЦА Купить размещение: @koroleval83   Купить на бирже: https://telega.in/c/jenskiyhumor  РКН: https://clck.ru/3FqYHo № 4919135425  Менеджеры: https://t.me/korolevapsihologiya
kashira_jenskiy,group,🌸Женский чат Кашира Ступино,2958,"👄 Женский чат-болталка нашего округа.  🎀Советы, обсуждения и многое другое!  🤝🏻По вопросам размещения рекламных постов и сотрудничества - обращайтесь : @Anna_jenskiy  Чтобы Вас не отвлекали уведомления - отключайте звук!🔇"
vladimir_jenskiy,group,🌸Женский чат Владимир,1631,"👄 Женский чат-болталка нашего города.  🎀Советы, обсуждения и многое другое!  🤝🏻По вопросам размещения рекламных постов и сотрудничества - обращайтесь : @Anna_jenskiy  Чтобы Вас не отвлекали уведомления - отключайте звук!🔇"
nalchik_jenskiy_1,group,🌸Женский чат Нальчик Пятигорск Баксан Тырнауз КБР,2171,"👄 Женский чат-болталка нашего города.  🎀Советы, обсуждения и многое другое!  🤝🏻По вопросам размещения рекламных постов и сотрудничества - обращайтесь : @Anna_jenskiy  Чтобы Вас не отвлекали уведомления - отключайте звук!🔇"
tp_evpatoria,channel,ТИПИЧНАЯ ЕВПАТОРИЯ 🔆 НОВОСТИ КРЫМ 🔆 ТУРИЗМ В КРЫМУ 🔆 ОТДЫХ 🔆 ЖИЛЬЕ 🔆 ЧП 🔆 КРЫМСКИЙ МОСТ 🔆,183,🟥 ГЛАВНЫЕ НОВОСТИ ГОРОДА 🟥
zhk_more_yevpatoria,channel,ЖК Море | Новости,259,Новости и интересные факты о ЖК Море 🌊 г. Евпатория.   Чат соседей: https://t.me/more_evpatoria_sosedi  По всем вопросам: https://t.me/more_admin_bot
domus_evpatoria,channel,АН Домус | Недвижимость Крыма,208,"Хотите купить квартиру? Или продать дом? А может, тянет к новостройкам? Мы поможем вам! «Домус» - агентство недвижимости, которое сделает всё быстро, качественно и профессионально!  г.Евпатория, пр.Победы, д.91, крп.2 +7(978)69-00-111 domus92.ru"
alexandr_evpatoria,channel,Храм Александра Невского,250,"Канал создан для прихожан храма в честь святого благоверного князя Александра Невского (пгт. Заозерное, Евпатория). Номер телефона: +79786200059"
flotarium_center,channel,Флотариум®,2022,Наши лучшие предложения на сайте: https://floating-club.ru  • Запись на сеанс: https://t.me/floating_center  FLOTARIUM®— сеть флоатинг-центров с самым большим количеством флоат-комнат
kasatkunasvetlana,channel,Агентство Недвижимости Статус Касаткина Светлана️,129,https://status-evpatoria.ru/  Новостройки  https://status-realty-evpatoria.ru/ Вторичная недвижимость  Агентство Недвижимости Статус  г. Евпатория ул. Пр. Победы 47 офис1 Офис продаж  моб.+79783481648 Руководитель Касаткина Светлана  моб.+79787174903
olyatoria,group,Олятория,617,
more1806ma,channel,Крым.Путешествия.Цитаты.,361,"Приветствую Вас друзья!Канал о полезном,интересном и красивом.Обзор Крыма.Евпатория.Цитаты. Новости. 💥Поддержать Автора 2200 2418 8987 0394 ВТБ.  Предложить событие/Реклама: @vicing33"
eveloria,channel,𝘌𝘷𝘦𝘭𝘰𝘳𝘪𝘢ᥬᩤجیکهونـ,469,"I told you like a million times With you, everything be alright 𖹭 Talk to me : @Mylovedunoo_bot⭒ Talk to rei : http://t.me/HidenChat_Bot?start=8875240461                   Challenge's: @eveloriaschallengs⭒"
harekrishnaevpatoria,channel,Харе Кришна Евпатория. ИСККОН. ISKCON. Крым,97,"Храм Харе Кришна в Евпатории Нитай Гауранга Махабхава Расарадж  Международное Общество Сознания Кришны Центр Ведической Культуры  Воскресенье в 12:00 ул. Пионерская, 16  Организационные вопросы: @Tarini_Gaurangi_dd  iskcone.com/evpatoria"
civitas_belgique_officiel,channel,Civitas Belgique 🇧🇪 officiel,617,"Contre la tyrannie sanitaire, la dissidence catholique"
kapousevpatoria,channel,Kapous Professional 💎 URBAN NATURE 💎 MARRAKECH 💎,198,"Официальный представитель в Крыму  💎Kapous Professional💎 URBAN NATURE 💎 MARRAKECH 💎  📬Отправка по Крыму почтой/СДЭК 🚚Адресная доставка по Крыму 🚗Самовывоз: г. Симферополь, ул. Объездная 10  +7 (978) 167-57-19 (VOLNA) @kseniya_alexandrovna23"
evpatoriakrimea,channel,Евпатория News,10,Здесь вы можете узнать новости о Евпатории
ukrainepalace,channel,Отель «Украина Палас» Евпатория,120,Отель в Евпатории «Украина Палас» Наш сайт: www.ukrainepalace.com
trifoly,channel,Трифоли · Trifoly,278,"Об эфемерах, книгах и городах. Канал Елены Фаткулиной, журналиста и книгоиздателя."
englishmuffins,channel,Measure of Paradise.,183,"Mellifluous melody from your soul, a song exaggerate wish in the direction of learn dramatic words in the direction of, reach me dramatic lyrics in addition to; t.me/kendallnicoIejenner_bot plus exaggerate'll sing your song.  @Silkyscent"
v_oganesyan_evp,channel,Виталий Оганесян || Евпатория,69,Исполняющий обязанности главы администрации города Евпатории.  Официальные страницы в соцсетях: «ВКонтакте» – https://vk.ru/id702136868 «Одноклассники» – https://ok.ru/profile/910544874603 «МАКС» – https://max.ru/join/x75RXxAPl3cGdwEiN0-OZWp6roPs2p2dLaN-1
hramproroka,channel,🕊Свято-Ильинский храм города Евпатории🕊,390,Настоятель храма: Митрополит Симферопольский и Крымский Тихон  Духовенство храма: Иерей Пётр Дворников-старший священник Протоиерей Георгий Куницин-клирик   Телефон храма: +7 (978) 692-02-25 Группа в ВКонтакте: https://vk.com/prorokiliahram
ivanprosoedov,channel,Иван Просоедов,477,администрация города Евпатории
ninanaryshkina,channel,"Гид по Евпатории, Севастополю, Бахчисараю и Тарханкут на РЖЯ. (Крым)",700,Экскурсии познавательные и духовно-нравственные. Обзорные и тематические экскурсии Для связи пишите: https://t.me/Nina_Kolesnikova_86
ekaterinburgofpeople,channel,Екатеринбург в историях его жителей и не только,377,"Это канал об Екатеринбурге-Свердловске. Здесь публикуются отрывки из интервью и воспоминаний, выдержки из документов и газет. А также собственные впечатления от событий, связанных с Екатеринбургом.  Веду я - @Julia_Golyak"
new_kerkinitida_crimea,channel,НОВАЯ КЕРКИНИТИДА | ПАРТНЁРСКАЯ ПРОГРАММА,456,Официальный канал отдела продаж. 💸Комиссия 7% ____ ✅ Апартаментный комплекс в Евпатории. ✅3 минуты до частного пляжа.  Вся информация для работы тут https://partners.kerkinitida-crimea.ru/
ispovedalnyarider,channel,Исповедь одинокого райдера,253,
clinica_skif,channel,СКИФ,489,"Лечение варикоза любой стадии за 1 визит  Лечим все формы варикоза без госпитализации, наркоза и разрезов.   Филиалы в Евпатории, Симферополе, Севастополе и Феодосии.   Тел.: +7 (978) 572-02-02 @clinica_skif_bot  ООО ""СКИФ"" ИНН: 9110021546 Лицензия: ЛО-82"
kartingcrimea,channel,Гоночный Комплекс в Крыму. Картинг,211,Картинг в Евпатории
womanevp,channel,Клевые люди Евпатории,189,"Мероприятия в Евпатории и за ее пределами Мастер классы , т- игры, фестивали, тренинги, фотодни, экскурсии, вечеринки, марафоны 💃  Для коллаборации пиши @julia_zakharenkova"
karpenko_invest_realty,channel,Карпенко Инвест | Недвижимость в Крыму,38,"Лучшая недвижимость в Евпатории и Саках - для жизни, отдыха и пассивного дохода!"
di_homecraft,channel,Плетёные корзины от Балтик Крафт (ручная работа),306,"Изделия из эколозы, вязанные сумки и корзинки на заказ. Плетеные корзины, плетеная мебель, плетёные подносы и короба, а так же многое другое вы можете заказать для себя или в подарок! Моё сообщество в ВК https://vk.com/balticraft39"
marmarisinforu,channel,Мармарис Недвижимость 🏡 Отдых | Аренда | По-суточная аренда,805,"Информационный канал о жизни в Мармарисе - погода, природа, недвижимость, лучшие рестораны и многое другое  Аренда недвижимости, туры на яхте ⛵️, экскурсии, трансфер #Турция #Мармарис По вопросам 📲 @ioules  Чат о жизни в Ичмелере @rusicmeler"
bashfarfor_horeca,channel,Башкирский фарфор,184,Завод по производству фарфоровой посуды для HoReCa.
autoprice_zakaz,channel,АВТОПРАЙС | Заказ авто 🚀,303,"🚗 Авто на заказ из Японии, Кореи, ОАЭ, Европы, Китая 🚗  🔹 Новые и б/у авто по цене ниже рынка 🔹 Доставка от 2 недель 🔹 Полное сопровождение 🔹 Частичная/полная предоплата, лизинг, кредит, НДС  Закажите авто с гарантией! 📩 @Pavel_Tolstikov"
bash_love_is,channel,БАШКОРТОСТАН | ЗНАКОМСТВА,426,🟢 Заполнение анкет: @bashloveis_bot  ♻️ По всем вопросам: Чат с админом  Супер-группа: @bashlove_chat  #Знакомства
oummaryamtijara,channel,La boutique de Sassou,212,✨ La Boutique de Sassou ✨  Vente de produits de beauté et de soins sélectionnés avec soin.  Contact femme uniquement : @KhadidjaUmmSoulayman
bazi_price,channel,Uslugi ☯️,77,Здесь вы можете ознакомиться со стоимостью моих услуг🖤  🌙 Для заказа напишите пожалуйста в личные сообщения https://t.me/Dari_v_matrice
congresshalltoratau,channel,Конгресс-холл Торатау,83,Уникальная площадка для проведения мероприятий в Уфе
price_baza,channel,SUPERCELL PRICE | База Доната,33,Все актуальные цены на товары игр Supercell.   • Основной канал: @baza_donata  • Отзывы: @baza_feedbacks  • Для связи: @fanta_seller
proavtozap,channel,PROAVTO,171,Добро пожаловать в «PROavto» - супермаркет автомобильных запчастей в городе Балаково.  По всем вопросам - https://vk.com/im?media=&sel=-199823832
proavtomasla,channel,Days Avto/Moto²³,64,"Продажа оригинальных моторных масел от топовых производителей и запчастей по Краснодару и по всей России. Perfluence  ОТЗЫВЫ: https://t.me/daysavtomoto23  Писать о покупке, доставке или задавать вопросы —> @Miiiieeei  ЦЕНЫ уточняйте"
zapchasti_vaz_balakovo,channel,Балаково | Доступные Запчасти.РФ,26,"Балаково. Купить дешёвые запчасти ЛАДА: Гранта, Приора, Веста, Ларгус, Нива, классика. Магазин запчастей ВАЗ. Доставка по Балаково, поставки из Тольятти. 📍 Транспортная 6 корп. 2 📞 +7 (917) 212-81-14 🔗 доступные-запчасти.рф"
uzprymisky,channel,Укрзалізниця: приміські поїзди,36759,Офіційний канал про приміські сполучення Укрзалізниці
memezkajaempire,channel,Мемецкая империя,319,Разное про бронетехнику (из открытых источников)  Предложка: сообщения каналу  Реклама: @Leshajnikpz Буст: https://t.me/boost/memezkajaempire YouTube канал: https://www.youtube.com/@MemetzkiempireOfficial
bronepoezd_media,channel,Бронепоезд Media,412,"Одна из самых мощных сеток в ТГ с аудиторией более 1,5 млн подписчиков. У нас закупают рекламу Ozon, Яндекс, Сбер, Альфа-Банк, МТС, Wildberries и другие гиганты.   Связаться — @BP_Oleg  Пригласить друга - https://t.me/+25LLnd_Tbyw5OGYy"
poezdpobedy,channel,Поезд Победы 2022,80,"Поезд Победы - расписание движения, маршрут по городам РФ, регистрация и билеты на посещение"
brestexcursovod,channel,Брестский экскурсовод,248,
gdeulikalpoezdkbsh,channel,Где сейчас уникальный поезд КБШ ЖД,353,@kbshtrainbot предложка По всем вопросам можно в предложку или @Belarus_Life3 (владелец канала)
minskagroprommash,channel,Завод Минскагропроммаш,91,специализированное предприятие Республики Беларусь по производству почвообрабатывающих агрегатов и коммунальной техники
zdecvanyakrivyi,channel,Здесь Ваня Новгородский,70,
nazadvgsvg,channel,Солдаты группы войск,61,"Группа Советских войск в Германии. Фото,легенды,альтернативная история."
magloc,channel,Магнитогорский паровоз,35,Новости г. Магнитогорска и других городов.
dimonchik_blitz,channel,Dimonchik_blitz,53,Мой профиль на trainfoto https://trainfoto.ru/author/3385/ Мой канал на ютубе https://youtube.com/@dimonchik_blitz?si=IJGrkHEprw_qu-FP
larpitan,channel,Larpitan,1682,Эффективная косметика. Собственное производство.   Cоцсети: TG-магазин: @Larpitan_bot Сайт: larpitan.ru  VK: https://vk.ru/larpitan MAX: max.ru/id665404532692_biz Insta: instagram.com/larpitan
tesfitness,channel,ЯГОДИЧНЫЙ ЦЕХ,484,"Трифонова Елена — помогу получать кайф от тренировок и построить красивое, сильное тело с сочными ягодицами, о котором мечтаете 💪🏻🍑   +79175086727   Закрытый канал с тренировками 👇🏻   https://t.me/TESFITNESS/229"
bnbpriceu,channel,BNB Price,373,Realtime BNB Price   🔵 SOL: https://t.me/addlist/lU_c6uvK9qQ1NGFk 🔸 BSC: https://t.me/addlist/1w0ZcrIPGhRhM2M1  🧑‍💻Owner: @k_vlde
pricecube_ai,channel,Прайскуб | Цена решает,72,"Прайскуб — умный сервис по управлению и автоматизации цен на маркетплейсах.   Рассказываем о продукте, делимся кейсами и новостями на рынке для селлеров.  Обсудить проект и записаться на демо: pricecube.ai"
grampricesx,channel,Gram Price 💎,280,Must-have channel for everybody in our big cryptocurrency family! Actual Bitcoin price is always on top of your chat list. Easily forward price to your friends and clients! Use @BTCPriceX for Bitcoin price
jupiteragency,channel,Маркетплейсы | OZON Wildberries Яндекс.Маркет МегаМаркет,57,"📩 https://t.me/jupitermp 📌 https://vk.com/jupiter_agency 🤝  https://t.me/barter_jupiter https://t.me/jupiteragency_barter  🌎 E-commerce  📊 Помощь с выходом на российские и зарубежные маркетплейсы, аналитика, экспертное мнение, сопровождение и рост продаж"
kangoojumps_studio1,channel,💥Kangoo Jumps Studio💥,924,Студии эффективного фитнеса⚡️  📌Локации Раменское Жуковский  Люберцы  Бронницы Гжель Железнодорожный Белоозерский  📇Запись на тренировки и расписание:  https://kangoojumpsstudio10gmailcom.impulsecrm.ru/widget/1  💁🏻‍♀️Админ @kangoojumps_ramenskoe
mooniss_is,channel,Mooniss is,2860,"Тебе здесь рады:) Для заказа @Golodismylove  Отзывы: https://t.me/Mooniss01  Ищешь что-то особенное для себя или в подарок?   Создаю авторские изделия и украшения по визуальным новеллам, добро пожаловать!"
joinnecobeauty,channel,JOINN eco beauty,490,присоединяйся к экологичной красоте! 🌱  📲+7(953)585-05-89  оnline запись↩️ b301288.yclients.com/company/291090/menu
wy3nailz,channel,wy3nailz | маникюр ногти брянск,372,"самый ах*нный арт маник 😇 единственный моделирщик брянска, советский район ig/vk: wy3nailz  запись/сотрудничество: @wyeanz (аня) на «ты»"
bllinsi,channel,🌀 BlliN-Si,110,🌀
resnichka5_official,channel,@resnichka5,175,Студия красоты Ирины Лунёвой в Балашихе
ninnucci,channel,NINNUCCI |BROWS & LASHES,114,"Нина | Мастер бровей и ресниц     Сделаю натурально, дорого, эстетично    Восстановлю рост ресниц  Покажу, как сохранить результат надолго   ⬇️ Запись 89627410672"
perfectnovaclinic,channel,Kлиника Perfect Nova | Град Московский 🦷,131,Клиника эстетической медицины
sk_bronnicy,channel,"Спортивный клуб ""Бронницы""",68,Живи в своем ритме!
my_brovinado,channel,Brovinado,98,"БРОВИ/РЕСНИЦЫ, и наверное все, что будет полезно нам, прекрасным женщинам🤍🙌"
b0standi,channel,Bostandi Салон красоты,117,
ronnybrowssss,channel,БРОВИ|РЕСНИЦЫ ЕКБ,32,
villaveronica,channel,Villa Veronica,238,Вилла Вероника-современные модульные домики для отдыха с видом на Азовском море.  тел связи ватсап: 89034500084    @AleksandrVeronica Таманский полуостров. Темрюкский район. Пос Ключевой. Ул Расковой 1.
katoshnik,channel,Katoshnik,642,Украшения ручной работы и немного сказок. Авторский дизайн Для заказа пишите @katomalitovskaya
bronyka_shop_info,channel,Bronyka_Shop_Info,354,Тут собрана вся информация по заказам🤍 Для доп информации писать @Starchenko22 💗
sbornye_semki_wb,channel,"Сборные съемки | ИИ | фото на WB, OZON - MIlRAI",565,"MILRAI Production | Профессиональные фото и ИИ съемки   @miraalmaz - Бронь в Мск и СПб Сборные, виртуальные и индивидуальные съемки с премиальным подходом Кастинг моделей - @modeli_milrai Канал в Санкт-Петербурге https://t.me/detskie_sbornie_foto_spb"
bronyka_shopua,channel,Bronyka_Shop_UA,159,❣️Обязательно к прочтению правила в закрепе❣️  🌸Для заказа писать🌸: @Rainbow_Dash_pony
pupsilin_shop,channel,Pupsilin_shop,845,Женская одежда Ежедневно с 12:00 до 19:00 Воскресенье-Выходной  Г. Бронницы Льва Толстого дом 15 +7(903)246-87-89
tochka_rosta_m,channel,BetaLand | Точка роста Бронницы🚀,320,"Центр, в котором ЦЕНЯТ ваших детей  🔺русский 1-8 кл 🔺матем 1-8, 10 кл 🔺подготовка к ОГЭ/ЕГЭ: матем, русский, информ, общество, история   86% сдают ОГЭ на 4 и 5 550+ довольных детей, родителей  https://tochka-rosta-br.tilda.ws/  📞+7 915 111 25 41"
hyggefruit,channel,Hygge fruit свечи и ароматы для дома,322,"СВЕЧИ▫️ДИФФУЗОРЫ▫️ПОДАРКИ КОРПОРАТИВНЫЕ ЗАКАЗЫ МАСТЕР-КЛАССЫ  Основатель бренда Анна Рудомётова  Заказать продукцию, получить консультацию ➡️ @Anna_Rudometova   Мастерская:  М. о. г. Бронницы, Каширский пер., 42, домофон 29. 2 эт."
masterskay_finist,channel,"Художественная мастерская ""Финист""",181,"Добро пожаловать в нашу художественную мастерскую «Финист» – место, где создаются произведения искусства.https://vk.com/club232027354"
yulialist_workshop,channel,Мастерская _Yulia List🍃,79,"Мастерская изделий ручной работы: авторские броши, ФотоОткрытки"
vatsaleducation2,channel,(Rajasthan Exams) Vatsal Education,1556,
rje_ki4,channel,ЛАР ПИЧ,141,~ТУТ СОБРАНЫ ВСЕ НЯШКИ ИНТЕРНЕТА~  Оставь надежду всяк сюда входящий ДИКТАТУРА АНТИХАЙПА БРО Твич - https://www.twitch.tv/rje_ki4 Дисскорд - https://discord.gg/27SQea7GfD
brn_mn_rev,channel,"Созвездие // Меняльник Барнаул // Дом, в котором…",387,"Даже из маленьких искр, может получится большой костёр.     ©ваша Искра.    Организатор: @xaxaxaxxaaxx Админ: @Lanndges"
rjevne,channel,vil,139,intj sxso 5w4 583 levf rloei phlegm-chol LII
kuzya_armeytzev,channel,KuZya,1164,"Russian risovaka  Канал с рисунками и про рисунки, где автор иногда позволяет себе высказывать свое авторитетное (или не очень) мнение.  По вопросам приобретения/заказа картинок и прочего прошу писать в сообщения каналу или обращаться сюда: @isloga"
rzhev_today,channel,Ржев новости,2504,"Новости Ржев, Зубцов, Старица, Оленино.  Областной канал: https://t.me/tver_podslushano  @regionaltg - прислать новость, разместить рекламу"
y569aa,channel,Гид Галина РЖЯ Тверская и Московская обл,332,"Экскурсия по г.Ржев и Ногинск  Для связи со мной, пишите в @Rab75bit"
wellwellwell_37,channel,(РЕСТ до конца месяца)√-Рыжий пух|,78,"Добро пожаловать в мой канал, здесь ты найдешь туториалы, игры, анимации и многое другое! Фан тег: #Рыжуля / #Love_Элан  Лс владельца: @zebryr (прошу обращаться на вы!)"
ominin_ru,channel,Пятый из битлс,47,Тревис Скотт - Ржев - 11.09.2026
cars_saratov,channel,Cars in Saratov city,363,📸 Сообщество Карспоттеров Саратова и области. Связь с администратором: @danil_lirinn
ironteatr,channel,Осетинский театр,1054,Северо-Осетинский государственный академический театр имени В. В. Тхапсаева 🎙Синхронный перевод  Касса театра: +7 (8672) 55-14-68  +7 (8672) 91-02-48 сайт: os-teatr.ru
lasertop_64,channel,LASER TOP Саратов,360,💝 —30% на первую процедуру лазерной эпиляции  -Лазерная эпиляция безопасно и без боли -Эстетическая косметология - контакт для записи 8 (909) 339-90-36.  - телеграмм @lasertop64 - онлайн запись n1108886.yclients.com  📍г.Саратов  ул.Яблочкова 7
elsurfo_saratov,channel,El’Surfo Saratov,1039,💎 Эмоции премиум-класса без лишнего шума • Электрофойлы • Ретро-катер без прав • Картинг на льду  🌿 Эксклюзивный отдых — просто и с заботой о вас  Для записи писать: @elsurfosaratov   Онлайн запись: https://elsurfo.ru 📲 Номер: 89626260215
sounb_saratov,channel,Саратовская ОУНБ,280,"Саратовская областная универсальная научная библиотека – одна из старейших библиотек России. В настоящее время является одним из главных книгохранилищ области, информационным, образовательным и культурным центром."
rasskazovka_chat,group,Рассказовка - Внуково | Чат Соседей,2121,
hramrasskazovka,channel,Храм в Рассказовке,913,"Обсуждение тем, связанных с храмом в чате: https://t.me/+hCo-95irkrZlOGUy  Пожертвование можно оставить по номеру телефона +7 (916) 113-29-99  Альфа банк / Т банк / OZON банк  или на сайте храма: hramrasskazovka.ru"
rasskazovo_chat,group,РАССКАЗОВО ЧАТ ЗНАКОМСТВА,715,
niirasskazov,channel,НИИ РАССКАЗОВ,736,Бар-квартирник с ностальгической атмосферой и одной старенькой ламповой радиолой.  Пн – Чт: 12:00 - 02:00 Пт:           12:00 - 04:00 Сб:           15:00 - 04:00 Вск:         15:00 - 02:00  ☎️ 97-12-22
marikonews,channel,"Марушкино и Кокошкино, район Внуково/Новости",2996,"⚠️Актуальные новости Кокошкино, Марушкино и района Внуково  ❌ Мат и оскорбления запрещены❌  Наша группа в FB https://m.facebook.com/groups/kokoshkino.marushkinskoe/?tsid=0.5189158179037326&source="
vnukovo_online,channel,Внуково Онлайн,180,"Внуково Онлайн — главный паблик вашего района!  ✈️ Актуальные новости, полезные объявления и живые обсуждения 🏡 Аварии, ремонты, транспорт и события — оперативно и без лишнего шума   ✔️Подпишись — будь в курсе жизни района! Прислать новость: @vnykovo_bot"
rogov_vnukovo,channel,Рогов Василий Иванович | Глава МО Внуково,288,Рогов Василий Иванович - глава внутригородского муниципального образования - муниципального округа Внуково в городе Москве  https://www.munvnukovo.ru
upravavnukovo,group,Управа района Внуково Chat,2219,
museum_vnukovo,channel,Музей истории района Внуково,77,🔷ХРАНИМ РЕЛИКВИИ ВНУКОВА                      🔷 ПИШЕМ ИСТОРИЮ РАЙОНА                          🔷 РАССКАЗЫВАЕМ О НЕБЕ И ЗЕМЛЕ ВНУКОВСКИХ
krekshino_online_chat,group,Внуково - Крекшино Чат,1700,Чат жителей Крекшино и соседей.  Реклама запрещена!  Реклама  через админа @Andrey_Anatolyevich72 Разместил рекламу - вылетел из чата! Мат и оскорбления запрещены!   Новости в канале: https://t.me/krekshino
solncevopark24,channel,СОЛНЦЕВО ПАРК,1546,🥇Первый Telegram канал в ЖК Солнцево Парк (район Внуково) Всё самое интересное только у нас!  Группа в ВК - https://vk.com/solncevopark24 Реклама - @sp_help_bot #СолнцевоПарк #Пыхтино #Внуково
likegymfitness,channel,LikeGym Fitness | Внуково,929,Связь: @likegym_vnukovo  Наш сайт: https://www.likegym.ru/  Фитнес-клуб в ЖК Внуково
parkandfly_ru,channel,Паркуйся в Park&Fly 🚙 🅿️ ✈️,1331,"⭐️Парковки в аэропортах Внуково, Домодедово и Шереметьево⭐️ 🛫 бронирование parkandfly.ru 🤖 @parkflybot - чат бот 📞 8 800 3333 474 14 лет работаем для Вас 💙"
skolkovopark,channel,Skolkovo Park Life,568,Лучший новостной канал  о жизни в клубном квартале По всем вопросам пишите на tsn@skolkovo-park.com
skolkovotoday,channel,Skolkovo Today,572,"Фотокарточки, видео, новости про Сколково и бескрайний мир инноваций вокруг.   Наш основной канал: @skolkovoleaks.   Новости, предложения, реклама:  @skolkovo_leaks_bot  Чат https://t.me/+NIGxOT_3xIEyMDA6"
ikatanaev,channel,Иван Катанаев 🎻,3892,😇 Founder&CEO mozgolet.ru  🏆 10+ лет в SportTech  🥁Программный директор SportTech Skolkovo sporttech.sk.ru  💌 @ivankatanaev
skolkovone,channel,Skolkovo ONE | клубные дома,255,Клубный квартал рядом с Мещерским парком Авторская архитектура  Английский сад 20 минут до Москва-Сити  ☎️ Отдел продаж +74954924204
stolyarkino_moskva_zao,channel,СТОЛЯРКИНО,310,"Мастерская «Столяркино» для детей от 4 до 14 лет | Солнцево 🪵   🛠 В мастерской проходят: - занятия для детей и школьников - семейные мастер-классы - празднования ДР.  📞 Запись: @Stolyarkino_zao  📍Адрес: ул. Юлиана Семёнова, 8к1"
innovacia_estate_skolkovo,channel,Объявления о недвижимости ЖК Инновация,681,"По вопросам публикации  ЖК Инновация. Объявления #продам #сдам #куплю_квартиру, м/м, кладовку в #Одинцово и за его пределами #собственник. Без обсуждений. БЕСПЛАТНО. Делитесь ссылкой с друзьями"
kapot_ru,channel,Kapot.ru,241,https://t.me/kapot_ru_chat чат  Kapot.ru — бесплатная площадка автозапчастей нового поколения. Автозагрузка объявлений с Ав*то — в пару кликов. Мы объединяем продавцов и создаём реальную альтернативу рынку с завышенными тарифами. Пришло время действовать.
succulent_troops,channel,Зелёная Страница🌿🌱,274,
lph_kartofel,channel,ЛПХ Картофель,127,Интернет магазин семенного картофеля
orchiddiaries,channel,Орхидеи,22,Growing orchids
dkkapotnya,channel,Дворец культуры «Капотня»,622,Культура начинается с тебя! Подпишись на канал и будь в курсе всех новостей ДК!
iwant_concept_store,channel,IWANT | Азиатский концепт-стор,167,Лимитированные капсулы из Азии Эстетика минимализма и сложного кроя. 3 вещи на модель. Без повторов. Доставка по РФ
smart_renovation,channel,Ремонт с умом | Новосибирск,276,"Компания по дизайну интерьера, комплектации и ремонту квартир под ключ в Новосибирске. Сделаем качественно, в срок и с умом 🤌  Контакты : @Evgeniy_Ermashov  @Yan_Burdinskii телефон: 299-23-99,  8 (913) 917-23-99.  https://smart-renovation.ru"
setstyleru,channel,Где купить? С чем носить?,436,"В этом канале мы, Влада и Нина( дочка и мама) делимся стильными находками, примерами стилизации, статьями о моде и стиле! Являемся создателями семейного бренда одежды «Нити» Нина Романова-персональный стилист. В сфере стайлинга более 5 лет. YMReferral"
touch_lublinokapotnya,channel,Касается Люблино/Капотни,308,"Новости, афиша и ЧП в районах Люблино и Капотня  — Здесь соседи узнают друг друга лучше — Мы не пишем о проблемах, а помогаем их решать — Разыгрываем призы среди подписчиков  Все сообщества: https://t.me/touch_Moskva/3818  🐾 По вопросам: @kasatskaja"
tappotrappola,channel,Tap Trap,150,"Canale del sito www.taptrap.com - Il Tappo Trappola per insetti dannosi. Consigli per eliminare gli insetti dannosi con l’uso di trappole ecologiche riutilizzabili, con l'obiettivo di difendere coltivazioni e allevamenti dai parassiti senza insetticidi."
butirskiy_hutor,channel,Бутырский хутор,55,Рупор позитивной общественности Бутырского района СВАО города Москвы.
kva130,channel,130 квартал,61,Все об иркутской политике и не только.
yaninasvirida,channel,Янина пишет…💌,325,"Здесь тексты про меня, детей, массаж, масла, шутки и отсутствие цензуры! Без ИИ!  @otzov_ymnu канал с отзывами о мастерской массажа ""Ямну"""
mariafrederika,channel,Мария Чернолихова,225,Путь маленькой актрисы)))🎬🎬только про кино! Только про большие проекты🎬
sosedi_maryina_roshcha,channel,СОСЕДИ Марьина Роща,366,"✅ По рекламе писать - @nati_nova  Предложить новость - @SosediMaryinaRoshcha_bot  🙌🏻 МОД «Соседи» объединяет!  Актуальные новости района, обсуждения, рекомендации и полезные контакты.  Будь в курсе событий вместе с нами!"
beauty_club_msc,channel,Beauty Club Moscow,536,Клиника эстетической медицины Все для сохранения красоты и молодости в одном центре! ✅Самые востребованные методики омоложения  ✅Коррекция фигуры ✅ Эстетическая косметология  +79852269977 https://profbeautyclub.ru г. Москва. м.Марьина Роща
mroshaarshanburyatia,channel,Марьина роща,238,Отдых на Аршане
marjina_rosha_animals,channel,Марьина Роща. Животные,220,"Админ: @ReginaMai . Районный ТГ-канал о животных. Поиск пропавших домашних животных, помощь бездомным животным и т.д."
godrptipo,channel,НАО “TALAP”,5676,
sfr_arhobl_nao,channel,Социальный фонд России по Архангельской области и НАО,1281,Добро пожаловать в официальный канал Отделения Социального фонда России по Архангельской области и НАО!
nao_kandzi,channel,♪·°💉 Подвал Нао|NSFW|🕯️°·♪,65,Новым подписчикам читать навигацию обязательно!
doksnao,channel,Департамент образования и спорта НАО,350,Добро пожаловать в официальный канал Департамента образования и спорта НАО.   Мы в социальных сетях: VK: https://vk.com/doksnao ОК: https://ok.ru/group/60856256692340
naryan_marhp,channel,НАРЬЯН-МАР НОВОСТИ НАО,265,"НЕЗАВИСИМЫЙ НОВОСТНОЙ канал НАО. ПРИСОЕДИНЯЙТЕСЬ,ДЕЛИТЕСЬ КОММЕНТАРИЯМИ.  ссылка землякам:  https://t.me/+n5_D_gqWvV4wMWZi   #НарьянМар"
parlamentnao,channel,Собрание депутатов НАО,403,📃 О законах округа 💼 О деятельности депутатов ❄️ О Ненецком автономном округе 📱8(81853) 4-20-11
golgmk,channel,✨Воздушка в НАО✨,385,"Мы команда центра ЭЛИТ на краю севера России. Создали канал, для тебя, чтобы стало чуточку веселее, светлее и смешнее у тебя на душе)))   Добро пожаловать в нашу большую семью! Запишись на свои лучшие занятия в жизни: https://vk.com/app51440943_329436523"
northmpomor,channel,Северный спорт,403,"Все о зимнем спорте и северных спортсменах и физкультурниках: Поморье, НАО, ЯНАО, ХМАО, Якутия, Чукотка, Коми, Мурман и вся Арктика"
nao_astrolog_chat,group,НАО - Чат Астрологов,176,Портал НАО: https://t.me/nao_ap Канал прогнозов: https://t.me/nao_astrolog
miminklein,channel,переезд архив | Mimi 𝓚leinㅤ ⊹ ࣪ ˖,66,
hownao,channel,НАО || сообщество пациентов с НАО,158,"Канал создан, чтобы объединить пациентов с наследственным ангионевротическим отеком со всей страны, а также всех, кто рядом с такими людьми.  •рассказываем о диагнозе НАО •создаем сообщество пациентов, где каждый может получить поддержку •маршрутизируем"
gkhstroynao,channel,"Строительство, ЖКХ, энергетика и транспорт НАО",170,"Добро пожаловать в официальный канал Департамента строительства, ЖКХ, энергетики и транспорта НАО.   Мы в социальных сетях: VK: https://vk.com/gkhstroynao ОК: https://ok.ru/group/60856345297012"
nao_astrolog,channel,НАО - Школа Классической Западной Астрологии,128,Школа астрологии НАО работает в Н.Новгогроде с 2002 года.    Контакты: https://astrolog-nn.ru/ https://vk.com/astrolog_nn https://t.me/astrosergio Тел: +7 831 323 60 05  Портал НАО: https://t.me/nao_ap Чат астрологов: https://t.me/nao_astrolog_chat
severozapad_tass,channel,ТАСС / Северо-Запад,193,"Главные новости ТАСС Северо-Запада России.  Основной канал агентства — https://t.me/tass_agency  Новости Петербурга, Карелии, Коми, НАО, Архангельской, Вологодской, Калининградской, Ленинградской, Мурманской, Новгородской, Псковской областей."
naopacoclub,channel,НАОПАКО,78,Дополнительные материалы.   Вк:  https://vk.com/naopacoclub Ютуб: https://www.youtube.com/@NAOPACOclub Бусти: https://boosty.to/naopaco Твич: https://www.twitch.tv/naopaco_animation
moyrayon_vnukovo,channel,Мой район Внуково,62,"Наш район входит в состав Москвы с 1950 года🔗 С мая 2024 года мы стали районом ТиНАО, сюда вошли поселения Внуковское, Кокошкино, части Марушкинского и Московского. Реформа завершится к 2025 году."
vnukovopremiumoutlet,channel,Внуково Аутлет Премиум,558,"Самый масштабный аутлет-комплекс в России  Скидки до 70% круглый год  Сайт: https://vnukovo-premium-outlet.ru/?ysclid=lulicqxk0713856779  📍Наш адрес: Москва, д.Лапшинка, 8Д"
vnukova_time,channel,Vnukova_time,233,"Моя кровь состоит из кофе.☕️  ♠️ «Жизнь, как она есть» 🥗 рецепты  🌍 путешествия 🧘🏻‍♀️ тренировки 📖 рекомендации ♠️красивые фотографии   ✨ идеи  🌸 эстетика  ♠️ Со мной интересно"
kokochsnews,channel,"Кокошкино ЧС | информация, новости, события",605,
xfitvnukovo,channel,XFIT Point Новое Внуково,503,"🏋️‍♂️ Фитнес-клуб без администраторов и отдела продаж  👨‍💻 Чат тех.поддержки: @xfitpoint_bot  ☎️ Телефон: +7 (993) 244-39-82  📱 Приложение: https://onelink.to/89uk6t  🕖 Круглосуточный доступ  📍 ЖК Новое Внуково, ул. Аэростатная 6к1"
islam_vnukovskoe,channel,МРОМ КЦ «Соседи»,654,Местная религиозная организация мусульман пос. Внуковское (регистрация в Минюст РФ)  Летчика Ульянина За
vnukovoaero,channel,Внуково не только аэропорт,15,
hramvnukovo,channel,Храм во Внуково,317,"Жизнь прихода святых мучениц Веры, Надежды, Любови и матери их Софии во Внуково"
ellosai_journ,channel,soon..,70,
taromagiaolga,channel,Таромагия с Ольгой,14,"💥Таролог 💥Рунолог, в том числе и коррекции реальности с помощью энергии рун 💥Таро Манара- как зеркало души 💥Оракульные системы 💥Расслабляющий и классический массаж/в том числе детский  💥Запись на расклад или массаж в личном сообщениии: @olyakislaya"
infoopina,channel,инфа,4,
velikie_tula,group,Набор описей ГАТО-Тула (Великiя описи),66,Чат для взаимодействия волонтеров по набору описей Тульского архива. Проект согласован с архивом.  Сам набор происходит тут: https://inv.velikie.org Инструкция: https://inv.velikie.org/instructions/ Общий чат: https://t.me/velikie_opisi
dorofeieff,channel,Даниил Дорофеев,231,Рупор консервативной революции.
svethristovprosveshaet,channel,д. Александр,1090,
elena_gidvmoskve,channel,elenagidvmoskve,135,❗Экскурсовод для подростков и взрослых 💥Гуляем по авторским маршрутам 🌟 бронь ☎️WhatsApp: +79160609717 ❗Крутые локации для самостоятельных прогулок в ленте⬇️
velikie_opisi_saratov,group,Набор описей ГАСО (Саратов) (Великія описи),114,"Чат для взаимодействия волонтеров по набору описей Саратовского архива. Проект не согласован с архивом, но архив о нас знает.   Сам набор происходит тут: https://inv.velikie.org Инструкция: https://inv.velikie.org/instructions/"
velikie_opisi_smolensk,group,Набор описей ГАСО-Смоленск (Великія описи),104,Чат для взаимодействия волонтеров по набору описей Смоленского архива. Проект неофициальный.  Сам набор происходит тут: https://inv.velikie.org Инструкция: https://inv.velikie.org/instructions/ Общий чат: https://t.me/velikie_opisi
reutov_fitness,channel,Reutov_Fitness,312,"Канал о фитнесе, спорте и здоровом образе жизни простыми словами!  Не знаете какие анализы сдавать и какие БАДы покупать? Пишите 👇🏽  https://hellodoc.app/s/n38s4/  Остались вопросы?  Жду Вас тут 👉🏽 @Reutov_fit"
school_reutov5,channel,МАОУ «Лицей» корпус 2,805,
antonreutov,channel,Anton Reutov,278,"Как сделать ТЦ сильнее: выручка, трафик, арендаторы, концепция. Аудит и обучение от эксперта с 27-летней практикой."
reut163,channel,REUT🐊,743,MGMT/BOOKING: @alxtikhonov  VK: https://vk.com/noreut  INST: https://www.instagram.com/63reut?igsh=em8wYWt2Z3QwMWFi&utm_source=qr  YOUTUBE: https://youtube.com/@reutmusic?si=xbNv4fhGS8tKojTb  63
reutbas,channel,СК «Волна»,640,"Спортивный комплекс, включающий в себя:  - Бассейны - Тренажерный зал - Шейпинг-зал  Так же в СК проходят групповые зания по:  - Йоге - Единоборствам - Шейпингу  Мы в VK: https://vk.ru/reutbasru Нашсайт: https://reutbas.ru/  Спасибо, что подписаны на нас!"
reutov_salon_apples,channel,#Молодильные яблочки,207,"#Молодильныеяблочки🍏  Мы знаем секрет красоты и молодости🤍 Весь спектр beauty услуг✨ 📍г.Реутов, Некрасова, 19        ⬇️Наш сайт | 📲+7 (963) 615-33-30 https://taplink.cc/molodilnieyablochki"
newstomilino,channel,Томилино | Люберцы | Подмосковье,399,"Новости Томилино и Люберец, канал в котором только правда! Расскажем и покажем проблемы города.   Прислать новость | Сотрудничество: @tomilino_novosti_bot"
tomilino_biblioteka,channel,Библиотека Томилино📚,302,"СП ""Библиотека Томилино""  Режим работы:   Вторник- суббота с 11.00 до 19.00 Воскресенье , понедельник - выходной  рп Томилино, ул. Пушкина,  д. 55 8-495-557-51-69   рп Томилино, ул. Пионерская,  д. 20 8-495-557-15-43   eseninka.ru"
tomilina_3,channel,Лизочка пишет🤗,171,https://t.me/tomilina_3
poshumilino,channel,Шумилинские соловьи!,1339,Самые свежие и интересные новости Шумилинского региона!
kosulinobeertm,channel,Косулинская Пивоварня Тюмень,206,Официальный канал Косулинской пивоварни г. Тюмень   ВКонтакте:  https://vk.com/kosulinobeer  Instagram:  http://instagram.com/kosulinobeer  Официальный сайт: https://kosulinobeer.ru  По вопросам и отзывам: kosulinobeer@yandex.ru  По рекламе: @annakpekb
toki_tomi,channel,𐔌 . ⋮ 𝕋𝕠𝕜𝕚—𝕋𝕠𝕞𝕚 .ᐟ ֹ ₊ ꒱,253,Здесь делаем всё >;>  По всем вопросам к @Sishuky  Начало: 27.09.24 Конец: ?
tomilkoe,channel,Елена Томилко,172,
astahova_log,channel,Ирина Астахова,156,Информационный канал Астаховой Ирины Александровны  Полностью на https://astahova.one
tomilenkoru,channel,Томиленко разбирается,108,"О коммуникациях, контенте и стратегии под это дело.  Написать мне: @tomilenkoman Почитать обо мне: antontomilenko.ru"
proshapito,channel,ШАПИТО — играть не вредно!,261,"🎪 На арене Аня и Лена.  Делаем проекты для дикорастущих предпринимателей и культурных корпоративных бойцов.  Выпускаем на сцену инсайты, курощаем выгорание, зовём на трансформационные игры и в путешествия.   Для связи: @sokolskaya Ходи сюда:"
www142800ru,channel,Недвижимость Ступино,82,"Недвижимость Ступино на https://www.142800.com/ С VPN Доступен всегда.  В Чебурнете не всегда. Отдельная благодарность отдельным персонажам, имеющим нашу страну."
razvilnoe,channel,Администрация Развильненского с/п,566,Новости Развильненского с/п
razvitie40,channel,"ГАУ КО ""Центр ""Развитие""",218,"Уважаемые родители и дети! Приветствуем вас на официальной странице ГАУ КО ""Центр ""Развитие"".  Наша миссия - обеспечить качественный, безопасный и полезный отдых для детей и подростков Калужской области."
razvictor,channel,Виктор Яковлев. Продвижение клиник,85,"Привет, я занимаюсь трафиком из поиска Яндекс и Google 11 лет. И уже 7 лет плотно занят пациентопотоком для клиник.  Сайты агентства:  https://sng-digital.com https://zdravo.digital   Связаться: @ya_yakovlev"
fcrazvilkadn,channel,РФК «Развилка»,65,
clubflocked1,channel,clubflocked ts,53,Тгк топ 5 игрока Украины по gd geometry dash
crashverstati,channel,.,31,
svetatalking,channel,.,25,
glavimvumakinka,channel,ГЛАВЫ МВ-У 🦔🌱,19,
gryaznayaigra,channel,gryaznayaigra,29,
pro_razvit,channel,Степан Кореев - развитие и осознанность молодёжи,5,"Помощь о поддержка подростков и молодёжи в осмыслении смысла и предназначения жизни, правильного пути, ориентиров и ценностей, развитие качеств характера, духовности и физическое развитие."
cryptoskill_ru,channel,Stavky,5,
slaviabank,channel,1,,
rus_muzik_n1,channel,Bekorchila,2,
dlorian_nik,channel,1,2,
taobaomama,channel,ТаоБао Мама,673,"Живой дневник о материнстве, путешествиях и хитростях экономии на закупках из Китая.  Здесь честно и с юмором — про будни мамы, путешествия и поиск лучших предложений из Поднебесной. Подписывайтесь, будет интересно и полезно!"
sao_project,channel,[SAO] Saved Anime Online,333,Добро пожаловать!  В проект залито более 30 аниме в озвучке AniLibria. Пользуйтесь поиском или навигацией.  Чат канала: @sao_project_chat  Навигация - t.me/sao_project/12  Обратная связь - @sao_call_bot
sao_tg,channel,SAO | Sword Art Online | Мастера Меча Онлайн,293,Арты и (иногда) новости по вселенной Sword Art Online.
saomoskva,channel,САО • TGMsk,1544,Предложить новость или рекламу: @TgMSKBot  Здесь все районные каналы Москвы 👇 @TgMsk_bot  ⚡️Актуальные новости  🎈 Мероприятия района  Сайт проекта: https://tgmsk.ru/
timirdogs,group,Собачники Тимирязевский и САО (чат),969,"Группа общения и кооперации собачников Тимирязевского, Бутырского и САО  Сообщения вне наших районов запрещены.   Котики тимир и САО  @timircat  Реклама только с согласованием админов"
mamam_vmeste_interesnee,channel,Мамы Дмитровки САО,630,"Сообщество мам, которые рядом!  Мамы из районов САО: Бескудниковский район, Восточное и Западное Дегунино, Дмитровский район. Северный (м. физтех)  Предложения и вопросы сюда @elena_shkinderova"
karhulavillage,channel,Усадьба Кархула,646,Питомник САО и Туркменского Алабая
bibl_surikova46,channel,Суриковка онлайн / ОКЦ САО,398,ГБУ г. Москвы “ОКЦ САО”   📸 Самое интересное о работе библиотеки в фотографиях и видео  📚 Книжные подборки  🎨 Творческие студии  🧑‍🎨 Мастер-классы  🎤 Концерты и спектакли  ✍️ Встречи с писателями   🌐 Наш сайт: https://kulturasao.ru/
ottsozvezdie,channel,ОТТ Созвездие,379,Образцовый Театр Танца «Созвездие»  г. Краснокаменск  МАУК «РДК «Строитель»
saomei,channel,Waifu已经退休了！,6305,warma@tuta.io 邮件查看频率1-2周一次
yasenevo_konkovo2,channel,Ясенево📍Коньково📍Теплый стан,8538,🔝Первый телеграм - канал ❤️ ✍️По рекламе пишите: @tanya_suha 📩Прислать новость: @epoha_gg
maceu77,channel,Масей теплый,868,По всем вопросам - @romerkon  Твич канал - twitch.tv/maceu77 Архив стримов - @maceustream
iasenevo_mews24,channel,Ясенево 24/7 • ЮЗАО,6845,"Лучший источник последних новостей и событий, происходящих в Ясенево!  Предложить новость: @Novosti_UZAO_bot  По вопросам рекламы: @wygen  Сотрудничаем с: @Spiral_Yuri https://r.mos-index.ru/go/bidfox"
uzaoms,channel,ЮЗАО • TGMsk,1571,Здесь все районные каналы Москвы 👇 @TgMsk_bot  📰Новости 🎈Мероприятия района 🐈🦮 Помощь в поисках питомцев  Предложить новость или реклама: @TgMSKBot 💰 Ваш пост на всю сеть районных каналов Москвы (более 30тыс просмотров)  https://tgmsk.ru/
konkovo_dogs_cats,group,"КОНЬКОВО: cats, dogs (чат) ЮЗАО",958,"Адекватный и модерируемый чат!  Помощь животным, объявления о пропавших и найденных животных района Коньково (ЮЗАО)  Продажа запрещена. За несогласованные сборы – заявление в полицию и бан.  Канал: https://t.me/konkovo_animals"
velo_uzao,group,Вело ЮЗАО,658,"Обсуждение анонсов канала https://t.me/Letsride_UZAO Вопросы, детали маршрутов, раздача геопозиции, связь.  Велочат Вело ЮЗАО"
medvedkovo_rabota_rabotanarayone,group,Медведково / Бибирево / Свиблово Работа Вакансии - Работа на районе,868,Для публикации вакансии нажмите Разместить в закрепе  ✅ Соискатели: Подбирайте работу рядом с домом в Бутово и ЮЗАО  ✅ Вакансии/Услуги / Реклама  👆Размещение 3 раза 11:00 / 15:00 / 20:00  👉 Все районы: https://t.me/rab_nr
konkovo_yasenevo,channel,Ясенево📍Коньково📍Теплый Стан,438,"📍Официальный канал районов Ясенево, Коньково и Тёплый Стан в ЮЗАО, г. Москва.  🇷🇺 Подписывайтесь! 👨‍👩‍👧‍👦  👉🏻 По рекламе: @weblabel"
uzaomosproc,channel,Прокуратура ЮЗАО г. Москвы,473,Официальный телеграм-канал прокуратуры Юго-Западного административного округа города Москвы
uzaomger,channel,Молодая Гвардия ЮЗАО,166,ЮЗАО - БАЗА Мы в Pinterest: https://pin.it/3BUOhy1OE
sd_lomonosovsky,channel,Спорт и досуг Ломоносовский,296,Расскажем все о кружках и секциях Ломоносовского района ЮЗАО г. Москвы  ✅ для детей и взрослых   ✅ спорт и творчество
png_band_official,channel,P.N.G.,346,Лучший тип-топ арт-панк ЮЗАО По всем вопросам: @Yarrruk Вк: https://vk.ru/club233139610 Тт: https://www.tiktok.com/@p.n.g.official?_r=1&_t=ZS-93ntlth1b9z     Неприличное слово
sd_gagarinsky,channel,Спорт и досуг Гагаринский,298,"Мы знаем все про события в Гагаринском районе ЮЗАО😎  ➡️ Секции и кружки для всех возрастов  🤌 Самы интересные мероприятия и места   🤩 Бесплатные приглашения на концерты, лекции и мастер-классы.   Сотрудничество: @manager_ds_pro"
artistlandru,channel,АртистЛэнд 🎬 🎭 Культурный центр 💃,204,"+79773135480 Культурный центр «АртистЛэнд» для детей от 3 лет до 18 лет и взрослых. 3 центра - в Зеленограде и ЮЗАО🎬  Страна ярких детей!⭐  Здесь вы увидите то, чего не увидите в других социальных сетях. • закулисье спектаклей • занятия с детьми."
yasenevo_msk,channel,Ясенево,9953,Выкладываем самые свежие новости района «Ясенево»  и помогаем решать ваши проблемы!  По вопросам рекламы: @Vladimir_0988  Предложить новость: @NapicatnamMSK_bot  Сотрудничаем с: @Spiral_Yuri https://r.mos-index.ru/go/bidfox
s29642,channel,Ясенево,5783,🔝Лучший канал о нашем районе в Москве!  📩Прислать новость ✍️ @Yasenevo1_bot  💎По рекламе 👉 @teleg_reklama_bot
anderson_yasenevo,channel,АндерСон Ясенево,297,"АндерСон в Ясенево Fort - место, куда хочется утром зайти за кофе ☕️ и вкуснейшим завтраком 🥗, после школы и кружков — на обед 🥘, а вечером — заглянуть на семейный ужин и съесть фирменный десерт 🍰! Кстати, многие наши гости так и делают!"
stretchhome_yasenevo,channel,STRONG BODY Ясенево,264,Студия растяжки в Ясенево https://strongbody.msk.ru
yasenevo_protiv_neboskrebov,group,Ясенево против небоскребов,924,
yogayasenevo,channel,Йога Ясенево,441,"Центр йоги и здоровья в Ясенево - уникальное место, объединяющее под одной крышей различные виды оздоровительных практик.  Адрес:м. Ясенево,Тарусская,18/1  Записаться и проконсультироваться по телефону:  +7 (495) 423-52-00 +7 (901) 789-46-99"
yasennik0,channel,книги 5 гр. [ясэн],163,анон - http://t.me/anonaskbot?start=CAzdlzd7XeYnF5t лс - @yasenik0 щп - https://t.me/+T5-LTkByyGcwYjhi тт - https://www.tiktok.com/@user28221495706316?_r=1&_t=ZS-97rLVsUE78B  Какие косплеи мне бы подошли?
karateyasenevo,channel,Медиа Клуба Единоборств ЯСЕНЕВО,174,"Москва, Ясногорская ул, 5     ☎️ +7909-153-9546  📍тренировки по каратэ для детей от 5лет  📍тренировки по самообороне                         📍занятия по первой помощи 📍ОФП с элементами карате для детей от 4 лет   фото и видео https://t.me/kar"
litclubyasenevo,group,Литературный клуб Ясенево - детский,54,Литературный клуб для детей 7-12 лет.
yasentup,channel,Ясень Пень (Тупик),38,"ПРАВИЛА: Никаких оскорблений и прочих гадостей. Кто будет обзываться - бан  Основной канал связанный с видео, рисованием и иными видами моего творчества.  Тикток: https://www.tiktok.com/@yasentup?_r=1&_t=ZP-9569SYgzTyh"
feodosiya_sudakk,channel,Феодосия | Судак | Старый Крым,638,#Феодосия #судак #старыйкрым
ivankozirevfeogorsovet,channel,Иван КОЗЫРЕВ | ФеоГорсовет,1887,"+7 918 193 5676 Глава муниципального образования муниципальный округ Феодосия Республики Крым - Председатель Феодосийского городского совета, депутат"
qywttw,channel,Схимонахиня Феодосия,369,Канал ведёт келейница матушки  Ольга Соловьёва.телефон для связи 89155956261.
feod_ovd,channel,ПОЛИЦИЯ ФЕОДОСИИ🇷🇺,533,Официальный Telegram канал Отдела МВД России по городу Феодосии.
news_feo,channel,Новости Феодосии,342,"На связи город Феодосия. Если вы хотите первыми видеть и читать новости о нашем городе, то подписывайтесь и узнавайте много нового и интересного."
pobedagazeta,channel,Новости Феодосии и Крыма,656,"Газета ""Победа"" Феодосия"
stroim_hospis,channel,Строим хоспис | Феодосия,100,Строительство первого в России детского хосписа у моря в Республике Крым в городе Феодосия. Строительство реализует АНО «Крымский детский хоспис» @crimean_hospice
hram_mgu,channel,Храм святых Кирилла и Мефодия при МГУ,598,Канал храма святых равноапостольных Кирилла и Мефодия при МГУ им. М.В.Ломоносова.   Настоятель – прот. Иоанн Лапидус: youtu.be/LmwbCQunjtg?si=wjmDwXTnAa5u37cH  Сайт храма: hram-mgu.ru ВКонтакте: vk.com/hram_mgu  Для пожертвований – https://clck.ru/3R5BTf
rpsc_shuvoe,channel,Старообрядцы Шувое,324,"Где по-домашнему тепло. Храм РПСЦ во имя Святой и Живоначальной Троицы  Адрес: Московская обл., пос. Шувое, ул. Гражданская, 45  Связь: @Guslitsi  Позвонить: о. Максим Андреев  +7 (926) 700-54-83  Страница ВК: vk.com/shuvoe_rpsc"
crimea_hotel,channel,"""ДИОНИС"", ОТЕЛИ КРЫМА. КРЫМ. Отдых в Крыму без посредников",582,"Гостевой дом ""Дионис"", Крым Феодосия - Береговое ❤  По всем вопросам обращайтесь ко мне @dionis_hotel_crimea"
feodorovskaia,channel,Феодоровский храм Бахчисарай,420,
gormozaika,channel,Горловская Мозаика,2109,Городской сайт и газета г. Горловка
komrmsto,channel,Александра Кульгина,516,"❤️ Председатель Движения Первых ДНР: https://t.me/mypervie_dnr  👉 о жизни в ДНР, и о себе"
gkhpgorlovka,channel,ГКЧП Горловка,122,Горловский Комитет Чрезвычайной Помощи. Дима Волонтёр. +79493063554 номер для связи.
gorlovkaperechat,group,Горловка/Перекличка/Чат,1721,
women_gorlovka,channel,Совет женщин города Горловка 🇷🇺,239,Женщины России - красота и сила!
centr2gorlovka,channel,ГБУ ДНР «ЦПМСП № 2 г.Горловки»,128,"ГБУ ДНР ""Центр первичной медико-санитарной помощи № 2 г.Горловки"" Гл.врач:Косарева И.Б 284601, Донецкая Народная Республика, Г.О. ГОРЛОВСКИЙ, Г. ГОРЛОВКА, ПР-КТ ЛЕНИНА, Д. 26. Рудакова 55 Номер телефона:+7 (856) 424-13-02 Эл.поч:cpmsp2.gorlovka@mail.ru"
crmir_gorlovka,channel,ЦРМИР | Горловка,33,Филиал ГБУ ДНР «ЦРМИР» Горловский молодежный центр — точка притяжения для молодежи города и место взаимодействия и коммуникации молодежи и всех молодежных некоммерческих организаций.   Мы ВКонтакте: https://vk.com/crmir_gorlovka
lyceum85,channel,"Новости ГБОУ ""ЛИЦЕЙ №85 ""ГАРМОНИЯ "" Г. О. ГОРЛОВКА""",198,
vecherkamak,channel,Вечерняя Макеевка сегодня,320,Городская массовая газета www.vechmaktoday.ru  Связаться с нами - @vechmaknews_bot  Наш чат - https://t.me/vmtoday
stroiteltut,channel,Строитель,55098,"Обучение строительству от А до Я!🛠   @Mawrodik - админ, реклама."
stroitelis,group,Стройка НУКУС,222,Здесь вы найдете профессиональных Строителей Сантехников Электриков . а также можете рекламировать ваши товары .
babushkinskijr,channel,Бабушкинский,1118,🔝Лучший канал о нашем районе в Москве!  📩Прислать новость ✍️ @Babushkinskij_bot  💎По рекламе 👉 @teleg_reklama_bot
sosedi_babushkinsky,channel,СОСЕДИ Бабушкинский,858,"✅ По рекламе писать - @nati_nova  Предложить новость - @SosediBabushkinskiy_bot  🙌🏻 МОД «Соседи» объединяет!  Актуальные новости района, обсуждения, рекомендации и полезные контакты.  Будь в курсе событий вместе с нами!"
babielet0,channel,🍮Бабье лето🍮,572,"Бабье лето — это тёплая душа создателя и его команды. Здесь готовят ромбабы и много разных вкусностей. Это место, где можно спокойно посидеть с друзьями, родными или любимым человеком, чтобы отдохнуть от мирской суеты. 12:00-20:00 С любовью, Бабье лето 🫶"
dskapitoshka,channel,"Детский сад ""Капитошка"" город Абакан",170,
epvln,channel,Evelina home 🤎,169,Добро пожаловать 🤍 здесь про спокойствие и жизнь без спешки: • фильмы для уютных вечеров • атмосферные рестораны • локации для фото в Москве • мысли и вдохновение   💞 больше контента —> https://instagram.com/epvln?igshid=MmIzYWVlNDQ5Yg==
msksviblovo,channel,Свиблово,1668,Предложить новость или рекламу: @TgMSKBot  Здесь все районные каналы Москвы 👇 @TgMsk_bot  📰 Новости 🎈 Мероприятия района ⚡️ Актуальные события  Сайт проекта: https://tgmsk.ru/
siboil,channel,СибОил,180,Вся самая актуальная информация здесь ✅
pro_sviblovo,channel,PRO Свиблово,27,Новости района Свиблово✅  Написать админу @PRO_svao_bot
sviblovo_borodach,channel,BORODACH Свиблово,37,"🔥Borodach Свиблово – твой барбершоп, где стиль обретает характер! 🔥  👑Мы знаем, как сделать безупречную стрижку, идеальную бороду и придать твоему образу максимальную уверенность."
a_garibian,channel,Артур Гарибян,870,Заместитель председателя Правительства Московской области  Тут не только про работу…
anbouhsazanofficial,channel,کانون سراسری انبوه سازان ایران,893,عضو کانال انبوه سازان ایران شوید: @AnbouhsazanOfficial
stroitelstvo_nedvizhimost,channel,Строительство и Недвижимость,569,Новости о мире градостроительства и инвестиций🔥🧱
archit68,channel,Министерство градостроительства и архитектуры Тамбовской области,146,Исполнительный орган Тамбовской области
bochkarevatv,channel,Ассоциация правовой помощи в градостроительной деятельности,87,Все о правовых аспектах градостроительной деятельности   сайт организации https://bochkarevatv.ru/
moskvoskop,channel,Москвоскоп,107,"Канал о жизни города и окрестностей, почувствованной разными способами.     Архитектура. Искусство. История"
gseby,channel,gse.by,53,"обсуждение публикаций, новостей портала строительной экспертизы РБ"
gradcomru,channel,Градком,46,"Оперативные новости и анализ изменений законодательства в области градостроительства Санкт-Петербурга и РФ от компании ""Градостроительные компетенции"" https://gradcom.ru/"
semenova_arh,channel,Екатерина Семёнова | Самарская область,185,Министр градостроительной политики Самарской области   С любовью о работе в родном регионе
topgeot,channel,ТопГео | Геодезия для проектирования,172,"📐 Канал инженеров и геодезистов компании ТопГео Здесь публикуем: • кейсы объектов • инженерные изыскания • кадастровую практику • автоматизацию геодезии • собственные программы и разработки ТопГео — Измеряем настоящее, создаем будущее. 🌐 top-geo.ru"
detiussur,channel,Афиша Дети Уссурийск,2572,Афиша детских мероприятий в Уссурийске.   Присылайте ваши анонсы в л/с @Evgeniya_Admin_Afisha  Наши соцсети:  Телеграм https://t.me/detiussur  Max https://max.ru/join/pe5_4_bJz0GXiuqD52YNGdZ7CmlAORg2EPWTP5n48NY  ВКонтакте  https://vk.ru/detiussur
ussur,group,Чат города Уссурийск ❤️,191,Уютный чат города Уссурийск и не только 🤗 Добавляй друзей!  💅 Max: https://max.ru/join/hpYl4JjsaMyhLWG697EKUcWuzNIe6ceJNohH3-Bipd0  📦 Барахолка Уссурийска: @ussurbarakholka 🚕 Поиск попутчиков: @poputchikusk 🎪 Мемошная: @reademption
adameva4234,channel,Сексшоп Адам и Ева,481,Сайт: www.adameva.ru  https://wa.me/79241253358 Уссурийск.    Есть доставка по городу.  По РФ доставка из Уссурийска.  С 10:00 до 19:00 ежедневно.
obayvleniay_ussur_chat,group,Объявления Уссурийск чат,142,Правила группы: telegra.ph/rules-08-09-88  Для связи: @ussurkpbot
molodaya_gvardiya_ussuriysk,channel,Молодая Гвардия | Уссурийск,59,"«Молодая Гвардия Единой России» – всероссийская общественная организация, нацеленная на вовлечение молодежи в общественно-политическую жизнь страны и воспитание патриотизма."
ny_i_ussuriisk,channel,НУ и Уссурийск,73,Мультики по фактам из хронографа Н.Н. Паничкина. Премьеры состоялись в 2019 году на странице Марка Чернослива. Почему НУ?... Создатели Наталья Кравцова и Ульяна Жиулло. Илююстратор и сценарист. Архив: https://youtube.com/@ny__i__ny8241?si=pHaVEN7ApdgxkBHJ
okleykaussurisk,channel,Выездная оклейка Уссурийск,68,@recheseeeee 89242664652 Никита  ОКЛЕЙКА АВТО НА ВЫЕЗД К КЛИЕНТАМ   -ВЫПОЛНЕНИЕ ПРОФЕССИОНАЛЬНОЙ ОКЛЕЙКИ АВТОМОБИЛЕЙ ДЛЯ ПЕРЕГОНА. - РАБОТА НА ВЫЕЗД К КЛИЕНТАМ - БЫСТРАЯ И КАЧЕСТВЕННАЯ РАБОТА С СОБЛЮДЕНИЕМ ВСЕХ ТЕХНОЛОГИЧЕСКИХ НОРМ. - ЦЕНЫ НИЖЕ РЫНОЧНЫХ
talk_ussuriysk,group,Чат Уссурийск,37,"Чат объявлений и рекламы. 1 сообщение от 1 участника в час. Обязательно используйте теги #,  сообщения без тегов будут удаляться. Обратная связь @CCCRobot"
gradovar,channel,Градовар | Магазин домашних винокуров,341,"Магазины в Анапе, Новороссийске и Славянске-на-Кубани  🔥  🍷Виноделие  🍺Пивоварение 🍶Самогоноварение 🍖Копчение   📞 8-918-058-72-71"
atomstroyuz,channel,AtomStroy - Ремонт под ключ,473,🏠 Строительство и ремонт «под ключ» зданий любого типа.   💯 Гарантия качества работы.   ☎️ +998-9999-4-3333 ЛС: @atomstroy_manager   🔹 facebook.com/atomstroy.uz 🔸 instagram.com/atomstroy.uz 🌐 atomstroy.uz
stroistil,channel,Строй Стиль🛠Строительство🛠Ремонт🛠Дизайн,167,"🏬Адреса наших физических магазинов: 📍г. Армавир, ул. Железнодорожная, 76 📍г. Армавир, ул. Желябова, 4 📍г. Новокубанск, ул. Первомайская, 105 📍ст. Отрадная, ул. Широкая, 9А  📲Аккаунт для связи - @stroi_stil 👨🏽‍💻Ссылка на интернет-магазин www.stroistil.net"
td_freedom,channel,Freedomstroy,80,"Freedomstroy - лучшие строительные МАТЕРИАЛЫ и УСЛУГИ! Кровли, фасады, мощение, клинкер  Офисы в Грозном, Назрани, Нальчике, Махачкале и Ессентуках - подберем, посчитаем, смонтируем всё как положено!   Адреса 👇 https://tdfreedom.ru/info?utm_source=tg"
pamyatnikstkladbishe,channel,Гранит Комплекс,36,"Изготовление памятников любой сложности с учетом индивидуальных пожеланий.Благоустройство мест захоронений,уход и уборка к памятной дате. Собственное производство в г.Коломна."
kinga52000,channel,主频道,11210,"Hello Telegram, this channel does not violate the terms of service and is committed to not violating your terms of service. Please protect it from vandals. Thank you @Telegram and @durov"
publicfrptool,channel,Public Frp Tool [ PFT ],921,
spruthub_chat,group,Sprut.hub - обсуждение,1330,"Чат для обсуждения общих вопросов, связанных со Sprut.hub - описание, покупка, функционал, совместимость и т.д. Наши чаты и правила: https://sprut.ai/pravila Каталог: https://sprut.ai/catalog Поддержка: @spruttroubles Сотрудничество: @Sprut666666"
gsmunlock247,channel,Gsmunlock247 - Update,516,https://gsmunlock247.com/
mifrpunlock,channel,MI FRP,352,Unlock MI FRP online instantly—no downloads or tools needed. Fastest and most trusted web-based FRP solution worldwide
lenadosalieva,channel,Психолог Лена Досалиева,711,"📔Экстремальная психология, работа в зонах катастроф  📔8 лет в руководстве психологической службой МЧС, 18 лет стаж работы. 📔Автор психологических методик: Приемы экстренной психологической самопомощи, работа с аэрофобией Мой Инстаграм @lena_dosalieva"
chinavisacenterrf,channel,Визовый центр Китая | Виза в Китай,783,"Для связи @svarovskayaa  Аккредитованный Визовый центр Китая в Москве, оказывает помощь с оформлением визы в Китай россиянам в обычном и срочном режиме. Визы КНР выдаются Консульской службой но документы подаются только в визовые центры.☎️ 8 800 2012 612"
rdksulin,channel,Культура Красносулинского района,186,"Здесь вы можете узнать много новостей  культуры района, комментировать, делиться, высказывать свое мнение. Вы также можете воспользоваться службой поддержки и задать вопросы в сообщение Канала. Наши специалисты на связи и постараются вам ответить."
ot39ru,channel,Служба охраны труда,54,Все о безопасности на работе и не только
noski63,channel,СЕКРЕТЫ РЕМОНТА | ОПТ | РОЗНИЦА | ДОСТАВКА по РОССИИ,55,"Здесь вы узнаете о поступление товара и новинках, о распродажах, фото и видео продукции.  Продажа ОПТОМ и в РОЗНИЦУ. Доставка транспортными компаниями и службой доставки Озон по всей России.  Почта:  noski63opt@mail.ru +7-9023743842"
negotiantnn,channel,Негоциант: Простой сложный ВЭД,37,"От консультаций по любому вопросу ВЭД до полного аутсорсинга поставок. Обучение персонала компаний, аудит ВЭД на предприятии,  споры с таможенной службой."
academiakozachenko_bot,bot,Служба Заботы,,
omonrus25,channel,Вакансии в ОМОН,5,Помогаем с службой в г. Москве
slangsupport_bot,bot,Служба заботы | Slang.,,Служба заботы о студентах Slang. 24/7. Телефон для связи: +420608870909. Напишите любой вопрос в чате и мы ответим.
society_moscovskiy,channel,Общество Московского района,100,Добро пожаловать в сообщество жителей Московского района Санкт-Петербурга
ao_cshjkh,channel,АО ЩЖКХ,44,"Бесперебойное тепло-, водоснабжение и водоотведение"
theheadlessartistre,channel,безглавый художник re,115,https://sprosi.link/ranydixon@3
somrrnnff,channel,чччеботарь,146,gonna k1ll myself ya just like rebzi для связи: @poospsp анон: http://t.me/anonaskbot?start=op6xr
graace18,channel,Grace,33,"music,movie,study,book and..✒️  جایی که شما برای من می نویسید 📃@Grase_sofibot"
asian_star_shop,channel,Asian Star,27,☆Магазин с одеждой/аксессуарами в азиатском стиле не оставит равнодушной даже самую заядлую модницу˚୨୧⋆｡˚ :  https://www.wildberries.ru/seller/1185447
sangha_online,group,Сангха онлайн | Буддизм,793,Буддийский форум.  Правила: t.me/sangha_online/4420/4424 Создавайте темы для общения или пишите в существующие.   При поддержке PROBUDDA @probuddha
menwhocv,channel,‌ ‌ ‌𝖠𝗋𝖼𝗁𝗂𝗏𝖾 𝗈𝖿 𝖴𝗌 (𝑪𝑽),68,‌             ¡Ni hao fine shyt                       @Mnhcdbot   𝐶𝑑𝑟𝑎𝑚𝑎 ; @CdramaAll
kgumgimo,channel,Клуб Государственного Управления МГИМО,329,"Добро пожаловать в Клуб Государственного Управления!  🇷🇺Клуб занимается изучением государственной политики России, будут рассмотрены преимущества и существующие проблемы, а также то, какие действия предпринимаются для достижения целей государства"
swos_ru,channel,Швейцарский Ортопедический Салон || swos.ru,1146,"Физиологическая, комфортная и ортопедическая обувь ведущих мировых брендов. А также ортопедические товары, средства реабилитации и уходовая косметика. Решения для здоровья всего тела - в соответствии с высокими стандартами  🌐 swos.ru | 📞 +7 (495) 660-3528"
vildannaya,channel,ВильданнаЯ 🌎,755,"❤️ВЛЮБЛЯЮ В ЖИЗНЬ❤️  Завожу в денежные вибрации!  Синхронизирую с частотой Любви, Счастья, Изобилия, Процветания, Достатка, Молодости, Красоты, Богатства!  Сонастраиваю с самыми высокими и кайфовыми вибрациями этой Прекрасной Вечности! 💗"
teamfirestorm,channel,Poker team «Firestorm»,421,Официальный канал покерной команды «Firestorm»  Почему более 2000 игроков выбрали нас?  • Бэкинг с высокими откатами • Бесплатное обучение • Опытные тренеры • Сильное комьюнити • Личный менеджер поддержки  Подать заявку: t.me/teamfirestorm?direct
maxima_hotels_official,channel,Максима Хотелс - сеть отелей Москвы,393,"Maxima Hotels – сеть отелей в Москве и МО, объединенные высокими стандартами обслуживания и атмосферой гостеприимства ⭐️ Единый центр бронирования  +7 (495) 788-72-72 Или по ссылке 🔗 https://t.me/MaximaHotelsBooking_bot"
lazarevakristinaa,channel,на связи лазарева 🫧,157,
dyrkakitaya,channel,Китайская дурка.com,47,Вк: https://vk.com/club232226836
morningsttr,channel,рест ! rotten apple,65,"𝗜 ധල𝙥–ƅල𝗆–ƅooṃ,, ල│ලкල𝐙ල𝗆 ! ! XD"
alreadywasted,channel,Play list,17,
xx_liliy,channel,‌ ‌ ‌ ‌ ‌ ‌ ‌ ‌ ‌ ‌ 🍂ᩛ ‌ ‌ ‌ ‌ ‌ ‌ ‌,76,to the stray dogs
oldhuylonozar,channel,старое хуйло нозар,20,когда же он умрет
soairaren,channel,гавкающий бурундук,37,пу пу пу
tiredofyouruglytears57,channel,tired of your ugly tears,79,"битмейкер/продюсер ""TIREDME"" - 50% скидка на соло биты до конца лета биты: https://t.me/beatchainbot/beatchain?startapp=profile865823326"
alxxkx,channel,забродившая клюква,49,
letov100,channel,100летов,39,"Песенки без души, с корявенькими мелодиями, сгенерированными нейросетью на мои и чужие стихи"
nim_fasele,channel,نیـــم‌|؋ـاصلـہ,40,
tuluptech,channel,𝐓𝐮𝐥𝐮𝐩𝐓𝐞𝐜𝐡 || ~𝐨𝐥𝐝𝐭𝐞𝐜𝐡𝐟𝐚𝐧~,23,😏🦶
lilianisherenow,channel,𝘔𝘦𝘮𝘰𝘚𝘢𝘭𝘷 𓅰,18,
outs1d3rshit,channel,ржавый,12,
deardearanddeer1,channel,Чужа драма | TW,19,"Баню за використання російської, стікерів, гіфок з нею."
odinochestvo_citati,channel,фонд золотых цитат 200 лет одиночества,8,
tiredfive_standoff2,channel,Tired five | StandRise,3,
dmvintage_bot,bot,DM VINTAGE BOT 💚,,Секонд DM VINTAGE 💚  https://t.me/dmvintage  https://www.instagram.com/doesntm.vintage?igsh=aGZkNWlndmM0ejYy
fizzbuzz_096,channel,Кто,5,Ботярики
eskitv_bot,bot,Eski televizor | 🍃,,Bot yasash xizmati: @Jek_Uz
livedunewebinarbot,bot,SMM-секреты LiveDune,,"Регистрация на эфир LiveDune. Если данные устарели, удалите чат, снова откройте бота и нажмите «Старт»."
kiberpasha39,channel,киберпаша🎹,1976,сотрудничество и букинг: @kiber_mgmt   сквад @kiber_squad   https://www.donationalerts.com/r/kiberpasha
by0edikvkepke,channel,by педик в кепке,93,
rdkwm00,channel,Кекеке,63,Всем пр я радик Все действия в канале  постановочные 18+ анонка https://t.me/hate16pers_anon_bot?start=QZgLoNKWN7n_AMd1
ppigeudeokppigeudeok,channel,ᴀʟɪɴᴀ,53,
j_oka_chan13,channel,ларпока,108,🦔💨💨💨💨
kaelike5,channel,kaelike ♱,88,делаю только взаимные подписки
meveke3,channel,Мевека: миллениал с гиперфиксом на Гарри Поттера,64,привет мопсы привет
koleika,group,ЧАТ KOLEIKA,21,"Наш чат создан для объединения, сплочения и информирования  водителей дальнобойщиков последней актуальной информацией. Здесь вы можете общаться, делится своими новостями и получать оперативную информацию из стран Европы и СНГ."
koteika,channel,Котейка | Твой ласковый антистресс,16,
kpoxxus,channel,kp0xa collect ??🆘,32,картонный канал вашей айсо!!
pervakkkkkkk,channel,𝑷𝑬𝑹𝑽𝑨𝑲 || 𝙆𝙖𝙩𝙮𝙖 𝙆𝙞𝙨𝙝𝙘𝙝𝙪𝙠 #𝙍𝙊𝙇𝙀𝙑𝙄𝙆 #𝙛𝙧𝙚𝙚,18,• Здᴩᴀʙᴄᴛʙуйᴛᴇ! Вы нᴀ ᴋᴀнᴀᴧᴇ ᴩᴏᴧᴇʙиᴋᴀ ᴄ ᴩᴏᴧью Кᴀᴛи Кищуᴋ. Нᴀдᴇюᴄь Вᴀʍ ɜдᴇᴄь будᴇᴛ ᴋᴏʍɸᴏᴩᴛнᴏ!   • ᴀнᴏн @mefmeifyBot  • нᴀчᴀᴧᴏ 08.07.26
allorapecco,channel,Фанаточка Пекко 🩶.,6,
izmaylovsky11_uk,channel,Измайловский 11 ПИК-Комфорт,601,"Информационный канал управляющей компании ПИК-Комфорт.  Адрес офиса: д.5А, между 5 и 11 подъездами.  Контакт-центр: 8 (495) 505-89-89  Оставить заявку можно в личном кабинете:  https://redirect.appmetrica.yandex.com/serve/605259799902316713"
izmailovvn,channel,izmailov,773,реклама/сотрудничество: 🪽@nkmv1
aiilarova,channel,tomýsik,76,
babyclub_izmaylovo,channel,Бэби-клуб Измайлово❤️,238,"Телеграм-канал о жизни Бэби-клуба Измайлово.  Анонсы мероприятий, полезная информация и самые актуальные события!   Наш адрес: 10-я Парковая, д.3  Наш телефон: +79161180789"
izmaylova_alina,channel,Izmaylova_life,135,"📸 Ты в канале, где фотография и таро не конкурируют, а раскрывают жизнь по-разному — через свет и через тень.  Этот канал — про жизнь без делений.     📩Если хочешь на съёмку или расклад — просто напиши."
bwizmaylovskaya,channel,BETONE WOMAN Измайловская,135,"Скидка на первое посещение сети BTN.WOMAN – 20%, не распространяется на окрашивания  Метро: Измайловская  Адрес: ул. Первомайская д.42к3 Телефон: +7 (499) 302-62-60  Записаться: https://n963941.yclients.com/compan"
alexeykrylovskiy,channel,Алексей Крыловский. Журнал стратега,232,Alexey Krylovskiy Channel
moiraion_izmaylovo,channel,Район Измайлово🍀,146,"Канал создан активными членами общественного движения района  Измайлово для совместного посещения полезных и интересных мероприятий, взаимодействия по программе развития района и простого человеческого общения. https://t.me/+WASqs4pQ_yk2NTZi"
tulovskiy,channel,Обретая смысл день за днем,113,"Я сейчас в глубоком кризисе питающего смысла моей жизни. Старые с грохотом рассыпались: стабильный бизнес, хороший заработок, устоявшиеся отношения.  А нового на горизонте не видно. Ищу его в себе день за днем.  Для связи: @Ivant_new"
gapou_lpk,channel,"ГАПОУ ""ЛПК""",510,
repulsenft,group,Биржа NFT by Makintosh,4575,"❗️Услуги гаранта предоставляются администраторами с префиксами  «Гарант» и «Владелец». ❗️За сделки проведенные без гаранта, администрация ответственности не несет. Хороших покупок! ❤️  https://t.me/Repulse_NFT розыгрыши подарков тут ❤️ гарант @XES1337CAV"
zhlobin11,channel,11#ЛУЧШАЯ❤️❤️❤️,554,
novypoglyd,channel,"Газета ""Новы погляд""",104,
shoolnegnev,channel,Горизонты,186,
mdou60,channel,"МОУ ""Лицей N1"" дошкольное отделение",186,Развиваем всех вместе и каждого в отдельности!
gomeldinamo,channel,"Гомельская ООС БФСО ""Динамо""",141,"Спорт, соревнования."
ostrovnoschool,channel,"ГУО ,,Островенская средняя школа Бешенковичского района имени К.А. Абазовского,,",118,Островенская средняя школа
mkyckdkahabroso,channel,МКУ КАХАБРОСО,113,
gymn_cherven,channel,"ГУО ""Гимназия № 1 имени В.А.Короля г.Червеня""",147,
krasnober,channel,Краснобережская СШ,54,
insli_ru,channel,INSLI,566,Выбрать дом онлайн:  insli.ru/dom  Получить консультацию по телефону: +7 495 118 42 42
novoizmall,channel,ТРЦ «Новоизмайловский»,201,"💛Ждём вас каждый день!  💛10:00-22:00 💛Балашиха, мкр. Новое Измайлово  https://www.новоизмайловский.рф  https://vk.com/novoizmall  #трцновоизмайловский"
izmailovo18,channel,Дом Чалтыкьяна,338,"Блог председателя совета дома. ВАО. Измайлово. г. Москва, 2-я Парковая, д. 18 Дом построенный архитектором  Г.Я. Чалтыкьяном с 1949 по 1951 год. ""Дом с лампочкой"".  Адрес редакции: izmailovo18@ya.ru"
gkalt53,channel,ЖК Изумрудные холмы,368,"Информационный канал ЖК Изумрудные холмы - Красногорск - важные новости о жизни в ЖК, простые и полезные советы по подбору предметов обустройства и ремонта квартиры.   Размещение в какнале - @dom_vesna Реклама и сотрудничество - @vhodvdom"
zalizmailovo_afisha,channel,zalizmailovo,379,🏰Концертный зал на 1000 мест 🔊Современный свет и звук  Ⓜ5 минут от м. Партизанская 🅿Парковка 100 мест #зализмайлово
promokody_pyaterochka_dostavka,channel,Промокод Доставка 2026,648,"Актуальные промокоды Пятерочка на доставку в 2026 году! Экономьте до 30% на первом и повторном заказе. Ежедневные обновления скидок на продукты и товары для дома. Бесплатная доставка и выгодные акции! ""Партнерские программы"""
everest_sales_house,channel,ЭВЕРЕСТ,1027,Новостной канал сейлз-хауса ЭВЕРЕСТ  Наш сайт: everest-sales.ru  По вопросам сотрудничества: info@eve.rest  PR: @lorushkaa
geelark,channel,GeeLark News | RU,652,Твой AI-помощник для маркетинга в соцсетях 📱  📌 Важные ссылки: https://linktr.ee/geelark 👥Чат: @geelarkchat
foxmarketkso,channel,FOX MARKET | Канал,72,
fiverazhollst,channel,холст пятёрки,93,фанат игр на пк и лука
janvarev_ru,channel,Janvarev.ru,97,
zoriktodan,channel,Смыслы Зорикто,160,"Пишу про продающие смыслы в бизнесе: как их находить и применять в маркетинге, продажах, контенте, рекламе, личном бренде и продуктах.   Зорикто Дансарунов - ментор-коуч MCP, предприниматель, маркетолог, продюсер.  По всем вопросам писать автору @svetomag"
wb_ozon_yandex_proskurin,channel,Эксперт Ozon и WB Алексей Проскурин,1324,- 11 лет на маркетплейсах 🤝 - 6 лет преподаю 👍 - в ТОП -3 по маркетплейсам в 2025 ( Рейтинг Рунета 25) 🏆   На консультацию @Proskurin_Alexey
huckstermarkets,channel,Маркет Гуру,504,Представляем информацию по работе на маркетплейсах: 📌Аналитика и обзоры 📌E-commerce и технологии 📌Маркетплейс Wildberries 📌Маркетплейс Яндекс.Маркет 📌Маркетплейс OЗОН 📌Маркетплейс Мегамаркет 📌Маркетплейс AliExpress
marketplacewow,channel,ЗАВЛЕКУ | Инфографика и контент для маркетплейсов,239,• Инфографика карточки • SEO • Креативы для теста CTR • Фотосессии • Анализ рынка и конкурентов • Формирование текстов и ТЗ для дизайнера • Разработка дизайна • Обучение  Заказать 👉 @zavleku
shkolniki1409,channel,школьники 1409,1824,‼️ Наш бот —https://t.me/shkolniki1409bot  фото не выкладываем.   💠 Буст —https://t.me/boost/shkolniki1409  🔧 Тех поддержка — @channelsupportik
skinlycs2,channel,Skinly | CS 2👑,1430,"Добро пожаловать в канал Skinly | CS 2👑  Тут будет много розыгрышей!  Реклама/выдача призов: @NaViFroG (владелец)  Канал с отзывами: @skinlyreviews  НА ОТПИСКУ В РОЗЫГРЫШАХ 30 МИНУТ Твинкам, админам не выдаю.  Менеджеры: @beenger, @Powerbaza, @rudekeyy"
mir_shkolnika_butovo,group,Мир Школьника,3265,
cs2market_ir,channel,꧁ 𝗰𝘀𝟮𝗺𝗮𝗿𝗸𝗲𝘁.𝗶𝗿 ꧂,1637,🛒فروشگاه cs2market.ir تقدیم میکند💯  خرید و فروش انواع آیتم استیم  💥   [CS2]❤️‍🔥 [DOTA2]💥 [RUST]💯 [TF2] 🗝    ادرس سایت... 🌐https://cs2market.ir/  کانال سایت 🛒 @cs2market_ir  کانال اعتماد🤝 @cs2market_etemad  ادمین سایت 👈 @cs2market_admin
olafamilyvlog,channel,OLA Family,377,ОЛА семья/ OLA Family Снимаем влоги 🎞 Наш канал на Rutube: https://rutube.ru/channel/54593948/ ☑️Наша группа в Вконтакте: https://vk.com/olafamily По поводу сотрудничества. Обращатся к Анастасии: 🔴Telegram НАСТЯ: @angel2233739 🔵Telegram ОЛЕГ: @TeslyaOleg
logovosovmesti,channel,База ispovedueshiy,190,Мой ник-Ispoveduishy Играю на сервере frizmine.com Прива-властелин За рекламой обращатся в лс- @usernokw
bread_toncoin_chat,group,BREAD|NFT CHAT💬,137,Чатик прикреплен к каналу: @Bread_toncoin По всем вопросам чата обращатся:  Админ: @Wallet_Durove Если не отвечаю @wastedtimeb
mollilegend228,channel,🐈‍⬛MOONCAT🌙,106,"ТТ-molly1.14 Мой Менеджер: @Kimjunxo125 Все коллаб,заказы,вопросы и тому подобное обращатся к менеджеру."
neirosha1_bot_teh,channel,Канал Нейроша бот ИИ,94,Приветствуем вас на канале бота Нейроша https://t.me/neirosha1_bot. Здесь самые свежие новости об ИИ. По всем вопросам вы можете обращатся в чат поддержки https://t.me/neirosha1_bot_chat. Администраторы постараются вам помочь. Спасибо что вы с нами!
besplatnie_spb,group,Бесплатные обьявления Санкт-Петербург,11,Обращатся по всем вопросам - @GarikShilov
ebat_068,channel,КАНАЛ(анал) СКОВОРОДКИ,10,Короче сразу говорю:  Влд:я(эбардо/айсулу/далабеб)человек который создал этот некому не нужный канал. Обращаться хз как вам удобно(он/его)(она/ее)  Админ1:престон. Обращатся:(они/его) Админ2:Аид/бант. Обращаться  :(он/его)
bigbangadsnetwork,channel,Big Bang Ads,107,"Direct Advertiser for SOI Lead Generation offers (Free sweeps) in 20 countries (APAC, Europe, Africa and Latam) #bigbangads #leadgen #sweepstakes #affiliatemarketing #soi  For more & sign up 👉 https://bit.ly/3dUCrWC"
selections_moscow,channel,selections moscow,137,Проект [S’] ориентирован на подсортировку модного ритейла в середине сезона и состоится с 16 по 18 апреля 2024 года в павильоне 2.4 ЦВК “Экспоцентр”   https://selections.moscow
shtuchkipro,channel,ШТУЧКИ.PRO,800,💅🏻Сеть маникюрных магазинов  🛍 https://shtuchki.pro  💟Написать менеджеру: @shtuchki_pro  • гель-лаки • топовые бренды • оригинальное оборудование • качественные инструменты • расходники
schtuchki_vintage,channel,schtuchki и штучные истории,1860,По всем вопросам можно писать в тг: 89811430511
damskiye_shtuchki1,channel,Дамские штучки 💞,238,
shtuchka_krashena,channel,Штучка Крашена | в Крылатском,182,Онлайн запись https://n1633203.yclients.com  Салон стиля и репутации ваших волос  Бизнес окрашивание и стрижки  Air Touch | Блонд  Гарантия качества и прекрасного результата под ключ   Руководитель @viktoriastill
petuchiniofficial,channel,Petuchini,397,Petuchini - натуральные лакомства для животных и отличная история :)
chukotkadostavka87,channel,САНЧО | ЧУКОТКА - отправка товаров,419,"Здравствуйте, моё имя Александр Вылко, предлагаю услуги посредничества по выкупу и отправке товаров на Чукотку, у меня👇🏽 ➖Качественная упаковка ➖Высылаю из г. Владивосток  ➖Работаю с WB, OZON, Я.Маркет и др.   Мой контакт: @ohhsanya"
hobbyshtuchkichat,group,Чат Хобби Штучки,119,
schtuchki,channel,упражнения в прекрасном,56,"где была, что видела?"
m_shtuchka,channel,Круче Гуччи | Болталка о Моде | Женский чат,56,Здесь можно поболтать о моде и не только
pedagogichnishtuchki,channel,Педагогічні штучки,476,
damskieshtuchk,channel,ДАМСКИЕ ШТУЧКИ. УНИКАЛЬНЫЕ УКРАШЕНИЯ ДЛЯ ЖЕНЩИН.,634,"""💎 «Дамские Штучки» - бутик авторских украшений, подарков LUXE- класса! 🔹 Авторская бижутерия 🔹 Эксклюзивные сувениры 🔹 Подарки для женщин 🚚 Доставка по РФ/СНГ ⭐️ Гарантия качества 📲 Заказ: https://t.me/chatDSH #украшения #подарки #бижутерия"" 🔥"
danilinapokupaet,channel,Модные бьюти-штучки,500,Самые трендовые и модные бьюти и уходовые штучки из-за рубежа: срок ожидания 4-8 недель.  По любым вопросам и заказам сюда @Mintchocolate_Order
prielos,channel,ПРИЕЛОСЬ,1044,"личный дневник Жени Не Приелось, приколдесные обои и всякие штучки-дрючки — тут! 🖤🐍"
brillsexpresspdf,channel,Brills Express Newspaper,4490,Download the Brills Express Newspaper Here 👇 https://epaperpdf.online  Contact us   @BrillsExpresshelp_bot
pdf417pro_news,channel,PDF417.PRO,2348,"pdf417.pro, support: t.me/pdf417pro_support"
flypuh,channel,Монохром,208,Админка критиков ведает о жизни
freepdfforyou,channel,Free Pdf,62,Free pdf of any book
flylo,channel,Flying Lotus,165,"Flying Lotus aka FlyLo aka Captain Murphy aka Steve is an American record producer, DJ and rapper from Los Angeles. He is also the founder of the record label Brainfeeder.  by @Archive1sdq"
pdfcommander,channel,PDF Commander,216,"Официальный канал программы PDF Commander. В ней удобно читать и редактировать PDF-файлы.  Подписывайтесь, чтобы не пропустить полезные инструкции и первыми узнавать об обновлениях!  Сайт программы: https://pdf-editor.su/"
htmltopdf,channel,HTMLtoPDF,122,"Convert web pages, documents and images to PDF easily!  @HTMLtoPDF_chat ⭐ @HTMLtoPDF_bot 🤖"
todaynewspaperspdf,group,"Today Newspaper PDF🔥[Bengali,English]",227,
pdfbots,channel,PDFBOT • All in One Pdf Services,84,
flypme,channel,Flyp.me,44,
studypdfadda,group,📚Study Pdf Adda🔰,49,"All Exam Notes PDF, Quiz, All Education Updates, Govt.Job Information, Syllabus, Admit Card, Results, Entrance Exam, Daily Newspaper 🔥Telegram👇 📚 t.me/SkJobAlert 📚 t.me/StudyPdfAdda 🔥Website👇 www.skjobalert.com 🔥Youtube👇 www.youtube.com/SkJobAlert"
htmltopdf_chat,group,HTMLtoPDF_chat,87,"Convert web pages, documents and images to PDF easily!  @HTMLtoPDF 🌟 @HTMLtoPDF_bot 🤖"
pdfharyana,channel,JAAT Movie 🎥,28,pdfharyana.com website Haryana Gk || 10th 12th Class Syllabus || let's Jobs|| Current Affairs | Hssc | SSC All Related jobs Pdf Computer Notes Available please visit our website www.pdfharyana.com
flypobeda,channel,Flypobeda,24,
divanpdf,group,Divan PDF Arşivi,56,"Burası, Yüce Divan sohbet grubu üyelerinin kitap, dergi ve makale PDFlerini arşivlediği bir gruptur.   PDFleri çalmakta özgür olduğun gibi paylaşmakta da özgürsün kııppss   Sohbet Grubu: @yucedivansohbet  Kanal: @RedditTR  Müzik Kütüphanesi: @divanmuzik"
ilovepdfapp,group,ILovePDFApp,4,"All-in-one online PDF tools — Convert, Merge, Split, Compress & Edit PDFs easily. Get updates, new tools & daily PDF tips here!"
pdf9in,channel,PDF9.in,2,Download All PDF Free in Single Click.
complete_pdf_bot,bot,i 💔 Pdf,,Contact Creator: @nabilanavab
bestpdfbot,bot,PdfBuddyBot,,"- сжимай, объединяй и разделяй pdf файлы; - переименовывай итоговый файл и даже отправляй на почту😉"
topdf_bot,bot,To PDF,,"Send me .doc, .docx, .odt, .txt or .jpg files and I'll convert them into .pdf."
booksonlinepdf,channel,Books Online PDF,1,Your one-stop destination for downloadable PDF books.  🌐 Visit us: https://booksonlinepdf.com/
compresspdfbot,bot,compress pdf |pdf ضغط,,Compresser pdf ضغط ملفات pdf Support:@ta_ja199
swiftpdfofficialbot,bot,SwiftPDF,,"SwiftPDF: All-in-one PDF assistant – compress, merge, encrypt, split, AI extract, all in one click!"
pdftoolkitrobot,bot,PDF Toolkit Bot,,"📄 Transform PDFs with ease! Compress, merge, split & more. Powered by Buildgram."
pdfconverterytabot,bot,PDF Converter BOT - YTA,,"Convert PDFs to .docx or .jpg, or turn images, text files, and Word documents into PDFs.  @ytaautomationn"
pdfconverteroptifybot,bot,PDF Converter - Optify,,"Instant PDF file conversion! Convert images, Word docs, text files, and PDFs effortlessly. Powered by @optifyhq"
i_love_pdf_bot,bot,ilovepdf,,A telegram bot which offers you all features of ilovepdf!
swiperpdfbot,bot,Swiper PDF,,
bookpdfdrive,channel,Book PDF Drive,2,"Bookpdfdrive.com is an online digital library where you can download free books and novels in PDF and EPUB format, without registering and with just one click."
pdf_bot,bot,PDF Bot • Free Converter,,All-in-one PDF services bot  🔄 Image ➜ PDF  🖼️ PDF ➜ Image ⚡ Fast • Simple • Easy to use
pdfcrop,channel,PDF CROP,2,"✨ Welcome to pdf-crop.com ✨ Your go-to platform for cropping Meesho & Flipkart labels, organizing PDFs, and simplifying document tasks. 🖇️ Fast, secure, and hassle-free solutions for your business needs. 🚀  🌐 Visit us: pdf-crop.com 📂 Simplify your PDF"
htmltopdf_bot,bot,HTMLtoPDF_bot,,"Convert web pages, documents and images to PDF easily!  @HTMLtoPDF 🌟 @HTMLtoPDF_chat ⭐"
office2pdf_bot,bot,Office2pdf,,"Convert messages, xls ,doc, ppt, images to pdf Issue? Let us know: https://t.me/office2pdf_support"
documentconverterbot,bot,𝘿𝙤𝙘𝙪𝙢𝙚𝙣𝙩 𝘾𝙤𝙣𝙫𝙚𝙧𝙩𝙚𝙧,,"Отправь мне PDF файл, и я разделю его на отдельные страницы."
texttopdfbot,bot,Text to Pdf,,
hk_imgtopdf_bot,bot,HK IMG TO PDF,,
office2pdf_supportbot,bot,pdf,,Convert images to Portable Document Format @OFFiCE2PDF_SUPPORT
gpdfbot,bot,Pdf Bot,,Go to @GoPdfBot
html_to_pdf_bot,bot,Webpage to PDF bot,,Bot can help you to save web article as readable pdf file. Channel with updates @baradusov_support
filebridgebot,bot,File Bridge,,Report Problem : t.me/Bridgebotslab?direct
createpdfbot,bot,Create PDF,,
pdfimagesbot,bot,Images To PDF,,
i2pdfbot,bot,i2PDF,,بوت تعديل على pdf من ضغط وتقسيم وتحويل الى pdf Dev:@ta_ja199
pdfeditorbot,bot,PDF Editor [Bot],,"All-in-one PDF toolkit: compress, merge, split, convert, encrypt & more. Fast, free, supports files up to 2GB!"
messagespdfbot,bot,Messages to PDF,,I turn Telegram conversations into PDF documents!
pdf_compressorbot,bot,Pdf Compressor Bot | Pdf Tools Bot,,Owned by - @catchme_here |  Bot Not responding ? Message Here @Anik_x_probot or use @Pdfmultitoolbot
photo2pdf_bot,bot,Photo to PDF converter,,Experiencing an issue? https://t.me/joinchat/ABlUoRpxmkFHGjoxsoSohg
migelagency,channel,MIGEL AGENCY,1535,"Блог MIGEL AGENCY. О том, как рождается креатив, SMM, PR, дизайн, концепции съёмок и digital-маркетинг. А ещё о команде и вдохновении.   По вопросам партнёрских проектов и сотрудничества пишите на почту pr@migel.agency"
rabotabataysk,channel,Работа в Батайске,2978,📌По всем вопросам: @top_manger
crypto_germany_official,channel,🇩🇪 Crypto Germany | CryptoGermany | Krypto Deutschland 🇩🇪,2239,"🥳Welcome To Crypto Germany | Krypto Deutschland  Learn about the latest Germany blockchain news, events, companies , Airdrop & Many More    Manger : @ThePJcooks   Making Money Tips + Testnets Airdrop cryptocurrency Follow Us Make $ crypto news"
korenofsk,group,Кореновск Объявления,911,"Объявления, услуги, купля-продажа.  #кореновск #объявления Кореновск Объявления"
gizemlw36,channel,LW ORGANİZASYON,475,
bet_cent,channel,Беттинг Центр,822,Телеграм-канал Беттинг Центра. Сайт https://betting-center.ru/  Беттинг Центр не является букмекерской конторой и не организует игр на деньги.  Связь: @landerei  ООО Фирма «СТОМ» Правила: https://cutt.ly/8tH494jd
zinkasolo,channel,ZEN ORGANIZATION,216,ZEN ORGANIZATION Организация которая проводит турниры по PUBG MOBILE  Режим METRO ROYALE  Дата основания ZEN ORGANISATION 24.04.2026  https://t.me/pravil990 ПРАВИЛА https://t.me/BANlistZEZorg БАН ЛИСТ  По всем вопросам
forteorganisation,channel,FORTE ORGANISATION,126,
velopro163,channel,VeloPROдвижение,484,"Мы - небольшая команда кто организует и проводит кросс-кантри соревнования, движимые целью популяризации велоспорта и развития велосообщества.  Наш канал открыт для всех желающих - спортсменов, любителей и только решивших узнать мир кросс-кантри поближе."
rabotka18v,group,MODELKA,3093,
gertusss,channel,gertas,488,
wbpodborkam,channel,Топ с WB,2344,"Одежда, аксессуары, косметика, товары для дома - для тебя 🩷  Реклама @futurevladislav"
podsolkoguesthouse,channel,Гостевой дом Братьев Подсолько,258,
podborka_hima,channel,Подборка/мега,122,По вопросам сотрудничества/предложений обращаться: @hima_ikk
tic_gorodok,channel,Турцентр Городокского района,168,👋Добро пожаловать в Туристический информационный центр Городокского района! С нами вам будет легко путешествовать по Городокщине! 🫶
infographic,channel,Infographic Daily,2124,"High Quality Infographics Everyday! Only on Telegram.  We do not own the rights of any photo. We are not affiliated with any company, app or page."
winfograf,channel,Евгения♦️Нейро♦Дизайнер♦Инфографика для маркетплейсов♦,185,"Я графический дизайнер, и моя суперсила — превращать скучные ТХ в сочные, увлекательные истории, которые НЕЛЬЗЯ пролистать! Я создаю инфографику, которая не просто украшает, а цепляет взгляд, объясняет и, самое главное, ПРОДАЕТ!    @evgenijavak"
infograf_uz,channel,Infograf_uz,278,Qiziqarli ma’lumotlar kanali @infograf_uz    Hamkor kanallar : @excelsior_uz @digital_inform
infografika_vn,channel,Осознанный дизайн | Маркетинг через визуал,179,Конверсионные карточки для маркетплейсов: визуальный маркетинг + смысловые отстройки💡  Сайт: https://designvn.ru/ Для связи ✍️ @vr_natalya
infograf_for_wb,channel,Дизайнер Маргарита Серкова | Инфографика,298,Моя работа - ваш ключ к успеху на маркетплейсах 🗝  Связаться со мной - @MargSerkova
ingraficon,channel,Инграфикон | Инвестиции в недвижимость,373,Инвестиции в недвижимость
infograficforyou1,channel,Даниил Сутягин Pro WB,93,"мой блог про: Фриланс, саморазвитие инфографика, дизайн Сделать заказ:  @infograficzff   ( КП ) Смотреть Презентацию: https://clck.ru/3EoEb8"
infograficalizavetta325,channel,Инфографика. Графический дизайнер. Брагида Елизавета 🔥,104,Сертификаты Примеры работ  Отзывы Результаты  Связь со мной @Lizavetta325
infographicsvv,channel,МАСТЕРСКАЯ ЧАТ-БОТОВ,252,"Бот продаёт вместо тебя 🤖 Заявки, прогрев, сделки — 24/7, ты отдыхаешь, деньги идут 💸"
sm_nau_chat,group,СМ чат (студмістечко),404,Чат Студмістечка НАУ
td_podshipnikmash_samara,channel,"ТД ""ПодшипникМаш"" Самара",293,ТД «ПодшипникМаш» Самара — надёжный партнёр аграриев с 2006 года.  🔵 Техника ведущих производителей 🔵 Запасные части 🔵 Сервисное обслуживание  🌾 Rutube: https://rutube.ru/channel/8187712/ 🌾 Сайт: https://подшипникмашсамара.рф
no1smm_update,channel,No1 Smm Update,42,Welcome to our Telegram channel. You will get updates about all the services of our SMM panel in this group.
ryslana_smm,channel,Ryslana_smm,19,"Привет ✨ Я Руслана. Здесь ты будешь получать полезные материалы по ведению блога, созданию контента, работе с аудиторией и продажам. Рада тебе 💛"
hyjobs2ksa,channel,وظائف للثانوية 🇸🇦,11254,القناة غير رسمية ولا تتبع لاي جهة
micro_finance_job,channel,MFI BFSI Jobs...,61,
myfriendsfeed,channel,my friend’s feed,9547,реклама/вп: @internet_CE0  реклама во всей сетке: @commercialceo
isfpsekaimbti,channel,﹫ 𝐈𝐒𝐅𝐏'𝐬 𝐜𝐨𝐫𝐞,200,принадлежит сетке - @mbticoresekaii !
lifebeatsteam,channel,Life Beats Team,89,"ВЭД, спорт, бизнес, блогеры"
a_romanov_archive,channel,Александр Петрович.,405,Непокорный и непокоренный.  | Канал принадлежит сетке @pvlnetcity
msitkin,channel,Макар Ситкин,166,Журналист. Новая газета / Редакция Алексея Пивоварова  Для связи: https://t.me/Feedback_Makar_Sitkin_bot
mashtabikkk,channel,МАСШТАБ СЕТЕВИКА..,14,Как сетевику запустить свой канал и получать реальных клиентов. --->НА ОСНОВНОМ КАНАЛЕ https://t.me/+se7XA03DmVE5YTE6
ivanaleksandrovitch,channel,КУРБАКОВ,1052,- Общественный деятель - Юрист - Председатель МОО «ОТЦЫ РЯДОМ» - Продюсер DEL ARTE MOSCOW - Почётный донор России - Педагог года Москвы - Магистр юриспруденции - Магистр госуправления - Капитан запаса ВС РФ VK: https://vk.com/ivankurbakov
aleksandr_uralovich,channel,Андарьянов Александр Уралович,412,Про Wildberries
straykibs123,channel,Галерея stray kids,16767,Здесь вы найдёте фотографии/видео/эдиты/обои на любой вкус и цвет по одной из самых величайших K-pop групп. ★  Купить рекламу - @rgrekl  Посмотреть другие каналы - @redheadgroup
redarmyofchinagroup,group,红色兵团-网络安全最前沿,3089,红色兵团是一支来自中国大陆的技术型公益团队，成员由经验丰富的网络安全专家、程序开发者及志愿者组成。我们以“技术为民，网络清明”为核心理念，致力于利用网络技术为社会做出正面贡献。
horseheadgroup,channel,Horsehead Group,1439,
redwin69official,group,REDWIN69 OFFICIAL,1017,REDWIN69 GRUP OFFICIAL
relay_group,group,Relay Group,1529,
headsgroup,channel,HEADS Group,924,Архитектурное бюро https://headsgroup.ru/
redhotcyberchat,group,RHC Chat (sicurezza informatica & cybersecurity),624,Gruppo italiano (italy) che tratta argomenti di Cybersecurity Segui anche: www.redhotcyber.com https://www.facebook.com/redhotcyber https://www.instagram.com/redhotcyber https://youtube.com/c/redhotcyber https://www.linkedin.com/company/rhcyber
resanehgroup,group,فعالان رسانه ونویسنده🇮🇷,1311,
redledrobotics,group,Центр робототехники REDLED,68,"Официальная группа Центра образовательной Робототехники REDLED. Новости центра, запись на мастер-классы и занятия"
reddogs_chat,group,rED DOGS Chat 🦴🦴,83,rED DOGS MEME  Auto Claimer 3in1 BOT @hipepe_CoM  @rEDDOGS_chat  @RDOGS_BOT
ekklesiabooks,channel,Издательство Экклезия,1251,"Канал для тех, кто ценит хорошую и здравую христианскую литературу, кто готов посвящать своё время её чтению и размышлению над прочитанным 📚  По вопросам можно обращаться: @eugene_vlasov"
savchenko_coach,channel,Ира Савченко МЕСТО СИЛЫ,530,"Ресурсы для жизни с Ирой Савченко Помогаю подняться по социальному лифту в бизнесе, самореализации и развитии личной силы  Написать лично https://t.me/isavira1  ФБ https://www.facebook.com/iSavchenkoIra/ ИГ https://www.instagram.com/ira.savchenko.coach/"
amelia_savchenko,channel,Амелия Савченко | Студия Дизайна и Инфографики | Wb / Ozon,237,"Дизайн, который не показывает — а продаёт Первый слайд: 900р Каждый последующий: 800р Для заказа: @Amelia_Sav4enko"
unihd_ua,group,Uni Heidelberg Ukrainische Geflüchtete,564,
spinabifidaclub,channel,Spina bifida (Иванов Станислав Вячеславович),787,"Занимаемся лечением детей с последствиями spina bifida.  Уникальный консилиум врачей (уролог, невролог, ортопед, нейрохирург, ортезист, офтальмолог, психолог). Ортопедическое лечение по квотам в университетской клинике имени Н. И. Пирогова в СПб"
ifiyaksfu,channel,Информер ИФиЯК,762,Информер ИФиЯК — твой медиа-маяк в море университетской жизни ✨  От слова — к сердцу!  Навигация: #анонс_info_ifiyak #слушай_info_ifiyak #смотри_info_ifiyak #видео_info_ifiyak #случай_info_ifiyak #cura_info_ifiyak #ДР_info_ifiyak  #проект_info_ifiyak
uleyschool,channel,Улей,803,
cssmsu,channel,Летняя школа учителей / Съезд учителей и преподавателей химии в МГУ,1237,
rattenposting,channel,Ratten posting,943,
pavlniva,channel,Павловская нива-Семена,566,"Официальный канал АО ""Агрофирма Павловская нива"""
pavlovskr,channel,Павловская Ривьера,19,Клубный коттеджный эко-посёлок бизнес-класса в едином архитектурном стиле. 30 минут от СПб   Наш сайт: https://pavlovsk-r.ru
pavlcrb,channel,"КГБУЗ ""Павловская ЦРБ""",458,Официальный канал  КГБУЗ Павловской центральной районной больницы
mp_raeo,channel,MP RAEO / RHEO by Agri Builders,759,
nairaex,group,NairaEx,2084,"Nairaex community is the place to get up to date information on cryptocurrency, ask questions and connect with other crypto natives.   Website Nairaex.com"
raet270,channel,Деда Рает,1021,Мои стикеры: https://t.me/addstickers/raetgrim Наша беседа: https://t.me/+r5xu6eR3gjU1NmMy Мемесы и арты сюда: https://t.me/+VMWdvlyzcTc4OWFi Шрифт пт: https://t.me/raet270/1166  Обратная связь:  Рает - @raet27 Модератор Голди - @goldeneclipse000
bricsjournal,channel,BRICS Journal of Economics,261,
bankproconsult,channel,БанкПроКонсалт : открываем доступ к крупным контрактам и финансированию,91,🚀 БанкПроКонсалт – открываем доступ к крупным контрактам и финансированию  ✅ Банковские гарантии – быстро и на выгодных условиях ✅ Тендерное сопровождение – повышаем шансы на победу ✅ Кейсы и лайфхаки – учимся на реальном опыте  👉 Подробн
marp_business,channel,МАРП,94,"Межрегиональная ассоциация руководителей предприятий  Объединение усилий руководителей предприятий и организаций в вопросах устойчивого развития экономики Сибири и финансового оздоровления.  📍г.Новосибирск, ул. М.Горького, 79 🔗www.marp.ru 📞+7 383 223 98 4"
ganta_66ekb,channel,«Ганта» юридическая компания,87,"Сегодня любому бизнесу крайне важно иметь юридическое обслуживание высокого класса, поскольку это не только вопрос конкурентоспособности, это вопрос выживания на рынке."
deloros23,channel,Деловая Россия|Кубань,75,"Бизнес-новости, аналитика, поддержка. Основной сайт https://deloros23.ru"
ayurveda_plus,channel,Аюрведа | Ayurveda.plus | Йога,411,"Статьи и видео по Аюрведе, аюрведическому массажу сайта ayurveda.plus. Основы питания по Аюрведе, Панчакарме и Расаяне. Лечение согласно Вата, Питта и Капха дошам"
astrolog_sveta,channel,ПАНЧАНГ со Светланой Кройцер,238,Описание дня согласно индийской астрологии.   Для связи @shodashi108
antonserdeshnov,channel,Танцы | Антон Сердешнов,305,Обучаю Анимейшн-Вейвинг-Паппинг-Таттинг  Все услуги по публичной оферте | Данные обрабатываются согласно Политике Подробнее https://forms.gle/ugDvrqSd7fvVQoNz7
chatslutcomix,group,SlutComix Chat,556,"Порно комиксы и не только 😈 Реклама и Расписание: @rekcomix_bot ПРАВИЛО ТОЛЬКО ОДНО!  ⚠⚠⚠НИКАКИХ ССЫЛОК И САМОРЕКЛАМЫ ИНАЧЕ БАН⚠⚠⚠ !!!Все персонажи порно комиксов являются вымышленными и имеют возраст старше 21 года, они исполняют роли согласно сюжету!!!"
buddha_dhammapada,channel,Дхаммапада,424,"Дхаммапада — памятник древнеиндийской литературы, одно из важнейших произведений раннего буддизма. Согласно традиции, составлена из изречений самого Будды Шакьямуни.  Палийский текст Дхаммапады состоит из 26 глав и содержит 423 изречения"
net_svalke_u_fontanov_petergofa,channel,Мусорный полигон в истоках Петергофских фонтанов,268,"Согласно новой территориальной схемы по обращению с отходами, опубликованной Администрацией Ленинградской области, в 2022-2024 гг в Ломоносовском районе планируется создание нового мусороперерабатывающего комплекса “Брандовка”"
med_pavlovo,channel,Врачи Павлово | Отзывы,283,"🩺 Отзывы о врачах и клиниках Павлова, новости медицины, советы для здоровья. Всё — в одном канале!"
pavlov_centr,channel,Pavlov Analytics,655,"Аналитический центр Павлова - анализ больших данных, геоданных, спутниковых снимков, прогнозирование, аграрная экспертиза и многое другое"
schoolmaryno,channel,Школа «Марьино»,1920,Официальный телеграм канал Школы «Марьино»
playgroundmsc,channel,playground by themsu,1645,Летняя веранда THEMSU  Настасьинский переулок 9/5 Вход через ресторан ExtraVirgin  +7 916 279 7146 резерв @themsuhelp
schoolmid,channel,Школа МИД России,557,Официальный телеграм канал  ФГБОУ «Средняя школа-интернат МИД России»
maoyschool,channel,МАОУ «Школа #3»,517,
yeltsincenter,channel,Ельцин Центр,8120,"Президентский центр Б.Н. Ельцина - первого президента России www.yeltsin.ru info@ycenter.ru  Екатеринбург ул. Бориса Ельцина, 3 +7 (343) 312-43-43    Москва (филиал) ул. Малая Никитская, 12, с.1 +7 (495) 729-54-63 @BobrinskyMansion"
morvax_club,channel,MORVAX: Путь Plinc и Havi,1170,"Мы — Plinc и Havi, простые ребята, которые любят игры. Мы решили запустить свою сеть компьютерных клубов MORVAX.  Клубы:  -Тюшина 22 -Октябрьская наб.40 -Мурино, Екатерининская 23 Бот для брони:  @MorvaxBot Сайт: Morvax.ru"
ekskursia23,channel,Авторские походы выходного дня - расписание,349,"Экскурсия23.рф мой сайт. Здесь анонсы предстоящих событий  Авторский путеводитель по Краснодару -1200 руб (40 страниц, 70 адресов в pdf)  Запись в личку у @e_art_e_d"
ekaterinodar_discus_club,channel,Екатеринодарский Клуб,133,Екатеринодарский клуб - городское сообщество.  Чат сообщества - https://t.me/EDK_chat
chatekb196,group,ИЩУ ТЕБЯ ЕКАТЕРИНБУРГ 🇷🇺 Chat,52,
edk_chat,group,Екатеринодарский чат,83,Чат для участников Екатеринодарского Клуба.
yogagoramyrino,channel,"Йога студия ""ГОРА"" Мурино",132,"Написать администратору                        ⬇️  @YogastydiaGoraMyrino Студия йоги ""ГОРА"" 🗻Мурино, ул. Екатерининская 10 📱+7 (911) 011 30 27"
gonagig,channel,GNG,73459,"Привет, это наш официальный тг-канал. Мы делаем концерты твоим любимым исполнителям и обожаем то, чем занимаемся  По вопросам покупки билетов, аккредитации, сотрудничества милости просим в нашу поддержку – @GNGsupbot  Предложить мем/видео – @gng_offer_bot"
gomelgsu,channel,Главное статистическое управление Гомельской области,566,Официальная информация о деятельности Главного статистического управления Гомельской област
geomsleight,channel,Geomsleight DISBAND,1268,𝒯hese rebellious stardust kids they’re like ghost shots carved from chaos earthquake hearts shaking young souls sunk in hollow loss as their HOTLINE +44 or even any place to save their memoir 🇬🇧💂            @GEOMSIEC’s           @GEOMSLEIGHTBOT ☎️
gemoglobinchik69,channel,Гемкин закуток,887,18+ Личка - @gemoglobinchik Все важные ссылки тут - linktr.ee/GEMOGLOBINCHIK Буст - https://t.me/boost/gemoglobinchik69
gomelpharm,channel,Гомель Фармация,667,Гомельское предприятие «Фармация»
mitso_gomel,channel,События ГФ «МИТСО»,441,Гомельский филиал Международного университета «МИТСО»
gomelmk,channel,Гомельский Мясокомбинат,154,
montellug,group,MontelLUG - GNU/Linux fans,67,"www.montellug.it - MontelLUG - dal 2004, associazione di GNU/Linux fans, FOSS, programmazione, web, libertà digitali, privacy e tanto altro. Gruppo aperto"
glodao_channel,channel,GloDAO Channel,1239,💫 Website:  https://glodao.io 💫 Tele Group: @GloDAO_Group 💫 Tele Channel: @GloDAO_Channel 💫 Twitter: https://twitter.com/glodao_official 💫 Medium: https://glodao-official.medium.com/ 💫 Facebook: https://www.facebook.com/groups/921408051867536
mgtkminsk,channel,"ГУО ""Минский технологический колледж""",1009,"Государственное Учреждение Образования ""Минский технологический колледж""  Ул.Красная 19Б"
google1d,group,TG中文/吃瓜/热门/搜索神器/中文群组/中文群,354,在回复框输入关键词搜索资源
soch7kalin,channel,"ГУО ""Средняя школа №7 г. Калинковичи""",478,"Официальный канал ГУО ""Средняя школа №7 г. Калинковичи"". Актуальная информация, свежие новости из жизни школы. Будь с нами!"
ratomka_school,channel,Ратомка TV,463,"ГУО ""Ратомская средняя школа"""
gymn22minsk,channel,"ГУО ""Гимназия №22 г. Минска""",1040,"Официальный канал  Государственного учреждения образования  ""Гимназия № 22 г. Минска""  Прислать нам новость: @gymn22newsbot"
rasskazzarasskazom,channel,ИринкиныРассказы,236,"ИринкиныРассказы — это уютное пространство, где живут истории. Здесь — о путешествиях и городах,о книгах и театре, о тихой, но полной смысла жизни. Один рассказ за другим — и неспешно, с душой. Контакт для связи: https://t.me/ManakovaIra"
inshoplynmedia,channel,ІНШОПЛИН,137,"кременчуцьке медіа про культуру, місто, людей.  ~ інакше про локальне ~  ідеї, пропозиції, взаємодія ~ inshoplyn@gmail.com  https://inshoplyn.carrd.co/"
irishakotlova,channel,Ирина Котлова Художник,54,"Картины на заказ любой сложности: портреты, пейзажи, абстракция.  Доставка по всему 🌏  Уроки рисования индивидуальные и групповые 👩🏻‍🎨 - для детей и взрослых. Тюмень.  Писать ✍️ сюда @irinakotlova_art 🎨"
newsgomel,channel,Гомельские ведомости,5798,"Только важные и проверенные новости Гомеля, области, Беларуси и мира.  Связь с редакцией: @GVConnect_bot  Сайт: https://newsgomel.by ВК: https://vk.com/gv_by ОК: https://ok.ru/newsgomel Instagram: https://www.instagram.com/newsgomel/"
womengomel,channel,Женщины Гомельщины,681,
ggkisokolovskogo,channel,Гомельский государственный колледж искусств им.Н.Ф.Соколовского,749,
gomeloblavto,channel,ГОМЕЛЬоблАВТОтранс,1205,Канал крупнейшего автоперевозчика  Гомельской области
profppo13,channel,"Профсоюз ГУЗ ""ГГП №13""",138,Сайт - ggp13.by
centr_cro_gomel,channel,Белая Русь Центральная РО,525,
sh45gomel,channel,"ГУО ""Средняя школа #45 г.Гомеля""",698,
profsoyzgomrayon,channel,Гомельская районная организация Белорусского профсоюза работников образования и науки,868,
medunica_sadgomel,channel,"Дошкольный центр развития ребенка ""Медуница"" г. Гомель",391,
school62_gomel,channel,Средняя школа №62 г. Гомеля - Школа мира🌐🕊️,331,
gorod1142,channel,Город 1142,141,Атмосферный Гомель в видео на телефон от команды https://t.me/trkgomel
jdorgomelcourt,channel,Суд Железнодорожного района г. Гомеля,122,Органы власти
schcola2,channel,Средняя школа №2 г.п.Октябрьский,356,"📚Государственное учреждение образования «Средняя школа №2 г.п. Октябрьский»  🌐https://okt2.schools.by/m/ 📍Гомельская область, г.п.Октябрьский, ул. Урицкого, 78"
ecologia_gomel,channel,Гомельский областной комитет природных ресурсов и охраны окружающей среды,152,Официальный канал Гомельского областного комитета природных ресурсов и охраны окружающей среды🌱 Сайт: https://naturegomel.by/ Instagram: https://www.instagram.com/ecologia_gomel/
sanskby,channel,Санаторий Серебряные ключи,226,"Санаторий Серебряные ключи в Республике Беларусь, Гомельская область."
uyutnyy_dom_gomel_obl,channel,Уютный дом. Гомельская область,266,"Психолого-педагогическая, методическая и консультационная помощь замещающим родителям"
gimnastika24,channel,Вшпагате,6691,"Гимнастика! И все, что с ней связано!  ✅ Проект Sport24.ru 🤝 Партнер: @fonbet_official  Наши каналы: https://t.me/addlist/UZXKu1AeO7ZmOWJi  Реклама: reklama@sport24.ru"
gimnastika_art,channel,GIMNASTIKA,80,Фото и видеосъемка художественной гимнастики:  - соревнования  - сборы  - индивидуальные съемки  По всем вопросам: @artem_malahovsky
goldencity_community,channel,Комьюнити-центр GloraX Life Golden City,982,"Объединяем резидентов Golden City, создаем комьюнити счастливых людей!  📌 Телефон для связи: +7 (931) 989-62-31  Отзывы, предложения и партнерство: gscommunity@glorax.com  📍ЖК Golden City, ул. Челюскина, 6"
olympica_rg,channel,Академия гимнастики «Олимпика»,743,Официальный Telegram канал академии гимнастики «Олимпика»
shadxwbxrnhxuse,channel,SHADXWBXRN,2783,шадыкснбыксрн)
tysvt,channel,"to you, seventeen",299,от13~ | не информ   анонка: @tysvtbot
muldom,channel,ᴋ-ᴘᴏᴘ new's,79,Последние новости корейского шоу-бизнеса и свежие релизы🔥  ☁️Админ: @ravmillek ☁️Мои проекты: @exhibitionk                            @nctzenfamily  Канал создан: 04.07.2018  Чат для общения: https://t.me/joinchat/TUNhEDV-qGsUcyAE
mirastrove,channel,Mira’s Trove,66,Making caratbong islands 🫶🏻 Designing fandom keychains 🩷🩵 And sharing svt info 💎
soljininfo,channel,𝙆𝙄𝙈 𝙎𝙊𝙇𝙅𝙄𝙉 𝙄𝙉𝙁𝙊,76,✨️ - Portal de Notícias e atualizações de Kim Soljin.  - @smile143x
chimmybest,channel,чимми you gf,27,
chinaaacaat,channel,suga mood — ♡,71,"люблю жизнь, пишу о жизни  начинающий диабетик 🍪  army ⋆ ot7"
slimslimeboy,channel,слайми:/ #hqdгэнг,82,по всем вопросам:
mital16,channel,BBy atim,18,info @At1ML
ray_hhhh,channel,Taemi(k),20,"Dancing is not just a hobby, it's an art"
truesminjeong,channel,김민정 Minjeong,25,Lina t.me/WMinjeongBBot : ⓘ Не Всегда По Обновам
mimishow_oi,channel,. ࣳ 𝅄𝗺𝗶𝗺𝗶 2026 𝘀𝗵𝗼𝘄📜,11,
imonlyseungmin,channel,kimminis,5,Вика/Суа -  @imbyseungmin_bot
kybtw,channel,‌ rándöm things 💲,16,
gumnasui7,channel,Гимназический топчик 👍,250,"Новый телеграмм канал МОУ гимназии №7!)  Здесь вы сможете увидеть много разных рубрик на интересные темы 🌟 (подробнее в закрепе)  Оставайтесь с нами, и вы будете первыми узнавать о главных новостях нашей гимназии!)😎"
gymnazium_nov,channel,Гимназический вестник «Гимназия №1 г.Новогрудка»,211,
pokrovskayagimnaziya,channel,Покровская гимназия,297,"Telagram-канал Покровской гимназии.  Про жизнь наших подопечных, тренды образования и воспитания."
orthgymn,channel,Православная гимназия во имя Преподобного Сергия Радонежского,164,Официальный канал Православной гимназии во имя Преподобного Сергия Радонежского Академгородка Новосибирска  Действует по благословению Митрополита Новосибирского и Бердского Варфоломея  Ответственный: прот. Владимир Шин Тел.: +7 923 240 1740
careerlawmsu,channel,Центр карьеры ЮФ МГУ,1112,Центр карьеры юридического факультета МГУ имени М.В. Ломоносова Career.law.msu@gmail.com /career@law.msu.ru Сообщество ВКонтакте: https://vk.com/career_law_msu
mfc_chernogolovka,channel,МФЦ ГО Черноголовка,155,Новостной канал МФЦ ГО Черноголовка. Подключайтесь к нашему каналу в MAX https://max.ru/id5031117015_gos
kobrobrvmedte,channel,Кобрин Профсоюз образования,730,Telegram-канал Кобринской районной организации Белорусского профессионального союза работников образования и науки
tbilisskyrc,channel,Бригантина Тбилисская,99,
zamanepoha,channel,Учебный центр Zaman,265,"Zaman – Учебный центр в Уфе, который более 25 лет обучает специалистов самых разных профессий.  У нас более 80 курсов по 15 различным направлениям, чтобы Вы могли выбрать именно то, что лучше всего подходит Вас."
zamandas01,channel,Zamandas01,48,.
platform934_kcaac,group,KCA Advert Chat 🇲🇲 | Platform9¾ Presents,58,
yatai190,group,亚太聊天群,47,
zamaihan1,channel,self love.,14,
kirovskfootball,channel,Кировский футбол,250,Все о футболе в Кировском районе Ленинградской области
operinfokirofski,channel,Опер_Info_Кировский район,2030,"## 🔥 Новости Кировского района - будьте в курсе событий! 🔥  Хотите быть в курсе самых актуальных новостей района и города ? Подписывайтесь на наш канал!  У нас вы найдете: * Самые свежие новости о происшествиях, событиях, политике,конкурсы,рецепты и т.д"
fcmashinka_kirov,channel,ФК «Машиностроитель» г. Киров,474,Команда представляет одно из старейших предприятий города и области - АО «Кировский машзавод 1 Мая» (ГК «Сельмаш»)   🏆 Чемпион Премьер-лиги Кировской области по футзалу 2024/25  🥈Серебряный призер чемпионата МФФ «Золотое кольцо» 2025
kirovfootball_43,channel,Кировская областная Федерация футбола,341,
kirov_passenger,channel,Кировский пассажир,200,Автотранспортное предприятие — крупнейший оператор наземного пассажирского транспорта в Кирове. Парки предприятия обслуживают автобусные и троллейбусные маршруты.
kirovskobr,channel,Образование Кировского района,212,
dplvolgograg,channel,DPL Volgograd,271,Любительская футбольная лига в Кировском районе по всем вопросам пишите или звоните  +79376960947 Карэн
kirovsklibrary,channel,СЕТЬ БИБЛИОТЕК КИРОВСКОГО РАЙОНА,154,"Государственное учреждение культуры Сайт: https://lib-kirovsk.mogilev.by/ Адрес: г.Кировск, ул. Кирова, 80А (1-й этаж)"
kirovskrik,channel,Кировский районный исполнительный комитет,219,Официальный аккаунт райисполкома
murmanylyudisevera,channel,Кольский и Рыбачий. Туры на край Земли.,252,"🌟Открывайте Север с ""Мурманами. Люди Севера!"". Работаем с 1995 года.   Туры по Кольскому, Рыбачьему и  Среднему полуостровам. Отдых в кемпинге ⛺️на берегу Баренцева моря 🌊  Больше инфо о турах:  https://clck.ru/3GSQTs 📞 +79022812200, @murmany_manager"
contextkirov,channel,Контекст. Киров,212,
kirovskbrsm,channel,Молодежь Кировщины | БРСМ,121,"Кировский РК ОО ""БРСМ"" ул. Пушкинская 21 каб. 29"
mybusinesskirovsk,group,Мой бизнес Кировск,111,
skivebitd,channel,СК ИВЭБиТД,262,"Новости института, студенческая жизнь, мероприятия, достижения и возможности для каждого студента ИВЭБиТД💚"
technoliga,channel,"Официальная лига МС КВН ""Технолига""",152,"Официальная лига Международного Союза КВН, г. Витебск, Республика Беларусь"
newfit_pro,channel,NEWFitness,312,Фитнес клуб на Сельме Приложение: https://onelink.to/vbpc7h
tennisnovogorsk2,channel,Теннисный клуб Новогорск2,179,Большой теннис
nikasportvintegro,channel,NIKA SPORT Integro,459,"Расписание, цены, акции  фитнес клуба      ""Nika Sport"" Integro                                                   Тел:(97)400 89 90."
sportplus_nvrsk,channel,СПОРТ+,250,Про спорт в Новороссийске  Реклама: @mediabussines
worldclassnvrsk,channel,World Class Новороссийск,183,"World Class Новороссийск — пространство неограниченных возможностей!  Совсем скоро в центре города откроется клуб площадью 1300 м² с видовой террасой. Премиальное оборудование, студии Pilates и Cycle, групповые программы, массаж и косметология✨"
genesisgym_vrn,group,GenesisGym - Генезис,139,"​Здесь мы объединяем тех, кто выбирает силу и здоровье: от армрестлинга и пауэрлифтинга до фитнеса.  ​+79155811055 ​Наш адрес: г. Воронеж, ул. Лизюкова 95а"
neofitnsk,channel,«Неофит» фитнес-клуб,129,
sib_led_nvk,channel,Фигурное катание | Новокузнецк,84,"О фигурном катании в Новокузнецке и о клубе ""Сибирский лед"" для детей и взрослых. Запись 8-923-569-1070"
gymnasium2vlad,channel,Совет обучающихся «Гимназии №2» г. Владивостока,67,
velvetdance,channel,Танцевально-спортивный клуб «Вельвет»,66,"Адрес: АПИА АРЕНА 3 этаж .Тимирязевская, ул. Яблочкова 7, Moscow, Russia  КОНТАКТЫ:  Руководитель: Андрей Владимирович Просвирнин Телефон: +7 926 591-14-85  Юлия Владимировна Рогозина Телефон: +7 926-275-8751 Почта: Ev-julia@mail.ru"
alexfitnessmoskovskiy_bot,bot,Alex Fitness Московский,,"Фитнес-клуб с бассейном Alex Fitness Московский. Адрес: Воронеж, Московский пр., д. 129/1. Тел.: +7 (473) 212 12 39"
shravanam_academy,channel,Академия Шраванам,1914,Образовательная платформа shravanam.ru
sattl000,channel,English first stage,277,قسم اللُّغة الإنجليزية _ المَرحلة الأولى _ الدراسة الصَباحية (جامِعة القادِسية).   🔴القناة طلابية و ليست رَسمية.
bocharovaas,channel,Анастасия Бочарова,368,Председатель Движения Первых Московской области https://t.me/dpervye50
mypervie1948,channel,Первые 1948,165,Официальный телеграм-канал Движения Первых Школы 1948
elizaveta_garanina,channel,Елизавета Максимовна,26,"Специалист по организации работы в городском округе Самара, Движение Первых💙"
kimnauchit,channel,"Наталья Ким: подготовка к школе, начальная школа, коррекция почерка",28,"Канал о буднях педагога по  Подготовке к школе, начальной школе, коррекции почерка на основе советской методики и с нейроподходом. Веду занятия офлайн и онлайн.  Связаться @NT_Kim"
detsad_bio,channel,Структурное подразделение «Детский сад» МБОУ Биокомбинатовской СОШ,322,
detsad_nur,channel,"МБДОУ ""Детский сад "" Нур"" а. Хабез",242,"Добро пожаловать в детский сад Нур! Маленький уголок детства, где каждый ребенок важен и любим!"
detsad_kotenok,channel,"Дошкольное отделение МБОУ ""Тридцать первая школа"" г. Химки",441,
karapuzland_detsad,channel,"Детский сад ""Карапуз Land"" Краснодар",349,"Дошкольные отделения Романовской гимназии @gimnaziakrd  Детский сад •Карапуз LAND• - обучает детей с 1,5 до 7 лет. Создаёт благоприятные условия для интеллектуального и физического развития каждого ребенка! По всем вопросам: https://wa.me/79002859037"
desola1ed,channel,desola1ed,138,offers/collabs - @g0regram  mgmt email: desola1ed.music@gmail.com
rnd_detsad,channel,Частный детский сад «Веселые ребята»,56,🧠 Всестороннее развитие детей 📚 Уникальная образовательная программа в соответствии с ФОП ДО 👩‍🏫 Подготовка к школе 🇬🇧 Изучение английского языка 🧯Комплексная безопасность 👩‍🍳Сбалансированное 5 разовое питание 📍Ростов-на-Дону ☎️+7 988 569-92-29
detsad_90krasnodar,channel,detsad_90krasnodar,157,
detsad77,channel,Детский сад №77 г. Сергиев Посад,191,Добро пожаловать на наш Telegram канал!
detsad_185_krasnodar,channel,"""Детский сад 185"" г. Краснодар🌈",171,"МБДОУ МО г. Краснодар""Детский сад 185""  г. Краснодар,ул. Симферопольская, 28"
detsad48,channel,Детский сад 48,156,"💚Добро пожаловать в мир детства. 💚STEM-образование для дошкольников. 💚г. Краснодар, ул. Красная, д. 167/1, 8(861)2550553"
romanovoschool,channel,МБОУ Романовская СОШ,1099,Новости школьной жизни
ithinkthat7,channel,СЛОВАМИ ЧЕРЕЗ РОТ | Елизавета Романова,237,"Привет, меня зовут Елизавета Романова, я тренер по голосу, педагог по вокалу, создатель творческого пространства в Питере ERvoice 🗣️  Предприниматель и хороший человек в одном лице.   • Здесь случаи из практики  • Гипотезы  • Экспертный контент"
romanovcigarlounge,channel,Romanov Cigar Lounge,140,Сигарный клуб Romanov Уникальное место для настоящих джентльменов. • изысканная кухня • лучший выбор сигар • аристократичный интерьер • первоклассный сервис  ⚜️ Бронирования столов в Romanov Cigar Lounge: +7 966 177-00-99  romanovcigarlounge.ru
romanovanailz,channel,romanova.nailzz | Маникюр Пермь,239,
romanova_mentor,channel,Ментор | Романова Людмила,195,"Мой опыт как руководителя и преподавателя — не просто история, а ресурс для ваших решений.   Вдохновляюсь культурой Азии, живу в Анапе.  Путь прост: изучаю, применяю, делюсь.  Мой номер 89678597888"
pro_mebelassort,group,🅿️оманова ПРО ассортимент,182,"Я объединяю руководителей в управлении мебельным ассортиментом.  Цель: обмен информацией , ответы на вопросы.   Инна Романова, информация обо мне: https://dzen.ru/a/Y4NwY5cyqBmjr60M?share_to=link"
rnd44school,channel,Актив «Школы 44»,320,
toefl_valya,channel,Bite of English • TOEFL и английский,146,Здесь адекватные советы для подготовки к TOEFL и IELTS ✍️  и польза про английский для уровней B1-C1 в bite-sized постах🌱    Готовлю к TOEFL и IELTS c 2017 г. Балл TOEFL 6/6 (118/120)  Insta @valya_pro_english Связаться @valya_chernoskutova
toefl110plus,channel,TOEFL 110 Plus,494,
toeflstudys,group,IELTS || TOEFL DISCUSSION 📌,130,Prepare Yourself...Best Of Luck😌🤞 Owner : Karan  SAT GROUP :- https://t.me/Satcollegeboard_official  GMAT AND GRE GROUP :- https://t.me/gmat_gre_exams  CHANNEL:- https://t.me/sat_exam_book  🚩No promotion is allowed.  This is an educational group only!!
toeflprepchat,group,"uni admission, etc.",134,"@prepfortoefl канал по подготовке к ТОЕФЛ.  @toeflprepchat чат канала по подготовке к ТОЕФЛ.   Добро пожаловать в нашу команду любознательных! Здесь можно задавать вопросы студентам зарубежных универов насчёт поступления, учёбы заграницей и т.д"
kaleidoscopeschool,channel,Онлайн-школа для билингвов Kaleidoscope,536,Канал онлайн-школы для билингвов и эмигрантов  Kaleidoscope для родителей двуязычных и многоязычных детей со всего мира.
bilingualcamps,channel,Bilingual Camps - Билингвальные лагеря,450,
irinabodnar_english,channel,Английский с irinabodnar,1611,"Привет, это Ирина Боднар, преподаватель английского с дипломом США.  — билингвальное обучение  English, Geography, Science, History — онлайн-занятия для взрослых и детей любого уровня   Для связи: @iribodnar"
bilinguallogo,channel,Логопед для билингвов 🎈,239,"👩‍⚖️Я - Мария Санчес. Логопед для детей-билингвов, автор рабочих листов и пособий для билингвальных детей🌎"
bilingual_st,channel,Языковая студия “Bilingual”,106,✔️Английский для школьников и дошкольников ✔️Подготовка к ОГЭ и ЕГЭ  ✔️Китайский для всех возрастов  📍Дмитрия Петрова 8
bbenglish_zvenigorod,channel,BBEnglish • Звенигород • Курсы,189,"Клуб иностранных языков для дошкольников и школьников 🇬🇧Английский 🇰🇷 Корейский 🇨🇳Китайский 🇷🇺Русский ♟️Шахматы  г. Звенигород, ул. Комарова 17 сайт: https://bbenglish-zvenigorod.ru Бот для связи: @Zvenigorod_BBEnglish_bot"
blinglish,channel,Блинглиш 🌝,104,"Если вы учите английский и хоть раз сказали: ""Да, блин!"", то этот канал для вас!   Это канал моральной поддержки для всех кто учит инглиш. Давайте страдать вместе!"
boomer_ang_school,channel,Бумеранг🇬🇧🇨🇳🇪🇸онлайн-школа иностранных языков,172,"💥 Лицензированная онлайн-школа иностранных языков 🇬🇧🇨🇳🇪🇸  для детей и подростков 6–16 лет 📖 Индивидуально, мини-группы, группы занятия 💻 Собственная онлайн-платформа 📃 Лицензия № Л035-01714-93/03096247  https://t.me/anna_english_boomerang"
byblikland,channel,Бублик Ленд,89,"• Уютный и стильный лофт, игровая и развивающие занятия для детей • Пространство, созданное для счастливого детства, тёплых встреч и красивых праздников✨  📍Московская область, Солнечногорск, Бакеево, улица Новое Бакеево, 1м  🕐10:00 - 20:00"
anglopapka,channel,Англопапка,88,"Билингвизм, отцовство, языки.  Я Арсений, лингвист, препод английского и немецкого.  Жена Арина — международник, препод английского и итальянского, нутрициолог  Ребенок Аврора, 2yo, — пока профессии не имеет, но растет билингвом (eng/ru)"
welcomekindy,channel,Билингвальный детский сад,26,Английский детский сад
espanglishprivet,channel,🇪🇸Viva English🇺🇸,23,"Hi, everyone. I am a 🇪🇸 trilingual🇺🇸🇷🇺 teacher, and here I’ll be sharing my experience about how to learn them without so much suffering.  That is going to be fun, vamos!😼"
delfaxshop,channel,DELFASHOP,1025,برای اطلاعات بیشتر پین هارو چک کنید.🤍 انون: @xdxelfabot جهت ثبت سفارش: @DELFAADMIN
gim45barnaul,channel,"🏢МБОУ ""Гимназия 45""👩‍🏫🧑‍🏫",805,
yadviga_v_01,channel,AgivdaY,137,"Канал про спорт, личную жизнь и многое другое 🎥🍿"
mari_afonina_sliv1,channel,мария афонина слив курсов,183,
alisabarzaniya,channel,Алиса Барзания,7,
kulikovichanna_bot,bot,Служба заботы | Анны Куликович,,
abhikritibot,bot,Eva -,,Channel :- @Abhibots  Owner - @abhiraj_singh
yashash_baxt,channel,🤍,1,Моя жизнь ✨❤️
zarema_terapiya_dushi,channel,"Зарема Абдураманова | семейный психолог, Терапевт Души",333,"Семейный психолог, работаю по методу ""Терапия Души"".  Помогаю наладить отношения с собой и близкими людьми.   🕊️ 1000+ решённых запросов клиентов.   Запись на сессию @ZaremaCrimea.  Отзывы: https://t.me/+IB7A5KgY8f9mZTky"
zaremadhzikaeva,channel,Зарема Джикаева Радио России-Алания,124,
monb_gorkogo,channel,Областная научная библиотека имени М. Горького,47,"Государственное бюджетное учреждение культуры Запорожской области ""Областная научная библиотека имени М. Горького"""
brigadayasno,channel,Культбогиня,1373,"Авторский канал о культуре и досуге: кино, театры, рестораны, афиша мероприятий  По вопросам: @SuggestUrContentBot"
gorbenkogo,channel,Изобилие финансов | Яна Горбенко,384,"Финансовый наставник|Серийный предприниматель|Спикер •Центр недвижимости РК •Центр строительной комплектации   Вам сюда, если хотите: Генерировать пассивный доход Выгодные сделки с недвижкой Понимать, куда вкладывать деньги прямо сейчас @gorbenkopro"
popovaolgaschool,channel,popovaschool.com,252,"Все о бутафории, гриме и декоре.  ✨️Вдохновение  ☝️Поступить на курс БУТАФОРИИ и ГРИМА тут  popovaschool.com +видео-уроки и гайды  💥Получите Бесплатный урок ""Глаз дракона"" на главной странице сайта  Мы Вконтакте https://vk.com/popovaschool_craft"
gorkyias,channel,Gorky's IAS Academy,207,"Centre for Competitive Exams - UPSC, Civil Services Exam. https://gorkyiasacademy.com Follow us @  https://www.instagram.com/gorkyias/   https://www.facebook.com/gorkyias  Subscribe us  https://youtube.com/@gorkysiascatalyst  For enquiry, contact @GorkyIN"
radioassol,channel,Радио Ассоль,17399,@christina_zonova реклама   Регистрация канала https://clck.ru/3GASky
snprwfy,channel,Arzú Ruslánovna,156,med // elder // surgery // life   rgmu 3'  cooperation: tg: https://t.me/rriskni inst: https://instagram.com/a.rus1anovna vk: https://rriskni
dianaaleksss,channel,Diana Alekss,234,Insta: diana.alekss   🏆Тренер по воздушной акробатике   🏆Спортивный судья   🏆Региональный представитель Федерации  “Rapa” г. Санкт-Петербург   🔮 Таролог  @dianaalekss
grtvu,channel,Отдых Персефона,154,Врата открыты. Не стой на пороге Own - Рэнэсма Астахова
alsooramazanova,channel,Алсу Рамазанова | Про Платье,188,https://alsooramazanova.com/
gorbushka_cafe,channel,ГОРБУШКА | Арт-кондитерская и кафе,697,Сеть семейных кондитерских 🐻 Более 7 лет делаем вашу жизнь сладкой каждый день!🧡  Таганрог | Петровская 78а Ростов | Береговая 6  https://gorbushka-cafe.ru/ 8 800 350-90-37
crimea_dram_theatre,channel,Крымский академический театр им. М. Горького,1738,Сайт / https://rusteatrkrym.ru  Билеты / https://quicktickets.ru/simferopol-russkij-teatr ВКонтакте / https://vk.com/crimea_dram_theatre MAX / https://max.ru/id9102068533_gos RUTUBE / https://rutube.ru/channel/25828894/
zhukfm,channel,Максим Жук,2447,Литературное радио
zhukgkb,channel,ГБУЗ МО «Жуковская ОКБ» | Официальный канал,601,Добро пожаловать на официальный канал Жуковской областной клинической больницы  🙌🏻 мы ВКонтакте: https://vk.com/club120959885 📝 Записаться: uslugi.mosreg.ru
chengxu151,group,The Missouri goblins Network,337,This is a public supergroup
r00tuz,channel,Hack,2,
wegym_zln_bot,bot,WeGym Зеленый,,
zhukmolod,channel,Жуковский молодой,318,Медиа о молодежи и для молодежи Жуковского  Московская область  ВК сообщество: https://vk.com/zhukovskymolodoy
mp_zhuk,channel,Молодёжный парламент | Жуковский,125,Официальная страница Молодёжного парламента при Совете депутатов городского округа Жуковский Московской области  Председатель — @l_Aleksandr_I  ВК сообщество: https://vk.ru/mp_zhuk
ezhidze_channel,channel,Ежидзе,1427,Олимпиадная математика с юмором!  Авторы канала: Петров Сергей - @Chuckchaness Жуковский Никита -  @tavukchorbasi  Чат канала - @ezhidze_chat Присылайте нам свои задачи - @ezhidze_problems_bot
sewirk,channel,Всё для шитья | онлайн-магазин,1925,"Швейная вселенная в Иркутске   ТЦ Версаль, ул. Академическая, 31, пав. 58, 2 этаж. - @Versalsew пер. Милицейский, 2 - @Kluboksew  Учебный центр - @Sewkurs  Сайт: https://sew-irk.ru"
mirtattoo,channel,Москва | Мир Тату | Студия татуировки и пирсинга.,757,"Студия тату и пирсинга в Москве. Делаем аккуратные, долговечные работы с гарантией стерильности. Запишись на консультацию и подбери идеальный эскиз.  Онлайн запись https://dikidi.ru/mirtattoo  Арбат:  @mirtattooa Академическая:  @mirtattook"
academ_yoga,channel,Academ Yoga,610,"Йога в Академгородке ул.Кутателадзе, 4, оф.202"
academmsk,channel,Академический и Гагаринский • TGMsk,1532,Здесь все районные каналы Москвы 👇 @TgMsk_bot  📰Новости 🎈Мероприятия района 🐈🦮 Помощь в поисках питомцев  Предложить новость или реклама: @TgMSKBot 💰 Ваш пост на всю сеть районных каналов Москвы (более 30тыс просмотров)  https://tgmsk.ru/
gorbushkin_ru,group,Горбушка чат,17937,Наши группы: Горбушка t.me/gorbushkin_ru Савеловский р. t.me/savel_ru Барахолка Apple t.me/Baraxolka_apple Чат мастеров t.me/telefon_mastera Митинской р. t.me/mitino_ru Царицынский р. t.me/Tk_Tsaritsyno Продай iPhone t.me/Prodai_iphone Реклама👉@A_adminov
kyzdar_osh_amdar,channel,Проститутки Ош Кыздар Ош Сойкулар Ош Жалаптар Ош Амдар Ош,1313,Проститутки Ош Кыздар Ош Сойкулар Ош Жалаптар Ош Амдар Ош
touch_savelovskiy,channel,Касается Савеловского,207,"Новости, афиша и ЧП в районе Савёловский  — Здесь соседи узнают друг друга лучше — Мы не пишем о проблемах, а помогаем их решать — Разыгрываем призы среди подписчиков  Все сообщества: https://t.me/touch_Moskva/3818  🐾 По вопросам: @kasatskaja"
savcityarmstrong,channel,Armstrong News,510,Новости Савеловский Сити по корпусу С2_Armstrong    Общий перечень чатов и каналов сообщества Армстронг (в канале есть ссылки): 👔Группа Armstrong.Official 👨‍👩‍👧‍👦Чат Armstrong.Болталка 🔨Чат Armstrong.Ремонт  🎨 Инстаграмм savcity.armstron
a_veselovsky,channel,Веселовский в телеге,236,Канал журналиста А. Веселовского (Тамбов). Фотки мои
savelovcrytimmestovstrechi,channel,Савёловский Тимирязевский - Место встречи,352,"Самые интересные, независимые и актуальные новости районов Савеловский и Тимирязевский.  Акции, мероприятия, скидки, происшествия. Предложения о рекламном сотрудничестве, можно кидать сюда:  https://t.me/snupi151"
piersing_yana,channel,Твои дырочки🤍,786,"ПИРСИНГ КРАСНОДАР   📍40 лет победы 102, 2 этаж   ЗАПИСАТЬСЯ👇🏽 https://t.me/yanaLonycek Консультации бесплатно✨"
primadebates,channel,Клуб Дебатов Гимназии им. Е.М.Примакова,777,
anyasmkvsk,channel,Аня Смыковская,144,
mashkaprocontent,channel,Pro.content,167,"🚀Та самая travel.mashka, которая вещает про контент и его продвижение   ✍🏼Запись на наставничество и консультации по продвижению в соц.сетях и мессенджерах: 📲@TravelMashka"
piercingjourney,channel,SizOFF (пирсинг в ярославле),202,Делаю пирсинг более 18 лет Делюсь знаниями и опытом  🎬Подкаст о пирсинге https://youtube.com/@priumpodcast?si=ta3BPCR8i3TMd-gx  📆Запись на процедуры  https://n912943.yclients.com/company/325668/personal/menu?o=m2592618
primakovmath,channel,Primakovmath,305,"Официальная страница кафедры математики и информатики Гимназии им.Е.М.Примакова👋 Мат.игры 🎲, идеи для уроков📝, еженедельные задачи 🧩 и многое другое!"
malinaoffi,channel,malina.off,63,Hi! My name is Sonya. I'm 15 years old. editor  Me: @w3riioxz
repetonlain1_4,channel,Нескучное обучение с Юлией Шмидтке,220,"Тел. 89172050324 @nester0809 Подготовка к школе (гимн. Примакова, технол. Долгих). Подготовка к поступлению в 3 класс ЛИТ, в 5 класс ЛИТ, 1580, 1534, в 57 шк. ""Интеллектуал"", 642 шк. С-П  Канал содержит информацию о продуктах и услугах автора"
emmawatsonrb0ff,channel,"Продам, в описании лс",182,Лс для покупки @polli0810
psixiuwka,channel,p$$$ixiuwka,45,
mpzueva,channel,МаМаша дракона 🐉,55,Выращиваю сыночка и комнатные цветы.  Кондитер в декрете
mediaskillsofficial,channel,MediaSkills,90,"• Глаза и уши Гимназии Примакова 👀👂 • Мы учимся в школе, придумываем, монтируем, снимаем новости и репортажи • Мы вам еще покажем! 📺  💙Ссылка на ВК 👇 https://vk.com/mediaskillsofficial"
savkinalivepro,channel,SaVkinaLiVe.Pro,76,"Создаю идеи, вдохновляю на поступки, направляю к счастью и помогаю реализовывать мечты!"
diana_primako,channel,Историк-генеалог Диана Примако,631,"> Историк-генеалог, магистр истории, автор родословных книг, спикер, соавтор и научный редактор серии книг ""История тебя"". Стаж в профессии – 22 года.  > Занимаюсь генеалогическими исследованиями на заказ. > Контакт для связи: diana_primako@mail.ru"
amicus_curiae_primakov,channel,AMICUS CURIAE,487,Официальный телеграмм-канал для участников Всероссийского конкурса по Модели Конституционного суда «AMICUS CURIAE»  AmicusCuriaeMoot@yandex.ru https://vk.com/amicus_curiae_primakov
torut_torut1,channel,ToruT 🎲 | абсолютный саппорт,220,× Мой ютуб канал: https://youtube.com/@ToruT_waw Группа для щит постинга в телеграм:  https://t.me/sectortik
rkfacademy_chat,group,Чат. ОЦ РКФ,606,
school2partizansk,channel,МБОУ ОЦ АНТАРЕС МО г.Партизанск,360,МБОУ ОЦ АНТАРЕС МО г.Партизанск
lukoninamm,channel,ОЦ Перспектива,355,
natalybatigchat,group,Академия Натальи Батиг- чат,352,Будьте в курсе событий ОЦ Натальи Батиг! Наш телеграм-канал https://t.me/ocnb_coach
mboyoc2,channel,"МБОУ ""ОЦ № 2 Майкопского района""",362,https://vk.com/club210458076
schoolroshchinsky,channel,Рощинская школьная республика,332,"Официальный канал самоуправления ГБОУ СОШ ""ОЦ"" пгт Рощинский. 🏫 🦉 💥Присоединяйся к самому увлекательному путешествию в своей жизни!💫 ⚡Мы ВКонтакте: https://vk.com/cdirosha https://vk.com/club202183778 https://vk.com/club193004486"
premierkolcovo,channel,ОЦ «Премьер»,168,🌍 Открой мир с иностранными языками!   📚 Дополнительное образование для твоих амбиций!   ✨ Уникальные методики и опытные преподаватели!
rrfjnf,channel,مسلسل Little Dorrit,6841,
collectandpaint,group,All The Small Things,148,A place for miniature collectors and painters to chat about their hobby and all things related.  By: @paintedminis - a collection of painted minis from all over the Internet https://miniset.net - noncommercial project creating the history of miniatures
fokinonews,channel,Newsfokino,9847,Новости Фокино. И не только. Весь округ Фокино здесь Купить рекламу: @Fokino1bot или  https://telega.in/c/fokinonews
tfomsro,channel,ТФОМС Ростовской области,261,Территориальный фонд обязательного медицинского страхования Ростовской области  Наш сайт: https://rostov-tfoms.ru  Мы ВКонтакте: https://vk.com/tfomsro  Контакт-Центр ТФОМС Ростовской области: 8 (800) 100-98-78 (звонок бесплатный)
balacity_kzn,channel,Детский сад Бала-Сити,506,"6️⃣ филиалов в Казани 🔹ФГОС + Международная программа  🔹Иностранные языки: китайский, английский  🏫 Школа https://t.me/balacityschool  Официальный сайт - https://clck.ru/3GfSEZ"
dosbel31,channel,Детский совет 31 регион|ДОС31,149,Телеграм-канал Детского общественного совета при Уполномоченном по правам ребёнка в Белгородской области 🔥
kbrrgo,channel,РГО | Кабардино-Балкарская Республика,222,ТГ-канал отделения Русского географического общества в Кабардино-Балкарской Республике
aukryazan,channel,Ассоциация управляющих компаний ЖКХ РО,212,Будем работать вместе на благо нашего региона!  Наш сайт: https://auk-ryazan.ru/ Группа Вконтакте: https://vk.com/aukryazan Телефон: +7 910 630 69 66 Почта: associaciauk@ro.ru
ierusalim_ru,channel,Монастырь Новый Иерусалим,544,"Группа посвящена Новоиерусалимскому монастырю в подмосковной Истре, в помощь туристам, паломникам, а также для учеников и родителей обучающихся по программе Русской Классической Школы - РКШ."
co_rksh,channel,РКШ. ПРАВОСЛАВНАЯ ОНЛАЙН ШКОЛА СО-Бытие,482,"Православные семейные онлайн-классы ""СО-Бытие"" Мы встретились, чтобы дети могли получать качественное образование из любой точки мира.  Мы работаем по системе ""Русская Классическая Школа"", сохраняя лучшее."
rksh_zernyshki,channel,"Семейный центр ""Зёрнышки""🌱 РКШ Новосибирск",278,"Семейный центр ""Зёрнышки"" Новосибирск  ✅Семейные классы 0-9 Кл ✅Подготовишка ✅Продлёнка ✅Внеклассные занятия ✅Мероприятия  📝Гуманная педагогика 📝Саморазвитие   ☎️Запись @school_zernyshki"
redcross_66_ural,channel,Российский Красный Крест | Свердловская область,139,Старейшая и самая крупная гуманитарная организация России. Правовой статус определён Федеральным законом № 457-ФЗ от 15.12.2025
rbucson,channel,"РБУ ""ЦСОН""",210,
mupjkharhonka,channel,"МКУ ""Служба ЖКХ""",74,"МКУ ""Служба ЖКХ"" Архонского сельского поселения.  📍РСО-Алания, Пригородный район, ст. Архонская, ул. Крупской, 45.  ☎️ +78673931459, 89034838867 Директор - Кочиев Руслан Герсанович"
djalolovschool,channel,𝐉𝐀𝐋𝐎𝐋𝐎𝐕𝐒𝐂𝐇𝐎𝐎𝐋,1273,🔺𝐁𝐚𝐤𝐡𝐨𝐝𝐢𝐫 𝐃𝐣𝐚𝐥𝐨𝐥𝐨𝐯 𝐛𝐨𝐱𝐢𝐧𝐠 𝐬𝐜𝐡𝐨𝐨𝐥 🔺𝐎𝐟𝐟𝐢𝐜𝐢𝐚𝐥 𝐜𝐡𝐚𝐧𝐧𝐞𝐥  🔺𝐅𝐮𝐥𝐥 𝐭𝐫𝐞𝐢𝐧𝐢𝐧𝐠 𝐯𝐢𝐝𝐞𝐨𝐬 🥊𝐅𝐨𝐥𝐥𝐨𝐰 𝐢𝐧𝐬𝐭𝐚𝐠𝐫𝐚𝐦: https://instagram.com/jalolovschool
getlight_t,channel,GETLIGHT,10167,гг
ggmow,channel,GGMOW | Новости киберспортивной организации,528,"Канал о молодой лиге, организации турниров и созданию команд   По вопросам - @gawapar  https://t.me/gutsnews - спонсоры"
absyrdasfuck,channel,absyrd! ГГ,584,"все площадки//соц сети: https://band.link/absyrdasf  *нига204vip, прикольная фигнюшка, мистер пулап, swagotron777  основатель @guchigengovo  биты @absyrd_prod менеджер @alikhvn23"
rebkovetskamgu,channel,Ребковец | ректор на краю света,861,"и.о. ректора КамГУ им. Витуса Беринга, в 2007-2023 гг. руководитель «Тотального диктанта»"
photograschenkov,channel,Фонд Александра Гращенкова,799,"Александр Иванович Гращенков (6 марта 1952 — 9 сентября 2025), известный русский фотограф. Показал настоящую жизнь в СССР 70-80-х гг. Фонд его имени – объедение его работ для создания галереи советской репортажной фотографии.  Для связи: @ilyagraschenkov"
natalino_chat,group,Натальино Раменский район,2028,"Живое общение, обмен опытом и информацией  Чат-барахолка: t.me/natalinobaraholka  Мы в MAX  https://max.ru/join/hS0jmHBQveYUcWF8lbogOy7KCsDr813jRIbcz42Tuws  За оскорбления и троллинг бан. Размещение ссылок, рекламы по согласованию - @CraZzZyMushroom"
uslugi_murino_devyatkino,group,🟡УСЛУГИ / ДЕВЯТКИНО / МУРИНО / ИЩУ МОДЕЛЬ / РЕКЛАМА / ПИАР ВЗАИМНЫЙ,1061,🚀 Реклама в TG и MAX-чатах 🔗 Прайс: https://t.me/smm_cool 📩 Админ: @moss_my
lytkarino_chat,group,Лыткарино Чат,384,Чат серьёзного общения на тему Лыткарино: @lytkarincy  Болталка: @lytchat
dkmitino,channel,Культурный центр «Митино»,947,"Здесь вы найдете анонсы мероприятий Культурного центра «Митино», а так же узнаете о кружках и секциях для всей семьи ✨  Сайт: https://kulturaszao.ru ВКонтакте: https://vk.com/dkmitino"
lifeinmurino_chat,group,Чат сообщества «Живём в Мурино»,214,Горячая линия поддержки жителей Мурино сообщества @lifeinmurino ☎️   Помогаем друг другу решать социально-значимые вопросы 🛠
ofertas_escolhendo_certo,channel,🎯 Ofertas Escolhendo Certo 🎯,184,"Ofertas diárias para você.  Ao comprar por meio de links em nosso canal, podemos receber uma comissão de afiliado sem custo para você."
skidkivnn,channel,Ценорезка - Скидки и распродажи в НН,332,
permanent_udovichenko,channel,Натальи Удовиченко | перманент,301,"Со мной — как дома, душевно🫂   Личный лайф канал мастера перманента 12+ лет опыта и мамы троих детей. Знаю как оставаться молодой и душой, и лицом, когда на  это нет времени вообще 🙈  Моя студия:  Москва Вавилова 81к1 📞 +7 967 033-88-11"
epilstudio_gg,channel,Электроэпиляция•Лазерная эпиляция•Косметология•LPG массаж•Ростов,55,"💚 Лазерная эпиляция, электроэпиляция, косметология, массаж LPG  ✅ -50% на 1-ое посещение лазерной эпиляции ❇️ 20 минут в 🎁 на 1-ую электроэпиляцию ✳️ -10% на LPG ✅ скидка до 25% акция «ПРИВЕДИ ДРУГА»   г.Ростов-на-Дону, ул. Чехова 94,"
evilabyss,channel,₍ㅤㅤ𝒞𐔖ᥒ𝔱es𝓉,33,
epill_proff,channel,EPILL.PROFF,26,Студия лазерной эпиляции и косметологии EPILL.PROFF ♥️
elochka2779rus,channel,Новогодние ёлочки,25,В продаже новогодние искусственные ёлки!!🌲  Размерный ряд от 60 до 240 см От пластика ПВХ(не пахнут) до литых вариантов по лучшей цене в городе!  Все цены указаны с доставкой до квартиры!  Обращайтесь в личные сообщения @Cycl1st
human_beautyevolution,channel,HUMAN COMMUNITY,47,"Собственное российское производство полного цикла в Санкт-Петербурге.   Мы даём людям возможность пользоваться качественным, эффективным, безопасным российским продуктом по разумной цене.   Мы не меняем Вас, мы делаем честный продукт для Вас!"
lyubimoeteloomsk,channel,«Любимое Тело» Косметология | Лазерная Эпиляция | Электроэпиляция | Массаж | Омск,36,"Центр эстетической медицины ""Любимое Тело""   На первое посещение скидка -15% по промокоду ""ТГ FRIEND""  У нас безопасно и эффективно!  Присоединиться к нашей бонусной системе  https://fexa4796.uds.app/c/joi  +7 (950) 957-66-55 улица Петра Некрасова, 2,"
electroepil_men,channel,Мужская Электроэпиляция Краснодар Электроэпиляция для мужчин,87,"Электроэпиляция для мужчин - это не про красоту… Электроэпиляция для мужчин - это про комфорт, эстетику, уверенность и выгодную инвестицию в свою внешность.  Удаление волос навсегда за один курс. Работаю со всеми зонами. Пробный сеанс 30 минут бесплатно"
nlstydia,channel,epil-nlstudio,34,"Если волосы, то только на голове!😉 У нас не больно!🌹 Больше никакого раздражения!🌺 Гладкая кожа гарантирована! 💯% Доверьтесь нам и вы не пожалеете❤️  Наши контакты  Надежда +79219259887 Лидия+7 911 937-49-21 https://epil-nlstudio.ru/ https://vk.com/id"
epilzoloto,channel,⚜️ЗОЛОТО⚜️ Эпиляция Краснодар,60,"Студия удаления волос ✔️ Лазерная эпиляция  ✔️ Электроэпиляция ✔️ Депиляция (шугаринг/ваксинг)  г.Краснодар, ул.Кубанская Набережная,  37/11,офис 3.  https://wa.me/message/MJHSVX7CYOS5I1 https://vk.com/epil_zoloto  https://www.instagram.com/electro.alina"
epil_ruban,channel,ЭЛЕКТРОЭПИЛЯЦИЯ КУРГАН ЭПИЛЯЦИЯ,46,"Избавляю от лишних волос и проблем навсегда✨ Запись в 💌 @epilruban 🏢адрес М.Горького,41; 502 каб."
centr_estmed,channel,Центр эстетической медицины,21,"Центр эстетической медицины работает на базе клиники ""Город здоровья"" в Лесном городке и, имея в своем распоряжении новейшее современное оборудование, предлагает полный спектр косметологических услуг."
rg_center_nika,channel,ЦГ «НИКА»,363,Художественная гимнастика Спортивная гимнастика г. Раменское с. Новое п. Быково
gimn2sol,channel,"ГУО ""Гимназия 2 г. Солигорска""",305,
kalashnikovistu,channel,ИжГТУ имени М.Т. Калашникова,1557,Официальный  канал
hackrnd,channel,Хакатон Весна 2026 🦾🌱,1339,Форум программных разработчиков Ростова-на-Дону «Хакатон Весна 2026»  🟢 20-22 марта 2026 🟢 Манеж ДГТУ
osveshaylife,channel,Молодёжка Донтех,578,"Официальный голос молодёжной политики ДГТУ.  Здесь всё про студентов, для студентов и руками студентов."
donstux,channel,ИОТ Школа Икс,527,Оперативные новости из жизни Института опережающих технологий «Школа Икс» ДГТУ  Чат абитуриентов 2025: https://t.me/+0Cz0mG4fXj04OGYy  Сайт: donstux.com  Группа ВК: vk.com/donstux  Написать нам: @donstux1 Медиа студентов Школы Икс: https://t.me/xmedia
fv_dgu,channel,Факультет востоковедения ДГУ,253,
msossds2,channel,Могойтуйская СОШ2,546,
collegedost_private_entrances,group,College Dost- Private Entrance Exams,300,"📚 Private Engineering Entrance Exams 2026 – Community for Aspiring B.Tech Students  A dedicated space for students targeting private engineering entrance exams like BITSAT, VITEEE, SRMJEEE, AEEE, MET, KIITEE, LPUNEST ,NIAT & more"
rvdingetouttahere,channel,rvdout,620,
milanamamedova2010,channel,Milankisss ❤️,207,
petya4852,channel,Петя,733,"Не имею отношения к рисункам на стенах, некоторый контент сгенерирован ИИ, все фото взяты с улицы или из интернета, рисую только холсты, скетчи"
academy_muaythai,channel,Академия Муай Тай,657,"Тайский бокс в Москве MUAY THAI MOSCOW  📣 В стенах нашей «Академии» мы воспитали немалое количество победителей и призеров городских, всероссийских и международных соревнований 👊 - 🏡м. Войковская, ул. Б.Академическая 38 (стадион ""Наука"")   🌐 муайтай.рф"
gdk_vereya,channel,Дом Культуры «Верея»,437,"Рады Вас приветствовать на телеграмм -канале Городского дома Культуры «Верея» !🏛 Здесь Вы найдёте информацию о мероприятиях, которые проходят в наших стенах 🌟"
pkhilsher,channel,khilsher,122,
samsondesigncrimea,channel,Самсон Дизайн,443,"Канал о текстильных стенах, натяжных потолках 🙌🏻 и личной жизни   Нельзяграм @potolki.Simferopol #шумныепотолочникиКрыма  😎Эксперт Российского форума потолочных систем. 😎Судья международного чемпионата по натяжным потолкам.  ☎️+7(913)-888-7883"
rocommunitymsu,channel,Русское Общество МГУ,166,Крупнейшая русская низовая организация в стенах Университета
stena_today,channel,снесена ли стена сегодня?,25,беда бездельников
chebges,channel,Чебоксарская ГЭС,378,Официальный канал филиала ПАО «РусГидро» - «Чебоксарская ГЭС»   http://www.cheges.rushydro.ru
chebo36,channel,Честный Борисоглебск,228,"«Честный Борисоглебск»: альтернатива для думающих. Показываем жизнь города и мира без прикрас. Добавляем в ленту яркую музыку и всё, что действительно заслуживает внимания. Будьте в курсе настоящих событий! Подписывайтесь."
chembio_angel,channel,CHEMBIO ANGEL | ЕГЭ ＆ОГЭ,43,"Привет, ты на канале CHEMBIO ANGEL   Меня зовут Анжелика, я преподаватель химии и биологии   Готовлю к экзаменам и поступлению с 2021 года   Летом запускаю экспресс-курс — успей записаться!  Тут будут: - шпаргалки по темам - мини-уроки - анонсы"
gymnetwork_english,group,🇬🇧GYM STREET Official Group,2549,The 1st Financial District in the Metaverse  The Easiest Way to Experience Finance!  🌏 Virtual Land 💰 Income Opportunities 📈 Long Term Growth  🌐 https://gymstreet.io  👉 Follow us on social media: https://linktr.ee/gymnet
gymn31,channel,ГУО «Гимназия 31 г. Минска имени К.Т.Мазурова»,522,Официальный канал государственного учреждения образования «Гимназия 31 г. Минска имени К.Т.Мазурова». Сайт гимназии: http://gymn31.minsk.edu.by/ Ссылка на Instagram: https://instagram.com/gymn_31?igshid=YmMyMTA2M2Y=
iau_ads,channel,واحد تبلیغات دانشگاهی,3,مدیر تبلیغات در مجموعه های دانشگاهی: 👤 @retro378  واحد تبلیغات دانشگاهی مسئولیتی در قبال بنر ها ندارد. پیش از واریز پول احتیاط کنید.
campius,channel,Profile Talent,5,
agprfbot,bot,Studence - Студенческая Платформа,,Студенческая платформа Университета прокуратуры Российской Федерации. Главный помощник и инструмент всех студентов!
contact_universities_bot,bot,Contact UniversitieS,,
uni_platform_bot,bot,Обратная связь «Университетская платформа»,,Мы готовы помочь тебе отстоять университетские права и свободы.
uchim_vas_bot,bot,Uchim-vas,,"Учебный центр ""Бодрость"" - Екатеринбург, Сайт: www.uchim-vas.ru, Телефон +79585826271"
gefesthist,channel,История с Гефестом | ЕГЭФлекс,11669,Бескомпромиссная подготовка к ЕГЭ по  истории на 102б с мемами и Божьей помощью☝🏻  Закрытая телега - https://t.me/+VYwE4sBqRN45ODEy  Хочешь учиться у меня? Кликай: https://vk.cc/cxIo4u
birzha_repetitorov,channel,Биржа репетиторов,1852,"Тут будут предложения от репетиторов, стоимостью до 1000 рублей   Размещение, вопросы, реклама @adm_elena @adm_mash"
repetmarketplace,channel,RMP | Для Репетиторов,1734,"🖐 Помогаем репетиторам 😎 И словом, и заявками  🤖 @RepetitorsOrdersBot  💼telega in:https://telega.in/channels/RepetMarketPlace/card/?r=QAtuf6M ✅Реклама, сотрудничество - в лс канала  🧑‍🏫 Наш канал с заявками VK @rmp_vk  Канал с материалами к урок"
bio_olnik,channel,Биология ЦТ\ЦЭ. Устный экзамен Беларусь🌿 Репетитор Ольга Николаевна,752,Репетитор по биологии!
parfenova_repetitor,channel,English_Element | Английский | Онлайн школа,456,"Я Катя – преподаватель английского и испанского языков, основатель школы английского «English Element».  💁🏻‍♀️Это канал, для тех, кто хочет изучать английский и свободно говорить на нем.  👩‍🏫Здесь вы найдете материалы для самостоятельного изучения."
logovo_filologa,channel,ТехноЁж,332,"Когда я заканчивала инженерно-лингвистическую гимназию, не думала, что пойду НАСТОЛЬКО по профессии..."
talimda_yangliklari,channel,Ta'limda Yangiliklari,13457,🇺🇿 O'zbekiston va jahon ta'lim sferasidagi eng dolzarb rasmiy yangiliklar!
mylomonosov,channel,Мой Ломоносов Канал 🚣‍♂️,1104,Центр Развития Интеллекта «Мой Ломоносов»  Готовим к: 🏫 Поступлению в ТОП-школы Москвы ✏️ Олимпиадам 📍 Очно в Москве и онлайн  Запись на пробное занятие: https://my-lomonosov.ru/?utm_source=tg&utm_campaign=tg +7 (903) 666-89-01
dovuzprofinsmu,channel,Абитуриент Северного медицинского,557,
ligakazanofficial,channel,Лига. Казань. Математические турниры,742,26 - 29 сентября 2025: Лига Будущего. Турнир флешбоёв для 5-7 классов  16 - 20 февраля 2026: Лига Профессионалов. Турнир матбоёв для 7-9 классов  7-10 мая 2026: Лига Х. Математическое многоборье
phys_math_tutor,channel,Репетитор по математике и физике,113,"Репетитор по математике и физике Мои контакты: Сергей Валерьевич, г. Москва Мобильный телефон (WhatsApp, Viber, Telegram): +7 (964) 562-94-19 (ежедневно с 9:00 до 21:30) E-mail: seliverstov@yourtutor.info"
pravoquiztest,channel,ПРАВО | QUIZ TESTS,376,"⚖️ Тесты и квизы по праву для студентов, абитуриентов и всех, кто интересуется юриспруденцией. 📚 Подготовка к экзаменам, олимпиадам и вступительным испытаниям. 📈 Проверяйте знания и развивайтесь вместе с проектом @lawsphere  📍 По всем вопросам: @Jalolov_I"
colorsartstudia,channel,Студия живописи «ЦВЕТА УСПЕХА »на Первомайской,260,"Курсы, мастер-классы, индивид.занятия по рисунку для взрослых и детей: -академ.рисунок  -живопись маслом -китайская живопись -мастер классы за 2 часа  -подготовка к вступительным испытаниям  Г.Москва, м.Первомайская 5 мин."
rn7gcam,group,Gcam для Redmi Note 7 (Lavender),502,Тестируем GCam для Redmi Note 7 Here we test GCam for Redmi Note 7 Загрузка/Download : https://t.me/RN7GCAM/19389
kiiiim201,channel,kim#kelly,4827,Реклама @kim1236669
chatneiroham,group,Нейрохам и его чат,1550,"В этой группе есть премиум подписка с Нейрохамом, самое то потестить и купить уже в своём чате"
leadgenerals,channel,LeadGenerals → AFFILIATE NETWORK,227,"Партнёрская сеть в iGaming-вертикали, которая играет на твоей стороне (if you know what i mean) 🎰  Регистрация: [ https://leadgenerals.com ]  💬 Для связи: [ @alen_leadgenerals ]"
hl_y_g,channel,لــــ𓏺𝒈𝒉𝒂𝒊𝒅,248,ᴄʀᴇᴀᴛᴇᴅ ғʀᴏᴍ ᴘᴀɪɴ ᴍʏ .
it_playground,group,IT_PLAYGROUND,343,@iryadom
jeter111,channel,jeter!,37,mgmt: pluggbossa@gmail.com
liderpress,channel,Лидер-Пресс Солигорск,235,
vsosh_mem,channel,ВсОШ по мемам,45,"Мемы про Олимпиады/ЕГЭ, а также Олимпиады на тг подарки!  По предложениям/сотрудничеству писать: @neK11tA Предложить мем/прочие вопросы: @nikvasyn"
bvi_economics,channel,Перечни по экономике без ВсОШ | Олмат Экономика,642,"Готовимся к перечневым олимпиадам по экономике: РАНХиГС, Плехановка, СПбГУ и «Миссия выполнима».  Разбираем форматы и стратегии подготовки. Показываем, как можно получить БВИ или дополнительные баллы без пути через ВсОШ.  Мать: @oleconomics"
vserosastra2026,channel,Астрономия ВсОШ 2026 Сириус,137,Фан-Канал в тг для дублирования информации с канала всероса по астрономии 2026 в Максе
maouvg,channel,МАОУ Восточная гимназия г. Южно-Сахалинска,523,Официальный канал МАОУ Восточной гимназии г. Южно-Сахалинска  Ссылка на офиц. сайт гимназии - https://vostgymsakh.gosuslugi.ru/  Подписывайтесь на наши официальные сообщества:  VK: https://vk.com/maou_vg MAX: https://max.ru/id6501104548_gos
maikopgymnasium5,channel,МБОУ «Майкопская гимназия №5»,431,"🏢 Образование 📍Ул. Пушкина, 173"
mgeu_abitur,channel,Абитуриенты АНО ВО МГЭУ - Москва,149,Информация о поступлении в университет
mgeu_nn,channel,Нижегородский институт (филиал) МГЭУ,33,"Официальный канал Нижегородского института (филиала) Московского гуманитарно-экономического университета  Наш сайт: https://www.mgeu-nn.ru  Телефоны приёмной комиссии: 8 (831) 245-97-77,  8 (930) 667-60-52. По ним Вы можете задать вопросы о поступлении."
serenkov_shooting2_bot,bot,Евгений Серенков,,Бот участников заключительного курса «Путь футболиста»
rallyvopskove,channel,"РАЛЛИ ""900 ОЗЁР 2026""",1137,"Канал создан для оперативного информирования участников этапов Чемпионата и Кубка России, проводимых на территории Псковской области и является Официальным электронным табло информации этих соревнований."
dakarrall,channel,Rally Dakar 2026 Ралли Дакар / Rally WRC 2026,694,Обзор команд ралли Дакар и результаты этапов Дакара 2026
strela_vlg_tg,channel,Кирилл Стрельников,809,Плаваю 25 лет брассом Чемпион мира | Призер Европы и этапов кубка мира | Победитель универсиады |  5-кратный чемпион России  6-кратный победитель Кубка России  https://en.m.wikipedia.org/wiki/Kirill_Strelnikov  @strela_vlg индивидуальные программы
oh_ah_stepandr,channel,Степан Охрямкин,424,"Здесь про студию, про мой путь и лайф"
fkraffaela,channel,раффаела⚖️,285,связь: @spicevaz
kst_team_kstovo_team,channel,KST TEAM (Kstovo team) 🚀🚦,549,
squr1lyistupping,channel,ᙆ 𐰁 𓈒 скъюрилу пишет || рест,210,"хедканоны/зарисовки по разным фд cr art: shinyfluffyon pint вп не делаю, но бывают исключения лс в главном посте главный пост со всей информацией: https://t.me/sQur1lyistupping/8"
cristallvladimir,channel,ФК «Кристалл»,174,"Бронзовые призёры , чемпионата Вмл🥉🟣⚫ Чемпионы кубка Вмл 🥇"
mfakosino2014,channel,МФА КОСИНО 2014,100,‼️‼️ОФИЦИАЛЬНЫЙ КАНАЛ‼️‼️ ФУТБОЛЬНАЯ КОМАНДА КОСИНО 2014 (подразделение Трудовые резервы ГБУ ДО «Московская Футбольная Академия»)  🥇ЧЕМПИОНЫ ЛПМ 2025 🥈Серебряные призёры ЗПМ 2025 🥉Бронзовые призёры ЛПМ 2024
presentfrancais,channel,Présent | Олимпиадный французский,116,Présent — это:  • подготовка к ВсОШ по французскому языку💜 • курсы по подготовке к ПЕРЕЧНЕВЫМ ОЛИМПИАДАМ по французскому языку 🤍 • преподаватели — призёры олимпиад  наш сайт: presentfrancais.ru
wild_wold_01,channel,Will world,53,
archivedflower,channel,стенка кирпичеков,72,владелец - @conductiing  чат - @echpocmakich
santosmad,channel,- SANTOS - Madout2,56,01.06.26…
pggoldmuseumofficial001,channel,PG GOLD MUSEUM OFFICIAL,5680,
liveafisha,channel,🎪 Афиша ЕАО,4945,"🪁Будь в центре развлечений, следи за LIVE Афиша  💌Чат редакции (по вопросам и предложениям): @livebir_dv 📞Реклама - +79004209899 ✏️Присылайте свои анонсы на почту - info@livebir.ru"
cdtbir,channel,ЦДТ г. Биробиджан,668,Центр детского творчества  https://vk.com/club212340404 www.cdtbir.ru  ✅Самое крупное учреждение дополнительного образования города Биробиджана ✅Работаем для жителей нашего города с 1941 года   ✅Жизнь нашего Центра в этом канале👇
praveao,channel,Биробиджанская епархия Русской Православной Церкви,429,Жизнь православных христиан в ЕАО.  Тг-канал Биробиджанской епархии
sksoyuz79,channel,"СК ""Союз"" (вольная борьба, Биробиджан)",146,"Вольная борьба, СК ""Союз""  ЕАО, г. Биробиджан Ул. Озерная, 58 Тел.: 8(924)644-36-80"
territoriya_komforta_eao,channel,Территория Комфорта ЕАО,156,"Благотворительный фонд ""ТЕРРИТОРИЯ КОМФОРТА"" ЕАО  Объединение людей, которые делают этот город лучше. *Создаем комфортную городскую среду *Реализуем проекты благоустройства *Создаем арт объекты Наша цель, сделать Биробиджан самым комфортным и красивым."
elenapopova01100110,channel,Elenapopova0110,752,"Попова Елена Владимировна, директор Биробиджанского медицинского колледжа, акушер-гинеколог, преподаватель высшей категории о событиях в колледже , наших студентах, выпускниках, преподавателях…"
bkki_eao,channel,Биробиджанский колледж культуры и креативных индустрий,326,Биробиджанский колледж культуры и креативных индустрий — самое творческое учебное заведение нашей области!
bibsimcht,channel,ОльгаМ Библиотека семейного чтения Биробиджан,47,
kobylnikov,channel,Виталий Кобыльников,1013,#КобыльникоВВы
centrevershina,channel,ВЕРШИНА 🇷🇺,468,"Центр военно-патриотического воспитания «ВЕРШИНА»🇷🇺  Сердцем к Родине, делом к будущему!  Наша группа ВКонтакте- https://vk.com/vershinarus  📞Телефон: 8 (495) 780-09-40 (доб. 7124/7126)  🗂️Адрес электронной почты: vershina@eduprosvet.ru"
krimvoshozhdenie,channel,"Центр ЗОЖ ""Восхождение""",300,Актуальная и интересная информация нашего центра
zapiski_ozhogin,channel,Записки вологжанина,255,"О любви к истории и культуре Русского Севера, туризме, путешествиях, проектах и себе любимом"
otkrytoe_serdce_sakhalin,channel,АНО Открытое сердце💗,286,"Наш сайт: otkrytoe-serdse.ru  Мы ВКонтакте https://vk.com/otkrytoe_serdce_sakh  Для Вашего удобства установлены хэштеги:  #документы - информация о гарантиях, изменениях законодательства #мероприятия - инфрмация о мероприятиях."
voshozhdenie2022,channel,Восхождение 2⃣0⃣2⃣2⃣ 🏔,86,"Уважаемые жители и гости республики , тут будет публиковаться вся актуальная информация о восхождении на столовую гору⛰️"
voshozdenie332,channel,Восхождение Ганнибала,29,💡
travmirovannie_detishke,channel,Травмированные дети,30,тт:: @traumatized_kids_cos
evgenyseleznevsoy,channel,Е. В. СЕЛЕЗНЕВ,66,ㅤСетка: @DMOsetka ㅤБот: @EvgenySeleznevbot Art cr: Gremlinka
jiraionnaguide,channel,𝐣𝐢𝐫𝐚𝐢 𝐨𝐧𝐧𝐚 𝐠𝐮𝐢𝐝𝐞 & 𝐢𝐧𝐬𝐩𝐨,722,
cyra_guide,channel,𝐘𝐂𝐇𝚰'𝗌 𝐆𝐔𝚰𝐃𝐄 𝐋𝐄𝐀𝐊,203,Gp Link https://t.me/Hsrmyanmar
goetia_cf,channel,гоэтия . ࣪⊹˚ goetia temple,93,тейки сюда @goetiacf_bot
cherrysgyarumind,channel,cherrybunuwu💕,186,
center_gurytavrichesky,channel,Просветительский центр имени свт.Гурия Таврического,232,Просветительский центр имени свт.Гурия Таврического  Страница ВК https://vk.com/club63419667  Страница ВК собора  https://vk.com/club202780589  Молодежный хор  https://vk.com/club117371459  Официальный сайт https://alexandr-nevsky.ru/
periferia_ria,channel,Periferia_ Ria(16+)🥀✨🚬,42,Коряво але з любов'ю ❤️✨🇺🇦 !!!Обережно!!! На каналі присутні: •матюки •суржик •інколи легка еротика
gurtsiieva,channel,gurtsiieva,113,inst:gurtsiieva
glorie4kaa,channel,BLVCK GLORIA,53,Это я а это кто?
your_luvgelya,channel,WOOYOUNG / Геля,79,"kpop cover dance, дорамы, бл лакорны, Stray Kids, Ateez, BTS, таро - это всё про меня мой ТТ: http://tiktok.com/@gelya_wooyoung"
guttaai,channel,Gutta AI,27,Community: @guttaaichat
homeari_890,channel,✨𝆺𝅥°Ꭰᴏʍиᴋ Ꭺᴩи°𝆺𝅥✨,54,"~ Приветствую вас, в этом тгк будет такой контент, которые я желаю, если кому то он нравится, то я буду вам рада)🌹  ~ Основные ФД: Гача и геншин"
hoshitvarina,channel,°𝙃𝙤𝙨𝙝𝙞 𝙈𝘾 // ほし,54,
kissa8bitbydarfia,channel,౿Zɞⅇʓϫϰɑя κϞɕɑ 8-ɞιᎿ!,28,⭒────⛧✮ ⋆ ˚｡𖦹 ⋆｡°✩⛧────⭒  ળउ ꤐ𐌻ꤌმꤕ𐌻𑀨ꤟꤌ — @IInvaderlove
gira1tsu,channel,ᅠ ᅠ ᅠ ᅠ ᅠ ᅠ,8,@siwwey // me
gudanggmailku,channel,GUDANG GMAIL,1,
svnikolay_vkamishah,channel,ХРАМ СВЯТИТЕЛЯ НИКОЛАЯ В КАМЫШОВОЙ БУХТЕ,408,Всё о жизни прихода во имя Святителя Николая (Камышовая бухта)
nikolaysvt,channel,☦️ svt-nikolay,670,"Храм Святителя Николая Чудотворца, села Никольское, Ивановского района, Ивановской области."
molod_spiridon,channel,Молод Спиридон,631,"Храм святителя Спиридона, епископа Тримифунтского, чудотворца  Карякина 18/1  Телеграм для связи: @molod_sspiridon"
doshkolnik_pruzhany,channel,Дошкольный мир Пружанщины,605,
ckaska1861,channel,ЗДГ Сказка 1861 ☀️,302,Здесь вы найдете:   - анонсы мероприятий  - полезные лайфхаки по развитию детей от наших специалистов и педагогов - фото и видео материал о нашей жизни  - поднимите настроение :)
navigatorschildhoodmgdn,channel,НАВИГАТОРЫ ДЕТСТВА| МАГАДАНСКАЯ ОБЛАСТЬ,428,"✨Федеральный проект «Педагоги и наставники» национального проекта «Молодёжь и дети»✨  Мы рассказываем о реализации Проекта, событиях и достижениях школьников и их наставников!"
korablik_detskysad,channel,КОРАБЛИК&КАПИТАНЫ,333,Канал  @ecmelena руководителя  детского сада СОТРУДНИЧЕСТВА «КОРАБЛИК» и ШКОЛЫ СОЗИДАНИЯ «КАПИТАНЫ» о современном интегральном образовании.
nashsadik2012,channel,Детский сад при Гимназии Святейшего Патриарха Алексия Второго,105,"Структурное подразделение дошкольного образования при Гимназии имени  Святейшего Патриарха Алексия Второго. г.Екатеринбург, ул. Лучевая, 35"
