mezahome,channel,mezahome | Те самые раскладные столы,66,Те самые круглые столы и другая мебель https://mezahome.ru
jethome_news,channel,JetHome® - новости,559,JetHome®  - производитель оборудования для автоматизации.  Официальный сайт: http://jethome.ru Канал новостей - @jethome_news Официальный чат - @jethomeru GitHub: https://github.com/jethome-ru  Продукция JetHome: https://jethome.ru/brands-jethome/
mylhomeofficial,channel,Идеи для дома My Lhome,678,• Проектирование и реализация интерьерных проектов   • Собственное производство  • ⁠Изготовление мебели премиум-класса    Получить расчет ⤵️ +7-495-724-32-66  Отправить проект: am.hh@yandex.ru Inst: https://instagram.com/my.lhome
feta_merinohome,channel,🎈Svetlana Savelyeva,519,Закулисье посуточной аренды и отрывки из жизни трушного посуточника 😎🤟
mehome_ru,channel,MEHOME.RU интернет-магазин,13,"Интернет-магазин мебели, светильников, сантехники и товаров для умного дома"
mylillahome,channel,Инфания интерьер🏡,448,"Детский интерьер с характером: дизайнерские ковры, текстиль, мебель 🏠  Здесь все акции и скидки на наши товары на Ozon  Уют и стиль от премиум-брендов"
malinahome,group,Malina_Home_Shop Chat,290,
officialkeysannoucements,channel,KEYS - Announcements,82,Welcome to a community-driven world of opportunity driven by collective growth. The KEYS Metaverse unites physical and digital worlds to amplify the human experience.  Website: https://www.keys.xyz Discord: https://discord.gg/keysmetaverse
hyper_whiter,channel,𝕳𝘆𝗽𝗲𝗿 𝖂𝗵𝗶𝘁𝗲𝗿,1457,"Салют, на связи Хайпер Вайтер ⚡"
nadeshdapro,channel,АНГЛИЙСКИЙ с Надеждой 🇬🇧ОГЭ/ЕГЭ,384,"Репетитор с 15 - ти летним стажем. Результаты по ОГЭ - 66 из 68, ЕГЭ - 92 из 100 баллов.  ОГЭ, ЕГЭ, ВПР, МЦКО, ОЛИМПИАДЫ (от 750 р.)  Отзывы и результаты 👇 https://t.me/nadeshdapro_english  Запись 👇 на пробный урок (бесплатно)  @Nadin28001"
matematik_dima,channel,Математика для гуманитариев с Дмитрием,342,"@dima_matematik https://comicsmath.com Быстро вытягиваю 2-ки на 4-5. ОГЭ/ЕГЭ Учу математике тех, кто боится"
katilosk_deutsch,channel,Немецкий с 0: включи и говори 🗣️,534,Немецкий для жизни/ переезда/ экзов  Меня зовут Катя и я ..  • учу говорить без страха сразу на А0  • разбираю ловушки в немецком и экзаменах А1-В1  • делюсь лайфхаками по изучению  Начни тут: https://t.me/katilosk_deutsch/206  📩Написать мне: @katilosk_d
achieveryforpartners,channel,Achievery | Партнёрам,326,"Канал для преподавателей, руководителей школ и вузов, которые ищут новые возможности для себя и своих студентов.    Говорим о поездках за рубеж, онлайн-обучении с носителями, поступлении, экзаменах и профориентации."
budapestimalom,channel,Malom Bookspace | Книжное пространство в Будапеште,1360,"Книжный магазин | Культурный клуб https://malom.shop  ➤ КАК ПРОЙТИ: Budapest, Csengery u. 9, 1074   ➤ МЕРОПРИЯТИЯ И ПРЕДЗАКАЗЫ: https://t.me/malomevents  Написать админу: @konyvmoly  *клубы не являются образовательными курсами  Я не беру платную рекламу."
spbreaviz,channel,МедБудни «Реавиза»,841,"Добро пожаловать! Здесь мы делимся интересными фактами, полезной информацией для будущих врачей и зарисовками из повседневной жизни студентов-медиков. Если ты хочешь вдохновляться, учится и узнавать больше о мире медицины — присоединяйся!🫂🥼🫀"
medwayteam,channel,Med way |مسیر پزشکی,2566,کانال مشاوره‌ای- اموزشی مسیر پزشکی  دانشجویان پزشکی|med stu  صفر تا صد هرچی که برای رتبه شدن لازم داری اینجاست💪    گپ خودمونی بپرس جواب بگیر 😉 @medway_team  اطلاع از طرح های مشاوره ای تیم👇  @Poshttibanimedway
medhelpaz,group,MedВзаимопомощь Az 🇦🇿,359,"доктора и пациенты Азербайджан.   💬делимся рекомендациями, помогаем с поиском специалистов 🔎  ❌ политика ❌ оскорбления и хамство ❌реклама без согласования  Ссылка на чат - https://t.me/medhelpaz"
meduza_mosqua,channel,Московская «Медуза»,44,Эксклюзивное сотрудничетво — PR агентство “TG-PR”  tg.pr.center@gmail.com
medbooks_uz,channel,Medbooks_uz,494,*Bizning kanalimizda siz  tibbiy kitoblarni topishingiz mumkin! *На нашем канале вы можете найти медицинские книги!    @sh_umirov  Biz bilan bog'lanish: @medboooks_uz_bot Обратная связь: @medboooks_uz_bot  Bizning chat // Наш чат: @medbooks_uz_chat
miduzaprav,channel,💗 ПРАВИЛА | MIDUZA 💗,56,МОЙ ЮЗ: @miduzatop1 🇺🇲 ОТЗЫВ: @miduzaotziv1 🇺🇲  КАНАЛ: @miduzatop23 🇺🇲
medvaultdz,channel,MedVault,77,
mediraexams,channel,آزمون‌های داروسازی | مِدیرا اگزم,166,💊آموزشی متفاوت برای موفقیت در آزمون‌های پایان‌دوره، ارتقا و ارزشیابی  👨‍🏫زیر نظر رتبه‌ برتر‌های داروسازی   ارتباط با ما: @amirpourfallah
meddata_public,channel,| MEDINFOCOM | MedData SaaS |,34,Команда Medinfocom (специалисты в развитии цифровой медицины) medinfocom.uz   meddata.uz Здесь всё 👇 - Об инновациях - Технологиях - IT-инвениах  @MedData_SaaS
mikepritula,channel,Mike Pritula Academy News ℹ️,1627,🌐Сайт Академии: https://pritula.academy 📹Записи вебинаров: https://www.youtube.com/@pritula-academy
metrikagroup_tmn,channel,Метрика Групп | Недвижимость Тюмень,247,"Поймем Ваш запрос и поможем купить жилье мечты — с сервисом и без стресса  🖥️ https://metrika-group.ru 📲 8-982-970-55-00 @Metrika_office  📍 Тюмень, ул 2 Луговая 24, к3"
art_metrika1,channel,Арт Метрика,99,"🎯Маркетинговое агентство.  💡Создание и ведение контекстной рекламы в Яндекс Директ.  💥Продвижение telegram - каналов.   ✍🏼@art_metrika  🌐 art-metrika.ru  📍Казань, ул. Четаева 5а"
metricana,channel,Метрикана,15,Студия UX-исследований и дизайна ВК: https://vk.com/metricana Почта: info@metricana.ru По всем вопросам @metricanakam Бот: @metricana_bot
chipihentgames,channel,⛈Chipi Hentai Games🌸🔞,11550,🎀Резерв нашего основного канала @hentaigamess🎀  💼По деловым предложениям:  @MEPTBUJ ⭐️По игровым вопросам: @Don_kanon 🤔Реклама/Отзывы @priclists ‼️Все файлы с открытых источников‼️
chimerasann,channel,Chimeras Announcements,1901,💬 Group: https://t.me/ChimerasMetaverse  🌐 Website: https://chimeras.io/ 🐦 Twitter: twitter.com/ChimerasGame 🎧 Discord: https://discord.gg/htbzv4wDfZ  📩 Marketing: @RedPillMarketing 💰 Business: @redpill_ak 🛠 Support: @CHIM_Support
metagame_kz,channel,MetaGame,53,"Чему можно научиться, стреляя по монстрам в DOOM. Канал об играх и психологии.  Связаться со мной @ktosla"
metagamestoken,group,Meta Games Official,26,"Meta Games will provide an unprecedented VR experience for the crypto community, bringing users together all in one immersive and engaging environment."
supremacymeta,group,Supremacy: The Metaverse Game,307,Use your prowess and cunning to influence the battlefield while earning crypto. https://supremacy.game/  🤖 Revolutionizing play to earn gaming 🤖 Power in the hands of the community
humornegrito,channel,☠️ Humor Negrito ☠️,22538,
russlaenderhumor,channel,🇷🇺😉 Russländer Humor 😏🇩🇪,11547,Smèschnó heißt lustig -   -> Humor + Sarkasmus  -> Gesellschaftskritik  -> Entblößen der Doppelmoral -> Kuriositäten
humordeda,channel,humor_deda | мемы,3028,КанАльчик с отличными мэмасами Мы в инсте: humor_deda Скинуть админу на отдых от мэмасов: https://t.me/tribute/app?startapp=dtZx
nophumor,channel,NOP::Humor,7637,Переводы с reddit.com  Купить рекламу: https://telega.in/c/nophumor  По всем вопросам - @ramilkr
humorgranreserva,channel,HUMOR... GRAN RESERVA / HUMOR CON NOMBRE Y APELLIDO Y MEMES... MUCHOS MEMES,1559,Botiquín de Urgencias para Estados Energéticos Desfallecidos.  La Risa cambia la Perspectiva.
cholloterapia,channel,🔹Cholloterapia🔹 ⚡️Cupones ➜ Ofertas ➜ Chollos ➜ Bajadas de precio⚡️,14717,"🛒 Cholloterapia.com 💌 Contacto@cholloterapia.com 👤 facebook.com/cholloterapia 📷 instagram.com/Cholloterapia  🌀 Más canales: @Cholloteca  ⚠️ Como un Afiliado de Amazon, gano por compras elegibles"
svechkanasopke_baraholka,channel,Свечка на сопке | Барахолка,1488,
abiukr,channel,Сховок Стрімлера,132,Канал Санчєза без нюдсів (ні) але з котиками (нюдси також будуть )
tytmawka,channel,Сховок мавки,47,а шо казать..
kurkumamedi,channel,Куркума☢(meduso.soa),45,Безпечний сховок https://linktr.ee/meduso.soa
exxxpperriasart,channel,Exxxxpperiasart,31,"Сховок для моїх артів, скетчів, думок"
slojkarnd,channel,🥐СЛОЙКА| мастерская уюта,22,"Аксессуары, вдохновленные мягкостью муслина и эстетикой слоев ☁️«Воздушные» косметички 🌿Шопперы, которые не хочется выпускать из рук 🤍Скранчи для ваших бережных причесок 📌Для заказа:  @goponenko_d"
anartsissik,channel,фея и тысяча бед,93,Ася в волшебной лесу пишет дневник и злобно хихикает🌿
danceabsolut,channel,ABSOLUT DANCE,79,Тусовки для танцоров 🔥 инст: absolut.dance
fselegance,channel,fs.elegance,96,фк архив🌙 ЖО: от новисов до взрослой международки🤍
endlessflameprivate,channel,ENDLESS FLAME cdt🫠,47,в этом канале вы увидите как проходят тренировки нашей команды и просто всякие смешные штуки 😋 youtube: https://youtube.com/@endlessflame_cdt?si=RdvGglLwdTOdGG8w  Для связи с лидером пишите @de_fol_tik
astrobiblos,channel,ASTROBIBLOS,36,Астро • Звезды • События • Личности • Разборы
instakiss_edit,channel,InstaKiss,51,"«baby, я феноменальна, я феноменальна хоу» То даряьна мун, то дарьяна кисс"
ifeellikethat,channel,я так чувствую,14,поп-культура во всей ее красе
in_woman_we_trust,channel,Современная Женщина,8,"🍃как жить счастливой, интересной и полноценной жизнью 🌷 🍃 обзоры интересных книг 📚 и хороших фильмов 📽 🍃 как женщине реализировать себя По вопросам сотрудничества и рекламы - @donnamodernabot"
kubsau_chat,group,КубГАУ | Чат 💬,4106,"Чат КубГАУ  Общение, помощь по вопросам, новости  🟢 Прислать новость:  t.me/typical_kubsau?direct  👉 Телеграм канал: @typical_kubsau  👉 Группа ВК:  vk.com/typical_kubsau"
chubashenko,channel,Дмитрий Чубашенко,2296,
chubby_girlz,channel,Chubby girls ❤️,1688,Plus Size Girls ❤️💕💖
chubarits,channel,𝓬𝓱𝓾𝓫𝓪𝓻𝓲𝓽𝓼,530,связь:@chubaritss 🙌 тикток: https://www.tiktok.com/@chubarits?_t=ZM-8y2yfEV9Ciu&_r=1
chulubao,channel,出路报：工人阶级革命协会,403,陷于痛苦和绝望的中国人民，只有在现代产业工人阶级的领导下用暴力革命推翻修正主义专制制度及其走狗，走向马列毛社会主义才能获得自由幸福和解放  官网 https://chulubao.codeberg.page/web/  联系、投稿或加入我们： 1、xmpp账号： 新时代157@conversations.im  安卓-下载fdroid软件，随后用该软件下载conversations，注册完成后联系我们即可  IOS-使用美区store下载monal软件联系 2、邮箱 GPCR2025@proton.com
tutbay,group,Чат Zerkalo.io,180,Чат новостного портала Zerkalo.
shelbyy_so2,group,Shelbyy - Чатик ✨,228,Беседа подписчиков шелбика :)  по вопросам / рекламе / покупка префикса (моя личка) — @efcc3  Группа  — @shelbyyso2  Моя второй паблик — @raunki1337
chubabeba,channel,логово зубабебы💥∘*˙•,117,"потом придумаю, когда по телевизору покажут   ✩.･*:｡≻───── ⋆♡⋆ ─────.•*:｡✩"
chefducat,channel,Шеф Дукат,272,"Шеф Дукат – магазин-шоурум для пекарей, кондитеров, кулинаров и всех любителей печь дома и вкусно готовить. Адрес: Пенза, Металлистов, 7Г; Проспект Победы, 97. ВКонтакте: https://vk.com/chefducat"
bio19aaa,channel,Биология,548,"Добрый день! Рады видеть здесь каждого, кто готовится к поступлению в медицинский и учит биологию.  Этот канал создан, чтобы подготовка стала чуть проще и понятнее. ☺️  По обращениям к: @AAA090219"
raypeaterschannel,channel,Ray Peat Channel,369,
madechem,channel,MadeChem,118,Провокация твоего мышления 💬  Связь - @Je11y_KK
metajoy_labz,channel,MetaJoy,63,"Каждый день мы создаем не просто продукты, а решения для поддержки и укрепления вашего здоровья  Каталог продуктов на Wildberries 👉 https://vk.cc/cgKYrW  на Ozon 👉 https://vk.cc/ciRtf3 на Яндекс Маркете 👉 https://clck.ru/3MXZWn"
topos_ru,channel,"Литературно-Философский журнал ""Топос""",54,"Мы наследники Серебряного века, в котором философия являлась интегральной частью русской литературы и достигла, возможно, пика своего развития. Поэтому то, что необычно для мира литературных журналов, для нас закономерно."
lotosoviy,channel,ЛØТØС,22,Философия и буддизм.   vk.com/lotosoviy dzen.ru/lotosoviy  Недовйственность — @dzogchenru
comp_master_spb,channel,Компьютерный мастер Игорь Любимов 🤓 | СПб,33,👨‍💻 Личный канал Игоря Любимова о настройке и ремонте компьютерной техники.  ✅ Бесплатные консультации ✅ Компьютерная помощь ✅ Диагностика и Ремонт компьютеров ✅ Сборка компьютеров  Связаться со мной  ☎️  +7(911)953-39-03 ✉️ @chastny_master #СПб
c_web_project,channel,C tilidan loyihalar va veb ishlanmalar,5,Bu telegram kanalida c tilida yozilgan dastur kodlari va veb saytlarning kodlari joylab boriladi
beetlepc,channel,Компьютерный жук,9,
nbkalyuzhnyy,channel,"Канал о Sysops, DevOps, NetOps",7,"IT блог о SysOPS, DevOPS, NetOPS, Виртуализации, сетях передачи данных, маршрутизации и автоматизации."
mytherra_blockchain,group,MYTHERRA - MYT,229,MYTHERRA BLOCKCHAIN
monetha_io,channel,Monetha Channel,251,The official Telegram channel of Monetha
metashiba_announcement,channel,Meta Shiba Official Channel,151,Update the latest new about $METASHIB Chat: https://t.me/metashibaofficial https://metashiba.finance Contract: 0x8AA621be2c5F3672303c309BfB0DD4018979B970
babymetadogeofficial,group,Baby Meta Doge | Official,94,Contract Address : 0x24401cf6e48757adee23c50bbd9284379f154ef0 Website : babymetadoge.com Twitter : twitter.com/babymetadoge Discord : https://discord.gg/U4eBngc6xt  TG Communities : @BabyMetaDogeSpanish 🇪🇸  @BabyMetaDogeBrasile 🇧🇷  @BabyMetaDogeChines
metaarenacheb21,channel,META ARENA,85,Лучший круглосуточный компьютерный клуб!
megafail_eth,group,MEGA | $MEGA,26,"https://mega.fail  I am $MEGA, the ultimate Ethereum meme coin MEGA is built for true ETH believers. Our mission?   To rally the crypto world around the idea that Ethereum will hit $10k by the end of 2025 and if it doesn’t, well…  Vitalik gets to rug me"
metadoge_official,group,MetaDoge and Friends - NFT Staking/ Marketplace/ Upcoming: Eth Bridge & Metaverse Game. (No Airdrop Here),43,
metaviraltoken,group,Meta Viral Token,39,Official group chat for Meta Viral Token. Fair Launched!  ⚠️Official contract address: 0x3ebbF90e9FB0E41aa88bb0d0c9f8a998a2a3dA2d   🌐 Website: https://metaviraltoken.com
metabirdschannel,channel,Meta Birds Channel,5,🔔Announcement Channel🔔 👾 Public token launch date: tba👾 🌎 Discord: https://linktr.ee/metabirds | Hottest Mobile Multiplayer Game | Earn Money | Race Online | NFT Collection | Play to Earn | Coming to Apple App Store Soon
metaracinggame_bot,bot,Meta Racing,,News Channel - @MetaRacing Community Chat - @Metaracing_community
metaminerrobot,bot,Meta Miner,,Meta Miner is a cloud mining service. Just rent a node in the chain to start mining the $MM token!
shamwrockonsol,group,☘️ ShamrwockOnSol ☘️,18,
melody04bot,bot,𝙗𝙡𝙪𝙚 𝙝𝙤𝙪𝙧 𝙬𝙚,,
notpopulargames_bot,bot,тейки,,
mmeowpawzzbot,bot,Sunrise,,
tldrcomments,group,Thesaurus thaumasion chat,,
badcom5bot,bot,badcompany,,
podapps,channel,PodApps,143,"O 1º podcast conscientizando sobre privacidade no 🇧🇷.  Desde 2018 te ajudando a privar o que já é privado, seus dados."
metaapes,group,🦍MetaApes Community🦍,89,
metapusschat,group,Meta Puss AI | Audit + KYC + Safu | Community,115,"MetaPuss is a unique cryptocurrency project that combines Metaverse, AI, and the NFT marketplace. Enjoy a new and wonderful experience with unique features here  CMO: @Metapussbrian  BDM: @MetapussLeo  Twitter : https://twitter.com/MetaPuss_AI"
armetaverseru,channel,АРМЕТ,124,Ассоциация участников рынка метавселенных  https://armetaverse.ru/  ОГРН 125770003230
smartautotool,channel,Smart Auto Tool,37,"Welcome to smart auto tool telegram channel! Here you will find updates, tips and tricks on how to use our amazing marketing tools to grow your business online. Join us today and get access to exclusive offers and discounts!"
metaaekk,channel,Методичка для кураторов,25,
metabyteapps,group,MetaByte Community,22,Channel : https://t.me/MetaByteApp  Website : https://www.metabyte.digital  Twitter : https://x.com/MetaByteapp
tame_tech22,channel,𝗧𝗔𝗠𝗘 𝗧𝗘𝗖𝗛,2712,🚀 CYBER SHADOW NET| Ethiopia Free Net  Boost 👉 https://t.me/boost/free_net800
makstonengineering_enkyafina,channel,Средняя Химия и технология. Канал,565,"Процессы малотоннажной химии - это наш основной профиль или наших партнёров - https://enky-afina.ru, которые всегда могут быть адаптированы под заказчика. Наш чат https://t.me/+VHxwbEi39jLXK8Ha"
eng_techn,channel,Инженерные технологии и системы,312,"Научный рецензируемый журнал публикует оригинальные статьи, способствующие развитию науки в области инженерных систем и технологий.   Сайт журнала: https://vestnik.mrsu.ru  Прислать контент, сотрудничество, реклама: vestnik_mrsu@mail.ru"
tamil_movie_annabelle_sethupathi,group,🎬 Annabelle Sethupathi Tamil Movie,6671,Power By - @isailinks
movie_m00d,channel,Movie mood,2812,
moonie_ww,channel,𐍪𐌏𐍂𐌺𐍃H𐌏ᖘ'𐍃 𐌼𐌏𐌏𐌽𐌹𐌴,126,"𐌿ρᥙʙᥱᴛᥴᴛʙую ᴛᥱδя ʙ ⲙ᧐ᥱⲙ κᥲнᥲ᧘ᥱ! Здᥱᥴь δудуᴛ ᥰρ᧐цᥱᥴᥴы ⲙᥲᥴ᧐чᥱκ,ᥙ᥊ ᥰρ᧐дᥲжᥲ,ᥲρᴛы и просто личная жизнь> Инɸ᧐ ᥰ᧐ᥴᴛ -https://t.me/Moonie_ww/8?single Буᥴᴛ-https://t.me/boost/Moonie_ww"
latest_gujarati_movie,channel,Dhollywood Movies (Gujrati ),1938,
mooilou,channel,blonde_user888.mp4,661,god forbid a girl posts whatever the fuck she wants on her blog
okolobeauty_blog,channel,ОКОЛОБЬЮТИ,1254,"осознанный бьютиголизм и здоровая любовь к себе💕  мажу на себя всякое, иду к телу мечты, почитываю книги - рассказываю вам обо всём)   📍Тула 💌 для связи - @evseeva_as"
beautiful_liiife,channel,🛒 BEAUTIFUL LIFE,6139,"Bolajonlar va Ayollar uchun kerakli buyumlar bizda: Tovarlarim nalichida, agar zakaz qilinsa 1 kunda yetib keladi 🚗 Zakazlar Charshanba Juma va Yakshanba kunlari Dastavka qilinadi TOSHKENT va viloyatlar bo’ylab yetkazamiz ☎️ 99 8708363 Zakaz: @ZILOSH87"
beautyhunter_store,channel,beauty hunter,1818,Наш сайт - https://beautyhunterstore.ru/   Консультация и оформление заказа — @yana_samodova  Канал с отзывами - https://t.me/beautyhunter_otzivi  — Доступно в наличии и под заказ — Строго оригинал
valeynahui,channel,валерьянхулимэн,435,Рома Валей tiktok - romavaley виш лист: Трек т 1 Чинели мэш ссцx bmc трэкмашин trc 01 moda forte mash work takhion super sport
veil_manga,channel,【 VEIL 】,1336,"«Он» - полицейский,который случайно встретил «ее» на улице во время дежурства.  Буст: https://t.me/boost/Veil_manga Предложка: @Veil_manga_bot Владелец: @Gilmannnn"
t_vell,channel,Ти_Велль (T_Vell),1302,"Канал автора. Пишу фанфики и ориджи, в основном по ГП и ВК. Люблю драму в стиле Достоевского, когда страдают все: и герои, и автор, и читатель😅"
cryptocommunitynederland,group,Crypto Community Nederland🇳🇱,1057,"🔹Iedereen is welkom! Ervaren of onervaren. 🔹Interesse in crypto en alles wat hiermee te maken heeft? 🔹Dan ben je bij ons op het juiste adres!  🔹VIP calls, gratis calls, updates, reviews, AMA's, Educatie en nog veel meer! 🔹Vragen? check admins!"
veel48oo,channel,veel,35,
reel_deal_ru,channel,Бобина,725,Дневник кинопутешествий
negativreal,group,Негативная реальность,524,"Все разговоры в нашем голосовом чате являются публичными, могут быть записаны и могут транслироваться на другие площадки в сети Интернет.  Наши каналы ВК Video Live: https://live.vkvideo.ru/ves_v_belom https://live.vkvideo.ru/tabletka_dlya_pamyati"
negativshik,channel,Сетевой Дозор,325,Уничтожаю пирамиды
negativityii,channel,ᴨᴀдᴀᴧь.,168,лс- @urbantive пишите.но я могу кусаться.
npankova7,channel,nadyapankovaa,48,@nadyap7
negativ04ka,channel,я сегодня негативочка,106,"You don't recognize me? I've told you who I am already - human, female, young, beautiful, attractive."
negative_zero,channel,negative zero,143,negative zero - поп/поп-рок группа из Беларуси. Коллектив основан в Бресте в 2020 году. Группа ведет активную концертную и студийную деятельность.
bittertea_1,channel,مِلی و دوستانش,202,نمی‌دونم اینجا واسه چیه.شاید کاربردش این باشه  بعداً  که اومدم اینجا رو چک کردم یاده حس اون لحظه  بیوفتم.  Start: 1404/5/28  دانشجویِ {شاهد اولین نفس👶}
mr_negative_zero,channel,Ларпфейня древнего бога,132,Место моего обитания. По слухам тут бывают ирл видосы Ссылочки:  https://boosty.to/mr_negative_zero https://fetta.app/u/mr_negative_zero Мама я в ютубе! https://www.youtube.com/@mr_negative_zero
sortsofuglythings,channel,Reverse,145,Yet I can't help to miss a time Where you weren't yet to be mine I lacked nothing there ｡⋆.✮°.࣪ ִֶָ  (یک گلدن رتریور فاقد امنیت و ثبات عاطفی)
katin_negativ,channel,Катин негатив,51,Канал о жизни фотографа из Москвы 📷 Связь со мной @eknarubina
ed_rasskazivaet,channel,Дайте спички,115,Дратути. Этой мой личный канал. В целом всё.  Рассказываю свои истории и ищу понимания  ❤️  Ву @Edgard_Hawking
negativtorrys,channel,TORRYS na NEGATIVE,53,Мой твич : https://m.twitch.tv/torryspubg/home Мой тг :  @noootimes
twkiss33,group,台灣人🇹🇼💢負能量爆發區💥,46,💢 歡迎來到負能量爆發區 💥 這裡就是台灣人專屬的垃圾桶（？） 心情不好、老闆靠杯、感情失敗、生活鳥事 通通可以在這裡盡情靠北🗯
negativprstvo,channel,Негативное пространство,38,Поле для экспериментов.
v1cious_circle,channel,KraftverlustFilms,66,"Завтра снова будет больно.   Здесь не возвращаются тем путём, которым приходят."
real_unhappyb0y,channel,unhappyb0y,23,Самый страшный сон
metsu_0,channel,вр🔒last memory.,39,i don't know what to do without u.                 ' уровень негатива 80%
negativedustdust,channel,The STEALER of Soul (временно забетонирован),28,Лор по negativedustdust
kom_trouble,group,"Коммунальные проблемы Ташуджу, Кум, Силифке, Атакент, Ешиловаджик",744,+905396573210 Лана
osetiasvobodnay,group,Осетия,1215,Чат для обсуждения новостей. Обратная связь @nog_iristonBot
fantasiaofasia,channel,Азия/Фантазия,297,Заметки о культуре и истории Японии и (иногда) остальной восточной Азии
abramovivanph,channel,abramovivan,248,"Мои фотографии, подборки и остальной хлам. Связь: @vanyahht  https://abramovivan35mm.ru  https://boosty.to/abramovivan  https://www.instagram.com/abramovivan  https://vk.com/abramovivanph"
lilinn_lilinn,channel,РЕСТ | • ᥣιᥣιᥒᥒ 𓆡𓆝𓆞𓆟𓆜𓆛,98,
dankatheatre,channel,Рест | Трагикомический театр Данки,170,"Я Данка, - не сказать, что прям опытный 3D-аниматор, риггер, световик и кодер.  Тут вы сможете найти мои работы, анонсы проектов и многое другое. Автор канала ничего не пропагандирует  ________________________________ Never surrender however they try!"
pandatours,channel,Летаем с Пандой//Туры/Горящие🔥,204,✈️Турция/Египет/ОАЭ/РФ/Тай и остальной 🌍 ✈️ работаю онлайн  ✈️по лучшим ценам от ведущих операторов    Подобрать и забронировать @tata_tour   тел (WA) +79193709880
norikovibe,channel,⋅˚₊ଳ‧˚⋅Борщовий Дзен Норікоೀ ⊹˚.,140,Картка для донатів 4149497500130432 🎀 Оп: @torriiw_w Inst: @noriiko_in 🩷🧡🤍
malcikmolodoi,channel,Рест Маффин мафия оч устала,57,
engineer_conf,channel,Engineer confession,128,"привет приятель, ты в инженер кф! Тейкбот @Engieconf_takesbot https://t.me/boost/engineer_conf ""💊 — товарищ Конагер, вы должны показать мне свой кожаный гаечный ключ для воодушевления меня и остальной команды"" Cr. https://pin.it/2ZbkjIVOA"
xduannnn_xd,channel,Кальян у Каннибалла.,48,
metanetbsc,group,MetaNetflix,935,LP LOCK 365 DAYS :  https://metanet.is/lplock  BUY NOW: https://metanet.is/buy  Twitter.com/MetaNetflix
legalenclaveru,channel,ANKLAV | Юридическая компания,182,"ANKLAV - юридический партнер для вашего бизнеса  Делимся кейсами, новостями и юридическими лайфхаками.   Проконсультироваться: https://t.me/anklav_legal  🏆 Мы в ТОПе лучших юридических фирм: Коммерсантъ, Право-300"
yuristy_rossii,group,Юристы России 🇷🇺,46,Юристы России. Профессиональная юридическая помощь.
e_summary,channel,Елена Шигидина. Конспект,102,для связи - @elena_shigidina  за юридическими новостями - @orlovaermolenko  про партнёрства - @thepartnershiplab
urieltvitebsk,channel,Юриэлт Витебск,143,"Агентство недвижимости «Юриэлт» - крупнейшая белорусская компания, успешно предоставляющая риэлтерские услуги с 1996 года.  Наш сайт https://vitebsk.urielt.by/?utm_source=google_search_konkurent&utm_medium=urielt&utm_campaign=111&utm_content={gbid}_{ad_id"
ocfin,channel,Финансы без Б,248,"Практические советы по ведению бизнеса, новости, аналитика для предпринимателей.  Помогаем с  разблокировкой счетов и получением финансирования.  По всем вопросам: @helpme115_FZ"
visaheroeschat,group,startup visa Chat,301,"Обсуждаем все, что связано с получением стартап виз в любых странах мирах, со стартапами и бизнесами. www.S-hub.world https://www.youtube.com/channel/UCAV2KEr-L_yrt2lj7gSIaQg"
svoboda_vibora_official,channel,«Свобода Выбора» юристы/помощь призывникам/военный билет законно,273,"Мы юридическая компания «Свобода Выбора». Помогаем призывникам реализовать их право на законное зачисление в запас с получением военного билета.  Если у Вас есть вопрос, то задать его можно через: «Сообщения каналу»  Запись на консультацию: 89217474274"
alexestateproduction,channel,Алекс и недвижимость Бали,195,"Делюсь опытом строительства и инвестиций в объекты на Бали со стабильной доходностью.   8+ лет строим виллы, офисы и ритейл под ключ в Индонезии, с получением PBG, SLF, HGB.  Подробнее: https://mitrabali.pro/?utm_source=telegram  Менеджер: @sales_mitra"
vyzdorovleniye_01,channel,Оздоровление. Омоложение. Очищение.,65,Здоровье для каждого - это реальность. От грудничка -до старичка. Даём людям инструменты  Блог Матвеевой Наталии о решении проблем со здоровьем в домашних условиях  с получением немедленного результата  Для связи: @magazin_zdoroviya
argentina_plus,channel,Роды в Аргентине | Аргентина Плюс,46,"Канал команды по сопровождению счастливых родов в Аргентине с получением гражданства ""под ключ"" Argentina-Plus.ru/hola  Задать вопрос в ТГ: @argentinaplus"
j_abduallah,channel,٦٢٤م.,28,الفائز،من فاز بالجنَّة.   624م…عامٌ في السيرة،وجذرٌ في دُعائي هُنا شيء منّي، أُسطِّر هُنا ما بين القلب والقبلة.   عُمر لطِبَ الأبدانِ والارواح اللهمَّ سددني.
bonheur_nocturne,channel,ʙᴏɴʜᴇᴜʀ ɴᴏᴄᴛᴜʀɴᴇ,25,
nudechatlk,group,Общение | Встречи | Знакомства | 🔞,28,Наш канал ИСКЛЮЧИТЕЛЬНО с проверенными моделями: @modeIscatalog За получением услуг и помощью при обмане обращаться в личные сообщения: @virtboss - Владелец проекта Наш канал - @sweet_girls_onlyfans
melitopolraiadm,channel,Администрация Мелитопольского района,1434,Официальный телеграм-канал администрации Мелитопольского муниципального округа
melitopol_chat,group,Чат Мелитополь - Украина,933,Спілкування в чаті - виключно українською. Chat admin: @brother_chamboo_bot
asiamu80,channel,الباقيات الصَّالحات🤍,493,خواطر إيمانيّة، مقاطع قرآنيّة، عبارات ذات أثر🤍 البِدايَة 14/10/2024🤍 اللَّهُمَّ اجعل هَذه القناة شَفيعةً لي ولِمن زارَها وتابعهَا وساهَم في نشرِها، اللَّهُمَّ اجعلهَا حجّة لِي لا علي
the_ninth_dragon,channel,Девятый Дракон,368,"Авторский канал, посвященный эзотерики и саморазвитию. Здесь я делюсь своими мыслями и опытом, размещаю полезный контент, вдохновлённый тайнами мироздания, духовными аспектами бытия, психологии и здоровья."
koreatreasures,channel,Сокровища Кореи,314,"Этот канал создан, чтобы познакомить русскоязычных пользователей с разнообразными аспектами Кореи.  Помимо общей информации о Корее, мы планируем исследовать уникальные прелести и скрытые факты страны."
sechonline,channel,Человек интересующийся,113,"Человек Интересующийся — для тех, кто интересуется медицинской наукой и ее практическими аспектами. Фокусируемся на здоровье и новых исследованиях. Мы за развитие знаний и повышение осведомленности. Проект портала https://sechenov.online/"
feelpsychologic,channel,Feel.Psycho.Logic,54,"Психолог Фил. Смешение трех концепций: переживания эмоций и состояний, связанных с психологическими аспектами, через логический подход или рассуждения.  Для записи: @philpovyshev"
npsannoucements,channel,Next Private Server Annoucements,1670,
yellow_announcements,channel,Yellow Announcements (Moved),4488,Channel moved to @yellow_news
metablu,group,METABLU Coin | Official Group,12,
quarksmetaverseenglish,group,QUARKS AI 🇺🇸and Metaverse- Official,270,
youtubelocki4en,channel,Locki4en,585,Сотрудничество и реклама: @locki4en
ivesaferoom,channel,wild birdies,384,an archive for diva(e)s 🎐 𑣲 share and spread love
bubble000000000000,channel,🫧,108,Safe zone?! https://t.me/Speak_Your_Mind2_bot
yourmentalstability,channel,достаточно хорошо,22,"and maybe just maybe, things will be alright   cr. miikronn on tt"
yiheofficial,channel,Yi He,49,Co-Founder & Chief Customer Service Officer  @Binance
alina_listopad,channel,Алина Листопад | Психология и жизнь,71,Здесь о том:  🪶Как выбрать себя 🪶Как жить счастливой жизнью 🪶А ещё про психологию и жизнь  Запись на консультацию: @alinalistopad
ma6ssyy,channel,frk w my br,38,
soohyuntrue,channel,soohyun cúte.🤍,10,true shin soohyun. own -aki
liwen,channel,李玟,2,
mneobidno,channel,будьте счастливы,,
selfshipsafeplace_anonbot,bot,селфшип сфп анон,,бот принадлежит @selfshipsafeplace
anon_movisbot,bot,𝖠𝗇𝗈𝗇𝖡𝗈𝗍 us 𝗌𝗌𝕒ɗƖ𝒚,,𝗣𝗢 ^ 𝗌𝗌𝕒ɗƖ𝒚 ^ 𝗥𝗧
innasushkovabot,bot,Инна Сушкова,,
f1xmbot,bot,anonymous,,@fimpack  's
autolike_like_bot,bot,Autolike Like Bot 50,,
hostingiq1bot,bot,SA Host,,
fl4sh_autolike_bot,bot,🌸 ꜰʟᴀꜱʜ ᴀᴜᴛᴏʟɪᴋᴇ ʙᴏᴛ 🌸,,ᴏᴡɴᴇʀ: @FLESH_FF
arshiafky1,channel,𝗙𝗞𝗬,205,
dm2mv,channel,dvm2/+1,45,
ogonek_coffeek,channel,Огонек-Кофеек,10,Официальный канал Огонек-Кофеек  Автор: @oliunia_ogonek (по всем вопросам)
zahra_mousavi_art,channel,Zahra_mousavi_art,2286,انّ الحسینَ مِصباحُ الهُدی و سَفینةُ النَجاة ‏ اللَّهُمَّ ارْزُقْنَا تَوْفِيقَ الشَّهَادَةِ فِي سَبِيلِكَ…
clarityiraq,channel,إيضاح - Clarity,1216,منصة رسمية تُعنى بالتحقق من الأخبار والمعلومات المتداولة، وكشف المحتوى المزيّف والمضلل، بالاعتماد على مصادر رصينة وأدلة موثقة.
bsh9b,channel,غيم البشاير 🌙🕋,598,"هنا لنتذاكر الله سبحانه 🕊💙 وَ تضمنا قصائد شعرية وأنشاد  من كلمات الشاعرة بشاير عيسى 🇸🇦 @sho9b  فأهلاً وَ سهلاً بكم 🌦️  "" جميع القصائد موثقة "" © لا أحلل تواجد الرجال هنا ⭕"
maria_moftah,channel,ومـــضة_𝑾𝒂𝒎𝒅𝒂,53,خُلقـت هادئه لا ‏ أحـب الزّحام 💐 .
gwyntg,channel,Вестник нутрициолога,1123,"Познавательная нутрициология от  Настасьи Гвин (исследователь, нутрициолог). Больше пользы на boosty.to/ngwyn"
natallia_usova_neiro,channel,Нейрографика с Натальей Усовой,148,Если ты устала жить не своей жизнью — добро пожаловать. Я помогу тебе увидеть себя без масок и найти новый путь: Нейрографика — рисуешь свой страх и переписываешь его. Матрица Судьбы — смотришь правде в глаза. Говорим честно. Работаем глубоко.
happyzdorovie,channel,Нутрициолог Марина Нарчук,327,Нутрициолог 🌱 Правильное питание и образ жизни 🥕 Разбор анализов 🧪 Составление рационов с рекомендациями 🥗 По всем вопросам: @happy_zdorovie
nytripolzadlyazdorovya,channel,НутриПольза💯дляЗдоров♡Я,211,Молодость заканчивается?  Продлеваем?  Канал для тебя ☄️  Я - Есипова Ольга | Семейный нутрициолог | Архитектор ТВ🔆ЕГО Здоровья   Отзывы 👇🏻 https://lyl.su/9lmT  Сайт с услугами 👇🏻 https://нутрициолог-есипова.рф  Запись на консультацию 👇🏻 в директ
niurri,channel,Niuri,65,Здесь таится что-то загадочное.
skincare_love,channel,_skin care love_,24,"Настя, 27  акнешница в ремиссии.  обожаю уходовую косметику. скупаю банки. пишу обзоры  📍 Ростов-на-Дону"
newsiluet,channel,НОВЫЙ СИЛУЭТ,27,"Центр красоты и здоровья✨  Находимся: г. Москва, Можайское шоссе 30  Запись или консультация по номеру +7 906 020‑66‑77 или по ссылке https://mssg.me/newsiluet"
bobbyfkennedyjr,channel,Robert F. Kennedy Jr.,2768,A storm is coming. Only those inside will know what’s about to unfold. Stay sharp. Stay ready. Welcome to the eye of the storm. 🌪️
hannievdijk,channel,Hannie van Dijk 2 patriot,410,Wake up please
alcatrazmilano,channel,Alcatraz Milano,936,
metaoctagon,group,META OCTAGON KOREA,619,
metagoldrewards,group,MetaGold.Financial Official Group -,1018,https://metagold.financial/ -
dao_metago,channel,DAO MetaGo: вместе создаем Метавселенную,58,"Исследуем, создаем и наполняем смыслом Метавселенную через создание связей RR+VR+AR+MixR. Через совместную деятельность и сотворчество.  Сайт: https://daometago.online Канал: https://t.me/DAO_MetaGo Группа: https://t.me/DaoMetaGo"
metashooter_gg,group,MetaShooter,167,We have rebranded and migrated to a new contract. Migrate your old tokens to join us on an even more impressive journey to financial freedom.
metaginannouncement,channel,🚨 ♾ MetaGin News ♾ 🚨,71,✅Official channel Metagin ✅  🌐 Website 🌐  www.metagin.finance  📢 Group 📢 @MetaGinOfficial  ✅MetaGin Official Contract ✅
metachatprotocol,channel,MetaChat Announcement,56,A Web3 intelligent messaging protocol built on the unified social network.
metageologychat,group,Metageology Chat,54,
metadogscoin_official,group,MetaDogsCoin_Official,70,Liquidity Locked - 1year Contract: 0xeE8b9dC040D6f7B0cf6f8436457B3Aa01ED62512 Website: metadogscoin.com
newgirleveryday,group,女神集中营,19435,都是付费女神
agmsrussia,group,Гильдия медовых Сомелье,847,
militiagame,group,Militia Games Official,909,"MILIT is a P2P (Play-to-Earn) game platform built on the BSC network. Players can enjoy many types of games and different genres for entertainment in their spare time and, more importantly, be able to earn extra income through the Militia Games ecosystem."
spasskychina,channel,Spassky.pro Китай,1625,Вице-Президент Российско-Китайской Гильдии коммерции  - Регистрация компании в 🇨🇳 - Аренда магазина для 🇷🇺 селлеров OZON и     . WB Global - Обучение в 🇨🇳 для студентов из 🇷🇺 - Логистика из 🇨🇳 в 🇷🇺  📞 kitaypomozhet@gmail.com
skopinsky,group,Скопинский уезд,704,Скопинский уезд - Генеалогия
poisk_guildii_ff,channel,Поиск Гильдии | FREEFIRE,496,FREEFIRE  Мы в ВКонтакте - https://vk.com/poisk_guildii_ff Чат обсуждение - @poisk_guildii По вопросам/рекламе - @Tiffor
nprgud,channel,РГУД,789,"Канал Российской гильдии управляющих и девелоперов. Новости рынка, аналитика, мнения наших экспертов. Наш сайт Rgud.ru Предложить новость - assist@rgud.ru  По вопросам сотрудничества razvitie@rgud.ru #ргуд"
gdguildspb,group,Гильдия гейм-дизайнеров - СПБ,557,"Цель гильдии: развитие практических навыков гейм-дизайнеров, обмен знаниями, опытом и идеями.     Формат: раз в месяц проходят оффлайн встречи, анонсы в группе"
mqwinstrik,channel,Общага гильдии «mq»,339,
artemyshurygin,channel,Артемий Шурыгин РГР,467,"Вице-президент Российской Гильдии Риэлторов, руководитель АН ""Градомиръ"" Написать мне @Artemy1579 Презентация РГР https://clck.ru/3HFcRj"
pronindenestate,channel,Денис Пронин PRO недвижимость,536,"Я — Денис Пронин Практикующий агент по недвижимости, эксперт, риэлтор. Действительный член Гильдии риэлторов Москвы и РГР. 15 лет профессионально занимаюсь недвижимостью Вторичный рынок и новостройки. Подробнее здесь ➡️ https://t.me/pronindenestate/1009"
gildiyachess,channel,Гільдія Шахістів🇺🇦♟,138,
gti_chat,channel,GTI Warspear Online,214,"Проводник в Канал Гильдии ""GTI"" игры Warspear Online"
ierey_mikhail_litvishchenko,channel,священник Михаил Литвищенко,1229,"Искренне о вере... Проповеди, видео-заметки, истории для «пищи» ума.  Написать мне ▶️@ierey_Mikhail  🆑YouTube-канал: https://youtube.com/@ierey_mikhail_litvishchenko?si=9zMAsvwiNWLm0mLQ 🛜Обо мне: https://mitropolia-simbirsk.ru/2021/02/15/ierej-litvishhe"
forestchief,channel,Лесной Шеф,1646,Ваша тарелка – это лес! Сообщество для гурманов дикой природы и покорителей Тайги.
tarelkoanime,channel,Dr. Stone и Тарелка,2336,
weypi_art,channel,✨ WEYPI ✨тарелка сырников,877,"Маленький уютный уголок, где будет немного моей жизни и творчества ✨ 18+"
omaceramica,channel,ОМА КЕРАМИКА,152,Посуда для ресторанов
zdorovtarelka,channel,Тарелка Вкуса и Пользы,899,Вдохновлю Вас питаться правильно и вкусно🥑  По вопросам сотрудничества @voron36br
one_hand_brand,channel,Одной левой,84,Адаптивная посуда из керамики
keisshumakova,channel,Кейсы Шумакова,325,
feyga_telesnaya,channel,Телесная,56,"Фейга на связи!  Здесь я буду показывать и рассказывать о своем пути снижения веса, а также о моих тренировках и вообще как жить имея тело👏"
thebarbaraoneill,channel,Barbara O’Neill,5612,Naturopath And Lecturer On Health Issue. Achieve Optimal Health And Well-Being Do your own research Learn to Heal Yourse
gynecolog_trembach,channel,Кабинет гинеколога | Юлия Трембач,780,"🩺 На этом канале инсайты по специальности и кейсы из практики.  13 лет работаю гинекологом. Знаю, как управлять гормонами при помощи питания.  Публикуюсь в СМИ.   Преподаю для будущих нутрициологов в НЦПС.  Запись на консультацию: t.me/doctorTrembach"
ideevna_mind,channel,ИДЕЕВНА | К заботе о себе без РПП,541,"Психолог Александра Курская про нормальное отношение к телу и еде для тех, кто устал от диет, перееданий и недовольства собой.  Сайт: https://ideevna.ru/p/psy/  Запись на сессию https://dikidi.net/1113866  Написать в ТГ @ideevna"
tregubova_irina,channel,Велнес-код с Ириной Трегубовой,351,Я — нутрициолог и тренер по здоровым привычкам. Помогаю женщинам 35+ за 2 месяца снова носить одежду на 2 размера меньше через правильное питание и привычки.  Не хочешь превращаться в тетку? Записывайся на консультацию  👉 @Tia888
valeriyhealth,channel,"ВАЛЕРИЯ ЛУЧШЕВА|про энергию, здоровье и деньги 💰",120,"Здоровье, энергия и успех с @valeriya_fit💪  Больше 10 лет я помогаю :  ⁃ Восстанавливать здоровье ⁃ Увеличивать уровень энергии и доход💰 Твои изменения в жизни начинаются здесь .   Инста - https://instagram.com/bestova_valeriya_fit?igshid=YmMyMTA2M2Y="
lomkova_talking,channel,Ломкова говорит | Нутрициолог | Адвокат еды,143,"Заметки нутрициолога, который снова пошёл учиться — на годовую программу Марии Кардаковой.  Здесь — инсайты, новости, советы и нутрициология без мифов, мракобесия и волшебных таблеток.  Добро пожаловать 💡  Для записи на консультацию @lomkova"
supertel0,channel,Супертело под ключ,60,"Фитнес, питание, восстановление.  Стараюсь донести информацию несложно и наглядно. Если она приблизит Вас к занятию спортом и более здоровому образу жизни, то было бы замечательно!  Личный тренер по фитнесу Сергей Полянин | @Personal_Trainer_Belgorod"
komikhayvanlar_tr,channel,KOMIK HAYVANLAR,15930,
biolog_maltseva,channel,Биолог Мальцева,3269,"⚡️Мальцева Ирина Владимировна  🥼Биолог, генетик и клинический психолог 📖 Автор нескольких патентов на способы снижения веса 🎓 Одна из сооснователей УОМ (Университета Образовательной медицины)  ❗️Вся актуальная информация и расписание по ссылке в закреп"
jvansazijavanegandom,channel,🌾جوانه گندم و بیوممتیک ضدلک_جوانسازی🌾,203,این کانال احراز هویت شده است✅ نکات سلامتی طب سنتی مسیر زیبایی پوست با انتخابی آگاهانه... جوانسازی؛چین و چروک؛لک و تیرگی؛با درمان  بیومتیک وجوانه گندم🌾 ارتباط با پشتیبانی 👇🏻 📞09916702579 @esmayeeli2579 کانال👇👇👇👇 https://t.me/jvansazijavanegandom
kasmetika1001,group,1001 мелочей касметика,51,Bizga qarashli gruppalar  https://t.me/universalniy_tovari  https://t.me/melocheyigrushka  https://t.me/melocheyjoynomoz  https://t.me/Kinderodivayka  Zakaz va taklif uchun @TuxtayevaN  ga murojat qling  Tel : +99890 9356565 admin
profmetika,channel,Profmetika косметика для профессионалов,169,Уход за лицом и телом от профессионалов! Наш сайт: https://profmetika.ru/ Мы в ВК: https://vk.com/profmetika Косметика для всех! Обращайтесь! И оставайтесь с нами!
otzivisumancosmetics,channel,Suman Cosmetics - отзывы,11,
imkosmetik_bot,bot,imkosmetik,,"Интернет-магазин imkosmetik. Всё для ногтей, волос, тела и лица. Более 20000 товаров для профессионалов!"
viviaaviv,channel,𝑣𝑖𝑣𝑖𝑎𝑛,84,𝑻𝒘𝒐 𝒑𝒆𝒐𝒑𝒍𝒆 𝒄𝒂𝒏 𝒌𝒆𝒆𝒑 𝒂 𝒔𝒆𝒄𝒓𝒆𝒕 𝒐𝒏𝒍𝒚 𝒊𝒇 𝒐𝒏𝒆 𝒐𝒇 𝒕𝒉𝒆𝒎 𝒊𝒔 𝒅𝒆𝒂𝒅. 🤫  навигация - https://t.me/viviaaviv/6 пост с соцсетями - https://t.me/viviaaviv/1664 буст - https://t.me/boost/viviaaviv лайф - @ariariaarii
guiltyproject,channel,ɢᴜɪʟᴛʏ ᴘʀᴏᴊᴇᴄᴛ,69,
layvishelp,channel,переезд || лэйvìs,58,начало 11.05.26 конец ??.??.??
lovdiveshow,channel,𝑳𝒐𝒗𝑫𝒊𝒗𝒆 || ПЕРЕЕЗД!!!,13,Шоу на выживание под прототипом Ive
lizavewbloggers,channel,lizavew’s bloggers,7,
lvlabel,channel,LAVANDA LABEL,10,
lvlentertainment,channel,LVL Entertainment,4,
meowedmemes,channel,ᴍᴇᴏᴡᴇᴅ ᴍᴇᴍᴇs,483,
maviaannouncements,channel,Mavia Announcements,7274,Official Telegram Group — https://t.me/MaviaOfficial
metasploitru,group,Уязвимости | metasploit,450,Здесь обсуждают различные уязвимости автоматизированых систем Правила: https://t.me/MetasploitRU/6  Shadow Reflection's: @shadow_reflection_s | @shadow_reflecktion TERMUX Pro https://t.me/+TduVh4E-rEE2OTAy ANDRAX https://t.me/AndraxRU  @TermuxAndrax_Flood
metasilver,group,Meta Silver,573,http://metasilver.net/
metasuka1,channel,METASUKA,270,Богатый художник https://METASUKA.RU/?from=tg_bio  Стикерпак - https://t.me/addstickers/METASUKA
metalunaofficial,group,MetaLuna Chat,5599,❤️ Thanks for joining MetaLuna!  ✔️ Website: meta-luna.site ✔️ Official Chat: t.me/MetaLunaOfficial ✔️ Announcements: t.me/MetaLunaAnn ✔️ Twitter: twitter.com/MetaLunaOrg  💎 Airdrop: t.me/MetaLunaAirdropBot
metadiumofficial,group,Metadium Official Telegram,1344,➡️Keep it civil.  ➡️English only. ➡️Stick to what the group is meant for. a.k.a Metadium related discussion. ➡️Mod decisions are final.
islamicstudies,channel,مطالعات اسلامی | Islamic Studies,2157,کانال مطالعات اسلامی وابسته به مرکز و کتابخانه مطالعات اسلامی به زبان‌های اروپایی (Clisel)  تارنما:  Clisel.com  شناسه ما در پیام‌رسان بله و ایتا @islamic_studies  ارتباط با ادمین: @aa_faz
votre_pauline,channel,d'autre chose que la vie,184,неумело фотографирую: https://vk.com/projecteur_de_realite
footetnous,channel,Matchs en direct (Suisse vs Colombie),3088,"Ici, vivez votre passion pour le football."
votre_store,channel,ваша мастерица | наличие,85,актуальное наличие украшения из мастерской https://t.me/votre_workshop
cpge_m,channel,CPGE,3560,Channel CPGE pour TOUTES les fillières  conetnant puls de 6000 documents à votre service .... 🇲🇦🤍.   offres/docs sup : @sup_2m✨️ offres/docs medecine : @m_sup✨️  - @L9RAY ---> @l9rayFAQ ✅️
oremusofficiel,channel,Oremus,2165,Votre podcast mensuel national-catholique.  -> Odysee : https://odysee.com/@Oremus  -> Gab : https://gab.com/oremusofficiel  Contact : @oremus_bot
tidoma_ufa,channel,ТЫ ДОМА,750,"Ждем Вас в гости каждый день с 14:00 до 20:00🕗  Central park, ул. Революционна 39/3 10 этаж, апартаменты 65🗝️"
solaris_belgique,channel,SOLARIS BELGIQUE - BELGÏE,2242,"Le réseau SOLARIS Belgique est un Internet Humain, un réseau d'entraide et de solidarité qui commence dans votre voisinage direct."
vois_br,channel,vois | чит BLACK RUSSIA,1205,
vorefile_group_ua,channel,VoreFiles | Ukraine 🇺🇦,1230,Канал з різним по vore фетишу. Детальніше про це можна почитати тут: daichi777.com/what-is-vore  Зв'язок: @VoreFile_Bot
attaalibaat,channel,💎 Attaalibaat ~ الطالبــــــات 💎,1900,"🌺 Canal dédié à nos chères sœurs en Allah   Administrées par des étudiantes en sciences religieuses.   ✍️ Nos actions, se veulent conformes au Coran et la Sounna, sur la voie des pieux prédécesseurs.  Qu'Allah l'accepte de notre part."
albassirahcom,channel,albassirah.com,998,Sur la voie des pieux prédécesseurs
luvluvvluuv,channel,viالتها₊˚⊹ ᰔ,728,
voieduphoenix,channel,La Voie Du Phoenix,1085,
akito_voice,channel,Akito Live channel,1497,https://t.me/+xz3GLpkdTbZiMDhk orginal
pasteurecarolinacosta,channel,Carolina Costa- Voie chrétienne de l’Amour,664,"Cercle spirituel Telegram pour cheminer dans la Voie chrétienne de l’Amour avec la théologienne, auteure et pasteure de Genève."
vointsg,channel,✨ВОинцева✨,342,"Привет! Я Галя, учусь на художника-мультипликатора, организовала фестиваль AnimatiCon)✨💅  Дополнительный канал https://t.me/voincevaaa  Написать мне анонимно http://t.me/anonimka_voprosik_bot?start=pnvwt"
pianetarassegnacivile,channel,Rassegna Civile,1198,"Giurisprudenza, aggiornamenti, news e approfondimenti sul diritto civile e processuale a cura di Pianeta Lavoro"
l1awww,channel,منصــة محمد الفيتوري ( شرح للمهم),160,
neweraposition,channel,НОВАЯ ЭРА. Позиция,279,Экспертно-аналитический канал Центра развития гуманитарных технологий «НОВАЯ ЭРА».   Сайт: https://new-era.space/center/  Обратная связь и сотрудничество: @mshpengler
artandcomposition,channel,Композиция смыслов,332,"Открываю мир совриска и провожу персональные консультации по композиции, живописи и рисунку. https://linktr.ee/milada.kopeliovich"
astrostudy123,group,Astrology learning group,158,
posidelkivlesu,group,Посиделки у ведуньи,326,
fake_opposition,channel,اپوزیسیون فیک,175,این کانال جهت شناخت و تشخیص اپوزیسیون فیک از اپوزیسیون واقعی و برخاسته از دل مردم است.
prosyjob,group,prosyjob.com,206,"site web dédié au marché de l'emploi. Nous mettons à votre disposition: offre d'emploi, offre de formation et appels d'offre."
legrandreveil_org,group,LeGrandReveil.org France lanceurs d'alertes,234,"https://truthsocial.com/group/legrandreveil-org Pour la vérité, la liberté et la justice, contre  la corruption, les violences et le mal. actions locales a Vincennes  https://t.me/vincenneslibre Chatbot https://poe.com/legrandreveil.org"
laprecieusevolka,channel,précieuse.,223,смотрю на тебя  и любуюсь.
routedegeneve,group,🇫🇷 La route de Genève,183,http://www.roadtogeneva.com
ladureew,channel,𝓁adurèe ♡⃘,49,"𝒮eulement la mode, chic et Paris"
lavoiedebeaute,channel,La Voie de Beauté,48,L'art de Vivre les Pieds sur Terre la Tête dans les Étoiles 🌈💫🌏
ellestetoile,channel,étoile,35,@Etioles_bot
laviniafed,group,Lανίηία⁪⁬⁮⁮⁮⁮,35,🀄️Kaosla düzen arasında bir yer🀄️                  ___________________________________  📌 Üyelerimizin herşeyin bilincinde oldugunun farkındayız. Bazı şeyler dozunda olursa kurallara gerek yoktur..  Kanalımıza katılalım⬇️                🍷 @absurtgece
letsdefendthetruth,channel,Let's defend the Truth,5,www.difendiamolaverita.it/en/
observateursch,channel,LesObservateurs.ch,20,"Média indépendant suisse fondé en 2012. Nous défendons la liberté d'expression, la souveraineté nationale et le droit de questionner le politiquement correct."
francesecurite,channel,La France est en sécurité,10,"Un projet de FrenchTelegramFreaks, ArmyFreaks, NatureFreaks et DisasterFreaks"
livhilli,channel,Olivia Phillips,5,Stasia
laineloirinhabr_bot,bot,Laine Loirinha,,
notanexpert4,channel,НЕ Эксперт🧐,305,"Мысли в слух и статьи, касающиеся ""Тактикульной"" тематики и не только.  Внимание, автор—НЕ ЯВЛЯЕТСЯ ЭКСПЕРТОМ НИ В ЧЁМ!!!! А ТАК ЖЕ ЯВЛЯЕТСЯ НЕ ЭКСПЕРТОМ ВО ВСЕМ!!!!  P.S. Автор канала и сам канал базируются в Израиле🇮🇱  Читать на свой страх и риск🙃"
bryoxchangediscussion,group,BRYO Xchange | BCOIN,1120,"La blockchain à la portée de tous Acheter, vendre des cryptos devient plus simple et sûre"
mellstars_chat,group,ЧАТ MELL & GIFTS,1337,Владелец - @mellsteroy
medestetikasar,channel,Учебный центр МедЭстетика Саратов|Пенза,1229,"Учебный центр и магазин для косметологов💉 Актуальное расписание ➡️ https://medestetika.su/anketa Оформить заказ или доставку 📲88452290595 📲88452291764 Челюскинцев 151/161, офис МедЭстетика"
mecaryplatform,channel,MecaryPLATFORM,160,🧠 MecaryACADEMY | La plateforme des étudiants en médecine   QCSM | BOOKS | DUEL | POMODORO TIMER  https://mecaryacademy.mecaryproject.workers.dev  Academy telegram channel : https://t.me/mecary24project
stars_menedger,channel,Telegram|bank 🚬,382,Заработок ₽/тон/звёзд/$ Лс: @DerJaoNFT
meatstars,channel,Мясные Звёзды🥩,152,"В тгк ""Мясные Звёзды"" публикуются работы автора, Леи Дриммур!(*´ﾉ∀`*)"
midastars,channel,🌴𝗦𝗧𝗔𝗥𝗦 𝗦𝗛𝗢𝗣 𝗠𝗜𝗗𝗔𝗦 🌴,235,Gam gam
to_meet_stars,channel,Навстречу к Звездам…с Анной Байковой,159,Раскрою таланты играючи. Со мной найдешь Дело Жизни. В тебе уже ВСЁ есть. Пора вспомнить: Почему ты Здесь…Полетели?  Карьерное консультирование | Дизайн Человека | Т-игры | ТАРО | Психология | Предназначение  @baykova_anna
suncitycosmetology,channel,Косметологическая клиника SunCity,161,📍наб. Варкауса 27/1 📲70-97-00
multstars,channel,Мультики,113,
medeorcosmetology,channel,Medeorcosmetology,103,"г.Челябинск, ул. Горького, д.16  Косметология  Дерматология"
m00nstars,channel,moon & stars,68,Own: джинми 🥺 начало: 091125
miilstars,channel,ㅤ⇢ MILSTARS ( сеть тгк по brawl stars ),54,ㅤ⇢ начало 05.05.26 !!
medeyacosm,channel,medeya with taste 🤍,806,Женское пространство 🕊️ Inst: medeya.cosm adm: @medeyak
solanafarm_group,group,Solana farm Group,9029,Maketing 👉 @marcus_tcz
artsenvoorvrijheidchat,group,💜 AVV Chat 💜 Alliantie voor Vrijheid,1343,Bezoek ook onze vaccinatieschade groep en doe meldingen (opgelet dit is geen chat groep). https://t.me/AVVvaccinatieschade
kep_group,group,Ikeeper Airdrop,279,
motorcoin_group,group,Motorcoin Group,1219,Driving the Future with Motorcoin Enquiries to info@motorcoin.org Website: www.motorcoin.org Website: www.motorcoin.net Twitter x.com/motorcoins  Contract 0x6f7A1BeAB01c90545822a43AE1f5a59b779a30d9
delhi_room_group,group,Delhi UPSC Rooms,1002,"Send your room , PG , Library Ads . Students , Brokers, owners welcome here  👤 Admin : @delhiroomadmin"
panda_tools_group,group,Panda Tools Group,948,
ultimahoravzla24,channel,Última Hora Venezuela,4961,Web: www.ultimahoravenezuela.com
thelastworldcommunity,group,The Last World Community,3097,🌐 Website: thelastworld.io 👨‍✈️ Telegram: https://t.me/thelastworldcommunity  👨‍✈️ Channel: https://t.me/thelastworldofficial 💬 Twitter: https://twitter.com/TheLastWorldNFT 📝 Medium:https://medium.com/@thelastworld 🎧 Discord: https://discord.gg/4vrj
smdrama10,channel,The Outlaws - SM Drama,345,
leefbewust,channel,Leefbewust magazine,1755,Iedere dag de laatste nieuwtjes en videos
roronoazoroduyuru,channel,Roronoa Zoro⚔️,1823,https://twitter.com/0xRoronoaZoro  Paylaşımlarım Yatırım Tavsiyesi Değildir  Kimseye DM Göndermem ve Başka Grubum Yoktur!
ultimoraofferte,channel,‼️ULTIMA OFFERTA 💰 — 🔗 LINK ACCESSO,475,
ikmeld,group,MELD,795,"Op het MELD kanaal kan en mag IEDEREEN zijn aan- en afkondigingen voor manifestaties etc delen. Bij dubbele meldingen laten wij de laatste staan en verwijderen wij de eerdere. Start geen discussies, zodat het hier schoon en overzichtelijk blijft."
lastleaks,channel,LastLeak | Новости,562,🖤 Форум - https://lastleak.org/  🤞 Чатик - https://t.me/+7CnSXYIm3KlhNDli  🙌 Discord сервер - https://lastleak.org/discord/  💎 Сотрудничество/Реклама - @ronc1t
lastochkaea,channel,LASTOCHKA ESPORTS,31,Женская киберспортивная организация  CEO - LASTOCHKA COO - SADFIRE Для связи : @NvkAnton
laatno,channel,Laatno,63,Бомбалейло
last_one_spb,channel,ONE LUST,222,официальный телеграм канал ивентов
stefanverkerknieuws,channel,StefanVerkerk.nl nieuws,190,Het laatste nieuws van StefanVerkerk.nl rechtstreeks bij jou in Telegram bezorgd.
dnevnikidealista,channel,Дневник идеалиста / Romanova M,147,
thelastshipbyrtp,channel,TheLastShipbyRTP: the last hope for humanity. The Last Ship Telegram Channel [Virus / Navy / Military / Fans Edit / Warship],67,
chapatfestival,channel,Chapat Sjamanistisch Festival info,78,Elk laatste weekend van juni.  Let op! Ongehoord taalgebruik of disrespect betekent verwijdering van dit kanaal  Voor alle vragen zijn we hier beschikbaar: https://t.me/+McRAfd4-ltIzMzVk
ufmoldova,channel,ULTIMA FRONTIERA | ПОСЛЕДНИЙ РУБЕЖ,31,Lupta noastră împotriva minciunilor și a dușmanilor poporului. | Наша битва против лжи и врагов народа.
monarchlast,channel,𝐭𝐡𝐞 𝐥𝐚𝐬𝐭 𝐦𝐨𝐧𝐚𝐫𝐜𝐡.,24,
vindexskie,channel,ＶＩＮＤＥＸ 18+,424,
hayotiy_rasmiy_kanal,channel,🍃 Hayotiy 🍃,23752,✦ 𝐘𝐨𝐫𝐝𝐚𝐦𝐧𝐢 𝐟𝐚𝐪𝐚𝐭 𝐀𝐥𝐥𝐨𝐡𝐝𝐚𝐧 𝐬𝐨‘𝐫𝐚✦ ✦ 𝐁𝐚𝐧𝐝𝐚𝐬𝐢 𝐪𝐢𝐥𝐠𝐚𝐧𝐢 𝐦𝐢𝐧𝐧𝐚𝐭𝐥𝐢 𝐛𝐨‘𝐥𝐚𝐝𝐢..!✦     Reklama xizmati:https://t.me/hayotiy_reklama_1  Admin: @Shukurullo_20_06
sidlukkassen,channel,Dr. Sid kanaal,1118,In dit kanaal wordt de content gedeeld van Sid Lukkassen
staopvoorvrijheid,channel,Staopvoorvrijheid - Nieuws (SOVV),1314,Telegram nieuws kanaal van Staopvoorvrijheid.nl
mithvq22,channel,Mithvq.edit,74,Fan page of mithvq
fva_netwerk,channel,FvA | Netwerk,115,Index van alle Forum voor anarchisme groepen en kanalen.
uninets,channel,UniNets E-Learning Channel,137,www.uninets.com is an e-Learning platform for IT professionals - Driving Success Through Practical Learning.
networkclassmate,channel,Network Classmate,55,Learn Computer Networking For Free
networking_nexus_channel,channel,Networking Nexus - Protocols & Products,29,"Network devices, routers, protocols and  switching concepts"
network_marketing_world,channel,Network Marketing World,31,
learningnetworking,channel,🌼شبکه بیاموزیم🌼,3,
su_jouk,channel,Наталия Князева|Тонкие настройки,152,"⏩ Научу, как лечить себя по руке. Расскажу все про ваши счастливые звезды. Помогу убрать негативное с помощью EMDR|ДПДГ  Связаться со мной @Natalia_Knyazeva"
b_joux,channel,B-JOUX - Элитная европейская бижутерия,80,Элитная бижутерия оптом
jouanj,channel,ژوان ؛,330,http://t.me/HidenChat_Bot?start=6502966473
jovjou,channel,JovJou,162,Start Your Real Estate Investment Journey with a Single Square Meter with    Website: https://jovjou.com/ Chat: https://t.me/+_qmg8xY-xHM3NTBi Twitter: https://twitter.com/JovJou
joursssssss,channel,Jours de Palestine,169,
kristinafilippa,channel,tgk-kristinafilippa,294,топері лайта личка @defaytery
ky_jour,channel,κⲩ ᴊ૦υʀⲛɑʟɪઽ੮,30,
jusiboi,channel,𝐣𝐮𝐬𝐢 𝐩𝐮𝐬𝐢,167,
juty_club,channel,Канал JUTY✨,86,"Здесь рождаются картины, идеи и новые состояния♥️"
spirituelewereldkerk,group,Spirituele wereldkerk Hoogeveen,110,"- Volg onze diensten in Hoogeveen - Kom in jouw menselijke kracht 💪 - Samen uit de angst blijven ❤️ - Omgeving positief maken 🏡 - Help God een handje mee 🌬 - Elkaar pratend helpen 🗣  Kortom, welkom bij de kerk voor aardse spiritualiteit."
anabolenkopenxl,channel,Anabolen Kopen XL,102,"💪 Welkom bij het enige officiële kanaal van AnabolenKopenXL.nl Hier vind je exclusieve deals, updates en tips voor jouw anabolenkuur.  ✔️ Veilig betalen (iDeal/Bancontact/Credictard/Bitcoins & Meer) ✔️ Snelle verzending met track&trace in heel Europa"
ontdekjouwnatuur,channel,Ontdek Jouw Natuur - Sandra Habers,80,In dit kanaal vind je mijn aanbod en zal ik regelmatig weetjes delen en je inspireren om je eigen natuur te ontdekken.
kayshi_jour,channel,РЕСТ | 𝐊ɑׁׅ𝐲𝐬հ𝐢 ʲᵒᵘʳⁿᵃˡᶦˢᵗ ✨,93,#Звёздочка Посчитаем звёзды в ночном небе? ⭐  Оформа - @PizzeriaOfDesign / @Toris_port Архив - @Kayshi_a @Kayshi_jour_bot
mokkie_jour,channel,𝗠𝗈𝗄𝗄𝗂𝖾 ᵎ ִֶ #𝕁𝗈𝗎𝗋𝗇,83,"💗 Связь со мной : @mokkiejourbot • оформление : @yume004, @sima_journ • прод(ы) : @nianprods_oi • состою в : @"
youmekodyra,channel,ⲩⲟυⲙⲉⲕⲟ ⲋⲟⳑⲟ,10,начало: 05.04.2026 конец: никогда!❤️
swujay,channel,J'Serene.,64,"— Just Jay,  если захочешь уйти – иди, а захочешь вернуться – возвращайся. (с) Ким Му Ён.  살자! -130424;:♡°"
aminabutikvolgodonck,group,amina_butik,747,
guangzhoushoppingguide,group,Одежда Middle up сегмента напрямую из Гуанчжоу,191,
aisweatshop,group,AISweat.Shop,45,
goldtradersdiscussion,group,GOLD TRADERS DISCUSSION,43,
avitagram,group,AVITAGRAM,8,"🚀Продавайте/Покупайте легко за GRAM/TON Инструкция  1) Выставляйте товар (фото,характеристики ,цена gram/ton/usdt) 2)Находится покупатель (делается сделка через гаранта меня) 3)Отправляете товар (покупатель получает его)"
littlefinanceglobal,group,....,4,
retail_tool,group,Retail_Tool,3,
topbrandsil,group,מותגים בעלי אקספרס,2,
berekoppp,channel,berek edits,1386,заказать рекламу - эдит - клип - сниппет и тд | @berek_bbs  tik tok | https://www.tiktok.com/@berek.edits?_t=8rln8xzY2x6&_r=1  instagram | https://www.instagram.com/berek_edits?igsh=Nm5zcjN6MnJ2aDk5&utm_source=qr  YouTube | https://youtube.com/@berekvisua
pussy_advert,channel,Pussy Ad,110,📈 Лучшее решение для вашего проекта!  🎯 Приобрести рекламу: @pussy_ad_bot
tula_adverts,group,Тула | Объявления,82,
inflatiespook,group,Inflatie-spook 👻 (verborgen belasting-spook),475,"✅ Nieuwsberichten over stijgende prijzen, inflatie en tekorten ✅ Discussie over (hyper)inflatie, QE, monetaire inflatie en dergelijken ✅ Hoe bescherm ik mijzelf tegen (hyper)inflatie  Genoemde inflatiecijfers zijn in principe altijd JAARLIJKSE percentages"
altinni,channel,Alti🪷,161,@Altiini Го 200 падписонов  Вся инфа в закрепе
altijdvrijnl,channel,AltijdVrijNL,127,Keep shining your Light for Freedom! 💪🌹🍀
dutchchristianvault,channel,Dutch Christian Vault,288,"📖 Een verzameling van christelijke video’s, Bijbelteksten, quotes, boeken en beelden. 🙏 Je vindt hier bemoedigingen, gebeden, christelijke citaten, Bijbelstudies, prediking en duidelijke waarschuwingen — altijd gericht op Gods woord"
jkvoi,channel,overthinking,364,I will always be in ur mind.    tell me: @tkver_bot .
jobskeyacademy2,group,Jobs Key Academy 2.0,8369,
pubilc_healt_batch27,channel,صحة عامة الدفعة 27,389,
azadism_general,group,Azadism_General,40,
rimpacian,channel,RIMPAC,68,◆ Daily Current Affairs  ◆ General Studies #uppcs #ro #aro #vdo #PET #upsssc #allonedayexam 😳
vriendenclubs,channel,Kavvv - Voetbal Antwerpen,25,Algemene berichtgeving over vriendenclubsantwerpen.be
realenglish555,channel,Английский самостоятельно,21,"Английский самостоятельно для взрослых .  Учимся говорить по-английски, понимать, читать и писать"
bijbelleesplanjks,group,Bijbelleesplan 2026 Jezus komt spoedig,764,Heeft u de Bijbel nog nooit van kaft tot kaft gelezen? En heeft u het verlangen om de Bijbel te lezen? Doe dan mee met het Bijbelleesplan. Na één jaar heeft u de hele Bijbel gelezen. Op deze manier krijgt u een goed overzicht van Gods Woord en heilsplan.
bitcoinmagazinenieuws,channel,Bitcoin Magazine Nieuws,451,Het nieuws over bitcoin op één plek.
onekiss1430,channel,Ôñē kîšş,33,Если хотите вступить то пишите owner:@limus_stay132 co-owner:@Stey_daniks
onewindow_bot,bot,One Window ☑️,,📡Tarmoq foydalanuvchilari bilan aloqa uchun mo‘ljallangan bot🛰
onedirectionbot,bot,One Direction,,One Direction Facts
sbb_news,channel,Stabi informiert - Messenger-Dienst der Staatsbibliothek zu Berlin,338,"👋 Here you’ll find useful information about the Stabi Berlin, such as changes to opening hours, new services, restrictions on on-site and online offers, as well as updates on events related to literature research, academic writing, and more."
onlinegebetshausprophetien,channel,Online Gebetshaus - Prophetie,1464,"Wenn Du es auf dem ❤️hast…  Deine Großzügigkeit macht den Dienst möglich.   Joh 4,36: …der da sät und der da erntet.. empfangen den Lohn… damit sich beide freuen   Spende:  https://www.hopeforyou.de/gebetshaus/spende/"
dixgardienss,channel,𝘩𝘦𝘢𝘳𝘵𝘩𝘦𝘭𝘰𝘳𝘥,450,по всем вопросам — @hearthelord.
nrwjusos,channel,NRW Jusos,344,"Euer regelmäßiges Update der NRW Jusos mit allen News, Infos, Fakten, Veranstaltungen und Aktionen 🌹  Kontakt: info@nrwjusos.de"
ode_dient,channel,counter kelia,24,
yoshlar_work_travel_uz,channel,Work and Travel,209,O‘zbekiston Respublikasi Yoshlar ishlari agentligi tomonidan tashkil etilgan 'Work and Travel' loyihasining rasmiy sahifasi.  @WorkTravelUz_Bot
seo_24_pro,channel,Seo-24,86,
whiteblackbunny,channel,FSG White & Black,6177,Добро пожаловать в уютную кроличью норку White & Black! 🐰  мы в vk: https://vk.com/whiteblackbunny
lookingforconfession,channel,поиск чего либо конфа,35,тейки: @takeslookingforconfession_bot влд: @widewake
gaming_confession,channel,GAMING X GAMEDEV CONF,45,
seasupcf,channel,undersea support confession,43,
rapnhiphopconf,channel,Rap n HipHop Confession,6,
doublefedora_2p,channel,@.2𝙋 𝘿𝙊𝙐𝘽𝙇𝙀𝙁𝙀𝘿𝙊𝙍𝘼 𝒸𝑜𝓃𝒻𝑒𝓈𝓈𝒾𝑜𝓃.𝙬𝙬 ( ! ),16,𓏵𓏵ㅤ.ежедневный контент по 2Р даблфедоры ( ! )       : посты будут вкладываться 3 раза в день.♡゙
ybaconf,channel,𝚈𝙱𝙰 𝚌𝚘𝚗𝚏𝚎𝚜𝚜𝚒𝚘𝚗🌅,14,
forsaken_confession_news,channel,𐍆𐌏𐍂𐍃𐌀𐌺Σ𐌽 𑀗𐌏𐌽𐍆Σ𐍃𐍃𐌆𐌏𐌽 + 𐌽Σᱦ𐍃,5,Тейк бот https://t.me/Forsaken_takes_bot  cr аватарки: karasiki13228 on X
vilkaconfessions,channel,Вилки confessions,8,Vilk
yonitempel,channel,Yoni Tempel,4,Ontdek je kracht die diep huist in je yoni en creëer/baar daarmee de nieuwe wereld om je heen. Welkom in de Yoni Tempel van Rotterdam. Yum! :-)  Zoa Moeniralam Merel van Haastert
metaratingsua,channel,Спеціально для Metaratings,303,"Все самые главные новости, инсайды и эксклюзивы об украинском спорте от metaratings.com.ua"
holetron_rus,channel,HOLETRON Russia,387,Официальный канал компании Holetron ltd. в России  Наш инстаграм https://instagram.com/holetron_rus
marakasni,channel,Маракасный щитпост,585,Аналог твитера номер сто миллионов шесть
medmamma,channel,In myself,336,"— книги, учёба, мысли, медицина, внутренний мятеж  🕯️Inst: mdayfa_"
planetamma,channel,"Планета MMA| EFC, ACA, BELLATOR, PFL | Видео боев",443,"Прямые трансляции, новости, видео по ММА  Написать админу: @Mistermma"
art_fantas,channel,Fantasy Nu Art,4672,Лучшие картины художников жанра фэнтези. По всем вопросам сoтрудничества и оплаты: @Kustik16
garneteater,channel,ем гранаты,83,life & pop culture
annazobsart,channel,Annazobs_art,249,Мои работы разного жанра и не только
visual_novel_readers,channel,"Visual Novel Reader's - перевод визуальных новелл жанра RPG, JRPG, SLG, хентай с японского языка.",218,"Сообщество переводчиков визуальных новелл жанра RPG, JRPG, SLG с японского языка.  Поддержать нашу работу: https://boosty.to/maoosama (Обратная связь там же)"
devichieprigranichie,channel,девичье приграничье💄🪖,7641,Женским взглядом 👀   https://www.instagram.com/krupoderovaaaaa?igsh=MWVmenNnczM1eXdlcQ%3D%3D&utm_source=qr
ptichka_politichka2,channel,Политичка,1098,"О политике и технологиях женским взглядом  Политический бунт предполагает бунт когнитивный, переворот в видении мира (с) Пьер Бурдьё  Бот для связи. вопросов и предложений - @Ptichka_politicka_bot"
qr_changelog,channel,QR_Changelog,142,
mafiosochangelog,channel,Mafioso ChangeLog,209,Канал с подробным описанием обновлений @MafiososBot и @mafiozi
xtremestream_changelog,channel,XtremeStream Changelog / Updates,248,XtremeStream Ultimate Video Streaming System Changelog / Updates Channel  Group / Discussion can be found here: https://t.me/XtremeStream
kuramanimechangelog,channel,Kuramanime :: Changelog,131,Channel ini akan memberikan update catatan perubahan fitur web dan perbaikan bug Kuramanime!  🚀 Web Kuramanime: https://kuramanime.care  🔥 Grup & Channel Telegram Kuramanime: https://kuramanime.care/telegram
shaloon24,channel,shaloon,89,это я: @mangalpatdisatchetare мои биты: @prodshaloon
packl0rd,channel,Packlord,114,
shynsolun,channel,Шын солун,19,
avearengorelelov,channel,𝑨𝒗𝒆𝑎𝑟𝑒𝑛𝑔 [ 💿 ],30,всякий бред автор бреда: @arenwho тик ток: aveareng лайф:https://t.me/+8-e_f3TFc-1iMDQy
khalakaevvvv,channel,𝐁𝐄𝐋𝐘𝐀𝐒𝐇.𝐄𝐃𝐈𝐓🏴(argh),19,
gzlogcom,channel,GzLoG频道,17,官网:www.gzlog.com 客服:@gzlog
wndlgotag,channel,відмітка інді,1,@bytefolio
mfetturkiye,group,MFET Türkiye 🇹🇷 ️️️️,1831,Web: https://mfet.earth/  Instagram: https://instagram.com/mfetofficial?utm_medium=copy_link  Turkey twitter:https://twitter.com/mfetturkiye?s=21&t=h7TOwaPSgXX3nUt4XHXZ5w  Youtube: https://youtu.be/x2lwBZELFLo
beta_kids_school_chat,group,Заказы детских и офисных канцтоваров в BETA_kids_school,723,"Группа для оперативной обработки заказов товаров для школы, офиса, дома и детского творчества🖍️📐 🎨 🎁 🛒🛍️   Адрес: Ташкент, ул. И. Каримова, 17б  Всё для детского творчества и развития: 👉 @beta_kids_school  Всё для художников: 👉 @kanc_butik_beta"
meta_genshin,channel,META ARENA: Косплей пати,609,
rageart,channel,$RAGE | ART CHANNEL,36,$RAGE CONTENT
grim_rage_room,channel,GRIM RAGE Room,86,✨Вся информация о моих уроках и уроках наших тренеров тут✨ @Alexandra_GrimRage
ragemodeeeee,channel,хадури,3404,@uglyhotboyy - лс/вопросы  @sowopop - менеджер   @feevmeooo - менеджер
solanarageguy,channel,😡 $RAGE | RageGuy Portal,76,
ukrainskarolka,channel,українські рольові(ролки)🇺🇦,558,пошук соролів кидайте анкету сюди: @LilithMor  за всіма питаннями та рекламою сюди: @dlansi
brentwood_official,channel,Brentwood Project (SA:MP),677,Официальный канал Brentwood Project – кроссплатформенного ролевого проекта на базе SAMP 0.3.7.  Бот помощи и взаимодействия: @BW_P_Bot Форум (начать игру): dl.bw-p.ru Донат: donate.bw-p.ru Discord: discord.bw-p.ru ВКонтакте: vk.com/brentwood_official
maxim_levin999,channel,ЛевинЛега666🔥🤘😈 #банный король#свободен,166,лс: @KiHS366 анон: http://t.me/anonaskbot?start=i8g9g ролевик с пантентом- банный король
terletsku5,channel,Ꮩiᴛᴀly Ꭲᴇrlᴇᴛsᴋy //𝐸𝑓𝑒𝑚𝑒𝑟𝑛𝑦𝑗,111,Я ролевик Виталия Терлецкого.  Анон: https://t.me/Terletsku5_bot Лс: @Vertynk4 Патент взят с 14.06.2026 10-🏳️ 50-🏳️ 100-🏳️ 150-🚩
rolevikangel,channel,сη3ύс🫶🏻𝙽𝙴𝙻𝙻||only «П»,31,"Ролевик, для связи @Sp3js либо же анон указанный в навигации."
worols,channel,Worols - ролевые игры,119,Новости ролевого мира. Ролевые игры. Платформа для ролевых игр
cherevault,channel,꧁𓂀 // ABY𓂀꧂,123,"Добро пожаловать, путник! 🪽 Ты попал на мой канал, надеюсь, тебе здесь понравится. Я человек с ролью влад череватый. Устраивайся поудобнее, общайся и чувствуй себя как дома. 🌙 юз : @Ne_fr_4"
fleksovv,channel,𝙁𝙇𝙀𝙆𝙎𝙊𝙑𝙑 #𝘽𝙐𝙎𝙔,98,вп/вз/ - делаю мью - мимо анон - @fleksovbot лс - @fflexxov1
rolenaudio,channel,"Videos, audios y artículos roleros",87,"Este canal estara dedicado exclusivamente a subir material relacionado con el mundo del rol en formato audio: partidas, conferencias, charlas, etc. Espero que lo disfruteis."
frozentwilight_life,channel,ЗАКРЫТО | 𝐅𝐑𖥔𝐙𝐄𝐍 𝐓𝐖𝐈𝐋𝐈𝐆𝐇𝐓 ᶫᶦᶠᵉ,117,"Frozen Twilight / Federation of Traditional Views ✽ Приветствуем в лайф канале нашего ролевого проекта.  ╰ Инɸᴏ - @frozentwilight_info ╰ Владелец - @satoru_irl ладно, я Тайлер Дерден"
raut_vill,channel,УХОДИМ ОТСЮДА НАХУЦ,58,"υⲅρα ʒακσʜɥυτся, κσⲅ∂α я ϶τσⲅσ ʒαχσɥƴ. ρσⲗϱɞυκ с ρσⲗью σⲗϱⲅα ɞσⲗκσɞα ηρяɱσ ηϱρϱ∂ ɞαɱυ.☠️🩸 Ⲏⲁⳡⲁⲗⲟ — 31.07.2025"
andrei_bezvinny,channel,Переход,39,"Рад приветствовать вас здесь. Я ролевик Андрея из сериала ""золотое дно"""
dri1ves,channel,Рест без отп||∂ραύɞс #busy,56,"Вз, мью — не делаю. По поводу вп обращаться в анон. Вп держу 30 минут."
roleblad,channel,Ролевой кабинет доктора Блада,78,Максим играет в РИ и радуется жизни
proximaquest,group,Questionnaire 𝐏𝐑𝐎𝐗𝐈𝐌𝐀,54,"Roleplay project «Proxima» Анкетница ролевого проекта  По всем вопросам обращаться к владельцам: @fuckjxksudif & @sk6esk Инфо-канал @rpproxima, Лайф-канал @lifeproxima"
psycho_pass_rp,channel,Psycho-Pass: Revelations of Justice | RolePlay OC,46,"Добро пожаловать! Информационный канал ролевого проекта «𝑷𝑺𝒀𝑪𝑯𝑶–𝑷𝑨𝑺𝑺: 𝑹𝒆𝒗𝒆𝒍𝒂𝒕𝒊𝒐𝒏 𝒐𝒇 𝑱𝒖𝒔𝒕𝒊𝒄𝒆»  Жанры: антиутопия, киберпанк, психология, драма, триллер.  Возрастное ограничение: 21+"
lyssophe,channel,🅛🅨🅢🅢🅞🅟🅗🅔,46,𝑂𝑊𝑁𝐸𝑅: @mdwerror 𝐻𝑂𝑀𝐸: @homelyssophe
morskoi_rolll,channel,Meboviy #rolevik #busy,33,"Welcome, traveler"
mysterium_rp,channel,𝐌𝐘𝐒𝐓𝐄𝐑𝐈𝐔𝐌 || 𝐓𝐆𝐊,16,Добро пожаловать в информационно-медийный канал ролевого проекта  Связь – @mysterium_anon_bot / @MYSTERYA_OFFICIAL.
kogtisti,channel,ПМ ролевик#когтистый,16,"приветствую тебя, дорогой!  это ролевик по кириллу бледному лс- @sham_lel"
infochanelfloodrolyplayhappy,channel,!+Ͷϰϕσ ӄαϰαλ ϕλγɠα-ρσλӄμ ησ ɞϲεϻ ϕɠ στ Ӽ϶ηημ+!,14,Нету пока что
lockeduproleplayinginfo,channel,𝒍𝒐𝒄𝒌𝒆𝒅 𝒖𝒑 | 𝒓𝒐𝒍𝒆 - 𝒑𝒍𝒂𝒚𝒊𝒏𝒈 𝒊𝒏𝒇𝒐,9,Ролевая по сериалу «волчонок».
papa_na_ferme,channel,Папа на Ферме,295,"ДЕЛИМСЯ ИЗЛИШКАМИ ПРОДУКТОВ НАШЕГО ДОМАШНЕГО ПРОИЗВОДСТВА В РАМКАХ ЛПХ  Производим адресную доставку продуктов в СПб и части ЛО  Глава семьи, он же ""Папа на Ферме"" - Владислав. - 89291545485   Хозяйка, она же ""Мама на Ферме"" - Екатерина."
ferma_tranzakcii,channel,Транзакции Ферма 👨‍🌾 и Герои 🦸‍♂️,370,
stickersfarm,channel,Stickers Farm,463,"Добро пожаловать на ферму, Приятель!  Здесь мы выращиваем поистине что-то удивительное - эмодзи и стикеры!  Наши работы - это плод творчества и уникальности :)  *Данный канал вдохновлённый Stardew Valley.Не является официальным и не связан с ConcernedApe"
grussmann,channel,Груссманны про животноводство,256,"Рассказываем в прямом эфире, как мы восстанавливаем убыточный животноводческий комплекс в Татарстане и создаем уникальную мясную ферму симменталов. © 2026 год. Все права защищены. При использовании размещенного материала обязательно указывать источник."
lesnaya_13,channel,Лесная 13,194,"Блог о жизни в деревне  Переехали из города в деревню, строим семейную ферму с нуля, делимся опытом и впечатлениями. Рассказываем о животных и саде.  Для личных сообщений: @les_ness"
olivierandcaviar,channel,Оливье с икрой,6282,Мешаем эталонный оливье. Все лучшее в одной тарелке. Связь: olivierandcaviar@proton.me
standartlar_instituti,channel,O‘zbekiston standartlar instituti,840,@standartbilantaminlash
smolinvest,channel,Инвестиционный портал Смоленской области,205,Новости инвестиционного портала Смоленской области smolinvest.ru
molodoy_goydist,channel,Шаалан-Анохин,42,Добро пожаловать! Я Шаалан-Анохин Даниил: - муниципальный депутат МО «Новоизмайловское» - вице-президент благотворительного фонда «Хайат» @fundhayat - помощник депутата Государственной думы Милонова В. В. - общественный деятель
viacheslavkrylov,channel,Вячеслав Крылов,86,"Депутат Совета депутатов Городского округа Балашиха, избирательный округ N4."
ailantcomru,channel,Айлант,49,"Автоматизация бизнеса на платформе ""1С:Предприятие"". IT-Компания со стажем более 30 лет. Превращаем работу в программах 1С в легкое и удобное ведение бизнеса и учёта."
message_sans,channel,Что-то,59,"Здравствуйте, я Месседж Санс, можно даже просто Мэсс :³"
thememestreetshow,channel,Meme Street Show | $MSS,169,"Introducing the Meme Street Show, a groundbreaking puppetry show that brings the absurd and chaotic world of cryptocurrency to life.  https://twitter.com/Memestreetshow https://www.youtube.com/@memestreetshow"
meitgaler,channel,Мейтус галери,136,"Здесь будет личная галерея [академ/прочие работы/иногда заказы/упоминание швейных работ]   Это не блог, но иногда чет о себе пишу  https://ru.pinterest.com/Sclutt/"
stem_mits,channel,Вступ 2026 💻 Прикладна комп'ютерна інженерія (F7/123) |МІТС| НТУ ХПІ,29,"Чат для вступників Кафедра мультимедійних та інтернет технологій і систем (МІТС), НТУ «ХПІ» ОПП «Прикладна комп’ютерна інжененрія»"
spymint,channel,Подслушано в МЯТЕ,11,Полезное в интернет-маркетинге
meitisu,channel,meitisu,1,"@wyzwyz кому суждено быть сбитым газелью, того не переедет поезд."
memesisworld_bot,bot,Memesis World🕹,,https://memesis.io/
lilboycryy,channel,лилбойкрай,151,
cinemat_gd,channel,Cinemat,222,
karmaperfect,channel,Karma Perfect,122,"Olen missä jumalat ovat, äiti"
whiskeyuse,channel,Вискиметр,225,@WhiskeyUseBot
thecrispywings,channel,crispy wings,52,"tech, cool things, ads, thoughts by @dhrmv"
asu_8m,channel,𓋜 私の目には 𓋜 [],101,Created by script
art5pavlov,channel,Артём Павлов | Прозрачность продаж,108,"CEO amoPROFI · 20+ лет в IT   🔹 Делаю продажи прозрачными — видишь, где теряются деньги   🔹 237+ компаний · без слепых зон    📌 Бесплатная диагностика → @amoprofi   🔧 Техподдержка → @amoprofi_support_bot    Подписывайся — перестанешь гадать о продажах."
datum_avr,channel,Датум АВР,98,"Мы помогаем водоканалам повышать эффективность и надёжность с помощью современных цифровых решений.  Подписывайтесь, чтобы превратить хаос в систему и сделать процессы прозрачными и управляемыми!  Связаться с нами: https://datum-avr.ru/"
liquexsmbeats,channel,prod liquexsm,51,dm @p3x33 main tgc @liquexsm ex*sm
ppllmr,channel,полимер,20,
micronayshnik,channel,Микронаушники PRO-MICRO,13,Продажа и аренда микронаушников
mokodo,channel,Mokodo.ru,20,Портал для свечеваров и диффузороделов ✨  🔗 https://mokodo.ru
hyujin0,channel,Виртовский Хёнджин 😜,12,Новые идеи новые видео/эдиты
glassworld2023,channel,Glassworld,5,
hairflwr,channel,hairflwr.docx,8,
fiagirlyupdates,channel,fiagirly,3952,sir lewis hamilton updates.
astra_lewis,channel,Мастерская Астры | Про Милл хилл и пуговки к ним ❤️,218,Мой магазин: https://vk.com/market-86245559 Связь со мной: @astralewis
dearlewis,channel,mixtapes by lewis,158,"you feel it too, don’t you?  directed by taika waititi"
xnda44arch,channel,Lewis Hamilton 44,925,
levis_techy,channel,LEVIS TECH,1155,VPN
wekendss,channel,Перезагрузка ❯❯̸⃟𝐖𝐄𝐄𝐊𝐍𝐃’𝐒 𝐊𝐈𝐍𝐆,601,Deff — @LA7M1Y
lewistaylorsversion,channel,Lewis core ⁴⁴,379,Everything about Sir Lewis Hamilton 44🐐 🏎️
lewishillerman,channel,Lewis Hillerman,38,"косплей, арты и спермоклей"
lischwii,channel,♱ 𝐕𝑖𝑐𝑡𝑜𝑟 𝐋𝑖𝑠𝑐ℎ𝑤𝑖𝑖𝑠𝑘𝑦 | golden room,298,Любая связь и вопросы: @Lischwiisky
lewisbrr,channel,Lewis Brasil,13,Sua primeira e mais atualizada fonte de notícias sobre o cantor britânico Lewis.
lewis73tmb,channel,INFO: TRUPOREZ,96,по всем вопросам/рекламе - @rapturov2
hard_taste666,channel,hardwane lewis,142,Visual and music creator DM open for everything  @fullnavigation — navigation
metaverse_kiddoge,group,MetaverseNFT KIDDOGE,390,🃏Welcome to KID DOGE Token Metaverse Game NFT🃏 🥞 Buy on Pancake Swap 🥞 🌐 https://kid.finance 🌐 📝 Contract Address 📝 https://bscscan.com/address/ 0xeD10a31B0686AEBF0cdf0a8d8153b69489e59b96
metafacenft,channel,MetaverseFace,26,"For support and enquiries, please contacts the core team @kernel_c0rn and @cryptorbano"
metalandzannouncements,channel,METALANDZ - Official Announcements,73,"Metalandz is a new crypto-gaming platform where you can find Play 2 Earn games, NFTs and the Open Jungle NFT marketplace, the governance token $METAZ  Linktree: https://linktr.ee/Metalandz  Buy Here: COMING SOON"
metamarazm,channel,рорероре предаётся греху уныния,96,Художница METAMARAZM ака Роре Роре Поповый контент/Тошнилка Тошнилкина  паблик вк: https://vk.com/metamarazmo мангалиб: https://test-front.mangalib.me/ru/people/130669--metamarazm?seed=f862047dc8766c15e77f999d4318c555
metfxworld,group,METFX WATCH 2 EARN | METAVERSE,48,
voldaev_crypto,channel,Волдаев за крипту,34,"Про путь обычного человека к финансовой свободе.  Я уже могу скромно жить на свой капитал. Но не хочу скромно.  Узнай, как тебе создать финансовую независимость и жить счастливо.  Реклама: @pvoldaev  За инвестиции 👉 @voldaevinvestiruet Блог @voldaevblog"
carrytechmindsupport,channel,Carry Techmind️,79338,https://youtube.com/c/CarryTechmind117Msubscriber
bocchicarry,channel,Bocchi the Carry ✨,12181,The sweetest pumpkins get the sweetest rewards there⤵️  💘https://fansly.com/CarryKeycos 💘https://onlyfans.com/carrykey_cosplay 💘http://www.patreon.com/carrykey
radio_carr,channel,Дитячі авто на пульту 🚗,607,
bugulovam,channel,amoriiom,186,
shipalnam,channel,쉽게 알려주는 남자,16499,
ship_vladari,channel,💙ᴠʟᴀᴅᴀʀʏᴀ.𝟸𝟶𝟸𝟻💜,1042,"💙𝑊𝑜𝑟𝑙𝑑 𝑉𝑙𝑎𝑑𝑎𝑟𝑖💜  •Выкладываем качественный материал: видео/эдиты, арты и т.д💟💥  •ҕʏдᴇм вᴀм очᴇнь ᴘᴀды👩🏽‍❤️‍👨🏻  ♡Инфо-канал: @infa_channel_vladarya👩🏽‍💻 ᯽Владелец: @gloomy_girl_08 🖤"
cryptomonnaiemania,channel,Cypto Mania 📈,953,✅Groupe d’entraide et de partage d’informations autour du Bitcoin et de la crypto-monnaie
netswap_announcement_ch,channel,Netswap Announcement,55,Welcome to the official announcement channel of Netswap.
zhkmetropark,channel,ЖК «Метропарк»,1196,Официальный телеграм-канал управляющей компании для жителей «Метропарка». Здесь рассказываем о плановых работах и делимся новостями.
istrinskyzmk,channel,ЗМК ИСТРИОН,107,Официальный аккаунт Истринского Завода МеталлоКонструкций  Заказать МК можно на сайте: https://istra-zmk.ru  Instagram:https://www.instagram.com/zmk.istrion?igsh=bzdnM3A5cWhnNHdq
melon_men_11239,channel,Канал мелона🍉,79,Хз я мелон мен
neptaint,channel,بازرگانی زرین نپتا واردکنندگان انواع مواد اولیه پلیمری,21,شرکت زرین نپتا بین الملل واردکننده انواع مواد اولیه پلیمری   🔸️نماینده انحصاری شرکت symphony 🇬🇧   021-47248600 0912-7711657
metpromenergo,channel,МетПромЭнерго,16,
mpk_ad,channel,Реклама МК,12,"Официальная реклама Телеграм-канала по игре «Melon Sandbox», Мелон Комьюнити."
tkmtn_bot,bot,MOSTRANSNEFT,,ДОСТАВКА ТОЛЬКО КАЧЕСТВЕННОГО ТОПЛИВА  Будем у ВАС от 1 до 3 часов  Сайт → https://mostransneft.ru/
mezonini_chat_bot,bot,mezonini.ru,,mezonini.ru
melonloaderpro,channel,Melonloader,1,MelonLoader - Universal Mod Loader for Unity Engine games - Visit to Documents - https://melonloader.pro/
metall_rgnst_bot,bot,metall_guru_bot,,
metrorfmain,channel,Метро России Майнкрафт :::. Карты:..,385,"Канал Метро России Майнкрафт, у нас только лучшие карты  Связь с владельцем: @Vavilin210 Вопросы, обратная связь :  @Helper_MRMbot Поддержать канал:  https://t.me/boost/metrorfmain На данный момент строю: Ничего 👍"
metronixtrade_official,group,Metronix English (Official),213,Metronix English (Official)  https://linktr.ee/Metronix
metrofaraon1,channel,🛍•FARAON metro HERE•🛍,96,Найкращий метро шоп🇺🇦 Робимо без скама працюємо 24/7🛍️ По всім питанням писати менеджеру- @FARAONP
metronomebarchat,group,"Чатик Metronome ""VRСhat""",442,"Паблик: @metronomebar  - Без оскорблений - Без политики - Без рекламы - Если есть вопросы к метроному, задавайте их в лс @xrustaller. Не мешайте людям общаться."
reviewsmetroneon,channel,Reviews — MetroNeoN,119,Отзывы нашего метро @MetroNeoN
metromopsik,channel,PABG MOPS Metro Shop,45,Метрошоп трейд и покупка вещей в метро
melsayyy,channel,MELSAY,994,отзывы / reviews -  @melsayyyyy лс / dm - @manager_melsay монтажер / Installer -  https://t.me/sxtsuu
melsanya,channel,Саня МЕЛ💀,331,
melsori,channel,Sourness.,58,
melsy4ka,channel,мел,50,"Комишшки открыты, лс @toldys https://hipolink.net/meltoldyss"
melsihim,channel,банановна/уход,33,"я экспонат,ты мой фанат"
melsytgk,channel,мелси,26,мой тик ток: @delyamxl всех люблю
mels_tv,channel,mels💋,22,"Всем привет вы папали на мой ТГК mels , если есть какие-то проблемы вот связь со мной @mels_kb"
antikrizisbets,channel,Ставки на спорт,7,
lvslmedia,channel,Le Vent Se Lève,844,"Bienvenue sur le canal du média Le Vent Se Lève. Retrouvez ici tous nos articles et nos actualités !   ➜ N'hésitez pas à transférer les messages du canal à vos amis. Pour retrouver tous nos articles et entretiens, rendez-vous sur www.lvsl.fr !"
lonelyhurt,channel,Сияние Вен,404,
lonelypoli,channel,squad LONELY POLI,406,
luvuluvu228,channel,lonely luv!+140,121,☆《》■ https://youtube.com/@lonelyluv228 https://vk.com/luv2023 inst: @_lonely_1luv_ ☆《》¤ #th140
chgre_yewledew,channel,𝐓𝐡𝐞 𝐋𝐨𝐬𝐭 𝐒𝐨𝐮𝐥🪽,438,🖤  𝗡𝗮𝗵 𝗶'𝗗 𝘄𝗶𝗻🙌                   ╠═══፨❤️‍🩹 ፨═══╣
loneliness1w,channel,Lonelinessss,138,Художник.... Да... По всем вопросам в анонимку -  t.me/anonimka_voprosik_bot?start=mbdhcc COMMISSIONS OPEN
lloveii911,channel,911,307,
igatherstuff,channel,peopleless theme park,214,sometimes i’m a girl and sometimes i’m the oldest man in the world on the loneliest train car in the busiest city wishing that someone might think that i’m pretty
lonely_land,channel,LonelyLand,13,
lonelywon,channel,wonderful.,78,"тру со мин,юн джон,юци"
lonelytsuki,channel,࣪.𖥧˚.苦い夢་𖥔,21,˓ ⊹月が綺麗じゃないですか？𓂃ଓ I hope you don't get bored here. Playlist @billie_moon t.me/HidenChat_Bot?start=6640580290 🌕✨🦉 Infp..
lilclim,channel,Lilac CliMe,450,"Horny horn, чертила и дендрофил.~.  !Предупреждение!  В канале могут мелькать материалы 18+ и випки [WiP] под спойлером"
rosecaelum,channel,Azukichwan | Youraltbarbie,277,Official Channel ♡  https://beacons.ai/azukichwan
lilcarcass,channel,ибюл,94,
mylilum,channel,Lilium,24,🪟
lia_lili_lum,channel,"🏵️ 🐾♡ᢗᝨᜣᝯᜨᝯ ᠕ᜤᜤ ᜰᜤᜣ ,᠕ᜤ᠕ᜤ ᜤ ᠕ᜤᜰ🐾♡ 🌹",54,🐾День рождения нашего канала 25 июня 2023.г✨ <---<👑>----> Валюта канала :https://t.me/ndgh7 Работы подписчики: https://t.me/+f5e5v6106fY5NmE6 ╰۫┄𞥊⏜◦₊ ִֶָ۫ 𖣯 ᩠ ִֶָ۫ ₊◦︵• ุ๋.𖥔 ࣪˖            ★.°• ★.°• ★.°• ★.
verlibarium,channel,ВЕРЛИБАРИЙ 🌿,20,"концептуальные поэтические вечера, посвящённые верлибрам 🌿 спб  для связи: @soulstamina поддержать проект: https://tips.yandex.ru/guest/payment/3122899"
philechkaa,channel,🦊••PHILYA••🍂,132,
lizely_nyam,channel,ꆊìzñ,33,
llisxseexx,channel,𝐋𝐢𝐢𝐥𝐬𝐱𝐬𝐞𝐱,72,Записки Лиама | @infohrk
liliyum0,channel,-𝗟𝗶𝗹𝗶𝘂𝗺,27,"""ꜱᴇʟᴇɴᴏᴘʜɪʟᴇ"" '𝙸 𝚍𝚘𝚗'𝚝 𝚑𝚊𝚟𝚎 𝚊 𝚝𝚎𝚡𝚝 𝚝𝚘 𝚎𝚡𝚙𝚛𝚎𝚜𝚜 𝚖𝚢 𝚖𝚘𝚘𝚍..!"
lilcabin,channel,Little orange cabin,31,"If we live fast, let us die young.  http://t.me/HidenChat_Bot?start=6012702925"
aranelium,channel,ARANELIUM,83,
freakycalamity,channel,lilya core,34,"screw it, lilya LIVES!"
lilyochimm,channel,LilyOchim,23,
drottoccillo,channel,꧁ 𝐿𝑖𝑙𝑖𝑢𝑚 𝑐𝑎𝑛𝑑𝑖𝑑𝑢𝑚 ꧂,22,
trustlacystyles,channel,> 𝑳𝒂𝒄𝒚 𝑻𝒓𝒖𝒔𝒕,15,
lilcashbot,bot,LIL $ CASH SHOP 💎,,🌈 Проекты LIL $ CASH - https://t.me/projectslilcash
lelyakotik,channel,лёлечка,1,"что ж ты делаешь пацан,ты же убьешь меня..."
metrmetrmetrm,channel,-Мᴀᴄᴛᴇᴩᴄᴋᴀя Мᴇᴛᴇᴏᴩ!🦴,16,"–Приве, в этом канале будут процессы масок, процессы артов, арты и тому подобное ;>"
tatyana_kirichenko_pro,channel,Свобода быть собой. Психолог Татьяна Кириченко,139,"Это канал психолога и арт-терапевта Татьяны Кириченко. Запись на консультацию https://t.me/T_A_Kira Также, здесь будет публиковаться самая актуальная информация о всех событиях и мероприятиях эксперта."
poymi_kino,channel,ПоймиКино,212,Психологический киноклуб.  Автор – психолог Татьяна Кириченко - https://t.me/T_A_Kira   Рецензии на обсуждённые фильмы - https://psy-actual.ru/razbory-filmov/   Запись на индивидуальный разбор или консультацию -  https://t.me/T_A_Kira
dnevnikenergy,channel,Обнажая себя ❤️‍🔥 Людмила Кириченко,129,"⚡Я Энергокоуч,эксперт Матрицы судьбы 🕸️делюсь своими знаниями  ✔️работаю с Родовой системой ✔️ с восприятием  ✔️делаю энергодиагностики ✔️провожу сессии/разборы ✔️вывожу в твою силу  https://www.instagram.com/ludmilka_kirychenka?igsh=NThrY3dodnJxbGNp"
sergeykirichen,channel,Сергей Кириченко,94,
skirichenko_seo,channel,Кириченко SEO | ex-Staurus,93,"SEO-стратег, technical SEO, AI-автоматизация. Сложные сайты, разборы, кейсы и SEO без воды."
ivan_vision,group,Опыт изображения. Иван Кириченко.,62,
insideview_ek,channel,Взгляд изнутри,49,"подкаст ""Взгляд изнутри""  Здесь истории, которые вдохновляют на действия.  Меня зовут Эвелина Кириченко и это мой подкаст ""Взгляд изнутри""🩵  Если ты ищешь не утешение, а возможность начать действовать - ты по адресу!  💌 @en_24"
melancholycoffee,channel,Меланхолія в кавоварці,31,Інверсія себе Особистий блог письменниці Оксани Кириченко (Aillin Ai)
kirichenko2024,channel,Кириченко Владимир Владимирович,18,"Кириченко Владимир Владимирович, депутат Донецкого городского совета"
k1rapatka_bot,bot,кирин глори хол,,"анонка кириешечной, рассылаю мини-зарисовки и общаюсь💋"
krikdyshiibot,bot,крик души🤍,,
pyriktakes_bot,bot,рюриковские тейки,,cr :: @Eternal_Vinill
charisma_kirabot,bot,анонка вечность соняши♡,,
krippbot_bot,bot,анон вэйм,,лс @weeeim
zhirikchicken_bot,bot,CLAIM ZHIRIKS AND CHICKEN CRAN,,
kirovkalivedon_bot,bot,Обратная связь Кировка,,
luk_takebot,bot,ЛУКЬЯНЕНКО тейк бот,,Бот принадлежит @LUK_kf
kiratimpaleevabot,bot,Анон звëздочки кируськи,,
crackcfbot,bot,крякни тейки,,@crackcf
maximkichiginkozhabot,bot,Помощник Максима Кичигина,,Привет! Я помощник создателя  Кожевенной Мастерской Максима Кичигина. Для доступа к меню канала нажми кнопку /start
kirillaxiskbot,bot,анон Киры,,
testkiyana_bot,bot,MIR.KIYANA,,"Кармическое целительство. Ясновидение. Ченнелинг. Консультирование, обучение, Духовное наставничество mirkiyana.com"
pikchatg_bot,bot,🖼 ПИКЧА - мастерская картин по фото,,
kiryexconfbot,bot,Иванушки confession обратная связь,,Обратная связь
rkrishnabot,bot,: 𝕂riʂɧŋ𝕒 |,,"✨ Part of ""RKrishnaa.t.me""❣"
charikovwinebot,bot,charikovbot,,
kiikliitbot,bot,заявки KIIKLIIT🫧🫰🏻,,для связи - @misisvil
pikirbek_bot,bot,Пікірбек,,@podkast_time арнасының көмекшісі💬
georgeharrisondailybot,bot,George Harrison Daily Bot,,Харе Кришна  Кришна Кришна
neylikkbot,bot,ㅤ,,
kireaki_bot,bot,Бот Киры,,
kiroksibot,bot,Анон Кирокси👑,,
cringereya_bot,bot,кринж печатает…,,
ccherryanobot,bot,жуля чикчирик,,"own жуля/жулия мью, вз подписки, сз НЕ заключаю  @JellyJiwoo 🤍"
niccoribot,bot,niccori ^^ survey team 🌻🎈,,
ckicombot,bot,Ckicombot,,
cmhidkbot,bot,анон петрушки,,
kripres_bot,bot,Bot candi,,
kireeva_vladislava_bot,bot,Линия Киреева Владислава,,
nicorosbergcfbot,bot,тейки нико росберг кф!! 😄😄,,@NicoRosbergCF !!!
charlieheatoncf_bot,bot,тейки чарли хитон кф,,
niki_bot,bot,Niki,,
rikizonebot,bot,зона наоми,,@rikizone - архив
kritikebuchiybot,bot,Критик,,
questdetective_bot,bot,"Кира, помощница журналиста",,
piarcfbot,bot,ТЕЙКИ ПИАР КФ!!!!!,,СЮДА ТОКА ОДНО ВЛОЖЕНИЕ принадлежит @piar_conf
mikeangelostarbot,bot,𝗠𝗜𝗞𝗘,,ᅠ               (  ANGELO )                     ＃@Mikeangelico .
kulikovskiybot,bot,Kulikovskiy,,
csh1rakage_bot,bot,Пᴩᴇдᴧᴏжᴋᴀ|Ꮯhirᴀᴋᴀgᴇ,,От канала:: @chirakage0SAMU
markloshkitake_bot,bot,Маркло кф тейки,,@marklocf
kirovnasutki_bot,bot,Kirov Na Sutki,,
teacherry_bot,bot,˳✧cherry necesita amour!!,,"˚✧⁎⁺˳✧༚ Викуля, любящая общение🤍🕊️"
inmetals,channel,Интересные металлы,710,Все самое интересное о металлах: от глубин Земли до дальнего космоса.  Для связи:  t.me/inmetals?direct
minor_scraptraffic,group,Редкие металлы | Scraptraffic Chat,298,"Администратор:  @operator_scraptraffic  Другие наши группы:  https://t.me/scraptraffic/4795  Если вам ограничили общение в чате, обратитесь за разъяснением к администратору"
kursdnya24,channel,Курс Дня | Экономика,181,"Аналитика мировых рынков: нефть, металлы, форекс и акции. Финансовые новости и тренды  Политика - @TheSmerch  Вопросы/Реклама/Сотрудничество: @Texas_MediaGroup"
sachacorporation,channel,КОРПОРАЦИЯ САЧА,146,"Корпорация «Сача» - федеральный оператор по переработке и утилизации лома и отходов, содержащих драгоценные металлы."
dorogieskidki,channel,"Держи,скидки!",25880,
mari_flo_sale,channel,MariFlo_SaLe,465,"Мои растения и их детки ) если что то приглянулось , пишите с удовольствием отвечу 💚🫶  @Mari_Mashkovsky"
skidkiotirinki,channel,"Отдел снабжения:скидки,акции,промокоды",934,"Всегда знаю,на что еще потратить деньги Для связи @gornih"
mariskidki,channel,Скидки с Мари Собери,351,Находки и скидки с маркетплейсов 🔥
kalyanlavka,channel,Kalyanlavka,144,"Интернет-магазин кальянов, электронных сигарет, аксессуаров и комплектующих. Доставка по всей России."
whit_e_smoke,channel,БЕЛЫЙ ДЫМ | VAPE SHOP | МОСКВА,11,"Рады приветствовать тебя, наш друг! 👋 Oldы в теме, мы все давно этого ждали! ""Vape Shop Белый Дым"" Телефон/WhatsApp/Telegram+7 Наш чат"
metlah_studio,channel,✨Студия метлахской плитки и декора,1019,"Метлахская плитка Англии, Франции и Португалии. 2 000 образцов мелкоформатной плитки. И 8 000 образцов керамогранита, керамической плитки, мозаики, декоров.   💻Наш сайт decortiles.ru 📍Мы на картах https://clck.ru/3Ei3yx  📱ТГ @Metlah_Studio_online"
maxpull_channel,channel,MaxPull магниты и магнитный крепеж,276,"Неодимовые магниты и магнитный крепеж  Сайт: https://maxpull.ru  По заказам:  +7(495)108-53-87  +79064603377 Max, Telegram  order@supermagnet.biz  @MaxpullTM"
metal_museum,channel,Центр металлургической промышленности | Череповец,74,"Наши телефоны: +7 (8202) 56-42-22, 56-27-27  Наша группа Vk: https://vk.com/museummet"
steeldekor12,channel,Steel dekor,185,Дизайнерская мебель из металла 🖤
metaldetector203,channel,𝗠𝗲𝘁𝗮𝗹 𝗗𝗲𝘁𝗲𝗰𝘁𝗼𝗿,227,Качественные посты о мире тяжёлой музыки
mintdecor,channel,Мятная фенечка 🌿,179,"🍀 Фенечка так же уникальна, как и ты 🍀   -Делюсь вдохновением ежедневно 🌊🏄 -Создаю браслеты–фенечки с декабря 2024г -Снимаю процесс и публикую в Rutube https://rutube.ru/channel/49903356  г. Пермь   Заказать фенечку: @pollikustova"
superstarpadchats,group,SuperStarPad | Chats,2066,The SuperStarPad is a decentralized Governance Metaverse platform for fundrising and launching projects on the metaverse ecosystem With SuperStarPad Ecosystem Features.
unimaxpad,group,Unimaxpad,1982,Invest in High Potential Web 3.0  & De-Fi Projects with us.  For Marketing/Partnerships - DM @MdMinaj
metachesspawn,group,MetaChess,38,MetaChess is an upcoming Play-to-Earn NFT chess game! $PAWN is the official token of MetaChess game & will serve as main currency and as a governance token. https://metachess.info/
makesomecode,channel,make some code,66,Репосты с блога makesomecode.me. Небольшие интересности из C#/Python/Go. Пишу редко — надоесть не успею.
metakeyen,group,Meta Key,8,
metacometaa,channel,МетаКамета,11,Супер канал
metafathergroup,group,MetaFatherGroup,11,Super Management Tool for Meta Quest and other VR (Virtual Reality) Headsets. It's perfect for helping you explore the meta-universe.
metaoutbrand,channel,METAOUT BRAND,280,
vivek_hin,channel,Vivekananda.live Hindi,865,हिंदी में स्वामी विवेकानंद के प्रेरणादाई वचन  Inspiring quotations of Swami Vivekananda in English : https://t.me/vivek_english  ગુજરાતીમાં સ્વામી વિવેકાનંદના પ્રેરણાદાયી સુવિચારો : https://t.me/vivek_guj
ralinamamaeva,channel,Ralina Mamaeva,562,Основатель и идейный вдохновитель сети кондитерских «Ralin»🍰 г. Ижевск
vivek_guj,channel,Vivekananda.live Gujarati,663,ગુજરાતીમાં સ્વામી વિવેકાનંદના પ્રેરણાદાયી સુવિચારો  Inspiring quotations of Swami Vivekananda in English : https://t.me/vivek_english  हिंदी में स्वामी विवेकानंद के प्रेरणादाई वचन : https://t.me/vivek_hin
anastasiyaluginina,channel,Астролог-вдохновитель Анастасия Лугинина,614,• Свой центр Астрологии в Спб  • Преподаватель Института Астрологии • Научу использовать астрологию для себя • Здесь делюсь полезностями и мыслями Записаться на консультацию: https://stellasecret1.ru/
beautydoctor68,channel,БьютиДоктор,584,Марина Рейнберг врач и идейный вдохновитель клиники косметологии и эстетической гинекологии 💋
aihealthinnovations,channel,ИИ в медицине,1154,"Новости и практическое руководство по применению ИИ в обычной работе врача.  Наша цель - руководить ИИ, а не подчиняться.  Автор и вдохновитель канала: @SmartMedAI Мы в ФБ https://www.facebook.com/MISMedAI/"
vrtnworkshop,channel,VRTN workshop,1167,"Обзоры новинок и изделий VRTN workshop 🌿 Канал пишет и публикует идейный вдохновитель бренда Вера Ананьева 🖤  Мы на WILDBERRIES - VRTN workshop 🔎  Абакан, Дружбы Народов, 20А 8-17:30 ежедневно, воскресенье понедельник - выходные Саяногорск, Центральный 1"
edctem,channel,Ножи и EDC у Тёмыча,4821,"Крупнейший магазин ножей на WB  Здесь - уникальные скидки, розыгрыши, обзоры Сайт https://edctem.ru/ Магазин на WB https://www.wildberries.ru/seller/edctem Аукционы - t.me/edctem_auction  Aдмины: Предзаказы/оплаты только @MagazineEDCTEM_bot 7:00-16:00 мск"
chth_edc,channel,ChthonicEDC,336,@Artur981104- Я   https://m.vk.com/chth_edc?from=notifications#pop_share- группа вк
edler_pro,channel,Edler.pro - Официальный канал,1451,Невероятно упрощаем найм и обучение сотрудников с помощью IT платформы https://edler.pro
edchesssss,group,EdChess Chat [ENG],1238,🏆♟  ⏺️Welcome to the innovative chess ecosystem #EdChess  ⏺️Join our Channel : https://t.me/edchessss  ⏺️Join our global chess community:  @edchess_bot  ⏺️For the Investors & Partners : connect@edchess.io
ba_ed1,channel,حـــ♡ـــدوٍٺـةّ🖤,4245,احيانا تعطينا الحياه فرص لنهدرها وانتم كنتم من الفرص المهدوره💫🎭   #حدوته←«(@A_m_x9)»
louisgta,channel,луис,449,идейный ютубер  PROMO - LXS  YouTube - https://www.youtube.com/@луисс
inbrukes,channel,Залечь на Дно в Брюках,1337,"Про кино и всё такое. Немного новостей, чуток рецензий и утровые мемы   letterboxd boxd.it/9xfFr myshows myshows.me/Ander кинопоиск kinopoisk.ru/user/inbrukes  На связи @aegarev"
loorenzo_69,channel,𝖱𝖾𝖽𝗋𝗈𝗈𝗆,868,
bllc6,channel,ᥫ᭡,297,-
chanellilyvert,channel,𝐕lone,145,Не доверяйте толпе !
doofpotned,channel,"Doofpot kanaal 3ᵉ kamer NL censuurvrij-(meta)nieuws, actualiteit/historie een community gericht op cultuurbehoud en vooruitgang",215,Ongecensureerde alternatieve actualiteit & de algehele bewustwording.  Actualiteit&historie uit binnen&buitenland.  Voor en door Nederlanders. We streven er naar de waarheid te verspreiden en vanuit diverse perspectieven te belichten.  @doofpotcultuur
jkaite44wr,channel,катерина джкейтер,117,
webdev07_lesson,group,Javohir ~ Chat,160,✔️ Web dasturlash bo'yicha guruhimizga xush kelibsiz!  ⚠️ Qoidalar ⚠️   ❌Reklama va Boshqa mavzuga doir post (#ban) ogohlantirishsiz 👈 ❗️Savolingizga javobni oldin Google dan qidirib ko'ring
stichtingbreeddenken,channel,breeddenken,89,"Middels lezingen,workshops,opleidingen etc willen wij onderwerpen belichten zoals bv  spiritualiteit, autonomie, geschiedenis, filosofie, voeding & gezondheid etc etc Wij staan hierbij open voor alle inzichten #Rotterdam #Hellevoetsluis #lezingen"
xinzueeligit,channel,XIN PROOFF,11,LIGIT SELLER
belichiy_bot,bot,команда соломенных шляп,,
helis_mm,channel,𝐁𝐞𝐲𝐨𝐧𝐝 𝐍𝐨𝐭𝐡𝐢𝐧𝐠,132,‌فراتر از هیچ./
v5_aya,channel,أيـَه,364,وَلَسْنَا إِلَّا عَابِرِينَ نَبْتَغِي حُسْنَ الْخِتَامِ وَطِيبَ الْأَثَرِ .
ustlnco,channel,Переход (энд компани),219,"Тк инсту заблокали, и постить туда фотки не очень удобно, я создаю «Переход»"
vtorbiju,channel,"Творческая мастерская ""ВторБижу""",104,"Приветствуем вас, друзья, в творческой мастерской ""ВторБижу"". В нашей мастерской мы реставрируем и переделываем любимые бусы, серьги и браслеты.   На примере своих работ ""до/после"" показываем преображение украшений.   📌https://vk.com/vtorbiju"
galleryofpasserby,channel,Галерея Прохожего,50,Свалка посвященная моим фотографиям
frazaorenbyrga,channel,КАНАЛ ПЕРЕЕХАЛ,125,
animals_n1,channel,КАНАЛ ПЕРЕЕХАЛ!!!,29,This channel has moved to a new location
tosouthh,channel,بگید رفته جنوب,76,هیچی و همه چی. https://t.me/tosouthh  https://t.me/HarfChatBot?start=045bac4d6e84
songofthecrimsonnile,channel,КАНАЛ ПЕРЕЕХАЛ!!!,53,This channel has moved to a new location
voor0n,channel,[ Ворон ],7,
anonbot_radiiantbot,bot,𝑨𝑵𝑶𝑵 𝑹𝑨𝑫𝑰𝑨𝑵𝑻.,,
anonhik_carolinebotbot,bot,𝑨𝑵𝑶𝑵,,
anonfaritie_bot,bot,Faritie 匿名 : bot 🍟,,
soji_anonbot,bot,. ָ࣪ 𝗋𖡡𝖽𝗀𝖾 𐐼𝗇𝗈𝗇 `˖ ֗ ִ,,без политики и личных вопросов
kzkcd_bot,bot,Анонимка кинзоку,,
anonchatscf_bot,bot,⃪ ׁ ׅ ʙᴏᴛ⏜︵ׅ ׁ ᮬᩙ ᴄʜᴀᴛsᴄғ,,наш канал @Chatscfr
kalloview,channel,KalloView Announcement,999,Decentralized review applications for all chains
leefbewustnederland,channel,Leef Bewust Nederland,22718,Gezien de online censuur zullen we je hier elke dag ongecensureerd nieuws brengen 🙏🏼
voorwaarheidnieuws,channel,VoorWaarheid Nieuws,3661,Nieuws
ruwonews,channel,RuWo News,900,"RuWo News - сообщество, в котором представлены самые последние новости Политики, Экономики, Бизнеса, Спорта и Культуры в удобном для Вас формате"
nuance_freelance,channel,Нюансы фриланса,459,"Открытый канал, где публикуются нюансы по фрилансу.  Купить доступ к Нюансам: https://nuance-freelance.ru/ Личный кабинет — https://nuance-freelance.ru/personal Чат — https://clck.ru/32iEYw       Задать вопрос — @nuancefreelancebot"
there_is_a_nuance,channel,Культурный обмен,697,"Интересные факты из мира культуры, науки и образования  Бот для связи - @JakBekkerBot"
secretnuance,channel,Secret Nuance,228,Канал торговой марки Secret Nuance. Твоя безупречная красота здесь!
nuance_oh_lala,channel,Нюанс,112,"05.06: Люкс Диско Клуб  Билеты: https://discoklub.com/e050626 06.06: Beat Film x Нюанс  Билеты: https://beatfilm.ticketscloud.org/  Бронь столов +7 (901) 524-55-26 График работы: 11:00 – 00:00+ 📍Столешников пер., 11"
mochuisl,channel,Claire de la lune,716,""" Give love to those who give your details  their sanctity.""🖤 http://t.me/Moonlight77bot"
agreciamemory,channel,[OPEN MEMBER] 𝘖𝘧𝘤.卂𝙶𝚁𝙴𝙲𝙸𝙰,1174,"𝖶𝖤𝖫𝖢𝖮𝖬𝖤 𝖳𝖮 𝖠𝖦𝖱𝖤𝖢𝖨𝖠 𝖯𝖧𝖠𝖭𝖳𝖮𝖬   ╰➣ Agrecia is a fantasy story where you can play a role in it like in a book. we will give you a new nuance and a pleasant experience, with various stories in it. ╰➣ since 12 - 12 - 2022"
nuancesubnet,channel,Nuance,62,The incentive layer for global discourse - SN23 on Opentensor  🤝 Chat: @NuanceSubnet_chat
textilenuance,channel,Текстильные нюансы,544,Экспертный канал Анны Потоцкой и Марии Гарейс. Мы не просто агентство маркетинга. Мы — ваши партнеры с глубинным пониманием российского рынка интерьерного текстиля.  О чем канал:  https://t.me/textilenuance/893 Наши услуги: https://t.me/textilenuance/896
floral_nuance_store,channel,Floral Nuance Store,63,"Авторские украшения из цветов  🌿 Волшебство самой природы, облаченное в каплю ювелирной смолы  📍 Москва  💌 Отправка СДЭК и доставка курьером по городу   Для заказа пишите в сообщения группы VK"
nuancea,channel,N U A N C E,40,Time leaves marks. The right leather wears them well. ثبت سفارش: @disamon
novdance,channel,НовДенс танцевальная мастерская,233,Многочисленные лауреаты и призеры престижных международных конкурсов и фестивалей!  В программе обучения: - современный танец  - классический танец  - импровизация  - партерная гимнастика   📍Екатеринбург
nc17dance,channel,NC17 TEAM,184,Всем привет! мы NC-17 из Ижевска 💜 Все о жизни нашей группы и немного больше 💅🏻  наш ютуб канал:  https://youtube.com/@nc17coverdanceteam?si=OSLM0aUOdJXkzmSv
notes_tr,channel,NOTES.,81,كان في عينيك شيء لا يخون ..  لست أدري كيف خان
inunyi,channel,𝗶𝗡𝘂𝗻𝘆 🪽,56,- ძ𝖾ᥴ𝖾𝗆𝖻𝖾𝗋 ❄️ +218 - @Ne_1al🪽
sanyaok_win,channel,SanyaOK Streams,1872,Стримы: KICK - https://kick.com/sanyaok777 Twitch - https://www.twitch.tv/sanyaok999 W - https://w.tv/sanyaok777 ЧАТ: https://t.me/SanyaOK_Chat Розыгрыши: 🎁 https://t.me/SanyaOK_BONUS 🎁  Сотруднечество: @SanyaOK777
crisis16,channel,Кризис среднего возраста или мои 16,411,Трэш и угар Я люблю развлекаться (с) Вася В. Кирпичи
aufmessersschneide,channel,Auf Messers Schneide!,1129,"Politisch kritischer Satire - Kanal          Themenbereich: Politik, Corona, usw.  Viel Spaß!!!"
crisismanchat,group,"Мужчина, это чат",706,"Чат редакции и читателей проекта «Мужчина, вы куда?» @crisisman  Простецкие правила чата: https://t.me/crisismanchat/26"
chaincrisis,group,Chain Crisis — Legacy Archive,380,"This legacy channel is now archived. For official updates, follow X:   https://x.com/PlayChainCrisis"
catastrophe_crisis,channel,Катастрофический кризис,475,Надеюсь это место станет теплым и уютным гнездышком   Анон: @sketchneill_bot
agecrisis,channel,Исследователь Счастья,328,"Сергей Рябов. Публичный дневник про жизнь после 40: отношения, решения, ошибки, наблюдения за собой. Без советов и мотивации. Просто честно.  AI-продакшн: @ai_bez_pravil Коммуникация: @TalkingAcademy"
steuckers,channel,Robert Steuckers,594,
setun_1958,group,Ternary Computers: The Setun and the Setun 70,290,"Цель группы - объединить энтузиастов для воссоздания аппаратного троичного процессора и программное обеспечение троичного компьютера МЦВМ ""Сетунь""."
samozvanec_stein,channel,Писатель-самозванец,195,"🧙Волшебный мир книгоиздательства. Я познал его глубину.   ✍️ Писательство — это теплая комната, полная вдохновения, и лист бумаги, на котором так много слов.   💪 Здесь есть всё: радость, творчество, сбывшиеся мечты. И надежда, которая никогда не угасает."
steecu,channel,ㅤsteecu 👾ㅤㅤㅤ,101,Handled by @hadeh Bot: @LuseanBot / @steecu_bot RnK: @SpillSteecu
steyck,channel,anti STEYCK (1234),94,"design, graffiti, (life)style  @steyck1234"
ukrainesupportessen,group,Ukraine Support Essen,115,
youre_sick1,channel,عدم,311,إنما العيون نواطق  انا آفاق
garri_vanui,channel,Garri_Vanui official,75,Админ  @Serxiyo_ramos
hgl_p2000,channel,P2000 Haaglanden,344,P2000 melding uit de regio Haaglanden.  De bot is ontstaan vanuit een hobby als 112-fotograaf en uitgegroeid tot een openbaar kanaal.   Naast de meldingen bieden wij ook een sneltoets naar Google Maps en Waze.   Zie ook: www.p2000haaglanden.nl
somefromr,channel,𝐑'𝐬,105,Something like  🎧 Music  🎬 Movie  📚 Book 🏡 Chilling...!  🗣Reach me : @R3Z4_10
we_from_kyiv,channel,"Доброго вечора, ми з Києва 👋🏻",238,
s90fvv,channel,𝙰,213,‏عن معاريف النشاما وماجوب الصديق ‏ما يغيرنا  البطى ولا السنين الكايده .
ivmrufi,channel,ivmrufa,142,
rr_p2000,channel,P2000 Rotterdam-Rijnmond,86,P2000 melding uit de regio Rotterdam-Rijnmond.  De bot is ontstaan vanuit een hobby als 112-fotograaf en uitgegroeid tot een openbaar kanaal.  Naast de meldingen bieden wij ook een sneltoets naar Google Maps en Waze.  Onderdeel van: www.p2000haaglanden.nl
vanumiss,channel,𝖵𝖺𝗇𝗎𝗆𝗂 :333,24,˙𐃷˙
izgnanuit,channel,Изгнанные Тенями,16,Сериал по котам воителям! Ждем тебя у нас!
allll_m,channel,al.,92,
sm4sh3d1nt0p13c3s,channel,？,41,PLEASE I AM A STAR
justlooking33,channel,JUST LOOKING,5,JUST LISTENING TO MUSIC…
crisis_era,channel,Crisis,57,راه ارتباطی جهت مطرح کردنِ پیشنهادات، انتقادات و پرسش‌ها: @Arash_bagheri_7394
olga_golovantseva,channel,ТВС🟢 Голованцевой. Точка Внутренней Свободы.,599,"Канал психолога Голованцевой Ольги.   Блог психологии  https://t.me/free_people_ps ПСИХОТЕРАПЕВТИЧЕСКАЯ ПОМОЩЬ В ТРУДНЫХ СИТУАЦИЯХ  - индивидуальные консультации; - семейные, парные консультации; - удаленные консультации (online).  Запись @golovantseva"
ofcbartendosgank,channel,[MEMORIES]𝕭𝐀𝐑𝐓𝐄𝐍𝐃Ø𝐒 𝕲𝐀𝐍𝐊,891,➣𝐎𝐟𝐜 𝐛𝐨𝐭 𝐁𝐨𝐭 : @OFCBARTENDOSGANKBOT bot mpps : @mppsbartendosgankbot  (open) bot edit : @EDITBTGBOT ➣𝐂𝐇  Official : @OFCBARTENDOSGANK Dispatch : @dispatchBG Shitpost : @bartendossp Mpps : @temennyaBG Lpm : @LPMBARTENDOS   𝟏𝟕. 𝟎𝟓. 𝟐𝟏
len_and_narcolepcia,channel,Лень или нарколепсия,259,Испытать судьбу и прислать мем: @narcolepticia_bot
krevetcateva,channel,Пасмурные Креветки Катана,162,Просто плыву по своему течению вдохновения и пытаюсь что-то творить U_U Креветочки ммм  Юз владелца– @gftyulk
shrimpknowledge,channel,Креветочное фото от Кардамона Игоревича🥟,66,Ща дед наснимает
su_ann_impro,channel,•Su_Ann impro•,44,"Дисклеймер: канал несёт исключительно развлекательный характер, все совпадения и соввзлёты – случайны, ничего не пропагандируем-с, рекомендуем быть старсше 16  Инфопост: https://t.me/Su_Ann_impro/29  Анонка: @y_n_s_k_bot"
couready,channel,@COUManips ready,2,
school_igropraktika,channel,ЗОЛОТОЙ ФОНД ИГРОПРАКТИКИ,717,
detiindigo74,channel,Дети Индиго,731,"Диагностика, лечение и реабилитация детей с РАС, ДЦП, СДВГ, ЗПРР в Челябинске и Краснодаре.  Адреса: Челябинск, Университетская наб., 34   Краснодар, Ставропольская 207/1  Телефон: 8 800 600-20-41  Читайте нас в МАХ: https://max.ru/id745211210"
gogolmogol65,channel,Гоголь Моголь | детский центр | Иркутск,198,Сеть центров развития 🦊 сайт — gogolmogol38.ru   • всестороннее развитие детей 1+ • 18 направлений занятий • образовательная лицензия  Наши адреса: — Гоголя 65 — Баумана 216/3 — Франк-Каменецкого 22в  💌 @gogol_mogol_irk ☎️ +7 (3952) 43-68-65
ipatovaneirologoped,channel,Заметки Нейропсихолога Спб,424,"Ольга Ипатова - нейрологопед, психолог и нейропсихолог.  Запуск речи СДВГ Школьные трудности  Связаться со мной ➡️ https://t.me/Ipatovaneirologo +79522829460 Ольга  Адрес: м. Рыбацкое. Советский проспект, 36"
igeniy_online,channel,ЯГений | ОНЛАЙН-ШКОЛА,329,Онлайн-школа для детей   Основатель: педагог со стажем более 18 лет  📖 Онлайн-занятия с педагогами 📖 Онлайн-курсы 📖 Обучающий чтению мультфильм 📖 Консультации и советы педагога 📖 Простые и действенные упражнения 📖 Психолог  ://igeniy.online
akhillesacademy,channel,Академия футбола «Ахиллес» Красногорск,155,"Первая тренировка — бесплатно. Красногорск, ЖК «Изумрудные холмы»  По всем вопросам: @Korob87  +79897432063 ◾️akhillesacademy@mail.ru ◾️https://vk.ru/club238733434 ◾️https://t.me/akhillesacademy ◾️https://www.instagram.com/akhillesacademy"
soulguideit,channel,Илья Бормотов | IT-инструменты для успешного бизнеса 🚀,90,IT- мастерская для развития  бизнеса💲    Для получения бесплатной консультации смело пишите мне @IlyaBorm
intexnoved,channel,"ИнтехноВед: on-line обучение, курсы для педагогов",213,"Это канал для тех учителей, кто готов преодолеть стандарты и расширить границы традиционного образования. Здесь мы смело экспериментируем с новыми методиками, технологиями и подходами к обучению, которые выходят за рамки обычного школьного учебника."
igrobor,channel,Клуб Игробор (настольные игры),20,"Настольные обучающие игры проекта Игрика: проведение, обучение, мастер-классы"
crtroru,channel,Инструменты для работы с людьми CRTRO.RU,8,"О том, кто мы такие, и о наших продуктах можно узнать на сайте https://crtro.ru/"
tennis_irkutsk,channel,Школа Лебедевых | Иркутский центр тенниса,273,Новости и важная информация нашей школы тенниса 🎾
alyona_seropyan_igra,channel,Алёна Серопян.Жизнь-игра🔆,134,Основатель и руководитель студии игр и квестов «Игралёт» https://t.me/igraletstudio   Здесь про путь игропедагога. Со мной не соскучишься 😉
dim_dix,channel,Dim_Dix Studio,30,
dim_cmytky,channel,𝔦𝔱 𝔫𝔢𝔳𝔢𝔯 𝔢𝔫𝔡𝔰,559,"this is your nightmare, but my dream"
gutov_dim,channel,Что-то о волейболе и не только 🏐,330,Гутов Дмитрий
zpsdim,channel,Записки Проектировщика 🪜,4799,"Обо мне (сайт) https://sdinfo.ru/  Эл. почта: s-dim@yandex.ru  Полезные мысли для тех кто строит и проектирует, себе или кому то. Обсуждаем индивидуальные дома в разных странах.  В самое начало канала https://t.me/zpsdim/5"
barsov_dim,channel,𝔹𝕒𝕣𝕤𝕠𝕧,235,"Здесь я делюсь всем, что у меня есть: • Мотоциклетная житуха • Арты • Просто бытовуха"
digidio,channel,DigiDio,166,Интерактивнаые Диорамы.  Для связи: sergeydigitaldioram@gmail.com Изготовление диорамы на заказ: @DigDio
dimma5l,channel,Дима Масленников,777,
games_dim,channel,ᎶᎪᎷᎬꕶ ༒ᗫหฬᵰ༒,93,"Я Дима, кидаю свои прохождения игр в этот ТГК надеюсь вам он понравится я играю во множествено игр."
ballflow,channel,BallFlow,112,
promarinecollagen,channel,Promarine Collagen Tri/Peptides,818,Здесь мы публикуем результаты наших клиентов и коллег по применению морского гидролизованного коллагена высшей категории Promarine. По вопросам приобретения обращайтесь к консультанту @AlexErhov
mermaids_oil_collagen,channel,Mermaids,203,Эко продукты для здоровья из морского сырья. Норвегия
kodermix,channel,KoderMix Профессиональная косметика,83,
i_nga1945,channel,Подслушано у косметолога,102,Все о косметологии
adeptica_london,channel,ADEPTICA London,130,"ADEPTICA London — профессиональная адаптивная система ухода за кожей лица из Великобритании, позволяющая создавать персональные средства самостоятельно"
vladimirgunchenko,channel,ЖБУ (жизнь без усталости),72,"Практичные, пошаговые инструменты для повышения уровня энергии, улучшения качества жизни и комплексного омоложения организма через естественные методы и научный подход."
copplifetech,channel,COPPLIFE® | WellnessTech wear,13,"Одежда, заботящаяся о вашем теле  🧬 Здоровые ноги. Упругая кожа. Комфортная жизнь ✨ Ваше тело - наш приоритет 🌎 Доставка в любую точку мира  Приобрести продукцию: copplife.ru"
jennyleaskin,channel,Jennylea.Skin,72,💉Дерматология и косметология 💋Принимаю в Косметологии Доктора Корчагиной
tkutovskayapm,channel,Татьяна Кутовская| PM-International,37,📊 Учу строить структуру через понимание МП PM-International 📈 От хаоса к стабильному доходу  Приглашаю в компанию.🤝
kosmozzov,channel,CosmoLogics,12,"Что скрыто в баночках? Косметика, тренды, логика и немного психологии. Почему бюджет — не всегда бездумно, а натуральность — не всегда элитно. Здесь красота встречается с интеллектом."
fitline_energia,channel,Энергия жизни с PM international💓,3,Fit Line - клеточное питание премиум класса!
teatrpolifonia,channel,Театр Полифонической Драмы,185,Театрпо.рф
yabloko_kostroma,channel,Костромское «ЯБЛОКО»,35,Костромское региональное отделение Российской объединенной демократической партии «ЯБЛОКО»
volga_accent_trip,channel,Волжский акцент,9,"Всё, что нужно знать о волжанах"
js_urist,channel,Юрсервис,7,Защита прав потребителей
pomestie_gryverman,channel,Поместье ГРУВ,632,Загородный клуб на берегу реки недалеко от Санкт-Петербурга
grill_house_voronez,channel,Гриль Хаус Ресторан | Воронеж,627,"20-летия октября 90А, Воронеж  Международная сеть мясных ресторанов. С 2014 года на рынке России и СНГ.  Пн-чт, вс 11:00-23:00 Пт-сб 11:00-00:00  📞 +7(930)011-11-18  САЙТ - https://grille-house.com/gh_voronezh VK -  https://vk.com/grill_house_voronez"
grilld_rus,channel,Grill'D | Дневник директора,539,"Привет! Я Роман Романов, новый директор Grill'D - легендарных печей для бани.  В этом блоге откровенно, с юмором и без корпоративного пафоса рассказываю что у нас происходит.  Сайт: https://grilld.ru/ Тел. 8 929 110-88-33"
sunpark_grillbar,channel,SUNPARK Grill Bar,193,"Sunpark Grill Bar. Ресторан у воды с панорамными окнами. На ваших глазах — трюки вейкбордистов. Идеально для дней рождений, корпоративов и свадеб. Организуем праздники с серфингом и вейкбордом."
grillpudra,channel,Гриль&Пудра,182,"Шаурма и пончики Свежий взгляд на классику стритфуда 📍 Ленинградская, 24 🕓11:00–22:00"
grillmagic,channel,♨️Гриль магия🪄,145,"✅Любителям гриля посвящается💯 🫸🥩🍗🍖🐟🍤🍔🍆🍅🌽🫑🧅🌶🥔🫷  🥑веганам тоже привет😜  💬чат для ""живого"" общения @grillmagicchat 👈добавляйтесь  📺www.youtube.com/@grillmagic 👉https://dzen.ru/grillmagic"
charbroil,channel,ЖАРЬ НА ГРИЛЕ 🥩🍔🍖🍗,65,"Жарь на гриле: вкусно, просто, выгодно!  Хотите жарить как профи, но не знаете с чего начать? Или ищете надёжный гриль без переплат?  Telegram‑канал «Жарь на гриле» — ваш гид в мире гриллинга: Обзоры грилей  CHAR BROIL, PRIMELINER Гайды по выбору Лайфхаки"
metall78region,channel,Лестницы | metall78region,25,"Изготовление и монтаж металлических каркасов лесниц в Санкт-Петербурге и ЛО   Стоимость рассчитывается индивидуально!  Рассчитать стоимость, проконсультироваться и сделать заказ – @mishka78rus"
atooaai,channel,"Ату! Ошейники, индивидуальный пошив. Амуниция для собак и людей.",256,"Я шью ошейники по индивидуальным меркам. Сворники, мартингейлы, слипы, классика на пластмассовых и металлических фастексах. Обсудим все ваши пожелания! Для заказа писать в сообщения канала или @ksu010♥️"
juci_tin_repair,channel,Juci & Tin Repair Workshop,114,Мастерская по ремонту керамики с помощью скоб и оловянного сплава.  锔瓷 (Juci) — традиционное китайское искусство восстановления фарфора и керамики при помощи металлических скоб  По вопросам ремонта писать @Pernach1
chpumas,channel,4PUMAS (ЧПУ_Мастеров #ОБУЧЕНИЕ),4359,"4PUMAS 🚀 Живу ЧПУ 🚀  Работаю на большинстве ЧПУ‑фрезеров; в арсенале 3D‑принтер и лазеры.  Делюсь опытом, 3D‑моделированием, софтом и техниками производства 🛠️⚙️  Главная площадка — VK: https://vk.com/4pumas 📍 Подписывайтесь и пишите—отвечаю в VK лично 💬"
dt_woodwork,channel,DT Woodwork Анапа,779,"Живая столярная мастерская. Работа руками, дерево, фанера, ЧПУ. Процесс, изделия и жизнь за кадром."
etmo_tt,channel,ETMO TATTOO,219,🔗Чернушка🔗 📍Нижний Новгород
lyax2sketches,channel,эскизы LYAx2,176,
naturhof,channel,Naturhof,79,Naturhof
naturalcuresforbody,channel,🌿 Natural Cures 🌿,2401,"We are here to help you live Pharma pills free life. Learn to heal yourself and become more healthy, happy and young to enjoy ♥️ your life 😊"
naturschule,channel,NaturSchule 🌼,214,Informationen zu: * Wildkräuter * Ernährung mit veganer Rohkost * Meditation und Yoga * Gedanken aus der Stille * Leben im Einklang mit der Schöpfung * Gesundheit auf allen Ebenen * Aktuelle Themen aus Politik und Gesellschaft
naturheilbundoesterreich,channel,Naturheilbund Österreich Offiziell,200,www.naturheilbund.at - Der mündige Patient
naturheilpraxisrasch,channel,Naturheilpraxis Rasch,23,
naturheilpraxis_launhardt,channel,Naturheilpraxis Peter Launhardt,99,"Telegram-Kanal der Naturheilpraxis Peter Launhardt, Berlin.  🌐 Praxiswebseite: 👉 https://www.naturheilpraxis-launhardt.de  ℹ️ Impressum:  👉 https://www.naturheilpraxis-launhardt.de/impressum/  🌐 Weitere Praxiswebseite: 👉 https://blick-ins-blut.de"
naturheilpraxiseidam,channel,"Naturheilkunde, Biofeedback & Osteopathie- Naturheilpraxis Laurin Eidam",67,"Willkommen. Den Herausforderungen der heutigen Zeit verlangen nach neuen ganzheitlichen Heilmethoden. Hier erfährst du neues über die Anwendung von Schwinungungsmedzin (Biofeedback, Biodynamische Osteopathie) &  Naturheilkunde."
nestrashniyrazgovor,channel,(Не)страшный разговор,83,"О том, как меняется разговор о раке  Мы делаем подкаст «(Не)страшно»  podcast.ru/1727318742/e  По всем вопросам please@askmymediaburo.ru"
mastercleaner,channel,Master Cleaner,43,Infos - Live- und Online Kurse Rohe Wildkräuter Heilfasten Tage 🌱🌱🌱🌱🌱🌱🌱🌱🌱🌱🌱🌱
therapystone,channel,Литотерапия.Авторские украшения. Чакроанализ,691,Приветствую Вас 🤗. В канале будет информация о терапевтических свойствах камней и украшения из них созданные мной 🧿 Заказ -в личку @ekaterinalatysh
therapyoflaw,channel,Терапия правом [подкаст],517,"TG-канал топового юридического подкаста «Терапия правом».  Анонсы выпусков, бэкстейдж из студии, секреты подкастинга.  Автор - Оксана Харузина, ведущая подкаста, юрист по корпоративным сделкам и инвестиционным проектам.  Сотрудничество @okharuzina"
heilkraftfuerdich,channel,Heilkraft für Dich,240,🌳 Energiearbeit 🌳 Zeitqualität 🌳 Herzbewusstsein  Impulse zur Stärkung Deiner Selbstheilungskräfte &  zum Leben im Einklang mit der inneren und äußeren Natur
lichtliebeheilkraft,channel,Romina Weder-Martinez,943,"💎Energetic Trauma Healing Coach®  😇 Co-Founderin von der Magic Angel Academy  🪶 Spezialgebiet: Ahnenkraft & Inneres Kind  ‼️Achtung schreibe niemanden an, seit Vorsichtig meine Angebote findest du auf meiner Webseite:  www.rominawedermarti"
holistischelebenskunst,channel,Holistische Lebenskunst,575,
green_plantern,channel,🌿Naturprodukte 🍄Pilze 🪷Blauer Lotus ☕ Zeremonieller Rohkakao 🥭Früchte aus Java 🪵Hölzer und Harze ❤️Greenplantern❤️,227,"Wir bieten dir eine erlesene Auswahl an natürlichen Schätzen wie Vitalpilze, zeremoniellen Rohkakao aus Bali, Räucherwerk und Körper-Seelenpflege. Entdecke die Kraft der Natur für dein Wohlbefinden.   www.greenplantern.de"
bewusste_manneskraft,channel,Der Weg des Mannes,109,Dein Körper. Deine Kraft. Dein Weg. Bewusste Sexualität | Yoga | Tantra | Meditation  https://onevision.academy/link-in-bio-maenner/
lightmedicine,channel,Dr. Karen Kan | KarenKan.com,214,"Karen Kan, MD is a Doctor of Light Medicine and the founder of the Academy of Light Medicine™ & the TOLPAKAN™ Healing Method. Her mission is to help Sensitive Souls harness their superpowers, fulfill their mission, and create a life of joy."
dr_john_kharabara,channel,Целостность и исцеление | John Kharabara,451,Фасилитатор осознанности. Врач-хирург. Остеопат. Проводник практик целостности. Исследователь духовного пути  Записаться на сессию @DrKharabara  Lisboa 🇵🇹
seelenkraft7,channel,SeelenKraft 🕉️,182,Herzlich Wilkommen auf SeelenKraft  Dharma • Vedische Weisheit • Meditation • Yoga • Bewusstsein  Selbstverwirklichung • Klarheit •  Spiritualität 🙏🏽   SeelenKraft 🕉️   @SeelenKraft7  Teilen&‘ folgen erwünscht
mebelkraft,channel,Detail_studia,146,"Проектируем и изготавливаем мебель в Татарстане.  Мы находимся:  📍г.Елабуга,проспект Нефтяников 6,строение 1 📍г.Набережные Челны, Московский проспект, 126 Б, ТЦ ""Кама"", 2 этаж.  Связаться с нами⤵️ https://t.me/@Ruslan_Detail https://wa.me/79274691024"
phaillawarra,channel,PHA Illawarra - (Entelechy Living) Announcements,84,"The Peoples Health Alliance within Illawarra  Operating as Entelechy Living.💖 A people-led, holistic health initiative that aims to educate, support and empower people to take responsibility for their own health. www.entelechyliving.org"
haus_lebenskraft,channel,Haus Lebenskraft Kanal,146,"Hier bekommst du alle aktuellen Events und News vom Haus Lebenskraft in Potsdam. Wir hoffen, dass wir uns bald persönlich in die Augen schauen können!  Uns Kontaktieren und dich anmelden kannst du auf www.haus-lebenskraft.de."
traumzeitpraxis,channel,TraumzeitPraxis Nachrichten,180,"Allerlei Gedanken, Nachrichten, Ideen, Kritiken, Heilanwendungen und Humor als gegenwärtige Möglichkeiten für Gesundheit und Heilung wie auch zum Traum von einer noch unerreichten menschlichen Gesellschaftaform ganzheitlich heiler Menschen."
belkraft,channel,Belkraft.by,107,Модный дом мебельных тканей Ведущий поставщик мебельных тканей в Беларуси. 🔽создаём уникальные ткани 🔽вдохновляем на открытия 🔽завораживаем с первого взгляда Где купить ткани?👇 taplink.cc/belkraft.by
lebensglut,channel,Lebensglut,111,Lebensglut bietet erlesene Produkte mit außergewöhnlichem Design. Wir starten in Kürze!
brunogroeningheilstrom,channel,Bruno Gröning Heilstrom,88,
realvitalitynow,channel,Real Vitality,38,Homeoprophylaxis Programs & Products Homeopathy Products & Membership https://linktr.ee/realvitality Learn more at RealVitality.org.
heilklangzentrum,channel,Heilklang-Zentrum,34,"Aktuelles vom Heilklang-Zentrum, Dahlen"
brigitteheimtransformation,channel,⭐️Lichtbotschaften⭐️,74,"Meine Berufung ist es den Mensch auf seinem Weg der Transformation , Lernaufgaben und Herausforderungen zu begleiten. Um in eine gestärkte Lebensqualität zu kommen."
heilstromtv,channel,Heilstrom.TV,72,"www.bg-now.de  Die Kommunikationsplattform zum in Kürze startenden Talk-TV Kanals Heilstrom.TV zur Unterstützung des kollektiven, spirituellen Erwachens in ein höheres kosmisches, universelles und göttliches Bewusstsein für den Aufstieg der Menschheit."
freelo108,channel,freelo108,74,https://hellsehen-jourdan.wixsite.com/online -Wissenswertes -Weisheiten -Witziges -Webseiten -Weitblick -Weltgeschehen
holotrop_gel,channel,Холотропное дыхание Геленджик,46,Канал о холотропном дыхании и дыхательных практиках.   Практические семинары и индивидуальные сессии Холотропного дыхания в Геленджике.   По всем вопросам пишите  ✍️ @MarinaVochkanova
kleineerde,channel,Kleine Erde - Petite Terre,29,"Schamanismus der Göttlichen Mutter: Schwitzhütten, Frauenkreise, Massage, Kakao Zeremonie, Schamanische Einzel Sitzungen mit Simon Debonnaire & Anja HeLuah Mury Shamanism of the Mother Goddess: Sweat Lodge, Women Circle, Massage, Cacao Ceremony"
weed_science66,channel,Weed Science,440,مرجع آموزش علفکش ها و علفهای هرز
vitalpbx,group,VitalPBX,244,
vitalitocraftru,channel,Vitalito Сraft,456,"Канал компании «ВИТАКРАФТ», разработчика и производителя рыболовных приманок.  http://www.vitalito-craft.ru"
vitalmed,channel,Витальная медицина,177,Коллекция витальных ресурсов и рекомендаций для  управления   эпигенетическими механизмами здоровья доступными методами без лекарств.  Канал в Макс: https://max.ru/join/eqTBH_7gl45Pmpp17QvgZDT_qR71K8vwBguGJ5qDVVs  https://m.youtube.com/@vitamedi
phylexnet,channel,Phylex Platforms,152,"Phylex — high-performance VPS and dedicated servers on Ryzen & EPYC. NVMe, DDR5, 1–10Gbit network."
avkulaginamusic,channel,АНАСТАСИЯ КУЛАГИНА | AVKulagina_music,271,"-певица, бэк-вокалистка, автор песен; -vocal/voice coach, препод по вокалу, ансамблю; -вокальные аранжировки, тексты песен, стихи; -член Estill voice int.(EMT-C), а также ФПВИ России -эксперт голоса DIVA&IATS -singer, songwriter  Связь: +7950-19-18-429 Ин"
angelikawinter_art,channel,angelikawinter_art ©,419,"Privet! I’m Анжелика  Автор проекта @sandbox_friends & креативный продюсер. Создаю лучшие курсы по AI, 3D, 2D  Создавать кайфовое обучение - моя страсть ;)  ▫️Cоц сети: https://linktr.ee/angelikawinter ▫️Сотрудничество: @angelikawinter333"
angelica_clinic,channel,ЦЕНТР ЗДОРОВЬЯ И КРАСОТЫ «АНЖЕЛИКА»📍САМАРА,173,В нашем центре представлен широкий выбор услуг🔝 Работаем только на сертифицированном оборудовании и качественными материалами🔥 Медицинская лицензия 🪪 ЛО-63-01-003229 Запись 📞+7 962 602‑26‑51 WhatsApp
angel_08122010,channel,ANGEL | dance,151,"творчество,танцы,любоф💜 для связи : @ANGEL8_infinity"
angelishkaaaa67,channel,🎄🤍arealangel🤍🎄,126,Профессиональная спортсменка по воздушной гимнастике💪
supermegaexcavator,channel,𝒶𝓃𝑔ℯ𝓁﹖мёрси,510,15 ⲩ. ⲟ.  ⲙ♡ⲥⲕⲃⲁ  - ̗̀ 👏🏻*.💖👏🏻*.💖👏🏻*.💖👏🏻*💖.👏🏻   ̖́-  ⲙ♡ё ⲗυⳡⲏ♡ⲉ υⲏⲫⲟ - @zzzangelinfo  ⲥⲃяⳅь ⲥⲟ ⲙⲏ♡ύ - @angelexcavatorbot  ⲃⲟⲟsⲧ ⲣⳑⲍ. . .
angelika_89s,channel,ангельская 💤,14,"Нет в лайке! Хз, чё сказать."
angelikasuperstar,channel,Народная певица Анжелика SyperStap!,303,
angelikkkapvl,channel,ANGÉLkkka,254,по всем вопросам: @angkkka инстаграмм: @angkka.ka
angelikaponomareva,channel,ЙОГАнутый астролог,300,"То, что вы ищете, тоже ищет вас"
angelababy111,channel,广州白云苏扶摇🌙,203,联系 @sufuyao666
angelisani,channel,Ангелы Сани ⚡️👏🏻💞,253,"Канал трансформации и улучшения жизни с энергокучем и психологом - Сашей Беляковым.  Поющий энергокоуч и дышащий актёр.  Меняю жизни, хлопая в ладоши💫"
angelica_schkool,channel,УЧЕБНЫЙ ЦЕНТР «АНЖЕЛИКА» 📍САМАРА,93,"Мы - лицензированный многопрофильный учебный центр , который занимается обучением мастеров бьюти-индустрии уже 16 лет Нашими выпускниками стали многие известные мастера Самары✅ Выдаем официальные документы с внесением в ФИС ФРДО📄 🤳🏾8 (963) 913-26-25"
koraangelinavocals,channel,✨It's My Life ✨,241,Связаться со мной: https://t.me/Linasoul09  Я в вк-https://vk.com/koraangelinavocals Я в инсте- https://www.instagram.com/koraangelina?i Я в ютубе - https://youtube.com/@koraangelina?si=uXIFZQNgoGVWIxFA
rangewatershednature,channel,کانال انجمن علمی مرتع و آبخیزداری,451,انجمن علمی مرتع و آبخیزداری دانشکده کشاورزی و منابع طبیعی دانشگاه محقق اردبیلی  دبیر انجمن: @amir_manafi1  پیج اینستاگرام: @watershed_uma1402  🌱 کانال تلگرام: ╭━━━━⊰💧🌿⊱━━━╮      @RangeWatershedNature    ╰━━━━⊰💧🌿⊱━━━╯
plantphysiol,channel,زیست شناسی گیاهی,969,
naturalezayfauna,channel,* Notas de Naturaleza,1790,"Contenido seleccionado para amantes de la naturaleza, la ornitología y la Fauna Salvaje de la Península Ibérica.  🎧 Podcast y 📩 Newsletter: https://linktr.ee/holaivanvega  🦊 Grupo oficial del canal: https://t.me/ornitologiayfauna"
theriologia,channel,Theriologia,193,стрічка теріологічних новин
youngnaturelover,channel,موسسه طبیعت یاورجوان,101,در تلاشیم در جهت اعتلای فرهنگ محیط زیست استان اردبیل🌱  پل ارتباطی کانال: @Fkateb922
iept_ras,channel,ИТПЗ РАН,120,Новости Института теории прогноза землетрясений и математической геофизики Российской Академии Наук
de_desertification,channel,کانال تخصصی بیابان زدایی,136,■مطالب و مقالات علمی بیابان زدایی■  JOIN US👇 @de_desertification🔖  ✔آدرس کانال تخصصی بیابان زدایی را به دوستان خود معرفی کنید. ✔مباحث مربوط به بیابان، بیابانزایی و پیامدها و... ✔عکس و توضیحات مطالب مرتبط و...  ✔ارتباط با ادمین👇 🔈🔉🔊 @Moh3n6 🔈🔉🔊
naturalresourcesyazd,channel,انجمن علمی مرتع وآبخیزداری دانشگاه یزد🌱,154,«در طبیعت هیچ چیز ثابت نیست و تنها چیزی که ثابت است تغییر است»🌱  دفترانجمن:دانشکده منابع طبیعی دومین اتاق بعد ازورودی ازسمت در شمالی .  بروزترین اخبارواطلاعات حوزه طبیعت   ارتباط با ادمین ها : @Tabae_e
fonrechb,channel,اطلاع رسانی دانشکده منابع طبیعی و علوم زمین,76,🔸اطلاع رسانی کارگاه ها 🔸اطلاع رسانی همایشات و وبینار ها 🔸اطلاع رسانی جلسات دفاع دانشجویان ارشد و دکترا
mining_institute,channel,Горный институт,222,Канал Горного института УрО РАН
buscaciencia,channel,Buscaciència,83,L’agenda de la cultura científica
baranjdiut,channel,کانون دوست داران محیط زیست (یاران باران),83,Admin | @ADM_CHNNL  https://instageram.com/yaran_baran_iut
kafedraeco,channel,Кафедра экологии ИЭУР,15,"Приветствуем в пространстве, где экология встречается с наукой и устойчивым развитием."
liebling_schule,channel,LiebLing 🇩🇪🇦🇹🇨🇭,1511,Онлайн-школа немецкого языка. Немецкий по любви 🇩🇪  ❤️  Лексика и грамматика немецкого языка ❤️  Аутентичные материалы для уровней А1 - С1  ❤️ Еженедельные викторины: учим язык вместе!  Связаться со мной: @elena_wlaskina
sinnesschule,channel,Sinnes.schule,151,Verbundenheit - Im Innen wie im Außen.  *Natur - Wahrnehmung - Jahreskreis  *Ausbildung & Workshops & Impulse   Fundiert & menschlich  www.sinnes.schule hallo@sinnes.schule
freie_schule_ab,channel,Freie Schule GoitzscheFlieger - Infokanal,71,
barvinok_schule_basel,channel,Барвінок,157,Українська Школа в Базелі
sohool1,group,"Чат школы 1 (Брянская область,ОО)",239,
sahapa_1444,channel,صور من حياة الأنبياء والصحابة والتابعين ⛈☘️,1109,"برنامج "" صور من حياة الأنبياء والصحابة والتابعين """
straystarr_444,channel,StrayStarR,367,Тик ток: https://www.tiktok.com/@8_straystarr_8?_t=ZS-8zfEbYqZ7Rw&_r=1
m4sy4aa,channel,M4SY4,55,
nigga_chan_444,channel,"fuck us, hope we die.",161,we're dirty fucking niggers and we need to kill ourselves now!!!
pearly_444,channel,Velvet Caramel,154,10:13
dormonstri,channel,"дормі, але не АльпеКід",114,#укртґк Вітаю в авгієвих стайнях🙌  4441 1111 2444 1514 — на каву і мотивацію:)  art credits (X): 4) phosphenes 5) vltrmrine 6) end999s 7) Liliana9333297 8) https://t.me/kuzyahomepage 9) ono800 10) thuytien_gem
yumico_016,channel,ᰍ ₊Тюльпанник Санчика. ༢,1826,Добро пожаловать я Санни рада тебя тут видеть 🌷  Др канала: 16.09.2023 сентября  Вл: @Stolac_rt1 писать по вопросам! Цель 1.9к Призы выдаю в течение суток!!!!!! Инфа канала: @info_canal_tulip Приписка: #Санч она не нужна но просто есть
natur_tier,channel,Natur & Tier _ Dokus,417,"Tiere von A-Z zu Land, Luft & Wasser"
nudizm_naturizm,channel,Анализм 18+,5338,По поводу рекламы/вп @antonfergg
purrafin,channel,Purrafin^^🔥|РЕСТ,414,лс: @Purrafin_n  Анон: http://t.me/voprosy?start=aq7d6  🫰
purify1,channel,purify 🍇,1527,Основа: vk.com/shiningjustice1
purcaty,channel,purcatу 7,304,ссылка на сосити: https://hipolink.me/purcaty
catsgardensupport,group,Cats Garden,1185,"Simple and fun pet simulation game--earn cryptos while keeping cats. Pur Pur Pur… Get a lucky cat and receive Come keep cats with friends. More friends, more USD rewards! https://play.google.com/store/apps/details?id=com.catsgarden"
purlikipur,channel,тиша і грім,361,
puryryry,channel,P U R Y,433,
purajankari,channel,PURA JANKARI,280,credit card
max_preuss,channel,Max Preuss Manufaktur,484,"Мануфактуры Макса Пройса  Наш сайт: https://maxpreuss.ru/  Наши магазины: Калининград, ул. Красная, 4 Калининград, ул. Октябрьская, 2А (4 этаж) Маяк Ломзе"
mkdnds,channel,MAKSS NDS,2905,⚡ Deutscher Rapper
pereidinamax,channel,PMX | Перейди на MAX [канал],776,"Канал о маркетинге и продвижение в мессенджерах. Новости MAX, Telegram и других сервисов. Актуальные практики и технологии успешного маркетинга и монетизации каналов, групп, ботов в мессенджерах. Не иммеем отношения к разработчикам MAX."
beliaevaprogress,channel,БЕЛЯЕВА 👽 PROGRESS,3335,"Канал психолога Юлии Беляевой с разборами ваших сложных ситуаций. Подсвечиваю причинно-следственные связи, помогаю найти выход из проблемы. Помните-канал публичный и вашу историю может прочитать любой человек, который сюда зашёл✅  лс @beliaeva_progress"
borjomiesp,channel,человеконенавичество 🌼,37,"человек застрял в лифту из-за короткого замыкания, и шахту затапливает  психоделическое тут вроде интересно рисую здесь: https://t.me/heyelenor инфо канал: https://t.me/borjomiInfo"
jllvrsmth,channel,jllvr,59,any prns
shiitshida,channel,shiitshida??,46,
rumahashiro,channel,hashiro,107,Блог панка о жизни и смерти
personaljesus1304,channel,darkestcastle,60,"привет я роуми!! я диджитал артист (рисую и в традишке). тут будут фан-арты, рисунки аниме персонажей и так далее. всех люблю!˚˖𓍢ִ໋❀ тт: @roumeee_ https://t.me/boost/personaljesus1304 https://t.me/personaljesus1304?direct"
kenopsiawithyou,channel,kenopsiawithyou,46,
gingerbreadman_ctc_bot,bot,Путешествие Пряничного человечка,,"Привет! Это бот для тех, кто любит игры, хочет погрузиться в атмосферу волшебства и поучаствовать в розыгрыше подарков!"
onlygifts_official,channel,OnlyGifts,150345,Новости из мира телеграм подарков и стикеров! Чат: @onlygifts_chat ENG: @onlygifts_eng
katyasmolokom,channel,Катя с молоком,1794,
byoctopussy,channel,Сахарный кабанчик 🌝,1140,https://hipolink.net/octopussys
fishing_kanevskaya,group,🐟 РЫБАЛКА КАНЕВСКАЯ | ЧАТ,428,Рыбалка в Каневском районе и рядом.   канал https://t.me/Ribalka_Kanevskaya
andreifishermankazan16,channel,Рыбалка в Казани | AndreiFishermanKazan | рыболовный гид,495,"Рыболовный блогер и профессиональный гид по ловле сазана Автор глубоких отчётов и аналитических разборов Изучаю поведение сазана по сезонам Организую рыбалки под ключ и обучающие выезды Здесь честная рыбалка, тактика и реальный опыт.  Запись в ЛС"
yadrennbatonn,channel,ЯдрёнБатон|Мир еды,69,🥐 Простые и вкусные рецепты. 🥯 Советы по приготовлению. 🥖 Вдохновение для кулинарных экспериментов. 🥨 Исторический экскурс в мир еды.
konyuch_and_co,channel,Кони всякие 🐎🐴 🎠,36,"Кручу коням хвосты. Делюсь тут получившимся контентом. Отвлекаю от политоты, выращиваю усы...  Пригласить лошадь https://t.me/+WIH3tke-naphNzNi  Поржать с админом @Serhio_Gonchares"
boar_channel,channel,Канал с кабанчиком,110,@djaler пишет про разработку и вот это все
leravdele,channel,Тело в деле || Валерия Нутрициолог,22,"Ешь, живи, процветай"
abrek_armen,channel,Armen Petrosyan,40,Подробная информация по ссылке : https://taplink.cc/abrek_armen
frontisterion,channel,φροντιστήριον,63,"Не съставить бо ся корабль без гвоздий, ни правьдьникъ бес почитания книжьнааго 📜"
cannibal_1988,channel,Cannibal,36,
run_operator,channel,Оператор на бегу 🎬,56,
mogulnews,channel,Mogul Announcements,651,"🎬Mogul - DeFi and NFTs for film & entertainment  👀 As seen in Forbes, NASDAQ & Variety News  🤝 20+ Partners   ⛓ Multi-chain  www.mogulproductions.com"
metawebinuofficial,group,META WEB INU OFFICIAL,117,0xfc75817694083d1Eaf48c238E2Aa212EC4B209Ea
meinuofficial,group,Meinu Official Group,154,Welcome TO THE MOST BAD ASS CAT IN THE INU-VERSE 😻  Meinu will revolutionise live cam streaming & adult NFT space - we’re powered by Cam4 - Europe’s leading site with 40M traffic   Presale with 3 cam models filled in less than 15 min; CMC CG coming soon
metturika_group,group,Metturika Support,23,Поддержка и обсуждение @metturika_bot  Questions and talk about @metturika_bot  Новости проекта: @metturika  Project news: @metturika
metamerge_news,channel,🧚MetaMerge Announcement,34,Official announcement channel of MetaMerge
metaspatialturkey,group,Meta Spatial Turkey,36,"Beware of scammers, admin never ask for your fund.  📍 Website: https://metaspatial.io/ 📍 ANN channel: https://t.me/metaspatialTurkeyANN 📍 Twitter: https://twitter.com/MetaSpatial_io"
kustik_alina,channel,Кустик мазюкает вам 💋,234,Привет котик! Что ты увидишь в этом канале)) Цель:вернуть 400 котяток!! Арты  Лоты  Игры  Сходки и др Отписка: бан Лс:@love_VitalikA Зам:@Soda_foxsi 3:админ @Pa6eo Вп-30 Вл-50 Бустик—> https://t.me/boost/Kustik_alina Валюта:https://t.me/+E1QPpOSW0VdmMzEy
cozy_dungeon,channel,cozy dungeon • мастерская мягких дайсов,300,Плюшевые дайсы и товары для днд. Пишите для заказа @Sigrlenn
anime_v_butovo,channel,Анимегид извращенца,1633,Ultimate саша борисова shitposting  Юпуп: https://www.youtube.com/@sakura_v_butovo Вопросики: @fun9ral @sergey_meku
strange_artist_k,channel,Странный художник 🎨🎭,255,"Портфолио - https://t.me/portfolioiiii Я художник и зверочеловек, добро пожаловать на мой канал Буст - https://t.me/boost/Strange_artist_k"
rrren1ng1t,channel,REN1NG1T,155,Записи из подкорки сознания
arsenybmxperm2,channel,arsenybmxperm,81,Bmx is my life
rittaxmw,channel,rittaxmw!!,46,
bezdelnikichto,channel,бездельникичто?,16,Бездельничаю
teplowsport,channel,t. прыжочечки хи,13,"Это Skate, Слэндермэн сделал kickflip 360 shuvit nose grind трёха tail to nose switch  @teploow"
cc_backstage,channel,закулисье🪾,7,уехать в глушь и писать посты купаясь в болоте
dwaseoo,channel,ðwåeşeø,8,own — icy (айси)  start — 140626 ищу мьюсз
metaflanger,channel,ап,5,
successlaunch,channel,VladFX,1304,"Трейдинг - это статистика, а не магия: учу анализировать рынок и грамотно рисковать"
fiuron,channel,‌ ‌ ‌‌ungtakie 's house جیتاک,488,‌                    ‌ɛ   : ‌  jitak s lesbian club   ‌         ‌   ‌   ‌sewiurbot.t.me   🏳‍🌈   unique
overhead_at_work,channel,Подслушано на работе | FIRE🔥,40,"Перепечатка историй из одноимённых тредов Mr. Money Mustache   @second_prima_facie-предложка, реклама, взаимопиар, пожелания"
catobond,channel,CatoBond News,35,Канал интересующимся и уже владельцам одноимённых токенов. Основная инфа: https://monte.wiki/ru/CatoBond
vanvortexxxxx,channel,ассоциации vanvortex,5,
heiriblg,channel,ʜᴇɪʀɪ ʙʟᴏɢ 🐬,11,
aokk1eassoc,channel,🍋‍🟩 𝗿езы аssоциаций,3,
varkolun,channel,Varkol Un,5,
beomisdone,channel,insømnia's ärchive,2,
iitogiwestsh1ne,channel,итоги вестшайн,1,
kazakova_olesya,channel,Олеся Казакова 🎯,218,"💁🏽‍♀️я  @OlesyaKazakova - маркетолог с 20-м опытом и психологическим образованием, но это просто факты. По духу — инженер поведения экспертов. Строю не системы, а доверие."
nskliarova,channel,"Нана Склярова - детский нейропсихолог, клинический психолог, логопед",89,"Детский нейропсихолог, клинический психолог, нейро-тренер с применением БОС-терапии, специалист по сенсорной интеграции, логопед."
yarchepravil,channel,Ярче правил. Подсознание в деле,25,"Когда логика подводит, интуиция врёт, а мозг кипит от вариантов — я спрашиваю подсознание. И получаю ответ за 5 секунд.  Здесь учу этому алгоритму (не магии!): - маятник как инструмент - безопасные границы - как применять в работе и жизни  13 лет опыта."
mama_papa_help,channel,Полезно родителям малышей,5,"Советы, идеи и находки для родителей детей 0–4 лет. Коротко, понятно, по делу."
chill_date,channel,Редкая частота,3,
spokoynye_igry,channel,Спокойные игры для малышей,4,"Игры без шума и экранов. Подходит для вечера, дороги и сна."
vaaaaaa_b,channel,Place of memories,221,"Comfort🌞  -Амбассадор онлайн-школы НОО -Химбио, страдающий ЕГЭ"
veronika_valtss,channel,Продажи экспертам💸| Вероника Вальц,248,"Верóника Вальц, эксперт по продажам в телеграм в микроблогах, здесь вы поймете как сделать продажи даже с 50 подписчиками💸  Начни с закрепа   Для связи @veronika_valts"
vaaakaa,channel,VaaakA,162,💿🎞️📸
reydailyso,channel,𝗐𝖺𝗅𝗅𝗈𝗐 𝗂𝗇 𝗍𝗁𝗈𝗎𝗀𝗁𝗍𝗌,218,به دیلی من خوش اومدی ، اینجا جایی برای به اشتراک گذاشتن علایقم با بقیست آهنگایی که گوش میدم ، عکس هایی که تا الان گرفتم و میگیرم ، وایبی که دوست دارم و رنگ های موردعلاقم ، و روزمره ی من .  ناشناس : @Reywolowbot
vaad_archives,channel,Архив Ваада,169,Федерация Еврейских организаций и общин- Ваад (неправительственная организация) vaad_rus@mail.ru
kannondancetheatre,channel,КАННОН ДАНС,452,Центр развития современной хореографии «КАННОН ДАНС»  ГБУК «ПЕТЕРБУРГ-КОНЦЕРТ»
kuinen_chat,group,Куинён чат | Вьетнам,598,Куинён чат | Вьетнам  • Чаты по 150+ странам МИРА: @tele_360chat • Анонсы новых групп: @slavianskiy_forum  - Реклама: @PR_3600 - Как снять БАН: @unlock_360 - Техподдержка / АДМИНЫ: @FAQ360  ПРАВИЛА ЧАТА + проверенные люди: telegra.ph/360-10-05
wakkere_events_drenthe,channel,Wakkere Events Drenthe,329,"Burgerinitiatief dat het bereik en de vindbaarheid van gelijkgestemde evenementen wil vergroten. Per provincie is er een themakanaal. Mensen kunnen evenementen inzenden, via e-mail abonneren of contact opnemen via de site: https://www.wakkere-events.nl/."
wakkere_events_gelderland,channel,Wakkere Events Gelderland,304,"Burgerinitiatief dat het bereik en de vindbaarheid van gelijkgestemde evenementen wil vergroten. Per provincie is er een themakanaal. Mensen kunnen evenementen inzenden, via e-mail abonneren of contact opnemen via de site: https://www.wakkere-events.nl/."
wakkere_events_groningen,channel,Wakkere Events Groningen,297,"Burgerinitiatief dat het bereik en de vindbaarheid van gelijkgestemde evenementen wil vergroten. Per provincie is er een themakanaal. Mensen kunnen evenementen inzenden, via e-mail abonneren of contact opnemen via de site: https://www.wakkere-events.nl/."
wakkere_events_overijssel,channel,Wakkere Events Overijssel,240,"Burgerinitiatief dat het bereik en de vindbaarheid van gelijkgestemde evenementen wil vergroten. Per provincie is er een themakanaal. Mensen kunnen evenementen inzenden, via e-mail abonneren of contact opnemen via de site: https://www.wakkere-events.nl/."
wakkere_events_zuidholland,channel,Wakkere Events Zuid-Holland,177,"Burgerinitiatief dat het bereik en de vindbaarheid van gelijkgestemde evenementen wil vergroten. Per provincie is er een themakanaal. Mensen kunnen evenementen inzenden, via e-mail abonneren of contact opnemen via de site: https://www.wakkere-events.nl/."
profi65,channel,КлаSSная Живая Вода ☘️💰,61,🔥 Почему выбирают Kangen? - Чистая вода для здоровья и красоты. - Очищение организма и улучшение самочувствия. - Поддержка иммунитета и энергии каждый день.☘️
aquah2ru,channel,Канген вода,109,"Вода, которая наполняет энергией и возвращает здоровье💦 Простые объяснения, реальные истории и ответы на ваши вопросы.   Меня зовут Татьяна Колмакова. Занимаюсь продажей аппаратов Канген. Помогу, проконсультирую. Обращайтесь. Связаться со мной @kangengirl"
kuniren,channel,ෆ KuniRen,29,
cannongang,channel,Cannon Gang,86,
heteeuwigelicht,channel,Het Eeuwige Licht 🦋💙,74,"Het Eeuwige Licht is een prachtig stuk land in Spijkerboor NH. We faciliteren in de akoestische stolp muzikale events, van klankbaden tot huiskamer concerten. Ondersteun je ons mee om te kunnen groeien? We zijn Stichting in wording 🥰🎶🌺🙏"
kazan_canale,channel,Казань,49,
bentlyford,channel,Кантора Бенлифора🌻,20,не сосал
canadianforces,channel,@canadianforces,11,
karenaniwedding,channel,Karen&Ani,10,
kappaarmy2,channel,Кали-юга не пройдет,32,Смеемся и любим ближних
juliasugaroffiziell,channel,Julia Sugar,1825,Sugarparadise 💕
biomedical_job_portal,group,Biomedical Job Portal,1810,"👍Dos:  Queries related to Biomedical Engineering, Job Sharing   👎Don’ts: 🛑 Hi, Hello, Good Morning, How are you, wishes, etc 🛑 No Group Links, Advertising, Promotion, Spam messages, etc"
freemichaelballweg,channel,Free Michael Ballweg,2432,@politischgefangene
frankruesink,group,FrankRuesink,692,Deze groep inspireert je om weg te stappen van de medische dictatuur en door te stappen naar Medische Vrijheid.
liefde_vrijheid_verbinding,channel,Bewust(-)zijn Groningen,27,"Welkom op mijn kanaal. Hier zal ik van alles delen wat mij zoal bezighoudt, van Agenda 2030 tot inspirerende podcasts en boeken en zal ik mijn visie op de wereld delen. Liefs, Inge"
onderwijszondergrenzen,group,#OnderwijsZonderGrenzen,471,"#OnderwijsZonderGrenzen is een initiatief van docenten, schoolleiders en andere onderwijsprofessionals die opstaan voor de rechten, vrijheid en gezondheid van de toekomstige generaties (en tegen de schadelijke coronamaatregelen)."
nlechtwakker,channel,NLechtWakker,194,"Ware spiritualiteit zonder zweverigheid: Alles is eenvoudig en logisch, anders WEET je nog niet genoeg!  Chat voor vragen en discussie.  https://t.me/+TCIUzjP1UI3dxSQ3  @NLvirusWAAN: Virussen bestaan niet  @NLvrijheid: Waarheid voor vrijheid"
nobatmagazine,channel,نشریه نوبت,96,نشریه فرهنگی، هنری و ادبی نوبت دانشگاه هنر اصفهان   روابط عمومی @nobatmag
vastgoedprofs,group,Vast Goed Profs,215,"Wil je gebruik maken van deze groep?  Regels voor ieder: Transparanrt - Delen  - Waarderen van Waarde in Woord en Daad Vermeld wie je bent, wat je zoekt, wat je biedt: https://lnkd.in/dQWB2Wc  Soms deelbaar opnemen van presentaties. Bezwaar? Doe niet mee."
sofijo_2_8,channel,Sofijo скучно,68,
anastarsee_tg,channel,Жизнь из связи с собой,186,"💫 здесь становятся ближе к себе и той жизни, которая на 100% созвучна вам настоящим  ⭐️ > 🌟 запускаю внутри вас перестройку, которая позволяет вам благоприятно прийти к своим целям  💬 пиши @anastarsee, обсудим запрос   https://anastarsee.tilda.ws/"
russianbinding,channel,Русский переплет,700,"Книжный переплет в России и не только: изучение, реставрация и все, что имеет к этому отношение. Немного о библиотеках и библиотекарях. Статьи: https://clck.ru/rfVVq Для связи: @alexandrkruglov"
reconnectorru,channel,"Ваш консультант по отношениям, психологии конфликтов",230,"Консультации по восстановлению отношений. Напишите мне: @gKreece | WhatsApp: +79166009529 Авторский метод ReConnector — возвращаем эмоциональные связи в личной и деловой жизни. В мире, где соцсети и ИИ меняют то, как мы любим и общаемся с людьми."
planerkaposleotboya,channel,Планерка после отбоя,559,"Меня зовут Чернышев Ярослав, я строю свой детский лагерь «Ярче» в Самаре и делюсь опытом из социологии, педагогики и психологии малых социальных групп  Канал ВК:  https://vk.com/im/channels/-234053754  Канал в MAX:  https://max.ru/id6316268541_biz"
leatherbinding,channel,leather binding’,221,"Привет, я Катя 👋🏻 Здесь показываю то, что создаю с вниманием и теплом. Делаю изделия на заказ — пишите в личные сообщения - @pereplletchik🤍"
katindzen,channel,Катерина Незифи🫂Психолог для уставших взрослых,222,"Помогаю решить личные и бизнес-запросы. Найдем баланс между «хочу» и «могу», вернем смысл и радость в жизни, сделаем бизнес и тебя эффективнее.   Запись на консультацию — @katyadzen"
a_pavelieva,channel,Анна Павельева| Про МАСШТАБ,518,"Предприниматель:  🏙️ Агентство недвижимости Bruno Estate  🖼️ Сеть художественных галерей Vekarta,  Меценат - участник Rybakov list. Патрон бизнес-сообщества предпринимателей х10  Основатель YouTube канала «Масштабный бизнес с Анной Павельевой»"
tim_nadiaa,channel,Надежда Тим,222,"🗝️Мягкий эксперт с твердыми инструментами.  Работа с мышлением и состоянием, запускаю процессы уже после первой сессии 📈  Убираю энергетические первопричины проблем и провожу самые точные сканирования поля человека."
nadisem16,channel,| НАДЕЖДА СЕМЕНОВА |,212,"Чувствовать, жить, творить, доверять, любить🌱 Вдохновлять и вдохновляться...   Для связи: @nadisemenova16"
pinstipeswx,channel,die bäume,67,
bergnarrischer,channel,Bergnarrisch,79,"Fotos und launige, bairische Berichte von meinen Gourmet~Bergtouren im Berchtesgadener Land und Chiemgau. Die bajuwarischen Bericht können, müssen aber nicht gelesen werden. Es genügt auch einfach die Fotos anzuschauen... Viel Spaß!"
streetgirls_company,channel,𝓢ᴛʀᴇᴇᴛ ɢɪʀʟs 🐈‍⬛,9,
rozenburgpogochat,group,Rozenburg - PokeChat,30,Dit is het chatkanaal voor de Telegram-Raidgroep van Pokemon Go Rozenburg.   Lees het vastgezette bericht voor aanwijzingen.    Raid kanaal: https://t.me/rozenburgraids  Quest kanaal: https://t.me/rozenburgquests  Slow Chat: https://t.me/rozenburgpogochat
klokkenluidersbelgie,channel,🔔 Klokkenluiders 🔔 België,914,
vindaar_twr,channel,[Рест] [КБШ] Колдунская Башня Шнурка [16+],147,"тут я выкладываю своё творчество и мысли иногда  ‼️пожалуйста упоминайте мой тгк если будете ставить мой контент себе на аву‼️  Коммишки - ❌ Коллабы - ❌(но если вас знаю то ✅) Трейды - ✅ Реквесты - скорее да, чем нет?"
backyardlondon,channel,Backyard,49,лондон  placidmoonlight  leavingfades salvia sherrie kurtt  nowave  saynshee edgar edgy
tekledniqjwls,channel,Tek ledniq JWLS #BridgeBoyz,144,Tek1øv£ SoudCloud - https://soundcloud.com/tekledniqjwls INST - https://www.instagram.com/tek_ledniq_jwls?igsh=dmphaHMydjlza3Bx VK - https://vk.com/tekledniqjwls music - https://band.link/TekledniqJWLS
prodheathensent,channel,@heathensent (пляж),229,https://soundcloud.com/heathensent лс @heathensent #kxnveyer
xoxlidzeblya,channel,😶‍🌫️ХОХЛИДЗЕ БЛЯДУЕТ😶‍🌫️,271,
rulletikweirdcos,channel,Странные будни Rulletika,143,"Здравствуйте, мои дорогие друзья! Приветствую вас в своей жизни, интересах и начинаниях"
hkomitlodo,channel,حكومة لودو🔥🙄,52,خِلَيَکْ زٍيَ آلَآسِدٍ کْلَهّآ عٌيَنِهّآ  مًنِکْ بًسِ خِآيَفُهّ  مًنك 🖤🥷🏻☝🏻. 𝒦𝒾┊αᓄg⎽❄︎ܭᓗ
drksteele,channel,drk-steele,60,#SOUNDCLOUDNIGHT
h3llh3a,channel,hellaheart,119,
mo0nlizard,channel,MOON LIZARD࣪ ₊ ⊹,93,moon lizard и всякое такое >⩊<
bloxspendriu,channel,блокспендрий,13,Скандинавия
ayumauma,channel,Аюма лолкек,23,Бляздец Легально жаліюсь на все  Головний тгк - https://t.me/ayumilolkek
kicks_buy,channel,KICKS,2,
ksendeutsch,channel,Ксения ☀️ | репетитор | Немецкий язык,628,"Всем hallo! Я Ксения, ваш преподаватель немецкого языка.  Учу своих студентов говорить без страха, понимать логику и грамматику немецкого. Здесь вы найдёте полезности, информацию о моих уроках и истории учеников🥰  По вопросам записи — @belkaKsen"
currywurstbitte,channel,Карри вурст заверните,283,Твоя Немецкая Мать. 18+
helterskelterevents,channel,Helter Skelter Events,359,www.helter-skelter.de
gunkurtt,channel,ружьё курта 🐋,340,твой джоэл
rattenkraft,channel,Rättenkraft,173,"""Вообще-то у меня своя прогрессив мелодик дэт металл группа. А блюз я играю так, для души"" © Гитарная крыса (черная)  Ищи материалы по 🐁крыстэгам🐁: #Архив@rattenkraft #Инсайды@rattenkraft #Мастерская@rattenkraft #Конкурс@rattenkraft #Концерт@rattenkraft"
tsvetolog,channel,Цветкова,94,"Запечатлеваю себя в жизни и жизнь в себе Здесь красивые фоточки, макросъемка https://t.me/ecs4eyes"
nrkshows,channel,NRK Shows,132,Punk/Metal/Rock'n'Roll DIY shows in Berlin
snakeenjoer222,channel,⒓,43,Alien of Extraordinary Ability
xrtvnlwarning,channel,XRTV uitzending alert,536,Dit kanaal gaat stoppen omdat we geen telegram meer willen gebruiken. Stuur 'subscribe' naar https://signal.me/#eu/aSZ8Foi7R-yQV2-DVT0CINKQ0BdvDcpy8a1SMDRRdQPZeZ4ILFpLyJOD44W0IRoU als je updates van XRTV wil blijven ontvangen
studuk,channel,STUDUK STORE,115,Футболки «Идущий к реке»  Цена - 1690₽.   Заказать - http://studuk.com  Поддержка - @studuk_info
naarhuis,channel,NAAR HUIS,342,"Naar Huis met Een Cursus In Wonderen. Dagelijkse werkboek lessen en besprekingen met Peter Winteraeken en Dennis Hardeman.  De hier gebruikte citaten uit ‘Een cursus in wonderen’ worden met toestemming van de uitgever Ankh-Hermes Utrecht, vermeld."
na3war,channel,B,1603,
nata_k_travelagent,channel,Наталья К/ путешествуй легко,581,"Здесь все о туризме и путешествиях от турагента  10+ лет в туризме, больше 5000 довольных туристов  Делюсь опытом, сопровождаю в путешествии  Ну и просто приятная компания единомышленников  +79232242814"
kazah_vrag,channel,tgk kazaha,68,@iuclaud
vrajsg,channel,🌱 Субхадра | Vraj,392,
antwoordkinema,channel,vraag/antwoord,77,Кинопоказы редкого кино в Санкт-Петербурге  по вопросам - @mu55am
vramsag,channel,Детектив по рекламе,18,🕵️‍♂️ Детектив по рекламе 😌 Променял пост директора телеканала на рекламу 🔴 Выведу ваш бизнес в 🔝 Стаж 1⃣0⃣ лет
quiz_eck,group,༄Quiz❓Eck࿐,15,In dieser Gruppe könnt ihr quizzen!  Bitte stellt diese Gruppe auf stumm. Der Quizbot erstellt viele Nachrichten.  Übersicht unserer Gruppen und Kontakt: @Eckkurier_bot
getsomecookiesbot,bot,Cubitum eamus? 🐈‍⬛️,,ask me about my books𓂃
qaynoq_help,group,Qaynoq — Taklif va shikoyatlar,1,"@Qaynoq_bot loyihasining yordam guruhi. Botning ishlashi, restoranlardagi xizmat ko’rsatish va boshqa barcha takiflarni, shikoyatlarni shu guruhda yozing. Rahmat."
editorialboard_bot,bot,Вопрос редколлегии,,
nipravda,channel,Наша иртышская правда,349,Газета Большереченского района Омской области
msrmsk,channel,МСР Москва,103,Официальный телеграм-канал «Молодёжи СПРАВЕДЛИВОЙ РОССИИ» в Москве
privet_kit,channel,"ПРИВЕТ, КИТ!🐳",5,"Тур в Мурманск на встречу с китами, водопадами и краем Земли - Териберкой 04.06.2026 - 07.06.2026"
moscowi24,channel,Москва24 события,3,
prefeituradeniteroi,channel,Prefeitura de Niterói,3789,Telegram Oficial da Prefeitura de Niterói
materameteo,channel,Matera Meteo,114,
naturalmeteoufficiale,channel,NaturalMeteo,183,☀️🌡 Previsioni e didattica Meteo 🌍 🐅  Natura e animali 📷 📹  News e reportage www.naturalmeteo.it
strettometeo,channel,Strettometeo,54,"Stretto Meteo è un portale che nasce per la passione verso la meteorologia, la natura e l’ambiente, ma soprattutto per lo Stretto di Messina."
meteopa_bblmneloba,channel,💥 Метеора Вымпелова 🩵,119,"Художник от слова ""худо"""
kpdek,channel,°•𝙼𝚎t𝚎𝚘r𝚊 𝚂𝚑𝚊𝚌𝚔•°,129,Привет! Я Метеора/Добро пожаловать на мой тг канал) Здесь я буду выкладывать свои арты и анимации по КПД. Рада вас тут видеть:3
infometeos,channel,Инфометеос ⛅️ Gmeteos | Новости,97,"Официальный канал Инфометеос!  Публикуем обновления, новости, важную информацию и анонсы."
pogodkamsk,channel,Метеобюро «Погодка в Москве»,11,Метеосообщество в Москве Убережем от непогоды  Разбираемся в погодных мемах
meteo_blog_thunderstorm_chaser,channel,[•🌪️ Meteo Blog 🌪️•],4,"Привет, ты на канале [•🌪️ Meteo Blog 🌪️•]! Здесь я рассказываю про разные погодные явления! 😝"
chemtrailshaarpwolken,channel,HAARP 🌪 Chemtrails 🛩 Wettermacher 🌬,17,
meteo_explorer,channel,Meteorology Explorer,14,"Метеорологический исследователь — бот, который поможет исследовать метеорологию!"
smi1_rf,channel,СМИ1.РФ,10,https://сми1.рф  Карта #RecycleMapLite: https://сми1.рф/map  Новый блокчейн для охраны природы: https://vk.com/geo_se https://github.com/Geo-Smart-Eco  И ещё один канал: https://t.me/green_my
ultimafermataa,channel,Ultima fermata,10,Informarsi sul cambiamento climatico  https://www.ultima-fermata.it/  https://whatsapp.com/channel/0029VaCqgvEFcow5zjKQZC0v
meteoobs_bot,bot,Meteoobs_bot,,
klimawettersammlung,channel,Klima Wetter Umwelt Sammlung,4,Wettermanipulation HAARP Klima Windräder Klimakrise CO2 Klimabetrug Chemtrails Geoengineering
weather_gif_bot,bot,Animated Weather,,"Графики со спутников, веб-камеры, погодные карты, информация о солнечной активности  🔔 @solar_activity_alerts  ☕️ @guryn"
arwxv,channel,Meteo Arachova Live,3,Live ενημέρωση από τον σταθμό και την κάμερα του meteoarachova.com. Καιρικά δεδομένα ανά 60 λεπτά από την Αράχωβα.
meteorologyexplorerbot,bot,Meteorology Explorer,,
pogoda_contacts_bot,bot,Погода. Всё ясно | Техподдержка,,
meteo_reportes_bot,bot,Meteo☈eportes 🇨🇺,,🤖 Bot del canal @meteoalerta para el reporte de fenómenos meteorológicos en Cuba 🇨🇺
metgala01,channel,met gala.,906,photos from the met gala 2021/2022/2023/2024/2025/2026
iteracia_club,channel,Итерация,287,"🚀  Клуб для тех, кто выбирает думать!   Мы — сообщество рационалистов, игроков и исследователей. Оттачиваем мышление через шахматы, го, код и настолки."
masterhora,channel,Мастер ХОРА,297,«Следующий эволюционно-видовой шаг человек сделает сознательно» ©Мастер ХОРА  https://masterhora.ru/ https://dzen.ru/masterhora/ https://vkvideo.ru/@public211802148/ https://youtube.com/masterhora/
metmeria,channel,metmeria,64,🔥 Benvenuti su metmeria 🔥  Questo è il nostro canale ufficiale: 👾 Fai domande 💬 Scambia opinioni con altri utenti 🎁 Partecipa e vinci codici sconto per le tue aste!
meteocom,channel,RU-Meteo.com - Прогноз магнитных бурь на сегодня и 7 дней,98,"Узнать прогноз магнитных бурь в своём городе на сегодня, завтра и на ближайшую неделю. Контакт с администратором: @vitlii_rovnyy"
metra_nn,channel,МЕТРА - Электрика с позитивом,94,▪️НЕСКУЧНЫЙ блог про электрику  ▪️Промышленная автоматизация  ▪️Прямые поставки от ведущих производителей электротехнической и кабельно-проводниковой продукции
metgalaoi,channel,::𝗠𝗲𝘁 𝗚𝗮𝗹𝗮 𝗲𝘃𝗲𝗻𝘁,135,по всем вопросам: @Wiawards_bot !не сотрудничаем!
nminqwq,channel,minqwq,186,"мене звати мінкю, міна.. нікі мінаж вона/її в основному малюю осів + фанарти по олюбленим штучкам ос: https://t.me/nminqwq/1066 про мене особисто: https://nikqwq.straw.page (мої фд) посилання: https://linktr.ee/nminqwq ༄.°"
mtefreitor,channel,ефрейтор.,127,
arindalove,channel,Arinda 💞,363,Van harte Welkom op het kanaal van Arinda. Hier schrijf ik korte berichtjes van  Wijsheid en Liefde. 💞 in samenwerking met mijn schrijfgids. Samen delen = Samen helen. Arinda heeft ook een chat waar je met elkaar kunt verbinden.
ellacervetto,channel,Ella Cervetto,8016,Ella Cervetto fan page  Advertising and feedback : @feedback1933821_bot
they_call_me_el,channel,EL,1412,They call me el !  @elfavmusic
elya_novik,channel,"ЭЛЯ про дом, уют, бизнес и…",273,"Строю каркасные дома и наполняю их теплом. Делюсь идеями для уюта, лайфхаками по обустройству и мыслями о семейном бизнесе. Если мечтаешь о своём доме или хочешь вдохновения — оставайся! ✨ Подписывайся, чтобы создавать красоту вместе!"
ell2u,channel,æ,945,أبالغ في العقلانية وأنا كلّي عواطف
kanale_alibabachahi,channel,☸️کانال علی باباچاهی،شاعرومنتقدمعاصر(شعردروضعیت دیگر),732,⁦⁦⁦https://t.me/kanale_alibabachahi این کانال زیر نظر خودشاعر وادمین ها است. شامل :اشعار،مقالات،جستارها،سخنرانی‌ها،نقد و نظرات،عکس‌ها و فیلم‌های شاعر و منتقد معاصر علی باباچاهی می باشد
raven_kanal,channel,𝚁𝚊𝚟𝚎𝚗 𝙶𝚕𝚢𝚙𝚑 𝙺𝚊𝚗𝚊𝚕,220,Админдерге ручат етпейм
nupuntnl,channel,Nu.nl,559,Nieuws van NU.nl . Algemeen (géén officieel kanaal van Nu.nl)  Nieuwstips emailen naar redactie@nu.nl Zie ook @nupuntnl_weervideos   Dit kanaal is aangemeld op @kanalen_nl
avonturki,group,گروه آرایشی avonturkish,294,•﷽•  به آنلاین شاپ ما خوش اومدین😍🧿  ۰۹۱۴۳۶۰۰۵۸۴ واتساپ  ۰۹۳۶۶۱۹۳۰۶۶   برای ثبت سفارش وهماهنگی به ایدی های زیر مراجعه کنید👇  @avonturkish70  @avonturk3616  کانال اعتماد و رضایت مشتری😍  @avonturkishe   کانال اصلی محصولات👇👇👇👇👇  @avonturkish
zwolleactief,channel,Zwolle Actief,259,Dit kanaal is een aanvulling op Zwolle Verbindt. Hier wordt een overzicht gegeven van initiatieven met ontmoetings- en verbindingskarakter.
shop_community,channel,🔝 Предложения | Акции | Скидки🛍,15,🔘Community: Онлайн магазины🛍  📽Спонсор: @Everyday_CommunityBot
kup_ivalmate,group,Купи продай. Рекламный чат🧿,37,
vaomsc,channel,Мой ВАО | Москва,17950,"Самые яркие события востока Москвы, которые стоит посетить 🌇  По всем вопросам: @moscowadmi  Ссылка для друзей: https://t.me/+fZDG-sB8D_NhNmUy  Парнерство с @swaymedia  № 5998265750"
ivanovskiy_news,channel,Ивановское 24/7 • ВАО,4551,"Лучший источник последних новостей и событий, происходящих в Ивановском!  Предложить новость: @Novosti_VAO_bot  По вопросам рекламы: @wygen  Сотрудничаем с: @Spiral_Yuri https://r.mos-index.ru/go/bidfox"
woozoomusicvietnam,group,Woozoo Music VietNam Community Official,493,
mossovet_tu_golianovo,channel,ТУ «Моссовет» Гольяново ГБУ г.Москвы «ОКЦ ВАО»,798,"Здесь вы найдете анонсы культурных и спортивных мероприятий ТУ Гольяново  ГБУ г.Москвы «ОКЦ ВАО», а так же узнаете о кружках и секциях района Гольяново (ВАО Москвы) для всей семьи ✨  Сайт: https://mossovet.mos.ru/"
teleg_metrogorodok,channel,Метрогородок,691,🔝Лучший канал о нашем районе в Москве!  📩Прислать новость ✍️ @Metrogorodok_bot  💎По рекламе 👉 @teleg_reklama_bot
ugolocmetrofanata,channel,УМФ | Уголок Метрофаната,359,"Рассказываем новости рельсового транспорта Москвы, Санкт-Петербурга и других городов, а также много интересных фактов об общественном транспорте  Мы в других соцсетях: 🔶https://rutube.ru/channel/39811889 🔶https://max.ru/join/F70jLbBuPTVk7RbYoNAJXAquhRCx"
mipstroi1,channel,«МИПСТРОЙ 1»,1077,
touch_lefortovo,channel,Лефортово/Нижегородского касается,263,"Новости, афиша и ЧП в районах Лефортово и Нижегородский  — Здесь соседи узнают друг друга лучше — Мы не пишем о проблемах, а помогаем их решать — Разыгрываем призы среди подписчиков  Все сообщества: https://t.me/touch_Moskva/3818 По вопросам: @kasatskaja"
probce_semiluki,channel,Семилуки ProBce Подслушано Новости События,284,"Здесь «ПроВсё» в Семилуках: Новости, Конкурсы, Знакомства и т.д.  Городской чат Семилук https://t.me/+_QsXnHZXp7AxOTYy  Все города, присоединяйся https://t.me/ProBce_Goroda_Russia  админ @ProBce_Goroda"
transport_ygolok,channel,Транспортный уголок,78,Привет! Это канал про новости транспорта Москвы и не только. Мы очень будем рады твоей подписки!
novostivsimniancity,channel,Новости Симнянь-Сити,19,"Самые актуальные новости городов Симнянь-Сити, Странский, Побединск, Промск, Волшебный Город Чудес, посёлка Сенатские Холмы и села Шабашкино.  Мемы, рубрики, новости Майнкрафта."
kliosalon,channel,Салон Красоты Метрогородок/Массаж/Солярий,56,"Место, где о тебе заботятся. ♥️  Для тебя кабинет парикмахерских услуг, ногтевого сервиса, косметологии и массажа.   Ждем тебя каждый день с 10 до 21 часа по предварительной записи!  м. Бульвар Рокоссовского, ш. Открытое, д. 23, к. 4"
mp_metrogorodok,channel,МП Метрогородок,46,
group4notes,channel,Tnpsc Group 4 Notes Pdf,39336,"We updates daily notes, materials,pdf,quiz, online test for group 4 and Vao"
vesseoapp,group,Vesseo_Latam,1395,"Vesseo es tu herramienta financiera clave para ahorrar, enviar, recibir, utilizar y gestionar tus dólares digitales de forma simple y segura.↗️"
var_notasave,channel,VAR не врятує 🚩,1791,"👋 Ласкаво просимо!  Тут живуть: 😂 футбольні меми 🔥 жарти після матчів 💀 тролінг клубів ⚽ найкращі футбольні приколи  Підписуйся, клич друзів і пам'ятай:  VAR може скасувати гол, але хороший мем — ніколи. 😄  Автор - @Oleg13Pavlus"
vavoobundlesclub,group,⚡️𝗩𝗕𝗖 𝗖𝗵𝗮𝘁,788,
uragan4ik_tg,channel,𝙐𝙍𝘼𝙂𝘼𝙉,496,Метро шоп: https://t.me/uragan_metro_shop Чат канала: https://t.me/+xftr26eVFNZhMjI6
metrochel_tg,channel,MetroChel TG,116,"Аналитика, новости и обновления транспорта Петербурга Официальный тгк Метрочела при соответствующем ему ютуб канале"
proactivefuture,channel,Difusión Proactive Future ✨,953,🌍 Todas las oportunidades y eventos de Proactive Future 💃
wildtrail_arwc,channel,Wild Trail Adventure Team,1388,Рассказываем про наши приключения на ARWS Expedition Africa  Ссылка на трансляцию - https://ea26.maprogress.com
avonturk36,channel,کانال کلیپ محصولات avonturkish,378,⭐مدیریت⭐👇   @avonarayeshi  ادمین سفارش گیری    @avonturkish70
tripbyaugustin,channel,Путешествия с Августином,629,Главные в жизни вещи - не вещи 😉 Активный отдых и путешествия от @augustingrishin ✈️🏔🐻🏕🌋🦁🏜⛵️🚴‍♂️🧘🏻‍♂️☃️🌳🚌🛶🗺 👉 #tripbyaugustin
babiq_adventure,channel,🧳 Путешествуем вместе! 🚙 BaBiQ adventure ✈️ Попутчики и туры 🤗,797,"👋Для освещения своей деятельности (авторские туры) я решил сделать не просто свой личный канал, а полезный для всех ресурс, где и я смогу освещать свои путешествия, и Вы сможете искать попутчиков🤗   Связь с нами: @babiqess  +79217655842 Евгений Бабиков"
adygea_travel_maykop,channel,Клуб путешественников из Майкопа,433,Путешествия по Адыгее и Кавказу из Майкопа. 👋🏼Привет! Я Дарья. Больше 15 лет я активно занимаюсь туризмом и за это время организовала экскурсии более чем 5000 человек!  🔎В этой группе я публикую информацию о поездках в горы и на водопады из Майкопа
kamaventura,channel,КАМ АВЕНТУРА - ТУРЫ ПО КАМЧАТКЕ,54,"Всё о Камчатке. Путешествия по Камчатке. Индивидуальные и групповые туры, аренда квартиры. Джип-туры к вулканам, вертолётные туры и любые другие. Travel on Kamchatka, apartment for rent, jeep-tours to volcanoes & all other tours"
agentourakids,channel,Детские туры от АГЕНТУРЫ 🌍,117,"Это сообщество для тех, кто любит детей верит в волшебную силу путешествий."
biryza_marketologinya_tg,channel,Путешествия маркетологини,79,Эмоции - главный сувенир из путешествий!
gutkatrip,channel,Moto Fun Tours,78,
astrogame2,channel,"ПЕРЕЕЗД'' ->°ᗩs𝑡𝑟𝕠 𝑔𝑎ϻε°<-""",72,"ᤋдρᥲʙᥴᴛʙуᥔ ᥰуᴛнᥙκ! ϶ᴛ᧐ κᥲнᥲ᧘ ᥰ᧐ ᥙᴦρᥲⲙ в Dandy's world. удᥲчᥙ, ʙᥱᥴᥱ᧘ᥙᥴь!"
advenrureshere,channel,AdventuresHere,16,Это группа создана для любителей приключений. В первую очередь для любителей приключений на мотоцикле
swen_club,channel,Swen Club,41,"🌍 Авторские эксклюзивные путешествия по всем континентам  🫂 Комьюнити путешественников и партнеров  Не покоряем, а инвестируем в эмоции✨️ Присоединяйтесь к нам❤️"
apelsin_voyage,channel,Апельсин Вояж,15,Турагентство Апельсин Вояж в г Видное сайт: https://apelsin-voyage.ru/
vosriteadventures,channel,Vosrite Adventures - Info,8,Only Vosrite Advntures updates and news
travelkhv27,channel,ТЕРРИТОРИЯ ПУТЕШЕСТВИЙ,10,ТРЭВЕЛ БЛОГ YOUTUBE КАНАЛА
pridurok_hskm,channel,прайс придурка,2,
awaybug,channel,AwayBug Travel,7,www.awaybug.com
jeunistan02,channel,Jeunistan 🗺️🔪🕋👳🏾‍♂️🙉🧕🏿,8265,
gehlkenro,channel,"Gehlken, Ronald Reloaded",1991,Aufklärung
jeromiada,channel,в переплёте чувств,485,"привет, я Даша! здесь книжные подборки, отзывы и жизнь в моменте 🤍 для связи: @fioredari  YouTube: https://youtube.com/@booksndari Pinterest: https://pin.it/5zNogNoOG вишлист: https://followish.io/mywishlist/su7bmrlivksqdn"
heiko2970792,channel,Wissenswertes & Hilfreiches zur Zeitenwende und Bewusstwerdung,912,🦚 Erstellt am 03.10.2020 🦚 ⚠️ Erster Post:👇👇👇🦜 https://t.me/Heiko2970792/1 💎💎💎💎💎💎💎💎💎
jinjiyanazadi2,channel,Jin Jîyan Azadî✌️☀️,633,https://t.me/biraninesehidan
jetswan,channel,JetSwan,161,Zeitdokumente des Widerstandes  E-Mail-Kontakt: JetSwan@gmx.net
wiewindzaaitzalstormsoogsten,channel,Jan Storms,111,
jeroldka,channel,Складское помещение Джерольда(Портфолио),47,"Ну, типа, хай, тут будут выкладываться мои работы и не только Сразу говорю... Ай, забейте. Мир вам🐑"
paraguay_inf,channel,Новости Парагвая,26,Новости Парагвая на русском
permakultur_paraguay,channel,Permakultur Paraguay,145,Neues von unserem Permakultur-Projekt Sapyso aus Concepción Wir bedanken uns für jede Unterstützung mit einer Beteiligung an unserer Gemeinschaft  Bankverbindung: Deutsche Skatbank Kontoinhaber: GEKUNA e.V. DE55 8306 5408 0004 9506 15 GENODEF1SLR
paraguaylifestyle,group,Valle Colibri Paraguay 🇵🇾🌞🌴,53,Verfolgt uns dabei wie wir unsere Selbstversorger Community Valle Colibri in der Natur Paraguays aufbauen. 🌴☀️ Weitere Infos unter: paraguay-lifestyle.com
hunde_in_paraguay,group,Hunde in Paraguay,38,Hunde sind in Paraguay allgegenwärtig. Von nützlich bis lästig werden sie natürlich unterschiedlich wahrgenommen. Wir möchten in dieser Gruppe Erfahrungen austauschen und Probleme lösen.
tanzpartner_paraguay,group,Tanzpartner Paraguay,29,"Tanzen verbindet Menschen. Und diese Gruppe hilft, dass Tanzbegeisterte zusammenfinden.  Schreib Dein Gesuch oder reagier auf den Gesuch Anderer!"
okitalkparaguay,channel,Talk- TV auf OKiTALK Paraguay,152,OKiTALK - Der Talk von Mensch zu Mensch - https://okitalk.news/
tv_tucangua_forum,group,🇩🇪 Paraguay Forum 🇵🇾,450,"Paraguay Forum. Erlaubt ist Alles was Deutschsprachig ist und mit Paraguay zu tun hat, außer Ungesetzliches! Werbung erlaubt, außer Krypto, Trader usw! Verantwortlich: @hans_krauss Liste: https://t.me/py_list"
deutschsprachige_in_paraguay,group,Deutschsprachige in Paraguay,26,"Austausch für alle deutschsprachigen rund um Themen, die mit Paraguay zusammenhängen."
bitcoinparaguay,group,Bitcoin paraguay [],207,Want to make your project 10x?🔥   Want to make your project to the moon? 🚀   Want to buzz up your community? 📣   Just CONTACT us ✉️  @tradeconsultant   @cryptocurrencies_signals  @BitcoinPhilippiness @BitcoinEstonian @Bitcoin_Colombia
pigterest,channel,Pigterest,135,"Канал про кабанов, самый нехаляльный в мире"
chicastranspy,channel,Chicas trans py🇵🇾❤️,807,Chicas trans en Paraguay
shotaowlart,channel,Shota Owl,388,"О моей жизни, птицах, переездах,творчестве и красоте мира)Жила в 18 городах России, Украины, Беларуси, Индии и теперь Парагвая)"
pegasostrova28,channel,"Pegas Ostrova. Турагентство. Авиа, ж/д билеты ✈",1215,"Официальный представитель PEGAS TOURISTIK в г. Благовещенсе Туры, авиа и ж/д билеты. Для связи: +79140485101 ТРЦ Острова (вход со стороны Эйфелевой башни) 2 этаж, сразу за игровым центром ""Мармелэнд"""
paraplanes_chita,channel,Читинский Парапланерный Клуб,396,Смени диван на параплан!
amur_adventures,channel,Бюро путешествий «Неизвестная Земля»,520,"Путешествия и походы для новичков и любителей.  ⛰️ покоряем вершины Тукурингры 🏖️ загораем на Соломатах 🌄 влюбляем в Дагестан 🔐 всё включено  Все направления, даты и подробности маршрутов — неизвестнаяземля.рф  ⤵️Прием заявок https://wa.me/79145678803"
zorkinadventures,channel,Zorkinadventures,517,"Меня зовут Антон Зоркин. Главный редактор сайта о путешествиях Russian Traveler, много лет проработал в National Geographic Россия. Собираю в этом блоге чудные истории, факты, детали про то, как и где путешествовать. Не переключайтесь!"
psyadventures,channel,Осознанные путешествия,141,Исцеляющие путешествия в живописные уголки России    Сайт: http://psyadventures.ru/  Все подробности: @AndreyKomarov
wildrussiadventures,channel,Неизведанный Мир,635,Клуб близких и сочувствующих компании приключений «Неизведанный Мир»   Организуем комфортные приключения по всему миру с 1992 года.   🔗Наш сайт https://wildrussia.travel  YT: https://youtube.com/@wildrussiadvent ВК видео: https://vkvideo.ru/@wildrussia
spbadventures,channel,SPB Adventures | Локации Петербурга,148,"📍Красивые места Петербурга и не только ☕️ Кафе • рестораны • выставки ✈️ Иногда путешествия 🤍 Только места, которые рекомендую сама"
kanaeva_zakon,channel,Канаева про закон,821,Простым языком о юридическом
papaznaet_zakon,channel,Папа Знает,413,"О юридических тонкостях для мужчин рассказывает Ирина Васильевна, с юридическим стажем 20 лет  Имущество и недвижимость ГИБДД Трудовые споры Налоги и финансы Развод и семейное право Права потребителей Прочее  Сторонние проекты: https://dzen.ru/mamaznaet"
kazarina_pro_zakon,channel,Казарина про законы,382,Всё о законах  - ясно и понятно  тг: @kazarinanatali Консультации: +79129929968 kazarinanata@yandex.ru
visis_c,channel,Висицилия,152,Рада вас видеть ^^  Влд - @Egor56507 Буст - https://t.me/boost/roiv_ofcc Анон - http://t.me/anonaskbot?start=qXZhVWPlYfU1iBq Банк - https://t.me/gacha_bank Прайс - https://t.me/+IToqMvXtkCpkMTQ6 ‼️Ищу админов‼️
vishe_krishi_smarent,channel,Выше Крыши - Всё о Новостройках,542,"Новостройки Москвы: обзоры ЖК, цены, планировки и старты продаж.  Разбираю жилые комплексы, застройщиков и реальные условия покупки квартир.   Связь: @Konstantin_Smarent Краснюков Константин"
visitkirov,channel,Центр развития туризма Кировской области,459,"Киров - столица рассветов России, Ворота Русского Севера. А ещё мы - город добрых соседей. Вы уже едете к нам?)"
international_projects_ntu_dp,channel,International projects DniproTech,1222,
dent_stor,channel,ادوات طب الاسنان بسعر الجملة,3016,قناة لبيع ادوات باسعار الجملة من مرحله اولى للخامس🩶 @Gasaq5_21
icegergert2001,channel,ICEGERGERT,2014,@nggceo52 по всем вопросам (реклама | сотрудничество)
reshategeonline,channel,РЕШАТ ЕГЭ ОНЛАЙН,63,Хуже канала ты точно не увидишь 😘
ownekikk,channel,ALL OWNER/TK/STAFF EKIK,46,owner: @ekikaja
oaile_icin,group,Chat.,5,Работаю с Perfluence
htargibot_bot,bot,Rasmiy aloqa,,
greta_esg_bot,bot,ESG_Greta,,
iknoron,channel,IK | stream,2018,Стримерская и не очень  🪄 Мой twitch канал  https://www.twitch.tv/ik_noron
ik_k_ik,channel,⚓,103,𝗡𝗼 𝗽𝗿𝗼𝗯𝗹𝗲𝗺
ik_voznes,channel,УЛК «Вознесенский»,159,Будем благодарны вашей подписке 💜 Группа ВК- https://vk.com/ik_voznes
bac_ik,channel,🌑Б. А. Ц.ичек🌑,100,"Нас много, но мы все в ней  Если хотите связаться - http://t.me/anonquebot?start=1bAAOM"
f_ik_us,channel,⋆˚Ikusfikusfikus 𓆡⋆.˚,161,
m_ik_zo,channel,Молодёжная избирательная комиссия Запорожской области,81,Молодёжная избирательная комиссия Запорожской области - совещательный молодежный орган при Избирательной комиссии Запорожской области!
cinesymbiote,channel,Cinésymbiote,206,
yekalugebeta,channel,የቃሉ ገበታ /Word Chart [በአገልጋይ ቃለአብ ካሳዬ],872,“እንኪያስ ምግባቸውን በጊዜው ይሰጣቸው ዘንድ ጌታው በቤተ ሰዎች ላይ የሾመው ታማኝና ልባም ባሪያ ማን ነው?”— ( ማቴ 24፥45 )
gut_gedacht,channel,«gut geD-A-CHt!»,163,
podkkaats,channel,подкаты,14966,реклама - @stanik  присылайте ваши идеи сюда: @ideipodkatovbot
nashemestokt,group,Бар НАШЕ МЕСТО,353,
placechat,group,PLACE Chat,123,
uzbeklaraytganidek,channel,Узбеклар Айтганидек,155,Ўзбеклар айтганидек  Хисларни йозиб туриш керак гарчи окилмаса хам  Owner @vokhidivich Рек бойича; @vakhidivich
zent_4_graannd,channel,4,152,В этом канале я буду рассказывать о своем творчестве и делиться личным ✨🐇✨
zelfiru,channel,Мероприятия Казани | Афиша zelfi.ru,822,"Афиша Zelfi - площадка для поиска мероприятий на каждый день, которые можно посетить в Казани.  Реклама: @Anna_Vasileva_D"
zelbike,group,Зелбайк,849,"Велочат Зеленограда, велоклуб, велосипедисты, ZelBike"
zelfsignals,channel,Zelf Trade - Free Signals,119,All these signals follow Time at Mode methodology
oneesart,channel,~Горький немец~,112,Творчество и жизнь :3
oneedugh,group,STUDY ABROAD with ONE EDUCATION GHANA - Group chat,56,
a_oneee,channel,ashen.one,26,"вчусь щось писати, вчу вас писати. беззмістовний потік думок і нотаток, читать на свій страх і ризик  не орієнтовано на масового читача, немає чіткої тематики"
oneesix,channel,1Ë6,18,"Уже не остановить, или как стать свободным, всегда идя к заперти (Черновик)   Строго 18 +"
dat_maps,channel,DaT Games,418,Автор: @i_am_dat  Чат: @dat_chat
dawrat_m,channel,القناة العلمية - محسن غصن -,3907,بوت التواصل :  @tawasol78_bot
datsfm,channel,Datsun,1046,"Двигаясь в будущее, мы помним о прошлом."
yanprostofilia,channel,Ян Топлес,212,
afcajaxnews_live,channel,AFC Ajax | Аякс,563,Телеграмм канал самого крупного сообщества в СНГ об амстердамском Аяксе https://vk.com/afcajaxnews  Здесь мы будем вести текстовые трансляции матчей и оповещать о важных событиях клуба.Включайте уведомления и ничего не пропустите🛎  ❌❌❌WIJ ZIJN AJAX❌❌❌
ericmyval,channel,Eric Myval,12635,Реклама и сотрудничество Eric@Myval.ru  Канал 18+
ericmoutsos,channel,Eric Moutsos,7306,Eric Moutsos Public Channel
erictrump,channel,Eric Trump,668,
ericksimans,channel,ErickoSimans 🃏,5014,
cosplaysharegroup,group,動漫遊戲Cosplay群組,8637,"頻道：https://t.me/cosplayshare  本群規矩： 歡迎加入本群組討論cosplay,遊戲,動漫 甚至生活的事 希望各地區的人能好好相處 ❌廣告（直接踢） ❌吵架（禁言/直接踢） ❌人身攻擊（警告/禁言） ❌色情(R18&R18G,NSFW,幼蘿) ❌請勿一次過發送大量信息 ✅和諧 有善 包容 ✅有善討論政治是允許的  三次警告直接踢出群組 誤封 解禁言請聯繫管理員  聯繫群組管理員 Contact admin  @eric_is_here ⚠️請注意：管理員不會主動聯絡任何人"
eric_bmxkid,channel,eric_bmxkid,78,Эрику 9 лет Из них 5 лет он катает на bmx (трюковой велосипед) Урам парк Казань  Инст @eric_bmxkido ВК https://vk.com/eric_bmxkid  Ведёт мама
erik_kalinak,channel,Erik Kaliňák,2627,Fanúšikovská stránka Erika Kaliňáka (neoficiálna)
eric_bubble,channel,Рик,93,+2170 😘
edrickdaily,channel,𝐄𝐝𝐫𝐢𝐜𝐤 𝐝𝐚𝐢𝐥𝐲 + 𝐜𝐟,296,Cr: https://x.com/K1SSRIKO/status/1817826317301149964?t=VHKbZsMc8YEehuLNX8FpKQ&s=19  #edricknation
ericred_pub,channel,Eric the Red / Эрик Рыжий,345,"""Эрик Рыжий"" - это паб-ресторан, где на трёх разных по атмосфере этажах вы можете попробовать пятьдесять сортов разливного пива от классики до диковинных экспериментов, а также выбрать из более трёхсот сортов бутылочного пива."
tem_eg,channel,Podcast | بود كاست🔥,938,
ckijk,channel,Сычевский СДК,178,Культурная жизнь села.
nikalolpi,channel,Неко ник,93,t.me/voprosy?start=psvo3uj написать мне вопросы пиар
rmt_kink_fest_2024,channel,РМТ Лав-Фест 2026,493,"Канал для публикации правил, новостей и ссылок на работы РМТ-феста по русскому музыкальному театру."
sightoserver,channel,Sighto,40,Наш тикток: https://www.tiktok.com/@s1ghto Наш ютуб: https://www.youtube.com/@SightoSmp Связь с админом: https://t.me/sightoserver?direct  Сайт: https://site.sighto.space/
veryt000,channel,futanari house,210,
matveychikvet,channel,matveychik\vet/🍌,88,Мой тик ток- 1 акк  tiktok.com/@matveychikvet Буст-https://t.me/boost/matveychikvet Анон- @matveychik_vetbot ЛС -@matveychik_vet
japanakira,channel,𓏲 ๋࣭ ࣪ ˖🎐світ очима акіри,28,"ВІТАЮ ЛЮБІІ!!! це акіра, НОВА ГАЧЕРША 🀥 tiktok: .akiraagirl  ПІДПИСОЧКУ!!!"
jesstikxx,channel,JESSTIK,162,
kijinkx,channel,Клуб пивных котят,52,Впечатления – наша валюта
kirk_orov_jr,channel,Tisenko | fan page,131,"Импульсивные подборки про #Маркетинг #Бизнес #Медиа и #Юмор  Tisenko - это предприниматель, комик, продюсер.  Tisenko.ru"
vipeeppp,channel,vipe,94,"Вопросы, заказы - @vipeepp  tik tok - https://www.tiktok.com/@vipeeepp?_r=1"
hotaav,channel,هۆتاڤ؛,462,لەو دەشتە سەوزەی کە بەڵێنیم بە ئەو دابوو،لە ئێوارەیێک کە دەشتەکە سوور هەڵگەڕاوە،لە ژێر چرای پڕ شەوقی مانگ،لەگەڵ نووری هۆتاڤ؛ئەژیامەوە.  @Hotavvvbot
obvknt,channel,болото моей души.,166,
daily_dose_of_motivation,channel,Daily Dose of Motivation (DDM),19,Welcome you to this channel where you can find :- 1)Motivational and Interesting Facts 2) Life Quotes + Motivational Quotes   This channel will help you in these ways :- 1) To improve your life and knowledge 2) To motivate you with life short stories.
dnevnikdlyachayki,channel,Дневник для Чайки,2,Посвящается доброй Чайке по имени Саня
upravlenie_medsestra,channel,Управление сестринской деятельностью | Тесты с ответами,23,"Управление сестринской деятельностью - это область здравоохранения, включающая планирование, координацию и контроль сестринских процессов и услуг. Тесты с ответами позволяют углубить понимание принципов управления в сфере сестринского дела."
detstvo_s_molokom,channel,детство с молоком,32,
liga_krasnodar,channel,ЛИГА центр комплексного развития личности Краснодар,23,"Профилактическая работа в детских коллективах по вопросам личной безопасности, профилактики буллинга (травли), предупреждение кибер угроз, выработка безопасной стратегии поведения в сложных и критических ситуациях."
clnl_gr_vk,group,CLNL.earth | Groningen Chat,14,"Deze chat is vooral bedoeld om regionaal te verbinden en actie te ondernemen m.b.t. CL activiteiten bv. om elkaar te ondersteunen in tijden van nood.  Neem vooral zelf de verantwoordelijkheid om met respect, compassie en liefde met elkaar om te gaan!"
coffeehouseoffc,channel,Кофейня(coffee_milk99),276,"Рисую и пишу только Киллугонов!🛹🎣(🔄❌) Гон - моя сдобная булка 🥐  Имеется контент 18+!🔞(персонажи в повышенном возрасте, совершеннолетние) 🥛По заказам писать @coffee_milk99"
tontine_coffee_house2,channel,Tontine Coffee House💲,662,Здесь Вы научитесь настоящей биржевой игре.  📲Удобная навигация по каналу в конце каждой статьи.  📬 Отзывы/вопросы: @VitaliyNYSE  #sponsored - тэг рекламного поста.
jpandahouse,channel,PandaHouse,239,Сборная солянка от Юли 🙃 Чатик тут ➡️ https://t.me/+fZNs8mA0tJxmYzhi
istinaop,channel,ИСТИНА (канал Поздняковой Ольги),1857,"Канал Ольги Поздняковой про критическое мышление, анализ информации и защиту от манипуляций. Проверяем факты, учимся сомневаться правильно."
dobriy_vecher_l_ya,channel,Добрый вечер!,410,"Канал про мощь и магию голоса, силу духа, очарование, харизму, таланты, тени… Про всё то, что поддерживает нас и делает видимость в кайф🤩  Автор: @elena_yazdovskaya Катализатор перемен и расширения масштаба влияния.  elenayazdovskaya.ru"
hutaootziviuc,group,HuTao отзывы о покупке(900+),196,Канал @HuTaouc Бот @HuTaoUcbot
dombulgakovoi,channel,Дом Булгаковой,211,"Булгакова Дарья  Заметки о культуре, искусстве, литературе  Больше моих фоторабот - здесь https://t.me/bulgakovadasha  Для связи со мной @lapminka"
bellyprokachka,channel,Bellydance Прокачка,147,
chitatel_katerina,channel,winter wanderer,212,Катерина. Пишу о книгах. Не претендую на истину. Не изучала литературу. Не одобряю снобизм. Подглядываю книги в метро. Амбассадор Терри Пратчетта.  В закрепе все хэштеги и ссылки на отзывы🍀  Сообщения каналу/winterwandererer@yandex.ru
wolkoffm,channel,Волчарная,37,"Доверять памяти не безопасно, пусть все будет здесь."
posidelkizacaem,channel,Посиделки за чайком🫖☕️,17,"Обзоры на аниме, фильмы, сериалы и много чего ещё me: @aAnnasttasiiaa"
motylyokchannel,channel,• МОТЫЛЁК | MOTYLYOK •,2668,"Канал для медиа-арт энтузиастов и всех, кто тянется к свету.   Интервью, инструменты, анонсы, рецензии и личные советы от сооснователя фестиваля Intervals Ксюши Чеховской @ks_aya. IG: @motylyok.channel YouTube: @papillons.agency"
toherofromzero,channel,FROM ZERO TO HERO,1364,"Привет! Вы попали в канал о карьере за границей, жизни в Германии и работе в HQ международной компании авторства Ксюши Ильюшиной @logunok. Работаю Global Brand PR в PUMA. До этого — adidas, Tele2, Bookmate."
ksushaotakuet,channel,Ксюшины заметки,188,"Веду подкаст @podcastbaka  Тут про аниме, музыку и все любимое"
ksushoww,channel,Сплошное КсюSHOW,270,Просто блог актрисы Ксюши Спиридоновой
kussuso,channel,(рест) Мадам Соньки🤍☁️/Жената🫶🏼💍,213,"Всем сап мы новая банда про: @sonya_safarova ★  Частичку:(мадам, Кексики, лайки, Типи) не брать!!! Начало: 10.06.26 Конец:??? О влд Имя:Дарина Лет:1🌚 🎯:300"
ksuissharing,channel,Ксюша делится:,97,"slow life в загородном доме 🧺 подборки мебели и декора, разборы образов, танцы и я 💛  Inst: ksenia.pokrov"
ksushabitch,channel,Ксюша м'юзік,30,aka Marlena (так пишуть люди в тік-тоці і я їм вірю)
hxsy7,channel,花心追踪🇨🇳,5228,支持Telegram正能量 此频道绝对不参与电信诈骗等违法行为 传播正能量 树立正确价值观 追踪频道 @hxsy7 交流群 @hxsy5
freerussiafoundation,channel,Free Russia Foundation,2484,"Инфраструктурный фонд, поддерживающий продемократическое сообщество  https://www.4freerussia.org/ru/"
xxcnp,channel,小晨拦截,80,
kotik_mi_zdes,channel,"Котик, мы здесь",277,"Поддерживающий канал для тех, кто переживает утрату питомца."
miliuchihina_psy,channel,Психолог Елизавета Милючихина,265,Помогу со всем от одиночества до зависимости ❤️   Как понять портрет идеального мужчины и почему ты его ещё не встретила?  https://t.me/miliuchihina_psy/272  Для связи @miliuchihina
aliceandvalis,channel,Когда Алиса встретила Валис,124,
arishkaenergy,channel,Arishkins💖,63,
dmitrienkooo13,channel,dm!trien.ko,33,начало: 28.05.26 лс: @c1qwe буст:https://t.me/boost/dmitrienkooo13 анон: @anonc1qwebotbot
vik_toria_aaaaaaaa,channel,vik.toriua.aaa,39,
checker_bbcasli,channel,Checker Results,639,Gp Check 𓏺 https://t.me/+hhpHo_On8o4wMzVk Team Check 𓏺 @Team_bbcaslli Channel 𓏺 @BBCCASLi Qavanin 𓏺  @Qavanin_bbccasli Cr 𓏺 Mahy Savak
checker_war,channel,Legend,115,خالق : طاها لجند  @Tauuzi
cwnb610,channel,刺猬过检,1327,
checkadmin_net,group,🔥CheckAdmin.Net🔥,190,Cộng đồng giao dịch mua bán online lớn nhất Việt Nam : https://CheckAdmin.Net
ashelsound,channel,Эйшел,1634,"Сведение, мастеринг, биты - @ashel11   Работал с: СКРИПТОНИТ / YUNG TRAPPA / METOX / Golden Sound / Рыночные Отношения / Птаха / Rigos / METAN / BALLER / Kunteynier, Рамс и тд."
ashellyou,group,aShell You | Support,563,Official discussion and support group for aShell You.  Github repository: https://github.com/DP-Hridayan/aShellYou
ashel_port,channel,𝗔𝘀𝗵𝗲̀𝗹 port,82,ㅤㅤㅤㅤㅤorders are open  Owner: @Dokser_2280              Anon: @Ashley_anon1bot
alishazenter,channel,Alisha Zenter,509,the ambassador of hedonism.  Instagram: https://instagram.com/alisha.zenter
alenaskrokanal,channel,Твори. Путешествуй. Люби.,671,"Вложила в одежду душу и смысл❤️ Швейное производство, лошади, рыжий кот и любовь🏇🌊☀️🐈 Бренд @askrobrand Alenaskro.ru Производство @alenaskro_ceh Личные сообщения @Alena_Skro"
seyshely,channel,Сейшелы 🇸🇨 Seychelles,194,Сейшелы: отдых и путешествия 🇸🇨
hectornetworkann,channel,Hector Network - Announcements,2607,"As of July 17, 2023 at 1600 UTC time, Hector Network, which operated as a DAO, entered into liquidation mode.  More info: https://t.me/hectornetworkann/1556"
enterug,channel,UG ENTERTAINMENT,174,"Latest News, Trends, Music and much more.  Member of @PearlCollective"
bez6dna,channel,𝐦𝐞𝐥𝐩𝐨𝐦𝐞𝐧𝐞 𝐁𝐄𝐙.𝐃𝐍𝐀 ⋆ ˚｡⋆୨୧˚,383,"мельпомена без.дна entered старый ник: nxbxds  для любых вопросов: @whocallsmee  Правила чата: никаких матов, контента 18+ и тому подобного, все гифки/видео/фото/сообщения с подобным содержанием будут удаляться."
sky_entert,channel,Sky entertainment 🍇,166,
haley_nicole_haleynicole,channel,Haley Nicole 🍓,15365,Haley Nicole 🍓 18+ 💦
halseyru,channel,old ghost town | halsey,509,следите за ежедневными обновлениями о жизни и творчестве Холзи – в старом городе-призраке ⭐️   для связи: @futhyfleur
huskyday,channel,ДОМ ХАСКИ,2434,"15 Цирковых Сибирских Хаски 🐕 хвостатых артистов 🩷 Следите за нашей кочевой жизнью и вы увидите, как заслужив доверие и уважение можно увлечь тренировками любую собаку 🐾   реквизиты ДомаХаски Карта 4279380650558853 К номеру привязан Сбербанк +79671001070"
haolysse,channel,𓏼 ˚‌‌‌ slipped away ✿💧 𝔀𝓲𝓽𝓱𝓸𝓾𝓽 shape: haolysse. ♡𝅦 ₊ path wound :..🪷 ᩙ｡ (𝟶𝟺.𝟶𝟽) 𓎢𓎟 grass silent trees. .ೃ࿔,821,"ㅤ fresh petals. / 𝓹𝓪𝓽𝓱 begins: 𝟶𝟺/𝟶𝟽. 𝆤፝ᰯ֟ᰯᰯٖٖٖٖ۪ٜ𝆤 ▊▋▋𝚙𝚊𝚕𝚎. 🪷♥️ beyond mist,ꨪ꤬ᰰ ּ࣪𝅄ٞ  turns change, restless hearts: @HAOLYSSEBOT🎍  ⏝𓏼݄۠⏝𓏼݄۠⏝݄‌⏝𓏼݄۠⏝݄‌ㅤ ᬃ  ׁ 𝄂𝄚𝅦𝄚 𝆹𝅥 𝆭  recording on @HaolysseDoc. ⛲𖥽₊ ㅤ"
rixtyy,channel,Тансы 🩻,449,🤓😛📸🌮🍃
hushikoia,channel,Hི𝗈𝗌𝗁𝗂𝗄𝗈 𓏺⃗‌𝖲𝗁𝗈𝗉,437,هوشـیکو ﹙ hoshiko ﹚ فرزند ستاره جهت ارتباط با من :  @hoshikoAD  Unknown ❔  @WeopowBot t.me/HidenChat_Bot?start=7515625497  کد رهگیری و رضایت ها : https://t.me/codeHoshiko
hussey_rb,channel,𝐇𝐮𝐬𝐬𝐞𝐲’𝐬 𝐫𝐚𝐛𝐛𝐢𝐭 𝐡𝐨𝐮𝐬𝐞,111,анонимка: t.me/anonaskbot?start=zihnh0h67b4bnez
fapsimodel,channel,Horsestation,199,"Конная миниатюра, кастомы, 3д- модели, роспись, 3д-печать🦄 ______________________________ тгк ведется от имени A.Fapsi"
soolbik,channel,SoolB,220,Проект озвучки Tiktok: https://www.tiktok.com/@soolb_?_t=8i94BBSfjIP&_r=1 YouTube: https://youtube.com/@SoolB_?si=Bf0FJxBMMVwc0Yns  Реклама/ВП: @RELZIk
horrordiaryy,channel,Horror diary,603,Добро пожаловать Horror diary мир темных чатов.  По всем вопросам @Horror_diary_bot  100☑️ 200☑️ 300☑️ 400☑️ 500☑️❤️‍🔥 650 ☑️ Новая цель:700 ❤️‍🔥
hellish_melody_studio,channel,𝐻𝑒𝑙𝑙𝑖𝑠ℎ 𝑚𝑒𝑙𝑜𝑑𝑦,54,Влд: @witch_dol Совлд: @Kotikz8 С вопросами к влд
holleystudio,channel,Заморожено: Holley Studio,49,"Владелец: @VaggieBAL Ст. админ: @Vinladge Художники студии:  @Sir_Pentious_gaduka, @Zarall_fff, @I_HATEYOU_Josten (Дата создания канала: 25.01.06-25.01.07) Роли в закрепе и по навигации."
palessnow,channel,pale§now. [READY & CUSTOM 1/3],151,"STATUS: SIAP GEMPUR KOMISYEN TNC, Pricelist, catalogue, results: @hhanayuki Ch moots, waiting list, testi: @hanaayuki Bot HFW @yukihanabot Arsip maeng @trekoek Belonging to @lavillen"
halechannel,channel,Veronica Hale | Вероника Хейл,49,
harlestoncity,channel,Harleston RP ° Pony Town,37,໒ Добро пожаловать в РП город  ₊  ⸝⸝ По вопросам :: @Juridization . ✦
heavell_studio,channel,Heavell Studio,37,
zinesbydurgens,channel,Heladería Los Dragones (no se vende helado),63,"Holis, me llamo Lu. Canal para tonterías propias de un dragón naranja. Sigan a @pawxcollective para ver más de lo que hago Favor de tener decencia humana. (sino 🥾) I know english 😴 Ícono actual @levotiroxin"
hellieess,channel,Кто такая Хелли? 🫧,38,
hellandheavenstudio,channel,Hell and Heaven Studio,23,Состав : влд –  @DoctorMick2  совлд – @dDvoCJhexw  админ – @Willliks Ссылка на чат – https://t.me/+MV2RAp3taq42ODAy Наш тт – https://www.tiktok.com/@hell.and.heaven.st?_r=1&_t=ZS-94KOtQnXeGD
holl7s,channel,༢ུ 🜲𝗰𝘂𝚝𝗲 ﹏ 𝗽𝚛i𝗻𝗰𝚎𝚜𝘀,11,𝚖𝚢 𝚕𝚘𝚟𝚎𝚕𝚢 !: 𝚜𝚞𝚙𝚙: 𝚈𝚊𝚜𝚑𝚊 𝚕𝚊𝚟𝚊 𝚋𝚎𝚜𝚝 𝚏𝚛𝚒𝚎𝚗𝚍: ݂ ☆̸★ ݂ ﹏ = ִ  я ʜϱ ηρϱτϱʜ∂ƴю ʜα καʜσʜ !! ηρσɯƴ ηρσɰϱʜυя 0д0 не пренадлежит к какой либо сетке !
hall_att,channel,𝐇𝐀𝐋𝐋 𝐀𝐓𝐓,28,
lilacsanddaisys,channel,🪻𝕷𝖎𝖑𝖆𝖈 𝕮𝖆𝖙 𝕲𝖆𝖗𝖉𝖊𝖓🪻,11,"Здесь публикуются арты и может немного щп на тему селфшиппинга ОС х Харви Харвингтон из bloodmoney. Если вам такая тема неприятна, лучше здесь не находиться. Вы были предупреждены.  Основной канал автора: @BlakkyKitty"
sweetiealli,channel,៸៸ 〈 甘꯭い 〉 𝖺゙𝗅𝗅⃨𝗂 ⏤ 𝗰𝗳 𝗑 𝗱𝗮᤻𝗶᤻𝗹𝘆. .,9,
harystudio,channel,Haru Lab,5,
didithurtwhenyoufellfromheaven,channel,on the horizon 🛳️,277,"larry, 1d and other emotional stuff ••• рандомные выбросы мыслей и эмоций ларрие-дирекшионера с щепоткой моей души  по всем вопросам — в личные сообщения канала 🤍"
inesai_ethno,channel,Ethno-show “INESAI”,91,✨ЯРКОЕ УКРАШЕНИЕ ХАКАСИИ✨  фестивали | свадьбы | корпоративы    Открытие торжества  Вывод молодожен (обряд)  Веселый интерактив с гостями  Хакасские стилизованные танцы Сопровождение ключевых моментов
whathehellly,channel,hyundainaya,30,осуждаю ❗️‼️
princeandprincessofwalesxkrits,channel,Принц и Принцесса Уэльские | xkrits,50,единственный телеграмм канал о Принце и Принцессе Уэльских и их детях  Работа Их Королевских Высочеств Принца и Принцессы Уэльских  наш информационный тгк: @infoxkrits. наш основной канал: @historyxkrits
ladyywhistledown,channel,Леди Уислдаун,90,"О мире моды🫰🏻  Удивительные факты и истории о брендах и их создателях, а так же о известных личностях 🖋️ Фото с показов 🪽  По вопросам @alanitta"
hoodancie,channel,ху дэнси,23,gr63 wdc 2026 🧿🧿🧿
bemynywhenhollywoodhateme,channel,elisabeth taylor.,12,
heartystarhate,channel,@heartystarhate,12,
catyshi_inf0,channel,катуши закрыты.Если будет новый проект—сообщим участникам.,3,тут информация о нашем прекрасном флуде.  Наш тт:@catyshifl00d  Начало:10.02.26  конец:29.03.26
ch43rln,channel,о,1,
secretspace1,channel,secret.space ♡,274,
mirae_shop,channel,mirae-shop.ru,759,Официальный канал сайта mirae-shop.ru  Для заказа по г.Санкт Петербургy-TG 89811121573 Для заказа по г.Якутску - W/A Max 89644151199  Наши площадки: https://taplink.cc/mirae.ykt  Инстаграм: https://www.instagram.com/miraeshop.ru?igsh=ZG9ueG5wc21jeXox&utm
mirasheer,channel,Психоаурус,533,Психология.
imfyou,channel,IMFYOU 🔒,279,"Фан и новостник по Мэйби Бэйби, Доре, Лиде, Дед блонд, нексюше связь - @SupImfuBot"
miraberry26,channel,Redberry 🖤 Красна ягодка,152,"Востоковедный лягух и его будни🍀  Пожалуйста, не копируйте материал, взятый с моего канала, без упоминания его источника🌸  Для связи - @mira8berry"
melonyabi,channel,Дыньки 🍈 Мияби,29,🍈 Арты по Мияби с указанием автора 🍈 Обсуждение Мияби и дынек 🍈 Новости о боевой практике Мияби
milliebobbybrownnewsss,channel,MILLIE BROWN ` NEWS,30,14.03 ♰𝐨𝐰𝐧𝐞𝐫: @sirjale  ♰𝐛𝐨𝐨𝐬𝐭: https://t.me/boost/milliebobbybrownnewsss по всем вопросам: http://t.me/anonaskbot?start=oelfhi2sdajy9ltm
mira_zie,channel,Mirazie <3,30,"Я Мира, мне 19 лет  Контакт связи: Личные сообщения канала данного Telegram"
milvers0,channel,ᴍɪʟᴠᴇʀ,17,"боᴧьɯинᴄᴛʙо ʍоих ᴩᴀбоᴛ ʙ зᴀᴋᴩᴇᴨᴇ, ᴀ ᴛᴀᴋ жᴇ инɸоᴩʍᴀция ᴨᴩо ʍоих ᴨᴇᴩᴄонᴀжᴇй. боᴦоᴛʙоᴩиʍ ᴩᴇзиниɸᴇᴩᴀ ( почитайте про моего сыночку пожалуйста )"
miray,channel,miray,20,用户名出售 🤵🏻 @NFTStore
miyabiposting,channel,💋Культ Пришествия Святой Мияби🧿,13,приора мияби
nimfeiafib,channel,ᴛʜe’ ‹ғorest› ɴʏᴍᴘʜ 🔒,4,
mirax,channel,Tonslotcom,12,
designmits,channel,𝙢𝙞𝙩𝙨𝙪 • 𝑑𝑒𝑠𝑖𝑔𝑛,13,Начинающий дизайнер 🐠 Личный канал: https://t.me/mitsssuuu  • Лс для заказа: @mittssuuu
mariaarbuz,channel,МАРИНА АРБУЗ💋,16,Я очень слэй
miranabio,channel,info mirana,5,
thehaileybiebers,channel,𝐓𝐡𝐞 𝐅𝐚𝐢𝐫𝐲 𝐆𝐨𝐝𝐦𝐨𝐭𝐡𝐞𝐫: Hailey Bieber.,3,
matthiaslangwasser,channel,Matthias Langwasser Offiziell,63189,Offizieller Kanal von Matthias Langwasser  Webseiten: 👉 https://www.regenbogenkreis.de/ 👉 https://www.matthias-langwasser.com/  YouTube: 👉 https://www.youtube.com/@MatthiasLangwasserKanal  Instagram: 👉 https://www.instagram.com/regenbogenkreis.de/
officialbadlandsmedia,channel,Badlands Media,15647,Home of Badlands Media
badlands3,channel,ʙᴀᴅʟᴀɴᴅs 悪地 ✨,643,Art  ✍🏻 🎨Music 🎧movies🎥🎬 Instagram: @m.mustafa0.1
oliceinmadlands,channel,Olice in Madland,551,делаю текстоцентричный готический инди-рок   вк - https://vk.com/olice_in_madland тт - https://www.tiktok.com/@oliceinmadland дневник безумия - https://youtube.com/playlist?list=PLuLwJWNP_7NDfSHcsmvNurPCj9SREOGIj&si=EXEjVfh-VQ7j4uOm инст - oliceinmadland
bisslinger,channel,BISSLINGER,572,Личный неформальный канал
johnlawson_tno,channel,John Lawson | TheNationalObserver.co,496,"Editor of Australia’s leading nationalist publication, TheNationalObserver.co • Host of the t.me/BackbenchDrivers podcast • Orthodox Christian  Follow t.me/JohnLawson_TNO"
informwaranalytics,channel,Информационные войны и Аналитика,190,Агрегатор тематических новостей и авторских публикаций
haydamaxcom,channel,Отець Богдан: Haydamax,154,Haydamax: @haydamax Briefing Room: @haydamax_bot
vrednyezopki,channel,🆅REDNIE🆉⭕️PKI🍑™ Крым новости события 18+,73,Вредные Z - ОРКИ / Вредные Жопки.  Мы обсуждаем новости и делимся смешным. СВО. Крым. Симферополь.  Написать админам 👉 @ZhopkiSimf_bot
moonpetlegendgroup,group,Moonpet Legend Official,1674,Moonpet Legend is a complete platform of Digital Pet Play To Earn & Yield Farming on the BSC. 🌐 Website - www.moonpetlegend.com 📣 Channel - t.me/moonpetlegendchannel 🐦 Twitter - twitter.com/MoonpetLegend 📚 Documents -  TBA 🕹 Testnet Games - TBA
moonpotdotcom,group,Moonpot,4614,"The win-win multi-chain savings game, where every ticket earns you interest | Moonpot.com Group: @moonpotdotcom Announcements: @moonpotdotcom_alpha Admins will never DM you or ask you to DM them."
moonpatrol_chat,group,Moon Patrol Chat,2713,Канал: https://t.me/+rvWb50IXdhlkNTJi
moonpoll1,channel,Moonpool [ЩП],1009,@moon_predlojka_bot — предложка  http://t.me/letsqbot?start=mncxb — анонимка
moonx_bet,channel,MoonX.bet | Trading Meme Coin!,24,"Get the latest MoonX.bet coin launches, alpha drops, trending memes & trading updates — no noise, just signal."
moonpyps,group,Пиар чат лунных пупсов✶,535,ИНФО ПОСТ https://t.me/moonPyps/77   Юз владельца: @WaningMoonCAT Канал: https://t.me/kyrutb_ploxo Автор авы: @Waffleacat449
moon222q,channel,𝙼𝚘𝚘𝚗𝚕𝚒𝚐𝚑𝚝•𝟸𝟸𝟸,1107,вся информация: https://t.me/moon222q/4
moonwellfichat,group,Moonwell Chat,6761,Official Moonwell Telegram Group  App: https://moonwell.fi Discord: https://moonwell.fi/discord Announcements: @moonwellfi Twitter: @moonwelldefi
moonstonegameschat,group,Moonstone Saga (official community),4128,https://x.com/MoonStoneGames
kingoflegends_channel,channel,PEPE to the MOON,700,Crypto signal x100
tokenpocket,group,tokenPocket inc,581,"The Telegram Group of  Ethreum Wallet App "" tokenPocket"" https://tokenpocket.jp/en/  🔥Our Admin NEVER DM you first!!  For FAQ:  https://medium.com/@tokenPocket_jp/tokenpocket-faq-37623460b199"
moonlight200666,channel,moonlight...,194,Between moonlight and words،you will find something worth to reading @hashmnewseat99bot
moonkvest,channel,ℒ𝓊𝓃𝒶𝓇𝒞𝒜𝒯🐈‍⬛,131,𐌿ρ᧐ʙ᧐дᥙⲙ κʙᥱᥴᴛы κᥲκ у Е᧘ᥱны Рᥲᥔᴛⲙᥲн.
mooncherr_ai,channel,MOONCHERR,161,MOONCHERR | КР | ЛМ | СХС |   Канал содержит материалы для совершеннолетней аудитории | 18+  По всем вопросам: @kiskkiss
moonflokidefi,channel,MOON FLOKI 🐕,95,
yourmooncrown,channel,your moon crown 月冠 🌙,91,
moon_lotus_pond,channel,РЕСТ 🪷Пруд лунного лотоса | Чи Юэлянь 🪷,84,"творчество, косплей, шитпост и акварель"
xpetchina,group,Xpet Intl,54,Pet card XPET  The Pet is an extension of XPET (Monster World) and is the worlds first game value storage pet on EOS.  https://xpet.io/index.html
lunarsongsbylen,channel,Lenar Eclipse.,92,زن، زندگی، آزادی.  http://t.me/HidenChat_Bot?start=1868456872
lunarynkit,channel,‌ ׁ ۪ 𝓡𝗈𝗌𝖾 𝒫𝖺𝗐𝗌 𖦹 ٭࣭,64,"ᵇᵒʳⁿ ᵒᶠ ᵐᵒᵒⁿ ˢⁱˡᵉⁿᶜᵉ  ʷʰᵉʳᵉ ᵗʰᵉ ˡⁱᵍʰᵗ ᶠᵒʳᵍᵉᵗˢ ⁱᵗˢᵉˡᶠ جدیه، شوخی بگیرید.  ‌‌               ࣪ ִֶָ☾. ٭ 𝓣𝓪𝓵𝓴 𝔀 𝓶𝓮 , @iciclestarBot https://t.me/HarfChatBot?start=5af0dd3c7f49"
moon_bag_trades,channel,moon bag,29,"гаражный криптотрейдинг  жизнь висит на нитке, а думаем о прибытке 😈  No crying in the casino   каналы спутники: ⚡️ @whats_up_in_crypto ⚡️ @claim_tokens_tg"
moonartgips,channel,Moon Art🌙,41,Moon Art ~ siz uchun Oy nuri kabi sokin va nafislik taqdim etadi✨ Mehr bilan yaratilgan nafis buyumlar✨  Murojaat uchun: @KlubnikaAdminka Bog'lanish uchun: +998971597202
m00nwitch,channel,. ݁ lɘ𝗋𝗈𝖿𝖾𝗒 ˚☽.⋆,30,A witch from the moon~       ⋆ @GiniroMoon_bot ⋆                          Intp - she/her https://t.me/SendHarfBot?start=4285130ff60b
moon_knight_chinese,group,Moon Knight 中文社区🇨🇳,9,🌏 Website: https://moonknightbsc.xyz/ 🐦 Twitter: https://twitter.com/MoonKnight_BSC 🎉 Official Community: https://t.me/MoonKnight_BSC 🎉 Chinese Community: https://t.me/Moon_Knight_Chinese
mooncosbend,channel,Лунный косбенд,10,"Тгк косбенда ""Лунный""  По поводу вступления @Mizulele"
moonpets_nft,group,Moonpets place holder,7,
moonpatrol,channel,Moon Patrol,21,
moonbackkev,channel,✨MoonBack✨,19,
moonlilbeans4u,channel,🌘 Moon's lil beans 🌒,13,Commissions are open ✨ Enjoy my art and memes! 🫶
moonmoontoken,channel,moonmoontoken,3,
moonkingtoken,group,MoonKing Official,11,
moonmoonchannel,channel,MoonMoon Channel,4,
memepet_bot,bot,MemePet,,welcome 2 our meme pawty!  channel: https://t.me/memepet_tg twitter: https://x.com/memepet_game
moonpacket_bot,bot,moonpacket_bot,,Crypto red envelopes in Telegram. Claim rewards in-chat. In active development. Help: @moonini_helper_bot
moonfaceit_bot,bot,Moon Faceit 🌒,,"Привет, это фейсит по Moon Project! Вопросы / Сотрудничество / Баги - @MoonRelaxFaceitGroup"
monkey_paw_bot,bot,MONKEYS,,🐾 MonkeyPaw – The TON Claw Machine Powered by  @tonblockchain
moonbergai_bot,bot,MOONBERG AI BOT,,"MOONBERG - KNOWLEDGE IS PROFIT  Ex-Binance, Kraken, UBS.  700+ data points.  Join us @moonbergai"
moonstarmainchannel,channel,Moonstar Main Channel,51078,မင်မင်တို့ချန်နယ်ကနေ BL/GL ကားကောင်းကောင်းလေးတွေကို အမြန်ဆုံးကြည့်ရအောင် တင်ဆက်ပေးမှာမို့ လက်မလွတ်ရအောင် ချန်နယ်လေးကို Join ထားပါ ကြော်ငြာကိစ္စများ ဆက်သွယ်လိုပါက @Z1ngZing သိုမဟုတ် 09420723157 သို ဆက်သွယ်နိုင်ပါသည်။ စလော့ဂိမ်း 2D 3D ကြော်ငြာများ လက်မခံပါ။
lunardolphins,channel,LUNAR DOLPHINS,4803,реклама — @lunardolphins_reklama  по всем вопросам : @m_matskevich  @gardenn7 другие мои каналы @garden_of_heavenly_delights  группа вк : vk.com/communitylunardolphins мой инст : instagram.com/garden_of_heavenly_delights
monstercheetaharts,channel,🔞Monster Cheetah Art Channel🔞,1217,Art channel of MonsterCheetah official arts!
moonzychannel,channel,𝐌𝐨𝐨𝐧𝐳𝐲’𝐬 𝐟𝐚𝐧 𝐜𝐥𝐮𝐛 *ೃ༄,520,"telegram channel of Moonzy!(He/Him)✧.* Will contain sfw and nsfw! I’ll post updates, arts, animations, wips and fursuit pics as well!! No minors!!  contact *⁀➷ @moumoonzy for any question!"
rostovchat1,channel,scrub chronic,917,prison lumber @cupec
moonliass_channel,channel,𝐌𝐎𝐎𝐍𝐋𝐈𝐀𝐒𝐒,308,𝒐𝒘𝒏𝒆𝒓:  𝒊𝒏𝒇𝒐: https://t.me/infomoonliass 𝒃𝒐𝒐𝒔𝒕: https://t.me/boost/moonliass_channel
moonpiefun,channel,Moon Pie Community,53,The Safest Meme Launchpad on Asset Chain
moongptnews,channel,MoonGPT • News,29,🔥 News about @MoonGPTBot  @iceDSGN 🖤 @iceLinks  For all questions: @artemii
moonbeamnetwork,channel,MoonbeamNetwork,61,@MoonbeamNetwork
moonstrxck,channel,◜ℳ𝗈𝗈𝗇︎ Ɨ 𝗌𝗍𝗋𝗎𝖼︎𝗄︎́◞,147,𝒮𝗂𝗅𝖾𝗇𝗍 𝗆︎𝗈𝗈𝗇 ː @moonickbot 𝒮𝗂𝗅︎𝗏︎𝖾𝗋 ː @starlitechox
emoplesen,channel,лужа бензина,29,
mychannelreally,channel,LARP MEMES,135,СОЗДАТЕЛЬ - @LARPFIVFIV ПРЕДЛОЖКА ДЛЯ МЕМОВ - @LARPMEMES_BOT
moonbitchannel2,group,МунБит инфо🌔,78,"Тут мы оформляем дс, отложку, отслеживание ❤"
moonphuwinni,channel,🔒|𝘮𝘰𝘰𝘯𝘭𝘪𝘨𝘩𝘵,45,буст: https://t.me/boost/moonphuwinni
artem_gameleon,channel,https://t.me/Artem_Gameleon,63,
moekachannel,channel,Moeka的碎碎念Channel,61,频道即刻转型 Moeka碎碎念～ 这里是记录我的日常和日常追番补番进度的频道哦=_= 新更新的补番推送会带截图～追番避免剧透就不带了。  PS：我永远喜欢百合、百合、百合、LOLI、LOLI、LOLI  联动推广 @The2ndDim  戳这里：https://t.me/Moeka
milletfamilyecofamily,channel,method journey,22,work push @cupec
mooncatai,channel,MoonCat AI,15,Join Group t.me/MoonCatAiGlobal
imrealmoondrip,channel,Moondrip,37,thank u @eshka_port И если Аляска совершила самоубийство.Я бы хотел успеть вселить в неё надежду.
moli_channel,channel,MOLi Bot 廣播頻道,43,
morkchannel,channel,mork woq,34,привіт всім я морк арт канал с щп
pumpchatai,channel,PumpChat,16,
pegoofficial,channel,moral excite,35,steel blast @cupec
mooncardschat,channel,https://t.me/mooncardschat,6,
hoppai_eth,channel,HOPPAI_ETH_PORTAL,27,
mooncapitalchannel,channel,Moon Capital,12,Link gr: https://t.me/MoonCapi
binstarterannouncement,channel,BinStarter Announcement,25505,
tbasm,channel,دوستانه,1613,تاریخ ایجادکانال۹۸/۸/۲۲   کانال دوستانه مطالب متنوع 👇🏻   عاشقانه❤  طنز😂  آشپزی🥗   پزشکی👩🏻‍⚕️   آموزشی📚  @tbasm
tourbillionapp,channel,Tour Billion,538,Official Website: https://tourbillion.app/ Official Twitter: https://twitter.com/tourbillionapp
ts_mba_students,group,Telangana MBA Students,92,
testnetlife,channel,Testnet life,877,"💭Testnet life - это объединение любителей фиксировать прибыль... Крипта, IDO, Whitelist, раздачи, диванная аналитика.  Наш ламповый чатик: https://t.me/testnetlifechatik  Связь: @tagir_work"
testnet_hunter,group,Testnet_Hunter,123,
testnetmagic,channel,Crypto MAGIC,1138,Testnet / Airdrop / Givaway Чат https://t.me/testamba
mweb_testnet,group,Litecoin MWEB Development,538,MWEB DEV Room  - Check pinned messages - Keep LTC (price/news/x) related discussions ➡️ @Litecoin
testnetchat1040,group,1040 | Чат по тестнетам,509,Канал чата: https://t.me/Capital1040  В этом чате обсуждаем тестнеты! Для общих тем по крипте есть другой чат: https://t.me/+2LE30xt9wCQ3Mjc0  ❗️Правила чата: https://telegra.ph/Pravila-04-27-225
sotochkazela,channel,100k$Road,777,Чат - https://t.me/+1tz0e0yKslliNjVi
fastestnets,channel,فیلتر شکن | وایرگارد | گیمینگ | پرسرعت,3296,سفارش و ارتباط با پشتیبانی: @FASTOVPNSHOP
penelopa_live,channel,Penelopa ❤️,208,Украшения и аксессуары премиум-класса. Европейские бренды. ✔️Инстаграм https://www.instagram.com/_.penelopa._/ ✔️Шоурум - м. Преображенская площадь. ✔️Личные сообщения @tyutelka_v_tyutelkah +79852254677
mehaton_channel,channel,Мехатон,101,"МЕХАТОН — инженерное сообщество промышленных предприятий России!  Комплексные решения для водоснабжения, теплоснабжения и энергоэффективности — от маркетплейса Kairosmart до производства холодильного оборудования «Кайрос Интеграция».  @kairosengperm"
barxolod,channel,«Холодный Уголок»,81,"Бар ""Хриплый Сталкер"" https://t.me/xripstalker Так же если вас интересуют товары по Сталкер то обращайтесь в магазин «Хабар в мешке»  Ссылка на вк vk.com/habarvmeshke86 Бармен-повар: Холод. Техник: Новиков."
cuart24,channel,CU ART,479,"Канал для ценителей эксклюзивных медных  украшений, наполненных теплотой нашей души ❤️"
drofa_art,channel,АРТеФактУм Творческая мастерская Медные украшения ручной работы,302,"Превращаю дары природы в медные артефакты — авторские украшения ручной работы.   Медь, природа, немного магии — и ваш образ скажет ""ВАУ""  Для заказа пишите  @DrofAArt"
nepridumannie,channel,Непридуманные истории,219,"Делюсь реальными историями, как пройти через огонь, воду, медные трубы и не свихнуться. Радоваться жизни каждый день. Быть всегда собой. Менять свою жизнь независимо от возраста! И рулить ею, чтобы она не рулила тобой!  Распутываю нити жизненного пути!"
veskara,channel,Весенняя карамель🌿 | Украшения | Гальванопластика,113,"Создаём медные копии натуральных листьев, веточек и цветов методом гальванопластики.  Наши броши, серьги и колье станут изюминкой Вашего образа и перенесут Вас в лесную сказку: гармония природы в каждом медном изгибе!  По вопросам- @VezKara"
mactephouse,channel,МАСТЕР HOUSE,334,"✔ Все кажется невозможным, пока не будет сделано.  ✔ Практические руководства по разным житейским вопросам и не только.  ✅ Сотрудничество emailmaster@mail.ru  👉 youtube.com/@MACTEPHOUSE 👉 rutube.ru/u/MACTEPHOUSE/ 👉 dzen.ru/masterhouse"
termiko24ru,channel,Сантехника СПб | Опт и розница https://termiko24.ru,322,"Сантехника СПб | Опт и розница  https://termiko24.ru  Подбор и комплектация цена/качество. Производство #сантехнишаназаказ  Квартирные, коллекторные узлы под ваши задачи, бюджет, интерьер. Заказ info@termiko24.ru Чат этого канала https://t.me/termiko24"
utruby,channel,У Трубы. Еда и Вино.,434,"Я, Сергей Труба, люблю интересные вина и хорошую закуску, сам себе сомелье. сам себе шеф. Член РАС с 2019г.  c вопросами сюда @invinoveritas321 сидродельня https://t.me/Podsol_cider видеорецепты https://www.youtube.com/@U_Truby https://dzen.ru/u_truby"
solyankaonelove,channel,солянка со сметанкой,317,титьки техно трубы  тыкать: https://t.me/boost/solyankaonelove  18+
hencorus,channel,Henco Rus,284,"Официальный канал компании Henco Rus. Новости бренда, рынка, особенности монтажа.  Henco - это системы отопления, водоснабжения и теплого пола из Бельгии. Трубы, фитинги, коллекторы, автоматика."
forexmanipultion_club,group,FOREX MANIPULATION (CLUB),55398,🌍 www.forexmanipulation.com  📥 E-Mail > Info@forexmanipulation.com  👇🏻 For Customer Service & quarries 👇🏻 https://t.me/ForexManipulation_Team
bitcoineurope_group,group,Bitcoin Europe [],238,Want to make your project 10x?🔥   Want to make your project to the moon? 🚀   Want to buzz up your community? 📣   Just CONTACT us ✉️  @tradeconsultant    @cryptocurrencies_signals
metalandzenglish,group,METALANDZ - Official English Group,329,🌴Welcome to the Jungle Society🍃  Website: https://metalandz.tech Open Jungle: openjungle.tech Polyjungle: polyjungle.tech   BUY HERE: https://pancakeswap.finance/info/token/0xdd26a25f872d87da9f0de9652085bcc8c1923ddc
art_metall_chat,group,⚒_Art Metal Chat_ ⚒,265,🔥Наш основной канал: 👉 @Meta1_Art  🔥Доска объявлений: 👉 @baraholkaArtMetall  🔥Обратная связь: 👉 @Adm1n_Art_Metall
argentinametal,group,🤘 Argentina Metal 🤘,160,"Argentina Metal es un grupo pensado para interactuar con gente del palo y crear, mantener y sostener una comunidad de gente afín.  Publicá el material de tu banda. Publicá próximas fechas. Interactúa (casi) como se te cante.  ✠ ¡¡¡¡Compartí el grupo!!!! ✠"
cryptomaticgroup,group,CryptoMatic Group,418,"Join our community to learn about using CryptoMatic Bot, ask your questions and offer your advice."
metalist_chat,group,Дворик 💛💙,270,"Про Металіст, просто футбол, про все і ні про що 💬"
cryptobeginnerschat,group,Crypto Beginners,361,Group Link - @cryptobeginnerschat Channel - @cryptobeginnerchannel Partner - @kayoindex Can always ask for doubts 🔗 English Chat 🔗 No advertising  🔗 Respect each other  🔗 No NSFW  🔗 Don't share group link to random people @CryptoCommunityLegacy
euromeddental,channel,Евромед Дентал (Euromed Dental),313,"Блог о здоровье зубов♥️детей Отделение стоматологии Евромед Кидс @euromed_kids  Здесь вы узнаете как правильно заботиться о зубах ребенка, чтобы сохранить здоровую улыбку!  Онлайн-запись к стоматологу @euromed_kids_bot"
goldcointalk,group,Goldcoin Talk,337,The Official Telegram Group of Goldcoin (GLC)  Web        -  goldcoinproject.org X              -  x.com/goldcoin Discord  -  discord.me/goldcoin Dev         -  github.com/goldcoin  All rights reserved. Released under the MIT license.
metalstreetreborn,group,Metal Street,93,"Gruppo a tema Metal/sottogeneri. Condivisione musicale, blasfemie e depressione Vieni sul nostro server discord: https://discord.gg/H5BK4yq  Network: https://linktr.ee/GamersInn"
metal_friends_turkish,group,🇹🇷Metal_Friends_Turkish🇹🇷,73,Welcome to Metal Friends! We're a multi-project ecosystem on #BSC  ✅ STAKING NFT APY 2400% ✅ 500 unique NFTs  ✅ LowTax: Buy 0% Sell 6%  ✅ P2E Game is Ready  💎SAFU 💎KYC 💎 Audited  ✅MAIN @metal_friendschat  https://metalfriendsnft.com/
tsdentalgroup,channel,TS Dental,94,
pulsipoteki,channel,Пульс ипотеки,1217,"Публикуем подешевевшую, подорожавшую и новую ипотеку на недвижимость. Мониторим ставки по ипотеке во всех банках ежедневно.  По всем вопросам: @pulsipoteki_admin_bot"
sotnich_ipoteka,channel,Сотнич PRO ипотеку и недвижимость,423,"Евгения про ипотеку и недвижимость в Москве и Питере без выезда из Улан-Удэ, тел 89246516679"
realty_hunter13,channel,Realty_hunter,273,"☎️8-926-132-4888 ИПОТЕКА, НЕДВИЖИМОСТЬ  📲Бесплатная оценка недвижимости 💼Купля-продажа, юр.сопровож 💻самая большая база,проверка объекта 🆓Консультация бесплатно"
ipotekarefinansirovanie,channel,ИПОТЕКА/СТРАХОВАНИЕ,72,Одобрю для Вас ипотеку с максимально выгодными условиями.   Рефинансирование ипотеки.   Все виды страхования   Консультация бесплатно 🎁
ipoteka_vtb_primorskykrai,channel,Ипотека Приморский край 🌊,675,"🏡 Всё об ипотеке в одном месте 🏡Обзоры актуальных программ, свежие новости и полезная информация каждый день"
sokol_ipoteka,channel,Ипотечный брокер Ксения Сокол,361,"Профессиональный ипотечный брокер и официальный партнер 27 банков, помогу:   ✅ Одобрить ипотеку  ✅ Провести сделку от А до Я ✅ Даже без оф. дохода, в декрете или после отказа  За последний год с моей помощью более 70 семей стали обладателями своего жилья"
ipotekoved,channel,Ипотековед,3055,"Канал про ипотеку: новости, ставки, банки и программы поддержки от государства. Автор Артем Васюкович - ипотечный брокер, инвестор и блогер.  Купить рекламу: https://telega.in/c/ipotekoved ❗️При перепечатке ссылка на канал обязательна"
orzularmakoni_eb,channel,Elite Building - Orzular makoni,613,• 10 yildan buyon xalq xizmatida • 5 yilga muddatli to'lov • 15-30% boshlang'ich to'lov +998 78 555-11-77
fedyuninlife,channel,Олег Федюнин | О недвижимости и инвестициях,222,"🏠Лучший по НЕДВИЖКЕ Помогаю: -Получить ипотеку под 0.1% -Купить недвижимость без денег -Самые выгодные новостройки без комиссии -Продать по MAX цене 💴Провожу трениниг Денежный поток.  Инвестор, 6 пассивных источников дохода Консультации @Olegfedyunin"
airatsafiullin,channel,airatbroker | ипотека • недвижимость,370,"Привет! Меня зовут Айрат Сафиуллин. Работаю с ипотекой по всей России, чтобы вы: • начали инвестировать в недвижимость • переехали в новую квартиру • построили свой дом  📍Москва, Казань, Санкт-Петербург, ОАЭ  По всем вопросам пишите @Airat_Saf +7927482080"
jetexpay,channel,JetexPay | Swift & SEPA переводы | Оплата инвойсов | Выдача наличных,990,"Официальный канал JetexPay  Поможем оплатить инвойсы с минимальной комиссией, получить наличку в любой точке мира и сделать выгодную перестановку средств. Рассчитайте стоимость в нашем боте @JetexPayManager_bot быстро и без лишних действий."
kupi_v_moskve,channel,Вся правда о московской недвижимости | риэлтор Ирина Дозорцева,960,"Московский риэлтор с 15-летним стажем, которая справится с любыми вопросами по недвижимости.  На канале честные обзоры, удивительные кейсы и масса полезного контента о московской недвижимости.  Консультация @dozortsevairina"
kinetik_uds,channel,UDS Партнёры Москва,369,"ЖК Кинетик, г. Москва, Дмитровское шоссе, д. 75/77"
delovaya_maya,channel,Деловая блондинка Майя Павлова,124,Управляющий партнер агентства элитной недвижимости Chase R.E.S.   Знаю всё о недвижимости Москвы. За индивидуальным подбором сюда 👉 @pavlovamaya05  Канал моего агентства с горячими предложениями на рынке 👉 https://t.me/RealEstate_PoDelu
aitopify,channel,Ai Topify,431,"Канал про Ai, новости и обзоры нейросетей и выгодную оплату подписок."
znatni_house,channel,ЖК «Знатный» | Санкт-Петербург,218,"Дом с историей в Московском районе 📍ул. Коли Томчака, дом 21, Санкт-Петербург  ▪️Удобная транспортная доступность ▪️Панорамный вид на город ▪️Закрытая территория ▪️Подземный паркинг"
smart_estate_agency,channel,СМАРТ.Новостройки,59,"Квартиры в новостройках  Подбор под ключ:  ✔️ Только проверенные застройщики ✔️ Полное сопровождение: от запроса до сделки ✔️ Актуальные ЖК и планировки  ✔️ Скидки, акции от застройщиков   Позвонить нам:  +7 (343) 383-05-51"
svoya_v_nedvizhke_spb,channel,Своя в Недвижке СПб| Ковалёва Екатерина | Недвижимость Санкт-Петербург | Риелтор Питер,92,"Меня зовут Екатерина Ковалёва. Своя в мире недвижимости Петербурга.  Разбираю новостройки и вторичку без розовых очков и застройщиков-любимчиков.  Кейсы, закулисье — чтобы не вляпаться и не переплатить.  Работаю «на совесть».  Консультация @zetakovaleva"
yardrealty,channel,Недвижимость Юга | Ярд,334,Будь в курсе новостей и горячих предложений недвижимости на Юге России вместе с нами! Публикуем горячие предложения и рассказываем свежие новости🧡  Сайт - https://yard-realty.com Инстаграм - https://www.instagram.com/yard.rostov.taganrog
fcprideru,channel,Финансовая Компания «ПРАЙД»,230,Лидеры в Калужской области 🌐https://fc-pride.ru  🔴 Банковская гарантия 🔴 Страхование  🔴 Кредит 🔴 Лизинг 🔴 Факторинг 🔴 ВЭД под ключ  🇷🇺Работаем по всей стране Получить консультацию - @fcprideid  🔍https://yandex.com/maps/-/CHrsMY--
ayringreen,channel,Айрин Грин | Недвижимость,60,Канал Айрин Грин об инвестициях в недвижимость.   Автор канала: @greenayrin
maiorov_partner,channel,АН Майоров и Партнеры.Недвижимость Крыма,278,"🏡 Канал про безопасную и выгодную покупку недвижимости в Крыму  💼 26 лет опыта | Система сопровождения до результата 🧭 Навигация в закрепе - https://t.me/maiorov_partner/217 💬 Есть запрос, пиши  👉 @Marinamma"
kvartira_for_you,channel,Главное - Квартира!,131,"Здесь вы узнаете, как выбрать идеальную квартиру в новостройке, выгодно инвестировать.  Кейсы, разборы ЖК бизнес-класса, семейная ипотека без сложностей, реальные истории клиентов и мои рекомендации — как купить лучшее жильё.   Консультация: @homeVsem"
moskalevpro,channel,МоскалёвPRO...,171,"Пофессиональная аналитика рынка недвижимости в городе-курорте Сочи и на Черноморском побережье. Вы получите возможность выгодно купить квартиру, дом, коммерческую недвижимость, апартаменты дешевле рынка на 20-30%. Оформить ипотеку со скидкой на ставку."
tatabond_pronedvizimost,channel,🏘️Татьяна Бондарева | Pro недвижимость,124,"Помогаю выгодно купить, продать, инвестировать, новостройки под 0%, межрегиональные сделки. Чек-листы, разборы, лайфхаки."
metacringetriumph,channel,Торжєство Мета-Крінжа,639,ШУЕ ППШ
mautrix_telegram,group,Mautrix-Telegram Bridge,512,Discussion about mautrix-telegram | English only | Latest release: v26.06 | https://github.com/mautrix/telegram | Bridged to https://matrix.to/#/#telegram:maunium.net
metri_39,channel,Коммерческая недвижимость,214,"Канал по Коммерческой недвижимости Калининградского региона для, инвесторов, предпринимателей,  бизнесменов и риэлторов.  #полезнаяинформация #срочнаяпродажа #инвестиции #новости #законы #юмор #life  Для связи: @Vyacheslav_Bizyakin Tel.: 8(909)797-12-12"
truetreasures,channel,TrueTreasures,876,Ищем связь между духовным и материальным. Воплощаем в предметах https://truetreasures.ru/
fraktal_soznaniya,channel,Фрактал Сознания,210,"🔆 Фрактал исследователей и единомышленников, формирующих здоровую среду для целостной и гармоничной жизни  ♾️Исследуем жизнь через опыты души, сознания и духа  🔥утренние зарядки  💫альтернативная медицина  ✨творческие ретриты и лаборатории"
khamdamovaa_alena,channel,"Энергии,архитектура жизни",513,Добро пожаловать! 🌟  В этом канале мы изучаем самопознание и управление реальностью. Делюсь методами создания баланса в жизни и раскрытия способностей. Присоединяйтесь для вдохновения и изменений! 💚✨
gulginatselitelv,channel,МАСТЕР СВЕТА ПРОВОДНИК ЭНЕРГОПРАКТИК-ЦЕЛИТЕЛЬ КОНТАКТЕР МЕТАСОМАТ РЕГРЕССОЛОГ РУНОЛОГ ДИАГНОСТИКА ПО ФОТО✨,277,"""ИСЦЕЛЕНИЕ ДУШИ И ТЕЛА""  ИСЦЕЛИМСЯ  ВМЕСТЕ  https://istselimsya-vmeste.tilda.ws/  ПЕРВИЧНАЯ КОНСУЛЬТАЦИЯ БЕЗОПЛАТНАЯ запись в личку @gulginaavizo"
fonshteynegypt,channel,Валерия Фонштейн | Все об энергиях,181,"🔮Энерготерапевт, медиум, космоэнергет Валерия Фонштейн.  https://fonshteyn.com/  Единственный канал с реальными потусторонними советами для обычной жизни. ✍🏻Первая безоплатная консультация с диагностикой, запись строго @Fonvalery"
evgesha_gran_prozdorovie,channel,Секреты здоровья от Евгении Гранкиной,180,🔸помогу тебе составить здоровое питание без строгих ограничений 🔸покажу как улучшить самочувствие через введение полезных привычек 🔸подберу тебе индивидуальные схемы нутрицевтиков для здоровья и энергии ❗Первая консультация БЕЗОПЛАТНАЯ
situationopendoors,channel,Ситуаційний центр «Отворені враті»,500,YouTube: https://www.youtube.com/channel/UCvKmhDwvLRtuohvQdKUEnIw  Instagram: https://instagram.com/opendoors_situational_center?igshid=YmMyMTA2M2Y=
strange_situation_cf,channel,𝙎𝙏𝙍𝘼𝙉𝙂𝙀 𝙎𝙄𝙏𝙐𝘼𝙏𝙄𝙊𝙉 𝘾𝙊𝙉𝙁𝙀𝙎𝙎𝙄𝙊𝙉,335,скинуть тейк туут @StrangeSituationBot
situationjeeptd,channel,Situationjeep робить сальто,231,Бред расиста
malathsoul,channel,𝕄𝕝𝕠𝕫 |مًلَآذِ,159,هنا تُكتب المشاعر بصمت... إن راق لك المكان، تابعنا. 🤍
yasicc,channel,cc,180,t.me/HidenChat_Bot?start=7554184724
insnowycottage,channel,در حاشیه هستی🌏,138,من هستی‌ام، دانشجو و عاشق کامپیوتر💙🪼  اینجا هم یه پناهگاه کوچیک وسط شلوغی دنیاست❄   http://t.me/HidenChat_Bot?start=210640630
ss_z_j,channel,"لـ,ـ زعـٖ𝒛ٍٰ𝒂ٍ𝒚𝒎ـيمٖᵛ‌ᵎᵖ",44,
situativka,channel,Ситуативка ситуативочка,25,"Ситуативка, как инструмент планирования трафика и контента https://t.me/angelrelations/1252"
california_vibes,channel,California vibes️️️,17,@nflzafarbek
situation_0,channel,Cf | situation 🍷,7,Бот  для тейков - @situation01_bot
bxflwj,channel,冰雪和平精英公益改文件分享官方频道🇨🇳,45347,冰雪公益外挂资源分享主频道 主要更新和平精英，三角洲，暗区突围，无畏契约 长期更新大量公益外挂项目  频道广告与本人无关 诈骗可投诉退款 您好，Telegram，本频道不违反服务条款，并承诺不违反您的服务条款。请保护本频道免受破坏 如有问题联系 @vip_k88
wznb789,channel,.,2526,无论任何人下载本人/本人频道/本人群聊内所发的全部文件皆请在24小时内必须删除！谢谢您的配合，如不删除则请你自行承担全部责任，如你下载了文件则默认同意该规则。 ☆全版本公告声明☆ 本系列作品仅供学习研究，使用者的任何行为与应用作者无关，请在24小时内删除本应用[下载代表同意本协议] 若有侵权违法行为，请联系我方删除内容🤝 项目唯一项目负责人 @baosfuhao
torrenttop100_com,group,Torrentwereld / Torrenttop100.com,251,"Onderdeel van Torrenttop100.com  Laten we hier eensgezind met elkaar communiseren, hou het netjes en deel je materiaal.  Discussies en aanvallend gedrag wordt beloond met verwijdering.  De eigenaren van Torrentop100.com beheert en heeft de regie."
irbirr1,channel,ПЕРЕЕЗД Ырбырыще (16+),56,Просьба прочитать закрепы
vovershering,channel,15:50,35,inst: by.vovunya
lettersforfreedom_amsterdam,channel,Письма политзаключенным Амстердам,96,Всем привет! Это канал команды вечеров писем в Амстердаме. Давайте писать письма и открытки вместе ✍🏻
iq_city_mariupol,channel,МАРИУПОЛЬ 2.0 🌅 ГОРОД БУДУЩЕГО,243,"Каким может быть современный город?  Об урбанистике и не только. Инновации, инфраструктурные, архитектурные, информационные проекты. Идеи и опыт со всего мира. Репортажи, опросы и обсуждения."
icfrotterdam,channel,ICF Rotterdam,68,"Wij dromen van een kerk die dynamisch, echt en actueel is voor iedereen. We geloven in God en proberen elke dag meer op Jezus te lijken. We integreren ons geloof in ons dagelijks leven en hebben we geweldige vriendschappen. Kijk op icf.church/rotterdam"
control_v_loophole,group,algo randm🧅🦕,676,i am unapolgetically insane in a exciting and new direction everyday. LGTBIQACAB   functionally a channel except fuck telegram ads.  my activity here is not representative of my availability for DMs  if you can read this you are not safe.
stdlib,channel,zhongfu's inane ramblings,86,funny blog or something idk lol  for me to keep track of the stupid shit I do
dirty_photo_business,channel,Грязное белье фото-бизнеса в США,236,Инстик: https://www.instagram.com/mattmyles.art
bohaishibei,channel,博海拾贝,513,博海拾贝官方 Channel https://bh.sb/
battlele,channel,Battlele's Channel,33,Think of the world… Written by @battlele6
unbearabletoxic,channel,Невыносимая токсичность бытия,39,"Бытие токсично, но смешно.  Дневничок обычной бабы."
sam_iniciator,channel,Инициатор,54,Инициатор абсурда. Тут всё время пишут какую-то ерунду. Часто это вообще бредовая фантазия. Мы не имеем к этому никакого отношения.    Чат:  https://t.me/sam_iniciator_chat
typicalboringlife,channel,Скучная жизнь.,53,Что-то вроде блога.
benefisidiotizma,channel,Бенефис идиотизма,49,Всё о немногом и немного обо всем. Истины вы здесь не найдёте.
shit_ip,channel,Все очень сурьезно :/,22,
d_d_e6,channel,.𝑴 𝑩 𝑺.,855,كن لطيفاً لأن بعد الحياة زوال. Be kind because life is fleeting. قناة الثقه @n_n_v6
baklenevaka,channel,kindness and beautiful 🤍,796,I am a museum of everything I’ve loved
jaeibarayesabzbooodan,channel,جایی‌برای‌سبزبودن🪴,245,آدم امن خودت باش. نمیشه به کسی پناه برد. شاید اینجا: @Saabzaak_bot
prettliachoi,channel,2ㅎ Inside Stillness,29,
happinessinf,channel,𖦙ꪖρρìꪀꫀᦓᦓ 𝒾𝓃𝒻𝑜,24,Навигация: @CuteSakaiMoka
sc_artists,channel,Sweet cream🍰🍦,3,Творческая зона хороших людей!🍰
politie_geweld,group,Politie Geweld 👮‍♂,156,De Politie heeft geen idee dat zij onderdeel zijn van een criminele organisatie. Deze groep draagt haar levensbeschouwelijke visie uit op de organisatie “Politie” onder artikel 1 van de grondwet en vrijheid van meningsuiting.
overedited,channel,Overedited,312,"Обрезки работы и мыслей бывшего главреда, контент-продюсера и недодизайнера. Пишу нерегулярно.   Не только про работу: @mrjoneck_blog  Библиотека https://wealthy-spider-997.notion.site/mr-joneck_library-8c47a763936747e9828d3a26968ad9c2"
khalchenkopartners,channel,Адвокатское бюро «Хальченко и партнеры»,469,Канал об адвокатских буднях Коротко и просто о сложном и тяжелом От рядовых событий до поучительных историй  Сайт https://xplaw.ru/ ВКонтакте https://vk.com/club211836208
overtaaa,channel,Оверточка в отпуске,82,Что-то о работе и новостях начинающего стримлера
welcometorotterdam,group,🇺🇦 WELCOME TO ROTTERDAM 🇳🇱 Чат Роттердам 🇺🇦,1092,НЕСОГЛАСОВАННАЯ РЕКЛАМА ЗАПРЕЩЕНА По вопросам рекламы и предложений Администратор : @heynastasia
rotterdam_baraholka,group,Роттердам барахолка,545,
renthuis_rotterdam,channel,Renthuis Rotterdam 🏡,236,"Stay ahead in the Rotterdam rental market with timely updates! 🏠 Discover new listings promptly, ensuring you're in the loop with the latest rental opportunities.  https://www.renthuis.com/?ref=tgrot"
ru_denhaag,group,Den Haag Community RS,1696,"Русскоязычная группа жителей Гааги |  Мероприятия, рекомендации: https://events.expato.nl | Гаагский маркетплейс: https://t.me/hague_buy_sell |  Список других чатов бенилюкса: https://telegra.ph/RU-Benelux-07-15"
retreat_in_rotterdam,channel,Retreat at Rotterdam 🇺🇦🇳🇱,117,"All information about yoga classes, budda meditation, self-healing, massage and others workshops"
rumaastricht,group,Маастрихт🔹️ruMaastricht,652,Добро пожаловать в Маастрихт! Русскоговорящее сообщество самого южного города в NL.  Правила чата https://t.me/RuMaastricht/14250 Полезные контакты в Маастрихте https://t.me/RuMaastricht/14251  Общий список чатов в NL: https://telegra.ph/RU-Benelux-07-15
nl_amsterdam,group,Amsterdam,306,Amsterdam Discussion Group
rotten0rat,channel,🐀,328,آیدی روبیکا: rotten0rat سروش: https://splus.ir/Rotten00rat  http://t.me/HidenChat_Bot?start=6594394208
katekataet,channel,Катя опять поехала,276,Автор: @kate_hg Старые посты здесь: dzen.ru/katekataet
rottenlp,channel,𝑌𝑜𝑟𝑖𝑐𝑘 ᶻ 𝘇 𐰁,150,
controlecripto,group,Controle Cripto,227,Grupo dos usuários da plataforma www.controlecripto.com.br
controlml,channel,control,118,
digital_control,channel,АНО ЦЦИ «Цифровой контроль»,301,"Делаем вашу работу с криптовалютами безопасней! Публикуем расследования, гайды и советы по защите активов. Правовая и налоговая поддержка. Майнинг‑консалтинг  📌Сайт: digitalinspect.ru 📌 Поддержка: @digitalinspect"
climax_control,channel,Климакс-контроль.,99,"Все что нужно для самопомощи и поддержки женщин, переживающих климакс"
control_virus,channel,Контролевирус,70,"Эксклюзивное сотрудничетво — PR агентство ""TG-PR""  tg.pr.center@gmail.com"
controlxxxtgk,channel,домик контᴘолᴀ🌲,64,
comcontro,channel,Com Contro,62,
linear_control1,channel,Linear Control Systems,64,My ID: @Nasiri1972
control_tale,channel,Sabich,34,
checkmark,group,Checkmark,14,
plcisterna,channel,Info Polizia Locale Cisterna di Latina,940,Canale informativo della Polizia Locale di Cisterna di Latina - 06.96834324 oppure 324.0016185
omegnainforma,channel,Omegna Informa,502,Canale ufficiale del Comune di Omegna
fursraversinfo,channel,🚩 Furs Ravers Info 🚩,56,"🎧 Bienvenidos a Furs Ravers Info 🎧  Este es el canal oficial de información de Furs Ravers, un espacio dedicado a mantener conectada a la comunidad furry y amante de la música electrónica. ✨️"
direitabrasil2,channel,DIREITA BRASIL 🇧🇷,14855,Recomeçando! O canal anterior foi bloqueado.
nea_aktuell,channel,Neustadt/B.Windsheim,21,"Nachrichten für den Landkreis Neustadt a.d. Aisch-Bad Windsheim:  Fraenkischer Tag: ▪️Neustadt,  ▪️Blaulicht NEA und  ▪️Bad Windsheim"
verdaplaco,group,Verda Placo ~💚 Esperanto,55,"Bonvenon al la Verda Placo! ~💚  Reage al pluraj grupoj en Telegramo, kie troviĝas multe da malafablaj membroj kaj malamo al GLAT, nia celo estas krei agrablan kaj sendiskriminacian grupon, kie ĉiuj bonkoraj homoj estas bonvenaj."
geminiseen,channel,𝓔 . about celyn maiden; serene ㅤ languid-hearted soul. 🪷,1793,"𐚁 halo welcome to my channel        owner; @celycntik  “ Epilogue : the lotus blooms in water,   yet the human does not belong there—   sometimes wisdom is not to bloom,   but to pause, and honor the water itself."
geeeeeeeeeeese,group,民主共鹅国,503,鵝組吹水羣
gemsmen,channel,GEMSMEN💎,737,Kick - https://kick.com/gemsmen  Владелец : @barondeneg Менеджер : @torfinc
teen_pattia,channel,Teen Patti Loot,904,teen patti master apk download link Teen Patti gold apk download  Teen Patti master  Teen Patti master download All rummy Apk  Rummy game  Teen Patti     https://www.earntp.com/m/cjd3o  Teen Patti Gold https://www.earntp.com/gold/8puep  Taurus https://th1
bitcoinstad,group,Arnhem Bitcoinstad,672,"Het kanaal voor Bitcoin (en andere crypto) enthousiastelingen uit Arnhem en zeer wijde omgeving.  Geen spam, referral links, of ""coin x gaat stijgen!"" of andere rommel (wordt direct verwijderd + ban)  https://www.arnhembitcoinstad.nl"
flins2000,channel,Flinsyatina™️,2037,ART/DESIGN channel  Мега экстра big 24 часа в сутки ЩИТПОСТ: https://t.me/dragonzone0 💥🎸🎸🎸 ТОЛЬКО ДЛЯ САМЫХ СТОЙКИХ  По вопросикам если что писать в лс канала👐⭐️👅
crimsonsotka,channel,Agrentum freak🪬,458,06 | Ezz full fbv(Roverz)  10 | Ezz full fbv(Roverz)  11 | Srinity sosnuli v geto 15 | Ezz full fbv(Roverz and Legasy) 16 | Ezz full fbv(Roverz) 17 | От KIIT отпора нет 32 | ezz full fbv) 32 | Взяли Full geto(Ramirez and Roverz)
fryt666,channel,FRYT1K,378,1x1 -> @mngfryt77
ownflavour,channel,Переходим @xgsticks,45,
uwkisa,channel,قطتك,143,ID: 5725149931 boost: https://t.me/boost/uwkisa
gllitflood0,channel,info gllit flood,55,владелец :: @emughs
nemirohk,channel,QWIZIX pubgm,96,
fevverrs,channel,👾Fevverrs👾,51,"Официальный канал Fevvers.  Анонсы стримов на Twitch, эксклюзивный контент, обсуждение игр и не только. Всё главное — здесь.  Мои соц.сети для вашего  удобства!  YT: https://www.youtube.com/@Fevverrs  TW: https://www.twitch.tv/fevverrs"
corl1t,channel,Corlit stickers,52,
flatikfrts,channel,FLATIK,42,"Рисую граффити, фоткаю / Стикерпак канала - https://t.me/addstickers/flatik_stickers"
freebirdgames,channel,ту зе мун кф ⋆,53,QSUS
glitteragencyyy,channel,<🐚>ⳋᥣιttᥱr ᥲⳋᥱᥒᥴ𐔤,47,Modeling Agency       Russia🇷🇺 start:08.06.2026🐾  Связь с влд: @wiloopp
mistflood_0,channel,⌗ ׅ ּ ֗ mışþ fłoœd ׅınfo ּ ֗,14,"°. owner – @todji_na (Hoseok) ..안개.. | start: 14.02.26  ""end: ??"
shedding_melden,channel,Shedding News,151,Hinweise: wie und wo man einen Shedding Verdachtsfall melden kann und aktuelle Neuigkeiten zum Thema Shedding
melda_ru,channel,Melda.Ru,331,https://melda.ru/
mem_v_den,channel,один мем в день,302,реклама в канале https://t.me/ad_memden по всем вопросам t.me/mem_v_den?direct
neumann_meldet,channel,Нойманн вещает,977,"Врач-психиатр, горе-творец, жожек.  Здесь буду выкладывать всякое - министати-пояснения по вопросам психиатрии, забавные случаи с работы, творческие планы, ну и всякий треш пополам с белым шумом из своей головы.  Для начала: https://t.me/Neumann_meldet/3"
karlsfurs_info,channel,Karlsfurs Info,592,Infokanal für den Karlsfurs Suitwalk. Hier werden wichtige Dinge™ gepostet. Anmeldung zum Suitwalk unter https://karlsfurs.de
schindiverhinditicker,channel,Schindi-Verhindi Ticker 🌳🧗🏻‍♂️🚧💥,147,Ticker: https://t.me/+1zFR_wPkX-03OWU0 Soligruppe: https://t.me/+pAb72BePeuExZGNk
gruenelungeticker,channel,Grüne Lunge Ticker,138,
stuvefau,channel,Stuve FAU News,148,
fmiuniwuerzburg,channel,Fachschaft Mathe/Info,338,Infokanal der Fachschaft. Andere Kanäle: - Instagram: https://instagram.com/fmi_uniwue - Discord: https://discord.gg/esM3Bw7 - WhatsApp: https://whatsapp.com/channel/0029VadaLDh59PwRajv5uL1H  Kontakt per Mail: fmi@uni-wuerzburg.de
meldyju,channel,Мэлл 🕊️ вообще-то у меня для этого был твиттер,56,Днд это моя жизнь получается
spovedanialuirizeaofficial,channel,spovedanialuirizeaofficial,29738,
fantasyarenaindia,channel,FantasyArena®,24824,"1st Logical Channel for Fantasy Cricket Analysis since 2017,  Download Android App(4.7/5⭐️rated)👇 http://bit.ly/2IbfGxM  Official Social Media👇  1)YouTube http://bit.ly/2IejHS9  2)Instagram  https://www.instagram.com/mayankglt/  #GLTFAMILY"
ac0ffan,channel,BL Coffee,3396,"Я Aleksandra Coffan, Саша, Коффа Автор манги ""Кровавый кофе"" с пейрингом Гаара х Рок Ли. Создаю фанарты по фандому, рисую свою вселенную с ОС по днд и делаю мерч 💫  https://t.me/AC0ffan/3190 - вся информация с тегами!"
cardonthetable,channel,Карту на стол🃏D&D | ДНД,1752,"🃏Другие уголки нашего мира: https://taplink.cc/cardonthetable  Угощайся настолками, дайсами и D&D🎲 Будь как дома❤  🎇#мирКНС"
asamihedgehogs,channel,Asami Gate и ежи 🦔,1383,"https://t.me/AsamiGatecos - основной косплей канал !   Рецепты курочки, партии в днд, колючая попка Аркадия, грибные рейды 🤡   https://boosty.to/asamigate - друг подпишись на Бусти раз уж ты тут ❤  2200300586416222"
vicious_mockeries,channel,Днд мемы,578,"Свалка мемов про нри, сворованных отовсюду. Мы как будто кидаем их в переписку с друзьями, так шо не стоит относиться к этому каналу слишком серьёзно."
your_tyano4ki,channel,Картинки твоей тяночки ❤️,1014,Поддержать:  Юmoney - 2204 1201 1823 0305  Дать буст: https://t.me/boost/your_tyano4ki  Все проекты: https://taplink.cc/your_tyano4ki  Связь с админом: @winters_tale
nyashniy_ygolok,channel,Няшный уголок 🍓,1070,Аниме и шитпосты  Артоняшки: t.me/addlist/B3bmOMMpvuRmNTAy
targanchik,channel,Тарганчік 🚯🚯🚯,388,шнягі рісую
nyakawaiisk,channel,Някавайск🍓,956,Артоняшки: http://t.me/addlist/B3bmOMMpvuRmNTAy  Хентай канал: https://t.me/+HHPtyIXJs-Q1NWVi
myavanya,channel,runaxxx,230,"при использовании указывайте мой тгк/икс как автора, пожалуйста 💕🌷  лс @mavnya"
animemilkers,channel,аниме-тяночки,46,
ooobika,channel,девчонка яндере,60,страничка ч0ткого цигана
kunakneok,channel,kunakneokk,178,"🤍  Снимаю творческие фотосессии в Москве, иногда в Петербурге, иногда не снимаю"
animeowd,channel,Animeow~ | Anime Arts,132,"Аниме-архив артов тяночек 📸  Манга, манхва, маньхуа📖 Опенинги и эндинги🎥 Аниме новости📢 Косплей🎭"
beglianca,channel,Беглянка,48,Песенки о немногочисленных но бесспорных причинах продолжать жить г. Тюмень
mengmeilailin,channel,重生之小樱在团播,121,
niggerhorny,channel,#allbitchesareours,84,rangers 2025® #всесукинаши #убиватель_тяночек #посредниквсфересекса #пимпбегищаприсуну #инспектордыма
supernashtyan1,group,Убежище тяночек,2,"Добро пожаловать в Тян-Убежище! Здесь мы собираемся, чтобы делиться своей любовью к аниме и тяночкам! #аниме #anime #cute #beautiful #art"
myangels953,channel,Мои ангелочки,53,🪿 личка @Your_Arabikus
tanik_postit,channel,Таник что-то постит,33,Моё маленькое публичное пространство в TG
sulfo8w7,channel,sulfo8w7,23,"рисую тяночек и не совсем тяночек. на аву ставить можно, мазать говном по стенам тоже можно, но не много(!)."
serverna,channel,Серверная,20,"Личная коллекция кибер-тяночек @Queez_tl, но вам тоже можно  Пополняется медленно, но верно"
kawai_nyan,channel,ʚ♡⃛ɞняшк~💢🍥>>.ྀི,18,(ฅ´ω`ฅ) ⊹ мяу мяу⑅
knoker_k,channel,Кнокер🌑,12,Анон Ханны- http://t.me/voprosy?start=i2520 Анон Кнокера-http://t.me/anonaskbot?start=cmrxvr3 По вопросам писать- @yekkimaa
fannatkk,channel,твоя фанатка,10,рисую картинки блин  тт - tiktok.com/@fannatkka
rosleshoz_official,channel,РОСЛЕСХОЗ,9893,Официальный канал Федерального агентства лесного хозяйства  Рослесхоз в  ✔️ ОК: https://ok.ru/rosleshozrf  ✔️ ВКонтакте: https://vk.com/rosleshozrf  ✔️ RuTube: https://rutube.ru/u/rosleshozrf/  ✔️ Дзен: https://dzen.ru/rosleshozrf
golesosad2,channel,LESOSAD,1347,"Канал популяризирует тему лесосадов, агролесоводства, природного земледелия и пермакультуры. Является официальным каналом сайтов ""Лесосад"" golesosad.com и golesosad.ru  По вопросам закупок и сотрудничества тел. +79783133740"
testeco_group,channel,ТестЭко. Экология для дома и бизнеса,82,ТестЭко. Независимая лабораторная экспертиза  на предмет выявления вредных факторов Сайт: https://testeco.ru/ecodict/?utm_source=telegram ———————- Задать вопрос: @testeco_client_bot ——————— Наши контакты: +74957819099 +78123177883 🔥Работаем круглосуточно
worldkelo,channel,Домостроительный Комбинат Карельский Сухарник,334,"Новости, акции, скидки 8(800)551-30-48 WhatsApp +7 996 112-05-56. Наш сайт worldkelo.com"
minjkhirk,channel,Министерство жилищной политики и энергетики ИО,154,Официальный канал министерства жилищной политики и энергетики Иркутской области.  Канал министра жилищной политики и энергетики Иркутской области региона - https://t.me/minjkh_irk.
vetkovskileaxoz,group,Ветковский спецлесхоз,145,
territoriomadera,channel,TERRITORIOMADERA,69,La construcción con madera fomenta la gestión forestal para obtener madera de calidad y por tanto la industria y el desarrollo económico de las comunidades rurales que conservan y protegen de forma activa sus montes.  Una vieja fórmula pero dignificada
proarbo,channel,PRO ARBO 🌳,143,"PRO ARBO 🌳 – компания по благоустройству территории Твери и Тверской области.   • Арбористика: удаление деревьев любой сложности.  • Промышленный альпинизм: любые виды высотных работ.  Выполняем всё, что не смогут другие 😉  📞 +7 (961) 018-06-14 Илья"
bizeco,channel,РУСЭКО,16,"Группа «РусЭко» - это динамично развивающаяся группа компаний в сфере экологических услуг. Группа занимается разработкой и согласованием природоохранной документации, консультирует клиентов по вопросам соблюдения природоохранного законодательства."
dlhpopfo,channel,Департамент лесного хозяйства по ПФО,111,Про лес. Про людей. Про экологию.
metsislo,channel,архив | 𐔌 . № 𝟫𝟫𝟥 ៶៶,43,. саппорт не претендует на 100%-ое попадание в канон! . @lankoshiaa — cr на арты
baccaramoxk,channel,Bäccara Moxk,27,Канал проекта Зеленая Чечня
fr1zerbonus,channel,Fr1zer Bonus,1821,"Канал строго 18+🔞 Связь - @TheFr1zer  Пиар чат - https://t.me/Fr1zerBonusChat  Я - как админ данного телеграмм канала, ни кого и никогда не призываю играть в онлайн казино.  На отписку в розыгрыше 1 мин."
pretensionwb,group,"⚖️ Чат ""Правовой Помощи"" - жалобы на маркетплейсы, помощь от юристов. Wildberries, OZON, Яндекс Маркет.",2762,"Здесь обсуждают и помогают с проблемами по WILDBERRIES, Ozon, Яндекс и другим МП.  Работаем с юристами для коллективных жалоб, претензий, исков в суд. Написать юристу: @pravopomcom  ➡️ Образцы и советы для селлеров: t.me/pravopom_WB/10"
prettyfo,channel,Prettyfo.x,2409,✦  Инфо-пост в закрепах ✦ ✦  Связь: @prettyfox ✦ ✦  Всех люблю!  ✦
pretxpr,channel,Pretx Skinmaker,293,"Здесь я делюсь своим творчеством в создании уникальных скинов для игр. Я работаю в Steam Workshop и занимаюсь разработкой скинов для таких популярных игр, как CS2, Rust, s&box. Вы сможете увидеть процесс создания и, конечно, готовые работы"
alittlepieceofheavennn,channel,while everything dies,166,You should sing my name  Pretend that it's a song 'cause forever is yours  🀥 @Tobidyoufarewellbot
skinniestbitchintown,channel,skinniest bitch in town,167,Эксперт по мемам и fashion Pretend to be an expert Contact: work.angelinailmast@gmail.com Telegram: @dahlialinaa Instagram: @angelineilmast
thisisalinkbtw,channel,Lunathedeadwitch,150,"And if you cant live freely? Pretend, no god will save you anyway.  [No transphobia allowed] [We hate ai in this house‌.]  анон: http://t.me/HidenChat_Bot?start=6384545771"
pr7end,channel,Перо мыслей,43,
lily_zizyy,channel,если честно.,88,"I 'm not like them, but I can pretend..)"
impromistoriadsa,channel,Ведьма и её крынки☠️,86,"ВАЖНАЯ ИНФОРМАЦИЯ О КАНАЛЕ В ЗАКРЕПЕ  🧛‍♀️Здесь Мистика в воздухе весит, но ты не бойся, заходи 🧛‍♂️   Девиз канала:   🦄""Если там не на Наполеон, то всё по пизде пошло"" ☠️  Связь с мной @K45ORZik ❤️❤️❤️❤️  Дата создания канала 25.05. 2022."
topairdrops2020,group,Crypto alert Group,3711,Hello all members Our goal is to share the best for airdrops  to get huge profit
cosmo_huge,channel,Cosmo HUGE,93,
meisakov,channel,grash,525,делаю всякое 😎
derevoskazok,channel,"Новости ""Дерева Сказок""",195,"Семейный клуб ""Дерево сказок"" - для детей и взрослых Москва, ул.Новопесчаная, д.17к4  https://yandex.ru/maps/org/derevo_skazok/38620594126  🌿Подготовка к школе 🌿Раннее развитие 🌿Капоэйра 🌿ИЗО-студия 🌿Шахматы 🌿Логопед 🌿Нейропсихолог"
metsakettu_5,channel,Стать MetsäKettu,41,Суету навести охота...
meow_risako,channel,ᡣ𐭩𝒀𝒖𝒌𝒊𝒔𝒕𝒚-𝑺𝒂𝒏｡,22,— Тгк не пропагандирует ЛГБТ!! И вообще. Любите Фёдора
framedhouseru,channel,Каркасные Дома,24,"Строительная компания Framed House 🏠  На протяжении 14 лет успешно занимаемся строительством Деревянных домов по всему Подмосковью, а так же другим регионам нашей страны. Недорого и качественно воплощаем Вашу мечту о собственном загородном доме."
lestnica_premium,channel,Лестницы Маэстро,17,"Проектирование, изготовление и монтаж лестниц и ограждений. Используем дерево, стекло, металл, камень в любых сочетаниях. Опыт работы - 33 года  Выставочный модуль в ТЦ Миллениум на Текучёва, 139а, 2 уровень"
kustmalinke,channel,КУСТ МАЛИНКЕ | КУСТ МАЛИНЫ ИЗ БЕРЁЗНОГО СТУЛА🐛🌸/💩💩,132,Тринити фан и король мультифандома  Подписываться чисто из за одного фд не очень советуется т.к тгк ОЧЕНЬ мультифандомный и по многим фд мудбордов не может быть месяц (и более)
izlandfam,channel,подслушано iz*land </3,52,
alyonaengustclub,group,"Клуб Алёны Энгуст ""Голос рода""",261,
agoraxmarket,group,AgoraX,30,
labasurachat,group,🗄la basura🗃CHAT 🗑,33,
thevkusnocom,group,the Вкусно,,"Рецепты на любой вкус. Различного типа, сложности, времени и ингредиентов. Описания, фотографии блюд. thevkusno com"
godjokes,group,бог хуево шутит,1,Сюда скидывать музыку!!
nerdconf,group,NERDCONF🛸🐄,249,stay nerd⚡️stay cool
negrnerds,channel,[‼️] Мечта бомжа(архив)⚡🍵[‼️],56,"Всем привет я килл/эдд бляский художник хачу быть им всегда поетаму если хотите меня узнать побольше то заходите,✨🥃  Автор канала : @Edd_filip31"
nezemnayaar,channel,Арина Гордеева | life notes,836,• Юрист в сфере недвижимости • Творческий человек  • Канал о моей жизни и буднях нашей семьи   Я в вк: https://vk.ru/nezemnayar Инстаграмм: nezemnaya_lex Max: https://max.ru/join/ChlHaWfeGJV3Erkr15ijuC9AVExm3WcPBwb0fMCnVkA  По поводу рекламы @nezemnayaar
arinakiiashko,channel,АРИНА КИЯШКО,656,"Слушайте песня ВРЕМЕНИ НЕТ на всех площадках ⏳https://band.link/vremeny_net  Меня зовут Арина Кияшко❤️ Я певица, актриса🫶 Суперфиналистка шоу «Голос. Дети»🎤💖"
arinkalol,channel,Розовый Бант 🎀,1024,сотрудничество/реклама: https://taplink.cc/arinaolk  Арина Олк ♡ ˎˊ˗
foryouwhoaregone,channel,𝑭𝒐𝒓 𝒚𝒐𝒖…,1094,نور رو دنبال کن ✨️
ardorfx,channel,ardor .eve’s prologue,39,"ᅠᅠᅠ       follow my love, we’re meant to be        @arxlette @chaoshelp"
itsallaboutya,channel,𝗗𝗜𝗘𝟰𝗨,16393,ببخشید اگه تکسام شمارو یاد کسی میندازه. ADS: @tablighatlaboutyou
bulolwithyu,channel,𝐿ong 𝒯ext 𝓑ul𖣠l 𝐖ithyu !ৎ୭,12509,
everlunejpg,channel,everlune,641,@hypocrinism
varulend_is_love_you,channel,ВАРУЛЕНД 🐍♠️,316,✼✿❀Здравствуй ангелок ❀✼✿ Мой юзик ели что-то важное случилось- @NikaVaru567 Анон- http://t.me/thevoprosybot?start=l26wt
kiuiunyk,channel,kiuiu,174,я наверно родился тупой тт -> nyk.ed задать вопрос -> http://t.me/anonaskbot?start=MVbfBcMIzqoyYtN
starsconya,channel,дуɯᴀ ᴄоняɯи| #всемилюбимая лега!🤍,209,цель 210 душ📌 нᴀчᴀᴧо::23.11.25 ᴨиᴄᴀᴛь ᴨо ʙᴀжных ʙоᴨᴩоᴄᴀх:: влд: @vinskayat / адм: @Divasaz347 чᴀᴄᴛичᴋу дуɯᴀ бᴩᴀᴛь зᴀᴨᴩᴇщᴇно!
wenlinli,channel,˖᮫ ︎ 𝆭 𝅼𝆺𝅥𝒊 𝒍𝒊𝒏 #𝑴𝒂𝒓𝒚,43,Зузузу медузуууу 𝐓𝐢𝐤𝐓𝐨𝐤- __wenlin 𝗠𝗮𝗻𝗴𝗮𝗯𝗮𝗳𝗳- LinYu
misushaa_uwu,channel,*𐌺꤯𑀱𑀱γ 𐌌꤯᥉꤯*,28,"Привет, надеюсь , что в моём канальчике вы сможете почувствовать себя по-настоящему счастливым, так как я рисую артики со всей душой, приятного просмотра моя сладкая булочка!)  ✔️Возможно 18+ и тд✔️ 💕мечта/цель - 100 подписчиков💕 Лс - @blond_Y_girll"
hoohoou,channel,• مــَــنِ مــآه🇮🇷,19,این دلِ دیوونه رو هر شب میکشی پیشِ خودت... . @venousemahbot اگه حرفی بود🪄
kizlari_spb,channel,Узбечки и Киргизки - Дам Олишга Кизлар Бор Питер,430,По рекламе - @telegaid1bot Админ - @telegaidadmin_bot  Наши каналы: Чат Крыма - https://t.me/krymxchat Чат Москвы - https://t.me/escmsk_baz Чат СПБ - https://t.me/escspb_baz Чат узбечек СПБ - https://t.me/chat_kizlarispb
helpkismillekislemmi1,channel,хелп от кислемми и кисмилле,189,влд :: @ri_ii8 // @nn_qqe будем рады каждому!! цель - 250 до августа🥹
zazakolkaizi,channel,заколочка #изи,86,t.me/anonaskbot?start=tfhwi
kilsen_official,channel,𖦹 𝙺ɪʟsᴇ𝙽 𖦹,19,
oniyningyizhuo,channel,🔒︎ ㊛︎ 、Nꪮt : 🗡 Niꪀg,23,︎ ︎ ︎︎ ㊛︎  2002 :  ⚔️  Niꪀg Yizhuꪮ   t.me/swhgs_bot  Iꪀdiαꪀꪋ ︎ ︎ ︎︎ ⓘ  Не Вcꫀ Обновы
kiskisliss,channel,Хроники Кисы Лизановой,82,
klemsovva,channel,переход клемсова,21,все вопросы в анон
ang3l_otz,channel,отзывы,2,
kizlar_bor_moskva,channel,интим знакомства москва,4,#москва #интим #знакомства #дешëвые #девушки
rwanftinfo,channel,RWANFT (РАССТАНОВКА),1590,👋🏼 Добро пожаловать в канал комьюнити по платофрме RWA NFT  - Новости - Инструкции - Поддержка команды  ✅ Подпишись и включи уведомления
tvoiznak888,channel,твой знак от ангела,779,[ включи уведомления ]  по вопросам рекламы: @tmageliea
vkluchicareeru,channel,Яна Бахар | Включи карьеру,519,"Канал о карьере и HR: для соискателей, руководителей и консультантов. Здесь — практичные советы, разборы и 4 вектора HR.  Личка: @Yana_HRD"
prankoraai,channel,PRANKORA AI,335,"Включи фантазию, остальное дорисует PRANKORA AI. 🤖🪄 @prankora_bot"
svarnoyp1,channel,NESvarnoy,2749,@svarnoy
art_zadelo,channel,Заляев Артур | ZA_дело,313,"✔️ Проректор по молодежной политике Казанского ГМУ, к.социол.н., доцент, эксперт ФГАНУ ""Социоцентр"""
zatsepicoffee_nvrsk,channel,Зацепи кофе | Новороссийск,474,Истории сближают  Кофейня личных событий в 9 городах  Самое важное для вас↓  https://taplink.cc/zatsepirus
zavtriya,channel,Завтрия. Окно в яркое будущее,372,"Завтрия - это проект о будущем, которое может случиться. Яркое, оптимистичное, притягательное. Не идеальное, ведь настоящее несовершенно, но вполне возможное. Вы всё увидите сами.  ● ВК - https://vk.com/zavtriya ● Дзен - https://dzen.ru/zavtriya  #будущее"
olgastelmakhstella,channel,Ольга Стельмах / Личный блог,603,"Здравствуйте!☀️ Вас приветствует Певица, Композитор, Продюсер, Актриса с официальным каналом вдохновения, творчества ✨каналом настроения, мысли, высказывания….чувства✨  Instagram👉 https://www.instagram.com/stelmakh_olga/  VK 👉 https://vk.com/id269997014"
olgaezoterik,channel,МАГИЯ в РЕАЛЬНОСТИ с Ольгой | Таро и Программные свечи,512,"🌿 О жизни женщины, которая однажды выбрала себя  Любовь. Дом. Деньги. Отношения. Свечи, Таро и путь к внутренней опоре без страха и надрыва.  Здесь про выбор, спокойствие и изменения, которые начинаются с себя.  ✉️ Для личных вопросов: @olgaitaro"
yoga_olesya_olk,channel,Олеся Ольховикова/Путь к себе,287,"Проводник в мир женских трансформаций и переходов (йога, Лила, поющие чаши, ребозо, пеленания, туры по Миру)  Для связи @olesya_olk"
olgachaika_psy,channel,Психология | Жить Жизнь,210,"Ту жизнь, которую хочешь Ты.  Вселенский терапевт @olga_chaika  Про любовь, свободу и деньги для тебя.   Результат с первой сессии."
olga_ilinykh_terapiyadushi,channel,Ольга Ильиных • Терапевт Души • Психолог,174,💗 Психолог-консультант. Работаю по методу Терапия Души.  💎 Индивидуальные и групповые терапии для достижения ваших жизненных целей.      ЛС 👉 @Olga_TerapiyaDushi
tellymari,channel,Mari Telegina,44,
osalikhova_mastermind,channel,"Мастермайнд-группы для экспертов и предпринимателей, Т-игры, нетворкинги",99,"Салихова Ольга, создаю и веду мастермайнд-группы для экспертов и предпринимателей. Помогаю наладить или усилить отношения с деньгами через Т-игру ""Территория Денег "" Отзывы о мм и игре: https://t.me/osalikhova_mastermind_otzivy"
yana_haidukevich_official,channel,❤️Yana Haidukevich OFFICIAL❤️,12184,Official channel of model Yana Gaidukevich.  Eighteen years old. For cooperation write dm to @Olga_Haidukevich   https://www.tiktok.com/@yana.haidukevich?_t=ZM-8vwv3SspiX1&_r=1 Yana's Instagram: https://www.instagram.com/yana_haidukevich?igsh=cGZk
milokostovaa,channel,Yana's thoughts…💋,4122,lifestyle/style/beauty  по поводу сотрудничества: @yanaaamilk 🤍
yanafashionhouse,channel,YANA,3139,"Модный дом Яны Расковаловой 💎  Адрес: ул. Рочдельская, 15 с 43 • Yana Dress +7 926 987 7303 • Yana Jewellery +7 999 768 6408 • Интернет-магазин +7 926 661 9492 www.yana.ru"
yanasapeta,channel,Yana Sapeta,5018,"PR/ commercial  : +7 (985) 012-67-02 Юнус  Победительница шоу «Холостяк-9» на ТНТ, телеведущая, модель, fashion inspiration.   Instagram: https://instagram.com/yana_sapeta"
muse_stylee,channel,ˈmuse,1060,"Я Алина Показываю, как через 6 типажей найти свой стиль и одеваться стильно.  Журнал твоего типажа и услуги: https://musestyle.store/ Связь: @alinamusee Отзывы: @muse_reviews IG: https://www.instagram.com/alina.asteria"
musefanclub,group,Muse Italia Fan Club (vecchio),55,Community italiana dei MUSE
terriblemouseconfessoin,channel,𝚝𝚎𝚛𝚛𝚒𝚋𝚕𝚎 𝚖𝚘𝚞𝚜𝚎 𝚌𝚘𝚗𝚏𝚎𝚜𝚜𝚒𝚘𝚗,739,𝚋𝚘𝚝 : @teerriblemousecf_bot
barnaul22official,channel,Barnaul 22,856,Главные новости и события Барнаула и Алтайского края
memefatale,channel,meme fatale,99,"мемы напизжены, пизжы намемены"
provnovosti,channel,Проверенные Новости,138,"Оперативно, честно, без лишних слов. Только проверенные новости из надёжных источников.  Будь в курсе событий первым! Подписывайся!"
fatalizzz,channel,ЛИЗА ОБЪЯСНИЛА ЛИЗА ИЗЪЯСНИЛА,252,Мой канал @SsZaMe @Tterbet  Чатик @GenshinFloodZ
oph3rx,channel,0ph3r.crypto,1575,От амбассадора для амбассадоров.
ophai,channel,hahoi 🧌,469,
mavi_for_children,channel,МаВи 🦊,898,Мамам на заметку. 💕 Канал о всестороннем развитии детей 🔸игры 🔹книги 🔸поделки 🔹развлечения.
niyazzaripovbmx,channel,NIYAZ ZARIPOV,211,
kora_half_obsidian,channel,"Сергей Шурин, НейрОбсидиан",55,"Здесь ты научишься вести заметки осознанно и узнаешь, как превратить Obsidian в свой второй мозг."
elenabbocharova,channel,РУКОВОДИТЕЛЮ на ЗАМЕТКУ,300,"Ежедневные инсайты, инструменты и кейсы по управлению, стратегии и личной эффективности от коуча-стратега Елены Бочаровой.   Чтобы превратить информацию в результат, напишите мне в личные сообщения для консультации."
mislivperemeshkuzapishu,channel,Заметкизаписки,121,Захотелось буквам складываться в слова словам в мысли Заметки записываются  Inst: @manugusarova
zametkiroditeliam,channel,Родителям на заметку,197,"⚡️Новости для родителей: актуальный дайджест событий в мире детства, законодательстве и просто жизни."
olgasergeeva_foto,channel,Италия в объективе 📸,181,• сочные фото с солнечного полуострова • прогулки по итальянским закоулкам • европейские соседи • места на заметку📍
english_help_by_azamorina,channel,📚АНГЛИЙСКИЙ • родителям на заметку,209,"👋Канал для родителей школьников.   🫰Если вы хотите, чтобы ребенок мог говорить по-английски, занимался с удовольствием и дз не было мучением, запишитесь на бесплатный урок:  👉 @AnastasiyaZamorina  С нами учат язык, а не школьный предмет!"
kozayushka,channel,Ань🦆,167,"Девочка, посвятившая жизнь Творцу и творчеству❤️   Тут хранятся драгоценные воспоминания, мысли и творчество🤗"
taraneembyzoz,channel,T A R A N E M ‏,262,
shelkovui_put,channel,Shelkovui_put,129,🗞Лучший новостной портал 🗓Самые свежие новости  🗃Проверенная информация  💁🏻‍♂️ Актуальное мнение 🚀Развлекательный контент
priletimposetimkz,channel,ПРИЛЕТИМ И ПОСЕТИМ!Казахстан,132,"Лучшие места в КЗ🇰🇿, основанные на отзывах наших подписчиков. Здесь каждый найдет ТО САМОЕ МЕСТО, которое вызовет бурю эмоций и впечатлений💥  Есть уже полюбившиеся локации?  Делитесь впечатлениями в группе👇  https://t.me/kaz_rus_info  @top_mened"
tsuullmem,channel,ToshDO'TAU Zakovat | MEM,45,Bu yerda Toshkent davlat o'zbek tili va adabiyoti universiteti Zakovat klubi a'zolarining memlardagi talqinini ko'rishingiz mumkin😃
vpnzorchannel,channel,vpnzor🤖,62,Быстрый и защищённый VPN в Telegram - @vpnzorbot
thescreamonsol,channel,Distorted Face Origin,33,
furieonsol,channel,Matt Furie,5,Verify to gain access to the community
sexyzaborbot,bot,zaborbot,,Предложка канала Я гуляю и вижу заборы https://t.me/zaborofficial
vpnzorbot,bot,vpnzor🤖,,Быстрый и защищённый VPN в Telegram.
lumisklad,channel,ЛЮМИ,587,"Склад реквизита    📍Москва, шоссе Энтузиастов 31с40   🛋️ Каталог (в процессе доработки)  https://drive.google.com/drive/folders/10IXdPGmuGQeLn7N5I0JcEFl3zflPyp34   ☎️ +7 903 001 5540"
mydaytvuz,channel,MYDAYTV,1665,"MYDAYTV - Телеканал о новой культуре и современном искусстве Узбекистана и мира. Смотрите у операторов платного тв, всех видео-платформах и в премиальных локациях Узбекистана.  Служба продаж:   +998 77 132 2332 @Mydaytv_Marketing"
fargona_quva_akfachilar,channel,FARGONA AKFA QUVA AKFA,665,"🏠 AKFA ESHIK VA ROMLARI XIZMATI  ✅ Sifatli AKFA rom va eshiklar ✅ Zamonaviy dizayn ✅ Mustahkam va uzoq muddat xizmat qiladi ✅ Buyurtma asosida tayyorlanadi  📍 Uyingiz, do‘koningiz yoki ofisingiz uchun sifatli AKFA xizmatlari!"
vilsonaft,channel,Michael Coopper,421,Снимаю фото и видео.  Начинающий вилсонавт 0+Y3 +7 926-0-815-185 для связи
togashi_tea_party,group,狂妄者茶会,113,
borik_blek,channel,БОРИК,23,Hello 👋 Самый лучший сервер для старта  Туда (51) ник приглашённого Borik_Monopoly
kozubenko_otzovik,channel,Отзывы по услугам Евгении Козубенко,1,
durakcardgame_bot,bot,DurakCardGame,,Карточная игра «Дурак» Приглашай друзей и играй на реальные деньги!  Чат: @DurakCardGame Обратная связь: @JohnDoe10
psyborisbot,bot,PsyBorisBot,,Бесплатный бот-психолог на базе ИИ по методу Бориса Новодержкина.
ledokol_sales_bot,bot,LEDOKOL_SALES_BOT,,"Лёд тронулся, господа блокировщики!  Сотрудничество ⬇️ @LEDOKOL_ADMIN  Бот туннеля для свободного интернета LEDOKOL🤖"
sigmavpn_xbot,bot,Sigma VPN – всегда с тобой ❤️,,"🔑 Быстрый и надежный VPN, который обеспечит безопасный интернет для тебя! Новости: @sigmavpn_news"
amageya_newlux,channel,АМАГЕЯ ЛАКШМИ | ПСИХОЛОГИЯ МИЛЛИОНЕРОВ | СЧАСТЬЕ • ПРОДАЖИ • НАСЛЕДИЕ,1082,"КОРОЛЕВА ПРОДАЖ | ЭКСПЕРТ ФЕДЕРАЛЬНЫХ СМИ • Стабильные 1, 3, 5 миллионов + через систему и встраивание мышления миллионеров • 70% клиентов покупают дома мечты  • Чек х3, два клиента миллионера после одной проработки  ✍️Фин. Точка G> @amageya"
citystaff_msk,channel,Работа вахтой | Ситистафф,551,Мы гарантируем:  - официальное трудоустройство  - стабильные выплаты зарплаты  - оплату проезда и проживания  - спецодежду - обучение и поддержку на объектах 24/7
wiesbaden_ukraine,group,Wiesbaden - Висбаден 🇺🇦🇩🇪 ПОРТАЛ,2161,"Писать одно и тоже сообщение в нескольких категориях ЗАПРЕЩЕНО! Писать только в соответствующую категорию. Нарушители блокируются!  Рекламу размещать в соответствующую категорию, без спама.  Техподдержка/админ: t.me/reysh_support_bot?start=proj_DZDEZg"
domsderevom,channel,История Дома с Деревом,1662,"История одного дома и нескольких людей Админ @redantics  Строим дом и делимся опытом! Пишу о том, что узнаю в процессе про дизайн интерьера, ремонт и уют. Свежие идеи дизайна и ремонта, советы из личного опыта строительства дома."
lil1tho,channel,brielle ’ s web,54,‌ ‌ ‌ ‌ ‌ ‌ ‌ ‌ ‌ ‌A cottage full of beautiful sticker  ‌ ‌ ‌ ‌  ‌ ‌ ‌ ‌‌ ‌ ‌ ‌ ‌packs for you for @gbpackbot talk
shkola_taro_eho,channel,Школа таро и эзотерики ЭХО | Обучение таро онлайн,797,"Я - Людмила,практикующий таролог и психолог. ▪️обучалась в нескольких школах. ▪️дипломы международного уровня.  ▪️опыт > 5 лет За личными раскладами и по вопросам обучения 👇🏼  Telegram, whatsapp +79531481388"
sr1ina,channel,‎ ‌‌ ‌‌ ‌‌ ‌𝑎𝑛𝑔𝑒𝑙𝑖𝑐 𝑏𝑙𝑜𝑛𝑑𝑖𝑒,29,
mxsport36,channel,MXSPORT 36 эндуро и запчасти,392,Канал магазина MX-Sport36.ru Напишите менеджеру магазина через бот @mxsport_bot какая запчасть Вам нужна и в течение нескольких дней она будет доставлена!
ufahospice,channel,Радмила из Уфимского хосписа,596,"💙 Первый хоспис в Башкортостане - место, где каждая жизнь имеет значение.   Мы оказываем помощь в Республике Башкортостан в рамках нескольких проектов, которые успешно функционируют, в том числе благодаря поддержке бизнеса и обычных людей.  max-1eoj"
vpnpurchaseonline,channel,VpnPurchaseBot | Новости,33773,Купить от 175р ➡️ @VpnPurchaseBot
volnavpnshop_bot,bot,Volna VPN Shop,44113,
vpnifyx,channel,VPNIFY,133,Бот покупок @vpnifyx_bot
vpnjomal_shopbot,bot,JomalShop,,https://t.me/jomal_shop 👈خرید وی پی ان پرسرعت از
vpnprocl_bot,bot,VPNpro Seller Bot,,
buyopenvpn_bot,bot,VPN Goose,,Добро пожаловать в наш бот по покупке VPN!
bsavpnbot,bot,VPN Bot,,При поддержке @BigSaleApple
v2ray_tuunelayyubbot,bot,خرید فیلتر شکن,,💎کانفیگهای فوق سرعتی و باکیفیت 💎مناسب برای تمام اپراتورها 💎اتصال عالی بدون قطعی
vpnockfa_bot,bot,خرید فیلترشکن VPNock,,روبات خرید فیلترشکن
vpnisco_v2ray_bot,bot,فروش فیلترشکن V2ray,,
netuseracc_bot,bot,NetUserBot | خرید و تحویل فوری وی پی ان,,🤖 نت یوزربات ؛ ساده بخرید ، سریع تحویل بگیرید !  📝 اشتراک v2ray ، پریمیوم اسپاتیفای  و ...  👨🏻‍💻 @NetUserAccSupport
vpnpayio_bot,bot,VPNPay Bot,,Бот для покупки VPN от vpnpay.io
fetbot_purchasebot,bot,Purchase FetBot,,This is a Telegram Payment bot to purchase FetBot. More infos: https://t.me/fetbotextension
vpnplusssbot,bot,🛜VPNshop,,
revealpurchasebot,bot,Bot Reveal Tips,,Learn poker the easy way  for Human Support @Bedmalcon_temp
swiperight_purchasebot,bot,Purchase SwipeRight,,This is a Telegram Payment bot to purchase SwipeRight. More infos: https://t.me/swiperightextension
dragommvpnbot,bot,فیلترشکن اکسپرس وی‌ پی ان,,📱 خرید انلاین VPN (تحویل فوری)  🗣️پشتیبانی 24 ساعته@hossin_dark
vpnpn_bot,bot,冲上云霄bot,,
vpnpepelbot,bot,VPN за 100 рублей,,Бот для покупки быстрого VPN.    Политика конфиденциальности: clck.ru/3R5cGK Пользовательское соглашение: clck.ru/3R5cPX
banker_purchase_bot,bot,Banker PDF,,За допомогою цього боту ви можете придбати онлайн-версію журналу Banker 🔥
vpnplaybot,bot,VPN Play,,▶️ VPN Play - это Быстрый и Надежный VPN для работы и развлечений 😉
vpnfr_ebot,bot,Vpnfr_e BT,,پشتیبانی : @Vasladd
purchasesalebookscf_bot,bot,тейки кидать,,
huckster_vpn_bot,bot,⚡️Твой VPN,,"Бот для покупки VPN-сервера. Помощь и поддержка  vpn, впн, youtube, ютуб, instagram, инста"
elisavpn_bot,bot,فروش فیلترشکن | Elisa Vpn,,✅ خرید معتبر فقط و فقط از همین رباته
netshadowvpn_bot,bot,ShadowVPN,,Fast. Private. Borderless.
marketvpni_bot,bot,MarketVPN,,فروشگاه فیلترشکن ؛ مکانی امن برای خرید شما   کانال ما :  @MarketVPNi
raxshopvpngeimbot,bot,رفرال ــ کانفینگ رایگان با ساب,,کانفیگ رایگان با رفرال معتبر ترین
vpnshops_robot,bot,🛡️VPNshop,,VPN по доступным ценам
speedpass_bot,bot,𝐒𝐏𝐄𝐄𝐃𝐏𝐀𝐒𝐒 v2,,💥اولین و بهترین ربات فروش خودکار کانفیگ VPN  🗨️ | @speedpass 🧑‍💻 | @speedpassad
tracklesssell_bot,bot,TracklessVPN_bot,,📚فروش کانفیگ v2ray 🎭ادمین : @Tracklessvpnadmin 📣کانال : @TracklessVPN
bolbol_vpn_bot,bot,𝐁𝐨𝐥𝐁𝐨𝐥 𝐁𝐨𝐭,,کیفیت و اعتماد رو به شما میفروشیم✌🏻    چنل ما:   @bolbolservice  پشتیبانی ما:  @bolbol_support
prostotvets_bot,bot,VIP ПОКУПКА 〽️ 2026,,https://t.me/prostotvet
unbanservicebot,bot,Unbans,,Сервис для покупки VPN  👉 Канал: @unbans_news 🆘 Тех.поддержка: @unbansup
freefilterbot,bot,vpn,,
busneess_iebot,bot,🇮🇷Business-vpn,,
buyvipslivkiprivatabot,bot,Покупка VIP Сливки привата,,🔗 Все наши каналы - @slivkiprivataclub2  🗣 Для связи - @FeedbackPrivate_bot
buyvpn_global_bot,bot,Buy VPN Global,,
mvpvpnproxybot,bot,*OAO* MVP VPN,,OAO project: «СВОБОДНЫЙ ИНТЕРНЕТ»  Support @MVPSUPPORTBOT
awsshopbot,bot,vpn.trading bot,,Бот магазина тарифов VPN
storehs_bot,bot,StoreHS,,✔️Канал актуалочки: @hacksupports 👌Тех. Поддержка: @DarkBotEv_bot
ask247_bot,bot,Ask247_bot,,"پشتیبانی آنلاین پیشرفته ♌ خرید وی پی ان , فیلترشکن, آی پی ثابت ♋ پرداخت کریپتو , پی پال, ریالی ♊"
hbb_vpn_bot,bot,HBB VPN,,🛍 خرید فیلترشکن پرسرعت و امن 🤖 خرید خودکار از طریق ربات 📞 پشتیبانی سریع در دایرکت
vpnshop5bot,bot,️VPNshop,,
vpntesterbot,bot,VPNTESTER Support,,Our Premium Services offer security and speed at the highest level.
vpnpaysupport_bot,bot,VPNPaySupport,,
xtls_vless_vpn_bot,bot,VPN Bot,,Бот для покупки подключения к VPN
purchasetrapp,channel,€€€,222,дм @fineises
beatspurchase,channel,Free Beatport Track Purchases,25,Owned by @thebeatsdude All Members info private.
purchaseazka,channel,𝔽𝔼𝔼𝔻𝔹𝔸ℂ𝕂 | 𝔸ℤ𝕂𝔸,7,ALL TRANSACTION AZKA  PROF OLD BLOCKED :(  SINCE 2024.  REKBER ON @Daftar_infoscamer✅  SUPPORT PAYMENT -BCA -SEABANK -BINANCE -DANA -GOPAY -OVO
vpn_foros,channel,فروش وی‌پی‌ان فروش فیلترشکن فیلترشکن پر سرعت رایگان فیلترشکن نت ملی پروکسی فیلترشکن vpn فروشی,10,
red_data_book,channel,Красная Книга,261,"""Красная Книга"" – больше, чем выставка.   Это проект в сфере культуры и экологии, направленный на разговор через образы животных на самые сложные и острые темы современности.  по всем вопросам писать +79153974837"
irinashreyber,channel,Физик и Лирик,685,"«Просто о сложном, интересно о значимом, ярко о неизведанном»  Канал Ирины Шрайбер, физика и лирика, о науке, учёных, ЦЕРН и жизни во всем ее разнообразии🚀  Для связи: https://t.me/irinashreyber_bot"
dnevnikvosmiklassnicc,channel,лирика.,239,Вперед и только вперед!  Приват: https://t.me/+AQF348qjqhMzOTky
mmmzlffff,channel,анти/монтана,378,"не лирический реп, но во мне сейчас ""лирика"" <3"
sajedeh_haqparast,channel,نَخیـل | ساجده حق‌پرست,297,باغی برای نوشتن و رُستن —  Telegram: @sajede_haqparast @sajedeh_shaer
izdbolevoyporog,channel,Болевой порог. Литература.,731,"Современная военная проза, единственный телеграм-канал издательства"
prozalirika,channel,Стихи & Цитаты Анны,961,Авторский канал писательницы с литературым образованием и жизненным опытом.  __________________ По всем вопросам: @AnnaKNik  Канал открыт для Взаимопиара!
prudilive,channel,Пруды Live,1875,Для связи с нами пишите в @Prudi_live_bot
prozacj,channel,prozac.16+,106,16+ 🌟🍓🎉🩹💊
pro_tone_team,channel,● protone team ●,272,Музыкальный проект и сообщество единомышленников  Acid + breaks + techno + hardcore  По вопросам сотрудничества: @hectorboom @maza_r @zmeevskaya  ВК: https://vk.ru/pro_tone_team  IG: https://www.instagram.com/pro_tone_team?igsh=ZXdxdjRpcDh0aTNj
njlozwhl,channel,ilo sona,499,"Computers, and other things. contact: @nthnd"
prolivelove,channel,PRO Жизнь и Любовь,63,Этот канал PRO тебя: Всё PRO тебя-> https://t.me/c/2826098157/3 Разговоры: @PROBlaBlaChat
proxyzzz,channel,PROXYZZZ.COM,261,Сайт - PROXYZZZ.COM Связь - @proxyzzzbot Сотрудничество -  info@proxyzzz.com
pashalive,channel,Pasha Monkey,284,"Hakuna Matata 🍌  Тут, в наших джунглях 🌴 Язык, путешествия, моя жизнь 🗺  📹 YouTube — youtube.com/@pashamonkey  Stay wild. 🦍  🦧 Паша @monkeypasha"
privetalisalive,channel,"Привет, Алиса! ️",263,Какая погода?
proavtora,channel,PROавтора Live,248,"🎙 PROавтора – подкаст о творчестве без границ!  🔹 Истории авторов, которые вдохновляют 🔹 Инсайты и секреты из мира искусства 🔹 Полезные советы для креативных людей  📌 Меня зовут Дэн, Подписывайся, чтобы не пропустить новые выпуски и эксклюзивные материалы"
prozaichno,channel,Черный вторник,282,Рассказываю классные истории. Связаться со мной:  @alinakole
proza_feo,channel,"Маша, буквы и Феодосия",150,"Из каждого чиха можно сделать историю. Желаю здоровья себе и вам, поэтому здесь не про чихи, а про книги (свои и чужие) и Феодосию.  В личку пишите сюда: @mary_feo"
prothailive,channel,Роман Сергеев 🌴Паттайя Таиланд,81,Чат https://t.me/prothaichat  🏥 Купить страховку: https://tripinsurance.ru/?partnerId=3195
razgruzkatg,channel,Разгрузка | Личный психолог,561,"Место отдыха и действительно интересный канал! Здесь найдешь ответы, поддержку, научные факты, советы и практики. Они помогут видеть жизнь ярче и правильно преодолеть сложные этапы. Ты не один. Присоединяйся! 💁🏽‍♂️ Начни отсюда: https://t.me/razgruzkatg/3"
elizaveta_davydova_ps,channel,Пересборка сильных| Бизнес-психология,112,"Бизнес-психолог для предпринимателей и экспертов в кризисе роста 📈  •Развод, выгорание, потеря смысла, смена роли  •Глубокая работа без мотивационной воды  •Индивидуальное сопровождение и стратегические консультации"
mbukcbs_essentuki,channel,Библиотеки Ессентуков,84,Трудно переоценить сегодня вклад библиотечной системы в развитие культуры города и края. https://цбсессентуки.рф
pereproshiva,channel,Перепрошивка,23,"Слово не воробей, а сам не плошай"
ucstitch1,channel,𝐒𝐓𝐈𝐓𝐂𝐇 UC,2365,По вопросам: @AFINA_JS БОТ @STITCH_UC_bot 24/7 Менеджер @DROPEX_77 График работы: 9:00 -23:00 Отзывы - https://t.me/+5itADaK1rMZhNTVi Переводы на другой банк возврату не подлежат
qshu_store,channel,КУШУ | Q SHU | ушки и аксессуары 💖✨,150,"🐾 Ушки и аксессуары ручной работы    🎨 Кастом под твои волосы/парик или персонажа   🌱 Эко-мех, никаких животных! ✨ Заказать → https://vk.com/qshu_store"
ykokosha_chrdak,channel,чердак укокоши щпк 🇸🇬,25,пися
duckartist,channel,Пруд маленькой утки,49,Можете звать меня утка/утёнок  Рады всем :3
espresso011,channel,Подушка под ушко ಠ_ಠ,20,☆Просто какие то почеркушечки｡ (~˘▾˘)~☆
yukihous,channel,🍨𝙔𝙪𝙠𝙞'𝙨 𝙝𝙤𝙢𝙚°.•~🎐🫧,83,"ФАНАТКА ЛУФФИ,ЙОУ?!( ≧∀≦)ノ Год прошел,я люблю августа теперь)"
shketich,channel,Уголок Шкета,49,"Без булинга и недопониманий, спасибо  Комишн - открыты   Если чего то писать сюда - @hockki_pon  Бусты - https://t.me/boost/shketich"
ugalok_vetro,channel,Уголок ветро,24,Я Ковешник. И маскот моего канала кошечка Ветродуйка!Здесь будут мои Арты по котам воителям! (И не только)  Цели: 5✅ 10✅ 15✅ 20✅ 25 30 35 40 45 50
tochnonehudojnik58874,channel,Чб окурок,28,"× Слишкм много фд, гиперфиксы постоянно меняются, из постоянного у меня только чб × Полноценки раз в никогда, а цвета вообще не существует, это миф. × Она/её, зовите как угодно, ну ещё можно Юкимира × Юкиверс лор: @ukiversesosat"
ymorimori,channel,компот из игольных ушек,46,
produckart,channel,Проблем Duck?,24,Уголок художника
actiinvideoru,channel,AM_Video's,9166,Безумие мира своими глазами. Контент строго 18+ По вопросам рекламы и разбана сюда @Cuhankak
foxy_ass,channel,Лисицыны ягодицы,387,"Канал Алисы Ерёменко 💃  🔥Психолог про деньги, секс и вашу внутреннюю силу. Без стыда и шаблонов.  ❌Здесь нет места: стыду, шаблонам и скучным советам.   ✅Здесь есть место: деньгам как энергии, сексу как языку тела и вашей силе, которая всегда с вами."
fightinghub,channel,Megapush & ReinaSh,508,"Наш канал для связи теперь и в телеге! Подписывайтесь, здесь будут новости наших каналов, будущих ивентов."
genshin_pairings_ask,channel,✨𝙶𝚎𝚗𝚜𝚑𝚒𝚗 𝚙𝚊𝚒𝚛𝚒𝚗𝚐 𝚊𝚜𝚔 | Genshin pairing ask✨,262,
tordess,channel,Tordess Announcement,536,"World's first crypto prop firm, with up to $100,000 funding for qualified traders, powered by OKX.  Telegram Group: @tordess_com Discord: https: temporary closed Twitter: https://twitter.com/tordess_com Platform: https://tordess.com"
tam_nesetsia,channel,Там несеться!,4576,"Не заходили в твітер та тредс цілий день і не розумієте, шо несеться?   Тоді вам сюди.   Бачиш пост? Надсилай t.me/tam_nesetsia?direct"
templarstrade,channel,Templars Trade,293,Templars - pro trading on NADO. Terminal · Bots · Analytics ·  https://x.com/TemplarsTrade
teamredmammoth,channel,عضویت در تیم ترید,757,شرایط و مراحل عضویت در تیم ترید ماموت قرمز تحت نظارت مستقیم مجید قاضی زاده  ارتباط با پشتیبان:  @redmammothsupport
lakerpotwho,channel,галя лейкерпот,360,лайк шер коммент репост субскрайб интернет-магазин отборной порнографии  инстаграм: https://www.instagram.com/lakerpot?igsh=cmc4cTh4eml0bnZ4  тредс: https://www.threads.com/@lakerpot?igshid=NTc4MTIwNjQ2YQ==
pridurovvv,channel,PRIdurovvv,259,Боты  в c.ai 🫡 Некоторые есть в chai 👈
nft1ud,channel,— ＮＦＴｌｕｄ. 𐔌՞. .՞𐦯`♡,667,﹝‹ влд // гарант﹕ @qqma_chan. ⸝⸝  основа × тейк-бот:  ★ @NFTlud_bot.
friendspybot,channel,Шпион Бот News,84,🕵️‍♂️ Бот @PsyUpBot 💬 Наш Чат https://t.me/+aTtmdr2QozhhMzUy
real_friends,channel,🌟Friends🌟,194,به کانال فرندز خوش اومدید ✋   با داشتن کانال فرندز همه چیز را با هم داشته باشید و از زمان خود بیشتر لذت ببرید💪 بذار رو بی صدا 😍 اینجا بهترین کانال تلگرامه؛ اینو همه میدونن
friendtvtv,channel,Косплей на коленке ;D,40,✨добро пожаловать в мой подвал ✨
fluidthreads,channel,Fluid Threads - FT,64,
teluguubot,bot,Friendly_bot,,
elderly_friends_finder_bot,bot,16+ friendship bot,,"канал — @friendship16conf бот для анкет, тейков и обращений в 𝟭𝟲+ 𝙛𝙧𝙞𝙚𝙣𝙙𝙨𝙝𝙞𝙥 𝙘𝙤𝙣𝙛𝙚𝙨𝙨𝙞𝙤𝙣 соблюдайте правила и шаблоны."
talk_with_head_bot,bot,Беседы с шутом,,
friendsbetsbot,bot,FriendsBets,,Fantasy bets Esports
prgirls_bot,bot,Поговорить с теми самыми,,
friendmusbot,bot,Песня дружбы | Новый тест,,🎧 Получай песни дружбы вместе с друзьями!  Поддержка: @GeneralSupBot
friendtagbot,bot,Проверка дружбы | Новый тест,,✌️ Новый тест на проверку дружбы!
diyorarobot,bot,♥️ Dเγσrα ♡,,Men guruhlarda suhbatlasha olaman 😘☺️  🔖 @Brend_Botlar 💎 reklama: @GetsAdmin
slamtakdealsbot,bot,slamtakdealsbot,,
check_friendsbot,bot,Проверка дружбы | Тесты,,💚Админ: @laymi0 Поддержка: @anon_sup  5278365118
talkroom_bot,bot,‌ nyther,,
friendtaskbot,bot,Проверка дружбы | Тесты на дружбу | Новый тест,,🧩 Создавай тест на дружбу и отправляй его друзьям!  Поддержка: @GeneralSupBot
friendsbotship_bot,bot,friendsbot,,
friendtrustbot,bot,Тест на дружбу | Проверка дружбы | Дружба,,😙 Тест на проверку дружбы!   Поддержка: @GeneralSupBot
friendviewsbot,bot,Оценка бот | Анонимное мнение | Дружба,,"🎀 Узнай, что о тебе думают твои друзья 🤭   ⚙️ Поддержка: @RateSupBot"
sakhameetbot,bot,Ykt | Sakha meet тейки,,не забывайте про хэштеги ! #friendship #company #relationship
friendqubot,bot,Спроси анонимно | Анонимные вопросы | Сторис,,📨 Получай анонимные вопросы в сторисах от своих друзей!  ⚙️ Поддержка: @RateSupBot
nfriendsbot,bot,°^∆[NFCF Takes]∆^°,,"Здравствуйте!  Напишите ваш тейк или вопрос, админы рассмотрят и, возможно, выложат вас в КФ, спасибо за понимание."
shudongspeak_sh_bot,bot,树洞上海发言Bot,,
friendimgbot,bot,Портретик бот | Опиши меня,,"⭐️ Узнай, какими картинками твои друзья тебя опишут ☺️  ⚙️ Поддержка: @RateSupBot"
friend35_bot,bot,ДругБотвЛагере35,,
frienddocbot,bot,Сертификат дружбы | Тест,,💫 Получай сертификаты на дружбу!
friendpicbot,bot,Бинго бот | Создать друзей,,✌️ Создай друзей из картинок!   Поддержка: @SupPicBot
friend1robot,bot,послания анонимно,,💌 Получай анонимные послания в этом боте! Пользоваться можно с 18 лет.  💳 По вопросам оплаты: @ValentinkaHelpBot
trandbrother_bot,bot,trandbrother🧩,,
sk4ubot,bot,📺 SERIES HUB ™ 📺,,🚨 I’m Series Bot 🚨  For more information 👇🏻  Owner - @Sunisk For more Series or Guide 👇🏻 👉🏻 @Sunisk
prodaldushuu,channel,@продалдушу,212,ск: https://soundcloud.com/prodaldushu
saldenstaphousemsk,channel,Salden’S Taphouse Москва,182,"Московские бары от пивоварни @saldensbrewery Пятницкая 3/4с1: +7 (965) 142-23-33 Мясницкая 32с1: +7 (967) 142-23-33  пн–чт, вс — 12:00–00:00 пт–сб — 12:00–02:00  Если в вашей компании от 7 человек включительно, у нас действует депозит — 2500 ₽ на человека"
hardblessedone,channel,hardbless,153,##BLESS _ ## @blesseddmm  СОТРУДНИЧЕСТВО:  @blesseddmm - dmm 👈..   beats & mix - @hardblessvault instagram - hardblessedone 👈👈👈 https://soundcloud.com/hardblessedone genius - https://genius.com/hardbless ...  https://t.me/hardblesstalk hardbless Chat link
jettovrich,channel,Jettov,54,Тяжёлый Трэп  Squad 🥷🏻⬇️  mix & master by t.me/trashboymix prod by t.me/realyoungalex artwork by t.me/naledesign rec by t.me/getnakedrecords
jessiewav,channel,jessie wtf #эмо`сква,6,мой ск: https://on.soundcloud.com/s1QPuY1GzK9f42RoyQ
fggt33,channel,THE REAL TRENDSETTER,13,
zhernus_hd,channel,سروودە ژێرنوسڪراوەڪان,1939,تایبەت بە ئامۆژگاری و وتاری ژێرنوسڪراو بەڪوالێتۍHD
chestno_marketing,channel,Яна Даникер. Честно про маркетинг,1439,"Маркетинг без воды. Клиенты уже через 7 дней из соцсетей, Авито и Яндекса.  Хочешь понять, где сливаешь деньги и как повысить продажи? → Запишись на бесплатную диагностику @dp_agency"
prodengi_chestno,channel,Про деньги с Казанской|Финансовый консалтинг,279,"КАНАЛ ПРО ТО, как расти в деньгах с помощью: финансового планирования, науки о мозге и эзотерики - глазами бизнес аналитика 📊 +  🧠 + 👁 = 💳 💰 ↗️  Написать мне:  @Olga_Kazanskaya_FinCod"
chestno_o_resto,channel,Честно о Ресто🍴Никита Ершов,191,Привет!  Меня зовут Ершов Никита и вот уже достаточно долго я веду блог «Честно о Ресто» в Инс…ме.  Здесь планирую делиться с вами интересными подборками и закулисьем (гастрономическим)  жизни обозревателя и автора гастро блога.
chestno_krd,channel,Время наблюдать 2026 | Выборы | Кубань,73,"Объединяемся для контроля за честностью выборов. В группе: обучающие материалы, шаблоны документов, юрподдержка, связь с координаторами, обмен опытом. #Наблюдатели #Кубань #Выборы2026"
darimurph,channel,"Дарина, которая с Мёрфи",2431,
darinaliz,channel,Дарина рассказывает,134,Представитель Московской области в Федеральном Совете Первых II созыва.
d_raskopina,channel,Ваше Раскопинство 🎠👸,288,"Привет) я-Даша) Художник, преподаватель, тату-мастер) Pinterest : https://ru.pinterest.com/darya_raskopina  Здесь рассказываю о своей жизни и творчестве)"
darinafond,channel,Фонд ДАРИНА,341,"Благотворительный Фонд помощи детям с онкогематологическими заболеваниями ""ДАРИНА"""
mogulisvama,channel,Покатушки из Херцег-Нови🇲🇪🇷🇸🇧🇦🇭🇷,941,"ЧАТ НА ВЫЕЗДЕ Из Херцег-Нови. На русском. Автобусные, морские, пешеходные, гастрономические НЕэкскурсии Организатор: @katerina_savic Гид: @olgaSheya Ольга Сопровождающие: @Goyardo Михаил @DarinaKarpova Дарина  Расписание и запись - в закрепе❤"
ilkvesonera,channel,𝓲𝗅𝗄 𝓥𝖾 𝓢𝗈𝗇 🪭⋆,841,𝖲𝗂𝗋𝖽𝖺ş𝗂𝗆 🪞‏  Unknown: @MuhtarlikBot ☎️
darinabebebe,channel,дарина бебебе,120,07.02‘ дарина🐈‍⬛☕️🚬 для связи писать в директ/анон!  insta — https://www.instagram.com/re1iko07?igsh=MTM4dDNhczI1NHox&utm_source=qr приват — https://t.me/+dtnev8Zv7Y5hNjEy
dvnmo,channel,Dvnmo,168,The Real one
maxchudov,channel,Не жди Чуда,1103,"Начни действовать уже сейчас!  Здесь твои тело, разум и финансы будут работать в синергии для достижения целей. Идеи, исследования, практики, а также юмор и лайфстайл.  Собирательный образ Сверхчеловека.  Автор: Максим Чудов"
crit1xxx,channel,critixxx,146,
ohluckyguy,channel,О!СЧАСТЛИВЧИК,1266,Участвуй в розыгрыше сейчас — жди розыгрышей авто и других призов! Каждый заказ на нашем сайте осчастливчик.рф это твой шанс на выйгрыш!!! По всем вопросам: @OhLuckyGuy_Message
froxin1tdm,channel,FROXI,178,— FROXI🇺🇦 1х1 - 25🇺🇦|15⭐️| +3👤  dm : @Froxi1534t
dvizh4kipi,channel,4kipi,42,публичный Слушать: band.link/4kipi vk.com/4kipisound instagram.com/4kipi
stmchekink,channel,Б0ЛЬ В ЖИВОт3 КФ :3,249,жди сад чучело
jobradar_uz,channel,JOB RADAR | Ташкент,336,⚫️Ищешь работу в Ташкенте? 🔝У нас самые свежие вакансии! ✔️Не жди-зарабатывай.  🌐 Официальный сайт: https://vakanser.uz  👁‍🗨Разместить вакансию: @vakanser_uz_admin
mafjk,channel,DeLuxeمُدهش,188,"не жди действий от других, лучше сам действуй."
kurakina74,channel,Секреты стройности🧚‍♀️ с Ириной,258,Не жди понедельника. Начинай сегодня.  Индивидуально о похудении.  Консультация бесплатно 💯 Запись @Irina_kurakina1974 или https://vk.com/kurakina_i
rebozo0,channel,Ребузо0 фасо,282,"Больно спать Третий этаж, дверь справа Жди меня, и я вернусь Кто здесь чужой Ведь наши не уходят  http://t.me/anonaskbot?start=3b0me055tbv2mgk0"
bykuzma,channel,Артур говорит...,219,"Заходи, присаживайся, жди... Вещаю Обо всём и ни о чём  P.S. но о спорте больше!"
karolinahas,channel,Спикер Каролина 🪭,121,"🍍 @karolinahasanova Personsl Коуч | Психолог | Спикер и Писатель |  Коллекционер камней @paraibajew | «Трансформация личности - обретая счастье!» - авторская сессия, для тех кто хочет пойти в глубь себя 👁️"
zarina_fashion,group,Zarina_Fashion,36,@Zarina_Fashion kanali❤️(Rasmiy)✅   Yangicha fasonlar olami👗  Kelinchaklar uchun sarpolar👰🏻 Yoshi katta ayollarimiz uchun ham köylaklar tikamiz zakaz olamiz😊  ❗️7yoshdan 70 yoshgacha  Tikuvchi bilan bog’lanish:  +998 99 904 85 65
qweksisss,channel,логово Акулы/rbx🤍,494,"приветик, оставайся со мной и наблюдай за крутым контентом! 🤍  @qwektis - мой юз 💘"
irisksisss,channel,hockey iris,44,"tt: irisksis хоккей обо всем и обо всех амбассадор авангарда, спартака и динамо мн (и конечно же САН-ХОСЕ)"
immacrab,channel,финский фанклуб Гониля занесло снегом,58,"В спячке на неопределённый срок  Неважно, насколько я GoD GuN  важная инфа: https://t.me/immacrab/5501 инфопост: https://t.me/ImmaCrab/3585"
tanzaniteyarnstudio,channel,Tanzanite yarnstudio,326,"Cтудия пряжи Tanzanite. Иркутск, пер.Кооперативный, дом 2.  Пряжа для тех, кто любит и ценит себя!   89149250304 www.tanza-knit.ru  Режим работы:  Вт - Пт с 10.00 до 19.00 Перерыв с 14.00 до 15.00 Суббота с 11.00 до 17.00 Без перерыва Выходные: вс, пн"
scandiva_18,channel,♻️ SCANDIVA ♻️,202,@SCANDIVA_Bot 👈 продающий Бот  https://vk.com/scandiva и  https://vk.com/azart_18 наши сообщества   https://scandiva.ru/#rec798433658 сайт   @SkanDiva 👈 вопросы
woolright,channel,WoolRight,182,"🔗 https://woolright.ru  💥 Скидки на пряжу до -90% каждый день! 🧶 Lana Grossa, Rowan, Katia, Schachenmayr, Lala Berlin,  ⚔️ HiyaHiya, Lykke, Addi, Lana Grossa, KnitPro  🌎 Доставка по всей России"
longichek,channel,лонгслив,98,150 подписоты ебошим
uzhzamuzh,channel,Уж замуж невтерпеж,8261,"Делюсь практической информацией о том, как выйти замуж, которую нельзя нагуглить и узнать у AI.  Архив лучших постов: https://t.me/UzhZamuzh/81   Автор: Валерия Горст (@GorstV).  Ссылка для друзей: https://t.me/+VNnEdnTNpQQxZTYy"
antiageenergy,channel,Наука против возраста,86,"Внедряем antiage -методики в повседневную рутину - просто, эффективно и главное безопасно"
podrugi_antiage,channel,Ягодки опять,50,"Здесь две подруги ведут блог о том, как нескучно жить и оставаться молодыми душой и телом. Тестируем на себе антиэйдж уход, пишем про полезное, смотрим новинки и обсуждаем (но не осуждаем)"
antiage_hacker,channel,Женский тренер | Доула,264,"Я Екатерина. Рядом с вами до беременности, во время и после 🤰🏻🤱🏻  Сопровождаю в родах, забочусь о вас после рождения малыша.   Канал принадлежит: @kate_health   💌 Отзывы: https://t.me/k8_feedback"
luvital_antiage,channel,Лювиталь - превентивная медицина в наукограде Кольцово НСО,247,"Клиника превентивной медицины и красоты в Кольцово НСО  Никольский проспект, 16 https://luvital.ru  Написать администратору: https://t.me/+79230000985  +7 (383) 375 35 55"
pro_edu_antiage,channel,Вкус традиций • Людмила Богданова,349,БАДы  Рецепты Семья Творчество
antiage_alchemy,channel,Тибетская Йога Омоложения,138,taplink.cc/anastasiageissss  🪷 ОНЛАЙН-КУРСЫ и ЙОГА-РЕТРИТЫ с Анастасией Гайсс: АЛХИМИЯ МОЛОДОСТИ.  🧘🏻‍♀️ Трансформационные путешествия: омоложение Тела и Души. 🧘🏻‍♀️
antiagemission,channel,Анти-эйдж миссия Ремчукова,158,"В 40+ как в 30- Архитектор персональных стратегий здоровья.  Расшифровываю ваши коды красоты, молодости и энергии.   Создаю стратегии здоровья по вашим  уникальным биологическим данным   Обращайтесь +79780226567 Инна Владимировна Ремчукова"
irina_lady888,channel,ANTI AGE -Маркетинг Антиэйдж-Маркетинг,198,"Мотиватор Ирина Кононенко.  Антиэйдж, как Стиль жизни.  Не ЗОЖ -для здоровья. - как  взрослеть, чтобы выглядеть моложе,  - как стареть, чтобы получать от этого удовольствие.   Главной пост канала  https://t.me/Irina_Lady888/190"
kpfulibrary,channel,Про Лобачевку/Научная библиотека им. Н.И. Лобачевского Казанского федерального университета,429,"Научная библиотека имени Н. И. Лобачевского Казанского федерального университета  📚 Актуальные новости, виртуальные выставки, видеообзоры и многое другое."
ilwycrb_yz01nzuy,channel,Ольга Грибанова,242,Директор филиала КубГУ в Тихорецке
teatrkukolkarabasa,channel,Детский театр кукол Карабаса-Барабаса,1028,"✨ Расписание спектаклей: https://teatr-karabasa.ru/  Приглашаем маленьких зрителей и их родителей в увлекательный мир кукольных спектаклей. Наши истории учат доброте, дружбе и справедливости, объединяя всю семью."
kupalauskiby,channel,Купалаўскі тэатр 🎭 | Купаловский театр 🎭,425,Найстарэйшы тэатр Беларусі ❤️
nalchikcity,channel,Библиотека на Кулиева,431,"🌍🇷🇺 Кабардино-Балкарская республика, город Нальчик. Первая модельная библиотека ЦБС г.о.Нальчик. Адрес: пр-кт Кулиева, 6 Режим работы: Вторник - Суббота с 9-00 до 18-00 Выходной: воскресенье и понедельник. Последний рабочий день месяца - санитарный."
kulakov_team,channel,👊🏼КОМАНДА КУЛАКОВА👊🏼,43,"«Будущее создают те, кто не боится брать ответственность. Настало время сильных лидеров. Мы, сторонники Вячеслава Кулакова за перемены, которых требует время»."
stasysisks,channel,Stasysks Channel,1647,Добро пожаловать на мой канал! В данном канале будут публиковаться игры для ПК и эмулятора Winlator! Мой ЛС - @stasysks Прайс на рекламу - https://t.me/stasysksprice Чат канала: https://t.me/+7WTF-R3re-JjZmEy
stasyasdiary,channel,stasya @semestasan,945,
urdoingamazingstasya,channel,Stasya Konstantinova,5092,Фигуристка⛸️ Амбассадор @fonbet_official
stasya_universe,channel,Стася | Джйотиш Вселенная,251,Навигатор по транзитам и планетарным периодам. Индийская астрология Джйотиш простым языком.    🪬 душевно  💫 без концепций и кармы 🔹 15 лет изучения звёзд и планет   @Stasia_universe запись на сессии
oxanamal360,channel,Душно • Долго • Дорого,656,"Оксана Малышева • Психолог • Психоаналитический подход  Канал для тех, кто... • готов меняться,  • думает о собственной терапии,  • обладает чувством юмора.   Записаться на консультацию и нахамить в личку можно здесь: @oxean360"
rinsovita,channel,rinsovita🐈‍⬛,146,Xo.  where dreams come true🤞🏻  dm: @rinsovitas
fxmdshow,channel,Million Dollar Show(Reserve),576,"То,чего вам так долго не хватало  Владелец: @ilyakzm"
asat_rent_reviews,group,ASAT «отзывы»,1115,"Для нас важен любой Ваш отзыв! Напишите что понравилось в нашей работе, расскажите как долго Вы с нами) Или просто поставьте большой палец вверх👍"
sonashet_00,channel,шиповник,69,
irussyabfromlivejournal,channel,Как перестать крепиться и начать ныть?,536,"- Нет, сначала приключения, - нетерпеливо перебил ее Грифон: Объяснять очень долго. @IrisBezrukova"
whenwecry,channel,The United States of サヤ,42,Blackout for 100 days start 27 feb 2026  @owarimono  https://t.me/HidenChat_Bot?start=7729207747
annatekneji,group,ЗДОРОВЬЕ С GTC,594,"Быть здоровым, жить долго и счастливо возможно с Global Trend! 🌐 Аллергия - не приговор! Расскажу, поделюсь, как избавиться от болезни. 📞+79898150398"
young_power_life,channel,Долго и счастливо | Елена Королькова,422,"Похудение после 40 с заботой о себе, вкусно и устойчиво. Нутрициолог‑коуч.   Можно на бесплатную диагностическую консультацию: напиши «+» в личные сообщения @lena_goloekoleno.  Королькова Елена Сергеевна ИНН 240101088605"
julvoronina_style_life,channel,Стильный LIFE с Юлией Ворониной,272,"Добро пожаловать в Стильный клуб! 👠 Я, Юлия Воронина - стилист, который чувствует вас ⤵️ ✨Со мной вы обретёте уверенность в своей уникальности и влюбитесь в свой новый гардероб (ePN)  💌 пишите: @julvoronina"
germanimila,channel,Стильно с Милой Герман,295,"+79032967539 @Mila_Germani ⭐️ Помогаю женщинам и мужчинам 30+ выглядеть уверенно в жизни и работе ⭐️ Персональные разборы гардероба, шоппинг-сопровождение, цветотипирование ⭐️ 10 лет опыта | Преподаватель имиджа ➤ 📥 Запись в личные сообщения"
stylyst_anna_levenok,channel,Типажи Ларсон|Архетипы|Стилист|Типажи Внешности,346,"Меня зовут Анна Левенок.  Я стилист который помогает найти себя,свои сильные стороны и принять свою индивидуальность.       В основе моей работы лежит: теория типажей Ларсон,колорит внешности и архетипы Юнга.    @Levenokanna обращайтесь по всем вопросам❤️"
with_shpilka,channel,Стильні Духом,339,"Корисні балачки з персональною стилісткою: про стиль, імідж, психологію і навіть більше.   Канал веде Юля Шпилька, стильна терапевтка, персональна стилістка з 12-річним досвідом  Послуги @UliaShpilka_bot"
fashionforum_yanashall,channel,FASHION FORUM,342,"▫️Канал по бизнесу стилиста — как не просто зарабатывать, а реализовать себя в профессии. https://t.me/+UA5znnkJANJkZDZi  Основатель - @yanashal еx-стилист, бизнес-ментор стилистов Закулисье работы - https://t.me/brilliantynishi"
psychologyolichnom,channel,Психологи о личном,82,Объединение профессиональных психологов
yuliyas_stylespb,channel,YuliyaS | Style & SPb,103,"Юлия Семененко, практикующий персональный стилист.  Чутко о вещах, их смыслах и Петербурге. В гардеробе ищу Вас, а не вещи. Дизайнер. Соучредитель проекта Tri+ Создаем униформу, в которой хочется быть.  На связи @yushine_s"
ozeroodezhdy,channel,Озеро одежды,374,"• Исследую то, как мы носим одежду • Рассказываю о гардеробных практиках и «соперешивании» • Phd по искусству и дизайну, 13 лет в индустрии моды  Светлана Сальникова @coolkids_cantdie"
style_mary,channel,Мария | стилист-реалист,248,"Канал о том, как создавать классные образы для реальной жизни без заумной стилизации При этом выглядеть эффектно и стильно - в офисе, театре, на детской площадке  Мария | Персональный стилист, жена и мама  Для консультации пишите @lav_mary💌"
stylish3angle,channel,Стильный треугольник,241,"Я персональный стилист Настя Цуркан  Здесь раскрываю темы волнующие моих клиенток:  📍как подбирать вещи к своей фигуре и внешности,  📍как собирать актуальные образы «к месту» 📍как проявить свою индивидуальность   И другие насущные вопросы каждой женщины."
po_lubwi_brand,channel,PO❤️LUBWI BRAND,82,Одежда & Пижамы Заказать на: https://www.wildberries.ru/seller/4272322  💌 Связь @kristiina_svir
ollestyle,channel,OlleStyle|Личный взгляд на моду и стиль,28,"Для меня стиль - это инструмент внутренней трансформации. Волшебная палочка управления внутренним состоянием. Способ игры с реальностью.  Здесь:  Архетипы. Необычные штуки, которые меня заинтересовали. Мои покупки и планы на них."
piquant_touches,channel,Пикантные штрихи,13,"Создаю стиль, отражающий вас❤️ Здесь кейсы, отзывы, услуги, консультации.  Основной канал @piquancy_style Для связи @exza_exza"
stylist_angela,channel,Услуги стилиста | Анжела Шегирян,18,По всем вопросам: @angela_sheg  ИНН 773201651361
nachinay_mama,channel,Для Молодой Семьи | Советы Маме,2696,"№ 4997360520 Самое важное, актуальное и интересное для тебя - тут!  По вопросам рекламы - @angepromo"
hiisstoryege,channel,История без зубрежки,78,"Привет, меня зовут Валерия, я уже 5 лет учу детей истории и готовлю их к ОГЭ/ЕГЭ/ДВИ, к перечневым олимпиадам! Я покажу, что история — это интересно и комфортно, а не скучно и нудно!  Набор открыт на занятия: Для связи: valerie_shilova"
free_time62,channel,Римма Цепкова | ИСТОРИЧкины записки,399,Не можешь писать - не пиши. Не могу не писать🤣
historiachannell,channel,(Esh) אֵשׁ,403,تاریخ‌خوان و قصه‌پرداز ✍🏻
hist_romashina,channel,Из репетитора в предпринимателя,67,"канал о жизни репетитора по истории  ⚡️Эксперт ФИПИ, каждый год сдаю ЕГЭ (100 баллов)   ✅ делюсь методикой, наработками, конспектами, рабочими листами, заданиями, презентациями и своей жизнью   https://t.me/hist_roma"
historichkaaaa,channel,История с Лианой | ОГЭ ЕГЭ,241,Галиева Лиана Ришатовна 📍Высшее педагогическое образование с двумя профиля подготовки; 📍Эксперт ОГЭ история; 📍Юридическое образование по профилю: «Право и организация социального обеспечения;  📍Закончила обучение: «Преподавание обществознании ОГЭ/ЕГЭ
profan_dance,channel,Pro-Fan в танцах | Нисенбаум Андрей,231,"- Крутой человек во фраке. Снять — кто ты без него? - Танцмейстер, преподаватель, кросс-степер, народник.  Пишу обо всем, что танцую: историчка, кросс-степ вальс, народные танцы, социалка и вообще всё, до чего джазовки дотянутся, и, конечно же, про балы ✨"
mentor_history,channel,комфортный репетитор по истории ЕГЭ/ОГЭ,223,"история ЕГЭ/ОГЭ🏰 • никакой тревоги и стресса от подготовки • мои занятия тебя обнимут 🫂  🪐бесплатная консультация, чтобы начать подготовку без ошибок по кодовому слову «СОТКА» ➡️@juli_sivak (Юлия Викторовна)"
budnistorika,channel,Будни историка,28,"Здесь я буду делиться своими мыслями, открытиями, интересными документами"
petrovna_history,channel,Петровна о репетиторстве,91,"Мария (Петровна)  Учу репетиторов продвигаться в ВК, создаю авторские банки заданий ЕГЭ и ОГЭ, презентации и шпаргалки по истории📚   По вопросам в лс —  @mpetrovna_ege"
krwnkkk,channel,усім чмокі ў гэтым чаціку 🦕,72,историчка
ispovedege,channel,исповедь егэшника | обществознание и история|,84,канал для повторения и материала по ОГЭ/ЕГЭ по истории и обществознанию 🤍  записаться на урок @linaezhenkova https://historyalinabeshkareva.tilda.ws/
historyonlyreviews,channel,Отзывы,10,
magic_of_history,channel,Историчка вещает ✊😎♓,54,"Рассказываю о своей жизни, учу истории и просто просвещаю людей 😊"
histalya,channel,ЕГЭ История | Аля Виноградова | Отзывы,52,
domistoriybook,channel,Дом историй,32,книжный клуб актрисы театра и кино Алены Кахуты. Здесь мы не просто читаем книги — мы проживаем их вместе.  https://www.instagram.com/alenakakhuta/
otzovhistory,channel,Репетитор по истории искусств — отзывы💌,12,Основной канал: @hushman_art Канал для личной связи: @liza_hushman
history_help_uz,group,Куиз тесты по истории,642,"Добро пожаловать, рады каждому участнику. Канал по истории: @testhistory Учебники по истории: https://t.me/testhistory/7468"
history_math,channel,Математика с Мансур-абый,1183,"📚 Научно-популярный канал про математику в истории, в современных науках и технологиях  🪙 Купить книги автора Мансура Гильмуллина: web.tribute.tg/l/w6  🍀 Поддержать автора: t.me/tribute/app?startapp=djsd  Автор канала: @mgilmullin Редактор: @tgilmullin"
academy_hogwartss,channel,•هـاگوارتـز⁦⁦⁦⁦⁦⁦⁦۝,118,معرفی سیستم رول پلی: @Hogwartss_Information
velorashopp,channel,𝗩𝗲𝗹𝗼𝗿𝗮 𝘀𝗵𝗼𝗽,731,𝖠𝖽𝗆𝗂𝗇  › @aslrees  𝖳𝖾𝗅𝖾𝗀𝗋𝖺𝗆 › @velorashopp  Track › @velorrai   𝖴𝗇𝗄𝗇𝗈𝗐𝗇 › http://t.me/HidenChat_Bot?start=1061404349
shopogolizmalisa,channel,Шопоголизм с Алисой наличие,161,Канал с наличием вещей Писать мне @Alisa_Stel  https://wa.me/79645604357
vomeria,channel,Vomeria.accessory,51,گردنبند| دستبند دستساز | وُمِریا  🪽☆  ثبت سفارش: @st_ellaaa پیج اینستا:   https://www.instagram.com/vomeria_accessory?igsh=bTZjcmI1cmw1M3Yz&utm_source=qr
basotagirlshop,channel,BASOTA girls,220,Покупка/сотрудничество: @daniilsarkulov  Актуальные вещи #наличие    основной канал https://t.me/basotamarket  отзывы https://t.me/basotareview
ramo_socks,channel,Ramo socks,132,انواع جوراب شلواری و جوراب بالا زانو زنانه خاطره حسنی ارتباط با ما:@ramo_sup
auroomkazan,channel,auroom.kazan,61,"Фарфор, декор, сервировка"
yapalaskovrov,channel,Yapalas Kovrov,28,"Ковры, паласы, рогожка. При заказе от 3 позиций скидка 15%"
kleinechast,channel,гофра-ликвор,49,что-то такое чем мне хотелось бы жить
kifbel,channel,kifbel,5,Кровля и Фасад. Строительные материалы в Гомеле
sofiecosale,channel,Распродажа Sofieco,11,Для связи @sofie1co
raytmantyp,channel,darkarchive.,19625,чат: https://t.me/raytmantypp закрытый фан клуб бобби и чейза 18+ пробка хуйни не скажет в канале присутствует ненормативная лексика. если она вам неприятна - прошу покинуть канал и не предъявлять претензии
polonxyunu,channel,полон хуйни,2516,
it_hueta,channel,Склад хуйни,1083,
dragonyashka_fff,channel,Драгонил хуйни,480,Хуйня тут (перезаливы и просто шизомысли)  Основной канал https://t.me/dragoniil
freddyachat,group,Фредики,646,"📌Не кидайте хуйни ❤️  1: запрещено дико негативить, особенно в серьез..   (Ваши срачи могут продолжаться в лс, но не в нашем чате.)"
hlamiramen,channel,ХЛАМОВОЗЫ РАМЕНСКОЕ,556,Самые несмешные и отвратительные мемы про электрички и их подобия только в нашем паблике  Предложка для вашей хуйни https://t.me/EnaHR_bot
tulposwamp,channel,Тульпобульное Болото,297,ТГК Керсива(KerSive) Георга (G3HREE) Без хуйни
ebanistikachat,group,ЧЯТ ЕБАНИСТИКИ,454,"Официальный чят арт-проекта @ebanistika. Нельзя: реклама хуйни, наци-поебота, порно — за это пермабан. Можно: любовь, доброта, мемасы, пиздеж.  В прямом эфире админ тут — twitch.tv/ibelkin"
roliksprint,channel,ART-DIARY,3701,"Канал для любителей творчества и искусства!  🔹Вдохновляемся графикой и акварелью, делимся идеями и техниками. 🔹Рассказываем о наших уникальных скетчбуках для акварели и графики!  С возникшими вопросами обращайтесь в наш чат-бот  @ArtDiary_bot"
ksk_artkeks,channel,KsK_art,639,
souliveart,channel,Soulive artist,457,"Путь художника как он есть, честно и без прекрас"
shiroirukaabulbul,channel,shirunyk_*彡💧,143,"рисунки, рыбки и всякое другое !💧  др 06.07 (*・ω・)"
logbookua,channel,LogBook,165,"Некомерційна спільнота, що об'єднує мисткинь і митців для створення благодійних проєктів"
chi_illustrations,channel,Chi_illustrations,274,Художник
maiwetheelf_art,channel,Maiwe_the_elf,215,(не)рисовательный эльф ВК: https://vk.com/maiwetheelf  Ютуб канал с записями НРИ: https://youtube.com/@maiwetheelf?si=H1NW8CqwCTyutdoY
goslingzine,channel,Ryan Gosling Zine,475,"Независимый, некоммерческий артбук, посвящённый творчеству Райана Гослинга и его безграничному мемному потенциалу!  Прошлые проекты: Metal Gear Zine (https://vk.com/metalgearzine) Popular Blondies Zine (https://vk.com/club230542575)"
artvolchok,channel,Volchok,223,Артбук Волчка 16+. Всё для вас от нас❤️
artboxdesign,channel,АРТБОКС | Дизайн и Превью,127,❕моя личка @artboxdess
zorevyr,channel,Зоревир: Крізь Всесвіт,184,"✨Благодійний артбук, сповнений безмежними просторами космосу✨ https://zorevyr.carrd.co"
artprinterir,channel,Art Printer,190,Artprinter.ir  سلام😎 ما آرت‌پرینتریم. از سال ۱۴۰۴ محصولات چاپ سه‌بعدی با کیفیت و قیمت مناسب تولید می‌کنیم.  فیگور، بوک‌نوک، دکوری، چراغ‌خواب و... هر چی که بخواین!   بله: https://ble.ir/artprinter   اینستا: @artpriter.ir  ادمین: @artprinteradmin
agatakrblca,channel,˚₊‧꒰ა ♱ 𝕸𝕾𝕯𝕯 ♱ ໒꒱ ‧₊˚,55,рисовашка арт архив
artbyrick,channel,скетчбук рика,29,Я могу все и не умею ничего
ineffableartbook,channel,Ineffable artbook | Good Omens,94,"ᥫ᭡ Добро пожаловать в инфо-канал, посвященную артбуку по невыразимым мужьям!   Артбук — некоммерческий печатный сборник фанатских иллюстраций, посвящённый определённой тематике.   Мы в VK: vk.com/ineffableartbook"
artsunduk,channel,Арт сундук,55,Админ: @sasageoo по вопросам сотрудничества и жалобам в директ  Наш второй канал @otaku_style 😘
shop_snakeeee,channel,V,12,
artbookrap,channel,артбук...мальчиксцентра...djлосъ,52,изгой мск пространства да и не только  реп полицейский со вторника двенадцатого числа августа  лс  @artbooklol [тг]  музыка  https://vk.com/artist/artbuk [вк]  https://music.yandex.ru/artist/24180628 [яндекс]
velvet_mermaid,channel,Рест||Не дизморальный артбук,54,"「Информация」 Прога Clip Studio Paint, а графический планшет - X pen Artist 22R pro. Тик ток прям как и название ccылки 👇"
art_i_shok40,channel,Art&Shok,33,Художественная школа.
artsobol,channel,Интернет магазин artsobol.ru,44,"Roubloff, Живописные Кисти, темпера ПВА, блёстки, продажа"
