elliotbuilderkk,channel,ㅤ ㅤ Дело за малым,54,"ᅠ Готов к помощи и общению. Всегда обращайтесь, если что-то случится!        @forsakenKK"
loloves9275,channel,всем пр я Ло (л),17,"нет я не лола в штанах дола в школе или как там я лобзик   я хз что тут постить я просто оч хотел создать свой канал :3   я ОБОЖАЮ хоккей и все, что с ним связанно, поетому с ним контента будет многооо"
pregel,channel,pregel,1,
kleptomancf,channel,бля,2,
loanek_tag,channel,L,2,
alapsh8,channel,ALAPSH,244,Александра Лапшина = ALAPSH  Практичный подход к парфюмерии 🤓  По сотрудничеству и вопросам: @alapsh  Почта: koynovalexandra@gmail.com  📍 Санкт-Петербург
alenaelinaperfume,channel,АТМАсфера,524,"Авторский блог парфюмера Алёны Елиной   https://dzen.ru/alena_elina_perfumer  На своем примере рассказываю о том, как творчество превратить в стиль жизни ALENA ELINA PERFUME  http://alenaelinaperfume.ru"
alina_aldatova,channel,Алина Алдатова,276,"Иногда достаточно услышать аромат, чтобы услышать себя.  • Дипломированный психолог • Ароматерапевт  • Лидер dōTERRA • Автор курса ""Психология аромата""  Связаться со мной: @AlinaAldatova"
aromatymarii,channel,СЕКРЕТЫ АРОМАТЕРАПИИ,141,"Автор канала - Мария Шичалина, сертифицированный специалист по работе с эфирными маслами (РУДН), врач по образованию.  Тема: Ароматерапия как инструмент гармонизции души и тела.  Связаться со мной @marusya0615 8(910)446-42-45"
ss_iion,channel,في كنف النبوة,146,هُنا نستظل بظلال السيرة العطرة، ونقتفي أثر الحبيب ﷺ في حله وترحاله ، نغترف من نور سنّته لنحيا بقلبٍ أقرب وهديٍ أصدق.
otdushyna,channel,ОтДушина,11,Время наслаждаться жизнью — сейчас
verbanatura,channel,Verba Natura,30,"Verba Natura — молодой бренд натуральной косметики, созданный при участии ведущих российских технологов, косметологов и дерматологов по высоким международным стандартам качества. Наш сайт - https://verbanatura.ru/"
kemliverurobot,bot,Предложка Как-то так | Кемерово,,
kometa_coffee_askbot,bot,Kometa_coffee_ask,,кофейня Комета. 📍город Курск.
komtrud_bot,bot,Komtrudbot,,
cootramedbot,bot,Cootramed,,
komaruideasbot,bot,Komaru | Предложка,,
radiokamonoff_bot,bot,Камрадбот,,
cmrockzprime_bot,bot,CMROCKZZ,,
muwrdk_bot,bot,connect,,@TrueDKInc / @actduet
cofeekoprbot,bot,cofeekOpra,,
comepostinvitebot,bot,ComePost | Inviter,,"✨ Бот для приветствий, приема, сбора базы и рассылок!  Поддержка @ComePostSupportBot Новости @ComePost_News"
cobrauc_bot,bot,COBRA BOT,,
crm_kompred_bot,bot,KompredCRM,,
comepostsupportbot,bot,ComePostSupportBot,,Чат поддержки проекта ComePost.
coomeetaccountbot,bot,Coomeet Account Bot,,
morqcommbot,bot,morq comm >_<,,
togliatty24robot,bot,Предложка Как-то так | Тольятти,,
co_message_bot,bot,Обратная связь,,
komandacoloritbot,bot,komandabot,,
mamurfmbot,bot,Mamur bot,,
ovsyankinirlbot,bot,kай nuздuт kuрuлла,,
mywwuke_bot,bot,котопочта,,
coppermpps_bot,bot,₵Ø₱₱ÊⱤ₮Ř₳ÏŁ ₣ⱤłɆ₦Đ 🗯,,
saratovkaktorobot,bot,Предложка Как-то так | Саратов,,
dvadroidakembot,bot,2Droida Кемерово,,"Тут вы можете получить консультацию о товаре, сделать заказ и поделиться обратной связью о работе магазина"
amberadsbot,bot,AmberAds,,
predlojkamoranbot,bot,ПредложкаМоранбита,,
copperright_bot,bot,CopperrightBotCf,,
comrat46_bot,bot,Comrat 46,,
komarudemik_bot,bot,😺 Komaru Bot | Reborn,,"В этом боте Вы можете создать демотиватор, отправив боту картинку, видео или гифку.  Канал: @Komaru"
kraskaktorobot,bot,Предложка Как-то так | Красноярск,,
pochtalamperta_bot,bot,Почта Ламперта :Р,,
b1nners_bot,bot,Soporte,,
komarucat_predlbot,bot,Предложка Комару Cat,,
dobrieludi_bot,bot,CSO_Dobrieludi,,
kompresorft_bot,bot,Компресор бот,,Писать по поводу рекламы/сотрудничества отвечаю почти всегда сразу
qosimova_nodirabot,bot,Qosimova Nodira,,
kinnscorenaruto_bot,bot,KINNS CORE⁝NARUTO bot,,
nendsudes_bot,bot,Предложка Коробка,,"Пожалуйста, без членов (сиськи можно)."
sectorrs4,channel,сектор мандарин | sectorrs4,93,hz
mpo666officialasli,group,MPO666 OFFICIAL,396,"MPO666 OFFICIAL Info slot gacor, bonus, & link login anti blokir. Join: https://rebrand.ly/mpo666alt1"
mmg_korean,group,MMG_Korean,76,모노폴리 백만장자 게임에 오신 것을 환영합니다!  공식 웹사이트: https://www.mmggamefi.com/  공식 TG 그룹: https://t.me/monopolymillionairemm  공식 트위터: https://twitter.com/MMG_GameFi  공식 페이스북: https://www.facebook.com/MMGProject/
mmg_indo,group,MMG (Indonesia) 🇮🇩,141,Selamat datang di Monopoly Millionaire Game! Situs Resmi: http://www.mmggamefi.com/ Grup TG Resmi: https://t.me/monopolymillionairemm Twitter Resmi: https://twitter.com/MMG_GameFi Facebook Resmi: https://www.facebook.com/MMGProject
mporedjaya88,group,MPORED,87,
mmg_india,group,MMG|India🇮🇳,28,आपका स्वागत है Monopoly Millionaire Game! Official Website: https://www.mmggamefi.com/ Official TG Group: https://t.me/monopolymillionairemm Official Twitter: https://twitter.com/MMG_GameFi    Official Facebook: https://www.facebook.com/MMGGameFi
mpopelangichannel,channel,MPOPELANGI Channel,4,Situs Slot Online Terpercaya Sejak Tahun 2016  Link Resmi : WWW.MPOPELANGI.COM
mpm1on,channel,vp 𝘀𝘆𝗺𝗺𝗼𝗻,3,
mgwtutorial_reg_bot,bot,MGW SPMMC COC Registration,,
imangovpn,channel,🥭Mango VPN,5,iMango.online @mango_vpnbot
mpgo_servicebot,bot,MPGO,,Сайт: https://pro.mpgo.ru Сообщество: https://t.me/mpgo_ru
mppsmovv_bot,bot,MPPS MOVV ENT,,
mpmgr_support_bot,bot,MP Manager - Поддержка,,Поддержка MP Manager About: Поддержка сервиса MP Manager  Актуальные новости и полезные статьи - @mpmgr_news
moj_gp,group,گفتگوی ⁨موج,,
mpgoplus_bot,bot,MPGO+ BOT,,Бот сообщества поставщиков @mpgo_ru Заявка на вступление в закрытый чат MPGO+ для продавцов с оборотом 1+ млн ₽ в месяц
mpgo_bot,bot,MPGO.RU,,Бот для связи с редакцией @mpgo_ru и админами @chat_marketplace.
mpmgr_coupons_bot,bot,MP Manager - Купоны,,Бот купонов от сервиса MP Manager
mpmgr_docs_bot,bot,MP Manager - Документация,,"Бот поиска по документации Wildberries, Ozon и YandexMarket от сервиса MP Manager"
mppsgroyalbot,bot,MPPS GROYAL,,
mistermozg_bot,bot,Mistermozg,,
sobatmppsbot,bot,[MINGGU - SENIN HOLIDAY!] SOBAT SMC MPPS,,
mbmods_bot,bot,MBMods,,
mprgntjsng_bot,bot,twilight,,mpreg real
mpsurfreg_bot,bot,MP Surf - Регистрация в сервисе,,
tarteelelkhazin,channel,ترتيل الخزين,3743,
zadalsairina,channel,🪷 زَادُ السَّائِرِينَ إِلَى اللّٰه 🪷,274,🌸﴿وَذَكِّرْ فَإِنَّ الذِّكْرَى تَنْفَعُ الْمُؤْمِنِينَ﴾🌸
binsatrin800,channel,بين سطرين✨,132,كلمات من القلب أفكار عابرة ودروس تركتها الأيام بين سطرٍ وسطر✨
lzl5j,channel,الكَاظِمي,137,«بِسْمِ اللهِ الرَّحْمٰنِ الرَّحِيمِ، والصَّلاةُ والسَّلامُ على أشرفِ الخلقِ محمدٍ وآلهِ الطاهرين.  أمّا بعدُ، هذهِ القناةُ نوعًا ما شخصيّة، وقناةُ لُجّي أصبحت العامّة، دمتم سالمين» @lzl4j
basatin_1448,channel,بساتين الأرواح,94,إن اول كلمة أنارت ظلمة الأرض اقرأ
abdo2006123321,channel,دربُ الصَّالحين | زادُ التَّقوى,13,📖 خيرُ ما نتركه أثرٌ صالح.
conflict_store_reviews,channel,𝐂𝐎𝐍𝐅𝐋𝐂𝐓 𝐒𝐓𝐎𝐑𝐄 𝐑𝐄𝐕𝐈𝐄𝐖𝐒,54,
conflict_show,channel,КонфлиКтУЙ,13,
conflictgod,channel,STXRLITE,43,@DiedOffGod
xilner,channel,Cozy Chaos (toska's),65,@GerenadaBot
conflictologiya,channel,Конфликтолог,82,"Конфликтолог, специалист по отношениям и лидерству.  SoftSkills: ✅Эмоциональный интеллект ✅Практическая характерология ✅Типированиние личностное ✅Лидерство по D.I.S.С. ✅Андрогогика ✅Системное мышление  https://капеллан.рф/conflictolog"
cvnkirsxfoiyf,channel,نور الإسلام والتسليم للرحمن,98,
maliiksh,channel,maliksh,25,
sakenat_al,channel,سَــكِيــنةُ الْـــقَـلــب…🌼,29,• 𓂃🌿 أَهْلًا بِكُمْ فِي رِحَــابُ الطُّمَأْنِينَةِ 🌿𓂃
k1235788,channel,قَمَر غَفَرَ اَللهُ لَهَا🤎,36,"""اللهم أجعلها شاهدة لي لا علي  وأجعل لي بكل حرف منها عفواً وأجراً""🤎 ""هنا أحاول ترتيب قلبي""🤎"
fatmody,channel,🤍قُلْ عَسَى أَنْ يَكُون قَرِيبًا🤍,23,❁ ══❖══✦~ هَتفْرَح وَاللهِ هَتفْرَح ~✦══❖══ ❁ مَهمَا كَان مَجمُوعك.. رَبِّنَا هَيجبُر بخَاطرك جَبراً يَتَعَجَّب لُه أهل السَّمَاء وَالأرض ﴿ وَلَسَوفَ يُعطِيكَ رَبُّكَ فَتَرضَى ﴾ تَعَالَى نِتفَاءَل 🤍
mariamblog,channel,MariAm Blog,533,"Голосова акторка, блогерка, люблю комікси  Наш таємний чатик: https://t.me/joinchat/WEuiq28Jr0tmtuFZ  Всі посилання МаріАм: https://linktr.ee/mariamblog"
mariamishh,channel,Мышь,145,Лс - @mishhverse
kidist_mariam,channel,Kidst Mariam Primary School,349,Kidist Mariam School Gerji  Official Telegram Channel  This channel will post all important notices from the KMS office and all programs that will be held in the school.  For more info call +251118932929
mariamalko,channel,Мария Малько,113,Медиатор | Психолог | Графолог | Юрист | Сооснователь онлайн школы медиации и коммуникации «Мирт»
alrajulalnabeel,channel,الرجل النبيل ﷺ,208,عن سيدنا محمد رسول الله ﷺ
sanad_algaddafi69,channel,سَنَــــــد نِمريـــش,55,اللهم ان عبدَك سيف الإسلام ، قد كانَ مؤمنًا بالله ورسوله ، فاغفِـر لَهُ وارحمهُ وأكرِِم نُزُلَه ووسّع مدخله ياربَّ العالمِـين .
be5an,channel,قوقعة 𓂆,243,🩷. @Besan200848BOT
muhmhaj,channel,فَتى كِنَانَة,199,ألا ليتَ شِعري هل تُسالِمُني النّوَى  وتَخبو هُمومي مِنْ قِرَاعِ المَصائِبِ
eslamawiy_channel,channel,ኢስላማዊ አልባሳት እና የአቂዳ ኪታቦች ቻናል,402,📌አድራሻችን ሳኡድ አረቢያ🇸🇦  ለበለጠ መረጃ 📞 በዚህ አደራሻ  በቴሌግራም   ማናገር   ትችላላችሁ👇 ✍ @hara_Aselefiya1
assels_news,channel,Assels News,1356,Новости по Brawl Stars
masvalcs,channel,MaSvAl - official page🫶,162,
streamswxa,channel,Vladwxa Brawl,133,"Место, где каждый может чувствовать себя комфортно и быть собой  https://t.me/reklamaWXA - Реклама в тгк  Контакты   • @Sergeiwxa152 - менеджер   • @Valdemarsus - менеджер   • @Vladwxa152 - личка стримера"
ronybrawlstars,channel,RonyBS,181,Канал по бравлу!🔥  Владелец - @ronybsofficiall  По всем вопросам писать - @ronybsofficiall  Чатик - @ronybrawlstars_chat  Бустануть канал - https://t.me/boost/ronybrawlstars
azolair,channel,Azol Airlines || PTFS,16,"РП АВИАКОМПАНИЯ!! Мы никак не относимся к Авиакомпании Azul, мы лишь просто фанаты."
market_sarapul_bot,bot,Выставить объявление,,🤖 Бот для публикации ваших объявлений на канале @Market_Sarapul.  Все посты проходят модерацию настоящими людьми !
usssellbot,bot,Бот Барахолка Уссурийск,,Бот канала @usk_baraholka Поддержка @olegpopjs
baraholka_belarus_cosplay_bot,bot,Бот для постов,,Пренадлежит платформе @baraholkakospley
cosplaysalebot,bot,бот для продажи/обмена/поиска косплеев,,Приветствую тебя. Это канал для постов о продажи косплей атрибутики. Основной канла ⬇️⬇️ https://t.me/kosplaySeal
ganggdle11,channel,“当场杀死” 박제,375,"텔레의 악을 없애드립니다. 박제,제휴문의  카카오톡 실계 매입 문의 @ggangdle"
motibuu,channel,🔒yasu,25,
alresourcesofficial,channel,AL RESOURCES OFFICIAL,199,
amharicbooksforeadersgroup,group,ሐሽማል ቤተ-መዘክር,473,መፅሐፍ መጠያየቂያና መወያያ ግሩፕ
honda_automotive_spare_parts,channel,Honda Automotive spare parts,175,
amacars64,channel,AMA CARS 1:64 Коллекционные машины,315,Канал коллекционных машин в масштабе 1:64 в коллаборации с Pro Cars Show  1:18 масштаб ссылка ниже  👇🏾  https://t.me/amaauto
z1rui,channel,إنّا لله,63,سبحان الله وبحمده، سبحان الله العظيم.
gummanajaped,channel,Межзвёздный скиталец✨,39,Всё самое доброе и позитивное
fmmrs24,channel,- فِردوس الجَنة -,1859,لن يُفلت من بين يديك ما ساقهُ ﷲ لأجلك  ولن يفوتك رزقك وإن تأخر فأطمئن .  البداية - 2022 - م
nulluspoetry,channel,Nullus - Art and Culture,305,Poetry - Culture - Social Commentary - Archived Episodes of Conversations with the Wind Podcast
prod_onegeek,channel,ONEGEEK,126,dm: @onegeekinme  loops: @onegeekwork Inst: instagram.com/onegeek.soserious
liiveylivey,channel,таблеточный жмых,25,"Сколько тут недосказанности, кринжа и стыков Фикбук: Ливэй_  Teletype: liiveylivey #ОдинКругДо"
solein_ros,channel,(нᴇ)чᴀйныᴇ иᴄᴛᴏᴩии,14,"канал, где я, некто Екатерина, рассказываю и показываю про дорамы, книги, суккуленты и далее по списку 🌱"
avdvor,channel,Автомобильный двор,153,
praga12121,channel,Гараж KPI,30,"Все мысли автора несут исключительно юмористический и вымышленный характер, все действия никак не связаны с реальностью"
warmancsp,channel,warmancsp,52,"Если в мире пропадет понятие колхоз, у меня пропадут все машины в гараже"
bimesele,channel,BİMESELE,118,Bu kanal www.bimesele.com ve Paydos Dergisi paylaşımları içindir.
saxovat_yelkani,channel,Saxovat yelkani,406,Saxovat yelkanida Yaxshiliklar manzili  sari biz bilan birga bo'ling!  Millat Umidlari bo'lgan volontyor yoshlar jamoasi @sy_volunteers / @SY_masjid_hashar  Murojaatlar uchun: @Saydaliyeva0809
qu0122,channel,تِلاوات🎧,108,﴿ وَذَكِّرۡ فَإِنَّ ٱلذِّكۡرَىٰ تَنفَعُ ٱلۡمُؤۡمِنِينَ ۝ ﴾🔖  تابعونا على باقي منصات التواصل الإجتماعي👇  YouTube:- https://youtube.com/@q__u012?si=TaWB15dgstjCdThW   Instagram:- https://instagram.com/q__u012?utm_medium=copy_link
sufunalnajat0,channel,سُفُنُ النَّجَاة (عَلَيهمُ السَّلَام),232,قناة متواضعة لنشر اقتباسات من اهل البيت (صلوات الله عليهم) او التحدث في فضائلهم ونشر اقتباسات لشخصيات بارزة مهمة. اسأل الله ان يوفق الجميع.
farno_ch,channel,گروه حقوقی آموزشی فرنو,9455,فرنو همان لاوینو است که با کیفیت تر و با نامی پارسی بازگشته است 📣اطلاع رسانی ، اخبار ، آموزش ویژه وکلا و کارآموزان⚖ 📖برگزاری دوره ها و کارگاه های تخصصی ویژه وکلا و کارآموزان آیدی پشتیبانی تلگرام فرنو : @Farno_edu
mosc_sobjan_sudy_po_dogovornjacu,channel,Москва и Собянин: Суды по договорняку,82,Суды по договорняку в Москве. Как Собянин и его команда используют судебную систему для личных выгод.  Контакты & сотрудничество: sgorskov928@gmail.com
fom_uzbekistan,channel,FOM GROUP,252,"FOM GROUP — прогрессивная IT-компания, создающая решения для бизнеса будущего.   Внедрение продуктов FOM GROUP — это не просто технологии, а гарантированный рост эффективности вашей команды. 🚀  🌐 www.fomgroup.uz"
front_novostej,channel,Фронт новостей,72,"Проект МЕДИА ГРУПП ""ВЧК-ОГПУ"", связь vchkogpu.ru@gmail.com"
dogovornjac_v_mehrii_cto_rulit,channel,Договорняк в мэрии: кто рулит Москвой?,70,Кто реально управляет городом и какие закулисные игры идут?   Контакты & сотрудничество: sgorskov928@gmail.com
timur_liberman,channel,Только бизнес | ТЛ,82,"15 лет в бизнесе | 10+ собственных проектов | Эксперт РБК Здесь пишу свои наблюдения про деньги, людей, управление и ошибки. В реальной жизни помогаю собственникам выстроить управляемую систему для роста бизнеса.   Подробнее: https://determinanta.ru/"
fin_insajdy,channel,Финансовые инсайды,73,"Проект МЕДИА ГРУПП ""ВЧК-ОГПУ"", связь vchkogpu.ru@gmail.com"
a3traby,channel,خيمة أعرابِيّ,2738,في غياهب الأدب وجمال الشعر وروحانيّة الدّين : هنا أنا :)  شغفٌ كبير ^_^ . تواصل @Abd_M_H_bot
qotoofda,channel,الغُــــصْـ🌸ـنُ الرَّطِـــ🌸ـيــبُ,301,نقولاتُ أدبية ... نثراتٌ شِعرية .. وفوائدُ دينية.  وبعضُ كلماتٍ من هُنا وهُناك .. تحكي بعضَ ما في الصَّدر من عجيج.  . كوصيَّةٍ:  سلوا الله الهداية والثبات دائمًا. 🌸
niiiu0,channel,الهُدى,39,من جعل الله أولى أولوياته، ترتبت له فوضى الحياة
godscreatorsha,channel,god’s creator’sha,26,
itzz_rozz,channel,✨𝐼𝑡𝑧𝑧.__.𝑅𝑜𝑍𝑧✨,5121,بـە خێـر بـێن بـۆ چـەناڵـی ڕۆز بـابەتەکـانـم بـریتـین لـە ⬇️ ــ ــ ــ ــ ــ ــ ــ ــ ــ  •کـۆد •زانیـاری •فـێـرکـاری ــ ــ ــ ــ ــ ــ ــ ــ ــ  بـۆ ئـەدمـیـنـی نـامـە بـنـێـرە @RASTY_404 @vx_a7mad2008
lle_is,channel,LLEIS_S,25,🕊 For all questions - in the channel's private messages .             ! Писать только по делу !                 t.me/LLE_IS?direct Вся информация и другие соц. сети в закрепе – навигация /      поддержать канал бустом !  https://t.me/boost/LLE_IS
psyholog_olesya_chebak,channel,Психолог Олеся Чебак,918,⚙️Понятные инструменты для твоего роста 🌐Консультации онлайн по всему миру  ➡️Записаться: @olesyachebak_help   Автор канала: @olesya_chebak
artofpsicologia,channel,Арт-психология,455,"Про отношения дети/родители; про выбор профессии и поиск призвания; про то, как сделать жизнь лучше, как достигать целей и все успевать.  Психолог, коуч  Елена Еремеева   Мой сайт www.more-prof.ru"
natterekhova_coaching,channel,ПОЛЕЗНЫЙ КОУЧ,272,"Канал Наталии Тереховой.  Коуч-практик. Сертификат ICF  Потенциал есть внутри каждого. Нужно лишь научиться его развивать. ✅ Как достигать целей, не надрываясь ✅ Как осознанно управлять своей жизнью  ✅ Как жить в гармонии с собой и окружающими"
psydaybyday,channel,Психология повседневности 📻📚,258,"Меня зовут  Екатерина Пастухова, экзистенциальный аналитик (GLE Austria), семейный психолог. Эксперт СМИ.  18 лет частной практики. Помогаю людям прийти к хорошей жизни и к себе! Живу в Испании с мужем и дочкой.  https://ekaterina-pastukhova.com/"
goroneskul_ea,channel,Екатерина Горонескуль: психолог,178,"@EkaterinaGoroneskul  В этом канале мы познакомимся поближе, а также  вы увидите анонсы групповых встреч по психологии, нейрографике и творчеству."
club_homesok,channel,Драмы больше нет,123,"Семейный психолог.  Если вы устали от драм  Как наладить личную жизнь   И что делать, когда проблемы с детьми  Консультирую: Пары Родителей  Индивидуально Отвечу здесь @homeSok  Мой сайт https://trudno-deti.ru/"
alwaraqatfr,channel,AL WARAQAT [FR] الورقات,1180,"Réseau salafi spécialisé dans la quête de science légiférée, la propagation d'enseignements, et les rappels en images"
salafyat,channel,كنوز الفوائد,896,كنوز الفوائد
moam7n,channel,ل عيون 💔,107,⇦نـوࢪتـو القـنـاه🌚♥✘✧ ✧ستجدو ڪل م يعبࢪ عنڪ🧸♥✘✧ بوستات منوعهه 👀✘✧ بيڪات حب 🌚♥✘✧ بيڪات جيرل 🌚♥✘✧ بيڪات بوي🌚♥✘✧   ⌯ 𝙊𝙒𝙉𝙀𝙍 ➪
niharikajainofficial,channel,Niharika jain,3,"Sharing stories, building brands, and connecting through creativity 🌟"
altoqaaaaaa,channel,منبه صلاة على النبي,47,
ilpolcinopio,channel,محاضرات الداعية مارية محمد محمد,60,
mqawemo8amer,channel,رسمت نور,50,
fj_rn19,channel,.الشمائل المحمديـة🌱.,14,"""لـستُ حقيقـة ، لـكنِ رائـعة"" 🕯️."
elgharibfontsbot,bot,بوت خطوط أحمد الغريب,,اذكُر اسم أيّ خط، وسيصلُك رابطُه في لحظة، التعامل من قبل المشرفين في النقاشات. @ElgharibFonts  للمزيد: @iElghrib
megayamal,channel,МегаЯмал,104,Главные новости Ямала  https://megayamal.ru/
agavshin89,channel,A.Gavshin - новости из жизни,154,Канал для вашего отдыха!  По всем вопросам: @sm1nsert22
cultureofyamal,channel,СКД ЯМК,322,
realmofclovendorf,channel,CLOVENDORF.,2635,"@ClovenfBot, @ClovenSFSBot (HOLD FOR SFS)."
sopkaru,channel,Sopka,29,Все о сахалинском спорте
elmoraflood,channel,Elm⊹ra – Infoও,47,own: @SeungminBoy anon: @mirshlyanon_bot
sakenaah,channel,سكينة 🤍,1523,الحقول التي لا تُروى بالدموع لا تثمر- سنابلُها أبداً ..!  مالي سوى نفس تعز على الشرى ..  قد بعتها لله ، و الله اشترى ..
zilal_alwaei_1,channel,ظِلالُ الوَعي,146,يا نفسي…🌱 يكفينا شرفًا من هذا الطريق أنّا نتلمّس به أنوارَ الوحي فنشكل تمام الوعي، يكفينا أنّا نشقّ به طرقًا للجنان.   فجاهدي على الثبات؛ حتى تزهري فتبددي ظلام الغَيا!  ـــــــــــــــــــــــــــــــ✿ • القناة للإناث فقط! • بوت التواصل|| @waslalzilalbot
kosheiii101,channel,.KOSHEIII,72,
tjvct,channel,اللهُمَّ صَلِّ عَلى مُحَمَّدٍ وَآلِ مُحَمَّدٍ,217,تَسلح بالعِلم وَ المَعرِفة ، لَم تُخلق عَبثاً  خُلِقتَ مِن أجلَ غايةً وَ هدَف.  @uwksnbot  على قناتي صلّوا، يفوح العِطر نور بذِكر محمد وآله، تحلـو السطور
be_sooyeh_behesht,channel,بسوی بهشت 🤍,110,"‌ گفتم از نعمتهای بهشت بگو؛ گفت:""«رسول الله صلی الله علیه وآله وسلم آنجاست». ‌"
j1j_j1j_j,channel,Thè ÉND ~,52,حرب ومبتقبلش غير منتصر واحد ^
irandokht_z_a,channel,ایراندختـ‌ــ•,183,ناشناسمون: t.me/HidenChat_Bot?start=7061164399
naaaarjess,channel,_Strawberry farm🍓,321,آزادِگانی از نَسلِ ماندِگارِ کُوروش....‌‌
exooei,channel,ku klax klan,283,ک ک ک @aexxw https://t.me/IncogNoteBot?start=c0h46dx6nw
nariya0_0,channel,-ناریا🇮🇷,203,ناشناس http://t.me/HidenChat_Bot?start=6800990185 کانال روبیکا:rubika.ir/Naya0__0 پیج اینستا: nariya.262
tourismangels,channel,tourismangels24.com,100,Medical and cosmetic surgery in Iran
charashoo,channel,Ирина Воркут 🌲,14,Щитпост и картиночки
apelsinou,channel,irinka ivan wife,2,
irfarnpoliticalparty,channel,ИРЫ ФАРН,273,Политическая партия
taklimassunnah,channel,Taklim As-Sunnah,1209,Mengenal Sunnah Lebih Dekat
tariqussunnah,channel,عيسى جابر (أبو يحيى الشامي),252,https://youtube.com/@abuyahyashami
tefekurchannel,channel,Tefekur Center,550,Tefekur Center - Islamic Channel
quranthesunna,channel,QUR'AN THE SUNNAH,177,"السلام عليكم ورحمة الله وبركاته «Мир вам, милость и благословение Аллаха» дорогие мои братья и сёстры, здесь вы сможете найти :  Прекрасное чтение Корана  Достоверные хадисы  Напоминание на каждый день"
fxislamic,channel,حكمة,229,"Напоминай, если напоминание приносит пользу 📚 ʙᴧᴀдᴇᴧᴇц: @hikm111"
islamabdulvahid,channel,Ислам АбдульВахид,631,🔸Канал Ислама АбдульВахида  ЛЕКЦИИ | ПОЛЬЗЫ | ПЕРЕВОДЫ
vdoislamic,channel,Islamic Videos,233,
europeanfatwacouncil,channel,European Fatwa Council,37,
hey_mahim_bro,channel,𝗠𝗔𝗛𝗜𝗠 || 𝗔𝗛𝗠𝗘𝗗 ❤️‍🩹,242,People's thoughts and desires should change with time! ❤️
humuuhumuu,channel,humuu 𐔌՞. .՞𐦯 ˚❀༉,117,ну тут щитпост с всякой фигней которая меня цепляет
ghhhhhbbbb,group,PERSATUAN SPIRITUAL INDONESIA 01,62,Melayani bagi anda yang punya masalah ✓Dana Goib/Pesugihan ✓Karir ✓Putar Giling ✓Penglaris Usaha ✓Asmara ✓Pasang Susuk ✓Keturunan ✓Togel @MBAH_HJ_Samijan01 Atau bisa hubungi  Wa: https://api.whatsapp.com/send?phone=6282284090087
sewyishalist,channel,Sewyishalism,178,Biomedical Engineer | 21  |  Orthodox Christian    An ideology of building yourself
abhyaskattacom,channel,Abhyas katta /अभ्यास कट्टा,1694,www.abhyaskatta.com (स्पर्धा परीक्षेच्या विविध विषयांच्या सरावासाठी महत्वपूर्ण वेबसाईट म्हणजे www.abhyaskatta.com याठिकाणी आपण सर्व विषयांच्या मोफत ऑनलाईन टेस्ट सोडवू शकता.)
masdjid_nechaevka,channel,Мечеть Нечаевка,742,"Официальный канал центральной мечети с.Нечаевка, Кизилюртовского района."
almastoora,channel,አል-ማስቱራ (Al-Mastoora),59,ጠቃሚ የህይወት ልምዶችናየኒቃብ/ሂጃብ ዉበት
izonestickers,channel,Fiesta,40,sushka @Sullyoonanon_bot
sosinevich,channel,𝐒 . 𝐎 𝐒 𝐈 𝐍 𝐄 𝐕 𝐈 𝐂 𝐇,44,
yutzulubimaya,channel,✧･ﾟ☀️Ýūțżű ķøðǔķẽ🕶️･ﾟ✧ | true Minnie🫶🏻,51,
imyanazenina,channel,Yana_zenina_,20,Маша @Mchaersbot
findx_save_place,channel,FindX Save Place,18,
nesipodarki,channel,Мой вишлист,5,Порадуй Королеву 👠💵 По поводу подарка писать: @MistressKatten
iconspr,channel,PR ICONs / info,4,
ikisswinterr,channel,𝘉𝗘𝗟𝗟𝖠 𝘞𐌉𝗦𝘏𝗟𐌉𝗦ꔋ,3,
ongoingcharity309,channel,🪶,13,صدقه جاريه عني و عن كل من يسمع
quran_adim_1924,channel,القرآن العظيم,15,صدقة على روح موتانا
samaberam_12,channel,﴿لا تَحْزَنْ إِنَّ اللَّهَ مَعَنَا﴾,19,اللهُمَ عُونكَ إذا باتَ كُل شَيء ثقَيل علي
nasamattayibah,channel,مختارات علمية وأدبية,1532,اختبارات من القرآن لتقوية الحفظ واسئلة دينية وادعية واذكار. وقطوف من الكلم الطيب.
alxayati,channel,.,2,
merkezalmouhim,channel,Merkez Al-Mouhim,1,L'arabe à l'essentiel
grimchained,channel,grimchained,305,Order : @eymir777 ⛓️  @antipodee
aelita_green,channel,Аэлита с зелёной ветки🌿,74,Be just fine✨️
cepoct,channel,Serost' | SR✧ST’,35,"Я не гений, не талант, самая заурядная серость 🫥"
repairshelpbot,bot,RepairsHelpBot,,
viktorarcane_hnd_bot,bot,No perfection,,
stavinstrument_bot,bot,StavInstrument,,
alkhurosoni,channel,الخراساني,125,3:102 { يَا أَيُّهَا الَّذِينَ آمَنُوا اتَّقُوا اللَّهَ حَقَّ تُقَاتِهِ وَلَا تَمُوتُنَّ إِلَّا وَأَنتُم مُّسْلِمُونَ }
s_m_h_r12,channel,ألّڪبٰيࢪ,173,اللهم صل على النبي♡ @S_K_E_M
sammysrooma,channel,Комнатушка Сэмми,11,
tsireya1,channel,Ϯχє'Ɩѧƞ Σƴѡѧƴä.,1,
teka_maluvalki,channel,TeKa_maluvalki,74,Канал з всім що малюю
cupcakefreak,channel,𓂃౨ৎ FREAKCLUB 🌈,35,в мире животных:
bishkek_meet_cf,channel,Bishkek meet ᶜᵒᶰᶠᵉˢˢᶦᵒᶰ,3,
poshe,channel,اتحادیه کارگران سراسر ایران,406,برای بدست آوردن حقوق کارگران تماس با ما  @shahbi90   برای رساندن صدای کارگران به ما کمک کنید ارسال خیر و عکس و فیلم با ما تماس بگیرید
meltylyrica,channel,Melty Lyrica!!,236,• Cosplayer!! • Tik Tok: @Melty_Lyrica • Insta: @Lyrica.cosp • Me: @Miss_Freaky
esrsall23245457,channel,🍄🌼Stella||ستيلا,157,وَلَنا فِي الخَيالِ حَياة ... 💕💖
itsmaava,channel,مأوا ؛,96,اندوه کسی را نکُشت ، بلکه تهی‌مان کرد از همه چیز . . . https://telegram.me/Nashenasamonbot?start=sc-5DB6JLSI0v : ناشناس📌
sillymk,channel,мимитакс,19,
ct8brzycck0wmgni,channel,Мадия Цримова/Трансформация из боли в силу,84,"Мадия Цримова, трансформационный  Психолог-консультант,   Сертифицированный специалист по МАК  во Вселенском методе   Проводник игры «Лила», Энергопрактик"
assoucresultcdf,channel,results of associations by cdf,1,@coupdefoudreu
fkekcng,channel,S.𝐚𝐧𝐚's Result,1,Становитесь моими детьми я буду за вами приглядывать ^^
tayyebin_net,channel,طیبین، میعادگاه پاکان,112,همراه با قرآن Quran.tayyebin.net  اوقات شرعی Owqat.tayyebin.net  کتابفروشی اینترنتی Shop.tayyebin.net  www.tayyebin.net  ارتباط با مدیر @monadiM 09384646619
sukoon2468,channel,سُكُون,99,﴿ اهدِنَا الصِّراطَ المُستَقيمَ ﴾
al_siyar,channel,| سِـــیَر |,50,| گوش ما مدح کسی غیر تو نشنید علی | --------------------------------- بدان که سیر، همان حقوق بین الملل اسلامی تعریف می‌شود --------------------------------- http://t.me/HidenChat_Bot?start=110386617
sill120,channel,سَيل .,38,مُتعبٌ لكنّ قلبي.. يبتغي لمسَ العنان!
sweticre,channel,ګېڪ سیبㅤ̈́,50,ㅤㅤㅤ ‌ݪـټـه ݕاڪسㅤㅤ ‌ ‌᛬     @appl3cakbot
onsw7sanat113,channel,أُنسٌ وحسنات,243,اللهم اجعل عبدك سمير من أهل الجنة وبارك في عمره وصحته هو ومن يحبه.🤍 بوت التواصل: @SanSonaa113_bot
anaselnasharty,channel,تراث الطبيب انس احمد النشرتي,598,هذه الصفحه في ميزان حسنات الطبيب انس احمد النشرتي سوف يتم فيها نشر جميع تلاواته
h_a_y_a_t_e,channel,Hayat ♥️,46,دعك من الظُّروف، وفكر بـ قوة الله الذي تدعُوه ❤️🔐
lawandorderracing,channel,Закон и Порядок,885,
m33find,channel,mefistoL🤤,55,Вп 0+ @hr33sa
pl4yground,group,Pubg,158,
hppubgg,channel,_h•p_pubg,167,
puppyfrogcoin,group,PuppyFrog,151,
paysengerambassadors,group,Paysenger&Ambassadors,52,💯Ambassadors New to the Team Please Read the Pinned Posts and Wait for the Necessary Instructions.💯
pasalertpodgoricabar,group,Pas Alert 🚨Podgoriса | Bar,65,
buiraww,channel,buira,38,@ponponbro
pepegatoken,channel,Pepega,7,Pepega
ppuorigin,channel,Patliputra University (PPU),24,
pingoguru,channel,Pingo,5,"🚀 Welcome to the $PINGO 🍄 Where the badger runs wild, the charts go crazy, and the memes never stop. PINGO PINGO PINGO! 🌀🐾"
piggybonki,channel,Piggy Bonki,4,"For support and enquiries, please contacts the core team @Lumber_MOH and @Taniskhanna"
pofigeymclub,group,Пофигейм,12,
pepegrowtoken,channel,Pepegrow,6,
pomarkiwotermarka,group,помарки,4,
picklememegp,group,🥒گپ پیکلی🥒,8,
gambarg,channel,gambar,2,
indypccg,group,PcComputerGuy,5,I.T. Support / Computer Repair
uusaggicf,channel,usᴀgi ᴋɸ [🐰💛],4,
paysengeradd_bot,channel,paysengeradd_bot,2,
logisticbypumba_bot,bot,logistic by pumba bot,,Наш телеграм канал: https://t.me/logisticbypumba
allluz17,channel,Al,164,
umma_knowledge,channel,ummة,33,"Все то, что останется после меня"
hanomuhahue1,channel,iiisssuuu,111,
telawat_alaraby,channel,تلاوات الدكتور أحمد العربي,7924,اللهم اجعل هذا العمل خالصًا لوجهك الكريم. هذه القناة من مُحِب للدكتور أحمد نشارك فيها بإذن الله تلاوات للشيخ، سائلين الله أن يجعلها في ميزان حسناته وحسناتنا أجمعين.
milinochkagmd,channel,Ayrelia 🎆,672,все дороги ведут в...
bilerforum_26,channel,Биләр Форум 2026,2902,
warflash_26,channel,War Flash,2798,Monitoring Real-Time News about war's & Geopolitical events | Open-Source Intelligence  For ad/queries: @VikashS2630
belashova_parfumrostov,channel,Belashova_ParfumRostov,1857,🔥Парфюмерия люкс качества (в наличии) 🔝Цены Вас приятно удивят 📦ДОСТАВКА СДЭК и Почтой по РФ 💵ОПЛАТА ТОЛЬКО НА МОЙ НОМЕР ➡️8-918-526-23-89  @AnastasiaParfumRostov  Отзывы - https://t.me/otzyvBelashova
amanahsahamamalaysia,group,AMANAH SAHAM MALAYSIA,52,"Provides Investment Services, For Beginners, As Well As Those With Experience. 95% Safety Guarantee  All questions can go directly to the admin Admin on : @Nurlasikin_bintiOslii_67"
aminashta,channel,Не твоя черемша,38,"""Я — кот, хожу, где вздумается, и гуляю сам по себе."""
muhammad_suleymanov1379,channel,𝙈𝙪𝙝𝙖𝙢𝙢𝙖𝙙 𝙎𝙪𝙡𝙚𝙮𝙢𝙖𝙣𝙤𝙫,160,"Телеграм канал Руководителя Отдела Просвещения МРД по Новолакскому району (Новострой), Мухаммада Сулейманова.  Имам Мечети в с. Тухчар (Новострой)."
kvaliatheatre,channel,Театр Квалиа / თეატრი კვალია / Kvalia Theatre,185,"Творческое объединение русскоязычных театральных режиссеров, актеров и художников города Батуми (Аджария, Грузия)."
kazanskaya_studyia,channel,"""Оперение"" KZN",624,
kvartirniiikk,channel,Квартирники Колледжа БГПУ им. М.Акмуллы 🍁📚,285,
grsh_look,channel,Театрал херов,43,Записки провинциального театрала о спектаклях в Сибири и за её пределами.
athwart,channel,Не только сквозь искусство,177,"Рассказы из жизни, соприкасающейся с искусством. Виртуальная галерея - https://michaeli.me   Блог на Дзене - https://dzen.ru/athwart   Курс по развитию насмотренности - https://nasmotrennost.michaeli.me/"
tsukertimetheatre,channel,TSUKERTIME Музыкальный театр,125,"TSUKERTIME – камерный музыкальный театр, основанный актерами театра и кино Антоном Антоновым и Марией Кресиной! Авторские сценарии, уникальная атмосфера и разговоры по душам и о душе – вот, что рождает живой диалог актеров со зрителем!"
zhertvateatralnogo,channel,театральная нелепость🎀,103,будни абитуриента театрального || честное мнение о поступлении.
martabelkina,channel,Книги Марты Белкиной,47,
quran_2225,channel,فَرْدًا,112,- ان اللّٰه جعل مكارم الأخلاق ومحاسنها وصلا بيننا وبينه . - اللّٰه يجعلها حجة لنا لا علينا .  ١٤٤٣هـ .
zajac5,channel,Lądowanie na Księżycu,31,Człowiek na Księżycu
center_bt,channel,Центр Беспилотных Технологий,49,"Аэрофотосъемки Обучение  Продажа  Сервис   +73833830269 Новосибирск, 1-я Ельцовка 1"
mr_newborn,channel,Newborn,43,it's a place where i would share my jouney to make my self accountable.  for work DM: @MrNewborn Portfolio: newtonyetsedaw.vercel.app
alshafii2,channel,أبو الحسن الشافعي,406,
imadeadpoett,channel,✶°⋆𝓒𝓪𝓻𝓹𝓮 𝓭𝓲𝓮𝓶!𖦸𓅓𖦹,532,Boys don't cry.
hjiieeyu578uhjk,channel,نـُورْ الْـعَـقِيدَة 📚🇩🇿,48,إنّــي على نــهجِ الأسلافِ ودربهم حتىٰ تُــفارق مُهجَتي جُثــماني تجارة مع اللَّٰـه لا تبور .نشر العلم النافع.لا تَكتُب لِتَشتهر اكتُب لِتتقرّب إلى اللّٰـه أُكتُب لِتنفع أُمَّتك.•
storanmurbandrvldo,channel,storan murban rvldo,10,
ypa_142,channel,УРА ПАТИ,32,Настоящий хип-хоп
teleboom1tv_bot,bot,TELEBOOM,,
taurunabot,bot,Тауруна помощник,,
tpaybybot,bot,tpayby,,T-pay bot
ttabisbot,bot,you’ve reached tabs 💌,,here's a cup of coffee to break the ice ☕️ .
taby_tbbot,bot,taby.bot⚜️,,
tapula_bot,bot,Tapula | powered by Fabula AI,,🌍 Community: @fabula_comm_eng 🇷🇺 Сообщество: @fabula_community Support: @fabula_support Docs: https://clck.ru/3CEgMU
topor1plus_bot,bot,ТЯПЫЧ / Топор 1+,,ЭТО ТЯПЫЧ ОН КРУТОЙ
topos_rus_bot,bot,Topos,,
mtptorbot,bot,"🌺「 "" ساخت بنر شیشه ای "" 」🌺",,"🌺「 "" ساخت بنر شیشه ای "" 」🌺"
tbesh_buyer_bot,bot,tbesh | Gifts Buyer,,channel: @tbesh support: @djbooba
izurucf_bot,bot,Изуру кф тейкбот,,приве т
gettor_bot,bot,GetTor,,Download Tor Browser through Telegram · Updates: @torproject · Bridges: @getbridgesbot
tagihanpulsa_bot,bot,TagihanPulsa Bot,,
t2_conf_bot,bot,T2_conf,,
tstu_news_bot,bot,TSTU.UZ | murojaat uchun,,
tyomaweaboo_bot,bot,Weaboo_Bot,,
clubtourdom_bot,bot,ТУРДОМ БОТ,,Powered by @ClubTourDom
tproger_robot,bot,Tproger Bot,,"Tproger — одно из крупнейших IT-сообществ, этот бот — лучший способ получать и искать свежие статьи с нашего сайта"
ev3ry_d1cebot,bot,тейк бот эдкф^_^,,
tezkor_giveawaybot,bot,Tezkor Give Away | Bilan Pul ishlang💰,,"Tanlov @TezkorVideolar tahririyati tomonidan tashkillashtirilgan, barchasi halol bo'lishiga kafolat beramiz."
sfm_take_bot,bot,Тейк-бот,,Тейки сюды
capoolife,channel,КАПО 🫟,467,Личный канал.  Связь со мной: @capoofx  Инстаграм: https://www.instagram.com/capoo_fx/
kabosuceoportal,channel,KabosuCEO Portal,198,$KCEO Portal News: https://t.me/KabosuCEONews
capovk,channel,محافظ کاپو؛,201,
kabosuonethereum,channel,Kabosu CTO,69,
kabosuceonews,channel,KabosuCEO Announcements,30,
baaguero_cf,channel,❀☾ bamkhun confession & daily ☽❀,188,"картинка с авы очищена от текста @PanelEdits в тви. кф посвящëн как бамкунам, так и кунбамам, пропагандирует называть их баагеро😼 всë запрещённое не пропагандирует."
kabosueth,channel,Kabosu かぼす | the OG Doge,54,"Kabosu かぼす, born 2 November 2005, the female Shiba Inu, featured in the original meme.   Twitter: https://twitter.com/KabosuETH"
coganlokallll,channel,pap cowo ?,45,
creatifspacekofi,channel,Творческий уголок маленькой кружечки кофе☕️,63,Стажорик Рисую своих детишек(Бибу и Бобу) и всякие смешняфки В будущем собираюсь открыть коммишки^_^
kabosuentryportal,channel,Kabosu Entry Portal,16,
jackpotwow,channel,Blah,18,welcome to my cocoon!( ͡◉ ͜ʖ ͡◉)
bufothursday,channel,Четверг | Bufo,15,"Мамкин манипулятор, чемпион по газлайтингу, актриса и пиздаболка  Канал с фотографиями t.me/BigBlackBufo"
coopnico,channel,coop strawberry boy,2,
camo_kakto,channel,camo_kakto,1,
nen_tanal,channel,AT-TANAL AL ARABI UZB | NEN - NATIONAL EDUCATION NETWORK,314,AL-TANAL AL ARABI | Test of Native and none-native Arabic Language Learners
neschool_atlas,channel,Школа Атлас Иркутск,169,"Частная школа «Атлас» в Иркутске🏫  • Обучаем с 1-11 класс, по стандартам ФГОС • Выдаем аттестат гос. образца   🎁БЕСПЛАТНАЯ экскурсия  📱+7 (901) 650-03-50 https://max.ru/id3808292624_bot"
uttarpathshala3,channel,UTTAR PATHSHALA DELED EXAM 2026 september,24,UTTAR PATHSHALA DELED EXAM 2026 september   Uttarakhand deled prepration channel
naitrooo,channel,حلم 🤍🚶‍♂,52,﴿ادعُ إِلى سَبيلِ رَبِّكَ بِالحِكمَةِ وَالمَوعِظَةِ الحَسَنَةِ وَجادِلهُم بِالَّتي هِيَ أَحسَنُ إِنَّ رَبَّكَ هُوَ أَعلَمُ بِمَن ضَلَّ عَن سَبيلِهِ وَهُوَ أَعلَمُ بِالمُهتَدينَ﴾ [النحل: ١٢٥] 💚🚶‍♂️
quran467987,channel,صُحبة القرآن,132,“وإذا أحبَّك اللَّه أعزَّك، نصرك، أيَّدك، استجاب لدُعائك اللَّهُمَّ حُبَّك🤎.”
uniswappresalegems,channel,Raskal Pump,179,"Discover the thrilling world of early, alpha, and safu stealth launches and presales right here."
archive_raf,channel,Archive @JastipRaff,27,
hujjah_altaf313,channel,لـ وَمِيضُ الطَّفِّ ‏.,141,أَيْنَ تَسْتَقِرُّ بِكَ النَّوَى يَا غَائِبَ الخَلْقِ  وَحَاضِرَ القُلُوبِ؟ دُعَاؤُنَا لَكَ عَهْدٌ لَا يَغِيبُ..
writingme2,channel,زَهرّاء تَكتُب,101,لا ترتيب هُنا، فقط ما يستحق أن يُكتب   @zehriiibot
hajar_review_bot,bot,Hajar Review (Bot) تواصل,,مرحباً بكم  بإمكانكم طرح إستفساراتكم وملاحظاتكم سيتم الرد عليها وقت الفراغ  من قبل مدير القناة  د/احمد حجر، شاكر تواصلكم
serim7,channel,black honey ;,180,"` сэрим/саша, 23, infj ` рабочий канал: https://t.me/serphhh ` танцор, фотограф, переводчик, рекламщик и просто отличный человек ` nctzen, carat, engene, shawol, army и reveluv  💌 лс: @demureedamn 💌 анонка: t.me/voprosy?start=pc5ar"
serilixx,channel,Serilixx,33,Creation: 4.07.2026             Owner:@Istoerichka( вп/ вз делаю)      Boost: https://t.me/boost/serilixx Anon: @Serilixxbot Info: @Infoseeilixx
ser4ne,channel,ПЕРЕЕХАЛА Serene,30,own - dayana
aboutcerulean,channel,Cerulean ✨,299,"Tiny discoveries, quiet days, and the journey to becoming a doctor 🩵🌷☕️🫧📖"
mosalafatatelhouda19,channel,~ مُصلّىٰ فَـتاة الهُـدىٰ - إقامَة عِين البَـاي 19 للطّالِبات- قسنطينة ~,1561,قناة تَابعة لمُصلّىٰ فَتاة الهُدىٰ - إقامَة عِين الباي 19- تَهتم بِخدمة كِتاب اللّٰه والسُنّة النّبويَة وَنَشر العِلم الشّرعي𓂃 🌨💜
stepanetska,channel,Степанецька громада,219,Офіційний телеграм-канал Степанецької територіальної громади  Офіційний сайт: https://stepanecka-gromada.gov.ua
cozymedaesthetics,channel,𝑪𝒓𝒚𝒔𝒕𝒂𝒍 𝑴𝒆𝒅 🔮🩺🌸,296,"كنز السنة ثانية طب ( خاصة طلاب قسنطينة و ملحقاتها) Where medicine becomes clear like crystal. Study tips , QCM & simplified medical knowledge files , ngl for your questions 📑 A cozy little corner in the chaos of med school ✨"
salutemedicinaintegrata,channel,SALUTE e MEDICINA INTEGRATA 💜,855,La 'Condivisione e collaborazione' è TUTTO.
vorwerk_lindenhof,channel,Фольварок Линденхоф,132,"Канал о жизни нашего средневекового хутора: подготовка к фестивалям, будни, картинки природы и быта.  Terra Teutonica Inc. Беларусь, Гродненская область, Ошмянский район."
kwldlw,channel,мяуколка,179,
mrfarahzad,channel,Mr.farahzad | ᴘᴏᴙᴛꞧᴏʟɪᴏ,1923,🎨   درخواست  سفارش طراحے  :    @mr_farahzad   📸  اینستاگرام :   https://www.instagram.com/mrfarahzad/  🏀   دریبل   https://dribbble.com/mrfarahzad
sadraltd,channel,Издательство «Садра»,401,"Книги по истории, религии, философии и культуре Востока.  📕 https://sadrabooks.ru/ 📘 https://vk.com/sadrabook 📘 https://max.ru/id7716715740_biz  📚Наши издания доступны на:  Ozon ozon.ru/s/izdatelstvo-sadra   WB   wildberries.ru/seller/59219"
prophetic_seerah,channel,As-Sīrah An-Nabawiyyah (The Prophetic Biography),211,"Expressing love for the Prophet ﷺ requires more than mere sentimentality. Understanding his Sīrah is crucial for depth and context. In shaa Allāh, on this channel, we'll embark on a journey through a summary of the Prophet's Sīrah."
saaaraao,channel,سارة فرج,167,{ والله يعلم وأنتم لاتعلمون}🇱🇾    البداية 12/8/2021
seerhunt,channel,LOSKUTOV,113,Лоскутный блог
kirachora,channel,kirachora,78,Стараюсь рисовать раз в месяц.  Использование моих работ без указания автора Запрещено.
seerahofprophets,channel,Ummah of prophet Muhammad ﷺ,10,"asmaul husna and dua's all audio versions, english Qur'an audio and many more."
siirada_nabiga,channel,Siirada Rasuulka,1087,"Barashada siiradii Rasuulka scw waa muhiim, Waana sababta aan halkan idin kulasoo wadaagay, Waxaan rajayn inaad kafaaidi doonto aqoon durugsan.  @Siirada_nabiga"
chanyaoo,channel,32 صيني🇨🇳 海伊萨姆·撒拉哈尼博士网站 ـ 伊斯兰—圣行学院尊敬的 亥辛 萨勒尔罕 博士,86,32 صيني🇨🇳 谢赫海伊萨姆官方网站谢赫  谢赫官网： 海逸萨姆·本·穆罕默德·本·撒拉哈尼
lyaasmm,channel,ㅤㅤㅤㅤㅤ,89,
prophet_muhammaad,channel,منبه الصلاة على النبي ﷺ ⏰️,49,وإنْ شِئِتَ فِي الدَّاريِنْ أَنْ تَسَعَدْ فَأَكِـثِـر مِن الصَـلاةِ علىٰ محمد ﷺ 📿 💚
alsalafyahmnhaji,channel,ُدُرَرُ السَّلَفِ,66,َقَنَاةٌ عَلَى أَثَرِ السَّلَفِ، تُحْيِي مَعَالِمَ السُّنَّةِ، وَتَدْفَعُ كُلَّ مَا خَالَفَهَا، فَلَا تُقَدِّمُ إِلَّا مَا أَجْمَعَ عَلَيْهِ أَهْلُ الْأَثَرِ.
hadisi_proroka,channel,Величие Ислама,25,Аяты Кур’ана и  достоверные Хадисы Посланника Аллаха ﷺ.
hadissoul,channel,hadiis,10,صحيح основа: t.me/sunnatsoul чтение Корана: t.me/quransoulll
primstart25,channel,Приморский старт 2026,322,Здесь всё о технологическом предпринимательстве и инновациях в Приморье  Contаct: @genyalekseeva
yuzhdagnews,channel,Yuzhdagnews,6,Новости и события в Дагестане Прислать контент: @My_derbent05
mfc_rdd,channel,МФЦ РЕСПУБЛИКИ ДАГЕСТАН,6,Официальный канал МФЦ Республики Дагестан Call-центр: 666-999 Полезная информация: https://taplink.cc/mfc_rd  Методический материал. Понятия и принципы создания МФЦ⬇️:  https://t.me/moi_dokumentyRD/525  Работа в МФЦ : https://t.me/moi_dokumentyRD/559
med_proudtocare,channel,мёд | одежда для врача | Краснодар,218,"Мы шьём джоггеры, футболки, худи и аксессуары, которые выдерживают ритм дежурств, стирки и критические взгляды заведующих ❤️‍🔥"
mediline_ul,channel,МедиЛайн || Стоматология Ульяновск,64,"Мы работаем, чтобы видеть счастливые улыбки наших клиентов!    Адрес стоматологической клиники: г. Ульяновск, ул. 40-летия Победы, д.9 тел. +7 8422 20 46 09  Режим работы: понедельник - воскресенье, 09:00 — 22:00, без выходных"
setnfire,channel,несёт эфир,65,Это сделал Даня Сатисфаер
fedor0v_pixel,channel,федоров,169,Ты неудобно присел на стул Держась за стену Это как будто бы караул И ты принял смену  Паблик: vk.com/fedor0v_jeez
davidsuyunovtheology,channel,Записи теолога | Давид Суюнов,156,"Канал для тех, кто интересуется исламом или принял эту религию, а также для любителей арабского языка  О себе: Студент Московского исламского института, сейчас на курсах в Катаре, учу арабскому, рассказываю интересные истории из практики"
xstlinii,channel,xstlinii,77,человек который принял жену за шляпу
sirius1748917,channel,ЗАКРЫТ // 𝐓𝐈𝐇𝐈𝐄 𝐌𝐘𝐒𝐋𝐈 𝐒𝐈𝐑𝐈𝐔𝐒𝐀 𝐁𝐋𝐄𝐊𝐀 #психолог // # историк,105,"love relationships — https://t.me/rIMuse  Я не бегу, не умоляю, Твой выбор принял — понимаю. Молчание — твой приговор, А мой ответ — холодный взор."
iacceptchaos,channel,Я принял хаос.🧿,49,"Посты в максимально рандомное  время, рисую для себя 💥"
dadofthisgame,channel,территория успеха,23,Приветствую всех любителей пива и хорошей жизни! | 🍷
myagkov_ivan_ru,group,Остеопат - Мягков Иван,42,Остеопат в Одинцово — Мягков Иван. Чемпион мира по лечебному массажу  В 2016 году принял участие в 10 Международном Чемпионате Мира по массажу и стал победителем в номинации «Лечебный массаж».   Свяжитесь со мной. Не стесняйтесь! Тел.: +7 (915) 183-48-04
nso_ivebitd,channel,НСО ИВЭБиТД | RUDN,97,"Рады приветствовать всех на нашей странице!  НСО ИВЭБиТД РУДН – это сообщество студентов, которые занимаются развитием научно-исследовательской деятельности и популяризацией науки в РУДН🔬  Вступайте в наши ряды и открывайте мир науки вместе с нами🙌🏻"
redbo_official,channel,Redbo Official,21,Официальный канал продукции бренда Redbo ✅ — крупного китайского производителя электросиловой техники с более чем 20-летней историей.   Сайт - redbo.ru Канал RUTUBE -  https://rutube.ru/channel/70842868/ Мы в VK - https://vk.com/redbo_official
uniud_dsp,channel,Bandi DSP-UNIUD,6,Canale Telegram usato per annunciare la pubblicazione di bandi per collaboratori di ricerca nel gruppo DSP di UNIUD
thakraalh,channel,Allah for your,62,- خُذ ما شِئت فَهُوَ للهِ تعالىٰ 𝑻𝒉𝒆 𝒓𝒆𝒎𝒆𝒎𝒃𝒓𝒂𝒏𝒄𝒆 𝒐𝒇 𝑨𝒍𝒍𝒂𝒉 ♡   {يَا أَيُّهَا الَّذِينَ آمَنُوا اذْكُرُوا اللَّهَ ذِكْرًا كَثِيرًا}.  سايت : @samzalbot
khela_hobe99,channel,KHELA HOBE 99 🏏⚽,322,"📩 Partnership & Promotion: 👉 @khela_Hobe99admin এখানে নিয়মিত নতুন গেম, ক্যাসিনো বোনাস, রেফার ইনকাম ও অনলাইন আর্নিং আপডেট শেয়ার করা হয় 😍 🖇️ YouTube channel 🖇️ https://youtube.com/@khela_hobe99"
alwaysbannedchannelwtf,channel,BIG MUMBAI SURE PROFIT!,161,3 MINUTE PREDICTION (COLOR)
mi2mevl,channel,MI2ME | мужская одежда и обувь,13,"Мультибендовый шоурум для мужчин  Оригинальная обувь, одежда и аксессуары от Xiaomi  ▪️Шоурум: Владивосток, ТЦ Искра, 100-лет Владивостоку 42а, бутик 41 ▪️Быстрая доставка по России"
wm996loginbot,bot,WM996,,WM996 - Your Most Trusted & Simplest Online Gaming Platform Since 2013. One-stop service for you
sonysequinsa,channel,sequins safarova,125,#𝓃ℴ ℴ𝒻𝒻 𝒷ℯ𝓈ℯ𝒷𝒶 𝒻𝒶𝓃𝒹ℴ𝓂 𝓅𝓇ℴ: @sonya_safarova 𝒷ℯℊ𝒾𝓃𝓃𝒾𝓃ℊ:01.07.26 ℯ𝓃𝒹:? ℴ𝓃 𝓆𝓊ℯ𝓈𝓉𝒾ℴ𝓃𝓈: @milexx4x
sonechka_golden,channel,‼️sᴏɴᴇᴄʜᴋᴀ_ɢᴏʟᴅᴇɴ‼️,275,По поводу вп: @Sonechkagolden ❕
sonashk,channel,sonya,71,вп удаляю через 2 часа
sezamsonya,channel,сезам соник,161,
writtenbyjeonsoyeon,channel,2608 梦’studio 🪷 we made,79,мечты сбываются ✷ iconic since 1998  @dreamersskbot / @coop2608
coolsea,channel,˙ ׅ #桃子味 🐈 soona 's cat 𓏲 𓂂 𓈒,108,嗨，欢迎来到我的舒适频道  𝖼𝗈𝗇𝗇𝖾𝖼𝗍 𝗐 𝗆𝖾 . . 〰️ ˖ ׁ - @ddeonuwaa 希望我的频道能成为您最好的安慰之地。𝖻𝗒𝖾 - 𝖻𝗒𝖾  !  𝖼𝗁𝖺𝗇𝗇𝖾𝗅  ' 𝗌 𝖻𝗂𝗋𝗍𝗁𝖽𝖺𝗒 : 12 。 07 。 2025
sana_team2,channel,Sana team,88,
shhaminya,channel,мишаня256,23,Официальный тг канал мишани256  https://shh.ref-err.ru  https://retrotube.net/users/mishhanya256  https://youtube.com/@mishhanya256?si=MenVcHPI2B35UqSu
housedesingere,channel,sena dising 🙈,22,"привет, делаю баннеры/аватарки/ лого Связь: @LIZOOSTAR"
sedna_solarballs,channel,| Ꮥɛⅆɳɑ ɕσɳƒɛʂʂⅈσɳ |,10,
sonaartistt,channel,.•➿𝑺𝒐𝒏𝒂 𝑨𝒓𝒕𝒊𝒔𝒕➰.,3,
sonyraoi,channel,𝐇𝐰𝒜𝐧𝐠 𝐒𝒪𝐧𝐲𝐫𝐚🔞,8,
m_e_m_o26,channel,آلسـلخـآنةة 😁😁,23,*_زبـي عـلي وش اليـي بيـشـوف البـوصف وعتبــࢪنـي بـنـڪش🍻✨_* *_ملـيش خـلق لڪـسسمڪ🍻 *_سسجــآࢪه تجــمعــهم صوتب بـوڪسس ..يفࢪقـهم🍻✨ *_دخــلت آلمجـــآل مࢪيض طلعــت منو فـآجــࢪࢪ🍻✨_ *_تنڪش زوبࢪي +آفـࢪتڪ بي جــدࢪآ ڪسمڪ   صـآآصـآآ آلمـلعون بــيمـسـي علي ڪسـمـڪم
mohamadwalemomhamd,channel,قصائد حُسينية,9,الـقـنـاة تُعنى بالـنَّـشـر الحُسيني الخاص [ مُحمد وآلِ مُحمد ] قلم : الأستاذة : زهـراء موسى الـلامـي [بكالوريوس لُغة عربية] 🤍اللَّهُمَّ عَجِّل لِوَلِيِّكَ الفَرَج 🤍
winnerfxforex,group,WINNERFX FOREX ROBOT TRADING,553,‼️ONLY REAL F0REX AI ROBOTS CHANNEL‼️  ▪️High Profits 💵💶💷 ▪️Fully automated ⚒✅ ▪️Stable auto-pilot income 💵✅  ▪️Dedicated support team ⛑✅ ▪️Fast setup 15 minutes 🚀✅ ▪️Trades on all Forex pairs 💱✅ ▪️Works Worldwide 🌍✅
minefxx,channel,@Minefxx,114,Make A Wealth سیگنال رایگان اونس طلا  Free  Golden Signals on Xau/Usd
cryptoohorizon,channel,Крипто Горизонт [AI],79,●Новости ●Активности ●Инсайды  Изучи все горизонты криптовалют вместе с нами!
pool_swap,group,Pool Swap YoBit Exmo Wex Гарант Обмен,68,"Группа для ввода/вывода денег с бирж YoBit, Exmo, Wex при помощи кодов бирж, с участием гаранта. Гаранты: @Pool_Swap_Support и Vit_D"
weconnectfx,channel,We Connect Fx,2,
bitcoin_calendar,channel,Биткоин календарь,359,by @bitcoin21ideas & @bitraction  🌐 https://bitcoin-calendar.org/ru
bianjiaocheng,channel,币安教程,483,频道内容：币圈、比特币、交易所、加密钱包、Web3、区块链、DApp、DeFi、NFT、加密货币、交易和投资知识。
channelbitzone,channel,Bitcoin Zone Ukraine,70,"Про #Біткоїн в Україні і світі. Знання, криптоновини, спілкування про #біткоін і #криптовалюти  #Bitcoin - ваше право на #гроші  Адмін: @bitzone  Канал створено 16 квітня 2018 року."
blockchainnewsru,channel,BlockchainNews,18,"ВСЕ новости криптовалют, технологии blockchain, мнения экспертов на одном канале! Стратегии заработка на криптовалютах, новости перспективных ICO, прибыльные #Airdrop и #Bounty-компании. Присоединяйтесь! #биткоин #эфир #BTC #ETH #XRP"
onchain_farsi,channel,آنچین فارسی | Onchain Farsi,59,آنچین فارسی 🔍 داده‌های شفاف بلاکچین و کریپتو ، تحلیل روندها ارزدیجیتال .
daemon_crypto_whale,channel,Крупнейшие криптовалютные транзакции,30,"Трекер крупных и интересных транзакций в мире криптовалюты.  🔸 @daemon_crypto - Фьючерсные сигналы, спот и аналитика. 🔸 @daemon_crypto_news - Новости из мира криптовалюты. 🔸 @daemonBinanceFutures - Ликвидации крупных фьючерсных позиций."
siggnal_cryptoo,channel,🇨‌ 🇷‌ 🇾‌ 🇵‌ 🇹‌ 🇴‌ 🇴‌,20,@siggnal_bours --------------------------- @siggnal_cryptoo
signal_bashgahservatsazi,channel,تحلیل قیمت (باشگاه ثروت سازی),5,
abitffv,channel,Абитуриенты 2026/ Факультет Физического Воспитания,42,
bj2jk,channel,°×⟨–2B-J's info—⟩,6,
lighteveryday,channel,lighteveryday. [Стоцкий Николай],244,"Один из создателей Realm 2.1.   PR-менеджер Team CIS  История, проекты, немного о себе и в целом вроде интересно получается =) [Стоцкий Коля]"
heavydigital,channel,Тяжелый Диджитал,111,Цифровизатор в B2B
khabarict,channel,اخبار ارتباطات و فناوری,66,آخرین اخبار دنیای ارتباطات و فناوری اطلاعات را در این کانال مشاهده کنید. ########################### شما می توانید اخبار علم و فناوری را با آدرس khabarict@ در سروش تلگرام و اینستاگرام دنبال کنید‌.
asdghhbch,channel,درب الى الله♡♕,85,
nniegypt,channel,موقع NNI مصر,32,اخبار NNI مصر على مدار اليوم، ننشر لكم كل اخبار مصر والوطن العربي ومتابعة اسعار الذهب والدولار على مدار الساعة
mauzfin,channel,"🇨🇦MauzFin - крипта, фінанси, економіка",421,
betbuinuannouncement,channel,CRYPTO ANNOUNCEMENTS CHANNELS,77,Portal: https://t.me/BETBUInu Twitter: https://twitter.com/BETBUInu Website: http://www.betbuinu.com/  CA: 0x586a7cFE21E55ec0E24f0bfB118F77fE4cA87bab
cashpower,channel,Bitcoin Power,6,"Кусаешь локти, что не купил биткоин в 2010 -м !? Выход есть ! Поезд в криптовалютный мир отправляется, просто заходи занимай место и добро пожаловать в новый удивительный мир, где вкалывают роботы и счастлив человек с криптовалютой в кармане :) !"
cryptoman7747,channel,cryptocurrency💲💸🤑,1,Здесь ты научишься зарабатывать настоящие деньги
kryptowahrungverdienen,channel,Kryptowährung verdienen,1,Kryptowährung verdienen https://de.bitcoinforearnings.com
traderscomon,channel,Trader’s community,1,"📞СВЯЗЬ-http://t.me/LoudCloud_Store  Все о крипто раздачах, прибыльных темах и абузах без вложений на понятном для каждого языке  bc89f13bd"
murabyat,channel,إعداد مربيات الأجيال,1893,برنامج يعنى بإعداد وتأهيل الأمهات في شتى الجوانب الشرعية والتربوية والعملية تقدمه مجموعة من الواعظات والمدربات الفاضلات  https://chat.whatsapp.com/Hi64yB0m51kDJdHEopVFAo
pokito990,channel,حتتى,487,🤢🤢🤢
kdght,channel,station shibuya,160,
spidy_061,channel,- دفتر یاداشت,214,
shstola,channel,Щп Столешницы,24,Тут ээээ...май лайф и повседневка))
sketchyisterik,channel,скетчи истерик,23,индипендед музик
lithim69,channel,[Li щп],13,"Всякий хлам моей жизни , творческий беспорядок"
shades_of_shame,channel,✨AlkosheйMы✨,17,Тут собрались все оттенки шейма
traidefloor,channel,Traide Floor,673,The first ai trading arena. Go see the floor live at www.traidefloor.ai
fawaaidmsm,channel,فوائد صوتية منتقاة للشيخ:د.منصور الصقعوب,407,
nasehat_ku,channel,Nasehat_ku,104,
nasiha_54,channel,أثــــــــــــــر 🦋🤍.,168,"عندما تشتهي المعصية ""  والله لا ييسر لك السبل إليها ""  فأعلم أنك على الله عزيز.. 💨❄🪶."
nasha_lab,channel,Наша лаба),86,
ahmad_almahmood,channel,قناة - أحمد المحمود,164,لا إله إلا الله
sovet_lovi,channel,Лови!,65,"Канал о том, как справиться с любыми обстоятельствами университетской жизни!"
shrnots,channel,ليلة ⁞ ' 𝓢𝖺𝗁𝖺𝗋 𝗻𝗼𝘁𝗲𝘀 ׂ ׅ,28,ㅤ              أهلاً بكم في مذكراتي عن يومي.      ㅤ
adelaljabiriu,channel,عادل الجابري️️,368,تُعنى القناة بتوثيق ونشر مجالس و مشاركات عادل الجابري
iioo_nn12,channel,تجمع المگاريد,252,@r_12n_bot
sunh_iii,channel,"الشُقّة ""٤٠٤""",69,🎀: https://t.me/+TndTK9rC1dxiYjA6 🌊: @sbso_ob246BOT
sunnahnaturals,channel,Sunnah Naturals,304,"Laborzertifizierte Honige, Öle, u.v.m. Versand weltweit!  Kontakt: M: @Sunnahnaturals_Bruder F: @Sunnahnaturals_Schwester  Webseite: sunnahnaturals.de  Instagram: https://www.instagram.com/sunnahnaturals.de?igsh=amwxZjRqYXR6d2hz"
sunnakgcom,channel,СҮННӨТ ЖОЛУ,352,Пайгамбарыбыздын  (ﷺ) сүннөттөрүн үйрөнүү жана сүннөт менен жашоо. Динибизди Пайгамбарыбыздын  (ﷺ) сүннөтүнүн негизинде үйрөнөлү.
amirmoadabofficial,channel,MOADAB,4353,t.me/HidenChat_Bot?start=1376075421
rnrp7,channel,MoHaMaD,316,nothing yet
mohamdsaidhaj,channel,الشيخ محمد سيد حاج 🤍,36,القناه تحتوي على مواعظ وفيديوهات للشيخ محمد سيد حاج رحمه الله رحمة واسعة واسكنه فسيح جناته 🌹❤️
kashkool_mb,channel,كشكول حوزوي,6190,فوائد متفرقة .  ليعلم أنه ليس كل ما ينشر في القناة مقبولاً عندي أحياناً يتم وضع بعض الكلمات والاقتباسات في الكشكول لحفظها وسهولة الرجوع إليها، وهذا هو غرضي الأساسي من هذه القناة، ومن ثم إفادة إخواني الطلبة والفضلاء حفظهم الله. للتواصل: @m_blueshi
khadijah_ali21,channel,مِشكاةُ السُّنّة,298,"صدقه جاريّة | لاتنسونا من صالح دُعائكم🌷   •قال الشيخ العلامة محمد علي فركوس : ""من أعظم الخيرات المحافظة على شعائر الإسلام ، وإظهار السنة ونشرها والعمل بها.  كل ما هنا حِلٌّ، فخذوا ما صفا لكم.|٢٠٢٤"
alkhairatthermalpowerplant,channel,محطة كهرباء الخيرات الحرارية,17,قناة اخبارية خاصة للإطلاع الى اخر مستجدات العمل في مشروع محطة كهرباء الخيرات الحرارية في محافظة كربلاء المقدسة
avatarkorolyasez11,channel,Аниме Аватар короля 1 сезон,691,Аниме Аватар короля 1 сезон Каналы NewCinemaHD - @cnewcinemahd Каталог аниме - @kataloganimenc Рекламный прайс - @priceavd По поводу сотрудничества @kinolord
dalaook,channel,大佬能量租赁TRX兑换助手教程,145,✅一手能量租赁货源， ✅可对比价格 ✅提供多种能量套餐选择， ✅满足不同用户需求。 ✅适用于平台出款、 ✅临时租用、 ✅固定转账等不同场景。  🎇机器人： @dalaoTRXbot 🎇能量播报群： @dalaoTRX
anju_kuriann,channel,BlackRock Shooter Dawn Fall Hindi,95,
darv1in,channel,🔒 DARVIN.,313,начало: 13.05.26 закрытие:
onelink_pack,channel,1Link Pack,49,
un1xxx01,channel,Un1sex aka Un1xxx #БЫРЕНЬКИЙДОФАМИН,67,Дм: @Unizxc
nilse_1,channel,𝑵𝒊𝒍𝒔𝒆,131,My little world🎬  @Nilse_botbot
hyilo22226,channel,Бахилы педофилы🍌,58,Пися попа члее
e1_usa,channel,The devil inside me,20,Pv @E1_iFAST
daniel_is7,channel,Daniel - دانيال,8,
starlessdl,channel,— take my soul,51,A night that they never forget..
ishq_kills_paatal_lok_ghoomketu,channel,Betaal |ishq kills | white lines |Amazon prime | netflix | zee5 |ullu,8,"💥💥💥Latest Bollywood Movies 💥💥💥Latest Hollywood Movies 💥💥💥Latest Web Series 💥💥💥Amazon Prime,Netflix,Hotstar,voot,Zee5"
hypeblog9jamovies,channel,Hypeblog9jatv.com,22,
strannik17_82,channel,sᴛʀᴀɴɴɪᴋ ོ🇵🇸,246,"— Канал не показатель моей праведности, я обычный человек со своими недостатками и изъянами.  Наши записи и статьи предназначены для тех, кто ищет знания и стремится к ним.  Пусть этот канал станет полезный для всех нас!"
godpoori013g,channel,یامولای,18,اینم ناشناس http://t.me/HidenChat_Bot?start=7471757365
nasaamalhedaya,channel,نسائم الهداية - سُبل العلم والإيمان,22353,"مرحبًا بكم في ""نسائم الهداية | سُبل العلم والإيمان"" مجموعة تهدف لتيسير طريق طلب العلم الشرعي.  ونسعى لأن نكون وسيلتك لبلوغ الهداية بالعلم، نفتح لك أبوابًا من نور تمضي بها في سُبل الإيمان"
dkaksaygorod,channel,ДК «Молодежный» г. Аксай,788,Мероприятия нашего города.
folkgroupwatsamonga,channel,Ансамбль Уацамонгæ 🎼,690,"ГБУК ""Государственной филармонии РСО-Алания"" вокально-инструментальный ансамбль ""Уацамонгæ"" По вопросам: ☎️+79888361740; 📲WhatsApp  #watsamonga_"
fc_aksay,channel,ФК Аксай,96,Лайф-канал Футбольного клуба Аксай
mp_aksay,channel,Молодежный парламент города Аксай,58,"Привет! Мы - молодежь Аксая, делаем свой город ярче и лучше! ❤️"
thecornercrew,channel,𖣸 The Corner Crew,184,"""Every corner hides a story""                                  @TalkToKaeyabot"
yab_bin,channel,𝘒𝘈𝘚𝘚𝘜𝘔𝘐 𝘉𝘐N,13,
eclypsses,channel,eclypsses,7,
tellmeabout_god,group,حدثني عن الله 😍☝️,1277,‏حدثني عن الله 💙 قال ﷻ ومن أتاني يمشي أتيتُه هرولةً♥️.
lels3ada,channel,للسـعـادةツ,279,{وأمَّا ما ينفعُ الناسَ فيَمكثُ في الأرض ..}🌱 علمتُ أنه يجدرُ بالمُسلم أن يسعى جاهدًا لترك أثرٍ قبل رحيله من هذه الدنيا ، ينتفع به الناس من بعده وينتفع به هو في قبره وآخرته، فـاللهم ارزقنا اللإخلاص في القول وفي العمل.💎 #للسعاده ღツ
nbasixers,channel,Филадельфия Сиксерс | Philadelphia 76ers,365,"Главный канал о «Сиксерс» на просторах Telegram. Новости, переводы, статистика и мемы.  Trust the Process ❤💙 По всем вопросам: @nikewa"
algomaah,channel,|[ آداب و أخلاق إسلامية ]|,208,كتاب وسنة على فهم سلف الأمة
al_areg_4,channel,زادُ الـزَّوجــة الصَّـالـحة,115,لا مَهْنَأ لرجلٍ وامرأة إلاّ أن يُجانس طبعُه طبعَها ، وقد علمتُ وعلم النّاس أن ليس في مال الدّنيا ما يشتري هذه المجانسة وأنّها لا تكون إلاّ هديّةَ قلبٍ لقلبٍ يأتلفان ويتحابَّان.                                          ⏎ الرافعي
grafynia,channel,Защищенная ссылка.,116,"Здесь был канал, он переехал в МАХ: https://max.ru/grafynia. Присоединяйтесь!"
road2dublin,channel,Крива дорога в Дублин,111,"Политэмиграция, тюрьмы, анархия, ёк макарёк..."
lelash7,channel,L,249,"тот, ради кого ты принимаешь пулю,обычно жмет на курок"
lelaluy,channel,\_Lenь_/,210,tiktok.com/@_imbir_2 (тт)
yoonlisendurashka,channel,"- а в чому мем власне, Юнлісен?",333,Мій телеграм канал. Мій - означає Юнлісен 🫃🏼  Ютуб канал — https://youtube.com/c/SunYaN_YoonLisen Інстаграм — https://www.instagram.com/yoonlisen_93/ Чат для спілкування — https://t.me/animeandkpopchat_yoonlisen
claysx14,channel,Clay Lehmann,30,
blog_telabild,channel,𝙱𝚞𝚒𝚕𝚍𝚎𝚛𝙼𝚘𝚗'𝚜 𝖡𝗅𝗈𝗀! ִֶָ. ..𓂃 ࣪ ִֶָ🪽་༘࿐,15,
lamorbid,channel,🚬𝓁𝒶𝓂𝒷𝓊𝓃,45,"гейская помойка мультифандомного масштаба, подписывайтесь😏  ♱  Tiktok: lambun_ Instagram: lambun_ Tumblr: prettiestboyinmorgue  ♡₊˚ 🕯・₊ ♪ ✧"
telablog,channel,☬╣𝕿𝖊𝖑𝖆𝖒𝖔𝖓 𝕭𝖑𝖔𝖌╠☬ (рест),63,
baykonurhalfmarathon,group,Полумарафон Байконур,103,
hamsafar_ka_bot,bot,ㅤ,,☠️Log dil me bsa kar dafna dete hai☠️ @sayari_07 X @abt_prinshu ❤
poolsar_bot,bot,PSRbot,,
baasalharfbazanbot,bot,براے عسـل بنویس✨,,
valserukr_bot,bot,Valser,,
balleribot,bot,𝗏𝖺𝗅𝗅'𝗌 𝗄𝗇𝗈𝗐𝗇,,
thedivisibot,bot,THE DIVISION PS ( SABTU LIBUR ),,
salahnouar_bot,bot,الْــعــــاقِـــلْ,,
blairyellabot,bot,▭ +📩 mail's box𝅄 . ♡ ׁ,,this bot connect with @pixieh @grofsir
somali_sa_bot,bot,Xeer-beegti💧,,Admin Igu dhig isagaa Hawshaqabanayaa inta Dhiman My Father @Mfaratoon  @Maseexatobot @somalibooks
mamboru_bot,bot,MamboRu–Bot,,Крупнейший международный сальса-фестиваль в Москве | 4-7 июня 🔥💃🏻
sakurallc_bot,bot,sakurallc,,
pececc_bot,bot,В ПЕСЕЦ,,
lutsetconnection_bot,bot,Связь с Борисом,,
algana123_bot,bot,أسانسير إلي الجنة,,
axxirratbot,bot,السلفية(бот),,
askezybot,bot,Аскезы в благости (БлагоМарафон),,Марафон аскез по методу О.Г. Торсунова и благостных дел. @BlagoMarathon
wilsiricfbot,bot,Wilsiri cf bot,,cr: badinu10136 (twi)
siror_blbot,bot,сириус мать вашу блэк,,
absalat1_bot,bot,አብ ሳላት መልእክት መቀበያ,,promotion ለማሰራት በዚ ያውሩን!
saisars_bot,bot,Бот Сайсарского округа,,Телеграм бот для приема обращений граждан
klawattbot,bot,sara,,
beltools_bot,bot,Beltools.ru,,
gherasyonbot,bot,حملة غيراسيون,,
silovik_unban_bot,bot,РАЗБАН БЕЛСИЛОВИК,,
lnqra3bot,bot,تواصل ابو الاميرات,,
as_satr_bot,bot,as_satr_bot,,
trsif_bot,bot,Територія Сервісу,,
chaincashtalks,group,ChainCash & Basis,91,
alnairfinance,group,Henry and Rose,6,
atbaki2020,channel,أطباقي🍰,14056,
hackatami,group,HackaTAMI,146,
haido_spot,channel,Haido,138,Пересчитайте пятна! 🐾
hahankihihi,channel,Хиханьки Хаханьки,60,по ржать Во имя вселенной и хлебной корочки
astaroth_team,channel,𝗥𝗔𝗚𝗡𝗔𝗥,313,دي غ ـآرة و ح ـروب مش مج ـرد مج ـآل و ج ـروب
vhqhubb,channel,𝐕𝐇𝐐 𝐇𝐔𝐁,152,лс - @vvvhqqq вп от 100 пдп
havacoinarmy,group,Hava Coin,198,
androhack101,channel,AndroHack,64,
yumyyena,channel,Пакетик сырости,52,
haterdask,channel,Лубофф РДАск,32,"Строго для тех, кто НЕНАВИДИТ @RainyDayAsk !"
harmb1t,channel,. acon1te,49,
iraniorkhareji,group,حلقه صالحین,5,
heaveneatsass,channel,🏹🧌,1,
ppn135,channel,حسينيات,1,
zad_al_maadd,channel,𝘡𝘢𝘥 𝘢𝘭-𝘔𝘢'𝘢𝘥,722,запасы для ахират | благоухание рая
maadaut2,channel,Старый MADAUT2,261,
mazda_copypart,group,Автозапчастини Mazda Copy_Parts,360,Кузовні автозапчастини ⚙️ MAZDA
takanehana,channel,🔒takane no hanaa // (花,78,"«高嶺の花» (takane no hana) – с японского переводится как «цветок на вершине высокой горы», но означает «недостижимая цель»"
lazygeeenius,channel,яникита,40,я люблю кока-колу
n7swd,channel,My Akumaqqe,21,Own — Lantana
akkainfo,channel,_AKKA_[info],4,Основной канал – @Yunona_Chan
wifeena,channel,Рест полурест ♔ 𝓺𝗎𝗶𝖾𝗇𝖺 𝗅𝗼𝗏𝖾𝗽𝗅𝖺𝖼𝖾 𔘓︭ 👾🎨,15,
alinasvlogarchive,channel,Alina’s K. Vlogs Archive,8,
golabeekumsaa,channel,Aaa,113,✅Channel kanarraa argattuu. Join godha.👇👇👇👇👇  https://t.me/GolaBeekumsaa
kubikmy,channel,Українська непаперова,300,
murodjon_qalam,channel,Murod Kakhramonov,38,Bu yerda:  📢Marketing ⚡️ Lifestyle ✏️Qalam haqida   🏜️IG: https://www.instagram.com/murodjon_kakhramonov/
muvahiidd,channel,عبد الله,20,Моя страница не показатель моих знаний‼️ Ибо напоминание приносит пользу верующим 51:55
albioneducation,channel,Albion Education,19,Обучение за границей ➤ Albion Education специалист в области отдыха и образования за рубежом ✔️ Образование за границей для школьников и студентов
officialdarulabror,channel,Official Darul Abror,14,Media Telegram Mahad Darul Abror IBS
madd_maths,channel,MaddMaths!,377,"Maddmaths! https://maddmaths.simai.eu è una vetrina della matematica italiana e anche un punto di ritrovo e discussione per tutti, dagli studenti agli insegnanti delle secondarie, ai curiosi, fino a chi la matematica la conosce solo per sentito dire"
madd3a,channel,⚔︎ # 𝔇ᴏɴɴᴀ,83,"Не провожу чистки, но учавствую в них. Просьба: не ставить реакции на разделители, музыку. ТОЛЬКО на посты!"
m_o_s_l_i_m,channel,متجر مُسْلِم | 𝑀𝑂𝑆𝐿𝐼𝑀 🇱🇾,2030,مرحبا بكم في متجرنا المتواضع❤️  معرف المالك الوحيد @Moslim_stor
muslimclubpro,group,Исламский чат /Муслим Клуб,10,Исламский чат  Исламская группа Мусульманский чат
tarqalhassani,channel,طارق الحسني,813,رجلٌ من أقصى رداع ... ساخر سياسي وربما شاعر.
eng_hibrahim,channel,حسن إبراهيم ـ Hassan Ibrahim,815,مساحة للأفكار التقنية والتأملات الحياتية. خواطر عن البرمجة، الهندسة، والعمل، ممزوجة بحكايات من التجربة اليومية. هنا نناقش، نتعلم، ونفكر بصوت عالٍ
moojib_ir,channel,مُجیب | کربلایی مصطفی اللهیاری,404,﷽  «فَاسْتَغْفِرُوهُ ثُمَّ تُوبُوا إِلَيْهِ إِنَّ رَبِّي قَرِيبٌ مُجِيبٌ» .. سوره هود آیه ۶۱ ..  کانال رسمی انتشار آثار خادم الحسین مصطفی اللهیاری https://zil.ink/moojib_ir .. 📝 کانال اشعار: https://t.me/Moojib_Matn ..  ✅ ارتباط با ادمین: @moojib_contact
mohsenjamei,channel,محسن جامعی شاعر و ترانه سرا,54,کانال رسمی  شاعر و ترانه سرا جوان  شعرهایی از بقیه و گاهی هم شعر های خودم (زیاد حوصلتونو سر نمیبرم ) مرسی از حضورتون ☺محسن جامعی☺  ایدی ارتباطی : @mohsenjamei  ممنون از حضورتون
drassagheer,channel,القناة الرسمية للشيخ محمد الصغير,2898,رئيس الهيئة العالمية لأنصار النبي ﷺ، ومؤسس وقف الأنصار، مستشار وزير الأوقاف الأسبق، وكيل اللجنة الدينية بمجلس الشعب وعضو مجلس الشورى الأسبق.
armylive,group,Я,1,
ourhead19,channel,𝕆𝕦𝕣 ℍ𝕖𝕒𝕕,514,"""ပညာအသိ၊သမာဓိဖြင့်၊ဖြောင့်မတ်မှန်ကန်၊ဦးဆောင်ရွက်မည်"""
lhr2019,channel,Lawyers for Human Rights (LHR),242,Lawyers for Human Rights
syrpansa,channel,هيئة التخطيط والإحصاء السورية,652,القناة الرسمية لهيئة التخطيط والإحصاء في الجمهورية العربية السورية
hazassabil,channel,этот путь не усыпан цветами,286,вероубеждение: https://t.me/hazassabil/3751 для помощи в поднятии уровня канала: https://t.me/boost/hazassabil
majnonhossin128,channel,مَجنونِ‌الحُسین؏🫀,70,#صلی_الله_علیک_یا_اباعبدالله  از خوشی های جهان درد و غمت ما را بس از زیادی عطای تو،کمت ما را بس...❤️‍🩹 • • • 128♡
bursanig,channel,Буьрсачунна тептар,14,Дагвалар
anastmediaroom,channel,Маркетинг с ИИ,101,Контент-маркетинг с помощью ИИ
galaganph,channel,Татьяна Галаган - Фотограф 📸 СПб,97,Снимаю: Love story | Свадебные истории | Женский портрет 📸  Сохраню чувственноть между вами на съемках ❤️  Для записи в лс https://t.me/galagan_ph
maurov_photos,channel,Мяукаю в камеру,56,
a_a_s_i_0,channel,المدرسه,1140,عنادك ≈ نهايتك 𝗢𝘄𝗻𝗲𝗿: @A_A_S_I0
msi2q,channel,مصاب بها,302,لا علاج للحب، ولا هروب من شغفها، أنا مُصاب بها.
lc5hbstx,channel,🤍,136,‏- أمـــَـــاا بـَـعــــــدد  َََ: لَـستُ بـ أنثَـى تـُنسَـىَ  𓏺 📍.
alheton,channel,ليطمئن قلبك| 🌸,173,ليطمئن قلبك هنا نكتب للقلوب المتعبة بلطف، نذكّر بالله كملجأ، وبالدعاء كرفيق، وبأن الله أقرب مما نظن. كلمات ناعمة، آيات، وأدعية تُقال بهدوء… لعل قلبك يطمئن🧡🌱
sekina_ey,channel,سَكينةُ الآي,30,ملاذُ القلوبِ المتعبة، ونورُ الأرواحِ التائهة… تلاواتٌ قرآنية تُسكِّنُ القلب وتُحيي الطمأنينة في الصدر 🤍
the_death2,channel,<< إستنزاف >>,31,وآخ ـديـن الآفـت ـرى م ـبدأ لـكـن هـت ـبدأ هـب ـدأ
monahska228,channel,︵ ₊ᴩоён ʍонᴀɯᴋи𖦹 ׂ 𓈒,7,Мой лс: @monahk228 Любимая: https://t.me/arussyaDIVA
ellaaagross,channel,Ella Gross,5,Уля @ulyassbot
shamfatwacouncil,channel,دار الإفتاء الشامية,28,
nebse_official,channel,NEFORS Brawl Stars Esports [NeBSE],292,"Русскоязычный телеграмм канал про киберспорт по игре Brawl Stars. Обозреваем крупные турниры, трансферы и новости.  Главный админ и контент-мейкер - @Flary21 PR-менеджер и граф. дизайнер - @Kingu_Baaru Чат канала: https://t.me/+_7zyLdysAwo1ZDEy"
novamater,channel,᚛ᚂᚐᚄᚐᚔᚏ᚜ | Неметон Матери,370,"Огонь, горящий на костях старого мира  Анонимка - https://t.me/questianonbot?start=584715070⁩"
noxsgg,channel,𝖭𝗈𝗑𝗎𝗌 𝖤𝗆𝗉𝗂𝗋𝖾,256,NOXUS EMPIRE | Global Esports Org Esports Teams • AGENCY • INSIDE • STORE  Store: @noxemp inside: @insidenoxs Agency: @nnoxus Updates EMEA - @noxusemea PUBGM WoW: @noxuswow
saint_winds,channel,Обитель Асгердт. Шёпот священных ветров,140,"Канал посвящен Северной традиции и Великому вану Ньёрду, сейду и рунам, шёпоту ветров и леса."
freemstychannel,channel,Freemsty / Фримсти,80,"Что-то рассказываю, что-то показываю"
nemraverse,channel,maria jan? ha jan,15,
nereus_1524,channel,𝗡𝗘𝗥𝗘𝗨𝗦 (네레우스),14,
in_nevis_head,channel,𝒕𝒉𝒆 𝒈𝒓𝒂𝒗𝒆𝒚𝒂𝒓𝒅 𝒐𝒇 𝒍𝒊𝒇𝒆𝒃𝒖𝒐𝒚𝒔 𝒕𝒉𝒂𝒕 𝑰 𝒃𝒖𝒊𝒍𝒕 𝒎𝒚𝒔𝒆𝒍𝒇🌈™,8,"Решила показывать свои глупые мысли по фандомам и детишек Мэри-сью, короче максимальная кринжуля и горжусь этим 😎😎😎"
heelin1,channel,رجــاء,156,كلشي تحبه ضمّه🤍
seraathar,channel,على بصيرة🌱,135,بصيــرةٌ مُستنيـرة، وأثَـرٌ مُمتـدّ..
pouriadrt,channel,📷,438,
bytruestkeonho,channel,Ahn Keonho,396,For It Boy 🐶 5th Generation lian's gallery 🤍 he/him/his anon : @ofkeonhobot Iroha - @ByTruestHokazono
forjaewon,channel,Jae Won,158,Only Roh Jae Won Archive            Нивс @WhilDkbot
theonlyseonghyeon,channel,Eom Sean,268,For the Dimple Boy from CORTIS @ByEombot – Guka Stickers – @EomSeanStickers
lol0po1ya,channel,ㅤ 𝘴𝓾২𝓶𝓶𝓮𝓻ꫂ,143,@iiiiilooooovuuuuu
forakeonho,channel,안 Keonho,16,Лое 🩶 @Underdogsterbot
shokasonjukuu,channel,coronal radiance,20,"— heroes blaze their path with the flame of blood, as thirty million dawns thus burn currently obsessed with a white, fluffy dog. my life’s missions are to spread the gintama, takagin, and myphai/phaidei agendas.  http://t.me/RedChtBot?start=972951979"
parastowrites,channel,𝒫𝒶𝓇𝒶𝓈𝓉𝑜 𝐻𝒾𝒿𝓇𝒶𝓃,22,✍️ thoughts | feelings | silence words for what remains unsaid 🌙
forsterch,channel,𝖋𝖔𝖗𝖘𝖙𝖊𝖗.,10,
sibtrans_ru,channel,Актуальная логистика с Байтом,445,Официальный канал транспортно-логистической компании Байт Транзит.   Доставляем Ваши грузы вовремя с 1991 года.  Оф. сайт: sibtrans.ru Личный кабинет: my.sibtrans.ru
gbpou_bkn,channel,Байкальский колледж недропользования,164,Профессиональная образовательная организация
paperbelarustransport,channel,БКМ Холдинг (бумажный транспорт),19,Поставляем в бумажные города технику БКМ
abhijitrathod,channel,Parivartan by Abhijit Rathod,45282,
arforyall,channel,A&R For Y'all,1240,"По вопросам и постингу : @yatoro_beats, @prodbyashy, @hatebeiiinsober, @damned4ever"
forkatarin,channel,На кн,29,Кандзи  Goal 250 again
ddsxina,channel,🌊хина🌊,68,Ставьте реакты пж:>
marforall,channel,MarForAll (Маркетинг для всех),32,"Это канал практикующего маркетолога. Мысли, идеи, рассуждения на тему. Вопросы / консультации в директ канала. #marforall #маркетинг #marketing #маркетингдлявсех #marketingforall #умныемыслиомаркетинге"
amneurozam,channel,Нейро-Зам | Амкал,23,Заместитель председателя НдКВД (Нейро-директорного Комиссариата Внутренних Дел)
forvayss,channel,villa/4ka/,28,Какие то порисульки
onlyfordain,channel,AsapDain,22,t.me/estelIebot скай ' SolarisGirl  born to be iconic
edmisstickers,channel,𝒆𝒅𝒎𝒊'𝒔 𝒔𝒕𝒊𝒄𝒌𝒆𝒓𝒔 / стикеры по всем фд,15,
lastdaaysofsummer,channel,revival ?,7,"ты поймёшь меня, а я лягу спать"
plyslots88bonus,group,PLAYSLOTS88 CLAIM BONUS!!!,293,Join sekarang di : PLAYSLOTS88 Officials : 👉🏻 https://t.me/playslots88_officials
bonusskor88,group,Claim Bonus SKOR88,73,
lifniff,channel,|| ``—✧Лифаня,122,Всем доброго времени суток! Я Вика/Лифаня. 18 y.o.   Мой лс: @lokkotf Буст: https://t.me/boost/lifniff  Начинаю все заново. Так же как и свою жизнь.
ui_tw,channel,- مَا،ذنبي؟.,390,- ماذنبي ان احببت؟. طرابلس || ليبيا
kris_tina_org,channel,Kris_tina | Организатор,108,Один день из жизни организатора
shumaisunflower,channel,Красочный мир Шумай ♡,172,
aljannah_h,channel,الجَنَّةُ حُلْمُنا💜☁️,7368,خيرُ النّاس أنفَعهُم للنّاس ♥️
lb2il,channel,أدعيه وأذكار🍃,929,""" اللهم لا تدع لنا ذنبًا إلا غفرته  """
unsalquran,channel,أُنس القُرآن,76,﴿ إِنَّ هَٰذَا الْقُرْآنَ يَهْدِي لِلَّتِي هِيَ أَقْوَمُ﴾ مساحة مخصصة لأهل الله وخاصته؛ نقتسم فيها نصائح التثبيت، ونستظلّ بآيات الهدى، ونُعين أرواحنا على معاهدة القرآن ليل نهار.  @ayat_dk2
proknigi313,channel,PRO КНИГИ,12,"PRO КНИГИ — разговор о книгах, которые меняют сердца!"
kiniga_store,channel,Дар аль-Куран | دار القرآن,13,"📚 Продажа Коранов различных размеров  В наличии Кораны разных форматов: большие 📕 средние📙  маленькие📘 Также есть Кораны с крупным шрифтом 📝которые особенно удобны для дедушек, бабушек и ваших родителей  @Hamza_alinov"
bekurebegena,channel,በኲረ በገና,147,ይህ በኲረ በገና የተሰኘ የበገና ቻናል ስለበገና የተለያዩ ነገሮችን ለመማር፤ ለመማማር፣ የጥንቶቹን የበገና አባቶችን ለመዘከር፤ የበለጠ ስለነሱ ለማወቅ፤ መዝሙሮቻቸውን ለማድመጥ፤ ለማስደመጥ፤ የበገና መዝሙሮችን፤ ግጥሞችን ለማጥናት፤ ለመለማመድ፤ ስለበገና ለመወያየት፣ ለመጠየቅ፤ ለመጠያየቅ፤ በአጠቃላይ ከበገነኛ፤ ለበገነኛ፤ መበገኛ ይሆን ዘንድ ተከፈተ!  በገና ለሚወድ፤ ስለበገና መወቅ ለሚፈልግ ሁሉ!
mandry_kids,channel,Пізнавальні мандри для дітей з Ксенією Фурсовою,110,
blogsuyami,channel,runa’s home ✶,29,Owner: @Runamid
this_is_riiinaaa,channel,riiinaaa,36,интрестинг жизнь вожатой для моих пупсов💫
rainacovergroup,channel,Raina ex cover group,34,
iamtrueana,channel,A-NA 에이나,34,imnotalina_bot.t.me 🍀 Алина
springraineee,channel,Raine 💭,27,𝖢𝗈𝗏𝖾𝗋𝗂𝗌t 𝖦𝗂𝗋𝗅 𖤐⭒๋࣭ ⭑ 𝖤𝗏𝖾𝗇 𝖲𝗍𝖺𝗋𝗌 𝖼𝖺𝗇'𝗍 𝗌𝗁𝗂𝗇𝖾 𝗐𝗂𝗍𝗁𝗈𝗎𝗍 𝖽𝖺𝗋𝗄𝗇𝖾𝗌𝗌    🎧 ☆⋆｡𖦹°‧★  @Raineytalkbot 💬
kiraiandnana,channel,[🩸]::особняк наны и кирай.,15,^_⁰
ronalduroi,channel,роналду roi,5,
thamearentyoutired,channel,Nᴏᴛ ᴏᴠᴇʀ ʏᴏᴜ,40,
ecoo_2kstories,channel,наступил,33,
dewarskibio,channel,𝐷𝑒𝑤𝑎𝑟𝑠𝑘𝑖𝑖.⚔,12,
person_mordvinov,channel,ПЕРСОНА,125,"Канал Алексея Мордвинова. О личном, публичном, весёлом и актуальном."
ds12gel_info,channel,"МАДОУ д/с 12 ""Маленькая страна""",24,"Официальный канал МАДОУ д/с №12 ""Маленькая страна"" г. Геленджик"
bazarganifayazih,channel,بازرگانی فیاضی,2,
robot_trading_view,channel,ایران آریایی ترید,2,
ufas063,channel,Самарское УФАС России,304,Управление Федеральной антимонопольной службы   👩‍💻 https://samara.fas.gov.ru  📧 mailto:to63@fas.gov.ru  ☎️ (846) 200-15-36
ufas_v_tatarstane,channel,Татарстанское УФАС России,212,Официальный канал Управления Федеральной антимонопольной службы по Республике Татарстан
khiso_surkhandarya,channel,KHISO SURXONDARYO,132,KHISO olimpiada maktabining Surxondaryo boʻyicha rasmiy telegram kanali.  Admin: @khiso_admin
mainitu507,channel,𝑴𝑨𝑯𝑨𝑵 𝑰𝑻𝑼,651,"Hello @durov This group does not violate Telegram's legislation and does not contain obscene or violent posts and chats, please note! Supported by @Telegram welcome too soulmate owner : @Khode_507"
gomeau,channel,\\Гомэ Киюми//,75,Ав-ав-ав
hatahuma,channel,Хата Юма,16,
risuem_s_sigmatoy,channel,"Особняк Сигматы~ фанфики, реакции, рисунки",14,Канал рисунков реакции и фанфиков!!  Др канала: 29.11.25 Владелец: @Lisonok_Sigma (Сигмата)  1 админ: Azmik Lips:)  2 админ: @Mynch_e
zumaaofficial,channel,Подводная лодка зумы🤿,8,Приветик щенок!Ты попал в тгк зумы🤿🫶Что бы следить за мной подписывайся и отправляйся со мной в океаны!!🫶🤿Надеюсь я вам понравилась) Приписочка для фанатов:#Zumss
oneimpmm,channel,Oneimpmm,19,Oneimpmm 幸福缘 | cn.sgharem.org | impmm.com
theworldofweirdo,channel,~【﻿キヨの世界】🧿,7,навигация по каналу - https://t.me/theWorldOfWeirdo/5.  архив - @kiyosworld
tausiyah_umum,channel,Tausiyah Umum,426,Audio Rekaman Tausiyah Umum di Surabaya
dr77273,channel,َمَاٰبيَن الُسطُۆرٍ,105,اذا كانت قدمك تترك اثر في الارض فأن كلامك يترك أثراً في القلب للتواصل  @Dr_DD292BOT
yananarts,channel,⌜ 𝖸𝖺𝗇𝖺𝗇’𝗌 𝖠𝗋𝗍𝗌 ⌟,11,┈──┈ ꒰ Начало—18.12.2024 ꒱ ┈──┈
ol_serguntsova5,channel,Канал Ольги Сергунцовой,78,"🔹Аромапсихолог.  🔸Проводник в мир эфирных масел. 🔹Мои авторские продукты для психологов, коучей, аромапрактиков и новичков в мире эфирных масел ➡️https://t.me/efirnye_masla/119  Сайт проекта https://sila-vliyaniya-efirov.ru/"
claraercelscp,channel,𝐜𝐥𝐚𝐫𝐚𝐞𝐫𝐜𝐞𝐥.𝐬𝐜𝐩 ❦,153,
sil4nthh,channel,🪭 道路 𝕊𝐢lenե ℍer𐐫 𝄒,54,графическое оформление: @AS2DN
narc52,channel,nărçìss ֺ︩︪۫. ᥫ᭡,82,мью вп вз - 0+
fleumixx,channel,рест 05. fleur ( mj ) !,20,"for every question why, you were my because"
prvmk,channel,پرایم,526,سمت درشت تاریخ ‌
shakrich_tgk,channel,шакрич 🫪,97,@SHAKRICH
id1647,channel,ᅠᅠ,26,
filizlink,channel,Filiz Link,1,
adaro4doffical,group,WARGA ADARO4D,66,🔥 BONUS DEPOSIT 50% SETIAP HARI 🔥 BONUS DEPOSIT 25+10 Tox3 SETIAP HARI 🔥 BONUS NEW MEMBER 20% 🔥 BONUS HARIAN 10% 🔥 BONUS CASHBACK DAN ROLLINGAN SETIAP MINGGU
crs_auto_feedback,channel,CRS OFFICIAL FEEDBACK CH,8,FEEDBACK ONLY
cobratek,channel,CobraTek,3,The official Telegram page for CobraTek products and source for major announcements and events.
casinos2025rew,channel,4casino,,http://4scasino.com/
aenarch,channel,ΛΞNARCH,578,CLV SOUND // PSYCHO OCG  MGMT: ceo@aenarch.ru VK • TT • YT • SC • X: @aenarch
h4mza53,channel,قالت العرب:,322,قناتنا ليست مجرد مجلس ضحك، بل فسحة للهروب من ثِقل الواقع، هنا الطرائف لا تُضحك فقط، بل تُفكّر وتكشف وجوه الحياة بخفة ظل 🤍  للإقتراحات والتواصل : @H4mza5
sereneell,channel,Serene,150,
bbbbmmm08,channel,في ظل الرحمن 🤍,106,فذكر فإن الذكرى تنفع المؤمنين⁦❣️⁩
shervinshin,channel,Shervin.SHiN,35,ادمین :  @shervin_shin  اینستاگرام:  Instagram.com/shervin_shokati
m_ismamad,channel,m.m,20,
ulayssav,channel,ульяна павловна,159,
sillentnight,channel,Silent night,2528,
rockwellprt,channel,🩷 𝗥𝗢𝗖𝗞𝕨𝕖𝕝𝕝﹕Port 〗,15,ㅤ  https://pin.it/GvBkx8oJN
jffjtb,channel,lil morty,2,
info_in_barbi,channel,info SilentBarbie_TH¹⁰⁵,6,
quit_smoke_bot,bot,Stop Smoke Bot,,"Привет, я бот, помогающий людям бросить курить!"
alimamalias1,channel,رشْـد.,480,
alekla_g,channel,الإخلاص 🍂,216,"قال العز بن عبد السلام: ""الإخلاص أن يفعل المكلف الطاعة خالصة لله وحده، لا يريد بها تعظيماً من الناس ولا توقيراً، ولا جلب نفع ديني، ولا دفع ضرر دنيوي"""
pprayyss,channel,كنـز | kanz,82,لعلها شفيعه لي ولكم ولجميع من سبقونا..
zbbababb,channel,سُـكِـيـنَـة,32,اللَّهم اجعل هذه القناة شفيعة لنا ولوالدينا   خذوا ما شئتم فكلّها للَّه واذكروني بدعوة🤍.  رابط تعزيز القناة  https://t.me/boost/zbbababb
mohebmola0110,channel,مُحب مولا.🌱,76,"• بسم‌ ِاللّٰھ • -خبرمرگ‌مرابین‌نجف‌پخش‌کنید -دم‌آخربرسانیدفقط‌بابارا..🩵"" اینجا؟دورهمی‌بچه‌شیعه‌هاست‌؛ ‌ ‌  ‌‌‌‌‌‌‌‌‌‌‌‌‌‌استفاده‌ازمحتواوادیت‌ها؟ 'حلالت' ناشناس:👇🏻 https://t.me/HarfChatBot?start=710e6f26d20a"
theretirementcoincto,channel,THE RETIREMENT COIN PORTAL,458,
dark8788,channel,ᴍᴏᴏᴅꜰʟᴏᴡ,120,https://t.me/BiChatBot?start=sc-ac31a63295میو🎀
sunkenmoon,channel,˚𝖾𝖼𝗅𝗂交𝗉𝗌𝖾 ៸,38,‌‌            ‌‌         ‌‌          ‌‌    ‌‌   ‌‌‌˖˙𖦞🪽                   ‌‌‌‌‌‌  ‌‌‌‌‌‌‌‌៸ 𝐞𝐯𝐞𝐫𝐲𝐭𝐡𝐢𝐧𝐠 𝐝𝐞𝐩𝐞𝐧𝐝𝐬 𝐨𝐧           ‌‌            ‌‌     ‌‌    ‌𝐲𝐨𝐮𝐫 𝐬𝐦𝐢𝐥𝐞. ♡ﾞ‌‌‌‌‌ https://t.me/BitChatsBot?start=sec-hbjbibfca
herm_lyra_komm,group,Лира Гермеса (комменты),7,
writemereadybot,bot,WriteMeNow,,
meditationchannelpaymentbot,bot,Бот подписки,,"Здесь  вы можете оформить подписку, продлить доступ и задать любой вопрос по нашим программам 🙏"
reetaj3312bot,bot,reetaj,,
mevi1efbot,bot,сборник меви1ef,,
g7amirbot,bot,ibragimov.,,–
chalaia_brand,channel,CHALAIA_BRAND,366,Женская одежда Smart Casual  chalaia.com/telegram  Базовый гардероб для энергичного ритма жизни. - Костюмы из итальянских тканей  - Всегда сочетаемый и удобный гардероб  По вопросам сотрудничества писать  @anyakozlova14
jdxbpvpi0ndq,channel,سُبُل النور,458,- واحفظ حديث المصطفى    تنجو وتُرفع بالهدى    من سار في نور السنن    كان قلبه مؤتمن💚✨.  @asbat7
brddelai,channel,Делай! | Бердянск,116,🌱Канал волонтеров-экологов «Делай!» города Бердянск. 🌿Сделаем наш город прекрасным вместе!
kozlova_marina_healer,channel,ЖизнеТворчество☀️ Марина Козлова,179,
hela_streetlife,channel,❤️Лена М:Путь к гармонии с собой,90,Информация по БАД🤗 Наши дела БФ💫 Лайфхаки😌 Фишки по уходу за собой💕 Рецепты ПП🍗 Здоровье питание🥑🍓 Просто лайф🫶
followmeallahlovesu,channel,🍃فَاتَّبِعُونِي يُحْبِبْكُمُ اللَّهُ 🍃,124,قناة تشرف عليها👈🏾 الدكتورة / سهير البرقوقي📢 🌟لإحياء سنة النبي صلى الله عليه وسلم🌟
agneshihh,channel,agnesheesh,2702,ЕДИНСТВЕННЫЙ ОРИГ АКК  @agneshih - по рекламе/сотрудничеству inst: https://www.instagram.com/agneshihh?igsh=MTZ6YXRzbDZpdWs1eA==
aliyshhaa,channel,fxAL1YA,28,💕
vasha_ulyashaaa,channel,Vash Ulyash,171,
aletheaportt,channel,ditto`&. ALETHEA,31,за заказом @TheIgnorantBliss заказы открыты
alexademiearch,channel,alexa,48,Own Darya🤍
znak_yara,channel,"ярослава, тебе знак",2140,Знаки для всех имён - @znaki_names   Только сотрудничество по рекламе: @anna_thesun
yarawwuw,channel,Where’s Y?💢,3533,In search of Y😵‍💫  @yaraaawbot Talk?
lavkatshcheslaviya,channel,Лавка Тщеславия,2676,Чат для заказа: https://t.me/FatimaMirzakhanova
lumishopin,channel,Lumi online Shopping✨️,308,"Your go-to for stylish finds! Discover: 🔹️Designer bags👜 🔹️Trendy clothes👕 🔹️classy eye glasses 👓  🔹️Sleek watches⌚️  🔹️Tech essentials📱 From pre-loved gems to new arrivals, we've got you covered⚜️ 📍Addis Abeba Contact us: @Rach_el_B"
dead_oppss,channel,Dayli Doli☘️,94,
ivetabans,channel,✧*̣̩ بنرها ‌ ‌ ‌ ‌ ‌,4,‌  ‌ ‌‌  t.me/ivetabby  ‌ ‌ ‌ ‌‌ ‌ ‌ ‌ ‌ ‌  ‌ ‌ ‌‌ ‌ ‌ ‌ ‌ ‌جپ‌تب آیو
hasbi_allaha,channel,حسبي الله ونعم الوكيل ☝,171,
kwtytw,channel,منبه سيد الاستغفار,19,
suargatha,channel,⟢ Suargatha: Ruang Temu Semesta.,1194,ㅤ Simpul takdir: merangkai perjumpaan yang bukan kebetulan.  STATUS : BUKA JAM KERJA 10.00 - 22.00 WIB  𖹭 ؛ Mengetuk Suargatha @SuargathaBot 𖹭 ؛ Para Perawi @DaftarPerawi 𖹭 ؛ Jalinan Kerja Sama @RekanSuargathaBot / @JejakSuargatha 𖹭 ؛ Laporan @gadfis
sportexuram,channel,СПОРТЭКС х УРАМ,293,"5 — 7 декабря Всероссийский образовательный форум «Спортэкс» | Спорт, творчество и образование   📍Казань, экстрим-парк «УРАМ»"
lager_auram,channel,ЦЕНТР СОтворчества Аурам,116,"Любовь, дружба, семья - главные ценности 🫶 Организуем экофестивали, семейный летний лагерь, спектакли, ретриты, занимаемся экопросвещением"
zurkhem,channel,🇺🇸,33,
luis_suarez12,channel,Luis Suarez🇧🇷,61,"Siga-nos para ficar por dentro de todas as conquistas e biografia da carreira de Luis Suarez, talentoso jogador de futebol argentino que atuou no ataque do Inter Miami da Arábia Saudita e da seleção Uruguaia.  luis-suarez.org"
m1_lry,channel,ㅤㅤ,55,اللَّهُمَّ اجعلنا على ثغرٍ تُحِبُّه وترضاه .
jommana9999,channel,جُومَانا عَبد السَّلام,23,جُومَانا عَبدُ السَّلام. حيثُ يهدأ العالم، وتستيقظُ التفاصيل. خواطرُ سطرناها، وأخرى نقلناها.. وما خَفِيَ خلفَ هذه السطور.. كان أعظم.
motreb19,channel,مطرب,472,پرده عشاق را برداشت مطرب در سماع گو فرو مگذار، تا پیدا شود، راز نهفت  https://t.me/HarfChatBot?start=cb86d0d00140
aminasalafiya,channel,كُـنّاشة مَغَانِـمُ المحَـابِر✍🏻📜,27,لَـو أنّ النّاس كلّما استصعبوا أمرًا تركوه ماقامَ للنّاس دُنيا ولا دينُ 🤌🏻🌷
rxwaf,channel,𝐁𝐲 𝐔𝐦 𝐀𝐥-𝐑𝐚𝐰𝐚𝐟,626,أنشر ما يطمئن القلب ويرضي الرب   ﴿ وَذَكِّرْ فَإِنَّ الذِّكْرَى تَنفَعُ الْمُؤْمِنِينَ ﴾ @there_26789bot
sbistose,channel,ساعت بیست و سه,39,چیزی نپرس.
voen2bot,bot,@Voen2bot,,
herewith28_bot,bot,²⁸🎪✨,,تو یک دایرکشنری دختر ،دلقک شو و باخت نده.
a4riks_bot,bot,🌷//ᴀнᴏн ᴀ4riᴋs,,
tjwedl4bot,bot,تَـوَاصَـلْ مَـعَنـَا,,
a1bara1,channel,a1bara1,30,الا اله الا الله
aoa_salam,channel,سَلامـ 🍃,80,قال الشيخ احمد السيد ذات مرة: لا يستهيننّ أحد منكم بنفسه ولا يتركنّ حمل مسؤولية الأمة لغيره، وابدؤوا من اليوم بالعناية بأنفسكم، فالأيام تمضي والمستقبل قريب والعمر قصير والأمّة تنتظركم.   قناة الانستغرام 🌱 https://www.instagram.com/aoa_salam/
tomyumcdt,channel,TomYum • Cover Dance Team,142,Привет🦐 Мы cover-команда TomYum из Саратова🍜 Наш дебют: 2023.06.25 STRAY KIDS 스트레이 키즈 - 'CASE 143'  YT: https://www.youtube.com/channel/UCuZ1EA2lShtq-Aftg9dnxCw TT: www.tiktok.com/@tomyumcdtt INST: https://www.instagram.com/tomyumcdt?igsh=MWR0a3pibW55N2tu
artem_chornomorov,channel,Артем Чорноморов,469,Інстаграм: https://instagram.com/artem_chornomorov Facebook: https://www.facebook.com/chornomorovartem
azalyadaya,channel,whisperr,205,@sadwhisper
virshok,channel,підвечірнє каркання,322,чисто покаркать в антракті
nekino25,channel,Некино,274,Уникальное место для вашего отдыха
solo_kim_chayon,channel,*ੈ‧₊˚༺𝒌𝒊𝒎 𝒄𝒉𝒂𝒚𝒐𝒏-𝒕𝒓𝒖𝒆 𝒔𝒐𝒚𝒆𝒐𝒏 ༻*ੈ‧₊˚,25,"привет! ты попал на канал чаён)) я учавствую в ои группах и компаниях,надеюсь познакомимся!  чаён:: тотемное животное - 🐹 цвет - 💘  мони:: тотемное животное - 🐰 цвет - ❤️ @kim_chayon_bot - анон бот начало - 22. 02. 2026. конец - ???"
guncoverdanceteam,channel,&GUN,100,
k_rush_contest,channel,K-RUSH EVENTS,163,
shinju_tg,channel,жемчужинка 💋,83,"me, about me & my life  dm: @shin_ju"
kkostomarov,channel,Кирилл Костомаров,99,Личные истории. Общие решения.  Напиши анонимно: http://t.me/anonaskbot?start=8juq3
unflamer,channel,UN: FLAME,70,
kinky_elysium_group,channel,Kinky Elysium,17,Hier findest du immer die neuesten News & Events von Kinky Elysium - Luxury Kinky Events.  Mehr Infos findest du auf unserer Website www.kinky-elysium.cc
luckyscripter,channel,Dmkss,2,
ajjjar8,channel,المِحْرَابْ,125,{ تَوَفَّنِي مُسْلِمًا وَأَلْحِقْنِي بِالصَّالِحِينَ }  قنواتي : https://t.me/ajjer8 https://t.me/teilawat1  ملاحظة : كله متاح للنشر
astecesports,channel,ASTEC ESPORTS NEW ERA,156,Team name ASTEC ESPORTS  EGA @mythicuz
astralcircus,channel,🎪Astral Circus🎪 (18+),58,"Поддержать автора копейкой - 2204320162962312 озон банк  Канал 18+ заходя в него Вы подтверждаете, что Вам исполнилось 18 лет, и берёте на себя ответственность за то, что можете тут увидеть."
asseimprenditori,channel,Asseimprenditori,46,asseimprenditori.it
avezteam,channel,AVEZ Team,7,Українська команда з дисципліни  Counter-Strike 2🇺🇦  CEO - Denys “CI4EHb” Myroshnychenko
fknatgk,channel,Who the,2250,
eollaaasss,channel,ellss🩶,104,` naz
eyesdask993,channel,🍊Даск чиркает (+щп),47,
diosminov,channel,❯̸❯ 𝐃̸̷𝐈̲𝐎̸𝐒̷̸𝐌̷𝐈̲𝐍̷̸𝐎̸𝐕̸͟,19,"вп, вз - в лс"
oooahi,channel,Осколки,4,
heesupbot,bot,Анон Хисынки,,Буду рад каждому запросу)))
yorispodsl_anonbot,bot,юрис анон,,
ulaasales_bot,bot,ULAAsales,,
realheerozgirlbot,bot,акИответь!,,
femmegbot,bot,флорова услышит,,
linatrouk_athar,channel,لنترڪ ٱثرا طيب 'ﮮ🌸,81,وجنّةُ يستطابُ بهَا المقام ُ تُنسينا ألـمَ الدّنيا وعنَاءهَا ‌يارب❤️🌷
bxhshvdkdo,channel,جاررسطاتت ✌🏻,60,Randoms about uss
ahlsunnahwaljamaa0,channel,Ahl Sunnah Wal Jama’a,36,Canal qui va servir dans le rappel d’Allâh tout en suivant le Qur’an et la Sunnah Qu’Allâh nous guide et nous pardonne nos manquements - @ismakdi en cas d’erreur
daruleftabhatabarii_bot,bot,دارالافتاء سوال پوچھ تاچھ,,الحمدللہ مسلکِ احناف کے مطابق علماءِ دیوبند کی اتباع میں سینکڑوں مسائل حل کیے ہوئے ہیں مسائل حل کرنے کا کام جاری ہے ۔
sabbbszvv,channel,sabbb,1153,inst: sabiii.szv
hxjsq,channel,سوالف و بدون سب,6,
quran_dinle,channel,Quran Dinlə🤍🎧,509,Dinimiz İslam.Quran qəlblərin şifasıdır.🎧🤍 Quran Dinlə. Rəbbimiz bu kanalı Bizə Faydalı Etsin. Əmin.✨🌿 https://t.me/quran_dinle
nenikolaj,channel,Не / Николай,51,"Автор телеграм-каналов «Не мэр Омска» и «Где поесть в Омске», со-автор медиа «Не журнал» и подкаста «Пойдём, покажу»"
mahita_leo_ma,channel,Unpacked Thoughts🪄,361,🍃Exploring life's big and small questions with honest takes and relatable perspectives.🎀 🍃16-05-22🎀 🍃enjoy🎀
ney4enok,channel,Щп неуча,37,"Тут будут косплеи, мои фотографии и моя жизнь"
laymoviy_leym_tyt,channel,Рест LAYMOVIY_LEYM_TYT,102,"Я Лэйм, владелец Я Фанат Нейта На канале присутствует нецензурная лексика  Надеюсь вам у меня понравится"
neymanekaa,channel,рест//𝑁𝐸𝑌𝑀𝐴𝑁 #𝐹𝑅𝐸𝐸,57,
bunesli,channel,Nes,37,Own @BuDoggy
cynepsuper,channel,Щп Супер2.0,8,
nector_ontry,channel,Be YaD NecTor,15,منم بهترین بودم ولی با کمک شما ❤️‍🔥⚡ @PV_NecTor
slavnogovorim,channel,Ария,89,любите жизнь
oleja_281,channel,𐌏᧘ᥱжᥲ ᝰ.ᐟ,32,в этой сетке Олежа жив!
furyabbu4_bot,bot,𝐅𝚄ℝꪗ [ وہ جو کبھی نہیں ہارے گا۔ ],,
furyabbu5_bot,bot,𝐅𝚄ℝꪗ [ وہ جو کبھی نہیں ہارے گا۔ ],,
learnex_academy,channel,Learnex Academy,3192,🎓 Welcome to Learnex Academy!  Your trusted study partner for smarter learning and exam success   What we offer: ✅ Short notes with review exercises 🔥 EUEE & Remedial preparation materials to help you achieve your goals. Contact us👉  @Learnex_admin
risovanieuroki,channel,Уроки рисования,1585,Реклама: @coollune
learn_english_m1,channel,Learn english,181,The end is just a stop for a new beginning 💪🏻
bearly_learning,channel,Bearly Learning,92,Bear with me... am still learning
watchvideosinhere,channel,“Bright Stars”Speaking 🔊,65,Learn English effectively with us ✨
dashcourse,channel,Dashcourse Masterclass,22,"Dashcourse’s detailed courses will open up the world of professional skills and help you expand your skillset. Learn from creative professionals who gladly share their tips, techniques and workflows in some of the most widely sought after skills."
taelum_org,channel,Taelum,10,
learn_spanish_fast,channel,Learn Spanish Language 🇪🇦🇪🇦,2,Do you want to learn spanish language?
learn_english_2004,channel,Learn English with we,1,"In this channel, we teach you English language training for free. در این کانال، ما آموزش رایگان زبان انگلیسی را به شما آموزش می دهیم. ارتباط با مدیر و معلم:https://t.me/Mohammad_kh_2004"
prettiestdrawings,channel,Drawing skills🎨🧸,1,
learn_japanesebot,bot,Learn_Japanese,,
tahavolpub,channel,انتشارات تحول,87,مرکز نشر کتب روانشناسی📚  شماره واتساپ09359037946   ارتباط با ادمین👈  tahavol_publication@  پیج انتشارات در اینستاگرام👇 tahavolpub_ir
tarjima_kinolarxbot,bot,Tarjima Kinolarda Reklama,,📩 𝖱𝖾𝗄𝗅𝖺𝗆𝖺 𝗏𝖺 𝖲𝖺𝗏𝗈𝗅𝗅𝖺𝗋𝗇𝗂 𝗒𝗈𝗓𝗂𝖻 𝗊𝗈𝗅𝖽𝗂𝗋𝗂𝗇𝗀.𝖳𝖾𝗓 𝗈𝗋𝖺𝖽𝖺 𝗃𝖺𝗏𝗈𝖻 𝖻𝖾𝗋𝖺𝗆𝗂𝗓 24/7📩  Kanalimiz: @Jangari_jahon_Kinolari
nugmania,channel,Nug’mania,179,"«لَئِن شَكَرْتُمْ لَأَزِيدَنَّكُمْ»  «Если вы будете благодарны, то Я одарю вас еще большим»"
homer_store,channel,HOMER STORE,474,موبایل هومر خرید و فروش انواع گوشی های صفر و کار کرده بورس انواع لوازم جانبی 📍نقده_کوچه دادگستری سابق حسن زاده 09334598150  نبی 09395948399 •  https://instagram.com/homer__store?igshid=YmMyMTA2M2Y= • I❤️HOMER STORE
h_a_de,channel,كوب قهوة .,433,كوب قهوة مساحة صغيرة … مليانة دفء . كل يوم فكرة، سوالف، مزاج حلو، وأشياء تشبه القهوة:  هادئة لكن تترك أثر ...  تــ: @H_A_Diabot
bohamza616,channel,أبو حمزة | 📚🌹,132,"""كُن في الدنيا كأنك غريبٌ أو عابرُ سبيل.."" تذكير بالخير، آيات متلوّة، وسيرة عطرة تترك أثراً جميلاً في حياتك اليومية."
ijijwj,channel,اسـط♝ـنـٓ͢ــبـ≤ۦـ͊ولᯓ𓄂,15,
whiisperrs,channel,Whispers,49,There must be chaos inside you to become a dancing star.☆   https://t.me/harfmanbot?start=288305369
logovo_dinozombarya,channel,[Убежище от мира сего...]•Логово Раптора,34,"В связи с сегодняшним происшествием я вынужден переехать сюда[30.11.23]  Итак, вы попали на этот канал. Меня зовут Раптор, рад вас видеть:³ Здесь вы можете увидеть моё творчество: рисунки, скетчи, шитьё, готовка и другое^^"
class10_bot,bot,Class 10 helper,,
help_dorm10ef_bot,bot,Підтримка десятка,,
abeer2611_bot,bot,abeer,,
zakovatxon_bot,bot,ZakovatXon💰,,💰Kuniga 600.000 so‘m ishlash mumkin!
miku_010bot,bot,پیام رسان میکو,,
answts_bot,bot,псалом 090,,
sschool_assistant_bot,bot,Школьный помощник,,Помощник для сотрудников ГБОУ Школа №1002
sp10_college_bot,bot,Skypro Красноярск,,Расскажу о правилах поступления в колледжи в 2026 году
sakanapack,channel,𝑺𝒂𝒌𝒂𝒏𝒂,296,"«Плеяды обязательно осветят тебе путь, мой друг.»"
sasukestore001,channel,Sasuke store,112,OWNER @RACHZ BIG CHANNEL @SAIKITOPUP001
difaa_room,channel,دِفْء.,42,مَرحباً بِكَ فِي دِفْء، هُنا حيثُ تَهدأ القُلُوب وتَشعُرُ بالطُمأنينة. مِساحة صَغِيرة مَلِيئة بالأمآن والرَاحة، تَمنحُك لحَظاتِ هُدوء ورَاحة، وكُل ما تحْتاجُهُ لتَشْعرَ بالسَكِينة والطُمأنِينة. أهلاً بِكَ فِي دِفْء❤️‍🩹.   ---   ---
lllf8t,channel,هـَواي.,7,واحَسرَتاهُ لِعُمرٍ ضاعَ أَكثَرُهُ  وَالوَيلُ إِن كانَ باقيهِ كَماضيهِ.
pocketcasino,bot,Bag 💰,,"Slots, Hi-Lo, Dice, Darts, Bowling, Basketball, and Futbol playable directly in Telegram."
btr_cf_bot,bot,bocchi the rock тейки,,
thebackroomsclubbot,bot,The Backrooms Club,,@KIDSFROMTHEBACK
lukalokhbot,bot,Ботик!!!!,,
brickbankbot,bot,BrickBank,,
koek_bot,bot,КІРОВОГРАДСЬКА ОБЛАСНА ЕК (КОЕК),,Контролюйте стан особового рахунку ТОВ «КІРОВОГРАДСЬКА ОБЛАСНА ЕК» в режимі реального часу
snakieiskbot,bot,🤖 EDGE BOOOT!!!!!,,
bookegame_bot,bot,BOOKE🚀,,💬 @bookecommunity   🆘 @defiantoll
bagwinbot,bot,Bag 💰,,"Slots, Hi-Lo, Dice, Darts, Bowling, Basketball, and Futbol playable directly in Telegram."
ok4ubot,bot,Знакомства и настольные игры,,"Проводим игры: CashFlow, Городская Мафия, Бункер и др."
takesforbuildermanconfessionbot,bot,тейкции!!!,,
teikghostbc_bot,bot,тейки!!,,
stomachbook_bot,bot,Тейки Stomach Book!,,
pocketgamesstore_bot,bot,Pocket Games,,Pocket Games — валюты для любимых игр быстро и выгодно 🛍   Отзывы: @PocketGamesReviews
tankbank_bot,bot,TANK BANK - PLAY,,🔥 2D Online PVP Shooter in Telegram @tankbank_news  Play on 💵 real money vs real players now!
kokichidaily_bot,bot,𝘁𝗮𝗸𝗲𝘀 ┊ 𝗄𝗈𝗄𝗂𝖼𝗁𝗂 𝖽𝖺𝗂𝗅𝗒,,𐔌 . ⋮ бот для @kokichidaily  ֹ ₊ ꒱
bactoria_shtuki_bot,bot,пишите бактоше｡⁠◕⁠‿⁠◕⁠｡,,
noobguest_takebot,bot,noobguest take!!,,
bukinmanager_bot,bot,Bukin MANAGER❗,,БОТ для ПРИНЯТИЯ заказов. ДЕШЕВО И БЫСТРО!
butchersteak_bot,bot,Butchersteak,,
lucblack_bot,bot,L/BConfession,,"В случае чего, писать-@ChokeLia"
nickcfteik_bot,bot,Никелодеон кф тейки 🌷 •ᴗ•,,🐇🐇
baksuwka_bot,bot,Баксовый тейке,,Привет!  Можете задать вопрос про бакса или его хозяина! Помните про уважение.
piggy_bankgame_bot,bot,Piggy Bank 🏀,,The most addictive Airdrop game in the Telegram! Channel: https://t.me/piggybankgamechannel #PiggyBank
obankuabot,bot,O.Bank,,
ashrafalmarif,channel,أشرف المعارف | رحلة الأسماء الحسنى,216,نتشرف بالتعرف على رب العالمين سبحانه وبحمده.
tanafo0os,channel,•ᴀʙᴇʟ|تنـ؋ـس🍷,327,https://t.me/tanafo0os
altiar_ss,channel,︎ ︎ ︎ ︎ ︎ ︎ ︎ ︎ ︎ ︎ ︎ ︎ ︎ ︎ ︎ ︎ ︎ ︎ ︎ ︎ ︎ ︎ ︎ ︎ ︎ ︎ ︎ ︎ ︎ ︎,23,
joshuas,channel,Joshua S,10,
starmeew_qustions_bot,bot,ᯓ✧sᴛᴀʀᴍᴇᴇᴡ ǫᴜᴇsᴛɪᴏɴs..⋆♱,,by starmeew.
seahorseesdt,channel,s,1,
awareness5,channel,وعي و جهـاد 🇾🇪𓂆🇵🇸✌️🏻,5169,"✍قناة ""وعي وجِهاد"" فلاشات توعوية ثقافية , مقتطفات من هدي #القرآن_الكريم ,دروس ومحاضرات اعلام الهدى , وابرز الاخبار .. ""عين على القرآن وعين على الاحداث""  *إن كل فرد من أبناء الأمة في هذه المعركة يحتاج إلى أن يتسلح بالوعي والبصيرة والفهم.. #السيد_القائد"
hanieh_bldi,channel,حُرّة | 𝐇𝐮𝐫𝐫𝐚,166,مالکیت آسمان را به نام کسانی نوشته‌اند که به زمین دل نبسته‌اند./🕊️ . . حرفی ، سخنی ~ https://t.me/harfmanrobot?start=6881316587
alekssa_art,channel,🎪AleksSa🎪,52,"Ну типа чета рисую Александра, 19 с пятью"
alsahiy_non,channel,Al sahiy non,45,Mehr bilan sizga ilindik 😊  +998773014040 +998717422022
n_rawaa,channel,رَوَاء 🤎🪞,65,تائهةٌ في مَلكوتِه                                               مُطمئنةٌ بسَعةِ رحمتِه وبديعِ تدبيرِه🤎!.   اللهُم بَلِّغ نـور اليَقِيـن مُرادَها 🤎.
marshland_wheel,channel,MARSHLAND - ШИНЫ НИЗКОГО ДАВЛЕНИЯ,70,"Шины сверхнизкого давления MARSHLAND модельный ряд ""EASY"", ""MIDDLE"", ""HEAVY"". Всё о шинах MARSHLAND, их преимущества и недостатки, новые модели, реальные испытания и отзывы клиентов. Диски для шин и всё что связано с этой темой. 🛞🚒🛞🚜🛞⚙️🛞🚛🛞"
m2m_telecom,channel,m2m-tele.com,140,IoT hardware notes
ghklpf,channel,القناة الرسمية لمعهد أبو عبيدة بن الجراح 🏢,35301,أهلًا ومرحبا بكم في قناة معهد ابو عبيدة بن الجراح للعلوم الشرعية   منهجنا القرآن والسنة♡    #وتابعونا على الفيسبوك على الصفحه 👇🏻  https://www.facebook.com/profile.php?id=10007
boss788888boss,channel,أول الصفوف,69,
a_h_1,channel,12:00,249,• 𝗜 𝗱𝗼𝗻'𝘁 𝗵𝗮𝘃𝗲 𝗳𝗼𝗿𝘁𝘆 ⤹. • 𝗖𝗵 : @K_P_T 🤍.
sarahalsahhar,channel,سارَة السَّحَّار,887,"""أثري أن يبقى خطّي يذكُرُني""  هاوية خطٍّ مُحبةٌ للفنّ طالبة طب بشري   @sarahals_bot"
mishaomni,channel,миша омни,263,"ceo of @omnistudioo beats @omnibeats  Producer/mixing credits: BAELI, surplus_und, nikitsunami, Dilara, Rakhim, Blessq  DJ credits: Bushido Zho, Pinq, Scally Milano, Nkeeei, ALISHA, XO TEAM, КлоуКома  @omnistud1o - для записи"
pngportfolio,channel,творчество PNG,23,"Я скин мейкер, 3д моделер и рендер мейкер(и аниматор)"
melodies_art,channel,Li,10,
bansschuchuchu,channel,#бāньчуня,19,
apegangmissionbanana,group,.,115,
v_panameee,channel,v_panamee,62,По вопросам сотрудничества:  @v_panamee
pppan1c,channel,PAN!C,22,помогите помогите помогите помогите
prasethpheapfinance,channel,PF,7,
pkrayeved_bot,bot,pkrayeved_bot,,
vpbp_pnbot,bot,ПРЕДЛОЖКА,,
peacock69_bot,bot,Пикок в президенты,,
profil_design_bot,bot,p-design,,
pgkj666_bot,bot,培哥の传话员 🤖,,
p_food_bot,bot,P_food,,
panshare_bot,bot,PanShare,,
opensfera_bot,bot,ПЛЕМЯ 2026,,
kkkommmaaa,channel,Koma это who?🪼,73,
hhhff2051,channel,海.,35,-星が落ちても私と一緒にいてくれませんか？   - いいえ。
maiautomnelahuhja,channel,maiautomne | L♡ydia (маиаутомна лохунья) 😈,46,это канал для тех кто хочет узнать каков мана-сама в любви и какой он в сексе самовлюблённая рожа в нарциссическом припадке (админка): t.me/maiautomne
bloomhelpp,channel,◌𑁍 Bloom help 𑁍◌⁠,60,
thsketcher2004,channel,꙳itsCurly,349,Hello I don't have bot so bear with it in a year  I sketch in digital and notebook...
hurplve,channel,🥜,62,https://t.me/jaatasviri http://t.me/HidenChat_Bot?start=334839893
wakeupindayonecheonnaruiachim,channel,мордовский вестник. приложение к газете ‘восход’,70,always tired as fuck
forhonorgp,group,For Honor GP,275,Teamspeak Server : mame.vip  Channel : @ForHonor_IRI
wildberries_marketpleisy,group,Отзывы на WB / OZON маркетплейсах,88,
hkakbukhl,channel,Ак Барс UKHL,34,
logo_day,channel,Пыльный дизайн,7,"Винтажная реклама, иллюстрации и логотипы. Заказать дизайн: https://logovorot.ru"
bigyelloybeebot,bot,游嬉姬萌领域赞助会员自助购买,,
tablichnik_bot,bot,ТАБЛИЧНИК,,Шикарные литые изделия из металла ручной работы
dontstopwarofferbot_bot,bot,Предложка,,
nagrada_gift_bot,bot,"Кубки, медали, призы!",,Наградная продукция. В наличии и под заказ. Индивидуальные шильды.
melancholy1_bot,bot,Melancholy Notes,,
specstroy_bot,bot,specstroy_bot,,
fuutaaw_anonim_bot,bot,Анонимные сообщения Футы,,
hewaawhhbot,bot,аличяивори. анон.,,бот полностью анон я не вижу ктт че пишет
president_promo_bot,bot,President promo,,
whitehonor_bot,bot,White Honor - Звʼязок,,
helmtrophy_bot,bot,Helm Trophy,,Helm Trophy - Bewahre die Emotion von Siegen mit unseren Trophäen und Medaillen. 🏆🌟
isftstudents_bot,bot,Isft students,,
vnukovotop_bot,bot,"Внуково, напиши нам!",,
wordwar_bot,bot,بازی استراتژیک جنگ کلمه,,
vertolyotikibot,bot,Вертолётики обратная связь,,
eclipshelper_bot,bot,Eclips Обратная Связь,,
visitscarnafigi_bot,bot,VisITScarnafigi,,
proftatarsupport_bot,bot,ФПРТ Обратная связь,,
wr_suggestion_bot,bot,Предложка - Hawlax,,Ваша воля - моими руками
visitsanfront_bot,bot,VisITSanfront,,
sevchel_bot,bot,SevChel_bot,,Для ваших просьб и предложений 💪🏽
flagton_bot,bot,FLAGTON,,@flagton_supportbot - support
shibwareadvertisementbot,bot,SHIBWARE Advertisement (New),,
destaye_bot,bot,የደስታዬ እልልታ,,ውድ የደስታዬ እልልታ ቤተሰቦች እንኳን ወደ የደስታዬ እልልታ ቦት በደህን መጡ። ከታች Start የሚለውን ይጭኑና ዝማሬ ይላኩልን አስተያየት ይስጡን የሚፈልጉትን ዝማሬ ይጠይቁን
visitburiasco_bot,bot,VisitBuriasco,,
hayariybot,bot,HAYARIY BOT,,
nagornyi_hot_bot,bot,"Нагорный, напиши нам!",,
gwardiec_bot,bot,[♔] Ⲅⲃⲁⲣⲇія йⲟⲅⲟ Яⲥⲏⲟⲃᴇⲗьⲙⲟжⲏⲟⲥⲧі [Зв'язок],,
babycut3bot,bot,Elya,,
levoberezhnyj_bot,bot,"Левобережный, напиши нам!",,
guiltygearrubot,bot,Предложка ЭКСТРИМ РАШН ФАНДОМ ФО GUILTY GEAR,,
tsunnah_academy,channel,أكاديمية تعظيم السنة,107,
kurilestour,channel,Курилы-тур | Анна Ломко,588,Клуб путешествий по Сахалину и Курильским островам
sabrsay,channel,sabrsáy ☾,128,sabrsáy    instagram: sabrssay  https://instagram.com/sabrssay?igshid=MzRlODBiNWFlZA==   “Ля хауля ва ля къуввата илля биЛлях”.
al_soolihinn,channel,الصالحین,166,"Нагахь co шайна Ялсаманехь ца каравахь, сох лаций хатталаш!"
sillurv,channel,sillurv,170,selina (*'ω'*) loves it  t.me/anonaskbot?start=h9ujcekj
sillagefic,channel,˙𝑺𝑰𝑳𝑳𝑨𝑮𝑬 ˙,92,"- 𝑨 𝒔𝒕𝒐𝒓𝒚 𝒂𝒃𝒐𝒖𝒕 𝒍𝒐𝒗𝒆, 𝒄𝒉𝒐𝒊𝒄𝒆𝒔, 𝒂𝒏𝒅 𝒆𝒗𝒆𝒓𝒚𝒕𝒉𝒊𝒏𝒈 𝒊𝒏 𝒃𝒆𝒕𝒘𝒆𝒆𝒏. - @Moateamm ⭐ - 🤖 @Sillagecomentsbot 💭 -"
mysli_zeitgeista,channel,Мысли Цайтгайста,202,
glubeauti,channel,glubeauti,95,
kalantaswallow,channel,Калантийская ласточка,80,"Канал имени одной вороватой девицы, на месте совести и стыда у которой – зияющее ничто  🔞  Для связи — @lady_irbis"
lesya_ne_plachet,channel,Леся (не)плачет,20,Инст: Little1bitch По всем вопросам и предложениям: @LesyaART_bot Навигация по каналу https://t.me/lesya_ne_plachet/257  Патреон: https://patreon.com/user?u=99065540
philosophya8,channel,ФилоСофья,16,Заметки о жизни🫶🏻
pkroman,channel,PkRoman,102,你好。 我叫罗曼！
meykadehouriaa128,channel,نِدَاءُ الحُسَین,284,با ایرپاد/هندزفری/هدفون/اسپیکر وارد شوید:  “ اَللّهُمَّ عَجِّل لِوَلیِّکَ الفَرَج “  نِدَاءُ الحُسَین، یعنی؛ لحظاتِ آخری که با ناامیدی پرسید : هل من ناصر ینصروني ؟💔
linkdonyabc,channel,لینکدونی bdsm,349,به لینکدونی اس ام خوش آمدین
forbrittneyjang,channel,Brittney Jang,19,канал посвящённый бриттни из vvs  coop: @tokyocoop anon: @raliceapbot
hinaeris,channel,Hina ひな,14,"own: aeris / эрис — , @yoonch1p_bot ❕репосты и оп держу 30 минут (если время не обговаривалось)"
improtips,channel,IMPROTIPS,163,Вижу только лучшее в тебе
apologizewrk,channel,𝐀𝐩𝐨𝐥𝐨𝐠𝐢𝐳𝐞 𝐖𝐨𝐫𝐤𝐬𝐡𝐨𝐩,314,
surfskatemoscow,channel,Surfskate_Moscow. Channel,1045,Тренировки. Прокат. Комьюнити. https://surfskatemoscow.tilda.ws/  Расписание и запись: https://n706689.yclients.com/company/667332/record-type?o=  Пробные тренировки https://surfskatemoscow.tilda.ws/probnaya
tayaiilyaimprov,channel,Тая и Илья | Импров,238,"Импровизаторы Тая Харченко и Илья Городищ  Ех. команда «По щелчку» 🥇 импров-турнир «Команды» 2 сезон ⭐️ JAM студенты, BRIF, MIF, Дуэты  Тут постим анонсы, присоединяйтесь 🫶  Выступления/предложения: 89856486987 Тая"
improvbattle,channel,Импров шоу «БАТЛЫ»,197,"Объединение людей, которые любят импровизацию!"
circlesongsmoscow,channel,Круговые песни 🟢,41,импровизационная вокальная практика доступная каждому   для участников с любым уровнем музыкальной подготовки и вокальными данными (18+)  тренера/ведущие: Евгения Фомина и Екатерина Палагина  для связи: @quinta_whale
lady_s_models,channel,Не просто МОДЕЛЬНОЕ АГЕНСТВО| ЭСТЕТИЧЕСКОЕ РАЗВИТИЕ| КРАСНОДАР| ЮМР,113,"НАБОР в группы 5+ | 12+ |   Место, где создаются будущие звезды 🌟  📸СЪЕМКИ| ПОКАЗЫ 🎯Индивидуальное портфолио 🔥Лучшие  преподаватели города Пробное занятие🔻 @olesya9929 Минская 120/3 2 эт"
improversity,channel,IMPROVersity,19,A powerful course for English (and any other language) teachers/instructors/tutors to use IMPROV to help your students breal the language barrier https://improversity.org/
olafurarnaldsalbums,channel,Ólafur Arnalds,1151,Create: @shabestic   Welcome to Channel:)
ovt_club,channel,ОВТ,582,Добро пожаловать в клуб! 🎉
mer_an_ord,channel,Mer än ord,90,Motståndsrörelsens officiella aktivistpodcast.  Högt i tak — ändå en hyfsat låg nivå.  https://nordiskradio.se/?program=mer-an-ord
ulkreed,channel,𝐮𝐥𝐢𝐱𝐱𝐬/𝐞𝐤🖤,62,"«ты живешь,будто не будет завтра»   ЛС: @ulkavava_58 буст-https://t.me/boost/ulkreed"
orelartaa,channel,ОРЁЛ АРТА | OREL ARTA,174,"ЛС: @orelarta Рисунки, украшения,  мысли, процессы и прочее..."
ariaraad_official,channel,Aria Raad,6,انتقال یافت  T.me/ariaraad
bullxjf,channel,URban,9,Own - Vlad
music_rld,channel,:rld_music,5,
odessa_mom,channel,Одесские анекдоты. Анекдоты про евреев.,3,"Анекдоты про Евреев, Одесские шутки, тонкий юмор."
tastethe_feelings,channel,tastethe_feelings🍋,951,"Больше, чем просто «тарелочки»✨ @motifofmylife  Сайт с Паями и Печеньками:  https://tastethefeelings.ru"
crosbycoffe,channel,CROSBY COFFEE,79,Есть кофеен со своей обжаркой ☕️ Мы вконтакте: vk.com/crosbycoffee Сайт с поставками: crosbycoffee.ru
juegoletres,channel,Набор букв,19,"Чтобы не забывать, что происходит"
kakavottak,channel,как? а вот так,15,
povaryenok,channel,Готовим вкусно&#33,9,
aromapragma,channel,Ароматерапия для прагматиков,11,Aromapragma.ru
atharrbany,channel,آثار ربّانية☁️.,214,يَحْذَرُ الْآخِرَةَ وَيَرْجُو رَحْمَةَ رَبِّهِ.
theeternalquran8,channel,آلَقِرَآنّ آلَأزَلَيْ,84,"""عالِج فؤادكَ بالكتابِ فإنما طِبُّ القلوبِ قراءةُ القرآنِ"" . 🩷  ﴿وَلَقَدْ يَسَّرْنَا الْقُرْآنَ لِلذِّكْرِ فَهَلْ مِنْ مُدّكِرٍ﴾"
spiketheoriginal,channel,$SPIKE PORTAL,1073,🌎 https://spiketheoriginal.com 🐦 https://https://x.com/spiketheog 🦕 https://t.me/+ixaePmNHPlxhNzA0 🌈 https://t.me/+jA6ra6bSuSFmOWI8
yeeogmeme,channel,$YEE OG PORTAL,2379,
leslietokencommunityportal,channel,$LESLIE - PORTAL,1184,
lightland_park,group,LIGHTLAND_PARK🤩,516,"Дорогие друзья. Эта группа будет посвящена жизни парка, мероприятиям и ивентам.  Dragi drugari, ova grupa je za park Lightland, novi avanturisticki park u opstini Bar, iznad Petrovca. Tu mozete proslediti koji nastupe planiramo i svasta da pitate🤗"
gobiportal,channel,Gobi Portal,142,
tuckertokensol,channel,$TUCKER PORTAL,188,
venezuelaotvety,group,"Венесуэла, Ответы, Советы",57,
qwerty1kleutin,channel,qwerty,28,
parkituvy17,channel,"РГБУ ""Природный парк Тыва""",4,
wjaaaat,channel,guy,15,"""I'm taking you to the forest belt and I want to dismember you there. I'm taking you to a forest lane and I want to beat you half to death... """
uymon_park,channel,УЙМОН - ПАРК | База отдыха,18,"Информация и бронирование гостевых домов отдыха - Уймонская Долина, с. Усть-Кокса, Нижний Уймон"
piggyisforthepeople,channel,piggyisforthepeople,5,
tblocks_bot,bot,Terra Blocks,,
smaa0bot,bot,Sma Checker,,Admin ! -> @is_smaa
auswandernmadagascarfaq,group,Auswandern Madagascar Fragen & Antworten,4,
jurassic_pork_portal,channel,Jurassic_Pork_Portal,,Verify to gain access to the community
wildforestfarsi,group,Wildforest,1,
anketa_oteott_bot,bot,ᴏn ᴛhᴇ ᴇdgᴇ ᴏf ᴛhᴇ ᴛrᴏᴩiᴄs анкеты,,Отвечаем не сразу (ночью не всегда отвечаем)
amon_tishka_botbot,bot,Вокруг одни покрышки.,,
olgaosobapsy_bot,bot,OlgaOsobapsy,,
vsilupravaru,group,В силу права,38,- Блог практикующего юриста для интересующихся правом   - Новости законодательства                                      - Кейсы                                                                                               - Общение
garaschuk_pravo,channel,"Юрист Ольга Гаращук | Переговоры, соглашения, стратегии",178,Юрист Ольга Гаращук   ▪️Разрешу ваш вопрос без суда и помогу избежать споров ▪️Подготовлю взаимовыгодные соглашения для бизнеса и граждан  ▪️Составлю выигрышную правовую стратегию   NB В блоге излагается исключительно личное мнение автора
advokat_arinushkin,channel,Адвокат Аринушкин Павел,43,"➡️ Личные и дистанционные консультации.  ➡️ Подготовка юридических документов (договор, претензия, исковое заявление, возражение на иск, жалоба и т.п.) ➡️ Представление ваших интересов в суде.  ▪️Более 15 лет адвокатской практики ▪️Руковожу юр.отделом ОПО"
advokat_pavlenko,channel,"Адвокатське бюро ""ПАВЛЕНКО ТА ПАРТНЕРИ""",14,Професійна правова допомога фізичним та юридичним особам у м.Києві та по всій території  України
russianlegislationinenglish,channel,Channel - HUMAN RIGHTS.,1,HUMAN RIGHTS IN DIFFERENT COUNTRIES OF THE WORLD.
slikmag,channel,Slikmag релизы колёсных дисков,30,Колесный тюнинг от проекта slikmag. Фото и видеорелизы литых и кованых дисков. Есть интересный контент? Пишите @slikmag1 +79047497997 - будем рады сотрудничеству!
tgk_aleksaferistka,channel,алексаферистка,251,"творю, читаю, снимаю, мечтаю и вдохновляю   мои контакты:  тг: @aleksaferistka вк: https://vk.com/d.aleksa"
adhdisheree,channel,ADHD,465,Hidden chat = http://t.me/HidenChat_Bot?start=7461171681  Hidden chat = @adhdisnothere_bot  Gap = @adhdisnotheree
pwnshoutbox,group,PwnForums - Chat,870,Chat for PwnForums  You must follow all offsite rules here. (https://pwnforums.st/misc.php?action=help&hid=9)  Channel: https://t.me/PwnForums
sid_kamilich_stream,group,Sid_Kamilich Stream,935,
yamahdimadd313555,channel,الله هوَ الحُب ~,1440,( رحم الله عبد أحيا أمرنا فقلت له: وكيف يحيي أمركم؟ قال: يتعلم علومنا ويعلمها الناس، فإن الناس لو علموا محاسن كلامنا لاتبعونا)📜📚
labandabomba,channel,ȽѦ ɃѦƝⵠѦ 💣,114,Всё о нашей команде 🌪️ inst: labandaeffort
chetvertiyotr,channel,✨🌴🦒«Сияние Африки» 4 отряд🦒🌴✨,54,"Мы яркие звезды, сияем всегда!"
stugna_reserve,channel,Громадський Резерв СТУГНА,23,Відділ фандрайзингу спецпідрозділу “СТУГНА”
rumauritius,group,🇲🇺🇷🇺Русские на Маврикии,3463,
gera8th_photographer,channel,Фотограф в Мариуполе Gera8th,113,"Фотосессии в Мариуполе https://gera8th.ru/ На улице и в студии. Семейные, детские, парные, свадебные. Фотосеты для животных, предметная съемка, репортаж, недвижимость, интерьеры. Записаться: @gera8th"
martmartmrpl,channel,🌿МАРТ-Цветочный №1🌿,139,"💬 Заказать можно в чате магазина: → @martmrpl  📍 Адрес: Мариуполь, ул.Бахчиванджи 11А 📞 Телефон: +7(949)830-03-03  📷 Instagram: https://www.instagram.com/mart.mart.mrpl?igsh=MT  Создаём красоту из свежих цветов 💚"
ashtcol,channel,ᵃ ˢʰᵒᵘˡᵈᵉʳ ᵗᵒ ᶜʳʸ ᵒⁿ ⊹,40,"🇵🇸 در فراق تو، ولی عهد همان است که بود"" https://t.me/SendHarfBot?start=885df1dd8af0"
znau_ya_i_moya_koshka,channel,Знаю я и моя кошка,10,"Здесь то, о чём непросто сказать вслух. Переживания, сомнения и тихие радости"
yas5022,channel,𝗬𝗔𝗦𝗫𝗘𝗥 | 𝗖𝗛𝗡𝗫𝗔𝗟,69,
foxizzapp,channel,"FOXIZZ - Трансферы, экскурсии",123,"Не такси, а сервис комфортных трансферов и экскурсий для туристов, который заменяет и такси, и турфирму!"
miller_hbot,bot,𝘯𝘰𝘳𝘢 @ 𝘢𝘯𝘰𝘯,,
hbo_movies_bot,bot,HBO MOVIES,,
hb2ubot,bot,Birthday Bot,,Lazy Birthday Card Maker
hlgleadbot,bot,Вэй — путеводитель в мире логистики,,Заберите бесплатно список проверенных поставщиков и трендовые товары из Китая!  Канал: @HighwayLogistic
healthbot,bot,CovidCure,,From the House of DIMSTRI HOMEO REMEDIES
hadjohbot,bot,Hadjoh,,
hbhnn_bot,bot,Hampton by Hilton Nizhny Novgorod,,Чат бот для помощи гостям отеля Hampton by Hilton Nizhny Novgorod
hgroshbot,bot,Хуткi Грош,,
houslightbot,bot,houslight,,
hewbot,bot,Hew Bot,,
hbsupp_bot,bot,Support bot,,Support bot / Бот поддержки
hb_pro_bot,bot,HilmaPro,,
ffff_fffffk,channel,.,51,
f0ueufplef_channel,channel,NATIONAL ALZHEIMER'S STATES🪮,451,Гадэмы и Гадэмчики Заглядывайте еще сюда гайззз:  https://t.me/volchyanorka1 http://t.me/calliop4iks
ka_fff_ka,channel,- ka_F_ka ?•°✷ [РЕСТ],53,"халоо!! добро пожаловать в мой канал с картинквми и артамии лс автора - @KkafFfkka пока что меня нету в других соцсетях, но все модет измениться, так что наблюдайте"
fgffhckm,channel,Сутулая собака,42,Владелец @HQclMQP                                        юмор и приколы https://t.me/memach13 Самый балдежный канал приколами и мемами                                                           на дошик  2200 2414 1477 8070
gamescfchat,group,гкф чат,74,ПРАВИЛА : https://telegra.ph/pravila-gejms-kf-11-20  КАНАЛ : @gamesc0nf
fgjyfff,channel,巛SoIL laif✧╯,27,Наш инфа канал - https://t.me/SoILinfa Добро пожаловать на наш лайф канал
agdpi,channel,Crxfb,21,
ggdual,channel,фейм,1,
afwhf,channel,Groot-tech,3,شروحات  بوتات وخدمات تلجرام أدوات الذكاء الاصطناعي تصميم المواقع
bfgfanchat,group,.,2,
youbudu,channel,Твоя судьба 💌 Смс из будущего,105,"Тебе смс из будущего пришло, но помни: нет судьбы, кроме той, что мы творим сами. 😌  Реклама: https://clck.ru/hcUSm"
alisaostrovskaya_official,channel,Алиса Островская. Официально,709,Официальный канал автора книг по Трансерфингу реальности для детей Алисы Островской  https://vk.com/alisa_ostrovskaya_official
sms_iz_future,channel,Смс из будущего 🔮 Что тебя ждет,90,Официальный канал с сообщениями из будущего для тебя. Подпишись что бы не пропустить ВАЖНОЕ послание из будущего. Реклама: https://clck.ru/hcUSm
eee_engo6,channel,طالبة كهربائية ⚡️.,212,كهربائيين المستقبل 06❤️.  https://t.me/eee_engO6
ritorika2022,channel,Ораторское мастерство и энергетические практики для успеха в жизни 💪,203,@Katrinamart
t3xxs,channel,техас,122,мастер дикого запада.
f1rmywony,channel,Princess Wony,17,Nika’s gallery 🐰 @wonyounybot @wonyounyfiles
dayanainsolo,channel,Dayanaᥫ᭡/𝑺𝒐𝒍𝒐🤍,11,
jaanilalst,channel,Квартал «Янила» | Ленстройтрест,1262,"Новости, события, мероприятия голландского квартала «Янила». Официальный канал ЛСТ"
lagunovstudio,channel,СТУДИЯ ПАВЛА ЛАГУНОВА,477,"Студия Красоты Павла Лагунова  8(985)997-25-52  8(929) 997-25-52    🎬 online-запись/ https://clck.ru/3M2nF8  🎬Адреса: Москва, Ленинский проспект, 52 Москва, ул. Орджоникидзе, 1"
latanadeldragofumante,channel,La Tana del Drago Fumante,210,Fantasy Taverna Medioevale
monitoring_73,channel,Мониторинг 73 Ульяновская область,84,Вся telegram повестка Ульяновской области в одном канале 🔎  Для связи с нами:  @monitoring_admin_bot monitoring.ru@protonmail.com
vinalopomedia,channel,Vinalopó.com,31,
linafluer,channel,⛸️lina🤍,83,"Всем привет!, и да я вернулась, но уже опять в км Фигурного катания 🤍  Тут вы сможете узнать обо мне и в принципе о моих достижениях⛸️"
fatimiyat20,channel,خِـدرُ فَاطِـمَ,9,ما أبري ذمة وجود أي رجل، القناة للنساء فقط . {فَالصَّالِحَاتُ قَانِتَاتٌ حَافِظَاتٌ لِّلْغَيْبِ بِمَا حَفِظَ اللَّهُ}
saryagashtop,channel,SARYAGASH-TOP,72,Сарыағаш шипажайларына жеңілдіктер мен пікірлер
akiba,channel,akiba,16,用户名出售 @Sell_User_Names
bagswatchshoeswholesaleshop,group,Fatih çanta 34,268,Заказ -For orders+905357476730☎️ Whatsapp https://wa.me/message/DPEQ5OWPMFD2L1 Internet sayfamızın linki: ucuztoptancanta.net
pixiestorestock,channel,PixieStore in stock 🩶,56,
dobriy_shop_ekb,channel,Добрый SHOP,91,"Товары высокого качества от Турецкого производителя!! ☀️  Подписывайтесь на наш второй канал семейной школы ""Добрый Дом"" – https://t.me/DobriyDom24"
m1hm11e,channel,『 الكُنَّاشَةُ الحَنبَلِيَّةُ المالكِيَّة』,206,كان الإمام أحمد ينشد: دين النبي محمد أخبار ، نعم المطية للفتى الآثار ، لا ترغبن عن الحديث وأهله  فالرأي ليل والحديث نهار
natlo3laik19,channel,«نَـتْـلُـوا عَـلَـيـكَ».,2959,"إنَّما يرمِي لنصرٍ عاجل، أو فِداء الدِّين يلقىٰ مصرعه، همهُ في صدرهِ ملتهبٌ من همومِ المسلمينَ المُفجِعة، يتراءى المجد في مقلتهِ فيفيضُ الحُزنِ يُذرِي أدمعه))""  اللهمَّ اجعلها شاهدة لي، وصدقة جارية عن والديّ وعني.  تاريخ البدء ""2 دِيسمبِـر 2021""."
merathelalm,channel,مِيراثُ جدي🌸,198,
nm97l,channel,رَسَائِل مِنَ الله 🎀.,177,نحن قوم أعزنا الله بالإسلام، فإن ابتغينا العزّة بغيره أذلنا الله 🌷.
zad_alsalihin,channel,زاد الصالحين,20,"""اللهم ارزقنا قلوبًا لا تغفل عن ذكرك.”"
bea_utiful_day,channel,ذكر📚🤎,8,
roadstatus,channel,احوال الطرق الفلسطينية,22,تغطية مباشرة لأحوال الطرق الفلسطينية، مداخل المدن والقرى، وحالة البوابات والحواجز. اشترك لتصلك التحديثات أولاً بأول 📍
silyvtebe,channel,Сулейман Ситдиков | Психолог & Коуч ICF,566,▪️Помогаю специалистам и экспертам своего дела достигать личных и профессиональных целей без выгорания ▪️Авторский подход на стыке психологии и  коучинга ▪️Л.с: @Suleyman_Sitdikov   Начни здесь https://t.me/Silyvtebe/1106
shkolarodnik,channel,ГКОУ КК ШКОЛА ИНТЕРНАТ СТ-ЦЫ РОДНИКОВСКОЙ,68,Школа для детей с ОВЗ
tjkeri,channel,TJKERI,291,INSTALLATION QUESTIONS  BAPEDOLLA&DOLCENTO&TJKERI
hafezemoon,channel,حافظ خلوت نشین,434,نوشتن درمان است.
studybookh,channel,Life Hamta💯🤍,205,و قسم به رخنه ی شوق در هنگامه ی اشک که آرزو ها ،آرزو نمیمانند!
seongsukim2,group,Abstract 대나무숲,112,
ambis_berpikir,group,Mahasiswa Berpikir,39,
bcacommunity,group,BCA STUDENTS,4,
kmnb91,channel,空白过人脸,114,
knubamdk,channel,Кафедра МДК (КНУБіА),20,Публічний канал кафедри МДК
buid_mech,channel,Structural Mech,22,Будівельна Механіка (КНУБіА)
kurdishgroupp,channel,kurdish.group,975,❤💛💚✌Tu bi xêr hatî✌❤💛💚
yumeiflood,channel,юmэй,104,𝗈𝗐𝗇 @RealTrueeGiselle норма 100 в неделю
lunarfloodrp,channel,୨୧ — ⟨ 𝙇𝙐𝙉𝘼𝙍 𝙀𝘾𝙇𝙄𝙋𝙎𝙀 ⟩ — 𝙇𝙄𝙁𝙀 ››,11,💫 𝙄𝙉𝙁𝙊  — @InfoLunarEclipseRp 💫 𝙎𝙊𝙑𝙇𝘿 — @Waksksk — ⟨ der besitzer ⟩ 💫 𝙑𝙇𝘿 — @wershachi — ⟨ miteigentümer ⟩
chanellfloods,channel,IN𝐅O | 𝐂𝐇α︎η︎ell ❝︎ 𝐅𝐋oōd ЗАКРЫТ,5,"флуд uщет ньюшек , ❞︎ не беспокоūтесь  мы станем тебе 2 семьеū ) юзы - @nika27ko ( vld ) - @nona_ay4 ( sovld )"
swoordkz33,channel,sᴡᴏᴏʀᴅᴋᴢ33,514,"ⳅⲇⲉⲥь ⲙⲟⲿⲏⲟ ⲏⲁύⲧυ:υⲥⲭⲟⲇⲏυⲕυ, ⲧⲣⲉⲕυ, и ⲙⲏⲟⲅⲟ ⳡⲉⲅⲟ υⲏⲧⲉⲣⲉⲥⲏⲟⲅⲟ ❤️‍🩹🫰 ⲧυⲕ ⲧⲟⲕ ⲁⲕⲕⲁⲩⲏⲧ: swoordkz33  Связь со мной 👇❤️‍🩹 Tg: @TTswoord33"
vikavlas358,channel,🍀 Таксистка 🧿,144,Обычная жизнь таксистки из Москвы. Массаж от 0 до золотого возраста. Инста vikavlas91
txlkagll,channel,гонщик,384,анекдот лс гонщика @t1347t  ⚡⚡⚡⚡
pornyxaaaa371,channel,жигадрочь,77,
sxdattx,channel,sxdattx,7,333
seth_gordonnn,channel,Seth Gordon,1,
ft33_yu,channel,لـ أنيـטּ اެݪحُسَ︎︎ـيـــטּ•.,235,عـטּ انيـטּ الحسيـטּ حدثوטּِ،،  مـטּ ذهبت عنهُ الضعوטּِ.،،🌿.  سايت @vvxxii_bot
lofersssss,channel,𖡻qₐₛₐb ₖₕₐᵣₐbₐₜ⋆cₕₐₙₙₑₗ˼𖡻,264,> *ߊ ࡃࡋߊ ن ا ؏ــݪان😹🖤*                       *شـــما ᴛᗩهـنوز ۅاجـد                      *شـࢪایــ ط مـقایصـ ح💀*   بـا 𓆩𖡡•𝐋𝐎𝐘 QASAB•𖡡𓆪 نیصـ تین
al_ruuh,channel,رُوح🤍,211,'وتَخضرُّ روحٌ وتُبنَى صُروحٌ ‏وتُطوى جروحٌ ولَا مِن ضَرر! ‏مَع اللهِ عمري ربيعٌ وإنّي ‏مَع اللهِ ألقَى .. جميلَ الأثر'  https://t.me/+Uz0JWe42CkA2ZTM8
qilllllp,channel,الـسَّدَف,70,‏«وإنِّي لَا أثِقُ إلَّا بِرحمَتِك!»
alisherkanstovar,channel,Alisher kanstovar (3-mavze) ish vaqti 07:20 dan 23:00 gacha,63,Murojat uchun tel: (91) 101-94-96  Иш вақти : 07:30 - 23:30                               Инстаграм: https://instagram.com/3_mavze_alisher_kanstovar_  Bizning telegram kanal👇👇👇👇👇 https://t.me/+1Tcu0DD4J_o4MmRi
shablon_mlbb,channel,Shablon Obito,1,
medbus_voinov,channel,Михаил Войнов | Медицинский бизнес,175,17 лет в хирургии и управлении. Открыл 3 клиники с нуля — 2 со стационаром. Работал в системе контроля Минздрава. Где клиники теряют деньги и как выглядит ваша документация глазами проверяющего. Написать: @dr_MVoinov
spidcentr24,channel,СпидЦентр24,159,"Адрес:660049, г.Красноярск, ул.Карла Маркса, 45, стр.1 8(391)226-84-18 РЕГИСТРАТУРА 8-800-500-26-83 ГОРЯЧАЯ ЛИНИЯ ПО ЛЕЧЕНИЮ ВИЧ Ссылка на сайт👇 http://aidskrsn.ru"
nazdorovie_labroom,channel,На здоровье - LABROOM!,292,"Канал о том, как сохранить и укрепить своё здоровье.  Адреса диагностических центров в Сургуте: - ул. Энгельса, 11 (ТЦ ""Сибирь"") - ул. Ленина, 46  Запись по телефону: +7(3462) 55-00-25 Онлайн-запись: med.ax/AKmsL"
vedacliniccc,channel,Клиника Веда.,100,
nazipovmed,channel,Юрист для клиник. Назипов Руслан,145,"Помогаю клиникам проходить проверки без штрафов и не терять деньги на претензиях пациентов.  15 лет практики, 100+ аудитов.  Отзывы тут #отзывы@nazipovmed  Ваш бесплатный юридический помощник тут 👉 https://clck.su/kWeEp"
medexpert_crimea,channel,"Медицинский центр ""Медэксперт"" в Крыму",115,
mcplaton_ru,channel,Медицинский центр «Platon»,148,Качественная медицина для каждого💚 Нам доверяют более 10 лет🩺 Сеть медицинских центров
myclinicspb,channel,Моя клиника,75,~ Операционная ~ Стационар на 10 мест ~ Лаборатория  ~ УЗИ ~ Рентген  ~ Маммография  Записаться и узнать подробнее: 🍀По телефону: 8(812) 493-03-03 🍀WhatsApp и Telegram  +7931 289-88-90 🍀На сайте: https://lk.myclinic.ru/schedule?step=1
clinica_makkzn,channel,Клиника МАК ❤️,54,"Дорогие пациенты! Предлагаем быть на связи здесь и узнавать актуальные акции в случае блокировки Инстраграм 👌  т.212-11-10 , 292-30-15 📍Мы находимся: ул.Право-Булачная,47 🅿️Собственная парковка"
illenclinichannel,channel,Иллен Клиник,14,Иллен Клиник- многопрофильный медицинский центр в Калининграде. 🔹Консультация узких специалистов 🔹Ультразвуковая диагностика 🔹Функциональная диагностика 🔹Лабораторная диагностика 📪 пр. мира 59б ☎️ 97-31-97
bereket_clothes,channel,ملبوسات بركات,40,ألبسة  بالجملة  شحن  من سوريا إلى كافة  الدول العربية   للتواصل 00905368546310
lavashi28_bot,bot,Лаваши,,"Шаурма, турецкий пилав, лепешки пиде и аппетитная пицца с доставкой в Благовещенске Обратная связь: tanyagood777@mail.ru"
khasanov1221,channel,1,132,"Admin @khasanovc  Кроме любви к машине, я ни во что больше не верю."
mydreemandyou,channel,طلاب الفرصه الثانية طبيات ❤️‍🩹,120,..
faatl,channel,﴿وَعَسَى أَنْ تَكْرَهُوا شَيْئًا وَهُوَ خَيْرٌ لَكُمْ﴾,2,خذو م شئتم فجميعها لله 🌷
marzahr37,channel,༘⋆𝒇𝒍𝒐𝒘𝒆𝒓 ⸝⸝,575,- أنا لا يَلِيقُ بي إلَّا أن أكُونَ فِي مُقَدِّمَةِ كُلِّ شَيءٍ .
what_isthepoint,channel,#🚭 iwch(n)slprms,127,
miajhsluv,channel,мия!!🧸,79,
bayas_02,channel,bayas.,50,.
alsharid45,channel,شَرِيطٌ جَزلْ,122,شريـطٌ وصفـهُ بالجـزل يَرجُــوا طَرِيقـاً لا يَـــزِّل  و سببٌ للأُجُورِ إذا قِيـل إلى رَحمَةِ الله قدِ أنْتَقَل
geraldmoodek,channel,geral.dmood (ася делает скетчи👽),198,"инст: geral.dmood мультифандомный художник здесь я рисую то, что люблю, пишу всякое и обожаю фильмы и сериалы) аватарка: @I_hate_cucumber (тгк @hxd228)"
jihad3imad,channel,الشَهيد جِهادْ عِماد مُغنِيّة,13,أثَرُهـم في قلـوبـنا.. ❤️‍🩹
gimadik_fw,channel,ㅤ𓎢𓎟 𝐆𝗶𝗆𝗮𝖽 . 𝘧𝘸 ˚₊‧,6,ㅤ♬  сетня t.me/flatwhitemcyt ㅤ  cr @Dreamchanlove
yaqeenqueenn,channel,يقين🌷.,75,@yaqeenqueenbot
turkshop_com_tr,channel,Turkshop | خرید از فروشگاه‌های ترکیه 🇹🇷,77,
smartluxurydeal,channel,Smart luxury deal by SA,253,
bukvalnome,channel,Буквально я,69,Официальный канал Белгородского актёра Стендапа☑️ Буквально я Instagram:@mr.goryan
sterheye,channel,глазами аиста.,47,Поэматограф и кинопоэзия.  ВК: https://vk.com/poematograph
ti3ug,channel,تُقَـىٰ ||Tuqa,77,وارْحَمْنِي إِذَا انْقَطَعَ مِنَ الدُّنْيَا أَثَرِي
staushiyyah,channel,Shahabat Taushiyyah,2159,
jiwatarbawi,channel,Jiwa Tarbawi,2541,Mendidik Jiwa Tarbawi
humayrafox,channel,ʜᴜᴍᴀʏʀᴀ,541,"🧋Вечный студент с камерой на плече 📖Английский, арабский, религия, поездки, учеба, жизнь  Для покупки пресетов писать сюда: @hummayra  Анонимные вопросы: t.me/questianonbot?start=81931251l"
hamas_saleh,channel,حولوا الاعلانات,2,
beejghor,channel,বীজ ঘর ( কৃষি কথা ),39,"চাষাবাদ ও কৃষি সম্পর্কিত সর্বশেষ সংবাদ শিরোনাম, ছবি, ভিডিও প্রতিবেদন, বিশ্লেষণ, খবর পড়তে আজই জয়েন করুন অফিসিয়াল টেলিগ্রাম চ্যানেলে।"
rsc42news,channel,Кемеровский Россельхозцентр,75,Кузбасс новости Россельхозцентра
kulturmulturpermacultur,channel,Про живое,106,"Жизнеутверждающие истории. Меня зовут Татьяна Гуляева и это мой дневник записей о живом. Органический огород, питание, пермакультура. Про естественный образ жизни, здравый смысл и красоту. *** радость наблюдать природу*** *** счастье жить на земле ***"
markssecretgarden,channel,Mark’s Secret Garden,37,"Рецепты, медитации, кристаллы, йога, практики в Тайном саду Марка"
izbaneofita,channel,Изба‑катастрофа: хроники неофита,111,Жизнь на селе: без колхозных шаблонов.  Мои хроники восстановления избы.  Мой личный социальный эксперимент
nuggetkecap9837,channel,nugget kicip,31,ga tau
italkalottho,channel,Mina's bla bla bla,153,و من شر حاسد اذا حسد🧿🧿🧿🧿 با لبخند وارد شوید☺️☺️☺️☺️ مرگ بر خامنه‌ای   تیریخیدا خسته شدین از کصشرام لفت بدین من عذاب وجدان میگیرم||-||  https://telegram.me/BChatsBot?start=sc-nl2rE9y5tT
li_natroka_atharan,channel,لِنَتْرُكَ أثَرًا,84,فَهِيَ النفس ، إنْ لم تُشغلها بالحقّ شَغلتْكَ بِالبَاطل
avtoelonuz_qashqadaryo_sergeli,channel,Moshina Bozori,48850,@Elon_Adminii Энг оммабоп савдо канали (МОШИНА БОЗОР) га  хуш келибсиз 🫱🏻‍🫲🏼 Элон бериш учун 👉 @Elon_Adminii  га ёзинг 🚘Уйдан чикмаган холда сотинг ва олинг Спамлар учун алока https://t.me/+2YbDM-GS4CxkZWMy
mokhatabmokhtass,channel,مخاطب مختص,40,
skylineexport,channel,skyline Export - سكاي لاين للشحن الدولي والتصدير,13,شركة تركية مقرّها مدينة إسطنبول، تقوم بالاستيراد والتصدير من وإلى تركيا من جميع دول العالم، إضافةَ إلى البيع عبر متاجرها الإلكترونية،  وهي امتداد للأعمال والمهام التنفيذية لمجموعة سكاي لاين القابضة.
abobakerimhemedmergb,channel,أبوبكر امحمد فارما جامعة المرقب,394,
plamyafoxkraft,channel,PlamyaFoxKraft,83,Изделия ручной работы от Пламени. Украшения из различных материалов)
fcforum,channel,ФК «ФОРУМ»,117,Футбольное Сообщество Форум   👤 Связь - @halilvlg
sfm_config,channel,⸢🎥⸥﹣〣 ꜱᴏᴜʀᴄᴇ ꜰɪʟᴍᴍᴀᴋᴇʀ ᴄᴏɴꜰᴇꜱꜱɪᴏɴ 〣﹣,59,SFM и КАРТОШКА как смысл жизни  Бот для тейков: @TAKE_SFM_CF_BOT
archon_is_bot,bot,ARCHON.is • Платформа,,З усіх питань: hey@archon.is Публічна оферта: https://www.archon.is/ua/terms  ФОП Ярослав Сергійович Бірзул
ankornbot,bot,АНКОРН - Уровнемеры и сигнализаторы уровня для производств,,АНКОРН - официальный дилер венгерского приборостроительного завода NIVELCO в РФ
helpmorion_bot,bot,MORION | Техническая поддержка,,Техническая поддержка 24/7  - (843) 202-21-74
mujtabarabah,channel,Dr. MUJTABA .R,629,هنا نتعلم الطب بطريقة نفهمها، مو نحفظها  حالات سريرية • شرح عملي • OSCE •مراجعات ومحتوى يفيدك بكل مرحلة  اذا عندك استفسار:@mu_raba7
bbbbbb18q,channel,مِدادُ القِراءة,155,
ya_mahdi1190,channel,The Mahdawiya Doctor💉🩺,394,گآنْتٌ تٌدِرس بْحٍمآس، لُأنها تٌؤمنْ بأنْ صٍآحٍبْ آلُزمآنْ «عجٍ» يَستٌحٍق جٍهدِاً گهذا ✍🏻✨🌷  #لزهراء طالبة طب وجراحة عامة 🍒 #طب_حمورابي_مرحلة_رابعة 🍒 اللهمَّ صلِّ على محمد وآل محمد ✨ للتواصل @ya_saheb_alzaman_bot
psyhologuru,channel,AvroAura Vibe 🤙🏼,75,"Психолог  ✨ Интегративный подход Экзистенциальный • клиент-ориентированный • трансперсональный • Семейная терапия - ученица Курпатова А.В. Помогаю понять себя, найти смысл, опору и состояние потока    ✉️Отзывы,цены и услуги: https://taplink.cc/a"
tbiibe,channel,𝗦𝗧𝗨𝗗𝗬 𝗪𝗜𝗧𝗛 𝗧𝗕𝗶𝗕,4894,my website : tbib.space my links : linktr.ee/usserrr_h
study_clinic_uob,channel,Study Clinic,1488,
sstudylinkk,channel,STUDY LINK soon..,22,
pharm_teba23,channel,الامتحان التقويمي💉💊,2463,ملخصات صيدلة من المرحله الثانيه للخامسه
ph30medicine,channel,دفعة 30 PHARMACY Our medicine is a life💊دواؤنا حياة💊,686,"قناة إعلامية لأنشطة دفعة "" دواؤنا حياة "" 👨‍🔬👩‍🔬 👨‍🎓 دفعة 30 صيدلة جامعة صنعاء  2022👩‍🎓"
ansorstudy,channel,ANSOR STUDY ta'lim markazi | Расмий канали 🎓,387,Бу Марғилондаги  «ANSOR STUDY» араб тили ўқув марказининг расмий канали. 12.01.2022   Mанзил: Марғилон шаҳар Хожа Аҳмад Эшон 92 уй. Mӯлжал: Ижодкорлар боғи рӯпараси.  Мурожаат учун: 908466262 901436060  @Ansor_Study_Adminstratori  SIFATLI TAʼLIM ULASHAMIZ
omrankade_zohrevand,channel,عمرانکده ( کانال آموزشی پریسا زهره وند),245,📌در این کانال محتواهای مفید و اطلاع رسانی از رویداد های آموزشی ارائه می شود.   پریسا زهره وند  @Ms_hesari    https://www.instagram.com/_parisa_zohrevand?igsh=cHppejRrdTBuaWVn
memberpluscochannel2,channel,MemberPlus ممبر پلاس,1017,ممبر پلاس  بزرگ ترین و معتبر ترین سایت ارائه دهنده خدمات مجازی  آدرس وب سایت :  www.memberplusco.com   پشتیبانی تلگرام :  @memberpluscosupport  قوانین سایت ممبرپلاس : memberplusco.com/terms  8 سال سابقه درخشان در زمینه ارائه خدمات مجازی
rockervkook,channel,𝗢𝗙𝗖 𝗥★𝗖𝗞𝗘𝗥 𝗩𝗞𝗢Ø𝗞,14,"ㅤ   ㅤ   𓄋 ⬩ 𝗥★𝗖𝗞𝗘𝗥 𝗩𝗞𝗢Ø𝗞 ⬩ 𓄋  ⬩ 𝕬NOTHER 𝕮HANNEL ⨾ @ROCKVKPOST ⬩ 𝕭OT 𝕺FFICIAL ⨾ @VKROCKERSBOT ⬩ 𝕻ARTNERSHIP ⨾ @ROCKERARSIP ㅤ ㅤ﹙OPEN﹚ @ROCKERVKPSBOT          Ë𝚜𝚝 𝟮𝗢𝟮𝟭, 𝟮𝟮.𝗢𝟴 – Rocker Vkook"
whalevipbot,bot,MEMBERSHIP,,
tgmembership_bot,bot,TGmembership,,"TGmembership: Automated membership management with AI support, analytics, multiple payment options, and digital sales."
aipad_members_bot,bot,AIPaD Members Bot,,AIPaD's bot to check membership status and user information!
mtla_join_bot,bot,Join to Montelibero Association,,This bot will help you go through the process of joining the Association.
my_membership_club_bot,bot,my membership club,,
zhl_services,channel,پنل خدمات,3,#لینکدونی_گروهکده_زحل🪐 https://t.me/Linkdoni_Zouhal
kirasovareal_bot,bot,Кирасова бот,,
baleuzvbot,bot,بله عضو | BaleOzv,,👤 بله عضو رباتی برای افزایش ممبر کانال و گروه تلگرام به صورت کاملا هوشمند و خودکار  📢 کانال اطلاع رسانی : @BaleUzv
stockwitsmembership_bot,bot,Stockwits Elite Members Platform,,A collaborative  🎓 knowledge sharing   🎓 stock market  community.
okoclub_invite_bot,bot,OKO Club invite bot,,
club_student_bot,bot,Вход в Клуб,,🤖 принимаю оплату на вступление в закрытый Клуб Ильяса Шарипова.   Менеджер: @student_support
kanalga_azo_bol_pro_bot,bot,🔴 Kanalga a'zo bo'l bot 🔴 | Azochi,,🤖 Bot orqali guruhdagi a’zolarni kanalga yoki guruhga majburan oʻtkazishingiz mumkin.  🤖 Boshqa botlar: @Pro_botlar
livegood_tutorbot,bot,Ben Glinsky,,"My name is Ben Glinsky, I help people get healthy and make money with my unique $0.33/day club membership."
newmember_hoj_bot,bot,𝙁𝙊𝙍 𝙅𝙊𝙄𝙉𝙄𝙉𝙂 𝙍𝙋 | ℌ𝔬𝔲𝔯 𝔬𝔣 𝔧𝔲𝔡𝔤𝔪𝔢𝔫𝔱,,"Здравствуй, путник! Нас можно найти здесь → @HOJInfo 💜"
club2359_bot,bot,Оформить подписку на Клуб 23:59,,Бот для управления подпиской на Клуб 23:59.
memberviewadderbot,bot,💎 Salva Member Adder 💎,,"Earn coins by joining channels & viewing posts, then grow your Telegram with members & views!"
azo_bolingro_bot,bot,🔴 𝗔'𝘇𝗼 𝗯𝗼'𝗹𝗶𝗻𝗴 𝗯𝗼𝘁 🔴,,🤖 Bot orqali guruhdagi a’zolarni kanalga yoki guruhga majburan oʻtkazishingiz mumkin.  🤖 Botlar: @Guruhchi_robotlar
td_club_bot,bot,Вступить в клуб Татьяны Данжели,,
savagecryptomembersbot,bot,SavageCrypto Members Bot,,
club_kinokouchinga_bot,bot,БОТ КЛУБА КИНОКОУЧИНГА,,ИП Петрова Наталья Андреевна ИНН 782512724401 Стоимость ежемесячной подписки - 1000 рублей
loclub_bot,bot,Lo.Club Loyalty,,система лояльности академии Lo.Club
pay_freedom_bot,bot,КЛУБ ОСОЗНАННОСТИ | Бот,,Это бот оплаты доступа к Клубу осознанности Влада Фридома 💜    Ты можешь оформить подписку для вступления в наш клуб
focastgeniusbot,bot,Focast Genius Bot,,Official Bot for Focast Genius Platform
health_club_very_krasivoy_bot,bot,Вступить в «Клуб Здоровья» Веры Красивой,,
onlinelawschoololsbot,bot,PREMIUM OLS CLUB,,"спільнота для юристів, що прагнуть розвиватися."
lillysloungebot,bot,Lilly's Lounge,,
mirovaya_chashka_bot,bot,Мировая Чашка БОТ,,Программа лояльности кофейни Мировая чашка! Копи бонусы и оплачивай до 100% покупок!  Создано через teyca.ru
sukhovmembershipbot,bot,Зайти в «Парадигму» | Проект Сергея Сухова,,🤝 По всем вопросам пишите Карлу @karl_steward_bot 🏛 Проект Сергея Сухова (публичный TG-канал @sukhovjournal)
avtonomiya_3_bot,bot,Заявка в Автономию,,
zaryadkamam_bot,bot,Второе дыхание: оплата доступа,,Бот для подписки и оплаты участия в Клубе «Второе дыхание»  Канал для знакомства тут: @vtoroe_dyhanie_club
queenaazam,channel,ملکه اعظم 👸🏻,1954,اینجا سرزمین ملکه‌هاست 👑  ورود آقایان ممنوع 🚫😌
ilaljanah,channel,سورة الملك. ♥,1849,
foresaleall,channel,魔王 Dewaxyz Realm 魔王,64,OWNER - @TheGodWolf MY WEB - https://dewaxyz.lexxa.site
ywldgju,channel,ݺ﮼كش ملك 🖤🔥.!#,192,الدنياا دواره طبيبها يمرض  وخبازها يجوع✋🏿🧑‍🦯.
kingofamapiano,group,King Of Amapiano🍻💯,128,
lordoftheringsanduril,channel,Andúril | LOTR MEMES CHANNEL,99,The crownless again shall be king.  Lord of the Rings - Tolkien - Catholic Channel
imbachess,group,Клуб 🀄 Ферзей,68,
information5king,channel,ملك المعلومات,51,
lllnvmiii,channel,• 𝐒𝐏𝐄𝐂𝐈𝐀𝐋 .,12099,welcome to special .  - لن ينتهي البؤس أبدًا..  ME : @NVMll @Mahmoouudddd
archivefashiongirl,channel,zvezda,22,
byeeternityy,channel,eeternityy,47,‘ Always✍🏼
aintmom,channel,🪽,2,
archiveluao,channel,♡⃝ ⋆｡˚𝐟𝐨𝐫𝐞𝐯𝐞𝐫 𝐁𝐚𝐢 𝐋𝐮,1,оп - @aesfels @alenanon_bot
yz_yf313bot,bot,سوالفيّ🌷.,,وأجعلني يا الله دائمة الرّضا ، مُكثرة الشُكر .
