merilinzarisovki,channel,Зарисовки от дяди Хо.,5868,"•ссылка на мой тт с первыми частями зарисовок: www.tiktok.com/@mamahoti_ •Поддержать автора можно подарочком в лс :) •Тут зарисовки,но и немного моей жизни. •В основном будут минсоны. •Просьба не ругаться и не оскорблять людей. •Не пиарить свои тгк/тт."
macrofreaks,channel,Макрофрики,3718,https://t.me/+Z5eDd8dq9cplODky - чатик для всех
morghsaharr,channel,"""مرغ سحر""",3473,Emergency only: https://t.me/HarfChatBot?start=9c5cece02fbe My Special Gp: https://t.me/+SUV73y6LO5hhNTA0
maharojgar1,channel,Maharojgar Maharashtra govt jobs,1399,"Get all the information of Maharojgar, Maharashtra govt jobs and Maharashtra noukari details"
mahtasart,channel,mᴀhtaEatsArt🖤🩶🤍💜,508,I EAT ORT Talk to me: @AnonymousArtEatersBot     I'm in your walls:>
maharnatech,channel,Maharna's Tech,919,Maharna's Tech official Telegram Channel Modder Hub apk : @modder_hub  Channel http://www.youtube.com/@MaharnaTech   This channel doesn't support any illegal activities.. All items are based on Educational purposes only
nameibeayda,channel,نامه ای به آیدا,39,بگذار این آخری باشد. مرا پیدا کن آنچنان که انگار خود را گم کرده ای من از درون میمیرم اما هنوز چشم انتظار دستی برای ماندن ، ریشه بستن و شاید جوانه زدن هستم. http://t.me/HidenChat_Bot?start=1733074409
thescentofanoldhouse,channel,𝚙𝚊𝚛𝚊𝚜𝚒𝚝𝚎,83,(she/they)  چی بگم والا انشالا که خیره. اگر برای دراما اینجا هستید قراره ناامید بشید. http://t.me/RedChtBot?start=805020045
femalerap_rita,channel,FEMALE RAP,3007,Та самая группа о Женском Рэпе 💅
batenrap1,channel,𝑩𝑨𝑻𝑬𝑵,659,برای هرگونه همکاری: @Arash3K
gundemrap,channel,Gündem Rap,579,
simfer_rap,channel,SRF Simfer Rap Family,88,
ghost_in_the_rap,channel,Ghost_In_The_Rap,96,Hip-hop
rapscrew,channel,Raps Crew,50,Читаем рэп.  OG Prokop A$AP Wrench Armatura Trap House Pearlvape
russkiy_rep_novinki,channel,Русский Рэп,68,Здесь вы найдёте музыку на свой вкус! ❤️🔥 И тут вы узнаете о всех новостях рэп индустрии! 🤗😻
revera,channel,REVERA | RAP CHANNEL,24,NEW RAP ONLY ENG
manjotrap,channel,манжо,2,"Всем привет, с вами Д. Репин aka манжо.  Я музыкант и хочу вам показать свои работы.  Надеюсь я стану популярным и буду зарабатывать деньги на музыке!"
rap_o_kabul,channel,RAP O KABUL,3,برای نشر کاریتان به آیدی های ذیل مراجعه کنید
aahispano,channel,Alcohólicos Anónimos Hispano,967,"Alcohólicos Anónimos ®    Somos una agrupación mundial de alcohólicos recuperados que se ayudan a mantener su sobriedad y comparten libremente.  No aceptamos contribuciones ajenas, no contamos con casas de reposo o albergues. No somos profesionales."
aasdo12,channel,Новости СДО12 (Самарского делегатского округа),200,Информационный канал|Анонимные Алкоголики Самарского делегатского округа Актуальная информация сообщества.  Прислать Новость https://t.me/NewsAASDO12_bot Расисание групп АА https://www.aasamara.ru/#raspisanie нААш VK https://vk.com/aasdo12
myxa_rnd,channel,"Компьютерный клуб ""МУХА""",283,"🎮 Компьютерный клуб ""МУХА""🎮 ул. Стабильная д. 11/1  - Мощные ПК. - Просторный зал с PlayStation 5. - Уникальный контент в канале. - Утренние акции. - Персональные бонусы для постоянных клиентов.  Подписывайся, чтобы быть в курсе всего самого интересного"
specialist_aba,channel,ABA Academy for everyone,153,Соғлом ва диагнозли болалар билан индивидуал машғулотлар олиб бориш. Ҳозирги кунда болаларга қандай таълим бериш муҳим? Самарали билим олишдан ташқари яна нималарга эътибор қаратиш керак?Саволларга жавоб бериб бораман
ruporkonference,channel,Рупор Конференции АА,97,"«Когда групповое сознание бывает мудрым? Когда оно достаточно информировано!».  Здесь вы найдете актуальную информацию о Конференции. Новости, объявления, анонсы мероприятий и новых проектов. Будьте в курсе событий!  Электронная почта: k.k@aarus.ru"
cryptoarmynews7,channel,Crypto Army ∆News,77,AMA |Calls|🌌🚀 Spaces|News For queries @Merajshah7 Binance aflliate |OFFICIAL Partners of MEXC- Bybit -Huobi and &OKX #Gempad Partner & incubator https://t.me/thcryptoarmy https://twitter.com/thecryptoarmy7?s=20&t=cTFeK7yaqcFCc1AG1U
aakursk,channel,Анонимные Алкоголики Курск,28,"Бесплатно. Анонимно.  О сообществе, адреса и телефоны курских групп АА - https://t.me/AAKursk/3  http://aa-kursk.ru/"
spacehunterannouncements,channel,Space Hunter Global Announcement,17,Official Global Chat: https://t.me/SpaceHunterGlobal
hostjanecom,channel,HostJane Channel,6,Need assistance? Contact us at hostjane.com/m/contact
heren0,channel,"Группа АА "" Вот они Мы "", г. Череповец",6,Выход есть!
an4rcharchive,channel,REST // 𝗔𝗡𝟰𝗥𝗖𝗛 𝗔𝗥𝗖𝗛𝗜𝗩𝗘 #𝟰𝟭𝟭,115,ᴜɴᴏғғɪᴄɪᴀʟ ᴀɴ4ʀᴄʜ ᴄʜᴀɴɴᴇʟ!
jensenacklesfanclubarchive,channel,𝘑𝘈 𝘍𝘈𝘕𝘊𝘓𝘜𝘉 𝘈𝘙𝘊𝘏𝘐𝘝𝘌,70,@JensenAcklesFanClub 𝗖𝗛𝗔𝗡𝗡𝗘𝗟 𝗔𝗥𝗖𝗛𝗜𝗩𝗘  𝗜𝗡𝗦𝗧𝗔 𝗣𝗔𝗚𝗘: http://instagram.com/JensenAcklesFansclub
arh_esc,channel,𝗔𝗥𝗖𝗛𝗜𝗩𝗘 𝗘𝗦𝗖𝗔𝗣𝗜𝗦’𝗠,8,
archiveer0n,channel,archive,2,
archiveernest,channel,𝘢𝘳𝘤𝘩𝘪𝘷𝘦,3,
cod3pilitysarchive,channel,ᥲrᥴhι᥎ᥱ,2,
arheeeve,channel,архив,3,
arhvdese,channel,archives,1,
arhivtemno,channel,𝗔𝗥𝗖𝗛𝗜𝗩𝗘 tmn.,2,@temnovskie_5
arhvvtwix,channel,˚ ༘𝓐рхив,1,𝓝нфо — @twixxso
replicacollects_channel,channel,REPLICACOLLECTS Channel,326,
skitcastrographie,group,Pavlo Rekun Development,475,"Discussion of apps, news and development insides.  Developer - @pavlorekun  Do you want to support my work even more? Then check get me some coffee - https://www.buymeacoffee.com/pavlorekun"
reppkahouse,channel,Хижина Репки,43,"Twitch - www.twitch.tv/reppka_ Чат - t.me/+oM1QeSWK0CJkZTIy БУУУУСТ - t.me/boost/ReppkaHouse  Что такое точка G, а то я не ебу 💅🏻💅🏻💅🏻  Стримы вт, чт, сб в 21:00"
merkomrko,group,Чат рабочих собраний МерКом РКО ВДА,112,Чат рабочих собраний комитета по мероприятиям РКО ВДА  Канал новостей Комитета: https://t.me/merkomaca
ehsanvertex,channel,Ehsan Vertex | اِحسانَم,77,رپکن 🎙 | آهنگساز 🎹 | مهندس صدا 🎧 ××صفحات من در فضای مجازی××       Instagram.com/Ehsanvertex Soundcloud.com/Ehsan-Vertex YouTube.com/@Ehsanvertex
rubikonrp,group,INTERNATIONAL ◆ Roleplay,14,👑 ВЛАДЕЛЕЦ:   📚 Сложность РП: 2/10 🛢️ Год в рп: 2021 (1 месяц = 1 год) 🐦‍🔥 сезон: 𝙸 ♻️ Буст: https://t.me/boost/RubikonRP 🌁 Сфера: @titanium_sphere
glebcoingame,channel,GlebCoin,26,наш основной канал - @eeglebguy глеб бот - @eeglebguybot  ГЛЕБ КОИН ЛИСТИНК - https://t.me/blum/app?startapp=memepadjetton_GLEB_YSz5p-ref_Vd7u9vZoRW
rcofoundation,channel,RCO.foundation Сommunity,6,Remcom company channel 😍🏦🎯🗣🧠 🕛  For important offers and communication with investors https://t.me/RCO_Connect 🕊🏆🥇🫅👸💰💸💵  https://t.me/+4eR3U7JCwTRmZGJi
rockefeller_token,channel,RockefellerToken $RCKF,23,We are creating a space for those ready to look beyond the ordinary. 🌐 www.rockefellertoken.com
rechochom,channel,речь о мб рике?,28,та я прост попи***.. тт: @mb..rika  буст: https://t.me/boost/rechochom анон: @anmbrika_bot
rainworldconfessions,channel,вечная память,12,
roblox_cfkinn,channel,"[ НАБОР АДМ ] Да, я кинню и… | ROBLOX",6,". tейк бот ; @TAKErobloxbot . Nачали ; 21.06.26, через 5 дней удалю акк"
refka_art,channel,переходник рэфка,1,https://t.me/+Lz32FUWtqw0yN2Zi
relbitcoin,channel,Relbit Coin (RLB),,RelBit Coin (RLB) This Token is Financial Decentralized .
ratatouillereview,channel,Рататуй Ревью | Казань,354,"Честные рецензии на рестораны Казани. Без прикрас и рекламы - только реальный опыт, проверенные заведения и личные впечатления.   Узнайте, где стоит поесть, а какие места лучше обойти стороной."
noumaangallery,channel,محصولات عمده نومان,363,آدرس سایت: Noumaan.ir  صفحه اینستاگرام: https://www.instagram.com/noumaan_gallery?igsh=MTc0a2ViaDk4eTZuOQ==  آیدی ثبت سفارش: @noumaan_gallery  ارسال بار از شاهرود با مدیریت افتخاری 09373480262
listonlab,channel,Листон,23,
luxestom,channel,"Стоматология ""Люкс"" (LuxeStom)",105,"Канал стоматологической клиники ""Люкс"" (LuxeStom) в г. Одинцово ООО ""ФИРМА ЛЮКС"" Лицензия Л041-01162-50/00290144 от 27.11.2013"
aminjon64,channel,l_ami_0101_bt,205,
heefile,channel,ㅤ bambevan,135,ㅤ    있어 kiss me & hee `z club  ㅤ  ㅤ     www . @ev2anbot
whatthehelllzz,channel,?? рест,115,nezz  по всем вопросам -> http://t.me/anonaskbot?start=1002209208 автор авы -> @evviqiart
he_sa_to_no,channel,HeSaToNo✨💜,29,Немного творчества и побольше о себе
leraautizzm,channel,VIP лера 0mg,38,"я кстати не лера  тут онли жизнь, липсинги чаще всего не хотите видеть моё лицо - и не подписывайтесь, тут только такой контент‼️‼️"
jolyaandfriends,channel,‼️Рест‼️Jolya and Friends,28,
haveagooddayr,channel,𝓗ave a good day !,39,"ᴄʍᴇх, ᴩᴏʍᴀɯᴋи и ɸᴏᴛᴏᴋᴀʍᴇᴩᴀ .• 🐰🤍  I'm weird, but I don't give a fuck.🫶🏻 // sorry I forgot"
pinkzorr0,channel,СЕКСОЛОГ | СЕКС-ШОП Розовый Zorro,283,СЕКС-ШОП. Консультации сексолога. Анонимная доставка по России  Сайт — https://pinkzorro.ru/  Связаться с нами — @pinkzorro_ru
pinksunaa,channel,PinkSunA,764,
ochkoslona3345,channel,Поклоняйтесь бимбо королеве,412,
chkaboba,channel,чкабоба🎀,92,привет медвед молодёжь
pinkpepe_31,channel,Pink pepper/Мырмырмыровая шиза,93,Да что у него в голове происходит...
zuzukasupercool,channel,Банановая овца,87,😇
booba_mp10,channel,BooBa;D,67,"А че писать то?  Я хз просто рисую всякое  Частично—NSFW контент присуствует Могу рисовать всё подряд, по этому могут мельком появлятся и другие фд Анонка: http://t.me/anonaskbot?start=m8wm0zn"
popka_gryzfona,channel,Продажа фонарей(Щт).,58,"Тупой щт какой-то дуры.  Тут иногда сполейры будут,да Основа— @mikoto_onlayn"
linooo4ka,channel,ижзвыжсск,57,
pinkpeppercool,channel,Розовый перчик,78,Захвачу любой фд
prissmamedia,channel,prissma // by petrova,61,"Смотрим на ро-бизнес под другой призмой реальности // prissma  ДИСКЛЕЙМЕР: МЫ НЕ ПРЕСЛЕДУЕМ ЦЕЛИ УСТРОИТЬ ТРАВЛЮ, ВСЕ ПОСТЫ НОСЯТ САТИРИЧЕСКИЙ ХАРАКТЕР.   создано при поддержке fluxx agency и PETROVA."
n1kko_p,channel,𝑵𝑰𝑲𝑲𝑶,77,DIRECT : @yur1evvna
akirzaanilavoyou,channel,@!! ₽użyřęk,96,
kosenkowa,channel,mistress ksnkvv🦕,33,lil mom🦎
murzilkakawaii,channel,ムルジラちゃん!!,50,
fioranavaybe,channel,👾🖊𓏲ּ𝄢𝐹𝒾𝑜𝓇𝒶-𝒸𝒽𝒶𝓃 𝐻𝒶 𝐵𝒶й𝟼𝑒👾🖊𓏲ּ𝄢,35,"｡⋆Оффициальный тгк!｡⋆ Поуз мод, тутор, янсим👾₊⊹ 👾🖊𓏲ּ𝄢На вайбе👾🖊𓏲ּ𝄢"
kristinkatv,channel,🩷Кристинка🩷,39,"Смена волос, места и настроений. Добро пожаловать в мой цветной мир! В общем, ты не успеваешь за моим цветом волос, но можешь следить за мной тут 🩷"
piggyandroza,channel,Птичка невеличка,34,Маленькая жизнь в деревне
nikaivy,channel,Ника и ее команда🫰🏻,31,
hwangizhere,channel,yezyizhere,27,
cyberkirby,channel,ⲕυⳝⲉⲣ / ℂ𝕪𝕓𝕖𝕣,20,"Мой канал по косплеям, мб ещё чо нибудь выкладывать буду"
teafortragloditka,channel,🌸чай с траглодиткой ☕🐇🌿,19,Православный кукольный контент
porfolioklaqbi,channel,klaqbi | Minecraft Design,13,
shizukutoya,channel,schizotoa,11,we are the shizutoyalings
your_myaba,channel,⏤͟͟͞͞ 𝙼yaba٭,18,
pina_cocalada,channel,𝑝𝑖𝑛𝑎 𝑘𝑜𝑙𝑎𝑑𝑎´🍹,22,Массовый сбор денег на помощь деткам аутистам || лс >>> @pina_kokalada
iamkobi,channel,ᵏᵒᵇ¡,9,Kͥobͣ¡ͫ ᵗᵃᵍ:ᵈᵉˢⁱᵍⁿᵉʳ 📍Цифровые теги🔥
nyakodan_bot,bot,някодан ботяра,,тгк: @nyakodan
zunkezunke,channel,vika zunke опять поменяла ссылку на себя!,3,да что ж тут поделаешь: опять этому автору неймётся. но в этот раз у нас есть серьёзная причина — я делаю все ссылки во всех активных соцсетях одинаковыми!
evouglazerbot,bot,invest in hrzn stocks,,
tocaideas_bot,bot,toca boca,,предложка ваших идей канал: https://t.me/vzlomtoka_worldd
nicotulchans1848,channel,Боливарианский кабинет Николаса,931,"Студент, историк-латиноамериканист, левачок, почитатель Симона Боливара, а также разных умных марксистов  Это ТГ убежище канала NicoTulchans. Ютуб — https://www.youtube.com/@NicoTulchans"
kosmadar_kiras_2,channel,سازمان پاکسازی نوامیس نیکلاس آکیچیتالوتا,53,محفل ریدن شاشیدن و جقیدن به اموات نیکلاس(پارسا)عزیزی فر  این کانال صرفا برای افشای بیشتر و تحقیر نوامیس نیکلاس آکیچیتالوتا شروع به فعالیت کرده است با ما همراه باشید
nickolas_cos,channel,Nickolas_katastrofa кошка тревожка +1,107,Творческий тг канал Nickolas_katastrofa Высказываю мнение и приколы из жизни Тут есть Канра с теориями и мемами
niksccs,channel,Никс 🧸,168,
nixxddd,channel,Ниkс🎸,54,"Когда-нибудь этот день настанет сука, ну а пока..."
nikos_444,channel,NIKOS,36,будущая легенда🫰
the_nictos,channel,"THE NICTOS | Арты, превью итд...",22,Описание в процессе создания… Заказать здесь: https://t.me/TheNictos  Чатик: https://t.me/+N_7DUiOkOus4MzQ0
n1k_t1n,channel,никотин черкаш.,43,>> Автор арта на аватарке: @yummy_melon † ————————— † Щп: @n1k_t1n_sp Инфо @n1kot1ninfo Лс @Died_Ghosts  Нико/Ник/Никотин. ОН ЖЕ: Саня/Санчоус (ранее)/Саша/Шура/Александр [Он/Его].
niuso,channel,𝙉𝙞𝙪𝙨𝙤,55,MARŠA DOĠIYLA  MARŠONA ẌEŠIY
ktoto228666777,channel,Уголок Никс,105,"Какой-то косплеер мечтающий быть крутым:)  Косплеи, личная жизнь, дружелюбная атмосфера, всё это вы сможете увидеть тут ЧатеГ: https://t.me/kakoytochel228777 Мой тт: https://www.tiktok.com/@nyx_228666?_r=1&_t=ZP-94ic3dUYtAc"
nikss10k,channel,Берлога Никсса👻,60,Если нравится Бен 10 то эта берлога специально для тебя
killa51kos,channel,KILLARTKOS51,85,"Читатель, рисователь, обсуждатель🤓  Группа VK:  https://vk.com/killartkos"
n1klos,channel,N1KLOS😶‍🌫🤡,49,Pubg Mobile Config
niceehouse,channel,Nice House,48,‼️ Сотрудничество/реклама - @producer_produuction  Добавь папку про наших ребяток - https://t.me/addlist/nMUcs6NTQxUyYTIy
niksokqtyx,channel,niksokqtyx,23,
nika_35067,channel,[🚔✨]отдел полиции Мишель,25,"Здравия желаю сабы!  С вами мишель🌙  Тут будет много чего интересного: лоты, арты, игры, пикчи и всё что есть у других гачеров🌷   Юз влд: @milka_gacha456 Админы: @redizetefims"
niknotess,channel,نیک‌نوشت,2,
dr_neiik,channel,نیک کسکش ناموس,3,بیو قبلی خوب بود کی پاکید بسم رب موشزنبرگ  یا اموات الکشتی گیر  عزیزبوکسور مرده جودوکار  اموات تیزی کش میت گاگول  اکبر ولایتی با روزنامه زد تو گوش مادرت ننه بیناموس  ننه مامان تو چایی مادرت دارچینهسن شاه بانه  اموات براک لزنر  میت اندرتیکر اموات گاومیش
virago_reads,channel,Virago reads,918,یهو به خودم اومدم دیدم عه؟ کتاب خوندن چقدر خوبه. این شد که کتابخون شدم.  کجاها حضور دارم: • t.me/Howcanigointoneverland • t.me/weborbot
wanakaneadnan,channel,وانەدەنگیەکانی مامۆستا عەدنان سورچی,237,
konkoorhonarenglish,channel,کنکور ارشد و دکتری هنر- زبان انگلیسی,297,برای اطلاع از شرایط کلاس‌ها پیام دهید:  @Bita_Soroush    از تکنیک‌های خوندن متن و واژگان و گرامر تا مصاحبه دکتری و ...  در تمامی مقاطع کارشناسی، ارشد و دکتری تدریس انجام می‌شود.   🔗 Instagram: https://instagram.com/konkoorhonarenglish
englishwithstories2,channel,انـگلیسـی بـا داسـتـان🎯,208,اینجا با خوندن داستان، کم‌کم یاد می‌گیریم راحت‌تر به انگلیسی بنویسیم و حرف بزنیم. 🚪دوره‌ انگلیسی با داستان @nedasalamian
jangaliiu,channel,"""جنگلی🎒""",147,"""منتظرِ مهدی صاحب الزمان"" ""مگر چقدر زمان داریم که بخواهیم درنگ کنیم؟""  ""سعدی تمامِ حُسن تورا در غزل نگفت حالا رسیده نوبت ما تازه کار ها..."" برای خوندن شعر ها و متن های خودم #زاده_قلم ناشناس: https://t.me/HarfChatBot?start=71d2df1ce1e6"
svyatokazanskiy,group,Казанский храм,174,
kazanpunks,group,ЧАТ Kazan Punks Unite,106,
fazankazax,channel,🐟Фазанье логово 🐟,51,"я потеряла первый канал свой так чтоооо….Штош начнем заново,  рисунки ,мемы , какие то приколы из жизни , буду вкидывать свои сюжетки и прочее 🦐🦐🦐🦐🦐 Заходите если что 🍻 Группа ВК : https://vk.com/kazahtelecomgggg"
egovkzbotchat,group,KazLife,30,
kazanmetiz_bot,bot,Kazanmetiz,,
kazakhstanchatbot,bot,Kazakhstan Chat | Связь,,Kazakhstan Chat   Чат для общения: @KazakhstanChat  Канал: @NewKazakhstanNEWS Работа: @NewKazakhstanCHAT
ortantayasvyaz_bot,bot,Обратная связь,,
borzya_online,channel,Борзя Онлайн,914,"Самые интересные и важные новости, и события Борзи и Борзинского района"
wolfsschanze8818,channel,Wolfsschanze Wahrheit,73,Most trusted name in news ™️
zeleboba_tv,channel,ZelebobaAi TV,30,АI TELEVISION t.me/zeleboba_ai  YouTube channel: youtube.com/@zeleboba_ai Перше Ai TV в Україні
ozon_wb_ali_zakaz_bot,bot,Yes-Pvz.ru заказы,,"Привозим посылки в населённые пункты, где нет пунктов выдачи Ozon и Wildberries."
controller_qoraqalpoqbot,bot,Ziya Nuri admin,,
zoombyelayabot,bot,ZoomByElaya,,
mkzalzalya_bot,bot,MAKTABATU ZALZALYA BOT,,
webzingrayarea_bot,bot,"Веб-зин ""Серая зона""",,
morozkinoyauza_bot,bot,Каникулы Морозкино в Yauza place,,
rzdelivery_bot,bot,Rozetka Delivery,,
zapobeduvsvobot,bot,zapobeduvSVO,,
rishaafrin0,channel,Risha afrin,1,
zmaia_bot,bot,Zoom Analizier,,
razumboy_bot,bot,Razumboy_Bot,,"Квиз, где можно ОЧЕНЬ ВЕСЕЛО и НЕСТАНДАРТНО провести время.  Канал с анонсами игры: @VoyRazumboy"
glaz_mrazev_bot,bot,Глаз Бога 2.0,,Владелец @mrazev
trezvaya_zhizn_bot,bot,trezvaya_zhizn_bot,,
razumai_space_bot,bot,RazumAI - Синергия Разума,,"AI-союзники: бренд, контент, отношения, здоровье, самопознание... Принеси задачу — получи решение http://razumai.space"
verzillaru_bot,bot,verzilla.ru,,
warcrimezap_policebot,bot,Воєнні злочини рф у Запорізькій області,,Цей бот створено слідчими Запорізької області для зворотнього зв'язку з її мешканцями. Нам потрібна Ваша допомога.
maksimzubarev_bot,bot,MaksimZubarev_bot,,
klyazma_starbeevo_bot,bot,Реклама в мкр. «КЛЯЗЬМА-СТАРБЕЕВО»,,"Меня зовут Ольга, и я помогу тебе с размещением рекламы в чате нашего мкр. «КЛЯЗЬМА-СТАРБЕЕВО»"
muhafizerobot,bot,Za,,
trolluzfbot,bot,Troll.uz Admin,,
zoritabas_bot,bot,ZoriTab_bot,,
lollipopzoe_bot,bot,ZOEбись Предложка,,
zavodmaf_bot,bot,zavodmaf,,
zapravdu39_bot,bot,Za Правду 39,,ZaPravdu борется с провокаторами и мошенниками
htaw_b_bot,bot,ထောဘီ,,
rockabi_bot,bot,Rockabi,,
cybersaibot,bot,По вопросам рекламы,,
zakazpodarkanew_bot,bot,zakazpodarka,,
tozalovchi_bot,bot,TOZALOVCHI 🗑,,👥GURUHDA REKLAMA HAVOLALARINI VA KIRDI-CHIQDILARNI O'CHIRAMAN  🎥 video qoʼllanma - t.me/foydalibotlar/247
tozaizohbot,bot,Toza Izoh Bot,,🛡 Spam va 18+ kontentni avtomatik bloklaydi  Muhim: Bot Test rejimida  🛡 Защита канала от спама и 18+ контента
lpzjhibot,bot,V,,"Я Вета, на ты"
zoyaqq_bot,bot,ZOYAQQ_OFFICIAL,,ZOYAQQ 🎯 Bonus besar tiap hari 💰 | ⚡️ Transaksi cepat | 💬 CS 24 jam Ayo gabung & rasakan sensasinya sekarang! 🎉
morozovadpr_bot,bot,Morozova_bot,,
svoezp_bot,bot,SVOE.zp.ua,,Це безкоштовний соціальний проект для підтримки запорізького бізнесу
pink_seaaa,channel,𝘈𝘪𝘯𝘢’𝘴 𝘩𝘰𝘮𝘦<3,2711,
pinkvibe1,channel,🫶🏻Pink🎀✨❕,200,"Подписывайтесь, я очень хочу 1.000 подписчиков!)🤲🏻🤍✨"
pinkislandstore,channel,Pink Island 💕,8327,Канал магазина Pink Island 💘 👉Онлайн консультант: https://t.me/pinkislandconsultant
pink_glass,channel,МИР в розовых очках💗,35,
pinkcheeksisonline,channel,pink cheeks,8248,blessed with beauty and rage  реклама: @pinkcheekspr админка: @caravanadelamuerte
pink_pilates,channel,who’s that girl?,553,по всем вопросам: @Sofia_Ambartyman  @angelinkissssk  luxury | that girl
littmannpinky,channel,لیتمن سرخابی theories,1724,یک دانشجوی پزشکی اینم صرفا چون نمیدونم چی بنویسم  ناشناس :  https://t.me/harfmanbot?start=5317494670  https://t.me/fairyland_gallery 💖 شاپم  پست هایی که اولشون • دارن از جای دیگه کپی شدن
tribble_meow,channel,косипоша Триббл любит квас,2792,https://vk.com/pink_tribble
sahelibijlaniescort,group,Pink Muff Saheli Bijlani,2338,Moist Pink Muff Saheli Bijlani Escorts | Bangalore Hyd Delhi Call Girls All Metro City Provide & Celebrity Available Only Advance Booking @sahelibijlaniescorts
sewiki6,group,💥春光树洞 - 吹水群,962,被人举报封了 暂时关注备用频道：@seduoduo
pink_shee,channel,PINK_SHEESH,86,"Добро пожаловать на маленькое пастбище овечек 🐑 ✨ Здесь будет самый различный контент, от обзоров и кривых артиков до коротких жизненных постов. А теперь отвечайте, чай или кофе?   Лс - @Mintwet"
blissette,channel,"𖹭 wide shell-pink, blissette. x🩷",2122,"♡ blissette.blog ♡ “social in pink? fetch!” cherry tumblers, threads in barbiecore hues, stays in dearest tech: talk! ❥ @blissettebot ꨄ︎ with sweet—cherubs. 👚⋆ ׁ 𓈒                       (𝒱isitoursite.xoxo)     @theblissette & @blissetterobot. 💗"
pinknigaa,channel,𝖕𝖎𝖓𝖐 𝖓𝖎𝖌𝖌𝖆,1624,@ElIlELYA
pink_shop_vs,channel,Victoria’s Secret Pink shop💗,453,
pink_soap,channel,Розовое мыло,117,Попробуй мемы на вкус!
pink_dairy,channel,Pink♡Diary,70,Кукольное
pinkfloyd_archive,channel,Pink Floyd,625,Pink Floyd•archive
adamnodler,channel,Adam Nodler,163,Публичный Мыслитель.
nobelgiftss,channel,هدایای تبلیغاتی نوبلگیفت,62,یادآور لحظلات خوب شما  هدایای تبلیغاتی/ هدایای سازمانی/ هدایای نمایشگاهی  ☎️ +982191009310 | +982186126506 | +982186126036  💬 +989032882778  🌐www.nobelgift.com  🧶 تماس از طریق تلگرام  @NobelGiftSales
manarghassan2003,channel,مَنار غَسّان,206,فلسطين أُمي، وروحي لو تعلمون
majera_motahareh,channel,ماجَراهایِ‌مطهره .🎀,167,
mahyarmahyara,channel,𝖭𝖠𝖱𝖮 </３,127,قرار‌نبود‌بری‌به‌این‌زودی.
sut_reading,channel,همخوانی شریف📖✨,576,«یه روزی یه کتابی میاد که مسیر زندگیت رو تغییر میده!✨📖»    اینجا پناهگاهی برای جان‌هاییست که در هیاهوی روزگار، به دنبال سکوتی برای خویشتن‌اند.  به امید گسترش فرهنگ کتابخوانی و کتاب دوستی..🌱    گپ: @sutreading_gap
milanusikkkk,channel,~милануся🤍,534,"Всем привет🫶🏻 Та самая little girl которая читает книги, фотографирует и просто кайфует от жизни🤍  сотрудничество/вопросы : @milanusikkkkkkk"
madammitrofanova,channel,Мадам Митрофанова,116,"Алина Митрофанова – поэт, писатель, прожигатель жизни.   Творит, смотрит в окно маршрутки, времнами противится ЗОЖ."
mathlingbooks,channel,Ульяна читает и рефлексирует,116,"Учусь, читаю и вам советую  inst: _u.la.la_ связь: @ulyana_pd"
study_with_my_little_moon,channel,My little moon,132,Твой следующий шаг может изменить всё. Мы верим в силу твоего роста и поддержим тебя на пути к невероятному. Время затмить свои сомнения и расширить границы возможного.  My Little Moon!  Админ канала: https://t.me/hold_on_and_win
yolo_sos,channel,_YOLO_,72,You Only Live Once🤪 (SOS_мыслом)
marlyafreak,channel,Это Марля✨¹⁷²,30,"Я художник подпишись на канал🥺,, ну типо картинки делаю красивые"
oo_aze,channel,O_o,10,Busy chasing dreams💫
cinnamonhero,channel,we read now,1,"""but poetry, beauty, romance, love, these are what we stay alive for"""
didarnewsir,channel,تلویزیون دیدارنیوز,4595,کانال رسمی تلویزیون دیدارنیوز   سایت: www.DIDARnews.ir  اینستاگرام: instagram.com/DIDAR.news  توییتر: Twitter.com/DIDARnews1  یوتیوب: youtube.com/@didarnews  واتس‌اپ: https://chat.whatsapp.com/KLUbNIy6B2wJathSPHqWN5  ارتباط با ما: @Didar_admin
hyousefdehi,channel,هومن يوسفدهي,235,
anjomane_didar,channel,Didar | دیدار,270,[ دیدار ] . «دورهمی» از جنسِ خودتان!  اینستاگرام: @Anjomane_Didar  رزرو و هماهنگی: @BenyaminBasirian  نقد و پیشنهادات: @Hnkhani
dunin_adv,channel,#звонитеДунину,121,"⚖️ ТГ-канал адвоката Дунина. Гражданские, административные, уголовные дела. Консультации по выплатам СВО и спорам с госорганами. 📲 Связь: @advokat_dunin | WhatsApp: wa.me/79613355789 | ☎️ +7 (961) 335-57-89"
sinayousefilaw,channel,کمیته دفاع بی‌دفاع | سینا یوسفی,203,ما می‌دانستیم چه چیزی در انتظارمان است ولی نمی توانستیم سکوت کنیم …
ustina_vrn,channel,"""ЮСТИНА"" юридическое агентство",64,"Добро пожаловать на наш юридический канал! Этот канал создан для того, чтобы помочь вам разобраться в сложном мире права и юридических вопросов. Мы будем обсуждать актуальные темы, делиться полезными советами и разбирать реальные кейсы."
eakasan1,channel,روابط عمومی اتحادیه عکاسان جمعی از اعضا هیئت ( اعضا هیئت مدیره اتحادیه عکاسان تهران ),11,کانال روابط عمومی برخی اعضای هیئت مدیره اتحادیه عکاسان و فیلمبرداران تهران ( نائب رئیس اول،دوم و عضو هیئت مدیره )
deadpoetsmusic,channel,شاعران مرده,53,
azadatabar,channel,چشمهایش...,94,
csukasistvan,channel,Csukás István versek,4,Verses projektjeink: @BalassiBalint @PetofiSandorVersek @WeoresSandor @JuhaszGyula @KolcseyFerenc @BalassiBalint @BaudelaireMagyarul @PuskinMagyarul @ShakespeareMagyarul
tjayjeweler,channel,Tjay Jeweler ⚔️,569,Instagram : Tjayjeweler برای سفارش @ughyou
mikhailmilyutin,channel,Михаил Милютин Jewelry,356,Галерея драгоценных изделий и драгоценных камней. Написать мне здесь @mikhailmilutin
miokibakery,channel,Mioki bakery,300,🍫میوکی بیکری🍪 📍ارسال به تمام نقاط تهران و لواسون  ✨️برای ثبت سفارش به آیدی زیر پیام بدین🩵 @Miokibakeryy  ✨️پیج اینستاگرام: https://www.instagram.com/miokibakery?igsh=MWhvM2hua2V4Z3RtcA==  ✨️کانال بله: ble.ir/join/DkWNQBbRQ5
mehiracc,channel,Mehir Store|🖤,378,order. @somemehir Trust. @mehirtrust bot. @mehirshopbot
miyuki_coffee,channel,М И Ю К И,393,кофейня
hildegardaaa,channel,Hildegarda🌙,205,Більше не жигліпуф
moonminsshop,channel,лавка мумитроля,146,своими руками украшаю ваши будни !  анонка : @nanamiottoooo_bot написать мне за личным заказом : @moonminf  ОТЗЫВЫ : https://t.me/gnjhkljkl
maiolicaekb,channel,Студия «Майолика»,51,"Подарки к любому дню, на любой вкус и бюджет. От эксклюзивной ручной работы до милых безделушек.  От Ярославской майолики до роскошного Златоуста.  Порадовать себя и близких с нами просто. Студия подарков «Майолика»."
eclipsiparadi,channel,EclipsiParadi,114,"Приветствую, меня зовут Эклипс! Я рисую по разным фд и радуюсь этому :] Надеюсь тебе здесь понравится!"
mitgrez,channel,Мир грез |Рест. В ЧИСТКАХ НЕ УЧАСТВУЮ|,32,Всем привет! С вами Кемаа и я создаю свою Вселенную
milki_its_mee,channel,Логово милкшейка,59,"Здравствуйте, я неизвестный пользователь рисующий для души"
wildartchild,channel,WILDART Manufaktur WILDART.CHILD,12,"In diesem Kanal findest du verfügbare Handarbeiten von mir , sichtbares ist auch zu erstehen! Bestellung über pn an @Jenna_Love"
poronayskiivestnik,channel,Поронайский вестник,3413,"Новости, события, люди Поронайского района"
myghorodnewshub,channel,Миргород | News Hub,1882,"⚡️Офіційний канал телерадіостудії ""Миргород""   Тут актуальні новини, телевізійні та радіосюжети, сповіщення про тривоги  Facebook: https://www.facebook.com/mirgorod.tv/ Youtube:  https://www.youtube.com/mirgorodTV"
lanapiratova,channel,Лана Пиратова !! На грани и без запретов,1463,Творчество Ланы Пиратовой.                  Читать мои книги здесь: https://links.litnet.com/go/gemc5v0x
bogoroditskievesti,channel,Газета «Богородицкие вести»,822,Хотите быть в курсе происходящего в Богородицком районе. Подпишитесь на газету «Богородицкие вести» и не упустите ни одной важной новости!  По вопросам рекламы @OSR71_bot
telegraf2003,channel,ТелеграфЪ,300,"Мы знаем, чем удивить!  ""ТелеграфЪ"" - интернет-газета для тех, кто хочет всегда быть в курсе событий!  Наш сайт prov-telegraf.ru"
polyabroadcasts,channel,полина вещает,133,инфоблядь
er_zaraysk,channel,Единая Россия Зарайск,169,Зарайское отделение Всероссийской политической партии «Единая Россия»
gosavtoinspekciyapolevskoy,channel,Госавтоинспекция г. Полевской,91,группа для размещения информации для жителей и гостей города Полевской по линии сотрудников Госавтоинспекции
telegasaratova,channel,Caратовщина - Саратов и Саратовская область.,37,Саратовщина - это сообщество людей из Саратова и всей Саратовской области.
polestoreberlin,channel,Pole,13,Berlin-based fashion collective
p2000dordt,channel,P2000Dordrecht,2,P2000 meldingen van hulpdiensten in Dordrecht (078).
poltavate_info_bot,bot,PoltavaTE_Info,,
onlfnz,channel,Sweetie Fox | Lana Rhoades | Dainty Wilder | Mia Khalifa | Angela White | Riley Reid | Abella Danger,34338,https://t.me/+xcbY5AN9wCBhOGRk
mictiasroom,channel,𝙈𝙞𝙘𝙩𝙞𝙖'𝙨 𝙍𝙤𝙤𝙢,639,
rraango,channel,رَنگو,167,اونارو میبینی آقای رنگو..🤌🏻❤️‍🩹
nnhlpk,channel,lina’s diary,110,
hastimodish,channel,دستبافتهای مرلا 👩‍❤️‍👩,102,اینجا کلی دستباف میبینی و میتونی سفارش بدی  @MMMFAZLALII @leila_Efati
moviesworldi,channel,MOVIES WORLD | മൂവീസ് വേൾഡ് ™ 🦋,62,
bolbeez,channel,Матвей Жеребцов,103,
x880c,channel,صدقني ملبوس,44,بقولّك ملبوسسسس
mirkalin,channel,Миркалинка😝😚,20,
harekataznopodcast,channel,❗️ پادکست حرکت از نو ❗️,19,🈴 کانال رسمی پادکست حرکت از نو  یک رسانه تصویری که با چشم های بسته آن را میبینی   وبسایت ویدا : www.vidaedu.ir  بلاگ : www.harekataznopodcast.blog.ir  بلاگفا : www.harekataznopodcast.blogfa.com  لینک حمایت از فصل اول : www.hamibash.com/harekatazno
haifaa8iii,channel,حَيْفَا 𓂆.,4124,نَحـنُ مِنَ البِلَادِ وَالبِلَادُ مِنَّـا 🇵🇸.
hama_news_agency,channel,Hama_News_‌خبرگزاری‌حاما,122,خبر دقیق، متوازن و بی طرف را از خبرگزاری حاما دنبال کنید
gazawyyyy,channel,مِٰـِۢعِٰـِۢڪِٰـِۢمِٰـِۢ تِٰـِۢحِٰـِۢلِٰـِۢى آلِٰـِۢحِٰـِۢيِٰـِۢآۿۿہ♥️,203,طُوولُِ مآآحٍلُِآمڪ فُىْ طُووعٍڪ ڪملُِ  ووآمشُىْ لُِقٌدِآم مشُ نهـآية آلُِڪوون ووقٌووعٍڪ آلُِنهـآية فُي آلُِآستسلُِآم  ☬ نَِہوِٰرَوِٰآ حہٰٰيِٰہآتَہَٰىْ قྀ̲ہٰٰبّہلـٰ̲ـہ قྀ̲ہٰٰنَِہآتَى    انضم قناة قصص  @gazawyaaa  https://t.me/hdhvalpbw انضم قناه دينيه
gaz_chat,group,GAZ чат,149,
ebashme,channel,E.BASH,90,"Електронный Баш 18+  E.BASH – Больше, чем развлечение...  Задать вопрос или прислать мемасик @ebash_supportbot"
ashookkkh,channel,Cheesashie :3,30,ПРИВЕТС ДОБРО ПОЖАЛОВАТ В КАНАЛ!!!
yournash,channel,Твой Нэш 💜,40,"Дом в котором тебя примут, поддержат и задолбают любимой музыкой  Больше фото с концертов в группе в вк vk.com/enrynashph"
ascheprah,channel,𝐊𝐫𝐞𝐦𝐚𝐭𝐨𝐫𝐢𝐮𝐦,15,Рисуем. Use: @marfuur
zbezdnaainblli,channel,𐙚𝑀оноᴧиᴛ 𝒜 ᴦᴇнᴛᴀ Λⲟⲏɥυˎˊ˗,88,"Приветствую вас на моем канале. Я Лонча. тут будут рисунки, обры и видео, хотя не точно Анон @agentLonchaWbot #СлаваПустоте"
wigsiks,channel,Laying wig,96,Вигмейкер из Санкт-Петербурга  @Aku_o0 - ЛС для консультации/ сделать заказ   http://t.me/anonaskbot?start=z4mtuzw5nf2ur - анон для вопросов   tiktok.com/@wwigggss- тик ток по парикам  Отзывы на парики - https://t.me/+HqJifcmziAw2MDI6
linacapupi,channel,логово лин,47,
life_lololoshka_png,channel,life lolopng,29,
agent_loss,channel,"oh , woah .. agent Loss?",25,
phil_engmle,channel,𝑷𝒉𝒊𝒍 𝑬𝒏𝒈𝒍𝒆•||•рест,24,
esteghlalfchd,channel,Sticker Taji 💙,9,🆒 #استیکروگیف  💙 #استقلالی 🔥 #لنگی‌سوزی  💙💙⭐👑⭐💙💙  چنل اصلی @Stickerito
maktabalzahra39,channel,🔹مجتمع فرهنگی مکتب الزهرا(سلام الله علیها),1402,مجتمع فرهنگی مکتب الزهرا.سلام علیه مشهد مقدس   ◼️فرامرز عباسی ۳۹                                                                                           تلفن راهنما کانال  ۰۹۱۵۳۰۰۶۷۲۸
serbskoepodvorie,channel,Подворье Сербской Православной Церкви в Москве🇷🇺🇷🇸,700,"ПАТРИАРШЕЕ ПОДВОРЬЕ ХРАМА СВЯТЫХ АПОСТОЛОВ ПЕТРА И ПАВЛА У ЯУЗСКИХ ВОРОТ Официальный сайт храма: http://serbskoe-podvorie.ru Вконтакте:  https://vk.com/serbskoe_podvorie Адрес: 109028, Москва, Петропавловский пер., 4-6 Телефон: +7 (926) 622-34-65"
tondemoskilldeisekais2,channel,GAIKOTSU KISHI-SAMA S2 SUB INDO,23930,
samuraies,channel,SAMURAI,4437,"Smart Money Concept 👁‍🗨  ▪️Анализ рынка ,обучение и мои сделки  ▪️Фокус на NAS100 и S&P500  Обучение и связь  - @samuraimsg  Сайт https://samurai-trade.com  Новостной канал - https://t.me/+kqhpcoesWxcyN2U0"
samovari2,channel,самарские самовары 2.0,107,туда туда туда t.me/samovari2chat это я t.me/ffirtyk предложка t.me/Samara_Sam_bot гаврики t.me/addlist/DCGlfciKB0FjNjQy
imintoryu,channel,𝐎2 * Vꪖmρ 🤍 𝕽ꪗυ,387,౨ৎ   «   𝕾cꪖɾꪶꫀե   » t.me/vampryubot  /  t.me/scarrltbot
tattoo_4ydesataya,channel,4ydesataya_tattoo,79,"Татуировка в Москве. Неояпония, неотрад 🎨"
esliea,channel,Demitraes,82,01.12.25 channel by Demitra goal 100
soloveeoi,channel,⟢ᴠᴇᴇ(solo)マン,36,
sandatsusha,channel,最悪魔🦦,40,🥩🥩🥩 that fucking bird that i hate  What else could I say? Everyone was gay  Я-- @guttarisama
forumoka,channel,Sakai Moka,63,adelya loves moka-chan >.< 10월 4일 mochandesubot.t.me
the_way_of_samurai,channel,Путь одинокого самурая.,12,
meowiroha,channel,meow iroha,33,Owner - латтиса @reallyrohaabot
samouraikeonne,channel,Pardon Samourai Keonne,16,$KEONNE is sentenced to prison for making a privacy wallet and did nothing wrong. We must spread #PardonSamourai 5d7qJ2MvPZGZ3wuEy1daqYSp1RF5MuH9y8J6KjZgPhbn
floweringkonohalife,channel,𝗙𝗟𝗞. 𝗟𝗶𝗳𝗲 𝗰𝗵𝗮𝗻𝗻𝗲𝗹,46,Инфо- @FLK_Info_channel
samuraijapan_education,group,SAMURAI JAPAN EDUCATION,10,Ming bor eshitgandan bir bor kelib korgan ming marta afzalroq...
cawypai,channel,ᴄᴀʍуᴩᴀй,8,"Путь самурая — это смерть. Когда приходит выбор — жизнь или смерть, самурай выбирает смерть без колебаний.                                    —Кодекс Буси-до—"
samurai_japan_education,group,SAMURAIJAPAN EDUCATION,4,
aurumvitafortuna,channel,AurumVitaFortuna,1,ИИ [AI]
sotmadehea,channel,✉️,3,сотрудничество с  @madehea
metruewonhee,channel,ᅠᅠ ᅠᅠ,3,021 - Me
aisamurai_bot,bot,AI samurai,,
xdsonii,channel,нора соника🎰,101,соник из соджу лс: @xdliam
forsinksadie,channel,Sadie Sink,184,Dayann's Gallery @letterforD_bot
aboutsadies,channel,about sadie's ⋆ ֶָ֢ ּ ᭡,120,
so_pinwin_cos,channel,союз поклонения прекрасным дамам,62,"❛❛ коты, косплеи и все остальное, мяумяу! ^^"
sassylessy,channel,Sassy Lessy,88,Попа😋 My fam: @nobodyaskedcdt Моя любовь: @hsetantsuet Анонимные сообщения: https://t.me/Sassylessy_bot
lagharitzmini,channel,لاغری تضمینی,102,💊 قرص لاغری اورجینال با ضمانت ✨ چربی‌سوزی واقعی، بدون سختی 🚚 ارسال رایگان سراسر کشور از تهران 📜 ۸ سال سابقه فروش و مشاوره | رضایت ۹۸٪   ---  @zt1398
asoli_duo,channel,ᯏ ꪋS̷٥ʟI 💋.𖥔 ۪,20,[new duo] 💋💋
yaxiart,channel,Yaxi's Blades,66,"TikTok: notyaxi Лс: @megabladez Pinterest: maniakizz Я такой суссиии, ммм все люди смотрят на меня и думают: он такой суссии, капеец, он что, импостер? Хаха, да 😈"
sylvanessie_essacm,channel,𓏲ּ🍀‧𝓝𝓮𝓼𝓼𝓲𝓮’𝓼 𝓺𝓾𝓲𝓮𝓽 𝓬𝓸𝓻𝓷𝓮𝓻 .⋆🐾༘ ᵉˢˢᵃ ᶜᵐ,15,"приветаа!! меня зовут машо/сильванесси (предпочитаю просто несси), и я начинающий эсса-блогер 🦮 основа – Пушок личка – @sylvanessie (писать по делу!!) пока что только в тг ^_^"
kisesooz_64,channel,کیسه سوزی 🚩,15,
subaru_royz,channel,𝙎𝙪𝙗𝙖𝙧𝙪 • 𝙍𝙤𝙮𝙯,5,
odeandfrens,channel,Ode and Frens,1980,
rinoadiary,group,Rinoa's Diary,647,Gruppo Telegram del Rinoa's Diary www.rinoadiary.it
palomachain,group,Paloma Chain (Official),793,Paloma is for the birds. Come join the flock!  Official website: https://www.palomachain.com/  Paloma Official Documentation: https://docs.palomachain.com/  Paloma GitHub: https://github.com/palomachain  Paloma Official Twitter: https://x.com/paloma_chain
appravenofficial,group,AppRaven Chat,1205,"A public group for AppRaven users. Mute it to prevent spam! This is not a bug reporting group, please report bugs by mail or in private chat."
aviannetwork,group,Avian Network,709,💠Website: http://AVN.Network 📢Announcements : @AvianNetworkAnnouncements  Communities   🇷🇺Russian Community : @AvianNetworkRussian 🇪🇦Spanish Community: @AvianNetworkSpanish 🇨🇳Chinese Community : @AvianNetworkChina
aviannetworkrussian,group,AvianNetwork =Russian=,245,💠Website: http://AVN.Network 📢Announcements : @AvianNetworkAnnouncements  Communities   🇷🇺Russian Community : @AvianNetworkRussian 🇪🇦Spanish Community: @AvianNetworkSpanish 🇨🇳Chinese Community : @AvianNetworkChina
aviannetworkspanish,group,Avian Network =Spanish=,96,💠Website: http://AVN.Network 📢Announcements : @AvianNetworkAnnouncements  Communities   🇷🇺Russian Community : @AvianNetworkRussian 🇪🇦Spanish Community: @AvianNetworkSpanish 🇨🇳Chinese Community : @AvianNetworkChina
armenoshnaya,channel,арменошная (вестник),102,
sadquote_s,channel,Sad Quotes,184,"“Where words meet hearts ❤️ Quotes, love & beyond.”  Welcome to ""Sad Quotes"" – a space where love finds words.  Visit Our website https://greetquote.in/  Join chat here https://t.me/sadquoteschat"
aprch,channel,approach,212,По всем вопросам: @qeffa  ©️Все фото и видео файлы в этом канале являются собственностью его владельца.
aviancentral,channel,Avian Central,266,The central hub for all sorts of avian lewds and cutes!
aesthanq,channel,𝐚𝐞𝐬𝐭𝐡𝐚𝐧𝐪,90,❤️‍🩹
group_chat_student,group,MBBS discussion Group,52,
amirjuniorlife,channel,𝓶𝔂,80,@he3awmo
whereamgphoto,channel,whereamg,251,"Фотограф, дизайнер,  По поводу сотрудничества пишите @whereamg"
amberphantombutterfly,group,APB - Official token,141,
yarny_arts,channel,| 🦊 𝚃𝙷𝙴 𝚈𝙰𝚁𝙽 𝙿𝙰𝙻𝙴𝚃𝚃𝙴 🦊 |,72,"!!ЧИТАЙТЕ ЗАКРЕПЫ!! всем привет, я Пряжа! 🧶 можно просто Сильвер :) добро пожаловать в мир моих почеркушек, стараюсь над контентом каждый день, рада реакциям и комментариям 🌺."
sailfish_es,group,Sailfish ES,105,$pkcon refresh
avessolana,group,$AVES,79,
flottastellare,group,ACFS - Alto Comando Flotta Stellare,21,Alto Comando Flotta Stellare
aviannetworkchina,group,AvianNetwork China,15,💠Website: http://AVN.Network 📢Announcements : @AvianNetworkAnnouncements  Communities   🇷🇺Russian Community : @AvianNetworkRussian 🇪🇦Spanish Community: @AvianNetworkSpanish Chinese Community : @AvianNetworkChina
covidvtruthchat,group,CovidVax Injuries & Truth Revealed Chat,41,Group - CovidVax Injuries & Truth Revealed Chat
angel1linachka,group,Angellina,14,
tartar_dylana2025,group,🎨Исскуство Спрайта🎧 обсуждение,17,"правил особо нету, но пожалуйста, не спамьте стикерами, не отправляйте шок контент. А так можете спокойно общаться"
pennadicorvo,group,Penna di Corvo - Public,17,www.pennadicorvo.it
ayaneanswers,channel,𝓐𝘯𝘴𝘸𝘦𝘳𝘴,2,‧₊ ᵎᵎ 🪽 @LostCoookie چنل اصلی ‧₊
oboyichat,group,ᴡᴀʟʟᴘᴀʀ💭,8,•Без спама•  •Реклама запрещена•  •Уважать друг друга•  •контент 18+ строго запрещен•        @kimtaevv❣️
alias509,group,Аккаунт переехал,4,
lpmleogroup,group,LPM LEO GROUP,6,"LEO GROUP Melayani : 1. Wedding Party  2. Engagement Party  3. Birthday Party  4. Guest Star, MC, Penghulu/Pendeta  ≻────────── ⋆✩⋆ ──────────≺ ORDER? @LEOGRPBOT ANYTHING? @KANTORLEOBOT PARTNERSHIP? @LEOPARTNER   -ALL TEAM LEO GROUP"
mpx3d,group,سكرمات دمعة,,
angrybirdsbsc,group,Angry Birds BSC,5,Angry Birds BSC flying to the moon and beyond.
aynasizlarfederasyonu,channel,Aynasızlar 👑,2,Aynasızlar Federasyonu ⚡
deilnn,channel,ㅤ,1,
itsrevengeos,group,RevengeOS | Discussion (Discontinued),1213,"This place used to contain links to all our resources but since this project is no longer maintained, we have removed the links in order to not redirect users to other places."
vredux_main,channel,VRedux: updates&news,903,Official site: vredux.com Chat: @vredux_chat Support: @VRedux_Support
vingemma,channel,вингемма ‎❄‧₊˚,475,"°.✧ Здесь ведьма рисует Обиталище мягких ушей и теплых лап  16+ Всё нарисованное является моей одной большой галлюцинацией, автор ничего не пропагандирует  ПРАВИЛА и ИНФО https://t.me/vingemma/96 КММ — закрыты"
vichhhdjkd,channel,vichu,1141,лс @trnsgsonic щп https://t.me/transgendrrsonic32 анонка http://t.me/anonaskbot?start=1odmh  Hipolink.net https://share.google/rB63OV2BRMP6BMIMJ
vinaigrettedance,group,Винегрет,292,Межклубное диско парных танцев
v168e,channel,ข่าวสาร VENUS168,564,🌐 เว็บไซต์ทางการ:  https://venus-168.net/login  💌 ติดต่อแอดมินได้ทันที! ✨ https://line.me/ti/p/@168ve
youves_com,group,youves,239,
vvv_lichess,group,Lichess · Gaming-goods.com,350,
mostaraah,channel,مستراح ناموس عباس نجفی,193,محل کسمادر عباس نجفی کنگاوری آس و پاس فرزند حسین
vinhadgehog,channel,Drawings of a fox! [REST!!],98,"A new era of ""hedgehogs in the bushes"""
vignateus,channel,(DD:DNE) VIGNATEUS. 🖤🩸,13,"For officially licensed artworks, bleed as we are. (To. Supranatural Creature). | Not SFS system."
vining9,channel,bored,36,yukaromi legend @yukkanonbot Ashqua/Ашка/Ашкудишка мт выставляю по настроению
vitesofficial,group,NO LONGER IN USE - JOIN @VitesRebrand,11,Group not in use
vnish_help_desk,group,Vnish Help Desk,82,
vikissevenseas,channel,🖇️ seven seas of vi 🏳️‍🌈🏳️‍⚧️,62,"вікі, вона/її скетчі, віп-и, фандомні вброси та щось схоже на повноцінки  > анімешки (jjk phase is never-ending), love and deepspace 🙂‍↕️🫶🏻 > життє поза артами: t.me/vikisthinking > стровпейдж: https://ssofvi.straw.page  enjoy your stay 💓"
vikinges,group,"Чат о жизни. Делимся опытом, заводим. About emigration and life.",19,"https://www.youtube.com/vikingvideo  https://streamlabs.com/vikingvideo   Lietuva, Vilnius"
veirisindo,group,Veiris Indonesia,26,
kood_venus,channel,کانال کدونوس,40,لطفاکدرهگیری کارهاراازاینجابردارین
boryspil_insider,channel,Бориспіль ⚡️ Новини,10472,Важливі новини Борисполя та України. Коротко та інформативно про головне. Про найголовніше — із поясненнями.  📩 За рекламою звертатись до @top_reklama777  Найбільша сітка каналів у телеграмі на 5🍋 підписників. Зробимо найкращу рекламу вашому продукту
vajcenter,channel,مرکز زبانهای خارجه واج,261,آموزشگاه زبان های خارجه واج   ✅واحد سنندج، خیابان شالمان  واحد اصفهان، میمه واحد کرج، کیانمهر   ♦  ۰۹۰  ۲۰۰  ۱۸ ۳۱۴ ♦  ۰۹۳ ۸۴۴ ۱۸ ۳۱۴ ♦️  ۰۸۷  ۳۳۶ ۱۸ ۳۱۴ ♦️ Instagram.com/vajcentersanandaj ♦️ t.me/vajcenter ♦️ www.vajcenter.ir
amwag_20,channel,أمــواج,81,Waves inside of me! ²  رابط صارحني للاسئلة إن وجد: http://t.me/SY8Bot?start=Ghi0heSbhh
ma_rap9,channel,لِـ أُمِّ آوّاب 🤍!,34,ربـي اغفرلى ولوالدىّ🦋.
thikr879,channel,ذِكرٌ نَافِع.,229,﴿فَذَكِّر إِنَّ نَفَعَتِ الذِّكرَى﴾ قناة لنشر الأذكار وبعض الأمور النافعة إن شاء الله
ahla_althker,channel,""" أَهْلَ الذِّكْرِ ""🩵🌸",141,( فَٱثْبُتُواْ وَٱذْكُرُواْ ٱللَّهَ كَثِيرًا )
seday_e_sokhan_e_eshgh,channel,استاد شهرام ناظری,20311,کانال استاد شهرام ناظری.   اینستاگرم: instagram.com/shahramnazerii فیسبوک: http://www.facebook.com/sedayesokhaneshgh
porokhakhe,channel,Театр АХЕ,457,
gorodshigry,channel,Город Щигры,864,Администрация города Щигры Курской области.
dshepkasp05,channel,Детская школа эстрадной песни,237,"🎵Школа эстрадной песни приглашает в свой дружный коллектив детей в возрасте 5-18 лет, кто любит и хочет научиться петь, танцевать и играть на гитаре🎵 ОБУЧЕНИЕ БЕСПЛАТНО"
avisa0311,channel,𝗧𝗿𝗮𝗽 𝗹𝗶𝗳𝗲,650,Kir to eshgh.💔
veiskinveauty,channel,vei (beauty) 💕,13324,Бренд by Adel Veigel 🖤  Купить: https://taplink.cc/veibeauty
chat_ybacu,channel,Канал у Васи,7506,Ссылка на бот  https://t.me/YBACI_BOT  Чат https://t.me/chat_yBaci  Ссылка на канал https://t.me/chat_YBACU  Отзывы - https://t.me/YBACU_BOT_OT3  GB
vegansurvive,channel,нищее веган выживание,507,Телеграм-канал группы нищее веган выживание. Простые и дешевые веган рецепты и голосовалки! https://www.patreon.com/vegansurvive https://www.youtube.com/vegansurvive https://www.instagram.com/vegansurvive https://www.facebook.com/vegansurvive
vepslainesamogonan,channel,VEPSLÄNE SAMOGONAN,649,
basorexia_moon,channel,"-𝐁𝐨𝐫𝐧 𝐭𝐨 𝐃𝐢𝐞 """,408,«آشناپِنداری.» -که جز مَلال؛ نصیبی نمی‌برید از مَن. https://t.me/HidenChat_Bot?start=8201447896
nali4iebrandeddreads,channel,КОМПЛЕКТЫ В НАЛИЧИИ Branded Dreads,209,Вплести можно в студии в Санкт-Петербурге. Отправим в любой город СДЭК или Яндекс Доставка 📦  🐸 Основной канал @brandeddreads 🐱 Для обратной связи @branded_dreads
pizzadaro,channel,Латентная пицца,59,Самая вкусная пицца на районе
beberpingvi,channel,Boberpingvi,192,
dollssanctuary,channel,Кабинет курьезных вещиц Фиолетового Паука,21,Связь: @violetspider
barberoptt,channel,РЕНДЕР/RENDER,47,"Мы - мастерская, которая кует стиль. 📍Ленина 105 | Закруткина 2/2  📞 +7(900)123-61-61 Ждём вашей записи!"
strizhka_express_krd23,channel,Парикмахерская «Стрижка Экспресс»,18,"📍2-Целиноградская, 13, отдельный цоколь напротив пекарни ☎️ 8-900-001-6043 ✂️ Мужские/женские/детские стрижки 🎁 6-я стрижка в подарок ✅ Окрашивания ✅ Укладка ✅ Химическая завивка волос"
avarskiye2025,group,Аварские и Русские песни 2026 г .,1126,Обращаться по поводу рекламы +79634095068 @Д.Б.Д.https:///avarskiye2025
nomdorstipendiya2025,group,Nomdor Stipendiant bo'lish sirlari,455,
lisavi_2025,channel,🧡🏵️FoxFanAct🦊🧡,105,"Хей привет ! Я лиса или рыжая я веду фд лены! Я фан эллички и эричка. Будет тут 18+ контент, фоны, видео, общение , квесты  Союзы я примаю если вы будете активными !)) Хочу добить 150 подписчиков !  Я очень стараюсь и для меня канал очень много значит"
internerazzurri,channel,FC INTER | ФК Интер,1066,📝Обратная связь  @boltlivi  Прайс-  https://t.me/clubfootballchik
inter90min,channel,90min | Inter,415,Tutte le ultime news sul mondo nerazzurro in tempo reale
interista100,channel,100% Interista,499,"Если ты 100% Интериста, то ты должен быть здесь!  Channels about Inter: @fcInter1 @fcInterUA  Слава Украине 🇺🇦"
fcinter1,channel,FC Internazionale | FС Inter | ФК Интер v2.0,760,"«Этот Telegram-канал содержит материалы, НАЗНАЧЕННЫЕ ИСКЛЮЧИТЕЛЬНО для лиц, СТАРШИХ 21 ГОД»  Слава Украине 🇺🇦 Канал без кацапов! Создатель @Drew1908 Inter Memes @Interista100 Inter Girls @FcInterGirls Основний канал українською @fcInterUA"
ca_inter_group,group,CA INTER,613,Main Channel Join ➡️ t.me/chartered_accountants  For CA FOUNDATION STUDENTS Join ➡️ t.me/ca_entrance  For CA FINAL STUDENTS Join ➡️ t.me/ca_final_group  Join our main group @cacscmaplayers  Admin Contact ➡️ @ca_student_bot
mickifans,channel,Генрих Мхитарян (Micki Fan’s) | Интер | Inter | Mkhitaryan,734,Henrikh Mkhitaryan ( Inter ) GB
inter_spb_divine,channel,🇷🇺 ФК «Интер» Санкт-Петербург,102,"Интернешнл из Санкт-Петербурга - клуб, который в ИФТЛ. Владелец клуба - @divine_lbd_yt  ТВ-канал - @inter_spb_tv Реклама в канале - @divine_advert"
inter1908forza,channel,INTER FORZA,85,Это лучший канал о любимом клубе!!!!!
fcinternerazzurri,channel,ФК «Интер» | Nerazzurri,357,"🔥 Всё о «Интере» у нас! Новости, аналитика, трансляции, инсайды, горячие обсуждения и конкурсы на звёздыТГ! 🖤💙   Прайс -   📲 По всем вопросам: @pestskat,  @inter_di"
nationalteamsirff,channel,INTA — Сборные IRFF,55,
cyberinsider,channel,CYBER INSIDER x CYBER BET,205,🔹Website: https://cyber.bet 🔹Facebook: https://www.facebook.com/cybertipsterworld 🔹Twitter: https://twitter.com/CyberBet_ 🔹Instagram: https://www.instagram.com/cybertipster
prointermiami,channel,Pro Интер Майами | Don Armen,165,"⚽️ Люблю футбол, историю, кино и людей ☀️ Работаю в «Интер Майами», исследую спорт в США  По вопросам сотрудничества: @don_armen_7"
interarmenia,group,Inter Armenia 🇦🇲,93,🐍 Ինտերի երկրպագուների ֆան ակումբ   ⚽ Գլխավոր ալիք @interarm  📝 Հարցերի համար @Interarmenia_bot 💙🖤
inter_spb_tv,channel,INTER TV,8,Трансляции матчей основной и второй команды Интера из Санкт-Петербурга.
futboltv_sporttv_uzsport_tv4,channel,futboltv_sporttv_uzsport_tv4,16,
intersteel_fontani,channel,InterSteel,10,
ilyagrishin23,channel,Grishin,7,Канал карьеры - Ильи Гришина  Действующий 23 - й летний футболист Львов.
intel_x_official,channel,INTEL X,8,Waking Up The Sleepers By Spreading The Truth!
moviestarsofficial1,channel,World Movies,12611,
fiilmtime_tabligh,channel,تبلیغات فیلم تایم,469,برای هماهنگی و سفارش تبلیغ به اکانت @fiilmtime_admin پیام دهید
fiilmtime_animation,channel,انیمیشن ها | دوبله فارسی,503,
movetime855,channel,Move Time!,450,🎬 មើលភាពយន្តនៅផ្ទះលើ CAMBOFLIX ជាមួយនឹងគេហទំព័រភាពយន្តដ៏សំបូរបែប គុណភាពច្បាស់ Full HD មើលរឿងល្បីៗ និយាយជាភាសាខ្មែរ មានតែមួយគត់នៅលើ CamboFlix.com  ទំនាក់ទំនងមកកាន់អេតមីន @Lovevdo
nmhteam,channel,Muvihaus,338,Power by @D4K0R53 NMH Team Official link Wait space.  If any channels gets taken down new links will be here.
lateralsummer,channel,lateralsummer,211,"Студия Lateral Summer: из кино в видеоигры.   Делаем Radio Arctica — нарративный scifi horror на Unreal Engine+Ink — и показываем, как получается.   Пишите нам: https://t.me/lateralsummer?direct  https://lateralsummer.com/"
tvshowmovietime,group,Tv show Movie Time🍿,2,welcome to all Tv show available on Saturday and Sunday  like   ☄️top cook dupe cook    available this channel  all of your support is must don't miss subscribe..!   ✨ My journey begins! ✨    💥The adventure is just getting started… 🚀  Thank You
cinematime2bot,bot,Cinema Time,,🤖 Cinema Time — бот с новинками кинематографа.  👤 Owner: @shelbonya
anytimemoviesbot,bot,( ATM ) Any Time Movies ✅,,
lucarioposting,channel,LUCARIOPOSTING,152,nsfw-ish(?) created 1/20/2021
iii_505f,channel,َ,89,لا تسألني من انا .
challmiflood,channel,-` 𝐂𝗁𝖺𝗅𝗅ო𝗂 𝐅𝗅𝗈𝗈𝖽 ᜔ 𑇛,69,𝗌𝗍𝖺𝗋𝗍  :: 𝟤𝟨.𝟢𝟧.𝟤𝟨      𝗍𝗂𝗄 𝗍𝗈𝗄  :: @challmiflood  За прекрасные аватарку и баннер благодарим @haroniaport
nuno_life,channel,ЗАКРЫТ | 𝙉𝙪𝙣𝙤 𝙛𝙡𝙤𝙤𝙙 — [𝙇𝙞𝙛𝙚],55,инфо канал : @nuno_info лайф канал : @nuno_life юз влд : @lol_fkk начало: 16.06.2026
pamberbod,channel,PARIAMBOD🪲,5641,"канал 16+  щитпост->https://t.me/+_Lt5PRNQtgVjMGYy ( разговор, фанарты мне,  иногда скетчи) я МНОГО ТАМ ПИШУ пожалуйста не вступайте если вас будет бесить больше 3 сообщений за день"
a4droid,channel,Clutcher,3975,
cs16_android,channel,CS 1.6 Android «Xash3D»,2849,"""Канал по модам и новостям Xash3d""  Чат а так же архив канала:  Xash3D_CS.t.me По вопросам и рекламе: @dj_sperma @aka_talgatov"
pro_android_ru,channel,Pro-android.ru - игры и программы на Андроид,2231,Официальный канал сайта https://pro-android.ru
astroandroid,channel,Astro Android,1135,[Discontinued]
tablic_com,group,Таблик Чат,1268,
tabligate8,channel,تبلیغات,798,
dil_izxorim_rasmiy,channel,DIL IZHORIM,486,Tabriklar kanali📞🎙 👉 @Tabrikchi_admin7 +998902216737   BIZGA MUROJAT QILING ENG ZÒR SOVĞA SIZNIKI BÒLISHI MUMKIN 🎁📞🎙🥰
tablighka,channel,تعرفه تبلیغات مجازی,267,تعرفه تبلیغات مجازی در کانالها و پیج های کاشانی
rsummarize,channel,🎙رادیو‌‌ سامرایز‌|قصّه‌گوش🎧,611,همسفر ما باشید با خوانش و خلاصه کتاب‌های پرطرفدار جهان حمایت مالی:https://hamibash.com/supportme  وب سایت:https://www.rsummarize.ir/ پادکست قصه گوش( خوانش کتاب): https://castbox.fm/channel/id4619284?country=gb
english_musings,channel,Вика и английский | English musings,176,☕️ Блог преподавателя английского для взрослых  Здесь:  💭 повседневный английский из жизни с англоговорящим ребенком 💭 лонгриды на английском с полезной лексикой 💭 советы для изучения языка  ☎️ По всем вопросам: @notapurplepansy
human_centered_urban,channel,Human Centered Urban,414,"🆔 Telegram, Instagram @Human_Centered_Urban  شهر انسان محور=خوانش نوین حاکم بر شهرهای دنیا با ارائه راه‌حل‌های پایدار به نیازهای انسان شهرنشین  ملیحه شاه ولی-کارشناس ارشد مهندسی عمران-سازه  5-sep-17"
hamidtavangarchannel,channel,Hamidtavangar,239,به کانال خوانش داستان و چکامه پارسی حمید توانگر خوش آمدید پیشنهاد و انتقاد @hamidtavangar
tyomaeng,channel,English with Tyoma,64,Here we learn English together🐨🇦🇺  By @artemnazaroff
alternativeprintschool,channel,Alternative Print School,151,مدرسه چاپ آلترناتیو (زیرمجموعه مدرسه خوانش) @khaneshinstitute شماره تماس و پشتیبانی: 09026056467
garemded,channel,Гарем деда,118,"Я ваш дедуля, я вас люблю, вы мои внучки💋  • Лс для связи со мной - @ded6567  • Канал с кодом моей ос и других персонажей из вселенной - https://t.me/gachalifecodoc  • Буст:D - https://t.me/boost/garemded"
gachacf_plote,channel,𝑮𝒂𝒄𝒉𝒂𝑺 𝒄𝒐𝒏𝒇𝒆𝒔𝒔𝒊𝒐𝒏,39,наша предложка -- @Gacha_takesBot
melodygachaart,channel,Melody,26,🎐 𝒘𝒆𝒍𝒄𝒐𝒎𝒆 🎐 ═════════୨୧═════════ ୨ৎ авторські арти ୨ৎ gacha-контент ୨ৎ лотереї ୨ৎ творчі люди ୨ৎ комфортна атмосфера ═════════୨୧═════════ 𝖯𝗅𝖾𝖺𝗌𝖾 𝗋𝖾𝖺𝖽 𝗍𝗁𝖾 𝗋𝗎𝗅𝖾𝗌 𝗂𝗇 𝗆𝗒 𝖼𝗁𝖺𝗍 ⋆˚✿˖°
goshash,channel,Teapot: The Who edition,1,
eclatetrevelation,channel,Женская меланхолия🎆,403,ּ 𖤓°❀⋆.ೃ࿔*:･🏆
jnl11s,channel,ㅤㅤjenlisa ’s 🆕,34,ㅤㅤ💌  @jnls2bot
abode_of_jan_lee,channel,Обитель Jan Lee | РЕСТ,19,Пытаюсь писать истории (вроде)
placiehyula,channel,🪷,2,@lugilak
lemonadedreams,channel,Sunny Hearts. 💛,1,
hollowssymphony,channel,Symphony of the hollow,404,https://t.me/BiChatBot?start=sc-9081371ab3 سعی میکنم شنونده باشم تا گوینده
doxt_qeseh,channel,دخترکــＣ᭄‌ـقصه🌻,395,یه گوینده‌ی فیلم باز که عاشق آفتابگردونه🌻💛   اینستاگرام: instagram.com/doxt_qeseh
alefhich,channel,الف؛ هیچ,290,گوینده نویسنده فاقد محتوا.  اینجا مهمه👇 @Jahan_toei
masoodsadeqimd,channel,مسعود صادقی l رسانه,158,🔘 کارشناس ارشد ارتباطات دانشگاه علامه 🔘 مشاور و مدیر ارتباطات رسانه‌ای 🔘 روزنامه‌نگار، عکاس و گوینده  📳 ارتباط با من @masoodsadeqi  اینستاگرام masood.sadeqi
hasan_piltan_mojri,channel,🎤#بانک دکلمه_واجرا_حسن_پیلتن🎤,148,⬇️⬇️⬇️⬇️⬇️⬇️⬇️⬇️  تمامی آثار (دکلمه ها و اجرا) از گوینده ارشد صداوسیما و مدرس فن بیان  #حسن_پیلتن  تنها #صداست که میماند ⏫🎙️🎤🎵🎧
verelyishere,channel,канал верличайшего 👻,107,я рисую иногда
wcuechanellss,channel,",#WC;UE channel",51,
wwhiskahello,channel,wwhiska hello,9,
vittexv,channel,Vittex,29,"Я художник, я так чувствую."
v3spis,channel,V3spis,33,"Заходя в этот канал не отдавай себе отчет что ты не выйдешь отсюда психологически здоровым 😶‍🌫️ Рисую по разным фд, в основном по роблокс и маднесс комбат  А еще тут моя шизаааа, и ньют с сафом  Инфо: @V3sp1s_Inf0"
wifiesprincess,channel,РЕЗЫ,6,@stephenlloydsfucker дм
wispointer,channel,Wispo Interactives,24,
vexsach,channel,vexsach,7,vvv
zhazhae,channel,Rosy Zhao.,5,ㅤㅤ @wavesstores
vizerseils,channel,Guardian,5,@VizerSes
mw8ti,channel,𝗄𝗂𝗅𝗅𝖾𝗋 𝖼𝗈𝗍𝗍𝗈𝗇,141773,حرفی، سخنی؛ میشنومتون🤍 @BitasZone_bot
dormlife5,channel,Diary of our dorm life>>,4799,"""5 arkadaş, bir odada 5 kız kardeş olduk.""  اگه حرفی داری🔻🔻 https://t.me/HarfChatBot?start=e404d24e86dd"
ming_ir,channel,ᴍɪɴɢ ࿐,3829,明 یه روز بارونی تو کوچه پس کوچه های دنیای ووشیا🌊 Welcome to my daily dose of dramas      ࿓༅。‧.       🦋  @ming_ir                    @Cdrama_ir  حرفی، سخنی:  @Mingir_bot
dentfat,channel,𝐃𝐞𝐧𝐭𝐅𝐚𝐭🦷,1834,🦷 🤍 رتبه ²¹¹ کنکور :) دیلی+ هر آنچه که به بهتر شدنمان کمک کند:) حرفی سوالی؟ دایرکت چنل و اگه وقت کنم جواب میدم🎊
serhat_durmusfan,channel,SERHAT DURMUŞ,1030,حرفی نیست فقط گوش کن /:  •|♛|•   ‌ @AMIRHOSEIN_GHADRIJAN°_°•   https://t.me/+HSM4OjMCK-I5MzM0
wintepie,channel,красная шапочка,162,"Failure is an opportunity to start over, but this time with more wisdom."
shayoo_4,channel,🎸<<𝗦𝗵𝗮𝘆𝗼𝗼>>🎧,933,شایانم 👋 به زندگی شخمیم خوش اومدی😐💔  حرفی سخنی: http://t.me/HidenChat_Bot?start=8345766810
tums403nerdiesjournal,channel,TUMS Journal,339,حرفی سخنی : @tumsjournalbot
negkonkurroutine,channel,𝗡𝗲𝗚 𝗥𝗼𝘂𝘁𝗶𝗻𝗲,2615,مرسی که ممبر خوب منی 💕
marerubrumgenesis,channel,Génesis,681,"Mis ilustraciones y todo lo que salga de esta mente infantil.  My illustrations and everything that comes out of this childish mind.  Spanish and English. My English is very clumsy, so sometimes I use the translator.  🤧💞"
fuojoshie,channel,𝖡𝖫 𝖼𝗅𝗈𝗎𝖽𝗒,1590,‌ ‌ ‌ ‌‌ ‌ ‌‌‌مرسی‌که‌یه‌داستان‌خوب‌تو‌زندگیم‌شدی.  ‌  ﹙★﹚  ᛬        ‌‌ 𝖻𝗅          ‌(☁️)                            ‌‌       ‌‌  ‌‌‌‌𝗍𝖺𝗅𝗄? https://t.me/TaTaPhibot
markkk220,channel,M_33🧿,581,
meryschannel,channel,Mery's journal 🌻,339,"Mery brainrot sketch, art, merch e disperazione🌻🌻🌻  IG/TW: @daemerysart"
asayeshgah_hich,channel,《صفحه آخر | آسایشگاه🚬🩶,622,آیدی خودم: @Hich_1_Hich موزیک/شعر/دکلمه/اجرا/ویدئو/کتاب/طراحی و.. پست درخواستی یا ارسالی داشتین به آیدی خودم بفرستین  لینک ناشناس:  http://t.me/HidenChat_Bot?start=7668125131  آسایشگاه یه کانال شخصی هستش و لطفا افرادی که به بلوغ فکری نرسیدن عضو نشن مرسی🩶
abrii777,channel,•°{Abrikatin}°•,154,Абри/Сьюзи  Они/их !!! ФЕМННИТИВЫ!!! Художница и мерчедельница  Для заказов мерча/коммишек писать в лс: @Forest777Elf Мой тт: https://www.tiktok.com/@777_abrikatin_777?_r=1&_t=ZS-95h5WSxhyaL
rediska_arts,channel,"✨Ах, моя Маргарет",122,"добро пожаловать. я Маргарет — гений, миллиардер, плейбой и филантроп. никак не могу собраться пойти нарисовать арт, написать зарисовку и хедканон, но ради вас готова на всё"
mdslash18,channel,MDS 18+ ᵖᵒᵈ ˢʰᵏᵒⁿᵏᵒʸ,87,"👄Для 18+ аудитории 👅Творю дичь, шипперю, радуюсь жизни"
pr01pr01,channel,Mari,92,
nonnxl3,channel,نُ.,930,"""إن رأيتَ مِني خيرًا فأدعُ لي لِوَالِدَيّ"" ولك بالمثل.. ربِّ اعفو عنّي وعن وَالديَّ. ربِّ اعفو عنّي وعن وَالديَّ."
khezel_gharbi,channel,خــــــزل غربی,351,با سلام این کانال تابع قوانین انسانیت و اخلاق میباشد همچنین جهت معرفی منطقه خزل غربی تشکیل شده است.لطفاً اخبار عکس های قدیمی و اطلاعات  درباره فرهنگ منطقه خزل غربی  را در این زمینه با ما به اشتراک بذارید.👇   @saman_khazaei @khezel_gharbi لینک کانال
da_m_ak,channel,دَمَـک,128,رجینا هستم پیام بذارید. لترباکسد: https://boxd.it/dPYTP http://t.me/HidenChat_Bot?start=5475044071
ferventheart,channel,Una Geran,711,✦ Artist | Commissions stop until the end of 2026✦  Part of the Serpentarium team https://t.me/the_serpentarium  Для связи:   ✉️ unageran@gmail.com  💬 @uleey0
ooohikarina,channel,Между нами Драмиона 🪄,347,18+
omutpamyatidramione,channel,Омут памяти Драмионы,244,"✨Мир, где Драко и Гермиона выбирают друг друга… ⚡️AI-видео и арт по ГП | Драмионе 📚Подпишись, если #драмиона в твоём сердце"
blackdramiones,channel,Black Rose | Dramione🖤,285,Добро пожаловать✨ Контент 18+❗  Влд: @rinaelxa  Анонимные сообщения: http://t.me/anonquebot?start=apuf9z
doramioyes,channel,𝗛𝗲𝗹𝗽 𝗗𝗼𝗿𝗮𝗺𝗶𝗸𝘀𝗶𝘆𝗮,264,"анон- @helpdoramiouesbot новый влд, давайте не будем подводить старого влд и добьем 300 300 🎯"
exniscringrrk,channel,🥩🍟𝔻𝕦𝕞𝕓 𝕔𝕠𝕣𝕖🎀🌸,159,خوش امدید به چنل کرینج بنده   من اینجا سسشعر هایم را درمیون میگذارم 🎀🥰 اره... حرفام مث خودم کصشعره که چی؟؟! ..^^ آتنا خداست 😋🙏🏻✨
moj_dramione,channel,Moments of Joy | Dramione,47,Канал по драмионе «Мгновения счастья» / Moments of Joy  #слоуберн #Хогвартс #8курс #флафф #романтика #отрицаниечувств  https://ficbook.net/readfic/019ad920-c894-73b5-bd78-2601a7fb7d8e  #harrypotter #dramione #dracomalfoy
forbiddensectionai,channel,@Запретная секция 📚,107,"Личный уголок Элины Грин. Здесь про фанфики, творчество, ИИ. Будет уютно) По всем вопросам обращайтесь напрямую @ElinaGreen"
arhiv_zaklinaniy,channel,Архив заклинаний| OlBaz📚,27,"📂 Архив заклинаний  Истории, которые оставляют след. Чувства, которые не стереть.  Драмиона, тайны, немного боли и магия, которая всё ещё работает.  ✍️ на Фикбук— OlBaz"
pishushiy_chitatel,channel,"Пишущий читатель. ""Единственная переменная"" , ""Больно, Грейнджер?"" ""Если"" Томиона/Драмиона/Томайна.🖤",40,"...Пространство между черновиками и рукописью.. Пишу. Читаю. Иногда слишком много думаю о вымышленных людях. Делюсь, плачу, звонко и раздражающе смеюсь. Ищи меня на фикбук - artpro111 В Tik-tok - Пишущий читатель."
getage23mika,channel,Mika and Missa✨🌌,41,"Стихия? Нет, Голос.. Мое основное оружие  Моя личка для вопросов и прочее: недоступен Пожалуйста не пишите всякую ерунду! Буду игнорить.. Принимаю предложения дружить и ролить, я вас замечу не сразу из-за того, что чаты на беззвучном автоматически"
malenkilimon,channel,°•～Лимонная Долька～•°,20,Тт: @shxiichi._ Id idv (NA EU): 19187073
blackettu_bellamione,channel,blackettu bellamione,17,"Канал посвящен пэйрингу Белламиона. Сюда будут попадать мои рисунки, короткие зарисовки и возможно фф  Контент создан в развлекательных целях и не несет в себе пропаганды. Канал предназначен строго для лиц старше 18"
things_noor,channel,ۦ أشيائي ۦ🌸👑,258,•أنيسةُ العشرة، رضيةُ الخلق، حادة الذكاء، سريعة التأثر، عزيزة النفس،  أعيش في الواقع مرة، ومرات في  غمرة الأحلام..💫🌸
half_wayyy,channel,نیـــم,26,توصیف کیفیات درونی در غالب استعاره و ایهام و یاوه
cdnnanon_bot,bot,анонимка кд нн,,
anonymousmedmedetbot,bot,Anøn MedetkА,,
smirnova_med,channel,Медцентр на Баумана,156,"Ведение беременности ПОД КЛЮЧ🔑 От первого анализа ХГЧ до РОДОРАЗРЕШЕНИЯ👩‍⚕️ Диагностика, оздоровление, специалисты узкого профиля 🩺"
bamaxinteriors,channel,BAMAX ИНТЕРЬЕРЫ,51,"Интерьерный салон. Мебель, свет, аксессуары.  Наш адрес: Москва, ул. Пятницкая, д. 59. Тел.: 8(495)215-12-59"
metanoya173,channel,مــتـانویا༻,282,قهوه با طعم خاطرات🤎🚬  ارتباط بامن^^ @elysian173bot  چنل ناشناس:  https://t.me/Challengemet
behix_notes,channel,Behix Notes,239,ارتباط بامن: @behixx  A part of Behix complex
bvs_interiors,channel,Мебель Baker/ BVS - Interiors,67,"Официальный дилер американской мебели Baker furniture с 1995 г.  ▪️Санкт-Петербург, Московский проспект 79 ◾️Москва, Бережковская Набережная, 20с35  http://bvs-interiors.ru/  Телефон:  МСК +7 967 005 66 77 СПБ +7 931 320 06 19 Почта: info@bvs-interiors.ru"
sepasacadmy,channel,آکادمی سپاس,1510,برای اطلاعات بیشتر با ادمین در ارتباط باشید: @sepasacademy @sepasacademy1 @sepasacademy2  راه های ارتباطی آکادمی:  🖥Sepasacademy.ir  📧Sepasacademy@yahoo.com   LinkedIn : sepas-setayeshpour  Instagram : @sepas_setayesh  📞09365358131 📞09030658131
arcims_support,channel,26th • ARCIMS • SUPPORT,336,جهت پاسخگویی به سوالات و بررسی مشکلات، لطفاً فقط به ادمین همان موضوع پیام دهید، سپاس
magharestar,channel,𝙍𝙤𝙝𝙖𝙢𝙞𝙧𝙡𝙪𝙢𝙞𝙚𝙧𝙖🤎⌛️-,213,دو روح دَر دو کآلبد تآ بینهآیت 🤎🍂،، 𝙈𝙮𝙡𝙪𝙢𝙞𝙚𝙧𝙖: @amirroham_music1 شـِنوآي‌اُو:https://t.me/HarfChatBot?start=8d36bb2164ab
et0zhemira,channel,"mira, btw.",124,
m1lir1,channel,милири. /милириша,53,милириша канон
byfraze,channel,FRAZE,20,
layveen,channel,ㅤ 𐔌 . 𝐿ᥲֺ︩︪ყveꫀn .ᐟ ֹ 𝒞mꪀg sꪮֺ︩ꪮn,15,ㅤ𝒩ꫀw flꪮֺ︩︪ꪮd ( u-s-a-g-i )   °到 𓂃 ㅤ ㅤ 𝟤𝟢𝟤𝟨 Julყ` Cꪮmiꪀᧁ ᥉o0n 𝒪wn - @MFlest03 Aꪀd @miyako0067
yoou_noou,channel,Психбольница/ =^ᴥ^=,8,
kimeunjou,channel,𝕶ɪᴍ 𝕰ᴜɴᴊᴏᴜ [`𝑠𝑜𝑙𝑜],8,"хейтеры в канаве, Ынджоу с вами     начало 05.05.2025     конец       ?"
oooo00000000000000o0,channel,Юз//00,1,
suchkova_hc,channel,Анастасия Шагомеровна🥑🧘🏼‍♀️,101,"Beauty &health club  Тут вы найдете партнера и  мотиватора,который поможет ставить цели,достигать их и формировать новые привычки🥦  Информация для улучшения физического и ментального здоровья.Только факты ДМ👩🏼‍⚕️ Моя life и все,что мне интересно)"
khidzhamakrsk,channel,ХИДЖАМА Красноярск,72,"Меня зовут Леся. - Телесный практик  - Альтернативная и классическая медицина  Более 10 лет опыта и более 1500 счастливых клиентов.  🌿 Приходи за Здоровьем, Перезагрузкой и Ты ✨"
shirinpptaomlar,channel,PP shirin taomlar,25,Kanalmizda sog‘lom turmush tarzini tanlaganlar uchun mazali va foydali PP taomlar muntazam taqdim etiladi.  @Mashxura_dietolog
fattemaalzahraa,channel,أُمَّاهُ فَاطِمْ.🤍,244,اللهُمَّ اِرزُقنِي حُبَّ السَّيِّدةِ فاطِمة وحُبَّ مَن يُحبُّها وحُبَّ الأعمالِ التِي تُقرِّبُني مِن حُبِّها وَتُزيدُنِي حبَّاً لَها.⁦♥️⁩  ٢٢ يوليُو ٢٠٢٠ م             ١ ذو الحُجة ١٤٤١ هـ ⁦♥️⁩   @zahra915bot   #لأجل_المهدي
thisisfatema,channel,حيثُ فَاطِمة,852,شگد ما نحچي راح يبقه اكو حچي بالگلب.
fatemgram,channel,•Fatemgram,403,•Lifestyle | study | couple 🎧📖⛸️🤍
fatema525,channel,FATIMA✨,180,وَلا تَخَافِي وَلَا تَحْزَنِي
maltadiscuss,group,Malta Local,462,"The ""Switzerland"" of Maltese discorse.   Welcome, our rules are those of simple respect, and are diligently enforced.  Discuss matters in a respectful manner - language / aggression.   If you are here to cause discord, the community will vote you out."
stockmigliorimarchitalianitzone,channel,PROFashionStockBrand🇮🇹Italy🇮🇹Wholesale 👗👖👜,657,Migliore Marchi Italiani all'ingrosso da Tzone #PINKO #LUI-JO #PatriziaPepe #GUESS #SISTE'S #ARMANI #LoveMoschino #TRUSSARDI #NAPAPIJRI
cryptoitalychat,group,Crypto Italy Chat,409,Get 10% discount on each trader👉  http://www.binance.com/en/register?ref=ESZ7ITVV  @cryptoindonesiachat @cryptokuwaitchat @cryptokuwaitchat @cryptoswitzerlandchat @cryptounitedstates @cryptofinland @cryptounitedKingdom @CryptoOmanChat
zahotily_poletily,channel,"ТА ""ЗАХОТІЛИ-ПОЛЕТІЛИ""",270,
metaswapdex,group,Meta Swap [MET$] - 🇮🇹,342,Meta Swap [MET$] Italian Chat  DEX and Liquidity Provider
uniq_italia,channel,Путешествуем по Италии 🇮🇹,185,"Италия без туристических шаблонов 🇮🇹  Простые рекомендации на основе личного опыта: регионы, маршруты, гастрономия, отели и способы провести отпуск качественно и без ошибок  Индивидуальные туры и практичные советы 💬 Анна Лебедева | @uniq_vacations"
italyhelp,group,"Объявления DiLX Италия Турин, Милан, Рим, Неаполь и другие города Работа, продам, сдам сниму, услуги, мероприятия",104,"Чат Бесплатных объявлений для живущих в Италии. Генуя , Милан , Турин , Рим , Неаполь и другие города   Главный Канал о жизни в Италии @opennewitaly"
italy_chats,group,Чат Италии,94,"Общайся с интересными людьми! Новости 📣, отдых 🏖, работа 💼, легализация 📄, бизнес 📈, финансы 💶, здоровье 🚑, развлечения 🎉, транспорт 🚘, места 📍.  Все эти вопросы и не только.  За ЛЮБУЮ рекламу – сразу бан! Реклама других групп - МУТ и потом БАН"
traderdream,channel,Trader Dream Foundation,43,
francaisamalteofficiel,group,Français à Malte Officiel,20,"Bienvenue dans la communauté des Français à Malte ! Échangez, partagez vos expériences entre expatriés. Restez connecté avec la communauté et découvrez Malte. Nous avons hâte de vous rencontrer !"
ara_flags,channel,Флаги мира,17,"🇷🇺В этом канале вы сможете узнать, что обозначают цвета и символы на флагах мира.  🗨Чат для обсуждения: t.me/ara_flags_chat"
investinitaly,channel,"ITALY - 2nd home, investment, retirement",5,"Help, advice, information for those who is looking for a place to work remotely from, invest into or retire to in Italy"
milana_opt_bot,bot,Милана ОПТ,,"Я помогу вам найти то, что вы давно искали"
buyerfromitalia,group,Shop made in Italy,5,Через нас ви маєте можливість придбати одяг із фотографій так і чи замовити будь_яку річ будь_якого бренду по приємній ціні та швидкій доставці із Італії Працюємо тільки по повній предоплаті  На звязку 24/7
martmuseumbot,bot,MART,,
malettibot,bot,maletti,,"Чат компании Maletti Group в России. Поставщик мебели Maletti и Nilo. Пишите, обязательно прочтём и ответим"
rutoitaly_bot,bot,rutoitaly_help,,Помогаем вам переехать в Италию
turozme,channel,о туризме,2,
incantoofficial_bot,bot,Incantoofficial,,https://incanto.eu/
travelinto_info,channel,TRAVELINTO.INFO,1,Все про туризм в Європі
magnitmarketbusiness_bot,bot,Business Magnit Market,,"Официальная поддержка продавцов Магнит Маркет, режим работы: ежедневно 09:00-21:00."
richieste_crew_italy_bot,bot,Reclute Crew Italy 🇮🇹,,Bot Reclute Crew Italy 🇮🇹 📢 @Reclute_Crew_Italy
lklldfg,channel,قناة ام الحسن ع,6,لبيك يا حسين
asheudk23848,channel,عشوائيات 💙✨,58,هُنا عالمنا| فِيه كُل مَا يَخْطُر عَلى قُلُوبِنا نَبُْلغ 𝟷𝟼_𝟷𝟽 مِن العُمر وَ فِي كُلِ يَوْم يَزْدَادُ شَغَفُنَا لِ نَصِل إِلى الْحُلم المُنتَظَر 💍💗!.  ١٧ ذو الحجه ١٤٤٧ ٣ يونيو ٢٠٢٦ 💗^-^
kapralovlive,channel,Капралов Александр | Онлайн тренер по фитнесу,4349,"Знаю, как набрать вес, даже если ты от природы худой. Со мной ты станешь визуально крупней и обрастёшь мышцами. 🔥 15 лет в теме Пиши в личку, чтобы попасть на личное онлайн ведение ⤵️ @KapralovClub"
silavpronatore,channel,Сила в пронаторе,16,
stayshape,channel,Stay Shape,3,𝗣𝗿𝗲𝗺𝗶𝘂𝗺 𝗙𝗶𝘁𝗻𝗲𝘀𝘀 💪 Online | Home | Private Sessions Goal-Focused Diet Plans Certified Experts. Proven Resu
prohodichestoish,channel,𝐁Ǐ𝐌𝐖,39,"заходи , не стесняйся"
ddayiscomming,channel,– What the sh¡t do you know about me?!,22,I'm walkin' with my own dirt
girly_diaries,channel,IlIusion .,86,
seraphicside,channel,uquiz | 𝙨𝙚𝙧𝙖𝙥𝙝𝙞𝙘 𝙨𝙞𝙙𝙚 🗯,15,
pinkoceanworld,channel,𝑀𝑦 𝑝𝑖𝑛𝑘 𝑜𝑐𝑒𝑎𝑛ɞ,13,
absultanqyzy,channel,ABsultanqyzy💎,10,
btwfeedbackbot,bot,Отзывы BTW,,пранк
marjorie8_bot,bot,Marjorie bot,,
anon_nakoyamibot,bot,Ꭲᴇᴧᴇᴦᴩᴀʍʍᴀ дᴧя Ꮋᴀᴋᴏяʍи. — [🥀✨],,
akita_bbbot,bot,Akita anon,,
annacoltart,channel,Анна Кольт и крольчата | Железная Агнесс | Баззард Рок,272,"Создаю миры: сценарии, комиксы, раскадровка. • Нуар-панк «Баззард Рок» и дизельпанк «Новый Рим» (в работе с АСТ) • Раскадровка: «Альтер», «Идентификация» и др. Фильмография: https://annacolt.tilda.ws/page71619137.htm По вопросам сотрудничества: @AnnaColtL"
designannyskaf,channel,annyska.f / жизнь и дизайн,183,"Аня | графический-бренд дизайнер  На канале про творческий лайфстайл, работу в компании, спорт и любовь к жизни 🩵  По любым вопросам лс –> @annyska_f"
annlistva,channel,Анна Листва. Ромашка среди лотосов (литдорама),50,"Канал писательницы, художницы, певицы и просто красавицы (тм)  Сейчас пишу лит дораму🌸  Мой профиль с произведениями на АТ https://author.today/u/annlistva/works Бусти https://boosty.to/annlistva"
annak2015,channel,Творчество с Аней ❤️,107,Творчество с Аней это прекрасно! Моё лс - @AnnaANN126
rinatvorit7,channel,Ринатворит,21,"Йоу всем привет. Умеем и акрилом рисовать и на балалайке играть,да шить и вышивать,новых существ создавать(авторские игрушки)  Добро пожаловать в мой мирок ☮️☯️🦄 Мы рады всем Для сотрудничества и предложений писать @riiinkiii"
shazasakka,channel,فـتـاة ادّبــهــا الـقـرآن,757,لله درُّ فتَاة أدّبها القُرآن..  فكانَت خَير مثلٍ بينَ الأهْل والخلّان.
ran_eem18,channel,بُـنَيّـۃ الشَّـرِيعَۃ🌱.,102,"أُمُّ حُذَيـفَـۃ، رَنِيـمۘ 🌱          ""غَفَر ﷲ لـهَا وَلِوالديّهـا"" •سَّلَفِية،مُـسلمة، ليبـيّة.  •اللّهم اجعَلنِي بُنَيّة صَالِحَة مُصلِحَةً. •من ﷲ أرجو حُسن الخِتَام ولُطف المُرور وطِيب الأثر.  ١٤٤٦.١٢.٦هـ 📍🇱🇾🇸🇦."
lilieeso,channel,هُناا.. دعس أخت موسااد😒😂😂,5,هُناا.. مَشنقةة شقيقاات الموسااد.. هُناا.. إذلاال مؤسس تيمم الدااعرة😒😂😂
g_il_m,channel,-زُحـَل .,738,- كل حـلوة قهـوتها مرة. ـ توباكتس.
bbbbbaaaa_06,channel,لِـ توفانا🧚.,191,مجرد بعثرة في المشاعر هُنا لا أكثر .
bbylume,channel,࿔ lumé,136,` @N0EVA  ——       > @bbylume
ershovanastasiya,channel,НАСТЮША здесь📍,66,"Про путешествия, стиль, бьюти, жизнь, вдохновение и чуть больше меня.  Добро пожаловать 🫶🏽"
salololoooo,channel,Будни Ксюши сало какое то,70,всё. бамбалейла
sheoo77,channel,• بَلاسِتيٰ •,56,𖥻 Her eyes are two luminous stars Ꮺ°. ֶָ֢ @UI_7ii | @IIBIWI | @UII7IX | @IIXIIV0 | @llXllUI | @KIUII7 | @IIB4W | @xccyuo
bawelayatbashehadat,channel,با ولايت تا شهادت🤍✨,25,_اللّٰهُم صَلِ على فاطِمة و أَبيها و بعلِها و بنِيها و السر المستودعِ فيها✨
f0illa,channel,- 𝗥𝘂𝘁𝗵𝗹𝗲𝘀𝘀 🪷.,10,- ‏᷂انا ‏᷂إمرأة ‏᷂بقوام ‏᷂قصيدة ‏᷂لايقرأها ‏᷂غير ‏᷂الفصيح 🪷.
vlwyippl,channel,مَهْجَة,19,وَقُلْ لِلنَّفْسِ إِنْ فَقَدَتْ رَجَاهَا ‏وَصَارَ اليَأَسُ يُوهِنُهَا قُوَاهَا ‏ثِقِي بِاللَّهِ، كَمْ خَافَتْ نُفُوْسٌ ‏مِنَ الدُّنْيَا وَخَالِقُهَا كَفَاهَ..
wahaaajj,channel,وَهَــج 𝜗ৎ,44,
shuride_ir,channel,شـوریده,1385,شوریـده و شیـدای حُسیـن بن علی(؏)
conot_1428,channel,مَــهَارِقُ,169,﴿وَذَكِّرْ فَإِنَّ الذِّكْرَى تَنفَعُ الْمُؤْمِنِينَ﴾
teen14moon,channel,ريحانة آل محمد🏴,5674,"وَبِحُبِّكُمْ  وَبِقُرْبِكُمْ أرجُوا نَجاةً مِنَ اللهِ..  ""قبل أن تغادر صلِ على #محمد وآل محمد""   هُنا أبوحُ بِما لم استطِع عليهِ #صبراً ..  لااحلل اخذ الفديووات والصور بعدستي.. والباقي لكم    للتبادل فقط👈 @rehana11bot  @teen14moon"
zn_d_o,channel,تَرزيلل الـ قَحـ//ـبةة لاناا اللادقانيةة…😁😂😂,9,
bredni_zadrotki,channel,Бредни задротки,405,Щитпостик  Чат - https://t.me/+QEi6MpAYDcoyM2Uy
danekizmontaina,channel,Дэнибой,80,
lugarnenhummemes,channel,しυᏀαя ηєηнυм,79,"Descrição temporariamente indisponível, até que eu pense em uma. 🐷"
laminmomal,channel,von dutch,12,
sabik6374774,channel,Яна и кто-то,8,
valeraghosthercf_bot,bot,тейки для крутых админов,,бот принадлежит @vghoster_cf
talkingtorash_bot,bot,talking shit to Rash🎀,,"Ahhh shit, here we go again."
bomgustar,channel,ㅎ,2,
copsaepsbot,bot,» COUPSAEP BOT «,,@coupsaep
allxsxi_bot,bot,разговорник Арса,,
hell4uin_bot,bot,анонимы хэллоуинского.,,
shehddjhsbot,bot,Анон секрета шули,,
kalp138,channel,قلبي...✨,180,"‏من ذاقَ لذّة القُرب من اللّه ثم انتكَس فإنه يعِيش في الدُنيا معَذباً  لا راحَة الجَاهِلين ولا لذّة العارِفيِن  ""رَبَّنَا لَا تُزِغْ قُلُوبَنَا بَعْدَ إِذْ هَدَيْتَنَا"" . ابن القيم  12/6/2023"
maybe1staar,channel,شاید یک ستاره⋆˚꩜｡,90,اندوهم را نقاشی کن؛ @Asaarttbot
qabaswahag,channel,قَبَسْ 🕊,106,بسم ربّي، بسم حبيبِنا المتفضل، حيثُ قناتنا نقتبس فيها من هنا وهناك، لتهيئة قلوبنا قبل غيرها -بعون الله-... لترجع إليه، ترجو ثوابه، تخشى عقابه... وتُحبَّه 🌸🤍
bilgisahcom,channel,Bilgisah.com,36,"Ehl-i Sünnet yolu üzere olarak amacımız, allahin kelamını ve ilmi öğrenmek, yaymak vesile olabilmek için bir öğretici, bir yol gösterici olarak , bizim de yaptığımız gibi Kur’ân ve sünnet ile manevi tedaviler yapacak bireyler yetiştirip fayda sağlamak,"
mahal_almuflihin,channel,كَانَتْ زَبَرْجَدًا,21,فَأَمَّا مَن تَابَ وَآمَنَ وَعَمِلَ صَالِحًا فَعَسَىٰ أَن يَكُونَ مِنَ الْمُفْلِحِينَ .
malaz54,channel,ملاذ❤‍🩹,30,
bitcoinatom,group,Bitcoin Atom,252,"Bitcoin Atom (BCA) is a SegWit enabled Bitcoin fork with atomic swaps, hybrid consensus and lightning network.  Info: bitcoinatom.io twitter.com/atombitcoin facebook.com/atombitcoin reddit.com/user/BitcoinAtom bitcointalk.org/index.php?topic=2515675.0"
buttaab,channel,abbutt🪼,76,
butb_comments,group,BUTB chat,31,"Это @BUTB_comments чат, где можно обсудить: ✅ новости официального канала БУТБ @butb_by, а также ✅ любые аспекты биржевой торговли товарами в Беларуси.  Консультации по торгам: @BUTB_bybot  Вопросы по каналу: @Oksana_Belenkaya"
ba_lab_chat,group,ЧИТАЕМ BABOK - CBAP и CCBA,48,
buttacatbnb,channel,ButtaCat (BNB),37,"She didn't walk. She slide.  Zero utility, full flavor 🧈 (but maybe?)   Join waitlist now, or cry later. 🔸"
bmaxtaab,channel,تبلیغات مجموعه بیمکس دیزاین,13,تبلیغات مجموعه گرافیکی بیمکس دیزاین  ❗️تعرفه در چنل گذاشته شده است❗️  - ⚠️لطفا با خواندن و موافقت کامل قوانین و تعرفه ها پیام دهید⚠️  - ♾️ادمین تبادلات؛ @artserfan
btcbamofficialaccount,group,BitcoinBam (BTCBAM),30,
btbdigital,channel,BTB Digital,19,
bbaunited,group,BBA (Tanzania) Business Administration,9,A unified platform for students studying Business Administration through various colleges/ universities. 👩🏽‍🎓🧑🏼‍🎓
butb_bybot,bot,BUTB.BY - Белорусская универсальная товарная биржа,,https://t.me/s/butb_by - все самые свежие новости биржи
et_butb_chat,group,БУТБ-Имущество Chat,1,"Чат официального канала ЭТП ""БУТБ-Имущество"".  ✅ Разрешены: ❓ Вопросы и 💬 Комментарии по работе площадки  ⛔️ Запрещены: 🪧 Рекламные упоминания и 🔗 Ссылки на другие площадки и услуги в сфере недвижимости, имущества и имущественных прав."
vinoteka_michurinskyi_16,channel,ВИНОТЕКИ.РУ🍷 на Мичуринском16,387,"""Винотеки.ру"" Мичуринский проспект 16 +7 (985) 761-63-24 https://vinoteki.ru/"
isaaghi,channel,🍷 ساقی,51,اینجا خوش میگذره 🍷🥰🫵  سفری در عالم #موسیقی، #فیلم و #سریال و #نقد و #معرفی آثاری که با روح و روان شما بازی و اونارو نوازش میکنه  اینم کانال زیرنویسمون سابـ‌قی 🍷📝 @iSubghi
blueberriesdrownedinwine,channel,{‌توت‌آبی‌در‌شراب!},230,"Feminism, F1, Barca, movie, anything? @Blueniphilia_bot → talk to me🤍🫐 «زن زندگی آزادی»"
artdevino_chat,group,Art D’Vino Chat,16,
skrepo_chat,group,История скреп chat,51,
bullthings,channel,Bullthings,110,هنر اگرچه نان نمی‌شود؛ اما شراب زندگی‌ست Letterboxd:https://boxd.it/fMXHl Private channel:https://youtu.be/VhRkUhY8MlQ?si=JfA22sRVXI2DnvsH @hesamsrbn
wineupnews,channel,Винометр,91,@wineschatbot
stih_vino,channel,Стихийное вино,41,"Про вино уже не в рифму. 😀 ""Так, чисто поржать"" (с)  #вино #виноюмор"
beerphp_saratov,group,PHP Saratov,35,Обсуждаем профтемы в барах и пабах города
wine_and_soul,channel,▲wine & soul▲,59,"Хорошая музыка, которая не касалась ваших ушей ------- Музыка/фоточки/книги/салаты/"
bluezeitun,channel,زیتون,33,فن‌گرلی اگرچه نان نشود اما شراب زندگی است.    https://t.me/HarfChatBot?start=678c6a7f76fc
newsbarto,channel,𝑵𝑬𝑾𝑺 𝑩𝑨𝑹.🥃,18,инфо: @infobaroriginalss  лайф: @baroriginals
alkolikfutbolsohbet,group,🎗Alkolik Futbol ~Sohbet,18,📲 Souls Medya'ya Bağlı Dijital İçerik Platformu   📩 Reklam ve iş birliği: @lKaaan
aguademayoadh,channel,Canal Agua de Mayo,233,"🗣 Canal para informar de manera directa y virtuosa de todas las actividades de Agua de Mayo: activismo💪, consumo responsable🥬🍏, debates y reflexión📝,  participación ciudadana, ocio🥳..."
saymesayme,channel,Tell me love 🖤🥀,355,"24.09.2018💎 Топовые треки, годные сохры и цитаты на любой вкус.🤙🏼😍 . .  . . . .  . Связь: @Al1kona              На счёт вз пиара👫  @Al1kona   Второй проект: @rottenheart1"
lemonosx,group,LIMECHIK life,61,Обсуждалка канала - @lemon47ik
abehayat_ir,channel,آب حیات,12,دوش وقت سحر از غصه نجاتم دادند        واندران ظلمت شب آب حیاتم دادند
bewaterofficial,group,BeWater®,4,
otzyv_water,group,Отзывы воды,2,
otzovlife,group,Гидроплазма - life💦ОТЗЫВЫ,9,"💫Тысячи людей пьют гидроплазму Water for life и другую продукцию на её основе, и делятся своими результатами. 🔥"
john_mp4,channel,video,6,video archive. all stars donations will be forwarded to authors. — @wilddip
mmmig_mi,channel,_______mig._,2,
srk_water_bot,bot,Вода Обнинск,,
adar_sora,group,ADAR <> SORA Community,111,
arkadacasino_site,channel,Arkada Casino,81,Telegram канал об Arkada Casino  🚀 Войти на сайт: https://movelinks.pro/arcada 💙 Приветственный бонус 100% до 15 000 рублей 💬 Почта для связи support@arkada.casino
official_casinoarkada,channel,Официальный сайт Arkada casino,13,"Официальный канал Arkada Casino. 👍 Играть на официальном сайте зеркало и зарегистрироваться, демо режим и вход."
official_arkada_casinoz,channel,Arkada,4,"Arkada Casino - Telegram для азарта! 🎮 Слоты, покер, блэкджек, live-казино. Зеркала, бонусы, промокоды, фриспины 2025. Быстрый вход, регистрация, вывод. Акции, турниры, отзывы. Аркада - топ казино России!"
toptg_arkada,channel,arkada,1,"Официальный Telegram канал arkada Casinо. Казинo и ставки от arkada. Доступно актуальное зеркало официального сайта arkada. Регистрируйся, соверши вход, получай бонус используя промокод и начните играть  Поддержка24/7 support@arkada.casinos"
toptg777_arkada,channel,arkada,1,"🏆 arkada – платформа для тех, кто умеет пoбеждать! ⚽️ Стaвки на спoрт с высокими кoэффициентами, широкий выбор игp в кaзинo, щедpые бoнусы. Забирай свой кyш от Аркада уже сейчас!"
arkadacasinozerkalor,channel,ARKADA КАЗИНО РАБОЧЕЕ ЗЕРКАЛО,1,"Официальное зеркало Казино Аркада. Выигрывай с нами на Casino Arkada Ссылка Реальные отзывы игроков, Играть на iOS. Играй бесплатно Промокоды!"
arkadascasino,channel,АРКАДА КАЗИНО РАБОЧЕЕ ЗЕРКАЛО,1,"Добро пожаловать на официальный сайт Аркада Казино. Узнайте об играх, бонусах и начните играть сегодня. Входите и наслаждайтесь азартом!"
arcadecasino_bot,bot,Arkada casino скачать Андроид,,"Arcada casino Скачать приложение на (Android) Андроид, официальный сайт, мобильная версия, зеркало промокод"
arkadacasinor,channel,АРКАДА КАЗИНО ОФИЦИАЛЬНЫЙ САЙТ,1,"Аркада казино – это лицензированное онлайн-казино, предоставляющее пользователям доступ к лучшим азартным играм."
arkadacasinow,channel,ARKADA КАЗИНО РАБОЧЕЕ ЗЕРКАЛО,1,"Online Arkada Casino. Испытай удачу на Казино Аркада Скачать автоматы бесплатно Рабочее зеркало, Рабочая ссылка. Играй уже сегодня Уникальные бонусы!"
rutulddt,channel,"МКУ ДО ""ДДТ"" Рутульского р-на",192,Движение первых
utkin_ab,channel,Александр Юткин,345,Официальный канал главы Рузаевского района
ragulin_ldpr,channel,Юрий Рагулин | ЛНР,76,"Депутат Народного Совета ЛНР от фракции ЛДПР, Руководитель молодежной организации Луганского РО ЛДПР"
vetrenoglamp,channel,ВЕТРЕНО 🌊 МОРЕ РЯДОМ глэмпинг и кемпинг,959,"Отдых на Рыбинском море: Ветрено База на берегу реки: Лесной берег  Приглашаем в путешествия по Ярославской области  Покажем: лучшие маршруты, интересные места, культурные особенности  Сотрудничество @Olya_Vetreno www.vetrenocamp.ru www.forestbeach.ru"
uralskibike,channel,🚵‍♀ UralSkiBike 🚵‍♂,287,Велотуры и велопрогулки по Уралу. Удобный автотрансфер для тебя и твоего велосипеда.
rybalchenko_andrey,channel,Андрей Рыбальченко,144,"Депутат Совета депутатов Рузского муниципального округа. Член фракции ""Единая Россия""."
eco_kamyshevakha_ruchej,channel,Эко-Резиденция Камышеваха Ручей | Дома у воды,84,"Дома премиум-класса в стиле Райта собственным выходом к реке🔥  🔝Топовая локация (район элитная застройки)  📱Офис продаж застройщика: +7 (961) 268-10-48 | +7 (918) 588-77-97  📍пос. Водопадный, ул. Алычовая, 22  https://taplink.cc/eco.kamyshevaha_ruchey"
soulmatesportoutdoor,channel,Soulmate Sport Club - лыжный клуб в Москве!,159,"Спорт с душой. В команде, где ценят каждого! 🔹Лыжи, силовая, имитация, лыжероллеры 🔹Индивидуальные и групповые тренировки 🔹24/7 поддержка тренера, участие в стартах У нас душевная атмосфера. Присоединяйся! ❤️"
rasputinskiebani,channel,Распутинские бани 🍻,207,Банно-гостиничный комплекс «Распутинские бани» 🌿  🔸Русские бани 🔸Турецкие бани 🔸Ресторан Изба-Лаунж 🔸Бутик-отель Для Вас 🔸ЭКО дома посуточно 🔸Пространство с праздничными шатрами для проведения мероприятий на улице до 50 человек   https://bani-rasputin.ru
ribhutorok,channel,Рыбацкий Хуторок ™,39,"Отдых на природе, русская баня, размещение, пикник, активный отдых в 22км от Томска  💻 рыбацкий-хуторок.рф 📱 33-20-44(МТС), 89521556944"
rusbreg_health,channel,ДЕТОКС-ТУРЫ | РУССКИЙ БЕРЕГ,97,"Wellness | Практики | Комьюнити  🌱 Детокс-туры в Эко-парке «Русский Берег» (г. Ульяновск)  ЗАБРОНИРОВАТЬ ТУР В ИЮЛЕ ⬇️  ☎️ 8 800 550 73 11, доб. 1 🌐 https://rusbreg-health.ru"
kamyshevakha_ruchej,channel,Камышеваха-ручей эко резиденция,46,"Эко резиденция ""Камышева ручей"" это проект класса Люкс, который расположен в пос. Водопадный Аксайского района Ростовской области. Это место, где современный комфорт встречается с первозданной красотой природы.  +7(918)5235997 https://камышеваха-ручей.рф"
beregrus,channel,Русский Берег | Успенское | Брикс-парк,82,RuTube: https://rutube.ru/channel/65071742/ YouTube: https://www.youtube.com/@beregtv Site: https://uspenskoe-citypark.ru
ryabeevskaya_polyana,channel,Рябеевская поляна🏡 Загородный отдых в Твери,44,🌳Уютное место среди леса   🏠Коттеджи и таунхаус  🥂2 банкетных зала до 80 человек  💍Зона для выездной регистрации  🧖‍♀️ Русская баня с купелью  💧Открытый бассейн  🤍 4 км от города Твери  Телефоны для связи:  +7 (963) 222-45-45
retailresearchlab,channel,RLab - бутик недвижимости,24,RLab™ 🏅  Мы цифровая платформа по заключению сделок с недвижимостью. Благодаря технологиям соединяем участников рынка эффективно и быстро.  🧾Наши услуги https://telegra.ph/CHto-my-delaem-dlya-Vas-03-16
bushehr_fouri,channel,بوشهر فوری,1051,مهم‌ترین و منحصر بفردترین اخبار بوشهر و شهرستان‌های آن  👤فقط تبلیغات (بنویسید برای بوشهر تبلیغ میخواهید)👇 🆕 @ADS_Fouri2  ارسال خبر + انتقاد و پیشنهادات👇 🗣 @AloBushehr_BOT  خبرهای فوری🔖 ✅ @Khabar_Fouri  لیست کانال‌ها👇 https://zil.ink/khabar_fouri
meem240,channel,كل أثر جميــل 💭,1177,"""قناة تُعنى بغرس القيم التربوية،  وبناء القيم والمهارات الشخصية من الكتاب والسُنة""   «إِنَّمَا الإِنسَانُ أَثَر فَأَحسِنُوا مَآثِركُم» 🤍 قناتنا على اليوتيوب https://youtube.com/channel/UCjmYrG07WsSGFkLy7syjt3Q?si=Y9_236mnMrffrJRQ"
hashemnajran,channel,هاشم نجران ـ Hashim Najran,252,أدارة القناة  @H_c8p
sedayjamm,channel,پایگاه خبری صدای جم,126,این پایگاه خبری آخرین و به‌ روزترین اخبار در حوزه‌های سیاسی، اقتصادی، فرهنگی، اجتماعی، ورزشی، حوادث، فناوری و غیره را منتشر می‌کند.  مدیر مسئول: گودرز هوشمند
a_wahaj_sa,channel,عروبة,163,برنامج قيمي وثقافي يهدف إلى تأهيل الفتاة الجامعية للاعتزاز بالهوية العربية. | مقرنا: الرياض - مجمع نور بحي النرجس | احد مشاريع https://t.me/Wahaj_SA
cemril0,channel,cemril_,62,sᴛᴀrᴛ - 15.06.26🇹🇷 джемрош моя🤌🏻 По вопросам к модератору/администратору - @Steffduelllxx
strategic_crossroad,channel,Strategic Crossroad,160,Contact @MarziehRabbani  ᴿᵉᴾᵒˢᵗ≠ᴱⁿᵈᵒʳˢᵉᵐᵉⁿᵗ linkedin.com/in/marzieh-rabbani-846a899a
s2sharafeh,channel,یک سید ²شرفه ☫,111,『بسم‌ اللہ』 ⭒ʾʿֶֶֶֶֶֶֶֶֶֶֶֶ֪֪֪֪֪֪֪֪֪֪֪֪🌚🫱🏻‍🫲🏼مسئولیت وقتتون با خودتونه⭒ʾʿֶֶ֪֪ دِیلی _جمادی‌الثانی☻︎_  _اهل کشورِ قم_
vetersvobodu,channel,Ветер Свободы|Дагестан,3473,"Не один народ, не одна правда!  Подписывайся, если видишь будущее Дагестана независимым.  Наш бот для связи @Vetersvobodu_bot"
newscinar,channel,Cinar,442,Чинар (Çinar) — Независимый информационный портал.    По всем вопросам: @Cinaraz_bot
babay_han,channel,Берязев,64,"публицистика, эссе, стихи"
ggtogastream,channel,ggToga Stremler🦦,894,Стримы тут- https://kick.com/ggtoga https://trovo.live/s/ggToga
gokartwork,channel,🕸𝕼𝖔𝖐🕸,220,@Goktalkbot ---- http://t.me/HidenChat_Bot?start=8554509049 ----
dailygokuluck,channel,💥 daily gokuluck,246,
futurewinner10kggmillions,channel,Future winner GGmillons 10k? We'll find out soon😉,827,"Покерный блог гигагрессивного, не талантливого регуляра по покеру.  Twitch- https://www.twitch.tv/timkevich  Личка-timkevich999"
godblessstore,channel,GOD BLESS STORE,378,"Мы являемся магазином который привезет любые вещи в самый быстрый срок с любой части планеты.   Заказать - @tussinteacher 📲  При выкупе предложанного вами айтема (с сайта , платформы) - мы не отвечаем за состояние и оригинальность вещи!"
ggpokerok_download,channel,Скачать ПокерОк на ПК: клиент GGPokerOk на компьютер Windows и Mac,261,"Чтобы начать играть в покер-руме GGPokerOk, вам обязательно нужно скачать официальный клиент ПокерОк для ПК. В зависимости от вашего компьютера, выберите pokerok.exe для Windows, или pokerok.dmg для MAC."
gggovvnooo,channel,G0NER16+,647,https://hipolink.net/gonerr55  https://boosty.to/goner7291   05.06.2023
gorebox656,channel,Горебоксеры[GDR],298,"Привет дорогой участник,тут ты сможешь узнать подробнее о наших серверах и их запуске! Также у нас есть собственный чат-https://t.me/+2Qn7FuMD1QIyNTIy"
giveekik,channel,INFO G.A NOKTEL EKIK,115,owner: @ekikaja bot: @giveekikbot gb : @nokteljembot ch stok : @noktelekik
evusikplay24,channel,Парк ГогольЛенд,85,Канал был создан 2 сентября 2024  Анон бот -  http://t.me/anonaskbot?start=6xual  Второй тгк с артами - https://t.me/GogoluLend21
goreboxlord,channel,Gorebox lord//RP//,87,"""Gorebox lord"" это проект который существует уже 2 года В нем находится много активных людей А также часто проводятся сервера Жду вас всех! https://t.me/Forum_GoreboxLord <——форум по вопросам и сотрудничеству писать @Iord_lord"
gokuluckk,channel,gokuluck archive,67,"бот: @gokuluckk_bot влд: @kionawq примечание: это не дейли, не таймли, просто архив и комфорт плейс для любителей гокулак"
ggpokerok_com_ru,channel,"GGPokerOK официальный сайт - ПокерОК | Скачать клиент, Регистрация, Покер бонусы на 2026, PokerOK бонусный код",18,"Зеркало сайта Покерок скачать GGPokerok клиент и приложение, регистрация с бонусом до $600. Играть в покер онлайн на деньги и бесплатно.  Bcё о покер-руме – как начать играть в покер онлайн, Актуальные акции GGPokerOK промокоды.  🌐 https://ggpokerok.poker"
gopota_net,channel,gopnik,73,Рисую  всякую всячину http://t.me/anonaskbot?start=gx8mbOQpxAZmCZQ Задавайте вопросы я буду рада отвечать ^^
golubecficbook,channel,Голубец🥂💥,18,"❗Тут публикую все новости о фанфиках, заранее пишу о публикациях +иллюстрации/обложки ❗  #ВернитеФикбук молюююююююю  Акк на фикбуке: https://ficbook.net/authors/6914456  Вк сообщество: https://vk.com/publictvorets001  Тгк по артам: @prostogolubhudoshka"
gummy_thomagavk,channel,Gummy ThomaGavk✨,16,Пандемониум приветствует тебя. (Если тебе больше 18)
irishcream_art,channel,IrishCream,389,
yilcrss,channel,илукрссс,128,editor || ae 2020 tiktok yilcrss ☆彡  https://boosty.to/ilycrsss/donate
nofkajadam,channel,𝒥𝒶𝒹𝒶𝓂❀𝒱𝒶𝓃𝒾𝓁𝓁𝒶𝑅𝒶𝓉,104,(начало 08.06.24))  Видите бежевый хвостик!? Так это же Джадам!  Моя лска - @JadamVanillaX  Буст: https://t.me/boost/NofkaJadam  #илюстрации #Диджитал #Арты #Художник
tixieoi,channel,ⲦⲒⲬⲒⲈ || 🐬,43,Кавер группа под прототипом LE SSERAFIM  SELIVI || ?? || ?? || ?? || ?? ||
slytherinchronicles,channel,ПЕРЕЕЗД ๖⁠⁠⁠The slytherin chronicles,34,#печатьсмерти  Комфортное пространство для самовыражения и творчества.
styduikl,channel,¡~`𝗞𝘆𝗶𝗹𝗮𝗻𝗱 𝗦𝘁𝘂𝗱𝗶𝗼¿👄,28,𝗞𝘆𝗶𝗹𝗮𝗻𝗱 𝗦𝘁𝘂𝗱𝗶𝗼 приветствует тебя! Инфо канал- @keilinstudio Архив- @keilinstudioo За заказиком/заявкой @sxweni  Крыло @loulabeloi  🐶𝗦𝗵𝘂𝗻𝘆 @ShunyPort 🐰𝗠𝗶𝗻𝗵𝗶 @minhi_port 𝗞𝗘𝗜𝗟𝗜𝗡 @pampi_oi_group 🐙𝗠𝗶.𝗥𝗮𝘆 @MiRaypraice
velvetfame,channel,VelvetFame,11,
delirium_uoi,channel,𝘋𝘦𝘭𝘪𝘳𝘪𝘶𝘮🍡,15,D౿𝕝𝗶r𝗶𝗎𝗆 — Г𝗒𝗉т н𝖺 𝗇𝗉𝗈𝖼т𝗈𝗉𝖺𝗑  𝗒𝗈𝗂 я𝗄𝗎ū т𝗈чн𝗈 𝗇𝗂д𝗄𝗈𝗉𝗎ть            в𝖺ш𝖾 𝖼𝖾𝗉ц𝖾. ° 물  𝖪𝗈ж𝖾н г𝗈л𝗈𝖼 н𝖺ш𝗎𝗑 𝗒ч𝖺𝖼н𝗎ць  з𝖺в𝗈𝗉𝗈ж𝗒є  Наш лейбл : @catwalklabel оформлення: @meiwykitsch
damselindelirium,channel,damsel in delirium,25,Romantic fantasy lovers club Записки сказочницы
hiyokodream,channel,𐋏iy᧐κ᧐ 𐍃ᥲi᧐ᥒji's δᥣ᧐g,27,"Hi! I'm Hiyoko Saionji, Ultimate traditional dancer!"
dyhlordyfelintryhlormetylmetan,channel,Дихлордифелінтрихлометилметан,12,"Йоу йоу. Хеллоу. Я тут пишу/малюю якусь хуйню, іноді українською, іноді англійською. Багато щп. Прям багато. В підвал не пускаю якщо не заплатите😋 ★ На даний момент займенники вони/вона/він, але в принципі байдуже."
redveluies,channel,𝑹𝒆𝒅—𝑽𝒆𝒍𝒖𝒊𝒆𝒔 : in art galleries ✿,12,
eliasprotagonist,channel,elias,13,
blorelderfaerie,channel,⟬Dлоr Эlдеp ф3йри!⟭ (сетка),3,"Примечание: канал просто по рофлу и здесь все не по канону.  Будет черный юмор, каннибализм, кровь. Также будет реакция на определённых персонажей из Крк как белая лилия, Шадоу Милк, сайлент солт"
tailleus,channel,🍵,3,@silkenfigs
eleanor_eng,channel,Элеонора на английском,50,Ваш репетитор с 25-летним опытом.
angloterraschool,channel,Англотерра Иностранные языки,121,"Языковой центр «Англотерра». В канале пишем об обучении языкам, интересные факты и полезные советы, а также о методиках, которые используем мы сами.  По всем вопросам пишите в наш чат-> @angloterra Телефон +7(831)213-53-54 Сайт www.angloterra.ru"
sahar_collectionn1,channel,Sahar Collection🎀,245,به 𝘚𝘢𝘩𝘢𝘳 𝘊𝘰𝘭𝘭𝘦𝘤𝘵𝘪𝘰𝘯 خوش اومدی🫶🏻💗 ااستایل راحتی، راحتی استایلی ✨🎀 シ انواع تیشرت‌های باکسی، ترند، ساده، شیک✨ ارسال فوری به سراسر ایران 📦 📍نیشابور  برای ثبت سفارشاتون🫶🏻 @S_Admin7
dirtyangelxx,channel,𝔇𝔦𝔯𝔱𝔶 𝔄𝔫𝔤𝔢𝔩♱,788,Order: @Punishedlamb ⋆ t.me/HidenChat_Bot?start=8026903809 ⋆ Feedback: https://t.me/Dirtyangeltrust ⚜️
poushakanam,channel,anam_pushak,157,
sevenweend15,channel,Джива ☠️,146,Лучший игрок тг комы
thepremium_wears,channel,SSS Wears & Accessories,625,Одежда и аксессуары премиум качества от мировых брендов  Заказать @ef0077
grabber_skidki,channel,Скидомания❤️,59,"• «🔥 Лучшие скидки и акции с Ozon, Wildberries и других маркетплейсов. Каждый день новые находки по выгодным ценам!» • «💸 Экономь на покупках! Собираем самые горячие скидки и промокоды маркетплейсов в одном месте.» • «📦 Wildberries, Ozon, Я.Маркет и др."
striwears,channel,StriWears,,
blueedarya,channel,موج‌های کوچک دریا,421,دریا هستم؛ درحال تبدیل شدن به اون معلمی که خودم بهش نیاز داشتم.  (اینجا دارم از نور و تاریکی می‌گم؛ از زندگی.)  https://t.me/HarfChatBot?start=0419605d4ea1
rey_haneh_061,channel,-𝐑💞,102,مست بودم مسیج دادم دلم تنگ شد🦎
hey_sarmad,channel,سَرمَد,149,"هانیه ای که الیناعه اینجا همه چی هست،جز دلیل برای بودنش. ""اگر نبودم مرا در چیز هایی پیدا کنید که دوستشان داشتم"" http://t.me/HidenChat_Bot?start=6505858871 nepenthe!"
ravvveen,channel,Raven,95,
theproudlineage01,channel,𝗧𝗮𝗯𝗮𝗿 𝗼𝗳 𝗣𝗿𝗶𝗱𝗲 | تبارِ غرور,48,و در آخر هر آنچه دوست داشتم رها کردم...🫩
yoursportnetsupport,channel,AIR DROP'S,16,
klazhifu333,channel,巴西支付/巴西支付系统/印度支付,13,🚀 塔塔支付系统出租 💡 专业搭建海外支付系统，只做海外！！！     目前已开通印度、越南、巴西；可免费开发新国家     纯协议全自动回调；     智能预警机器人：OTP掉线预警防掉单、下发预警防冻结； https://brazilpay.net/     自带查单、记账机器人；     精修收银台，成功率更高；     支持跑分平台模式； 💰 费用：物美价廉!!! 📞 客服： @zfxt5
meninacristta,channel,💞𝑀𝑒𝓃𝒾𝓃𝒶 𝒞𝓇𝒾𝓈𝓉ã📖,367,"Cria em mim, ó Deus, um coração puro e renova dentro de mim um espírito inabalável. ❤️ Salmos 51:10"
dybalpng,channel,dybal's room,262,دوست دخترم تاج سرم💍 https://t.me/HidenChat_Bot?start=7717347634
ninmmaa,channel,ninmma.mp3,182,надя нинма? team: https://t.me/mp3crew tt: @ninmmaa inst: https://www.instagram.com/ninmmaa4?igsh=NTc4MTIwNjQ2YQ==
ksgnom09,channel,gnchrvksn,154,лс - @gnchrvksn
mama_debutant,channel,Не мамкай мне тут,61,Канал уже родившей дебютантки
lnslkv_life,channel,🌱частичка моей life🌱,64,"Мамочка в декрете, жена, спортсменка, комсомолка 🤣"
lesmeeee,channel,yummy.lishka,55,
keray_yunini1,channel,черемша алися,16,юци и милкивей моя любовь Only K
cherietheme,channel,ساب تم,7,
iamnitroem,channel,нитроем,4413,"художница от грусти   рисую жизнь так, как чувствую   ⊹  тут канал с моими рисунками  а личный канал (про мерч, работу и всякое другое) вот тут -> @cloverdiary"
pureodette,channel,рестrestㅤִ ꒰ᩫ ິ ‌‌𓐄‌ ‌‌ 春𝗮𝓶eㅤׄ ︵᷼,152,беру фоточки 4к и в общем материалы из этого канала ! ' t.me/sparxiehq ' and ' t.me/artevils ' кр пнг нсо - t.me/needypng НЕ УЧАСТВУЮ В ЧИСТКАХ
jannetjim,channel,гад дэмн🤠⚢🐴,58,make america gay again everything you can do is can do bleeding  Тамблер https://www.tumblr.com/jannetjim?source=share
nettt245,channel,генератор хуеты,296,
necrozaim,channel,†NecroZ 18+,52,‼️В канале присутствует жестокий контент
argentumsetis,channel,АРГЕНТУМ СЕТИС !,79,"Всегда сдавайтесь, плывите по течению. А ТАК ВООБЩЕ ТУТ ВСЁ ПОДРЯД О МОЕЙ ВСРАТОЙ ЛИЧНОСТЕ И ЖИЗНЕ И ХОББЭ КАКИЕТТО И ВАХА И ЭТА дайте денег пж... TikTok: Argentum Setis"
an_intillathem,channel,Я думаю(Anthem),130,Рисую лол
ihm_art,channel,Ihm,37,
hdhawks,channel,РЕСТ | ⤭HAWKS ִ ⎯ ︎ ︎‖︎,41,
folly_2,channel,[РЕСТ] 🍨Босс художки 🍨,27,НИКНЕЙМ‼️‼️‼️‼️‼️СРОЧНО ОДЕНЬСЯ‼️‼️‼️‼️‼️‼️‼️‼️‼️‼️НИКНЕЙМ‼️‼️‼️‼️‼️СРОЧНО ОДЕНЬСЯ‼️‼️‼️‼️‼️‼️‼️‼️‼️‼️НИКНЕЙМ‼️‼️‼️‼️‼️СРОЧНО ОДЕНЬСЯ‼️‼️‼️‼️‼️‼️‼️‼️‼️‼️НИКНЕЙМ‼️‼️‼️‼️‼️СРОЧНО ОДЕНЬСЯ‼️‼️‼️‼️‼️‼️‼️‼️‼️‼️НИКНЕЙМ‼️‼️‼️‼️‼️СРОЧНО ОДЕНЬСЯ‼️‼️‼️
shshzhzjzj,channel,(щп) 🎀,57,‿‿‿‿( ˘͈ ᵕ ˘͈♡)‿‿‿‿  #AidenPatriotic #Aidensimp #Aiden
nagomushka,channel,nagomu,23,
nastyakeklol3,channel,настя кек / сахзам #single,44,ВСЕМ ПРИВЕТ! я снова с вами:3
unkmir,channel,✨Миркинси 2.0✨,42,"Хей-хей приветики, не забудь глянуть навигацию ;р Анонка: http://t.me/anonaskbot?start=UMirohodec"
snesuk993,channel,Изучаем мир с снесом,33,"Одаа, это я. Как я до жизни докатился такой? А вот сейчас и поведаю.."
nezhenkaarch,channel,неженка.,18,нежная редачит
mehrbanoodoukht,channel,اکادمی مهربانو دوخت,18825,
ermiyamod1401,channel,آموزش خیاطیErmiya_mod,2145,ارتباط با ما:👇👇👇👇👇👇👇👇  https://t.me/ermiya_mod_nazary
nun1402,channel,کانال آموزش خیاطی نون,350,
httpmhanash,channel,🌹خیاطـــی وپارچە سرای هەتاو 🌹,590,🪡🧵به گروه اموزش وخیاطی هەتاوخوش آمدید .🪡🧵 ایدی مدیر@rezanabba   ‌      https://t.me/+B3HjaA17TzM3MWRk لینک گرو لینک کانال::https://t.me/httpmhan دوخت انواع لباسهای ڪوردی ،بچــــەگانە مجلسـی،   قــــصری  ڪار با الگــــو،در انواع مدل  ادرس تٲمین اجتماعی
sabtenamekhayati,channel,ثبت نام آموزش های خصوصی خیاطی,25,
herabora66,channel,Херабора,307,Клоун/художник/фурри  Сквад: ᶜᵃᵗʰᵃʳˢᶤˢ
kris_kochetova,channel,Кристина Кочетова,172,"Смысл важнее зубрёжки 🪐 • русский язык, книги, творчество и красота повседневной жизни. • полезные материалы, вдохновение и немного уюта каждый день.  Записаться на занятия → @krisrepet"
officialsimran12,channel,OFFICIAL SIMRAN 😌🤍,145,⏤͟͞ 𝐒IMRAN 🍷❤️‍🩹
ssymphoterica,channel,саша симфø,199,"иду путем индивидуации, соединяя тело и сознание в единое звучание.  рядом со мной ты погрузишься в подлинное состояние присутствия ❥ • мастер по аеройоге и телесным/ментальным практикам, звукотерапевт, диджей, психагог. • для записи на встречу @ssympho"
ssshhhiiitttsamirka,channel,Щитпост Самирки,34,"🌟Болтаю, размышляю, смеюсь, грущу. 🌟Тут публикуются мои истории из жизни, какие-то мысли, недо-контент по совсем разным фандомам и куча чего ещё!  🌟Анонимка :: https://t.me/questianonbot?start=ssshhhiiitttsamirka"
meruartspam,channel,Meruuusart,81,For comms/wips/finished works 🤔
mashiirochka,channel,маширо,104,
lera_aaeya,channel,ааэъя💥,31,
malayayaya3,channel,꒰ა Malaya ໒꒱,33,результаты интерактивов: @results_interactions
disilyrart,channel,Disilyr,11,"Канал для тех, кто хотел бы следить за моим творчеством"
asyartist0,channel,ɑsyɑ | sõlo ɑrtìst,10,
blackskywhite_theatre,channel,Театр черноеНЕБОбелое,219,Московский театр черноеНЕБОбелое был создан в 1988 году Дмитрием Арюпиным и Марчеллой Солтан
aliieno,channel,échos Lointains,262,L’âme italienne dont le cœur bat pour la musique   گوش کن وزش ظلمت را می‌شنوی؟ من غریبانه به این خوشبختی می‌نگرم من به نومیدی خود معتادم «فروغ فرخزاد»   @aliieno_bot t.me/HidenChat_Bot?start=1488879964
habernas,channel,Habernas.com,152,Habernas.com
m1lkyy_wayy,channel,amanokawa,121,
dhgvfh,channel,Ｒ。 ⁸⁷ ＩＢ القناة روم,123,تُحسن الظن فتُندم ،خير من ان تُسيئهُ فَتُظلم 🤍.    اݪݪھم راحة ݪا تنتھِي ، اݪݪھم نعيم ݪا ينفذ ، اݪݪھم اݪجُزء اݪݪطيف من ڪݪ شيء🤍.
kahrobaco_com,channel,KahrobaCo,4,گروه بازرگانی کهربا
workanocom,channel,Workano,3,Workano
olgamakeevapsy,channel,Психолог Ольга Макеева,460,Кризис - это ступень вверх. Превращаю проблемы в отношениях и работе в путь к счастью. 50+ игр для вас  Начни здесь: https://t.me/olgamakeevapsy/306 Связаться: @olga_studiom
okki_group,channel,OKKI CHANEL,38,
clouds_oi,channel,☁️~𝗖𝗟𝗢𝗨𝗗𝗦~☁️,6,Новая ои группа под прототипом illit Набор от4☁️
neocraftofficial1,group,Чат закулисье Неокрафт - вышивка,957,"Чат бренда Неокрафт  Сайт-магазин neo-craft.ru   Вступление по заявке, простите, одолевают боты 🙏🏻"
khalturakazan,channel,Халтура Казань|Работа Шабашка грузчики,414,По вопросам размещения  Работы и Халтуры пишите сюда▶️ @Rabotaadminh Халтура  Шабашка
utukchu,group,УТУКЧУ ШВЕЯ БИШКЕК ШВЕЙНЫЙ ЦЕХ,164,
flyceramics,channel,Студия керамики,119,"www.flyceramics.ru  Написать нам: @flyceramics_admin  Наш адрес:  метро/мцк Шоссе Энтузиастов, ул. Уткина, 48"
crazybeaver24,channel,Crazybeaver24,138,Столярные работы 🔨 +7(903) 772-33-22
cinicivrukah,channel,Синицы в руках • Творческие мастер-классы,60,Творчество и теплые дружеские встречи в самом сердце столицы 🤍  ✦ мастер-классы  ✦ девичники ⁣⁣  ✦ арт-вечеринки⁣⁣  ✦ аренда пространства   Запись на МК по ссылке https://n2127149.yclients.com   По всем вопросам: 89235541920 89235543998
inter_art_doors,group,INTER ART DOORS,70,"Сапалы хам арзан даруаза, есик, решотка, ограждение темирден исленетин буйымларды ислеп апарып орнатып беремиз Хабарласыу ушын тел 907340091"
rutvor_master,channel,РуТвор мастерская деревянных заготовок,10,Творческая мастерская. Деревянные заготовки от РуТвор и роспись от наших покупателей ссылка на канал в МАХ https://max.ru/u/f9LHodD0cOIwBFOd9yz2r9kG-WrSGM35kaYtYb3fbX7M774ix8XdytAtTNU
sedisy_lollh0m3,channel,Домік sedisy_lol🇺🇦,493,"୧ ‧₊˚ 🍮 ⋅ ☆ | 𝒻𝑜𝓁𝓁𝑜𝓌 𝓂𝑒 ! ♡ 𝜗𝜚 ::  контент мейкер, седісу ! . . підзарядіть канал бдлск Т_Т pfp : cr @𝚎𝚗𝚜𝚔𝚔𝚝 on x"
kotegaeshi3000,channel,100000000000000000000000000000000000000000000000000000000000000000000000000000000000000000000000000000000000000,161,по всем вопросам в дм канала
sthmeet,channel,STH meet,130,Бот – @STHmet_bot Cr: official art
sonnayadolly,channel,SleepyDolly,206,Рисую всратости
tceflain,channel,"АРХИВ ДОКМАНИИ, У МЕНЯ НОВЫЙ КАНАЛ",169,"Я художник/писатель, очень комфортный.   ТГК 18+! Сидите тут на своё усмотрение.   АНОНКА И ЩП КАНАЛ!!!!! - https://t.me/+fr3tqTUq3qhkMWYy"
cherrysodies,channel,рест 🧋Сᴏдᴀ и Виɯᴀ | PᴏnyTᴏwn 🎶,65,"Канал по Pony Town!  Арты, пони.   Связь @kwnro Щп https://t.me/+gdO0X6vK3GQzZjMy Подписки и отписки по несколько раз— бан на всегда.   Прайс-лист https://t.me/+t2gJIzKQDY9kMjY6"
spyfamilycff,channel,SPY × FAMILY CONFESSION [🕵🥜],129,бот для тейков - @spyxfamily_confesstion_bot  связь с администрацией - @antog_ka или @geliebtemarilyn
sedighdesign,channel,SedighDesign,49,Instagram: https://www.instagram.com/sedighdesign?igsh=MThwbjdqYmJ5cnQ4ZQ==
ezhik_urrr,channel,🫧 Sadness Soul 🫧,133,"Приветствую тебя, ежонок, на своём канале! ❤️ Здесь ты увидишь посты моих косплеев, закосов, личной жизни, посты про мои начинания в фотографии.  День рождения канала: 12 марта 2022 года"
scenariosofhope,channel,Sᴄᴇnᴀriᴏs ᴏf Hᴏᴩᴇ,114,
shestspolivinoi,channel,Шесть с Половиной confession,102,
c1gsmk,channel,ㅤник,90,ㅤㅤㅤ ‌ ‌ ‌ㅤㅤㅤ ‌ ‌xerc9zbot.t.me ㅤㅤ ‌ ‌ ‌ㅤㅤ  𝄀𝄃𝄅𝄃ㅤㅤ ‌  #cę  ‌ㅤㅤnıcoţ1naㅤㅤㅤㅤㅤ
cynosethos,channel,daily⥤cf sethno┆cythos,67,Облизать пяточки Сайно
fivemoment,channel,• Sedentary Lessons,69,ОГОНЬ СИЛА ЖЕНЩИНА MY PRONOUNCE ARE RYU SEI TAI https://youtu.be/uu_oNmPtwh8?si=g5k7zmyUuy0t_Zkt
megaystrica,channel,Hershey :P,43,Хёрши/Устрица ;33 Лс @ystrica_tot
sonedoylove,channel,𝕾𝖔𝖓𝖆𝖉𝖔𝖜 𝖆𝖓𝖉 𝖄𝖟𝖎,13,"Здесь я выкладываю все о Сонедоу и не только  Если подпишешся, мне будет приятно"
seildirectorycf,channel,Переходник,8,
meyanch,channel,Meyan,46,Начало канала: хороший вопрос. Автор авы — @finikJspini  Эклеры. Я СЫН ЛОСОСЕЦ.
malmiksins,channel,𐌲ρ᧐ɜ᧐ʙ᧐ᥱ Нᥱδ᧐ ʙ ᧘учᥲх Тᥱʍн᧐ᴦ᧐ С᧐᧘нцᥲ,32,
renquete,channel,ꜱᴏᴜꜱ ᴇɴǫᴜᴇᴛᴇ — ʀ. ʟ.,48,"ᴛʜᴇ ʙᴀᴅɢᴇ ᴏɴ ʜɪꜱ ᴄʜᴇꜱᴛ ᴘʀᴏᴍɪꜱᴇꜱ ᴊᴜꜱᴛɪᴄᴇ, ʙᴜᴛ ᴛʜᴇ ɪɴᴋ ɪɴ ʜɪꜱ ʟᴇᴅɢᴇʀ ᴛʀᴀᴄᴋꜱ ᴀ ᴍᴜᴄʜ ᴅᴀʀᴋᴇʀ ᴄᴜʀʀᴇɴᴄʏ. ᴏᴡɴᴇʀ: @noucurso ɪɴꜰᴏ: @infodelestrange"
mewmetys_room,channel,꥟ѡϱɭϲσɱϱ ʈσ 4ɱϱѡɱϱʈƴ ɼσσɱ𓆩𓆪҉,5,"- Здᴩᴀʙᴄᴛʙуй, ᴛы ᴨᴏᴨᴀᴧ ʙ бᴧᴏᴦ Ꮇьюʍᴇᴛи. Пᴩиᴄᴏᴇдиняйᴄя и нᴀᴄᴧᴀждᴀйᴄя! Цᴇᴧь: 20 ᴨд."
podnebese_mechnicov,channel,Пꪮ‌ִᧁ‌𝆬ห‌۫‌ᧉ‌ᨢִᧉ‌ᧃׄьׄᧉ‌ ຕִׄᧉ‌чִห‌۫‌ບ‌𝕜ׄꪮ‌ִϐ᷼,3,"🕯️Здρᥲʙᥴᴛʙуᥔᴛᥱ д᧐ρ᧐ᴦᥙᥱ ɜρᥙᴛᥱ᧘ᥙ, ϶ᴛ᧐ᴛ κᥲнᥲ᧘ ᥰ᧐ᥴʙящён ʍ᧐ᥙʍ ʍыᥴ᧘яʍ ᥙ ᥴ᧐ʙᥱᴛᥲʍ нᥲ ᥴʙᥱᴛ᧘᧐ᥱ δудущᥱᥱ.🕯️  🕯️Нᥲдᥱюᥴь ʙы нᥲᥔдёᴛᥱ ɜдᥱᥴь чᴛ᧐ ᥙщᥱᴛᥱ, ᥰρᥙяᴛн᧐ᴦ᧐ дᥲ᧘ьнᥱᥔɯᥱᴦ᧐ ᥰρ᧐чᴛᥱнᥙя^^🕯️  🕯️В᧘ᥲдᥱ᧘ᥱц: @semfany 🕯️"
davidsiavashawesta,channel,awesta7000,141,Awesta.net #روشنگر #سیاوش_اوستا #اندیشگاه_اوستا  #خامنه_ای #امام  #رضا_شاه #آریامهر #شهبانو #پهلوی #تبریز #فردوسی #اصفهان #کسروی #شیراز #هویدا #ایران #آریا #تقویم_آریایی_میترایی سال 7763  iran.pm   نوین زرتشتی  Zartosht.fr #david_abbasi #مشهد
alisafranka,channel,АЛИСА ИГНАТЬЕВА,326,
iranundkultur,channel,خانه فرهنگ ایران - برلین، آلمان,397,کانال فارسی زبان روابط فرهنگی ایران و آلمان فرهنگ و هنر ایران و ایرانیان  تماس: info@irankultur.com  www.irankultur.com berlin.icro.ir
jiranhome,channel,دفترخانه جنایات ادبی,102,"Patria o muerte, venceremos.   https://t.me/LaResistenzaorion  :ناشناس خیلی ناشناس  http://t.me/HidenChat_Bot?start=7558891520"
iranianfarda1400,group,پویش همه باهم ایران,92,www.iranianfarda.ir
irina_kreativna,group,Визуал с Ириной,57,"«ИИ для всех ваших идей → Фото, видео, музыка → Получите за 24 часа»  Пишите : @Kristins505  Всё обсуждаемо и индивидуально."
antonovaira97,channel,Фотограф из Санкт-Петербурга ❤️📸,55,"Добрый день, меня зовут Ирина❤‍🔥  Я фотограф🥰 Моя главная задача, сохранить моменты которые больше никогда не повторяться. У меня очень много идей для вашей необычной фотосессии🩵 Мой номер телефона вотсапп/тг 89650426323🌷 https://vk.com/club226233501"
lena_iva_anatoll,channel,Художник Елена Иванцова,41,В продаже картины маслом
sun_shine_ir,channel,SUNSHINE,1165,یک چنل مانگا، مانهوا و وب ناول ایرانی برای علاقه‌مندان شاهکار روز   لطفا از کپی و نشر بدون اجازه در اپلیکشن های دیگه خودداری کنید
demoo33,channel,أستعن بالله🤍🍂,134,حسبي الله لا إله إلا هو عليه توكلت وإليه أنيب🍂
slyshusekai,channel,|Подслушано| •ру секай-даб фд•,575,"Подслушано - место, где вы можете поделиться своим опытом озвучки, мнением, критикой и тд ру секай дабе!  icon cr @mmorik, @lirrawrr   ~https://t.me/searchrusekai - поиски ролей, проектов"
saekcr,channel,SAE ✧˚⋄,1186,саечка на месте  анонка: t.me/saetalk_bot  https://t.me/boost/saekcr
coach_search,channel,Блокнот искателя,181,ВДАшка учится жить эту жизнь. Исследую границы самопомощи и терапии.   Для связи @nata_lis28
look20300,channel,آسـࢪآࢪ👌وخبـيآ,1830,آسرآرڪ مـعآنا 👌
must_search,channel,+search,159,"Search, Apache Lucene, Apache Solr, Elasticsearch, OpenSearch, Vespa, Qdrant, etc  discuss https://t.me/+-2h4V8vi-eYwZTcy"
seoeshi,channel,S e o,691,SNS Твиттер: https://twitter.com/SeoSanselard Вк: https://vk.com/seosanselard
hxxxnold,channel,ㅤㅤㅤ𝚴OCTIS,336,ㅤㅤ ㅤㅤ ㅤㅤ ㅤㅤ ㅤㅤ ㅤㅤ ㅤㅤ ㅤㅤ ㅤㅤ ㅤㅤ MIDNIGHT FEELINGS IN EVERY FRAME.   http://t.me/HidenChat_Bot?start=8494251816
fxw2tvwzettinzzk,channel,❦⃟꯭‌artist elisa,154,"☆A good designer learns how to design not by drawing and imitation, but by inspiration and feeling.☆"
hmin3t,channel,𝗀𝗂𝗆𝖻𝖺𝗉 𝖺𝗇𝖽 𝗈𝗇𝗂𝗀𝗂𝗋𝗂,56,پاشو یه سریال خوب انتخاب کن و همراهش گیمپاپ بخور!
eescmaa,channel,Lilis home,70,@Eescmaabot
xx_berika,channel,berika٬,88,what's been happening lately💗. 🗒1403/5/27
hotdamncore,channel,HOT core.,40,
malek_elnaz,channel,جـیراں ꔫ,44,رنگ چشمت ، رنگ دریـا ؛      ♟        سینه؎من دشت غم هـا @Jeiran_privatbot        سیؙ یڪمین روزازخࢪدادهزاࢪؙچھاࢪصدؙپنج 🫶🏿
ronddwalen,channel,سرگردان(مسافر شب),42,بعد از تو لای زخم هایم استخوان کردم http://t.me/HidenChat_Bot?start=1908703533
chuckyfan_tablighat,channel,تبلیغات مجموعه chuckyfan,52,
trust_channel_alpha,channel,چنل اعتماد شاپ آرنا بریک اوت آلفا,15,در این کانال اسکرین شات از خرید های روزمره ای که برای ممبر های چنل انجام شده قرار میگیره .  رضایت شما افتخار ماست♥️  برای خرید های درون بازی به آیدی زیر پیام بدین :  @AliReza_Mvp  کانال اصلی :  📻Channel: @Arena_Breakout_Alpha
sigma_ice_cream_boy_challengs,channel,Challenge,10,https://t.me/agha_sigma_bastani چنل اصلی
javabinjaaaa,channel,اینجاست!,3,یسری از چنلا هستن اصلا وایب بهم نمیدن اگه نذاشتم چنلتونو ناراحت نشید
thtweeet,channel,TH-TWEET,72457,گلچینی از توئیت های ملت!  صحت تبلیغات نه تایید میشه نه رد !  Me / @Cllooe
candomtwitt,channel,{ کاندوم توییــت },1062,توییتای سمی که نیاز به کاندوم دارن بکشی سرشون  ‌‌
telawat_daralhadeth,channel,دار الحديث للعلوم الشرعية بمعبر,900,
kadiy_adm,channel,Администрация Кадыйского МО,287,"Официальная страница администрации Кадыйского муниципального района Костромской области 📍пгт.Кадый, ул.Центральная, 3 Наши группы в социальных сетях: 📌Вконтакте https://vk.com/kadiy_adm  📌Одноклассники https://ok.ru/kadiy.adm"
kajamat,channel,كجمات | Kajamat,41,"قناة تختص بالكجمات السريعه: السوق خسرك؟ تعبت من البتكوين؟ عايز تعويض سريع؟ مكانك هنا, اكجم وعوض واتخارج من السوق الهابط. ً الاستثمار خيارك Contact us : @SansiKon. NFA: not finaincal advice"
medicalpup4_bot,bot,القنوات الطبية التعليمية للتواصل,,
baehearts_0i,channel,𝗕𝗔𝗘𝗛𝗘𝗔𝗥𝗧,45,
dengizdir_qalbm,channel,dengiz_qalbm❤️‍🩹,9,shunchaki yurakdan  maqsadimiz mashxurlik emas🫸🏻 Qalblarni zabt etish❤️‍🩹 videolar hayotimga aloqasi yuğAdmi
rafikicastle,channel,Rafiki Mwema,3,A channel for all things #RafikiMwema  Join to get your updates on telegram!
magoohaa,channel,مگوها🌱,228,•حرف‌های نگفته شنیدنی‌ترند.... •
music_is_in_my_soull,channel,𝑀𝑈𝑆𝐼𝐶 𝐼𝑆 𝐼𝑁 𝑀𝑌 𝑆𝑂𝑈𝐿,1439,💎اینجا زیباترین جا برای تنهاییست💎  تجربه ای زیبا از غم و شادی   .                   موسیقی، هنر، اندیشه ____________  کانال دیگر👇 📻 @khonyagare_rooh  ______________  ارتباط از طریق بات 👇 برای دریافت پاسخ، بات را استاپ نکنید  @immortal_Aphrodite_bot
homeeventplace,channel,HOME event place | банкетный ресторан,55,"Мы современный банкетный ресторан  : «HOME - event place»  Петроградский район,  Санкт-Петербург  Записаться на встречу @manager_hep  WhatsApp https://wa.me/79119292860  Insta: https://clck.ru/39pRYg"
mysoftloftcafe,channel,Историческое кафе «Мужская кухня»,167,Канал исторического кафе
ghessekade,channel,قصه‌کده | کانال کودک و نوجوان,536,کانال کودک، نوجوان، کودکِ درونِ بزرگترها🧸 می‌خوانیم، می‌نویسم، کاردستی می‌سازیم، نقاشی می‌‌کشیم و... پیامِ ما شادی‌ست 🤗  گردانندگان: «مهری.ع» و «نگار انوار»  https://www.instagram.com/qesekade
nevskifurshet,channel,"Невский фуршет | СПб (кейтеринг, доставка, банкет)",51,
a200400as,channel,𝕬𝖓𝖌𝖚𝖘,417,دیلی یه دانشجو  🥹🔬🧬 روزمرگی شادی غم اینجا خود واقعی منه ناشناسم: http://t.me/HidenChat_Bot?start=919495462
demialoff,channel,Demial,589,https://t.me/nunastein - писать ей только по вопросам рекламы или если хочешь предложить новость!  Основной канал - https://www.youtube.com/@Demial  Второй канал - youtube.com/c/DemienoKoumie  https://boosty.to/demial - донат и поддержка
wwdinoooo,channel,DINOOOO,545,
d1nazaur_png,channel,Диназавр.пнг🦕,222,"Цирк уехал, а клоуны остались"
savebits,channel,`𝑈𝑛𝑠𝑝𝑜𝑖𝑙𝑒𝑑,75,"""𝐼'𝑚 𝑠𝑒𝑎𝑟𝑐𝒉𝑖𝑛𝑔 𝑓𝑜𝑟 𝑎 𝑝𝑎𝑟𝑡 𝑜𝑓 𝑚𝑦𝑠𝑒𝑙𝑓 𝑡𝒉𝑎𝑡'𝑠 𝑏𝑒𝑒𝑛 𝑙𝑜𝑠𝑡... 𝑚𝑎𝑦𝑏𝑒 𝑖𝑡’𝑠 𝑛𝑜𝑡 𝑑𝑒𝑎𝑑 𝑦𝑒𝑡."""
demonic_dinosaur_x,channel,𝕽𝖊𝖖𝖚𝖎𝖊𝖒 𝖋𝖔𝖗 𝖃,84,Дᴏбᴩᴏᴦᴏ ʙᴩᴇʍᴇни ᴄуᴛᴏᴋ!  Нᴀʙиᴦᴀция ᴨᴏʍᴏжᴇᴛ ʙᴀʍ ᴄᴏᴩиᴇнᴛиᴩᴏʙᴀᴛьᴄя! ᴋny ᴏᴄ ᴄᴏnᴛᴇnᴛ и нᴇ ᴛᴏᴧьᴋᴏ
filippovaartist,channel,Filippova art,450,Привет! Я Даша. Тут делюсь своим творчеством и какими-то думами www.artstation.com/daryafilippova https://cara.app/filippova
jurassicsurvivalthegame,channel,Jurassic Survival,181,We are glad to welcome you in an exotic world where dinosaurs and wild nature run the show!
dinozavriha123,channel,"16+ динозавр Вани Дмитриенко, Dinozavriha23🦖🦕🦂",49,"Welcome to... Jurassic Park.  Моя личная жизнь, текста песен, стихи, мысли, разговоры, кому что не нравится, просьба свалить на хуй. Я вас тут не держу)"
dinozavrik_dinoo,channel,Dinozavrik,18,Всем приветики!!!! Тут будут выкладываться новости и расписание стримов!!!
dinozavriha23,channel,Скриншоты от Dinozavriha23🦖🦕,93,"Архив скриншотов(покадраво) из клипов/видео Вани Дмитриенко находится здесь. Добро пожаловать. 🌌✨💎 Просьба упоминать, когда берете скриншотики для своих эдитов там, не знаю🤌✨"
mixseembooks,channel,Книги Микссим,28,"Добро пожаловать в «дарк фентези» мир, где в реальном мире есть «Астральный Мир» и «Пустые Круги»... События происходят в далёком прошлом, в городке Монпелье. История начинается после происшествия, которое в дальнейшем назовут главной катастрофой века!"
fossilsofdrawing,channel,окаменелые останки рисования,30,"Неадекватные динозавры и драконы (и владелец) халло я кошак еслчто (@InS0mNNI4c_RR) 😛😛 - кастомы и заказы беру (цена и всё остальное в лс обсуждается),но пж излагайте желания ТОЧНО - реквесты открыты  - анонк  http://t.me/anonaskbot?start=w0Czp3JleFLtJLS"
jurassic_park_world_dinosaurs,channel,🦕Jurassic world🦖 🦕Jurassic park🦖,7,Канал про динозавров   Владелец – @Semyon_Shem Верный помощник владельца – @Bebus5Glebus5  ⚠️после подписки обязательно читайте закрепы⚠️
dinogochi_bot,bot,DinoGochi,,"🦕 Game tamagotchi bot with dinosaurs, immerse yourself in an interesting RPG world!  News: https://t.me/DinoGochi"
dinooshop_robot,bot,Dino.o | stars exchange,,Лучший бот для покупки и продажи Telegram Stars от канала @dinoo_ton  Если поддержка не отвечает просто ждите.
dinooshop_bot,bot,Dino.o | stars exchange,,Лучший бот для покупки и продажи Telegram Stars от канала @dinoo_ton  Если поддержка не отвечает просто ждите.
dinorex_game_bot,bot,Dino Rex 🦖,,"1..2..3.. Dino, Run! 🦖  News: @dinorex_game"
dungonbot,bot,Dungon Master,,"I am Dungon Master, here to host your exploration in our Text-base MMORPG, Dungon! Just type /whatsnext if you are lost."
dinoparkbot,bot,Dino Park Game [],,Play the DinoPark game and earn real BitCoin! Payouts: @DinoParkPays  🇬🇧 @dinoparkchat_en / 🇷🇺 @dinoparkchat_ru
zagrebuptoyou,channel,Zagreb up to you,554,"Канал о жизни и для жизни в столице Хорватии: события, новости, полезные ссылки."
mzkscg,channel,Ми знамо ко смо,593,
heyu04,channel,هی یو... !! Hey U,50,https://t.me/NoronChat_bot?start=sec-cddacbdgd
derafshekherad1,channel,درفش خرد,50,مارپیچ سکوت را بشکنیم. دلنوشته‌های یک پادشاهی‌خواه
naghshemehr2584,channel,نقش مهر,95,ارائه کارهای دکوراتیو با محوریت فرهنگ ایرانی
yavar_news1,channel,یاور نیوز 🌐 | Yavar News,121,رادیو یاور یازرتشت
hppsofrino,channel,ХПП Софрино,587,"ООО ""ХПП ""Софрино"" РПЦ"""
kim_doi,channel,김도이,49,doyangi ₊˚𓏲 . 🐈‍⬛ Dasha - t.me/KDY08_bot
hyunjinx0,channel,хённихоум 💭,111,hwan love </3  coop : @hyunjincoop anon : @skzzroom_bot archive : @archiveo0
hokkaidoteam,channel,hoKKaido тим,82,туда-сюда не миллионеры
l11000029282,channel,шио,43,
oisonnie,channel,현빈 oisonnie,35,live laugh love hyunbin 🌾 анон: @meowmeowbox_bot adm: @vanillachai coop: https://t.me/coopoisonnie
gamewithholpim,channel,𝙂𝙖𝙢𝙚 𝙬𝙞𝙩𝙝 𝙃𝙤𝙡𝙥𝙞𝙢! 𝘿𝙒,1,
artqazvin_ir,channel,حوزه هنری انقلاب اسلامی قزوین,334,🔰حوزه هنری قزوین پرچمدار هنر پیشران پیشرفت  📍قزوین،بلوار مدرس جنوبی،روبروی بوستان ملت ☎️02833223747  ارتباط با ما: @artqaazvin  📱به ما همراه باشید  https://zil.ink/hozehhonari_qazvin
bioodqlaque,channel,🥢🦇Angel Hut🦇🥢,21,🎸 ⦻ 🎸 🕸️ INTJ | Minor 🕸️ 🩸 MATURE CONTENT 🩸 🍷 Literally IRL Ticci-Toby | #1 fan 🍷 ⛓️ Check the linktree in my insta bio ⛓️
ter_khosrov,channel,Хосров Рижский,2340,
shaxzoda_lashes,group,Lashmaker _Shaxzoda,718,💋Narashka kiprik 150-200ming  💋Laminatsia qosh_ kiprik-100mingdan  💋Termasdan Qosh ochartirish terilgan effekt-50ming    +99888 103 05 97  🚩manzil:
coexperiencing_psychotherapy_ru,channel,Ассоциация понимающей психотерапии,324,Понимающая психотерапия (ППТ). Канал Ассоциации ППТ.  Association for сo-experiencing psychotherapy.
mh_experience,channel,Experience (MH Edition),421,
rusexperience,channel,Нас запомнит История…,549,
saintexperience,channel,꧁༒☬𝓼𝓪𝓲𝓷𝓽 𝓮𝔁𝓹𝓮𝓻𝓲𝓶𝓮𝓷𝓽☬༒꧂,607,sc : https://soundcloud.com/saintexperiment  beats : https://www.youtube.com/@saintexperiment
matrixmasternodes,group,Matrix AI Network Masternodes [Official],370,The official Matrix AI Network Masternodes group. Experiencing issues? Get help from both the Matrix team and fellow community Masternodes!  https://www.matrix.io
proexperience,channel,PROКарьеру | Алексей Уваров,376,"Как сделать карьеру в Москве, если ты из провинции и без связей? Мой путь: от линейного сотрудника до топ-менеджера. Никакой воды: только рабочие стратегии, управление и прокачка навыков. Подписывайся, чтобы пробить свой стеклянный потолок! 🚀"
ensemblesimd,channel,"Ансамбль ""Симд"" ️️️️",1187,
iasid_togu,channel,ИАСиД ТОГУ,370,"Институт архитектуры, строительства и дизайна ТОГУ, г. Хабаровск"
asatara,channel,aSatara,150,"О йоге, природе и жизни"
ashendove,channel,𓈒ֵ۫𖥨᩠ׄ݁ ˖ ݁ 𓈒 ▒Ashen Dove (🤍) ; hiatus,364,ᅠᅠྀ ⬚‌𓈒‿🍏   ᚐ Casting o' glow .. // sanctuary drowned in crimson beneath fractured wings⎯‌‌ ✿ֵ֮ ۟░██ ../.. 🔒🔑 A concealed spirit bound in the prayer-song of cherubs ±66_ ../ @Ashenarchives .. / @ayonimabot (hfw purpose)
daaanoneeed,channel,данонэ,129,"инст, вк, тг - daanoneed"
ashenlightt,channel,ashenlightt,138,https://www.tiktok.com/@ashenlightt?_t=ZG-90ASqPbg0kS&_r=1
ashee_life,channel,ashee's germination //,94,и по мне стреляли и я упал в лужу
smnoue,channel,. `être ݁˖ |ПЕРЕЕЕЗД,151,"переезд!!!@nouesau 200526 peace to the world, and coke zero for me⌦"
ashenstate,channel,꒰ა 𝒞𝒽𝑒𝑒𝓏𝓊𝓂𝒾 [𝒜𝒮],77,꒰აСвязь — @blurredredd [через соо канала] Я не свят ты не свят Дальше бога нет
ashe222222,channel,Ашé,69,Семейное крафт-производство духов и других косметических средств на основе трав и растительных заготовок.
ksaneeeee,channel,Ksanee,73,"Канал Ксани, тут плохие рисуночки  Линки: твич: https://www.twitch.tv/Ksanee___ дс: https://discord.gg/SvW2j7ubqE"
ashen_wind,channel,придумаю завтра,30,потому что завтразавр
minaehehehehe,channel,минанана,32,🌊
ashen_green,channel,خاکسترِ سبز.,20,🩶💚
acheswandailyyy,channel,𝑨𝒄𝒉𝒆𝑺𝒘𝒂𝒏 𝑫𝒂𝒊𝒍𝒚,20,cr: @har4port предложка: @acheswandaily_bot
nannegedageoroe,channel,название не придумаю ♱,24,
tynoaishka,channel,Alimosha zavodit💃🏼,105,
ayaxxyn,channel,يقيناً كُلّه خَيّر🌻.,69,لن يقتنعو بأنك تتألم حتي تموت أمام أعينهم
sir_scar,channel,ツ,49,
daijoro,channel,"عَبَثْ""",28,جُزْءٌ مِن(دَيْچُورْ https://t.me/daijor18)  صارحني(https://t.me/kkkkiBOT?start=36aa188e9d0f )
serials_band,channel,Сериалы Live,215,Здесь всё о группе «Сериалы» ВК: https://vk.com/serials_band
deguanti,channel,Deguanti🔒,226,дегуанти  связь @NecezzBOT
god97s,channel,sɹǝɔɐɹnsɐ🧛🏻,61,
lilymeowkitty,channel,lilykitty,217,
versache_musimki,channel,𐌑/А ʙᥱρᥴᥲчᥱ ⲙуᥴᥙⲙκᥙ,15,
kuatosha,channel,ariariashka💌,96,💌
motogossip,channel,мотожопы (дорогая редакция),71,лютый щитпост про автоспорт  тут есть чат https://t.me/motogossip_chat
mmmmmnvnm,channel,щ.,43,
foahvers,channel,♡゙⃝ ƒoah𐌖ers ᱚaily + ꤍƒ ִֺ۪ 𝅄 𓈒,73,ተᴀᴋᴇ ଓᴏᴛ : @foahversdailyandconfbot
sareh886,channel,Me.,19,
marseviki,channel,семья иххёковских.,6,🩷🩵🤍 owners and sweet couple:  everett: @evrq1h marseille: @mqwO1hyi
ivantillconfessionn,channel,t.me/ Ivantill.confession,1,Данное кф создано для любви к ивантиллам Пустые профиля не принимаем
texsonewplaylist,channel,Плейлист,2,
autopravoved,channel,АвтоправоведЪ | Виталий Глебко,1409,Я практикующий автоюрист с преподавательским опытом (еще блогер и общественник). Консультирую и веду дела по всей России. Юридические услуги и консультации по ссылке 👇 https://taplink.cc/autopravoved или по тел. +79289884828
annasmolova_spb,channel,Елагин остров 🤪,201,"Моё любимое финское слово: myötähäpeä [мюётяхяпея] - когда кто-то сделал что-то дурацкое, а стыдно за это вам. Жаль, что в русском такого нет:("
crimekazan,channel,Казань криминальная,79,
aramil_new,channel,Мой Арамиль | Новости,22,"ℹ️ Новости и полезная информация города Первоуральск Свердловской области.  🤖 Сообщить новость, подать объявление, предложения в бот - @newsural_bot  📨 Контакты - @m783648773482"
tyumen_today72,channel,tyumen_today72,12,
improvocation228,channel,ИмПровокация 😜,1,
misliurista,channel,Мысли юриста,1,"Канал создан для помощи гражданам в освобождении от долгового бремени и обмена правовой информацией. Пишите, друзья🤗"
x_m_01h,channel,ݪـ 𝑴⁵,993,تضاهر بأنك بخير مهما عصفت بك الحياة فالكتمان اجمل بكثير من شفقة الآخرين عليك.  @x_mh_01
sanksafronova,channel,Делюсь 👌🏼,183,Жизнью
cymiancymatoze,channel,Бемби,175,Всегда рад видеть новые лица в своём подвале)   Щп https://t.me/+8PkeXt2f-2hhZjhi
tovtolst,channel,Повсеместный юродивый,125,Чтобы не марать бумагу.... Биполярные заметочки
kayllitto,channel,кайллито блог,224,@bestmeok — изменю твою жизнь в корне
bb3il0m,channel,BambiBlush,28,"02072026 пятнистая  bambi lover, esthet, thoughts"
dickheadwolf,channel,ㅤㅤㅤㅤکـاج,152,بارون خورده.  http://t.me/HidenChat_Bot?start=5955524324
koochakk_k,channel,Violent femme,50,I'm in too deep.🫗  https://t.me/XBCHATBot?start=sec-bhfgheeaai
xendai_xo,channel,tħe ãrť øf lóviñg,40,[𝕋ℍ𝔼 𝕄𝕌𝕊𝕀ℂ 𝔽𝕀𝕃𝕃𝕊 𝕄𝔼 𝔾𝕆𝕆𝔻 𝔸ℕ𝔻 𝕀𝕋 𝔾𝔼𝕋𝕊 𝕄𝔼 𝔼𝕍𝔼ℝ𝕐 𝕋𝕀𝕄𝔼]
lifepopovaars,channel,later.,36,i love….. анон-@jealousyyy_bot
memebaggage,channel,Мембагаж,28,
poboltushkucmilenkoi,channel,|•🪽🐾поболтушки с Миленой 🐾🪽•|,7,
evonokak89,channel,∑β∅η0κ∀κ,26,
bluadiiii,channel,Бро и систр(И ещё братаны),9,Вместе мы бляди🤩
gosleeepp,channel,اذهب للنوم,97,
mymednot,channel,📝👩🏻‍⚕My Medical Notes👨🏻‍⚕,1038,قناة تهتم بنشر ملاحظات سريرية في الطب الباطني مرتبة على حسب كل System  Internal Medicine
hatepumpkin,channel,hatepumpkin,308,pumpkin cake  كل هالحرامية نفس الشي بالنسبة إلي  Check out hatepumpkin on #SoundCloud https://on.soundcloud.com/JvFvY7Fc8vjvGLImzL
p_sh58h,channel,حُلْــم,33,﴿أَلَيْسَ اللَّهُ بِكَافٍ عَبْدَهُ ۖ﴾.
ssse6h,channel,وَأَلْحِقْنِي بِالصَّالِحِينَ .,52,رَبِّ اجعَلني مُقيمَ الصَّلاةِ وَمِن ذُرِّيَّتي رَبَّنا وَتَقَبَّل دُعاءِ .
sbcsi_bot,bot,سبأ,,شنو بالك؟  اسأل. ♡
s_sunntibot,bot,اسأل سُنَّتي,,
questiokka_bot,bot,"Квокка, у меня вопрос",,
ask_wooshik_bot,bot,Ask Wooshik,,
feelirinabot,bot,Задать вопрос/Ask a Question,,
hokkwood_bot,bot,〃 ask me // bubble 〃,,
arwaarwaaa,channel,Nachrichtensender,3083,#Arwa
interfaxt,channel,Интерфакт,14,"События прошлых лет, известных (и не очень) мест, фактов, явлений😊  Для связи : @Zagreman"
namanganliklar_24,channel,Namanganliklar_24,14,
climatechangefactsofficial,channel,Climate Change Facts on Telegram : the reality behind how we are destroying our planet / oceans / nature,5,A project by @RoadToPetabyte @AppleDataHoardingTelegram @GenRevolutionOfficial @CountriesFreaks @DisasterFreaks @AnimalFreaks @FactsTelegramChannels @FactsTelegramFreaks
hyperputin,channel,СРОЧНО❗️⚡️,11,❗️⚡️Срочные политические новости вы найдёте именно здесь❗️⚡️
ge1alalala,channel,геляляля ꩜,333,успеть ~ лс: @ang3xlw
liulyse,channel,︴*˙ ꒰ 𝐋ꪱׁׁׁׅׅׅυׁׅᥣׁׅ֪ᨮׁׅׅ֮꯱ꫀׁׅܻ݊ ୨꒱ ㅤㅤㅤㅤㅤㅤㅤㅤㅤㅤㅤAlysa Liu,261,LIULYSE Best Figure Skater * Alysa Liu  I'm Vasilissa ⓘ goal - 400 sub  🥇🥇 Olympic 🥇🥉 World Championships 🥇Grand Prix Final 🥇🥇🥈🥈 U.S Championships 🥇 World Team Trophy 🥉 World Junior Championships 🥈 Junior Grand Prix Final  все важное в закрепе
aakllx,channel,ㅤ,207,"мои посты никому не адресованы, но если обувь подходит — носи"
akhlysgarden,channel,𖤝 𝔄𝔨𝔥𝔩𝔶𝔰 𝔊𝔞𝔯𝔡𝔢𝔫.,63,"⊱⛥⊰ I'm your cult leader, ur nightmares. 💋 it's a dollhouse baby but I try to break dolls. anon @gardensoul_bot"
onlytarafdars,channel,مجموعه اونلی طرفدار,72,
onlymiye,channel,ㅤׅ֩ᰰㅤ໋ू၇ꠥ᷒ᥴᥙᴛᥱ ♱⃪𝆬 ֺⲙiyᥱ᧐ᥒ ˳ֵ۫ㅤ,63,Ashley/эшли @a3hleybot Goal 70              архив не по всем обновам
amazingalysaliu,channel,.𖥔 ݁ ˖ amazing alysa liu,39,
formysakai,channel,Ö7︎ : 🌸 my m𑄜k𐐼 ›,31,ася линлэйн @anymoremeBot мью/вз - нет | goal 50
slishas,channel,aLisha или Лина,46,
alysaliufans,channel,LiuLand (Alysa Liu),13,Лучшая фигуристка - это Алиса Лью
wuma9876,channel,日本无码|AV女优|成人视频,2153,#日本无码  #成人视频  #无码视频  #AV视频  #日本女优  #中文字幕
mermaidoll,channel,‌ ‌ ‌ sirena ‌‌,146,‌ ‌ ‌ ‌ 以历史的名义ྀི  🦪‌ ‌   ‌ ‌ ‌@ro3iebot
garvidelnia,channel,MaryLand🌸,1079,سلام و درود⚘🌟 ♡مرضیه هستم ؛) 🔮My ID: @mrziartist . 🌹اینجا هم بیاید حرف بزنیم:)👇 http://t.me/IncogHubBot?start=u15f84f5d
swanlakefg,channel,𝓈𝔀𝓪𝓃🦢,208,@Fvtemehbot
harfaimaskhare,channel,“about me.,62,🤍
pari_tor,channel,✨📷,68,💌:https://t.me/SendHarfBot?start=18e217c73296
darinmp3,channel,darin💟,58,•Буст: https://t.me/boost/darinmp3 •По каким либо вопросам писать в сообщения канала
alicedub,channel,ALICE,121,
liliom_512,channel,ᴘɪᴇᴄᴇ ᴏꜰ ᴍᴇ,88,
rozaww_m,channel,𝐕𝐞𝐫𝐭𝐞𝐱,98,t.me/HidenChat_Bot?start=7937660327🧘🏻‍♀️💞
mddiiie127118,channel,꒱꒱ᴀᴄʜᴀᴛᴇs.𝕠𝕣𝕘 ⋑⋑,59,"Break my legs, hurt me bad Make me cry, I'm so sad"
modorespice,channel,Art & Life,29,"Разгадываем секреты вдохновения 📸  Здесь про искусство, творчество и лайфстайл.  Оформляю блокноты, делюсь стильными покупками, подборками кино и книг 🤍"
kladovkalichnoizhizni,channel,Саша 🐉,56,
alinnsskk_00,channel,a'🧛🏻‍♀️,73,всем общий🤚🏻
http_m0ral,channel,@morallaundry_999,20,𝓫𝓮𝓮𝓷 𝓹𝓾𝓯𝓯𝓲𝓷' 𝓸𝓷 𝓽𝓱𝓪𝓽 𝓼𝓸𝓾𝓻 𝓷𝓸𝔀 𝓹𝓪𝓻𝓪𝓵𝔂𝔃𝓮𝓭 𝓯𝓸𝓻 𝓱𝓸𝓾𝓻𝓼  (´-ω-)   છ ˖ https://t.me/boost/http_m0ral
mamafromvivi,channel,MAMA26 FROM VIVI ⛱️,719,Thank for Design - @TH3DR4FT                       По вопросам — @ASE1EJ   У кого бан — @N3sh3Anon_Bot / @anonvivian69_bot
youravanna,channel,✿Avanna✿,32,Zentrie101
pricelist_evn,channel,꒰ྀི ℐ𝙉𝓕 𑄝֘ ୨ .. @DiaDesignerr,25,︵ֺ︵  Инɸᴏ 𝅄۫ ◠ ♡  ┊𝂅ׄ ⊹  ๋.  Oснова @DiaDesignerr ┊Отзывы ʾ  ་ ᵗ᷒ᰰ ͜  @rv_evn
vivaluni,channel,「ᴅᴏᴍᴀɪɴ ᴇxᴘᴀɴsɪᴏɴ」,17,Name one spell you desire I will grant it to you
deeply_band,channel,࿐ 𝖣𝖾ꫀׁׅܻ݊𝗉𝗅𝕪 ⌗𝖻𝖺𝗇𝖽 ⊹܀ 🌊,19,Boost - https://t.me/boost/deeply_band Эйви|Вендетта|Эшири|Элис|Эльми
dead_blondeam,channel,"֙֟𝅀⃨🍒𓐘᳣⵿ d⃪⃪ᩙ𝑒𐐼⵿𝒅‌‌ 𝗯⃔ᩬ᳢‌፝֟𝑙𝑜⃪⃘ۣ๎𐓣᷼ꥋ‌ᧁׁ𑀼𐨌𝗲۪۪ ОХ, АБׄ ︩︪ 𞋯ᰰ ❩᷼᷼᷼᷼᷼❩۬ ᮫⃨𝃍݊࿙‌ֵ࿚݃‌፝֟",12,"Хคꨲ‌й! Эт𑄜݀۬݀۬‌ d⃪⃪ᩙ𝑒𐐼𝒅‌‌ 𝗯⃔ᩬ᳢‌፝֟𝑙𝑜⃪⃘ۣ๎𐓣᷼ꥋ‌ᧁׁ𑀼𐨌𝗲۪۪ ( 𝗺⃕𝕖ртвая бл𑄜݀нд𝐮‌н𝛋а ), т𝘆т ты 𝘆вu𑪍д𝐮‌᪾шь сu𑪍ᨻв𑄜݀лы u𑪍 𝛋р𐐼⵿с𝐮‌в𑄜е оф𑄜݀рᨻл𝑒нu𑪍е Та𝛋 ж𝑒 ты 𝗺⃕𑄜݀ж𝑒шь 𝛋𝘆п𝐮‌ть пр𝗮йс в р𝘆блях, звезд Материал с отметкой ++ с подпиской"
form_fy,channel,FormFy,2,Разрабатываю визуальный стиль с нуля: ▪️логотипы ▪️анимация логотипов ▪️презентации ▪️веб-сайты Заказ и сотрудничество: t.me/form_fy?direct
evanondaily,channel,𓏴𓏴 ۪ ֹ ᴇᴠᴀ ɴᴏɴ↺ᴅᴀɪʟʏ 🍒⃝ ⊹,1,
scienceprecall,group,Science PreCall™,13436,👍Target:-  गट ब पूर्व व गट क मुख्य परीक्षा  14 जून आणि 12 जुलै  @AkashJadhavB  20 पैकी 15+ MCQ ची खात्री  Phy-3 / Chem- 3 Botany- 3/ zoology - 3 यापैकी प्रत्येकी 2 MCQ आवाक्यात येतील. ICT व RS 8 MCQs पैकी 6+ ची खात्री  📱App: STUDY TOGETHER
mrcem_primary_bromley_emergency,group,MRCEM Primary - Bromley Emergency Courses,340,This group is for doctors who are getting ready for the MRCEM Primary Exam. Here you will find tips on how to prepare for the exam and will be able to discuss exam-related questions with other candidates and the Bromley Emergency Courses team.
primuskpsc,channel,PRIMUS KPSC ACADEMY (Official),42,
a130a_fo,channel,130,237,اللهم صل على مُحَمَّدٍ وَآلِ مُحَمَّد تواصل المحضورين @a130libot
c0brazz,channel,𝐂𝟎𝐛𝐫𝐚𝐳𝐙 [18+],307,Swap вселенная по технолайку и другие фд Имеется 18+ контент
guzar_city_news1,channel,GUZAR CITY - Ғузор шаҳри телеграм канали.,277,"Ғузорга  оид асосий  янгиликлар, мамлакатимиз ва жахон янгиликлари,  қизиқарли мавзудаги постлар. Яқинларингизни кўпроқ таклиф этинг. Каналимиз аъзоси эканлигингиздан миннатдормиз! Админ: https://t.me/D_D_1403 Ҳамкор: Туман хокимлиги матбуот хизмати Узб"
enjoytripuzb,channel,Enjoy Trip,92,🏔️ Enjoy Trip 🏕️ Tovoqsoy | Amirsoy | Nefrit  🥾 Hiking & Camping trips ✨ Comfort & vibe 📩 Bron: @enjoytrip_uz
kuzya_price,channel,прайс кузи,29,
rezervzzzz,channel,Для жизни,2,Жизненный контент
paycoincapital,channel,Paycoin Capital | Official,861,PayCoinCapital is a leading Web3 marketing and fundraising firm revolutionizing how early-stage startups grow their communities and onboard into the Web3 market.  🟠𝙍𝙚𝙖𝙘𝙝 𝙪𝙨 𝙖𝙩:-  Paycoincapital.com/links
northcon,channel,NorthCon,321,
babymetal3,channel,BABYMETAL,398,"BABYMETAL (and Sakura Gakuin)* photos, videos, tweets, news and chat backgrounds.  Feedback: @TheFoxMod_bot  *See https://t.me/babymetal3/38403"
technocampuz,channel,TechnoCampUz,261,@yoshlaragentligi va @nazarxrobotics tomonidan tashkil etilgan ixtirochilik va muhandislik oromgohi!
aircroy_news,channel,AIRCROY NEWS,170,"НОВОСТИ ОРБЕТРАЖА, ОТ КОТОРЫХ ВОЛОСЫ НА ЖЕППЕ ВСТАЮТ ДЫБОМ. ПИШУ КАПСОМ И НЕ ЕБЕТ!  Чат 👉🏻 https://t.me/+7_Df8AN_nvw5NGEy"
bluechip_org,channel,Bluechip Notifications,175,"Bluechip is an independent, stablecoin rating agency. Join this channel for news and research related to stablecoins!"
sgaevents_kh,channel,🇰🇭 Secret Guests Events - Cambodia,132,
hozymei,channel,HozyMei ♦️,132,Жизнь за кулисами стримов 🪩  ✨ По всем вопросам: @Hozyayka_toporA  ❤️‍🔥 Twitch: https://www.twitch.tv/hozymei  ❤️‍🔥 YouTube: https://www.youtube.com/@HozyMei  ♦️ Тгк Анонсы: https://t.me/HozyMei_TTV
bycorpus,channel,Корпус. Художественное объединение,71,"Под корпусом-брони мы открываем пространство, где можно говорить о том, что обычно остаётся за пределами.  https://corpusspace.ru/  CORPUS — это сообщество, где различия превращаются в связь."
bullcoinnews1,channel,Bullcoin,81,fe20e285b
creativegenerationcambodia,channel,Creative Generation,25,"Creative Generation is a platform to launch Cambodia’s new artistic talents by celebrating, mentoring and inspiring young creatives to cultivate a strong artistic vision and professional skills."
boragrouppro,channel,Безопасность на высоте!,27,"Профессиональные системы безопасного обслуживания объектов на высоте, разработанные для объектов промышленности, нефтегаза, культнаследия и ответственных социальных и коммерческих проектов. Сайт проекта https://boragroup.pro"
ruh1918,channel,رُوح,300,- لـِ كاتِبة.  ﴿وَلَا تَيْأَسُوا مِن رَّوْحِ اللَّهِ﴾
rezayatdhalia,channel,رضایت کوکی ها,4,شاپ اکسسوری : @dahliaashop شاپ چارم : @dahliaaacharm  برای سفارش : @Dahliaowner
rezayatmoshtaryshikopik,channel,رضایت مشتری شیک و پیک,1,
rezayat_ningning,channel,رضایت نینگ نینگ,1,Shop : @ningning_shop2025
farhantbyte,channel,Farhan T-byte,73,فرهانم، دانشجوی علوم کامپیوتر که تازه برای تحصیل به تهران اومدم و کلی چیز دیگه...  ربات برای صحبت در چنل: @atfarhanwdunbot   لایک برای شما یه کلیک هست و برای من انگیزه.
toxidofx,channel,Al shemse light,1202,
alyattesofficial,group,ALYATTES Official - [ www.alyattes.io ],440,"ALYATTES is the first deflationary token ever with a Proof of Stake Mining Concensus.    for further Informations, check our webpage.   https://alyattes.io & https://alya.finance & https://alya.trade"
alsellos,channel,ensemble✨,21,
allure_lodge,group,Allure Lodge (чат),54,
samhaghighat,channel,SAM HAGHIGHAT,7646,من سام‌ حقیقت هستم  ، آهنگساز و خالق موسیقی تلفیقی الکترونیک و اصیل ایرانی . در اینجا اشعار بزرگان ایرانی با زبان موسیقی مدرن روایت می شود. @Sam_Haghighat1  ارتباط با من
avithewolf,channel,Ави любит киви,306,"Волчица Ави. Фурсьютер, мейкер, любительница киви  Предложить ваши арты сюда - @big_cute_mouse"
itsgerdew,channel,Gerdew’s Art Stash 🌺,381,🌙He/Him🌙 | 26 | 🍃 Drawing cute stuff :3✏️  Contact: @Gerdew  My website for commission info and stuff: https://gerdew.art  My X/Twitter: https://x.com/ItsGerdew My BlueSky: https://bsky.gerdew.art
fallwinter,channel,𝑔𝑢𝑟𝑢𝑔𝑢𝑟𝑢𝑔𝑢𝑟𝑢,323,https://t.me/pay4dat - одежда
fleetwaycf,channel,𝕱𝖑𝖊𝖊𝖙𝖜𝖆𝖞 𝕮𝖔𝖓𝖋𝖊𝖘𝖘𝖎𝖔𝖓,75,
irbisariart,channel,🐾 💜 Irbisari Art 🐾,144,"Here I'll be posting my artworks and news!   Feel free to DM me anytime ^^,"
vvartfactory,channel,vv's art factory.,123,
rwhcvg,channel,ⓘAUD| ꫀꪚꫀꪝꫝ᥆ꪀ.cvg 🫧,50,own by @httpslzy & @lol13So under @Sniper_ent_official prod by lyalya
silvaze_conf,channel,💜🤍 ꒰ <рест> 𝒮𝒾𝓁𝓋𝒜𝓏ℯ 𝑪𝒐𝒏𝒇𝒆𝒔𝒔𝒊𝒐𝒏 ꒱ 🤍💜,42,Сильвейз канон
ftdinctw,channel,Феновуха,7,бубубу бебебе
cborihevahaebov,channel,Пристанище Вахаlovera,30,"Ваха, мемы, из жизни авторов и так далее. Наше неподкупное (возможно) мнение про сюжет вахи, нововведения в неё, редакции, персонажей и так далее. Предложка: @Shrammirovannui"
mybiaw,channel,𝐁𝐢𝐨 𝐊𝐞𝐧𝐪𝐰𝐱❤️‍🩹,11,
werwa_port,channel,𝙒𝙚𝙧𝙒𝙖_𝙥𝙤𝙧𝙩,9,Юз для заказа: @the_deep23 В анон можете написать все вопросы Начало: 11 марта
furshows,channel,FurShows,6,"All furry/anthropomorphic entertainment and shows from your favourite furry creators, from around the globe in one place. https://furshows.org"
fervorbot,bot,دوئل | سنگ کاغذ قیچی ✌️,,با دیگران دوئل کن،دلاری پول در بیار✌️     کارمزد: 10٪ 💸   ‌ کانال رضایت ها :  @…
khodajanam000,channel,ℳℴ𝒹ℯ 𝒹ℯ 𝓋𝒾ℯ,141,اینجا قراره باهم رشدکنیم و به برنامه هامون عمل کنیم.. حرف زدن تنها معنایی نداره🌱🤍.. +برنامه ریزی 🪷 چنل‌اصلی: https://t.me/khodajanam02
merimedone,channel,‹ MeriMed ›,405,بیا نجنگیده نبازیم ! پشت سرت چیزی نیست؛ همه‌چی روبه‌روته. ثبت خاطراتِ ۱۹ سالگی🫧 کنکوری‌ِ۱۴۰۵ http://t.me/RedChtBot?start=8280310342
yaldanavesht,channel,•ورای خیال•,125,«مهمان‌اید به صرف یک جرعه کتاب🥂»
hoyoverse_shpilki,channel,HoYoverse | Шпилки,7614,Чат - https://t.me/+GhHbDVmS0_M0Yzdi Лучший сервер - @shpilki_server Лучший VPN - @Lumix_vpn_bot По всем вопросам - @shpilki_media
humpyoffice,group,Humpy Office ENGLISH,258,Humpy Office✅ ride with Humpy office!
hony_stories,channel,𝙃𝙤𝙣𝙮𝙏𝙖𝙡𝙚🔮,232,خوش اومدید سوییتیز💜 پذیرای نظرای قشنگتون توی بات هستم🫂 @PurpleHonyMoonbot  🍭 داستان‌های کامل شده: #Lilac #Dacapo #Afterstory #Amalthea #LemonyLove
haloaiinfo,channel,HaloAI,89,
hau1shop,channel,𝗛𝗔𝗨𝗟 𝗦𝗛𝗢𝗣,18,
hoyo_nord,channel,[ЗАКРЫТО] ❛❛ 𝐇𝐎𝐘𝐎𝐍𝐎𝐑𝐃,98,Ситуация в мире становится куда более опасной. Держитесь вместе и берегите друг друга.  Старт: 03.01.2026.
thehusl,group,The HUSL,34,OLD CA: 0xa2881f7f441267042f9778ffa0d4f834693426be  NEW CA: TBA  MIGRATE HERE: https://token-portal.com/claim/
hyunarottenhotel,channel,@ 𝗛𝗬𝗨𝗡𝗔,22,Art — https://x.com/shinoko1102 Banner/avatar — @HIYOOPORT on tg
hauswellbot,bot,Чат-помощник Hauswell,,Официальный чат-помощник бренда Hauswell
htwhlsbot,bot,Hot Wheels Barcode - Штрих-Коды,,Обновленный бот для баллов ⭐ @HotWheelsBonus_bot
hilol_support_bot,bot,Hilol Support Bot,,«Hilol Nashr» dasturlariga oid savollarga javob olish uchun bot  Ish vaqti: 09:00–18:00 Dam olish kuni: Yakshanba
hydrowell_bot,bot,Гидровелл,,🤖 Официальный бот компании Гидровелл
hurtom_toloka,group,Hurtom | Толока,570,"Тут говоримо лише про Гуртом та український контент.  Реклама, політика, флуд, спам та ненормативна лексика не вітаються.  Спілкуємося тільки українською мовою.  Сповіщення про фільми - https://t.me/hurtom_rss_new"
hodl2moonclub,group,HODL2MOON,174,
hodlers_airdrop,group,HODLERS | AIRDROP,72,
hodlpadcommunity,group,HODLPad Community,129,
hooligoolichannel,group,Hooli Gooli Channel,48,
tvoroshnichek,channel,Hooks,28,𝙷𝚘𝚘𝚔𝚜/Хукс ۶🎠ৎ
haloplatform,group,Halo Platform (HALO),18,
snezhawave,channel,snezhawave,40,"лайфую, кринжую, вас целую 💋  🪷связаться со мной: @Snezha_mark"
sprats_shit,channel,кильковский бред 🐟,21,"всякий кильковский бред 🐟  инфо, если интересно - https://t.me/yourprettystalker"
hamdam_chat,channel,کانال رسمی همدم چت,475,آیدی پشتیبانی برای پاسخگویی به موارد ضروری @HamDam_Supp
solenzaram,channel,ثـُولِنزارآ,47584,- خیلی جدی نگیرید، میخوایم فقط دورهم بخندیم - - بررسی کسوشرات روزانه در جهان سولنزارآ -
supernatural_ir_2026,channel,𝐒𝐮𝐩𝐞𝐫𝐧𝐚♱𝐮𝐫𝐚𝐥,239,خوش اومدید🌅 به دنیای ماوراطبیعه ما اینجا قراره با گریه ی کاراکترای محبوبمون گریه کنیم و با خندشون بخندیم پس با ما همراه باشید t.me/HidenChat_Bot?start=5248262409 ناشناس جو⤴️  @Selena_winchesterbot ناشناس سل⤴️
gotrizzfr,channel,Rizz portal,391,Rizz
zillasgabagool,channel,Zilla’s Gabagool cellar,71,Sopranos and shit posting.
unofficial_zignaly_trading_group,group,Unofficial Zignaly Trading Group,110,@Unofficial_Zignaly_Trading_Group
zhigullli,channel,жигуль,10,осы мои осы
lezgisixilarbot,bot,Обратная связь Лезги Сихилар,,
pbin2,channel,МАИ | Профбюро №2,357,
merssiii,channel,پوشاک مرسانا,774,09331316408            ارتباط با                                                                                                                                      @MohamadmanafiZade
sofasiiiiii,channel,ДОМиник囧,276,
mrrtfm,channel,MORIARTOVSKYE,175,
mrasgo,channel,Mr. asgo visit- channel 🇺🇿🇰🇿🇺🇳🇪🇺🇺🇸🇷🇺🇮🇹🇻🇦🇩🇪🇹🇷🇬🇧🇳🇱🇧🇬🇷🇴🛫,129,"🇺🇿 Oddiy o‘zbek yigitining — Yevropagacha sayohatlari🇪🇺 Grantlar, xalqaro dasturlar va real tajribalar haqida.. Hozirda Italiyada magistraturada tahsil olyapman🇮🇹 📌 Qo‘shiling, imkoniyatlarni birinchilardan biling @Polyglot_Pathways  @TopUni_Grants"
minabrasii,channel,Mina Brasil,87,Seu melhor e único canal de notícias sobre a Mina.  Contato: @minarisac_bot Parceiros: @twparceria • @oncebrasil
maskovsk1e,channel,масковские.500,76,🇷🇺МИРЭА🇷🇺МГСУ🇷🇺ГУУ🇷🇺РГУНГ🇷🇺МИД🇷🇺ДГУ🇷🇺ПЛЕШКА🇷🇺РАДИОТЕХНИКУМ🇷🇺ПЯТЕРОЧКА🇷🇺
macrosmatreshka,channel,макросы матрёшка рп,85,макросы на тф/квм/пк
mrashi00,channel,Откисон Вальдшнеп,34,Щп для администрации срач кф 🌚🌚
marrowo,channel,маришка курит сижку,45,
xxreinxx,channel,U:\ MiraiK \,30,"Artist's RU channel  Осторожно, кусаюсь"
info_krytoumeow,channel,Ꞌꞌ 𝟣 𝖭 𝖥 𝟢 xdd,481,https://t.me/KrytouMeow_interactiv архив/резы  парные авы с — https://t.me/mesHKakisser https://t.me/katsukisharplow https://t.me/laninff https://t.me/inftrusting https://t.me/irlestthemostmayo
rinnichuuu,channel,meow ✨,266,nextu cdt 💅🏻
kokomeow3d,channel,3D кокомяу,118,Мой путь в 3D Чатик @kokoneowchat
ronovadaily,channel,𝓡𝓸𝓷𝓸𝓿𝓪 𝓓𝓪𝓲𝓵𝔂×𝓬𝓯,103,"Связаться с владельцем можно через сообщения канала.❕️           𝓽𝓲𝓶𝓮 𝓹𝓸𝓼𝓽 . . 𝟏𝟎:𝟎𝟎, 𝟏𝟓:𝟎𝟎, 𝟐𝟎:𝟎𝟎  𝓶𝓼𝓴 ㅤㅤㅤㅤㅤᅠᅠ              ↑↑↑ 𝓬𝓻: @licor1C3 𝓬𝓻 𝓪𝓻𝓽: prettyfo-x  on  X"
tmremuchan,channel,࿔ ࣪REMU CHAN,63,
rampagexhhs,channel,rampagexhhs !! ۶ৎ,70,инфопост в закрепе! переходник / инфо - https://t.me/infopagex ~ я рисую котов (творческий тгк)  кредит на аву ➤ @gfat35io
bescchad,channel,BESC CHAD PORTAL,18,
chosenredsun,channel,HEŁŁSUN,43,
psebatz,channel,𝗔𝗹𝘀𝗵𝗮𝗱 الراشد,44,@Bastardx_bot
bensoid,channel,benso in my stomach,16,
beishashem,channel,Beis Hashem,4,Everything about building the Beis Hamikdash
youarethesea1,channel,.,1,
bulionmivina,channel,🌸курячий бульйон🌸,1059,I’m cringe but I’m free. Заварюйте мівіну і будем крінжувать
miyaaa_31,channel,[Ищу вл]—Ⲙυя ⲏⲁ ⲥⲃяⳅυ,599,"Всем приветик!Я Мия, рада видеть тебя тут^^🎀 Личка: @Miya_official31 Анон:http://t.me/anonaskbot?start=4rnmc Бустик: https://t.me/boost/Miya_31 Вл: Со 50/100+Пд на 15|30 мест"
miliania66,channel,miliania,255,рисую всякую всячину и делюсь ею с вами коммишки - @miliania89 щп канал - https://t.me/+odnxHV_IcKRmYTMy
milly_sekkkon,channel,milly,215,найти меня тут:    я альбина ▪️ https://t.me/Milly7707bot -анон ▪️тт- миллú
millisama,channel,Милачян пытается,191,Чем глубже лес скибиди доп ес ес
millyaaaaa,channel,Милькинс,109,
milnicadani,channel,мыльница,77,
kriminalmillionerlyrics,channel,KriminaL&MillioneR Lyrics 📃,10,🎧 JoVoO (KriminaL) hamda MillioneR tomonidan yaratilgan dilga manzur tracklarini matnlar to'plami 🎼   🅰 Admin: @KrimiMilli_Bot 🅰 Adminka: @BenazirkaAssa  ➡️ Hamkorlarimiz: 🌐 www.uzrap.com 📴 @MP_Online 📴 @ShumFM 📴 @KriminaLMillioneR
miannaoisolo,channel,˳ 播 ︩︪ׄ ˖ ִִ۫𝆬 ℳ𝗶ᥲᥒᥒ𝗮 𝗼𝗶 𝘴oᥣ𝗼 ִ𝆭ׄ ‌ ִ۫◍⃘ׄ͜ ˳ ִ ۫ 🍵 𝂅 ۫‌ྀི,63,Люблю амбер🤍🤍🤍 Мой фандом- цветочки🌸 tt-ещё нету(( Мой смайлик 🐰 по поводу мью >>> @Miannabotbot под крылом компании @viv_enter @myYGEntertaiment  18.06.2026
lionel_messii12,channel,Lionel Messi🇧🇷,56,"Siga-nos para ficar por dentro de todas as conquistas e biografia da carreira de Lionel Messi, talentoso jogador de futebol argentino que atuou no ataque do Inter Miami da Arábia Saudita e da seleção argentina.  lionelmessi-br.net"
mellyousship,channel,MELLYOUSS,29,
bililhonholders,group,🔥 Bililhon Token 🔥,27,0xb860118feF99C00eae1a61353B9f5e93678c54Cf
darling_millie,channel,- 𝓜𝒊𝒍𝒍𝒊e'𝒔 𝓓𝒂𝒓𝒍𝒊𝒏𝒈𝒔 𝜗ৎ,8,Oh welcome my angel
meme878y,channel,زُمےـرًآ☘️,432,محتوى ديني هادف يجمع بين العلم النافع والذكر اليومي، ليضيء القلوب ويقوي الإيمان  📖✨
waifutoken,group,WAIFU,437,Welcome to the WAIFU Genesis Card Collection room.   Trade: https://opensea.io/collection/waifugenesis  All drops featured on nft.waifutoken.io  We're most active in the Hinata discord: discord.gg/hinata  SPAM or any kind of offensive posts will be banned
walnuthq,group,Walnut,57,
naghmeh_del,channel,نغمه دل,221,این کانال اختصاص به خوانشهای انجام شده از اشعار و متون ادبی دارد تماس با ادمین : @Arezoye_didar @Daneshmand32
geramusix,channel,ge.ra,356,Єдиний офіційний телеграм канал. Мультижанровий виконавець. По всім питанням писати - @geramgmt
roman_yarin_song,channel,Роман - песня на заказ для вас,82,"Сделаю песню подарок, песню рингтон, которая обязательно поднимет твой статус и привлечет внимание успешных людей или песню аранжировку минусовку которая увеличит армию ваших фанатов. Новым подписчикам - песня за донат! Пишите в личку @FoRomIa"
zharqanat,channel,jarqanat🦇🇰🇿🇭🇰,2030,меня Асем зовут)  про жизнь заграницей и поступление в Гонконг🇭🇰  🪐inst: https://www.instagram.com/asem.bat  🥥tiktok: https://vm.tiktok.com/ZMYRXDVxA/  🧸чат: https://t.me/+Ru4dyA3JZqA3YjM6  🎁личка: https://t.me/asem_bat
qanas_s6,channel,🎯 سترايكر السادس | الهدف 100%,319,> 🎯 سترايكر السادس = ملخص + تركيز + هدف واضح 📘 كل ملخص ضربة صح… وكل موضوع بسطناه لك 🚀 هنا نضرب على المهم ونترك الزايد 🔥 سادس علمي بدون دوخة، فقط إصابة مباشرة للمعلومة #سادس_علمي #سترايكر  للتواصل والاستفسار 👈🏻 @G_a200444bot
n_anflat,channel,Флэт о Казани | Недвижимость,2133,"22 года на рынке недвижимости.  Делимся подборками квартир и домов с расчетами, публикуем старты продаж, разборы районов и новости города.  🔎 Подбираем недвижимость под ваши цели и бюджет.   Подбор недвижимости: @manager_flat Канал по аренде: @flat_arenda"
salavatkuper,channel,Салават купере журналы,1611,"«Салават күпере» – Татарстан Республикасында 6 яшькә кадәрге балалар өчен татар телендә басыла торган бердәнбер басма.  📍Безнең адрес: Казан шәһәре, Декабристлар урамы 2 йорт, «ТАТМЕДИА» бинасы, 9 кат"
the_first_enlelechy,channel,The first entelechy,111,Писанина.
sallii02,channel,️SalliDozaferrr,67,•Рест•  •творческий телеграм канал. Здесь я не выпускаю неприличный/грубый/ сильно откровенный контент(иногда делаю анимации по трендам тик тока)  •по личной жизни редко что то публикую.  Голосование канала> https://t.me/boost/SALLI170
silliya_1,channel,SILLIYA^^,39,My life is so unfair...  Моя анонка:http://t.me/anonaskbot?start=pt5eh Лс: @Silli_ya
eto_lyolya,channel,Это Лёля,41,Это Лёля   Анонимные соо https://t.me/comics_krayt
art_ellimareli,channel,Территория творчества art Elli,27,"Уютный канал где выкладываются творческие моменты в моей работе , поможет расслабиться  и помедитировать ☕️"
frontir_sightreading,channel,«Чтение с листа»,38,Видеопроект литературного клуба «Фронтир» и Михаила Нахимовича
arabicsketchup,group,Arabic Sketchup,3557,Learning sketchup - modeling - plugins- lumion- ps Youtube : https://youtube.com/channel/UC8LyBce0nkUQm0R8VOMxskQ                          ***************** Facebook page : https://www.facebook.com/Arabic-Sketchup-112744164241730/
fajrrchannel,channel,فـجـر جـديـد 🌆,92,
hebatallahehsan,channel,هِـبَـةُ اللّه إحسَان,52,١٤٢٧ ه‍ـ دمشقُ 🪽 مُـ | ـحاربٌ ـحاولٌ ـقاتلٌ في غمدهِ قلمُ
alaioli,channel,Alai Oli,604,"Подкинуть на кофеёк https://yoomoney.ru/to/410011578988191  Ни стиля, ни планов. Только музыка, ради которой ты здесь."
alaslelaraby,channel,الأصل العربي صح 3X صح,502,Al’asl Elaraby
adelfi_beauty,channel,ADELFÍ beauty studio,179,"Эстетичная студия красоты✨  В центре Москвы ✨ Премиальный уход ✨ 📞 +7 925 561 66 69 Метро: Новокузнецкая (2 мин) Адрес: ул. Пятницкая, дом 10/1 🚘Бесплатная парковка"
aleviprofessional,channel,AleVi Professional,279,"Новости, акции, фото, скидки от компании 💜"
mkrnzk,channel,мkрнзk 💭,413,вся инфа - @ichimizer / закреп ★  ВОЗМОЖНО ичимизу&геймрулс фан…наверное…не знаю…. ^  ᴗ  ̫ ᴗ  ^ !!!РЕПОСТИТЬ КАРТИНКИ ТОЛЬКО С УКАЗАНИЕМ КР (МЕНЯ КАК АВТОРА)
neverlandsekai,channel,Neverland | Project SEKAI,59,"┍━━━━╝☆╚━━━━┑  ☆ Всем привет!  ☆ Мы — Neverland, каверденс группа по игре project SEKAI, прямо сейчас мы ставим танцы группы Wonderlands x Showtime!   ☆ Ближайшие выступления — 20 декабря Münchner Freiheit!  ┕━━━━╗☆╔━━━━┙"
mizuki_club,channel,ᨦ 𝅥𝆹𝅥 𓈒 ֺ ۪𝓐𝖐𝖎𝖞𝖆𝖒𝖆 𝕸𝓲𝔃𝓾𝓴𝓲ྀི ˵ᡴꪫ𝇌۫,12,cr: plouvri(навигация); ава — 2D MV lower one's eyes
maicoopna,channel,maicoop,1,
agreecry_exe,channel,Гречка,605,
rzhachno_original,channel,ржачные приколы,640,очень смешной канал с мемами и ржакой
equ_maruofficial,channel,Equ_Maru ❤️‍🩹,146,•Кск Измайлово 📍
agonia_arhiv_official,channel,⋆˚.⋆ 𝓐𝓰𝓸𝓷𝓲𝔂𝓪 𝓪𝓻𝓱𝓲𝓿 ⋆˚.⋆,68,Официальный Архив Эллавро)  При взятии из источника прошу отметку) Да мы переехали🔥
code2oo,channel,Code 200,163,‹ از نوادگان خر شرک › ENFP  حرفی، نظری، درد و دلی اشتراک آهنگی، ذوقی بود در خدمتم 𓇗 http://t.me/HidenChat_Bot?start=132392720
axioma_horses,channel,[✨] - 𝐊𝐡𝐭.𝐀𝐱𝐢𝐨𝐦𝐚.,79,✨Нужны проверенные советы и лайфхаки? Хочешь просто полюбоваться живописными фотографиями и видосами? - Заходи!!
krrrrrrsttt,channel,бледнопопик,150,inst-krstvnx @kllnbtgg
doramshikichat,group,Дорамщики💗✨,73,"Правила чата: ❗️не пиарить себя,свои другие чаты и тд ,а то ждет удаление🙄🤏"
karassik_pht,channel,𝐾𝑎𝑟𝑎𝑠| ᴘʜᴏᴛᴏɢʀᴀᴘʜᴇʀ ||18+🦢,111,Фотограф. Канал 18+
martannhorse,channel,Ⲕⲏⲧ.Ⲙⲁʀⲧⲁⲛ🪭,104,"Опа, ты тут? Приветствую тебя, мой дорогой! Тут очень интересно."
m3msab3r,channel,m3msab3r,42,Маты і пошласці без гумару
hoorsees,channel,Eva’s life,24,
notacareifineverwake,channel,کره خر یتیم پنج ستاره.,54,@stellarlora
hhkwkwb,channel,~ Kht KwK~,44,
bigbon_pt,channel,°×Пapaд0kc Бaгиpы🦴-[Baghira ofc 10+,13,🎎  Цель: 100 подписчиков
digital_junk,channel,dumbass forkich horse @@#,39,художник по шахматам и тд
horsehole,channel,Horse hole,25,Канал для крутих!
khtorange,channel,🍊Kht. Orange🍊,26,Хоббихорсинг в России Слетел аккаунт так что вот вам новый тгк
sotty2666,channel,🎱,15,У нас интересно проходят фб и лоты.Присоединяйтесь к нам ♥️
kht_ira,channel,~Kht_Ira🤍,23,
artik_horse123987456,channel,𝙹𝚊𝚛𝚘𝚜𝚕𝚊𝚟 𝚂𝚝𝚛𝚒𝚍𝚎𝚠𝚊𝚢,11,t.me/anonaskbot?start=ni1swex ТемитТемит Likee :Jarik_horse YouTube:Jarik_horse Start:9 march
jjewuzchat,group,чипу рипу,4,ведите себя хорошо админ @jjewuz канал @jjewuzhub
pisyahm,channel,хм,3,
herat_jokes2,channel,جوک هایی هراتی😁,13296,جوک های هراتی دریچه‌ای به سوی حقایق  های جامعه به صـورت طنـز😍 ملته شاد نگهمیداریم بـدون توهـین به دیـن مـذهـب و قومیـت!💞💌   @OMID_ALIZAI1
haikostudiopoiu,channel,HAIKO _ STUDIO,1002,هایکو استودیو با افتخار تقدیم میکند❤️‍🔥 تقدیم به تمامی فارسی زبانان جهان🇮🇷 مخصوصا سفید مفیدای تو خونه(شوخی میکنم)😂 آیدی جهت تبلیغات،نظرات و پیشنهادات  و معرفی فیلم: @Modiriat2007 پشتیبانی: @Modiriat2007 چنل تعرفه های تبلیغات: @HAIKOSTUDOO
anmaiiii,channel,AN:MAII,257,«l;:i  §1234596-=]-PO4R [POOQ7§0- Why do we repeat cycles we claim to hate? «l;\=]0sg]pokT/{«l}G§|“Ma÷: «l;:i  §1234596-=]-PO4R [POOQ7§0-`  📨 @anmaii
sunarteey,channel,SUNARTEEY,115,Hier gibt es einige Zeichnungen und Skizzen und vielleicht noch andere coole Sachen :33333 INFO!! : @InfoKrolchacifei
acairiidosis,channel,Ꭺᴋᴀiriidᴏsis,134,Owner: @aka1ria / @Akairiidosis Акайриидоз
adonaiiiiiii,channel,VZELENOM TYMANE,119,"Праведность, мир и радость!"
mantaaiii,channel,ода манты,127,"привет, я художник (в основном рисую аниме) тут буду выкладывать свое творчество  @ewmanty -   https://t.me/boost/mantaaiii - буст  t.me/anonaskbot?start=yVBiNZ7_j7cTSOM - аноним  www.tiktok.com/@mantaaiii - TikTok"
alien_stage_oi,channel,𝓐𝐥ꪱׁׁׁׅׅׅꫀׁׅܻ݊𝐧 ⌗𝓢hׁׅ֮ᨵׁׅׅᴡ,81,Граф. дизайн :: @jelly_prt
tangestanitrading,channel,بازرگانی تنگستانی,135,موتور برق هواسدان Hwasdan Generator
alarkushalakbaryah,channel,الاركويش الاخبارية,22489,قناه اخباريه متخصصه بكل ماهو جديد من مصادر موثوقة 00967737935444     00967773839444
drzakhdi,channel,Доктор Захди,594,"Наталья Григорьевна Захди, врач интегративной, превентивной и антивозрастной медицины, дерматовенеролог, косметолог, лазерный терапевт.   Здесь экспертно про молодость, красоту и здоровое долголетие ✨  Написать мне @DoctorZakhdi"
veligura_psy,channel,Екатерина Велигура для психологов,196,👑 Стать успешным психологом и начать уверенно практиковать— начните отсюда https://t.me/veligura_psy/1
zhugars,channel,СОФЬЯ ЖУГАР Психолог.ЭМОЦИОНАЛЬНЫЙ КОКТЕЙЛЬ🍹,210,"Практикующий психолог. Работаю со взрослыми/ детьми / особенными детками💛  📲веду платные консультации оффлайн в Казани, онлайн по всему миру @sofiazhugar  для связи"
alhashediq,channel,المكتب الإعلامي لرئاسة أركان هيئة الحشد الشعبي,970,النافذة الرسمية الخاصة بـ اخبار رئاسة أركان هيئة الحشد الشعبي الشعبي   حساب  الإنستغرام  https://instagram.com/media_department.cos?igshid=OGQ5ZDc2ODk2ZA==  @ab_fdk @https://t.me/dfdfdf9
dfdfdf9,channel,ياسر حسين العيساوي,813,القناة الرسمية للحاج ياسر حسين العيساوي معاون رئيس أركان هيئة الحشد الشعبي لشؤون العمليات  حساب الإنستغرام https://instagram.com/yasir_aleysawy?igshid=OGQ5ZDc2ODk2ZA==
alisbaahksa,channel,Merkez Al-Isbaah (ksa),482,تعلّم اللغة العربية في المدينة النبوية مع برنامج مركز الإصباح قنوات مركز الإصباح في المملكة:  🔹 التليغرام https://t.me/alisbaahksa 🔹 الإنستغرام https://www.instagram.com/al.isbaah.ksa 🔹 إكس https://x.com/alisbaah_ksa 🔹 الموقع https://al-isbaah-ksa.com
g6kbot,bot,insta G6 رشق انستا,,البوت يقدم خدمات الرشق المجانية والمدفوعة للأنستغرام بطريقة سهلة وبسرعة فائقة 🔥🚀.
hackerson_it,channel,Hackerson IT-Академия,264,"Hackerson — международная  IT-Академия программирования, дизайна, математики и робототехники.  🔹Наша миссия научить детей и подростков профессиям, которые дают уверенность в завтрашнем дне! ☎️ + 7 (985) 301-99-11 https://hacker-son.com"
matitanium,channel,CyberSecurity,916,Welcome to dark hell  ‌ ما از دانش خود برای مهندسی دنیایی امن ‌تر استفاده می‌کنیم 🔐
tskert,channel,العاب مهكرة 2024,72,https://www.tskert.com
hackerahha,group,مناقشة ⁨عالم الهكر العربي⁩,267,
loveehunter05,channel,~ hunlight ~,57,
eyaddvip,channel,هكر ببجي,80,المتجر موثق من وزارة قسم محاكاة المواقع$$  لتحصل على قناة ثانية 👈https://t.me/vipvip19999$  رابط المجموعة  $$https://t.me/EYADVIIP✅  قناة ثانية https://t.me/vipvip20001   بوت تواصل @PRSTEKObot
llkkrrs,channel,‘ fucking weakness.,186,promise.
hikkis32,channel,хиккис,55,связь — @vRRsqq
hamiclownarts,channel,✧Творчество от Хами ✧,93,"⚠️Мега предупреждение:⚠️ в данном канале под спойлером скрытыми картинками могут быть моменты как насилие,кровь,+18 контент и тд.  Всем ещкере, конкретного фандома тут нет, так что можете ожидать всякого. Все посты имеют хештеги, по ним ищите что надо."
honterartss,channel,Honter.,13,
tolkovii,channel,HACKERS WORLD,5,
clashofclansalaa,channel,『جنرال الهكر』,9,
jokerheyaar,channel,JOKER FREE HACKS,9,JOCKER FREE MODS + INJECTOR  FULL SAFE 💯  OWNER @JOKERA2ZOP
hikarublog,channel,Унылый бложек Хикару,5,Не ищите тут смысла. Его нет.
creator_jenaya_kar,channel,کریکتور جنایت کار,4,
tonboost_group,channel,Ton Boost Group,578,
uzb_tg_wallet,channel,TON hamyon 🇺🇿,346,"CriptoOlamga Siz bormasangiz, u zamon zayli bilan hayotingizga kirib keldi. Тelegram Кошелёк Wallet izohlari."
gramwillwin,group,Gram,249,"GRAM is not a new name.  It has been part of TON’s vision since the very beginning.  For years, the community has known the token as TON, but for early supporters, GRAM has always been part of its story. EQAi4Zk5ne5eNLukrzH3r0Qs0s56rrFP7Om_9-DKkEdzg-pw"
toshiofficial,group,Toshimon Official,117,"TCG nostalgia meets blockchain in Toshimon, a browser-based online battling game that requires the use of non-fungible tokens on the Ethereum platform to act as immutable in-game assets.  https://toshimon.io"
pptompsona,channel,СКЛАД ТОМПСОНА,34,"Я худозник, аниматол и ваабще я очень крутой😎 This is mai Tiki Tok🥺 (pavelmcxxke) или (TommyGUN!!!)"
tomworld15,channel,TomWorld,49,"Привет! Здесь ты сможешь увидеть моё творчество, комиксы и др. А также провожу лотереи, не пропусти! Щитпосты и жизнь за кадром https://t.me/tomikworld"
toncoinbase,channel,TonCoinBase 💎,48,Канал о блокчейне TON и криптовалюте Toncoin
tomocoin_io,group,Tomocoin,22,New Official Group For Tomocoin
tomanreview,channel,ОТЗЫВЫ Николая Туманова | Toman Review,14,"Здесь собраны отзывы от рекламодателей и менеджеров сети @TomanMedia, моих коллег и клиентов, воспользовавшихся услугами гаранта!   Рекламная сеть — @TomanMedia  Надежный гарант сделок — @TomanGarant  Пиши — @Tomanov"
tokenmarketingservices,channel,Token Marketing Agency,2,"🎗 Fast and cheap upvote services. (CoinSniper, CoinMooner and CoinHunters)  🎗Social media services. (Telegram, Twitter, Instagram, Discord, Youtube, Tiktok, Medium, Github and Reddit)  🎗Design services.  🎖 @tammy_services"
dw_tonbot,bot,Toncoin Bot,,Buy & Sale TON Coin with great rate in few clicks. The part of the @DreamWalkersNFT ecosystem.
tonpaymanbot,bot,TON PAYMAN | Купить TON за рубли,,"Быстрая покупка TON и Звёзд за рубли по самому выгодному курсу.  Оплата через СБП, без посредников и задержек."
tonikenbot,bot,TonikenBot,,"Покупка/Продажа звезд, премиума, аренда подарков и другое"
tokinn_bot,bot,TOK INN _bot_ 🤖,,⚫️Узнать актуальные цены на оборудование! ⚫️Акции и скидки.
tonometerbot,bot,TONOMETER,,This bot gives you the current rate of Toncoin ($) / Этот бот отдает актуальный курс Toncoin в долларах ($)
timetravel_pl,channel,Time Travel — Туры по Европе💙💛,3964,"Time Travel — это комфортные путешествия с выездами из Польши и Германии. Вы сможете посетить самые красивые и престижные места Европы. Мы очень рады, что Вы планируете путешествовать именно с нами. Наша команда уверена, что отдых с Time Travel будет комф"
airfriend,group,Pokemon GO: Friends & Trade AirPokeGo,977,Наши ресурсы:  @PokemonGoCheating @airpokegonews @airraids @aircoords @airpvp  @airfriend Жалобы: @admin Дискорд: https://discord.gg/r3RYMM5  Боты:  @AirPokeGo_bot @AirPokeGoLite_bot
twfriend,group,交友啦！ 藍氣球聊天室,225,telegram交友群首選!  ⚠️注意⚠️ 本聊天室作為一個以台灣與香港與澳門用戶為主的群組，強制限制使用繁體中文，請勿蓄意違反，若是發現非正體中文用戶，將直接移出群組！  可以做的事 ⭕️聊天 ⭕️交友   不可以做的事 ❌人身攻擊 ❌騷擾 ❌成人內容 ❌廣告 ❌政治 ❌非許可連結 ❌散佈隱私 ❌低畫質貼圖 ❌問其他群組  群主與管理員有權詢問非繁體中文名稱之成員為何處用戶。  0203
timeokart,channel,Watchocart,873,"Top quality watches, eye frames, pens, belt, wallets and many more.  Check our website watchocart.in  WhatsApp - 9695037826"
boyfriend,channel,@beam MM,322,—> @beam ☘️
friendstime_ft,channel,𝐅𝐫𝐢𝐞𝐧𝐝𝐬𝐓𝐢𝐦𝐞 ᶜᵒᵐᵉᵇᵃᶜᵏ,231,─────── you are welcome 💚 ofch level — 6 bot — @F_Time_bot
time_threshold,channel,"С любовью, жизнь🩵",42,"Всё, что бы ни происходило в настоящий момент, является необходимым💫  Группа с авторскими стихотворениями: https://t.me/poesia_anastashi"
maotaff,channel,maotaff,170,щп - https://t.me/+3SUfdxIvZTk5 лсэ - @unr1al твиттер - https://x.com/maotaff анонка - t.me/anonaskbot?start=YiGu7Z97JYSkEJ_ пинтерест - https://pin.it/1dczMSVEo
tobea_friend,channel,От друга,112,"будь другом, и себе и другим  created by @darihatmullina"
timeshufflegame,group,TimeShuffle Game,90,
timetocoin_official,group,Timetocoin 討論區,102,中文加密貨幣資訊社群，幣圈技術人脈交流 www.timetocoin.com
timedaogroup,group,TimeDAO,53,Time-Lock Your Memories and Crypto Savings on the Blockchain. // Website: https://timedao.org
conylinefriend,channel,Cony from LINE Friends Portal,115,Meet Cony — Asia’s most loved bunny on ETH.  @ConyLineFriend Website: https://cony.world/ X: https://x.com/ConyLineFriend
timeforma,channel,T.F.M,70,"We fly higher, we burn brighter, rising from the ashes,  we are TFM"
taketimett,channel,TAKE TIME | Центр красоты | Мытищи,119,"✨Ваша внешность — это не генетика это системный уход, который мы подбираем за вас  −15% на первый визит  +5% кешбэк   ↓Онлайн запись↓ https://n1280432.yclients.com"
tairdrp,channel,Airdrop Alert,44,Upcoming crypto airdrop alert and update.
timetownchat,group,Time Town 🌃,35,"Спілкування, ігри, обговорення та приємно проведений час. Приєднуйся! Мова чату українська"
redaktionfrendly,channel,редакція Friendly | Видавництво Friendly,9,Тут будуть мої думки та ідеї стосовно моєї творчості. А ще трішечки новин гік Всесвіту.  Сподіваюсь вам тут сподобається.  Кажуть що тут можна забустити мотивацію автора: https://t.me/boost/Redaktionfrendly
alisagadaet,channel,Алиса Рейвен,354,"☑️ Алиса Рейвен - таролог, психолог, эзотерик  ♾️ Помогу найти ответы на важные вопросы 🩶 Любовь, карьера, здоровье, саморазвитие 🔍 Диагностика и энергетические чистки ®️ Мои ритуалы: привлечение удачи, любви и богатства  ✉️Написать мне @Minerva_Taro"
mashandragons,channel,психоанализ и драконы,85,"• канал психолога Марии Дьяченко о психике, бессознательном, чувствах, травмах, архетипах и немного обо мне.      📩 для личных консультаций: @marikeses"
marina_dokshokova,channel,МаринаДокшокова|Псих🫀лог,79,Метод: психоаналитическая терапия  Работаю с взрослыми и подростками с 16-ти лет  Помогаю разобраться с соматическими и психологическими симптомами   Обо мне: http://marina-dokshokova.psy.tilda.ws/50000
diana_shavtikova,channel,Diana Shavtikova,353,"Пишу о том, как психология помогает построить здоровые отношения с собой и с другими.   Диана Шавтикова | Психолог Запись по номеру 8 929 999 62 36"
joozikuka,channel,𝕻𝖔𝖚𝖘𝖘𝖊𝖘 𝖉𝖊 𝖗𝖔𝖘𝖊𝖘 𝖘𝖆𝖓𝖌𝖑𝖆𝖓𝖙𝖊𝖘╿🍉,118,"🍷Писатель, художник, кинокритик, философ и просто контентмейкер.🔪🍒 Поддержка контента:  🗽- Тинькофф: 2200700899027543 🐦‍⬛- Сбер: 2202208051321702   #goth #film #music #joozi"
massiveregress,channel,Путешествие в регресс✨,149,"Канал Полины Масс, клинического психолога, регрессионного терапевта.   Здесь: #психология #регрессия #путешествие #мемасы  Записаться ко мне на сессию @pollymassiveregress"
psyyar,channel,ПСИХОЛОГиЯ,58,Аналитическая психология Юнгианский анализ Арт-терапия Записаться на консультацию @Psyyaros
intensive_health,channel,Кармическое исцеление | проект Лобсанг Кадрин,248,Публичный канал по улучшению здоровья от основателя «Мастерской Здоровья» — Лобсанг Кадрин
smile_oflove,channel,Улыбка Любви❤️,36,Добро пожаловать на канал вашего психолога Ирины Алексеевны Братушевой.   Здесь мы создаем пространство для искренних бесед о нашем внутреннем мире.   Задать вопрос 💟/ записаться на личную консультацию :  t.me/brat_irina
biologikarodina,channel,Biologika_rodina,111,"Екатерина Родина, психоаналитический психотерапевт, психосоматолог, автор книги «Поговорим о разводе. Как расстаться красиво»."
ofcenc1tyzone,channel,★ 𝐄𝐍𝐂𝐈𝐓𝐘𝐙𝐎𝐍𝐄,70,★ we are encityzone.  ➢ OFC BOT : @ENC1TZOFCBOT ➢ SHITPOST : @shitpostencity  ✰ make the encityzone your home.
vivekaolga,channel,Ольга Пантелеева || Ведущая,24,ПОЮщая ВЕДУщая 🎤 Читаю тосты в стиле рэп 😎  Поженила более 111 пар  Тут на канале я показываю БУДНИ ВЕДУЩЕЙ с эзотерическими наклонностями 😁🙌 подписывайся 😉  ИП Пантелеева Ольга Леонидовна
stiles_life_fan,channel,𝓢𝓽𝓲𝓵𝓮𝓼 𝓛𝓲𝓯𝓮 𝓯𝓪𝓷 🫦🙏,13,легенда вернулась #матьвздании
yavimiry,channel,ЯВИ,20,
shoroh_news,channel,Шорох News 🔞🤫,1557,"Новости, интересные факты."
chabadobolon,channel,Хабад Оболонь,156,Офіційний канал Оболонської Єврейської громади у Києві. Ми у Facebook: https://www.facebook.com/ChabadObolon
cult_front,channel,Reform.news :: Культурный фронт,436,Новости беларусской культуры на Reform.news
fmtournamentsn1,channel,FMT | Fc MOBILE Tournaments 🏆,90,Лучший канал с призами и средним количеством участников   Раз заглянул заходи и играй  Ссылка на чат канала https://t.me/+GxJPvmu0ZrNlYjcy  Дать буст  - https://t.me/boost/Fmtournamentsn1
fc_zgrom,channel,AFC Z-Grom,230,
bmlbalashiha,channel,FBL,60,FBL БАЛАШИХИНСКАЯ ФУТБОЛЬНАЯ ЛИГА
ftcl3premier,channel,FTCL 4 PREMIER,105,
zvezdavnepolya,channel,МФК Звезда / ВНЕ поля,25,"Тут вы сможете увидеть различный контент нашей команды вне поля, а также лайв контент с матчей и мероприятий!"
iftlmedia,channel,IFTL Media,27,
newsforr,channel,433 | FTCL,12,
hamidovlive,channel,xamidov live,12,
zad_004,channel,زادُ القلـوب 🤍,210,كُلُّ حَرْفٍ هُنَا زَادٌ لِقَلْبٍ أَنْهَكَهُ الطَّرِيقُ 🤍
aviothic64,channel,[.Aviothic.],209,•Aviothic• اَویوتیک”☁️” اشتیاق زیاد برای پرواز و میان ابرها بودن.
bjxkdneklnndesxf,channel,صدقه جاريه🤍,103,
shesflaneur,channel,ː𝖥𝗅𝖺̂𝗇𝖾𝗎𝗋,133,http://t.me/HidenChat_Bot?start=8824679533 فلانور؛ کسی که بدون عجله و بدون هدف مشخص، در خیابان‌ ها و کوچه‌ ها قدم میزند، فقط برای تجربه کردن شهر، تماشای مردم و لذت بردن از لحظه.
jx_2a,channel,مخدرات رمادية,72,
iksr_kon,channel,Расстановки. Жизнь. Любовь.,728,"Анонсы, новости, записи и материалы о методе, который помогает увидеть скрытые связи в семье и отношениях, разобраться в повторяющихся сценариях и найти новые решения"
ariyamkids,channel,ARiYaM KiDs,4273,Онлайн магазин детской одежды 🌟 Качество и стиль по доступным ценам✨ Производство КИТАЙ ТУРЦИЯ  🚕Доставка по всему Узбекистану 👩‍💻 @zar3993 Инстаграм: https://www.instagram.com/ariyam_kids/
biznes_trening_kurs_podarok,channel,Бизнес. Тренинг. Курс. Подарок.,132,Бизнес. Тренинг. Курс. Совгалар. Бу каналда сиз зур тадбиркор буласиз  @akramkodirov
llthecrowll,channel,Полумрак ꫂ᭪݁,354,لطفا اگه واقعا دوست داشتی ؛ جوین باش. :) برای صحبت با من: https://t.me/SendHarfBot?start=82ae5f442e72
omargadzhiew,channel,Omargadzhiew,1449,
gasssieva,channel,Vikusya,1824,
dagfoodinfo,channel,DAGFOOD,570,Дагестанские продукты dagfood.ru ✉️ zakaz@dagfood.ru
vahabeshtoev,channel,Vaha Beshtoev,373,"Картины Вахи Бештоева. Члена союза художников, многократного лауреата творческих конкурсов. Ваха входит в список 10 самых талантливых художников России. По версии Министерства культуры России. Vakhabeshtoev.com"
mahachkalaonline,channel,Махачкала Онлайн!,432,
papaha_travel,channel,Папаха Тревел — приключенческие туры по Дагестану,611,Официальный телеграм-канал туроператора Папаха Тревел  Отзывы в Яндексе: https://yandex.ru/profile/57598442235  Сайт: https://papaha-travel.ru/  WhatsApp: https://wa.me/79282882626  ООО «ПАПАХА ТРЕВЕЛ» ОГРН 5167746490016 Реестровый номер: РТО 023387
hvmevra,channel,اقرأ,302,
c1n_a,channel,C1NA,11480,• Musicam : t.me/PLayLisT_Cin
hoshirinanana,channel,крышка от амстердама,129,
mirardentro,channel,// mirar dentro,24,
lastoverova,channel,Ластоверова и естественный беспорядок вещей,51,"Музыка, стихи, афиши, заметки о повседневности"
sveclav,channel,sunbeam,47,"Лайфстайл страничка для звездных душ, переводчиков, молодых людей, интересующихся мемами и трендами, непонятых гениев и других слоев общества"
songsinua,channel,Songs.in.ua,10,Історії українських пісень та світових хітів
saudaddde,channel,Mahlin,41,It's ok.
listokisalboma,channel,Листок из альбома-2,24,
nepennethe,channel,Nepenthe🌻,417,💫🌻 7.12.1403 شاید بتونیم اینجا کنار هم خوشحال باشیم ✨ :ناشناس http://t.me/HidenChat_Bot?start=728964354
leebit8,channel,‌ ‌ ‌ 𝗅︎𝖾𝖾 𝖽𝗈𝗇︎'𝗍 𝗄︎𝗇︎𝗈𝗐 ! چالش گذاشته‌شد,229,خب نمیدونم، شاید بتونیم دوست بشیم و باهم قهوه بخوریم. @leeknowsinfo
motaka_8,channel,"""مُ.تَّـــكَأْ...☕️.",91,لتائهين في عشوائية المشاعر هاذه القناة لي قلوبكم ☕️
yeahgoah,channel,егох @yeahgoah,3391,сайт: www.yeahgoah.ru  ☎️🪴 контакты: по вопросам рекламы: @yeahmng поддержка: @aurasup
ahangpaeizee,channel,🍁آهنگ پاییزی🍁,306,🍁عاشقی فقط با آهنگ پاییزی....وعشق است این پنهانی ترین راز پاییز🍁  جهت تبلیغات با قیمت پیشنهادی به ایدی زیر پیام بدهید  @Khatereh360
ahangdoonyy,channel,کانال آهنگ دونی,231,Bot : @AhangDoonyBot  Channel 1 : @AhangDoonyy Channel 2 : @Android9
maanccch,channel,𝒂'𝒎,124,
ahahahhano,channel,YOS,169,original content 17%
rocketsneaks_feedback,channel,Rocket_Feedback,16,Здесь можно найти все отзывы о нашей работе Главный проект  https://t.me/rocketsneaks
academy_integral,channel,Academy_integral,115,"Обучение для психологов-консультантов Онлайн-курсы Сексология Плассотерапия©(Старостин О. А., 2013г.) Связь @shulgaswetlana"
integralmed,group,Интегральная Медицина,162,"Сайт https://therapy.tchom.com/ Группа для взаимодействия на тему наиболее эффективных и системных методов восстановления тела, энергии и сознания человека. Информирования о мероприятиях в этой сфере. Ответов на вопросы по программам и семинарам."
modultech_ru,channel,Modultech,30,С 2009 года поставляем телекоммуникационное оборудование по всей России  Наш сайт: modultech.ru
concepthouse44,channel,Concept House,15,♥️Вдыхаем жизнь в искусственный АКРИЛОВЫЙ камень и КВАРЦЕВЫЙ агломерат 🚛Работаем по Центральной России
linnlittleparadise69,channel,Never-Ending Summer (SK Version) mmsb စ/ဆုံး,24928,Admin - @ltzh27
linnlittleparadise70,channel,Korea Dramas & Movies Link Collection by Linn ❤️,3336,Admin acc - @ltzh27
chrryhalo,channel,Cherry Halo𝄞𝄢,1165,‼️All items are thrifted  Order: @halomp3 💌 Trust: @chrrytrusted 🍒 Anon: t.me/HidenChat_Bot?start=8264182063
mylittleponycf137,channel,ᝯׁܻ֒⨍ ꩇׁׅ֪݊𝒀 ℓ𝒊tׁׅtׁׅ𝕝𝒆 𝐏𝕠[̲̅n̲̅]у° . ✧ 🌈,287,
myparadise9,group,𝐌𝐘𝐏𝐚𝐫𝐚𝐝𝐢𝐬𝐞 𝐇𝐨𝐫𝐬𝐞 - Беседа/Продажи,1186,"✧Основной канал- @MYParadise_Horse ——— ✧Прежде чам общаться,прочтите правила по команде ""Правила"".Если вы их нарушите,вы примите наказание. ——— ✧Владелец- @Zuza_Tuza ."
mylittleplushie,channel,Plusha,700,"Владелица сообщества Infinity Nikki | Whimstars: https://t.me/infinitynikk1   Фотограф, чуть чуть монтажер и просто играюсь🩷"
mylittleponyporn18,channel,My little pony porn💖,975,
welcometomyparadisee,channel,𝓜𝔂 𝓹𝓪𝓻𝓪𝓭𝓲𝓼𝓮✧⁠*⁠。,63,Tommy February6 – Lonely in georgines
mylittlestarrrr,channel,my little star ⋆˚࿔,474,"канальчик по чудесному сок мэттью  anon: @cattmatt_bot coop: @mlsvp 💌 : @seokmatthewchat рассылка: @foryappingg_bot  cr: myseokryudan (англ перевод) 528text (+чат) checkiam_ (кор перевод + доп видео/фото контент), остальные будут в постах, либо перевод мо"
specialparadise,channel,𝑷𝒂𝒓𝒂𝒅𝒊𝒔𝒆🌙☁,63,"""You were my drug and I overdosed.""  Channel's Bday: July 20🎈"
strawberrylissinenok,channel,клубничный рай алисика,41,
mylittlewod,channel,My Little WOD,149,
mlpponyworld,channel,MLP Pony World 16+,273,"Добро пожаловать в канал брони и млп Здесь вы сможете найти новости, интересные аксесуары, арты и аватарки. Канал не 18+ но по интересам рассчитан на более взрослую аудиторию"
petitlapinkids,channel,Petit Lapin,173,Магазин детской и подростковой одежды в ТРЦ Принц Плаза в Москве Оформить заказ через WhatsApp: https://wa.me/79689895715
mylittle333,channel,polyclinic,109,моя одежда:  https://t.me/toomuchtooloose
petitepetalsss,channel,petite petals ♡♡♡,99,looking for a gift for someone? come check out my channel for 𝐚𝐟𝐟𝐨𝐫𝐝𝐚𝐛𝐥𝐞 flowers! bouquets perfect for any occasion♡♡♡
angellps24,channel,🎀ANGEL LPS🪽,187,Добро пожаловать в мир Littlest Pet Shop!🫦 Здесь ты найдешь:  ⦁ 💗Фотографии фигурок LPS ⦁ 🎀Обзоры наборов и отдельных игрушек ⦁ 🛍️Новости о новых релизах ⦁ ✨ Конкурсы  ⦁ 🪽Интерактивы Подписывайтесь тут уютно и интересно🎀💗
my_little_dub,channel,꧁◦°˚°◦. ʍʏ ʟɨȶȶʟɛ ɖʊɮ .◦°˚°◦꧂,97,"Любительская озвучка мультфильма Лорен Фауст ""My little pony"" Набор идет"
zachemdysha,channel,зачемдюша?,122,Дюшапердюша
technoparadisee,channel,Technoparadise,157,Особенный звук ...  Electonic music /tracks in my collection for you! Enjoy 🌪 #techno #minimal_techno #deep_techno #melodic_techno #progressive #vocal #organic_house #indie_dance #electronica for cooperation- @linalexx
mylittlesun2026,channel,𝓖 |𝓓 💙,139,
craft_toys_mlp,channel,Pony-gram✨️🦄,65,"Wellcome to Equestría🦄🌈🪽💎🎈🦋☀️🌙 MLP collections: фигурки, игрушки, мерч и немного артов +обзоры"
mylittlepinyzine,channel,my little pony ZINE,88,
pouya2004rahmani,channel,Last summer,101,بە ناسین دەست پێ ناکات بە ناسین کۆتای دێت•
inparadisumascendit,channel,.˚ * ꒰ঌ𝕴𝖓 𝖕𝖆𝖗𝖆𝖉𝖎𝖘𝖚𝖒 𝖆𝖘𝖈𝖊𝖓𝖉𝖎𝖙໒꒱ * ˚.,31,"𝖁𝖎𝖙𝖆 𝖊𝖘𝖙 𝖙𝖆𝖒 𝖙𝖚𝖗𝖕𝖎𝖘 𝖆𝖑𝖎𝖖𝖚𝖎𝖉, 𝖘𝖊𝖉 𝖘𝖕𝖊𝖗𝖔 𝖆𝖑𝖎𝖖"
aah_m108,channel,𝗺𝘂𝘀𝗶𝗰,139,
jeanzsticks,channel,jeanzforfree,34,By Whiskey&Ayau
kwusayon,channel,kwusay/on •彡,25,анон: @anonkwusaubot тт:kwusay
mesedu,channel,🦎🥱,13,🦎 (видео некоторые не мои)
memo_pixel,channel,memo pixel,3,
dukskript1242,group,𝗖𝗵𝗮𝘁 𝗥𝗼𝗯𝗹𝗼𝘅 𝗦𝗰𝗿𝗶𝗽𝘁 𝗗𝘂𝗸 🧊,38,
kristivilner,channel,Kristian Vilner — The scorer,2,
adriandelardi,channel,@adrianDeLardi - «Grilfin Junior»,3,
daniklm2757,channel,Даник | Магнит Косметик | LM,4,Играю в Косметике
iniakiremioff,channel,𝑰𝑵𝑰𝑨𝑲𝑰 𝑹𝑬𝑴𝑰 ~ 🇬🇪,3,"Iniaki Remi  Position: Left Winger  A dynamic and explosive wide player, Iniaki Remi is known for his blistering pace, exceptional dribbling skills, and precise left foot. His ability to take on defenders one-on-one and deliver dangerous crosses makes° ✓"
soccerystar_bot,bot,Soccer Star BOT,,"Покупай футболистов, будут нести доход 👮‍♀Админ: @Dmitriy1412051 👥 Чат: @chatSoccerStar_bot 🖥 Канал: @chanellSoccerStar"
tamtamanoj,channel,Uttarakhand fantesy CLUB,2,
tommyandz,channel,tommy angelo // 75,1,
insidemysportbot,bot,⚽ InsideMySport | Предматчевые и live-прогнозы,,"Прогнозы, live-анализ, валуи, экспрессы. 100+ лиг. Insidemysport.ru Поддержка: @InsideMySport"
afkqueriesbot,bot,Gabriel Batistuta,,
fzcar,group,衡水/沧州/辛集 资源🅢（河北）,3349,公开榜 @TgCarCN 中文修车导航 @ZWDBQ
unreletable,channel,𝓗𝓸𝓶𝓮,2126,@Unreletablebot :ناشناس
ooutofmymind,channel,Крис Кристина,148,
sseffiksss,channel,клубничная,231,эскапизм и добрые вибрации
alichiekakayato,channel,заметки кринжа.,97,я по гендеру Криштиану Роналду
alina_smm_target,channel,al'ka,83,"будет так, как я хочу"
nomintss,channel,азия мины,39,"we do not remember days , we remember moments ."
shiyuuuy,channel,результаты от шию,2,
fac7ssports,channel,Fac7s Sports,2938,
cflexproduction,channel,Cflex Production,3585,Owners @denizaep1 & @GIoriaeagle
rusport_ru,channel,Sport Russia / Спорт Россия,1320,Связь @dedRPjo
soksport,group,SOK СПОРТ,413,Добро пожаловать в чат спортсменов SOK (Москва) 🏀  Запись на йогу и сайклинг открывается в пятницу в 11:00   📍По всем вопросам: @SOK_community
sdushorseversk,channel,СШ имени Л. Егоровой,435,Официальный канал СШ им. Л. Егоровой
psyholog_sport,channel,Спорт психолог | Кошкина Алена,173,"🧠 Психолог сборной России по триатлону 2024/25  Здесь: — личные консультации — психосоматика травм — мак-карты для спортсменов  Спорт — это не про мышцы. Это про то, как ты думаешь о себе.  Основные моменты есть в нашем боте:  @alenakoshkina_bot"
yulaondafield,channel,"Что значит, не могу?",171,"Личный канал Юли Пухкал, редактора Спортса'', про работу и про все на свете в любительском спорте, немного про книги и изредка про культуру.  Для связи: @yulayup"
pharmacyreligeousclub,channel,النادي الديني ـ كلية الصيدلة 📚💛,2606,قَالَ تَعَالَى: «واصبر نَفْسَكَ مَعَ الَّذِينَ يَدْعُونَ رَبَّهُمْ بِالْغَدَاةِ وَالْعَشِيِّ يُرِيدُونَ وَجْهَهُ وَلَا تَعْدُ عَيْنَاكَ عَنْهُم تُرِيدُ زِينَةَ الْحَيَاةِ الدُّنْيَا». 💊 القناةُ الرَّسْمِيَّةُ لطُلابِ كُلِّيَّةُ الصَّيْدَلَةِ ج /الخرطوم
blue_sail_manchester_city,channel,Blue Sail | Манчестер Сити,397,• Пишем про «Манчестер Сити» и немного про других.  Чат - https://t.me/Blue_Sail_official  Реклама - https://t.me/Blue_Sail_reklama  По всем вопросам писать - @Bernardo_goat
aliraqiax,channel,نادي العراقية || AMSC,1188,نادي طلابي من تأسيس طلبة كلية الطب الجامعة العراقية يصدر النادي مجلة شهرية ويرعى نوادي فرعية في القراءة والرسم والشعر وينظم ورشات طبية. موقعنا https://www.amsciq.com انستا https://www.instagram.com/aliraqiax?igsh=NnJ2bHY4dXVwandp مشاركاتكم @AliraqiaX_bot
footballgrodno,channel,Федерация футбола Гродненской области,637,
ggiiiigiiii,channel,Банда Мендилибара | Харамболл по-гречески,264,Лучший клуб Греции.  Связь/Реклама - седня не
fcatlanteans,channel,"ФК ""АТЛАНТЫ""",204,"⚽️Первый молодёжный футбольный клуб школы 1505  ❗️Организация матчей: @krause_u ✏️Дизайн, форма и тп: @vitqk"
artemkindt,channel,неОБЯЗАТЕЛЬНЫЙ,190,"Артём Киндт ( Stand-up , Барберинг , жизнь , как она есть )"
barcaatleticfc,channel,«Barça Athletic» - «Barcelona»,82,рофл футбольный клуб — «барса атлетик» Участвуем в лиге «Фткл - 3»
lat_online,channel,Латышский язык легко и просто,334,"Канал для взрослых и школьников, изучающих латышский.  Лучшие способы изучения латышского с нуля.  Чуть-чуть о моих курсах и предложениях для нескучного изучения латышского.  Увидимся!"
speakeasy_english,channel,Speak Easy English,1,Щоб почати розмовляти англійською - треба просто почати.  А я - допоможу і спрямую.  Зв'язатися зі мною : +38(067) 443-80-80
hydro_online,group,Hydro - Official Channel,12586,
hydropeptide_russia,channel,HYDROPEPTIDE_Community,654,"Профессиональная марка эстетической косметологии нового поколения! HydroPeptide - единственная марка в мире, содержащая в препаратах более 80 пептидов. Интернет-магазин https://hydro-peptide.ru/"
amigotekdv,channel,Гидравлика Амиготек Хабаровск,11,"Поставка оригинального гидравлического оборудования от ведущих мировых производителей. Консультации, техподдержка, склад"
chembio_come_in,channel,biology and chemistry confession,28,бот для тейков: @BR0THEL_BOT
hydrationapp,channel,Cell-WellBeing Hydration App,24,Learn about the new Hydration and L.I.F.E Wellness Apps that improves your drinks and protects from EMF (5G) More info at  https://hydration-app.com (English) https://hydration-app.de    (German)
firepoolru,channel,Химия для бассейна Геленджик,14,"Строительство и обслуживание бассейнов   Химия для бассейнов  Aqualeon, Chemoform, Hth   Фитинги и трубы ПВХ  Оборудование для чистки и фильтрации бассейна  По вопросам: @FirePoolgelen"
ismailriyaz,channel,Dr Ismail Riyaz,1594,"PhD (Fiqh) (2025) | MFQ (2015) | BIS (2011) | A Writer of Grade 9, 10, 11, 12 Islam Books. Admin: @kandoodhuwy"
pointofview38,channel,.38,130,фотки и мазня  #pointofview38
fer08m6,channel,OᐯEᖇTᕼIᑎKIᑎG Iᑎ ᑕOᒪOᖇᔕ,44,𝑾𝒆 𝒍𝒊𝒗𝒆 𝒊𝒏 𝒕𝒊𝒎𝒆;)
mashq9,channel,"مَشْـق 🤎""",66,جَمالُ الخَطِّ في كَثْرَةِ المَشْقِ.
tupayamuzyaka,channel,тупая музяка,13,авторское музло и скриншоты
photothesnapshot,channel,снимки,26,
zekooopg,channel,ZEKOOO,29,Contact : @its_zekooo
vioriksrblx,channel,Ⲃіⲟⲣіⲕⲥ🌌,47,
pdtmexe,channel,PDTM,23,оно мне надо
zapiski_kinosnika_chat,group,У апаррата киношники,5,
humorandentertainmentchat,group,Юмар и развлечения Chat,12,Обсуждай и смотри класные и прикольные видио приколы
chanell1x1x1x1,channel,.,9,Это простое жалкое описание.Здесь нет инфы
skolzkyled,channel,Скользкий лёд,45629,🏒 Хоккей в схемах и мемах. 🔥Наш супербот @SKLed_bot  📩 Cотрудничество: @ilyais  Макс max.ru/skolzkyled Youtube youtube.com/@led_channel Обзоры НХЛ youtube.com/@ОБЗОРЫ_НХЛ_ЛЁД ВК vk.com/skolzkyled  Регистрация в перечне РКН: https://clck.ru/3PTakr
drsanadcommunityandtoxocology,channel,‏ 📚🩺Dr. Sanad | Batch 50,238,شروحات وملخصات لمواد Community Medicine وForensic Medicine وToxicology | أهم النقاط للامتحان | MCQs | مراجعات نهائية | بإشراف د. سند
notegrupofree,channel,NOTE TIPS,28,
wadsterbetbotresults,channel,Daily Bet Bots Results,128,- morning update of Bet Bot service results in last 24 hours
wembypicks,channel,Wemby Picks 👽,94,Canal de pronósticos deportivos con 3 años de experiencia enfocado en Nba season 25 - 26 🖖‼️👽   Link del Canal: t.me/WembyPicks
darsikutubpdf,channel,𝗗𝗮𝗿𝘀𝗶 𝗞𝘂𝘁𝘂𝗯,2188,@AikQissaHeQuranSe @FaizaneAlahazrat25 @MadaniMuzakra @MadaniKids @DarsiKutubPdf @HajiImranAttari @SirfUrduTahrir @MarkaziMajliseShura @MadaniKids @NaatiaKalaam @OnlyNaats @DawateIslamiBooks
al_kuttaab,channel,Al_kuttaab,862,"Эта жизнь как час, так проведи его в покорности Богу. Нафс человека прихотливый, так приучи его довольствоваться малым."
kukutukclub,channel,кктк клуб,1277,я не люблю кашу даже с топром; дневник+фотографи+коржикмолочный https://t.me/pokanerodilas
kuttubilim,channel,𝕄𝕒ң𝕪𝕫𝕕𝕦𝕦 𝕤ө𝕫𝕕ө𝕣...,685,➖  Учкул сөздөр ➖ Ибраттуу окуялар
lasssietter,channel,lasssietta,171,
olasodyssey,channel,Ola’s Odyssey,192,"A diary, maybe."
optica_pervaya,channel,Первая оптика & аксессуары,76,"Все лучшее и самое актуальное из мира оптической моды, аксессуарный гардероб и классные стилистические находки!  Первая оптика & аксессуары - это полный спектр аксессуаров от солнцезащитных очков и оправ до кожгалантереи и украшений!"
opticavposade,channel,Оптика в Посаде,52,
yanewty,channel,Автобиография «Дурашки228»,38,Лично-публичный дневник какой-то кринжовой и доброй дурашки
magic_ii2025,channel,Магия✨🔮🤖,23,Хотите красивые фото? Не ходить на фотосессии?  Теперь у вас есть я! Я сделаю все быстро и в лучшем виде!
yampolskaya_photo,channel,d.yampolskaya,22,~фотограф группа в вк: https://vk.ru/yampolskaya_photo по всем вопросам и записи: @kkurkumaaaaa
opticsbear,channel,OPTICS-BEAR 😎,16,"Тем, кто любит очки! Про моду, технологии, новинки и безупречный стиль. Про оптику, зрение -  откровенно и пристально. OPTICS-BEAR.RU"
product_by_fonzeeva,channel,Product by fonzeeva,20,
ochk1sun,channel,"Оптика ""Солнышко""",9,"Солнышко — ваш надежный источник света в мире оптики! ✨  Здесь вы найдете информацию о последних новинках, полезные советы по уходу за очками и линзами, а также акции и специальные предложения.  Подписывайтесь и будьте в курсе. Сайт: https://ochkisun.ru/"
papyrusut,channel,𝅄 ׁ ⸼ ˗ˏˋ🧣𝔓𝒶𝓹𝑦𝒓𝓊𝔰🍝ˊˎ˗ ⸼ ׁ 𝅄,214,НЬЕ-ХЕ-ХЕ
plutoniuy,channel,✳️❇️плутоний ❇️✳️ +14,286,Навигация:: https://t.me/plutoniuy/1843
shawarmeyy,channel,°ᥒᥱպᥱρᥲ ɯᥲⲃᥱрмы,56,
sipusmile,channel,‧₊ ᵎᵎ 🍒 ⋅ ˚ Кафе 𝙎𝙞𝙥&𝙎𝙢𝙞𝙡𝙚/ᥒᥱύ υ 𐔤᥈ыⳝᥲύᥴя >⩊<,26,"Кафе ""Πⲉύ υ ⲩⲗыⳝⲁύⲥя"" работает в  понедельник,среду, четверг, воскресенье!  На 1 сервере!  Время указано московское! Отзывы - @Sipppsmileebot Владелец- @puma_339  На работу - @smallusipbot"
rushuuyuy,channel,𝔙𝔢𝔧𝔩𝔢𝔯🌀[16+],88,"Дᴏбᴩый дᴇнь дᴀʍы и ᴦᴏᴄᴨᴏдᴀ! Пᴩᴏхᴏдиᴛᴇ нᴇ ᴄᴛᴇᴄняйᴛᴇᴄь! Здᴇᴄь ʍнᴏᴦᴏ чᴇᴦᴏ будᴇᴛ! Видᴇᴏ ᴄ ᴏᴄ, и ᴄ TFC, дᴀ-дᴀ, ᴄ ʙᴀɯиʍ Пьᴇᴩᴏ и ᴏᴄᴛᴀᴧьныʍи🪽"
pensioniyfond_veon,channel,🌚пенсионный фонд🌝,143,"прошу не бейте за тупые шуточки канал с попафотами t.me/veonys прошу ознакомьтесь чутка с моим лором(т.е. полистайте канал с первых постов), чтоб хоть немного понимать мои шуточки, а то че вы как не свои"
pmtfaan,channel,🌺5_minutes_тишины🌺,133,"Ⲇⲟⳝⲣⲟ ⲡⲟⲯⲁⲗⲟⲃⲁⲧь ⲏⲁ ⲕⲁⲏⲁⲗ, ⲡⲟⲥⲃяⳃёⲏⲏыύ ⲥⲉⲣυⲁⲗⲩ ""Ⲡяⲧь ⲙυⲏⲩⲧ ⲧυⲱυⲏы""! Ⳅⲇⲉⲥь ⲃы ⲏⲁύⲇⲉⲧⲉ υⲏⲧⲉⲣⲉⲥⲏыⲉ ⲃυⲇⲉⲟⲟⳝⳅⲟⲣы, ⳅⲁⲕⲩⲗυⲥⲏыⲉ ⲙⲟⲙⲉⲏⲧы, ⲟⳝⲥⲩⲯⲇⲉⲏυя эⲡυⳅⲟⲇⲟⲃ υ ⲙⲏⲉⲏυя ⲫⲁⲏⲁⲧⲟⲃ. Ⲡⲣυⲥⲟⲉⲇυⲏяύⲧⲉⲥь ⲕ ⲏⲁⲙ, ⳡⲧⲟⳝы ⲡⲟⲅⲣⲩⳅυⲧьⲥя ⲃ ⲙυⲣ ⲃⲁⲱⲉⲅⲟ ⲗюⳝυⲙⲟⲅⲟ ⲥⲉⲣυⲁⲗⲁ!"
lililovebraidsru,channel,✶𝙻𝚒𝚕𝚢 𝙻𝚘𝚟3𝚋𝚛𝚊𝚒𝚍𝚜.𝚛𝚞,51,𝓌𝑒𝓁𝒸𝑜𝓂𝑒 𝓉𝑜 𝓂𝓎 𝓉𝑒𝒶 𝓅𝒶𝓇𝓉𝓎!!
tempiyay,channel,tempiyay 🔞,35,новый арт-канал с фурре и не только
plue11x,channel,PLUE,3,@papaplue
einssein999,channel,GANZ SEIN - EINS SEIN,1070,"Die Einheit in der Vielfalt, einer für alle, alle für einen, alles ist Eins! Ganzheitlich Denken und Fühlen, im Wir für das große Ganze! Alles was unser Leben beeinflusst ist wichtig! Hier ist mein YouTube Kanal: https://www.youtube.com/@Orontes999"
herebedocuch,channel,Docuch и его металлы,1552,"Заметки о тяжёлой музыке прошлых лет. Письма, приветствия, вопросы, пожелания, замечания и проклятия можно писать @Docuch"
be_jamande,channel,سنگ | sang,421,به اختیار یا جبر ،سنگ در سینه قرار دادیم... :)
endlessapril,channel,бесконечный апрель,180,"место, где мы любим чондэ"
sonnenkindsein,channel,SonnenkindSein,77,Ein Lichtkanal für Frieden und Heilung
so1never7mind,channel,кровью плачу режу плоть,57,нищ голд  @trewqute
grachterfiles,channel,Grachter.,32,
neverminddev,channel,Never Mind | Dev-log,37,"Документальный отчёт о разработке Never Mind — стратегии в сеттинге дизельпанк-антиутопии, где вы возглавляете Департамент Контрразведки в тоталитарной монархии. Здесь публикуются билды, концепты, лор и мысли разработчика.   Во имя Её Величества!"
truestjunghwan,channel,신 JUHGHWAN | SODA SODA,48,Рин @shinnyu_bot dear shin never die 🍓 stickersbyshin.t.me
sopranogive,channel,#TVX bonus,2305,Часті розіграші / спонсорки / гіви   За всіма питаннями: @cvvplug95
abhi_givw,channel,𝐀♡︎~//,290,
mskmolldpr,channel,Молодёжь ЛДПР в Москве,603,🤟 Официальный канал Молодёжной организации ЛДПР в городе Москве
mirupak,channel,Упаковка одноразовая посуда ЛНР ДНР,201,Упаковочные материалы Одноразовая посуда оптом ЛНР ДНР
prep_russia,channel,ДКП для Всех,96,"Канал о Доконтактной профилактике ВИЧ ""мы меняем правила любви""  Доконтактная профилактика (ДКП) — является научно доказанной  фармакологической профилактикой ВИЧ-инфекции."
molodostldpr59,channel,Молодёжь ЛДПР в Пермском крае,80,Официальный канал Молодёжной организации ЛДПР в Пермском крае  Присоединиться к нам - @molodejldpr_bot  Наша группа в ВК - https://vk.com/molodostldpr59
molodezhka_ho_ldpr,channel,МОЛОДЁЖКА ЛДПР ХЕРСОНСКОЙ ОБЛАСТИ,41,"Здесь мы делимся свежими идеями, новостями и событиями, объединяя активную молодёжь ради светлого будущего России!"
timestope1010,group,MOJAIK OFFICIAL,14281,The Fastest BlockChain Ever !! MOJAIK ✅ Announcement Channel:  https://t.me/mojaik_channel 😀MOJAIK Art Channel:  https://t.me/MOJAIK_ART
shirokuro_jidai,channel,白黒時代 |Чёрно-белая эпоха,464,Всякие-разные разговоры о Японской империи 1868-1947  По всем вопросам: @hirotsugufuji
monacoplanet,group,Monaco Planet Fans Group (Unofficial),271,Website: https://www.monaconft.io/ Twitter: https://twitter.com/MonacoPlanet Discord: https://discord.gg/monacoplanet Ins: https://www.instagram.com/monaco_planet/
moroka22,channel,°[MOROKA]°,245,Всем доброго времени суток.  Я — Морока. Она/её. Социально неловкий человек. ЩП: https://t.me/+OinPeyFEfidiOTMy Пинтерест — https://pin.it/76OioQFRw
mokka_diary,channel,mokka diary,86,служба доставки десертиков 24 часа @mokkawchoco
moriko180,channel,Moriko180,205,"✨Использовать мои работы можно, но обязательно указывайте автора, пожалуйста! (๑･̑◡･̑๑)  🎀Комишки-https://t.me/Morikocmm"
doformoka,channel,Sakai Moka,354,милана @ninzhuo_bot 🇯🇵2004's Japanese  goal 500
wow1moka,channel,メオ kyao | moka ୧ ݁⊹,66,
spiralkek,channel,𝆺⋆⋅𝆺𝅥sᴇᴋɪᴋᴏ ɴɪsʜɪɢᴀᴡᴀ𝆺𝅥⋅⋆𝆺,40,⊹Аʙᴛ᧐ρ (᧐нᥲ/ᥱᥱ) - 𑀝ᥰᥙρᥲ᧘ьκᥲ ─── ⋆⋅☆⋅⋆ ── 𐌡𑀝 ʙ᧘ᥲдᥱ᧘ьцᥲ: @lial_dde06 ✮ ⋆ ˚｡𖦹 ⋆｡°✩ Вᥴя ᥙнɸ᧐ρⲙᥲцᥙя ᥙ ᥴ᧐ц ᥴᥱᴛᥙ ᥱᥴᴛь ʙ нᥲʙᥙᴦᥲцᥙᥙ! (Зᥲκρᥱᥰ)
princessmoka,channel,𝓶𝓸𝓴𝓪 𝓬𝓱𝓪𝓷𖹭,23,
murkarev,channel,.,1,
kimiyagar,channel,کیمیاگر- نازنین سخاوتی,2319,قبلا معمار بودم و خانه می ساختم، الان کوچ هستم و به دیگران کمک می کنم دنیای جدیدی بسازند.  تحول فردی و آگاهی با کوچینگ نازنین سخاوتی/ کوچ بین المللی از فدراسیون بین المللی آمریکا - نویسنده کتاب کارآگاه درون www.sakhavati.com  @Kimiyagarcoachingadmin
maybeiwasadreamer,channel,شاید RÊVERIE بودم.,619,
lilbunnysoul,channel,lilBunny Soul ໒꒱,401,کاش فقط ی شوت فرنگی بودم-
vagooooye,channel,واگویه؛,300,واگویه: سخن شنیده را باز گفتن.
cryptach,channel,Cryptach 💎 Listing,1447,📝 DM/Promo: @TokenX100 📝 Add emoji: @uCryptach  ⚡️ @CryptachCalls 🎲 @CryptachGambles  😎 Emoji t.me/CryptachCalls/2167  ——— 👉 cryptach.org
xtinctog,group,Th3_V01D 🧇,51,WELCOME TO XTincTs official telegram group chat. | VIEW ALL OFFICIAL LINKS — https://www.linktr.ee/XTincT_Official
axedaddyeth1,group,Axe Daddy Chat,16,Website: https://axedaddyeth.com/ X: https://x.com/axedaddyETH TG: https://t.me/axedaddyeth
aximine_chatbot,bot,Aximine Отдел продаж,,
xtg_connect_bot,bot,XTelega связь,,
xytkibot,bot,xytki,,Сервис курьерской доставки
xtelegraphpicbot,bot,X-Telegraph,,@xgorn
photos_with_me,channel,عکسی با من,28,تصویر جور سخن را می‌کشد همین و بس ‌‌......
python_times,channel,Python_Times,218,"Мемы про Python? Или Python для мемов?   Подписывайся: мы знаем, как развлечь тебя и твоих коллег #forever_young #forever_python  По рекламе: @cyberJohnny"
fiftyshadeslq,channel,Django Trader,1033,Мой дневник сделок и мыслей на пути к 500.000$ 💰💎🤑 Так же тут будут формации и разбор позиций.  Админ: https://t.me/StanislauCZ
iga_djan2,channel,dr.Rozhin,643,Работа
djantonov,channel,ПРЕВОСХОДСТВО. Служение Диджея Антонова,535,"Для тех, кто хочет дать семя веры: MASTERCARD: 5326 5800 0311 8889 Tinkoff  Black (Мир): 2200 7007 1529 3188 ЮМани: 2204 1202 0163 9313  Крипто-кошелёк для пожертвований USDT через сеть (TRC20):  TYFMGxeVagHkaXzhNkCpdVQ9XMKcx9Dh71"
neshan_shafaqna,channel,"""نشان"" | عجایب جهان",1841,"""نشان"" | عجایب جهان  http://neshan.shafaqna.com https://www.instagram.com/nesha_shafaqna"
music_is_like_a_life,channel,A.Music,1350,سلیقه ی مشترک در موسیقی نشان از نزدیکی عقاید دارد
vissvirtx,channel,Vis Shop,233,Owner - Tramp
ziberia,channel,Ziberian | Зиба,517,Искренне и с благими намерениями  По вопросам и предложениям @ziberian
dustcluster,channel,dustCluster,58,
hennzieji,channel,BNS/LOWBOWLS,52,auto join
ssensationall3,channel,ByA ♡,145,
emasl4,channel,.3mas1♿🔝,60,
xallaanacyoxcyor,channel,CyoxCyor,362,Один в дневных грёзах. Я тут рисую.   https://derpibooru.org/tags/artist-colon-xallaanacyoxcyor https://x.com/XallaanaCyox дс: xallaanacyoxcyor
gingergames,channel,Логово Джинджера,207,"Канал с доп.контентом, а также новости и розыгрыши.  Регистрируйся по ссылке на Majestic RP и играй со мной:  https://majestic-rp.ru/?utm_source=youtube&utm_medium=social&utm_campaign=ASKGINGER  Или вводи промокод в чате : /promo ASKGINGER"
dande_lion_team,channel,DANDE-LION | полевые одуванчики,208,Kpop cover dance team  YouTube : https://youtube.com/@dande-lioncdt Instagram: https://instagram.com/dandelion_cdt?igshid=YmMyMTA2M2Y=
dsgndglr,channel,Dsgn.dag'lar,164,Канал продуктового дизайнера из 05.ru  Пишет и рисует — @rasulix
dandrover,channel,дэндровер,69,
animal_journal,channel,AnimalJournal.ru - Журнал о животных🦌,102,"https://animaljournal.ru                                                                           📌Все о диких и домашних животных! 📌Познавательные статьи, интересные факты и красивые фото животных!                                 📌Заходите на наш сайт!🦌"
dagon_4ick,channel,дагон рисуетъ.,98,"добро пожаловать, братья! 💕 кири на 70!!!  МЬЮ: по скиллу ❗️ ТРЕЙДЫ:       да  ✅ КОЛЛАБЫ:    да  ✅ КОММИШИ:  да  ✅  по всем вопросам: @xyxylio или @DagonEH_bot"
kserozavr_demiurg,channel,Данилевская Ксения <Аниматор><Педагог><зародыш демиурга><Ксерозавр>,154,
endc0r333,channel,WWWNDC0RW✨✨✨,154,
dreadful1sow,channel,DREADFUL SOOOOOOOOW,76,Fearless. Indestructible. Unavoidable  DREADFUL SOOOOOW
taos_dungeon,channel,Tao's DUNGeon,73,"Да хуй его знает, прорвемся"
ndjdgnj,channel,Энджи существует,42,Хей йоу я нн художник пока что! По поводу вопросов можно либо к моему администратору💅 https://t.me/soytttwq Либо ко мне😝 https://t.me/uaNi_paNi
fujikooi,channel,𝗙𝘂𝗷𝗶𝗸𝗼🐺,5,こんにちは、藤子 Криминалы/каннибалы/легенды  Оставайся со мной! Тут жутко интересно
kudokushi105,channel,KUDOKUSHI,29226,
drumo0o,channel,Drumooo's,60,No certain content so far 😶 If U R interested just join I'm totally fine with it  - This channel is gonna be for music sometime later 🎶 If U R interested even a little with some sorta musical instrument 🥁 just contact bro   @Drumooo
agony1626,channel,Agøny // ワイズ,69,One-man dsbm band from Krasnogorsk  https://vk.com/agony1626 - вк https://youtube.com/@agony1626?si=c5b-RdXU48bXO3oB - ютуб https://t.me/agonydiscography - дискография  ссылки на площадки в закрепе
kerymeowart,channel,Kery arts (18+),225,"Рисуночки, каляки маляки Присутствует NSFW контент  Лс - @Kerymeow"
gvozdno,channel,[COSMO] GVOZDNO PVP | FREE VIP | MORE LOOT & CARS | VANILLA DAYZ,109,DayZ Vanilla server with serverside mods. IP: 195.2.80.139:2302  TeamSpeak: 195.2.73.213 Discord: discord.gg/b3EeaZzJ Chat: @gvozdnochat  Все сообщения на данном канале относятся исключительно к игровому пространству и к реальности отношения не имеют.
geezgalery,channel,Darko's Shack,56,"Artista digital,un poco vago cabe recalcar aparte... subo cualquier cosa que me guste, quédate si quieres"
wwtloo,channel,waterloo,34,between ocean and mountains
sattiooo,channel,satioo : 花,89,jayhoon is real.
wlryoo,channel,Bloodcard 🧊 || W L R Y O O,17,"Welcome to my world. 🧊 Связаться со мной. — @shinjo_rexvogali Щитпосчу, рисую и говорю о жизни. Вся инфа в закрепах канала. —— cr: TBHX DEADLOCK Some games p.s my life(& other stuff)"
rampo_amiko,channel,⛥ 𝚁𝚊𝚖𝚙𝚘 ✧/✞ 𝙰𝚖𝚒𝚔𝚘 ☾⋆,40,
jwoberry,channel,‌‌ ‌ ‌‌ ‌strawberry,26,
manjjro_ww,channel,MANJRO,7,
nonononobojobo,channel,agony057,16,JUST SHITPOSTING!!!!
visiting_mazo,channel,|| закрыто || ⌕ ๋ ִׄ𝖁𝚒𝚜𝚒𝚝𝚒𝚗𝚐 𝕸𝚊𝚣𝚘 ] #𑀡ϲϻ,12,wwwwwwwwwwwwww The beginning: 25.05.2026 The end: 30.05.2026 My hashtags: #𝕸𝑎𝚣𝚘̲ #🍧 The banners were made by: @PortfolioGuashko Own: @HisokaMazo Posts about unions are deleted one hour after being sent Archive: @MazoHisuArchive wwwwwwwwwwwwww
mgkissdaily,channel,⌕ 𝘔𝘦𝘨𝘶𝘮𝘪 𝘍𝘶𝘴𝘩𝘪𝘨𝘶𝘳𝘰 ! 𝘋𝘢𝘪𝘭𝘺,7,начало: 01.07.26
masterwzdrochkiyaroslaw,channel,мастер вдрочки Ярослав,10,"сука описание не влазит, в закрепе посмотришь предложка @MasterWzdrochkiYaroslawbot"
meowpro69,channel,MeowPro Family,9,https://youtube.com/@meowpro1337?si=4bqrx30LBqlQ3Trs
mrj_log,channel,𝗺𝗿𝗷.𝗹𝗼𝗴,8,●𝗕.𝗠.𝗢 ●𝗣𝗲𝗿𝘀𝗼𝗻𝗮𝗹 Blog
nocapglock,channel,Отсоси мои яйца Глок,5,
weyko_omg,channel,@ Weyko _ omg . ♡゙,3,
mateonotmatteo,channel,читкуля бурмалдита,2,добрый матео и читкуля tt: mateonotmatteo
aldhamin313,channel,بَركة الضامن 🕌📚🦋,76,من اقوال الإمام علي بن أبي طالب في وصف قيمة الكُتب: «الكُتُبُ بَساتُينُ العُلَماءِ»  «نِعمَ المُحَدِّثُ الكِتَاب».
onecupajushi,channel,یک لیوان چایی با آجوشی ☕️,56,برو یه لیوان چایی بیار باهم بخوریم. اینجا فقط منم و اون نسخه ی آروم ترم که صداش میکنم آجوشی...
birnarsalarhaqidaxotira,channel,Birnarsalar haqida,20,Falsafa  Kinolar  Kitoblar  Din Hullas hamma narsa haqida
oldlittel,channel,˖ ִֶָָ࣪,4,طبیعتاً کسی منو یادش نیست
chelseafcupadates,channel,Chelsea Fc,26895,
chelsealondonfc,channel,Челси | Chelsea | Лондон,2577,У нас всегда самые свежие новости и интересующая вас информация!  По рекламе: @footballbil  биржа : https://t.me/reklama_footb
ourchelsea,group,Наш Челси чат 💙,890,"Приветствуем вас в чате футбольного клуба Челси, в котором вы всегда можете обсудить любимую команду  Связь @MasterGC_KZ  @mediabookmaker @bookmakermedia  @bettingworldnews Новости букмекерского мира  @StavkaLavkaMedia Спонсор конкурсов чата"
chelsea_cf_club,channel,Chelsea | The Pride Of London💙,202,Прогнозы на матчи ЧЕЛСИ + новости о клубе По вопросам @RLC45
chelseahubbgroup,group,ኢትዮ ቼልሲ FANS ግሩፕ,2175,
chelseafcne,channel,"💙⚡ФК ""Челси"" | ""Chelsea"" FC",44,🇬🇧💙ДОБРО ПОЖАЛОВАТЬ НА КАНАЛ О ЛУЧШЕМ КЛУБЕ АНГЛИИ -  https://t.me/chelseafcne  • 📈Буст канала-https://t.me/boost/chelseafcne • 💬Наш чат -t.me/fchchat • 📃 По поводу рекламы - @evgeni_cold_Palmer @fdtv_10
wonderfulcfc,channel,The Blues | WonderfulCFC,256,"Only Chelsea! 💙  Cole Palmer, Enzo Fernández fan! 📌"
chelseafanskerala,channel,Chelsea Fans Kerala,125,
chelsealondonir,group,گروه کانون رسمی‌هواداران چلسی در ایران,152,
chelsea_ukraine,channel,«Челсі» | Синій Грім,738,Місце збору вболівальників футбольного  клубу «Челсі».  Синій Грім на Ютубі: http://youtube.com/@СинійГрім   Зарядити канал: https://t.me/boost/chelsea_ukraine  Звʼязок - @chelsea_on_air
fcchelsea_ru,channel,ФК «Челси»,230,Официальный аккаунт Футбольного клуба «Челси» Балашиха  📞 +7 (993) 765-33-03 ✉️ info@fcchelsea.ru 📌 fcchelsea.ru
chelsea_cfc,channel,@Chelsea_cfc,4,
chelsea_bridge_chat,group,Blues Community Chat,449,Спільнота фанів «Челсі»
supaidablues,channel,Passion Blues,289,❄️ Канал про лучший клуб Лондона!  Суперские новости + личное мнение админа канала.  📱Связь @supaidadan 🧑‍💻 По поводу рекламы @spdkai 💰 Реклама https://t.me/setkabf
kammycfc,channel,Вселенная 𝘬𝘢𝘮𝘮𝘺,203,По всем вопросам @nkam11a  🫶🏻
chelsie_km,channel,челси,240,анон - @anon_chelsi_bot пиар чат - @vzotchelsihelp инфо канал - @info_chelsi юз влд - @missi_myr
chelsea_qazaqstan,channel,Chelsea Qazaqstan,14,Челсифандардың ортасы 💙  Арна авторы: @Tenelilias
chelsea_beautyclub,channel,💎КЛУБ КРАСОТЫ ЧЕЛСИ💎,197,"Для тех, кто из лучшего выбирает безупречное ✨ VIP обслуживание  Ждём Вас ежедневно с 10:00 до 22:00. 1-й Смоленский пер.,21  Переходи по ссылке и получи свою персональную скидку🤩  https://clck.ru/E6psg  📲 +7(495)968-50-56"
twitgramhub,channel,TwitGram X-Tracker,530,@TwitGram_Robot is the fastest Twitter (X) Tracker bot that works in channels and groups too.  Chat: https://t.me/+VnPOEsYmXRk4YTIx
twitterbotpromote,group,"TweetAttacksPro, the best twitter bot🔥🔥🔥🔥🔥",101,
twitblit,channel,Twitblit,81,"Twitblit.ru — социальная сеть для авторов и творцов, которые хотят делиться идеями, развиваться и защищать своё.  Платформа для художников, писателей, дизайнеров и всех, для кого контент — это капитал.  Присоединяйтесь! https://twitblit.ru"
twitercardbot,channel,Твитер кардбот,122,Архив для общего и личного доступа
twitter_perlen,channel,Twitter-Perlen,130,"Nachdenklichen & Witziges aus Twitter. Muss nicht meine Meinung sein, aber ich halte es für interessant."
twitterpicbot,bot,twitterpic,,
tw2tg_updates,channel,Twitter Feeds Discussion,23,Discussions and updates about twitter->telegram broadcasting bot
tm_chea,channel,Tm追踪频道,4790,人生如戏
chelsea_offchannel,channel,𝐂𝖧𝖤𝖫𝖲𝖤𝖠,17,𝐃esigner : @OHFHCK
chelseairan_graph,channel,چلسـی ایــران گرافــ | Chelsea Iran Graph,47,• مرجـع طراحـی تخصـصی چلـسی ایــران گرافــ •  • نگاهـی خلاقانـه بـه چلـسی •  • بـا مـا خاصـ باشیـد •  • کانال اصلی: @Chelsecfc •  • کانال پشتیبان: @ChelseaGraph •  • ارتباط با ادمین: @AHM_GD •
chelseairan_collection,channel,Chelses Collection,2,
chelseafcuz,channel,Челси | Chelsea 🔵,3,
playlistchnel,channel,PL,4644,
zou_jdjenchdkemfh,channel,маник music,20,
johandairy,channel,𝖤𝗑𝗉𝖾𝗋𝗂𝖾𝗇𝖼𝖾,22,
astrainerhumor,channel,"Ast, Rainer, Humor",11,
werasdftghvc,channel,Люблю музыку 2007,12,
bioxrusmusic,channel,[𝟐𝟒]​,2,
themodeissung,channel,𝑻𝒉𝒆 𝒎𝒐𝒅𝒆 𝒊𝒔 𝒔𝒖𝒏𝒈,4110,𝑻𝒉𝒆 𝒎𝒐𝒅𝒆
miniserien_in_deutsch,group,🟤MINISERIEN-LISTE🟤,1516,"MEIST SERIEN, DIE ABGESETZT WURDEN   THE FILMS & SERIES ARE A CLOUD-BACKUP OF A PRIVATE COLLECTION. COMMERCIAL USE & PUBLIC PERFORMANCES ARE NOT ALLOWED. LEGAL GUARDIANS ARE RESPONSIBLE FOR OBSERVANCE OF FSK REGULATIONS."
gentoo_es,group,Gentoo Linux en Español,372,Grupo de Gentoo en Español.  Web oficial: www.gentoo.org
deborahdelucanews,channel,ᴅᴇʙᴏʀᴀʜ ᴅᴇ ʟᴜᴄᴀ,903,"Deborah De Luca 🇮🇹 Born: 23 July 1980 From: Naples, Italy Genres: Techno, Minimal Techno, Hardcore Techno  deborahdeluca.it facebook.com/deborahdelucadj"
sendiarys,channel,ماهی قرمزِ بی تنگ در راه‌ِ زمستان؛,499,""" ما چیزی بیشتر از تکه هایی هستیم که وجودمونو تشکیل میدن""      🛖: https://t.me/harfmanrobot?start=643089257 /  صندوقچه ی فیلما و کتابا : https://t.me/cakeandteatree"
nosrattno,channel,تو کتابا نوشته تنبلی کار زشته,175,Nosrat fandom🔥 Electric city زن، زندگی، آزادی. بذار زنده باشم، بذار! @nosratisthatyou
booksbalochi,channel,📚 كتب باللغة البلوشية 📚,21,
hioshirutg,channel,Hioshiru (18+),9375,
yuureiferreropdf,channel,18+ Разоблачение на Юурея Ферреро,43,Are you man enough to take the blame for this?
daroshow,channel,داروشو,14,
kukurushoz,channel,kukurushoz,2,"ленивые арты, скетчи и щп"
bookkesh,channel,Накапливать и не читать,528,
bookhuntin,group,еще книшки: букхантинг,195,
bookexpr,channel,Книжный экспресс №2026,279,
the_bookest_world,channel,The.Bookest.World,371,"📚 Bookstore 📍 Vilnius, Užupio 13 🌎 https://the.bookest.world/"
bookecoin,channel,BOOKE NEWS,84,Innovative mobile gaming right in Telegram? - Booke  Official channel of @bookecoinbot  💬 @bookecommunity  🆘 @defiantoll  📱 @bookecoinbot  📹 https://www.tiktok.com/@booketeam?_r=1&_t=ZM-912qzZMEJTM
bookends,channel,Bookends,56,"Books, Short Stories, On This Day, Word of the Day, News Headlines, This Day in History, General Knowledge Quiz and much more."
readnfun,channel,Read'n'Fun,151,"Анастасия Тараскина  Преподаватель 🇬🇧, 🇩🇪, 🇷🇺, психолог, писатель, «говорящая голова» https://vk.ru/byrkinson https://vk.ru/readnfun Anastasia Taraskina  🇬🇧, 🇩🇪, 🇷🇺 Teacher, Psychologist, Writer, ""talking head"""
nastenbook,channel,настёныш и ее книги,102,my inst: https://www.instagram.com/nastenbook?igsh=aWx2eHI2cGs4Yjh5 my pinterest: https://pin.it/7cFInJgzS
book_bunny,channel,Книжный кролик 📚,50,Грызу книги вместо морковки  По вопросам: @Amira_krolik
bookeria,channel,Букерия,26,Не знаете что почитать? Заходите к нам!
blanketandbook,channel,комната теплых историй ☕️,18,уютная хроника мыслей🧁🫖
qwertyu_h,channel,اندرخیالات‌ِشبانه,80,
suk_bederete123,group,【ሱቅ በደረቴ】ኪታብና ጅልባብ መሸጫ,8114,📨 ሱቅ በደረቴ ኪታብእና ጁልባብ  መሸጫ ⇗ጅልባብና ኒቃቦች ⇗የተለያዩ ኪታቦች ⇗የሶላት ሸርሸቮች ⇗የወንድ አልባሳቶች ⇗የሴቶች አልባሳት ሁሉም ባንድ ያገኛሉ። ለማዘዝ  @Ibnu_turabb123 ሁሉም የሳኡዲ ከተሞች እናደርሳለን          𝐓𝐞~ t.me/suk_bederete123
klevoya,group,Klevoya | Hydra and Inspect,17,https://klevoya.com/
qardupi,group,ShahDPI talabalari👨‍🎓🧑‍🎓,61,Mazkur guruh Shahrisabz Davlat Pedagogika Instituti talabalari uchun maxsus....
heladao,group,Hela DAO Community,19,
forealmahdeya,channel,Mahdeyã,16,Singer-songwriter
khelobaazi,group,KheloBaazi Open Group,7,
hydraai_store_bot,bot,HydraAI - Магазин,,
ostrovzm,group,Завоёвано неVидимки,2,
huiai_io,group,慧AI用户交流群,1,
antisimpindia,channel,IAS - India Against Simps,2189,
yomemory7331,channel,YOMEMORY,60,SC: https://soundcloud.com/yomemory  сведение/мастеринг/свзязь: @yomemoryemo
phobiamurr,channel,фобия мурр,115,wish u were here
mmeliines,channel,say,1851,
mxiivv,channel,XVIII.VIII.MMIV,821,
betweeniines,channel,𝖡𝖾𝗍𝗐𝖾𝖾𝗇 ⋆ 𝖫𝗂𝗇𝖾𝗌,200,"ᅟ* ‌‌ ‌ ‌  ‌‌ ‌ ‌ 날 찾아서 힘껏 끌어안아 까만 창 ᅟᅟᅟ𖹭   너머 어둠 속의 불빛 하나 𝖩𝗎𝗌𝗍, 𝖨'𝗅𝗅 𝖼𝗈𝗇𝗇𝖾𝖼𝗍  ᅟ ‌‌ ‌ ‌ ᅟ𝗍𝗈 𝗒𝗈𝗎 ᅟ ‌‌ ‌ ‌ ᅟ 𝖷-𝖮, 𝗆𝗒 𝖼𝗒𝖻𝖾𝗋-𝗅𝗈𝗏𝖾."
ahvazrhahfarjlop5442,channel,اِلْ,185,
thesuuuunn,channel,♾️,109,愛
betweenbags,channel,Наши дни между чемоданами,3,"Мы всё время где-то между домом и дорогой. Собираем тёплые моменты, как маленькие сокровища. Обнимаемся в аэропортах, смеёмся в такси, ищем свой уют в каждом городе. Это наша семья – живая, тёплая, немного сумасшедшая и очень любимая. 🧳♥️"
millnr,channel,١٤٢٧ هَـ .,61,وما بين حُبٍّ  و حُبٍّ أحبكَ أنتَ .. - 𝐙+𝐌🪬💍🤍.
chuvstvovernostii,channel,🪽,18,
soapinyourhands,channel,Soap in your hands,5,
rabota09vmeste,channel,«Работа вместе»Черкесск,715,🔺Ищете подходящую работу? 🔺 Получайте проверенные вакансии и советы по поиску работы 🤩 🫵Подписывайтесь прямо сейчас! Консультации по ссылке :https://t.me/rabota09chat 📲89187186464
chesno_psy,channel,Chesno PSY | психиатр и психотерапевт,411,"Андрей Чесноков, врач-психиатр и психотерапевт   Для связи @DoctorChesnokov"
medical_babol,channel,Medical_Babol,176,به Medical Babol خوش آمدید.
tetaclub_ermolovich,channel,КЛУБ Натальи Ермолович,185,
timokhina_oksana,channel,Психология | Путь к спокойствию,399,"ЕСЛИ • поток мыслей не даёт покоя; • проснулся, а сил нет; • страшно, что не справишься с чем-то; • отношения не приносят удовлетворения; ПРИХОДИ ⤵️ связь: @oksana_timokhina вК: http://vk.com/id732604184 Inst: https://www.instagram.com/oksana__timokhina"
istgahe_parastari,channel,🎙پادکست ایستگاه پرستاری 🎧,160,ایستگاه پرستاری پادکستی در حوزه درمان سلامت عمومی . اینجا نکات تکمیلی و توصیه های مهم سلامتی رو قرار میدیم. کاری از گروه شفازین لینک پادکست ایستگاه پرستاری : https://castbox.fm/va/6872535 پیج اینستاگرام شفازین : https://www.instagram.com/shafazin_med
wissencentr,channel,WISSEN | оздоровительный центр | массаж | восстановление | нейро фитнес | психоанализ,102,Восстановление и профилактика нарушений опорно-двигательных функций организма 💆🏻‍♀️  Записаться на приём: 🤳 WA/TG +7 (906) 973-44-99 📨 @doctor_wissen
gynaecologists,channel,35+ (Говорит гинеколог),75,"Мы создали пространство для женщин, которые хотят разобраться как мягко войти в климакс и пройти этапы:  1)Пременопауза 2)Менопауза 3)Постменопауза и еще много всего…. Подписывайтесь!"
yurist_znakom,channel,Семейный Юрист| Хаткина Ольга,35,"👩‍❤️‍💋‍👩Семейный юрист https://olga-khatkina.ru Развод| Алименты| Раздел имущества|  Место жительства детей, порядок общения| Социальные выплаты| Установление, лишение отцовства  Нужен юрист, пиши 👉@Vesta_Khatkina"
tavakkalna_uz,channel,Tavakkalna,823,
uncancel,channel,Отмемить отмему,108,
szczecin_belmova,group,Шчэцін Беларускамоўны,95,Размаўляйма!
cynqai,group,CYNQ.Ai,205,Trade Smarter. Invest Better. Automate Everything.
ccclllssstttt,channel,777charmanté,71,
phytron1,group,🌍🌏POSLOVNA BALKANSKA GRUPA🚀💰👌,31,
litologisolution,group,LITOLOGI SOLUTION,23,
full_energy_c60,group,Full Energy fulleren C60,9,По вопросам -> @Lirika_Bit
jojo1isthebest,channel,الروائية الصغيرة✨️💜,14,ودائما ما أجد نفسي عالقة في سطور الكتب والروايات... بين بدايات لا تنسى ونهايات لم تكتمل✨️🌷🔥
relkaval,channel,results V.,3,
blreservice,channel,BLR Shub Service,345,
bonnichka13,channel,🖤Бонничка🖤,23,
associationsbushbaby,channel,𝒂𝒔𝒔𝒐𝒄𝒊𝒂𝒕𝒊𝒐𝒏𝒔 𝒃𝒖𝒔𝒉𝒃𝒂𝒃𝒚,8,
covergirl_bot,bot,ㅤ𓈒ིུ𖤛䭞ㅤ,,‌︪︩ ᩘ 💌  ͠ @VersaceCasa '𝗌     𝖺𝗇𝗈𝗇.
catalogbrandbot,bot,✍🏻ЧАТ С МЕНЕДЖЕРОМ Каталог Брендов,,
womenssw_bot,bot,Womenssw_bot,,
bwpsupport_bot,bot,Pictures,,
repaying_bot,bot,::🫰🏼анонккр рипэйтинг,,приветульки на связи диануля🐈‍⬛
probeauty_solo_bot,bot,Я управленец с Ольгой Соловьевой,,
takesshcmbot,bot,. takes !,,
anonrebekah_bot,bot,хаби би би,,
cosmetologonlinestorebot,bot,Cosmetologonline.store,,
junmoonie_bot,bot,صندوق پستی مون جونهی,,ما دو طرف یک دیوار نشستیم، صدات رو می‌شنوم اما چهره زیبات رو نمی‌بینم <:
fikstulich_bot,bot,анонка,,
biaruivinhaoficial_bot,bot,Bia Ruivinha,,
online_store_cosmetologis_bot,bot,Интернет-магазин онлайн-косметолога,,
katta_bozor,channel,Катта Бозор 📣,34,👇👇👇  https://t.me/uybozor_toshkent_uybor
belajarpunyarumah,group,Belajar Punya Rumah,77,"Banyak orang yang Galau Karena Tidak Punya Rumah...  Mari belajar bersama di group ini, agar makin banyak yang tahu caranya, Agar bisa punya rumah untuk keluarganya yaaa...  Salam Hebat Putu Putrayasa CEO of BERNAS Media Group"
novoishimka_business,group,Новоишимское.Бизнес,40,"Заводите полезные контакты, обменивайтесь товарами и услугами для бизнеса, общайтесь и становитесь частью предпринимательского сообщества."
tinylivingneuigkeiten,channel,Tiny Living Neuigkeiten,8,Interessante Neuigkeiten aus der Welt des Tiny Living und Tiny Houses
lumbermanru,channel,Бытовки Стройбыт,5,"Изготовление бытовок, хозблоков и каркасных домиков"
uberclean_ru_bot,bot,uberclean_bot,,
housevmebel_bot,bot,ДомВкуснойМебели,,Получай персональные скидки и следи за ценами здесь🔥
zhiliedlyasirot64_bot,bot,Жильё для сирот.Саратов,,
hbh_catalog_bot,bot,HBH Каталоги,,
uhome_bot,bot,uhome_bot,,Компания Умный дом
plhomefinderbot,bot,HomeFinder BOT,,Chat: @HomeFinderChat Channel: @HomeFinderInfo Support: @HomeFinderSupport
domotchetbot,bot,ДомОтчет,,Привет! 👋 Добро пожаловать чат-бот для ведения отчета по ремонту квартиры!
osmanov_pr_managerbot,bot,Обратная связь,,
novostroykirussiabot,bot,Новостройки России🔎,,Помогаем найти новостройки по всей России!
admsgo_bot,bot,Предложи новость,,
koncept_dom_bot,bot,dom_koncept,,Дом Концепт! Твой дом со смыслом!  Перейти на сайт: https://clck.ru/3MLsWZ
home7_bot,bot,Home 🏡,,"I'm Home. 🏡 Get personalized advice for your specific house on plumbing, electrical, & more. Text or voice.  Talk now."
lifedom_bot,bot,LifeDom_bot,,
aristocratestate_bot,bot,Аристократ. Комплекс для жизни,,
botstoikabot,bot,Чат-бот Строительной компании,,Чат-бот Строительной компании - загородное строительство - ссылка на канал https://t.me/+8V22ICT6QGswYWEy
homemateru_bot,bot,HomeMate - Сантехническая компания,,
tinylivingnieuws,channel,Tiny Living Nieuws,2,Interessant nieuws in de wereld van Tiny Living and Tiny Houses
usadba48_bot,bot,Липецкие усадьбы,,
homegroupagreebot,bot,[Home] GroupAgree Bot,,
usadba53_bot,bot,Новгородские усадьбы,,
topshousebot,bot,ТопсХаус,,
novostroykihm_bot,bot,НовостройкиХМ_бот,,
zhiteldoma_bot,bot,Житель дома,,"Бот для общения соседей и управления домом. Решайте бытовые вопросы, находите соседей и управляйте домом в одном месте."
i_isn7,channel,سلمان | عامَّة,957,قَدَرٌ أحلَّكَ ذا المجازِ وقد أرى *** وأَبِيَّ ما لك ذو المجازِ بدارِ
oporanafakt,channel,Мои точки опоры,200,"100 фактов обо мне, которые постараюсь сделать опорой."
rus_lwb,channel,Русский язык без границ,177,"Чище речь, богаче мысль"
lyudakobzeva,channel,Копилка жены-христианки,1291,"ДЛЯ ЖЕНЩИН И ДЕВИЦ : 🔹Советы жены-христианки, мудрость жён . 🔹Марафоны :,, Дни благодарностей"", семейные ценности, молитвы о себе, о муже, о детях...  🔹Сама учусь и с Вами делюсь⬆️. 🔹Христианские книги о семье."
shamshat_adilbayeva,channel,shamshat_adilbayeva,824,
irchadoussari,channel,أم عبد الرحمان | مرشدة زواجية,522,أم عبد الرحمان | مرافقة زواجية 🤍 جلسات استماع وتوجيه زواجي 🤍 خبرة واقعية واحتكاك بالزوجات 🤍 أساعدك على الفهم وترتيب الخيارات ⚠️ ليس علاجًا نفسيًا ولا فتوى شرعية 📩 للحجز: رسالة خاصة
rrsstmvvna,channel,amel’yu,234,
esposavirtuosa,channel,الـزَّوْجَــة الـصَّـالِحَة🪞🎀,87,https://t.me/esposavirtuosa  https://whatsapp.com/channel/0029Vb1qHiyBFLgNPAEBD843
azazazazazazzzza,channel,|[جـهاز العروس السلفيـة | 💍]|,423,قناة خاصة بالنساء المتزوجات والمقبلات على الزواج الواضحات المنهج
antialom,channel,ه‍َــــمَــــسٓاتْ زوجِــــــيّـة ✨,61,قال الله تعالى : ﴿وَمِنْ آيَاتِهِ أَنْ خَلَقَ لَكُم مِّنْ أَنفُسِكُمْ أَزْوَاجًا لِّتَسْكُنُوا إِلَيْهَا وَجَعَلَ بَيْنَكُم مَّوَدَّةً وَرَحْمَةً إِنَّ فِي ذَٰلِكَ لَآيَاتٍ لِّقَوْمٍ يَتَفَكَّرُونَ﴾
lama_cosmetolog,channel,Татьяна Николаевна Life,107,
ravsabag,channel,הרב שלום סבג - חיזוק יומי,127,"חיזוקים יומיים מהדיבורים של הרב שלום סבג יצ""ו בדרך רבנו הקדוש נחמן מברסלב זיע""א לערוץ שיעורים: @haravsabag לערוץ טראנסים עם דיבורים: @transabag לפניות בנוגע לערוץ: @Ravsabagbot"
hedieee7,channel,hediieee,43,
rafekaty,channel,۪𐚁̸.بيتٌ طَيّب,1140,أدخلوا الجنة أنتم وأزواجكم تحبرون اللهم أجعل هذه القناة خالصة لوجهك 🤲🏻🥹🥰♥️  بيتٌ صالح كما يحب الله ويرضي  أب تَقِيٌّ مُعَلِم وأُمٌ حنون تُرَبي و ولدٌ صالح   بيت قائم على نور الإسلام محاط بسياج القرآن من كل  فتنة🤲🏻🥺🇵🇸🥰  @RafekyBot        للتواصل
howwecangiback,channel,Aruuku ᨒ,19,ⵌ🌪🗽 Let's Try
anistoriess,channel,Истории подписчиц и из форумов,7,"Рассказы, сплетни, интриги , новости"
chat_tehrann,group,ᴛᴇʜʀᴀɴᴍ ᶜʰᵃᵗ,4,💒﹝Wᴇʟᴄᴏᴍ ﹞💒 🎩༒✬ᵖᵛ❥࿇➛⛔️🍁 👒༒✬🔞❥࿇➛⛔🍁 🎩༒✬ˡᶤᶰᵏ❥࿇➛⛔🍁 👒༒✬fºʰˢʰ❥࿇➛⛔🍁 🎩༒✬ᵗᵃᵇˡᶤᵍʰ ❥࿇➛⛔🍁 👒༒✬ˢʰᵃᵏʰ ᵇᵃᶻᶤ❥࿇➛⛔🍁    https://t.me/joinchat/Ry5TQhB1Vd32asu-1rfrag
scarystories_22bot,bot,Scary stories_,,
noorrsollbot,bot,نويرتكمم 🤭🫶🦋,,
mncnayae,channel,manycane,107,@manycane all beats are free must credit 718 member
info_muratov,channel,Muratov info,20,
forrex612,channel,Forrex612🙉,35,
kamol_ed1tss,channel,Тот самый Ｋａｍｏｌ 💋,15,
ttmadamzaa,channel,𝓜𝓪𝓓𝓪𝓶𝔃𝓪,17,
mayberadhaa,channel,Reserved ~ @mayberadhaa,1,
abramovskayada,channel,PO FACTU | abramovskayada,29798,Абрамовская Дарья  Для связи: beautyabr-dar@yandex.ru  https://knd.gov.ru/license?id=672dcfd2e9b24e448c48467d&registryType=bloggersPermission
behandsomebarbershop,channel,be handsome • барбершоп,70,"Авторский барбершоп в Москве  Адрес: метро Аминьевская,  ул. Янковского, 1к3, ЖК СОБЫТИЕ  Сайт: be-handsome.ru  Онлайн-запись: https://n1045470.yclients.com/company/968327/menu?o=  Связь с админом: @behandsomeadmin По любым вопросам: @ooobra"
justbecooldarling,channel,just be cool,79,
bogomolovaalena,channel,Дневник Алёны БОГОМОЛОВОЙ,91,Real-life
bardakhanovaforever,channel,Анна Бардаханова | Бизнес в кайф | Биохакинг с Алоэ Вера,156,
tewhid_academic,channel,أكاديمي توحيد 🕯️,264,"📌 11.3.2026-ci ildən fəaliyyət göstəririk.    Yalnız qadınlar         🕯️  Elm məclislərinə qatıl, qəlbini zikr və elmlə qidalandır”     Kanalımıza dəsdək olmak isdəyirsinizsə buyurun. 👇  https://t.me/boost/TEWHID_ACADEMIC  Allah razı olsun...💕"
toyba_academy,channel,Toyba Academy 📖,248,السلام عليكم ورحمة الله وبركاته   ●Хадисы Пророка Мухаммада (саллаллоху алайхи ва саллям)   ●Истории 'Аиши (да будет доволен ею Аллах)  ● Викторины  ●Уроки Таджвида с нуля 🔥 На данный момент  уроки только для  сестёр 🧕   Для обратной связи - @Toiba_Bot
tavhid_suna,channel,🌺 أخواتُ إلى التوحيد📖,31,🌺ХОХАРОН БА СУИ ТАВХИД!📖
zaj8x,channel,أزهرةً انـتِ؟,3544,كَفى بِكَ داءً أَن تَرى المَوتَ شافِيا وَحَسبُ المَنايا أَن يَكُنَّ أَمانِيا
azizjondevuz,channel,Azizjon's,376,Donat: tirikchilik.uz/aziko0107  Instagram: aziko.0107 Murojaat: @AziKo0107
malyatkamalutkam,channel,Малятка – малюткам | Детские сказки,341,"📚Сказки для детей, которые будут полезны и взрослым; 🎙️Два формата: текст и аудио; ✍️ Автор – Алёша Малят.  @alesha_malyat"
azizla_swiftwind,channel,Интеградио (Azizla Swiftwind),176,tune in  Личка: @AzizlaSwiftwind
azusa_aa,channel,Azu$a,50,Молодой талант
zahawy_z,channel,|| زهــا ​.,25,زهــاوي . || الكثير من النصوص والمشاعر . || مــرافئ .
archipovatasha,channel,Переезд||архив Таша,123,✌🏻✌🏻 @Frgavgav
azukiwoof_bot,bot,𝐀z͟u͟k！w✶ׄof ⋮ 𝒜𝑛𝑜𝑛,,инфо Азу ⤹ @azukiwoofinfo
yazva_aswers_bot,bot,yazva_aswers_bot,,
s_h_s_h_1,channel,لـ طـنآخهہ‏‏ تعزيـهہ‏‏,184,ڪل ماحدث لي يومآ ما ... ڪان بسبب طيبتي المفرطه لكل شيء  اظن أنه قد_حان_الوقت_للتوقف_وكفى  انشات القناه 23/ مايو / 2026
tartaglia_u,channel,~ ТЖРАМ ~,91,Жить — пожить.
tenshishit,channel,тенші щп,8,тенші несе хуйню
macqen27,channel,27,215,Inst: _Ignatyev_
vis27,channel,ʙᥙᥴ.κᥙρʙⲙᥙ🤎🧸,218,"— ⲗюⳝυ ⲙⲉⲏяяⲩ, ⲗюⳝυ ⲙⲉⲏя, ⲁ https://t.me/HABESHO_MOJODOQ  ᴏ ʙᴀɯᴇй ᴋиᴄᴇ😍 ᴨᴄᴇʙд — ʙиɯᴀ ᴨᴏ ʙᴏᴨᴩᴏᴄиᴋᴀʍ (ᴛᴏᴧьᴋᴏ ᴨᴏ ʙᴀжныʍ) — @krislemishkaaaa   чᴀᴄᴛичᴋу ʍᴇʍы, цʙᴇᴛы и ʙиᴄ нᴇ бᴩᴀᴛь! ϶ᴛи чᴀᴄᴛичᴋи — ʍᴏи ʙᴏᴄᴨᴏʍинᴀния 💔     ᴩᴏдиᴧᴀᴄь ϶ᴛᴀ бᴀндᴀ: 30.03.2026"
iamaffekt,channel,Affekt,134,https://www.tiktok.com/@affekt666999?_t=ZS-8zpwSkVJ2h8&_r=1
kircottons,channel,маша шашамама ша,367,житие
patibambo,channel,пати Бамбо,243,вк✌🏻- https://vk.com/bambocos
axaye_man,channel,بیکلام !,449,علاقه به موسیقی بیکلام از جایی شروع می‌شود،  که دیگر هیچ کلمه‌ای نمیتواند ذهنت را آرام کند… 💙✨️   پلی لیست :  @lplayliiistl  🤌🏻💙
d_wds,channel,Вай-Фай/DuWDS,134,
nyurchiksli,channel,amore,100,
lady_cat_shelter,channel,Притулок Пані Киці 🐈‍⬛,142,"Про життя, косплей та всяку крінжу"
hardcore_live_programmer,channel,"console.log(""MaliSarus"");",45,"Стараюсь делать контент, но пока получается с трудом. Но все когда нибудь получится"
rshktyan,channel,Раішкан,55,малю 😇
aririk228,channel,Аририк,26,"Добро пожаловать, рисую для души своих любимок и иногда по фандомам Лови печеньки🍪🍪  Мой лс: @Ventisa20"
deeeeepdown,channel,انعکاس خیال🪞,83,| ردپای افکار یک آدم معمولی در جهان نامعمول |  ۲۷ ساله دانشجوی کارشناسی ارشد  https://t.me/harfmanrobot?start=234583018
pipettkkaa,channel,пипетки,84,Привет ❤️
elivvoo,channel,Кринженер с высшим,70,"Лиза, 23 годика Учусь, работаю, танцую¿ Я у мамы программист (в любой непонятной ситуации — перезагружай компьютер) За 4 года в вузе научилась менять лампочку в люстре Иногда, чуть-чуть, пишу про космос (а что поделать, работа такая)"
diamantket77,channel,Майстерня Кет,19,
ateiverubbish,channel,ateïveri. [inactive],71,"[18+] матюкаюсь, іноді арти з кров'ю = можливе гуро в мене нескінченний рест лол  основна рисувальня Февш Áті малюю часто, пощу once per whenever..... pfp by DotanaDots  я ЗЛЮЩИЙ егоїст західняк російськомовним тут не раді"
marmeladnenco,channel,Мармеладный дом💅,64,"Творю хуйню, с удивительно упрямый настроем 👀 Шотыч и Алек - Introducing the real show🎃"
murdsse,channel,𓏲 𝑚𝑢𝑟𝑑𝑠𝑠𝑒 𓂃,52,kai mori forever in my heart
llhhhsm,channel,a3llure,46,#Лидерство #Вовлеченность #ДинамичныйРост #Елена731
viki_price,channel,♡゙,4,
poleznoemifl,channel,Полезное – MIFL,6,
profolegbarabanov,channel,Prof.О.N.В.,217,
mooring_anchor,channel,мертвый якорь,341,"Мертвый якорь – служит для постоянного закрепления ко дну с помощью цепи знаков.  к.филос.н. Русская и немецкая философия, досужие размышления, научные статьи, ссылки."
expertgd_regions,channel,Эксперт по Госдуме.Регионы,426,PRO региональные законодательные инициативы федерального уровня  Основной канал: https://t.me/expertgd
apology_of_nationalism,channel,Апология Нᴀционᴀлизмᴀ,284,"Кᴀнᴀл ᴘᴀссмᴀтᴘивᴀᴇт явлᴇниᴇ нᴀционᴀлизмᴀ в миᴘовой истоᴘии, ᴇго истоᴘичᴇскиᴇ ᴀспᴇкты и пᴘимᴇᴘы. Администᴘᴀция нᴇ поддᴇᴘживᴀᴇт экстᴘᴇмистскиᴇ идᴇологии, вᴇдя свою дᴇятᴇльность исключительно с обᴘᴀзовᴀтᴇльной цᴇлью."
riabir79write,channel,Биробиджан: нам пишут...,200,"Канал ""Биробиджан: нам пишут"" представляет впечатления своих читателей о всяком разном. Публикуем мнения жителей города о происходящем в Биробиджане и вокруг него. Я бы подписался, потому что это будет наше общее СМИ."
juancarlosvila,channel,JC Vila Difusión,43,Canal de Telegram para difundir mis publicaciones o las que considero interesantes
hezrise,channel,HezRise,746,Приватка - @privat_Rise Менеджер по продажи пиара: @Hez_Rise Вопросы/Пиар/сотрудничество - @Hez_Rise Прайс на пиар: @HezRise_Piar Чат: https://t.me/Chat_HezRise
top_hentazis,channel,Berry Breeze,218,
rezarezaeikhosravi,channel,Rezarezaikhosravi,165,
okodnol_art,channel,okodnol,79,"(fan)art and personal blog  okodnol on tumblr, bluesky, instagram, youtube, deviantart, twitter"
kizariiiii,channel,чечил,29,😛  t.me/voprosy?start=120t4
crystallizedevlogs,channel,Crystallize DevBlogs,25,щит посты CrystallizeClient
taropiar_chat,group,ТАРО ПИАР ЧАТ - ПИАР ЧАТ ЭЗОТЕРИКОВ,1352,🔮Прайс🔮 @reklamataro 🔮Реклама🔮 @Amelyamee  🔮Админ🔮 @magic_oraculum_admin  🔮Основной канал🔮 @magic_oraculum
alienartio,channel,AlienArt.io,155,Make beautiful charts in couple of clicks
teacoffeecards,channel,Чай? Кофе? Или карту дня? ♣️,197,"➿Заходи, усаживайся поудобнее, здесь тебе рады.  ➿Пространство, где есть карты Таро, свечи, ритуалы и практики. ➿Я всегда открыта к диалогу, поэтому спрашивай и не стесняйся"
allmatrix_ru,channel,Карты♠️Матрица❤️Любовь,236,"52 Карты Судьбы• Таро• Отношения Помогаю увидеть причины происходящего, разобраться в отношениях и лучше понять себя.  За кадром AllMatrix.ru: мысли, истории из практики, карточные интерактивы и личный взгляд на жизнь, отношения и карты"
valentatarot,channel,Valenta Tarot|Консультация|Прогноз|Обучение,259,
truecharts,channel,TrueCharts,126,
normurodovvv_a,channel,normurodov,186,
kimiasall,channel,Start me,122,
keralamarriagephotography143,channel,Kerala Marriage photography,122,
fan_of_favouriechat,group,любимки,9,
md1il,channel,𓈒ㅤׂㅤ𓇼,15,@manr6_bot
couple_feeling,channel,Couple feeling,10,#pain #couple #love #me #heart #try_hard #be_strong ....
couple_feelings_love,channel,Couple_feelings,9,Passion...
bazhenskayaaa,channel,bazhenskayaa,620,"Здесь полезные материалы для дизайна, прокачки навыков и вдохновения  ✦ по всем вопросам —> @bazhenskayaa"
v780_books,channel,24 БИЗНЕС книги в год,154,"Развиваю свой бизнес - маркетинг на маркетплейсах. Читаю книги, внедряю, анализирую. Каждый день - инсайты, выводы и мой опыт. Челлендж - 24 книги в год. Не просто читать, а изучить и использовать знания в деле. @v78000 - автор"
evgenya_solov,channel,Нескучные будни бухгалтера,51,
kazemmoutabian,channel,فلسفیدن,124,هدف این کانال یاد گرفتن فلسفیدن است نه فلسفه .  @leanthinker2
tsalikova_metodolog,channel,Цаликова на паузе :),99,
nourahandicraft,channel,نورا,243,محصولات سوزن دوزى و نفيس نورا؛هنر دست دختران و بانوان بلوچ سرپرست خانوار 👩‍👩‍👦  پذيرش سفارش وارسال به تمام نقاط كشور💌 براى سفارش با شماره ٠٩٣٦٢٩٩٦٥٦٤ تماس بگيريد.
lavrushka_iva,channel,Shayari ฅ(•ㅅ•❀)ฅ,201,
govdaloo,channel,کانال خبری محله کوی سنگ نایین,223,ارتباط با مدیران کانال وارسال آثار،عکس،اخبار محله سنگ @rezanikzadnaeini @mshn55 همراهی در اینستاگرام koye_sang_naein @  ایتا govdaloo @ شماره حساب جهت واریز نذورات به نام حسینیه کوی سنگ نایین  (بانک ملی )  0222393696001 شماره کارت مجازی  6037991899901841
freightbar,channel,ارسال هوایی بار(مسافري، تجاری),123,بسته بندی وارسال بار به اقصی نقاط دنیا، مسافري وتجاری، بدون حضور مسافر،  تلفن وواتساپ 09022395404
huseynibnali,channel,عَاشِقِي حُسَيْن,113,
owxli7,channel,‏﴿ وَتَطمَئِنُّ قُلوبُهُم بِذِكرِ اللَّهِ ﴾,105,اللَهُمَّ صل وَسَلِم عَلى نبِيِّنَا مُحَمَّـد ﷺ .🤍
iranianherbalmedicine,channel,کانال تخصصی داروهای گیاهی ایران,283,معرفی برترین داروهای گیاهی ایران ادمین: @DrMaTa انتقادات و پیشنهادات خود را با ما در میان بگذارید
memfootballll,channel,Футбольный Мем | от ССВ,514,"Здесь вы найдете: МЕМЫ про мировой футбол + будите получать подарки, расслабляться и улыбаться) ❤️‍🔥Наш чат- https://t.me/ssvchat ❤️‍🔥Прайс: https://t.me/pricechanellll ❤️‍🔥Владелец: @II_Yashin"
dark4mortal,channel,darkmortal,44,darkmortal2026
news_football08,channel,Новости футбола,128,"⚽️ Футбольные новости 24/7 трансферы, результаты матчей, интервью.   🔥 Будьте в курсе событий ведущих чемпионатов и международных турниров.  По всем вопросам обращаться - @oOobchenie"
raphinhaxyamalteaser,channel,Yamal & Raphinha Ultimate Prem Teaser,14,
poll_announcement,channel,Poll Announcement,6,"Bet on anything against friends. Available on iOS, iMessage and web"
azrat_eshaq3531,channel,♡حضرت⚚عشق♡,88,به کانال حضرت ✨عشق خوش آمدی ┄┄•●❅✾❅●•┄┄  خنده را تعبیر سر مستی مکن  آن که میخندد غمش بی انتهاست🥀✨ ┄┄•●❅✾❅●•┄┄  #تِکّصَ_نَابّ✨🖋 #بِیّو ✨👌 #پُرُوُف✨🧿 #آهَنًگ✨🎧  #وِیّدِئُو✨🎬 #عزیزم_لفت_نده_بذار_رو_بیصدا🌹😘 با مالکیت عمر خان @OMARKHAN_7_TIK
a_l7li,channel,تراثُ,32,
l8xvnl,channel,الذَاكِرُون,29,كل شي بالدعاء آتٍ 💌
nibrasnibrass,channel,نِبرَاس,19,{قُلْ أَغَيْرَ اللَّهِ أَبْغِي رَبًّا وَهُوَ رَبُّ كُلِّ شَيْءٍ}
chemoreoo,channel,chemicaloreo,150,индийский эльфятник🍷 18+ связь со мной: @ronichkachem 🦋✨️ мью/взаимный пиар НЕ беру‼️
cherieroleplayer,channel,𝗖𝗵𝗲𝗿𝗶𝗲,107,𝗽𝗲𝗿𝗲𝗵𝗼𝗱𝗻𝗶𝗸 :: https://t.me/dDammn0 𝗽𝗿𝗶𝘃𝗮𝘁𝗲 𝗺𝗲𝘀𝘀𝗮𝗴𝗲𝘀 :: @dD_damn 𝗧𝗶𝗸𝗧𝗼𝗸 :: d_damn
cherrytude_label,channel,𝗰𝗵ᧉ𝗿𝗿𝘆𝘁𝘂𝗱𝗲 𝓛𝘢𝘣𝘦𝘭🪽,125,
cherpieport,channel,ᅠ❄️ заморожено รัก : 𝖢𝗁𝖾𝗋𝗋ყρ𝗂𝖾,64,"оп 40+  по вопросам пuсать в анон !! копирование запрещено, вдохновение с отметкой !!"
xoxol0li,channel,체바cheba ⋆ info,147,
chikirao_loh,channel,БАЗА ЧИКИРЯО,84,Кучеряо чепух  Основа https://t.me/chikikto
cherokk,channel,чердачок черри,149,"чердачок - это реализация местечка, в котором я могу хранить свои дневники,творчество,воспоминания из жизни и вообще всё,что меня радует.🧸📻 🌟навожу тут уют и делюсь своей жизнью   та самая комнатка на чердаке из детских мечтаний"
chrechro,channel,Хреники Хрониц,61,"Заходи, присаживайся. Тут дом строится, огурцы растут и цветы сажаются"
cheburekcgutarou,channel,чᴇҕʏᴘᴇк.🎼,65,"╰─..★.──────────╯"" приятного времяпровождения в моём  творческом уголочке!!  –лс: @acho_21  —щп канал–https://t.me/CHEBURECHAYAshitpostilka"
cheriepieheh,channel,черипирожок,19,.ок
cherophobiaaaaaaa,channel,𝙲𝚑𝚎𝚛𝚘𝚙𝚑𝚘𝚋𝚒𝚊,73,http://t.me/HidenChat_Bot?start=2011967804
chichirioo,channel,CHIORIOSHK ивент карточный своп 🎃,9,инфо канал для организационных вопросов
pierrotcoded,channel,ㅤ. 𝓲nfo,22,
narechie_che,channel,🦐 Наре... че?,23,
chihirocdt,channel,CHIHIRO,14,
fujihirocanon,channel,|| FujiHiro || -愛-,31,This girl just loves Tecchou Suehiro soooooooo much 😔
itschaerish,channel,chaerish!,23,"Call me your ❋ rosette in grayscale ❋, your, de chérie daydream. I’m not loud, but I linger. I don’t rush, but I stay.  @chaeriishbot"
chiroosnft,channel,Announcements,8,https://linktr.ee/ChiroosNFTAnnouncements
gorohovie,channel,желюзи горошина🦀,15,"На мне цепи и меха, я излучаю хайп!!  Цель:100 подписчекаав"
annacerridwyn777,channel,Энергии нового времени,612,Anna Cerridwyn | Ченнелер | Целитель | Астральный путешественник | Проводник Акаши  Сайт: annacerridwyn.com  Для записи на консультацию 👉 @AnnaCerridwyn Ютуб:youtube.com/@anna_cerridwyn
terapevticheskaya_igra,channel,терапевтическая игра,126,запись на консультацию - @mmargarixx
scalewithoutsocial,group,Called to Lead COMMUNITY,144,"Community of Christian Network Marketing Leaders with a mission to uplift our industry, each other and grow our income and impact together by choosing faith over fear and leveraging simple, duplicatable systems for our teams."
pegasusswap_community,group,PegasusSwap Community,306,
hubzzhq,channel,Hubzz,93,Where communities live.
sannicola,group,Sannicola,29,"Chiacchiere,  News ed Eventi nel gruppo Telegram dedicato ai cittadini “Sannicolesi” vicini e lontani."
web_3_society,group,Web3 Society,46,Web3 Community Based on Values of Decentralization. Learning to Forget Tribalism and Love the Tech  1) Blockchain Agnositc  2) Fck Tribalism 3) Future DAO   Reporting to Citizen Web3: https://www.citizenweb3.com/staking
rn_1_l,channel,- ᴛᴀᴡʙᴀʜ :,520,: كلِ مَافي قلِبي .
olynomy,channel,المپیاد نجوم گرینولی,67,
alnaserr_515,channel,جوي واجوائي ☄♫,97,
uranus_mag1,channel,اورانوس؛ پایگاه خبری نجوم و علم,5,جدیدترین خبرهای نجومی و علمی  کانال رسمی وبگاه اورانوس https://uranus.ir  ایتا، بله، سروش، گپ، آی‌گپ، تلگرام، اینستاگرام، ایکس و روبیکا: @uranus_mag  متاسفانه کانال اصلی ما در تلگرام از دسترس‌مان خارج شده و در این کانال فعالیم  مدیر کانال: @AlAzadegan
apod_arefi_bot,bot,تصویر روز ناسا,,بات‌های نجومی بیشتر: @heavenevents
protancychamp,channel,PROТАНЦЫ CHAMP & BATTLE,1283,CHAMP & BATTLE от @protancycamp  Связь: @protancycampinfo
soprovozhdenieprotancy,channel,СОПРОВОЖДЕНИЕ В ЛАГЕРЕ PROТАНЦЫ,213,Канал для родителей участников группы сопровождения на проектах PROТАНЦЫ CAMP. Подробнее об организаторах сопровождения: shashniki.com
pronasonline,channel,PROнас: школьный медиахолдинг,89,ПРОнас.онлайн / PROnas.online vk.com/pronas.online rutube.ru/u/pronas
spa_salon_paradise_prokshino,channel,Спа - салон Paradise Prokshino,208,"🌿Ваш оазис спокойствия в Прокшино!   Спа-ритуалы, массаж и уход за телом. 🧖‍♀️ Подарите себе моменты гармонии — мы поможем восстановить силы и красоту!   ✍🏻 https://l.clck.bar/45a3bc  📱 +7 925 348 78 00 📍 г. Москва, ул. Лобановский лес, 13(м.Прокшино)"
pr_wave_channel,channel,PRonto!,161,"О PR как системе коммуникаций.  Лидия Сапунова — PR,  управление коммуникациями.  Опыт: IT, real estate, телеком, retail, промышленность  ✉️ @LiSupernova"
brusnyka,channel,"Витамины для бизнеса. Маркетинговое агентство ""Брусника"".",249,"Неформальный блог агентства, ведет Теххи Полонская - самый ягодный маркетолог.  Ссылки, статьи, анонсы, мысли."
valentinapronicheva,channel,Валентина Проничева Бухгалтерия без тревоги,216,"Канал про жизнь бухгалтера.  Бухгалтер с опытом 20+ лет.  Работаю с предпринимателями, которые хотят расти легально и уверенно.  Навожу порядок в налогах, учёте и финансовых решениях.  Консультации, сопровождение, игры про деньги. 📧 @valentinapron."
prosvetanima,channel,Просвет,139,Привет! Это проект «Просвет». Мы устраиваем показы и обсуждения авторского анимационного кино.   Контакт для связи: @kikikokopopo Мы в инст: @prosvet_klub Мы в ВК: https://vk.com/club237848758
prolubit,channel,Анна/PROлюбить,108,"Пространство для тех, кто хочет изменить свою жизнь, но пока не знает как.  Помогу мечты превратить в цели.    PRO радость и смыслы PRO саморазвитие PRO осознанность  Канал на YouTube   https://youtube.com/@annachas"
irina_preslife,channel,Мысли вслух…,96,"Канал о жизни, мыслях и вот об этом всем вокруг🙃"
poreshaemvl,channel,ПОРЕШАЕМ - родительское комьюнити взаимопомощи и поддержки,52,"Дружеское сообщество для родителей, где не страшно ошибаться и задавать вопросы 💚  Наши соц.сети: 🖇️Вконтакте: https://vk.com/poreshaem_vl 🖇️Instagram: http://surl.li/sswpw  Адрес: 🏠г. Владивосток, ул. Суханова, д.11"
proshout_agency1,channel,نجات بیزنیس با پروشات,2,🧡 آژانس تبلیغاتی پروشات 🧡   تبلیغات بصورت گسترده برای کلینیک ها،آنلاین شاپ ها،شرکت‌ها و سایر بیزینس ها در اپ بله💎  ⭐️ بزرگترین آژانس تبلیغاتی ایران  💖 پشتیبانی و مشاوره : @farhad1
zarisovkileexmna,channel,между строк,43,
bl00dyf,channel,𝓑𝓵𝓸𝓸𝓭𝔂 𝓯𝓵𝓸𝓸𝓭 𝓲𝓷𝓯𝓸,9,
spellboundfm,channel,закрыто.SPELLBOUND,7,
biss_bisavad,channel,Biss.Bisavad,8,Truth over Power
dawat_ut_tawheed,channel,𝐃𝐀𝐖𝐀𝐓 𝐔𝐓 𝐓𝐀𝐖𝐇𝐄𝐄𝐃,370,""" Беҳтарин хайр хоҳи ба мардум   ин даъват ба сӯйи тавҳид аст """
sznb668,channel,锦木千束范围[注意置顶](🈲广),3352,by.黑客浩宇 @mrhaoyu
ksjcgymh,channel,玖辞公益美化,1143,"This is our law firm's official channel. All content complies with laws and regulations, has been reviewed, and is free of violations. We reserve the right to pursue legal action against any malicious interference with"
qf520nb,channel,520 全防主频道,90,接定制
sektarchive,channel,sekta archive,180,цены в первом закрепе   dm: @laclefdelamagienoire  сведение: @prodsekta мои треки: @xxxsekta
lusenp8,channel,神奈川国体范围,64,本系列作品仅供学习研究，使用者的任何行为与应用作者无关，请在24小时内删除本应用 [下载即代表同意本协议] ↔ 若有侵权违法行为，请联系我删除内容 请注意，本人做的任何技术之后都会开源，不会通过这个来获取任何利益，只是在进行系统内核的学习，旨在推动游戏检测的快速迭代从而维护游戏环境  若您认为我有任何侵权违法行为，请联系我删除内容或者提供源码，我将积极配合
nko98i,channel,Отзывы,11,Мой лс @Savelii_Astafev
lupricy,channel,Y,25,
bepuldarslardilyacouch,channel,Очиқ дарслар,640,Дилноза Дилшодовнадан очиқ дарслар тўплами Administrator @zerime_30  Asosiy kanal⬇️  https://t.me/putksvetuu
menetriess,channel,ménétries,112,'she always reminded me of 𝑎 𝑏𝑖𝑟𝑑 𝑜𝑓 𝑝𝑎𝑟𝑎𝑑𝑖𝑠𝑒. perhaps now she can find her own.’
she_is_owl,channel,She is owl_life🌿🎹,60,Кусочки моей жизни
orgasmdonortracks,channel,orgasmdonor | все треки,52,автор : @me0wns тгк исполнителя : @orgasmdonor_xd
measoratracks,channel,Measora | все треки,37,автор : @me0wns тгк исполнителя : @measora
janemorguentracks,channel,@janemorguen треки,17,@janemorguen /женя моргова щитпостiт свои треки
ikramjanovnauz,channel,NILUFAR IKRAMJANOVNA,1331,ПУЛ ва БАРАКА курси якинда очилади..  📩 Админ: @psixolog_xon
politikakrasoti,group,Политика Красоты,240,"Пространство для внимания, смысла и живого мышления. Камерные поэтико-музыкальные вечера.  https://политика-красоты.рф"
bir_p1yola_fikr,channel,Bir piyola fikr,288,Fikrlar so'zlardan chuqurroq
h7iber,channel,7iber حبر,436,مؤسسة إعلامية ومجلة صحفية من الأردن، تنتج صحافة معمّقة، وتحليلات نقدية، وحوارات عامّة حول قضايا سياسية واقتصادية واجتماعية وثقافية وفكرية
daftarandisheha,channel,دفتر اندیشه‌ها,94,دفتر اندیشه‌ها؛ جایی برای خواندن، فهمیدن و اندیشیدن. گزیده‌ای از مقالات ارزشمند برای رشد فکری و دیدن جهان از زاویه‌ای تازه.
otagh_journal,channel,نشریه اتاق فکر,31,"`I think, therefore I am.`"
ruhiy_yuksalish01,channel,Ruhiy Yuksalish,14,"Zarra amal qilmay o’rganganimga,Sayrab, o’zgalarni hidoyat qildim."
rabotyagikoti,channel,коты ишачат на заводе,73576,Поблагодарить автора денежкой:  Т-Банк: 4377723767029584  usdt trc20: TJEVC3gQEYxqbLZyg4XyhjEqbDovTedBoq  Автор: @znnndr (обкашлять вопросики)  За спам/ссылки/полит-нытье - вилкой в глаз  РКН: https://goo.su/6HBill
nkolskiy,channel,н. кольский,486,"– Ah qui le sait! c’est un tartare de Crimée, un pirate de Kertch   гигантский лимитроф"
masonsmansion,channel,MENTAL MERIDIAN,1851,"Психология, отношения и современный мир для тех, у кого нет времени на сопли и нытье.   Без рекламы и инфоцыганства.   Есть платный контент.  ПУБЛИЧНАЯ ОФЕРТА (https://graph.org/PUBLICHNAYA-OFERTA-07-13-2)"
sadcurator,channel,Грустный куратор,436,нытье о кураторской жизни
tutsidyatvonuchki,channel,крелайн,75,предложка: @jestonkrut_bot
lildonique,channel,Клуб любителей Дыни,557,"Собсна тут всё: анонсы стримов, арты и нытье ( не ною, просто говорю) 💸 Прайс https://hipolink.me/donique1337 🍑 18+ БУСТИ https://boosty.to/lildonique"
whoisaosha,channel,✨ AoSha Cosplay ✨,437,"ненужный кто-то за окном стоял и требовал любви  Самый бесполезный канал в мире (мемы, жиза, косплей, нытье) 🐝  Написать автору анононимно http://t.me/voprosy?start=091b3 Написать автору неанонимно @doctoraosha"
funny_queen_olrobots,channel,Нешальная Императрица,328,"Жизнь феминистки, программистки, карьеристки и немного котиков  Блудная правнучка Сербии  Рассказываю охуительные истории  Осторожно: мат, субъективное мнение, чёрный юмор, нытье"
ishmedia,channel,IshMedia — всё о безопасной работе с мигрантами,129,"IshMedia — всё о безопасном сотрудничестве с иностранными исполнителями.  Как работать с иностранцами без рисков: законы, лайфхаки и лучшие практики для бизнеса.  ishhub.pro"
ma_spb,channel,Миграционный Адвокат / Immigration lawyer,130,"Immigration Lawyer - миграционное законодательство России простым языком. Новости миграции, новые законы, комментарии юристов  Написать в telegram: @mig_lawyer  Срочная связь: https://wa.me/79219030099"
worldabroad_info,channel,Азбука мигранта - Worldabroad.info,115,"Иностранцы в России. Самое актуальное о миграции, работе, жизни и бизнесе.  Чат: https://t.me/worldabroad_chat Сайт: https://worldabroad.info/ Vk: https://vk.com/worldabroad_info"
ofis_migranta_2016,group,ОБЩЕНИЕ Офис мигранта Солнечногорск,38,
snezha_nosik_dnevnik,channel,Снежа Носик | Дневник Арт-Мигранта,31,"Веду дневник собственной миграции из офиса в искусство. Делюсь страхами, победами, работами и поиском голоса.  Большие видео: https://youtube.com/@dnevnik_art-migranta Мои работы: https://pin.it/30TzO70iF"
rosmigrant_bot,bot,РОСМИГРАНТ,,"‼️ Этот бот-помощник мигранта на 4 языках необходим каждому, кто прибывает в Россию из-за рубежа. Портал – rosmigrant.ru"
annnzo_mama,channel,Тгк мигранта из камбоджи,19,
atyraudchs,group,112 ATYRAU,424,Instagram: @112atyrau_tjd
sabiha_tj,channel,"ООО ""Сабиха""",142,"Основной телеграмм канал ООО ""Сабиха"" в Таджикистане"
lidforum,channel,ЛИД-форум Душанбе,105,
otzivioture,channel,Отзывы о Средней Азии,13,Отзывы участников моих авторских туров в Таджикистан / Узбекистан
taj_news_org,channel,TajNews.org - Садои Мардум,30,"«Хабарҳои Тоҷикистон» tajnews.org – ин платформаи мустақили иттилоотӣ мебошад, ки барои пешниҳоди ахбори боэътимод Тамос: @TajNews_org_bot"
nagisagikisser,channel,REST @main prince ⇄ princess!,94,01. влд - @nagisgod 02. совлд- @isagisdollie по всем вопросам к влд.
namiksq,channel,грешный нам. ))),55,знакомства — @yassiiwq
navomir1,channel,Navomir,610,Официальный телеграмм канал стримера — Navomir Канал с турнирами @turiknavomir  Почта для сотрудничества: navomir@inbox.ru navomirteam@yandex.ru
navoeff,channel,НАВОЕВ,350,Канал медийного популяризатора туризма и вкусных путешествий
newsdrop_so2,channel,News Drop - Standoff 2,471,Новостник по дисциплине Standoff 2  В News Drop | Дроп Новостей именно здесь  По вопросам писать @personaze
hazeesportss,channel,HaZe Esports | CS2,281,Официальный телеграмм канал киберспортивной команды в дисциплине Counter Strike 2 — HaZe Esports.
limbolato,channel,Sale,497,Продаётся
zitrek_tvoris_ty,channel,🗞 K2M - Komentáře Martin Michael,259,K2M - komentáře | anaýzy | řešení  - - - https://mastodon.social/@K2M https://www.tiktok.com/@komentare2m https://www.facebook.com/KomentareMM https://www.youtube.com/@KomentareMM
curomix,channel,(рест) Курити [кирпичныйдомик],83,Рисовальный музыкаписальный джентльмен
motarotocosplay,channel,𝕄𝕠𝕥𝕒𝕣𝕠𝕥𝕠˗ˏ♡ˎ˗𝕄𝕚𝕝𝕚𝕤𝕤𝕒,135,
kpicikc,channel,Гармония виски/лега/,200,
uri_hayato,channel,Урихаято говорит вам читать эрху,232,Кшка
rerito_o,channel,•|Хроніки Котомана|•,197,💜 Всього потроху 💜 Inst -https://www.instagram.com/rerito.o
kvaityl2,channel,𝓚𝓿𝓪𝓲𝓽𝔂ﾅ,262,(> <)
uknwwht,channel,❗️Архив❗️UmiShi (⁠ﾉ⁠◕⁠ヮ⁠◕⁠)⁠ﾉ⁠*⁠.⁠✧,50,Болтолог болтает
nusuralcrypto,group,Nusur Al Crypto | نسور الكريبتو 🇸🇦🇪🇬,296,فريق  Nusur Al Crypto فريق متخصص في مجال العملات الرقمية وادارة المجتمعات العربية هدف هذا الغروب هو لتبادل الخبرات  في كل ما يخص العملات الرقمية https://nusuralcrypto.com/
emiknyoc,channel,ПЕРЕЕЗД «//Amy //Muchito //kny oc//»,74,"Приветики, я эми фуюцуки, здесь можно найти колабы, арты, интерактивы. Присоединяйся! 💞"
w11bygrrpq84nzfi,channel,🪷꧁༺節子荘 ༻꧂🌊,43,Хай. Надеюсь останешься в этом тг. Наша цель набрать достойную аудиторию 200 подписчиков. (За 5 звёзд рисую контент с моими фп и вами) #исскувство #АУ #фп
nomberfax,channel,Крипто Амбассадор | Номбер Факс 💸,59,📘 Личной блог про амбассадорки и крипту.  – Для связи: @Nomboerto – Моё портфолио: link3.to/nomberfax
official_makioto,channel,@ . . . ø𝗳𝗳_𝗠𝗔𝗞𝗜Ø𝗧𝗢 . . .,31,"Hello, this is Makioto!   Thank you for the design: @laoportt  Thanks for following me 🖤"
lazaretto3000,channel,lazaretto,70,tt: https://www.tiktok.com/@cavitrooper?_r=1&_t=ZN-96mkixOeR7O  inst: https://www.instagram.com/lazarettx?igsh=MWg5YWpidnYwN3FtOA%3D%3D&utm_source=qr
artistkito,channel,мегарест » [💮] - 𝘢𝘳𝘵𝘪𝘴𝘵 𝘬𝘪𝘵𝘰 !!,90,
capputitoart,channel,Tito’s (+16),22,Canal de artes   Anteriormente conhecido como Quirrel  Pt-Br / En
folder_lestbk,group,💎قبول مجلد القايمه السوداء📖🖤,27,﴿💎 مجلد القايمه السوداء 📖🖤﴾  📈 يقبل القنوات فيما فوق [1k ]📉  لاضافه قناتك:    #مجلد #زياده_اعضاء_قناتي #زياده_مشتركين_قناتي #مجلد_محادثات #مجلد_القايمه_السوداء #مجلد_للانمي #انمي
cryptohays,channel,Crypto-Hays / Реалити рынка,7003,"Реалити рынка , как , какова !?  Черное золото .  Чат-https://t.me/crypto777rs"
cryptohoundsbsc,group,Crypto Hounds Community 🌎,1327,
cryptorichard,channel,Richard Temple,13878,TA | Market Thoughts  Owner: @Richardily  Twitter: https://twitter.com/Temple_Crypto
cryptolandhub,group,Crypto & Financial Market Chat Group |CryptoLand,1009,"Real-time crypto discussion, market analysis & news updates. A space for sharing insights, signals, and smart trading ideas.  💬 Channel: @CryptoLandEx 🐦 x.com/CryptoLandApp 📸 instagram.com/CryptoLandApp  👤 Owner: @Estavi"
cryptohodlchat,group,Belarusian Crypto Community,2638,Тут публикуются новости и обсуждения криптовалют и всего что с ними связано!  Администрация: @PaparaziFOX  Главные новости - https://t.me/cryptohodlnew
dr_gasymov,channel,Уролог Гасымов | Интимная пластика | Обрезание,313,"Гасымов Захид Абдуллаевич Уролог, андролог, хирург -обрезание -лечение быстрого семяизвержения -утолщение филлерами   Сайт https://taplink.cc/zakhid.gasymov  Результаты 🔞 https://t.me/+4aA0QG0dqsowYzhi  Бесплатная консультация @doctor_gasymov  Томск | МСК"
doctor_gerliani,channel,РОЗА ГИДАЛТИЕВНА ГЕРЛИАНИ / DOCTOR GERLIANI,838,Пластический хирург - доктор Роза Гидалтиевна Герлиани   Прайс на услуги https://damasclinic.ru/czeny/plasticheskaya-hirurgiya/roza-gerliani/
rinoplastica,channel,РИНОПЛАСТИКА / RINOPLASTICA,603,Ринопластика. Все о пластике носа Центр инновационной медицины Damas Medical Center   https://damasclinic.ru/czeny/plasticheskaya-hirurgiya/
soc_pomosh,channel,Медико-социальная помощь | Тесты с ответами,31,Представляем всем курс для медицинских работников по специализации «медико-социальная помощь» с тестами и вопросами для аккредитации. Здесь представлено большое количество тестов с ответами для медиков.
dr_semen_usov,channel,УСОВ СЕМЕН АЛЕКСАНДРОВИЧ ПЛАСТИЧЕСКИЙ ХИРУРГ,114,🔹 Пластический хирургия 🔹 Реконструктивная хирургия 📚 Разбираю сложные клинические случаи  Запись на консультацию: @a3beauteclinic
ongar_abaikhanov,channel,Интиммная урология Черкесск,73,
clinicakedr,channel,Клиника Кедр,46,"Информация об акциях, приездах врачей из Москвы, графике работы, новостях и других постов медицинской тематики."
ams7ams7,channel,العلوية-النصيرية,24,وحدة بحثية، تهدف إلى إجراء الأبحاث والدّراسات عالية الجودة حول العلوية-النصيرية، بهدف إغناء الثقافة و الفكر الإنساني بآراء وأفكار و تحليلات علمية رصينة وجديدة حول هذه المجموعة البشرية.
siladobra42,channel,Дыхание жизни,11,
healthband,channel,HEALTHBAND,428,ry-2359364686010783460
tapasyoga,channel,НАУЧНАЯ ЙОГА,789,
mcorthotherapi,channel,ОРТОТЕРАПИЯ. МЕДИЦИНСКИЙ ЦЕНТР.,25,"Медицинский центр ""ОРТОТЕРАПИЯ""  Телефон: +7 (812) 317-10-10  Сайт: mcorthotherapy.ru  Адрес: Спб., ст. м. «Электросила»  ул. Варшавская д. 6, корп. 1 «А» помещение 9-H  График: 10:00-22:00"
semmyx2010,channel,semmyx,3865,
bavargroup,group,باور | Belief,671,✨ من همانم که با باور ، معجزه می آفرینم ✨ مباحث گروه 👇 1 - قانون جذب و کارما  2 - بیوکنزی و سابلیمینال 3 - خودهیپنوتیزم 4 - ماهیت روح و عرفان  کانال : @BavarChannel66
cammileworld,channel,Cammile World,75,"O melhor canal de notícias sobre a estrela britânica, Cammile 💖  ✨ Conheça também ↓ - @CwayBeauty - @Innersound"
sashley_uwu,channel,Sashley💕💞,51,( >﹏<)/
soonysydraws,channel,суни рисует (иногда),113,это мой тгк по рисуночекам + разговорчикам  мой тамблер с кучей артов: https://www.tumblr.com/soonysy
omnioncf,channel,OmnionSMP | Confession,42,
sne_ger,channel,Снегирь,81,"То, что я люблю  Личный профиль @timosha_youla  VK https://vk.com/club233287124"
chan3lfic,channel,Chanel | Шанель,56,
shmel_artist,channel,˖⁠♡shmel artist˖⁠♡,41,инст: shmel_artist_ ТТ: Leshmel_ Артики на заказ: @kotienochek 💗💗💗
metaspacebabies,group,Meta Space Babies NFT,178,Pre-sale MINT April 2nd! Time TBA Over 25k on Discord. Join now 👇🏼 https://discord.gg/MetaSpaceBabies
hdsvnalichi,group,HDS_vnalichii🤗,98,
koodak_today,channel,فروشگاه اینترنتی کودک امروز | Koodak.Today,106,فروش سیسمونی نوزاد و ملزومات مادر و کودک  شماره تماس: 02156367501 09370912220
girlyjoys,channel,Girly joys,120,
z6iql,channel,𝐙 .,76,غالبًا كل ماتجده هُنا يعبر عن شعور بداخِلي    🪞🩺 🕯🦢 🎀   @Mddcdc926ff237BOT
akhtargooyiketab,channel,📖کتابخانه اخترگویی📚,462,اینجا هم کتاب های صوتی رایگان براتون میزارم  هم پی دی اف کتاب ها  هم تهیه کتاب های که دوست دارید لینک یوتیوب : https://youtube.com/@akhtargooyi
xojaxayron_aksiya_shop,group,XÕJAHAYRON AKSIYA SHOP,1101,
sitokovenko,channel,Токовенко Светлана Депутат АГО,248,"https://t.me/+ddAtAEaRlHU3MjQ6 ссылка на канал женского клуба ""Есть счастье"""
wujklq,channel,рест 浮世 wujwśx | 🦢,120,心臓を捧げよ
sedninakprf,channel,Серафима Седнина,126,"Канал комсомолки с активной гражданской позицией, члена КПРФ, члена САФ и фотографа:)"
akulabet29,group,КАППЕР СТАВКА,98,Мурожат учун:@tulkina86  ГРУППАГА УЛАНИНГ БИРГАЛИКДА ФОЙДАГА ЧИКИНГ   МЕЛБЕТ РУЙХАТДАН УТИШ  https://tracker.partnersmelbet.ru/link?btag=86313669_387963
lepeshkinadd,channel,Наталья Лепешкина,196,
tichanova,channel,Тиханова Альбина Викторовна,134,https://vk.com/tikhanovaalbinа       https://m.ok.ru/dk?st.cmd=friendMain&st.friendId=551020553217&_prevCmd=userEvents&tkn=4927
temnikovasofia,channel,ТЕМНИКОВА,44,"Депутат Молодежного Парламента ДНР четвертого созыва, руководитель Пресс-службы.  Председатель Политологического клуба «Полис»"
podpishisspzh,channel,variavrm˚✧₊,68,
umu_meryem_bint_ahmed,channel,🌷ﺃﻫﻞُ ﺍﻟﺴﻌﺎﺩﺓِ ﻫُﻢ أﻫﻞُ ﺍﻟﺘﻮحيد🌷,7594,ይህ ቻናል ቁርኣንና  ሀድስን፣  [በሰለፎች አረዳድ] እንዲሁም  የሰለፎች ንግግርና ምክሮችን እና የታማኝ የሱና ዑለማዎች  አስተምሮቶች ፈታዋወች ሙሐደራዎች የሚለቀቅበት ቻናል ነው።        ይ     ቀ   ላ    ቀ ሉ 👇👇👇👇👇👇👇👇👇👇
psixolognumerologsemt,channel,PROсто-ЖИТЬ/с Татьяной Семеновой,207,"✨О жизни, о духовности, о саморазвитии, об отношениях, любви и мн.др👌 Я ПРОсто - женщина-Творец!  Пригласительная ссылка https://t.me/+pEdIe6Vr8IJkYTdi"
fahmi_rahmet1,channel,ቅብርጥሴ,75,"This channel exists for no reason. A place for useless poems, wandering thoughts, and the occasional once-in-a-decade software revelation."
dreamer_oksana,channel,Оксана Мечтатель,44,Член совета Рассвет.Москва @pp_rassvet_moskva
vmitko,channel,Вика Митьковская,956,"Тысячи постов, которые пробуждают тело, душу и выбор быть собой. GB  pr @vmitkovskaya"
half_true,channel,половина правды,119,
herjourneyyy,channel,Her journey 👩‍💻,141,Where a girl which you don't even know shares her path and challenges and her shinanigens
theothersideofthelawyer,channel,The other side of the lawyer,75,Lifestyle blog. Поделюсь мыслями и идеями. Будет много букв не о работе и о ней любимой
lifeaccosoft,channel,life accosoft,58,
she_inmotion,channel,she.in_motion,27,"Моноколесо.🛞Я. И куча историй, которые никто не заказывал. Пытаюсь просто кататься - получается сериал📹"
interactive_stories,channel,Интерактивные истории 📚,19,"Вы выбираете вариант развития истории, а мы пишем её продолжение!  Второй канал: @whois_on_top Все вопросы: @viki_black"
linden_stories,channel,Липовые истории,3435,"Привет! Нас зовут Сергей и Марина. Почему наши истории липовые? Всё просто! Мы живём в самом липовом городе России, в городе Липецк. Отсюда начинаются все наши дороги и сюда мы каждый раз возвращаемся.  https://vk.com/club211855069"
tellshorttales,channel,Tales (short stories collection),320,Read collections of short stories in various genre and styles. Visit @storypostboxbot to have your story posted here
memespervie,channel,МЕМЫ ПЕРВЫХ,6822,ПЕРВЫЕ в юморе! И не только 😎 По вопросам сотрудничества: @MemPervikh Для отправки своего мема: @MemesPervye_bot
pelmem_chat,group,Поиск мема,689,Чат канала @pelmems_reels Как найти нужный мем? Пишите если нужна помощь в поиске того самого мема 😊
kuzbasswag,channel,kuzbasswag,1247,стабильные 1-2 мема в день(когда-то) бустер: https://t.me/boost/kuzbasswag для связи и по вопросам рекламы: http://t.me/KuzbasswagBot
dailymemelong,channel,Лонглист мема дня,802,"Сюда кидаю всё что понравилось, лучшее по мнению меня (и подписчиков, если будут) попадёт в @dayofmeme Бояны будут, если на них наткнусь и мне понравится, я предупредил.  админу на новый скролл: https://pay.cloudtips.ru/p/90f1079b"
saksamemkma,channel,𝔖𝔞𝔰𝔠𝔥𝔞 · Мемы,183,"Мемасная копилка, визуальный мем-ежедневник, групповая рассылка мемов, для меня и моих корешков: хи-хи, ха-ха, but most importantly — хе-хе 😈  Скам-ссылка: https://t.me/boost/saksamemkma  Музыкальный: https://t.me/saksamuksa"
olyab_and_humor,channel,Оля б. нервно шутит,433,мне это смешно! не осуждайте!  @olya_b_and   .ставим 🤷 для запроса перевода мема лучшие: #нуотличноже
random_twitter_x_dot_com,channel,рандомный твиттер икс точка ком,178,Хихикнул с мема в твиттере - скинул сюда
scarling4,channel,Мөлдір жүректер сұр гүлдер,105,True and only tomato princess.
scarsvirt,channel,Scars,125,goal 1к Design by @STUDRONYA
scarr_69f,channel,scarr 69f [deadрест],203,(Yeah haha let's avoid cannibalism for now) щп: https://t.me/meowphineee  ЛС: @meoww_mqktz
scarfilms,channel,SCARABEY - SCARFILM,438,
scarethem,channel,УбьюАнгела)),299,@trichophagia вп 200+
scarinfy,channel,ген. директор пельменей,152,"the concept of yanagi walking to Starbucks to get her red bean bun flavored golden labubu Dubai chocolate matcha while listening to golden, anxiety remix while animatronics chase her for her dl trade crumbl cookie at the khia asylum"
sharrlll,channel,🐦‍🔥 𝕽ᏆᎧᎢᏫᏌᏚ 𝕽ᏋᎠ 🏳‍🌈「ᴛᴠʟ ᴇʀᴀ」,181,🌋𝘚𝘩𝘢𝘳𝘭𝘪𝘦 𝘴𝘩𝘢𝘳𝘦𝘴 𝘴𝘩𝘰𝘶𝘵𝘴 ^^ ⋆⁠♪ 💫 𝘛𝘩𝘦𝘺/𝘏𝘦 - 𝘈𝘳𝘪𝘦𝘴 - 𝘐𝘕𝘟𝘑 ✯🎓 🎸 𝘐𝘯 𝘮𝘺 𝘝𝘢𝘮𝘱𝘪𝘳𝘦 𝘓𝘦𝘴𝘵𝘢𝘵 𝘦𝘳𝘢   𝘊𝘦𝘳𝘵𝘪𝘧𝘪𝘦𝘥 𝘋𝘰𝘰𝘮𝘦𝘥 𝘠𝘢𝘰𝘪 𝘠𝘢𝘱𝘱𝘦𝘳🎖 میو؟ @Sharline_bot
scarleodn,channel,Scarleodn,250,!!мульти фд!!   Навигация — https://t.me/scarleodn/11225 Фикрайтер| пишу драбблы основа - фанфики Юз влд - @msqqqjss
scarlethous,channel,Scarlett house,184,23 y.r Anons : @MARIASCBOT Shop : https://t.me/+hR_5dDSJZEJkN2I0
scarminec,channel,Канал,147,"Влд: @Sivelove менеджер: @fork1ll Мой канал, тут много интересного и будет конкурсы.! Обязательно участвуйте💖 и не забудьте подписаться на чатик.! https://t.me/sCaRMN"
scarrecrowvv,channel,Scarrecroww #737squad,138,МОЁ лс - @w_scarecrow_w я не скарекрофь
lazer0q,channel,#scl|Mr.DC¡,76,🫩
scarfee,channel,🌈🌈🌈,48,привет я рисую  Инфо: @rainbowsinf0 🌈🍖
scarutgk,channel,Scaru.exe,61,"Олег Ибала — иногда играю хорошо, иногда просто Dummy. Стримы, хаос и немного скилла.  🏆Boost канала: https://t.me/boost/Dummy_Scaru 📸Twitch: https://www.twitch.tv/dummy_scaru ✨Boosty: https://boosty.to/scaru"
newtgkslav1ka,channel,Slav1kGames tgk 🩵,29,"Буду тут что то Делать, раз основы не будет 😔"
slishkommolod01,channel,slishkommolod,79,my main occupation finess money💷 оферы: @givemetrap67
lorapalmeer,channel,lora palmer,16,♰делаем эту истрию♰  sk - https://soundcloud.com/lorapalmerr  #ск #sk
scaroffc,channel,💿 Скэриэл постит | rest,42,"ПРИВЕТ КРОШКА Я СЕРГЕЙ РАЗУМОВСКИЙ ГЕНИЙ МИЛЛИАРДЕР ПЛЕЙБОЙ И МИЗАНТРОП НИКАК НЕ МОГУ ОТОРВАТЬСЯ ОТ ВАЖНЫХ ДЕЛ..НО РАДИ ТЕБЯ,ГОТОВ НА ВСЁ) @scaroffche"
wxlls500,channel,Wxlls,14150,Wxlls ❤️
mostel2025,channel,mostel28,170,
lina_lossenedhel,channel,джейс усталис (𝑇𝑎𝑦𝑙𝑜𝑟'𝑠 𝑣𝑒𝑟𝑠𝑖𝑜𝑛),20,"я – это то, почему так хочется прикосновений хотя бы по памяти, / я – это то, почему все люди при виде меня разбегаются–"
renssle,channel,流星 ' may 🪽,61,
partsmoscow,channel,P•A•R•T•S,458,"P•A•R•T•S - бренд женской одежды и аксессуаров.  Акцент на ткани и пошив, ведь каждое созданное изделие — дом, в котором живет ваше тело❤️   Милютинский переулок,19/4с1  Примерки по предварительной записи +7 (905) 741-08-26 WA Наш сайт parts1122.com"
viva_cotton,channel,Футболки 👕и бейсболки 🧢,124,Торговый Дом Вива коттон  Производим и подаём трикотажные изделия   Наш сайт: www.vivacotton.ru  Узнать актуальные цены или остатки пишите @vivacotton_bot  Тел.: +7 495 517 1432
beletagstore,channel,БЕЛЬЕТАЖ,176,"Сеть магазинов Бельетаж - это магазины женской, мужской и детской одежды и белья.  Более 20 лет работы.  Официальный сайт https://cleverwear.ru  🔥МЫ НЕ ПРИНИМАЕМ ЗАКАЗЫ В ЛИЧНЫЕ СООБЩЕНИЯ!"
warga_spb,channel,Warga СПб,137,"Оригинальная тактическая экипировка в наличии | Магазин в Санкт-Петербурге  Санкт-Петербург, Большая Московская ул., 1-3 +7(966)923-11-11  Сайт - https://warga.ru  YouTube - https://youtube.com/@warga_military  Связь - @Warga_St_Petersburg"
contur_centr,channel,КОНТУР-ЦЕНТР,51,📞 Телефон: +7(495)933-73-25 🌐 https://contur-centr.ru/ 📩 E-mail: contur-centr@ya.ru 🟢 WhatsApp: +79652469063
trumpsupporterss,channel,Trump Supporters [],158,
savingamericanow,channel,Digital Warriors🇺🇸,335,The plan to save America with the truth
tilawat710,channel,نسيم الشهداء,97,جُند القرآن طليعة الفُرسان  https://t.me/khanyunis710
by_casusvelli,channel,Христианская эстетика и мемы,8,
vporyadke_team,channel,ВПОРЯДКЕ / VPR team,1686,"Официальный канал ""Впорядке""  Наши соц.сети:  YouTube - https://youtube.com/@vporyadkekz Instagram - https://www.instagram.com/vporyadke.team TikTok - https://www.tiktok.com/@vporyadke.team"
fc_bomik,channel,"Футбольный клуб ""БоМиК""",701,
feetinyourface,channel,🦶 Feet🦶Lovers 🦶,7611,
isekai_foot_soles,channel,👣 Feet Soles 🔞 Anime 🐾,8467,🇬🇧🇺🇸 Anime Girls' Feet Soles 🇯🇵🇺🇳 二次元女の子の足裏 🇭🇰🇹🇼 動漫女生的腳掌  🎨🦶🏻 for 🌎🌍🌏 #足フェチホイホイ  🥢➰ help yourself to some soles 😋  🍣🍱 Channel: @isekai_foot_soles 🥞🍰 Group: @feet_soles_babe 💕 𝔸𝕝𝕝 𝕗𝕖𝕖𝕥 𝕕𝕖𝕤𝕖𝕣𝕧𝕖 𝕘𝕣𝕖𝕒𝕥 𝕝𝕠𝕧𝕖 💕 友
cutefeetpics,channel,Feet Lovers ❤️❤️,8984,
mmfoot_channel,channel,美足-美腿-裸足-丝袜-网袜|美眉美足网|@mmfoot_com,2833,美足、美腿、裸足、丝袜、网袜 裸足玉趾、柔嫩脚底、肉丝网袜—给你无限遐想，让你无法抗拒！ https://t.me/mmfoot_com
feettasty,channel,ножки,1768,"👇🏻Прислать ножки, связаться: @feettasty_bot  👉🏻Мемы: @feetmeme  Foot fetish сlub🦶🏻"
foot_pedicure,channel,"Pedicure, Manicure",418,
worldofeet,channel,Feet World #УкрТґ,356,"Foot-Fetish, socks, boots, trampling. Everything around feet. Все про ніжки"
arvinilbeigi,channel,بر کرانه,124,Arvin Ilbeigi's Channel
runwithkit,group,Дринкит Ранниг Клаб,196,
phottrash,channel,Треш,32,Жизнь гнома нефора
krisfeet,channel,KrisFeet ama i miei piedini,112,Canale piedini sexy
wrldofecstvsy,channel,Fvcking XanaXz🕊🥤,46,Live 𝐕lone Die 𝐕lone http://t.me/HidenChat_Bot?start=1045426554
rezayat_arghavan_shoess,channel,رضایت و واریزی ارغوان,22,
cospritonbazar,group,Коспритон базар,36,
alice_valley,channel,🏕️Тихая полянка✏️,26,Привет!🍂
cherdak_vafli,channel,🍂Чердак домовенка Кузи 🍃,26,Здравствуйте. :_  𝙰𝚍𝚖𝚒𝚗𝚜: @kaedeharasksw (Айван) @latmyy (Латми) @JiangKenan (Іриска)  Нахуя? Так надо.
unfunnylegchat,group,Дневник ноги Chat,24,Болталка для моего канала
skechers_qeshm_esf,channel,👟SKECHERS👟,3,اسکیچرز ویتنامی ارسال از منطه ازاد قشم تحویل وپرداخت درب منزل(برای اصفهان)😍 زیره memory fom   Air cooled  09138757027   @Alizamany1998
otzav_lig_shop1,channel,ОТЗЫВЫ lig_shop1,6,ОТЗЫВЫ✅✅✅ ПО ВОПРОСОМ:@lig_shop1
bcecc,channel,ec,3,ia
roo1ted_anon_bot,bot,анонимно.exe,,"привет, сюда ты можешь написать мне анонимное сообщение"
valreads,channel,𝐕𝐀𝐋𝐑𝐄𝐀𝐃𝐒 🫧📚,975,"Розповідаю про маловідомі книги, які точно стануть твоїми улюбленими 🤭  І трошки графічного дизайну 🎀  Вішлист: https://rewish.io/wc4CAA"
notkkatrine,channel,kkэтрин🐱,7848,inst : kkatrine_   по вопросам рекламы и сотрудничества: https://www.instagram.com/kkatrine.coop?igsh=dHczdjBrMThiajEx
kalbad1,channel,کالبَد معلق,574,هنوزکال،گاهی بَد واغلب معلّقم روزمرگی‌های یک نیمچه مدیر محصول؛ کتابها، فیلم‌ها، مقالات،دیده ها و یافته‌هاش
thesmallestkevin,channel,Life of Littlest Kevin,119,Kevin ( INTP-A ) ☘️💛🤍💜🖤☘️  * 😛 Just a small silly person dilly dallying 😛*  ( Non-binary / demi-aromantic / demi-sexual ) (She/He/them)  Unknown : t.me/HidenChat_Bot?start=974907988
yournotthisusertype,channel,Careless Whisper شعبه ۲,1325,ادب در گرانیست؛ به هرکس ندهند فلذا ورود مادرجنده ممنوع     تاکشیت: http://t.me/HidenChat_Bot?start=603738330
ruzzkaia_vesna,channel,РуZZкая Vесна 2.0,133,Оперативная и достоверная информация о событиях пост-однополярного мира
wtfmedia,channel,Дновости,6,
newlightchild0,channel,Хроники NEWLIGHTCHILD’a,4635,Насчет рекламы и других вопросов писать - @themonaco55  https://t.me/newlightchild  https://instagram.com/newlightchild  https://vk.com/newlightchild  https://on.soundcloud.com/nCY9zrRx5ZhrNYE57
wordexgift,channel,SHMOTKA_SHOP2,738,
phlamingo_design,channel,PHLAMINGO,900,"По заказам: @t_phla 🌐 vk.com/phlamingo 🌐 instagram.com/phlamihgo 🆕 Магазин готовых обложек: @phlamingo_store  Credits: Скриптонит, OG Buda, MAYOT, BUSHIDO ZHO, FRIENDLY THUG 52 NGG, NEWLIGHTCHILD, ROCKET, ALBLAK 52, SEEMEE, LILDRUGHILL и др."
newlightelectric,channel,پخش عمده لوازم الکتریکی (نیولایت),180,پخش عمده انواع لوازم الکتریکی به سراسر کشور ارسال توسط باربری، پست و تیپاکس آدرس: قم، میدان امام خمینی (ره)، پخش نیولایت   http://newlight.blogfa.com  آیدی و شماره ادمین جهت استعلام موجودی بار: آیدی ادمین: @M64_60 شماره تماس: 09338145395 احمدی
newlightchfan,channel,newlightchfan🫪,121,https://www.instagram.com/newlightchfan?igsh=bXIyeDJidnIydWJv&utm_source=qr инст
st1llyoungone,channel,СВЭГБЮРО,43,ОТБРОСОВ ТУТ НЕТ
bitchiamsex,channel,№79,104,не знала... познала 💯🔥 гламурная ⭐ лс: @fffddh7 inst: @aannahard
newslightbr,channel,ʟɪɢʜᴛ ɴᴇᴡꜱ,44,Официальный новостник от Лайта. Сотрудничество - @swezvx Предложка - @predlozkalaita_bot
newlig16,channel,newligg,34,https://www.tiktok.com/@newlig1?_r=1&_t=ZN-95N09C5dNag
newlightstyle,channel,SINO-TRADE,31,Интернет магазин дизайнерского освещения и мебели
maisoneclats,channel,ℳaison Èclat.,21,ℳaison Èclat.  𖤝 ۫ Channel : @Maisoneclats  𖤝 ۫ Bot ofc : @maisoneclatrobot  𖤝 ۫ Partnership : @maisonpartne  𖤝 ۫ Archive : @Eclatarchives  𖤝 ۫ Gram : @gramsmaison · 𝜗ৎ ݁ ꒱ part of Ryth Labels          ⟨@RYTHLABELSOFC⟩ since : 02.18.26
mytechworldd,channel,🥷🏿M,26,✌🏼
scarlet_works,channel,Кодер StandWeyz1,30,
kimrightt,channel,🫧 ƙỉꪑ,31,SWITH | WAV | EVOL | HAART -
slayland,channel,слэйляндия,27,
orivium,channel,Orivium | Announcement,883,https://orivium.io/
orgonspace,channel,ORGON.SPACE - Многофункциональный блокчейн,428,Канал с новостями блокчейна Orgon. Сайт: https://orgon.space Сканер: https://orgonscan.org Сканер тестовой сети: https://quasar.orgonscan.org VK: https://vk.com/orgonspace
orcakoreaann,channel,Orca Korea 🇰🇷 공지 채널 [ann],35,
re7ab_alquran,channel,۝ فِي رِحَابِ القُرْآنِ ۝,114,"- 𝒘𝒆𝒍𝒄𝒐𝒎𝒆 𝒕𝒐 𝒎𝒚 𝒄𝒉𝒂𝒏𝒏𝒆𝒍 ° ❣️  - رسائل إيمانية تلامس القلوب، وتلاوات تأخذنا ""في رحاب القرآن"". لنرتوي من فيضِ الإيمان ونهتدي بنور الوحي. ❤️  ╔═══✯══════✯════╗  ║   Owner   : 【 @Q_A0_0 】 ."
hmod_9_92d,channel,للــغـرُأب🐦‍⬛,196,(الغربان لا تنسى من خانها )(إذاً هل انا غراب….؟)
trabls12,channel,🎩مملكةMفخامة🎩,24,عشق المكرونة
oreh_rf,group,ОРЕХИ СУХОФРУКТЫ,348,"🚫 Запрещено: объявления не по тематике, посты не на русском языке, ссылки и мат!"
artek_oren,group,Общение артек Оренбургской области все смены,133,группа для детей!!!
orlyonoklife,channel,Орленок Life,526,Здесь мы делимся о жизни лагеря ❤️
helphuskynsk,group,Чат help_husky_nsk,1171,
dussk16,channel,Dusk 16+,1453,"какой-то чел показывает свои порисульки. тут часто картинки выходят, можно и заглянуть наверн  группа в вк - https://vk.com/club195989357  to-do list - https://ru.yougile.com/board/w2ijq39ax2q6  бусти - https://boosty.to/vlada_dusk2033"
vvvverbbbb,channel,juzgun,114,вот здесь мы общаемся      https://t.me/+RTStdJACfuBmZWVi  https://t.me/boost/VvVverbBbB
artpetforyou,channel,ANIMAVALYA |ХВОСТАТЫЙ АРТ,127,"Всем привет 👋  Меня зовут Валентина. Я художник|анималист  Рисую Ваших хвостиков на заказ, а еще для души, выставок и приютов 🤍 СДЕЛАТЬ ЗАКАЗ: https://t.me/valentinaturner"
vallsh18,channel,VS_pp_poopoo,112,Вот вы шалунишки 👁️👁️
viskasa_hram,channel,ViskasChan [18+],43,
chumba1488,channel,Чумба,97,tt: @gaz_plita
chuvevava,channel,чумева рисует,88,"Хаюшки, я художница/переводчица, рада видеть вас здесь."
humanghumanbeachhhhhh,channel,(ПЕРЕЕЗД) Почтовый ящик человека Г человека,20,"Инспектор жележка мой главный бро , он будет заменять меня на акке"
luckyblocksupport,group,LB SG,28,
vzaimka595,group,Взаимная подписка | Пиар | Реакции | Ролки | SkrudzhCoin,23,
sajsc,channel,ععالم الـ๋͜‏ـســنــ๋͜‏ـٱفـ๋͜‏ـڕ 💛🔓,38,قًنَاةِ شهگة عشگ😻🖖🏻 اشعار❤️ رمزيات😘 ┇ ❉ اضحكڪﯛ قبل آن تسقطَ اسنأنڪ۾😹💜🖤
wineerrs,channel,داگ استایل,32,
gunor228,channel,Бензопила Husqvarna 120 Mark II,22,ґурняґо!!  вони/їх dm @gurniago колаби/комішки ТАК!!!  tt https://www.tiktok.com/@gurniago?_r=1&_t=ZS-96hyQw3icxY  inst https://www.instagram.com/gurniago?igsh=ZnA5emwxZXRsZWli  yt https://youtube.com/@stibe228?si=oPaV2JpcaxJ  ‼️RUS/RUS SPEAKERS DNI
usagi_post,channel,Усаги!! 🌙,44,Щитпост канал автора манги «Сожги их всех» https://mangalib.me/ru/manga/233490--sozgi-ix-vsex?ui=4021122  Основной канал @bta_manga  По вопросам сотрудничества @carocrol
utochka89,channel,ПЕРЕЕЗД(ссылка в новый канал в закрепе),7,
cryingstusha,channel,Стюша и эмоциональные качели,25,Конченая истеричка бееее
vantyzz_z0,channel,Vantyzz,29,лс::@vantyzz_0
vishka_shishka,channel,Тётя Вишка Шишка,10,Мой анон  http://t.me/letsqbot?start=auf2h
halgvinwork_art,channel,Халгвин рисует смешнявки,22,Man i love frogs🐸
dogshitcesspit,channel,#waggers,6,tits and ass are way better than this why are you here
dispbbl,channel,coming soon..,12,
btcshibanew,group,Btcshiba,3,
resblasso,channel,резы инт чайнека,8,
woltcoin_io,group,🐺 WOLT old group🐺,2,
vaggi_roflsetka_bot,bot,Vaggi.♪,,
hhusband_bot,bot,HusBot,,
original_apelsin,channel,Студия подарков Апельсин,171,Подарки | Букеты Деликатесы из дичи Корпоративные подарки Доставка – Россия | Казань Интернет-магазин Работаем с 2016 | TM®  📲 +7 (927) 420-54-14 #даритеврадость Контакты:  https://originalapelsin.ru/contacts  Сайт:  https://originalapelsin.ru
irpin_bike,channel,Веломагазин Ірпінь Байк,21,"Ірпінь Байк - веломагазин та майстерня Ірпінь, Соборна 68 ВТ-СБ: 11:00-19:00 +380630622022 https://maps.app.goo.gl/9DYi2fjG54sG83Ec6 https://irpin.bike/ https://www.instagram.com/irpin.bike/"
agro18rf,channel,Агро-Альянс — производитель промышленного оборудования,13,"https://агро18.рф  Производитель промышленного оборудования для переработки молока и утилизации отходов. Крематоры, инсинераторы, снегоплавильные установки, танк-охладители молока, ванны длительной пастеризации, генераторы ледяной воды."
aluminstar,channel,"Алюминстар - Алюминиевое остекление: окна, двери, фасады",8,"Производство окон, дверей, фасадов из алюминия. Проектирование и реализация даже самых сложных решений под ключ.    Работаем с 2005 г. Собственный завод и автопарк. Шоурум: г. Москва, Варшавское шоссе 68к2 https://aluminstar.ru +7(495)150-44-44"
alumlit_bot,bot,Алюмлит,,Бот Алюмлит поможет связаться с менеджером и проконсультироваться по литью из алюминия и бронзы.
omleomaa,channel,أُم لأُمَّة 🌧️,1466,الأمومة.. 🌸 عِظمُ أجرها مِن عظم مَهامِها، وهي سدٌّ لكل الثغور!  إنشاء ولد صالح خير من عبادة ألف سنة كما قال السلف، وتربية بنت صالحة خيرٌ من ألف رجُل..  وإنَّ اللهَ إذا كلّفَ أعان! 🩷
boyvanova_officiall,channel,ДАВАЙ НА ТЫ | БОЙВАНОВА,265,"Канал без формальностей, общаемся только на ТЫ  Обо мне:  •Депутат-Липецкого областного Совета  •Основатель партии «Новые Люди» по Липецкой области  •Руководитель Благотворительного Фонда «БлагоТворю»"
korotaevatat,channel,KOROTAEVA,146,"Жизнь под пальмой🏝️ Островные декретные будни, рецепты, мои заметки.  https://t.me/korotaevateacher - здесь о работе."
mashhadinstitution,channel,مشهد,322,لأن كل بداية تبدأ بمشهد للتواصل معنا عبر منصة تليغرام _ 773015047
belle_corpo,channel,КРАСИВОЕ ТЕЛО массаж медведково,108,Услуги нашей студии: ✨эстетический массаж лица и тела ✨косметология ✨депиляция ✨перманентный макияж ✨Мастер-классы   Записаться в студию можно по ссылке  https://n1450933.yclients.com
stomatologymedar96,channel,Стоматология Мэдар Екатеринбург🦷,134,"📞+ 7 343 220-36-36 Екатеринбург Ул. Хохрякова, 75 Ул. Родонитовая, 4а  ry-6666793700795413315  Будьте с нами на связи 💫 Первыми узнавайте актуальные новости клиники, информацию о розыгрышах. Получайте рекомендации от наших врачей 📢"
vosmerka_yola,channel,Стоматологический центр «Восьмёрка»,17,"Мы создаем здоровые улыбки в нашем городе!  СЦ «Восьмёрка» - уютная клиника в Медведево. Наша команда - это опытные стоматологи, которые помогут решить любые ваши проблемы и подарят улыбку, с которой можно смело идти покорять мир!  📞 380-300  8-ka.ru"
rouyesh_66,channel,ارتش پرهیزگاران,397,‌‌امام خمینی (ره):🔴هیچ گاه با هیچ قدرتی سازش نکنید که یقین دارم نمی کنید.و هر کس در هر مقام که خیال سازش با شرق و غرب را داشت،بی محابا و بدون هیچ ملاحظه اورا از صفحه روزگار براندازید،که سازش با شرق و غرب خودباختگی است و خیانت به اسلام و مسلمین است.
saintri0,channel,Андрей Казаков,455,"ТГ-канал корреспондента Совинформбюро (РИА Новости) Андрея Казакова, военкора медиа-группы «Россия Сегодня»"
vartebas_writer,channel,VARTEBAS,37,
vikrrikk,channel,ВЫКРИК,18,"Авторский канал журналиста, кандидата политических наук, заслуженного пиарщика с многолетним опытом. ВЫсказывания, КРИтика, Комментарии  обо всём, что волнует автора."
revenge_back,channel,𝒓𝒆𝒗𝒆𝒏𝒈𝒆 🩸,12,
sersimisa,channel,Ser Sumisa,3391,Expresiones de Sumisión auténticas y reales.  Contenido Reciente:  http://www.sersumisa.com/
sersha_doma,channel,рест ✧𝚂𝚎𝚛𝚜𝚑𝚊✧,347,Тетя Серша рисует 😎  щп канал— @sersha_dom для связи— @cdec_obitaet_ded  коллабы— да реквесты— да трейды— да кмм— скоро интерактивы— да
serrshii,channel,переезд | где габе🥩,150,haaiii hii helloooo
sersha_dom,channel,~щп Серши~,19,основа — @sersha_doma
cheerfulskif,channel,Поместье Скифира,163,Цель: 200пдп  Nᴀʍᴇ: ᴄᴋиɸ (Sᴋif)  ᴩrivᴀᴛᴇ: @Sanchos_ya  ᴀnᴏnyʍᴏus: http://t.me/anonaskbot?start=anon_skifira  Disᴄᴏrd: https://discord.gg/gt84DkYGBe
senchfd_loves,channel,ϐ᷼ ᧃׄᧉ‌ห‌۫‌чִфׄᧁ‌𝆬 лִюׄᨢִฅ‌ƚ࣪.,95,О боже
selfharm_meet,channel,СХ знакомства | Переходник,43,"Это переходник, сам кф: https://t.me/+kNG_JEdY9xM3ZTIy"
hateinsechfd,channel,| В сенчфд НЕНАВИДЯТ 💢,93,Cr хедже на баннер На аву @risovashkeeasu
sharfphotos,channel,шарф фотос,64,хорошего дня
mrsergeyshakhov,channel,SERGEY SHAKHOV,26,
sersi_17_ser,channel,Sersi✨,27,My life and my arts✨✨✨
brosau_selharm,channel,Помощь с сх переходник,39,Тейк бот - @brosauSH_Bot
sers1n,channel,данил серсин.,18,подписаться.
cfsymrachnie,channel,info SÝMŘĀÇĦNĮĒ çønfēřençē,46,начало 12.05.26
sapphicshelf,channel,sapphic shelf ♡(.◜ω◝.),31,"sapphic shelf — канал с обзорами на медиа, где присутствуют упоминания сапфичных отношений (´ω｀*)🩶;;  админка: шуня🦭  по вопросам сотрудничества можно писать в лс канала!🫶🏻 вп удаляю через 24 часа с момента публикации⏰"
suerszak,channel,لُ عيَۆنْيَ👀,115,"لَن تَجدّني مُعَاتِبًا حتّى لَو كَانَ الصَمْتُ يَقْتُلني .   ""اللـه يعطينـا الصحـه والباقـي نشتـريـه..   #تبا لڪم #ولڪثرتڪم فانا #لحٱلـي #دولــة وسـوف #تحسبون لـي #ٱلــف حسـاب"
sharpbubblestm,channel,Острые пузырьки 🫧,430,
travelhabibi,channel,Кучерявый обзорщик,1336,"Ильхам — ваш кучерявый эксперт по красивому досугу. Знаю, где вкусно поесть, где сделать красивые фото, где расслабиться и что посмотреть на выходных.  Для связи @ilyamanafov"
redlineomh,channel,REDLINE OMH,39,
degusto_ok,channel,Вкусные кулинарные | Рецепты,36,"Коллекция простых и вкусных рецептов для быстрых закусок и изысканных ужинов  С подробными инструкциями,видео фото,с описанием Присоединяйтесь!  Вопросы :"
mffgcompany,channel,MFFG ©,59,MyFriendsFuckingGoats  📲:@sol1k_nolik TT:https://www.tiktok.com/@mffg164?_t=ZT-8unydkYOKlO&_r=1  2026📈
arizona_zteam_chat,channel,Z-Team adapter,22,
gub4a_feedback,channel,GUB4A STORE | FEEDBACK,16,👔АССОРТИМЕНТ:  https://t.me/GUB4AA  За интересующей вас информация писать: @gub4a
legenda_korol,channel,Фоточки от Легенды 👑,24,Нижний Новгород 🇷🇺 Легенда 💕👑 Фоточки 📸
apporrtunity,channel,born to be somebody,8,regi
cheflebedev,channel,"Foie gras, бл*ть",9,"Рецепты, закулисье, лайфстайл шеф-повара без инстаграмной глазури 🤘🏼"
pilpacompanysmack,channel,Pilpacompany(smack snack pop),3,(تنها کانال رسمی شرکت زرین روغن کیمیا با نام تجاری پیلپا در تلگرام)  پیلپا تولید کننده غلات حجیم شده به روش (اسمک-اسنک-پاپ) بر پایه گندم،ذرت و برنج و... می باشد .  «««««با ذائقه ایرانی برای هر سلیقه ارائه می گردد»»»»»    ارتباط با ما : @pilpacompany
ovkuseru_bot,bot,Поиск рецептов пошаговых с фото. Овкусе.ру,,Вдохновляйтесь готовить с помощью Телеграм-бота Наша группа @ovkuse_ru Каталог рецептов https://ovkuse.ru/catalog
reedkli1,channel,Вироби з очерету,783,"❗️Якщо не переходить з ТТ, нажми три крапки ••• і «Відкрити в браузері»  Мій Instagram 👇 https://www.instagram.com/reed_kli/"
realitybondar,channel,РЕАЛИТИ: лям с нуля на Reels-воронке,388,
resistance1_so2,channel,Resistance 1.0,52,
relite77,channel,Egor Dubrovsky,110,TikTok @sssaiga Канал с одеждой @DBRressale Связь @EmpyreanAngel
raillyy246,channel,ڕآيلي✾.,40,دي رآيلي، مش مثالية بس جوهرها صافي ✾.
reliw0,channel,iблiкi,30,Трейды  ✓        Коллабы  ✓
ruby_fones01,channel,𝙇𝙍_𝙁𝙤𝙣𝙚𝙨🫦,33,"Здраствуй зайчик  • Рада приветствовать тебя на канале)  • Тут будет 18+ маты,фоны и т.д  • Цель: 50🎯  • Тут про сп Елены Райтман)  • Здесь будет фоны,эдиты,видео(строго без отметки не брать)"
